a1,a2,a3,a4,a5,h1,h2,h3,h4,h5,period,time,team,etype,assist,away,block,entered,home,left,num,opponent,outof,player,points,possession,reason,result,steal,type,x,y
Dwyane Wade,Mario Chalmers,Michael Beasley,Shawn Marion,Udonis Haslem,Antawn Jamison,Caron Butler,DeShawn Stevenson,Etan Thomas,Juan Dixon,1,12:00,OFF,jump ball,,Udonis Haslem,,,Etan Thomas,,,,,,,DeShawn Stevenson,,,,,,
Dwyane Wade,Mario Chalmers,Michael Beasley,Shawn Marion,Udonis Haslem,Antawn Jamison,Caron Butler,DeShawn Stevenson,Etan Thomas,Juan Dixon,1,11:40,WAS,shot,Antawn Jamison,,,,,,,,,Etan Thomas,2,,,made,,layup,27,6
Dwyane Wade,Mario Chalmers,Michael Beasley,Shawn Marion,Udonis Haslem,Antawn Jamison,Caron Butler,DeShawn Stevenson,Etan Thomas,Juan Dixon,1,11:20,MIA,shot,Mario Chalmers,,,,,,,,,Udonis Haslem,2,,,made,,jump,33,22
Dwyane Wade,Mario Chalmers,Michael Beasley,Shawn Marion,Udonis Haslem,Antawn Jamison,Caron Butler,DeShawn Stevenson,Etan Thomas,Juan Dixon,1,11:02,WAS,shot,,,,,,,,,,Juan Dixon,,,,missed,,jump,13,10
Dwyane Wade,Mario Chalmers,Michael Beasley,Shawn Marion,Udonis Haslem,Antawn Jamison,Caron Butler,DeShawn Stevenson,Etan Thomas,Juan Dixon,1,11:01,MIA,rebound,,,,,,,,,,Shawn Marion,,,,,,def,,
Dwyane Wade,Mario Chalmers,Michael Beasley,Shawn Marion,Udonis Haslem,Antawn Jamison,Caron Butler,DeShawn Stevenson,Etan Thomas,Juan Dixon,1,10:50,MIA,shot,,,,,,,,,,Dwyane Wade,,,,missed,,jump,17,13
Dwyane Wade,Mario Chalmers,Michael Beasley,Shawn Marion,Udonis Haslem,Antawn Jamison,Caron Butler,DeShawn Stevenson,Etan Thomas,Juan Dixon,1,10:49,WAS,rebound,,,,,,,,,,Caron Butler,,,,,,def,,
Dwyane Wade,Mario Chalmers,Michael Beasley,Shawn Marion,Udonis Haslem,Antawn Jamison,Caron Butler,DeShawn Stevenson,Etan Thomas,Juan Dixon,1,10:38,WAS,shot,,,,,,,,,,Etan Thomas,,,,missed,,layup,25,6
Dwyane Wade,Mario Chalmers,Michael Beasley,Shawn Marion,Udonis Haslem,Antawn Jamison,Caron Butler,DeShawn Stevenson,Etan Thomas,Juan Dixon,1,10:36,MIA,rebound,,,,,,,,,,Michael Beasley,,,,,,def,,
Dwyane Wade,Mario Chalmers,Michael Beasley,Shawn Marion,Udonis Haslem,Antawn Jamison,Caron Butler,DeShawn Stevenson,Etan Thomas,Juan Dixon,1,10:14,MIA,shot,,,,,,,,,,Mario Chalmers,,,,missed,,3pt,11,29
Dwyane Wade,Mario Chalmers,Michael Beasley,Shawn Marion,Udonis Haslem,Antawn Jamison,Caron Butler,DeShawn Stevenson,Etan Thomas,Juan Dixon,1,10:12,WAS,rebound,,,,,,,,,,DeShawn Stevenson,,,,,,def,,
Dwyane Wade,Mario Chalmers,Michael Beasley,Shawn Marion,Udonis Haslem,Antawn Jamison,Caron Butler,DeShawn Stevenson,Etan Thomas,Juan Dixon,1,9:59,WAS,shot,,,Shawn Marion,,,,,,,Juan Dixon,,,,missed,,layup,26,6
Dwyane Wade,Mario Chalmers,Michael Beasley,Shawn Marion,Udonis Haslem,Antawn Jamison,Caron Butler,DeShawn Stevenson,Etan Thomas,Juan Dixon,1,9:57,MIA,rebound,,,,,,,,,,Udonis Haslem,,,,,,def,,
Dwyane Wade,Mario Chalmers,Michael Beasley,Shawn Marion,Udonis Haslem,Antawn Jamison,Caron Butler,DeShawn Stevenson,Etan Thomas,Juan Dixon,1,9:47,MIA,shot,Shawn Marion,,,,,,,,,Dwyane Wade,2,,,made,,layup,25,7
Dwyane Wade,Mario Chalmers,Michael Beasley,Shawn Marion,Udonis Haslem,Antawn Jamison,Caron Butler,DeShawn Stevenson,Etan Thomas,Juan Dixon,1,9:24,WAS,shot,,,,,,,,,,DeShawn Stevenson,,,,missed,,jump,24,16
Dwyane Wade,Mario Chalmers,Michael Beasley,Shawn Marion,Udonis Haslem,Antawn Jamison,Caron Butler,DeShawn Stevenson,Etan Thomas,Juan Dixon,1,9:23,MIA,rebound,,,,,,,,,,Udonis Haslem,,,,,,def,,
Dwyane Wade,Mario Chalmers,Michael Beasley,Shawn Marion,Udonis Haslem,Antawn Jamison,Caron Butler,DeShawn Stevenson,Etan Thomas,Juan Dixon,1,9:18,MIA,shot,Udonis Haslem,,,,,,,,,Shawn Marion,2,,,made,,jump,14,15
Dwyane Wade,Mario Chalmers,Michael Beasley,Shawn Marion,Udonis Haslem,Antawn Jamison,Caron Butler,DeShawn Stevenson,Etan Thomas,Juan Dixon,1,9:03,WAS,shot,,,,,,,,,,Antawn Jamison,,,,missed,,jump,19,8
Dwyane Wade,Mario Chalmers,Michael Beasley,Shawn Marion,Udonis Haslem,Antawn Jamison,Caron Butler,DeShawn Stevenson,Etan Thomas,Juan Dixon,1,9:02,MIA,rebound,,,,,,,,,,Dwyane Wade,,,,,,def,,
Dwyane Wade,Mario Chalmers,Michael Beasley,Shawn Marion,Udonis Haslem,Antawn Jamison,Caron Butler,DeShawn Stevenson,Etan Thomas,Juan Dixon,1,8:52,MIA,shot,Udonis Haslem,,,,,,,,,Shawn Marion,2,,,made,,jump,23,24
Dwyane Wade,Mario Chalmers,Michael Beasley,Shawn Marion,Udonis Haslem,Antawn Jamison,Caron Butler,DeShawn Stevenson,Etan Thomas,Juan Dixon,1,8:31,WAS,shot,,,,,,,,,,Antawn Jamison,,,,missed,,jump,15,25
Dwyane Wade,Mario Chalmers,Michael Beasley,Shawn Marion,Udonis Haslem,Antawn Jamison,Caron Butler,DeShawn Stevenson,Etan Thomas,Juan Dixon,1,8:29,MIA,rebound,,,,,,,,,,Mario Chalmers,,,,,,def,,
Dwyane Wade,Mario Chalmers,Michael Beasley,Shawn Marion,Udonis Haslem,Antawn Jamison,Caron Butler,DeShawn Stevenson,Etan Thomas,Juan Dixon,1,8:05,MIA,shot,Shawn Marion,,,,,,,,,Udonis Haslem,2,,,made,,jump,39,9
Dwyane Wade,Mario Chalmers,Michael Beasley,Shawn Marion,Udonis Haslem,Antawn Jamison,Caron Butler,DeShawn Stevenson,Etan Thomas,Juan Dixon,1,8:00,WAS,timeout,,,,,,,,,,,,,,,,regular,,
Dwyane Wade,Mario Chalmers,Michael Beasley,Shawn Marion,Udonis Haslem,Antawn Jamison,Caron Butler,DeShawn Stevenson,Etan Thomas,Juan Dixon,1,7:52,WAS,turnover,,,,,,,,,,Caron Butler,,,lost ball,,Shawn Marion,,,
Dwyane Wade,Mario Chalmers,Michael Beasley,Shawn Marion,Udonis Haslem,Antawn Jamison,Caron Butler,DeShawn Stevenson,Etan Thomas,Juan Dixon,1,7:44,MIA,shot,,,,,,,,,,Shawn Marion,,,,missed,,jump,31,9
Dwyane Wade,Mario Chalmers,Michael Beasley,Shawn Marion,Udonis Haslem,Antawn Jamison,Caron Butler,DeShawn Stevenson,Etan Thomas,Juan Dixon,1,7:43,WAS,rebound,,,,,,,,,,Caron Butler,,,,,,def,,
Dwyane Wade,Mario Chalmers,Michael Beasley,Shawn Marion,Udonis Haslem,Antawn Jamison,Caron Butler,DeShawn Stevenson,Etan Thomas,Juan Dixon,1,7:40,MIA,foul,,,,,,,,DeShawn Stevenson,,Mario Chalmers,,,,,,shooting,,
Dwyane Wade,Mario Chalmers,Michael Beasley,Shawn Marion,Udonis Haslem,Antawn Jamison,Caron Butler,DeShawn Stevenson,Etan Thomas,Juan Dixon,1,7:40,WAS,free throw,,,,,,,1,,2,DeShawn Stevenson,,,foul,missed,,,,
Dwyane Wade,Mario Chalmers,Michael Beasley,Shawn Marion,Udonis Haslem,Antawn Jamison,Caron Butler,DeShawn Stevenson,Etan Thomas,Juan Dixon,1,7:40,WAS,rebound,,,,,,,,,,,,,,,,,,
Dwyane Wade,Mario Chalmers,Michael Beasley,Shawn Marion,Udonis Haslem,Antawn Jamison,Caron Butler,DeShawn Stevenson,Etan Thomas,Juan Dixon,1,7:40,WAS,free throw,,,,,,,2,,2,DeShawn Stevenson,,,foul,made,,,,
Dwyane Wade,Mario Chalmers,Michael Beasley,Shawn Marion,Udonis Haslem,Antawn Jamison,Caron Butler,DeShawn Stevenson,Etan Thomas,Juan Dixon,1,7:36,WAS,foul,,,,,,,,Mario Chalmers,,Juan Dixon,,,,,,personal,,
Dwyane Wade,Mario Chalmers,Michael Beasley,Shawn Marion,Udonis Haslem,Antawn Jamison,Caron Butler,DeShawn Stevenson,Etan Thomas,Juan Dixon,1,7:23,MIA,shot,,,,,,,,,,Shawn Marion,,,,missed,,jump,24,15
Dwyane Wade,Mario Chalmers,Michael Beasley,Shawn Marion,Udonis Haslem,Antawn Jamison,Caron Butler,DeShawn Stevenson,Etan Thomas,Juan Dixon,1,7:22,WAS,rebound,,,,,,,,,,Antawn Jamison,,,,,,def,,
Dwyane Wade,Mario Chalmers,Michael Beasley,Shawn Marion,Udonis Haslem,Antawn Jamison,Caron Butler,DeShawn Stevenson,Etan Thomas,Juan Dixon,1,7:15,MIA,foul,,,,,,,,Caron Butler,,Udonis Haslem,,,,,,shooting,,
Dwyane Wade,Mario Chalmers,Michael Beasley,Shawn Marion,Udonis Haslem,Antawn Jamison,Caron Butler,DeShawn Stevenson,Etan Thomas,Juan Dixon,1,7:15,WAS,free throw,,,,,,,1,,2,Caron Butler,,,foul,made,,,,
Dwyane Wade,Mario Chalmers,Michael Beasley,Shawn Marion,Udonis Haslem,Antawn Jamison,Caron Butler,DeShawn Stevenson,Etan Thomas,Juan Dixon,1,7:15,WAS,free throw,,,,,,,2,,2,Caron Butler,,,foul,made,,,,
Dwyane Wade,Mario Chalmers,Michael Beasley,Shawn Marion,Udonis Haslem,Antawn Jamison,Caron Butler,DeShawn Stevenson,Etan Thomas,Juan Dixon,1,7:07,MIA,shot,Shawn Marion,,,,,,,,,Michael Beasley,2,,,made,,jump,12,12
Dwyane Wade,Mario Chalmers,Michael Beasley,Shawn Marion,Udonis Haslem,Antawn Jamison,Caron Butler,DeShawn Stevenson,Etan Thomas,Juan Dixon,1,6:51,WAS,shot,,,,,,,,,,DeShawn Stevenson,,,,missed,,3pt,45,22
Dwyane Wade,Mario Chalmers,Michael Beasley,Shawn Marion,Udonis Haslem,Antawn Jamison,Caron Butler,DeShawn Stevenson,Etan Thomas,Juan Dixon,1,6:50,WAS,rebound,,,,,,,,,,Antawn Jamison,,,,,,off,,
Dwyane Wade,Mario Chalmers,Michael Beasley,Shawn Marion,Udonis Haslem,Antawn Jamison,Caron Butler,DeShawn Stevenson,Etan Thomas,Juan Dixon,1,6:46,WAS,turnover,,,,,,,,,,DeShawn Stevenson,,,step out of bounds turnover,,,,,
Dwyane Wade,Mario Chalmers,Michael Beasley,Shawn Marion,Udonis Haslem,Antawn Jamison,Caron Butler,DeShawn Stevenson,Etan Thomas,Juan Dixon,1,6:36,MIA,shot,,,,,,,,,,Shawn Marion,,,,missed,,layup,25,5
Dwyane Wade,Mario Chalmers,Michael Beasley,Shawn Marion,Udonis Haslem,Antawn Jamison,Caron Butler,DeShawn Stevenson,Etan Thomas,Juan Dixon,1,6:35,WAS,rebound,,,,,,,,,,Etan Thomas,,,,,,def,,
Dwyane Wade,Mario Chalmers,Michael Beasley,Shawn Marion,Udonis Haslem,Antawn Jamison,Caron Butler,DeShawn Stevenson,Etan Thomas,Juan Dixon,1,6:34,MIA,foul,,,,,,,,,,Shawn Marion,,,,,,technical,,
Dwyane Wade,Mario Chalmers,Michael Beasley,Shawn Marion,Udonis Haslem,Antawn Jamison,Caron Butler,DeShawn Stevenson,Etan Thomas,Juan Dixon,1,6:34,WAS,free throw,,,,,,,1,,1,Caron Butler,,,technical,missed,,,,
Dwyane Wade,Mario Chalmers,Michael Beasley,Shawn Marion,Udonis Haslem,Antawn Jamison,Caron Butler,DeShawn Stevenson,Etan Thomas,Juan Dixon,1,6:34,WAS,rebound,,,,,,,,,,,,,,,,,,
Dwyane Wade,Mario Chalmers,Michael Beasley,Shawn Marion,Udonis Haslem,Antawn Jamison,Caron Butler,DeShawn Stevenson,Etan Thomas,Juan Dixon,1,6:22,WAS,shot,Juan Dixon,,,,,,,,,Antawn Jamison,3,,,made,,3pt,4,23
Dwyane Wade,Mario Chalmers,Michael Beasley,Shawn Marion,Udonis Haslem,Antawn Jamison,Caron Butler,DeShawn Stevenson,Etan Thomas,Juan Dixon,1,5:59,MIA,turnover,,,,,,,,,,Michael Beasley,,,lost ball,,Etan Thomas,,,
Dwyane Wade,Mario Chalmers,Michael Beasley,Shawn Marion,Udonis Haslem,Antawn Jamison,Caron Butler,DeShawn Stevenson,Etan Thomas,Juan Dixon,1,5:51,WAS,shot,,,,,,,,,,Antawn Jamison,,,,missed,,jump,45,11
Dwyane Wade,Mario Chalmers,Michael Beasley,Shawn Marion,Udonis Haslem,Antawn Jamison,Caron Butler,DeShawn Stevenson,Etan Thomas,Juan Dixon,1,5:50,MIA,rebound,,,,,,,,,,Shawn Marion,,,,,,def,,
Dwyane Wade,Mario Chalmers,Michael Beasley,Shawn Marion,Udonis Haslem,Antawn Jamison,Caron Butler,DeShawn Stevenson,Etan Thomas,Juan Dixon,1,5:44,MIA,shot,,,,,,,,,,Michael Beasley,,,,missed,,layup,26,6
Dwyane Wade,Mario Chalmers,Michael Beasley,Shawn Marion,Udonis Haslem,Antawn Jamison,Caron Butler,DeShawn Stevenson,Etan Thomas,Juan Dixon,1,5:42,WAS,rebound,,,,,,,,,,Etan Thomas,,,,,,def,,
Dwyane Wade,Mario Chalmers,Michael Beasley,Shawn Marion,Udonis Haslem,Antawn Jamison,Caron Butler,DeShawn Stevenson,Etan Thomas,Juan Dixon,1,5:36,WAS,shot,,,,,,,,,,Caron Butler,,,,missed,,jump,12,9
Dwyane Wade,Mario Chalmers,Michael Beasley,Shawn Marion,Udonis Haslem,Antawn Jamison,Caron Butler,DeShawn Stevenson,Etan Thomas,Juan Dixon,1,5:33,MIA,rebound,,,,,,,,,,Udonis Haslem,,,,,,def,,
Dwyane Wade,Mario Chalmers,Michael Beasley,Shawn Marion,Udonis Haslem,Antawn Jamison,Caron Butler,DeShawn Stevenson,Etan Thomas,Juan Dixon,1,5:28,MIA,turnover,,,,,,,,,,Dwyane Wade,,,discontinue dribble,,,,,
Dwyane Wade,Mario Chalmers,Michael Beasley,Shawn Marion,Udonis Haslem,Antawn Jamison,Caron Butler,DeShawn Stevenson,Etan Thomas,Juan Dixon,1,5:15,WAS,shot,,,,,,,,,,Juan Dixon,,,,missed,,jump,41,14
Dwyane Wade,Mario Chalmers,Michael Beasley,Shawn Marion,Udonis Haslem,Antawn Jamison,Caron Butler,DeShawn Stevenson,Etan Thomas,Juan Dixon,1,5:07,MIA,rebound,,,,,,,,,,Udonis Haslem,,,,,,def,,
Dwyane Wade,Mario Chalmers,Michael Beasley,Shawn Marion,Udonis Haslem,Antawn Jamison,Caron Butler,DeShawn Stevenson,Etan Thomas,Juan Dixon,1,5:05,MIA,shot,,,,,,,,,,Udonis Haslem,,,,missed,,jump,39,17
Dwyane Wade,Mario Chalmers,Michael Beasley,Shawn Marion,Udonis Haslem,Antawn Jamison,Caron Butler,DeShawn Stevenson,Etan Thomas,Juan Dixon,1,5:03,WAS,rebound,,,,,,,,,,Caron Butler,,,,,,def,,
Dwyane Wade,Mario Chalmers,Michael Beasley,Shawn Marion,Udonis Haslem,Antawn Jamison,Caron Butler,DeShawn Stevenson,Etan Thomas,Juan Dixon,1,4:48,WAS,shot,,,,,,,,,,Juan Dixon,,,,missed,,layup,24,8
Dwyane Wade,Mario Chalmers,Michael Beasley,Shawn Marion,Udonis Haslem,Antawn Jamison,Caron Butler,DeShawn Stevenson,Etan Thomas,Juan Dixon,1,4:47,MIA,rebound,,,,,,,,,,Udonis Haslem,,,,,,def,,
Dwyane Wade,Mario Chalmers,Michael Beasley,Shawn Marion,Udonis Haslem,Antawn Jamison,Caron Butler,DeShawn Stevenson,Etan Thomas,Juan Dixon,1,4:40,MIA,timeout,,,,,,,,,,,,,,,,regular,,
Dwyane Wade,Mario Chalmers,Michael Beasley,Shawn Marion,Udonis Haslem,Antawn Jamison,Caron Butler,DeShawn Stevenson,Juan Dixon,Nick Young,1,4:40,WAS,sub,,,,Nick Young,,Etan Thomas,,,,,,,,,,,,
Dwyane Wade,Mario Chalmers,Michael Beasley,Shawn Marion,Udonis Haslem,Antawn Jamison,Caron Butler,DeShawn Stevenson,JaVale McGee,Nick Young,1,4:40,WAS,sub,,,,JaVale McGee,,Juan Dixon,,,,,,,,,,,,
Chris Quinn,Dwyane Wade,Mario Chalmers,Shawn Marion,Udonis Haslem,Antawn Jamison,Caron Butler,DeShawn Stevenson,JaVale McGee,Nick Young,1,4:40,MIA,sub,,,,Chris Quinn,,Michael Beasley,,,,,,,,,,,,
Chris Quinn,Daequan Cook,Dwyane Wade,Shawn Marion,Udonis Haslem,Antawn Jamison,Caron Butler,DeShawn Stevenson,JaVale McGee,Nick Young,1,4:40,MIA,sub,,,,Daequan Cook,,Mario Chalmers,,,,,,,,,,,,
Chris Quinn,Daequan Cook,Dwyane Wade,Shawn Marion,Udonis Haslem,Antawn Jamison,Caron Butler,DeShawn Stevenson,JaVale McGee,Nick Young,1,4:24,MIA,shot,,,,,,,,,,Daequan Cook,,,,missed,,3pt,48,19
Chris Quinn,Daequan Cook,Dwyane Wade,Shawn Marion,Udonis Haslem,Antawn Jamison,Caron Butler,DeShawn Stevenson,JaVale McGee,Nick Young,1,4:24,WAS,rebound,,,,,,,,,,DeShawn Stevenson,,,,,,def,,
Chris Quinn,Daequan Cook,Dwyane Wade,Shawn Marion,Udonis Haslem,Antawn Jamison,Caron Butler,DeShawn Stevenson,JaVale McGee,Nick Young,1,4:24,MIA,foul,,,,,,,,DeShawn Stevenson,,Udonis Haslem,,,,,,loose ball,,
Chris Quinn,Daequan Cook,Dwyane Wade,Joel Anthony,Shawn Marion,Antawn Jamison,Caron Butler,DeShawn Stevenson,JaVale McGee,Nick Young,1,4:24,MIA,sub,,,,Joel Anthony,,Udonis Haslem,,,,,,,,,,,,
Chris Quinn,Daequan Cook,Dwyane Wade,Joel Anthony,Shawn Marion,Antawn Jamison,Caron Butler,DeShawn Stevenson,JaVale McGee,Nick Young,1,4:08,WAS,shot,,,,,,,,,,DeShawn Stevenson,,,,missed,,jump,20,25
Chris Quinn,Daequan Cook,Dwyane Wade,Joel Anthony,Shawn Marion,Antawn Jamison,Caron Butler,DeShawn Stevenson,JaVale McGee,Nick Young,1,4:07,WAS,rebound,,,,,,,,,,Antawn Jamison,,,,,,off,,
Chris Quinn,Daequan Cook,Dwyane Wade,Joel Anthony,Shawn Marion,Antawn Jamison,Caron Butler,DeShawn Stevenson,JaVale McGee,Nick Young,1,4:04,WAS,shot,,,,,,,,,,Antawn Jamison,2,,,made,,layup,26,6
Chris Quinn,Daequan Cook,Dwyane Wade,Joel Anthony,Shawn Marion,Antawn Jamison,Caron Butler,DeShawn Stevenson,JaVale McGee,Nick Young,1,3:48,MIA,shot,,,,,,,,,,Daequan Cook,,,,missed,,3pt,1,15
Chris Quinn,Daequan Cook,Dwyane Wade,Joel Anthony,Shawn Marion,Antawn Jamison,Caron Butler,DeShawn Stevenson,JaVale McGee,Nick Young,1,3:47,WAS,rebound,,,,,,,,,,JaVale McGee,,,,,,def,,
Chris Quinn,Daequan Cook,Dwyane Wade,Joel Anthony,Shawn Marion,Antawn Jamison,Caron Butler,DeShawn Stevenson,JaVale McGee,Nick Young,1,3:44,WAS,foul,,,,,,,,Chris Quinn,,DeShawn Stevenson,,,,,,offensive,,
Chris Quinn,Daequan Cook,Dwyane Wade,Joel Anthony,Shawn Marion,Antawn Jamison,Caron Butler,DeShawn Stevenson,JaVale McGee,Nick Young,1,3:44,WAS,turnover,,,,,,,,,,DeShawn Stevenson,,,foul,,,,,
Chris Quinn,Daequan Cook,Dwyane Wade,Joel Anthony,Shawn Marion,Antawn Jamison,Caron Butler,DeShawn Stevenson,JaVale McGee,Nick Young,1,3:34,WAS,foul,,,,,,,,Dwyane Wade,,Nick Young,,,,,,personal,,
Chris Quinn,Daequan Cook,Dwyane Wade,Joel Anthony,Shawn Marion,Antawn Jamison,Caron Butler,DeShawn Stevenson,JaVale McGee,Nick Young,1,3:20,MIA,shot,Dwyane Wade,,,,,,,,,Daequan Cook,3,,,made,,3pt,47,10
Chris Quinn,Daequan Cook,Dwyane Wade,Joel Anthony,Shawn Marion,Antawn Jamison,Caron Butler,DeShawn Stevenson,JaVale McGee,Nick Young,1,3:08,WAS,shot,Antawn Jamison,,,,,,,,,Caron Butler,2,,,made,,dunk,26,6
Chris Quinn,Daequan Cook,Dwyane Wade,Joel Anthony,Shawn Marion,Antawn Jamison,Caron Butler,DeShawn Stevenson,JaVale McGee,Nick Young,1,3:08,MIA,foul,,,,,,,,Caron Butler,,Joel Anthony,,,,,,shooting,,
Chris Quinn,Daequan Cook,Dwyane Wade,Joel Anthony,Shawn Marion,Antawn Jamison,Caron Butler,DeShawn Stevenson,JaVale McGee,Nick Young,1,3:08,WAS,free throw,,,,,,,1,,1,Caron Butler,,,foul,made,,,,
Chris Quinn,Daequan Cook,Dwyane Wade,Joel Anthony,Shawn Marion,Antawn Jamison,Caron Butler,DeShawn Stevenson,JaVale McGee,Nick Young,1,2:54,MIA,turnover,,,,,,,,,,Shawn Marion,,,lost ball,,DeShawn Stevenson,,,
Chris Quinn,Daequan Cook,Dwyane Wade,Joel Anthony,Shawn Marion,Antawn Jamison,Caron Butler,DeShawn Stevenson,JaVale McGee,Nick Young,1,2:44,WAS,shot,DeShawn Stevenson,,,,,,,,,Antawn Jamison,2,,,made,,driving finger roll layup,26,7
Chris Quinn,Daequan Cook,Dwyane Wade,Joel Anthony,Shawn Marion,Antawn Jamison,Caron Butler,DeShawn Stevenson,JaVale McGee,Nick Young,1,2:23,MIA,shot,Dwyane Wade,,,,,,,,,Shawn Marion,2,,,made,,alley oop dunk,24,6
Chris Quinn,Daequan Cook,Dwyane Wade,Joel Anthony,Shawn Marion,Antawn Jamison,Caron Butler,DeShawn Stevenson,JaVale McGee,Nick Young,1,2:00,WAS,shot,,,Dwyane Wade,,,,,,,Nick Young,,,,missed,,jump,23,12
Chris Quinn,Daequan Cook,Dwyane Wade,Joel Anthony,Shawn Marion,Antawn Jamison,Caron Butler,DeShawn Stevenson,JaVale McGee,Nick Young,1,1:56,MIA,rebound,,,,,,,,,,Daequan Cook,,,,,,def,,
Chris Quinn,Daequan Cook,Dwyane Wade,Joel Anthony,Shawn Marion,Antawn Jamison,Caron Butler,DeShawn Stevenson,JaVale McGee,Nick Young,1,1:56,MIA,turnover,,,,,,,,,,Daequan Cook,,,poss lost ball turnover,,Caron Butler,,,
Chris Quinn,Daequan Cook,Dwyane Wade,Joel Anthony,Shawn Marion,Antawn Jamison,Caron Butler,DeShawn Stevenson,JaVale McGee,Nick Young,1,1:56,WAS,shot,,,Joel Anthony,,,,,,,DeShawn Stevenson,,,,missed,,jump,21,12
Chris Quinn,Daequan Cook,Dwyane Wade,Joel Anthony,Shawn Marion,Antawn Jamison,Caron Butler,DeShawn Stevenson,JaVale McGee,Nick Young,1,1:56,MIA,rebound,,,,,,,,,,Daequan Cook,,,,,,def,,
Chris Quinn,Daequan Cook,Dwyane Wade,Joel Anthony,Shawn Marion,Antawn Jamison,Caron Butler,DeShawn Stevenson,JaVale McGee,Nick Young,1,1:45,WAS,foul,,,,,,,,Daequan Cook,,Caron Butler,,,,,,personal,,
Chris Quinn,Daequan Cook,Dwyane Wade,Joel Anthony,Shawn Marion,Antawn Jamison,Caron Butler,DeShawn Stevenson,JaVale McGee,Nick Young,1,1:45,MIA,free throw,,,,,,,1,,2,Daequan Cook,,,foul,missed,,,,
Chris Quinn,Daequan Cook,Dwyane Wade,Joel Anthony,Shawn Marion,Antawn Jamison,Caron Butler,DeShawn Stevenson,JaVale McGee,Nick Young,1,1:45,MIA,rebound,,,,,,,,,,,,,,,,,,
Chris Quinn,Daequan Cook,Dwyane Wade,Joel Anthony,Shawn Marion,Antawn Jamison,Caron Butler,Dee Brown,JaVale McGee,Nick Young,1,1:45,WAS,sub,,,,Dee Brown,,DeShawn Stevenson,,,,,,,,,,,,
Chris Quinn,Daequan Cook,Dwyane Wade,Joel Anthony,Shawn Marion,Antawn Jamison,Caron Butler,Dee Brown,JaVale McGee,Nick Young,1,1:45,MIA,violation,,,,,,,,,,,,,,,,delay of game,,
Chris Quinn,Daequan Cook,Joel Anthony,Shawn Marion,Yakhouba Diawara,Antawn Jamison,Caron Butler,Dee Brown,JaVale McGee,Nick Young,1,1:45,MIA,sub,,,,Yakhouba Diawara,,Dwyane Wade,,,,,,,,,,,,
Chris Quinn,Daequan Cook,Joel Anthony,Shawn Marion,Yakhouba Diawara,Antawn Jamison,Caron Butler,Dee Brown,JaVale McGee,Nick Young,1,1:45,MIA,free throw,,,,,,,2,,2,Daequan Cook,,,foul,made,,,,
Chris Quinn,Daequan Cook,Joel Anthony,Shawn Marion,Yakhouba Diawara,Antawn Jamison,Caron Butler,Dee Brown,JaVale McGee,Nick Young,1,1:24,WAS,shot,,,,,,,,,,Nick Young,,,,missed,,jump,20,22
Chris Quinn,Daequan Cook,Joel Anthony,Shawn Marion,Yakhouba Diawara,Antawn Jamison,Caron Butler,Dee Brown,JaVale McGee,Nick Young,1,1:23,MIA,rebound,,,,,,,,,,Daequan Cook,,,,,,def,,
Chris Quinn,Daequan Cook,Joel Anthony,Shawn Marion,Yakhouba Diawara,Antawn Jamison,Caron Butler,Dee Brown,JaVale McGee,Nick Young,1,0:59,MIA,shot,Daequan Cook,,,,,,,,,Chris Quinn,3,,,made,,3pt,48,9
Chris Quinn,Daequan Cook,Joel Anthony,Shawn Marion,Yakhouba Diawara,Antawn Jamison,Caron Butler,Dee Brown,JaVale McGee,Nick Young,1,0:41,WAS,shot,,,,,,,,,,Caron Butler,,,,missed,,layup,24,8
Chris Quinn,Daequan Cook,Joel Anthony,Shawn Marion,Yakhouba Diawara,Antawn Jamison,Caron Butler,Dee Brown,JaVale McGee,Nick Young,1,0:41,WAS,rebound,,,,,,,,,,Antawn Jamison,,,,,,off,,
Chris Quinn,Daequan Cook,Joel Anthony,Shawn Marion,Yakhouba Diawara,Antawn Jamison,Caron Butler,Dee Brown,JaVale McGee,Nick Young,1,0:38,WAS,shot,,,,,,,,,,Antawn Jamison,2,,,made,,tip,26,6
Chris Quinn,Daequan Cook,Joel Anthony,Shawn Marion,Yakhouba Diawara,Antawn Jamison,Caron Butler,Dee Brown,JaVale McGee,Nick Young,1,0:19,MIA,shot,,,,,,,,,,Joel Anthony,,,,missed,,layup,25,6
Chris Quinn,Daequan Cook,Joel Anthony,Shawn Marion,Yakhouba Diawara,Antawn Jamison,Caron Butler,Dee Brown,JaVale McGee,Nick Young,1,0:18,MIA,rebound,,,,,,,,,,Joel Anthony,,,,,,off,,
Chris Quinn,Daequan Cook,Joel Anthony,Shawn Marion,Yakhouba Diawara,Antawn Jamison,Caron Butler,Dee Brown,JaVale McGee,Nick Young,1,0:00,MIA,shot,,,,,,,,,,Chris Quinn,2,,,made,,jump,35,20
Chris Quinn,Daequan Cook,Joel Anthony,Michael Beasley,Yakhouba Diawara,Andray Blatche,Caron Butler,Dee Brown,JaVale McGee,Nick Young,2,11:33,MIA,shot,Daequan Cook,,,,,,,,,Yakhouba Diawara,3,,,made,,3pt,47,8
Chris Quinn,Daequan Cook,Joel Anthony,Michael Beasley,Yakhouba Diawara,Andray Blatche,Caron Butler,Dee Brown,JaVale McGee,Nick Young,2,11:16,WAS,shot,,,,,,,,,,Nick Young,2,,,made,,turnaround fade away,39,7
Chris Quinn,Daequan Cook,Joel Anthony,Michael Beasley,Yakhouba Diawara,Andray Blatche,Caron Butler,Dee Brown,JaVale McGee,Nick Young,2,10:56,MIA,turnover,,,,,,,,,,Michael Beasley,,,lost ball,,Dee Brown,,,
Chris Quinn,Daequan Cook,Joel Anthony,Michael Beasley,Yakhouba Diawara,Andray Blatche,Caron Butler,Dee Brown,JaVale McGee,Nick Young,2,10:49,WAS,shot,,,,,,,,,,Andray Blatche,,,,missed,,jump,26,21
Chris Quinn,Daequan Cook,Joel Anthony,Michael Beasley,Yakhouba Diawara,Andray Blatche,Caron Butler,Dee Brown,JaVale McGee,Nick Young,2,10:48,WAS,rebound,,,,,,,,,,Nick Young,,,,,,off,,
Chris Quinn,Daequan Cook,Joel Anthony,Michael Beasley,Yakhouba Diawara,Andray Blatche,Caron Butler,Dee Brown,JaVale McGee,Nick Young,2,10:43,WAS,shot,,,,,,,,,,Nick Young,,,,missed,,jump,15,20
Chris Quinn,Daequan Cook,Joel Anthony,Michael Beasley,Yakhouba Diawara,Andray Blatche,Caron Butler,Dee Brown,JaVale McGee,Nick Young,2,10:42,MIA,rebound,,,,,,,,,,Michael Beasley,,,,,,def,,
Chris Quinn,Daequan Cook,Joel Anthony,Michael Beasley,Yakhouba Diawara,Andray Blatche,Caron Butler,Dee Brown,JaVale McGee,Nick Young,2,10:23,MIA,shot,,,,,,,,,,Michael Beasley,,,,missed,,jump,38,22
Chris Quinn,Daequan Cook,Joel Anthony,Michael Beasley,Yakhouba Diawara,Andray Blatche,Caron Butler,Dee Brown,JaVale McGee,Nick Young,2,10:22,WAS,rebound,,,,,,,,,,Andray Blatche,,,,,,def,,
Chris Quinn,Daequan Cook,Joel Anthony,Michael Beasley,Yakhouba Diawara,Andray Blatche,Caron Butler,Dee Brown,JaVale McGee,Nick Young,2,10:00,WAS,shot,,,,,,,,,,JaVale McGee,,,,missed,,jump,19,7
Chris Quinn,Daequan Cook,Joel Anthony,Michael Beasley,Yakhouba Diawara,Andray Blatche,Caron Butler,Dee Brown,JaVale McGee,Nick Young,2,9:59,MIA,rebound,,,,,,,,,,Michael Beasley,,,,,,def,,
Chris Quinn,Daequan Cook,Joel Anthony,Michael Beasley,Yakhouba Diawara,Andray Blatche,Caron Butler,Dee Brown,JaVale McGee,Nick Young,2,9:45,MIA,shot,,,,,,,,,,Daequan Cook,,,,missed,,3pt,4,20
Chris Quinn,Daequan Cook,Joel Anthony,Michael Beasley,Yakhouba Diawara,Andray Blatche,Caron Butler,Dee Brown,JaVale McGee,Nick Young,2,9:44,WAS,rebound,,,,,,,,,,Caron Butler,,,,,,def,,
Chris Quinn,Daequan Cook,Joel Anthony,Michael Beasley,Yakhouba Diawara,Andray Blatche,Caron Butler,Dee Brown,JaVale McGee,Nick Young,2,9:24,WAS,shot,,,,,,,,,,Andray Blatche,2,,,made,,driving bank,24,11
Chris Quinn,Daequan Cook,Joel Anthony,Michael Beasley,Yakhouba Diawara,Andray Blatche,Caron Butler,Dee Brown,JaVale McGee,Nick Young,2,9:04,MIA,shot,,,,,,,,,,Chris Quinn,,,,missed,,jump,36,18
Chris Quinn,Daequan Cook,Joel Anthony,Michael Beasley,Yakhouba Diawara,Andray Blatche,Caron Butler,Dee Brown,JaVale McGee,Nick Young,2,9:03,WAS,rebound,,,,,,,,,,Caron Butler,,,,,,def,,
Chris Quinn,Daequan Cook,Joel Anthony,Michael Beasley,Yakhouba Diawara,Andray Blatche,Caron Butler,Dee Brown,JaVale McGee,Nick Young,2,8:56,WAS,shot,,,,,,,,,,JaVale McGee,,,,missed,,jump,27,8
Chris Quinn,Daequan Cook,Joel Anthony,Michael Beasley,Yakhouba Diawara,Andray Blatche,Caron Butler,Dee Brown,JaVale McGee,Nick Young,2,8:55,MIA,rebound,,,,,,,,,,Joel Anthony,,,,,,def,,
Chris Quinn,Daequan Cook,Joel Anthony,Michael Beasley,Yakhouba Diawara,Andray Blatche,Caron Butler,Dee Brown,JaVale McGee,Nick Young,2,8:48,MIA,shot,,,,,,,,,,Yakhouba Diawara,,,,missed,,3pt,3,17
Chris Quinn,Daequan Cook,Joel Anthony,Michael Beasley,Yakhouba Diawara,Andray Blatche,Caron Butler,Dee Brown,JaVale McGee,Nick Young,2,8:48,WAS,rebound,,,,,,,,,,,,,,,,,,
Chris Quinn,Daequan Cook,Joel Anthony,Michael Beasley,Yakhouba Diawara,Andray Blatche,Caron Butler,Dee Brown,JaVale McGee,Nick Young,2,8:48,MIA,foul,,,,,,,,Andray Blatche,,Michael Beasley,,,,,,loose ball,,
Chris Quinn,Daequan Cook,Joel Anthony,Michael Beasley,Yakhouba Diawara,Andray Blatche,Caron Butler,Dee Brown,JaVale McGee,Nick Young,2,8:48,OFF,timeout,,,,,,,,,,,,,,,,official,,
Chris Quinn,Daequan Cook,Joel Anthony,Michael Beasley,Yakhouba Diawara,Andray Blatche,Dee Brown,Dominic McGuire,JaVale McGee,Nick Young,2,8:48,WAS,sub,,,,Dominic McGuire,,Caron Butler,,,,,,,,,,,,
Chris Quinn,Daequan Cook,Joel Anthony,Michael Beasley,Yakhouba Diawara,Andray Blatche,Dee Brown,Dominic McGuire,JaVale McGee,Nick Young,2,8:32,MIA,foul,,,,,,,,Nick Young,,Daequan Cook,,,,,,shooting,,
Chris Quinn,Daequan Cook,Joel Anthony,Michael Beasley,Yakhouba Diawara,Andray Blatche,Dee Brown,Dominic McGuire,JaVale McGee,Nick Young,2,8:32,WAS,free throw,,,,,,,1,,2,Nick Young,,,foul,made,,,,
Chris Quinn,Daequan Cook,Joel Anthony,Michael Beasley,Yakhouba Diawara,Andray Blatche,Dee Brown,Dominic McGuire,JaVale McGee,Nick Young,2,8:32,WAS,free throw,,,,,,,2,,2,Nick Young,,,foul,made,,,,
Chris Quinn,Daequan Cook,Joel Anthony,Michael Beasley,Yakhouba Diawara,Andray Blatche,Dee Brown,Dominic McGuire,JaVale McGee,Nick Young,2,8:15,MIA,shot,,,,,,,,,,Michael Beasley,,,,missed,,jump,32,10
Chris Quinn,Daequan Cook,Joel Anthony,Michael Beasley,Yakhouba Diawara,Andray Blatche,Dee Brown,Dominic McGuire,JaVale McGee,Nick Young,2,8:15,MIA,rebound,,,,,,,,,,Yakhouba Diawara,,,,,,off,,
Chris Quinn,Daequan Cook,Joel Anthony,Michael Beasley,Yakhouba Diawara,Andray Blatche,Dee Brown,Dominic McGuire,JaVale McGee,Nick Young,2,8:15,MIA,turnover,,,,,,,,,,Yakhouba Diawara,,,traveling,,,,,
Chris Quinn,Daequan Cook,Joel Anthony,Michael Beasley,Yakhouba Diawara,Andray Blatche,Dee Brown,Dominic McGuire,JaVale McGee,Nick Young,2,8:04,MIA,foul,,,,,,,,Andray Blatche,,Michael Beasley,,,,,,personal,,
Chris Quinn,Daequan Cook,Joel Anthony,Shawn Marion,Yakhouba Diawara,Andray Blatche,Dee Brown,Dominic McGuire,JaVale McGee,Nick Young,2,8:04,MIA,sub,,,,Shawn Marion,,Michael Beasley,,,,,,,,,,,,
Chris Quinn,Daequan Cook,Joel Anthony,Shawn Marion,Yakhouba Diawara,Andray Blatche,Dee Brown,Dominic McGuire,JaVale McGee,Nick Young,2,7:49,WAS,shot,,,Daequan Cook,,,,,,,Nick Young,,,,missed,,layup,23,7
Chris Quinn,Daequan Cook,Joel Anthony,Shawn Marion,Yakhouba Diawara,Andray Blatche,Dee Brown,Dominic McGuire,JaVale McGee,Nick Young,2,7:49,WAS,rebound,,,,,,,,,,,,,,,,,,
Chris Quinn,Daequan Cook,Joel Anthony,Shawn Marion,Yakhouba Diawara,Andray Blatche,Dee Brown,Dominic McGuire,JaVale McGee,Nick Young,2,7:49,WAS,turnover,,,,,,,,,,,,,shot clock turnover,,,,,
Chris Quinn,Daequan Cook,Joel Anthony,Shawn Marion,Yakhouba Diawara,Andray Blatche,Dee Brown,Dominic McGuire,JaVale McGee,Nick Young,2,7:32,MIA,shot,Daequan Cook,,,,,,,,,Yakhouba Diawara,3,,,made,,3pt,2,9
Chris Quinn,Daequan Cook,Joel Anthony,Shawn Marion,Yakhouba Diawara,Andray Blatche,Dee Brown,Dominic McGuire,JaVale McGee,Nick Young,2,7:13,WAS,shot,,,,,,,,,,Andray Blatche,,,,missed,,layup,23,6
Chris Quinn,Daequan Cook,Joel Anthony,Shawn Marion,Yakhouba Diawara,Andray Blatche,Dee Brown,Dominic McGuire,JaVale McGee,Nick Young,2,7:12,WAS,rebound,,,,,,,,,,Andray Blatche,,,,,,off,,
Chris Quinn,Daequan Cook,Joel Anthony,Shawn Marion,Yakhouba Diawara,Andray Blatche,Dee Brown,Dominic McGuire,JaVale McGee,Nick Young,2,7:10,WAS,shot,,,,,,,,,,Andray Blatche,2,,,made,,layup,25,5
Chris Quinn,Daequan Cook,Joel Anthony,Shawn Marion,Yakhouba Diawara,Andray Blatche,Dee Brown,Dominic McGuire,JaVale McGee,Nick Young,2,7:10,MIA,foul,,,,,,,,Andray Blatche,,Yakhouba Diawara,,,,,,shooting,,
Chris Quinn,Daequan Cook,Joel Anthony,Shawn Marion,Yakhouba Diawara,Andray Blatche,Dee Brown,Dominic McGuire,JaVale McGee,Nick Young,2,7:10,WAS,free throw,,,,,,,1,,1,Andray Blatche,,,foul,missed,,,,
Chris Quinn,Daequan Cook,Joel Anthony,Shawn Marion,Yakhouba Diawara,Andray Blatche,Dee Brown,Dominic McGuire,JaVale McGee,Nick Young,2,7:09,MIA,rebound,,,,,,,,,,Joel Anthony,,,,,,def,,
Chris Quinn,Daequan Cook,Joel Anthony,Shawn Marion,Yakhouba Diawara,Andray Blatche,Dee Brown,Dominic McGuire,JaVale McGee,Nick Young,2,6:56,MIA,shot,,,,,,,,,,Shawn Marion,,,,missed,,3pt,7,24
Chris Quinn,Daequan Cook,Joel Anthony,Shawn Marion,Yakhouba Diawara,Andray Blatche,Dee Brown,Dominic McGuire,JaVale McGee,Nick Young,2,6:54,WAS,rebound,,,,,,,,,,Nick Young,,,,,,def,,
Chris Quinn,Daequan Cook,Joel Anthony,Shawn Marion,Yakhouba Diawara,Andray Blatche,Dee Brown,Dominic McGuire,JaVale McGee,Nick Young,2,6:44,WAS,timeout,,,,,,,,,,,,,,,,regular,,
Chris Quinn,Daequan Cook,Joel Anthony,Shawn Marion,Yakhouba Diawara,Andray Blatche,Dominic McGuire,JaVale McGee,Juan Dixon,Nick Young,2,6:44,WAS,sub,,,,Juan Dixon,,Dee Brown,,,,,,,,,,,,
Chris Quinn,Daequan Cook,Joel Anthony,Shawn Marion,Yakhouba Diawara,Andray Blatche,Antawn Jamison,Dominic McGuire,Juan Dixon,Nick Young,2,6:44,WAS,sub,,,,Antawn Jamison,,JaVale McGee,,,,,,,,,,,,
Chris Quinn,Daequan Cook,Dwyane Wade,Joel Anthony,Shawn Marion,Andray Blatche,Antawn Jamison,Dominic McGuire,Juan Dixon,Nick Young,2,6:44,MIA,sub,,,,Dwyane Wade,,Yakhouba Diawara,,,,,,,,,,,,
Chris Quinn,Daequan Cook,Dwyane Wade,Joel Anthony,Shawn Marion,Andray Blatche,Antawn Jamison,Dominic McGuire,Juan Dixon,Nick Young,2,6:33,WAS,shot,,,,,,,,,,Nick Young,2,,,made,,fade away jumper,8,6
Chris Quinn,Daequan Cook,Dwyane Wade,Joel Anthony,Shawn Marion,Andray Blatche,Antawn Jamison,Dominic McGuire,Juan Dixon,Nick Young,2,6:12,WAS,foul,,,,,,,,Dwyane Wade,,Andray Blatche,,,,,,shooting,,
Chris Quinn,Daequan Cook,Dwyane Wade,Joel Anthony,Shawn Marion,Andray Blatche,Antawn Jamison,Dominic McGuire,Juan Dixon,Nick Young,2,6:12,MIA,free throw,,,,,,,1,,2,Dwyane Wade,,,foul,made,,,,
Chris Quinn,Daequan Cook,Dwyane Wade,Joel Anthony,Shawn Marion,Andray Blatche,Antawn Jamison,Dominic McGuire,Juan Dixon,Nick Young,2,6:12,MIA,free throw,,,,,,,2,,2,Dwyane Wade,,,foul,missed,,,,
Chris Quinn,Daequan Cook,Dwyane Wade,Joel Anthony,Shawn Marion,Andray Blatche,Antawn Jamison,Dominic McGuire,Juan Dixon,Nick Young,2,6:11,WAS,rebound,,,,,,,,,,Antawn Jamison,,,,,,def,,
Chris Quinn,Daequan Cook,Dwyane Wade,Joel Anthony,Shawn Marion,Andray Blatche,Antawn Jamison,Dominic McGuire,Juan Dixon,Nick Young,2,5:47,WAS,shot,,,Dwyane Wade,,,,,,,Andray Blatche,,,,missed,,jump,16,9
Chris Quinn,Daequan Cook,Dwyane Wade,Joel Anthony,Shawn Marion,Andray Blatche,Antawn Jamison,Dominic McGuire,Juan Dixon,Nick Young,2,5:45,MIA,rebound,,,,,,,,,,Dwyane Wade,,,,,,def,,
Chris Quinn,Daequan Cook,Dwyane Wade,Joel Anthony,Shawn Marion,Andray Blatche,Antawn Jamison,Dominic McGuire,Juan Dixon,Nick Young,2,5:38,MIA,shot,,,,,,,,,,Chris Quinn,,,,missed,,3pt,8,25
Chris Quinn,Daequan Cook,Dwyane Wade,Joel Anthony,Shawn Marion,Andray Blatche,Antawn Jamison,Dominic McGuire,Juan Dixon,Nick Young,2,5:37,MIA,rebound,,,,,,,,,,Shawn Marion,,,,,,off,,
Chris Quinn,Daequan Cook,Dwyane Wade,Joel Anthony,Shawn Marion,Andray Blatche,Antawn Jamison,Dominic McGuire,Juan Dixon,Nick Young,2,5:27,MIA,shot,Dwyane Wade,,,,,,,,,Chris Quinn,3,,,made,,3pt,32,31
Chris Quinn,Daequan Cook,Dwyane Wade,Joel Anthony,Shawn Marion,Andray Blatche,Antawn Jamison,Dominic McGuire,Juan Dixon,Nick Young,2,4:59,WAS,shot,,,,,,,,,,Dominic McGuire,,,,missed,,jump,13,7
Chris Quinn,Daequan Cook,Dwyane Wade,Joel Anthony,Shawn Marion,Andray Blatche,Antawn Jamison,Dominic McGuire,Juan Dixon,Nick Young,2,4:58,MIA,rebound,,,,,,,,,,Dwyane Wade,,,,,,def,,
Chris Quinn,Daequan Cook,Dwyane Wade,Joel Anthony,Shawn Marion,Andray Blatche,Antawn Jamison,Dominic McGuire,Juan Dixon,Nick Young,2,4:47,MIA,shot,,,,,,,,,,Joel Anthony,,,,missed,,jump,35,6
Chris Quinn,Daequan Cook,Dwyane Wade,Joel Anthony,Shawn Marion,Andray Blatche,Antawn Jamison,Dominic McGuire,Juan Dixon,Nick Young,2,4:47,WAS,rebound,,,,,,,,,,,,,,,,,,
Chris Quinn,Daequan Cook,Dwyane Wade,Joel Anthony,Shawn Marion,Andray Blatche,Antawn Jamison,Caron Butler,Juan Dixon,Nick Young,2,4:47,WAS,sub,,,,Caron Butler,,Dominic McGuire,,,,,,,,,,,,
Chris Quinn,Daequan Cook,Dwyane Wade,Joel Anthony,Shawn Marion,Andray Blatche,Antawn Jamison,Caron Butler,Juan Dixon,Nick Young,2,4:34,WAS,shot,Juan Dixon,,,,,,,,,Caron Butler,2,,,made,,layup,27,7
Chris Quinn,Daequan Cook,Dwyane Wade,Joel Anthony,Shawn Marion,Andray Blatche,Antawn Jamison,Caron Butler,Juan Dixon,Nick Young,2,4:20,WAS,foul,,,,,,,,Dwyane Wade,,Nick Young,,,,,,personal,,
Chris Quinn,Daequan Cook,Dwyane Wade,Shawn Marion,Udonis Haslem,Andray Blatche,Antawn Jamison,Caron Butler,Juan Dixon,Nick Young,2,4:20,MIA,sub,,,,Udonis Haslem,,Joel Anthony,,,,,,,,,,,,
Chris Quinn,Daequan Cook,Dwyane Wade,Shawn Marion,Udonis Haslem,Andray Blatche,Antawn Jamison,Caron Butler,Juan Dixon,Nick Young,2,4:11,MIA,shot,,,,,,,,,,Shawn Marion,,,,missed,,layup,24,5
Chris Quinn,Daequan Cook,Dwyane Wade,Shawn Marion,Udonis Haslem,Andray Blatche,Antawn Jamison,Caron Butler,Juan Dixon,Nick Young,2,4:10,WAS,rebound,,,,,,,,,,Antawn Jamison,,,,,,def,,
Chris Quinn,Daequan Cook,Dwyane Wade,Shawn Marion,Udonis Haslem,Andray Blatche,Antawn Jamison,Caron Butler,Juan Dixon,Nick Young,2,4:02,MIA,foul,,,,,,,,Antawn Jamison,,Shawn Marion,,,,,,shooting,,
Chris Quinn,Daequan Cook,Dwyane Wade,Shawn Marion,Udonis Haslem,Andray Blatche,Antawn Jamison,Caron Butler,Juan Dixon,Nick Young,2,4:02,WAS,free throw,,,,,,,1,,2,Antawn Jamison,,,foul,made,,,,
Chris Quinn,Daequan Cook,Dwyane Wade,Shawn Marion,Udonis Haslem,Andray Blatche,Antawn Jamison,Caron Butler,Juan Dixon,Nick Young,2,4:02,WAS,free throw,,,,,,,2,,2,Antawn Jamison,,,foul,made,,,,
Chris Quinn,Daequan Cook,Dwyane Wade,Shawn Marion,Udonis Haslem,Andray Blatche,Antawn Jamison,Caron Butler,Juan Dixon,Nick Young,2,3:47,MIA,turnover,,,,,,,,,,Udonis Haslem,,,lost ball,,Antawn Jamison,,,
Chris Quinn,Daequan Cook,Dwyane Wade,Shawn Marion,Udonis Haslem,Andray Blatche,Antawn Jamison,Caron Butler,Juan Dixon,Nick Young,2,3:38,WAS,shot,Caron Butler,,,,,,,,,Nick Young,2,,,made,,pullup jump,39,14
Chris Quinn,Daequan Cook,Dwyane Wade,Shawn Marion,Udonis Haslem,Andray Blatche,Antawn Jamison,Caron Butler,Juan Dixon,Nick Young,2,3:26,MIA,timeout,,,,,,,,,,,,,,,,regular,,
Chris Quinn,Daequan Cook,Dwyane Wade,Shawn Marion,Udonis Haslem,Antawn Jamison,Caron Butler,JaVale McGee,Juan Dixon,Nick Young,2,3:26,WAS,sub,,,,JaVale McGee,,Andray Blatche,,,,,,,,,,,,
Chris Quinn,Daequan Cook,Dwyane Wade,Shawn Marion,Udonis Haslem,Antawn Jamison,Caron Butler,JaVale McGee,Juan Dixon,Nick Young,2,3:18,MIA,shot,Dwyane Wade,,,,,,,,,Shawn Marion,2,,,made,,turnaround jump,32,6
Chris Quinn,Daequan Cook,Dwyane Wade,Shawn Marion,Udonis Haslem,Antawn Jamison,Caron Butler,JaVale McGee,Juan Dixon,Nick Young,2,3:01,WAS,shot,Antawn Jamison,,,,,,,,,Nick Young,2,,,made,,driving layup,25,6
Chris Quinn,Daequan Cook,Dwyane Wade,Shawn Marion,Udonis Haslem,Antawn Jamison,Caron Butler,JaVale McGee,Juan Dixon,Nick Young,2,2:34,MIA,shot,Daequan Cook,,,,,,,,,Shawn Marion,2,,,made,,turnaround hook,25,15
Chris Quinn,Daequan Cook,Dwyane Wade,Shawn Marion,Udonis Haslem,Antawn Jamison,Caron Butler,JaVale McGee,Juan Dixon,Nick Young,2,2:18,WAS,shot,Nick Young,,,,,,,,,Juan Dixon,2,,,made,,jump,16,12
Chris Quinn,Daequan Cook,Dwyane Wade,Shawn Marion,Udonis Haslem,Antawn Jamison,Caron Butler,JaVale McGee,Juan Dixon,Nick Young,2,2:01,MIA,shot,,,,,,,,,,Dwyane Wade,2,,,made,,fade away jumper,43,7
Chris Quinn,Daequan Cook,Dwyane Wade,Shawn Marion,Udonis Haslem,Antawn Jamison,Caron Butler,JaVale McGee,Juan Dixon,Nick Young,2,1:40,WAS,shot,Nick Young,,,,,,,,,Antawn Jamison,2,,,made,,layup,25,5
Chris Quinn,Daequan Cook,Dwyane Wade,Shawn Marion,Udonis Haslem,Antawn Jamison,Caron Butler,JaVale McGee,Juan Dixon,Nick Young,2,1:25,MIA,shot,,,,,,,,,,Dwyane Wade,2,,,made,,driving layup,28,7
Chris Quinn,Daequan Cook,Dwyane Wade,Shawn Marion,Udonis Haslem,Antawn Jamison,Caron Butler,JaVale McGee,Juan Dixon,Nick Young,2,1:06,WAS,shot,,,,,,,,,,Caron Butler,2,,,made,,step back jump,43,6
Chris Quinn,Daequan Cook,Dwyane Wade,Shawn Marion,Udonis Haslem,Antawn Jamison,Caron Butler,JaVale McGee,Juan Dixon,Nick Young,2,0:57,WAS,foul,,,,,,,,Chris Quinn,,Juan Dixon,,,,,,personal,,
Chris Quinn,Dwyane Wade,Shawn Marion,Udonis Haslem,Yakhouba Diawara,Antawn Jamison,Caron Butler,JaVale McGee,Juan Dixon,Nick Young,2,0:57,MIA,sub,,,,Yakhouba Diawara,,Daequan Cook,,,,,,,,,,,,
Dwyane Wade,Mario Chalmers,Shawn Marion,Udonis Haslem,Yakhouba Diawara,Antawn Jamison,Caron Butler,JaVale McGee,Juan Dixon,Nick Young,2,0:57,MIA,sub,,,,Mario Chalmers,,Chris Quinn,,,,,,,,,,,,
Dwyane Wade,Mario Chalmers,Shawn Marion,Udonis Haslem,Yakhouba Diawara,Antawn Jamison,Caron Butler,DeShawn Stevenson,JaVale McGee,Juan Dixon,2,0:57,WAS,sub,,,,DeShawn Stevenson,,Nick Young,,,,,,,,,,,,
Dwyane Wade,Mario Chalmers,Shawn Marion,Udonis Haslem,Yakhouba Diawara,Antawn Jamison,Caron Butler,DeShawn Stevenson,JaVale McGee,Juan Dixon,2,0:46,MIA,shot,,,,,,,,,,Dwyane Wade,,,,missed,,layup,27,6
Dwyane Wade,Mario Chalmers,Shawn Marion,Udonis Haslem,Yakhouba Diawara,Antawn Jamison,Caron Butler,DeShawn Stevenson,JaVale McGee,Juan Dixon,2,0:45,MIA,rebound,,,,,,,,,,Udonis Haslem,,,,,,off,,
Dwyane Wade,Mario Chalmers,Shawn Marion,Udonis Haslem,Yakhouba Diawara,Antawn Jamison,Caron Butler,DeShawn Stevenson,JaVale McGee,Juan Dixon,2,0:32,MIA,shot,,,,,,,,,,Shawn Marion,,,,missed,,layup,27,9
Dwyane Wade,Mario Chalmers,Shawn Marion,Udonis Haslem,Yakhouba Diawara,Antawn Jamison,Caron Butler,DeShawn Stevenson,JaVale McGee,Juan Dixon,2,0:31,MIA,rebound,,,,,,,,,,Shawn Marion,,,,,,off,,
Dwyane Wade,Mario Chalmers,Shawn Marion,Udonis Haslem,Yakhouba Diawara,Antawn Jamison,Caron Butler,DeShawn Stevenson,JaVale McGee,Juan Dixon,2,0:05,MIA,shot,,,,,,,,,,Dwyane Wade,,,,missed,,jump,16,11
Dwyane Wade,Mario Chalmers,Shawn Marion,Udonis Haslem,Yakhouba Diawara,Antawn Jamison,Caron Butler,DeShawn Stevenson,JaVale McGee,Juan Dixon,2,0:04,MIA,rebound,,,,,,,,,,Dwyane Wade,,,,,,off,,
Dwyane Wade,Mario Chalmers,Shawn Marion,Udonis Haslem,Yakhouba Diawara,Antawn Jamison,Caron Butler,DeShawn Stevenson,JaVale McGee,Juan Dixon,2,0:04,MIA,shot,,,,,,,,,,Dwyane Wade,2,,,made,,tip,25,6
Dwyane Wade,Mario Chalmers,Shawn Marion,Udonis Haslem,Yakhouba Diawara,Antawn Jamison,Caron Butler,DeShawn Stevenson,JaVale McGee,Juan Dixon,2,0:00,WAS,shot,,,,,,,,,,Juan Dixon,,,,missed,,jump,8,3
Dwyane Wade,Mario Chalmers,Shawn Marion,Udonis Haslem,Yakhouba Diawara,Antawn Jamison,Caron Butler,DeShawn Stevenson,JaVale McGee,Juan Dixon,2,0:00,WAS,rebound,,,,,,,,,,,,,,,,,,
Dwyane Wade,Mario Chalmers,Michael Beasley,Shawn Marion,Udonis Haslem,Antawn Jamison,Caron Butler,DeShawn Stevenson,Etan Thomas,Juan Dixon,3,11:50,WAS,foul,,,,,,,,Dwyane Wade,,Caron Butler,,,,,,personal,,
Dwyane Wade,Mario Chalmers,Michael Beasley,Shawn Marion,Udonis Haslem,Antawn Jamison,Caron Butler,DeShawn Stevenson,Etan Thomas,Juan Dixon,3,11:34,MIA,turnover,,,,,,,,,,Dwyane Wade,,,lost ball,,Caron Butler,,,
Dwyane Wade,Mario Chalmers,Michael Beasley,Shawn Marion,Udonis Haslem,Antawn Jamison,Caron Butler,DeShawn Stevenson,Etan Thomas,Juan Dixon,3,11:27,WAS,shot,,,,,,,,,,Juan Dixon,,,,missed,,jump,13,9
Dwyane Wade,Mario Chalmers,Michael Beasley,Shawn Marion,Udonis Haslem,Antawn Jamison,Caron Butler,DeShawn Stevenson,Etan Thomas,Juan Dixon,3,11:26,MIA,rebound,,,,,,,,,,Udonis Haslem,,,,,,def,,
Dwyane Wade,Mario Chalmers,Michael Beasley,Shawn Marion,Udonis Haslem,Antawn Jamison,Caron Butler,DeShawn Stevenson,Etan Thomas,Juan Dixon,3,11:18,MIA,shot,,,,,,,,,,Mario Chalmers,2,,,made,,layup,23,7
Dwyane Wade,Mario Chalmers,Michael Beasley,Shawn Marion,Udonis Haslem,Antawn Jamison,Caron Butler,DeShawn Stevenson,Etan Thomas,Juan Dixon,3,11:18,WAS,foul,,,,,,,,Mario Chalmers,,Etan Thomas,,,,,,shooting,,
Dwyane Wade,Mario Chalmers,Michael Beasley,Shawn Marion,Udonis Haslem,Antawn Jamison,Caron Butler,DeShawn Stevenson,Etan Thomas,Juan Dixon,3,11:18,MIA,free throw,,,,,,,1,,1,Mario Chalmers,,,foul,missed,,,,
Dwyane Wade,Mario Chalmers,Michael Beasley,Shawn Marion,Udonis Haslem,Antawn Jamison,Caron Butler,DeShawn Stevenson,Etan Thomas,Juan Dixon,3,11:18,WAS,rebound,,,,,,,,,,Antawn Jamison,,,,,,def,,
Dwyane Wade,Mario Chalmers,Michael Beasley,Shawn Marion,Udonis Haslem,Antawn Jamison,Caron Butler,DeShawn Stevenson,Etan Thomas,Juan Dixon,3,11:01,WAS,turnover,,,,,,,,,,Etan Thomas,,,lost ball,,Michael Beasley,,,
Dwyane Wade,Mario Chalmers,Michael Beasley,Shawn Marion,Udonis Haslem,Antawn Jamison,Caron Butler,DeShawn Stevenson,Etan Thomas,Juan Dixon,3,10:50,MIA,shot,Dwyane Wade,,,,,,,,,Michael Beasley,2,,,made,,jump,29,27
Dwyane Wade,Mario Chalmers,Michael Beasley,Shawn Marion,Udonis Haslem,Antawn Jamison,Caron Butler,DeShawn Stevenson,Etan Thomas,Juan Dixon,3,10:24,WAS,shot,,,,,,,,,,Etan Thomas,,,,missed,,layup,23,6
Dwyane Wade,Mario Chalmers,Michael Beasley,Shawn Marion,Udonis Haslem,Antawn Jamison,Caron Butler,DeShawn Stevenson,Etan Thomas,Juan Dixon,3,10:23,MIA,rebound,,,,,,,,,,,,,,,,,,
Dwyane Wade,Mario Chalmers,Michael Beasley,Shawn Marion,Udonis Haslem,Antawn Jamison,Caron Butler,DeShawn Stevenson,Etan Thomas,Juan Dixon,3,10:15,WAS,foul,,,,,,,,Dwyane Wade,,Antawn Jamison,,,,,,shooting,,
Dwyane Wade,Mario Chalmers,Michael Beasley,Shawn Marion,Udonis Haslem,Antawn Jamison,Caron Butler,DeShawn Stevenson,Etan Thomas,Juan Dixon,3,10:15,MIA,free throw,,,,,,,1,,2,Dwyane Wade,,,foul,made,,,,
Dwyane Wade,Mario Chalmers,Michael Beasley,Shawn Marion,Udonis Haslem,Antawn Jamison,Caron Butler,DeShawn Stevenson,Etan Thomas,Juan Dixon,3,10:15,MIA,free throw,,,,,,,2,,2,Dwyane Wade,,,foul,made,,,,
Dwyane Wade,Mario Chalmers,Michael Beasley,Shawn Marion,Udonis Haslem,Antawn Jamison,Caron Butler,DeShawn Stevenson,Etan Thomas,Juan Dixon,3,10:02,WAS,turnover,,,,,,,,,,Caron Butler,,,step out of bounds turnover,,,,,
Dwyane Wade,Mario Chalmers,Michael Beasley,Shawn Marion,Udonis Haslem,Antawn Jamison,Caron Butler,DeShawn Stevenson,Etan Thomas,Juan Dixon,3,9:41,MIA,shot,Mario Chalmers,,,,,,,,,Dwyane Wade,2,,,made,,jump,41,13
Dwyane Wade,Mario Chalmers,Michael Beasley,Shawn Marion,Udonis Haslem,Antawn Jamison,Caron Butler,DeShawn Stevenson,Etan Thomas,Juan Dixon,3,9:41,WAS,timeout,,,,,,,,,,,,,,,,regular,,
Dwyane Wade,Mario Chalmers,Michael Beasley,Shawn Marion,Udonis Haslem,Antawn Jamison,Caron Butler,DeShawn Stevenson,JaVale McGee,Juan Dixon,3,9:41,WAS,sub,,,,JaVale McGee,,Etan Thomas,,,,,,,,,,,,
Dwyane Wade,Mario Chalmers,Michael Beasley,Shawn Marion,Udonis Haslem,Antawn Jamison,Caron Butler,DeShawn Stevenson,JaVale McGee,Juan Dixon,3,9:26,WAS,shot,,,,,,,,,,Caron Butler,,,,missed,,layup,25,7
Dwyane Wade,Mario Chalmers,Michael Beasley,Shawn Marion,Udonis Haslem,Antawn Jamison,Caron Butler,DeShawn Stevenson,JaVale McGee,Juan Dixon,3,9:24,MIA,rebound,,,,,,,,,,Dwyane Wade,,,,,,def,,
Dwyane Wade,Mario Chalmers,Michael Beasley,Shawn Marion,Udonis Haslem,Antawn Jamison,Caron Butler,DeShawn Stevenson,JaVale McGee,Juan Dixon,3,9:11,MIA,shot,Dwyane Wade,,,,,,,,,Udonis Haslem,2,,,made,,jump,40,6
Dwyane Wade,Mario Chalmers,Michael Beasley,Shawn Marion,Udonis Haslem,Antawn Jamison,Caron Butler,DeShawn Stevenson,JaVale McGee,Juan Dixon,3,8:53,WAS,shot,,,,,,,,,,Caron Butler,,,,missed,,3pt,23,33
Dwyane Wade,Mario Chalmers,Michael Beasley,Shawn Marion,Udonis Haslem,Antawn Jamison,Caron Butler,DeShawn Stevenson,JaVale McGee,Juan Dixon,3,8:52,MIA,rebound,,,,,,,,,,Udonis Haslem,,,,,,def,,
Dwyane Wade,Mario Chalmers,Michael Beasley,Shawn Marion,Udonis Haslem,Antawn Jamison,Caron Butler,DeShawn Stevenson,JaVale McGee,Juan Dixon,3,8:46,MIA,shot,,,,,,,,,,Dwyane Wade,,,,missed,,jump,43,15
Dwyane Wade,Mario Chalmers,Michael Beasley,Shawn Marion,Udonis Haslem,Antawn Jamison,Caron Butler,DeShawn Stevenson,JaVale McGee,Juan Dixon,3,8:45,MIA,rebound,,,,,,,,,,Shawn Marion,,,,,,off,,
Dwyane Wade,Mario Chalmers,Michael Beasley,Shawn Marion,Udonis Haslem,Antawn Jamison,Caron Butler,DeShawn Stevenson,JaVale McGee,Juan Dixon,3,8:40,MIA,shot,Mario Chalmers,,,,,,,,,Michael Beasley,2,,,made,,jump,36,25
Dwyane Wade,Mario Chalmers,Michael Beasley,Shawn Marion,Udonis Haslem,Antawn Jamison,Caron Butler,DeShawn Stevenson,JaVale McGee,Juan Dixon,3,8:27,MIA,foul,,,,,,,,DeShawn Stevenson,,Michael Beasley,,,,,,shooting,,
Dwyane Wade,Mario Chalmers,Michael Beasley,Shawn Marion,Udonis Haslem,Antawn Jamison,Caron Butler,DeShawn Stevenson,JaVale McGee,Juan Dixon,3,8:27,WAS,free throw,,,,,,,1,,2,DeShawn Stevenson,,,foul,made,,,,
Dwyane Wade,Mario Chalmers,Michael Beasley,Shawn Marion,Udonis Haslem,Antawn Jamison,Caron Butler,DeShawn Stevenson,JaVale McGee,Juan Dixon,3,8:27,WAS,free throw,,,,,,,2,,2,DeShawn Stevenson,,,foul,made,,,,
Dwyane Wade,Mario Chalmers,Michael Beasley,Shawn Marion,Udonis Haslem,Antawn Jamison,Caron Butler,DeShawn Stevenson,JaVale McGee,Juan Dixon,3,8:16,MIA,shot,Dwyane Wade,,,,,,,,,Mario Chalmers,2,,,made,,layup,26,7
Dwyane Wade,Mario Chalmers,Michael Beasley,Shawn Marion,Udonis Haslem,Antawn Jamison,Caron Butler,DeShawn Stevenson,JaVale McGee,Juan Dixon,3,8:01,WAS,shot,Juan Dixon,,,,,,,,,JaVale McGee,2,,,made,,layup,27,6
Dwyane Wade,Mario Chalmers,Michael Beasley,Shawn Marion,Udonis Haslem,Antawn Jamison,Caron Butler,DeShawn Stevenson,JaVale McGee,Juan Dixon,3,7:45,MIA,shot,,,,,,,,,,Dwyane Wade,,,,missed,,3pt,43,27
Dwyane Wade,Mario Chalmers,Michael Beasley,Shawn Marion,Udonis Haslem,Antawn Jamison,Caron Butler,DeShawn Stevenson,JaVale McGee,Juan Dixon,3,7:44,WAS,rebound,,,,,,,,,,Antawn Jamison,,,,,,def,,
Dwyane Wade,Mario Chalmers,Michael Beasley,Shawn Marion,Udonis Haslem,Antawn Jamison,Caron Butler,DeShawn Stevenson,JaVale McGee,Juan Dixon,3,7:35,WAS,shot,Caron Butler,,,,,,,,,JaVale McGee,2,,,made,,alley oop dunk,24,6
Dwyane Wade,Mario Chalmers,Michael Beasley,Shawn Marion,Udonis Haslem,Antawn Jamison,Caron Butler,DeShawn Stevenson,JaVale McGee,Juan Dixon,3,7:35,MIA,foul,,,,,,,,JaVale McGee,,Michael Beasley,,,,,,shooting,,
Daequan Cook,Dwyane Wade,Mario Chalmers,Shawn Marion,Udonis Haslem,Antawn Jamison,Caron Butler,DeShawn Stevenson,JaVale McGee,Juan Dixon,3,7:35,MIA,sub,,,,Daequan Cook,,Michael Beasley,,,,,,,,,,,,
Daequan Cook,Dwyane Wade,Mario Chalmers,Shawn Marion,Udonis Haslem,Antawn Jamison,Caron Butler,DeShawn Stevenson,JaVale McGee,Juan Dixon,3,7:35,WAS,free throw,,,,,,,1,,1,JaVale McGee,,,foul,made,,,,
Daequan Cook,Dwyane Wade,Mario Chalmers,Shawn Marion,Udonis Haslem,Antawn Jamison,Caron Butler,DeShawn Stevenson,JaVale McGee,Juan Dixon,3,7:22,MIA,shot,,,,,,,,,,Daequan Cook,,,,missed,,3pt,13,30
Daequan Cook,Dwyane Wade,Mario Chalmers,Shawn Marion,Udonis Haslem,Antawn Jamison,Caron Butler,DeShawn Stevenson,JaVale McGee,Juan Dixon,3,7:22,WAS,rebound,,,,,,,,,,Caron Butler,,,,,,def,,
Daequan Cook,Dwyane Wade,Mario Chalmers,Shawn Marion,Udonis Haslem,Antawn Jamison,Caron Butler,DeShawn Stevenson,JaVale McGee,Juan Dixon,3,7:02,WAS,shot,DeShawn Stevenson,,,,,,,,,Caron Butler,2,,,made,,jump,11,17
Daequan Cook,Dwyane Wade,Mario Chalmers,Shawn Marion,Udonis Haslem,Antawn Jamison,Caron Butler,DeShawn Stevenson,JaVale McGee,Juan Dixon,3,6:39,MIA,shot,Mario Chalmers,,,,,,,,,Daequan Cook,2,,,made,,turnaround fade away,15,19
Daequan Cook,Dwyane Wade,Mario Chalmers,Shawn Marion,Udonis Haslem,Antawn Jamison,Caron Butler,DeShawn Stevenson,JaVale McGee,Juan Dixon,3,6:20,WAS,shot,DeShawn Stevenson,,,,,,,,,JaVale McGee,2,,,made,,alley oop dunk,25,5
Daequan Cook,Dwyane Wade,Mario Chalmers,Shawn Marion,Udonis Haslem,Antawn Jamison,Caron Butler,DeShawn Stevenson,JaVale McGee,Juan Dixon,3,5:55,MIA,shot,Dwyane Wade,,,,,,,,,Mario Chalmers,3,,,made,,3pt,16,32
Daequan Cook,Dwyane Wade,Mario Chalmers,Shawn Marion,Udonis Haslem,Antawn Jamison,Caron Butler,DeShawn Stevenson,JaVale McGee,Juan Dixon,3,5:40,MIA,foul,,,,,,,,Antawn Jamison,,Daequan Cook,,,,,,shooting,,
Daequan Cook,Dwyane Wade,Mario Chalmers,Shawn Marion,Udonis Haslem,Antawn Jamison,Caron Butler,DeShawn Stevenson,JaVale McGee,Nick Young,3,5:40,WAS,sub,,,,Nick Young,,Juan Dixon,,,,,,,,,,,,
Daequan Cook,Dwyane Wade,Mario Chalmers,Shawn Marion,Udonis Haslem,Antawn Jamison,Caron Butler,DeShawn Stevenson,JaVale McGee,Nick Young,3,5:40,WAS,free throw,,,,,,,1,,2,Antawn Jamison,,,foul,made,,,,
Daequan Cook,Dwyane Wade,Mario Chalmers,Shawn Marion,Udonis Haslem,Antawn Jamison,Caron Butler,DeShawn Stevenson,JaVale McGee,Nick Young,3,5:40,WAS,turnover,,,,,,,,,,JaVale McGee,,,lane violation,,,,,
Daequan Cook,Dwyane Wade,Mario Chalmers,Shawn Marion,Udonis Haslem,Antawn Jamison,Caron Butler,DeShawn Stevenson,JaVale McGee,Nick Young,3,5:27,MIA,shot,,,,,,,,,,Dwyane Wade,2,,,made,,floating jump,28,16
Daequan Cook,Dwyane Wade,Mario Chalmers,Shawn Marion,Udonis Haslem,Antawn Jamison,Caron Butler,DeShawn Stevenson,JaVale McGee,Nick Young,3,5:13,MIA,foul,,,,,,,,Caron Butler,,Daequan Cook,,,,,,shooting,,
Daequan Cook,Dwyane Wade,Mario Chalmers,Shawn Marion,Udonis Haslem,Antawn Jamison,Caron Butler,DeShawn Stevenson,JaVale McGee,Nick Young,3,5:13,WAS,free throw,,,,,,,1,,2,Caron Butler,,,foul,missed,,,,
Daequan Cook,Dwyane Wade,Mario Chalmers,Shawn Marion,Udonis Haslem,Antawn Jamison,Caron Butler,DeShawn Stevenson,JaVale McGee,Nick Young,3,5:13,WAS,rebound,,,,,,,,,,,,,,,,,,
Daequan Cook,Dwyane Wade,Mario Chalmers,Shawn Marion,Udonis Haslem,Antawn Jamison,Caron Butler,DeShawn Stevenson,JaVale McGee,Nick Young,3,5:13,WAS,free throw,,,,,,,2,,2,Caron Butler,,,foul,made,,,,
Daequan Cook,Dwyane Wade,Mario Chalmers,Shawn Marion,Udonis Haslem,Antawn Jamison,Caron Butler,DeShawn Stevenson,JaVale McGee,Nick Young,3,4:56,MIA,shot,,,JaVale McGee,,,,,,,Daequan Cook,,,,missed,,3pt,2,16
Daequan Cook,Dwyane Wade,Mario Chalmers,Shawn Marion,Udonis Haslem,Antawn Jamison,Caron Butler,DeShawn Stevenson,JaVale McGee,Nick Young,3,4:55,WAS,rebound,,,,,,,,,,Antawn Jamison,,,,,,def,,
Daequan Cook,Dwyane Wade,Mario Chalmers,Shawn Marion,Udonis Haslem,Antawn Jamison,Caron Butler,DeShawn Stevenson,JaVale McGee,Nick Young,3,4:40,WAS,shot,,,,,,,,,,Caron Butler,2,,,made,,driving layup,24,7
Daequan Cook,Dwyane Wade,Mario Chalmers,Shawn Marion,Udonis Haslem,Antawn Jamison,Caron Butler,DeShawn Stevenson,JaVale McGee,Nick Young,3,4:40,MIA,foul,,,,,,,,Caron Butler,,Shawn Marion,,,,,,shooting,,
Daequan Cook,Dwyane Wade,Mario Chalmers,Shawn Marion,Udonis Haslem,Antawn Jamison,Caron Butler,DeShawn Stevenson,JaVale McGee,Nick Young,3,4:40,MIA,timeout,,,,,,,,,,,,,,,,regular,,
Daequan Cook,Dwyane Wade,Mario Chalmers,Shawn Marion,Udonis Haslem,Antawn Jamison,Caron Butler,DeShawn Stevenson,JaVale McGee,Nick Young,3,4:40,WAS,free throw,,,,,,,1,,1,Caron Butler,,,foul,made,,,,
Daequan Cook,Dwyane Wade,Mario Chalmers,Shawn Marion,Udonis Haslem,Antawn Jamison,Caron Butler,DeShawn Stevenson,JaVale McGee,Nick Young,3,4:26,MIA,shot,Dwyane Wade,,,,,,,,,Mario Chalmers,3,,,made,,3pt,15,30
Daequan Cook,Dwyane Wade,Mario Chalmers,Shawn Marion,Udonis Haslem,Antawn Jamison,Caron Butler,DeShawn Stevenson,JaVale McGee,Nick Young,3,4:07,WAS,shot,,,,,,,,,,JaVale McGee,,,,missed,,jump,34,6
Daequan Cook,Dwyane Wade,Mario Chalmers,Shawn Marion,Udonis Haslem,Antawn Jamison,Caron Butler,DeShawn Stevenson,JaVale McGee,Nick Young,3,4:06,WAS,rebound,,,,,,,,,,Caron Butler,,,,,,off,,
Daequan Cook,Dwyane Wade,Mario Chalmers,Shawn Marion,Udonis Haslem,Antawn Jamison,Caron Butler,DeShawn Stevenson,JaVale McGee,Nick Young,3,4:05,MIA,foul,,,,,,,,Caron Butler,,Dwyane Wade,,,,,,personal,,
Daequan Cook,Dwyane Wade,Mario Chalmers,Shawn Marion,Udonis Haslem,Antawn Jamison,Caron Butler,DeShawn Stevenson,JaVale McGee,Nick Young,3,4:05,WAS,free throw,,,,,,,1,,2,Caron Butler,,,foul,made,,,,
Dwyane Wade,Mario Chalmers,Shawn Marion,Udonis Haslem,Yakhouba Diawara,Antawn Jamison,Caron Butler,DeShawn Stevenson,JaVale McGee,Nick Young,3,4:05,MIA,sub,,,,Yakhouba Diawara,,Daequan Cook,,,,,,,,,,,,
Dwyane Wade,Mario Chalmers,Shawn Marion,Udonis Haslem,Yakhouba Diawara,Antawn Jamison,Caron Butler,DeShawn Stevenson,JaVale McGee,Nick Young,3,4:05,WAS,free throw,,,,,,,2,,2,Caron Butler,,,foul,made,,,,
Dwyane Wade,Mario Chalmers,Shawn Marion,Udonis Haslem,Yakhouba Diawara,Antawn Jamison,Caron Butler,DeShawn Stevenson,JaVale McGee,Nick Young,3,3:48,WAS,foul,,,,,,,,Udonis Haslem,,Caron Butler,,,,,,personal,,
Dwyane Wade,Mario Chalmers,Shawn Marion,Udonis Haslem,Yakhouba Diawara,Antawn Jamison,Caron Butler,DeShawn Stevenson,JaVale McGee,Nick Young,3,3:36,MIA,shot,Mario Chalmers,,,,,,,,,Udonis Haslem,2,,,made,,jump,39,17
Dwyane Wade,Mario Chalmers,Shawn Marion,Udonis Haslem,Yakhouba Diawara,Antawn Jamison,Caron Butler,DeShawn Stevenson,JaVale McGee,Nick Young,3,3:21,WAS,turnover,,,,,,,,,,Nick Young,,,traveling,,,,,
Dwyane Wade,Mario Chalmers,Shawn Marion,Udonis Haslem,Yakhouba Diawara,Antawn Jamison,Caron Butler,DeShawn Stevenson,JaVale McGee,Nick Young,3,3:07,MIA,shot,,,,,,,,,,Shawn Marion,,,,missed,,jump,16,22
Dwyane Wade,Mario Chalmers,Shawn Marion,Udonis Haslem,Yakhouba Diawara,Antawn Jamison,Caron Butler,DeShawn Stevenson,JaVale McGee,Nick Young,3,3:05,WAS,rebound,,,,,,,,,,Caron Butler,,,,,,def,,
Dwyane Wade,Mario Chalmers,Shawn Marion,Udonis Haslem,Yakhouba Diawara,Antawn Jamison,Caron Butler,DeShawn Stevenson,JaVale McGee,Nick Young,3,3:05,MIA,foul,,,,,,,,Caron Butler,,Mario Chalmers,,,,,,personal,,
Dwyane Wade,Mario Chalmers,Shawn Marion,Udonis Haslem,Yakhouba Diawara,Antawn Jamison,Caron Butler,DeShawn Stevenson,JaVale McGee,Nick Young,3,3:05,WAS,free throw,,,,,,,1,,2,Caron Butler,,,foul,made,,,,
Dwyane Wade,Mario Chalmers,Shawn Marion,Udonis Haslem,Yakhouba Diawara,Antawn Jamison,Caron Butler,Darius Songaila,DeShawn Stevenson,Nick Young,3,3:05,WAS,sub,,,,Darius Songaila,,JaVale McGee,,,,,,,,,,,,
Dwyane Wade,Mario Chalmers,Shawn Marion,Udonis Haslem,Yakhouba Diawara,Antawn Jamison,Caron Butler,Darius Songaila,DeShawn Stevenson,Nick Young,3,3:05,WAS,free throw,,,,,,,2,,2,Caron Butler,,,foul,made,,,,
Dwyane Wade,Mario Chalmers,Shawn Marion,Udonis Haslem,Yakhouba Diawara,Antawn Jamison,Caron Butler,Darius Songaila,DeShawn Stevenson,Nick Young,3,2:51,MIA,shot,,,,,,,,,,Dwyane Wade,,,,missed,,layup,23,6
Dwyane Wade,Mario Chalmers,Shawn Marion,Udonis Haslem,Yakhouba Diawara,Antawn Jamison,Caron Butler,Darius Songaila,DeShawn Stevenson,Nick Young,3,2:50,MIA,rebound,,,,,,,,,,Shawn Marion,,,,,,off,,
Dwyane Wade,Mario Chalmers,Shawn Marion,Udonis Haslem,Yakhouba Diawara,Antawn Jamison,Caron Butler,Darius Songaila,DeShawn Stevenson,Nick Young,3,2:48,MIA,shot,,,,,,,,,,Shawn Marion,,,,missed,,layup,25,6
Dwyane Wade,Mario Chalmers,Shawn Marion,Udonis Haslem,Yakhouba Diawara,Antawn Jamison,Caron Butler,Darius Songaila,DeShawn Stevenson,Nick Young,3,2:47,WAS,rebound,,,,,,,,,,,,,,,,,,
Dwyane Wade,Mario Chalmers,Shawn Marion,Udonis Haslem,Yakhouba Diawara,Antawn Jamison,Caron Butler,Darius Songaila,DeShawn Stevenson,Nick Young,3,2:32,WAS,shot,,,,,,,,,,Antawn Jamison,2,,,made,,turnaround hook,14,6
Dwyane Wade,Mario Chalmers,Shawn Marion,Udonis Haslem,Yakhouba Diawara,Antawn Jamison,Caron Butler,Darius Songaila,DeShawn Stevenson,Nick Young,3,2:16,WAS,foul,,,,,,,,Dwyane Wade,,Antawn Jamison,,,,,,shooting,,
Chris Quinn,Dwyane Wade,Shawn Marion,Udonis Haslem,Yakhouba Diawara,Antawn Jamison,Caron Butler,Darius Songaila,DeShawn Stevenson,Nick Young,3,2:16,MIA,sub,,,,Chris Quinn,,Mario Chalmers,,,,,,,,,,,,
Chris Quinn,Dwyane Wade,Shawn Marion,Udonis Haslem,Yakhouba Diawara,Antawn Jamison,Caron Butler,Darius Songaila,DeShawn Stevenson,Nick Young,3,2:16,MIA,free throw,,,,,,,1,,2,Dwyane Wade,,,foul,made,,,,
Chris Quinn,Dwyane Wade,Joel Anthony,Shawn Marion,Yakhouba Diawara,Antawn Jamison,Caron Butler,Darius Songaila,DeShawn Stevenson,Nick Young,3,2:16,MIA,sub,,,,Joel Anthony,,Udonis Haslem,,,,,,,,,,,,
Chris Quinn,Dwyane Wade,Joel Anthony,Shawn Marion,Yakhouba Diawara,Antawn Jamison,Caron Butler,Darius Songaila,DeShawn Stevenson,Nick Young,3,2:16,MIA,free throw,,,,,,,2,,2,Dwyane Wade,,,foul,missed,,,,
Chris Quinn,Dwyane Wade,Joel Anthony,Shawn Marion,Yakhouba Diawara,Antawn Jamison,Caron Butler,Darius Songaila,DeShawn Stevenson,Nick Young,3,2:15,WAS,rebound,,,,,,,,,,Antawn Jamison,,,,,,def,,
Chris Quinn,Dwyane Wade,Joel Anthony,Shawn Marion,Yakhouba Diawara,Antawn Jamison,Caron Butler,Darius Songaila,DeShawn Stevenson,Nick Young,3,2:00,WAS,turnover,,,,,,,,,,Nick Young,,,lost ball,,Dwyane Wade,,,
Chris Quinn,Dwyane Wade,Joel Anthony,Shawn Marion,Yakhouba Diawara,Antawn Jamison,Caron Butler,Darius Songaila,DeShawn Stevenson,Nick Young,3,1:53,MIA,shot,Dwyane Wade,,,,,,,,,Chris Quinn,2,,,made,,jump,14,18
Chris Quinn,Dwyane Wade,Joel Anthony,Shawn Marion,Yakhouba Diawara,Antawn Jamison,Caron Butler,Darius Songaila,DeShawn Stevenson,Nick Young,3,1:36,WAS,shot,,,,,,,,,,Antawn Jamison,2,,,made,,driving hook,25,10
Chris Quinn,Dwyane Wade,Joel Anthony,Shawn Marion,Yakhouba Diawara,Antawn Jamison,Caron Butler,Darius Songaila,DeShawn Stevenson,Nick Young,3,1:18,MIA,shot,,,,,,,,,,Yakhouba Diawara,,,,missed,,3pt,1,10
Chris Quinn,Dwyane Wade,Joel Anthony,Shawn Marion,Yakhouba Diawara,Antawn Jamison,Caron Butler,Darius Songaila,DeShawn Stevenson,Nick Young,3,1:17,MIA,rebound,,,,,,,,,,Dwyane Wade,,,,,,off,,
Chris Quinn,Dwyane Wade,Joel Anthony,Shawn Marion,Yakhouba Diawara,Antawn Jamison,Caron Butler,Darius Songaila,DeShawn Stevenson,Nick Young,3,1:16,MIA,shot,,,,,,,,,,Dwyane Wade,,,,missed,,layup,25,6
Chris Quinn,Dwyane Wade,Joel Anthony,Shawn Marion,Yakhouba Diawara,Antawn Jamison,Caron Butler,Darius Songaila,DeShawn Stevenson,Nick Young,3,1:16,MIA,rebound,,,,,,,,,,Joel Anthony,,,,,,off,,
Chris Quinn,Dwyane Wade,Joel Anthony,Shawn Marion,Yakhouba Diawara,Antawn Jamison,Caron Butler,Darius Songaila,DeShawn Stevenson,Nick Young,3,1:16,WAS,foul,,,,,,,,Joel Anthony,,DeShawn Stevenson,,,,,,shooting,,
Chris Quinn,Dwyane Wade,Joel Anthony,Shawn Marion,Yakhouba Diawara,Antawn Jamison,Caron Butler,Darius Songaila,DeShawn Stevenson,Nick Young,3,1:16,MIA,free throw,,,,,,,1,,2,Joel Anthony,,,foul,missed,,,,
Chris Quinn,Dwyane Wade,Joel Anthony,Shawn Marion,Yakhouba Diawara,Antawn Jamison,Caron Butler,Darius Songaila,DeShawn Stevenson,Nick Young,3,1:16,MIA,rebound,,,,,,,,,,,,,,,,,,
Chris Quinn,Joel Anthony,Mario Chalmers,Shawn Marion,Yakhouba Diawara,Antawn Jamison,Caron Butler,Darius Songaila,DeShawn Stevenson,Nick Young,3,1:16,MIA,sub,,,,Mario Chalmers,,Dwyane Wade,,,,,,,,,,,,
Chris Quinn,Joel Anthony,Mario Chalmers,Shawn Marion,Yakhouba Diawara,Antawn Jamison,Caron Butler,Darius Songaila,DeShawn Stevenson,Nick Young,3,1:16,MIA,free throw,,,,,,,2,,2,Joel Anthony,,,foul,made,,,,
Chris Quinn,Joel Anthony,Mario Chalmers,Shawn Marion,Yakhouba Diawara,Antawn Jamison,Caron Butler,Darius Songaila,DeShawn Stevenson,Nick Young,3,1:04,WAS,shot,Darius Songaila,,,,,,,,,Caron Butler,2,,,made,,dunk,26,7
Chris Quinn,Joel Anthony,Mario Chalmers,Shawn Marion,Yakhouba Diawara,Antawn Jamison,Caron Butler,Darius Songaila,DeShawn Stevenson,Nick Young,3,0:42,MIA,shot,,,,,,,,,,Yakhouba Diawara,,,,missed,,layup,26,7
Chris Quinn,Joel Anthony,Mario Chalmers,Shawn Marion,Yakhouba Diawara,Antawn Jamison,Caron Butler,Darius Songaila,DeShawn Stevenson,Nick Young,3,0:41,MIA,rebound,,,,,,,,,,Joel Anthony,,,,,,off,,
Chris Quinn,Joel Anthony,Mario Chalmers,Shawn Marion,Yakhouba Diawara,Antawn Jamison,Caron Butler,Darius Songaila,DeShawn Stevenson,Nick Young,3,0:40,OFF,jump ball,,Joel Anthony,,,Darius Songaila,,,,,,,Miami,,,,,,
Chris Quinn,Joel Anthony,Mario Chalmers,Shawn Marion,Yakhouba Diawara,Antawn Jamison,Caron Butler,Darius Songaila,DeShawn Stevenson,Nick Young,3,0:33,MIA,shot,,,,,,,,,,Chris Quinn,,,,missed,,jump,31,9
Chris Quinn,Joel Anthony,Mario Chalmers,Shawn Marion,Yakhouba Diawara,Antawn Jamison,Caron Butler,Darius Songaila,DeShawn Stevenson,Nick Young,3,0:33,MIA,rebound,,,,,,,,,,,,,,,,,,
Chris Quinn,Joel Anthony,Mario Chalmers,Shawn Marion,Yakhouba Diawara,Antawn Jamison,Caron Butler,Darius Songaila,DeShawn Stevenson,Nick Young,3,0:33,WAS,foul,,,,,,,,Joel Anthony,,Nick Young,,,,,,loose ball,,
Chris Quinn,Joel Anthony,Mario Chalmers,Shawn Marion,Yakhouba Diawara,Antawn Jamison,Caron Butler,Darius Songaila,DeShawn Stevenson,Nick Young,3,0:33,MIA,free throw,,,,,,,1,,2,Joel Anthony,,,foul,missed,,,,
Chris Quinn,Joel Anthony,Mario Chalmers,Shawn Marion,Yakhouba Diawara,Antawn Jamison,Caron Butler,Darius Songaila,DeShawn Stevenson,Nick Young,3,0:33,MIA,rebound,,,,,,,,,,,,,,,,,,
Chris Quinn,Joel Anthony,Mario Chalmers,Shawn Marion,Yakhouba Diawara,Antawn Jamison,Caron Butler,Darius Songaila,Juan Dixon,Nick Young,3,0:33,WAS,sub,,,,Juan Dixon,,DeShawn Stevenson,,,,,,,,,,,,
Chris Quinn,Joel Anthony,Mario Chalmers,Shawn Marion,Yakhouba Diawara,Antawn Jamison,Caron Butler,Darius Songaila,Juan Dixon,Nick Young,3,0:33,MIA,free throw,,,,,,,2,,2,Joel Anthony,,,foul,missed,,,,
Chris Quinn,Joel Anthony,Mario Chalmers,Shawn Marion,Yakhouba Diawara,Antawn Jamison,Caron Butler,Darius Songaila,Juan Dixon,Nick Young,3,0:32,WAS,rebound,,,,,,,,,,Caron Butler,,,,,,def,,
Chris Quinn,Joel Anthony,Mario Chalmers,Shawn Marion,Yakhouba Diawara,Antawn Jamison,Caron Butler,Darius Songaila,Juan Dixon,Nick Young,3,0:20,WAS,shot,,,,,,,,,,Nick Young,,,,missed,,jump,11,9
Chris Quinn,Joel Anthony,Mario Chalmers,Shawn Marion,Yakhouba Diawara,Antawn Jamison,Caron Butler,Darius Songaila,Juan Dixon,Nick Young,3,0:19,MIA,rebound,,,,,,,,,,Joel Anthony,,,,,,def,,
Chris Quinn,Joel Anthony,Mario Chalmers,Shawn Marion,Yakhouba Diawara,Antawn Jamison,Caron Butler,Darius Songaila,Juan Dixon,Nick Young,3,0:00,MIA,shot,,,Juan Dixon,,,,,,,Chris Quinn,,,,missed,,jump,34,10
Chris Quinn,Joel Anthony,Mario Chalmers,Shawn Marion,Yakhouba Diawara,Antawn Jamison,Caron Butler,Darius Songaila,Juan Dixon,Nick Young,3,0:00,MIA,rebound,,,,,,,,,,,,,,,,,,
Chris Quinn,Daequan Cook,Joel Anthony,Mario Chalmers,Shawn Marion,Antawn Jamison,Caron Butler,Darius Songaila,Juan Dixon,Nick Young,4,11:47,WAS,shot,,,,,,,,,,Darius Songaila,,,,missed,,layup,25,6
Chris Quinn,Daequan Cook,Joel Anthony,Mario Chalmers,Shawn Marion,Antawn Jamison,Caron Butler,Darius Songaila,Juan Dixon,Nick Young,4,11:46,MIA,rebound,,,,,,,,,,Daequan Cook,,,,,,def,,
Chris Quinn,Daequan Cook,Joel Anthony,Mario Chalmers,Shawn Marion,Antawn Jamison,Caron Butler,Darius Songaila,Juan Dixon,Nick Young,4,11:25,MIA,turnover,,,,,,,,,,Mario Chalmers,,,lost ball,,Nick Young,,,
Chris Quinn,Daequan Cook,Joel Anthony,Mario Chalmers,Shawn Marion,Antawn Jamison,Caron Butler,Darius Songaila,Juan Dixon,Nick Young,4,11:20,WAS,shot,Antawn Jamison,,,,,,,,,Juan Dixon,2,,,made,,running layup,26,6
Chris Quinn,Daequan Cook,Joel Anthony,Mario Chalmers,Shawn Marion,Antawn Jamison,Caron Butler,Darius Songaila,Juan Dixon,Nick Young,4,10:50,MIA,shot,,,,,,,,,,Daequan Cook,2,,,made,,fade away jumper,40,6
Chris Quinn,Daequan Cook,Joel Anthony,Mario Chalmers,Shawn Marion,Antawn Jamison,Caron Butler,Darius Songaila,Juan Dixon,Nick Young,4,10:34,WAS,shot,,,,,,,,,,Nick Young,,,,missed,,3pt,1,10
Chris Quinn,Daequan Cook,Joel Anthony,Mario Chalmers,Shawn Marion,Antawn Jamison,Caron Butler,Darius Songaila,Juan Dixon,Nick Young,4,10:33,MIA,rebound,,,,,,,,,,Shawn Marion,,,,,,def,,
Chris Quinn,Daequan Cook,Joel Anthony,Mario Chalmers,Shawn Marion,Antawn Jamison,Caron Butler,Darius Songaila,Juan Dixon,Nick Young,4,10:28,WAS,foul,,,,,,,,Shawn Marion,,Nick Young,,,,,,personal,,
Chris Quinn,Daequan Cook,Joel Anthony,Mario Chalmers,Shawn Marion,Antawn Jamison,Caron Butler,Darius Songaila,Juan Dixon,Nick Young,4,10:11,MIA,shot,Daequan Cook,,,,,,,,,Mario Chalmers,3,,,made,,3pt,27,33
Chris Quinn,Daequan Cook,Joel Anthony,Mario Chalmers,Shawn Marion,Antawn Jamison,Caron Butler,Darius Songaila,Juan Dixon,Nick Young,4,9:52,WAS,shot,Juan Dixon,,,,,,,,,Darius Songaila,2,,,made,,layup,23,6
Chris Quinn,Daequan Cook,Joel Anthony,Mario Chalmers,Shawn Marion,Antawn Jamison,Caron Butler,Darius Songaila,Juan Dixon,Nick Young,4,9:52,MIA,foul,,,,,,,,Darius Songaila,,Joel Anthony,,,,,,shooting,,
Chris Quinn,Daequan Cook,Joel Anthony,Mario Chalmers,Shawn Marion,Andray Blatche,Caron Butler,Darius Songaila,Juan Dixon,Nick Young,4,9:52,WAS,sub,,,,Andray Blatche,,Antawn Jamison,,,,,,,,,,,,
Chris Quinn,Daequan Cook,Joel Anthony,Mario Chalmers,Shawn Marion,Andray Blatche,Caron Butler,Darius Songaila,Juan Dixon,Nick Young,4,9:52,WAS,free throw,,,,,,,1,,1,Darius Songaila,,,foul,made,,,,
Chris Quinn,Daequan Cook,Joel Anthony,Mario Chalmers,Shawn Marion,Andray Blatche,Caron Butler,Darius Songaila,Juan Dixon,Nick Young,4,9:29,MIA,shot,,,,,,,,,,Daequan Cook,3,,,made,,3pt,26,33
Chris Quinn,Daequan Cook,Joel Anthony,Mario Chalmers,Shawn Marion,Andray Blatche,Caron Butler,Darius Songaila,Juan Dixon,Nick Young,4,9:13,WAS,shot,,,Joel Anthony,,,,,,,Juan Dixon,,,,missed,,jump,21,5
Chris Quinn,Daequan Cook,Joel Anthony,Mario Chalmers,Shawn Marion,Andray Blatche,Caron Butler,Darius Songaila,Juan Dixon,Nick Young,4,9:13,WAS,rebound,,,,,,,,,,,,,,,,,,
Chris Quinn,Daequan Cook,Joel Anthony,Mario Chalmers,Udonis Haslem,Andray Blatche,Caron Butler,Darius Songaila,Juan Dixon,Nick Young,4,9:13,MIA,sub,,,,Udonis Haslem,,Shawn Marion,,,,,,,,,,,,
Chris Quinn,Daequan Cook,Joel Anthony,Mario Chalmers,Udonis Haslem,Andray Blatche,Caron Butler,Darius Songaila,Juan Dixon,Nick Young,4,8:57,WAS,shot,,,,,,,,,,Nick Young,,,,missed,,jump,6,12
Chris Quinn,Daequan Cook,Joel Anthony,Mario Chalmers,Udonis Haslem,Andray Blatche,Caron Butler,Darius Songaila,Juan Dixon,Nick Young,4,8:57,MIA,rebound,,,,,,,,,,,,,,,,,,
Chris Quinn,Daequan Cook,Joel Anthony,Mario Chalmers,Udonis Haslem,Andray Blatche,Caron Butler,Darius Songaila,Juan Dixon,Nick Young,4,8:57,OFF,timeout,,,,,,,,,,,,,,,,official,,
Chris Quinn,Daequan Cook,Joel Anthony,Mario Chalmers,Udonis Haslem,Andray Blatche,Caron Butler,Darius Songaila,Juan Dixon,Nick Young,4,8:50,WAS,foul,,,,,,,,Mario Chalmers,,Darius Songaila,,,,,,personal,,
Chris Quinn,Daequan Cook,Joel Anthony,Mario Chalmers,Udonis Haslem,Andray Blatche,Caron Butler,Darius Songaila,Juan Dixon,Nick Young,4,8:31,MIA,shot,Chris Quinn,,,,,,,,,Udonis Haslem,2,,,made,,layup,22,7
Chris Quinn,Daequan Cook,Joel Anthony,Mario Chalmers,Udonis Haslem,Andray Blatche,Caron Butler,Darius Songaila,Juan Dixon,Nick Young,4,8:15,WAS,foul,,,,,,,,Joel Anthony,,Darius Songaila,,,,,,offensive,,
Chris Quinn,Daequan Cook,Joel Anthony,Mario Chalmers,Udonis Haslem,Andray Blatche,Caron Butler,Darius Songaila,Juan Dixon,Nick Young,4,8:15,WAS,turnover,,,,,,,,,,Darius Songaila,,,foul,,,,,
Chris Quinn,Daequan Cook,Joel Anthony,Mario Chalmers,Udonis Haslem,Andray Blatche,Caron Butler,Darius Songaila,Juan Dixon,Nick Young,4,7:53,MIA,shot,Mario Chalmers,,,,,,,,,Daequan Cook,2,,,made,,step back jump,23,20
Chris Quinn,Daequan Cook,Joel Anthony,Mario Chalmers,Udonis Haslem,Andray Blatche,Caron Butler,Darius Songaila,Juan Dixon,Nick Young,4,7:43,MIA,foul,,,,,,,,Nick Young,,Joel Anthony,,,,,,shooting,,
Chris Quinn,Daequan Cook,Joel Anthony,Mario Chalmers,Udonis Haslem,Andray Blatche,Caron Butler,Darius Songaila,Juan Dixon,Nick Young,4,7:43,WAS,free throw,,,,,,,1,,2,Nick Young,,,foul,made,,,,
Chris Quinn,Daequan Cook,Joel Anthony,Mario Chalmers,Udonis Haslem,Andray Blatche,Caron Butler,JaVale McGee,Juan Dixon,Nick Young,4,7:43,WAS,sub,,,,JaVale McGee,,Darius Songaila,,,,,,,,,,,,
Chris Quinn,Daequan Cook,Joel Anthony,Mario Chalmers,Udonis Haslem,Andray Blatche,Antawn Jamison,JaVale McGee,Juan Dixon,Nick Young,4,7:43,WAS,sub,,,,Antawn Jamison,,Caron Butler,,,,,,,,,,,,
Chris Quinn,Daequan Cook,Joel Anthony,Mario Chalmers,Udonis Haslem,Andray Blatche,Antawn Jamison,JaVale McGee,Juan Dixon,Nick Young,4,7:43,WAS,free throw,,,,,,,2,,2,Nick Young,,,foul,made,,,,
Chris Quinn,Daequan Cook,Joel Anthony,Mario Chalmers,Udonis Haslem,Andray Blatche,Antawn Jamison,JaVale McGee,Juan Dixon,Nick Young,4,7:30,MIA,shot,,,,,,,,,,Daequan Cook,,,,missed,,3pt,2,9
Chris Quinn,Daequan Cook,Joel Anthony,Mario Chalmers,Udonis Haslem,Andray Blatche,Antawn Jamison,JaVale McGee,Juan Dixon,Nick Young,4,7:29,WAS,rebound,,,,,,,,,,Nick Young,,,,,,def,,
Chris Quinn,Daequan Cook,Joel Anthony,Mario Chalmers,Udonis Haslem,Andray Blatche,Antawn Jamison,JaVale McGee,Juan Dixon,Nick Young,4,7:20,MIA,foul,,,,,,,,Nick Young,,Udonis Haslem,,,,,,personal,,
Chris Quinn,Daequan Cook,Dwyane Wade,Joel Anthony,Udonis Haslem,Andray Blatche,Antawn Jamison,JaVale McGee,Juan Dixon,Nick Young,4,7:20,MIA,sub,,,,Dwyane Wade,,Mario Chalmers,,,,,,,,,,,,
Chris Quinn,Daequan Cook,Dwyane Wade,Joel Anthony,Udonis Haslem,Andray Blatche,Antawn Jamison,JaVale McGee,Juan Dixon,Nick Young,4,7:10,WAS,shot,,,,,,,,,,Antawn Jamison,,,,missed,,layup,23,6
Chris Quinn,Daequan Cook,Dwyane Wade,Joel Anthony,Udonis Haslem,Andray Blatche,Antawn Jamison,JaVale McGee,Juan Dixon,Nick Young,4,7:09,MIA,rebound,,,,,,,,,,Udonis Haslem,,,,,,def,,
Chris Quinn,Daequan Cook,Dwyane Wade,Joel Anthony,Udonis Haslem,Andray Blatche,Antawn Jamison,JaVale McGee,Juan Dixon,Nick Young,4,7:02,MIA,turnover,,,,,,,,,,Dwyane Wade,,,bad pass,,Nick Young,,,
Chris Quinn,Daequan Cook,Dwyane Wade,Joel Anthony,Udonis Haslem,Andray Blatche,Antawn Jamison,JaVale McGee,Juan Dixon,Nick Young,4,7:02,MIA,foul,,,,,,,,Antawn Jamison,,Dwyane Wade,,,,,,loose ball,,
Chris Quinn,Daequan Cook,Dwyane Wade,Joel Anthony,Udonis Haslem,Andray Blatche,Antawn Jamison,JaVale McGee,Juan Dixon,Nick Young,4,6:45,WAS,shot,,,Joel Anthony,,,,,,,Nick Young,,,,missed,,jump,31,6
Chris Quinn,Daequan Cook,Dwyane Wade,Joel Anthony,Udonis Haslem,Andray Blatche,Antawn Jamison,JaVale McGee,Juan Dixon,Nick Young,4,6:42,MIA,rebound,,,,,,,,,,Chris Quinn,,,,,,def,,
Chris Quinn,Daequan Cook,Dwyane Wade,Joel Anthony,Udonis Haslem,Andray Blatche,Antawn Jamison,JaVale McGee,Juan Dixon,Nick Young,4,6:39,MIA,turnover,,,,,,,,,,Chris Quinn,,,lost ball,,Andray Blatche,,,
Chris Quinn,Daequan Cook,Dwyane Wade,Joel Anthony,Udonis Haslem,Andray Blatche,Antawn Jamison,JaVale McGee,Juan Dixon,Nick Young,4,6:39,WAS,turnover,,,,,,,,,,Andray Blatche,,,traveling,,,,,
Chris Quinn,Daequan Cook,Dwyane Wade,Joel Anthony,Udonis Haslem,Andray Blatche,Antawn Jamison,JaVale McGee,Juan Dixon,Nick Young,4,6:36,MIA,shot,,,,,,,,,,Dwyane Wade,,,,missed,,layup,25,4
Chris Quinn,Daequan Cook,Dwyane Wade,Joel Anthony,Udonis Haslem,Andray Blatche,Antawn Jamison,JaVale McGee,Juan Dixon,Nick Young,4,6:35,WAS,rebound,,,,,,,,,,JaVale McGee,,,,,,def,,
Chris Quinn,Daequan Cook,Dwyane Wade,Joel Anthony,Udonis Haslem,Andray Blatche,Antawn Jamison,JaVale McGee,Juan Dixon,Nick Young,4,6:24,WAS,shot,Juan Dixon,,,,,,,,,Antawn Jamison,3,,,made,,3pt,39,28
Chris Quinn,Daequan Cook,Dwyane Wade,Joel Anthony,Udonis Haslem,Andray Blatche,Antawn Jamison,JaVale McGee,Juan Dixon,Nick Young,4,6:14,MIA,timeout,,,,,,,,,,,,,,,,regular,,
Chris Quinn,Daequan Cook,Dwyane Wade,Joel Anthony,Udonis Haslem,Andray Blatche,Antawn Jamison,Caron Butler,JaVale McGee,Juan Dixon,4,6:14,WAS,sub,,,,Caron Butler,,Nick Young,,,,,,,,,,,,
Chris Quinn,Daequan Cook,Dwyane Wade,Shawn Marion,Udonis Haslem,Andray Blatche,Antawn Jamison,Caron Butler,JaVale McGee,Juan Dixon,4,6:14,MIA,sub,,,,Shawn Marion,,Joel Anthony,,,,,,,,,,,,
Chris Quinn,Daequan Cook,Dwyane Wade,Shawn Marion,Udonis Haslem,Andray Blatche,Antawn Jamison,Caron Butler,JaVale McGee,Juan Dixon,4,6:05,MIA,shot,,,,,,,,,,Chris Quinn,,,,missed,,3pt,43,25
Chris Quinn,Daequan Cook,Dwyane Wade,Shawn Marion,Udonis Haslem,Andray Blatche,Antawn Jamison,Caron Butler,JaVale McGee,Juan Dixon,4,6:04,WAS,rebound,,,,,,,,,,JaVale McGee,,,,,,def,,
Chris Quinn,Daequan Cook,Dwyane Wade,Shawn Marion,Udonis Haslem,Andray Blatche,Antawn Jamison,Caron Butler,JaVale McGee,Juan Dixon,4,5:46,WAS,shot,,,,,,,,,,Juan Dixon,2,,,made,,floating jump,27,12
Chris Quinn,Daequan Cook,Dwyane Wade,Shawn Marion,Udonis Haslem,Andray Blatche,Antawn Jamison,Caron Butler,JaVale McGee,Juan Dixon,4,5:23,MIA,turnover,,,,,,,,,,Dwyane Wade,,,bad pass,,Antawn Jamison,,,
Chris Quinn,Daequan Cook,Dwyane Wade,Shawn Marion,Udonis Haslem,Andray Blatche,Antawn Jamison,Caron Butler,JaVale McGee,Juan Dixon,4,5:09,WAS,foul,,,,,,,,Udonis Haslem,,Andray Blatche,,,,,,offensive,,
Chris Quinn,Daequan Cook,Dwyane Wade,Shawn Marion,Udonis Haslem,Andray Blatche,Antawn Jamison,Caron Butler,JaVale McGee,Juan Dixon,4,5:09,WAS,turnover,,,,,,,,,,Andray Blatche,,,foul,,,,,
Chris Quinn,Daequan Cook,Dwyane Wade,Shawn Marion,Udonis Haslem,Andray Blatche,Antawn Jamison,Caron Butler,JaVale McGee,Juan Dixon,4,4:56,MIA,shot,,,,,,,,,,Shawn Marion,,,,missed,,jump,12,9
Chris Quinn,Daequan Cook,Dwyane Wade,Shawn Marion,Udonis Haslem,Andray Blatche,Antawn Jamison,Caron Butler,JaVale McGee,Juan Dixon,4,4:55,MIA,rebound,,,,,,,,,,Udonis Haslem,,,,,,off,,
Chris Quinn,Daequan Cook,Dwyane Wade,Shawn Marion,Udonis Haslem,Andray Blatche,Antawn Jamison,Caron Butler,JaVale McGee,Juan Dixon,4,4:55,WAS,foul,,,,,,,,Udonis Haslem,,JaVale McGee,,,,,,shooting,,
Chris Quinn,Daequan Cook,Dwyane Wade,Shawn Marion,Udonis Haslem,Andray Blatche,Antawn Jamison,Caron Butler,JaVale McGee,Juan Dixon,4,4:55,MIA,free throw,,,,,,,1,,2,Udonis Haslem,,,foul,made,,,,
Daequan Cook,Dwyane Wade,Mario Chalmers,Shawn Marion,Udonis Haslem,Andray Blatche,Antawn Jamison,Caron Butler,JaVale McGee,Juan Dixon,4,4:55,MIA,sub,,,,Mario Chalmers,,Chris Quinn,,,,,,,,,,,,
Daequan Cook,Dwyane Wade,Mario Chalmers,Shawn Marion,Udonis Haslem,Andray Blatche,Antawn Jamison,Caron Butler,JaVale McGee,Juan Dixon,4,4:55,MIA,free throw,,,,,,,2,,2,Udonis Haslem,,,foul,made,,,,
Daequan Cook,Dwyane Wade,Mario Chalmers,Shawn Marion,Udonis Haslem,Andray Blatche,Antawn Jamison,Caron Butler,JaVale McGee,Juan Dixon,4,4:40,WAS,shot,,,,,,,,,,Andray Blatche,2,,,made,,layup,27,7
Daequan Cook,Dwyane Wade,Mario Chalmers,Shawn Marion,Udonis Haslem,Andray Blatche,Antawn Jamison,Caron Butler,JaVale McGee,Juan Dixon,4,4:23,WAS,foul,,,,,,,,Dwyane Wade,,Caron Butler,,,,,,shooting,,
Daequan Cook,Dwyane Wade,Mario Chalmers,Shawn Marion,Udonis Haslem,Andray Blatche,Antawn Jamison,Caron Butler,JaVale McGee,Juan Dixon,4,4:23,MIA,free throw,,,,,,,1,,2,Dwyane Wade,,,foul,made,,,,
Daequan Cook,Dwyane Wade,Mario Chalmers,Shawn Marion,Udonis Haslem,Andray Blatche,Antawn Jamison,Caron Butler,JaVale McGee,Juan Dixon,4,4:23,MIA,free throw,,,,,,,2,,2,Dwyane Wade,,,foul,missed,,,,
Daequan Cook,Dwyane Wade,Mario Chalmers,Shawn Marion,Udonis Haslem,Andray Blatche,Antawn Jamison,Caron Butler,JaVale McGee,Juan Dixon,4,4:22,WAS,rebound,,,,,,,,,,Caron Butler,,,,,,def,,
Daequan Cook,Dwyane Wade,Mario Chalmers,Shawn Marion,Udonis Haslem,Andray Blatche,Antawn Jamison,Caron Butler,JaVale McGee,Juan Dixon,4,4:13,WAS,shot,,,,,,,,,,Juan Dixon,,,,missed,,3pt,42,24
Daequan Cook,Dwyane Wade,Mario Chalmers,Shawn Marion,Udonis Haslem,Andray Blatche,Antawn Jamison,Caron Butler,JaVale McGee,Juan Dixon,4,4:12,MIA,rebound,,,,,,,,,,Shawn Marion,,,,,,def,,
Daequan Cook,Dwyane Wade,Mario Chalmers,Shawn Marion,Udonis Haslem,Andray Blatche,Antawn Jamison,Caron Butler,JaVale McGee,Juan Dixon,4,4:01,MIA,turnover,,,,,,,,,,Dwyane Wade,,,out of bounds lost ball turnover,,,,,
Daequan Cook,Dwyane Wade,Mario Chalmers,Shawn Marion,Udonis Haslem,Antawn Jamison,Caron Butler,JaVale McGee,Juan Dixon,Nick Young,4,3:47,WAS,sub,,,,Nick Young,,Andray Blatche,,,,,,,,,,,,
Daequan Cook,Dwyane Wade,Mario Chalmers,Shawn Marion,Udonis Haslem,Antawn Jamison,Caron Butler,JaVale McGee,Juan Dixon,Nick Young,4,3:36,WAS,shot,,,,,,,,,,Caron Butler,,,,missed,,3pt,44,29
Daequan Cook,Dwyane Wade,Mario Chalmers,Shawn Marion,Udonis Haslem,Antawn Jamison,Caron Butler,JaVale McGee,Juan Dixon,Nick Young,4,3:35,MIA,rebound,,,,,,,,,,,,,,,,,,
Daequan Cook,Dwyane Wade,Mario Chalmers,Shawn Marion,Udonis Haslem,Antawn Jamison,Caron Butler,JaVale McGee,Juan Dixon,Nick Young,4,3:27,WAS,foul,,,,,,,,Mario Chalmers,,Antawn Jamison,,,,,,personal,,
Daequan Cook,Dwyane Wade,Mario Chalmers,Shawn Marion,Udonis Haslem,Antawn Jamison,Caron Butler,JaVale McGee,Juan Dixon,Nick Young,4,3:27,MIA,free throw,,,,,,,1,,2,Mario Chalmers,,,foul,made,,,,
Daequan Cook,Dwyane Wade,Mario Chalmers,Shawn Marion,Udonis Haslem,Antawn Jamison,Caron Butler,JaVale McGee,Juan Dixon,Nick Young,4,3:27,MIA,free throw,,,,,,,2,,2,Mario Chalmers,,,foul,made,,,,
Daequan Cook,Dwyane Wade,Mario Chalmers,Shawn Marion,Udonis Haslem,Antawn Jamison,Caron Butler,JaVale McGee,Juan Dixon,Nick Young,4,3:17,WAS,shot,,,,,,,,,,Juan Dixon,2,,,made,,driving layup,25,5
Daequan Cook,Dwyane Wade,Mario Chalmers,Shawn Marion,Udonis Haslem,Antawn Jamison,Caron Butler,JaVale McGee,Juan Dixon,Nick Young,4,3:02,MIA,shot,,,,,,,,,,Daequan Cook,,,,missed,,3pt,3,19
Daequan Cook,Dwyane Wade,Mario Chalmers,Shawn Marion,Udonis Haslem,Antawn Jamison,Caron Butler,JaVale McGee,Juan Dixon,Nick Young,4,3:00,WAS,rebound,,,,,,,,,,,,,,,,,,
Daequan Cook,Dwyane Wade,Mario Chalmers,Shawn Marion,Udonis Haslem,Antawn Jamison,Caron Butler,JaVale McGee,Juan Dixon,Nick Young,4,3:00,MIA,foul,,,,,,,,Antawn Jamison,,Udonis Haslem,,,,,,personal,,
Daequan Cook,Dwyane Wade,Mario Chalmers,Shawn Marion,Udonis Haslem,Antawn Jamison,Caron Butler,JaVale McGee,Juan Dixon,Nick Young,4,3:00,WAS,free throw,,,,,,,1,,2,Antawn Jamison,,,foul,made,,,,
Daequan Cook,Dwyane Wade,Mario Chalmers,Shawn Marion,Udonis Haslem,Antawn Jamison,Caron Butler,JaVale McGee,Juan Dixon,Nick Young,4,3:00,WAS,free throw,,,,,,,2,,2,Antawn Jamison,,,foul,made,,,,
Daequan Cook,Dwyane Wade,Mario Chalmers,Shawn Marion,Udonis Haslem,Antawn Jamison,Caron Butler,JaVale McGee,Juan Dixon,Nick Young,4,2:50,MIA,shot,,,,,,,,,,Mario Chalmers,,,,missed,,3pt,48,9
Daequan Cook,Dwyane Wade,Mario Chalmers,Shawn Marion,Udonis Haslem,Antawn Jamison,Caron Butler,JaVale McGee,Juan Dixon,Nick Young,4,2:47,WAS,rebound,,,,,,,,,,JaVale McGee,,,,,,def,,
Daequan Cook,Dwyane Wade,Mario Chalmers,Shawn Marion,Udonis Haslem,Antawn Jamison,Caron Butler,JaVale McGee,Juan Dixon,Nick Young,4,2:43,WAS,turnover,,,,,,,,,,Nick Young,,,traveling,,,,,
Daequan Cook,Dwyane Wade,Mario Chalmers,Shawn Marion,Udonis Haslem,Antawn Jamison,Caron Butler,JaVale McGee,Juan Dixon,Nick Young,4,2:43,WAS,timeout,,,,,,,,,,,,,,,,regular,,
Daequan Cook,Dwyane Wade,Mario Chalmers,Shawn Marion,Udonis Haslem,Antawn Jamison,Caron Butler,DeShawn Stevenson,JaVale McGee,Nick Young,4,2:43,WAS,sub,,,,DeShawn Stevenson,,Juan Dixon,,,,,,,,,,,,
Daequan Cook,Dwyane Wade,Mario Chalmers,Shawn Marion,Udonis Haslem,Antawn Jamison,Caron Butler,DeShawn Stevenson,JaVale McGee,Nick Young,4,2:32,MIA,shot,,,,,,,,,,Dwyane Wade,,,,missed,,jump,43,11
Daequan Cook,Dwyane Wade,Mario Chalmers,Shawn Marion,Udonis Haslem,Antawn Jamison,Caron Butler,DeShawn Stevenson,JaVale McGee,Nick Young,4,2:31,WAS,rebound,,,,,,,,,,Caron Butler,,,,,,def,,
Daequan Cook,Dwyane Wade,Mario Chalmers,Shawn Marion,Udonis Haslem,Antawn Jamison,Caron Butler,DeShawn Stevenson,JaVale McGee,Nick Young,4,2:09,WAS,shot,,,Dwyane Wade,,,,,,,Antawn Jamison,,,,missed,,jump,11,6
Daequan Cook,Dwyane Wade,Mario Chalmers,Shawn Marion,Udonis Haslem,Antawn Jamison,Caron Butler,DeShawn Stevenson,JaVale McGee,Nick Young,4,2:09,WAS,rebound,,,,,,,,,,,,,,,,,,
Daequan Cook,Dwyane Wade,Mario Chalmers,Shawn Marion,Udonis Haslem,Antawn Jamison,Caron Butler,DeShawn Stevenson,JaVale McGee,Nick Young,4,2:06,WAS,shot,,,,,,,,,,Caron Butler,,,,missed,,jump,5,11
Daequan Cook,Dwyane Wade,Mario Chalmers,Shawn Marion,Udonis Haslem,Antawn Jamison,Caron Butler,DeShawn Stevenson,JaVale McGee,Nick Young,4,2:05,WAS,rebound,,,,,,,,,,Antawn Jamison,,,,,,off,,
Daequan Cook,Dwyane Wade,Mario Chalmers,Shawn Marion,Udonis Haslem,Antawn Jamison,Caron Butler,DeShawn Stevenson,JaVale McGee,Nick Young,4,2:03,WAS,shot,,,,,,,,,,Antawn Jamison,2,,,made,,layup,27,9
Daequan Cook,Dwyane Wade,Mario Chalmers,Shawn Marion,Udonis Haslem,Antawn Jamison,Caron Butler,DeShawn Stevenson,JaVale McGee,Nick Young,4,1:43,MIA,shot,,,,,,,,,,Udonis Haslem,,,,missed,,jump,8,8
Daequan Cook,Dwyane Wade,Mario Chalmers,Shawn Marion,Udonis Haslem,Antawn Jamison,Caron Butler,DeShawn Stevenson,JaVale McGee,Nick Young,4,1:41,WAS,rebound,,,,,,,,,,Antawn Jamison,,,,,,def,,
Daequan Cook,Dwyane Wade,Mario Chalmers,Shawn Marion,Udonis Haslem,Antawn Jamison,Caron Butler,DeShawn Stevenson,JaVale McGee,Nick Young,4,1:28,WAS,shot,,,,,,,,,,Antawn Jamison,,,,missed,,jump,7,18
Daequan Cook,Dwyane Wade,Mario Chalmers,Shawn Marion,Udonis Haslem,Antawn Jamison,Caron Butler,DeShawn Stevenson,JaVale McGee,Nick Young,4,1:27,MIA,rebound,,,,,,,,,,Shawn Marion,,,,,,def,,
Daequan Cook,Dwyane Wade,Mario Chalmers,Shawn Marion,Udonis Haslem,Antawn Jamison,Caron Butler,DeShawn Stevenson,JaVale McGee,Nick Young,4,1:07,MIA,shot,,,,,,,,,,Shawn Marion,2,,,made,,jump bank,21,11
Daequan Cook,Dwyane Wade,Mario Chalmers,Shawn Marion,Udonis Haslem,Antawn Jamison,Caron Butler,DeShawn Stevenson,JaVale McGee,Nick Young,4,1:07,WAS,timeout,,,,,,,,,,,,,,,,regular,,
Daequan Cook,Dwyane Wade,Mario Chalmers,Shawn Marion,Udonis Haslem,Antawn Jamison,Caron Butler,DeShawn Stevenson,JaVale McGee,Nick Young,4,1:04,WAS,turnover,,,,,,,,,,Caron Butler,,,poss lost ball turnover,,,,,
Daequan Cook,Dwyane Wade,Mario Chalmers,Shawn Marion,Udonis Haslem,Antawn Jamison,Caron Butler,DeShawn Stevenson,JaVale McGee,Nick Young,4,0:49,MIA,shot,,,,,,,,,,Udonis Haslem,,,,missed,,jump,11,9
Daequan Cook,Dwyane Wade,Mario Chalmers,Shawn Marion,Udonis Haslem,Antawn Jamison,Caron Butler,DeShawn Stevenson,JaVale McGee,Nick Young,4,0:48,WAS,rebound,,,,,,,,,,Caron Butler,,,,,,def,,
Daequan Cook,Dwyane Wade,Mario Chalmers,Shawn Marion,Udonis Haslem,Antawn Jamison,Caron Butler,DeShawn Stevenson,JaVale McGee,Nick Young,4,0:40,WAS,shot,,,Udonis Haslem,,,,,,,JaVale McGee,,,,missed,,layup,27,5
Daequan Cook,Dwyane Wade,Mario Chalmers,Shawn Marion,Udonis Haslem,Antawn Jamison,Caron Butler,DeShawn Stevenson,JaVale McGee,Nick Young,4,0:40,WAS,rebound,,,,,,,,,,,,,,,,,,
Daequan Cook,Dwyane Wade,Mario Chalmers,Shawn Marion,Udonis Haslem,Antawn Jamison,Caron Butler,DeShawn Stevenson,JaVale McGee,Nick Young,4,0:33,WAS,turnover,,,,,,,,,,Nick Young,,,bad pass,,Dwyane Wade,,,
Daequan Cook,Dwyane Wade,Mario Chalmers,Shawn Marion,Udonis Haslem,Antawn Jamison,Caron Butler,DeShawn Stevenson,JaVale McGee,Nick Young,4,0:32,WAS,foul,,,,,,,,Dwyane Wade,,DeShawn Stevenson,,,,,,clear path,,
Daequan Cook,Dwyane Wade,Mario Chalmers,Shawn Marion,Udonis Haslem,Antawn Jamison,Caron Butler,DeShawn Stevenson,JaVale McGee,Nick Young,4,0:32,MIA,free throw,,,,,,,1,,2,Dwyane Wade,,,clear path,made,,,,
Daequan Cook,Dwyane Wade,Mario Chalmers,Shawn Marion,Udonis Haslem,Antawn Jamison,Caron Butler,DeShawn Stevenson,JaVale McGee,Nick Young,4,0:32,MIA,free throw,,,,,,,2,,2,Dwyane Wade,,,clear path,made,,,,
Daequan Cook,Dwyane Wade,Mario Chalmers,Shawn Marion,Udonis Haslem,Antawn Jamison,Caron Butler,DeShawn Stevenson,JaVale McGee,Nick Young,4,0:32,MIA,timeout,,,,,,,,,,,,,,,,short,,
Daequan Cook,Dwyane Wade,Mario Chalmers,Shawn Marion,Udonis Haslem,Antawn Jamison,Caron Butler,DeShawn Stevenson,JaVale McGee,Nick Young,4,0:10,MIA,shot,,,,,,,,,,Dwyane Wade,,,,missed,,3pt,8,43
Daequan Cook,Dwyane Wade,Mario Chalmers,Shawn Marion,Udonis Haslem,Antawn Jamison,Caron Butler,DeShawn Stevenson,JaVale McGee,Nick Young,4,0:10,MIA,rebound,,,,,,,,,,,,,,,,,,
Daequan Cook,Dwyane Wade,Mario Chalmers,Shawn Marion,Udonis Haslem,Antawn Jamison,Caron Butler,DeShawn Stevenson,JaVale McGee,Nick Young,4,0:10,MIA,turnover,,,,,,,,,,,,,shot clock turnover,,,,,
Daequan Cook,Dwyane Wade,Mario Chalmers,Shawn Marion,Udonis Haslem,Antawn Jamison,Caron Butler,DeShawn Stevenson,JaVale McGee,Nick Young,4,0:05,WAS,shot,,,,,,,,,,DeShawn Stevenson,,,,missed,,3pt,19,35
Daequan Cook,Dwyane Wade,Mario Chalmers,Shawn Marion,Udonis Haslem,Antawn Jamison,Caron Butler,DeShawn Stevenson,JaVale McGee,Nick Young,4,0:03,MIA,rebound,,,,,,,,,,Udonis Haslem,,,,,,def,,
