a1,a2,a3,a4,a5,h1,h2,h3,h4,h5,period,time,team,etype,assist,away,block,entered,home,left,num,opponent,outof,player,points,possession,reason,result,steal,type,x,y
Carmelo Anthony,Chauncey Billups,Dahntay Jones,Kenyon Martin,Nene Hilario,Devean George,Dirk Nowitzki,Erick Dampier,Jason Kidd,Jose Juan Barea,1,12:00,OFF,jump ball,,Nene Hilario,,,Erick Dampier,,,,,,,Dahntay Jones,,,,,,
Carmelo Anthony,Chauncey Billups,Dahntay Jones,Kenyon Martin,Nene Hilario,Devean George,Dirk Nowitzki,Erick Dampier,Jason Kidd,Jose Juan Barea,1,11:45,DEN,shot,,,,,,,,,,Kenyon Martin,,,,missed,,driving layup,25,6
Carmelo Anthony,Chauncey Billups,Dahntay Jones,Kenyon Martin,Nene Hilario,Devean George,Dirk Nowitzki,Erick Dampier,Jason Kidd,Jose Juan Barea,1,11:42,DAL,rebound,,,,,,,,,,Erick Dampier,,,,,,def,,
Carmelo Anthony,Chauncey Billups,Dahntay Jones,Kenyon Martin,Nene Hilario,Devean George,Dirk Nowitzki,Erick Dampier,Jason Kidd,Jose Juan Barea,1,11:26,DAL,shot,,,,,,,,,,Erick Dampier,,,,missed,,jump hook,27,11
Carmelo Anthony,Chauncey Billups,Dahntay Jones,Kenyon Martin,Nene Hilario,Devean George,Dirk Nowitzki,Erick Dampier,Jason Kidd,Jose Juan Barea,1,11:24,DEN,rebound,,,,,,,,,,Nene Hilario,,,,,,def,,
Carmelo Anthony,Chauncey Billups,Dahntay Jones,Kenyon Martin,Nene Hilario,Devean George,Dirk Nowitzki,Erick Dampier,Jason Kidd,Jose Juan Barea,1,11:16,DEN,shot,,,,,,,,,,Chauncey Billups,2,,,made,,jump,10,24
Carmelo Anthony,Chauncey Billups,Dahntay Jones,Kenyon Martin,Nene Hilario,Devean George,Dirk Nowitzki,Erick Dampier,Jason Kidd,Jose Juan Barea,1,10:57,DAL,shot,,,Nene Hilario,,,,,,,Jose Juan Barea,,,,missed,,driving layup,25,6
Carmelo Anthony,Chauncey Billups,Dahntay Jones,Kenyon Martin,Nene Hilario,Devean George,Dirk Nowitzki,Erick Dampier,Jason Kidd,Jose Juan Barea,1,10:57,DAL,rebound,,,,,,,,,,,,,,,,,,
Carmelo Anthony,Chauncey Billups,Dahntay Jones,Kenyon Martin,Nene Hilario,Devean George,Dirk Nowitzki,Erick Dampier,Jason Kidd,Jose Juan Barea,1,10:50,DAL,shot,,,,,,,,,,Jason Kidd,,,,missed,,3pt,16,29
Carmelo Anthony,Chauncey Billups,Dahntay Jones,Kenyon Martin,Nene Hilario,Devean George,Dirk Nowitzki,Erick Dampier,Jason Kidd,Jose Juan Barea,1,10:48,DEN,rebound,,,,,,,,,,Chauncey Billups,,,,,,def,,
Carmelo Anthony,Chauncey Billups,Dahntay Jones,Kenyon Martin,Nene Hilario,Devean George,Dirk Nowitzki,Erick Dampier,Jason Kidd,Jose Juan Barea,1,10:43,DEN,turnover,,,,,,,,,,Carmelo Anthony,,,bad pass,,Devean George,,,
Carmelo Anthony,Chauncey Billups,Dahntay Jones,Kenyon Martin,Nene Hilario,Devean George,Dirk Nowitzki,Erick Dampier,Jason Kidd,Jose Juan Barea,1,10:33,DAL,shot,,,,,,,,,,Dirk Nowitzki,,,,missed,,fade away jumper,18,12
Carmelo Anthony,Chauncey Billups,Dahntay Jones,Kenyon Martin,Nene Hilario,Devean George,Dirk Nowitzki,Erick Dampier,Jason Kidd,Jose Juan Barea,1,10:31,DEN,rebound,,,,,,,,,,Carmelo Anthony,,,,,,def,,
Carmelo Anthony,Chauncey Billups,Dahntay Jones,Kenyon Martin,Nene Hilario,Devean George,Dirk Nowitzki,Erick Dampier,Jason Kidd,Jose Juan Barea,1,10:19,DEN,shot,,,Dirk Nowitzki,,,,,,,Kenyon Martin,,,,missed,,driving layup,25,6
Carmelo Anthony,Chauncey Billups,Dahntay Jones,Kenyon Martin,Nene Hilario,Devean George,Dirk Nowitzki,Erick Dampier,Jason Kidd,Jose Juan Barea,1,10:17,DAL,rebound,,,,,,,,,,Jason Kidd,,,,,,def,,
Carmelo Anthony,Chauncey Billups,Dahntay Jones,Kenyon Martin,Nene Hilario,Devean George,Dirk Nowitzki,Erick Dampier,Jason Kidd,Jose Juan Barea,1,10:12,DAL,shot,,,,,,,,,,Devean George,,,,missed,,jump,9,10
Carmelo Anthony,Chauncey Billups,Dahntay Jones,Kenyon Martin,Nene Hilario,Devean George,Dirk Nowitzki,Erick Dampier,Jason Kidd,Jose Juan Barea,1,10:10,DAL,rebound,,,,,,,,,,Dirk Nowitzki,,,,,,off,,
Carmelo Anthony,Chauncey Billups,Dahntay Jones,Kenyon Martin,Nene Hilario,Devean George,Dirk Nowitzki,Erick Dampier,Jason Kidd,Jose Juan Barea,1,10:09,DAL,shot,,,,,,,,,,Dirk Nowitzki,2,,,made,,layup,25,6
Carmelo Anthony,Chauncey Billups,Dahntay Jones,Kenyon Martin,Nene Hilario,Devean George,Dirk Nowitzki,Erick Dampier,Jason Kidd,Jose Juan Barea,1,9:49,DEN,shot,,,,,,,,,,Carmelo Anthony,,,,missed,,layup,25,6
Carmelo Anthony,Chauncey Billups,Dahntay Jones,Kenyon Martin,Nene Hilario,Devean George,Dirk Nowitzki,Erick Dampier,Jason Kidd,Jose Juan Barea,1,9:48,DEN,rebound,,,,,,,,,,Carmelo Anthony,,,,,,off,,
Carmelo Anthony,Chauncey Billups,Dahntay Jones,Kenyon Martin,Nene Hilario,Devean George,Dirk Nowitzki,Erick Dampier,Jason Kidd,Jose Juan Barea,1,9:48,DAL,foul,,,,,,,,Carmelo Anthony,,Devean George,,,,,,shooting,,
Carmelo Anthony,Chauncey Billups,Dahntay Jones,Kenyon Martin,Nene Hilario,Devean George,Dirk Nowitzki,Erick Dampier,Jason Kidd,Jose Juan Barea,1,9:48,DEN,free throw,,,,,,,1,,2,Carmelo Anthony,,,foul,made,,,,
Carmelo Anthony,Chauncey Billups,Dahntay Jones,Kenyon Martin,Nene Hilario,Devean George,Dirk Nowitzki,Erick Dampier,Jason Kidd,Jose Juan Barea,1,9:48,DEN,free throw,,,,,,,2,,2,Carmelo Anthony,,,foul,missed,,,,
Carmelo Anthony,Chauncey Billups,Dahntay Jones,Kenyon Martin,Nene Hilario,Devean George,Dirk Nowitzki,Erick Dampier,Jason Kidd,Jose Juan Barea,1,9:47,DAL,rebound,,,,,,,,,,Devean George,,,,,,def,,
Carmelo Anthony,Chauncey Billups,Dahntay Jones,Kenyon Martin,Nene Hilario,Devean George,Dirk Nowitzki,Erick Dampier,Jason Kidd,Jose Juan Barea,1,9:23,DAL,shot,,,,,,,,,,Jose Juan Barea,,,,missed,,running jump,19,11
Carmelo Anthony,Chauncey Billups,Dahntay Jones,Kenyon Martin,Nene Hilario,Devean George,Dirk Nowitzki,Erick Dampier,Jason Kidd,Jose Juan Barea,1,9:22,DAL,rebound,,,,,,,,,,Erick Dampier,,,,,,off,,
Carmelo Anthony,Chauncey Billups,Dahntay Jones,Kenyon Martin,Nene Hilario,Devean George,Dirk Nowitzki,Erick Dampier,Jason Kidd,Jose Juan Barea,1,9:22,DAL,turnover,,,,,,,,,,Erick Dampier,,,out of bounds lost ball turnover,,,,,
Carmelo Anthony,Chauncey Billups,Dahntay Jones,Kenyon Martin,Nene Hilario,Devean George,Dirk Nowitzki,Erick Dampier,Jason Kidd,Jose Juan Barea,1,9:08,DEN,shot,,,,,,,,,,Nene Hilario,,,,missed,,jump,,
Carmelo Anthony,Chauncey Billups,Dahntay Jones,Kenyon Martin,Nene Hilario,Devean George,Dirk Nowitzki,Erick Dampier,Jason Kidd,Jose Juan Barea,1,9:07,DAL,rebound,,,,,,,,,,Jose Juan Barea,,,,,,def,,
Carmelo Anthony,Chauncey Billups,Dahntay Jones,Kenyon Martin,Nene Hilario,Devean George,Dirk Nowitzki,Erick Dampier,Jason Kidd,Jose Juan Barea,1,9:02,DEN,foul,,,,,,,,Jose Juan Barea,,Dahntay Jones,,,,,,personal,,
Carmelo Anthony,Chauncey Billups,Dahntay Jones,Kenyon Martin,Nene Hilario,Devean George,Dirk Nowitzki,Erick Dampier,Jason Kidd,Jose Juan Barea,1,8:44,DAL,shot,,,,,,,,,,Devean George,,,,missed,,3pt,2,9
Carmelo Anthony,Chauncey Billups,Dahntay Jones,Kenyon Martin,Nene Hilario,Devean George,Dirk Nowitzki,Erick Dampier,Jason Kidd,Jose Juan Barea,1,8:42,DEN,rebound,,,,,,,,,,Chauncey Billups,,,,,,def,,
Carmelo Anthony,Chauncey Billups,Dahntay Jones,Kenyon Martin,Nene Hilario,Devean George,Dirk Nowitzki,Erick Dampier,Jason Kidd,Jose Juan Barea,1,8:38,DEN,turnover,,,,,,,,,,Chauncey Billups,,,bad pass,,,,,
Carmelo Anthony,Chauncey Billups,Dahntay Jones,Kenyon Martin,Nene Hilario,Devean George,Dirk Nowitzki,Erick Dampier,Jason Kidd,Jose Juan Barea,1,8:19,DAL,shot,,,,,,,,,,Devean George,,,,missed,,layup,25,6
Carmelo Anthony,Chauncey Billups,Dahntay Jones,Kenyon Martin,Nene Hilario,Devean George,Dirk Nowitzki,Erick Dampier,Jason Kidd,Jose Juan Barea,1,8:18,DEN,rebound,,,,,,,,,,Nene Hilario,,,,,,def,,
Carmelo Anthony,Chauncey Billups,Dahntay Jones,Kenyon Martin,Nene Hilario,Devean George,Dirk Nowitzki,Erick Dampier,Jason Kidd,Jose Juan Barea,1,8:13,DEN,shot,Nene Hilario,,,,,,,,,Carmelo Anthony,2,,,made,,driving layup,25,6
Carmelo Anthony,Chauncey Billups,Dahntay Jones,Kenyon Martin,Nene Hilario,Devean George,Dirk Nowitzki,Erick Dampier,Jason Kidd,Jose Juan Barea,1,7:53,DAL,shot,,,,,,,,,,Dirk Nowitzki,,,,missed,,jump,38,14
Carmelo Anthony,Chauncey Billups,Dahntay Jones,Kenyon Martin,Nene Hilario,Devean George,Dirk Nowitzki,Erick Dampier,Jason Kidd,Jose Juan Barea,1,7:51,DAL,rebound,,,,,,,,,,Erick Dampier,,,,,,off,,
Carmelo Anthony,Chauncey Billups,Dahntay Jones,Kenyon Martin,Nene Hilario,Devean George,Dirk Nowitzki,Erick Dampier,Jason Kidd,Jose Juan Barea,1,7:51,DAL,turnover,,,,,,,,,,Jose Juan Barea,,,lost ball,,Chauncey Billups,,,
Carmelo Anthony,Chauncey Billups,Dahntay Jones,Kenyon Martin,Nene Hilario,Devean George,Dirk Nowitzki,Erick Dampier,Jason Kidd,Jose Juan Barea,1,7:46,DEN,shot,,,,,,,,,,Chauncey Billups,,,,missed,,jump,8,21
Carmelo Anthony,Chauncey Billups,Dahntay Jones,Kenyon Martin,Nene Hilario,Devean George,Dirk Nowitzki,Erick Dampier,Jason Kidd,Jose Juan Barea,1,7:39,DAL,rebound,,,,,,,,,,Devean George,,,,,,def,,
Carmelo Anthony,Chauncey Billups,Dahntay Jones,Kenyon Martin,Nene Hilario,Devean George,Dirk Nowitzki,Erick Dampier,Jason Kidd,Jose Juan Barea,1,7:23,DAL,shot,,,,,,,,,,Jose Juan Barea,2,,,made,,finger roll layup,25,6
Carmelo Anthony,Chauncey Billups,Dahntay Jones,Kenyon Martin,Nene Hilario,Devean George,Dirk Nowitzki,Erick Dampier,Jason Kidd,Jose Juan Barea,1,7:06,DEN,shot,,,,,,,,,,Dahntay Jones,2,,,made,,jump,18,12
Carmelo Anthony,Chauncey Billups,Dahntay Jones,Kenyon Martin,Nene Hilario,Devean George,Dirk Nowitzki,Erick Dampier,Jason Kidd,Jose Juan Barea,1,6:49,DAL,shot,,,,,,,,,,Devean George,,,,missed,,layup,25,6
Carmelo Anthony,Chauncey Billups,Dahntay Jones,Kenyon Martin,Nene Hilario,Devean George,Dirk Nowitzki,Erick Dampier,Jason Kidd,Jose Juan Barea,1,6:48,DEN,rebound,,,,,,,,,,Nene Hilario,,,,,,def,,
Carmelo Anthony,Chauncey Billups,Dahntay Jones,Kenyon Martin,Nene Hilario,Devean George,Dirk Nowitzki,Erick Dampier,Jason Kidd,Jose Juan Barea,1,6:37,DAL,violation,,,,,,,,,,Erick Dampier,,,,,,kicked ball,,
Carmelo Anthony,Chauncey Billups,Dahntay Jones,Kenyon Martin,Nene Hilario,Devean George,Dirk Nowitzki,Erick Dampier,Jason Kidd,Jose Juan Barea,1,6:37,DEN,shot,,,,,,,,,,Nene Hilario,2,,,made,,layup,,
Carmelo Anthony,Chauncey Billups,Dahntay Jones,Kenyon Martin,Nene Hilario,Devean George,Dirk Nowitzki,Erick Dampier,Jason Kidd,Jose Juan Barea,1,6:37,DAL,foul,,,,,,,,Nene Hilario,,Erick Dampier,,,,,,shooting,,
Carmelo Anthony,Chauncey Billups,Dahntay Jones,Kenyon Martin,Nene Hilario,Devean George,Dirk Nowitzki,Erick Dampier,Jason Kidd,Jose Juan Barea,1,6:37,DEN,free throw,,,,,,,1,,1,Nene Hilario,,,foul,missed,,,,
Carmelo Anthony,Chauncey Billups,Dahntay Jones,Kenyon Martin,Nene Hilario,Devean George,Dirk Nowitzki,Erick Dampier,Jason Kidd,Jose Juan Barea,1,6:37,DAL,rebound,,,,,,,,,,Devean George,,,,,,def,,
Carmelo Anthony,Chauncey Billups,Dahntay Jones,Kenyon Martin,Nene Hilario,Devean George,Dirk Nowitzki,Erick Dampier,Jason Kidd,Jose Juan Barea,1,6:37,DAL,shot,Dirk Nowitzki,,,,,,,,,Jose Juan Barea,3,,,made,,3pt,1,8
Carmelo Anthony,Chauncey Billups,Dahntay Jones,Kenyon Martin,Nene Hilario,Devean George,Dirk Nowitzki,Erick Dampier,Jason Kidd,Jose Juan Barea,1,6:20,DEN,shot,Nene Hilario,,,,,,,,,Carmelo Anthony,2,,,made,,jump,7,11
Carmelo Anthony,Chauncey Billups,Dahntay Jones,Kenyon Martin,Nene Hilario,Devean George,Dirk Nowitzki,Erick Dampier,Jason Kidd,Jose Juan Barea,1,5:42,DAL,timeout,,,,,,,,,,,,,,,,regular,,
Carmelo Anthony,Chauncey Billups,Dahntay Jones,Kenyon Martin,Nene Hilario,Devean George,Dirk Nowitzki,Erick Dampier,Jason Kidd,Jose Juan Barea,1,5:34,DAL,shot,,,,,,,,,,Jose Juan Barea,2,,,made,,jump,12,21
Carmelo Anthony,Chauncey Billups,Dahntay Jones,Kenyon Martin,Nene Hilario,Devean George,Dirk Nowitzki,Erick Dampier,Jason Kidd,Jose Juan Barea,1,5:20,DEN,shot,Chauncey Billups,,,,,,,,,Carmelo Anthony,2,,,made,,alley oop dunk,25,6
Carmelo Anthony,Chauncey Billups,Dahntay Jones,Kenyon Martin,Nene Hilario,Devean George,Dirk Nowitzki,Erick Dampier,Jason Kidd,Jose Juan Barea,1,5:02,DAL,shot,,,,,,,,,,Jose Juan Barea,,,,missed,,jump,38,20
Carmelo Anthony,Chauncey Billups,Dahntay Jones,Kenyon Martin,Nene Hilario,Devean George,Dirk Nowitzki,Erick Dampier,Jason Kidd,Jose Juan Barea,1,5:01,DEN,rebound,,,,,,,,,,Chauncey Billups,,,,,,def,,
Carmelo Anthony,Chauncey Billups,Dahntay Jones,Kenyon Martin,Nene Hilario,Devean George,Dirk Nowitzki,Erick Dampier,Jason Kidd,Jose Juan Barea,1,4:56,DEN,turnover,,,,,,,,,,Chauncey Billups,,,bad pass,,Jose Juan Barea,,,
Carmelo Anthony,Chauncey Billups,Dahntay Jones,Kenyon Martin,Nene Hilario,Devean George,Dirk Nowitzki,Erick Dampier,Jason Kidd,Jose Juan Barea,1,4:43,DEN,foul,,,,,,,,Erick Dampier,,Carmelo Anthony,,,,,,personal,,
Carmelo Anthony,Chauncey Billups,Dahntay Jones,Kenyon Martin,Nene Hilario,Devean George,Dirk Nowitzki,Erick Dampier,Jason Kidd,Jason Terry,1,4:43,DAL,sub,,,,Jason Terry,,Jose Juan Barea,,,,,,,,,,,,
Carmelo Anthony,Chauncey Billups,Dahntay Jones,Kenyon Martin,Nene Hilario,Devean George,Dirk Nowitzki,Erick Dampier,Jason Kidd,Jason Terry,1,4:35,DAL,shot,,,Nene Hilario,,,,,,,Jason Kidd,,,,missed,,layup,25,6
Carmelo Anthony,Chauncey Billups,Dahntay Jones,Kenyon Martin,Nene Hilario,Devean George,Dirk Nowitzki,Erick Dampier,Jason Kidd,Jason Terry,1,4:33,DEN,rebound,,,,,,,,,,Dahntay Jones,,,,,,def,,
Carmelo Anthony,Chauncey Billups,Dahntay Jones,Kenyon Martin,Nene Hilario,Devean George,Dirk Nowitzki,Erick Dampier,Jason Kidd,Jason Terry,1,4:29,DEN,shot,,,,,,,,,,Dahntay Jones,2,,,made,,dunk,25,6
Carmelo Anthony,Chauncey Billups,Dahntay Jones,Kenyon Martin,Nene Hilario,Devean George,Dirk Nowitzki,Erick Dampier,Jason Kidd,Jason Terry,1,4:16,DEN,foul,,,,,,,,Dirk Nowitzki,,Kenyon Martin,,,,,,personal,,
Carmelo Anthony,Chauncey Billups,Dahntay Jones,Kenyon Martin,Nene Hilario,Devean George,Dirk Nowitzki,Erick Dampier,Jason Kidd,Jason Terry,1,4:06,DEN,foul,,,,,,,,Dirk Nowitzki,,Dahntay Jones,,,,,,shooting,,
Carmelo Anthony,Chauncey Billups,Dahntay Jones,Kenyon Martin,Nene Hilario,Devean George,Dirk Nowitzki,Erick Dampier,Jason Kidd,Jason Terry,1,4:06,DAL,free throw,,,,,,,1,,2,Dirk Nowitzki,,,foul,made,,,,
Anthony Carter,Carmelo Anthony,Chauncey Billups,Kenyon Martin,Nene Hilario,Devean George,Dirk Nowitzki,Erick Dampier,Jason Kidd,Jason Terry,1,4:06,DEN,sub,,,,Anthony Carter,,Dahntay Jones,,,,,,,,,,,,
Anthony Carter,Carmelo Anthony,Chauncey Billups,Kenyon Martin,Nene Hilario,Devean George,Dirk Nowitzki,Erick Dampier,Jason Kidd,Jason Terry,1,4:06,DAL,free throw,,,,,,,2,,2,Dirk Nowitzki,,,foul,made,,,,
Anthony Carter,Carmelo Anthony,Chauncey Billups,Kenyon Martin,Nene Hilario,Devean George,Dirk Nowitzki,Erick Dampier,Jason Kidd,Jason Terry,1,3:56,DEN,shot,Anthony Carter,,,,,,,,,Carmelo Anthony,3,,,made,,3pt,36,28
Anthony Carter,Carmelo Anthony,Chauncey Billups,Kenyon Martin,Nene Hilario,Devean George,Dirk Nowitzki,Erick Dampier,Jason Kidd,Jason Terry,1,3:38,DAL,shot,,,,,,,,,,Jason Terry,,,,missed,,3pt,12,27
Anthony Carter,Carmelo Anthony,Chauncey Billups,Kenyon Martin,Nene Hilario,Devean George,Dirk Nowitzki,Erick Dampier,Jason Kidd,Jason Terry,1,3:35,DEN,rebound,,,,,,,,,,Carmelo Anthony,,,,,,def,,
Anthony Carter,Carmelo Anthony,Chauncey Billups,Kenyon Martin,Nene Hilario,Devean George,Dirk Nowitzki,Erick Dampier,Jason Kidd,Jason Terry,1,3:27,DEN,shot,,,,,,,,,,Carmelo Anthony,,,,missed,,jump,8,8
Anthony Carter,Carmelo Anthony,Chauncey Billups,Kenyon Martin,Nene Hilario,Devean George,Dirk Nowitzki,Erick Dampier,Jason Kidd,Jason Terry,1,3:25,DAL,rebound,,,,,,,,,,Dirk Nowitzki,,,,,,def,,
Anthony Carter,Carmelo Anthony,Chauncey Billups,Kenyon Martin,Nene Hilario,Devean George,Dirk Nowitzki,Erick Dampier,Jason Kidd,Jason Terry,1,3:20,DAL,shot,Jason Kidd,,,,,,,,,Jason Terry,2,,,made,,jump,8,7
Anthony Carter,Carmelo Anthony,Chauncey Billups,Kenyon Martin,Nene Hilario,Devean George,Dirk Nowitzki,Erick Dampier,Jason Kidd,Jason Terry,1,2:53,DEN,shot,Carmelo Anthony,,,,,,,,,Kenyon Martin,3,,,made,,3pt,20,30
Anthony Carter,Carmelo Anthony,Chauncey Billups,Kenyon Martin,Nene Hilario,Devean George,Dirk Nowitzki,Erick Dampier,Jason Kidd,Jason Terry,1,2:31,DAL,shot,,,,,,,,,,Jason Terry,,,,missed,,jump,25,12
Anthony Carter,Carmelo Anthony,Chauncey Billups,Kenyon Martin,Nene Hilario,Devean George,Dirk Nowitzki,Erick Dampier,Jason Kidd,Jason Terry,1,2:27,DEN,rebound,,,,,,,,,,Nene Hilario,,,,,,def,,
Anthony Carter,Carmelo Anthony,Chauncey Billups,Kenyon Martin,Nene Hilario,Devean George,Dirk Nowitzki,Erick Dampier,Jason Kidd,Jason Terry,1,2:18,DEN,shot,,,,,,,,,,Chauncey Billups,,,,missed,,3pt,47,6
Anthony Carter,Carmelo Anthony,Chauncey Billups,Kenyon Martin,Nene Hilario,Devean George,Dirk Nowitzki,Erick Dampier,Jason Kidd,Jason Terry,1,2:17,DAL,rebound,,,,,,,,,,Erick Dampier,,,,,,def,,
Anthony Carter,Carmelo Anthony,Chauncey Billups,Kenyon Martin,Nene Hilario,Devean George,Dirk Nowitzki,Erick Dampier,Jason Kidd,Jason Terry,1,2:04,DAL,shot,Jason Terry,,,,,,,,,Erick Dampier,2,,,made,,layup,25,6
Anthony Carter,Carmelo Anthony,Chauncey Billups,Kenyon Martin,Nene Hilario,Devean George,Dirk Nowitzki,Erick Dampier,Jason Kidd,Jason Terry,1,1:46,DEN,turnover,,,,,,,,,,Nene Hilario,,,bad pass,,Jason Terry,,,
Anthony Carter,Carmelo Anthony,Chauncey Billups,Kenyon Martin,Nene Hilario,Devean George,Dirk Nowitzki,Erick Dampier,Jason Kidd,Jason Terry,1,1:21,DAL,shot,,,,,,,,,,Devean George,,,,missed,,jump,7,7
Anthony Carter,Carmelo Anthony,Chauncey Billups,Kenyon Martin,Nene Hilario,Devean George,Dirk Nowitzki,Erick Dampier,Jason Kidd,Jason Terry,1,1:19,DAL,rebound,,,,,,,,,,Erick Dampier,,,,,,off,,
Anthony Carter,Carmelo Anthony,Chauncey Billups,Kenyon Martin,Nene Hilario,Devean George,Dirk Nowitzki,Erick Dampier,Jason Kidd,Jason Terry,1,1:15,DAL,shot,,,,,,,,,,Dirk Nowitzki,,,,missed,,layup,25,6
Anthony Carter,Carmelo Anthony,Chauncey Billups,Kenyon Martin,Nene Hilario,Devean George,Dirk Nowitzki,Erick Dampier,Jason Kidd,Jason Terry,1,1:15,DEN,rebound,,,,,,,,,,Nene Hilario,,,,,,def,,
Anthony Carter,Carmelo Anthony,Chauncey Billups,Kenyon Martin,Nene Hilario,Devean George,Dirk Nowitzki,Erick Dampier,Jason Kidd,Jason Terry,1,1:08,DEN,shot,Chauncey Billups,,,,,,,,,Carmelo Anthony,2,,,made,,dunk,25,6
Anthony Carter,Carmelo Anthony,Chauncey Billups,Kenyon Martin,Nene Hilario,Devean George,Dirk Nowitzki,Erick Dampier,Jason Kidd,Jason Terry,1,1:05,DAL,timeout,,,,,,,,,,,,,,,,short,,
Anthony Carter,Carmelo Anthony,Chauncey Billups,Kenyon Martin,Nene Hilario,Devean George,Dirk Nowitzki,Erick Dampier,Jason Kidd,Jason Terry,1,1:05,DEN,timeout,,,,,,,,,,,,,,,,regular,,
Anthony Carter,Carmelo Anthony,Chauncey Billups,Kenyon Martin,Nene Hilario,Dirk Nowitzki,Erick Dampier,Jason Kidd,Jason Terry,Josh Howard,1,1:05,DAL,sub,,,,Josh Howard,,Devean George,,,,,,,,,,,,
Anthony Carter,Carmelo Anthony,Chauncey Billups,Kenyon Martin,Nene Hilario,Dirk Nowitzki,Jason Kidd,Jason Terry,Jose Juan Barea,Josh Howard,1,1:05,DAL,sub,,,,Jose Juan Barea,,Erick Dampier,,,,,,,,,,,,
Anthony Carter,Carmelo Anthony,Chauncey Billups,Kenyon Martin,Nene Hilario,DeSagana Diop,Dirk Nowitzki,Jason Terry,Jose Juan Barea,Josh Howard,1,1:05,DAL,sub,,,,DeSagana Diop,,Jason Kidd,,,,,,,,,,,,
Anthony Carter,Chauncey Billups,Chris Andersen,Kenyon Martin,Nene Hilario,DeSagana Diop,Dirk Nowitzki,Jason Terry,Jose Juan Barea,Josh Howard,1,1:05,DEN,sub,,,,Chris Andersen,,Carmelo Anthony,,,,,,,,,,,,
Anthony Carter,Chauncey Billups,Chris Andersen,Kenyon Martin,Linas Kleiza,DeSagana Diop,Dirk Nowitzki,Jason Terry,Jose Juan Barea,Josh Howard,1,1:05,DEN,sub,,,,Linas Kleiza,,Nene Hilario,,,,,,,,,,,,
Anthony Carter,Chauncey Billups,Chris Andersen,Kenyon Martin,Linas Kleiza,DeSagana Diop,Dirk Nowitzki,Jason Terry,Jose Juan Barea,Josh Howard,1,0:49,DAL,shot,,,,,,,,,,Josh Howard,,,,missed,,fade away jumper,11,7
Anthony Carter,Chauncey Billups,Chris Andersen,Kenyon Martin,Linas Kleiza,DeSagana Diop,Dirk Nowitzki,Jason Terry,Jose Juan Barea,Josh Howard,1,0:46,DEN,rebound,,,,,,,,,,Kenyon Martin,,,,,,def,,
Anthony Carter,Chauncey Billups,Chris Andersen,Kenyon Martin,Linas Kleiza,DeSagana Diop,Dirk Nowitzki,Jason Terry,Jose Juan Barea,Josh Howard,1,0:42,DEN,shot,Anthony Carter,,,,,,,,,Chauncey Billups,3,,,made,,3pt,6,22
Anthony Carter,Chauncey Billups,Chris Andersen,Kenyon Martin,Linas Kleiza,DeSagana Diop,Dirk Nowitzki,Jason Terry,Jose Juan Barea,Josh Howard,1,0:26,DAL,shot,,,,,,,,,,Dirk Nowitzki,,,,missed,,jump,41,9
Anthony Carter,Chauncey Billups,Chris Andersen,Kenyon Martin,Linas Kleiza,DeSagana Diop,Dirk Nowitzki,Jason Terry,Jose Juan Barea,Josh Howard,1,0:24,DEN,rebound,,,,,,,,,,Chris Andersen,,,,,,def,,
Anthony Carter,Chauncey Billups,Chris Andersen,Kenyon Martin,Linas Kleiza,DeSagana Diop,Dirk Nowitzki,Jason Terry,Jose Juan Barea,Josh Howard,1,0:05,DAL,foul,,,,,,,,Chauncey Billups,,Jose Juan Barea,,,,,,personal,,
Anthony Carter,Chauncey Billups,Chris Andersen,Kenyon Martin,Linas Kleiza,Brandon Bass,DeSagana Diop,Jason Terry,Jose Juan Barea,Josh Howard,1,0:05,DAL,sub,,,,Brandon Bass,,Dirk Nowitzki,,,,,,,,,,,,
Anthony Carter,Chauncey Billups,J.R. Smith,Kenyon Martin,Linas Kleiza,Brandon Bass,DeSagana Diop,Jason Terry,Jose Juan Barea,Josh Howard,1,0:05,DEN,sub,,,,J.R. Smith,,Chris Andersen,,,,,,,,,,,,
Anthony Carter,Chauncey Billups,J.R. Smith,Kenyon Martin,Linas Kleiza,Brandon Bass,DeSagana Diop,Jason Terry,Jose Juan Barea,Josh Howard,1,0:05,DAL,foul,,,,,,,,Kenyon Martin,,Brandon Bass,,,,,,personal,,
Anthony Carter,Chris Andersen,J.R. Smith,Kenyon Martin,Linas Kleiza,Brandon Bass,DeSagana Diop,Jason Terry,Jose Juan Barea,Josh Howard,1,0:05,DEN,sub,,,,Chris Andersen,,Chauncey Billups,,,,,,,,,,,,
Anthony Carter,Chris Andersen,J.R. Smith,Kenyon Martin,Linas Kleiza,Brandon Bass,DeSagana Diop,Jason Terry,Jose Juan Barea,Josh Howard,1,0:05,DEN,free throw,,,,,,,1,,2,Kenyon Martin,,,foul,missed,,,,
Anthony Carter,Chris Andersen,J.R. Smith,Kenyon Martin,Linas Kleiza,Brandon Bass,DeSagana Diop,Jason Terry,Jose Juan Barea,Josh Howard,1,0:05,DEN,rebound,,,,,,,,,,,,,,,,,,
Anthony Carter,Chris Andersen,J.R. Smith,Kenyon Martin,Linas Kleiza,Brandon Bass,DeSagana Diop,Jason Terry,Jose Juan Barea,Josh Howard,1,0:05,DEN,free throw,,,,,,,2,,2,Kenyon Martin,,,foul,made,,,,
Anthony Carter,Chris Andersen,J.R. Smith,Kenyon Martin,Linas Kleiza,Brandon Bass,DeSagana Diop,Jason Terry,Jose Juan Barea,Josh Howard,1,0:00,DAL,shot,,,,,,,,,,Jose Juan Barea,,,,missed,,3pt,41,41
Anthony Carter,Chris Andersen,J.R. Smith,Kenyon Martin,Linas Kleiza,Brandon Bass,DeSagana Diop,Jason Terry,Jose Juan Barea,Josh Howard,1,0:00,DAL,rebound,,,,,,,,,,,,,,,,,,
Anthony Carter,Chris Andersen,J.R. Smith,Kenyon Martin,Linas Kleiza,Brandon Bass,DeSagana Diop,Jason Terry,Jose Juan Barea,Josh Howard,2,11:45,DEN,foul,,,,,,,,Josh Howard,,Linas Kleiza,,,,,,personal,,
Anthony Carter,Chris Andersen,J.R. Smith,Kenyon Martin,Linas Kleiza,Brandon Bass,DeSagana Diop,Jason Terry,Jose Juan Barea,Josh Howard,2,11:34,DEN,foul,,,,,,,,Brandon Bass,,Chris Andersen,,,,,,personal,,
Anthony Carter,Chris Andersen,J.R. Smith,Kenyon Martin,Linas Kleiza,Brandon Bass,DeSagana Diop,Jason Terry,Jose Juan Barea,Josh Howard,2,11:27,DAL,shot,,,,,,,,,,Josh Howard,,,,missed,,3pt,2,6
Anthony Carter,Chris Andersen,J.R. Smith,Kenyon Martin,Linas Kleiza,Brandon Bass,DeSagana Diop,Jason Terry,Jose Juan Barea,Josh Howard,2,11:25,DEN,rebound,,,,,,,,,,Kenyon Martin,,,,,,def,,
Anthony Carter,Chris Andersen,J.R. Smith,Kenyon Martin,Linas Kleiza,Brandon Bass,DeSagana Diop,Jason Terry,Jose Juan Barea,Josh Howard,2,11:12,DEN,shot,Anthony Carter,,,,,,,,,J.R. Smith,2,,,made,,jump,7,8
Anthony Carter,Chris Andersen,J.R. Smith,Kenyon Martin,Linas Kleiza,Brandon Bass,DeSagana Diop,Jason Terry,Jose Juan Barea,Josh Howard,2,10:50,DAL,shot,,,,,,,,,,Jose Juan Barea,3,,,made,,3pt,14,28
Anthony Carter,Chris Andersen,J.R. Smith,Kenyon Martin,Linas Kleiza,Brandon Bass,DeSagana Diop,Jason Terry,Jose Juan Barea,Josh Howard,2,10:33,DEN,shot,,,,,,,,,,J.R. Smith,,,,missed,,jump,41,14
Anthony Carter,Chris Andersen,J.R. Smith,Kenyon Martin,Linas Kleiza,Brandon Bass,DeSagana Diop,Jason Terry,Jose Juan Barea,Josh Howard,2,10:31,DAL,rebound,,,,,,,,,,DeSagana Diop,,,,,,def,,
Anthony Carter,Chris Andersen,J.R. Smith,Kenyon Martin,Linas Kleiza,Brandon Bass,DeSagana Diop,Jason Terry,Jose Juan Barea,Josh Howard,2,10:31,DAL,turnover,,,,,,,,,,DeSagana Diop,,,palming turnover,,,,,
Anthony Carter,Chris Andersen,J.R. Smith,Kenyon Martin,Linas Kleiza,Brandon Bass,DeSagana Diop,Jason Terry,Jose Juan Barea,Josh Howard,2,10:19,DEN,shot,,,,,,,,,,Chris Andersen,,,,missed,,turnaround jump,16,9
Anthony Carter,Chris Andersen,J.R. Smith,Kenyon Martin,Linas Kleiza,Brandon Bass,DeSagana Diop,Jason Terry,Jose Juan Barea,Josh Howard,2,10:16,DAL,rebound,,,,,,,,,,Josh Howard,,,,,,def,,
Anthony Carter,Chris Andersen,J.R. Smith,Kenyon Martin,Linas Kleiza,Brandon Bass,DeSagana Diop,Jason Terry,Jose Juan Barea,Josh Howard,2,10:05,DAL,turnover,,,,,,,,,,Brandon Bass,,,lost ball,,Anthony Carter,,,
Anthony Carter,Chris Andersen,J.R. Smith,Kenyon Martin,Linas Kleiza,Brandon Bass,DeSagana Diop,Jason Terry,Jose Juan Barea,Josh Howard,2,9:54,DEN,turnover,,,,,,,,,,Anthony Carter,,,bad pass,,,,,
Anthony Carter,Chris Andersen,J.R. Smith,Kenyon Martin,Linas Kleiza,Brandon Bass,DeSagana Diop,Jason Terry,Jose Juan Barea,Josh Howard,2,9:36,DAL,shot,,,Chris Andersen,,,,,,,Jose Juan Barea,,,,missed,,driving layup,25,6
Anthony Carter,Chris Andersen,J.R. Smith,Kenyon Martin,Linas Kleiza,Brandon Bass,DeSagana Diop,Jason Terry,Jose Juan Barea,Josh Howard,2,9:34,DAL,rebound,,,,,,,,,,Josh Howard,,,,,,off,,
Anthony Carter,Chris Andersen,J.R. Smith,Kenyon Martin,Linas Kleiza,Brandon Bass,DeSagana Diop,Jason Terry,Jose Juan Barea,Josh Howard,2,9:32,DAL,shot,,,,,,,,,,Josh Howard,,,,missed,,jump,8,10
Anthony Carter,Chris Andersen,J.R. Smith,Kenyon Martin,Linas Kleiza,Brandon Bass,DeSagana Diop,Jason Terry,Jose Juan Barea,Josh Howard,2,9:30,DEN,rebound,,,,,,,,,,Kenyon Martin,,,,,,def,,
Anthony Carter,Chris Andersen,J.R. Smith,Kenyon Martin,Linas Kleiza,Brandon Bass,DeSagana Diop,Jason Terry,Jose Juan Barea,Josh Howard,2,9:25,DEN,shot,Kenyon Martin,,,,,,,,,J.R. Smith,2,,,made,,driving layup,25,6
Anthony Carter,Chris Andersen,J.R. Smith,Kenyon Martin,Linas Kleiza,Brandon Bass,DeSagana Diop,Jason Terry,Jose Juan Barea,Josh Howard,2,9:17,DAL,timeout,,,,,,,,,,,,,,,,regular,,
Anthony Carter,Carmelo Anthony,Chris Andersen,J.R. Smith,Linas Kleiza,Brandon Bass,DeSagana Diop,Jason Terry,Jose Juan Barea,Josh Howard,2,9:17,DEN,sub,,,,Carmelo Anthony,,Kenyon Martin,,,,,,,,,,,,
Anthony Carter,Carmelo Anthony,Chris Andersen,J.R. Smith,Linas Kleiza,Brandon Bass,DeSagana Diop,Jason Terry,Jose Juan Barea,Josh Howard,2,9:08,DAL,shot,,,Chris Andersen,,,,,,,Jason Terry,,,,missed,,driving layup,25,6
Anthony Carter,Carmelo Anthony,Chris Andersen,J.R. Smith,Linas Kleiza,Brandon Bass,DeSagana Diop,Jason Terry,Jose Juan Barea,Josh Howard,2,9:07,DAL,rebound,,,,,,,,,,Brandon Bass,,,,,,off,,
Anthony Carter,Carmelo Anthony,Chris Andersen,J.R. Smith,Linas Kleiza,Brandon Bass,DeSagana Diop,Jason Terry,Jose Juan Barea,Josh Howard,2,9:07,DEN,foul,,,,,,,,Brandon Bass,,Chris Andersen,,,,,,shooting,,
Anthony Carter,Carmelo Anthony,Chris Andersen,J.R. Smith,Linas Kleiza,Brandon Bass,DeSagana Diop,Jason Terry,Jose Juan Barea,Josh Howard,2,9:07,DAL,free throw,,,,,,,1,,2,Brandon Bass,,,foul,made,,,,
Anthony Carter,Carmelo Anthony,Chris Andersen,J.R. Smith,Linas Kleiza,Brandon Bass,DeSagana Diop,Jason Terry,Jose Juan Barea,Josh Howard,2,9:07,DAL,free throw,,,,,,,2,,2,Brandon Bass,,,foul,made,,,,
Anthony Carter,Carmelo Anthony,Chris Andersen,J.R. Smith,Linas Kleiza,Brandon Bass,DeSagana Diop,Jason Terry,Jose Juan Barea,Josh Howard,2,8:55,DAL,violation,,,,,,,,,,DeSagana Diop,,,,,,kicked ball,,
Anthony Carter,Carmelo Anthony,Chris Andersen,J.R. Smith,Linas Kleiza,Brandon Bass,DeSagana Diop,Jason Terry,Jose Juan Barea,Josh Howard,2,8:45,DAL,foul,,,,,,,,Carmelo Anthony,,Josh Howard,,,,,,shooting,,
Anthony Carter,Carmelo Anthony,Chris Andersen,J.R. Smith,Linas Kleiza,Brandon Bass,DeSagana Diop,Jason Terry,Jose Juan Barea,Josh Howard,2,8:45,DEN,free throw,,,,,,,1,,2,Carmelo Anthony,,,foul,made,,,,
Anthony Carter,Carmelo Anthony,Chris Andersen,J.R. Smith,Linas Kleiza,Brandon Bass,DeSagana Diop,Jason Terry,Jose Juan Barea,Josh Howard,2,8:45,DEN,free throw,,,,,,,2,,2,Carmelo Anthony,,,foul,made,,,,
Anthony Carter,Carmelo Anthony,Chris Andersen,J.R. Smith,Linas Kleiza,Brandon Bass,DeSagana Diop,Jason Terry,Jose Juan Barea,Josh Howard,2,8:28,DAL,shot,Jose Juan Barea,,,,,,,,,Brandon Bass,2,,,made,,jump,29,21
Anthony Carter,Carmelo Anthony,Chris Andersen,J.R. Smith,Linas Kleiza,Brandon Bass,DeSagana Diop,Jason Terry,Jose Juan Barea,Josh Howard,2,8:15,DEN,turnover,,,,,,,,,,Linas Kleiza,,,traveling,,,,,
Anthony Carter,Carmelo Anthony,Chris Andersen,J.R. Smith,Linas Kleiza,Brandon Bass,DeSagana Diop,Jason Terry,Jose Juan Barea,Josh Howard,2,8:07,DEN,foul,,,,,,,,Josh Howard,,Linas Kleiza,,,,,,shooting,,
Anthony Carter,Carmelo Anthony,Chris Andersen,J.R. Smith,Linas Kleiza,Brandon Bass,DeSagana Diop,Jason Terry,Jose Juan Barea,Josh Howard,2,8:07,DAL,free throw,,,,,,,1,,2,Josh Howard,,,foul,made,,,,
Anthony Carter,Carmelo Anthony,Chris Andersen,J.R. Smith,Linas Kleiza,Brandon Bass,DeSagana Diop,Jason Terry,Jose Juan Barea,Josh Howard,2,8:07,DAL,free throw,,,,,,,2,,2,Josh Howard,,,foul,made,,,,
Anthony Carter,Carmelo Anthony,Chris Andersen,J.R. Smith,Linas Kleiza,Brandon Bass,DeSagana Diop,Jason Terry,Jose Juan Barea,Josh Howard,2,7:57,DAL,foul,,,,,,,,Carmelo Anthony,,Josh Howard,,,,,,shooting,,
Anthony Carter,Carmelo Anthony,Chris Andersen,J.R. Smith,Linas Kleiza,Brandon Bass,DeSagana Diop,Jason Terry,Jose Juan Barea,Josh Howard,2,7:57,DEN,free throw,,,,,,,1,,2,Carmelo Anthony,,,foul,made,,,,
Anthony Carter,Carmelo Anthony,Chris Andersen,J.R. Smith,Linas Kleiza,Brandon Bass,DeSagana Diop,Jason Terry,Jose Juan Barea,Josh Howard,2,7:57,DEN,free throw,,,,,,,2,,2,Carmelo Anthony,,,foul,made,,,,
Anthony Carter,Carmelo Anthony,Chris Andersen,J.R. Smith,Linas Kleiza,Brandon Bass,DeSagana Diop,Jason Terry,Jose Juan Barea,Josh Howard,2,7:46,DAL,turnover,,,,,,,,,,Josh Howard,,,lost ball,,Linas Kleiza,,,
Anthony Carter,Carmelo Anthony,Chris Andersen,J.R. Smith,Linas Kleiza,Brandon Bass,DeSagana Diop,Jason Terry,Jose Juan Barea,Josh Howard,2,7:42,DEN,turnover,,,,,,,,,,Carmelo Anthony,,,bad pass,,,,,
Anthony Carter,Carmelo Anthony,Chris Andersen,J.R. Smith,Linas Kleiza,Brandon Bass,DeSagana Diop,Jason Terry,Jose Juan Barea,Josh Howard,2,7:32,DEN,foul,,,,,,,,Josh Howard,,Chris Andersen,,,,,,shooting,,
Anthony Carter,Carmelo Anthony,Chris Andersen,J.R. Smith,Linas Kleiza,Brandon Bass,DeSagana Diop,Jason Terry,Jose Juan Barea,Josh Howard,2,7:32,DAL,free throw,,,,,,,1,,2,Josh Howard,,,foul,made,,,,
Anthony Carter,Carmelo Anthony,J.R. Smith,Linas Kleiza,Nene Hilario,Brandon Bass,DeSagana Diop,Jason Terry,Jose Juan Barea,Josh Howard,2,7:32,DEN,sub,,,,Nene Hilario,,Chris Andersen,,,,,,,,,,,,
Anthony Carter,Carmelo Anthony,J.R. Smith,Linas Kleiza,Nene Hilario,Brandon Bass,DeSagana Diop,Jason Terry,Jose Juan Barea,Josh Howard,2,7:32,DAL,free throw,,,,,,,2,,2,Josh Howard,,,foul,made,,,,
Anthony Carter,Carmelo Anthony,J.R. Smith,Linas Kleiza,Nene Hilario,Brandon Bass,DeSagana Diop,Jason Terry,Jose Juan Barea,Josh Howard,2,7:19,DEN,turnover,,,,,,,,,,Carmelo Anthony,,,bad pass,,DeSagana Diop,,,
Anthony Carter,Carmelo Anthony,J.R. Smith,Linas Kleiza,Nene Hilario,Brandon Bass,DeSagana Diop,Jason Terry,Jose Juan Barea,Josh Howard,2,7:07,DAL,shot,Jose Juan Barea,,,,,,,,,Josh Howard,3,,,made,,3pt,2,7
Anthony Carter,Carmelo Anthony,J.R. Smith,Linas Kleiza,Nene Hilario,Brandon Bass,DeSagana Diop,Jason Terry,Jose Juan Barea,Josh Howard,2,6:46,DEN,shot,,,,,,,,,,J.R. Smith,2,,,made,,floating jump,32,9
Anthony Carter,Carmelo Anthony,J.R. Smith,Linas Kleiza,Nene Hilario,Brandon Bass,DeSagana Diop,Jason Terry,Jose Juan Barea,Josh Howard,2,6:33,DAL,shot,,,,,,,,,,Jose Juan Barea,,,,missed,,3pt,16,29
Anthony Carter,Carmelo Anthony,J.R. Smith,Linas Kleiza,Nene Hilario,Brandon Bass,DeSagana Diop,Jason Terry,Jose Juan Barea,Josh Howard,2,6:31,DEN,rebound,,,,,,,,,,J.R. Smith,,,,,,def,,
Anthony Carter,Carmelo Anthony,J.R. Smith,Linas Kleiza,Nene Hilario,Brandon Bass,DeSagana Diop,Jason Terry,Jose Juan Barea,Josh Howard,2,6:27,DAL,foul,,,,,,,,Linas Kleiza,,DeSagana Diop,,,,,,shooting,,
Anthony Carter,Carmelo Anthony,J.R. Smith,Linas Kleiza,Nene Hilario,Brandon Bass,DeSagana Diop,Jason Terry,Jose Juan Barea,Josh Howard,2,6:27,DEN,free throw,,,,,,,1,,2,Linas Kleiza,,,foul,made,,,,
Anthony Carter,Carmelo Anthony,J.R. Smith,Linas Kleiza,Nene Hilario,Brandon Bass,DeSagana Diop,Jason Kidd,Jason Terry,Josh Howard,2,6:27,DAL,sub,,,,Jason Kidd,,Jose Juan Barea,,,,,,,,,,,,
Anthony Carter,Carmelo Anthony,J.R. Smith,Linas Kleiza,Nene Hilario,Brandon Bass,Dirk Nowitzki,Jason Kidd,Jason Terry,Josh Howard,2,6:27,DAL,sub,,,,Dirk Nowitzki,,DeSagana Diop,,,,,,,,,,,,
Anthony Carter,Carmelo Anthony,J.R. Smith,Linas Kleiza,Nene Hilario,Brandon Bass,Dirk Nowitzki,Jason Kidd,Jason Terry,Josh Howard,2,6:27,DEN,free throw,,,,,,,2,,2,Linas Kleiza,,,foul,missed,,,,
Anthony Carter,Carmelo Anthony,J.R. Smith,Linas Kleiza,Nene Hilario,Brandon Bass,Dirk Nowitzki,Jason Kidd,Jason Terry,Josh Howard,2,6:26,DAL,rebound,,,,,,,,,,Dirk Nowitzki,,,,,,def,,
Anthony Carter,Carmelo Anthony,J.R. Smith,Linas Kleiza,Nene Hilario,Brandon Bass,Dirk Nowitzki,Jason Kidd,Jason Terry,Josh Howard,2,6:24,DAL,turnover,,,,,,,,,,Dirk Nowitzki,,,out of bounds lost ball turnover,,,,,
Anthony Carter,Carmelo Anthony,J.R. Smith,Linas Kleiza,Nene Hilario,Brandon Bass,Dirk Nowitzki,Jason Kidd,Jason Terry,Josh Howard,2,6:10,DEN,shot,,,,,,,,,,Anthony Carter,2,,,made,,jump,35,21
Anthony Carter,Carmelo Anthony,J.R. Smith,Linas Kleiza,Nene Hilario,Brandon Bass,Dirk Nowitzki,Jason Kidd,Jason Terry,Josh Howard,2,5:55,DAL,shot,,,,,,,,,,Jason Terry,,,,missed,,3pt,6,23
Anthony Carter,Carmelo Anthony,J.R. Smith,Linas Kleiza,Nene Hilario,Brandon Bass,Dirk Nowitzki,Jason Kidd,Jason Terry,Josh Howard,2,5:53,DEN,rebound,,,,,,,,,,Linas Kleiza,,,,,,def,,
Anthony Carter,Carmelo Anthony,J.R. Smith,Linas Kleiza,Nene Hilario,Brandon Bass,Dirk Nowitzki,Jason Kidd,Jason Terry,Josh Howard,2,5:50,OFF,timeout,,,,,,,,,,,,,,,,official,,
Anthony Carter,Carmelo Anthony,J.R. Smith,Linas Kleiza,Nene Hilario,Brandon Bass,Devean George,Dirk Nowitzki,Jason Kidd,Jason Terry,2,5:50,DAL,sub,,,,Devean George,,Josh Howard,,,,,,,,,,,,
Anthony Carter,Carmelo Anthony,J.R. Smith,Linas Kleiza,Nene Hilario,Brandon Bass,Devean George,Dirk Nowitzki,Jason Kidd,Jason Terry,2,5:36,DEN,shot,,,,,,,,,,Nene Hilario,,,,missed,,driving layup,,
Anthony Carter,Carmelo Anthony,J.R. Smith,Linas Kleiza,Nene Hilario,Brandon Bass,Devean George,Dirk Nowitzki,Jason Kidd,Jason Terry,2,5:34,DAL,rebound,,,,,,,,,,Brandon Bass,,,,,,def,,
Anthony Carter,Carmelo Anthony,J.R. Smith,Linas Kleiza,Nene Hilario,Brandon Bass,Devean George,Dirk Nowitzki,Jason Kidd,Jason Terry,2,5:11,DAL,shot,,,,,,,,,,Brandon Bass,,,,missed,,jump,41,8
Anthony Carter,Carmelo Anthony,J.R. Smith,Linas Kleiza,Nene Hilario,Brandon Bass,Devean George,Dirk Nowitzki,Jason Kidd,Jason Terry,2,5:08,DEN,rebound,,,,,,,,,,Carmelo Anthony,,,,,,def,,
Anthony Carter,Carmelo Anthony,J.R. Smith,Linas Kleiza,Nene Hilario,Brandon Bass,Devean George,Dirk Nowitzki,Jason Kidd,Jason Terry,2,4:58,DEN,shot,,,,,,,,,,Anthony Carter,,,,missed,,3pt,47,8
Anthony Carter,Carmelo Anthony,J.R. Smith,Linas Kleiza,Nene Hilario,Brandon Bass,Devean George,Dirk Nowitzki,Jason Kidd,Jason Terry,2,4:55,DAL,rebound,,,,,,,,,,Devean George,,,,,,def,,
Anthony Carter,Carmelo Anthony,J.R. Smith,Linas Kleiza,Nene Hilario,Brandon Bass,Devean George,Dirk Nowitzki,Jason Kidd,Jason Terry,2,4:52,DAL,shot,,,,,,,,,,Jason Terry,3,,,made,,3pt,39,26
Anthony Carter,Carmelo Anthony,J.R. Smith,Linas Kleiza,Nene Hilario,Brandon Bass,Devean George,Dirk Nowitzki,Jason Kidd,Jason Terry,2,4:39,DEN,turnover,,,,,,,,,,Carmelo Anthony,,,bad pass,,Devean George,,,
Anthony Carter,Carmelo Anthony,J.R. Smith,Linas Kleiza,Nene Hilario,Brandon Bass,Devean George,Dirk Nowitzki,Jason Kidd,Jason Terry,2,4:39,DEN,foul,,,,,,,,Devean George,,Carmelo Anthony,,,,,,loose ball,,
Carmelo Anthony,Chauncey Billups,J.R. Smith,Linas Kleiza,Nene Hilario,Brandon Bass,Devean George,Dirk Nowitzki,Jason Kidd,Jason Terry,2,4:39,DEN,sub,,,,Chauncey Billups,,Anthony Carter,,,,,,,,,,,,
Carmelo Anthony,Chauncey Billups,J.R. Smith,Kenyon Martin,Nene Hilario,Brandon Bass,Devean George,Dirk Nowitzki,Jason Kidd,Jason Terry,2,4:39,DEN,sub,,,,Kenyon Martin,,Linas Kleiza,,,,,,,,,,,,
Carmelo Anthony,Chauncey Billups,J.R. Smith,Kenyon Martin,Nene Hilario,Brandon Bass,Devean George,Dirk Nowitzki,Jason Kidd,Jason Terry,2,4:39,DAL,free throw,,,,,,,1,,2,Devean George,,,foul,made,,,,
Carmelo Anthony,Chauncey Billups,J.R. Smith,Kenyon Martin,Nene Hilario,Brandon Bass,Devean George,Dirk Nowitzki,Jason Kidd,Jason Terry,2,4:39,DAL,free throw,,,,,,,2,,2,Devean George,,,foul,made,,,,
Carmelo Anthony,Chauncey Billups,J.R. Smith,Kenyon Martin,Nene Hilario,Brandon Bass,Devean George,Dirk Nowitzki,Jason Kidd,Jason Terry,2,4:24,DEN,shot,,,,,,,,,,Carmelo Anthony,,,,missed,,jump,8,11
Carmelo Anthony,Chauncey Billups,J.R. Smith,Kenyon Martin,Nene Hilario,Brandon Bass,Devean George,Dirk Nowitzki,Jason Kidd,Jason Terry,2,4:22,DAL,rebound,,,,,,,,,,Jason Kidd,,,,,,def,,
Carmelo Anthony,Chauncey Billups,J.R. Smith,Kenyon Martin,Nene Hilario,Brandon Bass,Devean George,Dirk Nowitzki,Jason Kidd,Jason Terry,2,4:16,DAL,shot,,,,,,,,,,Jason Terry,,,,missed,,jump,9,6
Carmelo Anthony,Chauncey Billups,J.R. Smith,Kenyon Martin,Nene Hilario,Brandon Bass,Devean George,Dirk Nowitzki,Jason Kidd,Jason Terry,2,4:15,DAL,rebound,,,,,,,,,,Devean George,,,,,,off,,
Carmelo Anthony,Chauncey Billups,J.R. Smith,Kenyon Martin,Nene Hilario,Brandon Bass,Devean George,Dirk Nowitzki,Jason Kidd,Jason Terry,2,4:12,DAL,shot,,,,,,,,,,Jason Terry,2,,,made,,jump,21,7
Carmelo Anthony,Chauncey Billups,J.R. Smith,Kenyon Martin,Nene Hilario,Brandon Bass,Devean George,Dirk Nowitzki,Jason Kidd,Jason Terry,2,3:52,DEN,shot,,,Brandon Bass,,,,,,,Chauncey Billups,,,,missed,,layup,25,6
Carmelo Anthony,Chauncey Billups,J.R. Smith,Kenyon Martin,Nene Hilario,Brandon Bass,Devean George,Dirk Nowitzki,Jason Kidd,Jason Terry,2,3:51,DEN,rebound,,,,,,,,,,,,,,,,,,
Carmelo Anthony,Chauncey Billups,J.R. Smith,Kenyon Martin,Nene Hilario,Brandon Bass,Devean George,Dirk Nowitzki,Jason Kidd,Jason Terry,2,3:45,DEN,shot,,,,,,,,,,Nene Hilario,,,,missed,,jump,,
Carmelo Anthony,Chauncey Billups,J.R. Smith,Kenyon Martin,Nene Hilario,Brandon Bass,Devean George,Dirk Nowitzki,Jason Kidd,Jason Terry,2,3:43,DAL,rebound,,,,,,,,,,Dirk Nowitzki,,,,,,def,,
Carmelo Anthony,Chauncey Billups,J.R. Smith,Kenyon Martin,Nene Hilario,Brandon Bass,Devean George,Dirk Nowitzki,Jason Kidd,Jason Terry,2,3:37,DAL,shot,,,,,,,,,,Dirk Nowitzki,,,,missed,,3pt,22,31
Carmelo Anthony,Chauncey Billups,J.R. Smith,Kenyon Martin,Nene Hilario,Brandon Bass,Devean George,Dirk Nowitzki,Jason Kidd,Jason Terry,2,3:35,DEN,rebound,,,,,,,,,,J.R. Smith,,,,,,def,,
Carmelo Anthony,Chauncey Billups,J.R. Smith,Kenyon Martin,Nene Hilario,Brandon Bass,Devean George,Dirk Nowitzki,Jason Kidd,Jason Terry,2,3:19,DEN,shot,,,Devean George,,,,,,,Carmelo Anthony,,,,missed,,layup,25,6
Carmelo Anthony,Chauncey Billups,J.R. Smith,Kenyon Martin,Nene Hilario,Brandon Bass,Devean George,Dirk Nowitzki,Jason Kidd,Jason Terry,2,3:15,DAL,rebound,,,,,,,,,,Dirk Nowitzki,,,,,,def,,
Carmelo Anthony,Chauncey Billups,J.R. Smith,Kenyon Martin,Nene Hilario,Brandon Bass,Devean George,Dirk Nowitzki,Jason Kidd,Jason Terry,2,3:12,DAL,turnover,,,,,,,,,,Dirk Nowitzki,,,bad pass,,J.R. Smith,,,
Carmelo Anthony,Chauncey Billups,J.R. Smith,Kenyon Martin,Nene Hilario,Brandon Bass,Devean George,Dirk Nowitzki,Jason Kidd,Jason Terry,2,3:08,DEN,shot,Chauncey Billups,,,,,,,,,Carmelo Anthony,2,,,made,,driving layup,25,6
Carmelo Anthony,Chauncey Billups,J.R. Smith,Kenyon Martin,Nene Hilario,Brandon Bass,Devean George,Dirk Nowitzki,Jason Kidd,Jason Terry,2,2:46,DAL,shot,,,,,,,,,,Jason Terry,,,,missed,,jump,41,10
Carmelo Anthony,Chauncey Billups,J.R. Smith,Kenyon Martin,Nene Hilario,Brandon Bass,Devean George,Dirk Nowitzki,Jason Kidd,Jason Terry,2,2:45,DEN,rebound,,,,,,,,,,Carmelo Anthony,,,,,,def,,
Carmelo Anthony,Chauncey Billups,J.R. Smith,Kenyon Martin,Nene Hilario,Brandon Bass,Devean George,Dirk Nowitzki,Jason Kidd,Jason Terry,2,2:27,DEN,shot,Chauncey Billups,,,,,,,,,Carmelo Anthony,2,,,made,,layup,25,6
Carmelo Anthony,Chauncey Billups,J.R. Smith,Kenyon Martin,Nene Hilario,Brandon Bass,Devean George,Dirk Nowitzki,Jason Kidd,Jason Terry,2,2:08,DEN,foul,,,,,,,,Jason Terry,,Nene Hilario,,,,,,personal,,
Carmelo Anthony,Chauncey Billups,J.R. Smith,Kenyon Martin,Nene Hilario,Brandon Bass,Devean George,Dirk Nowitzki,Jason Kidd,Jason Terry,2,2:08,DEN,timeout,,,,,,,,,,,,,,,,regular,,
Carmelo Anthony,Chauncey Billups,J.R. Smith,Kenyon Martin,Nene Hilario,Brandon Bass,Devean George,Dirk Nowitzki,Jason Kidd,Jason Terry,2,2:08,DAL,free throw,,,,,,,1,,2,Jason Terry,,,foul,made,,,,
Carmelo Anthony,Chauncey Billups,J.R. Smith,Kenyon Martin,Nene Hilario,Brandon Bass,Devean George,Dirk Nowitzki,Jason Kidd,Jason Terry,2,2:08,DAL,free throw,,,,,,,2,,2,Jason Terry,,,foul,made,,,,
Carmelo Anthony,Chauncey Billups,J.R. Smith,Kenyon Martin,Nene Hilario,Brandon Bass,Devean George,Dirk Nowitzki,Jason Kidd,Jason Terry,2,1:57,DEN,shot,Kenyon Martin,,,,,,,,,Nene Hilario,2,,,made,,layup,,
Carmelo Anthony,Chauncey Billups,J.R. Smith,Kenyon Martin,Nene Hilario,Brandon Bass,Devean George,Dirk Nowitzki,Jason Kidd,Jason Terry,2,1:57,DAL,foul,,,,,,,,Nene Hilario,,Brandon Bass,,,,,,shooting,,
Carmelo Anthony,Chauncey Billups,J.R. Smith,Kenyon Martin,Nene Hilario,Brandon Bass,Devean George,Dirk Nowitzki,Jason Kidd,Jason Terry,2,1:57,DEN,free throw,,,,,,,1,,1,Nene Hilario,,,foul,made,,,,
Carmelo Anthony,Chauncey Billups,J.R. Smith,Kenyon Martin,Nene Hilario,Brandon Bass,Devean George,Dirk Nowitzki,Jason Kidd,Jason Terry,2,1:46,DAL,shot,Jason Kidd,,,,,,,,,Dirk Nowitzki,2,,,made,,jump,18,21
Carmelo Anthony,Chauncey Billups,J.R. Smith,Kenyon Martin,Nene Hilario,Brandon Bass,Devean George,Dirk Nowitzki,Jason Kidd,Jason Terry,2,1:32,DEN,shot,Kenyon Martin,,,,,,,,,Nene Hilario,2,,,made,,layup,,
Carmelo Anthony,Chauncey Billups,J.R. Smith,Kenyon Martin,Nene Hilario,Brandon Bass,Devean George,Dirk Nowitzki,Jason Kidd,Jason Terry,2,1:13,DAL,shot,,,,,,,,,,Jason Kidd,,,,missed,,3pt,47,6
Carmelo Anthony,Chauncey Billups,J.R. Smith,Kenyon Martin,Nene Hilario,Brandon Bass,Devean George,Dirk Nowitzki,Jason Kidd,Jason Terry,2,1:11,DEN,rebound,,,,,,,,,,Kenyon Martin,,,,,,def,,
Carmelo Anthony,Chauncey Billups,J.R. Smith,Kenyon Martin,Nene Hilario,Brandon Bass,Devean George,Dirk Nowitzki,Jason Kidd,Jason Terry,2,1:09,DAL,foul,,,,,,,,Chauncey Billups,,Devean George,,,,,,personal,,
Chauncey Billups,Dahntay Jones,J.R. Smith,Kenyon Martin,Nene Hilario,Brandon Bass,Devean George,Dirk Nowitzki,Jason Kidd,Jason Terry,2,1:09,DEN,sub,,,,Dahntay Jones,,Carmelo Anthony,,,,,,,,,,,,
Chauncey Billups,Dahntay Jones,J.R. Smith,Kenyon Martin,Nene Hilario,Brandon Bass,Devean George,Dirk Nowitzki,Jason Kidd,Jason Terry,2,1:09,DEN,free throw,,,,,,,1,,2,Chauncey Billups,,,foul,made,,,,
Chauncey Billups,Dahntay Jones,J.R. Smith,Kenyon Martin,Nene Hilario,Brandon Bass,Devean George,Dirk Nowitzki,Jason Kidd,Jason Terry,2,1:09,DEN,free throw,,,,,,,2,,2,Chauncey Billups,,,foul,made,,,,
Chauncey Billups,Dahntay Jones,J.R. Smith,Kenyon Martin,Nene Hilario,Brandon Bass,Devean George,Dirk Nowitzki,Jason Kidd,Jason Terry,2,0:51,DAL,shot,,,,,,,,,,Jason Terry,,,,missed,,3pt,46,18
Chauncey Billups,Dahntay Jones,J.R. Smith,Kenyon Martin,Nene Hilario,Brandon Bass,Devean George,Dirk Nowitzki,Jason Kidd,Jason Terry,2,0:49,DAL,rebound,,,,,,,,,,Jason Terry,,,,,,off,,
Chauncey Billups,Dahntay Jones,J.R. Smith,Kenyon Martin,Nene Hilario,Brandon Bass,Devean George,Dirk Nowitzki,Jason Kidd,Jason Terry,2,0:38,DAL,shot,,,,,,,,,,Dirk Nowitzki,2,,,made,,turnaround fade away,32,18
Chauncey Billups,Dahntay Jones,J.R. Smith,Kenyon Martin,Nene Hilario,Brandon Bass,Devean George,Dirk Nowitzki,Jason Kidd,Jason Terry,2,0:29,DEN,shot,Chauncey Billups,,,,,,,,,Kenyon Martin,3,,,made,,3pt,22,30
Chauncey Billups,Dahntay Jones,J.R. Smith,Kenyon Martin,Nene Hilario,Brandon Bass,Devean George,Dirk Nowitzki,Jason Kidd,Jason Terry,2,0:13,DEN,foul,,,,,,,,Dirk Nowitzki,,Kenyon Martin,,,,,,shooting,,
Chauncey Billups,Dahntay Jones,J.R. Smith,Kenyon Martin,Nene Hilario,Brandon Bass,Devean George,Dirk Nowitzki,Jason Kidd,Jason Terry,2,0:13,DAL,free throw,,,,,,,1,,2,Dirk Nowitzki,,,foul,missed,,,,
Chauncey Billups,Dahntay Jones,J.R. Smith,Kenyon Martin,Nene Hilario,Brandon Bass,Devean George,Dirk Nowitzki,Jason Kidd,Jason Terry,2,0:13,DAL,rebound,,,,,,,,,,,,,,,,,,
Chauncey Billups,Dahntay Jones,J.R. Smith,Kenyon Martin,Nene Hilario,DeSagana Diop,Devean George,Dirk Nowitzki,Jason Kidd,Jason Terry,2,0:13,DAL,sub,,,,DeSagana Diop,,Brandon Bass,,,,,,,,,,,,
Chauncey Billups,Dahntay Jones,J.R. Smith,Kenyon Martin,Nene Hilario,DeSagana Diop,Dirk Nowitzki,Jason Kidd,Jason Terry,Shawne Williams,2,0:13,DAL,sub,,,,Shawne Williams,,Devean George,,,,,,,,,,,,
Chauncey Billups,J.R. Smith,Kenyon Martin,Linas Kleiza,Nene Hilario,DeSagana Diop,Dirk Nowitzki,Jason Kidd,Jason Terry,Shawne Williams,2,0:13,DEN,sub,,,,Linas Kleiza,,Dahntay Jones,,,,,,,,,,,,
Chauncey Billups,J.R. Smith,Kenyon Martin,Linas Kleiza,Nene Hilario,DeSagana Diop,Dirk Nowitzki,Jason Kidd,Jason Terry,Shawne Williams,2,0:13,DAL,free throw,,,,,,,2,,2,Dirk Nowitzki,,,foul,made,,,,
Chauncey Billups,J.R. Smith,Kenyon Martin,Linas Kleiza,Nene Hilario,DeSagana Diop,Dirk Nowitzki,Jason Kidd,Jason Terry,Shawne Williams,2,0:08,DEN,shot,,,,,,,,,,Linas Kleiza,,,,missed,,layup,25,6
Chauncey Billups,J.R. Smith,Kenyon Martin,Linas Kleiza,Nene Hilario,DeSagana Diop,Dirk Nowitzki,Jason Kidd,Jason Terry,Shawne Williams,2,0:08,DEN,shot,,,,,,,,,,J.R. Smith,2,,,made,,tip,25,6
Chauncey Billups,J.R. Smith,Kenyon Martin,Linas Kleiza,Nene Hilario,DeSagana Diop,Dirk Nowitzki,Jason Kidd,Jason Terry,Shawne Williams,2,0:08,DEN,rebound,,,,,,,,,,J.R. Smith,,,,,,off,,
Chauncey Billups,J.R. Smith,Kenyon Martin,Linas Kleiza,Nene Hilario,DeSagana Diop,Dirk Nowitzki,Jason Kidd,Jason Terry,Shawne Williams,2,0:00,DAL,shot,,,,,,,,,,Dirk Nowitzki,,,,missed,,3pt,33,34
Chauncey Billups,J.R. Smith,Kenyon Martin,Linas Kleiza,Nene Hilario,DeSagana Diop,Dirk Nowitzki,Jason Kidd,Jason Terry,Shawne Williams,2,0:00,DAL,rebound,,,,,,,,,,Shawne Williams,,,,,,off,,
Carmelo Anthony,Chauncey Billups,Dahntay Jones,Kenyon Martin,Nene Hilario,Devean George,Dirk Nowitzki,Erick Dampier,Jason Kidd,Jose Juan Barea,3,11:41,DAL,shot,Jose Juan Barea,,,,,,,,,Dirk Nowitzki,2,,,made,,jump,8,9
Carmelo Anthony,Chauncey Billups,Dahntay Jones,Kenyon Martin,Nene Hilario,Devean George,Dirk Nowitzki,Erick Dampier,Jason Kidd,Jose Juan Barea,3,11:20,DEN,shot,Carmelo Anthony,,,,,,,,,Chauncey Billups,3,,,made,,3pt,14,29
Carmelo Anthony,Chauncey Billups,Dahntay Jones,Kenyon Martin,Nene Hilario,Devean George,Dirk Nowitzki,Erick Dampier,Jason Kidd,Jose Juan Barea,3,11:02,DAL,shot,Jose Juan Barea,,,,,,,,,Dirk Nowitzki,2,,,made,,jump,8,17
Carmelo Anthony,Chauncey Billups,Dahntay Jones,Kenyon Martin,Nene Hilario,Devean George,Dirk Nowitzki,Erick Dampier,Jason Kidd,Jose Juan Barea,3,10:43,DEN,shot,Kenyon Martin,,,,,,,,,Nene Hilario,2,,,made,,layup,,
Carmelo Anthony,Chauncey Billups,Dahntay Jones,Kenyon Martin,Nene Hilario,Devean George,Dirk Nowitzki,Erick Dampier,Jason Kidd,Jose Juan Barea,3,10:18,DAL,shot,,,Nene Hilario,,,,,,,Jose Juan Barea,,,,missed,,jump,24,18
Carmelo Anthony,Chauncey Billups,Dahntay Jones,Kenyon Martin,Nene Hilario,Devean George,Dirk Nowitzki,Erick Dampier,Jason Kidd,Jose Juan Barea,3,10:16,DEN,rebound,,,,,,,,,,Carmelo Anthony,,,,,,def,,
Carmelo Anthony,Chauncey Billups,Dahntay Jones,Kenyon Martin,Nene Hilario,Devean George,Dirk Nowitzki,Erick Dampier,Jason Kidd,Jose Juan Barea,3,10:12,DEN,shot,,,Erick Dampier,,,,,,,Dahntay Jones,,,,missed,,layup,25,6
Carmelo Anthony,Chauncey Billups,Dahntay Jones,Kenyon Martin,Nene Hilario,Devean George,Dirk Nowitzki,Erick Dampier,Jason Kidd,Jose Juan Barea,3,10:11,DAL,rebound,,,,,,,,,,Erick Dampier,,,,,,def,,
Carmelo Anthony,Chauncey Billups,Dahntay Jones,Kenyon Martin,Nene Hilario,Devean George,Dirk Nowitzki,Erick Dampier,Jason Kidd,Jose Juan Barea,3,10:01,DAL,shot,Jason Kidd,,,,,,,,,Dirk Nowitzki,2,,,made,,turnaround fade away,13,13
Carmelo Anthony,Chauncey Billups,Dahntay Jones,Kenyon Martin,Nene Hilario,Devean George,Dirk Nowitzki,Erick Dampier,Jason Kidd,Jose Juan Barea,3,9:36,DEN,shot,,,,,,,,,,Carmelo Anthony,,,,missed,,running jump,24,13
Carmelo Anthony,Chauncey Billups,Dahntay Jones,Kenyon Martin,Nene Hilario,Devean George,Dirk Nowitzki,Erick Dampier,Jason Kidd,Jose Juan Barea,3,9:34,DAL,rebound,,,,,,,,,,Erick Dampier,,,,,,def,,
Carmelo Anthony,Chauncey Billups,Dahntay Jones,Kenyon Martin,Nene Hilario,Devean George,Dirk Nowitzki,Erick Dampier,Jason Kidd,Jose Juan Barea,3,9:16,DEN,foul,,,,,,,,Dirk Nowitzki,,Kenyon Martin,,,,,,shooting,,
Carmelo Anthony,Chauncey Billups,Dahntay Jones,Kenyon Martin,Nene Hilario,Devean George,Dirk Nowitzki,Erick Dampier,Jason Kidd,Jose Juan Barea,3,9:16,DAL,free throw,,,,,,,1,,2,Dirk Nowitzki,,,foul,made,,,,
Carmelo Anthony,Chauncey Billups,Dahntay Jones,Kenyon Martin,Nene Hilario,Devean George,Dirk Nowitzki,Erick Dampier,Jason Kidd,Jose Juan Barea,3,9:16,DAL,free throw,,,,,,,2,,2,Dirk Nowitzki,,,foul,made,,,,
Carmelo Anthony,Chauncey Billups,Dahntay Jones,Kenyon Martin,Nene Hilario,Devean George,Dirk Nowitzki,Erick Dampier,Jason Kidd,Jose Juan Barea,3,9:00,DEN,shot,,,,,,,,,,Nene Hilario,,,,missed,,driving layup,,
Carmelo Anthony,Chauncey Billups,Dahntay Jones,Kenyon Martin,Nene Hilario,Devean George,Dirk Nowitzki,Erick Dampier,Jason Kidd,Jose Juan Barea,3,9:00,DAL,rebound,,,,,,,,,,Devean George,,,,,,def,,
Carmelo Anthony,Chauncey Billups,Dahntay Jones,Kenyon Martin,Nene Hilario,Devean George,Dirk Nowitzki,Erick Dampier,Jason Kidd,Jose Juan Barea,3,9:00,DEN,foul,,,,,,,,Devean George,,Kenyon Martin,,,,,,personal,,
Carmelo Anthony,Chauncey Billups,Dahntay Jones,Kenyon Martin,Nene Hilario,Devean George,Dirk Nowitzki,Erick Dampier,Jason Kidd,Jose Juan Barea,3,8:40,DAL,shot,,,,,,,,,,Jason Kidd,,,,missed,,3pt,47,7
Carmelo Anthony,Chauncey Billups,Dahntay Jones,Kenyon Martin,Nene Hilario,Devean George,Dirk Nowitzki,Erick Dampier,Jason Kidd,Jose Juan Barea,3,8:38,DEN,rebound,,,,,,,,,,Kenyon Martin,,,,,,def,,
Carmelo Anthony,Chauncey Billups,Dahntay Jones,Kenyon Martin,Nene Hilario,Devean George,Dirk Nowitzki,Erick Dampier,Jason Kidd,Jose Juan Barea,3,8:27,DEN,shot,,,,,,,,,,Chauncey Billups,,,,missed,,turnaround fade away,35,14
Carmelo Anthony,Chauncey Billups,Dahntay Jones,Kenyon Martin,Nene Hilario,Devean George,Dirk Nowitzki,Erick Dampier,Jason Kidd,Jose Juan Barea,3,8:24,DAL,rebound,,,,,,,,,,Erick Dampier,,,,,,def,,
Carmelo Anthony,Chauncey Billups,Dahntay Jones,Kenyon Martin,Nene Hilario,Devean George,Dirk Nowitzki,Erick Dampier,Jason Kidd,Jose Juan Barea,3,8:17,DAL,shot,Erick Dampier,,,,,,,,,Dirk Nowitzki,3,,,made,,3pt,29,30
Carmelo Anthony,Chauncey Billups,Dahntay Jones,Kenyon Martin,Nene Hilario,Devean George,Dirk Nowitzki,Erick Dampier,Jason Kidd,Jose Juan Barea,3,8:14,DEN,timeout,,,,,,,,,,,,,,,,regular,,
Carmelo Anthony,Chauncey Billups,Dahntay Jones,Kenyon Martin,Nene Hilario,Devean George,Dirk Nowitzki,Erick Dampier,Jason Kidd,Jose Juan Barea,3,7:56,DAL,foul,,,,,,,,Carmelo Anthony,,Devean George,,,,,,personal,,
Carmelo Anthony,Chauncey Billups,Dahntay Jones,Kenyon Martin,Nene Hilario,Devean George,Dirk Nowitzki,Erick Dampier,Jason Kidd,Jose Juan Barea,3,7:43,DEN,shot,,,,,,,,,,Kenyon Martin,,,,missed,,jump,46,6
Carmelo Anthony,Chauncey Billups,Dahntay Jones,Kenyon Martin,Nene Hilario,Devean George,Dirk Nowitzki,Erick Dampier,Jason Kidd,Jose Juan Barea,3,7:42,DEN,rebound,,,,,,,,,,,,,,,,,,
Carmelo Anthony,Chauncey Billups,Dahntay Jones,Kenyon Martin,Nene Hilario,Devean George,Dirk Nowitzki,Erick Dampier,Jason Kidd,Jose Juan Barea,3,7:42,DEN,turnover,,,,,,,,,,,,,shot clock turnover,,,,,
Carmelo Anthony,Chauncey Billups,Dahntay Jones,Kenyon Martin,Nene Hilario,Devean George,Dirk Nowitzki,Erick Dampier,Jason Kidd,Jose Juan Barea,3,7:19,DAL,shot,Jose Juan Barea,,,,,,,,,Devean George,3,,,made,,3pt,42,24
Carmelo Anthony,Chauncey Billups,Dahntay Jones,Kenyon Martin,Nene Hilario,Devean George,Dirk Nowitzki,Erick Dampier,Jason Kidd,Jose Juan Barea,3,7:18,DEN,foul,,,,,,,,,,Carmelo Anthony,,,,,,technical,,
Carmelo Anthony,Chauncey Billups,Dahntay Jones,Kenyon Martin,Nene Hilario,Devean George,Dirk Nowitzki,Erick Dampier,Jason Kidd,Jose Juan Barea,3,7:18,DAL,free throw,,,,,,,1,,1,Dirk Nowitzki,,,technical,made,,,,
Carmelo Anthony,Chauncey Billups,Dahntay Jones,Kenyon Martin,Nene Hilario,Devean George,Dirk Nowitzki,Erick Dampier,Jason Kidd,Jose Juan Barea,3,7:05,DEN,turnover,,,,,,,,,,Kenyon Martin,,,lost ball,,Jose Juan Barea,,,
Carmelo Anthony,Chauncey Billups,Dahntay Jones,Kenyon Martin,Nene Hilario,Devean George,Dirk Nowitzki,Erick Dampier,Jason Kidd,Jose Juan Barea,3,7:00,DAL,shot,,,Dahntay Jones,,,,,,,Jose Juan Barea,,,,missed,,driving layup,25,6
Carmelo Anthony,Chauncey Billups,Dahntay Jones,Kenyon Martin,Nene Hilario,Devean George,Dirk Nowitzki,Erick Dampier,Jason Kidd,Jose Juan Barea,3,6:59,DEN,rebound,,,,,,,,,,Carmelo Anthony,,,,,,def,,
Carmelo Anthony,Chauncey Billups,Dahntay Jones,Kenyon Martin,Nene Hilario,Devean George,Dirk Nowitzki,Erick Dampier,Jason Kidd,Jose Juan Barea,3,6:44,DEN,shot,,,,,,,,,,Chauncey Billups,3,,,made,,3pt,13,28
Carmelo Anthony,Chauncey Billups,Dahntay Jones,Kenyon Martin,Nene Hilario,Devean George,Dirk Nowitzki,Erick Dampier,Jason Kidd,Jose Juan Barea,3,6:26,DAL,shot,Jose Juan Barea,,,,,,,,,Devean George,3,,,made,,3pt,48,7
Carmelo Anthony,Chauncey Billups,Dahntay Jones,Kenyon Martin,Nene Hilario,Devean George,Dirk Nowitzki,Erick Dampier,Jason Kidd,Jose Juan Barea,3,6:13,DEN,turnover,,,,,,,,,,Chauncey Billups,,,bad pass,,Erick Dampier,,,
Carmelo Anthony,Chauncey Billups,Dahntay Jones,Kenyon Martin,Nene Hilario,Devean George,Dirk Nowitzki,Erick Dampier,Jason Kidd,Jose Juan Barea,3,5:58,DEN,foul,,,,,,,,Erick Dampier,,Nene Hilario,,,,,,personal,,
Carmelo Anthony,Chauncey Billups,Dahntay Jones,Kenyon Martin,Nene Hilario,Devean George,Dirk Nowitzki,Erick Dampier,Jason Kidd,Jose Juan Barea,3,5:44,DAL,turnover,,,,,,,,,,,,,shot clock turnover,,,,,
Carmelo Anthony,Chauncey Billups,Dahntay Jones,Kenyon Martin,Nene Hilario,Devean George,Dirk Nowitzki,Erick Dampier,Jason Kidd,Jose Juan Barea,3,5:44,DEN,shot,,,,,,,,,,Carmelo Anthony,,,,missed,,fade away jumper,15,9
Carmelo Anthony,Chauncey Billups,Dahntay Jones,Kenyon Martin,Nene Hilario,Devean George,Dirk Nowitzki,Erick Dampier,Jason Kidd,Jose Juan Barea,3,5:41,DAL,rebound,,,,,,,,,,Erick Dampier,,,,,,def,,
Carmelo Anthony,Chauncey Billups,Dahntay Jones,Kenyon Martin,Nene Hilario,Devean George,Dirk Nowitzki,Erick Dampier,Jason Kidd,Jose Juan Barea,3,5:22,DAL,shot,,,,,,,,,,Jose Juan Barea,2,,,made,,driving layup,25,6
Carmelo Anthony,Chauncey Billups,Dahntay Jones,Kenyon Martin,Nene Hilario,Devean George,Dirk Nowitzki,Erick Dampier,Jason Kidd,Jose Juan Barea,3,5:22,DEN,violation,,,,,,,,,,Kenyon Martin,,,,,,defensive goaltending,,
Carmelo Anthony,Chauncey Billups,Dahntay Jones,Kenyon Martin,Nene Hilario,Devean George,Dirk Nowitzki,Erick Dampier,Jason Kidd,Jose Juan Barea,3,4:52,DEN,shot,,,,,,,,,,Dahntay Jones,,,,missed,,jump,20,12
Carmelo Anthony,Chauncey Billups,Dahntay Jones,Kenyon Martin,Nene Hilario,Devean George,Dirk Nowitzki,Erick Dampier,Jason Kidd,Jose Juan Barea,3,4:51,DEN,rebound,,,,,,,,,,Nene Hilario,,,,,,off,,
Carmelo Anthony,Chauncey Billups,Dahntay Jones,Kenyon Martin,Nene Hilario,Devean George,Dirk Nowitzki,Erick Dampier,Jason Kidd,Jose Juan Barea,3,4:50,DAL,foul,,,,,,,,Nene Hilario,,Erick Dampier,,,,,,shooting,,
Anthony Carter,Carmelo Anthony,Chauncey Billups,Kenyon Martin,Nene Hilario,Devean George,Dirk Nowitzki,Erick Dampier,Jason Kidd,Jose Juan Barea,3,4:50,DEN,sub,,,,Anthony Carter,,Dahntay Jones,,,,,,,,,,,,
Anthony Carter,Carmelo Anthony,Chauncey Billups,Kenyon Martin,Nene Hilario,Devean George,Dirk Nowitzki,Erick Dampier,Jason Kidd,Jose Juan Barea,3,4:50,DEN,free throw,,,,,,,1,,2,Nene Hilario,,,foul,missed,,,,
Anthony Carter,Carmelo Anthony,Chauncey Billups,Kenyon Martin,Nene Hilario,Devean George,Dirk Nowitzki,Erick Dampier,Jason Kidd,Jose Juan Barea,3,4:50,DEN,rebound,,,,,,,,,,,,,,,,,,
Anthony Carter,Carmelo Anthony,Chauncey Billups,Kenyon Martin,Nene Hilario,Devean George,Dirk Nowitzki,Erick Dampier,Jason Kidd,Jose Juan Barea,3,4:50,DEN,free throw,,,,,,,2,,2,Nene Hilario,,,foul,made,,,,
Anthony Carter,Carmelo Anthony,Chauncey Billups,Kenyon Martin,Nene Hilario,Devean George,Dirk Nowitzki,Erick Dampier,Jason Kidd,Jose Juan Barea,3,4:30,DAL,shot,,,,,,,,,,Dirk Nowitzki,,,,missed,,jump,34,10
Anthony Carter,Carmelo Anthony,Chauncey Billups,Kenyon Martin,Nene Hilario,Devean George,Dirk Nowitzki,Erick Dampier,Jason Kidd,Jose Juan Barea,3,4:28,DEN,rebound,,,,,,,,,,Kenyon Martin,,,,,,def,,
Anthony Carter,Carmelo Anthony,Chauncey Billups,Kenyon Martin,Nene Hilario,Devean George,Dirk Nowitzki,Erick Dampier,Jason Kidd,Jose Juan Barea,3,4:17,DEN,turnover,,,,,,,,,,Carmelo Anthony,,,step out of bounds turnover,,,,,
Anthony Carter,Carmelo Anthony,Chauncey Billups,Chris Andersen,Nene Hilario,Devean George,Dirk Nowitzki,Erick Dampier,Jason Kidd,Jose Juan Barea,3,4:17,DEN,sub,,,,Chris Andersen,,Kenyon Martin,,,,,,,,,,,,
Anthony Carter,Carmelo Anthony,Chauncey Billups,Chris Andersen,Nene Hilario,Devean George,Dirk Nowitzki,Erick Dampier,Jason Kidd,Jose Juan Barea,3,4:08,DAL,shot,Jason Kidd,,,,,,,,,Dirk Nowitzki,2,,,made,,jump,9,11
Anthony Carter,Carmelo Anthony,Chauncey Billups,Chris Andersen,Nene Hilario,Devean George,Dirk Nowitzki,Erick Dampier,Jason Kidd,Jose Juan Barea,3,3:52,DEN,shot,,,,,,,,,,Carmelo Anthony,,,,missed,,jump,10,10
Anthony Carter,Carmelo Anthony,Chauncey Billups,Chris Andersen,Nene Hilario,Devean George,Dirk Nowitzki,Erick Dampier,Jason Kidd,Jose Juan Barea,3,3:50,DAL,rebound,,,,,,,,,,Dirk Nowitzki,,,,,,def,,
Anthony Carter,Carmelo Anthony,Chauncey Billups,Chris Andersen,Nene Hilario,Devean George,Dirk Nowitzki,Erick Dampier,Jason Kidd,Jose Juan Barea,3,3:48,DAL,turnover,,,,,,,,,,Dirk Nowitzki,,,bad pass,,Carmelo Anthony,,,
Anthony Carter,Carmelo Anthony,Chauncey Billups,Chris Andersen,Nene Hilario,Devean George,Dirk Nowitzki,Erick Dampier,Jason Kidd,Jose Juan Barea,3,3:41,DEN,shot,,,,,,,,,,Chauncey Billups,,,,missed,,3pt,25,32
Anthony Carter,Carmelo Anthony,Chauncey Billups,Chris Andersen,Nene Hilario,Devean George,Dirk Nowitzki,Erick Dampier,Jason Kidd,Jose Juan Barea,3,3:39,DEN,rebound,,,,,,,,,,Chris Andersen,,,,,,off,,
Anthony Carter,Carmelo Anthony,Chauncey Billups,Chris Andersen,Nene Hilario,Devean George,Dirk Nowitzki,Erick Dampier,Jason Kidd,Jose Juan Barea,3,3:34,DEN,shot,Chauncey Billups,,,,,,,,,Carmelo Anthony,3,,,made,,3pt,2,7
Anthony Carter,Carmelo Anthony,Chauncey Billups,Chris Andersen,Nene Hilario,Devean George,Dirk Nowitzki,Erick Dampier,Jason Kidd,Jose Juan Barea,3,3:32,DAL,timeout,,,,,,,,,,,,,,,,regular,,
Anthony Carter,Carmelo Anthony,Chauncey Billups,Chris Andersen,Nene Hilario,Devean George,Dirk Nowitzki,Erick Dampier,Jason Kidd,Jason Terry,3,3:32,DAL,sub,,,,Jason Terry,,Jose Juan Barea,,,,,,,,,,,,
Anthony Carter,Chauncey Billups,Chris Andersen,Linas Kleiza,Nene Hilario,Devean George,Dirk Nowitzki,Erick Dampier,Jason Kidd,Jason Terry,3,3:32,DEN,sub,,,,Linas Kleiza,,Carmelo Anthony,,,,,,,,,,,,
Anthony Carter,Chauncey Billups,Chris Andersen,Linas Kleiza,Nene Hilario,Devean George,Dirk Nowitzki,Erick Dampier,Jason Kidd,Jason Terry,3,3:13,DAL,shot,,,,,,,,,,Devean George,,,,missed,,3pt,47,8
Anthony Carter,Chauncey Billups,Chris Andersen,Linas Kleiza,Nene Hilario,Devean George,Dirk Nowitzki,Erick Dampier,Jason Kidd,Jason Terry,3,3:11,DEN,rebound,,,,,,,,,,Nene Hilario,,,,,,def,,
Anthony Carter,Chauncey Billups,Chris Andersen,Linas Kleiza,Nene Hilario,Devean George,Dirk Nowitzki,Erick Dampier,Jason Kidd,Jason Terry,3,2:53,DEN,shot,,,,,,,,,,Anthony Carter,,,,missed,,driving layup,25,6
Anthony Carter,Chauncey Billups,Chris Andersen,Linas Kleiza,Nene Hilario,Devean George,Dirk Nowitzki,Erick Dampier,Jason Kidd,Jason Terry,3,2:50,DAL,rebound,,,,,,,,,,Jason Kidd,,,,,,def,,
Anthony Carter,Chauncey Billups,Chris Andersen,Linas Kleiza,Nene Hilario,Devean George,Dirk Nowitzki,Erick Dampier,Jason Kidd,Jason Terry,3,2:44,DEN,foul,,,,,,,,Jason Kidd,,Anthony Carter,,,,,,shooting,,
Anthony Carter,Chauncey Billups,Chris Andersen,Linas Kleiza,Nene Hilario,Devean George,Dirk Nowitzki,Erick Dampier,Jason Kidd,Jason Terry,3,2:44,DAL,free throw,,,,,,,1,,2,Jason Kidd,,,foul,made,,,,
Anthony Carter,Chauncey Billups,Chris Andersen,Linas Kleiza,Nene Hilario,Devean George,Dirk Nowitzki,Erick Dampier,Jason Kidd,Jason Terry,3,2:44,DAL,free throw,,,,,,,2,,2,Jason Kidd,,,foul,made,,,,
Anthony Carter,Chauncey Billups,Chris Andersen,Linas Kleiza,Nene Hilario,Devean George,Dirk Nowitzki,Erick Dampier,Jason Kidd,Jason Terry,3,2:31,DAL,foul,,,,,,,,Chauncey Billups,,Jason Kidd,,,,,,shooting,,
Anthony Carter,Chauncey Billups,Chris Andersen,Linas Kleiza,Nene Hilario,Devean George,Dirk Nowitzki,Erick Dampier,Jason Kidd,Jason Terry,3,2:31,DEN,free throw,,,,,,,1,,2,Chauncey Billups,,,foul,made,,,,
Anthony Carter,Chauncey Billups,Chris Andersen,Linas Kleiza,Nene Hilario,Dirk Nowitzki,Erick Dampier,Jason Kidd,Jason Terry,Josh Howard,3,2:31,DAL,sub,,,,Josh Howard,,Devean George,,,,,,,,,,,,
Anthony Carter,Chauncey Billups,Chris Andersen,Linas Kleiza,Nene Hilario,Dirk Nowitzki,Erick Dampier,Jason Kidd,Jason Terry,Josh Howard,3,2:31,DEN,free throw,,,,,,,2,,2,Chauncey Billups,,,foul,made,,,,
Anthony Carter,Chauncey Billups,Chris Andersen,Linas Kleiza,Nene Hilario,Dirk Nowitzki,Erick Dampier,Jason Kidd,Jason Terry,Josh Howard,3,2:14,DAL,shot,,,,,,,,,,Dirk Nowitzki,,,,missed,,turnaround jump,36,8
Anthony Carter,Chauncey Billups,Chris Andersen,Linas Kleiza,Nene Hilario,Dirk Nowitzki,Erick Dampier,Jason Kidd,Jason Terry,Josh Howard,3,2:10,DAL,rebound,,,,,,,,,,Erick Dampier,,,,,,off,,
Anthony Carter,Chauncey Billups,Chris Andersen,Linas Kleiza,Nene Hilario,Dirk Nowitzki,Erick Dampier,Jason Kidd,Jason Terry,Josh Howard,3,2:06,DAL,shot,,,,,,,,,,Jason Kidd,,,,missed,,jump,14,26
Anthony Carter,Chauncey Billups,Chris Andersen,Linas Kleiza,Nene Hilario,Dirk Nowitzki,Erick Dampier,Jason Kidd,Jason Terry,Josh Howard,3,2:05,DEN,rebound,,,,,,,,,,Chris Andersen,,,,,,def,,
Anthony Carter,Chauncey Billups,Chris Andersen,Linas Kleiza,Nene Hilario,Dirk Nowitzki,Erick Dampier,Jason Kidd,Jason Terry,Josh Howard,3,1:56,DEN,shot,,,,,,,,,,Anthony Carter,2,,,made,,jump,11,22
Anthony Carter,Chauncey Billups,Chris Andersen,Linas Kleiza,Nene Hilario,Dirk Nowitzki,Erick Dampier,Jason Kidd,Jason Terry,Josh Howard,3,1:33,DAL,shot,,,,,,,,,,Dirk Nowitzki,,,,missed,,jump,8,13
Anthony Carter,Chauncey Billups,Chris Andersen,Linas Kleiza,Nene Hilario,Dirk Nowitzki,Erick Dampier,Jason Kidd,Jason Terry,Josh Howard,3,1:31,DAL,rebound,,,,,,,,,,Erick Dampier,,,,,,off,,
Anthony Carter,Chauncey Billups,Chris Andersen,Linas Kleiza,Nene Hilario,Dirk Nowitzki,Erick Dampier,Jason Kidd,Jason Terry,Josh Howard,3,1:26,DAL,turnover,,,,,,,,,,Erick Dampier,,,bad pass,,Anthony Carter,,,
Anthony Carter,Chauncey Billups,Chris Andersen,Linas Kleiza,Nene Hilario,Dirk Nowitzki,Erick Dampier,Jason Kidd,Jason Terry,Josh Howard,3,1:23,DEN,shot,,,,,,,,,,Nene Hilario,,,,missed,,layup,,
Anthony Carter,Chauncey Billups,Chris Andersen,Linas Kleiza,Nene Hilario,Dirk Nowitzki,Erick Dampier,Jason Kidd,Jason Terry,Josh Howard,3,1:22,DAL,rebound,,,,,,,,,,,,,,,,,,
Anthony Carter,Chauncey Billups,Chris Andersen,Linas Kleiza,Nene Hilario,Dirk Nowitzki,Erick Dampier,Jason Kidd,Jason Terry,Josh Howard,3,1:08,DAL,shot,Josh Howard,,,,,,,,,Dirk Nowitzki,2,,,made,,fade away jumper,15,14
Anthony Carter,Chauncey Billups,Chris Andersen,Linas Kleiza,Nene Hilario,Dirk Nowitzki,Erick Dampier,Jason Kidd,Jason Terry,Josh Howard,3,0:49,DEN,shot,,,,,,,,,,Anthony Carter,,,,missed,,3pt,38,27
Anthony Carter,Chauncey Billups,Chris Andersen,Linas Kleiza,Nene Hilario,Dirk Nowitzki,Erick Dampier,Jason Kidd,Jason Terry,Josh Howard,3,0:46,DAL,rebound,,,,,,,,,,Erick Dampier,,,,,,def,,
Anthony Carter,Chauncey Billups,Chris Andersen,Linas Kleiza,Nene Hilario,Dirk Nowitzki,Erick Dampier,Jason Kidd,Jason Terry,Josh Howard,3,0:33,DAL,shot,,,,,,,,,,Josh Howard,,,,missed,,jump,13,23
Anthony Carter,Chauncey Billups,Chris Andersen,Linas Kleiza,Nene Hilario,Dirk Nowitzki,Erick Dampier,Jason Kidd,Jason Terry,Josh Howard,3,0:31,DEN,rebound,,,,,,,,,,Linas Kleiza,,,,,,def,,
Anthony Carter,Chauncey Billups,Chris Andersen,Linas Kleiza,Nene Hilario,Dirk Nowitzki,Erick Dampier,Jason Kidd,Jason Terry,Josh Howard,3,0:25,DEN,shot,Chauncey Billups,,,,,,,,,Linas Kleiza,3,,,made,,3pt,33,29
Anthony Carter,Chauncey Billups,Chris Andersen,Linas Kleiza,Nene Hilario,Dirk Nowitzki,Erick Dampier,Jason Kidd,Jason Terry,Josh Howard,3,0:04,DAL,shot,Jason Kidd,,,,,,,,,Jason Terry,2,,,made,,jump,36,24
Anthony Carter,Chauncey Billups,Chris Andersen,Linas Kleiza,Nene Hilario,Dirk Nowitzki,Erick Dampier,Jason Kidd,Jason Terry,Josh Howard,3,0:00,DEN,shot,,,,,,,,,,Anthony Carter,,,,missed,,3pt,39,33
Anthony Carter,Chauncey Billups,Chris Andersen,Linas Kleiza,Nene Hilario,Dirk Nowitzki,Erick Dampier,Jason Kidd,Jason Terry,Josh Howard,3,0:00,DEN,rebound,,,,,,,,,,,,,,,,,,
Anthony Carter,Chris Andersen,J.R. Smith,Kenyon Martin,Linas Kleiza,Brandon Bass,Dirk Nowitzki,Jason Terry,Jose Juan Barea,Josh Howard,4,11:42,DEN,shot,Kenyon Martin,,,,,,,,,Linas Kleiza,2,,,made,,turnaround jump,21,15
Anthony Carter,Chris Andersen,J.R. Smith,Kenyon Martin,Linas Kleiza,Brandon Bass,Dirk Nowitzki,Jason Terry,Jose Juan Barea,Josh Howard,4,11:23,DAL,shot,,,Kenyon Martin,,,,,,,Jason Terry,,,,missed,,driving layup,25,6
Anthony Carter,Chris Andersen,J.R. Smith,Kenyon Martin,Linas Kleiza,Brandon Bass,Dirk Nowitzki,Jason Terry,Jose Juan Barea,Josh Howard,4,11:20,DEN,rebound,,,,,,,,,,Kenyon Martin,,,,,,def,,
Anthony Carter,Chris Andersen,J.R. Smith,Kenyon Martin,Linas Kleiza,Brandon Bass,Dirk Nowitzki,Jason Terry,Jose Juan Barea,Josh Howard,4,11:14,DEN,shot,,,,,,,,,,J.R. Smith,2,,,made,,jump,12,21
Anthony Carter,Chris Andersen,J.R. Smith,Kenyon Martin,Linas Kleiza,Brandon Bass,Dirk Nowitzki,Jason Terry,Jose Juan Barea,Josh Howard,4,10:58,DEN,foul,,,,,,,,Jose Juan Barea,,Chris Andersen,,,,,,shooting,,
Anthony Carter,Chris Andersen,J.R. Smith,Kenyon Martin,Linas Kleiza,Brandon Bass,Dirk Nowitzki,Jason Terry,Jose Juan Barea,Josh Howard,4,10:58,DAL,free throw,,,,,,,1,,2,Jose Juan Barea,,,foul,missed,,,,
Anthony Carter,Chris Andersen,J.R. Smith,Kenyon Martin,Linas Kleiza,Brandon Bass,Dirk Nowitzki,Jason Terry,Jose Juan Barea,Josh Howard,4,10:58,DAL,rebound,,,,,,,,,,,,,,,,,,
Anthony Carter,Chris Andersen,J.R. Smith,Kenyon Martin,Linas Kleiza,Brandon Bass,Dirk Nowitzki,Jason Terry,Jose Juan Barea,Josh Howard,4,10:58,DAL,free throw,,,,,,,2,,2,Jose Juan Barea,,,foul,missed,,,,
Anthony Carter,Chris Andersen,J.R. Smith,Kenyon Martin,Linas Kleiza,Brandon Bass,Dirk Nowitzki,Jason Terry,Jose Juan Barea,Josh Howard,4,10:57,DEN,rebound,,,,,,,,,,Chris Andersen,,,,,,def,,
Anthony Carter,Chris Andersen,J.R. Smith,Kenyon Martin,Linas Kleiza,Brandon Bass,Dirk Nowitzki,Jason Terry,Jose Juan Barea,Josh Howard,4,10:38,DEN,shot,Kenyon Martin,,,,,,,,,J.R. Smith,3,,,made,,3pt,2,16
Anthony Carter,Chris Andersen,J.R. Smith,Kenyon Martin,Linas Kleiza,Brandon Bass,Dirk Nowitzki,Jason Terry,Jose Juan Barea,Josh Howard,4,10:36,DAL,timeout,,,,,,,,,,,,,,,,regular,,
Anthony Carter,Chris Andersen,J.R. Smith,Kenyon Martin,Linas Kleiza,Brandon Bass,Dirk Nowitzki,Jason Terry,Jose Juan Barea,Josh Howard,4,10:23,DAL,shot,,,,,,,,,,Jose Juan Barea,,,,missed,,3pt,30,30
Anthony Carter,Chris Andersen,J.R. Smith,Kenyon Martin,Linas Kleiza,Brandon Bass,Dirk Nowitzki,Jason Terry,Jose Juan Barea,Josh Howard,4,10:21,DAL,rebound,,,,,,,,,,Jason Terry,,,,,,off,,
Anthony Carter,Chris Andersen,J.R. Smith,Kenyon Martin,Linas Kleiza,Brandon Bass,Dirk Nowitzki,Jason Terry,Jose Juan Barea,Josh Howard,4,10:06,DAL,shot,,,,,,,,,,Dirk Nowitzki,,,,missed,,jump,41,7
Anthony Carter,Chris Andersen,J.R. Smith,Kenyon Martin,Linas Kleiza,Brandon Bass,Dirk Nowitzki,Jason Terry,Jose Juan Barea,Josh Howard,4,10:04,DEN,rebound,,,,,,,,,,Kenyon Martin,,,,,,def,,
Anthony Carter,Chris Andersen,J.R. Smith,Kenyon Martin,Linas Kleiza,Brandon Bass,Dirk Nowitzki,Jason Terry,Jose Juan Barea,Josh Howard,4,9:58,DEN,shot,,,,,,,,,,J.R. Smith,,,,missed,,3pt,39,30
Anthony Carter,Chris Andersen,J.R. Smith,Kenyon Martin,Linas Kleiza,Brandon Bass,Dirk Nowitzki,Jason Terry,Jose Juan Barea,Josh Howard,4,9:56,DAL,rebound,,,,,,,,,,Dirk Nowitzki,,,,,,def,,
Anthony Carter,Chris Andersen,J.R. Smith,Kenyon Martin,Linas Kleiza,Brandon Bass,Dirk Nowitzki,Jason Terry,Jose Juan Barea,Josh Howard,4,9:50,DEN,foul,,,,,,,,Brandon Bass,,Anthony Carter,,,,,,personal,,
Anthony Carter,Chris Andersen,J.R. Smith,Kenyon Martin,Linas Kleiza,Brandon Bass,Dirk Nowitzki,Jason Terry,Jose Juan Barea,Josh Howard,4,9:41,DAL,shot,,,,,,,,,,Jason Terry,,,,missed,,3pt,47,8
Anthony Carter,Chris Andersen,J.R. Smith,Kenyon Martin,Linas Kleiza,Brandon Bass,Dirk Nowitzki,Jason Terry,Jose Juan Barea,Josh Howard,4,9:38,DEN,rebound,,,,,,,,,,Linas Kleiza,,,,,,def,,
Anthony Carter,Chris Andersen,J.R. Smith,Kenyon Martin,Linas Kleiza,Brandon Bass,Dirk Nowitzki,Jason Terry,Jose Juan Barea,Josh Howard,4,9:21,DEN,shot,,,,,,,,,,Anthony Carter,2,,,made,,driving layup,25,6
Anthony Carter,Chris Andersen,J.R. Smith,Kenyon Martin,Linas Kleiza,Brandon Bass,Dirk Nowitzki,Jason Terry,Jose Juan Barea,Josh Howard,4,9:10,DAL,foul,,,,,,,,J.R. Smith,,Dirk Nowitzki,,,,,,offensive,,
Anthony Carter,Chris Andersen,J.R. Smith,Kenyon Martin,Linas Kleiza,Brandon Bass,Dirk Nowitzki,Jason Terry,Jose Juan Barea,Josh Howard,4,9:10,DAL,turnover,,,,,,,,,,Dirk Nowitzki,,,foul,,,,,
Anthony Carter,Chris Andersen,J.R. Smith,Kenyon Martin,Linas Kleiza,Brandon Bass,Dirk Nowitzki,Jason Terry,Jose Juan Barea,Josh Howard,4,9:03,DAL,foul,,,,,,,,,,Carlisle,,,,,,technical,,
Anthony Carter,Chris Andersen,J.R. Smith,Kenyon Martin,Linas Kleiza,Brandon Bass,Dirk Nowitzki,Jason Terry,Jose Juan Barea,Josh Howard,4,9:03,DEN,free throw,,,,,,,1,,1,J.R. Smith,,,technical,made,,,,
Anthony Carter,Chris Andersen,J.R. Smith,Kenyon Martin,Linas Kleiza,Brandon Bass,Dirk Nowitzki,Jason Terry,Jose Juan Barea,Josh Howard,4,8:54,DEN,shot,,,,,,,,,,J.R. Smith,2,,,made,,fade away jumper,8,8
Anthony Carter,Chris Andersen,J.R. Smith,Kenyon Martin,Linas Kleiza,Brandon Bass,Dirk Nowitzki,Jason Terry,Jose Juan Barea,Josh Howard,4,8:51,DAL,timeout,,,,,,,,,,,,,,,,regular,,
Anthony Carter,Chris Andersen,J.R. Smith,Kenyon Martin,Linas Kleiza,Brandon Bass,Dirk Nowitzki,Jason Terry,Jose Juan Barea,Josh Howard,4,8:40,DAL,shot,Jose Juan Barea,,,,,,,,,Dirk Nowitzki,2,,,made,,jump,16,21
Anthony Carter,Chris Andersen,J.R. Smith,Kenyon Martin,Linas Kleiza,Brandon Bass,Dirk Nowitzki,Jason Terry,Jose Juan Barea,Josh Howard,4,8:26,DEN,shot,,,,,,,,,,J.R. Smith,2,,,made,,driving layup,25,6
Anthony Carter,Chris Andersen,J.R. Smith,Kenyon Martin,Linas Kleiza,Brandon Bass,Dirk Nowitzki,Jason Terry,Jose Juan Barea,Josh Howard,4,8:19,DAL,shot,,,,,,,,,,Brandon Bass,,,,missed,,layup,25,6
Anthony Carter,Chris Andersen,J.R. Smith,Kenyon Martin,Linas Kleiza,Brandon Bass,Dirk Nowitzki,Jason Terry,Jose Juan Barea,Josh Howard,4,8:18,DEN,rebound,,,,,,,,,,Kenyon Martin,,,,,,def,,
Anthony Carter,Chris Andersen,J.R. Smith,Kenyon Martin,Linas Kleiza,Brandon Bass,Dirk Nowitzki,Jason Terry,Jose Juan Barea,Josh Howard,4,8:11,DEN,shot,,,,,,,,,,J.R. Smith,,,,missed,,3pt,33,30
Anthony Carter,Chris Andersen,J.R. Smith,Kenyon Martin,Linas Kleiza,Brandon Bass,Dirk Nowitzki,Jason Terry,Jose Juan Barea,Josh Howard,4,8:10,DAL,rebound,,,,,,,,,,Dirk Nowitzki,,,,,,def,,
Anthony Carter,Chris Andersen,J.R. Smith,Kenyon Martin,Linas Kleiza,Brandon Bass,Dirk Nowitzki,Jason Terry,Jose Juan Barea,Josh Howard,4,8:10,DEN,foul,,,,,,,,Dirk Nowitzki,,Chris Andersen,,,,,,loose ball,,
Anthony Carter,Chris Andersen,J.R. Smith,Kenyon Martin,Linas Kleiza,Brandon Bass,Dirk Nowitzki,Jason Terry,Jose Juan Barea,Josh Howard,4,7:48,DAL,shot,Josh Howard,,,,,,,,,Jason Terry,3,,,made,,3pt,29,31
Anthony Carter,Chris Andersen,J.R. Smith,Kenyon Martin,Linas Kleiza,Brandon Bass,Dirk Nowitzki,Jason Terry,Jose Juan Barea,Josh Howard,4,7:28,DEN,shot,,,Dirk Nowitzki,,,,,,,J.R. Smith,,,,missed,,reverse layup,25,6
Anthony Carter,Chris Andersen,J.R. Smith,Kenyon Martin,Linas Kleiza,Brandon Bass,Dirk Nowitzki,Jason Terry,Jose Juan Barea,Josh Howard,4,7:25,DAL,rebound,,,,,,,,,,Brandon Bass,,,,,,def,,
Anthony Carter,Chris Andersen,J.R. Smith,Kenyon Martin,Linas Kleiza,Brandon Bass,Dirk Nowitzki,Jason Terry,Jose Juan Barea,Josh Howard,4,7:20,DAL,shot,Jose Juan Barea,,,,,,,,,Jason Terry,3,,,made,,3pt,47,8
Anthony Carter,Chris Andersen,J.R. Smith,Kenyon Martin,Linas Kleiza,Brandon Bass,Dirk Nowitzki,Jason Terry,Jose Juan Barea,Josh Howard,4,7:18,DEN,timeout,,,,,,,,,,,,,,,,regular,,
Anthony Carter,Chris Andersen,J.R. Smith,Kenyon Martin,Linas Kleiza,Brandon Bass,Dirk Nowitzki,Jason Kidd,Jason Terry,Jose Juan Barea,4,7:18,DAL,sub,,,,Jason Kidd,,Josh Howard,,,,,,,,,,,,
Anthony Carter,Chris Andersen,J.R. Smith,Kenyon Martin,Linas Kleiza,Dirk Nowitzki,Erick Dampier,Jason Kidd,Jason Terry,Jose Juan Barea,4,7:18,DAL,sub,,,,Erick Dampier,,Brandon Bass,,,,,,,,,,,,
Carmelo Anthony,Chris Andersen,J.R. Smith,Kenyon Martin,Linas Kleiza,Dirk Nowitzki,Erick Dampier,Jason Kidd,Jason Terry,Jose Juan Barea,4,7:18,DEN,sub,,,,Carmelo Anthony,,Anthony Carter,,,,,,,,,,,,
Carmelo Anthony,Chauncey Billups,Chris Andersen,J.R. Smith,Kenyon Martin,Dirk Nowitzki,Erick Dampier,Jason Kidd,Jason Terry,Jose Juan Barea,4,7:18,DEN,sub,,,,Chauncey Billups,,Linas Kleiza,,,,,,,,,,,,
Carmelo Anthony,Chauncey Billups,Chris Andersen,J.R. Smith,Kenyon Martin,Dirk Nowitzki,Erick Dampier,Jason Kidd,Jason Terry,Jose Juan Barea,4,6:57,DEN,turnover,,,,,,,,,,J.R. Smith,,,bad pass,,Erick Dampier,,,
Carmelo Anthony,Chauncey Billups,Chris Andersen,J.R. Smith,Kenyon Martin,Dirk Nowitzki,Erick Dampier,Jason Kidd,Jason Terry,Jose Juan Barea,4,6:44,DAL,turnover,,,,,,,,,,Dirk Nowitzki,,,bad pass,,Kenyon Martin,,,
Carmelo Anthony,Chauncey Billups,Chris Andersen,J.R. Smith,Kenyon Martin,Dirk Nowitzki,Erick Dampier,Jason Kidd,Jason Terry,Jose Juan Barea,4,6:28,DEN,shot,,,,,,,,,,J.R. Smith,,,,missed,,3pt,31,33
Carmelo Anthony,Chauncey Billups,Chris Andersen,J.R. Smith,Kenyon Martin,Dirk Nowitzki,Erick Dampier,Jason Kidd,Jason Terry,Jose Juan Barea,4,6:26,DAL,rebound,,,,,,,,,,Dirk Nowitzki,,,,,,def,,
Carmelo Anthony,Chauncey Billups,Chris Andersen,J.R. Smith,Kenyon Martin,Dirk Nowitzki,Erick Dampier,Jason Kidd,Jason Terry,Jose Juan Barea,4,6:06,DAL,shot,,,,,,,,,,Jose Juan Barea,,,,missed,,3pt,33,30
Carmelo Anthony,Chauncey Billups,Chris Andersen,J.R. Smith,Kenyon Martin,Dirk Nowitzki,Erick Dampier,Jason Kidd,Jason Terry,Jose Juan Barea,4,6:04,DEN,rebound,,,,,,,,,,Chauncey Billups,,,,,,def,,
Carmelo Anthony,Chauncey Billups,Chris Andersen,J.R. Smith,Kenyon Martin,Dirk Nowitzki,Erick Dampier,Jason Kidd,Jason Terry,Jose Juan Barea,4,5:47,DEN,shot,,,,,,,,,,Carmelo Anthony,,,,missed,,jump,15,11
Carmelo Anthony,Chauncey Billups,Chris Andersen,J.R. Smith,Kenyon Martin,Dirk Nowitzki,Erick Dampier,Jason Kidd,Jason Terry,Jose Juan Barea,4,5:45,DAL,rebound,,,,,,,,,,Dirk Nowitzki,,,,,,def,,
Carmelo Anthony,Chauncey Billups,Chris Andersen,J.R. Smith,Kenyon Martin,Dirk Nowitzki,Erick Dampier,Jason Kidd,Jason Terry,Jose Juan Barea,4,5:28,DEN,foul,,,,,,,,Dirk Nowitzki,,Carmelo Anthony,,,,,,personal,,
Carmelo Anthony,Chauncey Billups,J.R. Smith,Kenyon Martin,Nene Hilario,Dirk Nowitzki,Erick Dampier,Jason Kidd,Jason Terry,Jose Juan Barea,4,5:28,DEN,sub,,,,Nene Hilario,,Chris Andersen,,,,,,,,,,,,
Carmelo Anthony,Chauncey Billups,J.R. Smith,Kenyon Martin,Nene Hilario,Dirk Nowitzki,Erick Dampier,Jason Kidd,Jason Terry,Jose Juan Barea,4,5:22,DAL,shot,,,,,,,,,,Jason Terry,,,,missed,,3pt,2,7
Carmelo Anthony,Chauncey Billups,J.R. Smith,Kenyon Martin,Nene Hilario,Dirk Nowitzki,Erick Dampier,Jason Kidd,Jason Terry,Jose Juan Barea,4,5:20,DEN,rebound,,,,,,,,,,J.R. Smith,,,,,,def,,
Carmelo Anthony,Chauncey Billups,J.R. Smith,Kenyon Martin,Nene Hilario,Dirk Nowitzki,Erick Dampier,Jason Kidd,Jason Terry,Jose Juan Barea,4,5:09,DEN,shot,,,Jason Kidd,,,,,,,Kenyon Martin,,,,missed,,jump,27,9
Carmelo Anthony,Chauncey Billups,J.R. Smith,Kenyon Martin,Nene Hilario,Dirk Nowitzki,Erick Dampier,Jason Kidd,Jason Terry,Jose Juan Barea,4,5:07,DAL,rebound,,,,,,,,,,Jose Juan Barea,,,,,,def,,
Carmelo Anthony,Chauncey Billups,J.R. Smith,Kenyon Martin,Nene Hilario,Dirk Nowitzki,Erick Dampier,Jason Kidd,Jason Terry,Jose Juan Barea,4,4:53,DAL,turnover,,,,,,,,,,Jason Kidd,,,bad pass,,Chauncey Billups,,,
Carmelo Anthony,Chauncey Billups,J.R. Smith,Kenyon Martin,Nene Hilario,Dirk Nowitzki,Erick Dampier,Jason Kidd,Jason Terry,Jose Juan Barea,4,4:46,DEN,timeout,,,,,,,,,,,,,,,,regular,,
Carmelo Anthony,Chauncey Billups,J.R. Smith,Kenyon Martin,Nene Hilario,Dirk Nowitzki,Erick Dampier,Jason Kidd,Jason Terry,Jose Juan Barea,4,4:33,DEN,shot,,,,,,,,,,Carmelo Anthony,,,,missed,,jump,7,11
Carmelo Anthony,Chauncey Billups,J.R. Smith,Kenyon Martin,Nene Hilario,Dirk Nowitzki,Erick Dampier,Jason Kidd,Jason Terry,Jose Juan Barea,4,4:32,DAL,rebound,,,,,,,,,,Jason Kidd,,,,,,def,,
Carmelo Anthony,Chauncey Billups,J.R. Smith,Kenyon Martin,Nene Hilario,Dirk Nowitzki,Erick Dampier,Jason Kidd,Jason Terry,Jose Juan Barea,4,4:32,DEN,foul,,,,,,,,Jason Kidd,,Nene Hilario,,,,,,loose ball,,
Carmelo Anthony,Chauncey Billups,J.R. Smith,Kenyon Martin,Nene Hilario,Dirk Nowitzki,Erick Dampier,Jason Kidd,Jason Terry,Jose Juan Barea,4,4:32,DAL,free throw,,,,,,,1,,2,Jason Kidd,,,foul,made,,,,
Carmelo Anthony,Chauncey Billups,J.R. Smith,Kenyon Martin,Nene Hilario,Dirk Nowitzki,Erick Dampier,Jason Kidd,Jason Terry,Jose Juan Barea,4,4:32,DAL,free throw,,,,,,,2,,2,Jason Kidd,,,foul,made,,,,
Carmelo Anthony,Chauncey Billups,J.R. Smith,Kenyon Martin,Nene Hilario,Dirk Nowitzki,Erick Dampier,Jason Kidd,Jason Terry,Jose Juan Barea,4,4:19,DAL,foul,,,,,,,,Nene Hilario,,Jason Kidd,,,,,,shooting,,
Carmelo Anthony,Chauncey Billups,J.R. Smith,Kenyon Martin,Nene Hilario,Dirk Nowitzki,Erick Dampier,Jason Kidd,Jason Terry,Jose Juan Barea,4,4:19,DEN,free throw,,,,,,,1,,2,Nene Hilario,,,foul,made,,,,
Carmelo Anthony,Chauncey Billups,J.R. Smith,Kenyon Martin,Nene Hilario,Dirk Nowitzki,Erick Dampier,Jason Kidd,Jason Terry,Jose Juan Barea,4,4:19,DEN,free throw,,,,,,,2,,2,Nene Hilario,,,foul,made,,,,
Carmelo Anthony,Chauncey Billups,J.R. Smith,Kenyon Martin,Nene Hilario,Dirk Nowitzki,Erick Dampier,Jason Kidd,Jason Terry,Jose Juan Barea,4,3:57,DAL,shot,,,Nene Hilario,,,,,,,Dirk Nowitzki,,,,missed,,jump,23,11
Carmelo Anthony,Chauncey Billups,J.R. Smith,Kenyon Martin,Nene Hilario,Dirk Nowitzki,Erick Dampier,Jason Kidd,Jason Terry,Jose Juan Barea,4,3:53,DAL,shot,,,,,,,,,,Erick Dampier,,,,missed,,layup,25,6
Carmelo Anthony,Chauncey Billups,J.R. Smith,Kenyon Martin,Nene Hilario,Dirk Nowitzki,Erick Dampier,Jason Kidd,Jason Terry,Jose Juan Barea,4,3:53,DAL,rebound,,,,,,,,,,Erick Dampier,,,,,,off,,
Carmelo Anthony,Chauncey Billups,J.R. Smith,Kenyon Martin,Nene Hilario,Dirk Nowitzki,Erick Dampier,Jason Kidd,Jason Terry,Jose Juan Barea,4,3:52,DEN,rebound,,,,,,,,,,Nene Hilario,,,,,,def,,
Carmelo Anthony,Chauncey Billups,J.R. Smith,Kenyon Martin,Nene Hilario,Dirk Nowitzki,Erick Dampier,Jason Kidd,Jason Terry,Jose Juan Barea,4,3:40,DEN,shot,,,,,,,,,,Nene Hilario,,,,missed,,jump,,
Carmelo Anthony,Chauncey Billups,J.R. Smith,Kenyon Martin,Nene Hilario,Dirk Nowitzki,Erick Dampier,Jason Kidd,Jason Terry,Jose Juan Barea,4,3:38,DAL,rebound,,,,,,,,,,Erick Dampier,,,,,,def,,
Carmelo Anthony,Chauncey Billups,J.R. Smith,Kenyon Martin,Nene Hilario,Dirk Nowitzki,Erick Dampier,Jason Kidd,Jason Terry,Jose Juan Barea,4,3:31,DAL,shot,,,,,,,,,,Jose Juan Barea,,,,missed,,driving layup,25,6
Carmelo Anthony,Chauncey Billups,J.R. Smith,Kenyon Martin,Nene Hilario,Dirk Nowitzki,Erick Dampier,Jason Kidd,Jason Terry,Jose Juan Barea,4,3:29,DEN,rebound,,,,,,,,,,Kenyon Martin,,,,,,def,,
Carmelo Anthony,Chauncey Billups,J.R. Smith,Kenyon Martin,Nene Hilario,Dirk Nowitzki,Erick Dampier,Jason Kidd,Jason Terry,Jose Juan Barea,4,3:15,DEN,shot,Chauncey Billups,,,,,,,,,J.R. Smith,3,,,made,,3pt,48,7
Carmelo Anthony,Chauncey Billups,J.R. Smith,Kenyon Martin,Nene Hilario,Dirk Nowitzki,Erick Dampier,Jason Kidd,Jason Terry,Jose Juan Barea,4,3:07,DAL,shot,,,,,,,,,,Jason Terry,2,,,made,,floating jump,31,10
Carmelo Anthony,Chauncey Billups,J.R. Smith,Kenyon Martin,Nene Hilario,Dirk Nowitzki,Erick Dampier,Jason Kidd,Jason Terry,Jose Juan Barea,4,3:07,DEN,foul,,,,,,,,Jason Terry,,Chauncey Billups,,,,,,shooting,,
Carmelo Anthony,Chauncey Billups,J.R. Smith,Kenyon Martin,Nene Hilario,Dirk Nowitzki,Erick Dampier,Jason Kidd,Jason Terry,Jose Juan Barea,4,3:07,DAL,free throw,,,,,,,1,,1,Jason Terry,,,foul,missed,,,,
Carmelo Anthony,Chauncey Billups,J.R. Smith,Kenyon Martin,Nene Hilario,Dirk Nowitzki,Erick Dampier,Jason Kidd,Jason Terry,Jose Juan Barea,4,3:05,DEN,rebound,,,,,,,,,,Chauncey Billups,,,,,,def,,
Carmelo Anthony,Chauncey Billups,J.R. Smith,Kenyon Martin,Nene Hilario,Dirk Nowitzki,Erick Dampier,Jason Kidd,Jason Terry,Jose Juan Barea,4,2:46,DEN,shot,,,,,,,,,,Kenyon Martin,,,,missed,,jump,25,23
Carmelo Anthony,Chauncey Billups,J.R. Smith,Kenyon Martin,Nene Hilario,Dirk Nowitzki,Erick Dampier,Jason Kidd,Jason Terry,Jose Juan Barea,4,2:44,DAL,rebound,,,,,,,,,,Jose Juan Barea,,,,,,def,,
Carmelo Anthony,Chauncey Billups,J.R. Smith,Kenyon Martin,Nene Hilario,Dirk Nowitzki,Erick Dampier,Jason Kidd,Jason Terry,Jose Juan Barea,4,2:43,DAL,turnover,,,,,,,,,,Jose Juan Barea,,,bad pass,,,,,
Carmelo Anthony,Chauncey Billups,J.R. Smith,Kenyon Martin,Nene Hilario,Dirk Nowitzki,Erick Dampier,Jason Kidd,Jason Terry,Jose Juan Barea,4,2:28,DEN,shot,,,Jason Terry,,,,,,,Chauncey Billups,,,,missed,,jump,13,26
Carmelo Anthony,Chauncey Billups,J.R. Smith,Kenyon Martin,Nene Hilario,Dirk Nowitzki,Erick Dampier,Jason Kidd,Jason Terry,Jose Juan Barea,4,2:26,DEN,shot,,,,,,,,,,Carmelo Anthony,,,,missed,,layup,25,6
Carmelo Anthony,Chauncey Billups,J.R. Smith,Kenyon Martin,Nene Hilario,Dirk Nowitzki,Erick Dampier,Jason Kidd,Jason Terry,Jose Juan Barea,4,2:26,DEN,rebound,,,,,,,,,,Carmelo Anthony,,,,,,off,,
Carmelo Anthony,Chauncey Billups,J.R. Smith,Kenyon Martin,Nene Hilario,Dirk Nowitzki,Erick Dampier,Jason Kidd,Jason Terry,Jose Juan Barea,4,2:24,DAL,rebound,,,,,,,,,,Erick Dampier,,,,,,def,,
Carmelo Anthony,Chauncey Billups,J.R. Smith,Kenyon Martin,Nene Hilario,Dirk Nowitzki,Erick Dampier,Jason Kidd,Jason Terry,Jose Juan Barea,4,2:08,DAL,shot,,,,,,,,,,Jason Terry,,,,missed,,3pt,8,24
Carmelo Anthony,Chauncey Billups,J.R. Smith,Kenyon Martin,Nene Hilario,Dirk Nowitzki,Erick Dampier,Jason Kidd,Jason Terry,Jose Juan Barea,4,2:05,DEN,rebound,,,,,,,,,,Nene Hilario,,,,,,def,,
Carmelo Anthony,Chauncey Billups,J.R. Smith,Kenyon Martin,Nene Hilario,Dirk Nowitzki,Erick Dampier,Jason Kidd,Jason Terry,Jose Juan Barea,4,1:44,DEN,shot,,,,,,,,,,Carmelo Anthony,,,,missed,,jump,11,24
Carmelo Anthony,Chauncey Billups,J.R. Smith,Kenyon Martin,Nene Hilario,Dirk Nowitzki,Erick Dampier,Jason Kidd,Jason Terry,Jose Juan Barea,4,1:42,DEN,rebound,,,,,,,,,,,,,,,,,,
Carmelo Anthony,Chauncey Billups,J.R. Smith,Kenyon Martin,Nene Hilario,Dirk Nowitzki,Erick Dampier,Jason Kidd,Jason Terry,Jose Juan Barea,4,1:41,DAL,foul,,,,,,,,Chauncey Billups,,Jason Terry,,,,,,personal,,
Carmelo Anthony,Chauncey Billups,J.R. Smith,Kenyon Martin,Nene Hilario,Dirk Nowitzki,Erick Dampier,Jason Kidd,Jason Terry,Jose Juan Barea,4,1:34,DEN,foul,,,,,,,,Dirk Nowitzki,,Carmelo Anthony,,,,,,offensive,,
Carmelo Anthony,Chauncey Billups,J.R. Smith,Kenyon Martin,Nene Hilario,Dirk Nowitzki,Erick Dampier,Jason Kidd,Jason Terry,Jose Juan Barea,4,1:34,DEN,turnover,,,,,,,,,,Carmelo Anthony,,,foul,,,,,
Carmelo Anthony,Chauncey Billups,J.R. Smith,Kenyon Martin,Nene Hilario,Dirk Nowitzki,Erick Dampier,Jason Kidd,Jason Terry,Jose Juan Barea,4,1:25,DAL,shot,,,,,,,,,,Dirk Nowitzki,,,,missed,,3pt,34,30
Carmelo Anthony,Chauncey Billups,J.R. Smith,Kenyon Martin,Nene Hilario,Dirk Nowitzki,Erick Dampier,Jason Kidd,Jason Terry,Jose Juan Barea,4,1:22,DEN,rebound,,,,,,,,,,J.R. Smith,,,,,,def,,
Carmelo Anthony,Chauncey Billups,J.R. Smith,Kenyon Martin,Nene Hilario,Dirk Nowitzki,Erick Dampier,Jason Kidd,Jason Terry,Jose Juan Barea,4,1:10,DEN,shot,,,,,,,,,,J.R. Smith,2,,,made,,pullup jump,33,22
Carmelo Anthony,Chauncey Billups,J.R. Smith,Kenyon Martin,Nene Hilario,Dirk Nowitzki,Erick Dampier,Jason Kidd,Jason Terry,Jose Juan Barea,4,1:09,DAL,timeout,,,,,,,,,,,,,,,,short,,
Carmelo Anthony,Chauncey Billups,J.R. Smith,Kenyon Martin,Nene Hilario,Dirk Nowitzki,Erick Dampier,Jason Kidd,Jason Terry,Jose Juan Barea,4,1:09,DAL,timeout,,,,,,,,,,,,,,,,regular,,
Carmelo Anthony,Chauncey Billups,J.R. Smith,Kenyon Martin,Nene Hilario,Erick Dampier,Gerald Green,Jason Kidd,Jason Terry,Jose Juan Barea,4,1:09,DAL,sub,,,,Gerald Green,,Dirk Nowitzki,,,,,,,,,,,,
Carmelo Anthony,Chauncey Billups,J.R. Smith,Kenyon Martin,Nene Hilario,DeSagana Diop,Gerald Green,Jason Kidd,Jason Terry,Jose Juan Barea,4,1:09,DAL,sub,,,,DeSagana Diop,,Erick Dampier,,,,,,,,,,,,
Carmelo Anthony,Chauncey Billups,J.R. Smith,Kenyon Martin,Nene Hilario,DeSagana Diop,Devean George,Gerald Green,Jason Terry,Jose Juan Barea,4,1:09,DAL,sub,,,,Devean George,,Jason Kidd,,,,,,,,,,,,
Carmelo Anthony,Chauncey Billups,J.R. Smith,Kenyon Martin,Nene Hilario,Brandon Bass,DeSagana Diop,Devean George,Gerald Green,Jose Juan Barea,4,1:09,DAL,sub,,,,Brandon Bass,,Jason Terry,,,,,,,,,,,,
Chauncey Billups,Chucky Atkins,J.R. Smith,Kenyon Martin,Nene Hilario,Brandon Bass,DeSagana Diop,Devean George,Gerald Green,Jose Juan Barea,4,1:09,DEN,sub,,,,Chucky Atkins,,Carmelo Anthony,,,,,,,,,,,,
Chauncey Billups,Chucky Atkins,J.R. Smith,Linas Kleiza,Nene Hilario,Brandon Bass,DeSagana Diop,Devean George,Gerald Green,Jose Juan Barea,4,1:09,DEN,sub,,,,Linas Kleiza,,Kenyon Martin,,,,,,,,,,,,
Chauncey Billups,Chris Andersen,Chucky Atkins,J.R. Smith,Linas Kleiza,Brandon Bass,DeSagana Diop,Devean George,Gerald Green,Jose Juan Barea,4,1:09,DEN,sub,,,,Chris Andersen,,Nene Hilario,,,,,,,,,,,,
Anthony Carter,Chris Andersen,Chucky Atkins,J.R. Smith,Linas Kleiza,Brandon Bass,DeSagana Diop,Devean George,Gerald Green,Jose Juan Barea,4,1:09,DEN,sub,,,,Anthony Carter,,Chauncey Billups,,,,,,,,,,,,
Anthony Carter,Chris Andersen,Chucky Atkins,J.R. Smith,Linas Kleiza,Brandon Bass,DeSagana Diop,Devean George,Gerald Green,Jose Juan Barea,4,0:50,DAL,shot,Brandon Bass,,,,,,,,,Devean George,3,,,made,,3pt,2,7
Anthony Carter,Chris Andersen,Chucky Atkins,J.R. Smith,Linas Kleiza,Brandon Bass,DeSagana Diop,Devean George,Gerald Green,Jose Juan Barea,4,0:37,DEN,shot,Chucky Atkins,,,,,,,,,J.R. Smith,2,,,made,,jump,37,19
Anthony Carter,Chris Andersen,Chucky Atkins,J.R. Smith,Linas Kleiza,Brandon Bass,DeSagana Diop,Devean George,Gerald Green,Jose Juan Barea,4,0:28,DAL,shot,Jose Juan Barea,,,,,,,,,Gerald Green,2,,,made,,jump,35,20
Anthony Carter,Chris Andersen,Chucky Atkins,J.R. Smith,Linas Kleiza,Brandon Bass,DeSagana Diop,Devean George,Gerald Green,Jose Juan Barea,4,0:05,DEN,shot,,,,,,,,,,J.R. Smith,,,,missed,,3pt,34,32
Anthony Carter,Chris Andersen,Chucky Atkins,J.R. Smith,Linas Kleiza,Brandon Bass,DeSagana Diop,Devean George,Gerald Green,Jose Juan Barea,4,0:02,DAL,rebound,,,,,,,,,,Jose Juan Barea,,,,,,def,,
Anthony Carter,Chris Andersen,Chucky Atkins,J.R. Smith,Linas Kleiza,Brandon Bass,DeSagana Diop,Devean George,Gerald Green,Jose Juan Barea,4,0:00,DAL,shot,,,,,,,,,,Gerald Green,,,,missed,,3pt,33,31
Anthony Carter,Chris Andersen,Chucky Atkins,J.R. Smith,Linas Kleiza,Brandon Bass,DeSagana Diop,Devean George,Gerald Green,Jose Juan Barea,4,0:00,DAL,rebound,,,,,,,,,,,,,,,,,,
