a1,a2,a3,a4,a5,h1,h2,h3,h4,h5,period,time,team,etype,assist,away,block,entered,home,left,num,opponent,outof,player,points,possession,reason,result,steal,type,x,y
Andrew Bogut,Charlie Bell,Luc Mbah a Moute,Luke Ridnour,Richard Jefferson,Carmelo Anthony,Chauncey Billups,Dahntay Jones,Kenyon Martin,Nene Hilario,1,12:00,OFF,jump ball,,Andrew Bogut,,,Nene Hilario,,,,,,,Carmelo Anthony,,,,,,
Andrew Bogut,Charlie Bell,Luc Mbah a Moute,Luke Ridnour,Richard Jefferson,Carmelo Anthony,Chauncey Billups,Dahntay Jones,Kenyon Martin,Nene Hilario,1,11:43,DEN,shot,,,,,,,,,,Chauncey Billups,,,,missed,,jump,44,17
Andrew Bogut,Charlie Bell,Luc Mbah a Moute,Luke Ridnour,Richard Jefferson,Carmelo Anthony,Chauncey Billups,Dahntay Jones,Kenyon Martin,Nene Hilario,1,11:42,MIL,rebound,,,,,,,,,,Richard Jefferson,,,,,,def,,
Andrew Bogut,Charlie Bell,Luc Mbah a Moute,Luke Ridnour,Richard Jefferson,Carmelo Anthony,Chauncey Billups,Dahntay Jones,Kenyon Martin,Nene Hilario,1,11:30,MIL,shot,Andrew Bogut,,,,,,,,,Richard Jefferson,2,,,made,,layup,25,6
Andrew Bogut,Charlie Bell,Luc Mbah a Moute,Luke Ridnour,Richard Jefferson,Carmelo Anthony,Chauncey Billups,Dahntay Jones,Kenyon Martin,Nene Hilario,1,11:10,DEN,foul,,,,,,,,Andrew Bogut,,Nene Hilario,,,,,,offensive,,
Andrew Bogut,Charlie Bell,Luc Mbah a Moute,Luke Ridnour,Richard Jefferson,Carmelo Anthony,Chauncey Billups,Dahntay Jones,Kenyon Martin,Nene Hilario,1,11:10,DEN,turnover,,,,,,,,,,Nene Hilario,,,foul,,,,,
Andrew Bogut,Charlie Bell,Luc Mbah a Moute,Luke Ridnour,Richard Jefferson,Carmelo Anthony,Chauncey Billups,Dahntay Jones,Kenyon Martin,Nene Hilario,1,10:55,MIL,shot,Andrew Bogut,,,,,,,,,Luc Mbah a Moute,2,,,made,,reverse layup,25,6
Andrew Bogut,Charlie Bell,Luc Mbah a Moute,Luke Ridnour,Richard Jefferson,Carmelo Anthony,Chauncey Billups,Dahntay Jones,Kenyon Martin,Nene Hilario,1,10:33,DEN,shot,Kenyon Martin,,,,,,,,,Nene Hilario,2,,,made,,layup,,
Andrew Bogut,Charlie Bell,Luc Mbah a Moute,Luke Ridnour,Richard Jefferson,Carmelo Anthony,Chauncey Billups,Dahntay Jones,Kenyon Martin,Nene Hilario,1,10:28,MIL,turnover,,,,,,,,,,Luke Ridnour,,,bad pass,,Chauncey Billups,,,
Andrew Bogut,Charlie Bell,Luc Mbah a Moute,Luke Ridnour,Richard Jefferson,Carmelo Anthony,Chauncey Billups,Dahntay Jones,Kenyon Martin,Nene Hilario,1,10:25,DEN,shot,Chauncey Billups,,,,,,,,,Kenyon Martin,2,,,made,,dunk,25,6
Andrew Bogut,Charlie Bell,Luc Mbah a Moute,Luke Ridnour,Richard Jefferson,Carmelo Anthony,Chauncey Billups,Dahntay Jones,Kenyon Martin,Nene Hilario,1,10:10,MIL,turnover,,,,,,,,,,Luke Ridnour,,,bad pass,,Dahntay Jones,,,
Andrew Bogut,Charlie Bell,Luc Mbah a Moute,Luke Ridnour,Richard Jefferson,Carmelo Anthony,Chauncey Billups,Dahntay Jones,Kenyon Martin,Nene Hilario,1,10:08,MIL,foul,,,,,,,,Dahntay Jones,,Richard Jefferson,,,,,,shooting,,
Andrew Bogut,Charlie Bell,Luc Mbah a Moute,Luke Ridnour,Richard Jefferson,Carmelo Anthony,Chauncey Billups,Dahntay Jones,Kenyon Martin,Nene Hilario,1,10:08,DEN,free throw,,,,,,,1,,2,Dahntay Jones,,,foul,missed,,,,
Andrew Bogut,Charlie Bell,Luc Mbah a Moute,Luke Ridnour,Richard Jefferson,Carmelo Anthony,Chauncey Billups,Dahntay Jones,Kenyon Martin,Nene Hilario,1,10:08,DEN,rebound,,,,,,,,,,,,,,,,,,
Andrew Bogut,Charlie Bell,Luc Mbah a Moute,Luke Ridnour,Richard Jefferson,Carmelo Anthony,Chauncey Billups,Dahntay Jones,Kenyon Martin,Nene Hilario,1,10:08,DEN,free throw,,,,,,,2,,2,Dahntay Jones,,,foul,missed,,,,
Andrew Bogut,Charlie Bell,Luc Mbah a Moute,Luke Ridnour,Richard Jefferson,Carmelo Anthony,Chauncey Billups,Dahntay Jones,Kenyon Martin,Nene Hilario,1,10:05,MIL,rebound,,,,,,,,,,Luc Mbah a Moute,,,,,,def,,
Andrew Bogut,Charlie Bell,Luc Mbah a Moute,Luke Ridnour,Richard Jefferson,Carmelo Anthony,Chauncey Billups,Dahntay Jones,Kenyon Martin,Nene Hilario,1,9:53,MIL,shot,Charlie Bell,,,,,,,,,Luke Ridnour,2,,,made,,jump,16,21
Andrew Bogut,Charlie Bell,Luc Mbah a Moute,Luke Ridnour,Richard Jefferson,Carmelo Anthony,Chauncey Billups,Dahntay Jones,Kenyon Martin,Nene Hilario,1,9:42,DEN,shot,,,,,,,,,,Chauncey Billups,2,,,made,,jump,25,18
Andrew Bogut,Charlie Bell,Luc Mbah a Moute,Luke Ridnour,Richard Jefferson,Carmelo Anthony,Chauncey Billups,Dahntay Jones,Kenyon Martin,Nene Hilario,1,9:20,MIL,shot,,,,,,,,,,Richard Jefferson,2,,,made,,jump,42,9
Andrew Bogut,Charlie Bell,Luc Mbah a Moute,Luke Ridnour,Richard Jefferson,Carmelo Anthony,Chauncey Billups,Dahntay Jones,Kenyon Martin,Nene Hilario,1,9:00,DEN,shot,,,,,,,,,,Nene Hilario,2,,,made,,jump hook,,
Andrew Bogut,Charlie Bell,Luc Mbah a Moute,Luke Ridnour,Richard Jefferson,Carmelo Anthony,Chauncey Billups,Dahntay Jones,Kenyon Martin,Nene Hilario,1,8:42,MIL,shot,Charlie Bell,,,,,,,,,Luc Mbah a Moute,2,,,made,,layup,25,6
Andrew Bogut,Charlie Bell,Luc Mbah a Moute,Luke Ridnour,Richard Jefferson,Carmelo Anthony,Chauncey Billups,Dahntay Jones,Kenyon Martin,Nene Hilario,1,8:30,MIL,foul,,,,,,,,Kenyon Martin,,Luc Mbah a Moute,,,,,,shooting,,
Andrew Bogut,Charlie Bell,Luc Mbah a Moute,Luke Ridnour,Richard Jefferson,Carmelo Anthony,Chauncey Billups,Dahntay Jones,Kenyon Martin,Nene Hilario,1,8:30,DEN,free throw,,,,,,,1,,2,Kenyon Martin,,,foul,made,,,,
Andrew Bogut,Charlie Bell,Luc Mbah a Moute,Luke Ridnour,Richard Jefferson,Carmelo Anthony,Chauncey Billups,Dahntay Jones,Kenyon Martin,Nene Hilario,1,8:30,DEN,free throw,,,,,,,2,,2,Kenyon Martin,,,foul,made,,,,
Andrew Bogut,Charlie Bell,Luc Mbah a Moute,Luke Ridnour,Richard Jefferson,Carmelo Anthony,Chauncey Billups,Dahntay Jones,Kenyon Martin,Nene Hilario,1,8:13,MIL,shot,,,,,,,,,,Charlie Bell,,,,missed,,3pt,2,7
Andrew Bogut,Charlie Bell,Luc Mbah a Moute,Luke Ridnour,Richard Jefferson,Carmelo Anthony,Chauncey Billups,Dahntay Jones,Kenyon Martin,Nene Hilario,1,8:12,DEN,rebound,,,,,,,,,,Carmelo Anthony,,,,,,def,,
Andrew Bogut,Charlie Bell,Luc Mbah a Moute,Luke Ridnour,Richard Jefferson,Carmelo Anthony,Chauncey Billups,Dahntay Jones,Kenyon Martin,Nene Hilario,1,8:06,DEN,shot,Carmelo Anthony,,,,,,,,,Kenyon Martin,2,,,made,,layup,25,6
Andrew Bogut,Charlie Bell,Luc Mbah a Moute,Luke Ridnour,Richard Jefferson,Carmelo Anthony,Chauncey Billups,Dahntay Jones,Kenyon Martin,Nene Hilario,1,7:39,MIL,shot,,,,,,,,,,Charlie Bell,2,,,made,,jump,26,29
Andrew Bogut,Charlie Bell,Luc Mbah a Moute,Luke Ridnour,Richard Jefferson,Carmelo Anthony,Chauncey Billups,Dahntay Jones,Kenyon Martin,Nene Hilario,1,7:28,MIL,foul,,,,,,,,Carmelo Anthony,,Richard Jefferson,,,,,,personal,,
Andrew Bogut,Charlie Bell,Joe Alexander,Luke Ridnour,Richard Jefferson,Carmelo Anthony,Chauncey Billups,Dahntay Jones,Kenyon Martin,Nene Hilario,1,7:28,MIL,sub,,,,Joe Alexander,,Luc Mbah a Moute,,,,,,,,,,,,
Andrew Bogut,Charlie Bell,Joe Alexander,Luke Ridnour,Richard Jefferson,Carmelo Anthony,Chauncey Billups,Dahntay Jones,Kenyon Martin,Nene Hilario,1,7:20,DEN,shot,,,,,,,,,,Carmelo Anthony,2,,,made,,driving reverse layup,25,6
Andrew Bogut,Charlie Bell,Joe Alexander,Luke Ridnour,Richard Jefferson,Carmelo Anthony,Chauncey Billups,Dahntay Jones,Kenyon Martin,Nene Hilario,1,7:20,MIL,foul,,,,,,,,Carmelo Anthony,,Richard Jefferson,,,,,,shooting,,
Andrew Bogut,Charlie Bell,Joe Alexander,Luc Mbah a Moute,Luke Ridnour,Carmelo Anthony,Chauncey Billups,Dahntay Jones,Kenyon Martin,Nene Hilario,1,7:20,MIL,sub,,,,Luc Mbah a Moute,,Richard Jefferson,,,,,,,,,,,,
Andrew Bogut,Charlie Bell,Joe Alexander,Luc Mbah a Moute,Luke Ridnour,Carmelo Anthony,Chauncey Billups,Dahntay Jones,Kenyon Martin,Nene Hilario,1,7:20,DEN,free throw,,,,,,,1,,1,Carmelo Anthony,,,foul,made,,,,
Andrew Bogut,Charlie Bell,Joe Alexander,Luc Mbah a Moute,Luke Ridnour,Carmelo Anthony,Chauncey Billups,Dahntay Jones,Kenyon Martin,Nene Hilario,1,7:02,MIL,shot,,,,,,,,,,Charlie Bell,,,,missed,,driving layup,25,6
Andrew Bogut,Charlie Bell,Joe Alexander,Luc Mbah a Moute,Luke Ridnour,Carmelo Anthony,Chauncey Billups,Dahntay Jones,Kenyon Martin,Nene Hilario,1,6:59,MIL,rebound,,,,,,,,,,Joe Alexander,,,,,,off,,
Andrew Bogut,Charlie Bell,Joe Alexander,Luc Mbah a Moute,Luke Ridnour,Carmelo Anthony,Chauncey Billups,Dahntay Jones,Kenyon Martin,Nene Hilario,1,6:59,DEN,foul,,,,,,,,Joe Alexander,,Dahntay Jones,,,,,,shooting,,
Andrew Bogut,Charlie Bell,Joe Alexander,Luc Mbah a Moute,Luke Ridnour,Carmelo Anthony,Chauncey Billups,Dahntay Jones,Kenyon Martin,Nene Hilario,1,6:59,MIL,free throw,,,,,,,1,,2,Joe Alexander,,,foul,made,,,,
Andrew Bogut,Charlie Bell,Joe Alexander,Luc Mbah a Moute,Luke Ridnour,Carmelo Anthony,Chauncey Billups,Dahntay Jones,Kenyon Martin,Nene Hilario,1,6:59,MIL,free throw,,,,,,,2,,2,Joe Alexander,,,foul,made,,,,
Andrew Bogut,Charlie Bell,Joe Alexander,Luc Mbah a Moute,Luke Ridnour,Carmelo Anthony,Chauncey Billups,Dahntay Jones,Kenyon Martin,Nene Hilario,1,6:40,DEN,shot,,,Joe Alexander,,,,,,,Nene Hilario,,,,missed,,layup,,
Andrew Bogut,Charlie Bell,Joe Alexander,Luc Mbah a Moute,Luke Ridnour,Carmelo Anthony,Chauncey Billups,Dahntay Jones,Kenyon Martin,Nene Hilario,1,6:38,MIL,rebound,,,,,,,,,,Luke Ridnour,,,,,,def,,
Andrew Bogut,Charlie Bell,Joe Alexander,Luc Mbah a Moute,Luke Ridnour,Carmelo Anthony,Chauncey Billups,Dahntay Jones,Kenyon Martin,Nene Hilario,1,6:33,DEN,foul,,,,,,,,Joe Alexander,,Nene Hilario,,,,,,personal,,
Charlie Bell,Francisco Elson,Joe Alexander,Luc Mbah a Moute,Luke Ridnour,Carmelo Anthony,Chauncey Billups,Dahntay Jones,Kenyon Martin,Nene Hilario,1,6:33,MIL,sub,,,,Francisco Elson,,Andrew Bogut,,,,,,,,,,,,
Charlie Bell,Francisco Elson,Joe Alexander,Luc Mbah a Moute,Luke Ridnour,Carmelo Anthony,Chauncey Billups,Dahntay Jones,Kenyon Martin,Renaldo Balkman,1,6:33,DEN,sub,,,,Renaldo Balkman,,Nene Hilario,,,,,,,,,,,,
Charlie Bell,Francisco Elson,Joe Alexander,Luc Mbah a Moute,Luke Ridnour,Carmelo Anthony,Chauncey Billups,Dahntay Jones,Kenyon Martin,Renaldo Balkman,1,6:24,MIL,shot,,,,,,,,,,Charlie Bell,,,,missed,,jump,37,22
Charlie Bell,Francisco Elson,Joe Alexander,Luc Mbah a Moute,Luke Ridnour,Carmelo Anthony,Chauncey Billups,Dahntay Jones,Kenyon Martin,Renaldo Balkman,1,6:23,MIL,rebound,,,,,,,,,,Luc Mbah a Moute,,,,,,off,,
Charlie Bell,Francisco Elson,Joe Alexander,Luc Mbah a Moute,Luke Ridnour,Carmelo Anthony,Chauncey Billups,Dahntay Jones,Kenyon Martin,Renaldo Balkman,1,6:18,MIL,shot,,,,,,,,,,Luc Mbah a Moute,,,,missed,,jump hook,26,9
Charlie Bell,Francisco Elson,Joe Alexander,Luc Mbah a Moute,Luke Ridnour,Carmelo Anthony,Chauncey Billups,Dahntay Jones,Kenyon Martin,Renaldo Balkman,1,6:17,DEN,rebound,,,,,,,,,,Carmelo Anthony,,,,,,def,,
Charlie Bell,Francisco Elson,Joe Alexander,Luc Mbah a Moute,Luke Ridnour,Carmelo Anthony,Chauncey Billups,Dahntay Jones,Kenyon Martin,Renaldo Balkman,1,6:06,MIL,foul,,,,,,,,Chauncey Billups,,Luke Ridnour,,,,,,shooting,,
Charlie Bell,Francisco Elson,Joe Alexander,Luc Mbah a Moute,Luke Ridnour,Carmelo Anthony,Chauncey Billups,Dahntay Jones,Kenyon Martin,Renaldo Balkman,1,6:06,DEN,free throw,,,,,,,1,,2,Chauncey Billups,,,foul,made,,,,
Charlie Bell,Francisco Elson,Joe Alexander,Luc Mbah a Moute,Luke Ridnour,Carmelo Anthony,Chauncey Billups,Dahntay Jones,Kenyon Martin,Renaldo Balkman,1,6:06,DEN,free throw,,,,,,,2,,2,Chauncey Billups,,,foul,made,,,,
Charlie Bell,Francisco Elson,Joe Alexander,Luc Mbah a Moute,Luke Ridnour,Carmelo Anthony,Chauncey Billups,Dahntay Jones,Kenyon Martin,Renaldo Balkman,1,5:54,DEN,foul,,,,,,,,Luc Mbah a Moute,,Renaldo Balkman,,,,,,shooting,,
Charlie Bell,Francisco Elson,Joe Alexander,Luc Mbah a Moute,Luke Ridnour,Carmelo Anthony,Chauncey Billups,Dahntay Jones,Kenyon Martin,Renaldo Balkman,1,5:54,DEN,timeout,,,,,,,,,,,,,,,,regular,,
Charlie Bell,Francisco Elson,Joe Alexander,Luc Mbah a Moute,Luke Ridnour,Carmelo Anthony,Chauncey Billups,Dahntay Jones,Kenyon Martin,Renaldo Balkman,1,5:54,MIL,free throw,,,,,,,1,,2,Luc Mbah a Moute,,,foul,made,,,,
Charlie Bell,Francisco Elson,Joe Alexander,Luc Mbah a Moute,Luke Ridnour,Carmelo Anthony,Chauncey Billups,Dahntay Jones,Kenyon Martin,Renaldo Balkman,1,5:54,MIL,free throw,,,,,,,2,,2,Luc Mbah a Moute,,,foul,made,,,,
Charlie Bell,Francisco Elson,Joe Alexander,Luc Mbah a Moute,Luke Ridnour,Carmelo Anthony,Chauncey Billups,Dahntay Jones,Kenyon Martin,Renaldo Balkman,1,5:29,DEN,shot,Chauncey Billups,,,,,,,,,Carmelo Anthony,2,,,made,,jump,6,8
Charlie Bell,Francisco Elson,Joe Alexander,Luc Mbah a Moute,Luke Ridnour,Carmelo Anthony,Chauncey Billups,Dahntay Jones,Kenyon Martin,Renaldo Balkman,1,5:09,MIL,shot,,,,,,,,,,Francisco Elson,2,,,made,,turnaround fade away,40,7
Charlie Bell,Francisco Elson,Joe Alexander,Luc Mbah a Moute,Luke Ridnour,Carmelo Anthony,Chauncey Billups,Dahntay Jones,Kenyon Martin,Renaldo Balkman,1,4:46,MIL,foul,,,,,,,,Dahntay Jones,,Luke Ridnour,,,,,,shooting,,
Charlie Bell,Francisco Elson,Joe Alexander,Luc Mbah a Moute,Luke Ridnour,Carmelo Anthony,Chauncey Billups,Dahntay Jones,Kenyon Martin,Renaldo Balkman,1,4:46,DEN,free throw,,,,,,,1,,2,Dahntay Jones,,,foul,made,,,,
Charlie Bell,Francisco Elson,Joe Alexander,Luc Mbah a Moute,Ramon Sessions,Carmelo Anthony,Chauncey Billups,Dahntay Jones,Kenyon Martin,Renaldo Balkman,1,4:46,MIL,sub,,,,Ramon Sessions,,Luke Ridnour,,,,,,,,,,,,
Charlie Bell,Francisco Elson,Joe Alexander,Luc Mbah a Moute,Ramon Sessions,Carmelo Anthony,Chauncey Billups,Dahntay Jones,Kenyon Martin,Renaldo Balkman,1,4:46,DEN,free throw,,,,,,,2,,2,Dahntay Jones,,,foul,missed,,,,
Charlie Bell,Francisco Elson,Joe Alexander,Luc Mbah a Moute,Ramon Sessions,Carmelo Anthony,Chauncey Billups,Dahntay Jones,Kenyon Martin,Renaldo Balkman,1,4:44,MIL,rebound,,,,,,,,,,Luc Mbah a Moute,,,,,,def,,
Charlie Bell,Francisco Elson,Joe Alexander,Luc Mbah a Moute,Ramon Sessions,Carmelo Anthony,Chauncey Billups,Dahntay Jones,Kenyon Martin,Renaldo Balkman,1,4:30,DEN,foul,,,,,,,,Charlie Bell,,Dahntay Jones,,,,,,personal,,
Charlie Bell,Francisco Elson,Joe Alexander,Luc Mbah a Moute,Ramon Sessions,Carmelo Anthony,Chauncey Billups,J.R. Smith,Kenyon Martin,Renaldo Balkman,1,4:30,DEN,sub,,,,J.R. Smith,,Dahntay Jones,,,,,,,,,,,,
Charlie Bell,Francisco Elson,Joe Alexander,Luc Mbah a Moute,Ramon Sessions,Carmelo Anthony,Chauncey Billups,J.R. Smith,Kenyon Martin,Renaldo Balkman,1,4:17,MIL,shot,,,,,,,,,,Charlie Bell,,,,missed,,3pt,27,31
Charlie Bell,Francisco Elson,Joe Alexander,Luc Mbah a Moute,Ramon Sessions,Carmelo Anthony,Chauncey Billups,J.R. Smith,Kenyon Martin,Renaldo Balkman,1,4:17,DEN,rebound,,,,,,,,,,,,,,,,,,
Charlie Bell,Francisco Elson,Joe Alexander,Luc Mbah a Moute,Ramon Sessions,Carmelo Anthony,Chauncey Billups,J.R. Smith,Kenyon Martin,Renaldo Balkman,1,4:09,DEN,foul,,,,,,,,Luc Mbah a Moute,,Chauncey Billups,,,,,,offensive,,
Charlie Bell,Francisco Elson,Joe Alexander,Luc Mbah a Moute,Ramon Sessions,Carmelo Anthony,Chauncey Billups,J.R. Smith,Kenyon Martin,Renaldo Balkman,1,4:09,DEN,turnover,,,,,,,,,,Chauncey Billups,,,foul,,,,,
Charlie Bell,Francisco Elson,Joe Alexander,Luc Mbah a Moute,Ramon Sessions,Carmelo Anthony,Chauncey Billups,J.R. Smith,Kenyon Martin,Renaldo Balkman,1,4:05,MIL,foul,,,,,,,,Chauncey Billups,,Francisco Elson,,,,,,offensive,,
Charlie Bell,Francisco Elson,Joe Alexander,Luc Mbah a Moute,Ramon Sessions,Carmelo Anthony,Chauncey Billups,J.R. Smith,Kenyon Martin,Renaldo Balkman,1,4:05,MIL,turnover,,,,,,,,,,Francisco Elson,,,foul,,,,,
Charlie Bell,Francisco Elson,Joe Alexander,Luc Mbah a Moute,Ramon Sessions,Carmelo Anthony,Chauncey Billups,J.R. Smith,Kenyon Martin,Renaldo Balkman,1,3:51,MIL,foul,,,,,,,,Carmelo Anthony,,Luc Mbah a Moute,,,,,,personal,,
Charlie Bell,Francisco Elson,Joe Alexander,Luc Mbah a Moute,Ramon Sessions,Carmelo Anthony,Chauncey Billups,J.R. Smith,Kenyon Martin,Renaldo Balkman,1,3:51,DEN,free throw,,,,,,,1,,2,Carmelo Anthony,,,foul,made,,,,
Austin Croshere,Charlie Bell,Francisco Elson,Joe Alexander,Ramon Sessions,Carmelo Anthony,Chauncey Billups,J.R. Smith,Kenyon Martin,Renaldo Balkman,1,3:51,MIL,sub,,,,Austin Croshere,,Luc Mbah a Moute,,,,,,,,,,,,
Austin Croshere,Charlie Bell,Francisco Elson,Joe Alexander,Ramon Sessions,Carmelo Anthony,Chauncey Billups,J.R. Smith,Kenyon Martin,Renaldo Balkman,1,3:51,DEN,free throw,,,,,,,2,,2,Carmelo Anthony,,,foul,made,,,,
Austin Croshere,Charlie Bell,Francisco Elson,Joe Alexander,Ramon Sessions,Carmelo Anthony,Chauncey Billups,J.R. Smith,Kenyon Martin,Renaldo Balkman,1,3:41,MIL,shot,,,Kenyon Martin,,,,,,,Ramon Sessions,,,,missed,,jump,22,12
Austin Croshere,Charlie Bell,Francisco Elson,Joe Alexander,Ramon Sessions,Carmelo Anthony,Chauncey Billups,J.R. Smith,Kenyon Martin,Renaldo Balkman,1,3:38,DEN,rebound,,,,,,,,,,J.R. Smith,,,,,,def,,
Austin Croshere,Charlie Bell,Francisco Elson,Joe Alexander,Ramon Sessions,Carmelo Anthony,Chauncey Billups,J.R. Smith,Kenyon Martin,Renaldo Balkman,1,3:31,MIL,foul,,,,,,,,Carmelo Anthony,,Austin Croshere,,,,,,shooting,,
Austin Croshere,Charlie Bell,Francisco Elson,Joe Alexander,Ramon Sessions,Carmelo Anthony,Chauncey Billups,J.R. Smith,Kenyon Martin,Renaldo Balkman,1,3:31,DEN,free throw,,,,,,,1,,2,Carmelo Anthony,,,foul,made,,,,
Austin Croshere,Charlie Bell,Francisco Elson,Joe Alexander,Ramon Sessions,Carmelo Anthony,Chauncey Billups,J.R. Smith,Kenyon Martin,Renaldo Balkman,1,3:31,DEN,free throw,,,,,,,2,,2,Carmelo Anthony,,,foul,made,,,,
Austin Croshere,Charlie Bell,Francisco Elson,Joe Alexander,Ramon Sessions,Carmelo Anthony,Chauncey Billups,J.R. Smith,Kenyon Martin,Renaldo Balkman,1,3:18,MIL,shot,,,,,,,,,,Joe Alexander,,,,missed,,3pt,5,21
Austin Croshere,Charlie Bell,Francisco Elson,Joe Alexander,Ramon Sessions,Carmelo Anthony,Chauncey Billups,J.R. Smith,Kenyon Martin,Renaldo Balkman,1,3:17,MIL,rebound,,,,,,,,,,Charlie Bell,,,,,,off,,
Austin Croshere,Charlie Bell,Francisco Elson,Joe Alexander,Ramon Sessions,Carmelo Anthony,Chauncey Billups,J.R. Smith,Kenyon Martin,Renaldo Balkman,1,3:15,DEN,foul,,,,,,,,Charlie Bell,,Chauncey Billups,,,,,,personal,,
Austin Croshere,Charlie Bell,Francisco Elson,Joe Alexander,Ramon Sessions,Carmelo Anthony,Chauncey Billups,J.R. Smith,Kenyon Martin,Renaldo Balkman,1,3:15,MIL,free throw,,,,,,,1,,2,Charlie Bell,,,foul,made,,,,
Austin Croshere,Charlie Bell,Francisco Elson,Joe Alexander,Ramon Sessions,Anthony Carter,Carmelo Anthony,J.R. Smith,Kenyon Martin,Renaldo Balkman,1,3:15,DEN,sub,,,,Anthony Carter,,Chauncey Billups,,,,,,,,,,,,
Austin Croshere,Charlie Bell,Francisco Elson,Joe Alexander,Ramon Sessions,Anthony Carter,Carmelo Anthony,J.R. Smith,Kenyon Martin,Renaldo Balkman,1,3:15,MIL,free throw,,,,,,,2,,2,Charlie Bell,,,foul,made,,,,
Austin Croshere,Charlie Bell,Francisco Elson,Joe Alexander,Ramon Sessions,Anthony Carter,Carmelo Anthony,J.R. Smith,Kenyon Martin,Renaldo Balkman,1,2:57,DEN,turnover,,,,,,,,,,Kenyon Martin,,,bad pass,,Charlie Bell,,,
Austin Croshere,Charlie Bell,Francisco Elson,Joe Alexander,Ramon Sessions,Anthony Carter,Carmelo Anthony,J.R. Smith,Kenyon Martin,Renaldo Balkman,1,2:44,DEN,foul,,,,,,,,Austin Croshere,,Carmelo Anthony,,,,,,personal,,
Austin Croshere,Charlie Bell,Francisco Elson,Joe Alexander,Ramon Sessions,Anthony Carter,Carmelo Anthony,J.R. Smith,Kenyon Martin,Renaldo Balkman,1,2:44,MIL,timeout,,,,,,,,,,,,,,,,regular,,
Austin Croshere,Charlie Bell,Francisco Elson,Joe Alexander,Ramon Sessions,Anthony Carter,Carmelo Anthony,J.R. Smith,Kenyon Martin,Renaldo Balkman,1,2:44,MIL,free throw,,,,,,,1,,2,Austin Croshere,,,foul,missed,,,,
Austin Croshere,Charlie Bell,Francisco Elson,Joe Alexander,Ramon Sessions,Anthony Carter,Carmelo Anthony,J.R. Smith,Kenyon Martin,Renaldo Balkman,1,2:44,MIL,rebound,,,,,,,,,,,,,,,,,,
Austin Croshere,Francisco Elson,Joe Alexander,Ramon Sessions,Tyronn Lue,Anthony Carter,Carmelo Anthony,J.R. Smith,Kenyon Martin,Renaldo Balkman,1,2:44,MIL,sub,,,,Tyronn Lue,,Charlie Bell,,,,,,,,,,,,
Austin Croshere,Francisco Elson,Joe Alexander,Ramon Sessions,Tyronn Lue,Anthony Carter,Carmelo Anthony,J.R. Smith,Kenyon Martin,Renaldo Balkman,1,2:44,MIL,free throw,,,,,,,2,,2,Austin Croshere,,,foul,made,,,,
Austin Croshere,Francisco Elson,Joe Alexander,Ramon Sessions,Tyronn Lue,Anthony Carter,Carmelo Anthony,J.R. Smith,Kenyon Martin,Renaldo Balkman,1,2:28,MIL,foul,,,,,,,,Carmelo Anthony,,Austin Croshere,,,,,,shooting,,
Austin Croshere,Francisco Elson,Joe Alexander,Ramon Sessions,Tyronn Lue,Anthony Carter,Carmelo Anthony,J.R. Smith,Kenyon Martin,Renaldo Balkman,1,2:28,DEN,free throw,,,,,,,1,,2,Carmelo Anthony,,,foul,made,,,,
Austin Croshere,Francisco Elson,Joe Alexander,Ramon Sessions,Tyronn Lue,Anthony Carter,Carmelo Anthony,J.R. Smith,Kenyon Martin,Renaldo Balkman,1,2:28,DEN,free throw,,,,,,,2,,2,Carmelo Anthony,,,foul,made,,,,
Austin Croshere,Francisco Elson,Joe Alexander,Ramon Sessions,Tyronn Lue,Anthony Carter,Carmelo Anthony,J.R. Smith,Kenyon Martin,Renaldo Balkman,1,2:10,MIL,turnover,,,,,,,,,,Ramon Sessions,,,bad pass,,Renaldo Balkman,,,
Austin Croshere,Francisco Elson,Joe Alexander,Ramon Sessions,Tyronn Lue,Anthony Carter,Carmelo Anthony,J.R. Smith,Kenyon Martin,Renaldo Balkman,1,2:07,MIL,foul,,,,,,,,Renaldo Balkman,,Tyronn Lue,,,,,,shooting,,
Austin Croshere,Francisco Elson,Joe Alexander,Ramon Sessions,Tyronn Lue,Anthony Carter,Carmelo Anthony,J.R. Smith,Linas Kleiza,Renaldo Balkman,1,2:07,DEN,sub,,,,Linas Kleiza,,Kenyon Martin,,,,,,,,,,,,
Austin Croshere,Francisco Elson,Joe Alexander,Ramon Sessions,Tyronn Lue,Anthony Carter,Carmelo Anthony,J.R. Smith,Linas Kleiza,Renaldo Balkman,1,2:07,DEN,free throw,,,,,,,1,,2,Renaldo Balkman,,,foul,made,,,,
Austin Croshere,Francisco Elson,Joe Alexander,Ramon Sessions,Tyronn Lue,Anthony Carter,Carmelo Anthony,J.R. Smith,Linas Kleiza,Renaldo Balkman,1,2:07,DEN,free throw,,,,,,,2,,2,Renaldo Balkman,,,foul,made,,,,
Austin Croshere,Francisco Elson,Joe Alexander,Ramon Sessions,Tyronn Lue,Anthony Carter,Carmelo Anthony,J.R. Smith,Linas Kleiza,Renaldo Balkman,1,1:44,MIL,shot,,,,,,,,,,Ramon Sessions,,,,missed,,jump,4,9
Austin Croshere,Francisco Elson,Joe Alexander,Ramon Sessions,Tyronn Lue,Anthony Carter,Carmelo Anthony,J.R. Smith,Linas Kleiza,Renaldo Balkman,1,1:43,MIL,rebound,,,,,,,,,,Francisco Elson,,,,,,off,,
Austin Croshere,Francisco Elson,Joe Alexander,Ramon Sessions,Tyronn Lue,Anthony Carter,Carmelo Anthony,J.R. Smith,Linas Kleiza,Renaldo Balkman,1,1:35,MIL,shot,,,,,,,,,,Austin Croshere,2,,,made,,turnaround jump,20,12
Austin Croshere,Francisco Elson,Joe Alexander,Ramon Sessions,Tyronn Lue,Anthony Carter,Carmelo Anthony,J.R. Smith,Linas Kleiza,Renaldo Balkman,1,1:15,DEN,shot,J.R. Smith,,,,,,,,,Linas Kleiza,3,,,made,,3pt,10,27
Austin Croshere,Francisco Elson,Joe Alexander,Ramon Sessions,Tyronn Lue,Anthony Carter,Carmelo Anthony,J.R. Smith,Linas Kleiza,Renaldo Balkman,1,1:00,MIL,shot,,,Carmelo Anthony,,,,,,,Austin Croshere,,,,missed,,driving layup,25,6
Austin Croshere,Francisco Elson,Joe Alexander,Ramon Sessions,Tyronn Lue,Anthony Carter,Carmelo Anthony,J.R. Smith,Linas Kleiza,Renaldo Balkman,1,1:00,MIL,rebound,,,,,,,,,,,,,,,,,,
Austin Croshere,Francisco Elson,Joe Alexander,Ramon Sessions,Tyronn Lue,Anthony Carter,Carmelo Anthony,J.R. Smith,Linas Kleiza,Renaldo Balkman,1,0:53,MIL,turnover,,,,,,,,,,Francisco Elson,,,bad pass,,Carmelo Anthony,,,
Austin Croshere,Francisco Elson,Joe Alexander,Ramon Sessions,Tyronn Lue,Anthony Carter,Carmelo Anthony,J.R. Smith,Linas Kleiza,Renaldo Balkman,1,0:51,MIL,foul,,,,,,,,Linas Kleiza,,Tyronn Lue,,,,,,shooting,,
Austin Croshere,Francisco Elson,Joe Alexander,Ramon Sessions,Tyronn Lue,Anthony Carter,Carmelo Anthony,J.R. Smith,Linas Kleiza,Renaldo Balkman,1,0:51,DEN,free throw,,,,,,,1,,2,Linas Kleiza,,,foul,made,,,,
Austin Croshere,Francisco Elson,Joe Alexander,Ramon Sessions,Tyronn Lue,Anthony Carter,Carmelo Anthony,J.R. Smith,Linas Kleiza,Renaldo Balkman,1,0:51,DEN,free throw,,,,,,,2,,2,Linas Kleiza,,,foul,missed,,,,
Austin Croshere,Francisco Elson,Joe Alexander,Ramon Sessions,Tyronn Lue,Anthony Carter,Carmelo Anthony,J.R. Smith,Linas Kleiza,Renaldo Balkman,1,0:49,MIL,rebound,,,,,,,,,,Joe Alexander,,,,,,def,,
Austin Croshere,Francisco Elson,Joe Alexander,Ramon Sessions,Tyronn Lue,Anthony Carter,Carmelo Anthony,J.R. Smith,Linas Kleiza,Renaldo Balkman,1,0:39,MIL,shot,Ramon Sessions,,,,,,,,,Tyronn Lue,3,,,made,,3pt,49,8
Austin Croshere,Francisco Elson,Joe Alexander,Ramon Sessions,Tyronn Lue,Anthony Carter,Carmelo Anthony,J.R. Smith,Linas Kleiza,Renaldo Balkman,1,0:29,DEN,shot,Carmelo Anthony,,,,,,,,,Renaldo Balkman,2,,,made,,layup,25,6
Austin Croshere,Francisco Elson,Joe Alexander,Ramon Sessions,Tyronn Lue,Anthony Carter,Carmelo Anthony,J.R. Smith,Linas Kleiza,Renaldo Balkman,1,0:04,MIL,shot,,,Carmelo Anthony,,,,,,,Francisco Elson,,,,missed,,layup,25,6
Austin Croshere,Francisco Elson,Joe Alexander,Ramon Sessions,Tyronn Lue,Anthony Carter,Carmelo Anthony,J.R. Smith,Linas Kleiza,Renaldo Balkman,1,0:04,MIL,shot,,,,,,,,,,Francisco Elson,2,,,made,,layup,25,6
Austin Croshere,Francisco Elson,Joe Alexander,Ramon Sessions,Tyronn Lue,Anthony Carter,Carmelo Anthony,J.R. Smith,Linas Kleiza,Renaldo Balkman,1,0:04,MIL,rebound,,,,,,,,,,Francisco Elson,,,,,,off,,
Austin Croshere,Francisco Elson,Joe Alexander,Ramon Sessions,Tyronn Lue,Anthony Carter,Carmelo Anthony,J.R. Smith,Linas Kleiza,Renaldo Balkman,1,0:00,DEN,shot,,,,,,,,,,Renaldo Balkman,,,,missed,,3pt,22,31
Austin Croshere,Francisco Elson,Joe Alexander,Ramon Sessions,Tyronn Lue,Anthony Carter,Carmelo Anthony,J.R. Smith,Linas Kleiza,Renaldo Balkman,1,0:00,DEN,rebound,,,,,,,,,,,,,,,,,,
Andrew Bogut,Austin Croshere,Joe Alexander,Ramon Sessions,Tyronn Lue,Anthony Carter,Carmelo Anthony,J.R. Smith,Linas Kleiza,Renaldo Balkman,2,11:46,MIL,shot,,,,,,,,,,Ramon Sessions,,,,missed,,jump,21,17
Andrew Bogut,Austin Croshere,Joe Alexander,Ramon Sessions,Tyronn Lue,Anthony Carter,Carmelo Anthony,J.R. Smith,Linas Kleiza,Renaldo Balkman,2,11:45,MIL,rebound,,,,,,,,,,Austin Croshere,,,,,,off,,
Andrew Bogut,Austin Croshere,Joe Alexander,Ramon Sessions,Tyronn Lue,Anthony Carter,Carmelo Anthony,J.R. Smith,Linas Kleiza,Renaldo Balkman,2,11:42,MIL,shot,Austin Croshere,,,,,,,,,Joe Alexander,2,,,made,,layup,25,6
Andrew Bogut,Austin Croshere,Joe Alexander,Ramon Sessions,Tyronn Lue,Anthony Carter,Carmelo Anthony,J.R. Smith,Linas Kleiza,Renaldo Balkman,2,11:26,DEN,shot,,,,,,,,,,J.R. Smith,,,,missed,,3pt,49,9
Andrew Bogut,Austin Croshere,Joe Alexander,Ramon Sessions,Tyronn Lue,Anthony Carter,Carmelo Anthony,J.R. Smith,Linas Kleiza,Renaldo Balkman,2,11:26,DEN,rebound,,,,,,,,,,,,,,,,,,
Andrew Bogut,Austin Croshere,Joe Alexander,Ramon Sessions,Tyronn Lue,Anthony Carter,Carmelo Anthony,J.R. Smith,Linas Kleiza,Renaldo Balkman,2,11:22,DEN,shot,,,,,,,,,,Linas Kleiza,,,,missed,,running hook,13,9
Andrew Bogut,Austin Croshere,Joe Alexander,Ramon Sessions,Tyronn Lue,Anthony Carter,Carmelo Anthony,J.R. Smith,Linas Kleiza,Renaldo Balkman,2,11:21,DEN,shot,,,,,,,,,,Anthony Carter,,,,missed,,tip,25,6
Andrew Bogut,Austin Croshere,Joe Alexander,Ramon Sessions,Tyronn Lue,Anthony Carter,Carmelo Anthony,J.R. Smith,Linas Kleiza,Renaldo Balkman,2,11:21,DEN,rebound,,,,,,,,,,Anthony Carter,,,,,,off,,
Andrew Bogut,Austin Croshere,Joe Alexander,Ramon Sessions,Tyronn Lue,Anthony Carter,Carmelo Anthony,J.R. Smith,Linas Kleiza,Renaldo Balkman,2,11:21,MIL,rebound,,,,,,,,,,Andrew Bogut,,,,,,def,,
Andrew Bogut,Austin Croshere,Joe Alexander,Ramon Sessions,Tyronn Lue,Anthony Carter,Carmelo Anthony,J.R. Smith,Linas Kleiza,Renaldo Balkman,2,11:21,DEN,foul,,,,,,,,Andrew Bogut,,Linas Kleiza,,,,,,personal,,
Andrew Bogut,Austin Croshere,Joe Alexander,Ramon Sessions,Tyronn Lue,Anthony Carter,Carmelo Anthony,J.R. Smith,Linas Kleiza,Renaldo Balkman,2,11:14,DEN,foul,,,,,,,,Andrew Bogut,,Renaldo Balkman,,,,,,personal,,
Andrew Bogut,Austin Croshere,Joe Alexander,Ramon Sessions,Tyronn Lue,Anthony Carter,Carmelo Anthony,J.R. Smith,Linas Kleiza,Renaldo Balkman,2,10:55,MIL,shot,,,,,,,,,,Tyronn Lue,,,,missed,,3pt,8,26
Andrew Bogut,Austin Croshere,Joe Alexander,Ramon Sessions,Tyronn Lue,Anthony Carter,Carmelo Anthony,J.R. Smith,Linas Kleiza,Renaldo Balkman,2,10:53,DEN,rebound,,,,,,,,,,J.R. Smith,,,,,,def,,
Andrew Bogut,Austin Croshere,Joe Alexander,Ramon Sessions,Tyronn Lue,Anthony Carter,Carmelo Anthony,J.R. Smith,Linas Kleiza,Renaldo Balkman,2,10:38,DEN,turnover,,,,,,,,,,Renaldo Balkman,,,bad pass,,Joe Alexander,,,
Andrew Bogut,Austin Croshere,Joe Alexander,Ramon Sessions,Tyronn Lue,Anthony Carter,Carmelo Anthony,J.R. Smith,Linas Kleiza,Renaldo Balkman,2,10:32,MIL,shot,,,,,,,,,,Tyronn Lue,,,,missed,,jump,25,23
Andrew Bogut,Austin Croshere,Joe Alexander,Ramon Sessions,Tyronn Lue,Anthony Carter,Carmelo Anthony,J.R. Smith,Linas Kleiza,Renaldo Balkman,2,10:31,MIL,rebound,,,,,,,,,,Joe Alexander,,,,,,off,,
Andrew Bogut,Austin Croshere,Joe Alexander,Ramon Sessions,Tyronn Lue,Anthony Carter,Carmelo Anthony,J.R. Smith,Linas Kleiza,Renaldo Balkman,2,10:28,MIL,shot,,,,,,,,,,Austin Croshere,,,,missed,,layup,25,6
Andrew Bogut,Austin Croshere,Joe Alexander,Ramon Sessions,Tyronn Lue,Anthony Carter,Carmelo Anthony,J.R. Smith,Linas Kleiza,Renaldo Balkman,2,10:27,DEN,rebound,,,,,,,,,,Linas Kleiza,,,,,,def,,
Andrew Bogut,Austin Croshere,Joe Alexander,Ramon Sessions,Tyronn Lue,Anthony Carter,Carmelo Anthony,J.R. Smith,Linas Kleiza,Renaldo Balkman,2,10:21,MIL,foul,,,,,,,,Carmelo Anthony,,Joe Alexander,,,,,,personal,,
Andrew Bogut,Austin Croshere,Joe Alexander,Ramon Sessions,Tyronn Lue,Anthony Carter,Carmelo Anthony,J.R. Smith,Linas Kleiza,Renaldo Balkman,2,10:07,DEN,shot,Carmelo Anthony,,,,,,,,,Anthony Carter,2,,,made,,layup,25,6
Andrew Bogut,Austin Croshere,Joe Alexander,Ramon Sessions,Tyronn Lue,Anthony Carter,Carmelo Anthony,J.R. Smith,Linas Kleiza,Renaldo Balkman,2,10:00,MIL,shot,,,Renaldo Balkman,,,,,,,Austin Croshere,,,,missed,,layup,25,6
Andrew Bogut,Austin Croshere,Joe Alexander,Ramon Sessions,Tyronn Lue,Anthony Carter,Carmelo Anthony,J.R. Smith,Linas Kleiza,Renaldo Balkman,2,9:58,DEN,rebound,,,,,,,,,,Renaldo Balkman,,,,,,def,,
Andrew Bogut,Austin Croshere,Joe Alexander,Ramon Sessions,Tyronn Lue,Anthony Carter,Carmelo Anthony,J.R. Smith,Linas Kleiza,Renaldo Balkman,2,9:56,MIL,foul,,,,,,,,Linas Kleiza,,Andrew Bogut,,,,,,shooting,,
Andrew Bogut,Austin Croshere,Joe Alexander,Ramon Sessions,Tyronn Lue,Anthony Carter,Carmelo Anthony,J.R. Smith,Linas Kleiza,Renaldo Balkman,2,9:56,DEN,free throw,,,,,,,1,,2,Linas Kleiza,,,foul,made,,,,
Andrew Bogut,Austin Croshere,Joe Alexander,Ramon Sessions,Tyronn Lue,Anthony Carter,J.R. Smith,Linas Kleiza,Nene Hilario,Renaldo Balkman,2,9:56,DEN,sub,,,,Nene Hilario,,Carmelo Anthony,,,,,,,,,,,,
Andrew Bogut,Joe Alexander,Luc Mbah a Moute,Ramon Sessions,Tyronn Lue,Anthony Carter,J.R. Smith,Linas Kleiza,Nene Hilario,Renaldo Balkman,2,9:56,MIL,sub,,,,Luc Mbah a Moute,,Austin Croshere,,,,,,,,,,,,
Andrew Bogut,Joe Alexander,Luc Mbah a Moute,Ramon Sessions,Tyronn Lue,Anthony Carter,J.R. Smith,Linas Kleiza,Nene Hilario,Renaldo Balkman,2,9:56,DEN,free throw,,,,,,,2,,2,Linas Kleiza,,,foul,made,,,,
Andrew Bogut,Joe Alexander,Luc Mbah a Moute,Ramon Sessions,Tyronn Lue,Anthony Carter,J.R. Smith,Linas Kleiza,Nene Hilario,Renaldo Balkman,2,9:39,MIL,turnover,,,,,,,,,,Andrew Bogut,,,out of bounds lost ball turnover,,,,,
Andrew Bogut,Joe Alexander,Luc Mbah a Moute,Ramon Sessions,Tyronn Lue,Anthony Carter,J.R. Smith,Linas Kleiza,Nene Hilario,Renaldo Balkman,2,9:20,DEN,shot,Anthony Carter,,,,,,,,,Nene Hilario,2,,,made,,jump,,
Andrew Bogut,Joe Alexander,Luc Mbah a Moute,Ramon Sessions,Tyronn Lue,Anthony Carter,J.R. Smith,Linas Kleiza,Nene Hilario,Renaldo Balkman,2,9:04,MIL,turnover,,,,,,,,,,Andrew Bogut,,,offensive goaltending,,,,,
Andrew Bogut,Joe Alexander,Luc Mbah a Moute,Ramon Sessions,Tyronn Lue,Anthony Carter,J.R. Smith,Linas Kleiza,Nene Hilario,Renaldo Balkman,2,8:54,DEN,shot,,,,,,,,,,Linas Kleiza,,,,missed,,3pt,49,11
Andrew Bogut,Joe Alexander,Luc Mbah a Moute,Ramon Sessions,Tyronn Lue,Anthony Carter,J.R. Smith,Linas Kleiza,Nene Hilario,Renaldo Balkman,2,8:53,MIL,rebound,,,,,,,,,,Ramon Sessions,,,,,,def,,
Andrew Bogut,Joe Alexander,Luc Mbah a Moute,Ramon Sessions,Tyronn Lue,Anthony Carter,J.R. Smith,Linas Kleiza,Nene Hilario,Renaldo Balkman,2,8:44,MIL,shot,,,,,,,,,,Joe Alexander,,,,missed,,turnaround jump,43,8
Andrew Bogut,Joe Alexander,Luc Mbah a Moute,Ramon Sessions,Tyronn Lue,Anthony Carter,J.R. Smith,Linas Kleiza,Nene Hilario,Renaldo Balkman,2,8:41,DEN,rebound,,,,,,,,,,Nene Hilario,,,,,,def,,
Andrew Bogut,Joe Alexander,Luc Mbah a Moute,Ramon Sessions,Tyronn Lue,Anthony Carter,J.R. Smith,Linas Kleiza,Nene Hilario,Renaldo Balkman,2,8:37,DEN,shot,J.R. Smith,,,,,,,,,Linas Kleiza,2,,,made,,dunk,25,6
Andrew Bogut,Joe Alexander,Luc Mbah a Moute,Ramon Sessions,Tyronn Lue,Anthony Carter,J.R. Smith,Linas Kleiza,Nene Hilario,Renaldo Balkman,2,8:23,DEN,foul,,,,,,,,Tyronn Lue,,Anthony Carter,,,,,,personal,,
Andrew Bogut,Joe Alexander,Luc Mbah a Moute,Ramon Sessions,Tyronn Lue,Anthony Carter,J.R. Smith,Linas Kleiza,Nene Hilario,Renaldo Balkman,2,8:23,OFF,timeout,,,,,,,,,,,,,,,,official,,
Andrew Bogut,Luc Mbah a Moute,Luke Ridnour,Ramon Sessions,Tyronn Lue,Anthony Carter,J.R. Smith,Linas Kleiza,Nene Hilario,Renaldo Balkman,2,8:23,MIL,sub,,,,Luke Ridnour,,Joe Alexander,,,,,,,,,,,,
Andrew Bogut,Charlie Bell,Luc Mbah a Moute,Luke Ridnour,Ramon Sessions,Anthony Carter,J.R. Smith,Linas Kleiza,Nene Hilario,Renaldo Balkman,2,8:23,MIL,sub,,,,Charlie Bell,,Tyronn Lue,,,,,,,,,,,,
Andrew Bogut,Charlie Bell,Luc Mbah a Moute,Luke Ridnour,Ramon Sessions,Anthony Carter,J.R. Smith,Linas Kleiza,Nene Hilario,Renaldo Balkman,2,8:18,MIL,turnover,,,,,,,,,,Luke Ridnour,,,bad pass,,Renaldo Balkman,,,
Andrew Bogut,Charlie Bell,Luc Mbah a Moute,Luke Ridnour,Ramon Sessions,Anthony Carter,J.R. Smith,Linas Kleiza,Nene Hilario,Renaldo Balkman,2,8:14,DEN,shot,,,,,,,,,,Renaldo Balkman,2,,,made,,slam dunk,25,6
Andrew Bogut,Charlie Bell,Luc Mbah a Moute,Luke Ridnour,Ramon Sessions,Anthony Carter,J.R. Smith,Linas Kleiza,Nene Hilario,Renaldo Balkman,2,7:46,MIL,turnover,,,,,,,,,,Luke Ridnour,,,traveling,,,,,
Andrew Bogut,Charlie Bell,Luc Mbah a Moute,Luke Ridnour,Ramon Sessions,Anthony Carter,J.R. Smith,Linas Kleiza,Nene Hilario,Renaldo Balkman,2,7:34,DEN,shot,,,,,,,,,,Anthony Carter,2,,,made,,running jump,26,10
Andrew Bogut,Charlie Bell,Luc Mbah a Moute,Luke Ridnour,Ramon Sessions,Anthony Carter,J.R. Smith,Linas Kleiza,Nene Hilario,Renaldo Balkman,2,7:09,MIL,shot,,,,,,,,,,Charlie Bell,,,,missed,,jump,43,11
Andrew Bogut,Charlie Bell,Luc Mbah a Moute,Luke Ridnour,Ramon Sessions,Anthony Carter,J.R. Smith,Linas Kleiza,Nene Hilario,Renaldo Balkman,2,7:08,DEN,rebound,,,,,,,,,,Nene Hilario,,,,,,def,,
Andrew Bogut,Charlie Bell,Luc Mbah a Moute,Luke Ridnour,Ramon Sessions,Anthony Carter,J.R. Smith,Linas Kleiza,Nene Hilario,Renaldo Balkman,2,7:03,DEN,shot,J.R. Smith,,,,,,,,,Renaldo Balkman,2,,,made,,layup,25,6
Andrew Bogut,Charlie Bell,Luc Mbah a Moute,Luke Ridnour,Ramon Sessions,Anthony Carter,J.R. Smith,Linas Kleiza,Nene Hilario,Renaldo Balkman,2,6:39,MIL,shot,Luke Ridnour,,,,,,,,,Ramon Sessions,3,,,made,,3pt,8,23
Andrew Bogut,Charlie Bell,Luc Mbah a Moute,Luke Ridnour,Ramon Sessions,Anthony Carter,J.R. Smith,Linas Kleiza,Nene Hilario,Renaldo Balkman,2,6:35,MIL,foul,,,,,,,,Nene Hilario,,Andrew Bogut,,,,,,personal,,
Charlie Bell,Dan Gadzuric,Luc Mbah a Moute,Luke Ridnour,Ramon Sessions,Anthony Carter,J.R. Smith,Linas Kleiza,Nene Hilario,Renaldo Balkman,2,6:35,MIL,sub,,,,Dan Gadzuric,,Andrew Bogut,,,,,,,,,,,,
Charlie Bell,Dan Gadzuric,Luke Ridnour,Malik Allen,Ramon Sessions,Anthony Carter,J.R. Smith,Linas Kleiza,Nene Hilario,Renaldo Balkman,2,6:35,MIL,sub,,,,Malik Allen,,Luc Mbah a Moute,,,,,,,,,,,,
Charlie Bell,Dan Gadzuric,Luke Ridnour,Malik Allen,Ramon Sessions,Anthony Carter,J.R. Smith,Linas Kleiza,Nene Hilario,Renaldo Balkman,2,6:29,MIL,foul,,,,,,,,J.R. Smith,,Ramon Sessions,,,,,,personal,,
Charlie Bell,Dan Gadzuric,Luke Ridnour,Malik Allen,Ramon Sessions,Anthony Carter,J.R. Smith,Linas Kleiza,Nene Hilario,Renaldo Balkman,2,6:24,DEN,shot,Anthony Carter,,,,,,,,,Linas Kleiza,2,,,made,,driving layup,25,6
Charlie Bell,Dan Gadzuric,Luke Ridnour,Malik Allen,Ramon Sessions,Anthony Carter,J.R. Smith,Linas Kleiza,Nene Hilario,Renaldo Balkman,2,6:24,MIL,foul,,,,,,,,Linas Kleiza,,Malik Allen,,,,,,shooting,,
Charlie Bell,Dan Gadzuric,Luke Ridnour,Malik Allen,Ramon Sessions,Anthony Carter,J.R. Smith,Linas Kleiza,Nene Hilario,Renaldo Balkman,2,6:24,DEN,free throw,,,,,,,1,,1,Linas Kleiza,,,foul,made,,,,
Charlie Bell,Dan Gadzuric,Luke Ridnour,Malik Allen,Ramon Sessions,Anthony Carter,J.R. Smith,Linas Kleiza,Nene Hilario,Renaldo Balkman,2,6:10,MIL,shot,,,Renaldo Balkman,,,,,,,Ramon Sessions,,,,missed,,layup,25,6
Charlie Bell,Dan Gadzuric,Luke Ridnour,Malik Allen,Ramon Sessions,Anthony Carter,J.R. Smith,Linas Kleiza,Nene Hilario,Renaldo Balkman,2,6:10,MIL,rebound,,,,,,,,,,,,,,,,,,
Charlie Bell,Dan Gadzuric,Luke Ridnour,Malik Allen,Ramon Sessions,Anthony Carter,J.R. Smith,Linas Kleiza,Nene Hilario,Renaldo Balkman,2,6:01,MIL,shot,,,,,,,,,,Luke Ridnour,,,,missed,,jump,41,15
Charlie Bell,Dan Gadzuric,Luke Ridnour,Malik Allen,Ramon Sessions,Anthony Carter,J.R. Smith,Linas Kleiza,Nene Hilario,Renaldo Balkman,2,6:00,DEN,rebound,,,,,,,,,,Nene Hilario,,,,,,def,,
Charlie Bell,Dan Gadzuric,Luke Ridnour,Malik Allen,Ramon Sessions,Anthony Carter,J.R. Smith,Linas Kleiza,Nene Hilario,Renaldo Balkman,2,5:56,MIL,foul,,,,,,,,J.R. Smith,,Ramon Sessions,,,,,,personal,,
Charlie Bell,Dan Gadzuric,Luke Ridnour,Malik Allen,Ramon Sessions,Anthony Carter,J.R. Smith,Linas Kleiza,Nene Hilario,Renaldo Balkman,2,5:56,DEN,timeout,,,,,,,,,,,,,,,,regular,,
Charlie Bell,Dan Gadzuric,Joe Alexander,Luke Ridnour,Malik Allen,Anthony Carter,J.R. Smith,Linas Kleiza,Nene Hilario,Renaldo Balkman,2,5:56,MIL,sub,,,,Joe Alexander,,Ramon Sessions,,,,,,,,,,,,
Charlie Bell,Dan Gadzuric,Joe Alexander,Luke Ridnour,Malik Allen,Anthony Carter,J.R. Smith,Linas Kleiza,Nene Hilario,Renaldo Balkman,2,5:56,DEN,free throw,,,,,,,1,,2,J.R. Smith,,,foul,made,,,,
Charlie Bell,Dan Gadzuric,Joe Alexander,Luke Ridnour,Malik Allen,Anthony Carter,J.R. Smith,Linas Kleiza,Nene Hilario,Renaldo Balkman,2,5:56,DEN,free throw,,,,,,,2,,2,J.R. Smith,,,foul,made,,,,
Charlie Bell,Dan Gadzuric,Joe Alexander,Luke Ridnour,Malik Allen,Anthony Carter,J.R. Smith,Linas Kleiza,Nene Hilario,Renaldo Balkman,2,5:44,MIL,shot,,,Renaldo Balkman,,,,,,,Charlie Bell,,,,missed,,jump,7,17
Charlie Bell,Dan Gadzuric,Joe Alexander,Luke Ridnour,Malik Allen,Anthony Carter,J.R. Smith,Linas Kleiza,Nene Hilario,Renaldo Balkman,2,5:41,DEN,rebound,,,,,,,,,,Anthony Carter,,,,,,def,,
Charlie Bell,Dan Gadzuric,Joe Alexander,Luke Ridnour,Malik Allen,Anthony Carter,J.R. Smith,Linas Kleiza,Nene Hilario,Renaldo Balkman,2,5:37,DEN,shot,,,,,,,,,,Renaldo Balkman,,,,missed,,reverse layup,25,6
Charlie Bell,Dan Gadzuric,Joe Alexander,Luke Ridnour,Malik Allen,Anthony Carter,J.R. Smith,Linas Kleiza,Nene Hilario,Renaldo Balkman,2,5:33,DEN,rebound,,,,,,,,,,J.R. Smith,,,,,,off,,
Charlie Bell,Dan Gadzuric,Joe Alexander,Luke Ridnour,Malik Allen,Anthony Carter,J.R. Smith,Linas Kleiza,Nene Hilario,Renaldo Balkman,2,5:30,DEN,shot,,,Joe Alexander,,,,,,,J.R. Smith,,,,missed,,jump,15,12
Charlie Bell,Dan Gadzuric,Joe Alexander,Luke Ridnour,Malik Allen,Anthony Carter,J.R. Smith,Linas Kleiza,Nene Hilario,Renaldo Balkman,2,5:27,MIL,rebound,,,,,,,,,,Charlie Bell,,,,,,def,,
Charlie Bell,Dan Gadzuric,Joe Alexander,Luke Ridnour,Malik Allen,Anthony Carter,J.R. Smith,Linas Kleiza,Nene Hilario,Renaldo Balkman,2,5:23,MIL,shot,,,,,,,,,,Charlie Bell,2,,,made,,driving layup,25,6
Charlie Bell,Dan Gadzuric,Joe Alexander,Luke Ridnour,Malik Allen,Anthony Carter,J.R. Smith,Linas Kleiza,Nene Hilario,Renaldo Balkman,2,5:19,DEN,foul,,,,,,,,Luke Ridnour,,Linas Kleiza,,,,,,offensive,,
Charlie Bell,Dan Gadzuric,Joe Alexander,Luke Ridnour,Malik Allen,Anthony Carter,J.R. Smith,Linas Kleiza,Nene Hilario,Renaldo Balkman,2,5:19,DEN,turnover,,,,,,,,,,Linas Kleiza,,,foul,,,,,
Charlie Bell,Dan Gadzuric,Joe Alexander,Luke Ridnour,Malik Allen,Anthony Carter,J.R. Smith,Linas Kleiza,Nene Hilario,Renaldo Balkman,2,4:59,MIL,shot,,,,,,,,,,Malik Allen,,,,missed,,jump,32,24
Charlie Bell,Dan Gadzuric,Joe Alexander,Luke Ridnour,Malik Allen,Anthony Carter,J.R. Smith,Linas Kleiza,Nene Hilario,Renaldo Balkman,2,4:58,DEN,rebound,,,,,,,,,,J.R. Smith,,,,,,def,,
Charlie Bell,Dan Gadzuric,Joe Alexander,Luke Ridnour,Malik Allen,Anthony Carter,J.R. Smith,Linas Kleiza,Nene Hilario,Renaldo Balkman,2,4:42,DEN,shot,,,,,,,,,,Linas Kleiza,,,,missed,,3pt,49,8
Charlie Bell,Dan Gadzuric,Joe Alexander,Luke Ridnour,Malik Allen,Anthony Carter,J.R. Smith,Linas Kleiza,Nene Hilario,Renaldo Balkman,2,4:40,MIL,rebound,,,,,,,,,,Luke Ridnour,,,,,,def,,
Charlie Bell,Dan Gadzuric,Joe Alexander,Luke Ridnour,Malik Allen,Anthony Carter,J.R. Smith,Linas Kleiza,Nene Hilario,Renaldo Balkman,2,4:26,MIL,shot,,,,,,,,,,Luke Ridnour,,,,missed,,jump,12,23
Charlie Bell,Dan Gadzuric,Joe Alexander,Luke Ridnour,Malik Allen,Anthony Carter,J.R. Smith,Linas Kleiza,Nene Hilario,Renaldo Balkman,2,4:25,DEN,rebound,,,,,,,,,,Anthony Carter,,,,,,def,,
Charlie Bell,Dan Gadzuric,Joe Alexander,Luke Ridnour,Malik Allen,Anthony Carter,J.R. Smith,Linas Kleiza,Nene Hilario,Renaldo Balkman,2,4:22,DEN,shot,Anthony Carter,,,,,,,,,Linas Kleiza,2,,,made,,finger roll layup,25,6
Charlie Bell,Dan Gadzuric,Joe Alexander,Luke Ridnour,Malik Allen,Anthony Carter,J.R. Smith,Linas Kleiza,Nene Hilario,Renaldo Balkman,2,4:07,MIL,shot,,,,,,,,,,Charlie Bell,2,,,made,,driving reverse layup,25,6
Charlie Bell,Dan Gadzuric,Joe Alexander,Luke Ridnour,Malik Allen,Anthony Carter,J.R. Smith,Linas Kleiza,Nene Hilario,Renaldo Balkman,2,3:43,DEN,shot,,,,,,,,,,Renaldo Balkman,,,,missed,,jump,28,26
Charlie Bell,Dan Gadzuric,Joe Alexander,Luke Ridnour,Malik Allen,Anthony Carter,J.R. Smith,Linas Kleiza,Nene Hilario,Renaldo Balkman,2,3:42,MIL,rebound,,,,,,,,,,Luke Ridnour,,,,,,def,,
Charlie Bell,Dan Gadzuric,Joe Alexander,Luke Ridnour,Malik Allen,Anthony Carter,J.R. Smith,Linas Kleiza,Nene Hilario,Renaldo Balkman,2,3:32,MIL,shot,Luke Ridnour,,,,,,,,,Joe Alexander,2,,,made,,jump,25,16
Charlie Bell,Dan Gadzuric,Joe Alexander,Luke Ridnour,Malik Allen,Anthony Carter,J.R. Smith,Linas Kleiza,Nene Hilario,Renaldo Balkman,2,3:08,DEN,turnover,,,,,,,,,,J.R. Smith,,,bad pass,,Dan Gadzuric,,,
Charlie Bell,Dan Gadzuric,Joe Alexander,Luke Ridnour,Malik Allen,Anthony Carter,J.R. Smith,Linas Kleiza,Nene Hilario,Renaldo Balkman,2,3:00,MIL,shot,,,,,,,,,,Joe Alexander,2,,,made,,jump,14,21
Charlie Bell,Dan Gadzuric,Joe Alexander,Luke Ridnour,Malik Allen,Anthony Carter,J.R. Smith,Linas Kleiza,Nene Hilario,Renaldo Balkman,2,2:53,DEN,timeout,,,,,,,,,,,,,,,,short,,
Charlie Bell,Dan Gadzuric,Joe Alexander,Luke Ridnour,Malik Allen,Anthony Carter,J.R. Smith,Linas Kleiza,Nene Hilario,Renaldo Balkman,2,2:53,MIL,timeout,,,,,,,,,,,,,,,,regular,,
Charlie Bell,Dan Gadzuric,Joe Alexander,Luke Ridnour,Malik Allen,Anthony Carter,J.R. Smith,Kenyon Martin,Linas Kleiza,Nene Hilario,2,2:53,DEN,sub,,,,Kenyon Martin,,Renaldo Balkman,,,,,,,,,,,,
Charlie Bell,Dan Gadzuric,Joe Alexander,Luke Ridnour,Malik Allen,Anthony Carter,Chauncey Billups,Kenyon Martin,Linas Kleiza,Nene Hilario,2,2:53,DEN,sub,,,,Chauncey Billups,,J.R. Smith,,,,,,,,,,,,
Charlie Bell,Dan Gadzuric,Joe Alexander,Luke Ridnour,Malik Allen,Chauncey Billups,Chucky Atkins,Kenyon Martin,Linas Kleiza,Nene Hilario,2,2:53,DEN,sub,,,,Chucky Atkins,,Anthony Carter,,,,,,,,,,,,
Charlie Bell,Dan Gadzuric,Joe Alexander,Luke Ridnour,Malik Allen,Carmelo Anthony,Chauncey Billups,Chucky Atkins,Kenyon Martin,Nene Hilario,2,2:53,DEN,sub,,,,Carmelo Anthony,,Linas Kleiza,,,,,,,,,,,,
Charlie Bell,Dan Gadzuric,Joe Alexander,Luke Ridnour,Malik Allen,Carmelo Anthony,Chauncey Billups,Chucky Atkins,Kenyon Martin,Nene Hilario,2,2:33,DEN,shot,Chucky Atkins,,,,,,,,,Chauncey Billups,3,,,made,,3pt,27,31
Charlie Bell,Dan Gadzuric,Joe Alexander,Luke Ridnour,Malik Allen,Carmelo Anthony,Chauncey Billups,Chucky Atkins,Kenyon Martin,Nene Hilario,2,2:19,DEN,foul,,,,,,,,Malik Allen,,Carmelo Anthony,,,,,,personal,,
Charlie Bell,Dan Gadzuric,Joe Alexander,Luke Ridnour,Malik Allen,Carmelo Anthony,Chauncey Billups,Chucky Atkins,Kenyon Martin,Nene Hilario,2,2:08,MIL,shot,Malik Allen,,,,,,,,,Charlie Bell,2,,,made,,layup,25,6
Charlie Bell,Dan Gadzuric,Joe Alexander,Luke Ridnour,Malik Allen,Carmelo Anthony,Chauncey Billups,Chucky Atkins,Kenyon Martin,Nene Hilario,2,1:52,DEN,shot,,,Joe Alexander,,,,,,,Carmelo Anthony,,,,missed,,jump,23,18
Charlie Bell,Dan Gadzuric,Joe Alexander,Luke Ridnour,Malik Allen,Carmelo Anthony,Chauncey Billups,Chucky Atkins,Kenyon Martin,Nene Hilario,2,1:52,DEN,rebound,,,,,,,,,,Carmelo Anthony,,,,,,off,,
Charlie Bell,Dan Gadzuric,Joe Alexander,Luke Ridnour,Malik Allen,Carmelo Anthony,Chauncey Billups,Chucky Atkins,Kenyon Martin,Nene Hilario,2,1:52,MIL,foul,,,,,,,,Carmelo Anthony,,Joe Alexander,,,,,,shooting,,
Charlie Bell,Dan Gadzuric,Joe Alexander,Luke Ridnour,Malik Allen,Carmelo Anthony,Chauncey Billups,Chucky Atkins,Kenyon Martin,Nene Hilario,2,1:52,DEN,free throw,,,,,,,1,,2,Carmelo Anthony,,,foul,made,,,,
Charlie Bell,Dan Gadzuric,Joe Alexander,Luke Ridnour,Malik Allen,Carmelo Anthony,Chauncey Billups,Chucky Atkins,Kenyon Martin,Nene Hilario,2,1:52,DEN,free throw,,,,,,,2,,2,Carmelo Anthony,,,foul,made,,,,
Charlie Bell,Dan Gadzuric,Joe Alexander,Luke Ridnour,Malik Allen,Carmelo Anthony,Chauncey Billups,Chucky Atkins,Kenyon Martin,Nene Hilario,2,1:33,MIL,shot,,,,,,,,,,Charlie Bell,,,,missed,,jump,7,11
Charlie Bell,Dan Gadzuric,Joe Alexander,Luke Ridnour,Malik Allen,Carmelo Anthony,Chauncey Billups,Chucky Atkins,Kenyon Martin,Nene Hilario,2,1:29,MIL,shot,Malik Allen,,,,,,,,,Charlie Bell,3,,,made,,3pt,3,18
Charlie Bell,Dan Gadzuric,Joe Alexander,Luke Ridnour,Malik Allen,Carmelo Anthony,Chauncey Billups,Chucky Atkins,Kenyon Martin,Nene Hilario,2,1:29,MIL,rebound,,,,,,,,,,Charlie Bell,,,,,,off,,
Charlie Bell,Dan Gadzuric,Joe Alexander,Luke Ridnour,Malik Allen,Carmelo Anthony,Chauncey Billups,Chucky Atkins,Kenyon Martin,Nene Hilario,2,1:25,DEN,shot,,,,,,,,,,Chucky Atkins,,,,missed,,3pt,49,15
Charlie Bell,Dan Gadzuric,Joe Alexander,Luke Ridnour,Malik Allen,Carmelo Anthony,Chauncey Billups,Chucky Atkins,Kenyon Martin,Nene Hilario,2,1:25,DEN,rebound,,,,,,,,,,,,,,,,,,
Charlie Bell,Dan Gadzuric,Joe Alexander,Luke Ridnour,Malik Allen,Carmelo Anthony,Chauncey Billups,Chucky Atkins,Kenyon Martin,Nene Hilario,2,1:19,DEN,shot,Kenyon Martin,,,,,,,,,Carmelo Anthony,2,,,made,,alley oop dunk,25,6
Charlie Bell,Dan Gadzuric,Joe Alexander,Luke Ridnour,Malik Allen,Carmelo Anthony,Chauncey Billups,Chucky Atkins,Kenyon Martin,Nene Hilario,2,1:01,DEN,foul,,,,,,,,Charlie Bell,,Kenyon Martin,,,,,,personal,,
Charlie Bell,Dan Gadzuric,Joe Alexander,Luke Ridnour,Malik Allen,Carmelo Anthony,Chauncey Billups,Chucky Atkins,Kenyon Martin,Nene Hilario,2,1:01,MIL,free throw,,,,,,,1,,2,Charlie Bell,,,foul,made,,,,
Charlie Bell,Dan Gadzuric,Joe Alexander,Luke Ridnour,Malik Allen,Carmelo Anthony,Chauncey Billups,Chucky Atkins,Kenyon Martin,Nene Hilario,2,1:01,MIL,free throw,,,,,,,2,,2,Charlie Bell,,,foul,made,,,,
Charlie Bell,Dan Gadzuric,Joe Alexander,Luke Ridnour,Malik Allen,Carmelo Anthony,Chauncey Billups,Chucky Atkins,Kenyon Martin,Nene Hilario,2,0:39,DEN,shot,Chucky Atkins,,,,,,,,,Kenyon Martin,2,,,made,,jump,6,6
Charlie Bell,Dan Gadzuric,Joe Alexander,Luke Ridnour,Malik Allen,Carmelo Anthony,Chauncey Billups,Chucky Atkins,Kenyon Martin,Nene Hilario,2,0:32,MIL,shot,Luke Ridnour,,,,,,,,,Charlie Bell,2,,,made,,jump,39,15
Charlie Bell,Dan Gadzuric,Joe Alexander,Luke Ridnour,Malik Allen,Carmelo Anthony,Chauncey Billups,Chucky Atkins,Kenyon Martin,Nene Hilario,2,0:26,DEN,turnover,,,,,,,,,,Nene Hilario,,,bad pass,,,,,
Charlie Bell,Dan Gadzuric,Joe Alexander,Luke Ridnour,Malik Allen,Carmelo Anthony,Chauncey Billups,Chucky Atkins,Kenyon Martin,Linas Kleiza,2,0:26,DEN,sub,,,,Linas Kleiza,,Nene Hilario,,,,,,,,,,,,
Charlie Bell,Dan Gadzuric,Joe Alexander,Luke Ridnour,Malik Allen,Carmelo Anthony,Chauncey Billups,Chucky Atkins,Kenyon Martin,Linas Kleiza,2,0:03,MIL,shot,,,,,,,,,,Luke Ridnour,,,,missed,,3pt,45,21
Charlie Bell,Dan Gadzuric,Joe Alexander,Luke Ridnour,Malik Allen,Carmelo Anthony,Chauncey Billups,Chucky Atkins,Kenyon Martin,Linas Kleiza,2,0:02,DEN,rebound,,,,,,,,,,Chauncey Billups,,,,,,def,,
Charlie Bell,Dan Gadzuric,Joe Alexander,Luke Ridnour,Malik Allen,Carmelo Anthony,Chauncey Billups,Chucky Atkins,Kenyon Martin,Linas Kleiza,2,0:00,DEN,shot,,,,,,,,,,Carmelo Anthony,,,,missed,,finger roll layup,25,6
Charlie Bell,Dan Gadzuric,Joe Alexander,Luke Ridnour,Malik Allen,Carmelo Anthony,Chauncey Billups,Chucky Atkins,Kenyon Martin,Linas Kleiza,2,0:00,DEN,rebound,,,,,,,,,,,,,,,,,,
Andrew Bogut,Charlie Bell,Luc Mbah a Moute,Luke Ridnour,Richard Jefferson,Carmelo Anthony,Chauncey Billups,Dahntay Jones,Kenyon Martin,Nene Hilario,3,11:49,MIL,foul,,,,,,,,Nene Hilario,,Andrew Bogut,,,,,,offensive,,
Andrew Bogut,Charlie Bell,Luc Mbah a Moute,Luke Ridnour,Richard Jefferson,Carmelo Anthony,Chauncey Billups,Dahntay Jones,Kenyon Martin,Nene Hilario,3,11:49,MIL,turnover,,,,,,,,,,Andrew Bogut,,,foul,,,,,
Andrew Bogut,Charlie Bell,Luc Mbah a Moute,Luke Ridnour,Richard Jefferson,Carmelo Anthony,Chauncey Billups,Dahntay Jones,Kenyon Martin,Nene Hilario,3,11:45,MIL,foul,,,,,,,,Dahntay Jones,,Charlie Bell,,,,,,personal,,
Andrew Bogut,Charlie Bell,Luc Mbah a Moute,Luke Ridnour,Richard Jefferson,Carmelo Anthony,Chauncey Billups,Dahntay Jones,Kenyon Martin,Nene Hilario,3,11:35,DEN,shot,,,,,,,,,,Chauncey Billups,2,,,made,,jump,7,17
Andrew Bogut,Charlie Bell,Luc Mbah a Moute,Luke Ridnour,Richard Jefferson,Carmelo Anthony,Chauncey Billups,Dahntay Jones,Kenyon Martin,Nene Hilario,3,11:22,MIL,shot,,,,,,,,,,Richard Jefferson,,,,missed,,jump,42,20
Andrew Bogut,Charlie Bell,Luc Mbah a Moute,Luke Ridnour,Richard Jefferson,Carmelo Anthony,Chauncey Billups,Dahntay Jones,Kenyon Martin,Nene Hilario,3,11:20,DEN,rebound,,,,,,,,,,Nene Hilario,,,,,,def,,
Andrew Bogut,Charlie Bell,Luc Mbah a Moute,Luke Ridnour,Richard Jefferson,Carmelo Anthony,Chauncey Billups,Dahntay Jones,Kenyon Martin,Nene Hilario,3,11:10,DEN,shot,,,,,,,,,,Carmelo Anthony,,,,missed,,turnaround jump,23,15
Andrew Bogut,Charlie Bell,Luc Mbah a Moute,Luke Ridnour,Richard Jefferson,Carmelo Anthony,Chauncey Billups,Dahntay Jones,Kenyon Martin,Nene Hilario,3,11:08,MIL,rebound,,,,,,,,,,Andrew Bogut,,,,,,def,,
Andrew Bogut,Charlie Bell,Luc Mbah a Moute,Luke Ridnour,Richard Jefferson,Carmelo Anthony,Chauncey Billups,Dahntay Jones,Kenyon Martin,Nene Hilario,3,10:49,MIL,shot,,,,,,,,,,Luc Mbah a Moute,2,,,made,,running hook,26,11
Andrew Bogut,Charlie Bell,Luc Mbah a Moute,Luke Ridnour,Richard Jefferson,Carmelo Anthony,Chauncey Billups,Dahntay Jones,Kenyon Martin,Nene Hilario,3,10:28,DEN,shot,,,,,,,,,,Dahntay Jones,2,,,made,,jump,39,16
Andrew Bogut,Charlie Bell,Luc Mbah a Moute,Luke Ridnour,Richard Jefferson,Carmelo Anthony,Chauncey Billups,Dahntay Jones,Kenyon Martin,Nene Hilario,3,10:12,MIL,shot,Luc Mbah a Moute,,,,,,,,,Andrew Bogut,2,,,made,,layup,25,6
Andrew Bogut,Charlie Bell,Luc Mbah a Moute,Luke Ridnour,Richard Jefferson,Carmelo Anthony,Chauncey Billups,Dahntay Jones,Kenyon Martin,Nene Hilario,3,9:54,DEN,shot,,,Andrew Bogut,,,,,,,Nene Hilario,,,,missed,,layup,,
Andrew Bogut,Charlie Bell,Luc Mbah a Moute,Luke Ridnour,Richard Jefferson,Carmelo Anthony,Chauncey Billups,Dahntay Jones,Kenyon Martin,Nene Hilario,3,9:53,DEN,rebound,,,,,,,,,,Carmelo Anthony,,,,,,off,,
Andrew Bogut,Charlie Bell,Luc Mbah a Moute,Luke Ridnour,Richard Jefferson,Carmelo Anthony,Chauncey Billups,Dahntay Jones,Kenyon Martin,Nene Hilario,3,9:52,DEN,shot,,,,,,,,,,Carmelo Anthony,2,,,made,,layup,25,6
Andrew Bogut,Charlie Bell,Luc Mbah a Moute,Luke Ridnour,Richard Jefferson,Carmelo Anthony,Chauncey Billups,Dahntay Jones,Kenyon Martin,Nene Hilario,3,9:33,MIL,shot,,,,,,,,,,Richard Jefferson,,,,missed,,jump,10,16
Andrew Bogut,Charlie Bell,Luc Mbah a Moute,Luke Ridnour,Richard Jefferson,Carmelo Anthony,Chauncey Billups,Dahntay Jones,Kenyon Martin,Nene Hilario,3,9:33,DEN,rebound,,,,,,,,,,,,,,,,,,
Andrew Bogut,Charlie Bell,Luc Mbah a Moute,Luke Ridnour,Richard Jefferson,Carmelo Anthony,Chauncey Billups,Dahntay Jones,Kenyon Martin,Nene Hilario,3,9:18,DEN,shot,,,,,,,,,,Kenyon Martin,,,,missed,,jump,30,26
Andrew Bogut,Charlie Bell,Luc Mbah a Moute,Luke Ridnour,Richard Jefferson,Carmelo Anthony,Chauncey Billups,Dahntay Jones,Kenyon Martin,Nene Hilario,3,9:16,MIL,rebound,,,,,,,,,,Richard Jefferson,,,,,,def,,
Andrew Bogut,Charlie Bell,Luc Mbah a Moute,Luke Ridnour,Richard Jefferson,Carmelo Anthony,Chauncey Billups,Dahntay Jones,Kenyon Martin,Nene Hilario,3,9:11,MIL,shot,,,Kenyon Martin,,,,,,,Charlie Bell,,,,missed,,driving layup,25,6
Andrew Bogut,Charlie Bell,Luc Mbah a Moute,Luke Ridnour,Richard Jefferson,Carmelo Anthony,Chauncey Billups,Dahntay Jones,Kenyon Martin,Nene Hilario,3,9:10,DEN,rebound,,,,,,,,,,Kenyon Martin,,,,,,def,,
Andrew Bogut,Charlie Bell,Luc Mbah a Moute,Luke Ridnour,Richard Jefferson,Carmelo Anthony,Chauncey Billups,Dahntay Jones,Kenyon Martin,Nene Hilario,3,8:55,DEN,shot,Chauncey Billups,,,,,,,,,Nene Hilario,2,,,made,,finger roll layup,,
Andrew Bogut,Charlie Bell,Luc Mbah a Moute,Luke Ridnour,Richard Jefferson,Carmelo Anthony,Chauncey Billups,Dahntay Jones,Kenyon Martin,Nene Hilario,3,8:45,MIL,shot,,,,,,,,,,Luke Ridnour,,,,missed,,jump,40,16
Andrew Bogut,Charlie Bell,Luc Mbah a Moute,Luke Ridnour,Richard Jefferson,Carmelo Anthony,Chauncey Billups,Dahntay Jones,Kenyon Martin,Nene Hilario,3,8:43,DEN,rebound,,,,,,,,,,Nene Hilario,,,,,,def,,
Andrew Bogut,Charlie Bell,Luc Mbah a Moute,Luke Ridnour,Richard Jefferson,Carmelo Anthony,Chauncey Billups,Dahntay Jones,Kenyon Martin,Nene Hilario,3,8:39,MIL,foul,,,,,,,,Dahntay Jones,,Luke Ridnour,,,,,,personal,,
Andrew Bogut,Charlie Bell,Luc Mbah a Moute,Luke Ridnour,Richard Jefferson,Carmelo Anthony,Chauncey Billups,Dahntay Jones,Kenyon Martin,Nene Hilario,3,8:27,DEN,shot,,,,,,,,,,Carmelo Anthony,,,,missed,,jump,44,18
Andrew Bogut,Charlie Bell,Luc Mbah a Moute,Luke Ridnour,Richard Jefferson,Carmelo Anthony,Chauncey Billups,Dahntay Jones,Kenyon Martin,Nene Hilario,3,8:26,MIL,rebound,,,,,,,,,,Andrew Bogut,,,,,,def,,
Andrew Bogut,Charlie Bell,Luc Mbah a Moute,Luke Ridnour,Richard Jefferson,Carmelo Anthony,Chauncey Billups,Dahntay Jones,Kenyon Martin,Nene Hilario,3,8:14,MIL,turnover,,,,,,,,,,Andrew Bogut,,,bad pass,,,,,
Andrew Bogut,Charlie Bell,Luc Mbah a Moute,Luke Ridnour,Richard Jefferson,Carmelo Anthony,Chauncey Billups,Dahntay Jones,Kenyon Martin,Nene Hilario,3,8:03,MIL,foul,,,,,,,,Nene Hilario,,Andrew Bogut,,,,,,personal,,
Andrew Bogut,Charlie Bell,Luc Mbah a Moute,Luke Ridnour,Richard Jefferson,Carmelo Anthony,Chauncey Billups,Dahntay Jones,Kenyon Martin,Nene Hilario,3,7:50,DEN,shot,Kenyon Martin,,,,,,,,,Nene Hilario,2,,,made,,turnaround jump,,
Andrew Bogut,Charlie Bell,Luc Mbah a Moute,Luke Ridnour,Richard Jefferson,Carmelo Anthony,Chauncey Billups,Dahntay Jones,Kenyon Martin,Nene Hilario,3,7:28,MIL,shot,Andrew Bogut,,,,,,,,,Luke Ridnour,3,,,made,,3pt,27,32
Andrew Bogut,Charlie Bell,Luc Mbah a Moute,Luke Ridnour,Richard Jefferson,Carmelo Anthony,Chauncey Billups,Dahntay Jones,Kenyon Martin,Nene Hilario,3,7:11,DEN,shot,,,,,,,,,,Kenyon Martin,2,,,made,,driving dunk,25,6
Andrew Bogut,Charlie Bell,Luc Mbah a Moute,Luke Ridnour,Richard Jefferson,Carmelo Anthony,Chauncey Billups,Dahntay Jones,Kenyon Martin,Nene Hilario,3,6:59,MIL,shot,Luke Ridnour,,,,,,,,,Richard Jefferson,2,,,made,,running jump,26,15
Andrew Bogut,Charlie Bell,Luc Mbah a Moute,Luke Ridnour,Richard Jefferson,Carmelo Anthony,Chauncey Billups,Dahntay Jones,Kenyon Martin,Nene Hilario,3,6:51,DEN,shot,,,Luke Ridnour,,,,,,,Chauncey Billups,,,,missed,,3pt,38,28
Andrew Bogut,Charlie Bell,Luc Mbah a Moute,Luke Ridnour,Richard Jefferson,Carmelo Anthony,Chauncey Billups,Dahntay Jones,Kenyon Martin,Nene Hilario,3,6:48,MIL,rebound,,,,,,,,,,Luc Mbah a Moute,,,,,,def,,
Andrew Bogut,Charlie Bell,Luc Mbah a Moute,Luke Ridnour,Richard Jefferson,Carmelo Anthony,Chauncey Billups,Dahntay Jones,Kenyon Martin,Nene Hilario,3,6:48,DEN,foul,,,,,,,,Luc Mbah a Moute,,Kenyon Martin,,,,,,shooting,,
Charlie Bell,Francisco Elson,Luc Mbah a Moute,Luke Ridnour,Richard Jefferson,Carmelo Anthony,Chauncey Billups,Dahntay Jones,Kenyon Martin,Nene Hilario,3,6:48,MIL,sub,,,,Francisco Elson,,Andrew Bogut,,,,,,,,,,,,
Francisco Elson,Luc Mbah a Moute,Luke Ridnour,Ramon Sessions,Richard Jefferson,Carmelo Anthony,Chauncey Billups,Dahntay Jones,Kenyon Martin,Nene Hilario,3,6:48,MIL,sub,,,,Ramon Sessions,,Charlie Bell,,,,,,,,,,,,
Francisco Elson,Luc Mbah a Moute,Luke Ridnour,Ramon Sessions,Richard Jefferson,Carmelo Anthony,Chauncey Billups,Dahntay Jones,Kenyon Martin,Nene Hilario,3,6:48,MIL,free throw,,,,,,,1,,2,Luc Mbah a Moute,,,foul,missed,,,,
Francisco Elson,Luc Mbah a Moute,Luke Ridnour,Ramon Sessions,Richard Jefferson,Carmelo Anthony,Chauncey Billups,Dahntay Jones,Kenyon Martin,Nene Hilario,3,6:48,MIL,rebound,,,,,,,,,,,,,,,,,,
Francisco Elson,Luc Mbah a Moute,Luke Ridnour,Ramon Sessions,Richard Jefferson,Carmelo Anthony,Chauncey Billups,Dahntay Jones,Kenyon Martin,Nene Hilario,3,6:48,MIL,free throw,,,,,,,2,,2,Luc Mbah a Moute,,,foul,made,,,,
Francisco Elson,Luc Mbah a Moute,Luke Ridnour,Ramon Sessions,Richard Jefferson,Carmelo Anthony,Chauncey Billups,Dahntay Jones,Kenyon Martin,Nene Hilario,3,6:30,DEN,shot,,,,,,,,,,Kenyon Martin,,,,missed,,jump bank,37,11
Francisco Elson,Luc Mbah a Moute,Luke Ridnour,Ramon Sessions,Richard Jefferson,Carmelo Anthony,Chauncey Billups,Dahntay Jones,Kenyon Martin,Nene Hilario,3,6:30,DEN,rebound,,,,,,,,,,Nene Hilario,,,,,,off,,
Francisco Elson,Luc Mbah a Moute,Luke Ridnour,Ramon Sessions,Richard Jefferson,Carmelo Anthony,Chauncey Billups,Dahntay Jones,Kenyon Martin,Nene Hilario,3,6:30,MIL,foul,,,,,,,,Nene Hilario,,Luc Mbah a Moute,,,,,,personal,,
Francisco Elson,Luc Mbah a Moute,Luke Ridnour,Ramon Sessions,Richard Jefferson,Carmelo Anthony,Chauncey Billups,Dahntay Jones,Kenyon Martin,Nene Hilario,3,6:19,MIL,foul,,,,,,,,Nene Hilario,,Luc Mbah a Moute,,,,,,shooting,,
Francisco Elson,Luc Mbah a Moute,Luke Ridnour,Ramon Sessions,Richard Jefferson,Carmelo Anthony,Chauncey Billups,Dahntay Jones,Kenyon Martin,Nene Hilario,3,6:19,DEN,free throw,,,,,,,1,,2,Nene Hilario,,,foul,missed,,,,
Francisco Elson,Luc Mbah a Moute,Luke Ridnour,Ramon Sessions,Richard Jefferson,Carmelo Anthony,Chauncey Billups,Dahntay Jones,Kenyon Martin,Nene Hilario,3,6:19,DEN,rebound,,,,,,,,,,,,,,,,,,
Francisco Elson,Luc Mbah a Moute,Luke Ridnour,Ramon Sessions,Richard Jefferson,Carmelo Anthony,Chauncey Billups,Dahntay Jones,Kenyon Martin,Nene Hilario,3,6:19,DEN,free throw,,,,,,,2,,2,Nene Hilario,,,foul,made,,,,
Francisco Elson,Luc Mbah a Moute,Luke Ridnour,Ramon Sessions,Richard Jefferson,Carmelo Anthony,Chauncey Billups,Dahntay Jones,Kenyon Martin,Nene Hilario,3,6:11,MIL,shot,,,,,,,,,,Richard Jefferson,2,,,made,,driving layup,25,6
Francisco Elson,Luc Mbah a Moute,Luke Ridnour,Ramon Sessions,Richard Jefferson,Carmelo Anthony,Chauncey Billups,Dahntay Jones,Kenyon Martin,Nene Hilario,3,5:54,DEN,shot,Chauncey Billups,,,,,,,,,Nene Hilario,2,,,made,,jump,,
Francisco Elson,Luc Mbah a Moute,Luke Ridnour,Ramon Sessions,Richard Jefferson,Carmelo Anthony,Chauncey Billups,Dahntay Jones,Kenyon Martin,Nene Hilario,3,5:34,MIL,shot,Ramon Sessions,,,,,,,,,Luc Mbah a Moute,2,,,made,,jump,25,18
Francisco Elson,Luc Mbah a Moute,Luke Ridnour,Ramon Sessions,Richard Jefferson,Carmelo Anthony,Chauncey Billups,Dahntay Jones,Kenyon Martin,Nene Hilario,3,5:17,DEN,turnover,,,,,,,,,,Carmelo Anthony,,,bad pass,,,,,
Francisco Elson,Luc Mbah a Moute,Luke Ridnour,Ramon Sessions,Richard Jefferson,Carmelo Anthony,Chauncey Billups,Dahntay Jones,Kenyon Martin,Nene Hilario,3,5:17,DEN,timeout,,,,,,,,,,,,,,,,regular,,
Francisco Elson,Luc Mbah a Moute,Luke Ridnour,Ramon Sessions,Richard Jefferson,Carmelo Anthony,Chauncey Billups,Dahntay Jones,Kenyon Martin,Linas Kleiza,3,5:17,DEN,sub,,,,Linas Kleiza,,Nene Hilario,,,,,,,,,,,,
Francisco Elson,Luc Mbah a Moute,Luke Ridnour,Ramon Sessions,Richard Jefferson,Carmelo Anthony,Chauncey Billups,Dahntay Jones,Kenyon Martin,Linas Kleiza,3,5:08,DEN,foul,,,,,,,,Richard Jefferson,,Dahntay Jones,,,,,,personal,,
Francisco Elson,Luc Mbah a Moute,Luke Ridnour,Ramon Sessions,Richard Jefferson,Carmelo Anthony,Chauncey Billups,Dahntay Jones,Kenyon Martin,Linas Kleiza,3,4:53,MIL,turnover,,,,,,,,,,Luc Mbah a Moute,,,bad pass,,Kenyon Martin,,,
Francisco Elson,Luc Mbah a Moute,Luke Ridnour,Ramon Sessions,Richard Jefferson,Carmelo Anthony,Chauncey Billups,Dahntay Jones,Kenyon Martin,Linas Kleiza,3,4:32,DEN,shot,,,,,,,,,,Carmelo Anthony,,,,missed,,jump,18,22
Francisco Elson,Luc Mbah a Moute,Luke Ridnour,Ramon Sessions,Richard Jefferson,Carmelo Anthony,Chauncey Billups,Dahntay Jones,Kenyon Martin,Linas Kleiza,3,4:31,MIL,rebound,,,,,,,,,,Ramon Sessions,,,,,,def,,
Francisco Elson,Luc Mbah a Moute,Luke Ridnour,Ramon Sessions,Richard Jefferson,Carmelo Anthony,Chauncey Billups,Dahntay Jones,Kenyon Martin,Linas Kleiza,3,4:22,MIL,shot,,,,,,,,,,Ramon Sessions,2,,,made,,driving layup,25,6
Francisco Elson,Luc Mbah a Moute,Luke Ridnour,Ramon Sessions,Richard Jefferson,Carmelo Anthony,Chauncey Billups,Dahntay Jones,Kenyon Martin,Linas Kleiza,3,4:05,DEN,turnover,,,,,,,,,,Kenyon Martin,,,lost ball,,Luc Mbah a Moute,,,
Francisco Elson,Luc Mbah a Moute,Luke Ridnour,Ramon Sessions,Richard Jefferson,Carmelo Anthony,Chauncey Billups,Dahntay Jones,Kenyon Martin,Linas Kleiza,3,3:51,MIL,shot,,,,,,,,,,Richard Jefferson,,,,missed,,3pt,18,30
Francisco Elson,Luc Mbah a Moute,Luke Ridnour,Ramon Sessions,Richard Jefferson,Carmelo Anthony,Chauncey Billups,Dahntay Jones,Kenyon Martin,Linas Kleiza,3,3:49,DEN,rebound,,,,,,,,,,Kenyon Martin,,,,,,def,,
Francisco Elson,Luc Mbah a Moute,Luke Ridnour,Ramon Sessions,Richard Jefferson,Carmelo Anthony,Chauncey Billups,Dahntay Jones,Kenyon Martin,Linas Kleiza,3,3:46,DEN,turnover,,,,,,,,,,Linas Kleiza,,,out of bounds lost ball turnover,,,,,
Francisco Elson,Luc Mbah a Moute,Luke Ridnour,Ramon Sessions,Richard Jefferson,Carmelo Anthony,Chauncey Billups,J.R. Smith,Kenyon Martin,Linas Kleiza,3,3:46,DEN,sub,,,,J.R. Smith,,Dahntay Jones,,,,,,,,,,,,
Francisco Elson,Luc Mbah a Moute,Luke Ridnour,Ramon Sessions,Richard Jefferson,Carmelo Anthony,Chauncey Billups,J.R. Smith,Kenyon Martin,Linas Kleiza,3,3:21,MIL,shot,,,,,,,,,,Francisco Elson,,,,missed,,jump,41,14
Francisco Elson,Luc Mbah a Moute,Luke Ridnour,Ramon Sessions,Richard Jefferson,Carmelo Anthony,Chauncey Billups,J.R. Smith,Kenyon Martin,Linas Kleiza,3,3:19,DEN,rebound,,,,,,,,,,Carmelo Anthony,,,,,,def,,
Francisco Elson,Luc Mbah a Moute,Luke Ridnour,Ramon Sessions,Richard Jefferson,Carmelo Anthony,Chauncey Billups,J.R. Smith,Kenyon Martin,Linas Kleiza,3,3:08,DEN,shot,,,,,,,,,,Chauncey Billups,2,,,made,,jump,12,18
Francisco Elson,Luc Mbah a Moute,Luke Ridnour,Ramon Sessions,Richard Jefferson,Carmelo Anthony,Chauncey Billups,J.R. Smith,Kenyon Martin,Linas Kleiza,3,2:57,MIL,turnover,,,,,,,,,,Richard Jefferson,,,lost ball,,Chauncey Billups,,,
Francisco Elson,Luc Mbah a Moute,Luke Ridnour,Ramon Sessions,Richard Jefferson,Carmelo Anthony,Chauncey Billups,J.R. Smith,Kenyon Martin,Linas Kleiza,3,2:53,DEN,shot,,,Francisco Elson,,,,,,,Carmelo Anthony,,,,missed,,layup,25,6
Francisco Elson,Luc Mbah a Moute,Luke Ridnour,Ramon Sessions,Richard Jefferson,Carmelo Anthony,Chauncey Billups,J.R. Smith,Kenyon Martin,Linas Kleiza,3,2:53,DEN,rebound,,,,,,,,,,Linas Kleiza,,,,,,off,,
Francisco Elson,Luc Mbah a Moute,Luke Ridnour,Ramon Sessions,Richard Jefferson,Carmelo Anthony,Chauncey Billups,J.R. Smith,Kenyon Martin,Linas Kleiza,3,2:53,MIL,foul,,,,,,,,Linas Kleiza,,Luc Mbah a Moute,,,,,,shooting,,
Francisco Elson,Luc Mbah a Moute,Luke Ridnour,Ramon Sessions,Richard Jefferson,Carmelo Anthony,Chauncey Billups,J.R. Smith,Kenyon Martin,Linas Kleiza,3,2:53,MIL,timeout,,,,,,,,,,,,,,,,regular,,
Francisco Elson,Luc Mbah a Moute,Luke Ridnour,Ramon Sessions,Richard Jefferson,Chauncey Billups,J.R. Smith,Kenyon Martin,Linas Kleiza,Renaldo Balkman,3,2:53,DEN,sub,,,,Renaldo Balkman,,Carmelo Anthony,,,,,,,,,,,,
Francisco Elson,Joe Alexander,Luke Ridnour,Ramon Sessions,Richard Jefferson,Chauncey Billups,J.R. Smith,Kenyon Martin,Linas Kleiza,Renaldo Balkman,3,2:53,MIL,sub,,,,Joe Alexander,,Luc Mbah a Moute,,,,,,,,,,,,
Francisco Elson,Joe Alexander,Luke Ridnour,Ramon Sessions,Richard Jefferson,Chauncey Billups,J.R. Smith,Kenyon Martin,Linas Kleiza,Renaldo Balkman,3,2:53,DEN,free throw,,,,,,,1,,2,Linas Kleiza,,,foul,made,,,,
Francisco Elson,Joe Alexander,Luke Ridnour,Ramon Sessions,Richard Jefferson,Chauncey Billups,J.R. Smith,Kenyon Martin,Linas Kleiza,Renaldo Balkman,3,2:53,DEN,free throw,,,,,,,2,,2,Linas Kleiza,,,foul,made,,,,
Francisco Elson,Joe Alexander,Luke Ridnour,Ramon Sessions,Richard Jefferson,Chauncey Billups,J.R. Smith,Kenyon Martin,Linas Kleiza,Renaldo Balkman,3,2:46,MIL,foul,,,,,,,,J.R. Smith,,Francisco Elson,,,,,,offensive,,
Francisco Elson,Joe Alexander,Luke Ridnour,Ramon Sessions,Richard Jefferson,Chauncey Billups,J.R. Smith,Kenyon Martin,Linas Kleiza,Renaldo Balkman,3,2:46,MIL,turnover,,,,,,,,,,Francisco Elson,,,foul,,,,,
Charlie Bell,Francisco Elson,Joe Alexander,Ramon Sessions,Richard Jefferson,Chauncey Billups,J.R. Smith,Kenyon Martin,Linas Kleiza,Renaldo Balkman,3,2:46,MIL,sub,,,,Charlie Bell,,Luke Ridnour,,,,,,,,,,,,
Charlie Bell,Francisco Elson,Joe Alexander,Ramon Sessions,Richard Jefferson,Chauncey Billups,J.R. Smith,Kenyon Martin,Linas Kleiza,Renaldo Balkman,3,2:32,DEN,shot,,,,,,,,,,J.R. Smith,,,,missed,,3pt,45,20
Charlie Bell,Francisco Elson,Joe Alexander,Ramon Sessions,Richard Jefferson,Chauncey Billups,J.R. Smith,Kenyon Martin,Linas Kleiza,Renaldo Balkman,3,2:30,MIL,rebound,,,,,,,,,,Ramon Sessions,,,,,,def,,
Charlie Bell,Francisco Elson,Joe Alexander,Ramon Sessions,Richard Jefferson,Chauncey Billups,J.R. Smith,Kenyon Martin,Linas Kleiza,Renaldo Balkman,3,2:24,MIL,shot,Ramon Sessions,,,,,,,,,Richard Jefferson,2,,,made,,jump,15,22
Charlie Bell,Francisco Elson,Joe Alexander,Ramon Sessions,Richard Jefferson,Chauncey Billups,J.R. Smith,Kenyon Martin,Linas Kleiza,Renaldo Balkman,3,2:20,MIL,foul,,,,,,,,Linas Kleiza,,Joe Alexander,,,,,,shooting,,
Charlie Bell,Francisco Elson,Joe Alexander,Ramon Sessions,Richard Jefferson,Chauncey Billups,J.R. Smith,Kenyon Martin,Linas Kleiza,Renaldo Balkman,3,2:20,DEN,free throw,,,,,,,1,,2,Linas Kleiza,,,foul,made,,,,
Charlie Bell,Francisco Elson,Joe Alexander,Ramon Sessions,Richard Jefferson,Chauncey Billups,J.R. Smith,Kenyon Martin,Linas Kleiza,Renaldo Balkman,3,2:20,DEN,free throw,,,,,,,2,,2,Linas Kleiza,,,foul,made,,,,
Charlie Bell,Francisco Elson,Joe Alexander,Ramon Sessions,Richard Jefferson,Chauncey Billups,J.R. Smith,Kenyon Martin,Linas Kleiza,Renaldo Balkman,3,2:05,DEN,foul,,,,,,,,Francisco Elson,,Renaldo Balkman,,,,,,personal,,
Charlie Bell,Francisco Elson,Joe Alexander,Ramon Sessions,Richard Jefferson,Chauncey Billups,J.R. Smith,Kenyon Martin,Linas Kleiza,Renaldo Balkman,3,2:00,DEN,foul,,,,,,,,Francisco Elson,,Kenyon Martin,,,,,,personal,,
Charlie Bell,Francisco Elson,Joe Alexander,Ramon Sessions,Richard Jefferson,Chauncey Billups,J.R. Smith,Kenyon Martin,Linas Kleiza,Renaldo Balkman,3,1:50,MIL,shot,,,,,,,,,,Richard Jefferson,,,,missed,,jump,38,16
Charlie Bell,Francisco Elson,Joe Alexander,Ramon Sessions,Richard Jefferson,Chauncey Billups,J.R. Smith,Kenyon Martin,Linas Kleiza,Renaldo Balkman,3,1:48,DEN,rebound,,,,,,,,,,Kenyon Martin,,,,,,def,,
Charlie Bell,Francisco Elson,Joe Alexander,Ramon Sessions,Richard Jefferson,Chauncey Billups,J.R. Smith,Kenyon Martin,Linas Kleiza,Renaldo Balkman,3,1:42,DEN,shot,,,,,,,,,,Chauncey Billups,,,,missed,,driving finger roll layup,25,6
Charlie Bell,Francisco Elson,Joe Alexander,Ramon Sessions,Richard Jefferson,Chauncey Billups,J.R. Smith,Kenyon Martin,Linas Kleiza,Renaldo Balkman,3,1:40,MIL,rebound,,,,,,,,,,Francisco Elson,,,,,,def,,
Charlie Bell,Francisco Elson,Joe Alexander,Ramon Sessions,Richard Jefferson,Chauncey Billups,J.R. Smith,Kenyon Martin,Linas Kleiza,Renaldo Balkman,3,1:31,MIL,shot,,,,,,,,,,Ramon Sessions,2,,,made,,driving layup,25,6
Charlie Bell,Francisco Elson,Joe Alexander,Ramon Sessions,Richard Jefferson,Chauncey Billups,J.R. Smith,Kenyon Martin,Linas Kleiza,Renaldo Balkman,3,1:15,MIL,foul,,,,,,,,Linas Kleiza,,Richard Jefferson,,,,,,personal,,
Charlie Bell,Francisco Elson,Joe Alexander,Ramon Sessions,Richard Jefferson,Chauncey Billups,J.R. Smith,Kenyon Martin,Linas Kleiza,Renaldo Balkman,3,1:15,DEN,free throw,,,,,,,1,,2,Linas Kleiza,,,foul,made,,,,
Charlie Bell,Francisco Elson,Joe Alexander,Ramon Sessions,Richard Jefferson,Chauncey Billups,J.R. Smith,Kenyon Martin,Linas Kleiza,Renaldo Balkman,3,1:15,DEN,free throw,,,,,,,2,,2,Linas Kleiza,,,foul,made,,,,
Charlie Bell,Francisco Elson,Joe Alexander,Ramon Sessions,Richard Jefferson,Chauncey Billups,J.R. Smith,Kenyon Martin,Linas Kleiza,Renaldo Balkman,3,1:00,DEN,foul,,,,,,,,Richard Jefferson,,Renaldo Balkman,,,,,,shooting,,
Charlie Bell,Francisco Elson,Joe Alexander,Ramon Sessions,Richard Jefferson,Chauncey Billups,J.R. Smith,Kenyon Martin,Linas Kleiza,Renaldo Balkman,3,1:00,MIL,free throw,,,,,,,1,,2,Richard Jefferson,,,foul,made,,,,
Charlie Bell,Francisco Elson,Joe Alexander,Ramon Sessions,Richard Jefferson,Anthony Carter,Chauncey Billups,J.R. Smith,Linas Kleiza,Renaldo Balkman,3,1:00,DEN,sub,,,,Anthony Carter,,Kenyon Martin,,,,,,,,,,,,
Charlie Bell,Francisco Elson,Joe Alexander,Ramon Sessions,Richard Jefferson,Anthony Carter,Chauncey Billups,J.R. Smith,Linas Kleiza,Renaldo Balkman,3,1:00,MIL,free throw,,,,,,,2,,2,Richard Jefferson,,,foul,made,,,,
Charlie Bell,Francisco Elson,Joe Alexander,Ramon Sessions,Richard Jefferson,Anthony Carter,Chauncey Billups,J.R. Smith,Linas Kleiza,Renaldo Balkman,3,0:39,DEN,shot,,,,,,,,,,Chauncey Billups,,,,missed,,3pt,39,27
Charlie Bell,Francisco Elson,Joe Alexander,Ramon Sessions,Richard Jefferson,Anthony Carter,Chauncey Billups,J.R. Smith,Linas Kleiza,Renaldo Balkman,3,0:39,DEN,rebound,,,,,,,,,,,,,,,,,,
Charlie Bell,Francisco Elson,Joe Alexander,Ramon Sessions,Richard Jefferson,Anthony Carter,Chauncey Billups,J.R. Smith,Linas Kleiza,Renaldo Balkman,3,0:39,MIL,foul,,,,,,,,Renaldo Balkman,,Joe Alexander,,,,,,loose ball,,
Charlie Bell,Francisco Elson,Joe Alexander,Ramon Sessions,Richard Jefferson,Anthony Carter,Chauncey Billups,J.R. Smith,Linas Kleiza,Renaldo Balkman,3,0:39,DEN,free throw,,,,,,,1,,2,Renaldo Balkman,,,foul,made,,,,
Charlie Bell,Francisco Elson,Joe Alexander,Ramon Sessions,Richard Jefferson,Anthony Carter,Chauncey Billups,J.R. Smith,Linas Kleiza,Renaldo Balkman,3,0:39,DEN,free throw,,,,,,,2,,2,Renaldo Balkman,,,foul,made,,,,
Charlie Bell,Francisco Elson,Joe Alexander,Ramon Sessions,Richard Jefferson,Anthony Carter,Chauncey Billups,J.R. Smith,Linas Kleiza,Renaldo Balkman,3,0:33,DEN,foul,,,,,,,,Ramon Sessions,,J.R. Smith,,,,,,shooting,,
Charlie Bell,Francisco Elson,Joe Alexander,Ramon Sessions,Richard Jefferson,Anthony Carter,Chauncey Billups,J.R. Smith,Linas Kleiza,Renaldo Balkman,3,0:33,MIL,free throw,,,,,,,1,,2,Ramon Sessions,,,foul,missed,,,,
Charlie Bell,Francisco Elson,Joe Alexander,Ramon Sessions,Richard Jefferson,Anthony Carter,Chauncey Billups,J.R. Smith,Linas Kleiza,Renaldo Balkman,3,0:33,MIL,rebound,,,,,,,,,,,,,,,,,,
Charlie Bell,Francisco Elson,Joe Alexander,Ramon Sessions,Richard Jefferson,Anthony Carter,Chauncey Billups,J.R. Smith,Linas Kleiza,Renaldo Balkman,3,0:33,MIL,free throw,,,,,,,2,,2,Ramon Sessions,,,foul,made,,,,
Charlie Bell,Francisco Elson,Joe Alexander,Ramon Sessions,Richard Jefferson,Anthony Carter,Chauncey Billups,J.R. Smith,Linas Kleiza,Renaldo Balkman,3,0:14,DEN,shot,Chauncey Billups,,,,,,,,,Anthony Carter,2,,,made,,jump,8,9
Charlie Bell,Francisco Elson,Joe Alexander,Ramon Sessions,Richard Jefferson,Anthony Carter,Chauncey Billups,J.R. Smith,Linas Kleiza,Renaldo Balkman,3,0:00,MIL,shot,,,,,,,,,,Ramon Sessions,,,,missed,,3pt,18,31
Charlie Bell,Francisco Elson,Joe Alexander,Ramon Sessions,Richard Jefferson,Anthony Carter,Chauncey Billups,J.R. Smith,Linas Kleiza,Renaldo Balkman,3,0:00,MIL,rebound,,,,,,,,,,,,,,,,,,
Austin Croshere,Charlie Bell,Joe Alexander,Ramon Sessions,Richard Jefferson,Anthony Carter,Dahntay Jones,J.R. Smith,Linas Kleiza,Renaldo Balkman,4,11:45,DEN,shot,J.R. Smith,,,,,,,,,Dahntay Jones,2,,,made,,jump,6,9
Austin Croshere,Charlie Bell,Joe Alexander,Ramon Sessions,Richard Jefferson,Anthony Carter,Dahntay Jones,J.R. Smith,Linas Kleiza,Renaldo Balkman,4,11:36,MIL,shot,Richard Jefferson,,,,,,,,,Charlie Bell,3,,,made,,3pt,48,12
Austin Croshere,Charlie Bell,Joe Alexander,Ramon Sessions,Richard Jefferson,Anthony Carter,Dahntay Jones,J.R. Smith,Linas Kleiza,Renaldo Balkman,4,11:30,DEN,shot,,,,,,,,,,Dahntay Jones,2,,,made,,driving layup,25,6
Austin Croshere,Charlie Bell,Joe Alexander,Ramon Sessions,Richard Jefferson,Anthony Carter,Dahntay Jones,J.R. Smith,Linas Kleiza,Renaldo Balkman,4,11:04,MIL,shot,,,,,,,,,,Joe Alexander,,,,missed,,turnaround jump,41,17
Austin Croshere,Charlie Bell,Joe Alexander,Ramon Sessions,Richard Jefferson,Anthony Carter,Dahntay Jones,J.R. Smith,Linas Kleiza,Renaldo Balkman,4,11:04,DEN,rebound,,,,,,,,,,,,,,,,,,
Austin Croshere,Charlie Bell,Joe Alexander,Ramon Sessions,Richard Jefferson,Anthony Carter,Dahntay Jones,J.R. Smith,Linas Kleiza,Renaldo Balkman,4,10:50,DEN,turnover,,,,,,,,,,Anthony Carter,,,lost ball,,Ramon Sessions,,,
Austin Croshere,Charlie Bell,Joe Alexander,Ramon Sessions,Richard Jefferson,Anthony Carter,Dahntay Jones,J.R. Smith,Linas Kleiza,Renaldo Balkman,4,10:43,MIL,shot,Ramon Sessions,,,,,,,,,Charlie Bell,2,,,made,,turnaround jump,24,12
Austin Croshere,Charlie Bell,Joe Alexander,Ramon Sessions,Richard Jefferson,Anthony Carter,Dahntay Jones,J.R. Smith,Linas Kleiza,Renaldo Balkman,4,10:28,DEN,shot,,,,,,,,,,Linas Kleiza,,,,missed,,3pt,34,30
Austin Croshere,Charlie Bell,Joe Alexander,Ramon Sessions,Richard Jefferson,Anthony Carter,Dahntay Jones,J.R. Smith,Linas Kleiza,Renaldo Balkman,4,10:26,DEN,rebound,,,,,,,,,,Renaldo Balkman,,,,,,off,,
Austin Croshere,Charlie Bell,Joe Alexander,Ramon Sessions,Richard Jefferson,Anthony Carter,Dahntay Jones,J.R. Smith,Linas Kleiza,Renaldo Balkman,4,10:25,DEN,foul,,,,,,,,Richard Jefferson,,Renaldo Balkman,,,,,,offensive,,
Austin Croshere,Charlie Bell,Joe Alexander,Ramon Sessions,Richard Jefferson,Anthony Carter,Dahntay Jones,J.R. Smith,Linas Kleiza,Renaldo Balkman,4,10:25,DEN,turnover,,,,,,,,,,Renaldo Balkman,,,foul,,,,,
Austin Croshere,Charlie Bell,Joe Alexander,Ramon Sessions,Richard Jefferson,Anthony Carter,Dahntay Jones,J.R. Smith,Linas Kleiza,Renaldo Balkman,4,10:08,MIL,shot,,,,,,,,,,Charlie Bell,,,,missed,,3pt,7,25
Austin Croshere,Charlie Bell,Joe Alexander,Ramon Sessions,Richard Jefferson,Anthony Carter,Dahntay Jones,J.R. Smith,Linas Kleiza,Renaldo Balkman,4,10:07,MIL,rebound,,,,,,,,,,Austin Croshere,,,,,,off,,
Austin Croshere,Charlie Bell,Joe Alexander,Ramon Sessions,Richard Jefferson,Anthony Carter,Dahntay Jones,J.R. Smith,Linas Kleiza,Renaldo Balkman,4,10:05,MIL,shot,,,Renaldo Balkman,,,,,,,Austin Croshere,,,,missed,,layup,25,6
Austin Croshere,Charlie Bell,Joe Alexander,Ramon Sessions,Richard Jefferson,Anthony Carter,Dahntay Jones,J.R. Smith,Linas Kleiza,Renaldo Balkman,4,10:04,DEN,rebound,,,,,,,,,,Dahntay Jones,,,,,,def,,
Austin Croshere,Charlie Bell,Joe Alexander,Ramon Sessions,Richard Jefferson,Anthony Carter,Dahntay Jones,J.R. Smith,Linas Kleiza,Renaldo Balkman,4,10:04,MIL,foul,,,,,,,,Linas Kleiza,,Charlie Bell,,,,,,shooting,,
Austin Croshere,Charlie Bell,Joe Alexander,Ramon Sessions,Richard Jefferson,Anthony Carter,Dahntay Jones,J.R. Smith,Linas Kleiza,Renaldo Balkman,4,10:04,DEN,free throw,,,,,,,1,,2,Linas Kleiza,,,foul,made,,,,
Austin Croshere,Charlie Bell,Joe Alexander,Ramon Sessions,Richard Jefferson,Anthony Carter,Chucky Atkins,Dahntay Jones,J.R. Smith,Linas Kleiza,4,10:04,DEN,sub,,,,Chucky Atkins,,Renaldo Balkman,,,,,,,,,,,,
Austin Croshere,Charlie Bell,Joe Alexander,Ramon Sessions,Richard Jefferson,Anthony Carter,Chucky Atkins,Dahntay Jones,J.R. Smith,Linas Kleiza,4,10:04,DEN,free throw,,,,,,,2,,2,Linas Kleiza,,,foul,made,,,,
Austin Croshere,Charlie Bell,Joe Alexander,Ramon Sessions,Richard Jefferson,Anthony Carter,Chucky Atkins,Dahntay Jones,J.R. Smith,Linas Kleiza,4,9:48,MIL,shot,Richard Jefferson,,,,,,,,,Charlie Bell,3,,,made,,3pt,6,22
Austin Croshere,Charlie Bell,Joe Alexander,Ramon Sessions,Richard Jefferson,Anthony Carter,Chucky Atkins,Dahntay Jones,J.R. Smith,Linas Kleiza,4,9:30,DEN,turnover,,,,,,,,,,J.R. Smith,,,bad pass,,Joe Alexander,,,
Austin Croshere,Charlie Bell,Joe Alexander,Ramon Sessions,Richard Jefferson,Anthony Carter,Chucky Atkins,Dahntay Jones,J.R. Smith,Linas Kleiza,4,9:19,MIL,shot,,,,,,,,,,Joe Alexander,,,,missed,,running jump,33,14
Austin Croshere,Charlie Bell,Joe Alexander,Ramon Sessions,Richard Jefferson,Anthony Carter,Chucky Atkins,Dahntay Jones,J.R. Smith,Linas Kleiza,4,9:16,DEN,rebound,,,,,,,,,,Dahntay Jones,,,,,,def,,
Austin Croshere,Charlie Bell,Joe Alexander,Ramon Sessions,Richard Jefferson,Anthony Carter,Chucky Atkins,Dahntay Jones,J.R. Smith,Linas Kleiza,4,9:10,DEN,shot,,,,,,,,,,Dahntay Jones,2,,,made,,running jump,19,11
Austin Croshere,Charlie Bell,Joe Alexander,Ramon Sessions,Richard Jefferson,Anthony Carter,Chucky Atkins,Dahntay Jones,J.R. Smith,Linas Kleiza,4,8:51,MIL,shot,,,,,,,,,,Richard Jefferson,,,,missed,,layup,25,6
Austin Croshere,Charlie Bell,Joe Alexander,Ramon Sessions,Richard Jefferson,Anthony Carter,Chucky Atkins,Dahntay Jones,J.R. Smith,Linas Kleiza,4,8:49,MIL,shot,,,,,,,,,,Austin Croshere,2,,,made,,tip,25,6
Austin Croshere,Charlie Bell,Joe Alexander,Ramon Sessions,Richard Jefferson,Anthony Carter,Chucky Atkins,Dahntay Jones,J.R. Smith,Linas Kleiza,4,8:49,MIL,rebound,,,,,,,,,,Austin Croshere,,,,,,off,,
Austin Croshere,Charlie Bell,Joe Alexander,Ramon Sessions,Richard Jefferson,Anthony Carter,Chucky Atkins,Dahntay Jones,J.R. Smith,Linas Kleiza,4,8:31,MIL,foul,,,,,,,,Dahntay Jones,,Charlie Bell,,,,,,shooting,,
Austin Croshere,Charlie Bell,Joe Alexander,Ramon Sessions,Richard Jefferson,Anthony Carter,Chucky Atkins,Dahntay Jones,J.R. Smith,Linas Kleiza,4,8:31,OFF,timeout,,,,,,,,,,,,,,,,official,,
Austin Croshere,Charlie Bell,Joe Alexander,Ramon Sessions,Richard Jefferson,Anthony Carter,Chucky Atkins,Dahntay Jones,J.R. Smith,Linas Kleiza,4,8:31,DEN,free throw,,,,,,,1,,2,Dahntay Jones,,,foul,made,,,,
Austin Croshere,Charlie Bell,Joe Alexander,Ramon Sessions,Richard Jefferson,Anthony Carter,Chucky Atkins,Dahntay Jones,J.R. Smith,Linas Kleiza,4,8:31,DEN,free throw,,,,,,,2,,2,Dahntay Jones,,,foul,missed,,,,
Austin Croshere,Charlie Bell,Joe Alexander,Ramon Sessions,Richard Jefferson,Anthony Carter,Chucky Atkins,Dahntay Jones,J.R. Smith,Linas Kleiza,4,8:29,MIL,rebound,,,,,,,,,,Joe Alexander,,,,,,def,,
Austin Croshere,Charlie Bell,Joe Alexander,Ramon Sessions,Richard Jefferson,Anthony Carter,Chucky Atkins,Dahntay Jones,J.R. Smith,Linas Kleiza,4,8:08,MIL,shot,,,,,,,,,,Joe Alexander,,,,missed,,driving finger roll layup,25,6
Austin Croshere,Charlie Bell,Joe Alexander,Ramon Sessions,Richard Jefferson,Anthony Carter,Chucky Atkins,Dahntay Jones,J.R. Smith,Linas Kleiza,4,8:06,MIL,rebound,,,,,,,,,,Austin Croshere,,,,,,off,,
Austin Croshere,Charlie Bell,Joe Alexander,Ramon Sessions,Richard Jefferson,Anthony Carter,Chucky Atkins,Dahntay Jones,J.R. Smith,Linas Kleiza,4,8:05,DEN,foul,,,,,,,,Austin Croshere,,J.R. Smith,,,,,,shooting,,
Austin Croshere,Charlie Bell,Joe Alexander,Ramon Sessions,Richard Jefferson,Anthony Carter,Chucky Atkins,Dahntay Jones,J.R. Smith,Linas Kleiza,4,8:05,MIL,free throw,,,,,,,1,,2,Austin Croshere,,,foul,made,,,,
Austin Croshere,Charlie Bell,Joe Alexander,Ramon Sessions,Richard Jefferson,Anthony Carter,Chucky Atkins,Dahntay Jones,J.R. Smith,Linas Kleiza,4,8:05,MIL,free throw,,,,,,,2,,2,Austin Croshere,,,foul,made,,,,
Austin Croshere,Charlie Bell,Joe Alexander,Ramon Sessions,Richard Jefferson,Anthony Carter,Chucky Atkins,Dahntay Jones,J.R. Smith,Linas Kleiza,4,7:47,DEN,shot,,,,,,,,,,Anthony Carter,,,,missed,,running jump,35,7
Austin Croshere,Charlie Bell,Joe Alexander,Ramon Sessions,Richard Jefferson,Anthony Carter,Chucky Atkins,Dahntay Jones,J.R. Smith,Linas Kleiza,4,7:45,MIL,rebound,,,,,,,,,,Richard Jefferson,,,,,,def,,
Austin Croshere,Charlie Bell,Joe Alexander,Ramon Sessions,Richard Jefferson,Anthony Carter,Chucky Atkins,Dahntay Jones,J.R. Smith,Linas Kleiza,4,7:40,MIL,turnover,,,,,,,,,,Charlie Bell,,,out of bounds lost ball turnover,,,,,
Austin Croshere,Charlie Bell,Joe Alexander,Ramon Sessions,Richard Jefferson,Anthony Carter,Chucky Atkins,Dahntay Jones,J.R. Smith,Linas Kleiza,4,7:22,DEN,shot,Chucky Atkins,,,,,,,,,Dahntay Jones,2,,,made,,jump,39,14
Austin Croshere,Charlie Bell,Joe Alexander,Ramon Sessions,Richard Jefferson,Anthony Carter,Chucky Atkins,Dahntay Jones,J.R. Smith,Linas Kleiza,4,7:07,DEN,foul,,,,,,,,Austin Croshere,,Chucky Atkins,,,,,,personal,,
Austin Croshere,Charlie Bell,Joe Alexander,Ramon Sessions,Richard Jefferson,Anthony Carter,Chucky Atkins,Dahntay Jones,J.R. Smith,Linas Kleiza,4,7:07,MIL,free throw,,,,,,,1,,2,Austin Croshere,,,foul,made,,,,
Austin Croshere,Charlie Bell,Joe Alexander,Ramon Sessions,Richard Jefferson,Anthony Carter,Chucky Atkins,Dahntay Jones,J.R. Smith,Linas Kleiza,4,7:07,MIL,free throw,,,,,,,2,,2,Austin Croshere,,,foul,made,,,,
Austin Croshere,Charlie Bell,Joe Alexander,Ramon Sessions,Richard Jefferson,Anthony Carter,Chucky Atkins,Dahntay Jones,J.R. Smith,Linas Kleiza,4,6:50,DEN,shot,,,,,,,,,,J.R. Smith,,,,missed,,running jump,28,11
Austin Croshere,Charlie Bell,Joe Alexander,Ramon Sessions,Richard Jefferson,Anthony Carter,Chucky Atkins,Dahntay Jones,J.R. Smith,Linas Kleiza,4,6:49,MIL,rebound,,,,,,,,,,Richard Jefferson,,,,,,def,,
Austin Croshere,Charlie Bell,Joe Alexander,Ramon Sessions,Richard Jefferson,Anthony Carter,Chucky Atkins,Dahntay Jones,J.R. Smith,Linas Kleiza,4,6:38,DEN,foul,,,,,,,,Ramon Sessions,,Linas Kleiza,,,,,,personal,,
Austin Croshere,Charlie Bell,Joe Alexander,Ramon Sessions,Richard Jefferson,Anthony Carter,Chucky Atkins,Dahntay Jones,J.R. Smith,Linas Kleiza,4,6:38,MIL,free throw,,,,,,,1,,2,Ramon Sessions,,,foul,made,,,,
Austin Croshere,Charlie Bell,Joe Alexander,Ramon Sessions,Richard Jefferson,Anthony Carter,Chucky Atkins,Dahntay Jones,J.R. Smith,Linas Kleiza,4,6:38,MIL,free throw,,,,,,,2,,2,Ramon Sessions,,,foul,missed,,,,
Austin Croshere,Charlie Bell,Joe Alexander,Ramon Sessions,Richard Jefferson,Anthony Carter,Chucky Atkins,Dahntay Jones,J.R. Smith,Linas Kleiza,4,6:36,DEN,rebound,,,,,,,,,,J.R. Smith,,,,,,def,,
Austin Croshere,Charlie Bell,Joe Alexander,Ramon Sessions,Richard Jefferson,Anthony Carter,Chucky Atkins,Dahntay Jones,J.R. Smith,Linas Kleiza,4,6:18,MIL,foul,,,,,,,,Dahntay Jones,,Richard Jefferson,,,,,,personal,,
Austin Croshere,Charlie Bell,Joe Alexander,Ramon Sessions,Richard Jefferson,Anthony Carter,Chucky Atkins,Dahntay Jones,J.R. Smith,Linas Kleiza,4,6:18,DEN,free throw,,,,,,,1,,2,Dahntay Jones,,,foul,made,,,,
Austin Croshere,Charlie Bell,Joe Alexander,Ramon Sessions,Richard Jefferson,Anthony Carter,Chucky Atkins,Dahntay Jones,J.R. Smith,Linas Kleiza,4,6:18,DEN,free throw,,,,,,,2,,2,Dahntay Jones,,,foul,made,,,,
Austin Croshere,Charlie Bell,Joe Alexander,Ramon Sessions,Richard Jefferson,Anthony Carter,Chucky Atkins,Dahntay Jones,J.R. Smith,Linas Kleiza,4,6:04,MIL,shot,,,,,,,,,,Austin Croshere,,,,missed,,running jump,15,12
Austin Croshere,Charlie Bell,Joe Alexander,Ramon Sessions,Richard Jefferson,Anthony Carter,Chucky Atkins,Dahntay Jones,J.R. Smith,Linas Kleiza,4,6:03,MIL,rebound,,,,,,,,,,Ramon Sessions,,,,,,off,,
Austin Croshere,Charlie Bell,Joe Alexander,Ramon Sessions,Richard Jefferson,Anthony Carter,Chucky Atkins,Dahntay Jones,J.R. Smith,Linas Kleiza,4,6:03,DEN,foul,,,,,,,,Ramon Sessions,,J.R. Smith,,,,,,shooting,,
Austin Croshere,Charlie Bell,Joe Alexander,Ramon Sessions,Richard Jefferson,Anthony Carter,Chucky Atkins,Dahntay Jones,J.R. Smith,Linas Kleiza,4,6:03,MIL,free throw,,,,,,,1,,2,Ramon Sessions,,,foul,made,,,,
Austin Croshere,Joe Alexander,Ramon Sessions,Richard Jefferson,Tyronn Lue,Anthony Carter,Chucky Atkins,Dahntay Jones,J.R. Smith,Linas Kleiza,4,6:03,MIL,sub,,,,Tyronn Lue,,Charlie Bell,,,,,,,,,,,,
Austin Croshere,Joe Alexander,Malik Allen,Ramon Sessions,Tyronn Lue,Anthony Carter,Chucky Atkins,Dahntay Jones,J.R. Smith,Linas Kleiza,4,6:03,MIL,sub,,,,Malik Allen,,Richard Jefferson,,,,,,,,,,,,
Austin Croshere,Joe Alexander,Malik Allen,Ramon Sessions,Tyronn Lue,Anthony Carter,Chucky Atkins,Dahntay Jones,J.R. Smith,Linas Kleiza,4,6:03,MIL,free throw,,,,,,,2,,2,Ramon Sessions,,,foul,missed,,,,
Austin Croshere,Joe Alexander,Malik Allen,Ramon Sessions,Tyronn Lue,Anthony Carter,Chucky Atkins,Dahntay Jones,J.R. Smith,Linas Kleiza,4,6:02,MIL,rebound,,,,,,,,,,,,,,,,,,
Austin Croshere,Joe Alexander,Malik Allen,Ramon Sessions,Tyronn Lue,Anthony Carter,Chucky Atkins,Dahntay Jones,J.R. Smith,Linas Kleiza,4,5:57,MIL,turnover,,,,,,,,,,Malik Allen,,,lost ball,,Anthony Carter,,,
Austin Croshere,Joe Alexander,Malik Allen,Ramon Sessions,Tyronn Lue,Anthony Carter,Chucky Atkins,Dahntay Jones,J.R. Smith,Linas Kleiza,4,5:55,MIL,foul,,,,,,,,Linas Kleiza,,Joe Alexander,,,,,,shooting,,
Austin Croshere,Joe Alexander,Malik Allen,Ramon Sessions,Tyronn Lue,Anthony Carter,Chucky Atkins,Dahntay Jones,J.R. Smith,Linas Kleiza,4,5:55,DEN,timeout,,,,,,,,,,,,,,,,regular,,
Austin Croshere,Joe Alexander,Malik Allen,Ramon Sessions,Tyronn Lue,Anthony Carter,Chucky Atkins,Dahntay Jones,J.R. Smith,Linas Kleiza,4,5:55,DEN,free throw,,,,,,,1,,2,Linas Kleiza,,,foul,missed,,,,
Austin Croshere,Joe Alexander,Malik Allen,Ramon Sessions,Tyronn Lue,Anthony Carter,Chucky Atkins,Dahntay Jones,J.R. Smith,Linas Kleiza,4,5:55,DEN,rebound,,,,,,,,,,,,,,,,,,
Austin Croshere,Joe Alexander,Malik Allen,Ramon Sessions,Tyronn Lue,Anthony Carter,Chucky Atkins,Dahntay Jones,J.R. Smith,Linas Kleiza,4,5:55,DEN,free throw,,,,,,,2,,2,Linas Kleiza,,,foul,made,,,,
Austin Croshere,Joe Alexander,Malik Allen,Ramon Sessions,Tyronn Lue,Anthony Carter,Chucky Atkins,Dahntay Jones,J.R. Smith,Linas Kleiza,4,5:42,MIL,shot,Austin Croshere,,,,,,,,,Joe Alexander,3,,,made,,3pt,49,7
Austin Croshere,Joe Alexander,Malik Allen,Ramon Sessions,Tyronn Lue,Anthony Carter,Chucky Atkins,Dahntay Jones,J.R. Smith,Linas Kleiza,4,5:21,DEN,shot,,,,,,,,,,Chucky Atkins,,,,missed,,jump,46,8
Austin Croshere,Joe Alexander,Malik Allen,Ramon Sessions,Tyronn Lue,Anthony Carter,Chucky Atkins,Dahntay Jones,J.R. Smith,Linas Kleiza,4,5:20,MIL,rebound,,,,,,,,,,Austin Croshere,,,,,,def,,
Austin Croshere,Joe Alexander,Malik Allen,Ramon Sessions,Tyronn Lue,Anthony Carter,Chucky Atkins,Dahntay Jones,J.R. Smith,Linas Kleiza,4,5:05,MIL,shot,,,,,,,,,,Malik Allen,,,,missed,,turnaround jump,42,8
Austin Croshere,Joe Alexander,Malik Allen,Ramon Sessions,Tyronn Lue,Anthony Carter,Chucky Atkins,Dahntay Jones,J.R. Smith,Linas Kleiza,4,5:02,DEN,rebound,,,,,,,,,,Dahntay Jones,,,,,,def,,
Austin Croshere,Joe Alexander,Malik Allen,Ramon Sessions,Tyronn Lue,Anthony Carter,Chucky Atkins,Dahntay Jones,J.R. Smith,Linas Kleiza,4,4:56,DEN,shot,Chucky Atkins,,,,,,,,,J.R. Smith,3,,,made,,3pt,2,11
Austin Croshere,Joe Alexander,Malik Allen,Ramon Sessions,Tyronn Lue,Anthony Carter,Chucky Atkins,Dahntay Jones,J.R. Smith,Linas Kleiza,4,4:33,MIL,shot,,,,,,,,,,Tyronn Lue,2,,,made,,jump,17,22
Austin Croshere,Joe Alexander,Malik Allen,Ramon Sessions,Tyronn Lue,Anthony Carter,Chucky Atkins,Dahntay Jones,J.R. Smith,Linas Kleiza,4,4:18,DEN,shot,,,,,,,,,,Chucky Atkins,,,,missed,,3pt,46,20
Austin Croshere,Joe Alexander,Malik Allen,Ramon Sessions,Tyronn Lue,Anthony Carter,Chucky Atkins,Dahntay Jones,J.R. Smith,Linas Kleiza,4,4:17,MIL,rebound,,,,,,,,,,Ramon Sessions,,,,,,def,,
Austin Croshere,Joe Alexander,Malik Allen,Ramon Sessions,Tyronn Lue,Anthony Carter,Cheikh Samb,Chucky Atkins,Dahntay Jones,Linas Kleiza,4,4:14,DEN,sub,,,,Cheikh Samb,,J.R. Smith,,,,,,,,,,,,
Austin Croshere,Joe Alexander,Malik Allen,Ramon Sessions,Tyronn Lue,Anthony Carter,Cheikh Samb,Chucky Atkins,Dahntay Jones,Linas Kleiza,4,4:14,MIL,timeout,,,,,,,,,,,,,,,,regular,,
Austin Croshere,Joe Alexander,Malik Allen,Ramon Sessions,Tyronn Lue,Anthony Carter,Cheikh Samb,Chucky Atkins,Dahntay Jones,Linas Kleiza,4,4:11,MIL,shot,Austin Croshere,,,,,,,,,Joe Alexander,3,,,made,,3pt,10,25
Austin Croshere,Joe Alexander,Malik Allen,Ramon Sessions,Tyronn Lue,Anthony Carter,Cheikh Samb,Chucky Atkins,Dahntay Jones,Linas Kleiza,4,4:00,MIL,foul,,,,,,,,Chucky Atkins,,Ramon Sessions,,,,,,personal,,
Austin Croshere,Joe Alexander,Malik Allen,Ramon Sessions,Tyronn Lue,Anthony Carter,Cheikh Samb,Chucky Atkins,Dahntay Jones,Linas Kleiza,4,4:00,DEN,free throw,,,,,,,1,,2,Chucky Atkins,,,foul,made,,,,
Austin Croshere,Joe Alexander,Malik Allen,Ramon Sessions,Tyronn Lue,Anthony Carter,Cheikh Samb,Chucky Atkins,Dahntay Jones,Linas Kleiza,4,4:00,DEN,free throw,,,,,,,2,,2,Chucky Atkins,,,foul,made,,,,
Austin Croshere,Joe Alexander,Malik Allen,Ramon Sessions,Tyronn Lue,Anthony Carter,Cheikh Samb,Chucky Atkins,Dahntay Jones,Linas Kleiza,4,3:46,MIL,shot,Ramon Sessions,,,,,,,,,Austin Croshere,3,,,made,,3pt,35,29
Austin Croshere,Joe Alexander,Malik Allen,Ramon Sessions,Tyronn Lue,Anthony Carter,Cheikh Samb,Chucky Atkins,Dahntay Jones,Linas Kleiza,4,3:30,MIL,foul,,,,,,,,Dahntay Jones,,Malik Allen,,,,,,shooting,,
Austin Croshere,Joe Alexander,Malik Allen,Ramon Sessions,Tyronn Lue,Anthony Carter,Cheikh Samb,Dahntay Jones,J.R. Smith,Linas Kleiza,4,3:30,DEN,sub,,,,J.R. Smith,,Chucky Atkins,,,,,,,,,,,,
Austin Croshere,Joe Alexander,Malik Allen,Ramon Sessions,Tyronn Lue,Anthony Carter,Cheikh Samb,Dahntay Jones,J.R. Smith,Linas Kleiza,4,3:30,DEN,free throw,,,,,,,1,,2,Dahntay Jones,,,foul,made,,,,
Austin Croshere,Joe Alexander,Malik Allen,Ramon Sessions,Tyronn Lue,Anthony Carter,Cheikh Samb,Dahntay Jones,J.R. Smith,Linas Kleiza,4,3:30,DEN,free throw,,,,,,,2,,2,Dahntay Jones,,,foul,missed,,,,
Austin Croshere,Joe Alexander,Malik Allen,Ramon Sessions,Tyronn Lue,Anthony Carter,Cheikh Samb,Dahntay Jones,J.R. Smith,Linas Kleiza,4,3:27,MIL,rebound,,,,,,,,,,,,,,,,,,
Austin Croshere,Joe Alexander,Malik Allen,Ramon Sessions,Tyronn Lue,Anthony Carter,Cheikh Samb,Dahntay Jones,J.R. Smith,Linas Kleiza,4,3:18,MIL,turnover,,,,,,,,,,Joe Alexander,,,kicked ball violation,,,,,
Austin Croshere,Joe Alexander,Malik Allen,Ramon Sessions,Tyronn Lue,Anthony Carter,Cheikh Samb,Dahntay Jones,J.R. Smith,Linas Kleiza,4,2:55,DEN,shot,,,,,,,,,,Dahntay Jones,,,,missed,,jump,16,10
Austin Croshere,Joe Alexander,Malik Allen,Ramon Sessions,Tyronn Lue,Anthony Carter,Cheikh Samb,Dahntay Jones,J.R. Smith,Linas Kleiza,4,2:54,MIL,rebound,,,,,,,,,,Austin Croshere,,,,,,def,,
Austin Croshere,Joe Alexander,Malik Allen,Ramon Sessions,Tyronn Lue,Anthony Carter,Cheikh Samb,Dahntay Jones,J.R. Smith,Linas Kleiza,4,2:44,MIL,shot,,,Cheikh Samb,,,,,,,Austin Croshere,,,,missed,,layup,25,6
Austin Croshere,Joe Alexander,Malik Allen,Ramon Sessions,Tyronn Lue,Anthony Carter,Cheikh Samb,Dahntay Jones,J.R. Smith,Linas Kleiza,4,2:44,MIL,rebound,,,,,,,,,,,,,,,,,,
Austin Croshere,Joe Alexander,Malik Allen,Ramon Sessions,Tyronn Lue,Anthony Carter,Cheikh Samb,Dahntay Jones,J.R. Smith,Linas Kleiza,4,2:40,MIL,shot,,,,,,,,,,Tyronn Lue,,,,missed,,jump,43,6
Austin Croshere,Joe Alexander,Malik Allen,Ramon Sessions,Tyronn Lue,Anthony Carter,Cheikh Samb,Dahntay Jones,J.R. Smith,Linas Kleiza,4,2:39,DEN,rebound,,,,,,,,,,Dahntay Jones,,,,,,def,,
Austin Croshere,Joe Alexander,Malik Allen,Ramon Sessions,Tyronn Lue,Anthony Carter,Cheikh Samb,Dahntay Jones,J.R. Smith,Linas Kleiza,4,2:30,DEN,shot,,,,,,,,,,J.R. Smith,,,,missed,,3pt,42,26
Austin Croshere,Joe Alexander,Malik Allen,Ramon Sessions,Tyronn Lue,Anthony Carter,Cheikh Samb,Dahntay Jones,J.R. Smith,Linas Kleiza,4,2:29,MIL,rebound,,,,,,,,,,Ramon Sessions,,,,,,def,,
Austin Croshere,Joe Alexander,Malik Allen,Ramon Sessions,Tyronn Lue,Anthony Carter,Cheikh Samb,Dahntay Jones,J.R. Smith,Linas Kleiza,4,2:20,MIL,shot,,,,,,,,,,Joe Alexander,,,,missed,,3pt,48,6
Austin Croshere,Joe Alexander,Malik Allen,Ramon Sessions,Tyronn Lue,Anthony Carter,Cheikh Samb,Dahntay Jones,J.R. Smith,Linas Kleiza,4,2:19,DEN,rebound,,,,,,,,,,Cheikh Samb,,,,,,def,,
Austin Croshere,Joe Alexander,Malik Allen,Ramon Sessions,Tyronn Lue,Anthony Carter,Cheikh Samb,Dahntay Jones,J.R. Smith,Linas Kleiza,4,2:19,DEN,turnover,,,,,,,,,,Cheikh Samb,,,traveling,,,,,
Austin Croshere,Joe Alexander,Malik Allen,Ramon Sessions,Tyronn Lue,Anthony Carter,Cheikh Samb,Dahntay Jones,J.R. Smith,Linas Kleiza,4,2:19,MIL,timeout,,,,,,,,,,,,,,,,short,,
Austin Croshere,Joe Alexander,Malik Allen,Ramon Sessions,Tyronn Lue,Anthony Carter,Cheikh Samb,Dahntay Jones,J.R. Smith,Linas Kleiza,4,2:11,MIL,shot,,,,,,,,,,Austin Croshere,2,,,made,,jump,8,12
Austin Croshere,Joe Alexander,Malik Allen,Ramon Sessions,Tyronn Lue,Anthony Carter,Cheikh Samb,Dahntay Jones,J.R. Smith,Linas Kleiza,4,1:51,DEN,foul,,,,,,,,Ramon Sessions,,J.R. Smith,,,,,,offensive,,
Austin Croshere,Joe Alexander,Malik Allen,Ramon Sessions,Tyronn Lue,Anthony Carter,Cheikh Samb,Dahntay Jones,J.R. Smith,Linas Kleiza,4,1:51,DEN,turnover,,,,,,,,,,J.R. Smith,,,foul,,,,,
Austin Croshere,Joe Alexander,Malik Allen,Ramon Sessions,Tyronn Lue,Anthony Carter,Cheikh Samb,Dahntay Jones,J.R. Smith,Linas Kleiza,4,1:40,MIL,shot,,,,,,,,,,Ramon Sessions,,,,missed,,driving layup,25,6
Austin Croshere,Joe Alexander,Malik Allen,Ramon Sessions,Tyronn Lue,Anthony Carter,Cheikh Samb,Dahntay Jones,J.R. Smith,Linas Kleiza,4,1:37,DEN,rebound,,,,,,,,,,Linas Kleiza,,,,,,def,,
Austin Croshere,Joe Alexander,Malik Allen,Ramon Sessions,Tyronn Lue,Anthony Carter,Cheikh Samb,Dahntay Jones,J.R. Smith,Linas Kleiza,4,1:17,DEN,shot,,,,,,,,,,J.R. Smith,,,,missed,,jump bank,3,9
Austin Croshere,Joe Alexander,Malik Allen,Ramon Sessions,Tyronn Lue,Anthony Carter,Cheikh Samb,Dahntay Jones,J.R. Smith,Linas Kleiza,4,1:14,MIL,rebound,,,,,,,,,,Malik Allen,,,,,,def,,
Austin Croshere,Joe Alexander,Malik Allen,Ramon Sessions,Tyronn Lue,Anthony Carter,Cheikh Samb,Dahntay Jones,J.R. Smith,Linas Kleiza,4,1:09,MIL,shot,,,,,,,,,,Joe Alexander,,,,missed,,3pt,15,28
Austin Croshere,Joe Alexander,Malik Allen,Ramon Sessions,Tyronn Lue,Anthony Carter,Cheikh Samb,Dahntay Jones,J.R. Smith,Linas Kleiza,4,1:09,DEN,rebound,,,,,,,,,,,,,,,,,,
Austin Croshere,Joe Alexander,Malik Allen,Ramon Sessions,Tyronn Lue,Anthony Carter,Cheikh Samb,Dahntay Jones,J.R. Smith,Linas Kleiza,4,0:53,DEN,shot,Anthony Carter,,,,,,,,,Linas Kleiza,3,,,made,,3pt,8,23
Austin Croshere,Joe Alexander,Malik Allen,Ramon Sessions,Tyronn Lue,Anthony Carter,Cheikh Samb,Dahntay Jones,J.R. Smith,Linas Kleiza,4,0:43,MIL,turnover,,,,,,,,,,Tyronn Lue,,,traveling,,,,,
Austin Croshere,Joe Alexander,Malik Allen,Ramon Sessions,Tyronn Lue,Anthony Carter,Cheikh Samb,Dahntay Jones,J.R. Smith,Linas Kleiza,4,0:21,DEN,shot,,,,,,,,,,Dahntay Jones,,,,missed,,driving layup,25,6
Austin Croshere,Joe Alexander,Malik Allen,Ramon Sessions,Tyronn Lue,Anthony Carter,Cheikh Samb,Dahntay Jones,J.R. Smith,Linas Kleiza,4,0:20,MIL,rebound,,,,,,,,,,Malik Allen,,,,,,def,,
Austin Croshere,Joe Alexander,Malik Allen,Ramon Sessions,Tyronn Lue,Anthony Carter,Cheikh Samb,Dahntay Jones,J.R. Smith,Linas Kleiza,4,0:14,MIL,shot,Ramon Sessions,,,,,,,,,Austin Croshere,3,,,made,,3pt,50,9
