a1,a2,a3,a4,a5,h1,h2,h3,h4,h5,period,time,team,etype,assist,away,block,entered,home,left,num,opponent,outof,player,points,possession,reason,result,steal,type,x,y
Chris Duhon,David Lee,Jared Jeffries,Quentin Richardson,Wilson Chandler,Boris Diaw,Emeka Okafor,Gerald Wallace,Matt Carroll,Raymond Felton,1,12:00,OFF,jump ball,,Jared Jeffries,,,Emeka Okafor,,,,,,,Quentin Richardson,,,,,,
Chris Duhon,David Lee,Jared Jeffries,Quentin Richardson,Wilson Chandler,Boris Diaw,Emeka Okafor,Gerald Wallace,Matt Carroll,Raymond Felton,1,11:47,NYK,turnover,,,,,,,,,,Wilson Chandler,,,traveling,,,,,
Chris Duhon,David Lee,Jared Jeffries,Quentin Richardson,Wilson Chandler,Boris Diaw,Emeka Okafor,Gerald Wallace,Matt Carroll,Raymond Felton,1,11:27,CHA,turnover,,,,,,,,,,Emeka Okafor,,,bad pass,,Jared Jeffries,,,
Chris Duhon,David Lee,Jared Jeffries,Quentin Richardson,Wilson Chandler,Boris Diaw,Emeka Okafor,Gerald Wallace,Matt Carroll,Raymond Felton,1,11:27,CHA,foul,,,,,,,,Wilson Chandler,,Matt Carroll,,,,,,shooting,,
Chris Duhon,David Lee,Jared Jeffries,Quentin Richardson,Wilson Chandler,Boris Diaw,Emeka Okafor,Gerald Wallace,Matt Carroll,Raymond Felton,1,11:27,NYK,free throw,,,,,,,1,,2,Wilson Chandler,,,foul,made,,,,
Chris Duhon,David Lee,Jared Jeffries,Quentin Richardson,Wilson Chandler,Boris Diaw,Emeka Okafor,Gerald Wallace,Matt Carroll,Raymond Felton,1,11:27,NYK,free throw,,,,,,,2,,2,Wilson Chandler,,,foul,made,,,,
Chris Duhon,David Lee,Jared Jeffries,Quentin Richardson,Wilson Chandler,Boris Diaw,Emeka Okafor,Gerald Wallace,Matt Carroll,Raymond Felton,1,11:13,CHA,shot,Boris Diaw,,,,,,,,,Raymond Felton,2,,,made,,jump,13,20
Chris Duhon,David Lee,Jared Jeffries,Quentin Richardson,Wilson Chandler,Boris Diaw,Emeka Okafor,Gerald Wallace,Matt Carroll,Raymond Felton,1,11:05,NYK,shot,Chris Duhon,,,,,,,,,Wilson Chandler,2,,,made,,jump,6,8
Chris Duhon,David Lee,Jared Jeffries,Quentin Richardson,Wilson Chandler,Boris Diaw,Emeka Okafor,Gerald Wallace,Matt Carroll,Raymond Felton,1,10:51,CHA,shot,,,,,,,,,,Matt Carroll,,,,missed,,layup,25,6
Chris Duhon,David Lee,Jared Jeffries,Quentin Richardson,Wilson Chandler,Boris Diaw,Emeka Okafor,Gerald Wallace,Matt Carroll,Raymond Felton,1,10:50,NYK,rebound,,,,,,,,,,David Lee,,,,,,def,,
Chris Duhon,David Lee,Jared Jeffries,Quentin Richardson,Wilson Chandler,Boris Diaw,Emeka Okafor,Gerald Wallace,Matt Carroll,Raymond Felton,1,10:43,NYK,shot,,,,,,,,,,Quentin Richardson,,,,missed,,3pt,11,28
Chris Duhon,David Lee,Jared Jeffries,Quentin Richardson,Wilson Chandler,Boris Diaw,Emeka Okafor,Gerald Wallace,Matt Carroll,Raymond Felton,1,10:41,NYK,rebound,,,,,,,,,,Jared Jeffries,,,,,,off,,
Chris Duhon,David Lee,Jared Jeffries,Quentin Richardson,Wilson Chandler,Boris Diaw,Emeka Okafor,Gerald Wallace,Matt Carroll,Raymond Felton,1,10:40,CHA,foul,,,,,,,,Jared Jeffries,,Matt Carroll,,,,,,personal,,
Chris Duhon,David Lee,Jared Jeffries,Quentin Richardson,Wilson Chandler,Boris Diaw,Emeka Okafor,Gerald Wallace,Matt Carroll,Raymond Felton,1,10:32,NYK,shot,Chris Duhon,,,,,,,,,Jared Jeffries,2,,,made,,jump,17,23
Chris Duhon,David Lee,Jared Jeffries,Quentin Richardson,Wilson Chandler,Boris Diaw,Emeka Okafor,Gerald Wallace,Matt Carroll,Raymond Felton,1,10:16,CHA,shot,,,,,,,,,,Raymond Felton,,,,missed,,3pt,36,30
Chris Duhon,David Lee,Jared Jeffries,Quentin Richardson,Wilson Chandler,Boris Diaw,Emeka Okafor,Gerald Wallace,Matt Carroll,Raymond Felton,1,10:14,NYK,rebound,,,,,,,,,,Quentin Richardson,,,,,,def,,
Chris Duhon,David Lee,Jared Jeffries,Quentin Richardson,Wilson Chandler,Boris Diaw,Emeka Okafor,Gerald Wallace,Matt Carroll,Raymond Felton,1,10:04,NYK,shot,Quentin Richardson,,,,,,,,,David Lee,2,,,made,,layup,25,6
Chris Duhon,David Lee,Jared Jeffries,Quentin Richardson,Wilson Chandler,Boris Diaw,Emeka Okafor,Gerald Wallace,Matt Carroll,Raymond Felton,1,9:48,NYK,foul,,,,,,,,Gerald Wallace,,Jared Jeffries,,,,,,shooting,,
Chris Duhon,David Lee,Jared Jeffries,Quentin Richardson,Wilson Chandler,Boris Diaw,Emeka Okafor,Gerald Wallace,Matt Carroll,Raymond Felton,1,9:48,CHA,free throw,,,,,,,1,,2,Gerald Wallace,,,foul,made,,,,
Chris Duhon,David Lee,Jared Jeffries,Quentin Richardson,Wilson Chandler,Boris Diaw,Emeka Okafor,Gerald Wallace,Matt Carroll,Raymond Felton,1,9:48,CHA,free throw,,,,,,,2,,2,Gerald Wallace,,,foul,made,,,,
Chris Duhon,David Lee,Jared Jeffries,Quentin Richardson,Wilson Chandler,Boris Diaw,Emeka Okafor,Gerald Wallace,Matt Carroll,Raymond Felton,1,9:33,NYK,shot,Chris Duhon,,,,,,,,,Quentin Richardson,3,,,made,,3pt,38,28
Chris Duhon,David Lee,Jared Jeffries,Quentin Richardson,Wilson Chandler,Boris Diaw,Emeka Okafor,Gerald Wallace,Matt Carroll,Raymond Felton,1,9:14,CHA,shot,,,,,,,,,,Emeka Okafor,,,,missed,,turnaround jump,20,15
Chris Duhon,David Lee,Jared Jeffries,Quentin Richardson,Wilson Chandler,Boris Diaw,Emeka Okafor,Gerald Wallace,Matt Carroll,Raymond Felton,1,9:13,NYK,rebound,,,,,,,,,,David Lee,,,,,,def,,
Chris Duhon,David Lee,Jared Jeffries,Quentin Richardson,Wilson Chandler,Boris Diaw,Emeka Okafor,Gerald Wallace,Matt Carroll,Raymond Felton,1,8:56,NYK,shot,,,,,,,,,,Wilson Chandler,2,,,made,,driving slam dunk,25,6
Chris Duhon,David Lee,Jared Jeffries,Quentin Richardson,Wilson Chandler,Boris Diaw,Emeka Okafor,Gerald Wallace,Matt Carroll,Raymond Felton,1,8:42,CHA,shot,,,,,,,,,,Boris Diaw,,,,missed,,3pt,17,31
Chris Duhon,David Lee,Jared Jeffries,Quentin Richardson,Wilson Chandler,Boris Diaw,Emeka Okafor,Gerald Wallace,Matt Carroll,Raymond Felton,1,8:40,NYK,rebound,,,,,,,,,,David Lee,,,,,,def,,
Chris Duhon,David Lee,Jared Jeffries,Quentin Richardson,Wilson Chandler,Boris Diaw,Emeka Okafor,Gerald Wallace,Matt Carroll,Raymond Felton,1,8:34,NYK,shot,Chris Duhon,,,,,,,,,David Lee,2,,,made,,layup,25,6
Chris Duhon,David Lee,Jared Jeffries,Quentin Richardson,Wilson Chandler,Boris Diaw,Emeka Okafor,Gerald Wallace,Matt Carroll,Raymond Felton,1,8:29,CHA,timeout,,,,,,,,,,,,,,,,regular,,
Chris Duhon,David Lee,Jared Jeffries,Quentin Richardson,Wilson Chandler,Boris Diaw,Emeka Okafor,Gerald Wallace,Matt Carroll,Raymond Felton,1,8:14,CHA,turnover,,,,,,,,,,Gerald Wallace,,,3 second violation,,,,,
Chris Duhon,David Lee,Jared Jeffries,Quentin Richardson,Wilson Chandler,Boris Diaw,Emeka Okafor,Gerald Wallace,Matt Carroll,Raymond Felton,1,8:02,NYK,turnover,,,,,,,,,,Wilson Chandler,,,lost ball,,Gerald Wallace,,,
Chris Duhon,David Lee,Jared Jeffries,Quentin Richardson,Wilson Chandler,Boris Diaw,Emeka Okafor,Gerald Wallace,Matt Carroll,Raymond Felton,1,7:56,CHA,turnover,,,,,,,,,,Gerald Wallace,,,lost ball,,Chris Duhon,,,
Chris Duhon,David Lee,Jared Jeffries,Quentin Richardson,Wilson Chandler,Boris Diaw,Emeka Okafor,Gerald Wallace,Matt Carroll,Raymond Felton,1,7:48,NYK,shot,,,,,,,,,,David Lee,,,,missed,,jump,41,8
Chris Duhon,David Lee,Jared Jeffries,Quentin Richardson,Wilson Chandler,Boris Diaw,Emeka Okafor,Gerald Wallace,Matt Carroll,Raymond Felton,1,7:47,CHA,rebound,,,,,,,,,,Matt Carroll,,,,,,def,,
Chris Duhon,David Lee,Jared Jeffries,Quentin Richardson,Wilson Chandler,Boris Diaw,Emeka Okafor,Gerald Wallace,Matt Carroll,Raymond Felton,1,7:26,CHA,shot,Boris Diaw,,,,,,,,,Emeka Okafor,2,,,made,,hook,26,11
Chris Duhon,David Lee,Jared Jeffries,Quentin Richardson,Wilson Chandler,Boris Diaw,Emeka Okafor,Gerald Wallace,Matt Carroll,Raymond Felton,1,7:12,NYK,shot,Chris Duhon,,,,,,,,,David Lee,2,,,made,,layup,25,6
Chris Duhon,David Lee,Jared Jeffries,Quentin Richardson,Wilson Chandler,Boris Diaw,Emeka Okafor,Gerald Wallace,Matt Carroll,Raymond Felton,1,6:51,CHA,shot,,,,,,,,,,Raymond Felton,,,,missed,,floating jump,27,12
Chris Duhon,David Lee,Jared Jeffries,Quentin Richardson,Wilson Chandler,Boris Diaw,Emeka Okafor,Gerald Wallace,Matt Carroll,Raymond Felton,1,6:50,NYK,rebound,,,,,,,,,,Jared Jeffries,,,,,,def,,
Chris Duhon,David Lee,Jared Jeffries,Quentin Richardson,Wilson Chandler,Boris Diaw,Emeka Okafor,Gerald Wallace,Matt Carroll,Raymond Felton,1,6:34,NYK,turnover,,,,,,,,,,Jared Jeffries,,,lost ball,,Matt Carroll,,,
Chris Duhon,David Lee,Jared Jeffries,Quentin Richardson,Wilson Chandler,Boris Diaw,Emeka Okafor,Gerald Wallace,Matt Carroll,Raymond Felton,1,6:28,CHA,shot,,,,,,,,,,Gerald Wallace,,,,missed,,layup,25,6
Chris Duhon,David Lee,Jared Jeffries,Quentin Richardson,Wilson Chandler,Boris Diaw,Emeka Okafor,Gerald Wallace,Matt Carroll,Raymond Felton,1,6:24,CHA,rebound,,,,,,,,,,Raymond Felton,,,,,,off,,
Chris Duhon,David Lee,Jared Jeffries,Quentin Richardson,Wilson Chandler,Boris Diaw,Emeka Okafor,Gerald Wallace,Matt Carroll,Raymond Felton,1,6:22,CHA,shot,Raymond Felton,,,,,,,,,Matt Carroll,2,,,made,,layup,25,6
Chris Duhon,David Lee,Jared Jeffries,Quentin Richardson,Wilson Chandler,Boris Diaw,Emeka Okafor,Gerald Wallace,Matt Carroll,Raymond Felton,1,6:17,CHA,foul,,,,,,,,David Lee,,Boris Diaw,,,,,,shooting,,
Chris Duhon,David Lee,Jared Jeffries,Quentin Richardson,Wilson Chandler,Boris Diaw,Emeka Okafor,Gerald Wallace,Matt Carroll,Raymond Felton,1,6:17,NYK,free throw,,,,,,,1,,2,David Lee,,,foul,missed,,,,
Chris Duhon,David Lee,Jared Jeffries,Quentin Richardson,Wilson Chandler,Boris Diaw,Emeka Okafor,Gerald Wallace,Matt Carroll,Raymond Felton,1,6:17,NYK,rebound,,,,,,,,,,,,,,,,,,
Chris Duhon,David Lee,Jared Jeffries,Tim Thomas,Wilson Chandler,Boris Diaw,Emeka Okafor,Gerald Wallace,Matt Carroll,Raymond Felton,1,6:17,NYK,sub,,,,Tim Thomas,,Quentin Richardson,,,,,,,,,,,,
Al Harrington,Chris Duhon,David Lee,Tim Thomas,Wilson Chandler,Boris Diaw,Emeka Okafor,Gerald Wallace,Matt Carroll,Raymond Felton,1,6:17,NYK,sub,,,,Al Harrington,,Jared Jeffries,,,,,,,,,,,,
Al Harrington,Chris Duhon,David Lee,Tim Thomas,Wilson Chandler,Boris Diaw,Emeka Okafor,Gerald Wallace,Matt Carroll,Raymond Felton,1,6:17,NYK,free throw,,,,,,,2,,2,David Lee,,,foul,made,,,,
Al Harrington,Chris Duhon,David Lee,Tim Thomas,Wilson Chandler,Boris Diaw,Emeka Okafor,Gerald Wallace,Matt Carroll,Raymond Felton,1,6:07,NYK,foul,,,,,,,,Gerald Wallace,,Al Harrington,,,,,,personal,,
Al Harrington,Chris Duhon,David Lee,Nate Robinson,Tim Thomas,Boris Diaw,Emeka Okafor,Gerald Wallace,Matt Carroll,Raymond Felton,1,6:07,NYK,sub,,,,Nate Robinson,,Wilson Chandler,,,,,,,,,,,,
Al Harrington,Chris Duhon,David Lee,Nate Robinson,Tim Thomas,Boris Diaw,D.J. Augustin,Emeka Okafor,Gerald Wallace,Raymond Felton,1,6:07,CHA,sub,,,,D.J. Augustin,,Matt Carroll,,,,,,,,,,,,
Al Harrington,Chris Duhon,David Lee,Nate Robinson,Tim Thomas,Boris Diaw,D.J. Augustin,Emeka Okafor,Gerald Wallace,Raymond Felton,1,5:57,CHA,shot,,,,,,,,,,Gerald Wallace,2,,,made,,driving dunk,25,6
Al Harrington,Chris Duhon,David Lee,Nate Robinson,Tim Thomas,Boris Diaw,D.J. Augustin,Emeka Okafor,Gerald Wallace,Raymond Felton,1,5:32,NYK,shot,Tim Thomas,,,,,,,,,David Lee,2,,,made,,hook,31,11
Al Harrington,Chris Duhon,David Lee,Nate Robinson,Tim Thomas,Boris Diaw,D.J. Augustin,Emeka Okafor,Gerald Wallace,Raymond Felton,1,5:27,CHA,turnover,,,,,,,,,,Emeka Okafor,,,bad pass,,Nate Robinson,,,
Al Harrington,Chris Duhon,David Lee,Nate Robinson,Tim Thomas,Boris Diaw,D.J. Augustin,Emeka Okafor,Gerald Wallace,Raymond Felton,1,5:24,NYK,shot,,,,,,,,,,Nate Robinson,,,,missed,,layup,25,6
Al Harrington,Chris Duhon,David Lee,Nate Robinson,Tim Thomas,Boris Diaw,D.J. Augustin,Emeka Okafor,Gerald Wallace,Raymond Felton,1,5:21,NYK,shot,,,,,,,,,,Chris Duhon,3,,,made,,3pt,38,29
Al Harrington,Chris Duhon,David Lee,Nate Robinson,Tim Thomas,Boris Diaw,D.J. Augustin,Emeka Okafor,Gerald Wallace,Raymond Felton,1,5:21,NYK,rebound,,,,,,,,,,Chris Duhon,,,,,,off,,
Al Harrington,Chris Duhon,David Lee,Nate Robinson,Tim Thomas,Boris Diaw,D.J. Augustin,Emeka Okafor,Gerald Wallace,Raymond Felton,1,5:06,CHA,shot,,,,,,,,,,Gerald Wallace,2,,,made,,driving dunk,25,6
Al Harrington,Chris Duhon,David Lee,Nate Robinson,Tim Thomas,Boris Diaw,D.J. Augustin,Emeka Okafor,Gerald Wallace,Raymond Felton,1,4:43,NYK,shot,,,,,,,,,,Nate Robinson,,,,missed,,3pt,49,13
Al Harrington,Chris Duhon,David Lee,Nate Robinson,Tim Thomas,Boris Diaw,D.J. Augustin,Emeka Okafor,Gerald Wallace,Raymond Felton,1,4:41,CHA,rebound,,,,,,,,,,Gerald Wallace,,,,,,def,,
Al Harrington,Chris Duhon,David Lee,Nate Robinson,Tim Thomas,Boris Diaw,D.J. Augustin,Emeka Okafor,Gerald Wallace,Raymond Felton,1,4:33,CHA,shot,,,,,,,,,,Emeka Okafor,,,,missed,,hook,28,12
Al Harrington,Chris Duhon,David Lee,Nate Robinson,Tim Thomas,Boris Diaw,D.J. Augustin,Emeka Okafor,Gerald Wallace,Raymond Felton,1,4:31,NYK,rebound,,,,,,,,,,David Lee,,,,,,def,,
Al Harrington,Chris Duhon,David Lee,Nate Robinson,Tim Thomas,Boris Diaw,D.J. Augustin,Emeka Okafor,Gerald Wallace,Raymond Felton,1,4:20,NYK,shot,David Lee,,,,,,,,,Tim Thomas,3,,,made,,3pt,48,8
Al Harrington,Chris Duhon,David Lee,Nate Robinson,Tim Thomas,Boris Diaw,D.J. Augustin,Emeka Okafor,Gerald Wallace,Raymond Felton,1,4:17,NYK,violation,,,,,,,,,,,,,,,,delay of game,,
Al Harrington,Chris Duhon,David Lee,Nate Robinson,Tim Thomas,Boris Diaw,D.J. Augustin,Emeka Okafor,Gerald Wallace,Raymond Felton,1,4:03,CHA,shot,,,,,,,,,,Gerald Wallace,,,,missed,,layup,25,6
Al Harrington,Chris Duhon,David Lee,Nate Robinson,Tim Thomas,Boris Diaw,D.J. Augustin,Emeka Okafor,Gerald Wallace,Raymond Felton,1,4:01,NYK,rebound,,,,,,,,,,David Lee,,,,,,def,,
Al Harrington,Chris Duhon,David Lee,Nate Robinson,Tim Thomas,Boris Diaw,D.J. Augustin,Emeka Okafor,Gerald Wallace,Raymond Felton,1,3:55,NYK,shot,,,,,,,,,,Al Harrington,2,,,made,,jump bank,9,11
Al Harrington,Chris Duhon,David Lee,Nate Robinson,Tim Thomas,Boris Diaw,D.J. Augustin,Emeka Okafor,Gerald Wallace,Raymond Felton,1,3:40,CHA,shot,,,,,,,,,,D.J. Augustin,3,,,made,,3pt,13,29
Al Harrington,Chris Duhon,David Lee,Nate Robinson,Tim Thomas,Boris Diaw,D.J. Augustin,Emeka Okafor,Gerald Wallace,Raymond Felton,1,3:24,CHA,foul,,,,,,,,Chris Duhon,,Gerald Wallace,,,,,,personal,,
Al Harrington,Chris Duhon,David Lee,Nate Robinson,Tim Thomas,Boris Diaw,D.J. Augustin,Emeka Okafor,Gerald Wallace,Sean Singletary,1,3:24,CHA,sub,,,,Sean Singletary,,Raymond Felton,,,,,,,,,,,,
Al Harrington,Chris Duhon,David Lee,Nate Robinson,Tim Thomas,Boris Diaw,D.J. Augustin,Emeka Okafor,Gerald Wallace,Sean Singletary,1,3:16,NYK,shot,,,,,,,,,,Al Harrington,,,,missed,,layup,25,6
Al Harrington,Chris Duhon,David Lee,Nate Robinson,Tim Thomas,Boris Diaw,D.J. Augustin,Emeka Okafor,Gerald Wallace,Sean Singletary,1,3:15,NYK,shot,,,,,,,,,,Al Harrington,2,,,made,,tip,25,6
Al Harrington,Chris Duhon,David Lee,Nate Robinson,Tim Thomas,Boris Diaw,D.J. Augustin,Emeka Okafor,Gerald Wallace,Sean Singletary,1,3:15,NYK,rebound,,,,,,,,,,Al Harrington,,,,,,off,,
Al Harrington,Chris Duhon,David Lee,Nate Robinson,Tim Thomas,Boris Diaw,D.J. Augustin,Emeka Okafor,Gerald Wallace,Sean Singletary,1,3:03,CHA,turnover,,,,,,,,,,Emeka Okafor,,,3 second violation,,,,,
Al Harrington,Chris Duhon,David Lee,Nate Robinson,Tim Thomas,Boris Diaw,D.J. Augustin,Emeka Okafor,Gerald Wallace,Sean Singletary,1,2:49,NYK,shot,,,,,,,,,,Chris Duhon,2,,,made,,driving layup,25,6
Al Harrington,Chris Duhon,David Lee,Nate Robinson,Tim Thomas,Boris Diaw,D.J. Augustin,Emeka Okafor,Gerald Wallace,Sean Singletary,1,2:30,CHA,shot,,,,,,,,,,Boris Diaw,2,,,made,,jump,19,24
Al Harrington,Chris Duhon,David Lee,Nate Robinson,Tim Thomas,Boris Diaw,D.J. Augustin,Emeka Okafor,Gerald Wallace,Sean Singletary,1,2:10,NYK,turnover,,,,,,,,,,Al Harrington,,,out of bounds lost ball turnover,,,,,
Al Harrington,Chris Duhon,David Lee,Nate Robinson,Tim Thomas,Boris Diaw,D.J. Augustin,Emeka Okafor,Gerald Wallace,Sean Singletary,1,2:10,NYK,timeout,,,,,,,,,,,,,,,,regular,,
Al Harrington,Chris Duhon,Jared Jeffries,Nate Robinson,Tim Thomas,Boris Diaw,D.J. Augustin,Emeka Okafor,Gerald Wallace,Sean Singletary,1,2:10,NYK,sub,,,,Jared Jeffries,,David Lee,,,,,,,,,,,,
Al Harrington,Jared Jeffries,Nate Robinson,Tim Thomas,Wilson Chandler,Boris Diaw,D.J. Augustin,Emeka Okafor,Gerald Wallace,Sean Singletary,1,2:10,NYK,sub,,,,Wilson Chandler,,Chris Duhon,,,,,,,,,,,,
Al Harrington,Jared Jeffries,Nate Robinson,Tim Thomas,Wilson Chandler,Boris Diaw,D.J. Augustin,Gerald Wallace,Ryan Hollins,Sean Singletary,1,2:10,CHA,sub,,,,Ryan Hollins,,Emeka Okafor,,,,,,,,,,,,
Al Harrington,Jared Jeffries,Nate Robinson,Tim Thomas,Wilson Chandler,Boris Diaw,D.J. Augustin,Gerald Wallace,Ryan Hollins,Sean Singletary,1,1:54,CHA,shot,Sean Singletary,,,,,,,,,Boris Diaw,2,,,made,,jump,43,8
Al Harrington,Jared Jeffries,Nate Robinson,Tim Thomas,Wilson Chandler,Boris Diaw,D.J. Augustin,Gerald Wallace,Ryan Hollins,Sean Singletary,1,1:34,NYK,shot,,,,,,,,,,Al Harrington,,,,missed,,3pt,31,30
Al Harrington,Jared Jeffries,Nate Robinson,Tim Thomas,Wilson Chandler,Boris Diaw,D.J. Augustin,Gerald Wallace,Ryan Hollins,Sean Singletary,1,1:32,CHA,rebound,,,,,,,,,,Sean Singletary,,,,,,def,,
Al Harrington,Jared Jeffries,Nate Robinson,Tim Thomas,Wilson Chandler,Boris Diaw,D.J. Augustin,Gerald Wallace,Ryan Hollins,Sean Singletary,1,1:29,CHA,shot,Sean Singletary,,,,,,,,,Gerald Wallace,2,,,made,,layup,25,6
Al Harrington,Jared Jeffries,Nate Robinson,Tim Thomas,Wilson Chandler,Boris Diaw,D.J. Augustin,Gerald Wallace,Ryan Hollins,Sean Singletary,1,1:15,NYK,turnover,,,,,,,,,,Tim Thomas,,,bad pass,,D.J. Augustin,,,
Al Harrington,Jared Jeffries,Nate Robinson,Tim Thomas,Wilson Chandler,Boris Diaw,D.J. Augustin,Gerald Wallace,Ryan Hollins,Sean Singletary,1,1:10,CHA,shot,,,,,,,,,,D.J. Augustin,,,,missed,,layup,25,6
Al Harrington,Jared Jeffries,Nate Robinson,Tim Thomas,Wilson Chandler,Boris Diaw,D.J. Augustin,Gerald Wallace,Ryan Hollins,Sean Singletary,1,1:09,NYK,rebound,,,,,,,,,,Wilson Chandler,,,,,,def,,
Al Harrington,Jared Jeffries,Nate Robinson,Tim Thomas,Wilson Chandler,Boris Diaw,D.J. Augustin,Gerald Wallace,Ryan Hollins,Sean Singletary,1,1:03,NYK,shot,,,,,,,,,,Wilson Chandler,2,,,made,,layup,25,6
Al Harrington,Jared Jeffries,Nate Robinson,Tim Thomas,Wilson Chandler,Boris Diaw,D.J. Augustin,Gerald Wallace,Ryan Hollins,Sean Singletary,1,0:39,CHA,shot,,,,,,,,,,D.J. Augustin,2,,,made,,jump,12,19
Al Harrington,Jared Jeffries,Nate Robinson,Tim Thomas,Wilson Chandler,Boris Diaw,D.J. Augustin,Gerald Wallace,Ryan Hollins,Sean Singletary,1,0:26,NYK,shot,Nate Robinson,,,,,,,,,Tim Thomas,2,,,made,,jump,41,15
Al Harrington,Jared Jeffries,Nate Robinson,Tim Thomas,Wilson Chandler,Boris Diaw,D.J. Augustin,Gerald Wallace,Ryan Hollins,Sean Singletary,1,0:06,CHA,shot,,,,,,,,,,D.J. Augustin,2,,,made,,jump,39,17
Al Harrington,Jared Jeffries,Nate Robinson,Tim Thomas,Wilson Chandler,Boris Diaw,D.J. Augustin,Gerald Wallace,Ryan Hollins,Sean Singletary,1,0:01,NYK,turnover,,,,,,,,,,Jared Jeffries,,,lost ball,,Ryan Hollins,,,
Al Harrington,Jared Jeffries,Nate Robinson,Tim Thomas,Wilson Chandler,Boris Diaw,Gerald Wallace,Raymond Felton,Ryan Hollins,Sean Singletary,2,11:47,CHA,shot,,,,,,,,,,Sean Singletary,2,,,made,,jump,19,24
Al Harrington,Jared Jeffries,Nate Robinson,Tim Thomas,Wilson Chandler,Boris Diaw,Gerald Wallace,Raymond Felton,Ryan Hollins,Sean Singletary,2,11:33,CHA,foul,,,,,,,,Wilson Chandler,,Raymond Felton,,,,,,personal,,
Al Harrington,Jared Jeffries,Nate Robinson,Tim Thomas,Wilson Chandler,Boris Diaw,Gerald Wallace,Raymond Felton,Ryan Hollins,Sean Singletary,2,11:21,NYK,shot,Tim Thomas,,,,,,,,,Wilson Chandler,2,,,made,,turnaround jump,10,10
Al Harrington,Jared Jeffries,Nate Robinson,Tim Thomas,Wilson Chandler,Boris Diaw,Gerald Wallace,Raymond Felton,Ryan Hollins,Sean Singletary,2,11:09,CHA,turnover,,,,,,,,,,Gerald Wallace,,,bad pass,,Nate Robinson,,,
Al Harrington,Jared Jeffries,Nate Robinson,Tim Thomas,Wilson Chandler,Boris Diaw,Gerald Wallace,Raymond Felton,Ryan Hollins,Sean Singletary,2,11:04,NYK,shot,,,,,,,,,,Nate Robinson,2,,,made,,layup,25,6
Al Harrington,Jared Jeffries,Nate Robinson,Tim Thomas,Wilson Chandler,Boris Diaw,Gerald Wallace,Raymond Felton,Ryan Hollins,Sean Singletary,2,10:51,CHA,turnover,,,,,,,,,,Ryan Hollins,,,traveling,,,,,
Al Harrington,Jared Jeffries,Nate Robinson,Tim Thomas,Wilson Chandler,Boris Diaw,Gerald Wallace,Raymond Felton,Ryan Hollins,Sean Singletary,2,10:48,NYK,turnover,,,,,,,,,,Nate Robinson,,,lost ball,,Sean Singletary,,,
Al Harrington,Jared Jeffries,Nate Robinson,Tim Thomas,Wilson Chandler,Boris Diaw,Gerald Wallace,Raymond Felton,Ryan Hollins,Sean Singletary,2,10:42,CHA,shot,,,,,,,,,,Sean Singletary,2,,,made,,layup,25,6
Al Harrington,Jared Jeffries,Nate Robinson,Tim Thomas,Wilson Chandler,Boris Diaw,Gerald Wallace,Raymond Felton,Ryan Hollins,Sean Singletary,2,10:32,CHA,foul,,,,,,,,Nate Robinson,,Sean Singletary,,,,,,personal,,
Al Harrington,Jared Jeffries,Nate Robinson,Tim Thomas,Wilson Chandler,Boris Diaw,Gerald Wallace,Raymond Felton,Ryan Hollins,Sean Singletary,2,10:22,NYK,shot,,,,,,,,,,Tim Thomas,,,,missed,,jump,31,15
Al Harrington,Jared Jeffries,Nate Robinson,Tim Thomas,Wilson Chandler,Boris Diaw,Gerald Wallace,Raymond Felton,Ryan Hollins,Sean Singletary,2,10:21,CHA,rebound,,,,,,,,,,Gerald Wallace,,,,,,def,,
Al Harrington,Jared Jeffries,Nate Robinson,Tim Thomas,Wilson Chandler,Boris Diaw,Gerald Wallace,Raymond Felton,Ryan Hollins,Sean Singletary,2,10:06,CHA,turnover,,,,,,,,,,Sean Singletary,,,lost ball,,Nate Robinson,,,
Al Harrington,Jared Jeffries,Nate Robinson,Tim Thomas,Wilson Chandler,Boris Diaw,Gerald Wallace,Raymond Felton,Ryan Hollins,Sean Singletary,2,9:56,NYK,shot,Tim Thomas,,,,,,,,,Al Harrington,3,,,made,,3pt,36,29
Al Harrington,Jared Jeffries,Nate Robinson,Tim Thomas,Wilson Chandler,Boris Diaw,Gerald Wallace,Raymond Felton,Ryan Hollins,Sean Singletary,2,9:36,CHA,shot,,,Jared Jeffries,,,,,,,Boris Diaw,,,,missed,,layup,25,6
Al Harrington,Jared Jeffries,Nate Robinson,Tim Thomas,Wilson Chandler,Boris Diaw,Gerald Wallace,Raymond Felton,Ryan Hollins,Sean Singletary,2,9:35,NYK,rebound,,,,,,,,,,Nate Robinson,,,,,,def,,
Al Harrington,Jared Jeffries,Nate Robinson,Tim Thomas,Wilson Chandler,Boris Diaw,Gerald Wallace,Raymond Felton,Ryan Hollins,Sean Singletary,2,9:29,NYK,shot,,,Ryan Hollins,,,,,,,Tim Thomas,,,,missed,,layup,25,6
Al Harrington,Jared Jeffries,Nate Robinson,Tim Thomas,Wilson Chandler,Boris Diaw,Gerald Wallace,Raymond Felton,Ryan Hollins,Sean Singletary,2,9:26,CHA,rebound,,,,,,,,,,Boris Diaw,,,,,,def,,
Al Harrington,Jared Jeffries,Nate Robinson,Tim Thomas,Wilson Chandler,Boris Diaw,Gerald Wallace,Raymond Felton,Ryan Hollins,Sean Singletary,2,9:17,CHA,shot,,,,,,,,,,Raymond Felton,,,,missed,,jump,5,8
Al Harrington,Jared Jeffries,Nate Robinson,Tim Thomas,Wilson Chandler,Boris Diaw,Gerald Wallace,Raymond Felton,Ryan Hollins,Sean Singletary,2,9:15,NYK,rebound,,,,,,,,,,Al Harrington,,,,,,def,,
Al Harrington,Jared Jeffries,Nate Robinson,Tim Thomas,Wilson Chandler,Boris Diaw,Gerald Wallace,Raymond Felton,Ryan Hollins,Sean Singletary,2,8:58,NYK,foul,,,,,,,,Raymond Felton,,Jared Jeffries,,,,,,offensive,,
Al Harrington,Jared Jeffries,Nate Robinson,Tim Thomas,Wilson Chandler,Boris Diaw,Gerald Wallace,Raymond Felton,Ryan Hollins,Sean Singletary,2,8:58,NYK,turnover,,,,,,,,,,Jared Jeffries,,,foul,,,,,
Al Harrington,Jared Jeffries,Nate Robinson,Tim Thomas,Wilson Chandler,Boris Diaw,Gerald Wallace,Raymond Felton,Ryan Hollins,Sean Singletary,2,8:58,OFF,timeout,,,,,,,,,,,,,,,,official,,
Al Harrington,Jared Jeffries,Nate Robinson,Quentin Richardson,Wilson Chandler,Boris Diaw,Gerald Wallace,Raymond Felton,Ryan Hollins,Sean Singletary,2,8:58,NYK,sub,,,,Quentin Richardson,,Tim Thomas,,,,,,,,,,,,
Al Harrington,Jared Jeffries,Nate Robinson,Quentin Richardson,Wilson Chandler,Adam Morrison,Gerald Wallace,Raymond Felton,Ryan Hollins,Sean Singletary,2,8:58,CHA,sub,,,,Adam Morrison,,Boris Diaw,,,,,,,,,,,,
Al Harrington,Jared Jeffries,Nate Robinson,Quentin Richardson,Wilson Chandler,Adam Morrison,Emeka Okafor,Gerald Wallace,Raymond Felton,Ryan Hollins,2,8:58,CHA,sub,,,,Emeka Okafor,,Sean Singletary,,,,,,,,,,,,
Al Harrington,Jared Jeffries,Nate Robinson,Quentin Richardson,Wilson Chandler,Adam Morrison,D.J. Augustin,Emeka Okafor,Gerald Wallace,Raymond Felton,2,8:58,CHA,sub,,,,D.J. Augustin,,Ryan Hollins,,,,,,,,,,,,
Al Harrington,Jared Jeffries,Nate Robinson,Quentin Richardson,Wilson Chandler,Adam Morrison,D.J. Augustin,Emeka Okafor,Gerald Wallace,Raymond Felton,2,8:43,CHA,shot,,,,,,,,,,Raymond Felton,,,,missed,,layup,25,6
Al Harrington,Jared Jeffries,Nate Robinson,Quentin Richardson,Wilson Chandler,Adam Morrison,D.J. Augustin,Emeka Okafor,Gerald Wallace,Raymond Felton,2,8:42,NYK,rebound,,,,,,,,,,Al Harrington,,,,,,def,,
Al Harrington,Jared Jeffries,Nate Robinson,Quentin Richardson,Wilson Chandler,Adam Morrison,D.J. Augustin,Emeka Okafor,Gerald Wallace,Raymond Felton,2,8:37,NYK,shot,,,,,,,,,,Al Harrington,,,,missed,,3pt,36,30
Al Harrington,Jared Jeffries,Nate Robinson,Quentin Richardson,Wilson Chandler,Adam Morrison,D.J. Augustin,Emeka Okafor,Gerald Wallace,Raymond Felton,2,8:35,CHA,rebound,,,,,,,,,,D.J. Augustin,,,,,,def,,
Al Harrington,Jared Jeffries,Nate Robinson,Quentin Richardson,Wilson Chandler,Adam Morrison,D.J. Augustin,Emeka Okafor,Gerald Wallace,Raymond Felton,2,8:17,CHA,shot,,,,,,,,,,Emeka Okafor,,,,missed,,hook,18,10
Al Harrington,Jared Jeffries,Nate Robinson,Quentin Richardson,Wilson Chandler,Adam Morrison,D.J. Augustin,Emeka Okafor,Gerald Wallace,Raymond Felton,2,8:15,NYK,rebound,,,,,,,,,,Nate Robinson,,,,,,def,,
Al Harrington,Jared Jeffries,Nate Robinson,Quentin Richardson,Wilson Chandler,Adam Morrison,D.J. Augustin,Emeka Okafor,Gerald Wallace,Raymond Felton,2,8:10,NYK,shot,,,,,,,,,,Nate Robinson,,,,missed,,3pt,7,24
Al Harrington,Jared Jeffries,Nate Robinson,Quentin Richardson,Wilson Chandler,Adam Morrison,D.J. Augustin,Emeka Okafor,Gerald Wallace,Raymond Felton,2,8:09,CHA,rebound,,,,,,,,,,Raymond Felton,,,,,,def,,
Al Harrington,Jared Jeffries,Nate Robinson,Quentin Richardson,Wilson Chandler,Adam Morrison,D.J. Augustin,Emeka Okafor,Gerald Wallace,Raymond Felton,2,7:52,CHA,shot,,,,,,,,,,D.J. Augustin,,,,missed,,3pt,2,11
Al Harrington,Jared Jeffries,Nate Robinson,Quentin Richardson,Wilson Chandler,Adam Morrison,D.J. Augustin,Emeka Okafor,Gerald Wallace,Raymond Felton,2,7:51,CHA,rebound,,,,,,,,,,Emeka Okafor,,,,,,off,,
Al Harrington,Jared Jeffries,Nate Robinson,Quentin Richardson,Wilson Chandler,Adam Morrison,D.J. Augustin,Emeka Okafor,Gerald Wallace,Raymond Felton,2,7:39,NYK,foul,,,,,,,,Gerald Wallace,,Wilson Chandler,,,,,,shooting,,
Al Harrington,David Lee,Nate Robinson,Quentin Richardson,Wilson Chandler,Adam Morrison,D.J. Augustin,Emeka Okafor,Gerald Wallace,Raymond Felton,2,7:39,NYK,sub,,,,David Lee,,Jared Jeffries,,,,,,,,,,,,
Al Harrington,Chris Duhon,David Lee,Quentin Richardson,Wilson Chandler,Adam Morrison,D.J. Augustin,Emeka Okafor,Gerald Wallace,Raymond Felton,2,7:39,NYK,sub,,,,Chris Duhon,,Nate Robinson,,,,,,,,,,,,
Al Harrington,Chris Duhon,David Lee,Quentin Richardson,Wilson Chandler,Adam Morrison,D.J. Augustin,Emeka Okafor,Gerald Wallace,Raymond Felton,2,7:39,CHA,free throw,,,,,,,1,,2,Gerald Wallace,,,foul,made,,,,
Al Harrington,Chris Duhon,David Lee,Quentin Richardson,Wilson Chandler,Adam Morrison,D.J. Augustin,Emeka Okafor,Gerald Wallace,Raymond Felton,2,7:39,CHA,free throw,,,,,,,2,,2,Gerald Wallace,,,foul,made,,,,
Al Harrington,Chris Duhon,David Lee,Quentin Richardson,Wilson Chandler,Adam Morrison,D.J. Augustin,Emeka Okafor,Gerald Wallace,Raymond Felton,2,7:25,NYK,shot,,,,,,,,,,Wilson Chandler,,,,missed,,layup,25,6
Al Harrington,Chris Duhon,David Lee,Quentin Richardson,Wilson Chandler,Adam Morrison,D.J. Augustin,Emeka Okafor,Gerald Wallace,Raymond Felton,2,7:23,CHA,rebound,,,,,,,,,,Emeka Okafor,,,,,,def,,
Al Harrington,Chris Duhon,David Lee,Quentin Richardson,Wilson Chandler,Adam Morrison,D.J. Augustin,Emeka Okafor,Gerald Wallace,Raymond Felton,2,7:12,NYK,foul,,,,,,,,D.J. Augustin,,David Lee,,,,,,personal,,
Al Harrington,Chris Duhon,David Lee,Quentin Richardson,Wilson Chandler,Adam Morrison,D.J. Augustin,Emeka Okafor,Gerald Wallace,Raymond Felton,2,7:09,CHA,shot,D.J. Augustin,,,,,,,,,Emeka Okafor,2,,,made,,layup,25,6
Al Harrington,Chris Duhon,David Lee,Quentin Richardson,Wilson Chandler,Adam Morrison,D.J. Augustin,Emeka Okafor,Gerald Wallace,Raymond Felton,2,7:09,NYK,foul,,,,,,,,Emeka Okafor,,Quentin Richardson,,,,,,shooting,,
Al Harrington,Chris Duhon,David Lee,Quentin Richardson,Wilson Chandler,Adam Morrison,D.J. Augustin,Emeka Okafor,Gerald Wallace,Raymond Felton,2,7:09,CHA,free throw,,,,,,,1,,1,Emeka Okafor,,,foul,made,,,,
Al Harrington,Chris Duhon,David Lee,Quentin Richardson,Wilson Chandler,Adam Morrison,D.J. Augustin,Emeka Okafor,Gerald Wallace,Raymond Felton,2,6:57,CHA,foul,,,,,,,,Al Harrington,,Gerald Wallace,,,,,,shooting,,
Al Harrington,Chris Duhon,David Lee,Quentin Richardson,Wilson Chandler,Adam Morrison,Boris Diaw,D.J. Augustin,Emeka Okafor,Raymond Felton,2,6:57,CHA,sub,,,,Boris Diaw,,Gerald Wallace,,,,,,,,,,,,
Al Harrington,Chris Duhon,David Lee,Quentin Richardson,Wilson Chandler,Adam Morrison,Boris Diaw,D.J. Augustin,Emeka Okafor,Raymond Felton,2,6:57,NYK,free throw,,,,,,,1,,2,Al Harrington,,,foul,made,,,,
Al Harrington,Chris Duhon,David Lee,Quentin Richardson,Wilson Chandler,Adam Morrison,Boris Diaw,D.J. Augustin,Emeka Okafor,Raymond Felton,2,6:57,NYK,free throw,,,,,,,2,,2,Al Harrington,,,foul,missed,,,,
Al Harrington,Chris Duhon,David Lee,Quentin Richardson,Wilson Chandler,Adam Morrison,Boris Diaw,D.J. Augustin,Emeka Okafor,Raymond Felton,2,6:54,CHA,rebound,,,,,,,,,,Emeka Okafor,,,,,,def,,
Al Harrington,Chris Duhon,David Lee,Quentin Richardson,Wilson Chandler,Adam Morrison,Boris Diaw,D.J. Augustin,Emeka Okafor,Raymond Felton,2,6:41,CHA,shot,,,,,,,,,,Boris Diaw,,,,missed,,3pt,37,29
Al Harrington,Chris Duhon,David Lee,Quentin Richardson,Wilson Chandler,Adam Morrison,Boris Diaw,D.J. Augustin,Emeka Okafor,Raymond Felton,2,6:40,NYK,rebound,,,,,,,,,,David Lee,,,,,,def,,
Al Harrington,Chris Duhon,David Lee,Quentin Richardson,Wilson Chandler,Adam Morrison,Boris Diaw,D.J. Augustin,Emeka Okafor,Raymond Felton,2,6:38,NYK,turnover,,,,,,,,,,David Lee,,,bad pass,,Raymond Felton,,,
Al Harrington,Chris Duhon,David Lee,Quentin Richardson,Wilson Chandler,Adam Morrison,Boris Diaw,D.J. Augustin,Emeka Okafor,Raymond Felton,2,6:35,CHA,shot,,,,,,,,,,Raymond Felton,2,,,made,,layup,25,6
Al Harrington,Chris Duhon,David Lee,Quentin Richardson,Wilson Chandler,Adam Morrison,Boris Diaw,D.J. Augustin,Emeka Okafor,Raymond Felton,2,6:18,CHA,foul,,,,,,,,David Lee,,Boris Diaw,,,,,,shooting,,
Al Harrington,Chris Duhon,David Lee,Quentin Richardson,Wilson Chandler,Adam Morrison,Boris Diaw,D.J. Augustin,Emeka Okafor,Raymond Felton,2,6:18,NYK,free throw,,,,,,,1,,2,David Lee,,,foul,made,,,,
Al Harrington,Chris Duhon,David Lee,Quentin Richardson,Wilson Chandler,Adam Morrison,Boris Diaw,D.J. Augustin,Emeka Okafor,Raymond Felton,2,6:18,NYK,free throw,,,,,,,2,,2,David Lee,,,foul,made,,,,
Al Harrington,Chris Duhon,David Lee,Quentin Richardson,Wilson Chandler,Adam Morrison,Boris Diaw,D.J. Augustin,Emeka Okafor,Raymond Felton,2,6:01,CHA,shot,Raymond Felton,,,,,,,,,D.J. Augustin,3,,,made,,3pt,38,28
Al Harrington,Chris Duhon,David Lee,Quentin Richardson,Wilson Chandler,Adam Morrison,Boris Diaw,D.J. Augustin,Emeka Okafor,Raymond Felton,2,5:40,NYK,shot,David Lee,,,,,,,,,Chris Duhon,3,,,made,,3pt,11,31
Al Harrington,Chris Duhon,David Lee,Quentin Richardson,Wilson Chandler,Adam Morrison,Boris Diaw,D.J. Augustin,Emeka Okafor,Raymond Felton,2,5:22,CHA,turnover,,,,,,,,,,Emeka Okafor,,,bad pass,,,,,
Al Harrington,Chris Duhon,David Lee,Quentin Richardson,Wilson Chandler,Adam Morrison,Boris Diaw,D.J. Augustin,Emeka Okafor,Raymond Felton,2,5:22,CHA,timeout,,,,,,,,,,,,,,,,regular,,
Chris Duhon,David Lee,Nate Robinson,Quentin Richardson,Wilson Chandler,Adam Morrison,Boris Diaw,D.J. Augustin,Emeka Okafor,Raymond Felton,2,5:22,NYK,sub,,,,Nate Robinson,,Al Harrington,,,,,,,,,,,,
Chris Duhon,David Lee,Nate Robinson,Quentin Richardson,Wilson Chandler,Adam Morrison,Boris Diaw,D.J. Augustin,Emeka Okafor,Raymond Felton,2,5:07,NYK,shot,,,,,,,,,,Quentin Richardson,2,,,made,,jump bank,17,10
Chris Duhon,David Lee,Nate Robinson,Quentin Richardson,Wilson Chandler,Adam Morrison,Boris Diaw,D.J. Augustin,Emeka Okafor,Raymond Felton,2,5:07,CHA,foul,,,,,,,,Quentin Richardson,,Adam Morrison,,,,,,shooting,,
Chris Duhon,David Lee,Nate Robinson,Quentin Richardson,Wilson Chandler,Adam Morrison,Boris Diaw,D.J. Augustin,Emeka Okafor,Raymond Felton,2,5:07,NYK,free throw,,,,,,,1,,1,Quentin Richardson,,,foul,made,,,,
Chris Duhon,David Lee,Nate Robinson,Quentin Richardson,Wilson Chandler,Adam Morrison,Boris Diaw,D.J. Augustin,Emeka Okafor,Raymond Felton,2,4:52,CHA,turnover,,,,,,,,,,Boris Diaw,,,bad pass,,,,,
Chris Duhon,David Lee,Nate Robinson,Quentin Richardson,Wilson Chandler,Adam Morrison,Boris Diaw,D.J. Augustin,Emeka Okafor,Raymond Felton,2,4:37,NYK,shot,,,,,,,,,,David Lee,,,,missed,,layup,25,6
Chris Duhon,David Lee,Nate Robinson,Quentin Richardson,Wilson Chandler,Adam Morrison,Boris Diaw,D.J. Augustin,Emeka Okafor,Raymond Felton,2,4:35,CHA,rebound,,,,,,,,,,Boris Diaw,,,,,,def,,
Chris Duhon,David Lee,Nate Robinson,Quentin Richardson,Wilson Chandler,Adam Morrison,Boris Diaw,D.J. Augustin,Emeka Okafor,Raymond Felton,2,4:28,CHA,shot,,,,,,,,,,Adam Morrison,,,,missed,,3pt,49,9
Chris Duhon,David Lee,Nate Robinson,Quentin Richardson,Wilson Chandler,Adam Morrison,Boris Diaw,D.J. Augustin,Emeka Okafor,Raymond Felton,2,4:25,NYK,rebound,,,,,,,,,,Wilson Chandler,,,,,,def,,
Chris Duhon,David Lee,Nate Robinson,Quentin Richardson,Wilson Chandler,Adam Morrison,Boris Diaw,D.J. Augustin,Emeka Okafor,Raymond Felton,2,4:23,NYK,turnover,,,,,,,,,,Wilson Chandler,,,traveling,,,,,
Chris Duhon,David Lee,Nate Robinson,Quentin Richardson,Wilson Chandler,Adam Morrison,Boris Diaw,D.J. Augustin,Emeka Okafor,Raymond Felton,2,4:06,CHA,shot,,,,,,,,,,Boris Diaw,2,,,made,,jump,40,12
Chris Duhon,David Lee,Nate Robinson,Quentin Richardson,Wilson Chandler,Adam Morrison,Boris Diaw,D.J. Augustin,Emeka Okafor,Raymond Felton,2,3:55,NYK,shot,,,,,,,,,,Quentin Richardson,,,,missed,,3pt,5,21
Chris Duhon,David Lee,Nate Robinson,Quentin Richardson,Wilson Chandler,Adam Morrison,Boris Diaw,D.J. Augustin,Emeka Okafor,Raymond Felton,2,3:54,CHA,rebound,,,,,,,,,,Raymond Felton,,,,,,def,,
Chris Duhon,David Lee,Nate Robinson,Quentin Richardson,Wilson Chandler,Adam Morrison,Boris Diaw,D.J. Augustin,Emeka Okafor,Raymond Felton,2,3:43,NYK,foul,,,,,,,,D.J. Augustin,,Nate Robinson,,,,,,personal,,
Chris Duhon,David Lee,Nate Robinson,Quentin Richardson,Wilson Chandler,Adam Morrison,Boris Diaw,D.J. Augustin,Emeka Okafor,Raymond Felton,2,3:29,CHA,shot,,,,,,,,,,Adam Morrison,,,,missed,,3pt,14,30
Chris Duhon,David Lee,Nate Robinson,Quentin Richardson,Wilson Chandler,Adam Morrison,Boris Diaw,D.J. Augustin,Emeka Okafor,Raymond Felton,2,3:28,NYK,rebound,,,,,,,,,,,,,,,,,,
Chris Duhon,David Lee,Nate Robinson,Quentin Richardson,Wilson Chandler,Adam Morrison,Boris Diaw,D.J. Augustin,Emeka Okafor,Raymond Felton,2,3:27,NYK,turnover,,,,,,,,,,,,,backcourt turnover,,,,,
Chris Duhon,David Lee,Nate Robinson,Quentin Richardson,Wilson Chandler,Adam Morrison,Boris Diaw,D.J. Augustin,Emeka Okafor,Raymond Felton,2,3:11,CHA,shot,,,,,,,,,,Boris Diaw,,,,missed,,jump,25,23
Chris Duhon,David Lee,Nate Robinson,Quentin Richardson,Wilson Chandler,Adam Morrison,Boris Diaw,D.J. Augustin,Emeka Okafor,Raymond Felton,2,3:09,NYK,rebound,,,,,,,,,,David Lee,,,,,,def,,
Chris Duhon,David Lee,Nate Robinson,Quentin Richardson,Wilson Chandler,Adam Morrison,Boris Diaw,D.J. Augustin,Emeka Okafor,Raymond Felton,2,2:59,NYK,shot,,,Raymond Felton,,,,,,,Wilson Chandler,,,,missed,,layup,25,6
Chris Duhon,David Lee,Nate Robinson,Quentin Richardson,Wilson Chandler,Adam Morrison,Boris Diaw,D.J. Augustin,Emeka Okafor,Raymond Felton,2,2:56,CHA,rebound,,,,,,,,,,Raymond Felton,,,,,,def,,
Chris Duhon,David Lee,Nate Robinson,Quentin Richardson,Wilson Chandler,Adam Morrison,Boris Diaw,D.J. Augustin,Emeka Okafor,Raymond Felton,2,2:53,CHA,shot,Adam Morrison,,,,,,,,,Boris Diaw,2,,,made,,layup,25,6
Chris Duhon,David Lee,Nate Robinson,Quentin Richardson,Wilson Chandler,Adam Morrison,Boris Diaw,D.J. Augustin,Emeka Okafor,Raymond Felton,2,2:41,NYK,shot,,,,,,,,,,David Lee,,,,missed,,layup,25,6
Chris Duhon,David Lee,Nate Robinson,Quentin Richardson,Wilson Chandler,Adam Morrison,Boris Diaw,D.J. Augustin,Emeka Okafor,Raymond Felton,2,2:39,NYK,rebound,,,,,,,,,,David Lee,,,,,,off,,
Chris Duhon,David Lee,Nate Robinson,Quentin Richardson,Wilson Chandler,Adam Morrison,Boris Diaw,D.J. Augustin,Emeka Okafor,Raymond Felton,2,2:36,NYK,shot,,,,,,,,,,Nate Robinson,,,,missed,,3pt,17,31
Chris Duhon,David Lee,Nate Robinson,Quentin Richardson,Wilson Chandler,Adam Morrison,Boris Diaw,D.J. Augustin,Emeka Okafor,Raymond Felton,2,2:33,CHA,rebound,,,,,,,,,,Boris Diaw,,,,,,def,,
Chris Duhon,David Lee,Nate Robinson,Quentin Richardson,Wilson Chandler,Adam Morrison,Boris Diaw,D.J. Augustin,Emeka Okafor,Raymond Felton,2,2:32,CHA,turnover,,,,,,,,,,Boris Diaw,,,bad pass,,Chris Duhon,,,
Chris Duhon,David Lee,Nate Robinson,Quentin Richardson,Wilson Chandler,Adam Morrison,Boris Diaw,D.J. Augustin,Emeka Okafor,Raymond Felton,2,2:28,NYK,shot,,,,,,,,,,Wilson Chandler,,,,missed,,layup,25,6
Chris Duhon,David Lee,Nate Robinson,Quentin Richardson,Wilson Chandler,Adam Morrison,Boris Diaw,D.J. Augustin,Emeka Okafor,Raymond Felton,2,2:27,CHA,rebound,,,,,,,,,,Boris Diaw,,,,,,def,,
Chris Duhon,David Lee,Nate Robinson,Quentin Richardson,Wilson Chandler,Adam Morrison,Boris Diaw,D.J. Augustin,Emeka Okafor,Raymond Felton,2,2:15,NYK,foul,,,,,,,,Boris Diaw,,Chris Duhon,,,,,,personal,,
Chris Duhon,David Lee,Nate Robinson,Quentin Richardson,Wilson Chandler,Adam Morrison,Boris Diaw,D.J. Augustin,Emeka Okafor,Raymond Felton,2,2:15,NYK,timeout,,,,,,,,,,,,,,,,regular,,
Al Harrington,Chris Duhon,David Lee,Nate Robinson,Quentin Richardson,Adam Morrison,Boris Diaw,D.J. Augustin,Emeka Okafor,Raymond Felton,2,2:15,NYK,sub,,,,Al Harrington,,Wilson Chandler,,,,,,,,,,,,
Al Harrington,Chris Duhon,David Lee,Jared Jeffries,Quentin Richardson,Adam Morrison,Boris Diaw,D.J. Augustin,Emeka Okafor,Raymond Felton,2,2:15,NYK,sub,,,,Jared Jeffries,,Nate Robinson,,,,,,,,,,,,
Al Harrington,Chris Duhon,David Lee,Jared Jeffries,Quentin Richardson,Adam Morrison,Boris Diaw,D.J. Augustin,Emeka Okafor,Raymond Felton,2,2:15,CHA,free throw,,,,,,,1,,2,Boris Diaw,,,foul,made,,,,
Al Harrington,Chris Duhon,David Lee,Jared Jeffries,Quentin Richardson,Adam Morrison,Boris Diaw,D.J. Augustin,Emeka Okafor,Raymond Felton,2,2:15,CHA,free throw,,,,,,,2,,2,Boris Diaw,,,foul,made,,,,
Al Harrington,Chris Duhon,David Lee,Jared Jeffries,Quentin Richardson,Adam Morrison,Boris Diaw,D.J. Augustin,Emeka Okafor,Raymond Felton,2,2:05,NYK,turnover,,,,,,,,,,Chris Duhon,,,lost ball,,D.J. Augustin,,,
Al Harrington,Chris Duhon,David Lee,Jared Jeffries,Quentin Richardson,Adam Morrison,Boris Diaw,D.J. Augustin,Emeka Okafor,Raymond Felton,2,1:44,CHA,shot,,,,,,,,,,Raymond Felton,,,,missed,,3pt,37,28
Al Harrington,Chris Duhon,David Lee,Jared Jeffries,Quentin Richardson,Adam Morrison,Boris Diaw,D.J. Augustin,Emeka Okafor,Raymond Felton,2,1:44,NYK,rebound,,,,,,,,,,,,,,,,,,
Al Harrington,Chris Duhon,David Lee,Jared Jeffries,Quentin Richardson,Adam Morrison,Boris Diaw,D.J. Augustin,Emeka Okafor,Raymond Felton,2,1:26,NYK,shot,,,,,,,,,,Al Harrington,2,,,made,,jump,23,19
Al Harrington,Chris Duhon,David Lee,Jared Jeffries,Quentin Richardson,Adam Morrison,Boris Diaw,D.J. Augustin,Emeka Okafor,Raymond Felton,2,1:05,CHA,turnover,,,,,,,,,,Boris Diaw,,,lost ball,,Jared Jeffries,,,
Al Harrington,Chris Duhon,David Lee,Jared Jeffries,Quentin Richardson,Adam Morrison,Boris Diaw,D.J. Augustin,Emeka Okafor,Raymond Felton,2,0:58,NYK,shot,,,,,,,,,,Jared Jeffries,,,,missed,,layup,25,6
Al Harrington,Chris Duhon,David Lee,Jared Jeffries,Quentin Richardson,Adam Morrison,Boris Diaw,D.J. Augustin,Emeka Okafor,Raymond Felton,2,0:57,CHA,rebound,,,,,,,,,,Emeka Okafor,,,,,,def,,
Al Harrington,Chris Duhon,David Lee,Jared Jeffries,Quentin Richardson,Adam Morrison,Boris Diaw,D.J. Augustin,Emeka Okafor,Raymond Felton,2,0:46,NYK,foul,,,,,,,,Boris Diaw,,Al Harrington,,,,,,shooting,,
Al Harrington,Chris Duhon,David Lee,Jared Jeffries,Quentin Richardson,Adam Morrison,Boris Diaw,D.J. Augustin,Emeka Okafor,Raymond Felton,2,0:46,CHA,free throw,,,,,,,1,,2,Boris Diaw,,,foul,missed,,,,
Al Harrington,Chris Duhon,David Lee,Jared Jeffries,Quentin Richardson,Adam Morrison,Boris Diaw,D.J. Augustin,Emeka Okafor,Raymond Felton,2,0:46,CHA,rebound,,,,,,,,,,,,,,,,,,
Al Harrington,Chris Duhon,David Lee,Jared Jeffries,Quentin Richardson,Adam Morrison,Boris Diaw,D.J. Augustin,Emeka Okafor,Raymond Felton,2,0:46,CHA,free throw,,,,,,,2,,2,Boris Diaw,,,foul,made,,,,
Al Harrington,Chris Duhon,David Lee,Jared Jeffries,Quentin Richardson,Adam Morrison,Boris Diaw,D.J. Augustin,Emeka Okafor,Raymond Felton,2,0:26,NYK,shot,,,,,,,,,,Al Harrington,2,,,made,,layup,25,6
Al Harrington,Chris Duhon,David Lee,Jared Jeffries,Quentin Richardson,Adam Morrison,Boris Diaw,D.J. Augustin,Emeka Okafor,Raymond Felton,2,0:04,CHA,shot,,,,,,,,,,D.J. Augustin,,,,missed,,layup,25,6
Al Harrington,Chris Duhon,David Lee,Jared Jeffries,Quentin Richardson,Adam Morrison,Boris Diaw,D.J. Augustin,Emeka Okafor,Raymond Felton,2,0:03,CHA,shot,,,,,,,,,,Emeka Okafor,2,,,made,,putback layup,25,6
Al Harrington,Chris Duhon,David Lee,Jared Jeffries,Quentin Richardson,Adam Morrison,Boris Diaw,D.J. Augustin,Emeka Okafor,Raymond Felton,2,0:03,CHA,rebound,,,,,,,,,,Emeka Okafor,,,,,,off,,
Al Harrington,Chris Duhon,David Lee,Jared Jeffries,Quentin Richardson,Adam Morrison,Boris Diaw,D.J. Augustin,Emeka Okafor,Raymond Felton,2,0:00,NYK,shot,,,,,,,,,,Chris Duhon,,,,missed,,3pt,27,33
Al Harrington,Chris Duhon,David Lee,Jared Jeffries,Quentin Richardson,Adam Morrison,Boris Diaw,D.J. Augustin,Emeka Okafor,Raymond Felton,2,0:00,NYK,rebound,,,,,,,,,,,,,,,,,,
Al Harrington,Chris Duhon,David Lee,Quentin Richardson,Wilson Chandler,Boris Diaw,Emeka Okafor,Gerald Wallace,Matt Carroll,Raymond Felton,3,11:44,CHA,shot,,,,,,,,,,Gerald Wallace,,,,missed,,jump,32,9
Al Harrington,Chris Duhon,David Lee,Quentin Richardson,Wilson Chandler,Boris Diaw,Emeka Okafor,Gerald Wallace,Matt Carroll,Raymond Felton,3,11:41,NYK,rebound,,,,,,,,,,David Lee,,,,,,def,,
Al Harrington,Chris Duhon,David Lee,Quentin Richardson,Wilson Chandler,Boris Diaw,Emeka Okafor,Gerald Wallace,Matt Carroll,Raymond Felton,3,11:26,NYK,shot,Chris Duhon,,,,,,,,,David Lee,2,,,made,,layup,25,6
Al Harrington,Chris Duhon,David Lee,Quentin Richardson,Wilson Chandler,Boris Diaw,Emeka Okafor,Gerald Wallace,Matt Carroll,Raymond Felton,3,11:05,CHA,shot,,,,,,,,,,Gerald Wallace,,,,missed,,jump,38,24
Al Harrington,Chris Duhon,David Lee,Quentin Richardson,Wilson Chandler,Boris Diaw,Emeka Okafor,Gerald Wallace,Matt Carroll,Raymond Felton,3,11:04,NYK,rebound,,,,,,,,,,Al Harrington,,,,,,def,,
Al Harrington,Chris Duhon,David Lee,Quentin Richardson,Wilson Chandler,Boris Diaw,Emeka Okafor,Gerald Wallace,Matt Carroll,Raymond Felton,3,10:49,NYK,shot,,,,,,,,,,Al Harrington,2,,,made,,turnaround jump,30,16
Al Harrington,Chris Duhon,David Lee,Quentin Richardson,Wilson Chandler,Boris Diaw,Emeka Okafor,Gerald Wallace,Matt Carroll,Raymond Felton,3,10:33,CHA,shot,Raymond Felton,,,,,,,,,Gerald Wallace,2,,,made,,layup,25,6
Al Harrington,Chris Duhon,David Lee,Quentin Richardson,Wilson Chandler,Boris Diaw,Emeka Okafor,Gerald Wallace,Matt Carroll,Raymond Felton,3,10:23,NYK,shot,,,Raymond Felton,,,,,,,Chris Duhon,,,,missed,,layup,25,6
Al Harrington,Chris Duhon,David Lee,Quentin Richardson,Wilson Chandler,Boris Diaw,Emeka Okafor,Gerald Wallace,Matt Carroll,Raymond Felton,3,10:21,OFF,jump ball,,Quentin Richardson,,,Raymond Felton,,,,,,,Boris Diaw,,,,,,
Al Harrington,Chris Duhon,David Lee,Quentin Richardson,Wilson Chandler,Boris Diaw,Emeka Okafor,Gerald Wallace,Matt Carroll,Raymond Felton,3,10:21,CHA,rebound,,,,,,,,,,,,,,,,,,
Al Harrington,Chris Duhon,David Lee,Quentin Richardson,Wilson Chandler,Boris Diaw,Emeka Okafor,Gerald Wallace,Matt Carroll,Raymond Felton,3,10:14,CHA,shot,Boris Diaw,,,,,,,,,Gerald Wallace,2,,,made,,dunk,25,6
Al Harrington,Chris Duhon,David Lee,Quentin Richardson,Wilson Chandler,Boris Diaw,Emeka Okafor,Gerald Wallace,Matt Carroll,Raymond Felton,3,9:50,NYK,shot,,,,,,,,,,Wilson Chandler,,,,missed,,jump,28,27
Al Harrington,Chris Duhon,David Lee,Quentin Richardson,Wilson Chandler,Boris Diaw,Emeka Okafor,Gerald Wallace,Matt Carroll,Raymond Felton,3,9:49,CHA,rebound,,,,,,,,,,Boris Diaw,,,,,,def,,
Al Harrington,Chris Duhon,David Lee,Quentin Richardson,Wilson Chandler,Boris Diaw,Emeka Okafor,Gerald Wallace,Matt Carroll,Raymond Felton,3,9:41,CHA,turnover,,,,,,,,,,Boris Diaw,,,bad pass,,Al Harrington,,,
Al Harrington,Chris Duhon,David Lee,Quentin Richardson,Wilson Chandler,Boris Diaw,Emeka Okafor,Gerald Wallace,Matt Carroll,Raymond Felton,3,9:40,CHA,foul,,,,,,,,Al Harrington,,Boris Diaw,,,,,,personal,,
Al Harrington,Chris Duhon,David Lee,Quentin Richardson,Wilson Chandler,Boris Diaw,Emeka Okafor,Gerald Wallace,Matt Carroll,Raymond Felton,3,9:31,NYK,shot,,,,,,,,,,Al Harrington,,,,missed,,jump,38,23
Al Harrington,Chris Duhon,David Lee,Quentin Richardson,Wilson Chandler,Boris Diaw,Emeka Okafor,Gerald Wallace,Matt Carroll,Raymond Felton,3,9:30,CHA,rebound,,,,,,,,,,Raymond Felton,,,,,,def,,
Al Harrington,Chris Duhon,David Lee,Quentin Richardson,Wilson Chandler,Boris Diaw,Emeka Okafor,Gerald Wallace,Matt Carroll,Raymond Felton,3,9:24,CHA,shot,,,,,,,,,,Raymond Felton,,,,missed,,layup,25,6
Al Harrington,Chris Duhon,David Lee,Quentin Richardson,Wilson Chandler,Boris Diaw,Emeka Okafor,Gerald Wallace,Matt Carroll,Raymond Felton,3,9:24,CHA,rebound,,,,,,,,,,,,,,,,,,
Al Harrington,Chris Duhon,David Lee,Quentin Richardson,Wilson Chandler,Boris Diaw,Emeka Okafor,Gerald Wallace,Matt Carroll,Raymond Felton,3,9:21,CHA,shot,Raymond Felton,,,,,,,,,Matt Carroll,2,,,made,,jump,40,17
Al Harrington,Chris Duhon,David Lee,Quentin Richardson,Wilson Chandler,Boris Diaw,Emeka Okafor,Gerald Wallace,Matt Carroll,Raymond Felton,3,9:07,NYK,shot,Chris Duhon,,,,,,,,,Quentin Richardson,3,,,made,,3pt,11,27
Al Harrington,Chris Duhon,David Lee,Quentin Richardson,Wilson Chandler,Boris Diaw,Emeka Okafor,Gerald Wallace,Matt Carroll,Raymond Felton,3,8:53,CHA,shot,,,David Lee,,,,,,,Emeka Okafor,,,,missed,,layup,25,6
Al Harrington,Chris Duhon,David Lee,Quentin Richardson,Wilson Chandler,Boris Diaw,Emeka Okafor,Gerald Wallace,Matt Carroll,Raymond Felton,3,8:53,OFF,jump ball,,David Lee,,,Emeka Okafor,,,,,,,Matt Carroll,,,,,,
Al Harrington,Chris Duhon,David Lee,Quentin Richardson,Wilson Chandler,Boris Diaw,Emeka Okafor,Gerald Wallace,Matt Carroll,Raymond Felton,3,8:53,CHA,rebound,,,,,,,,,,,,,,,,,,
Al Harrington,Chris Duhon,David Lee,Quentin Richardson,Wilson Chandler,Boris Diaw,Emeka Okafor,Gerald Wallace,Matt Carroll,Raymond Felton,3,8:42,CHA,shot,,,,,,,,,,Gerald Wallace,,,,missed,,3pt,46,21
Al Harrington,Chris Duhon,David Lee,Quentin Richardson,Wilson Chandler,Boris Diaw,Emeka Okafor,Gerald Wallace,Matt Carroll,Raymond Felton,3,8:41,CHA,rebound,,,,,,,,,,Emeka Okafor,,,,,,off,,
Al Harrington,Chris Duhon,David Lee,Quentin Richardson,Wilson Chandler,Boris Diaw,Emeka Okafor,Gerald Wallace,Matt Carroll,Raymond Felton,3,8:34,CHA,shot,,,,,,,,,,Matt Carroll,,,,missed,,jump,25,13
Al Harrington,Chris Duhon,David Lee,Quentin Richardson,Wilson Chandler,Boris Diaw,Emeka Okafor,Gerald Wallace,Matt Carroll,Raymond Felton,3,8:33,NYK,rebound,,,,,,,,,,Al Harrington,,,,,,def,,
Al Harrington,Chris Duhon,David Lee,Quentin Richardson,Wilson Chandler,Boris Diaw,Emeka Okafor,Gerald Wallace,Matt Carroll,Raymond Felton,3,8:12,NYK,turnover,,,,,,,,,,Al Harrington,,,traveling,,,,,
Al Harrington,Chris Duhon,David Lee,Quentin Richardson,Wilson Chandler,Boris Diaw,Emeka Okafor,Gerald Wallace,Matt Carroll,Raymond Felton,3,8:00,CHA,foul,,,,,,,,Chris Duhon,,Boris Diaw,,,,,,offensive,,
Al Harrington,Chris Duhon,David Lee,Quentin Richardson,Wilson Chandler,Boris Diaw,Emeka Okafor,Gerald Wallace,Matt Carroll,Raymond Felton,3,8:00,CHA,turnover,,,,,,,,,,Boris Diaw,,,foul,,,,,
Al Harrington,Chris Duhon,David Lee,Quentin Richardson,Wilson Chandler,D.J. Augustin,Emeka Okafor,Gerald Wallace,Matt Carroll,Raymond Felton,3,8:00,CHA,sub,,,,D.J. Augustin,,Boris Diaw,,,,,,,,,,,,
Al Harrington,Chris Duhon,David Lee,Quentin Richardson,Wilson Chandler,D.J. Augustin,Emeka Okafor,Gerald Wallace,Matt Carroll,Raymond Felton,3,7:42,NYK,shot,,,,,,,,,,Al Harrington,2,,,made,,jump,41,16
Al Harrington,Chris Duhon,David Lee,Quentin Richardson,Wilson Chandler,D.J. Augustin,Emeka Okafor,Gerald Wallace,Matt Carroll,Raymond Felton,3,7:21,CHA,shot,,,,,,,,,,Matt Carroll,,,,missed,,3pt,47,18
Al Harrington,Chris Duhon,David Lee,Quentin Richardson,Wilson Chandler,D.J. Augustin,Emeka Okafor,Gerald Wallace,Matt Carroll,Raymond Felton,3,7:20,NYK,rebound,,,,,,,,,,Quentin Richardson,,,,,,def,,
Al Harrington,Chris Duhon,David Lee,Quentin Richardson,Wilson Chandler,D.J. Augustin,Emeka Okafor,Gerald Wallace,Matt Carroll,Raymond Felton,3,7:13,NYK,shot,Quentin Richardson,,,,,,,,,Wilson Chandler,2,,,made,,jump,9,15
Al Harrington,Chris Duhon,David Lee,Quentin Richardson,Wilson Chandler,D.J. Augustin,Emeka Okafor,Gerald Wallace,Matt Carroll,Raymond Felton,3,7:12,CHA,timeout,,,,,,,,,,,,,,,,regular,,
Al Harrington,Chris Duhon,David Lee,Quentin Richardson,Wilson Chandler,D.J. Augustin,Emeka Okafor,Gerald Wallace,Matt Carroll,Raymond Felton,3,6:59,CHA,shot,,,Wilson Chandler,,,,,,,Raymond Felton,,,,missed,,layup,25,6
Al Harrington,Chris Duhon,David Lee,Quentin Richardson,Wilson Chandler,D.J. Augustin,Emeka Okafor,Gerald Wallace,Matt Carroll,Raymond Felton,3,6:57,NYK,rebound,,,,,,,,,,David Lee,,,,,,def,,
Al Harrington,Chris Duhon,David Lee,Quentin Richardson,Wilson Chandler,D.J. Augustin,Emeka Okafor,Gerald Wallace,Matt Carroll,Raymond Felton,3,6:52,NYK,shot,,,,,,,,,,Wilson Chandler,,,,missed,,jump,23,15
Al Harrington,Chris Duhon,David Lee,Quentin Richardson,Wilson Chandler,D.J. Augustin,Emeka Okafor,Gerald Wallace,Matt Carroll,Raymond Felton,3,6:51,CHA,rebound,,,,,,,,,,Gerald Wallace,,,,,,def,,
Al Harrington,Chris Duhon,David Lee,Quentin Richardson,Wilson Chandler,D.J. Augustin,Emeka Okafor,Gerald Wallace,Matt Carroll,Raymond Felton,3,6:45,CHA,shot,,,,,,,,,,Gerald Wallace,2,,,made,,driving layup,25,6
Al Harrington,Chris Duhon,David Lee,Quentin Richardson,Wilson Chandler,D.J. Augustin,Emeka Okafor,Gerald Wallace,Matt Carroll,Raymond Felton,3,6:36,NYK,shot,,,,,,,,,,Al Harrington,,,,missed,,layup,25,6
Al Harrington,Chris Duhon,David Lee,Quentin Richardson,Wilson Chandler,D.J. Augustin,Emeka Okafor,Gerald Wallace,Matt Carroll,Raymond Felton,3,6:35,CHA,rebound,,,,,,,,,,Emeka Okafor,,,,,,def,,
Al Harrington,Chris Duhon,David Lee,Quentin Richardson,Wilson Chandler,D.J. Augustin,Emeka Okafor,Gerald Wallace,Matt Carroll,Raymond Felton,3,6:29,CHA,shot,,,,,,,,,,Raymond Felton,,,,missed,,layup,25,6
Al Harrington,Chris Duhon,David Lee,Quentin Richardson,Wilson Chandler,D.J. Augustin,Emeka Okafor,Gerald Wallace,Matt Carroll,Raymond Felton,3,6:28,NYK,rebound,,,,,,,,,,David Lee,,,,,,def,,
Al Harrington,Chris Duhon,David Lee,Quentin Richardson,Wilson Chandler,D.J. Augustin,Emeka Okafor,Gerald Wallace,Matt Carroll,Raymond Felton,3,6:06,NYK,shot,,,,,,,,,,Wilson Chandler,,,,missed,,jump,41,20
Al Harrington,Chris Duhon,David Lee,Quentin Richardson,Wilson Chandler,D.J. Augustin,Emeka Okafor,Gerald Wallace,Matt Carroll,Raymond Felton,3,6:04,CHA,rebound,,,,,,,,,,Matt Carroll,,,,,,def,,
Al Harrington,Chris Duhon,David Lee,Quentin Richardson,Wilson Chandler,D.J. Augustin,Emeka Okafor,Gerald Wallace,Matt Carroll,Raymond Felton,3,5:44,CHA,shot,,,,,,,,,,D.J. Augustin,2,,,made,,jump,11,15
Al Harrington,Chris Duhon,David Lee,Quentin Richardson,Wilson Chandler,D.J. Augustin,Emeka Okafor,Gerald Wallace,Matt Carroll,Raymond Felton,3,5:31,NYK,foul,,,,,,,,Matt Carroll,,Wilson Chandler,,,,,,offensive,,
Al Harrington,Chris Duhon,David Lee,Quentin Richardson,Wilson Chandler,D.J. Augustin,Emeka Okafor,Gerald Wallace,Matt Carroll,Raymond Felton,3,5:31,NYK,turnover,,,,,,,,,,Wilson Chandler,,,foul,,,,,
Al Harrington,Chris Duhon,David Lee,Nate Robinson,Quentin Richardson,D.J. Augustin,Emeka Okafor,Gerald Wallace,Matt Carroll,Raymond Felton,3,5:31,NYK,sub,,,,Nate Robinson,,Wilson Chandler,,,,,,,,,,,,
Al Harrington,Chris Duhon,Jared Jeffries,Nate Robinson,Quentin Richardson,D.J. Augustin,Emeka Okafor,Gerald Wallace,Matt Carroll,Raymond Felton,3,5:31,NYK,sub,,,,Jared Jeffries,,David Lee,,,,,,,,,,,,
Al Harrington,Chris Duhon,Jared Jeffries,Nate Robinson,Quentin Richardson,D.J. Augustin,Emeka Okafor,Gerald Wallace,Matt Carroll,Sean Singletary,3,5:31,CHA,sub,,,,Sean Singletary,,Raymond Felton,,,,,,,,,,,,
Al Harrington,Chris Duhon,Jared Jeffries,Nate Robinson,Quentin Richardson,D.J. Augustin,Emeka Okafor,Gerald Wallace,Matt Carroll,Sean Singletary,3,5:06,CHA,shot,Sean Singletary,,,,,,,,,Emeka Okafor,2,,,made,,jump,13,10
Al Harrington,Chris Duhon,Jared Jeffries,Nate Robinson,Quentin Richardson,D.J. Augustin,Emeka Okafor,Gerald Wallace,Matt Carroll,Sean Singletary,3,4:58,NYK,shot,,,,,,,,,,Jared Jeffries,,,,missed,,layup,25,6
Al Harrington,Chris Duhon,Jared Jeffries,Nate Robinson,Quentin Richardson,D.J. Augustin,Emeka Okafor,Gerald Wallace,Matt Carroll,Sean Singletary,3,4:56,CHA,rebound,,,,,,,,,,Emeka Okafor,,,,,,def,,
Al Harrington,Chris Duhon,Jared Jeffries,Nate Robinson,Quentin Richardson,D.J. Augustin,Emeka Okafor,Gerald Wallace,Matt Carroll,Sean Singletary,3,4:51,CHA,shot,,,,,,,,,,Sean Singletary,,,,missed,,layup,25,6
Al Harrington,Chris Duhon,Jared Jeffries,Nate Robinson,Quentin Richardson,D.J. Augustin,Emeka Okafor,Gerald Wallace,Matt Carroll,Sean Singletary,3,4:51,NYK,rebound,,,,,,,,,,,,,,,,,,
Al Harrington,Chris Duhon,Jared Jeffries,Nate Robinson,Quentin Richardson,D.J. Augustin,Emeka Okafor,Gerald Wallace,Matt Carroll,Sean Singletary,3,4:33,NYK,shot,,,,,,,,,,Quentin Richardson,,,,missed,,hook,32,11
Al Harrington,Chris Duhon,Jared Jeffries,Nate Robinson,Quentin Richardson,D.J. Augustin,Emeka Okafor,Gerald Wallace,Matt Carroll,Sean Singletary,3,4:31,CHA,rebound,,,,,,,,,,Matt Carroll,,,,,,def,,
Al Harrington,Chris Duhon,Jared Jeffries,Nate Robinson,Quentin Richardson,D.J. Augustin,Emeka Okafor,Gerald Wallace,Matt Carroll,Sean Singletary,3,4:25,CHA,shot,,,,,,,,,,Matt Carroll,,,,missed,,layup,25,6
Al Harrington,Chris Duhon,Jared Jeffries,Nate Robinson,Quentin Richardson,D.J. Augustin,Emeka Okafor,Gerald Wallace,Matt Carroll,Sean Singletary,3,4:23,CHA,shot,,,,,,,,,,Emeka Okafor,,,,missed,,tip,25,6
Al Harrington,Chris Duhon,Jared Jeffries,Nate Robinson,Quentin Richardson,D.J. Augustin,Emeka Okafor,Gerald Wallace,Matt Carroll,Sean Singletary,3,4:23,CHA,rebound,,,,,,,,,,Emeka Okafor,,,,,,off,,
Al Harrington,Chris Duhon,Jared Jeffries,Nate Robinson,Quentin Richardson,D.J. Augustin,Emeka Okafor,Gerald Wallace,Matt Carroll,Sean Singletary,3,4:21,CHA,rebound,,,,,,,,,,Emeka Okafor,,,,,,off,,
Al Harrington,Chris Duhon,Jared Jeffries,Nate Robinson,Quentin Richardson,D.J. Augustin,Emeka Okafor,Gerald Wallace,Matt Carroll,Sean Singletary,3,4:06,CHA,turnover,,,,,,,,,,Matt Carroll,,,traveling,,,,,
Al Harrington,Chris Duhon,Jared Jeffries,Nate Robinson,Quentin Richardson,D.J. Augustin,Emeka Okafor,Gerald Wallace,Raymond Felton,Sean Singletary,3,4:06,CHA,sub,,,,Raymond Felton,,Matt Carroll,,,,,,,,,,,,
Al Harrington,Chris Duhon,Jared Jeffries,Nate Robinson,Quentin Richardson,D.J. Augustin,Emeka Okafor,Gerald Wallace,Raymond Felton,Sean Singletary,3,3:55,NYK,shot,,,,,,,,,,Chris Duhon,3,,,made,,3pt,23,33
Al Harrington,Chris Duhon,Jared Jeffries,Nate Robinson,Quentin Richardson,D.J. Augustin,Emeka Okafor,Gerald Wallace,Raymond Felton,Sean Singletary,3,3:31,NYK,foul,,,,,,,,Emeka Okafor,,Quentin Richardson,,,,,,shooting,,
Chris Duhon,David Lee,Jared Jeffries,Nate Robinson,Quentin Richardson,D.J. Augustin,Emeka Okafor,Gerald Wallace,Raymond Felton,Sean Singletary,3,3:31,NYK,sub,,,,David Lee,,Al Harrington,,,,,,,,,,,,
Chris Duhon,David Lee,Jared Jeffries,Nate Robinson,Quentin Richardson,D.J. Augustin,Emeka Okafor,Gerald Wallace,Raymond Felton,Sean Singletary,3,3:31,CHA,free throw,,,,,,,1,,2,Emeka Okafor,,,foul,missed,,,,
Chris Duhon,David Lee,Jared Jeffries,Nate Robinson,Quentin Richardson,D.J. Augustin,Emeka Okafor,Gerald Wallace,Raymond Felton,Sean Singletary,3,3:31,CHA,rebound,,,,,,,,,,,,,,,,,,
Chris Duhon,David Lee,Jared Jeffries,Nate Robinson,Quentin Richardson,D.J. Augustin,Emeka Okafor,Gerald Wallace,Raymond Felton,Sean Singletary,3,3:31,CHA,free throw,,,,,,,2,,2,Emeka Okafor,,,foul,made,,,,
Chris Duhon,David Lee,Jared Jeffries,Nate Robinson,Quentin Richardson,D.J. Augustin,Emeka Okafor,Gerald Wallace,Raymond Felton,Sean Singletary,3,3:12,NYK,shot,,,,,,,,,,David Lee,,,,missed,,layup,25,6
Chris Duhon,David Lee,Jared Jeffries,Nate Robinson,Quentin Richardson,D.J. Augustin,Emeka Okafor,Gerald Wallace,Raymond Felton,Sean Singletary,3,3:09,NYK,shot,,,,,,,,,,Jared Jeffries,,,,missed,,tip,25,6
Chris Duhon,David Lee,Jared Jeffries,Nate Robinson,Quentin Richardson,D.J. Augustin,Emeka Okafor,Gerald Wallace,Raymond Felton,Sean Singletary,3,3:09,NYK,rebound,,,,,,,,,,Jared Jeffries,,,,,,off,,
Chris Duhon,David Lee,Jared Jeffries,Nate Robinson,Quentin Richardson,D.J. Augustin,Emeka Okafor,Gerald Wallace,Raymond Felton,Sean Singletary,3,3:08,CHA,rebound,,,,,,,,,,Gerald Wallace,,,,,,def,,
Chris Duhon,David Lee,Jared Jeffries,Nate Robinson,Quentin Richardson,D.J. Augustin,Emeka Okafor,Gerald Wallace,Raymond Felton,Sean Singletary,3,3:04,CHA,shot,Gerald Wallace,,,,,,,,,Emeka Okafor,2,,,made,,dunk,25,6
Chris Duhon,David Lee,Jared Jeffries,Nate Robinson,Quentin Richardson,D.J. Augustin,Emeka Okafor,Gerald Wallace,Raymond Felton,Sean Singletary,3,2:46,NYK,shot,,,,,,,,,,Chris Duhon,2,,,made,,floating jump,21,14
Chris Duhon,David Lee,Jared Jeffries,Nate Robinson,Quentin Richardson,D.J. Augustin,Emeka Okafor,Gerald Wallace,Raymond Felton,Sean Singletary,3,2:27,CHA,turnover,,,,,,,,,,Raymond Felton,,,bad pass,,Quentin Richardson,,,
Chris Duhon,David Lee,Jared Jeffries,Nate Robinson,Quentin Richardson,D.J. Augustin,Emeka Okafor,Gerald Wallace,Raymond Felton,Sean Singletary,3,2:19,NYK,shot,,,,,,,,,,Chris Duhon,,,,missed,,3pt,39,32
Chris Duhon,David Lee,Jared Jeffries,Nate Robinson,Quentin Richardson,D.J. Augustin,Emeka Okafor,Gerald Wallace,Raymond Felton,Sean Singletary,3,2:18,CHA,rebound,,,,,,,,,,Emeka Okafor,,,,,,def,,
Chris Duhon,David Lee,Jared Jeffries,Nate Robinson,Quentin Richardson,D.J. Augustin,Emeka Okafor,Gerald Wallace,Raymond Felton,Sean Singletary,3,2:10,NYK,foul,,,,,,,,Gerald Wallace,,Nate Robinson,,,,,,shooting,,
Chris Duhon,David Lee,Jared Jeffries,Nate Robinson,Quentin Richardson,D.J. Augustin,Emeka Okafor,Gerald Wallace,Raymond Felton,Sean Singletary,3,2:10,NYK,timeout,,,,,,,,,,,,,,,,regular,,
Chris Duhon,David Lee,Jared Jeffries,Nate Robinson,Quentin Richardson,D.J. Augustin,Gerald Wallace,Raymond Felton,Ryan Hollins,Sean Singletary,3,2:10,CHA,sub,,,,Ryan Hollins,,Emeka Okafor,,,,,,,,,,,,
Chris Duhon,David Lee,Jared Jeffries,Nate Robinson,Wilson Chandler,D.J. Augustin,Gerald Wallace,Raymond Felton,Ryan Hollins,Sean Singletary,3,2:10,NYK,sub,,,,Wilson Chandler,,Quentin Richardson,,,,,,,,,,,,
Chris Duhon,David Lee,Jared Jeffries,Nate Robinson,Wilson Chandler,D.J. Augustin,Gerald Wallace,Raymond Felton,Ryan Hollins,Sean Singletary,3,2:10,CHA,free throw,,,,,,,1,,2,Gerald Wallace,,,foul,missed,,,,
Chris Duhon,David Lee,Jared Jeffries,Nate Robinson,Wilson Chandler,D.J. Augustin,Gerald Wallace,Raymond Felton,Ryan Hollins,Sean Singletary,3,2:10,CHA,rebound,,,,,,,,,,,,,,,,,,
Chris Duhon,David Lee,Jared Jeffries,Nate Robinson,Wilson Chandler,D.J. Augustin,Gerald Wallace,Raymond Felton,Ryan Hollins,Sean Singletary,3,2:10,CHA,free throw,,,,,,,2,,2,Gerald Wallace,,,foul,made,,,,
Chris Duhon,David Lee,Jared Jeffries,Nate Robinson,Wilson Chandler,D.J. Augustin,Gerald Wallace,Raymond Felton,Ryan Hollins,Sean Singletary,3,1:57,NYK,turnover,,,,,,,,,,Nate Robinson,,,traveling,,,,,
Chris Duhon,David Lee,Jared Jeffries,Nate Robinson,Wilson Chandler,D.J. Augustin,Gerald Wallace,Raymond Felton,Ryan Hollins,Sean Singletary,3,1:37,CHA,shot,Raymond Felton,,,,,,,,,Gerald Wallace,2,,,made,,jump,33,26
Chris Duhon,David Lee,Jared Jeffries,Nate Robinson,Wilson Chandler,D.J. Augustin,Gerald Wallace,Raymond Felton,Ryan Hollins,Sean Singletary,3,1:22,NYK,shot,,,,,,,,,,Nate Robinson,,,,missed,,3pt,42,26
Chris Duhon,David Lee,Jared Jeffries,Nate Robinson,Wilson Chandler,D.J. Augustin,Gerald Wallace,Raymond Felton,Ryan Hollins,Sean Singletary,3,1:21,CHA,rebound,,,,,,,,,,Sean Singletary,,,,,,def,,
Chris Duhon,David Lee,Jared Jeffries,Nate Robinson,Wilson Chandler,D.J. Augustin,Gerald Wallace,Raymond Felton,Ryan Hollins,Sean Singletary,3,1:12,CHA,turnover,,,,,,,,,,Sean Singletary,,,bad pass,,Wilson Chandler,,,
Chris Duhon,David Lee,Jared Jeffries,Nate Robinson,Wilson Chandler,D.J. Augustin,Gerald Wallace,Raymond Felton,Ryan Hollins,Sean Singletary,3,0:57,NYK,shot,Nate Robinson,,,,,,,,,Jared Jeffries,2,,,made,,jump,33,24
Chris Duhon,David Lee,Jared Jeffries,Nate Robinson,Wilson Chandler,D.J. Augustin,Gerald Wallace,Raymond Felton,Ryan Hollins,Sean Singletary,3,0:41,CHA,shot,,,,,,,,,,Sean Singletary,,,,missed,,3pt,6,25
Chris Duhon,David Lee,Jared Jeffries,Nate Robinson,Wilson Chandler,D.J. Augustin,Gerald Wallace,Raymond Felton,Ryan Hollins,Sean Singletary,3,0:40,NYK,rebound,,,,,,,,,,Wilson Chandler,,,,,,def,,
Chris Duhon,David Lee,Jared Jeffries,Nate Robinson,Wilson Chandler,D.J. Augustin,Gerald Wallace,Raymond Felton,Ryan Hollins,Sean Singletary,3,0:25,NYK,shot,,,,,,,,,,David Lee,,,,missed,,jump,33,19
Chris Duhon,David Lee,Jared Jeffries,Nate Robinson,Wilson Chandler,D.J. Augustin,Gerald Wallace,Raymond Felton,Ryan Hollins,Sean Singletary,3,0:23,CHA,rebound,,,,,,,,,,Raymond Felton,,,,,,def,,
Chris Duhon,David Lee,Jared Jeffries,Nate Robinson,Wilson Chandler,D.J. Augustin,Gerald Wallace,Raymond Felton,Ryan Hollins,Sean Singletary,3,0:21,CHA,timeout,,,,,,,,,,,,,,,,short,,
Chris Duhon,David Lee,Jared Jeffries,Nate Robinson,Wilson Chandler,D.J. Augustin,Gerald Wallace,Matt Carroll,Raymond Felton,Ryan Hollins,3,0:21,CHA,sub,,,,Matt Carroll,,Sean Singletary,,,,,,,,,,,,
Chris Duhon,David Lee,Jared Jeffries,Nate Robinson,Wilson Chandler,Adam Morrison,D.J. Augustin,Gerald Wallace,Matt Carroll,Raymond Felton,3,0:21,CHA,sub,,,,Adam Morrison,,Ryan Hollins,,,,,,,,,,,,
Chris Duhon,Jared Jeffries,Nate Robinson,Quentin Richardson,Wilson Chandler,Adam Morrison,D.J. Augustin,Gerald Wallace,Matt Carroll,Raymond Felton,3,0:21,NYK,sub,,,,Quentin Richardson,,David Lee,,,,,,,,,,,,
Chris Duhon,Jared Jeffries,Nate Robinson,Quentin Richardson,Wilson Chandler,Adam Morrison,D.J. Augustin,Gerald Wallace,Matt Carroll,Raymond Felton,3,0:07,CHA,shot,Raymond Felton,,,,,,,,,Gerald Wallace,2,,,made,,layup,25,6
Chris Duhon,Jared Jeffries,Nate Robinson,Quentin Richardson,Wilson Chandler,Adam Morrison,D.J. Augustin,Gerald Wallace,Matt Carroll,Raymond Felton,3,0:00,NYK,turnover,,,,,,,,,,Nate Robinson,,,lost ball,,Raymond Felton,,,
Chris Duhon,Jared Jeffries,Nate Robinson,Quentin Richardson,Wilson Chandler,Adam Morrison,D.J. Augustin,Gerald Wallace,Matt Carroll,Raymond Felton,3,0:00,CHA,shot,,,,,,,,,,D.J. Augustin,,,,missed,,3pt,8,53
Chris Duhon,Jared Jeffries,Nate Robinson,Quentin Richardson,Wilson Chandler,Adam Morrison,D.J. Augustin,Gerald Wallace,Matt Carroll,Raymond Felton,3,0:00,CHA,rebound,,,,,,,,,,,,,,,,,,
Chris Duhon,David Lee,Jared Jeffries,Nate Robinson,Wilson Chandler,Adam Morrison,Boris Diaw,D.J. Augustin,Gerald Wallace,Sean Singletary,4,11:47,NYK,shot,,,,,,,,,,Nate Robinson,,,,missed,,jump,20,24
Chris Duhon,David Lee,Jared Jeffries,Nate Robinson,Wilson Chandler,Adam Morrison,Boris Diaw,D.J. Augustin,Gerald Wallace,Sean Singletary,4,11:45,CHA,rebound,,,,,,,,,,,,,,,,,,
Chris Duhon,David Lee,Jared Jeffries,Nate Robinson,Wilson Chandler,Adam Morrison,Boris Diaw,D.J. Augustin,Gerald Wallace,Sean Singletary,4,11:28,NYK,foul,,,,,,,,Boris Diaw,,Nate Robinson,,,,,,personal,,
Chris Duhon,David Lee,Jared Jeffries,Nate Robinson,Wilson Chandler,Adam Morrison,Boris Diaw,D.J. Augustin,Gerald Wallace,Sean Singletary,4,11:18,CHA,shot,,,,,,,,,,Sean Singletary,,,,missed,,3pt,49,9
Chris Duhon,David Lee,Jared Jeffries,Nate Robinson,Wilson Chandler,Adam Morrison,Boris Diaw,D.J. Augustin,Gerald Wallace,Sean Singletary,4,11:18,NYK,rebound,,,,,,,,,,Nate Robinson,,,,,,def,,
Chris Duhon,David Lee,Jared Jeffries,Nate Robinson,Wilson Chandler,Adam Morrison,Boris Diaw,D.J. Augustin,Gerald Wallace,Sean Singletary,4,11:18,CHA,foul,,,,,,,,Nate Robinson,,Sean Singletary,,,,,,personal,,
Chris Duhon,David Lee,Jared Jeffries,Nate Robinson,Wilson Chandler,Adam Morrison,Boris Diaw,D.J. Augustin,Gerald Wallace,Sean Singletary,4,11:03,NYK,turnover,,,,,,,,,,Wilson Chandler,,,traveling,,,,,
Chris Duhon,David Lee,Jared Jeffries,Nate Robinson,Wilson Chandler,Adam Morrison,Boris Diaw,D.J. Augustin,Gerald Wallace,Sean Singletary,4,10:40,CHA,turnover,,,,,,,,,,Sean Singletary,,,bad pass,,Chris Duhon,,,
Chris Duhon,David Lee,Jared Jeffries,Nate Robinson,Wilson Chandler,Adam Morrison,Boris Diaw,D.J. Augustin,Gerald Wallace,Sean Singletary,4,10:35,NYK,shot,,,Gerald Wallace,,,,,,,David Lee,,,,missed,,layup,25,6
Chris Duhon,David Lee,Jared Jeffries,Nate Robinson,Wilson Chandler,Adam Morrison,Boris Diaw,D.J. Augustin,Gerald Wallace,Sean Singletary,4,10:32,NYK,shot,,,,,,,,,,Jared Jeffries,2,,,made,,tip,25,6
Chris Duhon,David Lee,Jared Jeffries,Nate Robinson,Wilson Chandler,Adam Morrison,Boris Diaw,D.J. Augustin,Gerald Wallace,Sean Singletary,4,10:32,NYK,rebound,,,,,,,,,,Jared Jeffries,,,,,,off,,
Chris Duhon,David Lee,Jared Jeffries,Nate Robinson,Wilson Chandler,Adam Morrison,Boris Diaw,D.J. Augustin,Gerald Wallace,Sean Singletary,4,10:07,CHA,turnover,,,,,,,,,,Boris Diaw,,,lost ball,,Jared Jeffries,,,
Chris Duhon,David Lee,Jared Jeffries,Nate Robinson,Wilson Chandler,Adam Morrison,Boris Diaw,D.J. Augustin,Gerald Wallace,Sean Singletary,4,10:05,NYK,shot,,,Adam Morrison,,,,,,,Wilson Chandler,,,,missed,,layup,25,6
Chris Duhon,David Lee,Jared Jeffries,Nate Robinson,Wilson Chandler,Adam Morrison,Boris Diaw,D.J. Augustin,Gerald Wallace,Sean Singletary,4,10:05,OFF,jump ball,,Wilson Chandler,,,Adam Morrison,,,,,,,David Lee,,,,,,
Chris Duhon,David Lee,Jared Jeffries,Nate Robinson,Wilson Chandler,Adam Morrison,Boris Diaw,D.J. Augustin,Gerald Wallace,Sean Singletary,4,10:05,NYK,rebound,,,,,,,,,,,,,,,,,,
Chris Duhon,David Lee,Jared Jeffries,Nate Robinson,Wilson Chandler,Adam Morrison,Boris Diaw,D.J. Augustin,Gerald Wallace,Sean Singletary,4,9:56,NYK,shot,,,,,,,,,,Nate Robinson,2,,,made,,jump,33,22
Chris Duhon,David Lee,Jared Jeffries,Nate Robinson,Wilson Chandler,Adam Morrison,Boris Diaw,D.J. Augustin,Gerald Wallace,Sean Singletary,4,9:41,CHA,shot,,,,,,,,,,Sean Singletary,,,,missed,,jump,7,14
Chris Duhon,David Lee,Jared Jeffries,Nate Robinson,Wilson Chandler,Adam Morrison,Boris Diaw,D.J. Augustin,Gerald Wallace,Sean Singletary,4,9:38,NYK,rebound,,,,,,,,,,Chris Duhon,,,,,,def,,
Chris Duhon,David Lee,Jared Jeffries,Nate Robinson,Wilson Chandler,Adam Morrison,Boris Diaw,D.J. Augustin,Gerald Wallace,Sean Singletary,4,9:26,NYK,shot,,,,,,,,,,Nate Robinson,,,,missed,,3pt,44,27
Chris Duhon,David Lee,Jared Jeffries,Nate Robinson,Wilson Chandler,Adam Morrison,Boris Diaw,D.J. Augustin,Gerald Wallace,Sean Singletary,4,9:23,CHA,rebound,,,,,,,,,,Gerald Wallace,,,,,,def,,
Chris Duhon,David Lee,Jared Jeffries,Nate Robinson,Wilson Chandler,Adam Morrison,Boris Diaw,D.J. Augustin,Gerald Wallace,Sean Singletary,4,9:12,NYK,foul,,,,,,,,Gerald Wallace,,Jared Jeffries,,,,,,personal,,
Al Harrington,Chris Duhon,David Lee,Jared Jeffries,Nate Robinson,Adam Morrison,Boris Diaw,D.J. Augustin,Gerald Wallace,Sean Singletary,4,9:12,NYK,sub,,,,Al Harrington,,Wilson Chandler,,,,,,,,,,,,
Al Harrington,Chris Duhon,David Lee,Jared Jeffries,Nate Robinson,Adam Morrison,Boris Diaw,D.J. Augustin,Gerald Wallace,Raymond Felton,4,9:12,CHA,sub,,,,Raymond Felton,,Sean Singletary,,,,,,,,,,,,
Al Harrington,Chris Duhon,David Lee,Jared Jeffries,Nate Robinson,Boris Diaw,D.J. Augustin,Emeka Okafor,Gerald Wallace,Raymond Felton,4,9:12,CHA,sub,,,,Emeka Okafor,,Adam Morrison,,,,,,,,,,,,
Al Harrington,Chris Duhon,David Lee,Jared Jeffries,Nate Robinson,Boris Diaw,D.J. Augustin,Emeka Okafor,Gerald Wallace,Raymond Felton,4,9:00,CHA,shot,D.J. Augustin,,,,,,,,,Raymond Felton,2,,,made,,jump,42,11
Al Harrington,Chris Duhon,David Lee,Jared Jeffries,Nate Robinson,Boris Diaw,D.J. Augustin,Emeka Okafor,Gerald Wallace,Raymond Felton,4,8:45,NYK,shot,,,,,,,,,,Al Harrington,,,,missed,,jump,38,20
Al Harrington,Chris Duhon,David Lee,Jared Jeffries,Nate Robinson,Boris Diaw,D.J. Augustin,Emeka Okafor,Gerald Wallace,Raymond Felton,4,8:42,NYK,rebound,,,,,,,,,,David Lee,,,,,,off,,
Al Harrington,Chris Duhon,David Lee,Jared Jeffries,Nate Robinson,Boris Diaw,D.J. Augustin,Emeka Okafor,Gerald Wallace,Raymond Felton,4,8:32,NYK,shot,Chris Duhon,,,,,,,,,Jared Jeffries,2,,,made,,layup,25,6
Al Harrington,Chris Duhon,David Lee,Jared Jeffries,Nate Robinson,Boris Diaw,D.J. Augustin,Emeka Okafor,Gerald Wallace,Raymond Felton,4,8:11,CHA,shot,,,,,,,,,,Gerald Wallace,,,,missed,,3pt,9,26
Al Harrington,Chris Duhon,David Lee,Jared Jeffries,Nate Robinson,Boris Diaw,D.J. Augustin,Emeka Okafor,Gerald Wallace,Raymond Felton,4,8:09,NYK,rebound,,,,,,,,,,David Lee,,,,,,def,,
Al Harrington,Chris Duhon,David Lee,Jared Jeffries,Nate Robinson,Boris Diaw,D.J. Augustin,Emeka Okafor,Gerald Wallace,Raymond Felton,4,7:58,NYK,shot,,,,,,,,,,Al Harrington,,,,missed,,3pt,13,29
Al Harrington,Chris Duhon,David Lee,Jared Jeffries,Nate Robinson,Boris Diaw,D.J. Augustin,Emeka Okafor,Gerald Wallace,Raymond Felton,4,7:57,CHA,rebound,,,,,,,,,,Emeka Okafor,,,,,,def,,
Al Harrington,Chris Duhon,David Lee,Jared Jeffries,Nate Robinson,Boris Diaw,D.J. Augustin,Emeka Okafor,Gerald Wallace,Raymond Felton,4,7:46,CHA,shot,,,,,,,,,,D.J. Augustin,2,,,made,,fade away jumper,19,15
Al Harrington,Chris Duhon,David Lee,Jared Jeffries,Nate Robinson,Boris Diaw,D.J. Augustin,Emeka Okafor,Gerald Wallace,Raymond Felton,4,7:24,NYK,turnover,,,,,,,,,,Chris Duhon,,,bad pass,,Gerald Wallace,,,
Al Harrington,Chris Duhon,David Lee,Jared Jeffries,Nate Robinson,Boris Diaw,D.J. Augustin,Emeka Okafor,Gerald Wallace,Raymond Felton,4,7:15,CHA,shot,Raymond Felton,,,,,,,,,Boris Diaw,3,,,made,,3pt,37,29
Al Harrington,Chris Duhon,David Lee,Jared Jeffries,Nate Robinson,Boris Diaw,D.J. Augustin,Emeka Okafor,Gerald Wallace,Raymond Felton,4,7:15,NYK,timeout,,,,,,,,,,,,,,,,regular,,
Al Harrington,David Lee,Jared Jeffries,Nate Robinson,Quentin Richardson,Boris Diaw,D.J. Augustin,Emeka Okafor,Gerald Wallace,Raymond Felton,4,7:15,NYK,sub,,,,Quentin Richardson,,Chris Duhon,,,,,,,,,,,,
Al Harrington,David Lee,Jared Jeffries,Nate Robinson,Quentin Richardson,Boris Diaw,D.J. Augustin,Emeka Okafor,Gerald Wallace,Raymond Felton,4,6:54,NYK,shot,,,,,,,,,,Quentin Richardson,2,,,made,,layup,25,6
Al Harrington,David Lee,Jared Jeffries,Nate Robinson,Quentin Richardson,Boris Diaw,D.J. Augustin,Emeka Okafor,Gerald Wallace,Raymond Felton,4,6:39,NYK,foul,,,,,,,,Boris Diaw,,Al Harrington,,,,,,personal,,
Al Harrington,David Lee,Jared Jeffries,Nate Robinson,Quentin Richardson,Boris Diaw,D.J. Augustin,Emeka Okafor,Gerald Wallace,Raymond Felton,4,6:33,CHA,shot,Raymond Felton,,,,,,,,,Boris Diaw,3,,,made,,3pt,35,31
Al Harrington,David Lee,Jared Jeffries,Nate Robinson,Quentin Richardson,Boris Diaw,D.J. Augustin,Emeka Okafor,Gerald Wallace,Raymond Felton,4,6:13,NYK,shot,,,,,,,,,,Nate Robinson,,,,missed,,3pt,19,32
Al Harrington,David Lee,Jared Jeffries,Nate Robinson,Quentin Richardson,Boris Diaw,D.J. Augustin,Emeka Okafor,Gerald Wallace,Raymond Felton,4,6:11,NYK,rebound,,,,,,,,,,David Lee,,,,,,off,,
Al Harrington,David Lee,Jared Jeffries,Nate Robinson,Quentin Richardson,Boris Diaw,D.J. Augustin,Emeka Okafor,Gerald Wallace,Raymond Felton,4,6:01,CHA,foul,,,,,,,,Quentin Richardson,,Raymond Felton,,,,,,personal,,
Al Harrington,David Lee,Jared Jeffries,Nate Robinson,Quentin Richardson,Boris Diaw,D.J. Augustin,Emeka Okafor,Gerald Wallace,Raymond Felton,4,5:56,NYK,turnover,,,,,,,,,,Nate Robinson,,,bad pass,,,,,
Al Harrington,David Lee,Jared Jeffries,Nate Robinson,Quentin Richardson,Boris Diaw,D.J. Augustin,Emeka Okafor,Gerald Wallace,Raymond Felton,4,5:56,OFF,timeout,,,,,,,,,,,,,,,,official,,
Al Harrington,Chris Duhon,David Lee,Jared Jeffries,Quentin Richardson,Boris Diaw,D.J. Augustin,Emeka Okafor,Gerald Wallace,Raymond Felton,4,5:56,NYK,sub,,,,Chris Duhon,,Nate Robinson,,,,,,,,,,,,
Al Harrington,Chris Duhon,David Lee,Jared Jeffries,Quentin Richardson,Boris Diaw,D.J. Augustin,Emeka Okafor,Gerald Wallace,Raymond Felton,4,5:45,CHA,shot,,,,,,,,,,Boris Diaw,,,,missed,,3pt,34,30
Al Harrington,Chris Duhon,David Lee,Jared Jeffries,Quentin Richardson,Boris Diaw,D.J. Augustin,Emeka Okafor,Gerald Wallace,Raymond Felton,4,5:43,CHA,rebound,,,,,,,,,,Emeka Okafor,,,,,,off,,
Al Harrington,Chris Duhon,David Lee,Jared Jeffries,Quentin Richardson,Boris Diaw,D.J. Augustin,Emeka Okafor,Gerald Wallace,Raymond Felton,4,5:37,NYK,foul,,,,,,,,Raymond Felton,,Al Harrington,,,,,,shooting,,
Al Harrington,Chris Duhon,David Lee,Jared Jeffries,Quentin Richardson,Boris Diaw,D.J. Augustin,Emeka Okafor,Gerald Wallace,Raymond Felton,4,5:37,CHA,free throw,,,,,,,1,,2,Raymond Felton,,,foul,missed,,,,
Al Harrington,Chris Duhon,David Lee,Jared Jeffries,Quentin Richardson,Boris Diaw,D.J. Augustin,Emeka Okafor,Gerald Wallace,Raymond Felton,4,5:37,CHA,rebound,,,,,,,,,,,,,,,,,,
Al Harrington,Chris Duhon,David Lee,Jared Jeffries,Quentin Richardson,Boris Diaw,D.J. Augustin,Emeka Okafor,Gerald Wallace,Raymond Felton,4,5:37,CHA,free throw,,,,,,,2,,2,Raymond Felton,,,foul,made,,,,
Al Harrington,Chris Duhon,David Lee,Jared Jeffries,Quentin Richardson,Boris Diaw,D.J. Augustin,Emeka Okafor,Gerald Wallace,Raymond Felton,4,5:21,NYK,shot,,,Boris Diaw,,,,,,,Al Harrington,,,,missed,,layup,25,6
Al Harrington,Chris Duhon,David Lee,Jared Jeffries,Quentin Richardson,Boris Diaw,D.J. Augustin,Emeka Okafor,Gerald Wallace,Raymond Felton,4,5:18,NYK,shot,,,,,,,,,,Al Harrington,,,,missed,,tip,25,6
Al Harrington,Chris Duhon,David Lee,Jared Jeffries,Quentin Richardson,Boris Diaw,D.J. Augustin,Emeka Okafor,Gerald Wallace,Raymond Felton,4,5:18,NYK,rebound,,,,,,,,,,Al Harrington,,,,,,off,,
Al Harrington,Chris Duhon,David Lee,Jared Jeffries,Quentin Richardson,Boris Diaw,D.J. Augustin,Emeka Okafor,Gerald Wallace,Raymond Felton,4,5:17,NYK,rebound,,,,,,,,,,Jared Jeffries,,,,,,off,,
Al Harrington,Chris Duhon,David Lee,Jared Jeffries,Quentin Richardson,Boris Diaw,D.J. Augustin,Emeka Okafor,Gerald Wallace,Raymond Felton,4,5:13,NYK,shot,,,,,,,,,,Chris Duhon,,,,missed,,jump,29,18
Al Harrington,Chris Duhon,David Lee,Jared Jeffries,Quentin Richardson,Boris Diaw,D.J. Augustin,Emeka Okafor,Gerald Wallace,Raymond Felton,4,5:09,CHA,rebound,,,,,,,,,,Gerald Wallace,,,,,,def,,
Al Harrington,Chris Duhon,David Lee,Jared Jeffries,Quentin Richardson,Boris Diaw,D.J. Augustin,Emeka Okafor,Gerald Wallace,Raymond Felton,4,5:00,NYK,foul,,,,,,,,Emeka Okafor,,Jared Jeffries,,,,,,shooting,,
Al Harrington,Chris Duhon,David Lee,Jared Jeffries,Quentin Richardson,Boris Diaw,D.J. Augustin,Emeka Okafor,Gerald Wallace,Raymond Felton,4,5:00,CHA,free throw,,,,,,,1,,2,Emeka Okafor,,,foul,made,,,,
Al Harrington,Chris Duhon,David Lee,Jared Jeffries,Wilson Chandler,Boris Diaw,D.J. Augustin,Emeka Okafor,Gerald Wallace,Raymond Felton,4,5:00,NYK,sub,,,,Wilson Chandler,,Quentin Richardson,,,,,,,,,,,,
Al Harrington,Chris Duhon,David Lee,Jared Jeffries,Wilson Chandler,Boris Diaw,D.J. Augustin,Emeka Okafor,Gerald Wallace,Raymond Felton,4,5:00,CHA,free throw,,,,,,,2,,2,Emeka Okafor,,,foul,missed,,,,
Al Harrington,Chris Duhon,David Lee,Jared Jeffries,Wilson Chandler,Boris Diaw,D.J. Augustin,Emeka Okafor,Gerald Wallace,Raymond Felton,4,4:59,NYK,rebound,,,,,,,,,,David Lee,,,,,,def,,
Al Harrington,Chris Duhon,David Lee,Jared Jeffries,Wilson Chandler,Boris Diaw,D.J. Augustin,Emeka Okafor,Gerald Wallace,Raymond Felton,4,4:41,NYK,shot,,,,,,,,,,Al Harrington,,,,missed,,jump,35,23
Al Harrington,Chris Duhon,David Lee,Jared Jeffries,Wilson Chandler,Boris Diaw,D.J. Augustin,Emeka Okafor,Gerald Wallace,Raymond Felton,4,4:38,CHA,rebound,,,,,,,,,,D.J. Augustin,,,,,,def,,
Al Harrington,Chris Duhon,David Lee,Jared Jeffries,Wilson Chandler,Boris Diaw,D.J. Augustin,Emeka Okafor,Gerald Wallace,Raymond Felton,4,4:22,CHA,shot,,,,,,,,,,Gerald Wallace,,,,missed,,3pt,49,9
Al Harrington,Chris Duhon,David Lee,Jared Jeffries,Wilson Chandler,Boris Diaw,D.J. Augustin,Emeka Okafor,Gerald Wallace,Raymond Felton,4,4:20,CHA,rebound,,,,,,,,,,Raymond Felton,,,,,,off,,
Al Harrington,Chris Duhon,David Lee,Jared Jeffries,Wilson Chandler,Boris Diaw,D.J. Augustin,Emeka Okafor,Gerald Wallace,Raymond Felton,4,4:05,CHA,shot,Boris Diaw,,,,,,,,,Raymond Felton,3,,,made,,3pt,24,32
Al Harrington,Chris Duhon,David Lee,Jared Jeffries,Wilson Chandler,Boris Diaw,D.J. Augustin,Emeka Okafor,Gerald Wallace,Raymond Felton,4,3:49,NYK,shot,,,,,,,,,,Jared Jeffries,,,,missed,,jump,6,12
Al Harrington,Chris Duhon,David Lee,Jared Jeffries,Wilson Chandler,Boris Diaw,D.J. Augustin,Emeka Okafor,Gerald Wallace,Raymond Felton,4,3:47,NYK,rebound,,,,,,,,,,David Lee,,,,,,off,,
Al Harrington,Chris Duhon,David Lee,Jared Jeffries,Wilson Chandler,Boris Diaw,D.J. Augustin,Emeka Okafor,Gerald Wallace,Raymond Felton,4,3:46,NYK,shot,,,,,,,,,,Wilson Chandler,2,,,made,,layup,25,6
Al Harrington,Chris Duhon,David Lee,Jared Jeffries,Wilson Chandler,Boris Diaw,D.J. Augustin,Emeka Okafor,Gerald Wallace,Raymond Felton,4,3:46,CHA,foul,,,,,,,,Wilson Chandler,,Raymond Felton,,,,,,shooting,,
Al Harrington,Chris Duhon,David Lee,Nate Robinson,Wilson Chandler,Boris Diaw,D.J. Augustin,Emeka Okafor,Gerald Wallace,Raymond Felton,4,3:46,NYK,sub,,,,Nate Robinson,,Jared Jeffries,,,,,,,,,,,,
Al Harrington,Chris Duhon,David Lee,Nate Robinson,Wilson Chandler,Boris Diaw,D.J. Augustin,Emeka Okafor,Gerald Wallace,Raymond Felton,4,3:46,NYK,free throw,,,,,,,1,,1,Wilson Chandler,,,foul,made,,,,
Al Harrington,Chris Duhon,David Lee,Nate Robinson,Wilson Chandler,Boris Diaw,D.J. Augustin,Emeka Okafor,Gerald Wallace,Raymond Felton,4,3:34,NYK,foul,,,,,,,,D.J. Augustin,,David Lee,,,,,,personal,,
Al Harrington,Chris Duhon,David Lee,Nate Robinson,Wilson Chandler,Boris Diaw,D.J. Augustin,Emeka Okafor,Gerald Wallace,Raymond Felton,4,3:34,CHA,free throw,,,,,,,1,,2,D.J. Augustin,,,foul,made,,,,
Al Harrington,Chris Duhon,David Lee,Nate Robinson,Wilson Chandler,Boris Diaw,D.J. Augustin,Emeka Okafor,Gerald Wallace,Raymond Felton,4,3:34,CHA,free throw,,,,,,,2,,2,D.J. Augustin,,,foul,missed,,,,
Al Harrington,Chris Duhon,David Lee,Nate Robinson,Wilson Chandler,Boris Diaw,D.J. Augustin,Emeka Okafor,Gerald Wallace,Raymond Felton,4,3:33,NYK,rebound,,,,,,,,,,Wilson Chandler,,,,,,def,,
Al Harrington,Chris Duhon,David Lee,Nate Robinson,Wilson Chandler,Boris Diaw,D.J. Augustin,Emeka Okafor,Gerald Wallace,Raymond Felton,4,3:15,NYK,shot,,,,,,,,,,Wilson Chandler,,,,missed,,running jump,18,12
Al Harrington,Chris Duhon,David Lee,Nate Robinson,Wilson Chandler,Boris Diaw,D.J. Augustin,Emeka Okafor,Gerald Wallace,Raymond Felton,4,3:14,CHA,rebound,,,,,,,,,,Boris Diaw,,,,,,def,,
Al Harrington,Chris Duhon,David Lee,Nate Robinson,Wilson Chandler,Boris Diaw,D.J. Augustin,Emeka Okafor,Gerald Wallace,Raymond Felton,4,2:56,CHA,shot,,,Al Harrington,,,,,,,Raymond Felton,,,,missed,,layup,25,6
Al Harrington,Chris Duhon,David Lee,Nate Robinson,Wilson Chandler,Boris Diaw,D.J. Augustin,Emeka Okafor,Gerald Wallace,Raymond Felton,4,2:55,NYK,rebound,,,,,,,,,,Wilson Chandler,,,,,,def,,
Al Harrington,Chris Duhon,David Lee,Nate Robinson,Wilson Chandler,Boris Diaw,D.J. Augustin,Emeka Okafor,Gerald Wallace,Raymond Felton,4,2:50,NYK,shot,,,,,,,,,,Chris Duhon,,,,missed,,3pt,40,29
Al Harrington,Chris Duhon,David Lee,Nate Robinson,Wilson Chandler,Boris Diaw,D.J. Augustin,Emeka Okafor,Gerald Wallace,Raymond Felton,4,2:48,CHA,rebound,,,,,,,,,,Emeka Okafor,,,,,,def,,
Al Harrington,Chris Duhon,David Lee,Nate Robinson,Wilson Chandler,Boris Diaw,D.J. Augustin,Emeka Okafor,Gerald Wallace,Raymond Felton,4,2:28,CHA,shot,,,,,,,,,,Raymond Felton,,,,missed,,3pt,2,13
Al Harrington,Chris Duhon,David Lee,Nate Robinson,Wilson Chandler,Boris Diaw,D.J. Augustin,Emeka Okafor,Gerald Wallace,Raymond Felton,4,2:28,NYK,rebound,,,,,,,,,,,,,,,,,,
Al Harrington,Chris Duhon,David Lee,Nate Robinson,Wilson Chandler,Boris Diaw,D.J. Augustin,Emeka Okafor,Gerald Wallace,Raymond Felton,4,2:28,CHA,foul,,,,,,,,Wilson Chandler,,Gerald Wallace,,,,,,loose ball,,
Al Harrington,Chris Duhon,David Lee,Nate Robinson,Wilson Chandler,Boris Diaw,D.J. Augustin,Emeka Okafor,Gerald Wallace,Raymond Felton,4,2:28,CHA,timeout,,,,,,,,,,,,,,,,regular,,
Chris Duhon,David Lee,Jared Jeffries,Nate Robinson,Wilson Chandler,Boris Diaw,D.J. Augustin,Emeka Okafor,Gerald Wallace,Raymond Felton,4,2:28,NYK,sub,,,,Jared Jeffries,,Al Harrington,,,,,,,,,,,,
Chris Duhon,David Lee,Jared Jeffries,Nate Robinson,Wilson Chandler,Boris Diaw,D.J. Augustin,Emeka Okafor,Gerald Wallace,Raymond Felton,4,2:10,NYK,shot,,,,,,,,,,Wilson Chandler,2,,,made,,driving jump,24,11
Chris Duhon,David Lee,Jared Jeffries,Nate Robinson,Wilson Chandler,Boris Diaw,D.J. Augustin,Emeka Okafor,Gerald Wallace,Raymond Felton,4,1:46,CHA,shot,Gerald Wallace,,,,,,,,,Boris Diaw,3,,,made,,3pt,2,9
Chris Duhon,David Lee,Jared Jeffries,Nate Robinson,Wilson Chandler,Boris Diaw,D.J. Augustin,Emeka Okafor,Gerald Wallace,Raymond Felton,4,1:23,NYK,shot,,,Emeka Okafor,,,,,,,Nate Robinson,,,,missed,,layup,25,6
Chris Duhon,David Lee,Jared Jeffries,Nate Robinson,Wilson Chandler,Boris Diaw,D.J. Augustin,Emeka Okafor,Gerald Wallace,Raymond Felton,4,1:21,CHA,rebound,,,,,,,,,,D.J. Augustin,,,,,,def,,
Chris Duhon,David Lee,Jared Jeffries,Nate Robinson,Wilson Chandler,Boris Diaw,D.J. Augustin,Emeka Okafor,Gerald Wallace,Raymond Felton,4,0:56,CHA,shot,,,,,,,,,,Raymond Felton,,,,missed,,3pt,25,31
Chris Duhon,David Lee,Jared Jeffries,Nate Robinson,Wilson Chandler,Boris Diaw,D.J. Augustin,Emeka Okafor,Gerald Wallace,Raymond Felton,4,0:56,NYK,rebound,,,,,,,,,,Wilson Chandler,,,,,,def,,
Chris Duhon,David Lee,Jared Jeffries,Nate Robinson,Wilson Chandler,Boris Diaw,D.J. Augustin,Emeka Okafor,Gerald Wallace,Raymond Felton,4,0:56,CHA,foul,,,,,,,,Wilson Chandler,,Boris Diaw,,,,,,personal,,
Chris Duhon,David Lee,Jared Jeffries,Nate Robinson,Wilson Chandler,Boris Diaw,D.J. Augustin,Emeka Okafor,Gerald Wallace,Raymond Felton,4,0:56,NYK,free throw,,,,,,,1,,2,Wilson Chandler,,,foul,made,,,,
Chris Duhon,David Lee,Jared Jeffries,Nate Robinson,Wilson Chandler,Boris Diaw,D.J. Augustin,Emeka Okafor,Gerald Wallace,Raymond Felton,4,0:56,NYK,free throw,,,,,,,2,,2,Wilson Chandler,,,foul,made,,,,
Chris Duhon,David Lee,Jared Jeffries,Nate Robinson,Wilson Chandler,Boris Diaw,D.J. Augustin,Emeka Okafor,Gerald Wallace,Raymond Felton,4,0:56,CHA,timeout,,,,,,,,,,,,,,,,regular,,
Chris Duhon,David Lee,Jared Jeffries,Nate Robinson,Wilson Chandler,Boris Diaw,D.J. Augustin,Emeka Okafor,Gerald Wallace,Raymond Felton,4,0:48,CHA,shot,,,Jared Jeffries,,,,,,,Raymond Felton,,,,missed,,layup,25,6
Chris Duhon,David Lee,Jared Jeffries,Nate Robinson,Wilson Chandler,Boris Diaw,D.J. Augustin,Emeka Okafor,Gerald Wallace,Raymond Felton,4,0:44,NYK,rebound,,,,,,,,,,Wilson Chandler,,,,,,def,,
Chris Duhon,David Lee,Jared Jeffries,Nate Robinson,Wilson Chandler,Boris Diaw,D.J. Augustin,Emeka Okafor,Gerald Wallace,Raymond Felton,4,0:38,NYK,timeout,,,,,,,,,,,,,,,,regular,,
Chris Duhon,David Lee,Jared Jeffries,Nate Robinson,Wilson Chandler,Boris Diaw,D.J. Augustin,Emeka Okafor,Gerald Wallace,Raymond Felton,4,0:38,NYK,timeout,,,,,,,,,,,,,,,,short,,
Chris Duhon,David Lee,Jared Jeffries,Nate Robinson,Wilson Chandler,Boris Diaw,D.J. Augustin,Emeka Okafor,Gerald Wallace,Raymond Felton,4,0:31,NYK,shot,,,,,,,,,,Chris Duhon,,,,missed,,layup,25,6
Chris Duhon,David Lee,Jared Jeffries,Nate Robinson,Wilson Chandler,Boris Diaw,D.J. Augustin,Emeka Okafor,Gerald Wallace,Raymond Felton,4,0:29,NYK,rebound,,,,,,,,,,Chris Duhon,,,,,,off,,
Chris Duhon,David Lee,Jared Jeffries,Nate Robinson,Wilson Chandler,Boris Diaw,D.J. Augustin,Emeka Okafor,Gerald Wallace,Raymond Felton,4,0:26,NYK,shot,,,,,,,,,,Chris Duhon,,,,missed,,layup,25,6
Chris Duhon,David Lee,Jared Jeffries,Nate Robinson,Wilson Chandler,Boris Diaw,D.J. Augustin,Emeka Okafor,Gerald Wallace,Raymond Felton,4,0:25,NYK,rebound,,,,,,,,,,Chris Duhon,,,,,,off,,
Chris Duhon,David Lee,Jared Jeffries,Nate Robinson,Wilson Chandler,Boris Diaw,D.J. Augustin,Emeka Okafor,Gerald Wallace,Raymond Felton,4,0:25,CHA,foul,,,,,,,,Chris Duhon,,Boris Diaw,,,,,,personal,,
Chris Duhon,David Lee,Jared Jeffries,Nate Robinson,Wilson Chandler,Adam Morrison,D.J. Augustin,Emeka Okafor,Gerald Wallace,Raymond Felton,4,0:25,CHA,sub,,,,Adam Morrison,,Boris Diaw,,,,,,,,,,,,
Chris Duhon,David Lee,Jared Jeffries,Nate Robinson,Wilson Chandler,Adam Morrison,D.J. Augustin,Emeka Okafor,Gerald Wallace,Raymond Felton,4,0:25,NYK,free throw,,,,,,,1,,2,Chris Duhon,,,foul,made,,,,
Chris Duhon,David Lee,Jared Jeffries,Nate Robinson,Wilson Chandler,Adam Morrison,D.J. Augustin,Emeka Okafor,Gerald Wallace,Raymond Felton,4,0:25,NYK,free throw,,,,,,,2,,2,Chris Duhon,,,foul,made,,,,
Chris Duhon,David Lee,Jared Jeffries,Nate Robinson,Wilson Chandler,Adam Morrison,D.J. Augustin,Emeka Okafor,Gerald Wallace,Raymond Felton,4,0:25,CHA,timeout,,,,,,,,,,,,,,,,short,,
Chris Duhon,David Lee,Jared Jeffries,Nate Robinson,Wilson Chandler,Adam Morrison,D.J. Augustin,Emeka Okafor,Gerald Wallace,Raymond Felton,4,0:21,CHA,shot,,,,,,,,,,Raymond Felton,2,,,made,,driving layup,25,6
Chris Duhon,David Lee,Jared Jeffries,Nate Robinson,Wilson Chandler,Adam Morrison,D.J. Augustin,Emeka Okafor,Gerald Wallace,Raymond Felton,4,0:19,CHA,foul,,,,,,,,Nate Robinson,,Raymond Felton,,,,,,personal,,
Chris Duhon,David Lee,Jared Jeffries,Nate Robinson,Wilson Chandler,Adam Morrison,D.J. Augustin,Emeka Okafor,Gerald Wallace,Raymond Felton,4,0:19,NYK,free throw,,,,,,,1,,2,Nate Robinson,,,foul,made,,,,
Chris Duhon,Jared Jeffries,Nate Robinson,Quentin Richardson,Wilson Chandler,Adam Morrison,D.J. Augustin,Emeka Okafor,Gerald Wallace,Raymond Felton,4,0:19,NYK,sub,,,,Quentin Richardson,,David Lee,,,,,,,,,,,,
Chris Duhon,Jared Jeffries,Nate Robinson,Quentin Richardson,Wilson Chandler,Adam Morrison,D.J. Augustin,Emeka Okafor,Gerald Wallace,Raymond Felton,4,0:19,NYK,free throw,,,,,,,2,,2,Nate Robinson,,,foul,made,,,,
Chris Duhon,Jared Jeffries,Nate Robinson,Quentin Richardson,Wilson Chandler,Adam Morrison,D.J. Augustin,Emeka Okafor,Gerald Wallace,Raymond Felton,4,0:10,CHA,shot,,,,,,,,,,Adam Morrison,,,,missed,,3pt,34,30
Chris Duhon,Jared Jeffries,Nate Robinson,Quentin Richardson,Wilson Chandler,Adam Morrison,D.J. Augustin,Emeka Okafor,Gerald Wallace,Raymond Felton,4,0:07,CHA,rebound,,,,,,,,,,Raymond Felton,,,,,,off,,
Chris Duhon,Jared Jeffries,Nate Robinson,Quentin Richardson,Wilson Chandler,Adam Morrison,D.J. Augustin,Emeka Okafor,Gerald Wallace,Raymond Felton,4,0:03,CHA,shot,,,Jared Jeffries,,,,,,,D.J. Augustin,,,,missed,,3pt,21,32
Chris Duhon,Jared Jeffries,Nate Robinson,Quentin Richardson,Wilson Chandler,Adam Morrison,D.J. Augustin,Emeka Okafor,Gerald Wallace,Raymond Felton,4,0:03,CHA,rebound,,,,,,,,,,D.J. Augustin,,,,,,off,,
Chris Duhon,Jared Jeffries,Nate Robinson,Quentin Richardson,Wilson Chandler,Adam Morrison,D.J. Augustin,Emeka Okafor,Gerald Wallace,Raymond Felton,4,0:02,CHA,shot,,,,,,,,,,D.J. Augustin,,,,missed,,3pt,30,32
Chris Duhon,Jared Jeffries,Nate Robinson,Quentin Richardson,Wilson Chandler,Adam Morrison,D.J. Augustin,Emeka Okafor,Gerald Wallace,Raymond Felton,4,0:01,CHA,shot,,,,,,,,,,Emeka Okafor,,,,missed,,tip,25,6
Chris Duhon,Jared Jeffries,Nate Robinson,Quentin Richardson,Wilson Chandler,Adam Morrison,D.J. Augustin,Emeka Okafor,Gerald Wallace,Raymond Felton,4,0:01,CHA,rebound,,,,,,,,,,Emeka Okafor,,,,,,off,,
Chris Duhon,Jared Jeffries,Nate Robinson,Quentin Richardson,Wilson Chandler,Adam Morrison,D.J. Augustin,Emeka Okafor,Gerald Wallace,Raymond Felton,4,0:00,CHA,rebound,,,,,,,,,,,,,,,,,,
