a1,a2,a3,a4,a5,h1,h2,h3,h4,h5,period,time,team,etype,assist,away,block,entered,home,left,num,opponent,outof,player,points,possession,reason,result,steal,type,x,y
Dwyane Wade,Mario Chalmers,Michael Beasley,Shawn Marion,Udonis Haslem,Chris Duhon,David Lee,Jamal Crawford,Quentin Richardson,Zach Randolph,1,12:00,OFF,jump ball,,Udonis Haslem,,,David Lee,,,,,,,Mario Chalmers,,,,,,
Dwyane Wade,Mario Chalmers,Michael Beasley,Shawn Marion,Udonis Haslem,Chris Duhon,David Lee,Jamal Crawford,Quentin Richardson,Zach Randolph,1,11:46,MIA,shot,,,,,,,,,,Michael Beasley,2,,,made,,driving layup,25,6
Dwyane Wade,Mario Chalmers,Michael Beasley,Shawn Marion,Udonis Haslem,Chris Duhon,David Lee,Jamal Crawford,Quentin Richardson,Zach Randolph,1,11:32,NYK,shot,David Lee,,,,,,,,,Jamal Crawford,2,,,made,,jump,21,24
Dwyane Wade,Mario Chalmers,Michael Beasley,Shawn Marion,Udonis Haslem,Chris Duhon,David Lee,Jamal Crawford,Quentin Richardson,Zach Randolph,1,11:10,MIA,shot,,,,,,,,,,Mario Chalmers,,,,missed,,3pt,13,28
Dwyane Wade,Mario Chalmers,Michael Beasley,Shawn Marion,Udonis Haslem,Chris Duhon,David Lee,Jamal Crawford,Quentin Richardson,Zach Randolph,1,11:08,MIA,rebound,,,,,,,,,,Mario Chalmers,,,,,,off,,
Dwyane Wade,Mario Chalmers,Michael Beasley,Shawn Marion,Udonis Haslem,Chris Duhon,David Lee,Jamal Crawford,Quentin Richardson,Zach Randolph,1,11:02,MIA,shot,,,,,,,,,,Mario Chalmers,,,,missed,,layup,25,6
Dwyane Wade,Mario Chalmers,Michael Beasley,Shawn Marion,Udonis Haslem,Chris Duhon,David Lee,Jamal Crawford,Quentin Richardson,Zach Randolph,1,11:01,MIA,shot,,,,,,,,,,Shawn Marion,,,,missed,,tip,25,6
Dwyane Wade,Mario Chalmers,Michael Beasley,Shawn Marion,Udonis Haslem,Chris Duhon,David Lee,Jamal Crawford,Quentin Richardson,Zach Randolph,1,11:01,MIA,rebound,,,,,,,,,,Shawn Marion,,,,,,off,,
Dwyane Wade,Mario Chalmers,Michael Beasley,Shawn Marion,Udonis Haslem,Chris Duhon,David Lee,Jamal Crawford,Quentin Richardson,Zach Randolph,1,10:58,MIA,rebound,,,,,,,,,,Udonis Haslem,,,,,,off,,
Dwyane Wade,Mario Chalmers,Michael Beasley,Shawn Marion,Udonis Haslem,Chris Duhon,David Lee,Jamal Crawford,Quentin Richardson,Zach Randolph,1,10:49,MIA,shot,,,,,,,,,,Dwyane Wade,,,,missed,,layup,25,6
Dwyane Wade,Mario Chalmers,Michael Beasley,Shawn Marion,Udonis Haslem,Chris Duhon,David Lee,Jamal Crawford,Quentin Richardson,Zach Randolph,1,10:48,NYK,rebound,,,,,,,,,,Quentin Richardson,,,,,,def,,
Dwyane Wade,Mario Chalmers,Michael Beasley,Shawn Marion,Udonis Haslem,Chris Duhon,David Lee,Jamal Crawford,Quentin Richardson,Zach Randolph,1,10:41,NYK,shot,,,,,,,,,,Zach Randolph,,,,missed,,jump,13,22
Dwyane Wade,Mario Chalmers,Michael Beasley,Shawn Marion,Udonis Haslem,Chris Duhon,David Lee,Jamal Crawford,Quentin Richardson,Zach Randolph,1,10:40,NYK,rebound,,,,,,,,,,David Lee,,,,,,off,,
Dwyane Wade,Mario Chalmers,Michael Beasley,Shawn Marion,Udonis Haslem,Chris Duhon,David Lee,Jamal Crawford,Quentin Richardson,Zach Randolph,1,10:34,NYK,shot,Chris Duhon,,,,,,,,,Jamal Crawford,3,,,made,,3pt,9,27
Dwyane Wade,Mario Chalmers,Michael Beasley,Shawn Marion,Udonis Haslem,Chris Duhon,David Lee,Jamal Crawford,Quentin Richardson,Zach Randolph,1,10:19,NYK,foul,,,,,,,,Dwyane Wade,,David Lee,,,,,,shooting,,
Dwyane Wade,Mario Chalmers,Michael Beasley,Shawn Marion,Udonis Haslem,Chris Duhon,David Lee,Jamal Crawford,Quentin Richardson,Zach Randolph,1,10:19,MIA,free throw,,,,,,,1,,2,Dwyane Wade,,,foul,missed,,,,
Dwyane Wade,Mario Chalmers,Michael Beasley,Shawn Marion,Udonis Haslem,Chris Duhon,David Lee,Jamal Crawford,Quentin Richardson,Zach Randolph,1,10:19,MIA,rebound,,,,,,,,,,,,,,,,,,
Dwyane Wade,Mario Chalmers,Michael Beasley,Shawn Marion,Udonis Haslem,Chris Duhon,David Lee,Jamal Crawford,Quentin Richardson,Zach Randolph,1,10:19,MIA,free throw,,,,,,,2,,2,Dwyane Wade,,,foul,made,,,,
Dwyane Wade,Mario Chalmers,Michael Beasley,Shawn Marion,Udonis Haslem,Chris Duhon,David Lee,Jamal Crawford,Quentin Richardson,Zach Randolph,1,10:09,NYK,shot,Chris Duhon,,,,,,,,,Jamal Crawford,2,,,made,,jump,37,25
Dwyane Wade,Mario Chalmers,Michael Beasley,Shawn Marion,Udonis Haslem,Chris Duhon,David Lee,Jamal Crawford,Quentin Richardson,Zach Randolph,1,9:49,MIA,shot,,,,,,,,,,Michael Beasley,,,,missed,,3pt,12,27
Dwyane Wade,Mario Chalmers,Michael Beasley,Shawn Marion,Udonis Haslem,Chris Duhon,David Lee,Jamal Crawford,Quentin Richardson,Zach Randolph,1,9:47,NYK,rebound,,,,,,,,,,Jamal Crawford,,,,,,def,,
Dwyane Wade,Mario Chalmers,Michael Beasley,Shawn Marion,Udonis Haslem,Chris Duhon,David Lee,Jamal Crawford,Quentin Richardson,Zach Randolph,1,9:37,NYK,shot,Quentin Richardson,,,,,,,,,Zach Randolph,2,,,made,,jump,7,4
Dwyane Wade,Mario Chalmers,Michael Beasley,Shawn Marion,Udonis Haslem,Chris Duhon,David Lee,Jamal Crawford,Quentin Richardson,Zach Randolph,1,9:31,MIA,timeout,,,,,,,,,,,,,,,,regular,,
Dwyane Wade,Mario Chalmers,Michael Beasley,Shawn Marion,Udonis Haslem,Chris Duhon,David Lee,Jamal Crawford,Quentin Richardson,Zach Randolph,1,9:20,MIA,shot,Shawn Marion,,,,,,,,,Dwyane Wade,2,,,made,,reverse layup,25,6
Dwyane Wade,Mario Chalmers,Michael Beasley,Shawn Marion,Udonis Haslem,Chris Duhon,David Lee,Jamal Crawford,Quentin Richardson,Zach Randolph,1,9:08,NYK,turnover,,,,,,,,,,Zach Randolph,,,out of bounds lost ball turnover,,,,,
Dwyane Wade,Mario Chalmers,Michael Beasley,Shawn Marion,Udonis Haslem,Chris Duhon,David Lee,Jamal Crawford,Quentin Richardson,Zach Randolph,1,8:51,MIA,shot,,,,,,,,,,Udonis Haslem,,,,missed,,jump,38,19
Dwyane Wade,Mario Chalmers,Michael Beasley,Shawn Marion,Udonis Haslem,Chris Duhon,David Lee,Jamal Crawford,Quentin Richardson,Zach Randolph,1,8:49,NYK,rebound,,,,,,,,,,Jamal Crawford,,,,,,def,,
Dwyane Wade,Mario Chalmers,Michael Beasley,Shawn Marion,Udonis Haslem,Chris Duhon,David Lee,Jamal Crawford,Quentin Richardson,Zach Randolph,1,8:40,NYK,shot,,,,,,,,,,David Lee,,,,missed,,jump,41,16
Dwyane Wade,Mario Chalmers,Michael Beasley,Shawn Marion,Udonis Haslem,Chris Duhon,David Lee,Jamal Crawford,Quentin Richardson,Zach Randolph,1,8:38,MIA,rebound,,,,,,,,,,Dwyane Wade,,,,,,def,,
Dwyane Wade,Mario Chalmers,Michael Beasley,Shawn Marion,Udonis Haslem,Chris Duhon,David Lee,Jamal Crawford,Quentin Richardson,Zach Randolph,1,8:30,MIA,shot,Shawn Marion,,,,,,,,,Dwyane Wade,2,,,made,,jump,40,6
Dwyane Wade,Mario Chalmers,Michael Beasley,Shawn Marion,Udonis Haslem,Chris Duhon,David Lee,Jamal Crawford,Quentin Richardson,Zach Randolph,1,8:16,NYK,shot,Quentin Richardson,,,,,,,,,Jamal Crawford,3,,,made,,3pt,13,30
Dwyane Wade,Mario Chalmers,Michael Beasley,Shawn Marion,Udonis Haslem,Chris Duhon,David Lee,Jamal Crawford,Quentin Richardson,Zach Randolph,1,7:55,NYK,foul,,,,,,,,Shawn Marion,,Jamal Crawford,,,,,,shooting,,
Dwyane Wade,Mario Chalmers,Michael Beasley,Shawn Marion,Udonis Haslem,Chris Duhon,David Lee,Jamal Crawford,Quentin Richardson,Zach Randolph,1,7:55,MIA,free throw,,,,,,,1,,2,Shawn Marion,,,foul,made,,,,
Dwyane Wade,Mario Chalmers,Michael Beasley,Shawn Marion,Udonis Haslem,Chris Duhon,David Lee,Jamal Crawford,Quentin Richardson,Zach Randolph,1,7:55,MIA,free throw,,,,,,,2,,2,Shawn Marion,,,foul,made,,,,
Dwyane Wade,Mario Chalmers,Michael Beasley,Shawn Marion,Udonis Haslem,Chris Duhon,David Lee,Jamal Crawford,Quentin Richardson,Zach Randolph,1,7:39,NYK,shot,,,,,,,,,,Jamal Crawford,,,,missed,,layup,25,6
Dwyane Wade,Mario Chalmers,Michael Beasley,Shawn Marion,Udonis Haslem,Chris Duhon,David Lee,Jamal Crawford,Quentin Richardson,Zach Randolph,1,7:38,MIA,rebound,,,,,,,,,,Udonis Haslem,,,,,,def,,
Dwyane Wade,Mario Chalmers,Michael Beasley,Shawn Marion,Udonis Haslem,Chris Duhon,David Lee,Jamal Crawford,Quentin Richardson,Zach Randolph,1,7:20,MIA,shot,,,,,,,,,,Shawn Marion,,,,missed,,3pt,2,9
Dwyane Wade,Mario Chalmers,Michael Beasley,Shawn Marion,Udonis Haslem,Chris Duhon,David Lee,Jamal Crawford,Quentin Richardson,Zach Randolph,1,7:18,NYK,rebound,,,,,,,,,,David Lee,,,,,,def,,
Dwyane Wade,Mario Chalmers,Michael Beasley,Shawn Marion,Udonis Haslem,Chris Duhon,David Lee,Jamal Crawford,Quentin Richardson,Zach Randolph,1,7:14,NYK,shot,Jamal Crawford,,,,,,,,,Quentin Richardson,2,,,made,,driving layup,25,6
Dwyane Wade,Mario Chalmers,Michael Beasley,Shawn Marion,Udonis Haslem,Chris Duhon,David Lee,Jamal Crawford,Quentin Richardson,Zach Randolph,1,6:59,MIA,shot,,,,,,,,,,Michael Beasley,,,,missed,,3pt,14,28
Dwyane Wade,Mario Chalmers,Michael Beasley,Shawn Marion,Udonis Haslem,Chris Duhon,David Lee,Jamal Crawford,Quentin Richardson,Zach Randolph,1,6:58,NYK,rebound,,,,,,,,,,Quentin Richardson,,,,,,def,,
Dwyane Wade,Mario Chalmers,Michael Beasley,Shawn Marion,Udonis Haslem,Chris Duhon,David Lee,Jamal Crawford,Quentin Richardson,Zach Randolph,1,6:50,NYK,shot,,,Shawn Marion,,,,,,,Zach Randolph,,,,missed,,layup,25,6
Dwyane Wade,Mario Chalmers,Michael Beasley,Shawn Marion,Udonis Haslem,Chris Duhon,David Lee,Jamal Crawford,Quentin Richardson,Zach Randolph,1,6:48,MIA,rebound,,,,,,,,,,Mario Chalmers,,,,,,def,,
Dwyane Wade,Mario Chalmers,Michael Beasley,Shawn Marion,Udonis Haslem,Chris Duhon,David Lee,Jamal Crawford,Quentin Richardson,Zach Randolph,1,6:44,MIA,shot,Mario Chalmers,,,,,,,,,Dwyane Wade,2,,,made,,driving layup,25,6
Dwyane Wade,Mario Chalmers,Michael Beasley,Shawn Marion,Udonis Haslem,Chris Duhon,David Lee,Jamal Crawford,Quentin Richardson,Zach Randolph,1,6:44,NYK,foul,,,,,,,,Dwyane Wade,,Chris Duhon,,,,,,shooting,,
Dwyane Wade,Mario Chalmers,Michael Beasley,Shawn Marion,Udonis Haslem,Chris Duhon,David Lee,Jamal Crawford,Quentin Richardson,Zach Randolph,1,6:44,MIA,free throw,,,,,,,1,,1,Dwyane Wade,,,foul,made,,,,
Dwyane Wade,Mario Chalmers,Michael Beasley,Shawn Marion,Udonis Haslem,Chris Duhon,David Lee,Jamal Crawford,Quentin Richardson,Zach Randolph,1,6:30,NYK,shot,,,,,,,,,,David Lee,,,,missed,,layup,25,6
Dwyane Wade,Mario Chalmers,Michael Beasley,Shawn Marion,Udonis Haslem,Chris Duhon,David Lee,Jamal Crawford,Quentin Richardson,Zach Randolph,1,6:30,MIA,rebound,,,,,,,,,,Shawn Marion,,,,,,def,,
Dwyane Wade,Mario Chalmers,Michael Beasley,Shawn Marion,Udonis Haslem,Chris Duhon,David Lee,Jamal Crawford,Quentin Richardson,Zach Randolph,1,6:17,MIA,shot,,,,,,,,,,Michael Beasley,,,,missed,,jump,25,6
Dwyane Wade,Mario Chalmers,Michael Beasley,Shawn Marion,Udonis Haslem,Chris Duhon,David Lee,Jamal Crawford,Quentin Richardson,Zach Randolph,1,6:14,MIA,shot,,,,,,,,,,Dwyane Wade,,,,missed,,tip,25,6
Dwyane Wade,Mario Chalmers,Michael Beasley,Shawn Marion,Udonis Haslem,Chris Duhon,David Lee,Jamal Crawford,Quentin Richardson,Zach Randolph,1,6:14,MIA,rebound,,,,,,,,,,Dwyane Wade,,,,,,off,,
Dwyane Wade,Mario Chalmers,Michael Beasley,Shawn Marion,Udonis Haslem,Chris Duhon,David Lee,Jamal Crawford,Quentin Richardson,Zach Randolph,1,6:13,MIA,rebound,,,,,,,,,,Shawn Marion,,,,,,off,,
Dwyane Wade,Mario Chalmers,Michael Beasley,Shawn Marion,Udonis Haslem,Chris Duhon,David Lee,Jamal Crawford,Quentin Richardson,Zach Randolph,1,6:12,MIA,shot,,,,,,,,,,Shawn Marion,2,,,made,,tip,25,6
Dwyane Wade,Mario Chalmers,Michael Beasley,Shawn Marion,Udonis Haslem,Chris Duhon,David Lee,Jamal Crawford,Quentin Richardson,Zach Randolph,1,6:02,NYK,shot,,,,,,,,,,Chris Duhon,,,,missed,,layup,25,6
Dwyane Wade,Mario Chalmers,Michael Beasley,Shawn Marion,Udonis Haslem,Chris Duhon,David Lee,Jamal Crawford,Quentin Richardson,Zach Randolph,1,6:01,MIA,rebound,,,,,,,,,,Udonis Haslem,,,,,,def,,
Dwyane Wade,Mario Chalmers,Michael Beasley,Shawn Marion,Udonis Haslem,Chris Duhon,David Lee,Jamal Crawford,Quentin Richardson,Zach Randolph,1,5:51,MIA,shot,,,,,,,,,,Mario Chalmers,,,,missed,,layup,25,6
Dwyane Wade,Mario Chalmers,Michael Beasley,Shawn Marion,Udonis Haslem,Chris Duhon,David Lee,Jamal Crawford,Quentin Richardson,Zach Randolph,1,5:50,MIA,rebound,,,,,,,,,,,,,,,,,,
Dwyane Wade,Mario Chalmers,Michael Beasley,Shawn Marion,Udonis Haslem,Chris Duhon,David Lee,Jamal Crawford,Quentin Richardson,Wilson Chandler,1,5:50,NYK,sub,,,,Wilson Chandler,,Zach Randolph,,,,,,,,,,,,
Dwyane Wade,Mario Chalmers,Michael Beasley,Shawn Marion,Udonis Haslem,Chris Duhon,David Lee,Jamal Crawford,Nate Robinson,Wilson Chandler,1,5:50,NYK,sub,,,,Nate Robinson,,Quentin Richardson,,,,,,,,,,,,
Dwyane Wade,Marcus Banks,Mario Chalmers,Shawn Marion,Udonis Haslem,Chris Duhon,David Lee,Jamal Crawford,Nate Robinson,Wilson Chandler,1,5:50,MIA,sub,,,,Marcus Banks,,Michael Beasley,,,,,,,,,,,,
Dwyane Wade,Marcus Banks,Mario Chalmers,Shawn Marion,Udonis Haslem,Chris Duhon,David Lee,Jamal Crawford,Nate Robinson,Wilson Chandler,1,5:46,MIA,shot,,,,,,,,,,Dwyane Wade,,,,missed,,3pt,40,26
Dwyane Wade,Marcus Banks,Mario Chalmers,Shawn Marion,Udonis Haslem,Chris Duhon,David Lee,Jamal Crawford,Nate Robinson,Wilson Chandler,1,5:44,NYK,rebound,,,,,,,,,,David Lee,,,,,,def,,
Dwyane Wade,Marcus Banks,Mario Chalmers,Shawn Marion,Udonis Haslem,Chris Duhon,David Lee,Jamal Crawford,Nate Robinson,Wilson Chandler,1,5:36,NYK,shot,,,,,,,,,,Nate Robinson,,,,missed,,jump,13,11
Dwyane Wade,Marcus Banks,Mario Chalmers,Shawn Marion,Udonis Haslem,Chris Duhon,David Lee,Jamal Crawford,Nate Robinson,Wilson Chandler,1,5:34,MIA,rebound,,,,,,,,,,Mario Chalmers,,,,,,def,,
Dwyane Wade,Marcus Banks,Mario Chalmers,Shawn Marion,Udonis Haslem,Chris Duhon,David Lee,Jamal Crawford,Nate Robinson,Wilson Chandler,1,5:29,MIA,shot,,,,,,,,,,Dwyane Wade,,,,missed,,layup,25,6
Dwyane Wade,Marcus Banks,Mario Chalmers,Shawn Marion,Udonis Haslem,Chris Duhon,David Lee,Jamal Crawford,Nate Robinson,Wilson Chandler,1,5:28,NYK,rebound,,,,,,,,,,David Lee,,,,,,def,,
Dwyane Wade,Marcus Banks,Mario Chalmers,Shawn Marion,Udonis Haslem,Chris Duhon,David Lee,Jamal Crawford,Nate Robinson,Wilson Chandler,1,5:22,NYK,shot,Jamal Crawford,,,,,,,,,Wilson Chandler,2,,,made,,driving layup,25,6
Dwyane Wade,Marcus Banks,Mario Chalmers,Shawn Marion,Udonis Haslem,Chris Duhon,David Lee,Jamal Crawford,Nate Robinson,Wilson Chandler,1,5:22,MIA,foul,,,,,,,,Wilson Chandler,,Mario Chalmers,,,,,,shooting,,
Dwyane Wade,Marcus Banks,Mario Chalmers,Shawn Marion,Udonis Haslem,Chris Duhon,David Lee,Jamal Crawford,Nate Robinson,Wilson Chandler,1,5:22,NYK,free throw,,,,,,,1,,1,Wilson Chandler,,,foul,missed,,,,
Dwyane Wade,Marcus Banks,Mario Chalmers,Shawn Marion,Udonis Haslem,Chris Duhon,David Lee,Jamal Crawford,Nate Robinson,Wilson Chandler,1,5:21,MIA,rebound,,,,,,,,,,Shawn Marion,,,,,,def,,
Dwyane Wade,Marcus Banks,Mario Chalmers,Shawn Marion,Udonis Haslem,Chris Duhon,David Lee,Jamal Crawford,Nate Robinson,Wilson Chandler,1,5:07,MIA,shot,Mario Chalmers,,,,,,,,,Udonis Haslem,2,,,made,,driving dunk,25,6
Dwyane Wade,Marcus Banks,Mario Chalmers,Shawn Marion,Udonis Haslem,Chris Duhon,David Lee,Jamal Crawford,Nate Robinson,Wilson Chandler,1,4:55,MIA,foul,,,,,,,,Jamal Crawford,,Dwyane Wade,,,,,,shooting,,
Dwyane Wade,Marcus Banks,Mario Chalmers,Shawn Marion,Udonis Haslem,Chris Duhon,David Lee,Jamal Crawford,Nate Robinson,Wilson Chandler,1,4:55,NYK,free throw,,,,,,,1,,3,Jamal Crawford,,,foul,made,,,,
Dwyane Wade,Marcus Banks,Mario Chalmers,Shawn Marion,Udonis Haslem,Chris Duhon,David Lee,Jamal Crawford,Nate Robinson,Wilson Chandler,1,4:55,NYK,free throw,,,,,,,2,,3,Jamal Crawford,,,foul,made,,,,
Dwyane Wade,Marcus Banks,Mario Chalmers,Shawn Marion,Udonis Haslem,Chris Duhon,David Lee,Jamal Crawford,Nate Robinson,Wilson Chandler,1,4:55,NYK,free throw,,,,,,,3,,3,Jamal Crawford,,,foul,made,,,,
Dwyane Wade,Marcus Banks,Mario Chalmers,Shawn Marion,Udonis Haslem,Chris Duhon,David Lee,Jamal Crawford,Nate Robinson,Wilson Chandler,1,4:41,MIA,shot,Dwyane Wade,,,,,,,,,Shawn Marion,2,,,made,,jump,13,21
Dwyane Wade,Marcus Banks,Mario Chalmers,Shawn Marion,Udonis Haslem,Chris Duhon,David Lee,Jamal Crawford,Nate Robinson,Wilson Chandler,1,4:35,MIA,violation,,,,,,,,,,Marcus Banks,,,,,,kicked ball,,
Dwyane Wade,Marcus Banks,Mario Chalmers,Shawn Marion,Udonis Haslem,Chris Duhon,David Lee,Jamal Crawford,Nate Robinson,Wilson Chandler,1,4:21,NYK,shot,Wilson Chandler,,,,,,,,,Chris Duhon,3,,,made,,3pt,49,6
Dwyane Wade,Marcus Banks,Mario Chalmers,Shawn Marion,Udonis Haslem,Chris Duhon,David Lee,Jamal Crawford,Nate Robinson,Wilson Chandler,1,3:58,MIA,shot,Dwyane Wade,,,,,,,,,Udonis Haslem,2,,,made,,hook,26,8
Dwyane Wade,Marcus Banks,Mario Chalmers,Shawn Marion,Udonis Haslem,Chris Duhon,David Lee,Jamal Crawford,Nate Robinson,Wilson Chandler,1,3:58,NYK,foul,,,,,,,,Udonis Haslem,,Wilson Chandler,,,,,,shooting,,
Dwyane Wade,Marcus Banks,Mario Chalmers,Shawn Marion,Udonis Haslem,Chris Duhon,David Lee,Jamal Crawford,Nate Robinson,Wilson Chandler,1,3:58,MIA,free throw,,,,,,,1,,1,Udonis Haslem,,,foul,made,,,,
Dwyane Wade,Marcus Banks,Mario Chalmers,Shawn Marion,Udonis Haslem,Chris Duhon,David Lee,Jamal Crawford,Nate Robinson,Wilson Chandler,1,3:47,NYK,shot,,,,,,,,,,Wilson Chandler,,,,missed,,jump,20,11
Dwyane Wade,Marcus Banks,Mario Chalmers,Shawn Marion,Udonis Haslem,Chris Duhon,David Lee,Jamal Crawford,Nate Robinson,Wilson Chandler,1,3:45,MIA,rebound,,,,,,,,,,Shawn Marion,,,,,,def,,
Dwyane Wade,Marcus Banks,Mario Chalmers,Shawn Marion,Udonis Haslem,Chris Duhon,David Lee,Jamal Crawford,Nate Robinson,Wilson Chandler,1,3:29,MIA,shot,Dwyane Wade,,,,,,,,,Udonis Haslem,2,,,made,,layup,25,6
Dwyane Wade,Marcus Banks,Mario Chalmers,Shawn Marion,Udonis Haslem,Chris Duhon,David Lee,Jamal Crawford,Nate Robinson,Wilson Chandler,1,3:11,NYK,shot,Nate Robinson,,,,,,,,,David Lee,2,,,made,,jump,39,6
Dwyane Wade,Marcus Banks,Mario Chalmers,Shawn Marion,Udonis Haslem,Chris Duhon,David Lee,Jamal Crawford,Nate Robinson,Wilson Chandler,1,2:54,MIA,turnover,,,,,,,,,,Dwyane Wade,,,lost ball,,Chris Duhon,,,
Dwyane Wade,Marcus Banks,Mario Chalmers,Shawn Marion,Udonis Haslem,Chris Duhon,David Lee,Jamal Crawford,Nate Robinson,Wilson Chandler,1,2:47,NYK,shot,,,,,,,,,,Jamal Crawford,,,,missed,,jump,32,26
Dwyane Wade,Marcus Banks,Mario Chalmers,Shawn Marion,Udonis Haslem,Chris Duhon,David Lee,Jamal Crawford,Nate Robinson,Wilson Chandler,1,2:45,MIA,rebound,,,,,,,,,,Shawn Marion,,,,,,def,,
Dwyane Wade,Marcus Banks,Mario Chalmers,Shawn Marion,Udonis Haslem,Chris Duhon,David Lee,Jamal Crawford,Nate Robinson,Wilson Chandler,1,2:28,MIA,shot,,,,,,,,,,Dwyane Wade,,,,missed,,jump,40,9
Dwyane Wade,Marcus Banks,Mario Chalmers,Shawn Marion,Udonis Haslem,Chris Duhon,David Lee,Jamal Crawford,Nate Robinson,Wilson Chandler,1,2:26,NYK,rebound,,,,,,,,,,Wilson Chandler,,,,,,def,,
Dwyane Wade,Marcus Banks,Mario Chalmers,Shawn Marion,Udonis Haslem,Chris Duhon,David Lee,Jamal Crawford,Nate Robinson,Wilson Chandler,1,2:19,NYK,turnover,,,,,,,,,,Jamal Crawford,,,bad pass,,,,,
Dwyane Wade,Marcus Banks,Mario Chalmers,Shawn Marion,Udonis Haslem,Chris Duhon,David Lee,Jamal Crawford,Nate Robinson,Wilson Chandler,1,2:19,NYK,timeout,,,,,,,,,,,,,,,,regular,,
Dwyane Wade,Marcus Banks,Mario Chalmers,Shawn Marion,Udonis Haslem,Chris Duhon,Danilo Gallinari,Jamal Crawford,Nate Robinson,Wilson Chandler,1,2:19,NYK,sub,,,,Danilo Gallinari,,David Lee,,,,,,,,,,,,
Dwyane Wade,Marcus Banks,Mario Chalmers,Shawn Marion,Udonis Haslem,Chris Duhon,Danilo Gallinari,Malik Rose,Nate Robinson,Wilson Chandler,1,2:19,NYK,sub,,,,Malik Rose,,Jamal Crawford,,,,,,,,,,,,
Dwyane Wade,Marcus Banks,Mario Chalmers,Mark Blount,Shawn Marion,Chris Duhon,Danilo Gallinari,Malik Rose,Nate Robinson,Wilson Chandler,1,2:19,MIA,sub,,,,Mark Blount,,Udonis Haslem,,,,,,,,,,,,
Marcus Banks,Mario Chalmers,Mark Blount,Shaun Livingston,Shawn Marion,Chris Duhon,Danilo Gallinari,Malik Rose,Nate Robinson,Wilson Chandler,1,2:19,MIA,sub,,,,Shaun Livingston,,Dwyane Wade,,,,,,,,,,,,
Marcus Banks,Mario Chalmers,Mark Blount,Shaun Livingston,Shawn Marion,Chris Duhon,Danilo Gallinari,Malik Rose,Nate Robinson,Wilson Chandler,1,2:05,MIA,shot,Mario Chalmers,,,,,,,,,Mark Blount,2,,,made,,jump,8,4
Marcus Banks,Mario Chalmers,Mark Blount,Shaun Livingston,Shawn Marion,Chris Duhon,Danilo Gallinari,Malik Rose,Nate Robinson,Wilson Chandler,1,1:53,NYK,shot,,,,,,,,,,Danilo Gallinari,,,,missed,,jump,21,28
Marcus Banks,Mario Chalmers,Mark Blount,Shaun Livingston,Shawn Marion,Chris Duhon,Danilo Gallinari,Malik Rose,Nate Robinson,Wilson Chandler,1,1:51,MIA,rebound,,,,,,,,,,Shawn Marion,,,,,,def,,
Marcus Banks,Mario Chalmers,Mark Blount,Shaun Livingston,Shawn Marion,Chris Duhon,Danilo Gallinari,Malik Rose,Nate Robinson,Wilson Chandler,1,1:36,MIA,shot,,,,,,,,,,Mark Blount,,,,missed,,3pt,15,28
Marcus Banks,Mario Chalmers,Mark Blount,Shaun Livingston,Shawn Marion,Chris Duhon,Danilo Gallinari,Malik Rose,Nate Robinson,Wilson Chandler,1,1:34,NYK,rebound,,,,,,,,,,Nate Robinson,,,,,,def,,
Marcus Banks,Mario Chalmers,Mark Blount,Shaun Livingston,Shawn Marion,Chris Duhon,Danilo Gallinari,Malik Rose,Nate Robinson,Wilson Chandler,1,1:27,NYK,shot,Nate Robinson,,,,,,,,,Wilson Chandler,2,,,made,,jump,10,5
Marcus Banks,Mario Chalmers,Mark Blount,Shaun Livingston,Shawn Marion,Chris Duhon,Danilo Gallinari,Malik Rose,Nate Robinson,Wilson Chandler,1,1:10,NYK,foul,,,,,,,,Shaun Livingston,,Danilo Gallinari,,,,,,personal,,
Daequan Cook,Marcus Banks,Mark Blount,Shaun Livingston,Shawn Marion,Chris Duhon,Danilo Gallinari,Malik Rose,Nate Robinson,Wilson Chandler,1,1:10,MIA,sub,,,,Daequan Cook,,Mario Chalmers,,,,,,,,,,,,
Daequan Cook,Marcus Banks,Mark Blount,Shaun Livingston,Shawn Marion,Chris Duhon,Danilo Gallinari,Malik Rose,Nate Robinson,Wilson Chandler,1,1:10,MIA,free throw,,,,,,,1,,2,Shaun Livingston,,,foul,made,,,,
Daequan Cook,Marcus Banks,Mark Blount,Shaun Livingston,Shawn Marion,Chris Duhon,Danilo Gallinari,Malik Rose,Nate Robinson,Wilson Chandler,1,1:10,MIA,free throw,,,,,,,2,,2,Shaun Livingston,,,foul,made,,,,
Daequan Cook,Marcus Banks,Mark Blount,Shaun Livingston,Shawn Marion,Chris Duhon,Danilo Gallinari,Malik Rose,Nate Robinson,Wilson Chandler,1,1:00,NYK,shot,,,,,,,,,,Wilson Chandler,,,,missed,,3pt,38,27
Daequan Cook,Marcus Banks,Mark Blount,Shaun Livingston,Shawn Marion,Chris Duhon,Danilo Gallinari,Malik Rose,Nate Robinson,Wilson Chandler,1,0:59,MIA,rebound,,,,,,,,,,Mark Blount,,,,,,def,,
Daequan Cook,Marcus Banks,Mark Blount,Shaun Livingston,Shawn Marion,Chris Duhon,Danilo Gallinari,Malik Rose,Nate Robinson,Wilson Chandler,1,0:47,MIA,shot,,,,,,,,,,Shawn Marion,,,,missed,,jump,19,11
Daequan Cook,Marcus Banks,Mark Blount,Shaun Livingston,Shawn Marion,Chris Duhon,Danilo Gallinari,Malik Rose,Nate Robinson,Wilson Chandler,1,0:46,NYK,rebound,,,,,,,,,,Malik Rose,,,,,,def,,
Daequan Cook,Marcus Banks,Mark Blount,Shaun Livingston,Shawn Marion,Chris Duhon,Danilo Gallinari,Malik Rose,Nate Robinson,Wilson Chandler,1,0:37,NYK,shot,,,,,,,,,,Danilo Gallinari,,,,missed,,3pt,2,9
Daequan Cook,Marcus Banks,Mark Blount,Shaun Livingston,Shawn Marion,Chris Duhon,Danilo Gallinari,Malik Rose,Nate Robinson,Wilson Chandler,1,0:35,NYK,rebound,,,,,,,,,,Wilson Chandler,,,,,,off,,
Daequan Cook,Marcus Banks,Mark Blount,Shaun Livingston,Shawn Marion,Chris Duhon,Danilo Gallinari,Malik Rose,Nate Robinson,Wilson Chandler,1,0:25,NYK,shot,Nate Robinson,,,,,,,,,Wilson Chandler,2,,,made,,jump,42,5
Daequan Cook,Marcus Banks,Mark Blount,Shaun Livingston,Shawn Marion,Chris Duhon,Danilo Gallinari,Malik Rose,Nate Robinson,Wilson Chandler,1,0:02,MIA,turnover,,,,,,,,,,Shaun Livingston,,,lost ball,,Nate Robinson,,,
Daequan Cook,Marcus Banks,Mark Blount,Shaun Livingston,Shawn Marion,Chris Duhon,Danilo Gallinari,Malik Rose,Nate Robinson,Wilson Chandler,1,0:00,NYK,shot,,,,,,,,,,Nate Robinson,,,,missed,,layup,25,6
Daequan Cook,Marcus Banks,Mark Blount,Shaun Livingston,Shawn Marion,Chris Duhon,Danilo Gallinari,Malik Rose,Nate Robinson,Wilson Chandler,1,0:00,NYK,rebound,,,,,,,,,,,,,,,,,,
Daequan Cook,Marcus Banks,Mark Blount,Michael Beasley,Shaun Livingston,Danilo Gallinari,Malik Rose,Mardy Collins,Nate Robinson,Wilson Chandler,2,11:51,MIA,foul,,,,,,,,Nate Robinson,,Marcus Banks,,,,,,personal,,
Daequan Cook,Marcus Banks,Mark Blount,Michael Beasley,Shaun Livingston,Danilo Gallinari,Malik Rose,Mardy Collins,Nate Robinson,Wilson Chandler,2,11:44,NYK,shot,,,,,,,,,,Nate Robinson,2,,,made,,jump,29,27
Daequan Cook,Marcus Banks,Mark Blount,Michael Beasley,Shaun Livingston,Danilo Gallinari,Malik Rose,Mardy Collins,Nate Robinson,Wilson Chandler,2,11:18,MIA,shot,,,,,,,,,,Michael Beasley,,,,missed,,layup,25,6
Daequan Cook,Marcus Banks,Mark Blount,Michael Beasley,Shaun Livingston,Danilo Gallinari,Malik Rose,Mardy Collins,Nate Robinson,Wilson Chandler,2,11:17,NYK,rebound,,,,,,,,,,Wilson Chandler,,,,,,def,,
Daequan Cook,Marcus Banks,Mark Blount,Michael Beasley,Shaun Livingston,Danilo Gallinari,Malik Rose,Mardy Collins,Nate Robinson,Wilson Chandler,2,11:06,MIA,foul,,,,,,,,Danilo Gallinari,,Daequan Cook,,,,,,personal,,
Daequan Cook,Marcus Banks,Mark Blount,Michael Beasley,Shaun Livingston,Danilo Gallinari,Malik Rose,Mardy Collins,Nate Robinson,Wilson Chandler,2,10:55,NYK,turnover,,,,,,,,,,Mardy Collins,,,lost ball,,Shaun Livingston,,,
Daequan Cook,Marcus Banks,Mark Blount,Michael Beasley,Shaun Livingston,Danilo Gallinari,Malik Rose,Mardy Collins,Nate Robinson,Wilson Chandler,2,10:47,MIA,shot,,,,,,,,,,Marcus Banks,2,,,made,,driving layup,25,6
Daequan Cook,Marcus Banks,Mark Blount,Michael Beasley,Shaun Livingston,Danilo Gallinari,Malik Rose,Mardy Collins,Nate Robinson,Wilson Chandler,2,10:47,NYK,foul,,,,,,,,Marcus Banks,,Malik Rose,,,,,,shooting,,
Daequan Cook,Marcus Banks,Mark Blount,Michael Beasley,Shaun Livingston,Malik Rose,Mardy Collins,Nate Robinson,Quentin Richardson,Wilson Chandler,2,10:47,NYK,sub,,,,Quentin Richardson,,Danilo Gallinari,,,,,,,,,,,,
Daequan Cook,Marcus Banks,Mark Blount,Michael Beasley,Shaun Livingston,Malik Rose,Mardy Collins,Nate Robinson,Quentin Richardson,Wilson Chandler,2,10:47,MIA,free throw,,,,,,,1,,1,Marcus Banks,,,foul,missed,,,,
Daequan Cook,Marcus Banks,Mark Blount,Michael Beasley,Shaun Livingston,Malik Rose,Mardy Collins,Nate Robinson,Quentin Richardson,Wilson Chandler,2,10:46,NYK,rebound,,,,,,,,,,Wilson Chandler,,,,,,def,,
Daequan Cook,Marcus Banks,Mark Blount,Michael Beasley,Shaun Livingston,Malik Rose,Mardy Collins,Nate Robinson,Quentin Richardson,Wilson Chandler,2,10:34,MIA,foul,,,,,,,,Mardy Collins,,Shaun Livingston,,,,,,shooting,,
Daequan Cook,Marcus Banks,Mark Blount,Michael Beasley,Shaun Livingston,Malik Rose,Mardy Collins,Nate Robinson,Quentin Richardson,Wilson Chandler,2,10:34,NYK,free throw,,,,,,,1,,2,Mardy Collins,,,foul,missed,,,,
Daequan Cook,Marcus Banks,Mark Blount,Michael Beasley,Shaun Livingston,Malik Rose,Mardy Collins,Nate Robinson,Quentin Richardson,Wilson Chandler,2,10:34,NYK,rebound,,,,,,,,,,,,,,,,,,
Daequan Cook,Marcus Banks,Mark Blount,Michael Beasley,Shaun Livingston,Malik Rose,Mardy Collins,Nate Robinson,Quentin Richardson,Wilson Chandler,2,10:34,NYK,free throw,,,,,,,2,,2,Mardy Collins,,,foul,missed,,,,
Daequan Cook,Marcus Banks,Mark Blount,Michael Beasley,Shaun Livingston,Malik Rose,Mardy Collins,Nate Robinson,Quentin Richardson,Wilson Chandler,2,10:34,NYK,rebound,,,,,,,,,,Mardy Collins,,,,,,off,,
Daequan Cook,Marcus Banks,Mark Blount,Michael Beasley,Shaun Livingston,Malik Rose,Mardy Collins,Nate Robinson,Quentin Richardson,Wilson Chandler,2,10:17,NYK,shot,,,,,,,,,,Wilson Chandler,,,,missed,,layup,25,6
Daequan Cook,Marcus Banks,Mark Blount,Michael Beasley,Shaun Livingston,Malik Rose,Mardy Collins,Nate Robinson,Quentin Richardson,Wilson Chandler,2,10:16,NYK,rebound,,,,,,,,,,Nate Robinson,,,,,,off,,
Daequan Cook,Marcus Banks,Mark Blount,Michael Beasley,Shaun Livingston,Malik Rose,Mardy Collins,Nate Robinson,Quentin Richardson,Wilson Chandler,2,9:59,NYK,foul,,,,,,,,Daequan Cook,,Malik Rose,,,,,,offensive,,
Daequan Cook,Marcus Banks,Mark Blount,Michael Beasley,Shaun Livingston,Malik Rose,Mardy Collins,Nate Robinson,Quentin Richardson,Wilson Chandler,2,9:59,NYK,turnover,,,,,,,,,,Malik Rose,,,foul,,,,,
Daequan Cook,Dwyane Wade,Marcus Banks,Mark Blount,Michael Beasley,Malik Rose,Mardy Collins,Nate Robinson,Quentin Richardson,Wilson Chandler,2,9:59,MIA,sub,,,,Dwyane Wade,,Shaun Livingston,,,,,,,,,,,,
Daequan Cook,Dwyane Wade,Marcus Banks,Mark Blount,Michael Beasley,Malik Rose,Mardy Collins,Nate Robinson,Quentin Richardson,Wilson Chandler,2,9:41,NYK,foul,,,,,,,,Marcus Banks,,Wilson Chandler,,,,,,shooting,,
Daequan Cook,Dwyane Wade,Marcus Banks,Mark Blount,Michael Beasley,Malik Rose,Mardy Collins,Nate Robinson,Quentin Richardson,Wilson Chandler,2,9:41,MIA,free throw,,,,,,,1,,2,Marcus Banks,,,foul,made,,,,
Daequan Cook,Dwyane Wade,Marcus Banks,Mark Blount,Michael Beasley,Malik Rose,Mardy Collins,Nate Robinson,Quentin Richardson,Wilson Chandler,2,9:41,MIA,free throw,,,,,,,2,,2,Marcus Banks,,,foul,made,,,,
Daequan Cook,Dwyane Wade,Marcus Banks,Mark Blount,Michael Beasley,Malik Rose,Mardy Collins,Nate Robinson,Quentin Richardson,Wilson Chandler,2,9:25,NYK,shot,,,,,,,,,,Malik Rose,,,,missed,,layup,25,6
Daequan Cook,Dwyane Wade,Marcus Banks,Mark Blount,Michael Beasley,Malik Rose,Mardy Collins,Nate Robinson,Quentin Richardson,Wilson Chandler,2,9:24,NYK,shot,,,,,,,,,,Wilson Chandler,2,,,made,,putback slam dunk,25,6
Daequan Cook,Dwyane Wade,Marcus Banks,Mark Blount,Michael Beasley,Malik Rose,Mardy Collins,Nate Robinson,Quentin Richardson,Wilson Chandler,2,9:24,NYK,rebound,,,,,,,,,,Wilson Chandler,,,,,,off,,
Daequan Cook,Dwyane Wade,Marcus Banks,Mark Blount,Michael Beasley,Malik Rose,Mardy Collins,Nate Robinson,Quentin Richardson,Wilson Chandler,2,9:17,MIA,turnover,,,,,,,,,,Dwyane Wade,,,bad pass,,Nate Robinson,,,
Daequan Cook,Dwyane Wade,Marcus Banks,Mark Blount,Michael Beasley,Malik Rose,Mardy Collins,Nate Robinson,Quentin Richardson,Wilson Chandler,2,9:14,NYK,shot,,,,,,,,,,Nate Robinson,2,,,made,,finger roll layup,25,6
Daequan Cook,Dwyane Wade,Marcus Banks,Mark Blount,Michael Beasley,Malik Rose,Mardy Collins,Nate Robinson,Quentin Richardson,Wilson Chandler,2,8:54,MIA,shot,,,,,,,,,,Michael Beasley,2,,,made,,driving layup,25,6
Daequan Cook,Dwyane Wade,Marcus Banks,Mark Blount,Michael Beasley,Malik Rose,Mardy Collins,Nate Robinson,Quentin Richardson,Wilson Chandler,2,8:44,NYK,turnover,,,,,,,,,,Quentin Richardson,,,lost ball,,Daequan Cook,,,
Daequan Cook,Dwyane Wade,Marcus Banks,Mark Blount,Michael Beasley,Malik Rose,Mardy Collins,Nate Robinson,Quentin Richardson,Wilson Chandler,2,8:39,NYK,foul,,,,,,,,Dwyane Wade,,Nate Robinson,,,,,,personal,,
Daequan Cook,Dwyane Wade,Marcus Banks,Mark Blount,Michael Beasley,Malik Rose,Mardy Collins,Nate Robinson,Quentin Richardson,Wilson Chandler,2,8:39,OFF,timeout,,,,,,,,,,,,,,,,official,,
Daequan Cook,Dwyane Wade,Marcus Banks,Mark Blount,Michael Beasley,Malik Rose,Mardy Collins,Quentin Richardson,Wilson Chandler,Zach Randolph,2,8:39,NYK,sub,,,,Zach Randolph,,Nate Robinson,,,,,,,,,,,,
Daequan Cook,Dwyane Wade,Marcus Banks,Mark Blount,Michael Beasley,Jamal Crawford,Mardy Collins,Quentin Richardson,Wilson Chandler,Zach Randolph,2,8:39,NYK,sub,,,,Jamal Crawford,,Malik Rose,,,,,,,,,,,,
Daequan Cook,Dwyane Wade,Marcus Banks,Mark Blount,Michael Beasley,Jamal Crawford,Mardy Collins,Quentin Richardson,Wilson Chandler,Zach Randolph,2,8:28,MIA,shot,,,,,,,,,,Dwyane Wade,,,,missed,,layup,25,6
Daequan Cook,Dwyane Wade,Marcus Banks,Mark Blount,Michael Beasley,Jamal Crawford,Mardy Collins,Quentin Richardson,Wilson Chandler,Zach Randolph,2,8:27,NYK,rebound,,,,,,,,,,Zach Randolph,,,,,,def,,
Daequan Cook,Dwyane Wade,Marcus Banks,Mark Blount,Michael Beasley,Jamal Crawford,Mardy Collins,Quentin Richardson,Wilson Chandler,Zach Randolph,2,8:13,NYK,shot,,,,,,,,,,Jamal Crawford,,,,missed,,3pt,38,28
Daequan Cook,Dwyane Wade,Marcus Banks,Mark Blount,Michael Beasley,Jamal Crawford,Mardy Collins,Quentin Richardson,Wilson Chandler,Zach Randolph,2,8:11,MIA,rebound,,,,,,,,,,Daequan Cook,,,,,,def,,
Daequan Cook,Dwyane Wade,Marcus Banks,Mark Blount,Michael Beasley,Jamal Crawford,Mardy Collins,Quentin Richardson,Wilson Chandler,Zach Randolph,2,8:00,NYK,foul,,,,,,,,,,Wilson Chandler,,,,,,defense 3 second,,
Daequan Cook,Dwyane Wade,Marcus Banks,Mark Blount,Michael Beasley,Jamal Crawford,Mardy Collins,Quentin Richardson,Wilson Chandler,Zach Randolph,2,8:00,MIA,free throw,,,,,,,1,,1,Marcus Banks,,,technical,made,,,,
Daequan Cook,Dwyane Wade,Marcus Banks,Mark Blount,Michael Beasley,Jamal Crawford,Mardy Collins,Quentin Richardson,Wilson Chandler,Zach Randolph,2,7:52,NYK,foul,,,,,,,,Dwyane Wade,,Quentin Richardson,,,,,,personal,,
Daequan Cook,Dwyane Wade,Marcus Banks,Mark Blount,Michael Beasley,Jamal Crawford,Mardy Collins,Quentin Richardson,Wilson Chandler,Zach Randolph,2,7:46,MIA,turnover,,,,,,,,,,Michael Beasley,,,lost ball,,Jamal Crawford,,,
Daequan Cook,Dwyane Wade,Marcus Banks,Mark Blount,Michael Beasley,Jamal Crawford,Mardy Collins,Quentin Richardson,Wilson Chandler,Zach Randolph,2,7:35,NYK,shot,Mardy Collins,,,,,,,,,Quentin Richardson,3,,,made,,3pt,1,6
Daequan Cook,Dwyane Wade,Marcus Banks,Mark Blount,Michael Beasley,Jamal Crawford,Mardy Collins,Quentin Richardson,Wilson Chandler,Zach Randolph,2,7:16,NYK,foul,,,,,,,,Mark Blount,,Wilson Chandler,,,,,,personal,,
Daequan Cook,Dwyane Wade,Marcus Banks,Mark Blount,Michael Beasley,Jamal Crawford,Mardy Collins,Quentin Richardson,Wilson Chandler,Zach Randolph,2,7:16,MIA,free throw,,,,,,,1,,2,Mark Blount,,,foul,missed,,,,
Daequan Cook,Dwyane Wade,Marcus Banks,Mark Blount,Michael Beasley,Jamal Crawford,Mardy Collins,Quentin Richardson,Wilson Chandler,Zach Randolph,2,7:16,MIA,rebound,,,,,,,,,,,,,,,,,,
Daequan Cook,Dwyane Wade,Marcus Banks,Mark Blount,Michael Beasley,David Lee,Jamal Crawford,Mardy Collins,Quentin Richardson,Zach Randolph,2,7:16,NYK,sub,,,,David Lee,,Wilson Chandler,,,,,,,,,,,,
Daequan Cook,Dwyane Wade,Marcus Banks,Mark Blount,Michael Beasley,Chris Duhon,David Lee,Jamal Crawford,Quentin Richardson,Zach Randolph,2,7:16,NYK,sub,,,,Chris Duhon,,Mardy Collins,,,,,,,,,,,,
Daequan Cook,Dwyane Wade,Marcus Banks,Mark Blount,Michael Beasley,Chris Duhon,David Lee,Jamal Crawford,Quentin Richardson,Zach Randolph,2,7:16,MIA,free throw,,,,,,,2,,2,Mark Blount,,,foul,made,,,,
Daequan Cook,Dwyane Wade,Marcus Banks,Mark Blount,Michael Beasley,Chris Duhon,David Lee,Jamal Crawford,Quentin Richardson,Zach Randolph,2,7:00,NYK,shot,,,,,,,,,,Zach Randolph,,,,missed,,jump,4,9
Daequan Cook,Dwyane Wade,Marcus Banks,Mark Blount,Michael Beasley,Chris Duhon,David Lee,Jamal Crawford,Quentin Richardson,Zach Randolph,2,6:58,MIA,rebound,,,,,,,,,,Michael Beasley,,,,,,def,,
Daequan Cook,Dwyane Wade,Marcus Banks,Mark Blount,Michael Beasley,Chris Duhon,David Lee,Jamal Crawford,Quentin Richardson,Zach Randolph,2,6:43,MIA,shot,,,,,,,,,,Marcus Banks,2,,,made,,driving layup,25,6
Daequan Cook,Dwyane Wade,Marcus Banks,Mark Blount,Michael Beasley,Chris Duhon,David Lee,Jamal Crawford,Quentin Richardson,Zach Randolph,2,6:23,NYK,shot,,,,,,,,,,Quentin Richardson,,,,missed,,3pt,23,31
Daequan Cook,Dwyane Wade,Marcus Banks,Mark Blount,Michael Beasley,Chris Duhon,David Lee,Jamal Crawford,Quentin Richardson,Zach Randolph,2,6:22,MIA,rebound,,,,,,,,,,,,,,,,,,
Daequan Cook,Dwyane Wade,Marcus Banks,Michael Beasley,Udonis Haslem,Chris Duhon,David Lee,Jamal Crawford,Quentin Richardson,Zach Randolph,2,6:22,MIA,sub,,,,Udonis Haslem,,Mark Blount,,,,,,,,,,,,
Daequan Cook,Dwyane Wade,Marcus Banks,Michael Beasley,Udonis Haslem,Chris Duhon,David Lee,Jamal Crawford,Quentin Richardson,Zach Randolph,2,6:07,MIA,shot,,,,,,,,,,Michael Beasley,,,,missed,,layup,25,6
Daequan Cook,Dwyane Wade,Marcus Banks,Michael Beasley,Udonis Haslem,Chris Duhon,David Lee,Jamal Crawford,Quentin Richardson,Zach Randolph,2,6:06,MIA,shot,,,,,,,,,,Udonis Haslem,2,,,made,,tip,25,6
Daequan Cook,Dwyane Wade,Marcus Banks,Michael Beasley,Udonis Haslem,Chris Duhon,David Lee,Jamal Crawford,Quentin Richardson,Zach Randolph,2,6:06,MIA,rebound,,,,,,,,,,Udonis Haslem,,,,,,off,,
Daequan Cook,Dwyane Wade,Marcus Banks,Michael Beasley,Udonis Haslem,Chris Duhon,David Lee,Jamal Crawford,Quentin Richardson,Zach Randolph,2,5:58,NYK,turnover,,,,,,,,,,Jamal Crawford,,,bad pass,,Marcus Banks,,,
Daequan Cook,Dwyane Wade,Marcus Banks,Michael Beasley,Udonis Haslem,Chris Duhon,David Lee,Jamal Crawford,Quentin Richardson,Zach Randolph,2,5:53,MIA,shot,,,,,,,,,,Marcus Banks,,,,missed,,jump,16,23
Daequan Cook,Dwyane Wade,Marcus Banks,Michael Beasley,Udonis Haslem,Chris Duhon,David Lee,Jamal Crawford,Quentin Richardson,Zach Randolph,2,5:52,MIA,rebound,,,,,,,,,,,,,,,,,,
Daequan Cook,Dwyane Wade,Marcus Banks,Michael Beasley,Udonis Haslem,Chris Duhon,David Lee,Jamal Crawford,Quentin Richardson,Zach Randolph,2,5:52,NYK,foul,,,,,,,,Udonis Haslem,,David Lee,,,,,,loose ball,,
Daequan Cook,Dwyane Wade,Marcus Banks,Michael Beasley,Udonis Haslem,Chris Duhon,David Lee,Jamal Crawford,Quentin Richardson,Zach Randolph,2,5:52,NYK,timeout,,,,,,,,,,,,,,,,regular,,
Dwyane Wade,Marcus Banks,Michael Beasley,Shawn Marion,Udonis Haslem,Chris Duhon,David Lee,Jamal Crawford,Quentin Richardson,Zach Randolph,2,5:52,MIA,sub,,,,Shawn Marion,,Daequan Cook,,,,,,,,,,,,
Dwyane Wade,Marcus Banks,Michael Beasley,Shawn Marion,Udonis Haslem,Chris Duhon,David Lee,Jamal Crawford,Quentin Richardson,Zach Randolph,2,5:52,MIA,free throw,,,,,,,1,,2,Udonis Haslem,,,foul,missed,,,,
Dwyane Wade,Marcus Banks,Michael Beasley,Shawn Marion,Udonis Haslem,Chris Duhon,David Lee,Jamal Crawford,Quentin Richardson,Zach Randolph,2,5:52,MIA,rebound,,,,,,,,,,,,,,,,,,
Dwyane Wade,Marcus Banks,Michael Beasley,Shawn Marion,Udonis Haslem,Chris Duhon,David Lee,Jamal Crawford,Quentin Richardson,Zach Randolph,2,5:52,MIA,free throw,,,,,,,2,,2,Udonis Haslem,,,foul,made,,,,
Dwyane Wade,Marcus Banks,Michael Beasley,Shawn Marion,Udonis Haslem,Chris Duhon,David Lee,Jamal Crawford,Quentin Richardson,Zach Randolph,2,5:43,NYK,shot,David Lee,,,,,,,,,Zach Randolph,2,,,made,,jump,38,14
Dwyane Wade,Marcus Banks,Michael Beasley,Shawn Marion,Udonis Haslem,Chris Duhon,David Lee,Jamal Crawford,Quentin Richardson,Zach Randolph,2,5:29,MIA,shot,,,,,,,,,,Dwyane Wade,,,,missed,,jump,30,14
Dwyane Wade,Marcus Banks,Michael Beasley,Shawn Marion,Udonis Haslem,Chris Duhon,David Lee,Jamal Crawford,Quentin Richardson,Zach Randolph,2,5:27,NYK,rebound,,,,,,,,,,Zach Randolph,,,,,,def,,
Dwyane Wade,Marcus Banks,Michael Beasley,Shawn Marion,Udonis Haslem,Chris Duhon,David Lee,Jamal Crawford,Quentin Richardson,Zach Randolph,2,5:13,NYK,shot,,,,,,,,,,Zach Randolph,,,,missed,,jump,25,12
Dwyane Wade,Marcus Banks,Michael Beasley,Shawn Marion,Udonis Haslem,Chris Duhon,David Lee,Jamal Crawford,Quentin Richardson,Zach Randolph,2,5:11,MIA,rebound,,,,,,,,,,Michael Beasley,,,,,,def,,
Dwyane Wade,Marcus Banks,Michael Beasley,Shawn Marion,Udonis Haslem,Chris Duhon,David Lee,Jamal Crawford,Quentin Richardson,Zach Randolph,2,5:03,MIA,shot,,,,,,,,,,Udonis Haslem,,,,missed,,layup,25,6
Dwyane Wade,Marcus Banks,Michael Beasley,Shawn Marion,Udonis Haslem,Chris Duhon,David Lee,Jamal Crawford,Quentin Richardson,Zach Randolph,2,5:01,NYK,rebound,,,,,,,,,,Zach Randolph,,,,,,def,,
Dwyane Wade,Marcus Banks,Michael Beasley,Shawn Marion,Udonis Haslem,Chris Duhon,David Lee,Jamal Crawford,Quentin Richardson,Zach Randolph,2,4:54,NYK,shot,,,,,,,,,,Jamal Crawford,2,,,made,,running jump,28,9
Dwyane Wade,Marcus Banks,Michael Beasley,Shawn Marion,Udonis Haslem,Chris Duhon,David Lee,Jamal Crawford,Quentin Richardson,Zach Randolph,2,4:34,MIA,shot,,,,,,,,,,Dwyane Wade,,,,missed,,3pt,45,20
Dwyane Wade,Marcus Banks,Michael Beasley,Shawn Marion,Udonis Haslem,Chris Duhon,David Lee,Jamal Crawford,Quentin Richardson,Zach Randolph,2,4:32,NYK,rebound,,,,,,,,,,Jamal Crawford,,,,,,def,,
Dwyane Wade,Marcus Banks,Michael Beasley,Shawn Marion,Udonis Haslem,Chris Duhon,David Lee,Jamal Crawford,Quentin Richardson,Zach Randolph,2,4:23,NYK,shot,Jamal Crawford,,,,,,,,,Zach Randolph,2,,,made,,jump,18,8
Dwyane Wade,Marcus Banks,Michael Beasley,Shawn Marion,Udonis Haslem,Chris Duhon,David Lee,Jamal Crawford,Quentin Richardson,Zach Randolph,2,4:09,MIA,timeout,,,,,,,,,,,,,,,,regular,,
Dwyane Wade,Mario Chalmers,Michael Beasley,Shawn Marion,Udonis Haslem,Chris Duhon,David Lee,Jamal Crawford,Quentin Richardson,Zach Randolph,2,4:09,MIA,sub,,,,Mario Chalmers,,Marcus Banks,,,,,,,,,,,,
Dwyane Wade,Mario Chalmers,Michael Beasley,Shawn Marion,Udonis Haslem,Chris Duhon,David Lee,Jamal Crawford,Quentin Richardson,Zach Randolph,2,3:56,MIA,shot,,,,,,,,,,Shawn Marion,,,,missed,,jump,13,12
Dwyane Wade,Mario Chalmers,Michael Beasley,Shawn Marion,Udonis Haslem,Chris Duhon,David Lee,Jamal Crawford,Quentin Richardson,Zach Randolph,2,3:55,NYK,rebound,,,,,,,,,,David Lee,,,,,,def,,
Dwyane Wade,Mario Chalmers,Michael Beasley,Shawn Marion,Udonis Haslem,Chris Duhon,David Lee,Jamal Crawford,Quentin Richardson,Zach Randolph,2,3:55,MIA,foul,,,,,,,,David Lee,,Udonis Haslem,,,,,,loose ball,,
Dwyane Wade,Mario Chalmers,Michael Beasley,Shawn Marion,Udonis Haslem,Chris Duhon,David Lee,Jamal Crawford,Quentin Richardson,Zach Randolph,2,3:46,NYK,shot,Quentin Richardson,,,,,,,,,Jamal Crawford,2,,,made,,turnaround jump,38,6
Dwyane Wade,Mario Chalmers,Michael Beasley,Shawn Marion,Udonis Haslem,Chris Duhon,David Lee,Jamal Crawford,Quentin Richardson,Zach Randolph,2,3:33,MIA,turnover,,,,,,,,,,Shawn Marion,,,bad pass,,Zach Randolph,,,
Dwyane Wade,Mario Chalmers,Michael Beasley,Shawn Marion,Udonis Haslem,Chris Duhon,David Lee,Jamal Crawford,Quentin Richardson,Zach Randolph,2,3:21,NYK,shot,,,,,,,,,,Chris Duhon,,,,missed,,jump,14,27
Dwyane Wade,Mario Chalmers,Michael Beasley,Shawn Marion,Udonis Haslem,Chris Duhon,David Lee,Jamal Crawford,Quentin Richardson,Zach Randolph,2,3:19,MIA,rebound,,,,,,,,,,Dwyane Wade,,,,,,def,,
Dwyane Wade,Mario Chalmers,Michael Beasley,Shawn Marion,Udonis Haslem,Chris Duhon,David Lee,Jamal Crawford,Quentin Richardson,Zach Randolph,2,3:13,MIA,shot,,,,,,,,,,Dwyane Wade,,,,missed,,3pt,13,29
Dwyane Wade,Mario Chalmers,Michael Beasley,Shawn Marion,Udonis Haslem,Chris Duhon,David Lee,Jamal Crawford,Quentin Richardson,Zach Randolph,2,3:11,NYK,rebound,,,,,,,,,,David Lee,,,,,,def,,
Dwyane Wade,Mario Chalmers,Michael Beasley,Shawn Marion,Udonis Haslem,Chris Duhon,David Lee,Jamal Crawford,Quentin Richardson,Zach Randolph,2,3:02,NYK,shot,,,,,,,,,,Zach Randolph,,,,missed,,jump,5,5
Dwyane Wade,Mario Chalmers,Michael Beasley,Shawn Marion,Udonis Haslem,Chris Duhon,David Lee,Jamal Crawford,Quentin Richardson,Zach Randolph,2,2:59,NYK,shot,,,,,,,,,,Quentin Richardson,,,,missed,,tip,25,6
Dwyane Wade,Mario Chalmers,Michael Beasley,Shawn Marion,Udonis Haslem,Chris Duhon,David Lee,Jamal Crawford,Quentin Richardson,Zach Randolph,2,2:59,NYK,rebound,,,,,,,,,,Quentin Richardson,,,,,,off,,
Dwyane Wade,Mario Chalmers,Michael Beasley,Shawn Marion,Udonis Haslem,Chris Duhon,David Lee,Jamal Crawford,Quentin Richardson,Zach Randolph,2,2:57,MIA,rebound,,,,,,,,,,Dwyane Wade,,,,,,def,,
Dwyane Wade,Mario Chalmers,Michael Beasley,Shawn Marion,Udonis Haslem,Chris Duhon,David Lee,Jamal Crawford,Quentin Richardson,Zach Randolph,2,2:54,MIA,foul,,,,,,,,Quentin Richardson,,Shawn Marion,,,,,,offensive,,
Dwyane Wade,Mario Chalmers,Michael Beasley,Shawn Marion,Udonis Haslem,Chris Duhon,David Lee,Jamal Crawford,Quentin Richardson,Zach Randolph,2,2:54,MIA,turnover,,,,,,,,,,Shawn Marion,,,foul,,,,,
Dwyane Wade,Mario Chalmers,Michael Beasley,Shawn Marion,Udonis Haslem,Chris Duhon,David Lee,Jamal Crawford,Quentin Richardson,Zach Randolph,2,2:43,MIA,foul,,,,,,,,Zach Randolph,,Udonis Haslem,,,,,,shooting,,
Dwyane Wade,Mario Chalmers,Michael Beasley,Shawn Marion,Udonis Haslem,Chris Duhon,David Lee,Jamal Crawford,Quentin Richardson,Zach Randolph,2,2:43,NYK,free throw,,,,,,,1,,2,Zach Randolph,,,foul,made,,,,
Dwyane Wade,Mario Chalmers,Michael Beasley,Shawn Marion,Udonis Haslem,Chris Duhon,David Lee,Jamal Crawford,Quentin Richardson,Zach Randolph,2,2:43,NYK,free throw,,,,,,,2,,2,Zach Randolph,,,foul,made,,,,
Dwyane Wade,Mario Chalmers,Michael Beasley,Shawn Marion,Udonis Haslem,Chris Duhon,David Lee,Jamal Crawford,Quentin Richardson,Zach Randolph,2,2:32,MIA,shot,,,,,,,,,,Dwyane Wade,2,,,made,,driving layup,25,6
Dwyane Wade,Mario Chalmers,Michael Beasley,Shawn Marion,Udonis Haslem,Chris Duhon,David Lee,Jamal Crawford,Quentin Richardson,Zach Randolph,2,2:13,NYK,shot,,,,,,,,,,Zach Randolph,2,,,made,,jump,26,27
Dwyane Wade,Mario Chalmers,Michael Beasley,Shawn Marion,Udonis Haslem,Chris Duhon,David Lee,Jamal Crawford,Quentin Richardson,Zach Randolph,2,1:59,MIA,shot,,,,,,,,,,Michael Beasley,,,,missed,,jump,41,20
Dwyane Wade,Mario Chalmers,Michael Beasley,Shawn Marion,Udonis Haslem,Chris Duhon,David Lee,Jamal Crawford,Quentin Richardson,Zach Randolph,2,1:58,NYK,rebound,,,,,,,,,,,,,,,,,,
Dwyane Wade,Mario Chalmers,Michael Beasley,Shawn Marion,Udonis Haslem,Chris Duhon,David Lee,Jamal Crawford,Quentin Richardson,Zach Randolph,2,1:48,NYK,shot,Chris Duhon,,,,,,,,,Quentin Richardson,3,,,made,,3pt,1,5
Dwyane Wade,Mario Chalmers,Michael Beasley,Shawn Marion,Udonis Haslem,Chris Duhon,David Lee,Jamal Crawford,Quentin Richardson,Zach Randolph,2,1:29,MIA,turnover,,,,,,,,,,Michael Beasley,,,3 second violation,,,,,
Dwyane Wade,Mario Chalmers,Michael Beasley,Shawn Marion,Udonis Haslem,Chris Duhon,David Lee,Jamal Crawford,Quentin Richardson,Zach Randolph,2,1:29,MIA,timeout,,,,,,,,,,,,,,,,short,,
Dwyane Wade,Marcus Banks,Mario Chalmers,Shawn Marion,Udonis Haslem,Chris Duhon,David Lee,Jamal Crawford,Quentin Richardson,Zach Randolph,2,1:29,MIA,sub,,,,Marcus Banks,,Michael Beasley,,,,,,,,,,,,
Dwyane Wade,Marcus Banks,Mario Chalmers,Shawn Marion,Udonis Haslem,Chris Duhon,David Lee,Jamal Crawford,Quentin Richardson,Zach Randolph,2,1:12,MIA,foul,,,,,,,,Zach Randolph,,Shawn Marion,,,,,,shooting,,
Dwyane Wade,Marcus Banks,Mario Chalmers,Shawn Marion,Udonis Haslem,Chris Duhon,David Lee,Jamal Crawford,Quentin Richardson,Zach Randolph,2,1:12,NYK,free throw,,,,,,,1,,2,Zach Randolph,,,foul,made,,,,
Dwyane Wade,Marcus Banks,Mario Chalmers,Shawn Marion,Udonis Haslem,Chris Duhon,David Lee,Jamal Crawford,Quentin Richardson,Zach Randolph,2,1:12,NYK,free throw,,,,,,,2,,2,Zach Randolph,,,foul,made,,,,
Dwyane Wade,Marcus Banks,Mario Chalmers,Shawn Marion,Udonis Haslem,Chris Duhon,David Lee,Jamal Crawford,Quentin Richardson,Zach Randolph,2,0:58,MIA,shot,,,,,,,,,,Marcus Banks,,,,missed,,3pt,1,6
Dwyane Wade,Marcus Banks,Mario Chalmers,Shawn Marion,Udonis Haslem,Chris Duhon,David Lee,Jamal Crawford,Quentin Richardson,Zach Randolph,2,0:57,NYK,rebound,,,,,,,,,,,,,,,,,,
Dwyane Wade,Marcus Banks,Mario Chalmers,Shawn Marion,Udonis Haslem,Chris Duhon,David Lee,Jamal Crawford,Quentin Richardson,Zach Randolph,2,0:57,MIA,foul,,,,,,,,Quentin Richardson,,Dwyane Wade,,,,,,loose ball,,
Dwyane Wade,Marcus Banks,Mario Chalmers,Shawn Marion,Udonis Haslem,Chris Duhon,David Lee,Jamal Crawford,Quentin Richardson,Zach Randolph,2,0:57,NYK,free throw,,,,,,,1,,2,Quentin Richardson,,,foul,made,,,,
Dwyane Wade,Marcus Banks,Mario Chalmers,Shawn Marion,Udonis Haslem,Chris Duhon,Jamal Crawford,Malik Rose,Quentin Richardson,Zach Randolph,2,0:57,NYK,sub,,,,Malik Rose,,David Lee,,,,,,,,,,,,
Dwyane Wade,Marcus Banks,Mario Chalmers,Mark Blount,Shawn Marion,Chris Duhon,Jamal Crawford,Malik Rose,Quentin Richardson,Zach Randolph,2,0:57,MIA,sub,,,,Mark Blount,,Udonis Haslem,,,,,,,,,,,,
Dwyane Wade,Marcus Banks,Mario Chalmers,Mark Blount,Shawn Marion,Chris Duhon,Jamal Crawford,Malik Rose,Quentin Richardson,Zach Randolph,2,0:57,NYK,free throw,,,,,,,2,,2,Quentin Richardson,,,foul,made,,,,
Dwyane Wade,Marcus Banks,Mario Chalmers,Mark Blount,Shawn Marion,Chris Duhon,Jamal Crawford,Malik Rose,Quentin Richardson,Zach Randolph,2,0:44,NYK,foul,,,,,,,,Dwyane Wade,,Malik Rose,,,,,,shooting,,
Dwyane Wade,Marcus Banks,Mario Chalmers,Mark Blount,Shawn Marion,Chris Duhon,Jamal Crawford,Malik Rose,Quentin Richardson,Zach Randolph,2,0:44,MIA,free throw,,,,,,,1,,2,Dwyane Wade,,,foul,made,,,,
Dwyane Wade,Marcus Banks,Mario Chalmers,Mark Blount,Shawn Marion,Chris Duhon,Jamal Crawford,Malik Rose,Quentin Richardson,Zach Randolph,2,0:44,MIA,free throw,,,,,,,2,,2,Dwyane Wade,,,foul,made,,,,
Dwyane Wade,Marcus Banks,Mario Chalmers,Mark Blount,Shawn Marion,Chris Duhon,Jamal Crawford,Malik Rose,Quentin Richardson,Zach Randolph,2,0:37,NYK,turnover,,,,,,,,,,Jamal Crawford,,,bad pass,,,,,
Dwyane Wade,Marcus Banks,Mario Chalmers,Mark Blount,Shawn Marion,Chris Duhon,Jamal Crawford,Malik Rose,Quentin Richardson,Zach Randolph,2,0:29,MIA,shot,,,,,,,,,,Dwyane Wade,,,,missed,,jump,37,18
Dwyane Wade,Marcus Banks,Mario Chalmers,Mark Blount,Shawn Marion,Chris Duhon,Jamal Crawford,Malik Rose,Quentin Richardson,Zach Randolph,2,0:28,NYK,rebound,,,,,,,,,,Jamal Crawford,,,,,,def,,
Dwyane Wade,Marcus Banks,Mario Chalmers,Mark Blount,Shawn Marion,Chris Duhon,Jamal Crawford,Malik Rose,Quentin Richardson,Zach Randolph,2,0:06,NYK,shot,,,,,,,,,,Quentin Richardson,2,,,made,,jump,18,22
Dwyane Wade,Marcus Banks,Mario Chalmers,Mark Blount,Shawn Marion,Chris Duhon,Jamal Crawford,Malik Rose,Quentin Richardson,Zach Randolph,2,0:01,NYK,foul,,,,,,,,Mario Chalmers,,Quentin Richardson,,,,,,shooting,,
Dwyane Wade,Marcus Banks,Mario Chalmers,Mark Blount,Shawn Marion,Chris Duhon,Jamal Crawford,Malik Rose,Quentin Richardson,Zach Randolph,2,0:01,MIA,free throw,,,,,,,1,,2,Mario Chalmers,,,foul,missed,,,,
Dwyane Wade,Marcus Banks,Mario Chalmers,Mark Blount,Shawn Marion,Chris Duhon,Jamal Crawford,Malik Rose,Quentin Richardson,Zach Randolph,2,0:01,MIA,rebound,,,,,,,,,,,,,,,,,,
Dwyane Wade,Marcus Banks,Mario Chalmers,Mark Blount,Shawn Marion,Chris Duhon,Jamal Crawford,Malik Rose,Quentin Richardson,Zach Randolph,2,0:01,MIA,free throw,,,,,,,2,,2,Mario Chalmers,,,foul,made,,,,
Dwyane Wade,Marcus Banks,Mario Chalmers,Mark Blount,Shawn Marion,Chris Duhon,Jamal Crawford,Malik Rose,Quentin Richardson,Zach Randolph,2,0:00,MIA,foul,,,,,,,,Quentin Richardson,,Mario Chalmers,,,,,,shooting,,
Dwyane Wade,Marcus Banks,Mario Chalmers,Mark Blount,Shawn Marion,Chris Duhon,Jamal Crawford,Malik Rose,Quentin Richardson,Zach Randolph,2,0:00,NYK,free throw,,,,,,,1,,2,Quentin Richardson,,,foul,made,,,,
Dwyane Wade,Marcus Banks,Mario Chalmers,Mark Blount,Shawn Marion,Chris Duhon,Jamal Crawford,Malik Rose,Quentin Richardson,Zach Randolph,2,0:00,NYK,free throw,,,,,,,2,,2,Quentin Richardson,,,foul,made,,,,
Dwyane Wade,Mario Chalmers,Michael Beasley,Shawn Marion,Udonis Haslem,Chris Duhon,David Lee,Jamal Crawford,Quentin Richardson,Zach Randolph,3,11:48,MIA,foul,,,,,,,,Jamal Crawford,,Dwyane Wade,,,,,,personal,,
Dwyane Wade,Mario Chalmers,Michael Beasley,Shawn Marion,Udonis Haslem,Chris Duhon,David Lee,Jamal Crawford,Quentin Richardson,Zach Randolph,3,11:42,NYK,shot,,,,,,,,,,Jamal Crawford,,,,missed,,3pt,11,28
Dwyane Wade,Mario Chalmers,Michael Beasley,Shawn Marion,Udonis Haslem,Chris Duhon,David Lee,Jamal Crawford,Quentin Richardson,Zach Randolph,3,11:40,MIA,rebound,,,,,,,,,,Mario Chalmers,,,,,,def,,
Dwyane Wade,Mario Chalmers,Michael Beasley,Shawn Marion,Udonis Haslem,Chris Duhon,David Lee,Jamal Crawford,Quentin Richardson,Zach Randolph,3,11:30,MIA,shot,,,,,,,,,,Michael Beasley,2,,,made,,driving layup,25,6
Dwyane Wade,Mario Chalmers,Michael Beasley,Shawn Marion,Udonis Haslem,Chris Duhon,David Lee,Jamal Crawford,Quentin Richardson,Zach Randolph,3,11:21,NYK,shot,,,,,,,,,,Chris Duhon,,,,missed,,layup,25,6
Dwyane Wade,Mario Chalmers,Michael Beasley,Shawn Marion,Udonis Haslem,Chris Duhon,David Lee,Jamal Crawford,Quentin Richardson,Zach Randolph,3,11:20,MIA,rebound,,,,,,,,,,Michael Beasley,,,,,,def,,
Dwyane Wade,Mario Chalmers,Michael Beasley,Shawn Marion,Udonis Haslem,Chris Duhon,David Lee,Jamal Crawford,Quentin Richardson,Zach Randolph,3,11:14,MIA,shot,,,,,,,,,,Mario Chalmers,2,,,made,,driving layup,25,6
Dwyane Wade,Mario Chalmers,Michael Beasley,Shawn Marion,Udonis Haslem,Chris Duhon,David Lee,Jamal Crawford,Quentin Richardson,Zach Randolph,3,10:53,NYK,shot,,,,,,,,,,Jamal Crawford,,,,missed,,layup,25,6
Dwyane Wade,Mario Chalmers,Michael Beasley,Shawn Marion,Udonis Haslem,Chris Duhon,David Lee,Jamal Crawford,Quentin Richardson,Zach Randolph,3,10:52,NYK,rebound,,,,,,,,,,Zach Randolph,,,,,,off,,
Dwyane Wade,Mario Chalmers,Michael Beasley,Shawn Marion,Udonis Haslem,Chris Duhon,David Lee,Jamal Crawford,Quentin Richardson,Zach Randolph,3,10:52,NYK,shot,,,,,,,,,,Zach Randolph,2,,,made,,layup,25,6
Dwyane Wade,Mario Chalmers,Michael Beasley,Shawn Marion,Udonis Haslem,Chris Duhon,David Lee,Jamal Crawford,Quentin Richardson,Zach Randolph,3,10:52,MIA,foul,,,,,,,,Zach Randolph,,Mario Chalmers,,,,,,shooting,,
Dwyane Wade,Mario Chalmers,Michael Beasley,Shawn Marion,Udonis Haslem,Chris Duhon,David Lee,Jamal Crawford,Quentin Richardson,Zach Randolph,3,10:52,NYK,free throw,,,,,,,1,,1,Zach Randolph,,,foul,missed,,,,
Dwyane Wade,Mario Chalmers,Michael Beasley,Shawn Marion,Udonis Haslem,Chris Duhon,David Lee,Jamal Crawford,Quentin Richardson,Zach Randolph,3,10:52,MIA,rebound,,,,,,,,,,Mario Chalmers,,,,,,def,,
Dwyane Wade,Mario Chalmers,Michael Beasley,Shawn Marion,Udonis Haslem,Chris Duhon,David Lee,Jamal Crawford,Quentin Richardson,Zach Randolph,3,10:48,MIA,shot,,,,,,,,,,Dwyane Wade,2,,,made,,driving layup,25,6
Dwyane Wade,Mario Chalmers,Michael Beasley,Shawn Marion,Udonis Haslem,Chris Duhon,David Lee,Jamal Crawford,Quentin Richardson,Zach Randolph,3,10:48,NYK,foul,,,,,,,,Dwyane Wade,,Jamal Crawford,,,,,,shooting,,
Dwyane Wade,Mario Chalmers,Michael Beasley,Shawn Marion,Udonis Haslem,Chris Duhon,David Lee,Jamal Crawford,Quentin Richardson,Zach Randolph,3,10:48,MIA,free throw,,,,,,,1,,1,Dwyane Wade,,,foul,made,,,,
Dwyane Wade,Mario Chalmers,Michael Beasley,Shawn Marion,Udonis Haslem,Chris Duhon,David Lee,Jamal Crawford,Quentin Richardson,Zach Randolph,3,10:37,NYK,shot,Zach Randolph,,,,,,,,,David Lee,2,,,made,,layup,25,6
Dwyane Wade,Mario Chalmers,Michael Beasley,Shawn Marion,Udonis Haslem,Chris Duhon,David Lee,Jamal Crawford,Quentin Richardson,Zach Randolph,3,10:13,MIA,shot,Dwyane Wade,,,,,,,,,Udonis Haslem,2,,,made,,layup,25,6
Dwyane Wade,Mario Chalmers,Michael Beasley,Shawn Marion,Udonis Haslem,Chris Duhon,David Lee,Jamal Crawford,Quentin Richardson,Zach Randolph,3,10:02,NYK,shot,David Lee,,,,,,,,,Zach Randolph,2,,,made,,layup,25,6
Dwyane Wade,Mario Chalmers,Michael Beasley,Shawn Marion,Udonis Haslem,Chris Duhon,David Lee,Jamal Crawford,Quentin Richardson,Zach Randolph,3,9:44,MIA,shot,,,,,,,,,,Mario Chalmers,,,,missed,,jump,19,9
Dwyane Wade,Mario Chalmers,Michael Beasley,Shawn Marion,Udonis Haslem,Chris Duhon,David Lee,Jamal Crawford,Quentin Richardson,Zach Randolph,3,9:43,MIA,rebound,,,,,,,,,,Udonis Haslem,,,,,,off,,
Dwyane Wade,Mario Chalmers,Michael Beasley,Shawn Marion,Udonis Haslem,Chris Duhon,David Lee,Jamal Crawford,Quentin Richardson,Zach Randolph,3,9:40,MIA,shot,,,,,,,,,,Udonis Haslem,2,,,made,,layup,25,6
Dwyane Wade,Mario Chalmers,Michael Beasley,Shawn Marion,Udonis Haslem,Chris Duhon,David Lee,Jamal Crawford,Quentin Richardson,Zach Randolph,3,9:33,NYK,foul,,,,,,,,Mario Chalmers,,Chris Duhon,,,,,,offensive,,
Dwyane Wade,Mario Chalmers,Michael Beasley,Shawn Marion,Udonis Haslem,Chris Duhon,David Lee,Jamal Crawford,Quentin Richardson,Zach Randolph,3,9:33,NYK,turnover,,,,,,,,,,Chris Duhon,,,foul,,,,,
Dwyane Wade,Mario Chalmers,Michael Beasley,Shawn Marion,Udonis Haslem,Chris Duhon,David Lee,Jamal Crawford,Quentin Richardson,Zach Randolph,3,9:19,MIA,turnover,,,,,,,,,,Mario Chalmers,,,bad pass,,David Lee,,,
Dwyane Wade,Mario Chalmers,Michael Beasley,Shawn Marion,Udonis Haslem,Chris Duhon,David Lee,Jamal Crawford,Quentin Richardson,Zach Randolph,3,9:15,NYK,shot,David Lee,,,,,,,,,Quentin Richardson,2,,,made,,driving slam dunk,25,6
Dwyane Wade,Mario Chalmers,Michael Beasley,Shawn Marion,Udonis Haslem,Chris Duhon,David Lee,Jamal Crawford,Quentin Richardson,Zach Randolph,3,8:53,NYK,foul,,,,,,,,Dwyane Wade,,Quentin Richardson,,,,,,shooting,,
Dwyane Wade,Mario Chalmers,Michael Beasley,Shawn Marion,Udonis Haslem,Chris Duhon,David Lee,Jamal Crawford,Quentin Richardson,Zach Randolph,3,8:53,MIA,free throw,,,,,,,1,,2,Dwyane Wade,,,foul,made,,,,
Dwyane Wade,Mario Chalmers,Michael Beasley,Shawn Marion,Udonis Haslem,Chris Duhon,David Lee,Jamal Crawford,Quentin Richardson,Zach Randolph,3,8:53,MIA,free throw,,,,,,,2,,2,Dwyane Wade,,,foul,made,,,,
Dwyane Wade,Mario Chalmers,Michael Beasley,Shawn Marion,Udonis Haslem,Chris Duhon,David Lee,Jamal Crawford,Quentin Richardson,Zach Randolph,3,8:43,NYK,shot,,,,,,,,,,Quentin Richardson,,,,missed,,3pt,7,25
Dwyane Wade,Mario Chalmers,Michael Beasley,Shawn Marion,Udonis Haslem,Chris Duhon,David Lee,Jamal Crawford,Quentin Richardson,Zach Randolph,3,8:41,NYK,rebound,,,,,,,,,,Chris Duhon,,,,,,off,,
Dwyane Wade,Mario Chalmers,Michael Beasley,Shawn Marion,Udonis Haslem,Chris Duhon,David Lee,Jamal Crawford,Quentin Richardson,Zach Randolph,3,8:32,NYK,shot,Zach Randolph,,,,,,,,,Chris Duhon,3,,,made,,3pt,49,5
Dwyane Wade,Mario Chalmers,Michael Beasley,Shawn Marion,Udonis Haslem,Chris Duhon,David Lee,Jamal Crawford,Quentin Richardson,Zach Randolph,3,8:21,MIA,shot,Dwyane Wade,,,,,,,,,Michael Beasley,3,,,made,,3pt,7,24
Dwyane Wade,Mario Chalmers,Michael Beasley,Shawn Marion,Udonis Haslem,Chris Duhon,David Lee,Jamal Crawford,Quentin Richardson,Zach Randolph,3,8:00,NYK,shot,,,,,,,,,,Chris Duhon,2,,,made,,driving layup,25,6
Dwyane Wade,Mario Chalmers,Michael Beasley,Shawn Marion,Udonis Haslem,Chris Duhon,David Lee,Jamal Crawford,Quentin Richardson,Zach Randolph,3,7:44,MIA,shot,,,,,,,,,,Dwyane Wade,,,,missed,,jump,45,6
Dwyane Wade,Mario Chalmers,Michael Beasley,Shawn Marion,Udonis Haslem,Chris Duhon,David Lee,Jamal Crawford,Quentin Richardson,Zach Randolph,3,7:41,NYK,rebound,,,,,,,,,,Zach Randolph,,,,,,def,,
Dwyane Wade,Mario Chalmers,Michael Beasley,Shawn Marion,Udonis Haslem,Chris Duhon,David Lee,Jamal Crawford,Quentin Richardson,Zach Randolph,3,7:32,NYK,shot,,,,,,,,,,Zach Randolph,,,,missed,,3pt,28,31
Dwyane Wade,Mario Chalmers,Michael Beasley,Shawn Marion,Udonis Haslem,Chris Duhon,David Lee,Jamal Crawford,Quentin Richardson,Zach Randolph,3,7:30,MIA,rebound,,,,,,,,,,Dwyane Wade,,,,,,def,,
Dwyane Wade,Mario Chalmers,Michael Beasley,Shawn Marion,Udonis Haslem,Chris Duhon,David Lee,Jamal Crawford,Quentin Richardson,Zach Randolph,3,7:18,MIA,shot,,,,,,,,,,Michael Beasley,,,,missed,,layup,25,6
Dwyane Wade,Mario Chalmers,Michael Beasley,Shawn Marion,Udonis Haslem,Chris Duhon,David Lee,Jamal Crawford,Quentin Richardson,Zach Randolph,3,7:17,NYK,rebound,,,,,,,,,,Zach Randolph,,,,,,def,,
Dwyane Wade,Mario Chalmers,Michael Beasley,Shawn Marion,Udonis Haslem,Chris Duhon,David Lee,Jamal Crawford,Quentin Richardson,Zach Randolph,3,7:11,NYK,shot,,,,,,,,,,Jamal Crawford,3,,,made,,3pt,45,22
Dwyane Wade,Mario Chalmers,Michael Beasley,Shawn Marion,Udonis Haslem,Chris Duhon,David Lee,Jamal Crawford,Quentin Richardson,Zach Randolph,3,7:09,MIA,timeout,,,,,,,,,,,,,,,,regular,,
Dwyane Wade,Marcus Banks,Mario Chalmers,Shawn Marion,Udonis Haslem,Chris Duhon,David Lee,Jamal Crawford,Quentin Richardson,Zach Randolph,3,7:09,MIA,sub,,,,Marcus Banks,,Michael Beasley,,,,,,,,,,,,
Dwyane Wade,Marcus Banks,Mario Chalmers,Shawn Marion,Udonis Haslem,Chris Duhon,David Lee,Jamal Crawford,Quentin Richardson,Zach Randolph,3,6:56,MIA,turnover,,,,,,,,,,Dwyane Wade,,,bad pass,,,,,
Dwyane Wade,Marcus Banks,Mario Chalmers,Shawn Marion,Udonis Haslem,Chris Duhon,David Lee,Jamal Crawford,Quentin Richardson,Zach Randolph,3,6:41,NYK,shot,,,,,,,,,,David Lee,2,,,made,,jump hook,29,14
Dwyane Wade,Marcus Banks,Mario Chalmers,Shawn Marion,Udonis Haslem,Chris Duhon,David Lee,Jamal Crawford,Quentin Richardson,Zach Randolph,3,6:15,MIA,shot,,,,,,,,,,Mario Chalmers,,,,missed,,3pt,2,6
Dwyane Wade,Marcus Banks,Mario Chalmers,Shawn Marion,Udonis Haslem,Chris Duhon,David Lee,Jamal Crawford,Quentin Richardson,Zach Randolph,3,6:14,NYK,rebound,,,,,,,,,,,,,,,,,,
Dwyane Wade,Marcus Banks,Mario Chalmers,Shawn Marion,Udonis Haslem,Chris Duhon,David Lee,Jamal Crawford,Quentin Richardson,Zach Randolph,3,6:05,NYK,shot,,,,,,,,,,Zach Randolph,2,,,made,,driving layup,25,6
Dwyane Wade,Marcus Banks,Mario Chalmers,Shawn Marion,Udonis Haslem,Chris Duhon,David Lee,Jamal Crawford,Quentin Richardson,Zach Randolph,3,5:47,MIA,shot,,,,,,,,,,Dwyane Wade,,,,missed,,jump,18,8
Dwyane Wade,Marcus Banks,Mario Chalmers,Shawn Marion,Udonis Haslem,Chris Duhon,David Lee,Jamal Crawford,Quentin Richardson,Zach Randolph,3,5:46,NYK,rebound,,,,,,,,,,Chris Duhon,,,,,,def,,
Dwyane Wade,Marcus Banks,Mario Chalmers,Shawn Marion,Udonis Haslem,Chris Duhon,David Lee,Jamal Crawford,Quentin Richardson,Zach Randolph,3,5:41,NYK,turnover,,,,,,,,,,Chris Duhon,,,lost ball,,Marcus Banks,,,
Dwyane Wade,Marcus Banks,Mario Chalmers,Shawn Marion,Udonis Haslem,Chris Duhon,David Lee,Jamal Crawford,Quentin Richardson,Zach Randolph,3,5:32,MIA,shot,,,,,,,,,,Shawn Marion,,,,missed,,3pt,26,30
Dwyane Wade,Marcus Banks,Mario Chalmers,Shawn Marion,Udonis Haslem,Chris Duhon,David Lee,Jamal Crawford,Quentin Richardson,Zach Randolph,3,5:30,NYK,rebound,,,,,,,,,,Quentin Richardson,,,,,,def,,
Dwyane Wade,Marcus Banks,Mario Chalmers,Shawn Marion,Udonis Haslem,Chris Duhon,David Lee,Jamal Crawford,Quentin Richardson,Zach Randolph,3,5:26,NYK,shot,,,,,,,,,,Jamal Crawford,2,,,made,,running layup,25,6
Dwyane Wade,Marcus Banks,Mario Chalmers,Shawn Marion,Udonis Haslem,Chris Duhon,David Lee,Jamal Crawford,Quentin Richardson,Zach Randolph,3,5:16,MIA,timeout,,,,,,,,,,,,,,,,short,,
Dwyane Wade,Marcus Banks,Mario Chalmers,Shawn Marion,Udonis Haslem,Chris Duhon,David Lee,Jamal Crawford,Nate Robinson,Zach Randolph,3,5:16,NYK,sub,,,,Nate Robinson,,Quentin Richardson,,,,,,,,,,,,
Dwyane Wade,Marcus Banks,Mario Chalmers,Shawn Marion,Udonis Haslem,Chris Duhon,Jamal Crawford,Nate Robinson,Wilson Chandler,Zach Randolph,3,5:16,NYK,sub,,,,Wilson Chandler,,David Lee,,,,,,,,,,,,
Dwyane Wade,Marcus Banks,Mario Chalmers,Shawn Marion,Udonis Haslem,Chris Duhon,Jamal Crawford,Nate Robinson,Wilson Chandler,Zach Randolph,3,5:07,MIA,turnover,,,,,,,,,,Dwyane Wade,,,traveling,,,,,
Dwyane Wade,Marcus Banks,Mario Chalmers,Shawn Marion,Udonis Haslem,Chris Duhon,Jamal Crawford,Nate Robinson,Wilson Chandler,Zach Randolph,3,4:58,NYK,shot,,,,,,,,,,Jamal Crawford,,,,missed,,3pt,39,27
Dwyane Wade,Marcus Banks,Mario Chalmers,Shawn Marion,Udonis Haslem,Chris Duhon,Jamal Crawford,Nate Robinson,Wilson Chandler,Zach Randolph,3,4:56,MIA,rebound,,,,,,,,,,Mario Chalmers,,,,,,def,,
Dwyane Wade,Marcus Banks,Mario Chalmers,Shawn Marion,Udonis Haslem,Chris Duhon,Jamal Crawford,Nate Robinson,Wilson Chandler,Zach Randolph,3,4:47,MIA,shot,,,,,,,,,,Marcus Banks,,,,missed,,3pt,1,7
Dwyane Wade,Marcus Banks,Mario Chalmers,Shawn Marion,Udonis Haslem,Chris Duhon,Jamal Crawford,Nate Robinson,Wilson Chandler,Zach Randolph,3,4:46,NYK,rebound,,,,,,,,,,Wilson Chandler,,,,,,def,,
Dwyane Wade,Marcus Banks,Mario Chalmers,Shawn Marion,Udonis Haslem,Chris Duhon,Jamal Crawford,Nate Robinson,Wilson Chandler,Zach Randolph,3,4:24,NYK,shot,,,,,,,,,,Nate Robinson,,,,missed,,jump,19,27
Dwyane Wade,Marcus Banks,Mario Chalmers,Shawn Marion,Udonis Haslem,Chris Duhon,Jamal Crawford,Nate Robinson,Wilson Chandler,Zach Randolph,3,4:22,MIA,rebound,,,,,,,,,,Marcus Banks,,,,,,def,,
Dwyane Wade,Marcus Banks,Mario Chalmers,Shawn Marion,Udonis Haslem,Chris Duhon,Jamal Crawford,Nate Robinson,Wilson Chandler,Zach Randolph,3,4:09,MIA,shot,,,,,,,,,,Shawn Marion,,,,missed,,jump,23,11
Dwyane Wade,Marcus Banks,Mario Chalmers,Shawn Marion,Udonis Haslem,Chris Duhon,Jamal Crawford,Nate Robinson,Wilson Chandler,Zach Randolph,3,4:07,NYK,rebound,,,,,,,,,,Zach Randolph,,,,,,def,,
Dwyane Wade,Marcus Banks,Mario Chalmers,Shawn Marion,Udonis Haslem,Chris Duhon,Jamal Crawford,Nate Robinson,Wilson Chandler,Zach Randolph,3,4:03,MIA,foul,,,,,,,,Jamal Crawford,,Marcus Banks,,,,,,shooting,,
Dwyane Wade,Marcus Banks,Mario Chalmers,Shawn Marion,Udonis Haslem,Chris Duhon,Jamal Crawford,Nate Robinson,Wilson Chandler,Zach Randolph,3,4:03,NYK,free throw,,,,,,,1,,2,Jamal Crawford,,,foul,made,,,,
Dwyane Wade,Marcus Banks,Mario Chalmers,Shawn Marion,Udonis Haslem,Chris Duhon,Jamal Crawford,Nate Robinson,Wilson Chandler,Zach Randolph,3,4:03,NYK,free throw,,,,,,,2,,2,Jamal Crawford,,,foul,missed,,,,
Dwyane Wade,Marcus Banks,Mario Chalmers,Shawn Marion,Udonis Haslem,Chris Duhon,Jamal Crawford,Nate Robinson,Wilson Chandler,Zach Randolph,3,4:01,NYK,rebound,,,,,,,,,,Wilson Chandler,,,,,,off,,
Dwyane Wade,Marcus Banks,Mario Chalmers,Shawn Marion,Udonis Haslem,Chris Duhon,Jamal Crawford,Nate Robinson,Wilson Chandler,Zach Randolph,3,4:01,MIA,foul,,,,,,,,Wilson Chandler,,Shawn Marion,,,,,,shooting,,
Dwyane Wade,Marcus Banks,Mario Chalmers,Shawn Marion,Udonis Haslem,Chris Duhon,Jamal Crawford,Nate Robinson,Wilson Chandler,Zach Randolph,3,4:01,NYK,free throw,,,,,,,1,,2,Wilson Chandler,,,foul,missed,,,,
Dwyane Wade,Marcus Banks,Mario Chalmers,Shawn Marion,Udonis Haslem,Chris Duhon,Jamal Crawford,Nate Robinson,Wilson Chandler,Zach Randolph,3,4:01,NYK,rebound,,,,,,,,,,,,,,,,,,
Dwyane Wade,Marcus Banks,Mario Chalmers,Shawn Marion,Udonis Haslem,Chris Duhon,Jamal Crawford,Nate Robinson,Wilson Chandler,Zach Randolph,3,4:01,NYK,free throw,,,,,,,2,,2,Wilson Chandler,,,foul,made,,,,
Dwyane Wade,Marcus Banks,Mario Chalmers,Shawn Marion,Udonis Haslem,Chris Duhon,Jamal Crawford,Nate Robinson,Wilson Chandler,Zach Randolph,3,3:51,MIA,shot,Dwyane Wade,,,,,,,,,Udonis Haslem,2,,,made,,layup,26,9
Dwyane Wade,Marcus Banks,Mario Chalmers,Shawn Marion,Udonis Haslem,Chris Duhon,Jamal Crawford,Nate Robinson,Wilson Chandler,Zach Randolph,3,3:51,NYK,foul,,,,,,,,Udonis Haslem,,Wilson Chandler,,,,,,shooting,,
Dwyane Wade,Marcus Banks,Mario Chalmers,Shawn Marion,Udonis Haslem,Chris Duhon,Jamal Crawford,Nate Robinson,Wilson Chandler,Zach Randolph,3,3:51,MIA,free throw,,,,,,,1,,1,Udonis Haslem,,,foul,made,,,,
Dwyane Wade,Marcus Banks,Mario Chalmers,Shawn Marion,Udonis Haslem,Chris Duhon,Jamal Crawford,Nate Robinson,Wilson Chandler,Zach Randolph,3,3:44,NYK,shot,Nate Robinson,,,,,,,,,Wilson Chandler,2,,,made,,finger roll layup,25,6
Dwyane Wade,Marcus Banks,Mario Chalmers,Shawn Marion,Udonis Haslem,Chris Duhon,Jamal Crawford,Nate Robinson,Wilson Chandler,Zach Randolph,3,3:34,NYK,foul,,,,,,,,Dwyane Wade,,Chris Duhon,,,,,,personal,,
Dwyane Wade,Marcus Banks,Mario Chalmers,Shawn Marion,Udonis Haslem,Chris Duhon,Jamal Crawford,Nate Robinson,Wilson Chandler,Zach Randolph,3,3:22,MIA,shot,Mario Chalmers,,,,,,,,,Udonis Haslem,2,,,made,,jump,24,11
Dwyane Wade,Marcus Banks,Mario Chalmers,Shawn Marion,Udonis Haslem,Chris Duhon,Jamal Crawford,Nate Robinson,Wilson Chandler,Zach Randolph,3,3:09,NYK,shot,,,,,,,,,,Wilson Chandler,,,,missed,,3pt,10,27
Dwyane Wade,Marcus Banks,Mario Chalmers,Shawn Marion,Udonis Haslem,Chris Duhon,Jamal Crawford,Nate Robinson,Wilson Chandler,Zach Randolph,3,3:07,MIA,rebound,,,,,,,,,,,,,,,,,,
Dwyane Wade,Marcus Banks,Mario Chalmers,Shawn Marion,Udonis Haslem,Chris Duhon,Jamal Crawford,Nate Robinson,Wilson Chandler,Zach Randolph,3,3:07,NYK,foul,,,,,,,,Marcus Banks,,Zach Randolph,,,,,,loose ball,,
Dwyane Wade,Marcus Banks,Mario Chalmers,Shawn Marion,Udonis Haslem,Chris Duhon,Jamal Crawford,Nate Robinson,Wilson Chandler,Zach Randolph,3,3:07,MIA,free throw,,,,,,,1,,2,Marcus Banks,,,foul,missed,,,,
Dwyane Wade,Marcus Banks,Mario Chalmers,Shawn Marion,Udonis Haslem,Chris Duhon,Jamal Crawford,Nate Robinson,Wilson Chandler,Zach Randolph,3,3:07,MIA,rebound,,,,,,,,,,,,,,,,,,
Dwyane Wade,Marcus Banks,Mario Chalmers,Shawn Marion,Udonis Haslem,Chris Duhon,Jamal Crawford,Nate Robinson,Wilson Chandler,Zach Randolph,3,3:07,MIA,free throw,,,,,,,2,,2,Marcus Banks,,,foul,made,,,,
Dwyane Wade,Marcus Banks,Mario Chalmers,Shawn Marion,Udonis Haslem,Chris Duhon,Jamal Crawford,Nate Robinson,Wilson Chandler,Zach Randolph,3,2:58,NYK,shot,,,,,,,,,,Jamal Crawford,,,,missed,,3pt,29,32
Dwyane Wade,Marcus Banks,Mario Chalmers,Shawn Marion,Udonis Haslem,Chris Duhon,Jamal Crawford,Nate Robinson,Wilson Chandler,Zach Randolph,3,2:55,MIA,rebound,,,,,,,,,,Shawn Marion,,,,,,def,,
Dwyane Wade,Marcus Banks,Mario Chalmers,Shawn Marion,Udonis Haslem,Chris Duhon,Jamal Crawford,Nate Robinson,Wilson Chandler,Zach Randolph,3,2:49,MIA,shot,Mario Chalmers,,,,,,,,,Shawn Marion,2,,,made,,driving finger roll layup,25,6
Dwyane Wade,Marcus Banks,Mario Chalmers,Shawn Marion,Udonis Haslem,Chris Duhon,Jamal Crawford,Nate Robinson,Wilson Chandler,Zach Randolph,3,2:47,NYK,timeout,,,,,,,,,,,,,,,,regular,,
Dwyane Wade,Marcus Banks,Mario Chalmers,Shawn Marion,Udonis Haslem,Chris Duhon,Jamal Crawford,Mardy Collins,Nate Robinson,Wilson Chandler,3,2:47,NYK,sub,,,,Mardy Collins,,Zach Randolph,,,,,,,,,,,,
Dwyane Wade,Marcus Banks,Mario Chalmers,Shawn Marion,Udonis Haslem,Chris Duhon,David Lee,Mardy Collins,Nate Robinson,Wilson Chandler,3,2:47,NYK,sub,,,,David Lee,,Jamal Crawford,,,,,,,,,,,,
Dwyane Wade,Marcus Banks,Mario Chalmers,Shawn Marion,Udonis Haslem,Chris Duhon,David Lee,Mardy Collins,Nate Robinson,Wilson Chandler,3,2:37,NYK,turnover,,,,,,,,,,David Lee,,,bad pass,,Marcus Banks,,,
Dwyane Wade,Marcus Banks,Mario Chalmers,Shawn Marion,Udonis Haslem,Chris Duhon,David Lee,Mardy Collins,Nate Robinson,Wilson Chandler,3,2:16,MIA,shot,Marcus Banks,,,,,,,,,Mario Chalmers,2,,,made,,jump,12,22
Dwyane Wade,Marcus Banks,Mario Chalmers,Shawn Marion,Udonis Haslem,Chris Duhon,David Lee,Mardy Collins,Nate Robinson,Wilson Chandler,3,1:57,NYK,turnover,,,,,,,,,,Wilson Chandler,,,step out of bounds turnover,,,,,
Dwyane Wade,Marcus Banks,Mario Chalmers,Shawn Marion,Udonis Haslem,Chris Duhon,David Lee,Mardy Collins,Nate Robinson,Wilson Chandler,3,1:44,MIA,shot,,,,,,,,,,Dwyane Wade,,,,missed,,layup,25,6
Dwyane Wade,Marcus Banks,Mario Chalmers,Shawn Marion,Udonis Haslem,Chris Duhon,David Lee,Mardy Collins,Nate Robinson,Wilson Chandler,3,1:43,NYK,rebound,,,,,,,,,,Chris Duhon,,,,,,def,,
Dwyane Wade,Marcus Banks,Mario Chalmers,Shawn Marion,Udonis Haslem,Chris Duhon,David Lee,Mardy Collins,Nate Robinson,Wilson Chandler,3,1:31,NYK,shot,Nate Robinson,,,,,,,,,Wilson Chandler,2,,,made,,layup,25,6
Dwyane Wade,Marcus Banks,Mario Chalmers,Shawn Marion,Udonis Haslem,Chris Duhon,David Lee,Mardy Collins,Nate Robinson,Wilson Chandler,3,1:10,MIA,shot,Marcus Banks,,,,,,,,,Mario Chalmers,3,,,made,,3pt,31,31
Dwyane Wade,Marcus Banks,Mario Chalmers,Shawn Marion,Udonis Haslem,Chris Duhon,David Lee,Mardy Collins,Nate Robinson,Wilson Chandler,3,0:54,NYK,turnover,,,,,,,,,,Mardy Collins,,,lost ball,,Marcus Banks,,,
Dwyane Wade,Marcus Banks,Mario Chalmers,Shawn Marion,Udonis Haslem,Chris Duhon,David Lee,Mardy Collins,Nate Robinson,Wilson Chandler,3,0:54,NYK,foul,,,,,,,,Shawn Marion,,Mardy Collins,,,,,,personal,,
Dwyane Wade,Marcus Banks,Mario Chalmers,Shawn Marion,Udonis Haslem,Chris Duhon,David Lee,Mardy Collins,Nate Robinson,Wilson Chandler,3,0:54,MIA,free throw,,,,,,,1,,2,Shawn Marion,,,foul,missed,,,,
Dwyane Wade,Marcus Banks,Mario Chalmers,Shawn Marion,Udonis Haslem,Chris Duhon,David Lee,Mardy Collins,Nate Robinson,Wilson Chandler,3,0:54,MIA,rebound,,,,,,,,,,,,,,,,,,
Daequan Cook,Marcus Banks,Mario Chalmers,Shawn Marion,Udonis Haslem,Chris Duhon,David Lee,Mardy Collins,Nate Robinson,Wilson Chandler,3,0:54,MIA,sub,,,,Daequan Cook,,Dwyane Wade,,,,,,,,,,,,
Daequan Cook,Marcus Banks,Mario Chalmers,Shawn Marion,Udonis Haslem,Chris Duhon,David Lee,Mardy Collins,Nate Robinson,Wilson Chandler,3,0:54,MIA,free throw,,,,,,,2,,2,Shawn Marion,,,foul,made,,,,
Daequan Cook,Marcus Banks,Mario Chalmers,Shawn Marion,Udonis Haslem,Chris Duhon,David Lee,Mardy Collins,Nate Robinson,Wilson Chandler,3,0:44,NYK,shot,,,Shawn Marion,,,,,,,Wilson Chandler,,,,missed,,jump,18,8
Daequan Cook,Marcus Banks,Mario Chalmers,Shawn Marion,Udonis Haslem,Chris Duhon,David Lee,Mardy Collins,Nate Robinson,Wilson Chandler,3,0:43,NYK,rebound,,,,,,,,,,,,,,,,,,
Daequan Cook,Marcus Banks,Mario Chalmers,Shawn Marion,Udonis Haslem,Chris Duhon,David Lee,Mardy Collins,Nate Robinson,Wilson Chandler,3,0:41,NYK,shot,Nate Robinson,,,,,,,,,David Lee,2,,,made,,layup,25,6
Daequan Cook,Marcus Banks,Mario Chalmers,Shawn Marion,Udonis Haslem,Chris Duhon,David Lee,Mardy Collins,Nate Robinson,Wilson Chandler,3,0:41,MIA,foul,,,,,,,,David Lee,,Daequan Cook,,,,,,shooting,,
Daequan Cook,Marcus Banks,Mario Chalmers,Shawn Marion,Udonis Haslem,Chris Duhon,David Lee,Mardy Collins,Nate Robinson,Wilson Chandler,3,0:41,NYK,free throw,,,,,,,1,,1,David Lee,,,foul,made,,,,
Daequan Cook,Marcus Banks,Mario Chalmers,Shawn Marion,Udonis Haslem,Chris Duhon,David Lee,Mardy Collins,Nate Robinson,Wilson Chandler,3,0:31,MIA,foul,,,,,,,,Nate Robinson,,Udonis Haslem,,,,,,offensive,,
Daequan Cook,Marcus Banks,Mario Chalmers,Shawn Marion,Udonis Haslem,Chris Duhon,David Lee,Mardy Collins,Nate Robinson,Wilson Chandler,3,0:31,MIA,turnover,,,,,,,,,,Udonis Haslem,,,foul,,,,,
Daequan Cook,Marcus Banks,Mario Chalmers,Shawn Marion,Udonis Haslem,Chris Duhon,David Lee,Mardy Collins,Nate Robinson,Wilson Chandler,3,0:19,NYK,shot,,,,,,,,,,Nate Robinson,,,,missed,,3pt,2,6
Daequan Cook,Marcus Banks,Mario Chalmers,Shawn Marion,Udonis Haslem,Chris Duhon,David Lee,Mardy Collins,Nate Robinson,Wilson Chandler,3,0:17,MIA,rebound,,,,,,,,,,Daequan Cook,,,,,,def,,
Daequan Cook,Marcus Banks,Mario Chalmers,Shawn Marion,Udonis Haslem,Chris Duhon,David Lee,Mardy Collins,Nate Robinson,Wilson Chandler,3,0:01,MIA,shot,,,,,,,,,,Marcus Banks,,,,missed,,layup,25,6
Daequan Cook,Marcus Banks,Mario Chalmers,Shawn Marion,Udonis Haslem,Chris Duhon,David Lee,Mardy Collins,Nate Robinson,Wilson Chandler,3,0:00,NYK,rebound,,,,,,,,,,,,,,,,,,
Daequan Cook,Dwyane Wade,Marcus Banks,Michael Beasley,Udonis Haslem,David Lee,Jamal Crawford,Mardy Collins,Nate Robinson,Wilson Chandler,4,11:46,MIA,turnover,,,,,,,,,,Dwyane Wade,,,out of bounds lost ball turnover,,,,,
Daequan Cook,Dwyane Wade,Marcus Banks,Michael Beasley,Udonis Haslem,David Lee,Jamal Crawford,Mardy Collins,Nate Robinson,Wilson Chandler,4,11:37,MIA,foul,,,,,,,,David Lee,,Dwyane Wade,,,,,,shooting,,
Daequan Cook,Dwyane Wade,Marcus Banks,Michael Beasley,Udonis Haslem,David Lee,Jamal Crawford,Mardy Collins,Nate Robinson,Wilson Chandler,4,11:37,NYK,free throw,,,,,,,1,,2,David Lee,,,foul,made,,,,
Daequan Cook,Dwyane Wade,Marcus Banks,Michael Beasley,Udonis Haslem,David Lee,Jamal Crawford,Mardy Collins,Nate Robinson,Wilson Chandler,4,11:37,NYK,free throw,,,,,,,2,,2,David Lee,,,foul,made,,,,
Daequan Cook,Dwyane Wade,Marcus Banks,Michael Beasley,Udonis Haslem,David Lee,Jamal Crawford,Mardy Collins,Nate Robinson,Wilson Chandler,4,11:30,MIA,shot,,,,,,,,,,Dwyane Wade,2,,,made,,driving layup,25,6
Daequan Cook,Dwyane Wade,Marcus Banks,Michael Beasley,Udonis Haslem,David Lee,Jamal Crawford,Mardy Collins,Nate Robinson,Wilson Chandler,4,11:15,NYK,shot,,,,,,,,,,Wilson Chandler,,,,missed,,jump,12,17
Daequan Cook,Dwyane Wade,Marcus Banks,Michael Beasley,Udonis Haslem,David Lee,Jamal Crawford,Mardy Collins,Nate Robinson,Wilson Chandler,4,11:14,MIA,rebound,,,,,,,,,,Dwyane Wade,,,,,,def,,
Daequan Cook,Dwyane Wade,Marcus Banks,Michael Beasley,Udonis Haslem,David Lee,Jamal Crawford,Mardy Collins,Nate Robinson,Wilson Chandler,4,11:10,NYK,foul,,,,,,,,Udonis Haslem,,Mardy Collins,,,,,,personal,,
Daequan Cook,Dwyane Wade,Marcus Banks,Michael Beasley,Udonis Haslem,David Lee,Jamal Crawford,Mardy Collins,Nate Robinson,Wilson Chandler,4,10:59,MIA,shot,,,,,,,,,,Michael Beasley,,,,missed,,3pt,11,26
Daequan Cook,Dwyane Wade,Marcus Banks,Michael Beasley,Udonis Haslem,David Lee,Jamal Crawford,Mardy Collins,Nate Robinson,Wilson Chandler,4,10:57,NYK,rebound,,,,,,,,,,David Lee,,,,,,def,,
Daequan Cook,Dwyane Wade,Marcus Banks,Michael Beasley,Udonis Haslem,David Lee,Jamal Crawford,Mardy Collins,Nate Robinson,Wilson Chandler,4,10:45,NYK,shot,Jamal Crawford,,,,,,,,,Nate Robinson,3,,,made,,3pt,10,27
Daequan Cook,Dwyane Wade,Marcus Banks,Michael Beasley,Udonis Haslem,David Lee,Jamal Crawford,Mardy Collins,Nate Robinson,Wilson Chandler,4,10:35,NYK,foul,,,,,,,,Dwyane Wade,,Mardy Collins,,,,,,personal,,
Daequan Cook,Dwyane Wade,Marcus Banks,Michael Beasley,Udonis Haslem,David Lee,Jamal Crawford,Mardy Collins,Nate Robinson,Wilson Chandler,4,10:24,MIA,shot,,,,,,,,,,Daequan Cook,,,,missed,,3pt,2,6
Daequan Cook,Dwyane Wade,Marcus Banks,Michael Beasley,Udonis Haslem,David Lee,Jamal Crawford,Mardy Collins,Nate Robinson,Wilson Chandler,4,10:23,MIA,rebound,,,,,,,,,,Daequan Cook,,,,,,off,,
Daequan Cook,Dwyane Wade,Marcus Banks,Michael Beasley,Udonis Haslem,David Lee,Jamal Crawford,Mardy Collins,Nate Robinson,Wilson Chandler,4,10:11,MIA,shot,,,,,,,,,,Michael Beasley,,,,missed,,3pt,25,31
Daequan Cook,Dwyane Wade,Marcus Banks,Michael Beasley,Udonis Haslem,David Lee,Jamal Crawford,Mardy Collins,Nate Robinson,Wilson Chandler,4,10:09,NYK,rebound,,,,,,,,,,Nate Robinson,,,,,,def,,
Daequan Cook,Dwyane Wade,Marcus Banks,Michael Beasley,Udonis Haslem,David Lee,Jamal Crawford,Mardy Collins,Nate Robinson,Wilson Chandler,4,10:03,NYK,shot,,,,,,,,,,Jamal Crawford,,,,missed,,3pt,48,8
Daequan Cook,Dwyane Wade,Marcus Banks,Michael Beasley,Udonis Haslem,David Lee,Jamal Crawford,Mardy Collins,Nate Robinson,Wilson Chandler,4,10:01,MIA,rebound,,,,,,,,,,Marcus Banks,,,,,,def,,
Daequan Cook,Dwyane Wade,Marcus Banks,Michael Beasley,Udonis Haslem,David Lee,Jamal Crawford,Mardy Collins,Nate Robinson,Wilson Chandler,4,9:57,MIA,turnover,,,,,,,,,,Marcus Banks,,,out of bounds lost ball turnover,,,,,
Daequan Cook,Dwyane Wade,Marcus Banks,Michael Beasley,Udonis Haslem,David Lee,Jamal Crawford,Mardy Collins,Nate Robinson,Wilson Chandler,4,9:46,NYK,shot,,,,,,,,,,Mardy Collins,,,,missed,,layup,25,6
Daequan Cook,Dwyane Wade,Marcus Banks,Michael Beasley,Udonis Haslem,David Lee,Jamal Crawford,Mardy Collins,Nate Robinson,Wilson Chandler,4,9:45,MIA,rebound,,,,,,,,,,Michael Beasley,,,,,,def,,
Daequan Cook,Dwyane Wade,Marcus Banks,Michael Beasley,Udonis Haslem,David Lee,Jamal Crawford,Mardy Collins,Nate Robinson,Wilson Chandler,4,9:34,MIA,shot,,,,,,,,,,Michael Beasley,,,,missed,,jump,32,5
Daequan Cook,Dwyane Wade,Marcus Banks,Michael Beasley,Udonis Haslem,David Lee,Jamal Crawford,Mardy Collins,Nate Robinson,Wilson Chandler,4,9:32,MIA,shot,,,,,,,,,,Udonis Haslem,2,,,made,,layup,25,6
Daequan Cook,Dwyane Wade,Marcus Banks,Michael Beasley,Udonis Haslem,David Lee,Jamal Crawford,Mardy Collins,Nate Robinson,Wilson Chandler,4,9:32,MIA,rebound,,,,,,,,,,Udonis Haslem,,,,,,off,,
Daequan Cook,Dwyane Wade,Marcus Banks,Michael Beasley,Udonis Haslem,David Lee,Jamal Crawford,Mardy Collins,Nate Robinson,Wilson Chandler,4,9:23,NYK,turnover,,,,,,,,,,David Lee,,,3 second violation,,,,,
Daequan Cook,Dwyane Wade,Marcus Banks,Michael Beasley,Udonis Haslem,David Lee,Jamal Crawford,Nate Robinson,Quentin Richardson,Wilson Chandler,4,9:23,NYK,sub,,,,Quentin Richardson,,Mardy Collins,,,,,,,,,,,,
Daequan Cook,Dwyane Wade,Marcus Banks,Michael Beasley,Udonis Haslem,David Lee,Jamal Crawford,Nate Robinson,Quentin Richardson,Wilson Chandler,4,9:02,MIA,shot,,,,,,,,,,Dwyane Wade,,,,missed,,layup,25,6
Daequan Cook,Dwyane Wade,Marcus Banks,Michael Beasley,Udonis Haslem,David Lee,Jamal Crawford,Nate Robinson,Quentin Richardson,Wilson Chandler,4,9:01,NYK,rebound,,,,,,,,,,David Lee,,,,,,def,,
Daequan Cook,Dwyane Wade,Marcus Banks,Michael Beasley,Udonis Haslem,David Lee,Jamal Crawford,Nate Robinson,Quentin Richardson,Wilson Chandler,4,8:57,NYK,shot,,,,,,,,,,Jamal Crawford,,,,missed,,layup,25,6
Daequan Cook,Dwyane Wade,Marcus Banks,Michael Beasley,Udonis Haslem,David Lee,Jamal Crawford,Nate Robinson,Quentin Richardson,Wilson Chandler,4,8:56,NYK,shot,,,,,,,,,,Wilson Chandler,2,,,made,,putback layup,25,6
Daequan Cook,Dwyane Wade,Marcus Banks,Michael Beasley,Udonis Haslem,David Lee,Jamal Crawford,Nate Robinson,Quentin Richardson,Wilson Chandler,4,8:56,NYK,rebound,,,,,,,,,,Wilson Chandler,,,,,,off,,
Daequan Cook,Dwyane Wade,Marcus Banks,Michael Beasley,Udonis Haslem,David Lee,Jamal Crawford,Nate Robinson,Quentin Richardson,Wilson Chandler,4,8:47,MIA,timeout,,,,,,,,,,,,,,,,regular,,
Daequan Cook,Dwyane Wade,Mario Chalmers,Michael Beasley,Udonis Haslem,David Lee,Jamal Crawford,Nate Robinson,Quentin Richardson,Wilson Chandler,4,8:47,MIA,sub,,,,Mario Chalmers,,Marcus Banks,,,,,,,,,,,,
Daequan Cook,Dwyane Wade,Mario Chalmers,Michael Beasley,Udonis Haslem,David Lee,Jamal Crawford,Nate Robinson,Quentin Richardson,Wilson Chandler,4,8:32,MIA,shot,,,,,,,,,,Udonis Haslem,,,,missed,,layup,25,6
Daequan Cook,Dwyane Wade,Mario Chalmers,Michael Beasley,Udonis Haslem,David Lee,Jamal Crawford,Nate Robinson,Quentin Richardson,Wilson Chandler,4,8:31,MIA,shot,,,,,,,,,,Udonis Haslem,,,,missed,,tip,25,6
Daequan Cook,Dwyane Wade,Mario Chalmers,Michael Beasley,Udonis Haslem,David Lee,Jamal Crawford,Nate Robinson,Quentin Richardson,Wilson Chandler,4,8:31,MIA,rebound,,,,,,,,,,Udonis Haslem,,,,,,off,,
Daequan Cook,Dwyane Wade,Mario Chalmers,Michael Beasley,Udonis Haslem,David Lee,Jamal Crawford,Nate Robinson,Quentin Richardson,Wilson Chandler,4,8:31,MIA,rebound,,,,,,,,,,,,,,,,,,
Daequan Cook,Dwyane Wade,Mario Chalmers,Michael Beasley,Udonis Haslem,David Lee,Jamal Crawford,Nate Robinson,Quentin Richardson,Wilson Chandler,4,8:25,MIA,shot,,,,,,,,,,Dwyane Wade,2,,,made,,layup,25,6
Daequan Cook,Dwyane Wade,Mario Chalmers,Michael Beasley,Udonis Haslem,David Lee,Jamal Crawford,Nate Robinson,Quentin Richardson,Wilson Chandler,4,8:07,NYK,shot,David Lee,,,,,,,,,Wilson Chandler,2,,,made,,layup,25,6
Daequan Cook,Dwyane Wade,Mario Chalmers,Michael Beasley,Udonis Haslem,David Lee,Jamal Crawford,Nate Robinson,Quentin Richardson,Wilson Chandler,4,7:52,MIA,shot,,,,,,,,,,Mario Chalmers,,,,missed,,layup,25,6
Daequan Cook,Dwyane Wade,Mario Chalmers,Michael Beasley,Udonis Haslem,David Lee,Jamal Crawford,Nate Robinson,Quentin Richardson,Wilson Chandler,4,7:52,MIA,rebound,,,,,,,,,,Udonis Haslem,,,,,,off,,
Daequan Cook,Dwyane Wade,Mario Chalmers,Michael Beasley,Udonis Haslem,David Lee,Jamal Crawford,Nate Robinson,Quentin Richardson,Wilson Chandler,4,7:51,NYK,foul,,,,,,,,Udonis Haslem,,Nate Robinson,,,,,,personal,,
Daequan Cook,Dwyane Wade,Mario Chalmers,Michael Beasley,Udonis Haslem,David Lee,Jamal Crawford,Nate Robinson,Quentin Richardson,Wilson Chandler,4,7:51,NYK,foul,,,,,,,,Udonis Haslem,,Nate Robinson,,,,,,personal,,
Daequan Cook,Dwyane Wade,Mario Chalmers,Michael Beasley,Udonis Haslem,David Lee,Jamal Crawford,Nate Robinson,Quentin Richardson,Zach Randolph,4,7:51,NYK,sub,,,,Zach Randolph,,Wilson Chandler,,,,,,,,,,,,
Daequan Cook,Dwyane Wade,Mario Chalmers,Michael Beasley,Udonis Haslem,David Lee,Jamal Crawford,Nate Robinson,Quentin Richardson,Zach Randolph,4,7:39,MIA,shot,,,,,,,,,,Mario Chalmers,2,,,made,,running jump,20,8
Daequan Cook,Dwyane Wade,Mario Chalmers,Michael Beasley,Udonis Haslem,David Lee,Jamal Crawford,Nate Robinson,Quentin Richardson,Zach Randolph,4,7:28,NYK,shot,Quentin Richardson,,,,,,,,,David Lee,2,,,made,,slam dunk,25,6
Daequan Cook,Dwyane Wade,Mario Chalmers,Michael Beasley,Udonis Haslem,David Lee,Jamal Crawford,Nate Robinson,Quentin Richardson,Zach Randolph,4,7:06,MIA,turnover,,,,,,,,,,Michael Beasley,,,bad pass,,Zach Randolph,,,
Daequan Cook,Dwyane Wade,Mario Chalmers,Michael Beasley,Udonis Haslem,David Lee,Jamal Crawford,Nate Robinson,Quentin Richardson,Zach Randolph,4,6:50,NYK,shot,,,,,,,,,,Zach Randolph,,,,missed,,jump,13,13
Daequan Cook,Dwyane Wade,Mario Chalmers,Michael Beasley,Udonis Haslem,David Lee,Jamal Crawford,Nate Robinson,Quentin Richardson,Zach Randolph,4,6:45,NYK,shot,,,,,,,,,,David Lee,,,,missed,,layup,25,6
Daequan Cook,Dwyane Wade,Mario Chalmers,Michael Beasley,Udonis Haslem,David Lee,Jamal Crawford,Nate Robinson,Quentin Richardson,Zach Randolph,4,6:45,NYK,rebound,,,,,,,,,,David Lee,,,,,,off,,
Daequan Cook,Dwyane Wade,Mario Chalmers,Michael Beasley,Udonis Haslem,David Lee,Jamal Crawford,Nate Robinson,Quentin Richardson,Zach Randolph,4,6:43,NYK,shot,,,,,,,,,,David Lee,2,,,made,,layup,25,6
Daequan Cook,Dwyane Wade,Mario Chalmers,Michael Beasley,Udonis Haslem,David Lee,Jamal Crawford,Nate Robinson,Quentin Richardson,Zach Randolph,4,6:43,NYK,rebound,,,,,,,,,,David Lee,,,,,,off,,
Daequan Cook,Dwyane Wade,Mario Chalmers,Michael Beasley,Udonis Haslem,David Lee,Jamal Crawford,Nate Robinson,Quentin Richardson,Zach Randolph,4,6:33,MIA,timeout,,,,,,,,,,,,,,,,regular,,
Daequan Cook,Dwyane Wade,Mario Chalmers,Michael Beasley,Udonis Haslem,Chris Duhon,David Lee,Jamal Crawford,Quentin Richardson,Zach Randolph,4,6:33,NYK,sub,,,,Chris Duhon,,Nate Robinson,,,,,,,,,,,,
Daequan Cook,Dwyane Wade,Mario Chalmers,Shawn Marion,Udonis Haslem,Chris Duhon,David Lee,Jamal Crawford,Quentin Richardson,Zach Randolph,4,6:33,MIA,sub,,,,Shawn Marion,,Michael Beasley,,,,,,,,,,,,
Daequan Cook,Dwyane Wade,Mario Chalmers,Shawn Marion,Udonis Haslem,Chris Duhon,David Lee,Jamal Crawford,Quentin Richardson,Zach Randolph,4,6:24,MIA,shot,Dwyane Wade,,,,,,,,,Mario Chalmers,3,,,made,,3pt,41,25
Daequan Cook,Dwyane Wade,Mario Chalmers,Shawn Marion,Udonis Haslem,Chris Duhon,David Lee,Jamal Crawford,Quentin Richardson,Zach Randolph,4,6:05,NYK,turnover,,,,,,,,,,Quentin Richardson,,,bad pass,,Daequan Cook,,,
Daequan Cook,Dwyane Wade,Mario Chalmers,Shawn Marion,Udonis Haslem,Chris Duhon,David Lee,Jamal Crawford,Quentin Richardson,Zach Randolph,4,5:52,MIA,shot,,,,,,,,,,Dwyane Wade,2,,,made,,jump,18,21
Daequan Cook,Dwyane Wade,Mario Chalmers,Shawn Marion,Udonis Haslem,Chris Duhon,David Lee,Jamal Crawford,Quentin Richardson,Zach Randolph,4,5:34,NYK,shot,,,,,,,,,,Quentin Richardson,,,,missed,,3pt,2,12
Daequan Cook,Dwyane Wade,Mario Chalmers,Shawn Marion,Udonis Haslem,Chris Duhon,David Lee,Jamal Crawford,Quentin Richardson,Zach Randolph,4,5:34,NYK,rebound,,,,,,,,,,Zach Randolph,,,,,,off,,
Daequan Cook,Dwyane Wade,Mario Chalmers,Shawn Marion,Udonis Haslem,Chris Duhon,David Lee,Jamal Crawford,Quentin Richardson,Zach Randolph,4,5:34,MIA,foul,,,,,,,,Zach Randolph,,Udonis Haslem,,,,,,shooting,,
Daequan Cook,Dwyane Wade,Mario Chalmers,Shawn Marion,Udonis Haslem,Chris Duhon,David Lee,Jamal Crawford,Quentin Richardson,Zach Randolph,4,5:34,NYK,free throw,,,,,,,1,,2,Zach Randolph,,,foul,made,,,,
Daequan Cook,Dwyane Wade,Mario Chalmers,Shawn Marion,Udonis Haslem,Chris Duhon,David Lee,Jamal Crawford,Quentin Richardson,Zach Randolph,4,5:34,NYK,free throw,,,,,,,2,,2,Zach Randolph,,,foul,made,,,,
Daequan Cook,Dwyane Wade,Mario Chalmers,Shawn Marion,Udonis Haslem,Chris Duhon,David Lee,Jamal Crawford,Quentin Richardson,Zach Randolph,4,5:25,MIA,shot,,,,,,,,,,Shawn Marion,,,,missed,,jump,19,8
Daequan Cook,Dwyane Wade,Mario Chalmers,Shawn Marion,Udonis Haslem,Chris Duhon,David Lee,Jamal Crawford,Quentin Richardson,Zach Randolph,4,5:23,MIA,shot,,,,,,,,,,Shawn Marion,2,,,made,,tip,25,6
Daequan Cook,Dwyane Wade,Mario Chalmers,Shawn Marion,Udonis Haslem,Chris Duhon,David Lee,Jamal Crawford,Quentin Richardson,Zach Randolph,4,5:23,MIA,rebound,,,,,,,,,,Shawn Marion,,,,,,off,,
Daequan Cook,Dwyane Wade,Mario Chalmers,Shawn Marion,Udonis Haslem,Chris Duhon,David Lee,Jamal Crawford,Quentin Richardson,Zach Randolph,4,4:55,NYK,shot,,,,,,,,,,Zach Randolph,,,,missed,,3pt,15,29
Daequan Cook,Dwyane Wade,Mario Chalmers,Shawn Marion,Udonis Haslem,Chris Duhon,David Lee,Jamal Crawford,Quentin Richardson,Zach Randolph,4,4:54,MIA,rebound,,,,,,,,,,Daequan Cook,,,,,,def,,
Daequan Cook,Dwyane Wade,Mario Chalmers,Shawn Marion,Udonis Haslem,Chris Duhon,David Lee,Jamal Crawford,Quentin Richardson,Zach Randolph,4,4:50,MIA,shot,Mario Chalmers,,,,,,,,,Udonis Haslem,2,,,made,,slam dunk,25,6
Daequan Cook,Dwyane Wade,Mario Chalmers,Shawn Marion,Udonis Haslem,Chris Duhon,David Lee,Jamal Crawford,Quentin Richardson,Zach Randolph,4,4:49,NYK,timeout,,,,,,,,,,,,,,,,regular,,
Daequan Cook,Dwyane Wade,Mario Chalmers,Shawn Marion,Udonis Haslem,Chris Duhon,David Lee,Jamal Crawford,Nate Robinson,Zach Randolph,4,4:49,NYK,sub,,,,Nate Robinson,,Quentin Richardson,,,,,,,,,,,,
Daequan Cook,Dwyane Wade,Mario Chalmers,Shawn Marion,Udonis Haslem,Chris Duhon,David Lee,Jamal Crawford,Nate Robinson,Zach Randolph,4,4:32,NYK,shot,,,,,,,,,,Nate Robinson,,,,missed,,3pt,12,28
Daequan Cook,Dwyane Wade,Mario Chalmers,Shawn Marion,Udonis Haslem,Chris Duhon,David Lee,Jamal Crawford,Nate Robinson,Zach Randolph,4,4:30,NYK,rebound,,,,,,,,,,David Lee,,,,,,off,,
Daequan Cook,Dwyane Wade,Mario Chalmers,Shawn Marion,Udonis Haslem,Chris Duhon,David Lee,Jamal Crawford,Nate Robinson,Zach Randolph,4,4:15,NYK,shot,,,,,,,,,,Nate Robinson,,,,missed,,layup,25,6
Daequan Cook,Dwyane Wade,Mario Chalmers,Shawn Marion,Udonis Haslem,Chris Duhon,David Lee,Jamal Crawford,Nate Robinson,Zach Randolph,4,4:14,MIA,rebound,,,,,,,,,,Udonis Haslem,,,,,,def,,
Daequan Cook,Dwyane Wade,Mario Chalmers,Shawn Marion,Udonis Haslem,Chris Duhon,David Lee,Jamal Crawford,Nate Robinson,Zach Randolph,4,4:10,MIA,shot,Dwyane Wade,,,,,,,,,Daequan Cook,2,,,made,,alley oop dunk,25,6
Daequan Cook,Dwyane Wade,Mario Chalmers,Shawn Marion,Udonis Haslem,Chris Duhon,David Lee,Jamal Crawford,Nate Robinson,Zach Randolph,4,3:50,NYK,turnover,,,,,,,,,,Jamal Crawford,,,bad pass,,Shawn Marion,,,
Daequan Cook,Dwyane Wade,Mario Chalmers,Shawn Marion,Udonis Haslem,Chris Duhon,David Lee,Jamal Crawford,Nate Robinson,Zach Randolph,4,3:43,MIA,shot,,,,,,,,,,Daequan Cook,,,,missed,,3pt,2,10
Daequan Cook,Dwyane Wade,Mario Chalmers,Shawn Marion,Udonis Haslem,Chris Duhon,David Lee,Jamal Crawford,Nate Robinson,Zach Randolph,4,3:41,NYK,rebound,,,,,,,,,,Zach Randolph,,,,,,def,,
Daequan Cook,Dwyane Wade,Mario Chalmers,Shawn Marion,Udonis Haslem,Chris Duhon,David Lee,Jamal Crawford,Nate Robinson,Zach Randolph,4,3:23,MIA,foul,,,,,,,,David Lee,,Shawn Marion,,,,,,shooting,,
Daequan Cook,Dwyane Wade,Mario Chalmers,Shawn Marion,Udonis Haslem,Chris Duhon,David Lee,Jamal Crawford,Nate Robinson,Zach Randolph,4,3:23,NYK,free throw,,,,,,,1,,2,David Lee,,,foul,made,,,,
Daequan Cook,Dwyane Wade,Mario Chalmers,Shawn Marion,Udonis Haslem,Chris Duhon,David Lee,Jamal Crawford,Nate Robinson,Zach Randolph,4,3:23,NYK,free throw,,,,,,,2,,2,David Lee,,,foul,missed,,,,
Daequan Cook,Dwyane Wade,Mario Chalmers,Shawn Marion,Udonis Haslem,Chris Duhon,David Lee,Jamal Crawford,Nate Robinson,Zach Randolph,4,3:23,MIA,rebound,,,,,,,,,,Udonis Haslem,,,,,,def,,
Daequan Cook,Dwyane Wade,Mario Chalmers,Shawn Marion,Udonis Haslem,Chris Duhon,David Lee,Jamal Crawford,Nate Robinson,Zach Randolph,4,3:15,MIA,shot,,,,,,,,,,Dwyane Wade,2,,,made,,running jump,28,11
Daequan Cook,Dwyane Wade,Mario Chalmers,Shawn Marion,Udonis Haslem,Chris Duhon,David Lee,Jamal Crawford,Nate Robinson,Zach Randolph,4,3:15,NYK,foul,,,,,,,,Dwyane Wade,,David Lee,,,,,,shooting,,
Daequan Cook,Dwyane Wade,Mario Chalmers,Shawn Marion,Udonis Haslem,Chris Duhon,Jamal Crawford,Nate Robinson,Wilson Chandler,Zach Randolph,4,3:15,NYK,sub,,,,Wilson Chandler,,David Lee,,,,,,,,,,,,
Daequan Cook,Dwyane Wade,Mario Chalmers,Shawn Marion,Udonis Haslem,Chris Duhon,Jamal Crawford,Nate Robinson,Wilson Chandler,Zach Randolph,4,3:15,MIA,free throw,,,,,,,1,,1,Dwyane Wade,,,foul,made,,,,
Daequan Cook,Dwyane Wade,Mario Chalmers,Shawn Marion,Udonis Haslem,Chris Duhon,Jamal Crawford,Nate Robinson,Wilson Chandler,Zach Randolph,4,3:04,MIA,foul,,,,,,,,Jamal Crawford,,Daequan Cook,,,,,,personal,,
Daequan Cook,Dwyane Wade,Mario Chalmers,Shawn Marion,Udonis Haslem,Chris Duhon,Jamal Crawford,Nate Robinson,Wilson Chandler,Zach Randolph,4,2:53,NYK,shot,,,,,,,,,,Wilson Chandler,,,,missed,,jump,25,11
Daequan Cook,Dwyane Wade,Mario Chalmers,Shawn Marion,Udonis Haslem,Chris Duhon,Jamal Crawford,Nate Robinson,Wilson Chandler,Zach Randolph,4,2:51,MIA,rebound,,,,,,,,,,Dwyane Wade,,,,,,def,,
Daequan Cook,Dwyane Wade,Mario Chalmers,Shawn Marion,Udonis Haslem,Chris Duhon,Jamal Crawford,Nate Robinson,Wilson Chandler,Zach Randolph,4,2:46,MIA,shot,,,,,,,,,,Dwyane Wade,,,,missed,,jump,33,6
Daequan Cook,Dwyane Wade,Mario Chalmers,Shawn Marion,Udonis Haslem,Chris Duhon,Jamal Crawford,Nate Robinson,Wilson Chandler,Zach Randolph,4,2:44,MIA,shot,,,,,,,,,,Shawn Marion,2,,,made,,tip,25,6
Daequan Cook,Dwyane Wade,Mario Chalmers,Shawn Marion,Udonis Haslem,Chris Duhon,Jamal Crawford,Nate Robinson,Wilson Chandler,Zach Randolph,4,2:44,MIA,rebound,,,,,,,,,,Shawn Marion,,,,,,off,,
Daequan Cook,Dwyane Wade,Mario Chalmers,Shawn Marion,Udonis Haslem,Chris Duhon,Jamal Crawford,Nate Robinson,Wilson Chandler,Zach Randolph,4,2:38,MIA,foul,,,,,,,,Chris Duhon,,Dwyane Wade,,,,,,personal,,
Daequan Cook,Dwyane Wade,Mario Chalmers,Shawn Marion,Udonis Haslem,Chris Duhon,Jamal Crawford,Nate Robinson,Wilson Chandler,Zach Randolph,4,2:38,NYK,free throw,,,,,,,1,,2,Chris Duhon,,,foul,made,,,,
Daequan Cook,Dwyane Wade,Mario Chalmers,Shawn Marion,Udonis Haslem,Chris Duhon,Jamal Crawford,Nate Robinson,Wilson Chandler,Zach Randolph,4,2:38,NYK,free throw,,,,,,,2,,2,Chris Duhon,,,foul,missed,,,,
Daequan Cook,Dwyane Wade,Mario Chalmers,Shawn Marion,Udonis Haslem,Chris Duhon,Jamal Crawford,Nate Robinson,Wilson Chandler,Zach Randolph,4,2:37,MIA,rebound,,,,,,,,,,Shawn Marion,,,,,,def,,
Daequan Cook,Dwyane Wade,Mario Chalmers,Shawn Marion,Udonis Haslem,Chris Duhon,Jamal Crawford,Nate Robinson,Wilson Chandler,Zach Randolph,4,2:24,MIA,shot,Dwyane Wade,,,,,,,,,Daequan Cook,3,,,made,,3pt,13,28
Daequan Cook,Dwyane Wade,Mario Chalmers,Shawn Marion,Udonis Haslem,Chris Duhon,Jamal Crawford,Nate Robinson,Wilson Chandler,Zach Randolph,4,2:07,NYK,shot,Nate Robinson,,,,,,,,,Jamal Crawford,3,,,made,,3pt,1,6
Daequan Cook,Dwyane Wade,Mario Chalmers,Shawn Marion,Udonis Haslem,Chris Duhon,Jamal Crawford,Nate Robinson,Wilson Chandler,Zach Randolph,4,1:52,NYK,foul,,,,,,,,Shawn Marion,,Zach Randolph,,,,,,shooting,,
Daequan Cook,Dwyane Wade,Mario Chalmers,Shawn Marion,Udonis Haslem,Chris Duhon,Jamal Crawford,Nate Robinson,Wilson Chandler,Zach Randolph,4,1:52,MIA,free throw,,,,,,,1,,2,Shawn Marion,,,foul,made,,,,
Daequan Cook,Dwyane Wade,Mario Chalmers,Shawn Marion,Udonis Haslem,Chris Duhon,Jamal Crawford,Nate Robinson,Wilson Chandler,Zach Randolph,4,1:52,MIA,free throw,,,,,,,2,,2,Shawn Marion,,,foul,missed,,,,
Daequan Cook,Dwyane Wade,Mario Chalmers,Shawn Marion,Udonis Haslem,Chris Duhon,Jamal Crawford,Nate Robinson,Wilson Chandler,Zach Randolph,4,1:52,NYK,rebound,,,,,,,,,,Wilson Chandler,,,,,,def,,
Daequan Cook,Dwyane Wade,Mario Chalmers,Shawn Marion,Udonis Haslem,Chris Duhon,Jamal Crawford,Nate Robinson,Wilson Chandler,Zach Randolph,4,1:45,NYK,shot,,,,,,,,,,Jamal Crawford,,,,missed,,3pt,48,5
Daequan Cook,Dwyane Wade,Mario Chalmers,Shawn Marion,Udonis Haslem,Chris Duhon,Jamal Crawford,Nate Robinson,Wilson Chandler,Zach Randolph,4,1:43,MIA,rebound,,,,,,,,,,Mario Chalmers,,,,,,def,,
Daequan Cook,Dwyane Wade,Mario Chalmers,Shawn Marion,Udonis Haslem,Chris Duhon,Jamal Crawford,Nate Robinson,Wilson Chandler,Zach Randolph,4,1:40,MIA,shot,,,,,,,,,,Mario Chalmers,2,,,made,,driving layup,25,6
Daequan Cook,Dwyane Wade,Mario Chalmers,Shawn Marion,Udonis Haslem,Chris Duhon,Jamal Crawford,Nate Robinson,Wilson Chandler,Zach Randolph,4,1:25,MIA,foul,,,,,,,,Jamal Crawford,,Dwyane Wade,,,,,,shooting,,
Daequan Cook,Marcus Banks,Mario Chalmers,Shawn Marion,Udonis Haslem,Chris Duhon,Jamal Crawford,Nate Robinson,Wilson Chandler,Zach Randolph,4,1:25,MIA,sub,,,,Marcus Banks,,Dwyane Wade,,,,,,,,,,,,
Daequan Cook,Marcus Banks,Mario Chalmers,Shawn Marion,Udonis Haslem,Chris Duhon,Jamal Crawford,Nate Robinson,Wilson Chandler,Zach Randolph,4,1:25,NYK,free throw,,,,,,,1,,3,Jamal Crawford,,,foul,missed,,,,
Daequan Cook,Marcus Banks,Mario Chalmers,Shawn Marion,Udonis Haslem,Chris Duhon,Jamal Crawford,Nate Robinson,Wilson Chandler,Zach Randolph,4,1:25,NYK,rebound,,,,,,,,,,,,,,,,,,
Daequan Cook,Marcus Banks,Mario Chalmers,Shawn Marion,Udonis Haslem,Chris Duhon,Jamal Crawford,Nate Robinson,Wilson Chandler,Zach Randolph,4,1:25,NYK,free throw,,,,,,,2,,3,Jamal Crawford,,,foul,made,,,,
Daequan Cook,Marcus Banks,Mario Chalmers,Shawn Marion,Udonis Haslem,Chris Duhon,David Lee,Jamal Crawford,Nate Robinson,Wilson Chandler,4,1:25,NYK,sub,,,,David Lee,,Zach Randolph,,,,,,,,,,,,
Daequan Cook,Marcus Banks,Mario Chalmers,Shawn Marion,Udonis Haslem,Chris Duhon,David Lee,Jamal Crawford,Nate Robinson,Wilson Chandler,4,1:25,NYK,free throw,,,,,,,3,,3,Jamal Crawford,,,foul,missed,,,,
Daequan Cook,Marcus Banks,Mario Chalmers,Shawn Marion,Udonis Haslem,Chris Duhon,David Lee,Jamal Crawford,Nate Robinson,Wilson Chandler,4,1:25,MIA,rebound,,,,,,,,,,Daequan Cook,,,,,,def,,
Daequan Cook,Marcus Banks,Mario Chalmers,Shawn Marion,Udonis Haslem,Chris Duhon,David Lee,Jamal Crawford,Nate Robinson,Wilson Chandler,4,1:09,MIA,shot,Udonis Haslem,,,,,,,,,Mario Chalmers,2,,,made,,running jump,25,6
Daequan Cook,Marcus Banks,Mario Chalmers,Shawn Marion,Udonis Haslem,Chris Duhon,David Lee,Jamal Crawford,Nate Robinson,Wilson Chandler,4,0:47,NYK,shot,,,,,,,,,,Nate Robinson,2,,,made,,running layup,25,6
Daequan Cook,Marcus Banks,Mario Chalmers,Shawn Marion,Udonis Haslem,Chris Duhon,David Lee,Jamal Crawford,Nate Robinson,Wilson Chandler,4,0:38,NYK,foul,,,,,,,,Daequan Cook,,Nate Robinson,,,,,,personal,,
Daequan Cook,Marcus Banks,Mario Chalmers,Shawn Marion,Udonis Haslem,Chris Duhon,David Lee,Jamal Crawford,Nate Robinson,Wilson Chandler,4,0:38,MIA,free throw,,,,,,,1,,2,Daequan Cook,,,foul,made,,,,
Daequan Cook,Marcus Banks,Mario Chalmers,Shawn Marion,Udonis Haslem,Chris Duhon,David Lee,Jamal Crawford,Nate Robinson,Wilson Chandler,4,0:38,MIA,free throw,,,,,,,2,,2,Daequan Cook,,,foul,made,,,,
Daequan Cook,Marcus Banks,Mario Chalmers,Shawn Marion,Udonis Haslem,Chris Duhon,David Lee,Jamal Crawford,Nate Robinson,Wilson Chandler,4,0:29,MIA,foul,,,,,,,,Nate Robinson,,Marcus Banks,,,,,,personal,,
Daequan Cook,Marcus Banks,Mario Chalmers,Shawn Marion,Udonis Haslem,Chris Duhon,David Lee,Jamal Crawford,Nate Robinson,Wilson Chandler,4,0:29,NYK,free throw,,,,,,,1,,2,Nate Robinson,,,foul,made,,,,
Daequan Cook,Marcus Banks,Mario Chalmers,Shawn Marion,Udonis Haslem,Chris Duhon,David Lee,Jamal Crawford,Nate Robinson,Wilson Chandler,4,0:29,NYK,free throw,,,,,,,2,,2,Nate Robinson,,,foul,made,,,,
Daequan Cook,Marcus Banks,Mario Chalmers,Shawn Marion,Udonis Haslem,Chris Duhon,David Lee,Jamal Crawford,Nate Robinson,Wilson Chandler,4,0:20,MIA,shot,Mario Chalmers,,,,,,,,,Daequan Cook,3,,,made,,3pt,10,31
Daequan Cook,Marcus Banks,Mario Chalmers,Shawn Marion,Udonis Haslem,Chris Duhon,David Lee,Jamal Crawford,Nate Robinson,Wilson Chandler,4,0:16,MIA,foul,,,,,,,,Nate Robinson,,Udonis Haslem,,,,,,personal,,
Daequan Cook,Marcus Banks,Mario Chalmers,Shawn Marion,Udonis Haslem,Chris Duhon,David Lee,Jamal Crawford,Nate Robinson,Wilson Chandler,4,0:16,NYK,free throw,,,,,,,1,,2,Nate Robinson,,,foul,made,,,,
Daequan Cook,Marcus Banks,Mario Chalmers,Shawn Marion,Udonis Haslem,Chris Duhon,David Lee,Jamal Crawford,Nate Robinson,Wilson Chandler,4,0:16,NYK,free throw,,,,,,,2,,2,Nate Robinson,,,foul,made,,,,
Daequan Cook,Marcus Banks,Mario Chalmers,Shawn Marion,Udonis Haslem,Chris Duhon,David Lee,Jamal Crawford,Nate Robinson,Wilson Chandler,4,0:16,MIA,timeout,,,,,,,,,,,,,,,,regular,,
Daequan Cook,Marcus Banks,Mario Chalmers,Shawn Marion,Udonis Haslem,Chris Duhon,David Lee,Jamal Crawford,Nate Robinson,Wilson Chandler,4,0:13,MIA,shot,Mario Chalmers,,,,,,,,,Daequan Cook,3,,,made,,3pt,36,29
Daequan Cook,Marcus Banks,Mario Chalmers,Shawn Marion,Udonis Haslem,Chris Duhon,David Lee,Jamal Crawford,Nate Robinson,Wilson Chandler,4,0:12,MIA,foul,,,,,,,,Jamal Crawford,,Mario Chalmers,,,,,,personal,,
Daequan Cook,Marcus Banks,Mario Chalmers,Shawn Marion,Udonis Haslem,Chris Duhon,David Lee,Jamal Crawford,Nate Robinson,Wilson Chandler,4,0:12,NYK,free throw,,,,,,,1,,2,Jamal Crawford,,,foul,made,,,,
Daequan Cook,Marcus Banks,Mario Chalmers,Shawn Marion,Udonis Haslem,Chris Duhon,Jamal Crawford,Mardy Collins,Nate Robinson,Wilson Chandler,4,0:12,NYK,sub,,,,Mardy Collins,,David Lee,,,,,,,,,,,,
Daequan Cook,Marcus Banks,Mario Chalmers,Shawn Marion,Udonis Haslem,Chris Duhon,Jamal Crawford,Mardy Collins,Nate Robinson,Wilson Chandler,4,0:12,NYK,free throw,,,,,,,2,,2,Jamal Crawford,,,foul,made,,,,
Daequan Cook,Marcus Banks,Mario Chalmers,Shawn Marion,Udonis Haslem,Chris Duhon,Jamal Crawford,Mardy Collins,Nate Robinson,Wilson Chandler,4,0:05,MIA,shot,,,,,,,,,,Daequan Cook,,,,missed,,3pt,10,28
Daequan Cook,Marcus Banks,Mario Chalmers,Shawn Marion,Udonis Haslem,Chris Duhon,Jamal Crawford,Mardy Collins,Nate Robinson,Wilson Chandler,4,0:04,NYK,rebound,,,,,,,,,,Mardy Collins,,,,,,def,,
