a1,a2,a3,a4,a5,h1,h2,h3,h4,h5,period,time,team,etype,assist,away,block,entered,home,left,num,opponent,outof,player,points,possession,reason,result,steal,type,x,y
Al Jefferson,Craig Smith,Kevin Ollie,Randy Foye,Ryan Gomes,Al Harrington,Chris Duhon,David Lee,Nate Robinson,Wilson Chandler,1,12:00,OFF,jump ball,,Al Jefferson,,,Wilson Chandler,,,,,,,Minnesota,,,,,,
Al Jefferson,Craig Smith,Kevin Ollie,Randy Foye,Ryan Gomes,Al Harrington,Chris Duhon,David Lee,Nate Robinson,Wilson Chandler,1,12:00,NYK,violation,,,,,,,,,,Nate Robinson,,,,,,jump ball,,
Al Jefferson,Craig Smith,Kevin Ollie,Randy Foye,Ryan Gomes,Al Harrington,Chris Duhon,David Lee,Nate Robinson,Wilson Chandler,1,11:49,MIN,shot,,,,,,,,,,Randy Foye,,,,missed,,jump,20,27
Al Jefferson,Craig Smith,Kevin Ollie,Randy Foye,Ryan Gomes,Al Harrington,Chris Duhon,David Lee,Nate Robinson,Wilson Chandler,1,11:47,NYK,rebound,,,,,,,,,,Nate Robinson,,,,,,def,,
Al Jefferson,Craig Smith,Kevin Ollie,Randy Foye,Ryan Gomes,Al Harrington,Chris Duhon,David Lee,Nate Robinson,Wilson Chandler,1,11:41,NYK,shot,,,,,,,,,,Nate Robinson,2,,,made,,running layup,25,6
Al Jefferson,Craig Smith,Kevin Ollie,Randy Foye,Ryan Gomes,Al Harrington,Chris Duhon,David Lee,Nate Robinson,Wilson Chandler,1,11:20,NYK,rebound,,,,,,,,,,David Lee,,,,,,def,,
Al Jefferson,Craig Smith,Kevin Ollie,Randy Foye,Ryan Gomes,Al Harrington,Chris Duhon,David Lee,Nate Robinson,Wilson Chandler,1,11:20,MIN,shot,,,,,,,,,,Craig Smith,,,,missed,,layup,25,6
Al Jefferson,Craig Smith,Kevin Ollie,Randy Foye,Ryan Gomes,Al Harrington,Chris Duhon,David Lee,Nate Robinson,Wilson Chandler,1,11:14,MIN,foul,,,,,,,,Al Harrington,,Craig Smith,,,,,,shooting,,
Al Jefferson,Craig Smith,Kevin Ollie,Randy Foye,Ryan Gomes,Al Harrington,Chris Duhon,David Lee,Nate Robinson,Wilson Chandler,1,11:14,NYK,free throw,,,,,,,1,,2,Al Harrington,,,foul,missed,,,,
Al Jefferson,Craig Smith,Kevin Ollie,Randy Foye,Ryan Gomes,Al Harrington,Chris Duhon,David Lee,Nate Robinson,Wilson Chandler,1,11:14,NYK,rebound,,,,,,,,,,,,,,,,,,
Al Jefferson,Craig Smith,Kevin Ollie,Randy Foye,Ryan Gomes,Al Harrington,Chris Duhon,David Lee,Nate Robinson,Wilson Chandler,1,11:14,NYK,free throw,,,,,,,2,,2,Al Harrington,,,foul,made,,,,
Al Jefferson,Craig Smith,Kevin Ollie,Randy Foye,Ryan Gomes,Al Harrington,Chris Duhon,David Lee,Nate Robinson,Wilson Chandler,1,10:57,MIN,shot,,,,,,,,,,Al Jefferson,2,,,made,,running layup,25,6
Al Jefferson,Craig Smith,Kevin Ollie,Randy Foye,Ryan Gomes,Al Harrington,Chris Duhon,David Lee,Nate Robinson,Wilson Chandler,1,10:41,NYK,shot,,,,,,,,,,Wilson Chandler,,,,missed,,jump,18,26
Al Jefferson,Craig Smith,Kevin Ollie,Randy Foye,Ryan Gomes,Al Harrington,Chris Duhon,David Lee,Nate Robinson,Wilson Chandler,1,10:39,NYK,rebound,,,,,,,,,,David Lee,,,,,,off,,
Al Jefferson,Craig Smith,Kevin Ollie,Randy Foye,Ryan Gomes,Al Harrington,Chris Duhon,David Lee,Nate Robinson,Wilson Chandler,1,10:38,NYK,shot,,,,,,,,,,David Lee,,,,missed,,layup,25,6
Al Jefferson,Craig Smith,Kevin Ollie,Randy Foye,Ryan Gomes,Al Harrington,Chris Duhon,David Lee,Nate Robinson,Wilson Chandler,1,10:37,NYK,rebound,,,,,,,,,,David Lee,,,,,,off,,
Al Jefferson,Craig Smith,Kevin Ollie,Randy Foye,Ryan Gomes,Al Harrington,Chris Duhon,David Lee,Nate Robinson,Wilson Chandler,1,10:34,NYK,shot,David Lee,,,,,,,,,Nate Robinson,3,,,made,,3pt,11,25
Al Jefferson,Craig Smith,Kevin Ollie,Randy Foye,Ryan Gomes,Al Harrington,Chris Duhon,David Lee,Nate Robinson,Wilson Chandler,1,10:17,MIN,shot,,,,,,,,,,Al Jefferson,,,,missed,,jump,38,14
Al Jefferson,Craig Smith,Kevin Ollie,Randy Foye,Ryan Gomes,Al Harrington,Chris Duhon,David Lee,Nate Robinson,Wilson Chandler,1,10:16,MIN,rebound,,,,,,,,,,Kevin Ollie,,,,,,off,,
Al Jefferson,Craig Smith,Kevin Ollie,Randy Foye,Ryan Gomes,Al Harrington,Chris Duhon,David Lee,Nate Robinson,Wilson Chandler,1,10:12,MIN,shot,,,,,,,,,,Randy Foye,,,,missed,,3pt,8,24
Al Jefferson,Craig Smith,Kevin Ollie,Randy Foye,Ryan Gomes,Al Harrington,Chris Duhon,David Lee,Nate Robinson,Wilson Chandler,1,10:10,NYK,rebound,,,,,,,,,,Nate Robinson,,,,,,def,,
Al Jefferson,Craig Smith,Kevin Ollie,Randy Foye,Ryan Gomes,Al Harrington,Chris Duhon,David Lee,Nate Robinson,Wilson Chandler,1,9:54,NYK,shot,,,,,,,,,,Wilson Chandler,,,,missed,,layup,25,6
Al Jefferson,Craig Smith,Kevin Ollie,Randy Foye,Ryan Gomes,Al Harrington,Chris Duhon,David Lee,Nate Robinson,Wilson Chandler,1,9:53,MIN,rebound,,,,,,,,,,Al Jefferson,,,,,,def,,
Al Jefferson,Craig Smith,Kevin Ollie,Randy Foye,Ryan Gomes,Al Harrington,Chris Duhon,David Lee,Nate Robinson,Wilson Chandler,1,9:47,NYK,foul,,,,,,,,Randy Foye,,Chris Duhon,,,,,,shooting,,
Al Jefferson,Craig Smith,Kevin Ollie,Randy Foye,Ryan Gomes,Al Harrington,Chris Duhon,David Lee,Nate Robinson,Wilson Chandler,1,9:47,MIN,free throw,,,,,,,1,,2,Randy Foye,,,foul,made,,,,
Al Jefferson,Craig Smith,Kevin Ollie,Randy Foye,Ryan Gomes,Al Harrington,Chris Duhon,David Lee,Nate Robinson,Wilson Chandler,1,9:47,MIN,free throw,,,,,,,2,,2,Randy Foye,,,foul,made,,,,
Al Jefferson,Craig Smith,Kevin Ollie,Randy Foye,Ryan Gomes,Al Harrington,Chris Duhon,David Lee,Nate Robinson,Wilson Chandler,1,9:23,NYK,rebound,,,,,,,,,,David Lee,,,,,,off,,
Al Jefferson,Craig Smith,Kevin Ollie,Randy Foye,Ryan Gomes,Al Harrington,Chris Duhon,David Lee,Nate Robinson,Wilson Chandler,1,9:23,NYK,shot,,,,,,,,,,Nate Robinson,,,,missed,,jump,25,6
Al Jefferson,Craig Smith,Kevin Ollie,Randy Foye,Ryan Gomes,Al Harrington,Chris Duhon,David Lee,Nate Robinson,Wilson Chandler,1,9:22,NYK,shot,,,,,,,,,,David Lee,,,,missed,,layup,25,6
Al Jefferson,Craig Smith,Kevin Ollie,Randy Foye,Ryan Gomes,Al Harrington,Chris Duhon,David Lee,Nate Robinson,Wilson Chandler,1,9:21,MIN,rebound,,,,,,,,,,Al Jefferson,,,,,,def,,
Al Jefferson,Craig Smith,Kevin Ollie,Randy Foye,Ryan Gomes,Al Harrington,Chris Duhon,David Lee,Nate Robinson,Wilson Chandler,1,9:12,MIN,shot,,,,,,,,,,Randy Foye,2,,,made,,jump bank,18,8
Al Jefferson,Craig Smith,Kevin Ollie,Randy Foye,Ryan Gomes,Al Harrington,Chris Duhon,David Lee,Nate Robinson,Wilson Chandler,1,9:03,NYK,shot,,,,,,,,,,David Lee,2,,,made,,driving layup,25,6
Al Jefferson,Craig Smith,Kevin Ollie,Randy Foye,Ryan Gomes,Al Harrington,Chris Duhon,David Lee,Nate Robinson,Wilson Chandler,1,8:47,MIN,shot,,,Wilson Chandler,,,,,,,Ryan Gomes,,,,missed,,layup,25,6
Al Jefferson,Craig Smith,Kevin Ollie,Randy Foye,Ryan Gomes,Al Harrington,Chris Duhon,David Lee,Nate Robinson,Wilson Chandler,1,8:41,NYK,rebound,,,,,,,,,,Nate Robinson,,,,,,def,,
Al Jefferson,Craig Smith,Kevin Ollie,Randy Foye,Ryan Gomes,Al Harrington,Chris Duhon,David Lee,Nate Robinson,Wilson Chandler,1,8:37,NYK,turnover,,,,,,,,,,Chris Duhon,,,bad pass,,Craig Smith,,,
Al Jefferson,Craig Smith,Kevin Ollie,Randy Foye,Ryan Gomes,Al Harrington,Chris Duhon,David Lee,Nate Robinson,Wilson Chandler,1,8:33,MIN,shot,,,,,,,,,,Randy Foye,2,,,made,,layup,25,6
Al Jefferson,Craig Smith,Kevin Ollie,Randy Foye,Ryan Gomes,Al Harrington,Chris Duhon,David Lee,Nate Robinson,Wilson Chandler,1,8:18,NYK,shot,,,,,,,,,,Wilson Chandler,3,,,made,,3pt,1,5
Al Jefferson,Craig Smith,Kevin Ollie,Randy Foye,Ryan Gomes,Al Harrington,Chris Duhon,David Lee,Nate Robinson,Wilson Chandler,1,8:09,MIN,turnover,,,,,,,,,,Randy Foye,,,lost ball,,David Lee,,,
Al Jefferson,Craig Smith,Kevin Ollie,Randy Foye,Ryan Gomes,Al Harrington,Chris Duhon,David Lee,Nate Robinson,Wilson Chandler,1,7:59,NYK,shot,Chris Duhon,,,,,,,,,David Lee,2,,,made,,dunk,25,6
Al Jefferson,Craig Smith,Kevin Ollie,Randy Foye,Ryan Gomes,Al Harrington,Chris Duhon,David Lee,Nate Robinson,Wilson Chandler,1,7:34,MIN,shot,,,,,,,,,,Ryan Gomes,,,,missed,,3pt,35,29
Al Jefferson,Craig Smith,Kevin Ollie,Randy Foye,Ryan Gomes,Al Harrington,Chris Duhon,David Lee,Nate Robinson,Wilson Chandler,1,7:32,MIN,rebound,,,,,,,,,,,,,,,,,,
Al Jefferson,Craig Smith,Kevin Ollie,Randy Foye,Ryan Gomes,Al Harrington,Chris Duhon,David Lee,Nate Robinson,Wilson Chandler,1,7:25,MIN,turnover,,,,,,,,,,Randy Foye,,,bad pass,,Al Harrington,,,
Al Jefferson,Craig Smith,Kevin Ollie,Randy Foye,Ryan Gomes,Al Harrington,Chris Duhon,David Lee,Nate Robinson,Wilson Chandler,1,7:22,MIN,foul,,,,,,,,Wilson Chandler,,Randy Foye,,,,,,shooting,,
Al Jefferson,Craig Smith,Kevin Ollie,Randy Foye,Ryan Gomes,Al Harrington,Chris Duhon,David Lee,Nate Robinson,Wilson Chandler,1,7:22,NYK,free throw,,,,,,,1,,2,Wilson Chandler,,,foul,made,,,,
Al Jefferson,Craig Smith,Kevin Ollie,Randy Foye,Ryan Gomes,Al Harrington,Chris Duhon,David Lee,Nate Robinson,Wilson Chandler,1,7:22,NYK,free throw,,,,,,,2,,2,Wilson Chandler,,,foul,made,,,,
Al Jefferson,Craig Smith,Kevin Ollie,Randy Foye,Ryan Gomes,Al Harrington,Chris Duhon,David Lee,Nate Robinson,Wilson Chandler,1,7:07,MIN,shot,Craig Smith,,,,,,,,,Al Jefferson,2,,,made,,jump,25,11
Al Jefferson,Craig Smith,Kevin Ollie,Randy Foye,Ryan Gomes,Al Harrington,Chris Duhon,David Lee,Nate Robinson,Wilson Chandler,1,6:44,NYK,shot,,,,,,,,,,Nate Robinson,,,,missed,,jump,20,10
Al Jefferson,Craig Smith,Kevin Ollie,Randy Foye,Ryan Gomes,Al Harrington,Chris Duhon,David Lee,Nate Robinson,Wilson Chandler,1,6:42,MIN,rebound,,,,,,,,,,Al Jefferson,,,,,,def,,
Al Jefferson,Craig Smith,Kevin Ollie,Randy Foye,Ryan Gomes,Al Harrington,Chris Duhon,David Lee,Nate Robinson,Wilson Chandler,1,6:34,MIN,shot,Randy Foye,,,,,,,,,Craig Smith,2,,,made,,reverse layup,25,6
Al Jefferson,Craig Smith,Kevin Ollie,Randy Foye,Ryan Gomes,Al Harrington,Chris Duhon,David Lee,Nate Robinson,Wilson Chandler,1,6:26,NYK,shot,,,,,,,,,,Al Harrington,,,,missed,,layup,25,6
Al Jefferson,Craig Smith,Kevin Ollie,Randy Foye,Ryan Gomes,Al Harrington,Chris Duhon,David Lee,Nate Robinson,Wilson Chandler,1,6:24,MIN,rebound,,,,,,,,,,Al Jefferson,,,,,,def,,
Al Jefferson,Craig Smith,Kevin Ollie,Randy Foye,Ryan Gomes,Al Harrington,Chris Duhon,David Lee,Nate Robinson,Wilson Chandler,1,6:07,MIN,shot,,,,,,,,,,Kevin Ollie,,,,missed,,jump,17,21
Al Jefferson,Craig Smith,Kevin Ollie,Randy Foye,Ryan Gomes,Al Harrington,Chris Duhon,David Lee,Nate Robinson,Wilson Chandler,1,6:05,NYK,rebound,,,,,,,,,,Nate Robinson,,,,,,def,,
Al Jefferson,Craig Smith,Kevin Ollie,Randy Foye,Ryan Gomes,Al Harrington,Chris Duhon,David Lee,Nate Robinson,Wilson Chandler,1,6:00,NYK,shot,,,,,,,,,,Nate Robinson,,,,missed,,3pt,42,24
Al Jefferson,Craig Smith,Kevin Ollie,Randy Foye,Ryan Gomes,Al Harrington,Chris Duhon,David Lee,Nate Robinson,Wilson Chandler,1,5:58,MIN,rebound,,,,,,,,,,Randy Foye,,,,,,def,,
Al Jefferson,Craig Smith,Kevin Ollie,Randy Foye,Ryan Gomes,Al Harrington,Chris Duhon,David Lee,Nate Robinson,Wilson Chandler,1,5:54,MIN,shot,,,,,,,,,,Randy Foye,2,,,made,,driving layup,25,6
Al Jefferson,Craig Smith,Kevin Ollie,Randy Foye,Ryan Gomes,Al Harrington,Chris Duhon,David Lee,Nate Robinson,Wilson Chandler,1,5:36,NYK,shot,,,,,,,,,,Chris Duhon,,,,missed,,3pt,13,27
Al Jefferson,Craig Smith,Kevin Ollie,Randy Foye,Ryan Gomes,Al Harrington,Chris Duhon,David Lee,Nate Robinson,Wilson Chandler,1,5:35,MIN,rebound,,,,,,,,,,Al Jefferson,,,,,,def,,
Al Jefferson,Craig Smith,Kevin Ollie,Randy Foye,Ryan Gomes,Al Harrington,Chris Duhon,David Lee,Nate Robinson,Wilson Chandler,1,5:28,MIN,shot,Kevin Ollie,,,,,,,,,Ryan Gomes,3,,,made,,3pt,11,28
Al Jefferson,Craig Smith,Kevin Ollie,Randy Foye,Ryan Gomes,Al Harrington,Chris Duhon,David Lee,Nate Robinson,Wilson Chandler,1,5:13,NYK,shot,,,,,,,,,,David Lee,,,,missed,,jump,17,25
Al Jefferson,Craig Smith,Kevin Ollie,Randy Foye,Ryan Gomes,Al Harrington,Chris Duhon,David Lee,Nate Robinson,Wilson Chandler,1,5:12,MIN,rebound,,,,,,,,,,Kevin Ollie,,,,,,def,,
Al Jefferson,Craig Smith,Kevin Ollie,Randy Foye,Ryan Gomes,Al Harrington,Chris Duhon,David Lee,Nate Robinson,Wilson Chandler,1,5:07,MIN,shot,,,,,,,,,,Ryan Gomes,,,,missed,,jump,36,11
Al Jefferson,Craig Smith,Kevin Ollie,Randy Foye,Ryan Gomes,Al Harrington,Chris Duhon,David Lee,Nate Robinson,Wilson Chandler,1,5:06,NYK,rebound,,,,,,,,,,Wilson Chandler,,,,,,def,,
Al Jefferson,Craig Smith,Kevin Ollie,Randy Foye,Ryan Gomes,Al Harrington,Chris Duhon,David Lee,Nate Robinson,Wilson Chandler,1,4:51,NYK,shot,,,,,,,,,,Al Harrington,,,,missed,,3pt,41,26
Al Jefferson,Craig Smith,Kevin Ollie,Randy Foye,Ryan Gomes,Al Harrington,Chris Duhon,David Lee,Nate Robinson,Wilson Chandler,1,4:50,MIN,rebound,,,,,,,,,,,,,,,,,,
Al Jefferson,Craig Smith,Kevin Ollie,Randy Foye,Ryan Gomes,Al Harrington,Chris Duhon,David Lee,Nate Robinson,Wilson Chandler,1,4:50,NYK,timeout,,,,,,,,,,,,,,,,regular,,
Al Jefferson,Craig Smith,Kevin Ollie,Randy Foye,Ryan Gomes,Al Harrington,Chris Duhon,David Lee,Jared Jeffries,Wilson Chandler,1,4:48,NYK,sub,,,,Jared Jeffries,,Nate Robinson,,,,,,,,,,,,
Al Jefferson,Craig Smith,Kevin Ollie,Randy Foye,Ryan Gomes,Al Harrington,Chris Duhon,Jared Jeffries,Tim Thomas,Wilson Chandler,1,4:48,NYK,sub,,,,Tim Thomas,,David Lee,,,,,,,,,,,,
Al Jefferson,Craig Smith,Randy Foye,Ryan Gomes,Sebastian Telfair,Al Harrington,Chris Duhon,Jared Jeffries,Tim Thomas,Wilson Chandler,1,4:48,MIN,sub,,,,Sebastian Telfair,,Kevin Ollie,,,,,,,,,,,,
Al Jefferson,Craig Smith,Randy Foye,Ryan Gomes,Sebastian Telfair,Al Harrington,Chris Duhon,Jared Jeffries,Tim Thomas,Wilson Chandler,1,4:38,MIN,turnover,,,,,,,,,,Craig Smith,,,traveling,,,,,
Al Jefferson,Craig Smith,Randy Foye,Ryan Gomes,Sebastian Telfair,Al Harrington,Chris Duhon,Jared Jeffries,Tim Thomas,Wilson Chandler,1,4:27,NYK,shot,Jared Jeffries,,,,,,,,,Tim Thomas,3,,,made,,3pt,35,29
Al Jefferson,Craig Smith,Randy Foye,Ryan Gomes,Sebastian Telfair,Al Harrington,Chris Duhon,Jared Jeffries,Tim Thomas,Wilson Chandler,1,4:14,MIN,shot,,,,,,,,,,Randy Foye,2,,,made,,jump,32,27
Al Jefferson,Craig Smith,Randy Foye,Ryan Gomes,Sebastian Telfair,Al Harrington,Chris Duhon,Jared Jeffries,Tim Thomas,Wilson Chandler,1,4:01,NYK,shot,,,,,,,,,,Al Harrington,,,,missed,,jump,41,8
Al Jefferson,Craig Smith,Randy Foye,Ryan Gomes,Sebastian Telfair,Al Harrington,Chris Duhon,Jared Jeffries,Tim Thomas,Wilson Chandler,1,3:59,MIN,rebound,,,,,,,,,,Ryan Gomes,,,,,,def,,
Al Jefferson,Craig Smith,Randy Foye,Ryan Gomes,Sebastian Telfair,Al Harrington,Chris Duhon,Jared Jeffries,Tim Thomas,Wilson Chandler,1,3:47,MIN,turnover,,,,,,,,,,Ryan Gomes,,,lost ball,,Al Harrington,,,
Al Jefferson,Craig Smith,Randy Foye,Ryan Gomes,Sebastian Telfair,Al Harrington,Chris Duhon,Jared Jeffries,Tim Thomas,Wilson Chandler,1,3:30,NYK,shot,,,,,,,,,,Wilson Chandler,2,,,made,,jump,15,7
Al Jefferson,Craig Smith,Randy Foye,Ryan Gomes,Sebastian Telfair,Al Harrington,Chris Duhon,Jared Jeffries,Tim Thomas,Wilson Chandler,1,3:06,MIN,shot,,,,,,,,,,Al Jefferson,,,,missed,,jump,10,7
Al Jefferson,Craig Smith,Randy Foye,Ryan Gomes,Sebastian Telfair,Al Harrington,Chris Duhon,Jared Jeffries,Tim Thomas,Wilson Chandler,1,3:04,NYK,rebound,,,,,,,,,,Tim Thomas,,,,,,def,,
Al Jefferson,Craig Smith,Randy Foye,Ryan Gomes,Sebastian Telfair,Al Harrington,Chris Duhon,Jared Jeffries,Tim Thomas,Wilson Chandler,1,2:50,NYK,shot,Chris Duhon,,,,,,,,,Wilson Chandler,3,,,made,,3pt,2,6
Al Jefferson,Craig Smith,Randy Foye,Ryan Gomes,Sebastian Telfair,Al Harrington,Chris Duhon,Jared Jeffries,Tim Thomas,Wilson Chandler,1,2:32,MIN,shot,Randy Foye,,,,,,,,,Craig Smith,2,,,made,,jump,27,17
Al Jefferson,Craig Smith,Randy Foye,Ryan Gomes,Sebastian Telfair,Al Harrington,Chris Duhon,Jared Jeffries,Tim Thomas,Wilson Chandler,1,2:16,NYK,turnover,,,,,,,,,,Chris Duhon,,,bad pass,,Sebastian Telfair,,,
Al Jefferson,Craig Smith,Randy Foye,Ryan Gomes,Sebastian Telfair,Al Harrington,Chris Duhon,Jared Jeffries,Tim Thomas,Wilson Chandler,1,2:12,NYK,foul,,,,,,,,Al Jefferson,,Wilson Chandler,,,,,,shooting,,
Al Jefferson,Craig Smith,Randy Foye,Ryan Gomes,Sebastian Telfair,Al Harrington,Chris Duhon,Jared Jeffries,Tim Thomas,Wilson Chandler,1,2:12,MIN,free throw,,,,,,,1,,2,Al Jefferson,,,foul,made,,,,
Al Jefferson,Craig Smith,Randy Foye,Ryan Gomes,Sebastian Telfair,Al Harrington,Chris Duhon,Jared Jeffries,Tim Thomas,Wilson Chandler,1,2:12,MIN,free throw,,,,,,,2,,2,Al Jefferson,,,foul,made,,,,
Al Jefferson,Craig Smith,Randy Foye,Ryan Gomes,Sebastian Telfair,Al Harrington,Chris Duhon,Jared Jeffries,Tim Thomas,Wilson Chandler,1,2:12,MIN,timeout,,,,,,,,,,,,,,,,regular,,
Al Jefferson,Craig Smith,Randy Foye,Rashad McCants,Sebastian Telfair,Al Harrington,Chris Duhon,Jared Jeffries,Tim Thomas,Wilson Chandler,1,2:12,MIN,sub,,,,Rashad McCants,,Ryan Gomes,,,,,,,,,,,,
Al Jefferson,Craig Smith,Randy Foye,Rashad McCants,Sebastian Telfair,Al Harrington,Chris Duhon,Jared Jeffries,Tim Thomas,Wilson Chandler,1,2:03,MIN,foul,,,,,,,,Wilson Chandler,,Randy Foye,,,,,,personal,,
Al Jefferson,Craig Smith,Randy Foye,Rashad McCants,Sebastian Telfair,Al Harrington,Chris Duhon,Jared Jeffries,Nate Robinson,Tim Thomas,1,2:03,NYK,sub,,,,Nate Robinson,,Wilson Chandler,,,,,,,,,,,,
Al Jefferson,Craig Smith,Randy Foye,Rashad McCants,Sebastian Telfair,Chris Duhon,David Lee,Jared Jeffries,Nate Robinson,Tim Thomas,1,2:03,NYK,sub,,,,David Lee,,Al Harrington,,,,,,,,,,,,
Al Jefferson,Craig Smith,Randy Foye,Rashad McCants,Sebastian Telfair,Chris Duhon,David Lee,Jared Jeffries,Nate Robinson,Tim Thomas,1,1:57,NYK,shot,,,,,,,,,,Tim Thomas,,,,missed,,jump,43,16
Al Jefferson,Craig Smith,Randy Foye,Rashad McCants,Sebastian Telfair,Chris Duhon,David Lee,Jared Jeffries,Nate Robinson,Tim Thomas,1,1:56,MIN,rebound,,,,,,,,,,Al Jefferson,,,,,,def,,
Al Jefferson,Craig Smith,Randy Foye,Rashad McCants,Sebastian Telfair,Chris Duhon,David Lee,Jared Jeffries,Nate Robinson,Tim Thomas,1,1:44,MIN,shot,,,,,,,,,,Randy Foye,,,,missed,,jump,9,10
Al Jefferson,Craig Smith,Randy Foye,Rashad McCants,Sebastian Telfair,Chris Duhon,David Lee,Jared Jeffries,Nate Robinson,Tim Thomas,1,1:42,NYK,rebound,,,,,,,,,,Nate Robinson,,,,,,def,,
Al Jefferson,Craig Smith,Randy Foye,Rashad McCants,Sebastian Telfair,Chris Duhon,David Lee,Jared Jeffries,Nate Robinson,Tim Thomas,1,1:33,NYK,shot,Chris Duhon,,,,,,,,,Tim Thomas,2,,,made,,layup,25,6
Al Jefferson,Craig Smith,Randy Foye,Rashad McCants,Sebastian Telfair,Chris Duhon,David Lee,Jared Jeffries,Nate Robinson,Tim Thomas,1,1:13,MIN,shot,Craig Smith,,,,,,,,,Randy Foye,2,,,made,,jump,43,6
Al Jefferson,Craig Smith,Randy Foye,Rashad McCants,Sebastian Telfair,Chris Duhon,David Lee,Jared Jeffries,Nate Robinson,Tim Thomas,1,0:58,NYK,shot,,,,,,,,,,Nate Robinson,,,,missed,,layup,25,6
Al Jefferson,Craig Smith,Randy Foye,Rashad McCants,Sebastian Telfair,Chris Duhon,David Lee,Jared Jeffries,Nate Robinson,Tim Thomas,1,0:57,NYK,shot,,,,,,,,,,Nate Robinson,2,,,made,,layup,25,6
Al Jefferson,Craig Smith,Randy Foye,Rashad McCants,Sebastian Telfair,Chris Duhon,David Lee,Jared Jeffries,Nate Robinson,Tim Thomas,1,0:57,NYK,rebound,,,,,,,,,,Nate Robinson,,,,,,off,,
Al Jefferson,Brian Cardinal,Craig Smith,Rashad McCants,Sebastian Telfair,Chris Duhon,David Lee,Jared Jeffries,Nate Robinson,Tim Thomas,1,0:35,MIN,sub,,,,Brian Cardinal,,Randy Foye,,,,,,,,,,,,
Brian Cardinal,Craig Smith,Rashad McCants,Rodney Carney,Sebastian Telfair,Chris Duhon,David Lee,Jared Jeffries,Nate Robinson,Tim Thomas,1,0:35,MIN,sub,,,,Rodney Carney,,Al Jefferson,,,,,,,,,,,,
Brian Cardinal,Craig Smith,Rashad McCants,Rodney Carney,Sebastian Telfair,Chris Duhon,David Lee,Jared Jeffries,Nate Robinson,Tim Thomas,1,0:32,MIN,shot,,,,,,,,,,Craig Smith,,,,missed,,layup,25,6
Brian Cardinal,Craig Smith,Rashad McCants,Rodney Carney,Sebastian Telfair,Chris Duhon,David Lee,Jared Jeffries,Nate Robinson,Tim Thomas,1,0:31,NYK,rebound,,,,,,,,,,Chris Duhon,,,,,,def,,
Brian Cardinal,Craig Smith,Rashad McCants,Rodney Carney,Sebastian Telfair,Chris Duhon,David Lee,Jared Jeffries,Nate Robinson,Tim Thomas,1,0:24,NYK,shot,Nate Robinson,,,,,,,,,Chris Duhon,3,,,made,,3pt,9,25
Brian Cardinal,Craig Smith,Rashad McCants,Rodney Carney,Sebastian Telfair,Chris Duhon,David Lee,Jared Jeffries,Nate Robinson,Tim Thomas,1,0:03,MIN,shot,,,,,,,,,,Rashad McCants,,,,missed,,layup,25,6
Brian Cardinal,Craig Smith,Rashad McCants,Rodney Carney,Sebastian Telfair,Chris Duhon,David Lee,Jared Jeffries,Nate Robinson,Tim Thomas,1,0:03,NYK,rebound,,,,,,,,,,David Lee,,,,,,def,,
Brian Cardinal,Craig Smith,Rashad McCants,Rodney Carney,Sebastian Telfair,Chris Duhon,David Lee,Jared Jeffries,Nate Robinson,Tim Thomas,1,0:03,MIN,foul,,,,,,,,David Lee,,Craig Smith,,,,,,personal,,
Brian Cardinal,Craig Smith,Rashad McCants,Rodney Carney,Sebastian Telfair,Chris Duhon,David Lee,Jared Jeffries,Nate Robinson,Tim Thomas,1,0:03,MIN,foul,,,,,,,,David Lee,,Craig Smith,,,,,,technical,,
Brian Cardinal,Craig Smith,Rashad McCants,Rodney Carney,Sebastian Telfair,Chris Duhon,David Lee,Jared Jeffries,Nate Robinson,Tim Thomas,1,0:03,NYK,free throw,,,,,,,1,,1,Chris Duhon,,,technical,missed,,,,
Brian Cardinal,Craig Smith,Rashad McCants,Rodney Carney,Sebastian Telfair,Chris Duhon,David Lee,Jared Jeffries,Nate Robinson,Tim Thomas,1,0:03,NYK,rebound,,,,,,,,,,,,,,,,,,
Brian Cardinal,Kevin Love,Rashad McCants,Rodney Carney,Sebastian Telfair,Chris Duhon,David Lee,Jared Jeffries,Nate Robinson,Tim Thomas,1,0:03,MIN,sub,,,,Kevin Love,,Craig Smith,,,,,,,,,,,,
Brian Cardinal,Kevin Love,Rashad McCants,Rodney Carney,Sebastian Telfair,Chris Duhon,David Lee,Jared Jeffries,Nate Robinson,Tim Thomas,1,0:00,NYK,shot,,,,,,,,,,Chris Duhon,,,,missed,,layup,25,6
Brian Cardinal,Kevin Love,Rashad McCants,Rodney Carney,Sebastian Telfair,Chris Duhon,David Lee,Jared Jeffries,Nate Robinson,Tim Thomas,1,0:00,NYK,rebound,,,,,,,,,,,,,,,,,,
Brian Cardinal,Kevin Love,Rashad McCants,Rodney Carney,Sebastian Telfair,David Lee,Jared Jeffries,Nate Robinson,Tim Thomas,Wilson Chandler,2,11:47,NYK,shot,,,,,,,,,,Tim Thomas,,,,missed,,3pt,14,29
Brian Cardinal,Kevin Love,Rashad McCants,Rodney Carney,Sebastian Telfair,David Lee,Jared Jeffries,Nate Robinson,Tim Thomas,Wilson Chandler,2,11:45,MIN,rebound,,,,,,,,,,Kevin Love,,,,,,def,,
Brian Cardinal,Kevin Love,Rashad McCants,Rodney Carney,Sebastian Telfair,David Lee,Jared Jeffries,Nate Robinson,Tim Thomas,Wilson Chandler,2,11:34,MIN,shot,Sebastian Telfair,,,,,,,,,Rodney Carney,3,,,made,,3pt,48,5
Brian Cardinal,Kevin Love,Rashad McCants,Rodney Carney,Sebastian Telfair,David Lee,Jared Jeffries,Nate Robinson,Tim Thomas,Wilson Chandler,2,11:19,NYK,shot,,,,,,,,,,Tim Thomas,2,,,made,,jump,40,16
Brian Cardinal,Kevin Love,Rashad McCants,Rodney Carney,Sebastian Telfair,David Lee,Jared Jeffries,Nate Robinson,Tim Thomas,Wilson Chandler,2,11:05,MIN,shot,Sebastian Telfair,,,,,,,,,Rashad McCants,3,,,made,,3pt,47,17
Brian Cardinal,Kevin Love,Rashad McCants,Rodney Carney,Sebastian Telfair,David Lee,Jared Jeffries,Nate Robinson,Tim Thomas,Wilson Chandler,2,10:48,NYK,turnover,,,,,,,,,,Jared Jeffries,,,bad pass,,Brian Cardinal,,,
Brian Cardinal,Kevin Love,Rashad McCants,Rodney Carney,Sebastian Telfair,David Lee,Jared Jeffries,Nate Robinson,Tim Thomas,Wilson Chandler,2,10:32,MIN,shot,,,Wilson Chandler,,,,,,,Rodney Carney,,,,missed,,jump,36,8
Brian Cardinal,Kevin Love,Rashad McCants,Rodney Carney,Sebastian Telfair,David Lee,Jared Jeffries,Nate Robinson,Tim Thomas,Wilson Chandler,2,10:29,NYK,rebound,,,,,,,,,,Wilson Chandler,,,,,,def,,
Brian Cardinal,Kevin Love,Rashad McCants,Rodney Carney,Sebastian Telfair,David Lee,Jared Jeffries,Nate Robinson,Tim Thomas,Wilson Chandler,2,10:20,NYK,shot,Tim Thomas,,,,,,,,,Wilson Chandler,3,,,made,,3pt,10,27
Brian Cardinal,Kevin Love,Rashad McCants,Rodney Carney,Sebastian Telfair,David Lee,Jared Jeffries,Nate Robinson,Tim Thomas,Wilson Chandler,2,10:04,MIN,shot,Sebastian Telfair,,,,,,,,,Rashad McCants,3,,,made,,3pt,13,28
Brian Cardinal,Kevin Love,Rashad McCants,Rodney Carney,Sebastian Telfair,David Lee,Jared Jeffries,Nate Robinson,Tim Thomas,Wilson Chandler,2,9:50,NYK,shot,,,,,,,,,,Tim Thomas,,,,missed,,3pt,12,27
Brian Cardinal,Kevin Love,Rashad McCants,Rodney Carney,Sebastian Telfair,David Lee,Jared Jeffries,Nate Robinson,Tim Thomas,Wilson Chandler,2,9:50,MIN,rebound,,,,,,,,,,,,,,,,,,
Brian Cardinal,Kevin Love,Rashad McCants,Rodney Carney,Sebastian Telfair,David Lee,Jared Jeffries,Nate Robinson,Tim Thomas,Wilson Chandler,2,9:40,MIN,shot,,,,,,,,,,Sebastian Telfair,,,,missed,,jump,26,28
Brian Cardinal,Kevin Love,Rashad McCants,Rodney Carney,Sebastian Telfair,David Lee,Jared Jeffries,Nate Robinson,Tim Thomas,Wilson Chandler,2,9:39,NYK,rebound,,,,,,,,,,Jared Jeffries,,,,,,def,,
Brian Cardinal,Kevin Love,Rashad McCants,Rodney Carney,Sebastian Telfair,David Lee,Jared Jeffries,Nate Robinson,Tim Thomas,Wilson Chandler,2,9:28,NYK,shot,Jared Jeffries,,,,,,,,,David Lee,2,,,made,,jump,10,18
Brian Cardinal,Kevin Love,Rashad McCants,Rodney Carney,Sebastian Telfair,David Lee,Jared Jeffries,Nate Robinson,Tim Thomas,Wilson Chandler,2,9:12,MIN,shot,Rashad McCants,,,,,,,,,Rodney Carney,3,,,made,,3pt,2,7
Brian Cardinal,Kevin Love,Rashad McCants,Rodney Carney,Sebastian Telfair,David Lee,Jared Jeffries,Nate Robinson,Tim Thomas,Wilson Chandler,2,9:02,NYK,shot,,,,,,,,,,Nate Robinson,,,,missed,,3pt,13,28
Brian Cardinal,Kevin Love,Rashad McCants,Rodney Carney,Sebastian Telfair,David Lee,Jared Jeffries,Nate Robinson,Tim Thomas,Wilson Chandler,2,9:00,MIN,rebound,,,,,,,,,,Kevin Love,,,,,,def,,
Brian Cardinal,Kevin Love,Rashad McCants,Rodney Carney,Sebastian Telfair,David Lee,Jared Jeffries,Nate Robinson,Tim Thomas,Wilson Chandler,2,8:52,NYK,foul,,,,,,,,Kevin Love,,David Lee,,,,,,shooting,,
Brian Cardinal,Kevin Love,Rashad McCants,Rodney Carney,Sebastian Telfair,David Lee,Jared Jeffries,Nate Robinson,Tim Thomas,Wilson Chandler,2,8:52,OFF,timeout,,,,,,,,,,,,,,,,official,,
Brian Cardinal,Kevin Love,Rashad McCants,Rodney Carney,Sebastian Telfair,David Lee,Jared Jeffries,Nate Robinson,Tim Thomas,Wilson Chandler,2,8:52,MIN,free throw,,,,,,,1,,2,Kevin Love,,,foul,made,,,,
Brian Cardinal,Kevin Love,Rashad McCants,Rodney Carney,Sebastian Telfair,David Lee,Jared Jeffries,Nate Robinson,Tim Thomas,Wilson Chandler,2,8:52,MIN,free throw,,,,,,,2,,2,Kevin Love,,,foul,missed,,,,
Brian Cardinal,Kevin Love,Rashad McCants,Rodney Carney,Sebastian Telfair,David Lee,Jared Jeffries,Nate Robinson,Tim Thomas,Wilson Chandler,2,8:50,NYK,rebound,,,,,,,,,,Tim Thomas,,,,,,def,,
Brian Cardinal,Kevin Love,Rashad McCants,Rodney Carney,Sebastian Telfair,David Lee,Jared Jeffries,Nate Robinson,Tim Thomas,Wilson Chandler,2,8:27,NYK,turnover,,,,,,,,,,,,,shot clock turnover,,,,,
Brian Cardinal,Kevin Love,Rashad McCants,Rodney Carney,Sebastian Telfair,Al Harrington,David Lee,Jared Jeffries,Nate Robinson,Wilson Chandler,2,8:27,NYK,sub,,,,Al Harrington,,Tim Thomas,,,,,,,,,,,,
Brian Cardinal,Kevin Love,Rashad McCants,Rodney Carney,Sebastian Telfair,Al Harrington,David Lee,Jared Jeffries,Nate Robinson,Wilson Chandler,2,8:17,NYK,foul,,,,,,,,Kevin Love,,Jared Jeffries,,,,,,shooting,,
Brian Cardinal,Kevin Love,Rashad McCants,Rodney Carney,Sebastian Telfair,Al Harrington,David Lee,Jared Jeffries,Nate Robinson,Wilson Chandler,2,8:17,MIN,free throw,,,,,,,1,,2,Kevin Love,,,foul,made,,,,
Brian Cardinal,Kevin Love,Rashad McCants,Rodney Carney,Sebastian Telfair,Al Harrington,David Lee,Jared Jeffries,Nate Robinson,Wilson Chandler,2,8:17,MIN,free throw,,,,,,,2,,2,Kevin Love,,,foul,made,,,,
Brian Cardinal,Kevin Love,Rashad McCants,Rodney Carney,Sebastian Telfair,Al Harrington,David Lee,Jared Jeffries,Nate Robinson,Wilson Chandler,2,8:06,NYK,shot,,,,,,,,,,Al Harrington,,,,missed,,3pt,14,28
Brian Cardinal,Kevin Love,Rashad McCants,Rodney Carney,Sebastian Telfair,Al Harrington,David Lee,Jared Jeffries,Nate Robinson,Wilson Chandler,2,8:04,MIN,rebound,,,,,,,,,,Kevin Love,,,,,,def,,
Brian Cardinal,Kevin Love,Rashad McCants,Rodney Carney,Sebastian Telfair,Al Harrington,David Lee,Jared Jeffries,Nate Robinson,Wilson Chandler,2,7:59,MIN,shot,,,,,,,,,,Rashad McCants,,,,missed,,layup,25,6
Brian Cardinal,Kevin Love,Rashad McCants,Rodney Carney,Sebastian Telfair,Al Harrington,David Lee,Jared Jeffries,Nate Robinson,Wilson Chandler,2,7:58,NYK,rebound,,,,,,,,,,Jared Jeffries,,,,,,def,,
Brian Cardinal,Kevin Love,Rashad McCants,Rodney Carney,Sebastian Telfair,Al Harrington,David Lee,Jared Jeffries,Nate Robinson,Wilson Chandler,2,7:51,MIN,foul,,,,,,,,David Lee,,Rodney Carney,,,,,,shooting,,
Brian Cardinal,Kevin Love,Rashad McCants,Rodney Carney,Sebastian Telfair,Al Harrington,David Lee,Jared Jeffries,Nate Robinson,Wilson Chandler,2,7:51,NYK,free throw,,,,,,,1,,2,David Lee,,,foul,made,,,,
Brian Cardinal,Kevin Love,Rashad McCants,Rodney Carney,Sebastian Telfair,Al Harrington,Chris Duhon,David Lee,Nate Robinson,Wilson Chandler,2,7:51,NYK,sub,,,,Chris Duhon,,Jared Jeffries,,,,,,,,,,,,
Brian Cardinal,Kevin Love,Rashad McCants,Rodney Carney,Sebastian Telfair,Al Harrington,Chris Duhon,David Lee,Nate Robinson,Wilson Chandler,2,7:51,NYK,free throw,,,,,,,2,,2,David Lee,,,foul,missed,,,,
Brian Cardinal,Kevin Love,Rashad McCants,Rodney Carney,Sebastian Telfair,Al Harrington,Chris Duhon,David Lee,Nate Robinson,Wilson Chandler,2,7:50,MIN,rebound,,,,,,,,,,Kevin Love,,,,,,def,,
Brian Cardinal,Kevin Love,Rashad McCants,Rodney Carney,Sebastian Telfair,Al Harrington,Chris Duhon,David Lee,Nate Robinson,Wilson Chandler,2,7:41,MIN,foul,,,,,,,,Nate Robinson,,Kevin Love,,,,,,offensive,,
Brian Cardinal,Kevin Love,Rashad McCants,Rodney Carney,Sebastian Telfair,Al Harrington,Chris Duhon,David Lee,Nate Robinson,Wilson Chandler,2,7:41,MIN,turnover,,,,,,,,,,Kevin Love,,,foul,,,,,
Brian Cardinal,Kevin Love,Rashad McCants,Rodney Carney,Sebastian Telfair,Al Harrington,Chris Duhon,David Lee,Nate Robinson,Wilson Chandler,2,7:25,NYK,shot,,,,,,,,,,Wilson Chandler,,,,missed,,layup,25,6
Brian Cardinal,Kevin Love,Rashad McCants,Rodney Carney,Sebastian Telfair,Al Harrington,Chris Duhon,David Lee,Nate Robinson,Wilson Chandler,2,7:24,MIN,rebound,,,,,,,,,,Brian Cardinal,,,,,,def,,
Brian Cardinal,Kevin Love,Rashad McCants,Rodney Carney,Sebastian Telfair,Al Harrington,Chris Duhon,David Lee,Nate Robinson,Wilson Chandler,2,7:22,NYK,foul,,,,,,,,Brian Cardinal,,Al Harrington,,,,,,personal,,
Brian Cardinal,Kevin Love,Rashad McCants,Rodney Carney,Sebastian Telfair,Al Harrington,Chris Duhon,David Lee,Nate Robinson,Wilson Chandler,2,7:10,MIN,shot,Sebastian Telfair,,,,,,,,,Rodney Carney,3,,,made,,3pt,48,6
Brian Cardinal,Kevin Love,Rashad McCants,Rodney Carney,Sebastian Telfair,Al Harrington,Chris Duhon,David Lee,Nate Robinson,Wilson Chandler,2,7:09,MIN,violation,,,,,,,,,,,,,,,,delay of game,,
Brian Cardinal,Kevin Love,Rashad McCants,Rodney Carney,Sebastian Telfair,Al Harrington,Chris Duhon,David Lee,Nate Robinson,Wilson Chandler,2,7:02,MIN,foul,,,,,,,,Nate Robinson,,Rashad McCants,,,,,,personal,,
Brian Cardinal,Kevin Love,Rashad McCants,Rodney Carney,Sebastian Telfair,Al Harrington,Chris Duhon,David Lee,Nate Robinson,Wilson Chandler,2,7:02,MIN,foul,,,,,,,,Nate Robinson,,Rashad McCants,,,,,,technical,,
Brian Cardinal,Kevin Love,Rashad McCants,Rodney Carney,Sebastian Telfair,Al Harrington,Chris Duhon,David Lee,Nate Robinson,Wilson Chandler,2,7:02,NYK,free throw,,,,,,,1,,1,Chris Duhon,,,technical,made,,,,
Brian Cardinal,Kevin Love,Rashad McCants,Rodney Carney,Sebastian Telfair,Al Harrington,Chris Duhon,David Lee,Nate Robinson,Wilson Chandler,2,6:53,NYK,shot,,,,,,,,,,Al Harrington,,,,missed,,layup,25,6
Brian Cardinal,Kevin Love,Rashad McCants,Rodney Carney,Sebastian Telfair,Al Harrington,Chris Duhon,David Lee,Nate Robinson,Wilson Chandler,2,6:52,NYK,rebound,,,,,,,,,,Al Harrington,,,,,,off,,
Brian Cardinal,Kevin Love,Rashad McCants,Rodney Carney,Sebastian Telfair,Al Harrington,Chris Duhon,David Lee,Nate Robinson,Wilson Chandler,2,6:49,NYK,shot,,,,,,,,,,Al Harrington,2,,,made,,slam dunk,25,6
Brian Cardinal,Kevin Love,Rashad McCants,Rodney Carney,Sebastian Telfair,Al Harrington,Chris Duhon,David Lee,Nate Robinson,Wilson Chandler,2,6:39,MIN,shot,,,,,,,,,,Sebastian Telfair,2,,,made,,pullup jump,34,21
Brian Cardinal,Kevin Love,Rashad McCants,Rodney Carney,Sebastian Telfair,Al Harrington,Chris Duhon,David Lee,Nate Robinson,Wilson Chandler,2,6:24,NYK,turnover,,,,,,,,,,Chris Duhon,,,lost ball,,Rashad McCants,,,
Brian Cardinal,Kevin Love,Rashad McCants,Rodney Carney,Sebastian Telfair,Al Harrington,Chris Duhon,David Lee,Nate Robinson,Wilson Chandler,2,6:22,NYK,foul,,,,,,,,Rodney Carney,,Nate Robinson,,,,,,shooting,,
Brian Cardinal,Kevin Love,Rashad McCants,Rodney Carney,Sebastian Telfair,Al Harrington,Chris Duhon,David Lee,Nate Robinson,Wilson Chandler,2,6:22,NYK,foul,,,,,,,,Rodney Carney,,Nate Robinson,,,,,,double technical,,
Brian Cardinal,Kevin Love,Rashad McCants,Rodney Carney,Sebastian Telfair,Al Harrington,Chris Duhon,David Lee,Nate Robinson,Wilson Chandler,2,6:22,MIN,free throw,,,,,,,1,,2,Rodney Carney,,,foul,made,,,,
Al Jefferson,Brian Cardinal,Rashad McCants,Rodney Carney,Sebastian Telfair,Al Harrington,Chris Duhon,David Lee,Nate Robinson,Wilson Chandler,2,6:22,MIN,sub,,,,Al Jefferson,,Kevin Love,,,,,,,,,,,,
Al Jefferson,Brian Cardinal,Rashad McCants,Rodney Carney,Sebastian Telfair,Al Harrington,Chris Duhon,David Lee,Nate Robinson,Wilson Chandler,2,6:22,MIN,free throw,,,,,,,2,,2,Rodney Carney,,,foul,made,,,,
Al Jefferson,Brian Cardinal,Rashad McCants,Rodney Carney,Sebastian Telfair,Al Harrington,Chris Duhon,David Lee,Nate Robinson,Wilson Chandler,2,6:05,NYK,shot,,,,,,,,,,Nate Robinson,,,,missed,,jump,21,10
Al Jefferson,Brian Cardinal,Rashad McCants,Rodney Carney,Sebastian Telfair,Al Harrington,Chris Duhon,David Lee,Nate Robinson,Wilson Chandler,2,6:03,MIN,rebound,,,,,,,,,,Rashad McCants,,,,,,def,,
Al Jefferson,Brian Cardinal,Rashad McCants,Rodney Carney,Sebastian Telfair,Al Harrington,Chris Duhon,David Lee,Nate Robinson,Wilson Chandler,2,5:55,MIN,shot,,,,,,,,,,Rashad McCants,2,,,made,,layup,25,6
Al Jefferson,Brian Cardinal,Rashad McCants,Rodney Carney,Sebastian Telfair,Al Harrington,Chris Duhon,David Lee,Nate Robinson,Wilson Chandler,2,5:43,NYK,foul,,,,,,,,Brian Cardinal,,Al Harrington,,,,,,offensive,,
Al Jefferson,Brian Cardinal,Rashad McCants,Rodney Carney,Sebastian Telfair,Al Harrington,Chris Duhon,David Lee,Nate Robinson,Wilson Chandler,2,5:43,NYK,turnover,,,,,,,,,,Al Harrington,,,foul,,,,,
Al Jefferson,Brian Cardinal,Rashad McCants,Rodney Carney,Sebastian Telfair,Al Harrington,Chris Duhon,David Lee,Nate Robinson,Wilson Chandler,2,5:43,NYK,timeout,,,,,,,,,,,,,,,,regular,,
Al Jefferson,Brian Cardinal,Rashad McCants,Rodney Carney,Sebastian Telfair,Al Harrington,Chris Duhon,David Lee,Jared Jeffries,Nate Robinson,2,5:43,NYK,sub,,,,Jared Jeffries,,Wilson Chandler,,,,,,,,,,,,
Al Jefferson,Brian Cardinal,Rashad McCants,Rodney Carney,Sebastian Telfair,Al Harrington,Chris Duhon,David Lee,Jared Jeffries,Nate Robinson,2,5:30,MIN,shot,,,,,,,,,,Rodney Carney,,,,missed,,3pt,6,23
Al Jefferson,Brian Cardinal,Rashad McCants,Rodney Carney,Sebastian Telfair,Al Harrington,Chris Duhon,David Lee,Jared Jeffries,Nate Robinson,2,5:28,NYK,rebound,,,,,,,,,,Chris Duhon,,,,,,def,,
Al Jefferson,Brian Cardinal,Rashad McCants,Rodney Carney,Sebastian Telfair,Al Harrington,Chris Duhon,David Lee,Jared Jeffries,Nate Robinson,2,5:07,NYK,shot,,,Sebastian Telfair,,,,,,,David Lee,,,,missed,,layup,25,6
Al Jefferson,Brian Cardinal,Rashad McCants,Rodney Carney,Sebastian Telfair,Al Harrington,Chris Duhon,David Lee,Jared Jeffries,Nate Robinson,2,5:06,MIN,rebound,,,,,,,,,,Brian Cardinal,,,,,,def,,
Al Jefferson,Brian Cardinal,Rashad McCants,Rodney Carney,Sebastian Telfair,Al Harrington,Chris Duhon,David Lee,Jared Jeffries,Nate Robinson,2,5:02,NYK,foul,,,,,,,,Sebastian Telfair,,Al Harrington,,,,,,shooting,,
Al Jefferson,Brian Cardinal,Rashad McCants,Rodney Carney,Sebastian Telfair,Al Harrington,Chris Duhon,David Lee,Jared Jeffries,Nate Robinson,2,5:02,MIN,free throw,,,,,,,1,,2,Sebastian Telfair,,,foul,made,,,,
Al Jefferson,Brian Cardinal,Rashad McCants,Rodney Carney,Sebastian Telfair,Chris Duhon,David Lee,Jared Jeffries,Nate Robinson,Tim Thomas,2,5:02,NYK,sub,,,,Tim Thomas,,Al Harrington,,,,,,,,,,,,
Al Jefferson,Brian Cardinal,Rashad McCants,Rodney Carney,Sebastian Telfair,Chris Duhon,David Lee,Jared Jeffries,Nate Robinson,Tim Thomas,2,5:02,MIN,free throw,,,,,,,2,,2,Sebastian Telfair,,,foul,made,,,,
Al Jefferson,Brian Cardinal,Rashad McCants,Rodney Carney,Sebastian Telfair,Chris Duhon,David Lee,Jared Jeffries,Nate Robinson,Tim Thomas,2,4:57,NYK,foul,,,,,,,,Sebastian Telfair,,Nate Robinson,,,,,,offensive,,
Al Jefferson,Brian Cardinal,Rashad McCants,Rodney Carney,Sebastian Telfair,Chris Duhon,David Lee,Jared Jeffries,Nate Robinson,Tim Thomas,2,4:57,NYK,turnover,,,,,,,,,,Nate Robinson,,,foul,,,,,
Al Jefferson,Brian Cardinal,Rashad McCants,Rodney Carney,Sebastian Telfair,Chris Duhon,David Lee,Jared Jeffries,Nate Robinson,Tim Thomas,2,4:50,NYK,foul,,,,,,,,Sebastian Telfair,,Nate Robinson,,,,,,personal,,
Al Jefferson,Brian Cardinal,Rashad McCants,Rodney Carney,Sebastian Telfair,Anthony Roberson,Chris Duhon,David Lee,Jared Jeffries,Tim Thomas,2,4:50,NYK,sub,,,,Anthony Roberson,,Nate Robinson,,,,,,,,,,,,
Al Jefferson,Brian Cardinal,Rashad McCants,Rodney Carney,Sebastian Telfair,Anthony Roberson,Chris Duhon,David Lee,Jared Jeffries,Tim Thomas,2,4:50,MIN,free throw,,,,,,,1,,2,Sebastian Telfair,,,foul,made,,,,
Al Jefferson,Brian Cardinal,Rashad McCants,Rodney Carney,Sebastian Telfair,Anthony Roberson,Chris Duhon,David Lee,Jared Jeffries,Tim Thomas,2,4:50,MIN,free throw,,,,,,,2,,2,Sebastian Telfair,,,foul,made,,,,
Al Jefferson,Brian Cardinal,Rashad McCants,Rodney Carney,Sebastian Telfair,Anthony Roberson,Chris Duhon,David Lee,Jared Jeffries,Tim Thomas,2,4:40,MIN,foul,,,,,,,,Tim Thomas,,Al Jefferson,,,,,,shooting,,
Al Jefferson,Brian Cardinal,Rashad McCants,Rodney Carney,Sebastian Telfair,Anthony Roberson,Chris Duhon,David Lee,Jared Jeffries,Tim Thomas,2,4:40,NYK,free throw,,,,,,,1,,2,Tim Thomas,,,foul,made,,,,
Al Jefferson,Brian Cardinal,Rashad McCants,Rodney Carney,Sebastian Telfair,Anthony Roberson,Chris Duhon,David Lee,Jared Jeffries,Tim Thomas,2,4:40,NYK,free throw,,,,,,,2,,2,Tim Thomas,,,foul,missed,,,,
Al Jefferson,Brian Cardinal,Rashad McCants,Rodney Carney,Sebastian Telfair,Anthony Roberson,Chris Duhon,David Lee,Jared Jeffries,Tim Thomas,2,4:39,MIN,rebound,,,,,,,,,,Al Jefferson,,,,,,def,,
Al Jefferson,Brian Cardinal,Rashad McCants,Rodney Carney,Sebastian Telfair,Anthony Roberson,Chris Duhon,David Lee,Jared Jeffries,Tim Thomas,2,4:39,NYK,foul,,,,,,,,Al Jefferson,,David Lee,,,,,,personal,,
Al Jefferson,Brian Cardinal,Rashad McCants,Rodney Carney,Sebastian Telfair,Anthony Roberson,Chris Duhon,David Lee,Jared Jeffries,Tim Thomas,2,4:39,MIN,free throw,,,,,,,1,,2,Al Jefferson,,,foul,made,,,,
Al Jefferson,Brian Cardinal,Rashad McCants,Rodney Carney,Sebastian Telfair,Anthony Roberson,Chris Duhon,David Lee,Jared Jeffries,Tim Thomas,2,4:39,MIN,free throw,,,,,,,2,,2,Al Jefferson,,,foul,made,,,,
Al Jefferson,Brian Cardinal,Rashad McCants,Rodney Carney,Sebastian Telfair,Anthony Roberson,Chris Duhon,David Lee,Jared Jeffries,Tim Thomas,2,4:25,NYK,shot,,,,,,,,,,Chris Duhon,,,,missed,,layup,25,6
Al Jefferson,Brian Cardinal,Rashad McCants,Rodney Carney,Sebastian Telfair,Anthony Roberson,Chris Duhon,David Lee,Jared Jeffries,Tim Thomas,2,4:24,MIN,rebound,,,,,,,,,,Al Jefferson,,,,,,def,,
Al Jefferson,Brian Cardinal,Rashad McCants,Rodney Carney,Sebastian Telfair,Anthony Roberson,Chris Duhon,David Lee,Jared Jeffries,Tim Thomas,2,4:21,MIN,turnover,,,,,,,,,,Sebastian Telfair,,,lost ball,,Jared Jeffries,,,
Al Jefferson,Brian Cardinal,Rashad McCants,Rodney Carney,Sebastian Telfair,Anthony Roberson,Chris Duhon,David Lee,Jared Jeffries,Tim Thomas,2,4:13,NYK,timeout,,,,,,,,,,,,,,,,regular,,
Al Jefferson,Brian Cardinal,Rashad McCants,Rodney Carney,Sebastian Telfair,Anthony Roberson,David Lee,Jared Jeffries,Tim Thomas,Wilson Chandler,2,4:13,NYK,sub,,,,Wilson Chandler,,Chris Duhon,,,,,,,,,,,,
Al Jefferson,Rashad McCants,Rodney Carney,Ryan Gomes,Sebastian Telfair,Anthony Roberson,David Lee,Jared Jeffries,Tim Thomas,Wilson Chandler,2,4:13,MIN,sub,,,,Ryan Gomes,,Brian Cardinal,,,,,,,,,,,,
Al Jefferson,Randy Foye,Rashad McCants,Ryan Gomes,Sebastian Telfair,Anthony Roberson,David Lee,Jared Jeffries,Tim Thomas,Wilson Chandler,2,4:13,MIN,sub,,,,Randy Foye,,Rodney Carney,,,,,,,,,,,,
Al Jefferson,Randy Foye,Rashad McCants,Ryan Gomes,Sebastian Telfair,Anthony Roberson,David Lee,Jared Jeffries,Tim Thomas,Wilson Chandler,2,4:13,OFF,jump ball,,Sebastian Telfair,,,Jared Jeffries,,,,,,,New York,,,,,,
Al Jefferson,Randy Foye,Rashad McCants,Ryan Gomes,Sebastian Telfair,Anthony Roberson,David Lee,Jared Jeffries,Tim Thomas,Wilson Chandler,2,3:54,NYK,shot,,,,,,,,,,Anthony Roberson,,,,missed,,3pt,43,24
Al Jefferson,Randy Foye,Rashad McCants,Ryan Gomes,Sebastian Telfair,Anthony Roberson,David Lee,Jared Jeffries,Tim Thomas,Wilson Chandler,2,3:52,MIN,rebound,,,,,,,,,,Randy Foye,,,,,,def,,
Al Jefferson,Randy Foye,Rashad McCants,Ryan Gomes,Sebastian Telfair,Anthony Roberson,David Lee,Jared Jeffries,Tim Thomas,Wilson Chandler,2,3:36,MIN,shot,Sebastian Telfair,,,,,,,,,Rashad McCants,3,,,made,,3pt,45,21
Al Jefferson,Randy Foye,Rashad McCants,Ryan Gomes,Sebastian Telfair,Anthony Roberson,David Lee,Jared Jeffries,Tim Thomas,Wilson Chandler,2,3:25,MIN,foul,,,,,,,,David Lee,,Al Jefferson,,,,,,shooting,,
Al Jefferson,Randy Foye,Rashad McCants,Ryan Gomes,Sebastian Telfair,Anthony Roberson,David Lee,Jared Jeffries,Tim Thomas,Wilson Chandler,2,3:25,NYK,free throw,,,,,,,1,,2,David Lee,,,foul,missed,,,,
Al Jefferson,Randy Foye,Rashad McCants,Ryan Gomes,Sebastian Telfair,Anthony Roberson,David Lee,Jared Jeffries,Tim Thomas,Wilson Chandler,2,3:25,NYK,rebound,,,,,,,,,,,,,,,,,,
Al Jefferson,Randy Foye,Rashad McCants,Ryan Gomes,Sebastian Telfair,Al Harrington,David Lee,Jared Jeffries,Tim Thomas,Wilson Chandler,2,3:25,NYK,sub,,,,Al Harrington,,Anthony Roberson,,,,,,,,,,,,
Al Jefferson,Randy Foye,Rashad McCants,Ryan Gomes,Sebastian Telfair,Al Harrington,David Lee,Jared Jeffries,Tim Thomas,Wilson Chandler,2,3:25,NYK,free throw,,,,,,,2,,2,David Lee,,,foul,made,,,,
Al Jefferson,Randy Foye,Rashad McCants,Ryan Gomes,Sebastian Telfair,Al Harrington,David Lee,Jared Jeffries,Tim Thomas,Wilson Chandler,2,3:09,NYK,foul,,,,,,,,Ryan Gomes,,David Lee,,,,,,shooting,,
Al Jefferson,Randy Foye,Rashad McCants,Ryan Gomes,Sebastian Telfair,Al Harrington,David Lee,Jared Jeffries,Tim Thomas,Wilson Chandler,2,3:09,MIN,free throw,,,,,,,1,,2,Ryan Gomes,,,foul,made,,,,
Al Jefferson,Randy Foye,Rashad McCants,Ryan Gomes,Sebastian Telfair,Al Harrington,David Lee,Jared Jeffries,Tim Thomas,Wilson Chandler,2,3:09,MIN,free throw,,,,,,,2,,2,Ryan Gomes,,,foul,made,,,,
Al Jefferson,Randy Foye,Rashad McCants,Ryan Gomes,Sebastian Telfair,Al Harrington,David Lee,Jared Jeffries,Tim Thomas,Wilson Chandler,2,2:53,NYK,shot,,,,,,,,,,Wilson Chandler,2,,,made,,reverse slam dunk,25,6
Al Jefferson,Randy Foye,Rashad McCants,Ryan Gomes,Sebastian Telfair,Al Harrington,David Lee,Jared Jeffries,Tim Thomas,Wilson Chandler,2,2:33,MIN,shot,Al Jefferson,,,,,,,,,Randy Foye,3,,,made,,3pt,45,20
Al Jefferson,Randy Foye,Rashad McCants,Ryan Gomes,Sebastian Telfair,Al Harrington,David Lee,Jared Jeffries,Tim Thomas,Wilson Chandler,2,2:22,MIN,foul,,,,,,,,Wilson Chandler,,Sebastian Telfair,,,,,,personal,,
Al Jefferson,Randy Foye,Rashad McCants,Ryan Gomes,Sebastian Telfair,Al Harrington,David Lee,Jared Jeffries,Tim Thomas,Wilson Chandler,2,2:22,NYK,free throw,,,,,,,1,,2,Wilson Chandler,,,foul,missed,,,,
Al Jefferson,Randy Foye,Rashad McCants,Ryan Gomes,Sebastian Telfair,Al Harrington,David Lee,Jared Jeffries,Tim Thomas,Wilson Chandler,2,2:22,NYK,rebound,,,,,,,,,,,,,,,,,,
Al Jefferson,Randy Foye,Rashad McCants,Ryan Gomes,Sebastian Telfair,Al Harrington,David Lee,Jared Jeffries,Tim Thomas,Wilson Chandler,2,2:22,NYK,free throw,,,,,,,2,,2,Wilson Chandler,,,foul,made,,,,
Al Jefferson,Randy Foye,Rashad McCants,Ryan Gomes,Sebastian Telfair,Al Harrington,David Lee,Jared Jeffries,Tim Thomas,Wilson Chandler,2,2:01,MIN,shot,,,,,,,,,,Rashad McCants,,,,missed,,3pt,33,30
Al Jefferson,Randy Foye,Rashad McCants,Ryan Gomes,Sebastian Telfair,Al Harrington,David Lee,Jared Jeffries,Tim Thomas,Wilson Chandler,2,1:59,NYK,rebound,,,,,,,,,,Tim Thomas,,,,,,def,,
Al Jefferson,Randy Foye,Rashad McCants,Ryan Gomes,Sebastian Telfair,Al Harrington,David Lee,Jared Jeffries,Tim Thomas,Wilson Chandler,2,1:54,MIN,foul,,,,,,,,Al Harrington,,Rashad McCants,,,,,,personal,,
Al Jefferson,Randy Foye,Rashad McCants,Ryan Gomes,Sebastian Telfair,Al Harrington,David Lee,Jared Jeffries,Tim Thomas,Wilson Chandler,2,1:54,NYK,free throw,,,,,,,1,,2,Al Harrington,,,foul,made,,,,
Al Jefferson,Randy Foye,Rashad McCants,Ryan Gomes,Sebastian Telfair,Al Harrington,David Lee,Jared Jeffries,Tim Thomas,Wilson Chandler,2,1:54,NYK,free throw,,,,,,,2,,2,Al Harrington,,,foul,made,,,,
Al Jefferson,Randy Foye,Rashad McCants,Ryan Gomes,Sebastian Telfair,Al Harrington,David Lee,Jared Jeffries,Tim Thomas,Wilson Chandler,2,1:36,MIN,foul,,,,,,,,Jared Jeffries,,Rashad McCants,,,,,,offensive,,
Al Jefferson,Randy Foye,Rashad McCants,Ryan Gomes,Sebastian Telfair,Al Harrington,David Lee,Jared Jeffries,Tim Thomas,Wilson Chandler,2,1:36,MIN,turnover,,,,,,,,,,Rashad McCants,,,foul,,,,,
Al Jefferson,Randy Foye,Rodney Carney,Ryan Gomes,Sebastian Telfair,Al Harrington,David Lee,Jared Jeffries,Tim Thomas,Wilson Chandler,2,1:36,MIN,sub,,,,Rodney Carney,,Rashad McCants,,,,,,,,,,,,
Al Jefferson,Randy Foye,Rodney Carney,Ryan Gomes,Sebastian Telfair,Al Harrington,David Lee,Jared Jeffries,Tim Thomas,Wilson Chandler,2,1:27,NYK,shot,,,,,,,,,,Al Harrington,2,,,made,,fade away jumper,30,11
Al Jefferson,Randy Foye,Rodney Carney,Ryan Gomes,Sebastian Telfair,Al Harrington,David Lee,Jared Jeffries,Tim Thomas,Wilson Chandler,2,1:06,MIN,shot,,,,,,,,,,Randy Foye,,,,missed,,3pt,39,26
Al Jefferson,Randy Foye,Rodney Carney,Ryan Gomes,Sebastian Telfair,Al Harrington,David Lee,Jared Jeffries,Tim Thomas,Wilson Chandler,2,1:04,NYK,rebound,,,,,,,,,,David Lee,,,,,,def,,
Al Jefferson,Randy Foye,Rodney Carney,Ryan Gomes,Sebastian Telfair,Al Harrington,David Lee,Jared Jeffries,Tim Thomas,Wilson Chandler,2,1:00,NYK,turnover,,,,,,,,,,Jared Jeffries,,,bad pass,,Rodney Carney,,,
Al Jefferson,Randy Foye,Rodney Carney,Ryan Gomes,Sebastian Telfair,Al Harrington,David Lee,Jared Jeffries,Tim Thomas,Wilson Chandler,2,0:51,MIN,shot,,,,,,,,,,Sebastian Telfair,,,,missed,,3pt,11,27
Al Jefferson,Randy Foye,Rodney Carney,Ryan Gomes,Sebastian Telfair,Al Harrington,David Lee,Jared Jeffries,Tim Thomas,Wilson Chandler,2,0:49,MIN,rebound,,,,,,,,,,Ryan Gomes,,,,,,off,,
Al Jefferson,Randy Foye,Rodney Carney,Ryan Gomes,Sebastian Telfair,Al Harrington,David Lee,Jared Jeffries,Tim Thomas,Wilson Chandler,2,0:44,MIN,turnover,,,,,,,,,,Ryan Gomes,,,lost ball,,Jared Jeffries,,,
Al Jefferson,Randy Foye,Rodney Carney,Ryan Gomes,Sebastian Telfair,Al Harrington,David Lee,Jared Jeffries,Tim Thomas,Wilson Chandler,2,0:36,NYK,shot,,,,,,,,,,Al Harrington,2,,,made,,turnaround jump,33,5
Al Jefferson,Randy Foye,Rodney Carney,Ryan Gomes,Sebastian Telfair,Al Harrington,David Lee,Jared Jeffries,Tim Thomas,Wilson Chandler,2,0:26,MIN,shot,,,,,,,,,,Al Jefferson,,,,missed,,jump,37,19
Al Jefferson,Randy Foye,Rodney Carney,Ryan Gomes,Sebastian Telfair,Al Harrington,David Lee,Jared Jeffries,Tim Thomas,Wilson Chandler,2,0:25,NYK,rebound,,,,,,,,,,,,,,,,,,
Al Jefferson,Randy Foye,Rodney Carney,Ryan Gomes,Sebastian Telfair,Al Harrington,David Lee,Jared Jeffries,Tim Thomas,Wilson Chandler,2,0:06,NYK,shot,,,,,,,,,,Al Harrington,3,,,made,,3pt,14,29
Al Jefferson,Randy Foye,Rodney Carney,Ryan Gomes,Sebastian Telfair,Al Harrington,David Lee,Jared Jeffries,Tim Thomas,Wilson Chandler,2,0:00,MIN,shot,,,,,,,,,,Sebastian Telfair,,,,missed,,jump,36,16
Al Jefferson,Randy Foye,Rodney Carney,Ryan Gomes,Sebastian Telfair,Al Harrington,David Lee,Jared Jeffries,Tim Thomas,Wilson Chandler,2,0:00,MIN,rebound,,,,,,,,,,,,,,,,,,
Al Jefferson,Craig Smith,Kevin Ollie,Randy Foye,Ryan Gomes,Al Harrington,Chris Duhon,David Lee,Nate Robinson,Wilson Chandler,3,11:48,NYK,shot,Nate Robinson,,,,,,,,,David Lee,2,,,made,,finger roll layup,25,6
Al Jefferson,Craig Smith,Kevin Ollie,Randy Foye,Ryan Gomes,Al Harrington,Chris Duhon,David Lee,Nate Robinson,Wilson Chandler,3,11:31,MIN,shot,,,,,,,,,,Craig Smith,2,,,made,,layup,25,6
Al Jefferson,Craig Smith,Kevin Ollie,Randy Foye,Ryan Gomes,Al Harrington,Chris Duhon,David Lee,Nate Robinson,Wilson Chandler,3,11:19,NYK,turnover,,,,,,,,,,Al Harrington,,,out of bounds lost ball turnover,,,,,
Al Jefferson,Craig Smith,Kevin Ollie,Randy Foye,Ryan Gomes,Al Harrington,Chris Duhon,David Lee,Nate Robinson,Wilson Chandler,3,11:09,NYK,foul,,,,,,,,Craig Smith,,Wilson Chandler,,,,,,personal,,
Al Jefferson,Craig Smith,Kevin Ollie,Randy Foye,Ryan Gomes,Al Harrington,Chris Duhon,David Lee,Nate Robinson,Wilson Chandler,3,11:01,MIN,shot,Ryan Gomes,,,,,,,,,Craig Smith,2,,,made,,jump,31,19
Al Jefferson,Craig Smith,Kevin Ollie,Randy Foye,Ryan Gomes,Al Harrington,Chris Duhon,David Lee,Nate Robinson,Wilson Chandler,3,10:51,NYK,shot,,,,,,,,,,Nate Robinson,2,,,made,,driving layup,25,6
Al Jefferson,Craig Smith,Kevin Ollie,Randy Foye,Ryan Gomes,Al Harrington,Chris Duhon,David Lee,Nate Robinson,Wilson Chandler,3,10:24,MIN,turnover,,,,,,,,,,,,,shot clock turnover,,,,,
Al Jefferson,Craig Smith,Kevin Ollie,Randy Foye,Ryan Gomes,Al Harrington,Chris Duhon,David Lee,Nate Robinson,Wilson Chandler,3,10:09,NYK,shot,,,Al Jefferson,,,,,,,David Lee,,,,missed,,layup,25,6
Al Jefferson,Craig Smith,Kevin Ollie,Randy Foye,Ryan Gomes,Al Harrington,Chris Duhon,David Lee,Nate Robinson,Wilson Chandler,3,10:08,NYK,rebound,,,,,,,,,,Al Harrington,,,,,,off,,
Al Jefferson,Craig Smith,Kevin Ollie,Randy Foye,Ryan Gomes,Al Harrington,Chris Duhon,David Lee,Nate Robinson,Wilson Chandler,3,10:05,NYK,shot,,,,,,,,,,Al Harrington,,,,missed,,jump,21,11
Al Jefferson,Craig Smith,Kevin Ollie,Randy Foye,Ryan Gomes,Al Harrington,Chris Duhon,David Lee,Nate Robinson,Wilson Chandler,3,10:04,NYK,rebound,,,,,,,,,,David Lee,,,,,,off,,
Al Jefferson,Craig Smith,Kevin Ollie,Randy Foye,Ryan Gomes,Al Harrington,Chris Duhon,David Lee,Nate Robinson,Wilson Chandler,3,9:58,NYK,shot,,,,,,,,,,Al Harrington,2,,,made,,running bank,20,10
Al Jefferson,Craig Smith,Kevin Ollie,Randy Foye,Ryan Gomes,Al Harrington,Chris Duhon,David Lee,Nate Robinson,Wilson Chandler,3,9:32,MIN,shot,,,,,,,,,,Al Jefferson,2,,,made,,turnaround jump,36,9
Al Jefferson,Craig Smith,Kevin Ollie,Randy Foye,Ryan Gomes,Al Harrington,Chris Duhon,David Lee,Nate Robinson,Wilson Chandler,3,9:16,NYK,shot,,,,,,,,,,Al Harrington,,,,missed,,3pt,2,15
Al Jefferson,Craig Smith,Kevin Ollie,Randy Foye,Ryan Gomes,Al Harrington,Chris Duhon,David Lee,Nate Robinson,Wilson Chandler,3,9:16,NYK,rebound,,,,,,,,,,Nate Robinson,,,,,,off,,
Al Jefferson,Craig Smith,Kevin Ollie,Randy Foye,Ryan Gomes,Al Harrington,Chris Duhon,David Lee,Nate Robinson,Wilson Chandler,3,9:16,MIN,foul,,,,,,,,Nate Robinson,,Randy Foye,,,,,,personal,,
Al Jefferson,Craig Smith,Kevin Ollie,Randy Foye,Ryan Gomes,Al Harrington,Chris Duhon,David Lee,Nate Robinson,Wilson Chandler,3,9:11,NYK,shot,,,,,,,,,,Nate Robinson,,,,missed,,jump,14,12
Al Jefferson,Craig Smith,Kevin Ollie,Randy Foye,Ryan Gomes,Al Harrington,Chris Duhon,David Lee,Nate Robinson,Wilson Chandler,3,9:09,MIN,rebound,,,,,,,,,,Al Jefferson,,,,,,def,,
Al Jefferson,Craig Smith,Kevin Ollie,Randy Foye,Ryan Gomes,Al Harrington,Chris Duhon,David Lee,Nate Robinson,Wilson Chandler,3,8:57,MIN,shot,,,,,,,,,,Kevin Ollie,2,,,made,,running jump,22,10
Al Jefferson,Craig Smith,Kevin Ollie,Randy Foye,Ryan Gomes,Al Harrington,Chris Duhon,David Lee,Nate Robinson,Wilson Chandler,3,8:46,NYK,shot,,,,,,,,,,Nate Robinson,2,,,made,,running layup,25,6
Al Jefferson,Craig Smith,Kevin Ollie,Randy Foye,Ryan Gomes,Al Harrington,Chris Duhon,David Lee,Nate Robinson,Wilson Chandler,3,8:31,MIN,shot,,,,,,,,,,Al Jefferson,,,,missed,,jump,17,19
Al Jefferson,Craig Smith,Kevin Ollie,Randy Foye,Ryan Gomes,Al Harrington,Chris Duhon,David Lee,Nate Robinson,Wilson Chandler,3,8:29,NYK,rebound,,,,,,,,,,David Lee,,,,,,def,,
Al Jefferson,Craig Smith,Kevin Ollie,Randy Foye,Ryan Gomes,Al Harrington,Chris Duhon,David Lee,Nate Robinson,Wilson Chandler,3,8:24,NYK,shot,,,Al Jefferson,,,,,,,Al Harrington,,,,missed,,layup,25,6
Al Jefferson,Craig Smith,Kevin Ollie,Randy Foye,Ryan Gomes,Al Harrington,Chris Duhon,David Lee,Nate Robinson,Wilson Chandler,3,8:22,NYK,rebound,,,,,,,,,,David Lee,,,,,,off,,
Al Jefferson,Craig Smith,Kevin Ollie,Randy Foye,Ryan Gomes,Al Harrington,Chris Duhon,David Lee,Nate Robinson,Wilson Chandler,3,8:18,NYK,shot,,,,,,,,,,Wilson Chandler,,,,missed,,3pt,35,28
Al Jefferson,Craig Smith,Kevin Ollie,Randy Foye,Ryan Gomes,Al Harrington,Chris Duhon,David Lee,Nate Robinson,Wilson Chandler,3,8:17,MIN,rebound,,,,,,,,,,Al Jefferson,,,,,,def,,
Al Jefferson,Craig Smith,Kevin Ollie,Randy Foye,Ryan Gomes,Al Harrington,Chris Duhon,David Lee,Nate Robinson,Wilson Chandler,3,8:08,MIN,shot,,,,,,,,,,Randy Foye,2,,,made,,driving layup,25,6
Al Jefferson,Craig Smith,Kevin Ollie,Randy Foye,Ryan Gomes,Al Harrington,Chris Duhon,David Lee,Nate Robinson,Wilson Chandler,3,7:54,NYK,turnover,,,,,,,,,,Chris Duhon,,,bad pass,,,,,
Al Jefferson,Craig Smith,Kevin Ollie,Randy Foye,Ryan Gomes,Al Harrington,Chris Duhon,David Lee,Nate Robinson,Wilson Chandler,3,7:42,MIN,shot,,,,,,,,,,Randy Foye,,,,missed,,jump,43,15
Al Jefferson,Craig Smith,Kevin Ollie,Randy Foye,Ryan Gomes,Al Harrington,Chris Duhon,David Lee,Nate Robinson,Wilson Chandler,3,7:40,NYK,rebound,,,,,,,,,,Wilson Chandler,,,,,,def,,
Al Jefferson,Craig Smith,Kevin Ollie,Randy Foye,Ryan Gomes,Al Harrington,Chris Duhon,David Lee,Nate Robinson,Wilson Chandler,3,7:36,MIN,foul,,,,,,,,Wilson Chandler,,Ryan Gomes,,,,,,shooting,,
Al Jefferson,Craig Smith,Kevin Ollie,Randy Foye,Ryan Gomes,Al Harrington,Chris Duhon,David Lee,Nate Robinson,Wilson Chandler,3,7:36,NYK,free throw,,,,,,,1,,2,Wilson Chandler,,,foul,missed,,,,
Al Jefferson,Craig Smith,Kevin Ollie,Randy Foye,Ryan Gomes,Al Harrington,Chris Duhon,David Lee,Nate Robinson,Wilson Chandler,3,7:36,NYK,rebound,,,,,,,,,,,,,,,,,,
Al Jefferson,Craig Smith,Kevin Ollie,Randy Foye,Ryan Gomes,Al Harrington,Chris Duhon,David Lee,Nate Robinson,Wilson Chandler,3,7:36,NYK,free throw,,,,,,,2,,2,Wilson Chandler,,,foul,made,,,,
Al Jefferson,Craig Smith,Kevin Ollie,Randy Foye,Ryan Gomes,Al Harrington,Chris Duhon,David Lee,Nate Robinson,Wilson Chandler,3,7:20,MIN,shot,,,,,,,,,,Al Jefferson,2,,,made,,jump,33,18
Al Jefferson,Craig Smith,Kevin Ollie,Randy Foye,Ryan Gomes,Al Harrington,Chris Duhon,David Lee,Nate Robinson,Wilson Chandler,3,7:08,NYK,shot,,,,,,,,,,Nate Robinson,,,,missed,,jump,11,12
Al Jefferson,Craig Smith,Kevin Ollie,Randy Foye,Ryan Gomes,Al Harrington,Chris Duhon,David Lee,Nate Robinson,Wilson Chandler,3,7:06,MIN,rebound,,,,,,,,,,Craig Smith,,,,,,def,,
Al Jefferson,Craig Smith,Kevin Ollie,Randy Foye,Ryan Gomes,Al Harrington,Chris Duhon,David Lee,Nate Robinson,Wilson Chandler,3,6:45,MIN,shot,,,,,,,,,,Randy Foye,,,,missed,,jump,3,7
Al Jefferson,Craig Smith,Kevin Ollie,Randy Foye,Ryan Gomes,Al Harrington,Chris Duhon,David Lee,Nate Robinson,Wilson Chandler,3,6:43,NYK,rebound,,,,,,,,,,Wilson Chandler,,,,,,def,,
Al Jefferson,Craig Smith,Kevin Ollie,Randy Foye,Ryan Gomes,Al Harrington,Chris Duhon,David Lee,Nate Robinson,Wilson Chandler,3,6:33,NYK,turnover,,,,,,,,,,Al Harrington,,,lost ball,,Craig Smith,,,
Al Jefferson,Craig Smith,Kevin Ollie,Randy Foye,Ryan Gomes,Al Harrington,Chris Duhon,David Lee,Nate Robinson,Wilson Chandler,3,6:28,MIN,shot,Kevin Ollie,,,,,,,,,Randy Foye,2,,,made,,layup,25,6
Al Jefferson,Craig Smith,Kevin Ollie,Randy Foye,Ryan Gomes,Al Harrington,Chris Duhon,David Lee,Nate Robinson,Wilson Chandler,3,6:27,NYK,timeout,,,,,,,,,,,,,,,,regular,,
Al Jefferson,Craig Smith,Kevin Ollie,Randy Foye,Ryan Gomes,Al Harrington,Chris Duhon,David Lee,Jared Jeffries,Nate Robinson,3,6:27,NYK,sub,,,,Jared Jeffries,,Wilson Chandler,,,,,,,,,,,,
Al Jefferson,Craig Smith,Kevin Ollie,Randy Foye,Ryan Gomes,Chris Duhon,David Lee,Jared Jeffries,Nate Robinson,Tim Thomas,3,6:27,NYK,sub,,,,Tim Thomas,,Al Harrington,,,,,,,,,,,,
Al Jefferson,Craig Smith,Kevin Ollie,Randy Foye,Ryan Gomes,Chris Duhon,David Lee,Jared Jeffries,Nate Robinson,Tim Thomas,3,6:16,NYK,shot,,,,,,,,,,Chris Duhon,,,,missed,,layup,25,6
Al Jefferson,Craig Smith,Kevin Ollie,Randy Foye,Ryan Gomes,Chris Duhon,David Lee,Jared Jeffries,Nate Robinson,Tim Thomas,3,6:15,MIN,rebound,,,,,,,,,,Al Jefferson,,,,,,def,,
Al Jefferson,Craig Smith,Kevin Ollie,Randy Foye,Ryan Gomes,Chris Duhon,David Lee,Jared Jeffries,Nate Robinson,Tim Thomas,3,5:59,MIN,shot,,,,,,,,,,Craig Smith,,,,missed,,layup,25,6
Al Jefferson,Craig Smith,Kevin Ollie,Randy Foye,Ryan Gomes,Chris Duhon,David Lee,Jared Jeffries,Nate Robinson,Tim Thomas,3,5:58,NYK,rebound,,,,,,,,,,Tim Thomas,,,,,,def,,
Al Jefferson,Craig Smith,Kevin Ollie,Randy Foye,Ryan Gomes,Chris Duhon,David Lee,Jared Jeffries,Nate Robinson,Tim Thomas,3,5:47,MIN,foul,,,,,,,,Jared Jeffries,,Kevin Ollie,,,,,,personal,,
Al Jefferson,Craig Smith,Kevin Ollie,Randy Foye,Ryan Gomes,Chris Duhon,David Lee,Jared Jeffries,Nate Robinson,Tim Thomas,3,5:33,NYK,shot,,,,,,,,,,Nate Robinson,,,,missed,,3pt,12,28
Al Jefferson,Craig Smith,Kevin Ollie,Randy Foye,Ryan Gomes,Chris Duhon,David Lee,Jared Jeffries,Nate Robinson,Tim Thomas,3,5:31,MIN,rebound,,,,,,,,,,Al Jefferson,,,,,,def,,
Al Jefferson,Craig Smith,Kevin Ollie,Randy Foye,Ryan Gomes,Chris Duhon,David Lee,Jared Jeffries,Nate Robinson,Tim Thomas,3,5:23,NYK,foul,,,,,,,,Al Jefferson,,Tim Thomas,,,,,,shooting,,
Al Jefferson,Craig Smith,Kevin Ollie,Randy Foye,Ryan Gomes,Chris Duhon,David Lee,Jared Jeffries,Nate Robinson,Tim Thomas,3,5:23,MIN,free throw,,,,,,,1,,2,Al Jefferson,,,foul,made,,,,
Al Jefferson,Craig Smith,Kevin Ollie,Randy Foye,Ryan Gomes,Chris Duhon,Jared Jeffries,Nate Robinson,Tim Thomas,Wilson Chandler,3,5:23,NYK,sub,,,,Wilson Chandler,,David Lee,,,,,,,,,,,,
Al Jefferson,Craig Smith,Kevin Ollie,Randy Foye,Ryan Gomes,Chris Duhon,Jared Jeffries,Nate Robinson,Tim Thomas,Wilson Chandler,3,5:23,MIN,free throw,,,,,,,2,,2,Al Jefferson,,,foul,made,,,,
Al Jefferson,Craig Smith,Kevin Ollie,Randy Foye,Ryan Gomes,Chris Duhon,Jared Jeffries,Nate Robinson,Tim Thomas,Wilson Chandler,3,5:15,NYK,foul,,,,,,,,Kevin Ollie,,Jared Jeffries,,,,,,offensive,,
Al Jefferson,Craig Smith,Kevin Ollie,Randy Foye,Ryan Gomes,Chris Duhon,Jared Jeffries,Nate Robinson,Tim Thomas,Wilson Chandler,3,5:15,NYK,turnover,,,,,,,,,,Jared Jeffries,,,foul,,,,,
Al Jefferson,Craig Smith,Kevin Ollie,Randy Foye,Ryan Gomes,Chris Duhon,Jared Jeffries,Nate Robinson,Tim Thomas,Wilson Chandler,3,4:56,NYK,foul,,,,,,,,Al Jefferson,,Jared Jeffries,,,,,,shooting,,
Al Jefferson,Craig Smith,Kevin Ollie,Randy Foye,Ryan Gomes,Chris Duhon,Jared Jeffries,Nate Robinson,Tim Thomas,Wilson Chandler,3,4:56,MIN,free throw,,,,,,,1,,2,Al Jefferson,,,foul,made,,,,
Al Jefferson,Craig Smith,Kevin Ollie,Randy Foye,Ryan Gomes,Chris Duhon,Jared Jeffries,Nate Robinson,Tim Thomas,Wilson Chandler,3,4:56,MIN,free throw,,,,,,,2,,2,Al Jefferson,,,foul,missed,,,,
Al Jefferson,Craig Smith,Kevin Ollie,Randy Foye,Ryan Gomes,Chris Duhon,Jared Jeffries,Nate Robinson,Tim Thomas,Wilson Chandler,3,4:55,NYK,rebound,,,,,,,,,,Wilson Chandler,,,,,,def,,
Al Jefferson,Craig Smith,Kevin Ollie,Randy Foye,Ryan Gomes,Chris Duhon,Jared Jeffries,Nate Robinson,Tim Thomas,Wilson Chandler,3,4:46,NYK,shot,,,,,,,,,,Jared Jeffries,,,,missed,,jump,15,25
Al Jefferson,Craig Smith,Kevin Ollie,Randy Foye,Ryan Gomes,Chris Duhon,Jared Jeffries,Nate Robinson,Tim Thomas,Wilson Chandler,3,4:44,MIN,rebound,,,,,,,,,,Craig Smith,,,,,,def,,
Al Jefferson,Craig Smith,Kevin Ollie,Randy Foye,Ryan Gomes,Chris Duhon,Jared Jeffries,Nate Robinson,Tim Thomas,Wilson Chandler,3,4:35,MIN,shot,,,,,,,,,,Al Jefferson,2,,,made,,layup,25,6
Al Jefferson,Craig Smith,Kevin Ollie,Randy Foye,Ryan Gomes,Chris Duhon,Jared Jeffries,Nate Robinson,Tim Thomas,Wilson Chandler,3,4:16,NYK,shot,,,,,,,,,,Wilson Chandler,,,,missed,,jump,18,8
Al Jefferson,Craig Smith,Kevin Ollie,Randy Foye,Ryan Gomes,Chris Duhon,Jared Jeffries,Nate Robinson,Tim Thomas,Wilson Chandler,3,4:16,NYK,rebound,,,,,,,,,,,,,,,,,,
Al Jefferson,Craig Smith,Kevin Ollie,Randy Foye,Ryan Gomes,Chris Duhon,Jared Jeffries,Nate Robinson,Tim Thomas,Wilson Chandler,3,4:16,MIN,foul,,,,,,,,Nate Robinson,,Kevin Ollie,,,,,,personal,,
Al Jefferson,Craig Smith,Kevin Ollie,Randy Foye,Ryan Gomes,Chris Duhon,Jared Jeffries,Nate Robinson,Tim Thomas,Wilson Chandler,3,4:05,NYK,shot,,,,,,,,,,Wilson Chandler,,,,missed,,3pt,2,6
Al Jefferson,Craig Smith,Kevin Ollie,Randy Foye,Ryan Gomes,Chris Duhon,Jared Jeffries,Nate Robinson,Tim Thomas,Wilson Chandler,3,4:04,NYK,rebound,,,,,,,,,,Jared Jeffries,,,,,,off,,
Al Jefferson,Craig Smith,Kevin Ollie,Randy Foye,Ryan Gomes,Chris Duhon,Jared Jeffries,Nate Robinson,Tim Thomas,Wilson Chandler,3,3:53,NYK,shot,,,,,,,,,,Nate Robinson,,,,missed,,jump,35,14
Al Jefferson,Craig Smith,Kevin Ollie,Randy Foye,Ryan Gomes,Chris Duhon,Jared Jeffries,Nate Robinson,Tim Thomas,Wilson Chandler,3,3:51,MIN,rebound,,,,,,,,,,Kevin Ollie,,,,,,def,,
Al Jefferson,Craig Smith,Kevin Ollie,Randy Foye,Ryan Gomes,Chris Duhon,Jared Jeffries,Nate Robinson,Tim Thomas,Wilson Chandler,3,3:31,MIN,shot,,,,,,,,,,Ryan Gomes,,,,missed,,jump,24,14
Al Jefferson,Craig Smith,Kevin Ollie,Randy Foye,Ryan Gomes,Chris Duhon,Jared Jeffries,Nate Robinson,Tim Thomas,Wilson Chandler,3,3:30,NYK,rebound,,,,,,,,,,,,,,,,,,
Al Jefferson,Craig Smith,Kevin Ollie,Randy Foye,Ryan Gomes,Chris Duhon,Jared Jeffries,Nate Robinson,Tim Thomas,Wilson Chandler,3,3:30,MIN,foul,,,,,,,,Jared Jeffries,,Al Jefferson,,,,,,loose ball,,
Al Jefferson,Craig Smith,Kevin Ollie,Ryan Gomes,Sebastian Telfair,Chris Duhon,Jared Jeffries,Nate Robinson,Tim Thomas,Wilson Chandler,3,3:30,MIN,sub,,,,Sebastian Telfair,,Randy Foye,,,,,,,,,,,,
Al Jefferson,Craig Smith,Kevin Ollie,Ryan Gomes,Sebastian Telfair,Chris Duhon,Jared Jeffries,Nate Robinson,Tim Thomas,Wilson Chandler,3,3:30,NYK,free throw,,,,,,,1,,2,Jared Jeffries,,,foul,made,,,,
Al Jefferson,Kevin Ollie,Rashad McCants,Ryan Gomes,Sebastian Telfair,Chris Duhon,Jared Jeffries,Nate Robinson,Tim Thomas,Wilson Chandler,3,3:30,MIN,sub,,,,Rashad McCants,,Craig Smith,,,,,,,,,,,,
Al Jefferson,Kevin Ollie,Rashad McCants,Ryan Gomes,Sebastian Telfair,Chris Duhon,Jared Jeffries,Nate Robinson,Tim Thomas,Wilson Chandler,3,3:30,NYK,free throw,,,,,,,2,,2,Jared Jeffries,,,foul,missed,,,,
Al Jefferson,Kevin Ollie,Rashad McCants,Ryan Gomes,Sebastian Telfair,Chris Duhon,Jared Jeffries,Nate Robinson,Tim Thomas,Wilson Chandler,3,3:29,MIN,rebound,,,,,,,,,,Al Jefferson,,,,,,def,,
Al Jefferson,Kevin Ollie,Rashad McCants,Ryan Gomes,Sebastian Telfair,Chris Duhon,Jared Jeffries,Nate Robinson,Tim Thomas,Wilson Chandler,3,3:17,MIN,shot,,,,,,,,,,Rashad McCants,,,,missed,,3pt,47,17
Al Jefferson,Kevin Ollie,Rashad McCants,Ryan Gomes,Sebastian Telfair,Chris Duhon,Jared Jeffries,Nate Robinson,Tim Thomas,Wilson Chandler,3,3:16,NYK,rebound,,,,,,,,,,,,,,,,,,
Al Jefferson,Kevin Ollie,Rashad McCants,Ryan Gomes,Sebastian Telfair,Chris Duhon,Jared Jeffries,Nate Robinson,Tim Thomas,Wilson Chandler,3,3:02,NYK,shot,,,,,,,,,,Tim Thomas,2,,,made,,turnaround jump,24,12
Al Jefferson,Kevin Ollie,Rashad McCants,Ryan Gomes,Sebastian Telfair,Chris Duhon,Jared Jeffries,Nate Robinson,Tim Thomas,Wilson Chandler,3,2:36,MIN,shot,Al Jefferson,,,,,,,,,Rashad McCants,3,,,made,,3pt,45,21
Al Jefferson,Kevin Ollie,Rashad McCants,Ryan Gomes,Sebastian Telfair,Chris Duhon,Jared Jeffries,Nate Robinson,Tim Thomas,Wilson Chandler,3,2:23,NYK,shot,Chris Duhon,,,,,,,,,Tim Thomas,3,,,made,,3pt,34,29
Al Jefferson,Kevin Ollie,Rashad McCants,Ryan Gomes,Sebastian Telfair,Chris Duhon,Jared Jeffries,Nate Robinson,Tim Thomas,Wilson Chandler,3,2:13,MIN,timeout,,,,,,,,,,,,,,,,regular,,
Al Jefferson,Kevin Ollie,Rashad McCants,Ryan Gomes,Sebastian Telfair,David Lee,Jared Jeffries,Nate Robinson,Tim Thomas,Wilson Chandler,3,2:13,NYK,sub,,,,David Lee,,Chris Duhon,,,,,,,,,,,,
Al Jefferson,Kevin Ollie,Rashad McCants,Ryan Gomes,Sebastian Telfair,Al Harrington,David Lee,Jared Jeffries,Tim Thomas,Wilson Chandler,3,2:13,NYK,sub,,,,Al Harrington,,Nate Robinson,,,,,,,,,,,,
Al Jefferson,Kevin Ollie,Rashad McCants,Ryan Gomes,Sebastian Telfair,Al Harrington,David Lee,Jared Jeffries,Tim Thomas,Wilson Chandler,3,2:04,MIN,shot,Ryan Gomes,,,,,,,,,Rashad McCants,3,,,made,,3pt,48,5
Al Jefferson,Kevin Ollie,Rashad McCants,Ryan Gomes,Sebastian Telfair,Al Harrington,David Lee,Jared Jeffries,Tim Thomas,Wilson Chandler,3,1:47,NYK,shot,,,,,,,,,,Jared Jeffries,,,,missed,,jump,20,16
Al Jefferson,Kevin Ollie,Rashad McCants,Ryan Gomes,Sebastian Telfair,Al Harrington,David Lee,Jared Jeffries,Tim Thomas,Wilson Chandler,3,1:46,MIN,rebound,,,,,,,,,,Kevin Ollie,,,,,,def,,
Al Jefferson,Kevin Ollie,Rashad McCants,Ryan Gomes,Sebastian Telfair,Al Harrington,David Lee,Jared Jeffries,Tim Thomas,Wilson Chandler,3,1:29,NYK,foul,,,,,,,,Sebastian Telfair,,Tim Thomas,,,,,,shooting,,
Al Jefferson,Kevin Ollie,Rashad McCants,Ryan Gomes,Sebastian Telfair,Al Harrington,David Lee,Jared Jeffries,Tim Thomas,Wilson Chandler,3,1:29,MIN,free throw,,,,,,,1,,2,Sebastian Telfair,,,foul,made,,,,
Al Jefferson,Kevin Ollie,Rashad McCants,Ryan Gomes,Sebastian Telfair,Al Harrington,David Lee,Jared Jeffries,Tim Thomas,Wilson Chandler,3,1:29,MIN,free throw,,,,,,,2,,2,Sebastian Telfair,,,foul,missed,,,,
Al Jefferson,Kevin Ollie,Rashad McCants,Ryan Gomes,Sebastian Telfair,Al Harrington,David Lee,Jared Jeffries,Tim Thomas,Wilson Chandler,3,1:28,NYK,rebound,,,,,,,,,,Al Harrington,,,,,,def,,
Al Jefferson,Kevin Ollie,Rashad McCants,Ryan Gomes,Sebastian Telfair,Al Harrington,David Lee,Jared Jeffries,Tim Thomas,Wilson Chandler,3,1:18,NYK,turnover,,,,,,,,,,Wilson Chandler,,,bad pass,,,,,
Al Jefferson,Kevin Ollie,Rashad McCants,Ryan Gomes,Sebastian Telfair,Al Harrington,Chris Duhon,David Lee,Jared Jeffries,Wilson Chandler,3,1:18,NYK,sub,,,,Chris Duhon,,Tim Thomas,,,,,,,,,,,,
Al Jefferson,Kevin Ollie,Rashad McCants,Ryan Gomes,Sebastian Telfair,Al Harrington,Chris Duhon,David Lee,Jared Jeffries,Wilson Chandler,3,1:04,MIN,shot,Al Jefferson,,,,,,,,,Rashad McCants,3,,,made,,3pt,45,21
Al Jefferson,Kevin Ollie,Rashad McCants,Ryan Gomes,Sebastian Telfair,Al Harrington,Chris Duhon,David Lee,Jared Jeffries,Wilson Chandler,3,0:46,NYK,shot,,,,,,,,,,David Lee,,,,missed,,jump,41,5
Al Jefferson,Kevin Ollie,Rashad McCants,Ryan Gomes,Sebastian Telfair,Al Harrington,Chris Duhon,David Lee,Jared Jeffries,Wilson Chandler,3,0:45,MIN,rebound,,,,,,,,,,Sebastian Telfair,,,,,,def,,
Al Jefferson,Kevin Ollie,Rashad McCants,Ryan Gomes,Sebastian Telfair,Al Harrington,Chris Duhon,David Lee,Jared Jeffries,Wilson Chandler,3,0:31,MIN,turnover,,,,,,,,,,Al Jefferson,,,traveling,,,,,
Al Jefferson,Kevin Ollie,Rashad McCants,Ryan Gomes,Sebastian Telfair,Al Harrington,Chris Duhon,David Lee,Jared Jeffries,Wilson Chandler,3,0:16,NYK,shot,Chris Duhon,,,,,,,,,Al Harrington,3,,,made,,3pt,18,30
Al Jefferson,Kevin Ollie,Rashad McCants,Ryan Gomes,Sebastian Telfair,Al Harrington,Chris Duhon,David Lee,Jared Jeffries,Wilson Chandler,3,0:08,NYK,foul,,,,,,,,Ryan Gomes,,David Lee,,,,,,shooting,,
Al Jefferson,Kevin Ollie,Rashad McCants,Ryan Gomes,Sebastian Telfair,Al Harrington,Chris Duhon,David Lee,Jared Jeffries,Wilson Chandler,3,0:08,MIN,free throw,,,,,,,1,,2,Ryan Gomes,,,foul,made,,,,
Kevin Love,Kevin Ollie,Rashad McCants,Ryan Gomes,Sebastian Telfair,Al Harrington,Chris Duhon,David Lee,Jared Jeffries,Wilson Chandler,3,0:08,MIN,sub,,,,Kevin Love,,Al Jefferson,,,,,,,,,,,,
Kevin Love,Kevin Ollie,Rodney Carney,Ryan Gomes,Sebastian Telfair,Al Harrington,Chris Duhon,David Lee,Jared Jeffries,Wilson Chandler,3,0:08,MIN,sub,,,,Rodney Carney,,Rashad McCants,,,,,,,,,,,,
Kevin Love,Kevin Ollie,Rodney Carney,Ryan Gomes,Sebastian Telfair,Al Harrington,Chris Duhon,David Lee,Jared Jeffries,Wilson Chandler,3,0:08,MIN,free throw,,,,,,,2,,2,Ryan Gomes,,,foul,made,,,,
Kevin Love,Kevin Ollie,Rodney Carney,Ryan Gomes,Sebastian Telfair,Al Harrington,Chris Duhon,David Lee,Jared Jeffries,Wilson Chandler,3,0:02,MIN,foul,,,,,,,,Chris Duhon,,Ryan Gomes,,,,,,personal,,
Kevin Love,Kevin Ollie,Rodney Carney,Ryan Gomes,Sebastian Telfair,Al Harrington,Chris Duhon,David Lee,Jared Jeffries,Wilson Chandler,3,0:02,NYK,free throw,,,,,,,1,,2,Chris Duhon,,,foul,made,,,,
Kevin Love,Kevin Ollie,Rodney Carney,Ryan Gomes,Sebastian Telfair,Al Harrington,Chris Duhon,David Lee,Jared Jeffries,Wilson Chandler,3,0:02,NYK,free throw,,,,,,,2,,2,Chris Duhon,,,foul,made,,,,
Kevin Love,Kevin Ollie,Rodney Carney,Ryan Gomes,Sebastian Telfair,Al Harrington,Chris Duhon,David Lee,Jared Jeffries,Wilson Chandler,3,0:00,MIN,shot,,,,,,,,,,Ryan Gomes,,,,missed,,3pt,42,53
Kevin Love,Kevin Ollie,Rodney Carney,Ryan Gomes,Sebastian Telfair,Al Harrington,Chris Duhon,David Lee,Jared Jeffries,Wilson Chandler,3,0:00,MIN,rebound,,,,,,,,,,,,,,,,,,
Kevin Love,Rashad McCants,Rodney Carney,Ryan Gomes,Sebastian Telfair,Al Harrington,Chris Duhon,David Lee,Jared Jeffries,Wilson Chandler,4,11:51,MIN,shot,,,,,,,,,,Sebastian Telfair,2,,,made,,driving layup,25,6
Kevin Love,Rashad McCants,Rodney Carney,Ryan Gomes,Sebastian Telfair,Al Harrington,Chris Duhon,David Lee,Jared Jeffries,Wilson Chandler,4,11:51,NYK,foul,,,,,,,,Sebastian Telfair,,David Lee,,,,,,shooting,,
Kevin Love,Rashad McCants,Rodney Carney,Ryan Gomes,Sebastian Telfair,Al Harrington,Chris Duhon,David Lee,Jared Jeffries,Wilson Chandler,4,11:51,NYK,timeout,,,,,,,,,,,,,,,,regular,,
Kevin Love,Rashad McCants,Rodney Carney,Ryan Gomes,Sebastian Telfair,Al Harrington,Chris Duhon,David Lee,Jared Jeffries,Wilson Chandler,4,11:51,MIN,free throw,,,,,,,1,,1,Sebastian Telfair,,,foul,missed,,,,
Kevin Love,Rashad McCants,Rodney Carney,Ryan Gomes,Sebastian Telfair,Al Harrington,Chris Duhon,David Lee,Jared Jeffries,Wilson Chandler,4,11:50,NYK,rebound,,,,,,,,,,David Lee,,,,,,def,,
Kevin Love,Rashad McCants,Rodney Carney,Ryan Gomes,Sebastian Telfair,Al Harrington,Chris Duhon,David Lee,Jared Jeffries,Wilson Chandler,4,11:36,NYK,shot,,,,,,,,,,Al Harrington,2,,,made,,jump,29,10
Kevin Love,Rashad McCants,Rodney Carney,Ryan Gomes,Sebastian Telfair,Al Harrington,Chris Duhon,David Lee,Jared Jeffries,Wilson Chandler,4,11:19,MIN,shot,,,,,,,,,,Sebastian Telfair,,,,missed,,jump,27,20
Kevin Love,Rashad McCants,Rodney Carney,Ryan Gomes,Sebastian Telfair,Al Harrington,Chris Duhon,David Lee,Jared Jeffries,Wilson Chandler,4,11:18,NYK,rebound,,,,,,,,,,David Lee,,,,,,def,,
Kevin Love,Rashad McCants,Rodney Carney,Ryan Gomes,Sebastian Telfair,Al Harrington,Chris Duhon,David Lee,Jared Jeffries,Wilson Chandler,4,11:11,MIN,foul,,,,,,,,David Lee,,Kevin Love,,,,,,personal,,
Kevin Love,Rashad McCants,Rodney Carney,Ryan Gomes,Sebastian Telfair,Al Harrington,Chris Duhon,David Lee,Jared Jeffries,Wilson Chandler,4,11:11,NYK,free throw,,,,,,,1,,2,David Lee,,,foul,made,,,,
Kevin Love,Rashad McCants,Rodney Carney,Ryan Gomes,Sebastian Telfair,Al Harrington,David Lee,Jared Jeffries,Nate Robinson,Wilson Chandler,4,11:11,NYK,sub,,,,Nate Robinson,,Chris Duhon,,,,,,,,,,,,
Kevin Love,Rashad McCants,Rodney Carney,Ryan Gomes,Sebastian Telfair,Al Harrington,David Lee,Jared Jeffries,Nate Robinson,Wilson Chandler,4,11:11,NYK,free throw,,,,,,,2,,2,David Lee,,,foul,made,,,,
Kevin Love,Rashad McCants,Rodney Carney,Ryan Gomes,Sebastian Telfair,Al Harrington,David Lee,Jared Jeffries,Nate Robinson,Wilson Chandler,4,11:03,MIN,foul,,,,,,,,Nate Robinson,,Kevin Love,,,,,,offensive,,
Kevin Love,Rashad McCants,Rodney Carney,Ryan Gomes,Sebastian Telfair,Al Harrington,David Lee,Jared Jeffries,Nate Robinson,Wilson Chandler,4,11:03,MIN,turnover,,,,,,,,,,Kevin Love,,,foul,,,,,
Craig Smith,Kevin Love,Rashad McCants,Rodney Carney,Sebastian Telfair,Al Harrington,David Lee,Jared Jeffries,Nate Robinson,Wilson Chandler,4,11:03,MIN,sub,,,,Craig Smith,,Ryan Gomes,,,,,,,,,,,,
Craig Smith,Kevin Love,Rashad McCants,Rodney Carney,Sebastian Telfair,Al Harrington,David Lee,Jared Jeffries,Nate Robinson,Wilson Chandler,4,10:46,NYK,shot,,,,,,,,,,Al Harrington,,,,missed,,3pt,33,29
Craig Smith,Kevin Love,Rashad McCants,Rodney Carney,Sebastian Telfair,Al Harrington,David Lee,Jared Jeffries,Nate Robinson,Wilson Chandler,4,10:44,NYK,rebound,,,,,,,,,,David Lee,,,,,,off,,
Craig Smith,Kevin Love,Rashad McCants,Rodney Carney,Sebastian Telfair,Al Harrington,David Lee,Jared Jeffries,Nate Robinson,Wilson Chandler,4,10:41,NYK,shot,David Lee,,,,,,,,,Al Harrington,2,,,made,,layup,25,6
Craig Smith,Kevin Love,Rashad McCants,Rodney Carney,Sebastian Telfair,Al Harrington,David Lee,Jared Jeffries,Nate Robinson,Wilson Chandler,4,10:16,MIN,shot,,,,,,,,,,Kevin Love,,,,missed,,jump,41,5
Craig Smith,Kevin Love,Rashad McCants,Rodney Carney,Sebastian Telfair,Al Harrington,David Lee,Jared Jeffries,Nate Robinson,Wilson Chandler,4,10:15,NYK,rebound,,,,,,,,,,David Lee,,,,,,def,,
Craig Smith,Kevin Love,Rashad McCants,Rodney Carney,Sebastian Telfair,Al Harrington,David Lee,Jared Jeffries,Nate Robinson,Wilson Chandler,4,9:58,NYK,shot,Wilson Chandler,,,,,,,,,Nate Robinson,3,,,made,,3pt,24,31
Craig Smith,Kevin Love,Rashad McCants,Rodney Carney,Sebastian Telfair,Al Harrington,David Lee,Jared Jeffries,Nate Robinson,Wilson Chandler,4,9:49,NYK,foul,,,,,,,,Rashad McCants,,Al Harrington,,,,,,personal,,
Craig Smith,Kevin Love,Rashad McCants,Rodney Carney,Sebastian Telfair,Al Harrington,David Lee,Jared Jeffries,Nate Robinson,Wilson Chandler,4,9:38,MIN,shot,,,,,,,,,,Sebastian Telfair,,,,missed,,jump,20,8
Craig Smith,Kevin Love,Rashad McCants,Rodney Carney,Sebastian Telfair,Al Harrington,David Lee,Jared Jeffries,Nate Robinson,Wilson Chandler,4,9:37,MIN,rebound,,,,,,,,,,Kevin Love,,,,,,off,,
Craig Smith,Kevin Love,Rashad McCants,Rodney Carney,Sebastian Telfair,Al Harrington,David Lee,Jared Jeffries,Nate Robinson,Wilson Chandler,4,9:37,MIN,turnover,,,,,,,,,,Kevin Love,,,out of bounds lost ball turnover,,,,,
Al Jefferson,Craig Smith,Rashad McCants,Rodney Carney,Sebastian Telfair,Al Harrington,David Lee,Jared Jeffries,Nate Robinson,Wilson Chandler,4,9:37,MIN,sub,,,,Al Jefferson,,Kevin Love,,,,,,,,,,,,
Al Jefferson,Craig Smith,Rashad McCants,Rodney Carney,Sebastian Telfair,Al Harrington,David Lee,Jared Jeffries,Nate Robinson,Wilson Chandler,4,9:17,NYK,shot,,,,,,,,,,Al Harrington,,,,missed,,3pt,35,29
Al Jefferson,Craig Smith,Rashad McCants,Rodney Carney,Sebastian Telfair,Al Harrington,David Lee,Jared Jeffries,Nate Robinson,Wilson Chandler,4,9:17,NYK,rebound,,,,,,,,,,,,,,,,,,
Al Jefferson,Craig Smith,Rashad McCants,Rodney Carney,Sebastian Telfair,Al Harrington,David Lee,Jared Jeffries,Nate Robinson,Wilson Chandler,4,9:17,MIN,foul,,,,,,,,Nate Robinson,,Rashad McCants,,,,,,loose ball,,
Al Jefferson,Craig Smith,Randy Foye,Rashad McCants,Sebastian Telfair,Al Harrington,David Lee,Jared Jeffries,Nate Robinson,Wilson Chandler,4,9:17,MIN,sub,,,,Randy Foye,,Rodney Carney,,,,,,,,,,,,
Al Jefferson,Craig Smith,Randy Foye,Rashad McCants,Sebastian Telfair,Al Harrington,David Lee,Jared Jeffries,Nate Robinson,Wilson Chandler,4,9:04,NYK,shot,,,,,,,,,,Wilson Chandler,,,,missed,,jump,12,6
Al Jefferson,Craig Smith,Randy Foye,Rashad McCants,Sebastian Telfair,Al Harrington,David Lee,Jared Jeffries,Nate Robinson,Wilson Chandler,4,9:02,MIN,rebound,,,,,,,,,,Al Jefferson,,,,,,def,,
Al Jefferson,Craig Smith,Randy Foye,Rashad McCants,Sebastian Telfair,Al Harrington,David Lee,Jared Jeffries,Nate Robinson,Wilson Chandler,4,8:43,MIN,shot,Sebastian Telfair,,,,,,,,,Rashad McCants,3,,,made,,3pt,11,26
Al Jefferson,Craig Smith,Randy Foye,Rashad McCants,Sebastian Telfair,Al Harrington,David Lee,Jared Jeffries,Nate Robinson,Wilson Chandler,4,8:28,NYK,shot,,,,,,,,,,Wilson Chandler,,,,missed,,3pt,2,11
Al Jefferson,Craig Smith,Randy Foye,Rashad McCants,Sebastian Telfair,Al Harrington,David Lee,Jared Jeffries,Nate Robinson,Wilson Chandler,4,8:27,NYK,rebound,,,,,,,,,,Nate Robinson,,,,,,off,,
Al Jefferson,Craig Smith,Randy Foye,Rashad McCants,Sebastian Telfair,Al Harrington,David Lee,Jared Jeffries,Nate Robinson,Wilson Chandler,4,8:23,NYK,shot,Nate Robinson,,,,,,,,,Al Harrington,3,,,made,,3pt,39,26
Al Jefferson,Craig Smith,Randy Foye,Rashad McCants,Sebastian Telfair,Al Harrington,David Lee,Jared Jeffries,Nate Robinson,Wilson Chandler,4,8:06,MIN,shot,,,,,,,,,,Al Jefferson,2,,,made,,layup,25,6
Al Jefferson,Craig Smith,Randy Foye,Rashad McCants,Sebastian Telfair,Al Harrington,David Lee,Jared Jeffries,Nate Robinson,Wilson Chandler,4,8:06,NYK,foul,,,,,,,,Al Jefferson,,David Lee,,,,,,shooting,,
Al Jefferson,Craig Smith,Randy Foye,Rashad McCants,Sebastian Telfair,Al Harrington,Jared Jeffries,Nate Robinson,Tim Thomas,Wilson Chandler,4,8:06,NYK,sub,,,,Tim Thomas,,David Lee,,,,,,,,,,,,
Al Jefferson,Craig Smith,Randy Foye,Rashad McCants,Sebastian Telfair,Al Harrington,Jared Jeffries,Nate Robinson,Tim Thomas,Wilson Chandler,4,8:06,MIN,free throw,,,,,,,1,,1,Al Jefferson,,,foul,made,,,,
Al Jefferson,Craig Smith,Randy Foye,Rashad McCants,Sebastian Telfair,Al Harrington,Jared Jeffries,Nate Robinson,Tim Thomas,Wilson Chandler,4,7:54,MIN,foul,,,,,,,,Al Harrington,,Craig Smith,,,,,,personal,,
Al Jefferson,Craig Smith,Randy Foye,Rashad McCants,Sebastian Telfair,Al Harrington,Jared Jeffries,Nate Robinson,Tim Thomas,Wilson Chandler,4,7:45,NYK,shot,,,,,,,,,,Nate Robinson,,,,missed,,jump,24,20
Al Jefferson,Craig Smith,Randy Foye,Rashad McCants,Sebastian Telfair,Al Harrington,Jared Jeffries,Nate Robinson,Tim Thomas,Wilson Chandler,4,7:43,MIN,rebound,,,,,,,,,,Craig Smith,,,,,,def,,
Al Jefferson,Craig Smith,Randy Foye,Rashad McCants,Sebastian Telfair,Al Harrington,Jared Jeffries,Nate Robinson,Tim Thomas,Wilson Chandler,4,7:29,MIN,foul,,,,,,,,Jared Jeffries,,Al Jefferson,,,,,,offensive,,
Al Jefferson,Craig Smith,Randy Foye,Rashad McCants,Sebastian Telfair,Al Harrington,Jared Jeffries,Nate Robinson,Tim Thomas,Wilson Chandler,4,7:29,MIN,turnover,,,,,,,,,,Al Jefferson,,,foul,,,,,
Al Jefferson,Craig Smith,Randy Foye,Rashad McCants,Sebastian Telfair,Al Harrington,Jared Jeffries,Nate Robinson,Tim Thomas,Wilson Chandler,4,7:18,MIN,foul,,,,,,,,Nate Robinson,,Rashad McCants,,,,,,shooting,,
Al Jefferson,Craig Smith,Randy Foye,Rashad McCants,Sebastian Telfair,Al Harrington,Jared Jeffries,Nate Robinson,Tim Thomas,Wilson Chandler,4,7:18,NYK,free throw,,,,,,,1,,3,Nate Robinson,,,foul,made,,,,
Al Jefferson,Craig Smith,Randy Foye,Rashad McCants,Sebastian Telfair,Al Harrington,Jared Jeffries,Nate Robinson,Tim Thomas,Wilson Chandler,4,7:18,NYK,free throw,,,,,,,2,,3,Nate Robinson,,,foul,made,,,,
Al Jefferson,Craig Smith,Randy Foye,Ryan Gomes,Sebastian Telfair,Al Harrington,Jared Jeffries,Nate Robinson,Tim Thomas,Wilson Chandler,4,7:18,MIN,sub,,,,Ryan Gomes,,Rashad McCants,,,,,,,,,,,,
Al Jefferson,Craig Smith,Randy Foye,Ryan Gomes,Sebastian Telfair,Al Harrington,Jared Jeffries,Nate Robinson,Tim Thomas,Wilson Chandler,4,7:18,NYK,free throw,,,,,,,3,,3,Nate Robinson,,,foul,made,,,,
Al Jefferson,Craig Smith,Randy Foye,Ryan Gomes,Sebastian Telfair,Al Harrington,Jared Jeffries,Nate Robinson,Tim Thomas,Wilson Chandler,4,7:02,MIN,shot,,,,,,,,,,Ryan Gomes,,,,missed,,3pt,1,12
Al Jefferson,Craig Smith,Randy Foye,Ryan Gomes,Sebastian Telfair,Al Harrington,Jared Jeffries,Nate Robinson,Tim Thomas,Wilson Chandler,4,7:00,NYK,rebound,,,,,,,,,,Tim Thomas,,,,,,def,,
Al Jefferson,Craig Smith,Randy Foye,Ryan Gomes,Sebastian Telfair,Al Harrington,Jared Jeffries,Nate Robinson,Tim Thomas,Wilson Chandler,4,6:50,NYK,shot,,,,,,,,,,Al Harrington,,,,missed,,3pt,6,26
Al Jefferson,Craig Smith,Randy Foye,Ryan Gomes,Sebastian Telfair,Al Harrington,Jared Jeffries,Nate Robinson,Tim Thomas,Wilson Chandler,4,6:48,NYK,rebound,,,,,,,,,,Wilson Chandler,,,,,,off,,
Al Jefferson,Craig Smith,Randy Foye,Ryan Gomes,Sebastian Telfair,Al Harrington,Jared Jeffries,Nate Robinson,Tim Thomas,Wilson Chandler,4,6:46,NYK,shot,,,,,,,,,,Wilson Chandler,,,,missed,,layup,25,6
Al Jefferson,Craig Smith,Randy Foye,Ryan Gomes,Sebastian Telfair,Al Harrington,Jared Jeffries,Nate Robinson,Tim Thomas,Wilson Chandler,4,6:46,NYK,rebound,,,,,,,,,,,,,,,,,,
Al Jefferson,Craig Smith,Randy Foye,Ryan Gomes,Sebastian Telfair,Al Harrington,Jared Jeffries,Nate Robinson,Tim Thomas,Wilson Chandler,4,6:39,MIN,foul,,,,,,,,Tim Thomas,,Ryan Gomes,,,,,,shooting,,
Al Jefferson,Craig Smith,Randy Foye,Ryan Gomes,Sebastian Telfair,Al Harrington,Jared Jeffries,Nate Robinson,Tim Thomas,Wilson Chandler,4,6:39,NYK,free throw,,,,,,,1,,2,Tim Thomas,,,foul,made,,,,
Al Jefferson,Craig Smith,Randy Foye,Ryan Gomes,Sebastian Telfair,Al Harrington,Jared Jeffries,Nate Robinson,Tim Thomas,Wilson Chandler,4,6:39,NYK,free throw,,,,,,,2,,2,Tim Thomas,,,foul,made,,,,
Al Jefferson,Craig Smith,Randy Foye,Ryan Gomes,Sebastian Telfair,Al Harrington,Jared Jeffries,Nate Robinson,Tim Thomas,Wilson Chandler,4,6:23,NYK,foul,,,,,,,,Sebastian Telfair,,Wilson Chandler,,,,,,shooting,,
Al Jefferson,Craig Smith,Randy Foye,Ryan Gomes,Sebastian Telfair,Al Harrington,Jared Jeffries,Nate Robinson,Tim Thomas,Wilson Chandler,4,6:23,MIN,free throw,,,,,,,1,,2,Sebastian Telfair,,,foul,made,,,,
Al Jefferson,Craig Smith,Randy Foye,Ryan Gomes,Sebastian Telfair,Al Harrington,Jared Jeffries,Nate Robinson,Tim Thomas,Wilson Chandler,4,6:23,MIN,free throw,,,,,,,2,,2,Sebastian Telfair,,,foul,made,,,,
Al Jefferson,Craig Smith,Randy Foye,Ryan Gomes,Sebastian Telfair,Al Harrington,Jared Jeffries,Nate Robinson,Tim Thomas,Wilson Chandler,4,6:11,MIN,foul,,,,,,,,Wilson Chandler,,Sebastian Telfair,,,,,,shooting,,
Al Jefferson,Craig Smith,Randy Foye,Ryan Gomes,Sebastian Telfair,Al Harrington,Jared Jeffries,Nate Robinson,Tim Thomas,Wilson Chandler,4,6:11,NYK,free throw,,,,,,,1,,2,Wilson Chandler,,,foul,made,,,,
Al Jefferson,Craig Smith,Randy Foye,Ryan Gomes,Sebastian Telfair,Al Harrington,Jared Jeffries,Nate Robinson,Tim Thomas,Wilson Chandler,4,6:11,NYK,free throw,,,,,,,2,,2,Wilson Chandler,,,foul,made,,,,
Al Jefferson,Craig Smith,Randy Foye,Ryan Gomes,Sebastian Telfair,Al Harrington,Jared Jeffries,Nate Robinson,Tim Thomas,Wilson Chandler,4,5:58,MIN,turnover,,,,,,,,,,Sebastian Telfair,,,bad pass,,Nate Robinson,,,
Al Jefferson,Craig Smith,Randy Foye,Ryan Gomes,Sebastian Telfair,Al Harrington,Jared Jeffries,Nate Robinson,Tim Thomas,Wilson Chandler,4,5:52,NYK,turnover,,,,,,,,,,Nate Robinson,,,lost ball,,Sebastian Telfair,,,
Al Jefferson,Craig Smith,Randy Foye,Ryan Gomes,Sebastian Telfair,Al Harrington,Jared Jeffries,Nate Robinson,Tim Thomas,Wilson Chandler,4,5:37,MIN,timeout,,,,,,,,,,,,,,,,regular,,
Al Jefferson,Craig Smith,Randy Foye,Ryan Gomes,Sebastian Telfair,Al Harrington,Jared Jeffries,Nate Robinson,Tim Thomas,Wilson Chandler,4,5:29,MIN,shot,,,,,,,,,,Sebastian Telfair,,,,missed,,jump,34,16
Al Jefferson,Craig Smith,Randy Foye,Ryan Gomes,Sebastian Telfair,Al Harrington,Jared Jeffries,Nate Robinson,Tim Thomas,Wilson Chandler,4,5:27,NYK,rebound,,,,,,,,,,Wilson Chandler,,,,,,def,,
Al Jefferson,Craig Smith,Randy Foye,Ryan Gomes,Sebastian Telfair,Al Harrington,Jared Jeffries,Nate Robinson,Tim Thomas,Wilson Chandler,4,5:23,NYK,shot,,,,,,,,,,Nate Robinson,2,,,made,,driving layup,25,6
Al Jefferson,Craig Smith,Randy Foye,Ryan Gomes,Sebastian Telfair,Al Harrington,Jared Jeffries,Nate Robinson,Tim Thomas,Wilson Chandler,4,5:23,MIN,foul,,,,,,,,Nate Robinson,,Ryan Gomes,,,,,,shooting,,
Al Jefferson,Craig Smith,Randy Foye,Ryan Gomes,Sebastian Telfair,Al Harrington,Jared Jeffries,Nate Robinson,Tim Thomas,Wilson Chandler,4,5:23,NYK,free throw,,,,,,,1,,1,Nate Robinson,,,foul,made,,,,
Al Jefferson,Craig Smith,Randy Foye,Ryan Gomes,Sebastian Telfair,Al Harrington,Jared Jeffries,Nate Robinson,Tim Thomas,Wilson Chandler,4,5:05,MIN,shot,,,,,,,,,,Sebastian Telfair,2,,,made,,driving layup,25,6
Al Jefferson,Craig Smith,Randy Foye,Ryan Gomes,Sebastian Telfair,Al Harrington,Jared Jeffries,Nate Robinson,Tim Thomas,Wilson Chandler,4,4:47,NYK,shot,,,,,,,,,,Tim Thomas,,,,missed,,3pt,6,21
Al Jefferson,Craig Smith,Randy Foye,Ryan Gomes,Sebastian Telfair,Al Harrington,Jared Jeffries,Nate Robinson,Tim Thomas,Wilson Chandler,4,4:45,NYK,rebound,,,,,,,,,,,,,,,,,,
Al Jefferson,Craig Smith,Randy Foye,Ryan Gomes,Sebastian Telfair,Al Harrington,Jared Jeffries,Nate Robinson,Tim Thomas,Wilson Chandler,4,4:40,NYK,shot,,,,,,,,,,Nate Robinson,,,,missed,,layup,25,6
Al Jefferson,Craig Smith,Randy Foye,Ryan Gomes,Sebastian Telfair,Al Harrington,Jared Jeffries,Nate Robinson,Tim Thomas,Wilson Chandler,4,4:39,NYK,shot,,,,,,,,,,Jared Jeffries,,,,missed,,tip,25,6
Al Jefferson,Craig Smith,Randy Foye,Ryan Gomes,Sebastian Telfair,Al Harrington,Jared Jeffries,Nate Robinson,Tim Thomas,Wilson Chandler,4,4:39,NYK,rebound,,,,,,,,,,Jared Jeffries,,,,,,off,,
Al Jefferson,Craig Smith,Randy Foye,Ryan Gomes,Sebastian Telfair,Al Harrington,Jared Jeffries,Nate Robinson,Tim Thomas,Wilson Chandler,4,4:37,NYK,shot,,,,,,,,,,Jared Jeffries,,,,missed,,tip,25,6
Al Jefferson,Craig Smith,Randy Foye,Ryan Gomes,Sebastian Telfair,Al Harrington,Jared Jeffries,Nate Robinson,Tim Thomas,Wilson Chandler,4,4:37,NYK,rebound,,,,,,,,,,Jared Jeffries,,,,,,off,,
Al Jefferson,Craig Smith,Randy Foye,Ryan Gomes,Sebastian Telfair,Al Harrington,Jared Jeffries,Nate Robinson,Tim Thomas,Wilson Chandler,4,4:36,NYK,shot,,,,,,,,,,Jared Jeffries,2,,,made,,tip,25,6
Al Jefferson,Craig Smith,Randy Foye,Ryan Gomes,Sebastian Telfair,Al Harrington,Jared Jeffries,Nate Robinson,Tim Thomas,Wilson Chandler,4,4:36,NYK,rebound,,,,,,,,,,Jared Jeffries,,,,,,off,,
Al Jefferson,Craig Smith,Randy Foye,Ryan Gomes,Sebastian Telfair,Al Harrington,Jared Jeffries,Nate Robinson,Tim Thomas,Wilson Chandler,4,4:18,MIN,shot,Sebastian Telfair,,,,,,,,,Ryan Gomes,3,,,made,,3pt,27,32
Al Jefferson,Craig Smith,Randy Foye,Ryan Gomes,Sebastian Telfair,Al Harrington,Jared Jeffries,Nate Robinson,Tim Thomas,Wilson Chandler,4,3:59,NYK,shot,,,,,,,,,,Wilson Chandler,,,,missed,,jump,9,13
Al Jefferson,Craig Smith,Randy Foye,Ryan Gomes,Sebastian Telfair,Al Harrington,Jared Jeffries,Nate Robinson,Tim Thomas,Wilson Chandler,4,3:57,MIN,rebound,,,,,,,,,,,,,,,,,,
Al Jefferson,Craig Smith,Randy Foye,Ryan Gomes,Sebastian Telfair,Al Harrington,Jared Jeffries,Nate Robinson,Tim Thomas,Wilson Chandler,4,3:40,MIN,shot,Sebastian Telfair,,,,,,,,,Craig Smith,2,,,made,,layup,25,6
Al Jefferson,Craig Smith,Randy Foye,Ryan Gomes,Sebastian Telfair,Al Harrington,Jared Jeffries,Nate Robinson,Tim Thomas,Wilson Chandler,4,3:40,NYK,foul,,,,,,,,Craig Smith,,Jared Jeffries,,,,,,shooting,,
Al Jefferson,Craig Smith,Randy Foye,Ryan Gomes,Sebastian Telfair,Al Harrington,Jared Jeffries,Nate Robinson,Tim Thomas,Wilson Chandler,4,3:40,NYK,timeout,,,,,,,,,,,,,,,,regular,,
Al Jefferson,Craig Smith,Randy Foye,Ryan Gomes,Sebastian Telfair,Al Harrington,Jared Jeffries,Nate Robinson,Tim Thomas,Wilson Chandler,4,3:40,MIN,free throw,,,,,,,1,,1,Craig Smith,,,foul,made,,,,
Al Jefferson,Craig Smith,Randy Foye,Ryan Gomes,Sebastian Telfair,Al Harrington,Jared Jeffries,Nate Robinson,Tim Thomas,Wilson Chandler,4,3:27,NYK,shot,,,,,,,,,,Al Harrington,2,,,made,,layup,25,6
Al Jefferson,Craig Smith,Randy Foye,Ryan Gomes,Sebastian Telfair,Al Harrington,Jared Jeffries,Nate Robinson,Tim Thomas,Wilson Chandler,4,3:08,MIN,timeout,,,,,,,,,,,,,,,,short,,
Al Jefferson,Craig Smith,Randy Foye,Ryan Gomes,Sebastian Telfair,Al Harrington,Jared Jeffries,Nate Robinson,Tim Thomas,Wilson Chandler,4,3:01,MIN,shot,,,,,,,,,,Craig Smith,,,,missed,,layup,25,6
Al Jefferson,Craig Smith,Randy Foye,Ryan Gomes,Sebastian Telfair,Al Harrington,Jared Jeffries,Nate Robinson,Tim Thomas,Wilson Chandler,4,3:00,NYK,rebound,,,,,,,,,,Al Harrington,,,,,,def,,
Al Jefferson,Craig Smith,Randy Foye,Ryan Gomes,Sebastian Telfair,Al Harrington,Jared Jeffries,Nate Robinson,Tim Thomas,Wilson Chandler,4,2:52,NYK,shot,Tim Thomas,,,,,,,,,Nate Robinson,2,,,made,,layup,25,6
Al Jefferson,Craig Smith,Randy Foye,Ryan Gomes,Sebastian Telfair,Al Harrington,Jared Jeffries,Nate Robinson,Tim Thomas,Wilson Chandler,4,2:24,MIN,shot,,,,,,,,,,Sebastian Telfair,2,,,made,,driving layup,25,6
Al Jefferson,Craig Smith,Randy Foye,Ryan Gomes,Sebastian Telfair,Al Harrington,Jared Jeffries,Nate Robinson,Tim Thomas,Wilson Chandler,4,2:14,NYK,shot,,,,,,,,,,Nate Robinson,2,,,made,,driving layup,25,6
Al Jefferson,Craig Smith,Randy Foye,Ryan Gomes,Sebastian Telfair,Al Harrington,Jared Jeffries,Nate Robinson,Tim Thomas,Wilson Chandler,4,1:59,NYK,foul,,,,,,,,Al Jefferson,,Tim Thomas,,,,,,shooting,,
Al Jefferson,Craig Smith,Randy Foye,Ryan Gomes,Sebastian Telfair,Al Harrington,Jared Jeffries,Nate Robinson,Tim Thomas,Wilson Chandler,4,1:59,MIN,free throw,,,,,,,1,,2,Al Jefferson,,,foul,missed,,,,
Al Jefferson,Craig Smith,Randy Foye,Ryan Gomes,Sebastian Telfair,Al Harrington,Jared Jeffries,Nate Robinson,Tim Thomas,Wilson Chandler,4,1:59,MIN,rebound,,,,,,,,,,,,,,,,,,
Al Jefferson,Craig Smith,Randy Foye,Ryan Gomes,Sebastian Telfair,Al Harrington,Jared Jeffries,Nate Robinson,Tim Thomas,Wilson Chandler,4,1:59,MIN,free throw,,,,,,,2,,2,Al Jefferson,,,foul,made,,,,
Al Jefferson,Craig Smith,Randy Foye,Ryan Gomes,Sebastian Telfair,Al Harrington,Jared Jeffries,Nate Robinson,Tim Thomas,Wilson Chandler,4,1:50,NYK,turnover,,,,,,,,,,Jared Jeffries,,,lost ball,,Sebastian Telfair,,,
Al Jefferson,Craig Smith,Randy Foye,Ryan Gomes,Sebastian Telfair,Al Harrington,Jared Jeffries,Nate Robinson,Tim Thomas,Wilson Chandler,4,1:48,NYK,foul,,,,,,,,Sebastian Telfair,,Al Harrington,,,,,,personal,,
Al Jefferson,Craig Smith,Randy Foye,Ryan Gomes,Sebastian Telfair,Al Harrington,Jared Jeffries,Nate Robinson,Tim Thomas,Wilson Chandler,4,1:48,MIN,free throw,,,,,,,1,,2,Sebastian Telfair,,,foul,made,,,,
Al Jefferson,Craig Smith,Randy Foye,Ryan Gomes,Sebastian Telfair,Al Harrington,Jared Jeffries,Nate Robinson,Tim Thomas,Wilson Chandler,4,1:48,MIN,free throw,,,,,,,2,,2,Sebastian Telfair,,,foul,made,,,,
Al Jefferson,Craig Smith,Randy Foye,Ryan Gomes,Sebastian Telfair,Al Harrington,Jared Jeffries,Nate Robinson,Tim Thomas,Wilson Chandler,4,1:39,NYK,turnover,,,,,,,,,,Nate Robinson,,,bad pass,,Randy Foye,,,
Al Jefferson,Craig Smith,Randy Foye,Ryan Gomes,Sebastian Telfair,Al Harrington,Jared Jeffries,Nate Robinson,Tim Thomas,Wilson Chandler,4,1:24,MIN,shot,,,,,,,,,,Randy Foye,,,,missed,,3pt,41,26
Al Jefferson,Craig Smith,Randy Foye,Ryan Gomes,Sebastian Telfair,Al Harrington,Jared Jeffries,Nate Robinson,Tim Thomas,Wilson Chandler,4,1:22,MIN,rebound,,,,,,,,,,Ryan Gomes,,,,,,off,,
Al Jefferson,Craig Smith,Randy Foye,Ryan Gomes,Sebastian Telfair,Al Harrington,Jared Jeffries,Nate Robinson,Tim Thomas,Wilson Chandler,4,1:01,MIN,shot,,,,,,,,,,Ryan Gomes,,,,missed,,3pt,6,23
Al Jefferson,Craig Smith,Randy Foye,Ryan Gomes,Sebastian Telfair,Al Harrington,Jared Jeffries,Nate Robinson,Tim Thomas,Wilson Chandler,4,0:58,NYK,rebound,,,,,,,,,,Jared Jeffries,,,,,,def,,
Al Jefferson,Craig Smith,Randy Foye,Ryan Gomes,Sebastian Telfair,Al Harrington,Jared Jeffries,Nate Robinson,Tim Thomas,Wilson Chandler,4,0:50,NYK,shot,,,,,,,,,,Tim Thomas,,,,missed,,3pt,11,27
Al Jefferson,Craig Smith,Randy Foye,Ryan Gomes,Sebastian Telfair,Al Harrington,Jared Jeffries,Nate Robinson,Tim Thomas,Wilson Chandler,4,0:48,NYK,rebound,,,,,,,,,,Nate Robinson,,,,,,off,,
Al Jefferson,Craig Smith,Randy Foye,Ryan Gomes,Sebastian Telfair,Al Harrington,Jared Jeffries,Nate Robinson,Tim Thomas,Wilson Chandler,4,0:48,MIN,foul,,,,,,,,Nate Robinson,,Randy Foye,,,,,,personal,,
Al Jefferson,Craig Smith,Randy Foye,Ryan Gomes,Sebastian Telfair,Al Harrington,Jared Jeffries,Nate Robinson,Tim Thomas,Wilson Chandler,4,0:48,NYK,free throw,,,,,,,1,,2,Nate Robinson,,,foul,made,,,,
Al Jefferson,Craig Smith,Randy Foye,Ryan Gomes,Sebastian Telfair,Al Harrington,Jared Jeffries,Nate Robinson,Tim Thomas,Wilson Chandler,4,0:48,NYK,free throw,,,,,,,2,,2,Nate Robinson,,,foul,made,,,,
Al Jefferson,Craig Smith,Randy Foye,Ryan Gomes,Sebastian Telfair,Al Harrington,Jared Jeffries,Nate Robinson,Tim Thomas,Wilson Chandler,4,0:43,NYK,foul,,,,,,,,Sebastian Telfair,,Tim Thomas,,,,,,personal,,
Al Jefferson,Craig Smith,Randy Foye,Ryan Gomes,Sebastian Telfair,Al Harrington,Jared Jeffries,Nate Robinson,Tim Thomas,Wilson Chandler,4,0:43,MIN,free throw,,,,,,,1,,2,Sebastian Telfair,,,foul,missed,,,,
Al Jefferson,Craig Smith,Randy Foye,Ryan Gomes,Sebastian Telfair,Al Harrington,Jared Jeffries,Nate Robinson,Tim Thomas,Wilson Chandler,4,0:43,MIN,rebound,,,,,,,,,,,,,,,,,,
Al Jefferson,Craig Smith,Randy Foye,Ryan Gomes,Sebastian Telfair,Al Harrington,Jared Jeffries,Nate Robinson,Tim Thomas,Wilson Chandler,4,0:43,MIN,free throw,,,,,,,2,,2,Sebastian Telfair,,,foul,made,,,,
Al Jefferson,Craig Smith,Randy Foye,Ryan Gomes,Sebastian Telfair,Al Harrington,Jared Jeffries,Nate Robinson,Tim Thomas,Wilson Chandler,4,0:35,NYK,shot,,,,,,,,,,Nate Robinson,,,,missed,,3pt,26,31
Al Jefferson,Craig Smith,Randy Foye,Ryan Gomes,Sebastian Telfair,Al Harrington,Jared Jeffries,Nate Robinson,Tim Thomas,Wilson Chandler,4,0:33,NYK,rebound,,,,,,,,,,Nate Robinson,,,,,,off,,
Al Jefferson,Craig Smith,Randy Foye,Ryan Gomes,Sebastian Telfair,Al Harrington,Jared Jeffries,Nate Robinson,Tim Thomas,Wilson Chandler,4,0:30,NYK,shot,,,,,,,,,,Jared Jeffries,,,,missed,,jump,41,7
Al Jefferson,Craig Smith,Randy Foye,Ryan Gomes,Sebastian Telfair,Al Harrington,Jared Jeffries,Nate Robinson,Tim Thomas,Wilson Chandler,4,0:28,MIN,rebound,,,,,,,,,,Al Jefferson,,,,,,def,,
Al Jefferson,Craig Smith,Randy Foye,Ryan Gomes,Sebastian Telfair,Al Harrington,Jared Jeffries,Nate Robinson,Tim Thomas,Wilson Chandler,4,0:09,MIN,shot,,,,,,,,,,Sebastian Telfair,2,,,made,,jump,43,9
