a1,a2,a3,a4,a5,h1,h2,h3,h4,h5,period,time,team,etype,assist,away,block,entered,home,left,num,opponent,outof,player,points,possession,reason,result,steal,type,x,y
Al Thornton,Chris Kaman,Cuttino Mobley,Jason Hart,Tim Thomas,C.J. Miles,Carlos Boozer,Mehmet Okur,Ronnie Brewer,Ronnie Price,1,12:00,OFF,jump ball,,Chris Kaman,,,Mehmet Okur,,,,,,,Ronnie Price,,,,,,
Al Thornton,Chris Kaman,Cuttino Mobley,Jason Hart,Tim Thomas,C.J. Miles,Carlos Boozer,Mehmet Okur,Ronnie Brewer,Ronnie Price,1,11:44,UTA,shot,,,,,,,,,,Ronnie Price,2,,,made,,running layup,25,6
Al Thornton,Chris Kaman,Cuttino Mobley,Jason Hart,Tim Thomas,C.J. Miles,Carlos Boozer,Mehmet Okur,Ronnie Brewer,Ronnie Price,1,11:23,LAC,turnover,,,,,,,,,,Chris Kaman,,,traveling,,,,,
Al Thornton,Chris Kaman,Cuttino Mobley,Jason Hart,Tim Thomas,C.J. Miles,Carlos Boozer,Mehmet Okur,Ronnie Brewer,Ronnie Price,1,11:09,UTA,shot,,,,,,,,,,Carlos Boozer,2,,,made,,driving layup,25,6
Al Thornton,Chris Kaman,Cuttino Mobley,Jason Hart,Tim Thomas,C.J. Miles,Carlos Boozer,Mehmet Okur,Ronnie Brewer,Ronnie Price,1,10:44,LAC,shot,,,,,,,,,,Al Thornton,,,,missed,,layup,25,6
Al Thornton,Chris Kaman,Cuttino Mobley,Jason Hart,Tim Thomas,C.J. Miles,Carlos Boozer,Mehmet Okur,Ronnie Brewer,Ronnie Price,1,10:42,LAC,rebound,,,,,,,,,,Chris Kaman,,,,,,off,,
Al Thornton,Chris Kaman,Cuttino Mobley,Jason Hart,Tim Thomas,C.J. Miles,Carlos Boozer,Mehmet Okur,Ronnie Brewer,Ronnie Price,1,10:31,LAC,shot,,,,,,,,,,Cuttino Mobley,2,,,made,,driving layup,25,6
Al Thornton,Chris Kaman,Cuttino Mobley,Jason Hart,Tim Thomas,C.J. Miles,Carlos Boozer,Mehmet Okur,Ronnie Brewer,Ronnie Price,1,10:31,UTA,foul,,,,,,,,Cuttino Mobley,,C.J. Miles,,,,,,shooting,,
Al Thornton,Chris Kaman,Cuttino Mobley,Jason Hart,Tim Thomas,C.J. Miles,Carlos Boozer,Mehmet Okur,Ronnie Brewer,Ronnie Price,1,10:31,LAC,free throw,,,,,,,1,,1,Cuttino Mobley,,,foul,made,,,,
Al Thornton,Chris Kaman,Cuttino Mobley,Jason Hart,Tim Thomas,C.J. Miles,Carlos Boozer,Mehmet Okur,Ronnie Brewer,Ronnie Price,1,10:20,UTA,shot,,,,,,,,,,Mehmet Okur,,,,missed,,jump,39,23
Al Thornton,Chris Kaman,Cuttino Mobley,Jason Hart,Tim Thomas,C.J. Miles,Carlos Boozer,Mehmet Okur,Ronnie Brewer,Ronnie Price,1,10:19,LAC,rebound,,,,,,,,,,Jason Hart,,,,,,def,,
Al Thornton,Chris Kaman,Cuttino Mobley,Jason Hart,Tim Thomas,C.J. Miles,Carlos Boozer,Mehmet Okur,Ronnie Brewer,Ronnie Price,1,10:08,LAC,shot,,,,,,,,,,Tim Thomas,2,,,made,,jump,30,18
Al Thornton,Chris Kaman,Cuttino Mobley,Jason Hart,Tim Thomas,C.J. Miles,Carlos Boozer,Mehmet Okur,Ronnie Brewer,Ronnie Price,1,9:54,UTA,shot,,,,,,,,,,Ronnie Price,,,,missed,,jump,17,25
Al Thornton,Chris Kaman,Cuttino Mobley,Jason Hart,Tim Thomas,C.J. Miles,Carlos Boozer,Mehmet Okur,Ronnie Brewer,Ronnie Price,1,9:52,LAC,rebound,,,,,,,,,,Chris Kaman,,,,,,def,,
Al Thornton,Chris Kaman,Cuttino Mobley,Jason Hart,Tim Thomas,C.J. Miles,Carlos Boozer,Mehmet Okur,Ronnie Brewer,Ronnie Price,1,9:38,LAC,turnover,,,,,,,,,,Chris Kaman,,,lost ball,,Ronnie Price,,,
Al Thornton,Chris Kaman,Cuttino Mobley,Jason Hart,Tim Thomas,C.J. Miles,Carlos Boozer,Mehmet Okur,Ronnie Brewer,Ronnie Price,1,9:34,UTA,shot,Ronnie Price,,,,,,,,,C.J. Miles,2,,,made,,layup,25,6
Al Thornton,Chris Kaman,Cuttino Mobley,Jason Hart,Tim Thomas,C.J. Miles,Carlos Boozer,Mehmet Okur,Ronnie Brewer,Ronnie Price,1,9:13,LAC,shot,,,,,,,,,,Tim Thomas,2,,,made,,jump,43,15
Al Thornton,Chris Kaman,Cuttino Mobley,Jason Hart,Tim Thomas,C.J. Miles,Carlos Boozer,Mehmet Okur,Ronnie Brewer,Ronnie Price,1,8:55,UTA,shot,C.J. Miles,,,,,,,,,Carlos Boozer,2,,,made,,jump,32,11
Al Thornton,Chris Kaman,Cuttino Mobley,Jason Hart,Tim Thomas,C.J. Miles,Carlos Boozer,Mehmet Okur,Ronnie Brewer,Ronnie Price,1,8:30,LAC,shot,,,,,,,,,,Jason Hart,,,,missed,,jump,14,24
Al Thornton,Chris Kaman,Cuttino Mobley,Jason Hart,Tim Thomas,C.J. Miles,Carlos Boozer,Mehmet Okur,Ronnie Brewer,Ronnie Price,1,8:29,LAC,rebound,,,,,,,,,,Chris Kaman,,,,,,off,,
Al Thornton,Chris Kaman,Cuttino Mobley,Jason Hart,Tim Thomas,C.J. Miles,Carlos Boozer,Mehmet Okur,Ronnie Brewer,Ronnie Price,1,8:25,LAC,shot,,,,,,,,,,Chris Kaman,2,,,made,,jump,26,15
Al Thornton,Chris Kaman,Cuttino Mobley,Jason Hart,Tim Thomas,C.J. Miles,Carlos Boozer,Mehmet Okur,Ronnie Brewer,Ronnie Price,1,8:00,UTA,shot,,,,,,,,,,C.J. Miles,,,,missed,,3pt,12,29
Al Thornton,Chris Kaman,Cuttino Mobley,Jason Hart,Tim Thomas,C.J. Miles,Carlos Boozer,Mehmet Okur,Ronnie Brewer,Ronnie Price,1,7:59,LAC,rebound,,,,,,,,,,Chris Kaman,,,,,,def,,
Al Thornton,Chris Kaman,Cuttino Mobley,Jason Hart,Tim Thomas,C.J. Miles,Carlos Boozer,Mehmet Okur,Ronnie Brewer,Ronnie Price,1,7:50,LAC,shot,Jason Hart,,,,,,,,,Cuttino Mobley,2,,,made,,driving layup,25,6
Al Thornton,Chris Kaman,Cuttino Mobley,Jason Hart,Tim Thomas,C.J. Miles,Carlos Boozer,Mehmet Okur,Ronnie Brewer,Ronnie Price,1,7:30,UTA,shot,Carlos Boozer,,,,,,,,,Ronnie Price,2,,,made,,layup,25,6
Al Thornton,Chris Kaman,Cuttino Mobley,Jason Hart,Tim Thomas,C.J. Miles,Carlos Boozer,Mehmet Okur,Ronnie Brewer,Ronnie Price,1,7:13,UTA,foul,,,,,,,,Tim Thomas,,Carlos Boozer,,,,,,shooting,,
Al Thornton,Chris Kaman,Cuttino Mobley,Jason Hart,Tim Thomas,C.J. Miles,Carlos Boozer,Mehmet Okur,Ronnie Brewer,Ronnie Price,1,7:13,LAC,free throw,,,,,,,1,,2,Tim Thomas,,,foul,made,,,,
Al Thornton,Chris Kaman,Cuttino Mobley,Jason Hart,Tim Thomas,C.J. Miles,Carlos Boozer,Mehmet Okur,Ronnie Brewer,Ronnie Price,1,7:13,LAC,free throw,,,,,,,2,,2,Tim Thomas,,,foul,made,,,,
Al Thornton,Chris Kaman,Cuttino Mobley,Jason Hart,Tim Thomas,C.J. Miles,Carlos Boozer,Mehmet Okur,Ronnie Brewer,Ronnie Price,1,6:57,UTA,shot,Carlos Boozer,,,,,,,,,Ronnie Brewer,2,,,made,,dunk,25,6
Al Thornton,Chris Kaman,Cuttino Mobley,Jason Hart,Tim Thomas,C.J. Miles,Carlos Boozer,Mehmet Okur,Ronnie Brewer,Ronnie Price,1,6:43,LAC,shot,,,,,,,,,,Cuttino Mobley,2,,,made,,driving layup,25,6
Al Thornton,Chris Kaman,Cuttino Mobley,Jason Hart,Tim Thomas,C.J. Miles,Carlos Boozer,Mehmet Okur,Ronnie Brewer,Ronnie Price,1,6:31,UTA,shot,,,,,,,,,,Carlos Boozer,,,,missed,,jump,19,18
Al Thornton,Chris Kaman,Cuttino Mobley,Jason Hart,Tim Thomas,C.J. Miles,Carlos Boozer,Mehmet Okur,Ronnie Brewer,Ronnie Price,1,6:29,LAC,rebound,,,,,,,,,,Tim Thomas,,,,,,def,,
Al Thornton,Chris Kaman,Cuttino Mobley,Jason Hart,Tim Thomas,C.J. Miles,Carlos Boozer,Mehmet Okur,Ronnie Brewer,Ronnie Price,1,6:20,LAC,shot,,,,,,,,,,Chris Kaman,,,,missed,,jump hook,16,7
Al Thornton,Chris Kaman,Cuttino Mobley,Jason Hart,Tim Thomas,C.J. Miles,Carlos Boozer,Mehmet Okur,Ronnie Brewer,Ronnie Price,1,6:18,UTA,rebound,,,,,,,,,,Mehmet Okur,,,,,,def,,
Al Thornton,Chris Kaman,Cuttino Mobley,Jason Hart,Tim Thomas,C.J. Miles,Carlos Boozer,Mehmet Okur,Ronnie Brewer,Ronnie Price,1,6:15,LAC,foul,,,,,,,,,,Chris Kaman,,,,,,technical,,
Al Thornton,Chris Kaman,Cuttino Mobley,Jason Hart,Tim Thomas,C.J. Miles,Carlos Boozer,Mehmet Okur,Ronnie Brewer,Ronnie Price,1,6:15,UTA,free throw,,,,,,,1,,1,Mehmet Okur,,,technical,made,,,,
Al Thornton,Chris Kaman,Cuttino Mobley,Jason Hart,Tim Thomas,C.J. Miles,Carlos Boozer,Mehmet Okur,Ronnie Brewer,Ronnie Price,1,6:15,LAC,foul,,,,,,,,Carlos Boozer,,Cuttino Mobley,,,,,,personal,,
Al Thornton,Chris Kaman,Cuttino Mobley,Jason Hart,Tim Thomas,Andrei Kirilenko,Carlos Boozer,Mehmet Okur,Ronnie Brewer,Ronnie Price,1,6:15,UTA,sub,,,,Andrei Kirilenko,,C.J. Miles,,,,,,,,,,,,
Al Thornton,Brian Skinner,Cuttino Mobley,Jason Hart,Tim Thomas,Andrei Kirilenko,Carlos Boozer,Mehmet Okur,Ronnie Brewer,Ronnie Price,1,6:15,LAC,sub,,,,Brian Skinner,,Chris Kaman,,,,,,,,,,,,
Al Thornton,Brian Skinner,Cuttino Mobley,Jason Hart,Tim Thomas,Andrei Kirilenko,Carlos Boozer,Mehmet Okur,Ronnie Brewer,Ronnie Price,1,6:07,UTA,shot,,,,,,,,,,Ronnie Brewer,,,,missed,,jump,38,21
Al Thornton,Brian Skinner,Cuttino Mobley,Jason Hart,Tim Thomas,Andrei Kirilenko,Carlos Boozer,Mehmet Okur,Ronnie Brewer,Ronnie Price,1,6:06,LAC,rebound,,,,,,,,,,Tim Thomas,,,,,,def,,
Al Thornton,Brian Skinner,Cuttino Mobley,Jason Hart,Tim Thomas,Andrei Kirilenko,Carlos Boozer,Mehmet Okur,Ronnie Brewer,Ronnie Price,1,5:52,LAC,shot,,,,,,,,,,Al Thornton,,,,missed,,turnaround jump,17,10
Al Thornton,Brian Skinner,Cuttino Mobley,Jason Hart,Tim Thomas,Andrei Kirilenko,Carlos Boozer,Mehmet Okur,Ronnie Brewer,Ronnie Price,1,5:51,UTA,rebound,,,,,,,,,,Mehmet Okur,,,,,,def,,
Al Thornton,Brian Skinner,Cuttino Mobley,Jason Hart,Tim Thomas,Andrei Kirilenko,Carlos Boozer,Mehmet Okur,Ronnie Brewer,Ronnie Price,1,5:37,UTA,shot,,,,,,,,,,Carlos Boozer,2,,,made,,jump,8,10
Al Thornton,Brian Skinner,Cuttino Mobley,Jason Hart,Tim Thomas,Andrei Kirilenko,Carlos Boozer,Mehmet Okur,Ronnie Brewer,Ronnie Price,1,5:23,LAC,shot,,,,,,,,,,Cuttino Mobley,2,,,made,,driving layup,25,6
Al Thornton,Brian Skinner,Cuttino Mobley,Jason Hart,Tim Thomas,Andrei Kirilenko,Carlos Boozer,Mehmet Okur,Ronnie Brewer,Ronnie Price,1,5:16,LAC,foul,,,,,,,,Ronnie Price,,Jason Hart,,,,,,shooting,,
Al Thornton,Brian Skinner,Cuttino Mobley,Jason Hart,Tim Thomas,Andrei Kirilenko,Carlos Boozer,Mehmet Okur,Ronnie Brewer,Ronnie Price,1,5:16,UTA,timeout,,,,,,,,,,,,,,,,regular,,
Al Thornton,Brian Skinner,Cuttino Mobley,Jason Hart,Tim Thomas,Andrei Kirilenko,Carlos Boozer,Mehmet Okur,Ronnie Brewer,Ronnie Price,1,5:16,UTA,free throw,,,,,,,1,,2,Ronnie Price,,,foul,made,,,,
Al Thornton,Brian Skinner,Cuttino Mobley,Jason Hart,Tim Thomas,Andrei Kirilenko,Carlos Boozer,Mehmet Okur,Ronnie Brewer,Ronnie Price,1,5:16,UTA,free throw,,,,,,,2,,2,Ronnie Price,,,foul,made,,,,
Al Thornton,Brian Skinner,Cuttino Mobley,Jason Hart,Tim Thomas,Andrei Kirilenko,Carlos Boozer,Mehmet Okur,Ronnie Brewer,Ronnie Price,1,5:03,LAC,shot,,,,,,,,,,Tim Thomas,2,,,made,,jump,25,14
Al Thornton,Brian Skinner,Cuttino Mobley,Jason Hart,Tim Thomas,Andrei Kirilenko,Carlos Boozer,Mehmet Okur,Ronnie Brewer,Ronnie Price,1,4:48,UTA,shot,,,,,,,,,,Carlos Boozer,2,,,made,,driving layup,25,6
Al Thornton,Brian Skinner,Cuttino Mobley,Jason Hart,Tim Thomas,Andrei Kirilenko,Carlos Boozer,Mehmet Okur,Ronnie Brewer,Ronnie Price,1,4:30,LAC,turnover,,,,,,,,,,Tim Thomas,,,bad pass,,Ronnie Brewer,,,
Al Thornton,Brian Skinner,Cuttino Mobley,Jason Hart,Tim Thomas,Andrei Kirilenko,Carlos Boozer,Mehmet Okur,Ronnie Brewer,Ronnie Price,1,4:17,UTA,shot,,,,,,,,,,Mehmet Okur,,,,missed,,3pt,38,27
Al Thornton,Brian Skinner,Cuttino Mobley,Jason Hart,Tim Thomas,Andrei Kirilenko,Carlos Boozer,Mehmet Okur,Ronnie Brewer,Ronnie Price,1,4:16,LAC,rebound,,,,,,,,,,Al Thornton,,,,,,def,,
Al Thornton,Brian Skinner,Cuttino Mobley,Jason Hart,Tim Thomas,Andrei Kirilenko,Carlos Boozer,Mehmet Okur,Ronnie Brewer,Ronnie Price,1,4:01,UTA,foul,,,,,,,,Al Thornton,,Andrei Kirilenko,,,,,,personal,,
Al Thornton,Brian Skinner,Cuttino Mobley,Jason Hart,Tim Thomas,Andrei Kirilenko,Carlos Boozer,Paul Millsap,Ronnie Brewer,Ronnie Price,1,4:01,UTA,sub,,,,Paul Millsap,,Mehmet Okur,,,,,,,,,,,,
Al Thornton,Brian Skinner,Cuttino Mobley,Mike Taylor,Tim Thomas,Andrei Kirilenko,Carlos Boozer,Paul Millsap,Ronnie Brewer,Ronnie Price,1,4:01,LAC,sub,,,,Mike Taylor,,Jason Hart,,,,,,,,,,,,
Al Thornton,Brian Skinner,Cuttino Mobley,Mike Taylor,Tim Thomas,Andrei Kirilenko,Carlos Boozer,Paul Millsap,Ronnie Brewer,Ronnie Price,1,3:50,LAC,shot,,,,,,,,,,Cuttino Mobley,2,,,made,,fade away bank,30,18
Al Thornton,Brian Skinner,Cuttino Mobley,Mike Taylor,Tim Thomas,Andrei Kirilenko,Carlos Boozer,Paul Millsap,Ronnie Brewer,Ronnie Price,1,3:29,UTA,shot,,,,,,,,,,Ronnie Brewer,2,,,made,,layup,25,6
Al Thornton,Brian Skinner,Cuttino Mobley,Mike Taylor,Tim Thomas,Andrei Kirilenko,Carlos Boozer,Paul Millsap,Ronnie Brewer,Ronnie Price,1,3:15,UTA,foul,,,,,,,,Cuttino Mobley,,Ronnie Brewer,,,,,,personal,,
Al Thornton,Brian Skinner,Cuttino Mobley,Mike Taylor,Tim Thomas,Andrei Kirilenko,Carlos Boozer,Paul Millsap,Ronnie Brewer,Ronnie Price,1,3:03,UTA,foul,,,,,,,,Tim Thomas,,Paul Millsap,,,,,,shooting,,
Al Thornton,Brian Skinner,Cuttino Mobley,Mike Taylor,Tim Thomas,Andrei Kirilenko,Carlos Boozer,Paul Millsap,Ronnie Brewer,Ronnie Price,1,3:03,LAC,free throw,,,,,,,1,,2,Tim Thomas,,,foul,made,,,,
Al Thornton,Brian Skinner,Cuttino Mobley,Mike Taylor,Tim Thomas,Andrei Kirilenko,Carlos Boozer,Paul Millsap,Ronnie Brewer,Ronnie Price,1,3:03,LAC,free throw,,,,,,,2,,2,Tim Thomas,,,foul,made,,,,
Al Thornton,Brian Skinner,Cuttino Mobley,Mike Taylor,Tim Thomas,Andrei Kirilenko,Carlos Boozer,Paul Millsap,Ronnie Brewer,Ronnie Price,1,2:40,UTA,shot,,,,,,,,,,Ronnie Price,,,,missed,,driving layup,25,6
Al Thornton,Brian Skinner,Cuttino Mobley,Mike Taylor,Tim Thomas,Andrei Kirilenko,Carlos Boozer,Paul Millsap,Ronnie Brewer,Ronnie Price,1,2:39,UTA,shot,,,,,,,,,,Andrei Kirilenko,,,,missed,,tip,25,6
Al Thornton,Brian Skinner,Cuttino Mobley,Mike Taylor,Tim Thomas,Andrei Kirilenko,Carlos Boozer,Paul Millsap,Ronnie Brewer,Ronnie Price,1,2:39,UTA,rebound,,,,,,,,,,Andrei Kirilenko,,,,,,off,,
Al Thornton,Brian Skinner,Cuttino Mobley,Mike Taylor,Tim Thomas,Andrei Kirilenko,Carlos Boozer,Paul Millsap,Ronnie Brewer,Ronnie Price,1,2:36,LAC,rebound,,,,,,,,,,Mike Taylor,,,,,,def,,
Al Thornton,Brian Skinner,Cuttino Mobley,Mike Taylor,Tim Thomas,Andrei Kirilenko,Carlos Boozer,Paul Millsap,Ronnie Brewer,Ronnie Price,1,2:33,LAC,shot,,,,,,,,,,Mike Taylor,2,,,made,,driving layup,25,6
Al Thornton,Brian Skinner,Cuttino Mobley,Mike Taylor,Tim Thomas,Andrei Kirilenko,Carlos Boozer,Paul Millsap,Ronnie Brewer,Ronnie Price,1,2:14,LAC,foul,,,,,,,,Andrei Kirilenko,,Al Thornton,,,,,,shooting,,
Al Thornton,Brian Skinner,Cuttino Mobley,Mike Taylor,Tim Thomas,Andrei Kirilenko,Carlos Boozer,Paul Millsap,Ronnie Brewer,Ronnie Price,1,2:14,LAC,timeout,,,,,,,,,,,,,,,,regular,,
Al Thornton,Brian Skinner,Cuttino Mobley,Mike Taylor,Tim Thomas,Andrei Kirilenko,Carlos Boozer,Paul Millsap,Ronnie Brewer,Ronnie Price,1,2:14,UTA,free throw,,,,,,,1,,2,Andrei Kirilenko,,,foul,made,,,,
Al Thornton,Brian Skinner,Cuttino Mobley,Mike Taylor,Tim Thomas,Andrei Kirilenko,Carlos Boozer,Paul Millsap,Ronnie Brewer,Ronnie Price,1,2:14,UTA,free throw,,,,,,,2,,2,Andrei Kirilenko,,,foul,missed,,,,
Al Thornton,Brian Skinner,Cuttino Mobley,Mike Taylor,Tim Thomas,Andrei Kirilenko,Carlos Boozer,Paul Millsap,Ronnie Brewer,Ronnie Price,1,2:12,LAC,rebound,,,,,,,,,,Mike Taylor,,,,,,def,,
Al Thornton,Brian Skinner,Cuttino Mobley,Mike Taylor,Tim Thomas,Andrei Kirilenko,Carlos Boozer,Paul Millsap,Ronnie Brewer,Ronnie Price,1,1:56,LAC,shot,,,,,,,,,,Tim Thomas,,,,missed,,jump,32,16
Al Thornton,Brian Skinner,Cuttino Mobley,Mike Taylor,Tim Thomas,Andrei Kirilenko,Carlos Boozer,Paul Millsap,Ronnie Brewer,Ronnie Price,1,1:55,UTA,rebound,,,,,,,,,,Andrei Kirilenko,,,,,,def,,
Al Thornton,Brian Skinner,Cuttino Mobley,Mike Taylor,Tim Thomas,Andrei Kirilenko,Carlos Boozer,Paul Millsap,Ronnie Brewer,Ronnie Price,1,1:43,UTA,shot,,,,,,,,,,Paul Millsap,,,,missed,,fade away jumper,19,16
Al Thornton,Brian Skinner,Cuttino Mobley,Mike Taylor,Tim Thomas,Andrei Kirilenko,Carlos Boozer,Paul Millsap,Ronnie Brewer,Ronnie Price,1,1:42,UTA,rebound,,,,,,,,,,Andrei Kirilenko,,,,,,off,,
Al Thornton,Brian Skinner,Cuttino Mobley,Mike Taylor,Tim Thomas,Andrei Kirilenko,Carlos Boozer,Paul Millsap,Ronnie Brewer,Ronnie Price,1,1:30,UTA,shot,,,,,,,,,,Ronnie Brewer,,,,missed,,jump,37,21
Al Thornton,Brian Skinner,Cuttino Mobley,Mike Taylor,Tim Thomas,Andrei Kirilenko,Carlos Boozer,Paul Millsap,Ronnie Brewer,Ronnie Price,1,1:29,LAC,rebound,,,,,,,,,,Tim Thomas,,,,,,def,,
Al Thornton,Brian Skinner,Cuttino Mobley,Mike Taylor,Tim Thomas,Andrei Kirilenko,Carlos Boozer,Paul Millsap,Ronnie Brewer,Ronnie Price,1,1:19,LAC,shot,,,,,,,,,,Cuttino Mobley,,,,missed,,jump,13,19
Al Thornton,Brian Skinner,Cuttino Mobley,Mike Taylor,Tim Thomas,Andrei Kirilenko,Carlos Boozer,Paul Millsap,Ronnie Brewer,Ronnie Price,1,1:17,UTA,rebound,,,,,,,,,,Andrei Kirilenko,,,,,,def,,
Al Thornton,Brian Skinner,Cuttino Mobley,Mike Taylor,Tim Thomas,Andrei Kirilenko,Carlos Boozer,Paul Millsap,Ronnie Brewer,Ronnie Price,1,1:03,UTA,shot,,,,,,,,,,Carlos Boozer,2,,,made,,turnaround jump,33,6
Al Thornton,Brian Skinner,Cuttino Mobley,Mike Taylor,Tim Thomas,Andrei Kirilenko,Carlos Boozer,Paul Millsap,Ronnie Brewer,Ronnie Price,1,0:39,LAC,shot,,,Andrei Kirilenko,,,,,,,Cuttino Mobley,,,,missed,,layup,25,6
Al Thornton,Brian Skinner,Cuttino Mobley,Mike Taylor,Tim Thomas,Andrei Kirilenko,Carlos Boozer,Paul Millsap,Ronnie Brewer,Ronnie Price,1,0:38,UTA,rebound,,,,,,,,,,Andrei Kirilenko,,,,,,def,,
Al Thornton,Brian Skinner,Mike Taylor,Ricky Davis,Tim Thomas,Andrei Kirilenko,Carlos Boozer,Paul Millsap,Ronnie Brewer,Ronnie Price,1,0:33,LAC,sub,,,,Ricky Davis,,Cuttino Mobley,,,,,,,,,,,,
Al Thornton,Brian Skinner,Chris Kaman,Mike Taylor,Ricky Davis,Andrei Kirilenko,Carlos Boozer,Paul Millsap,Ronnie Brewer,Ronnie Price,1,0:33,LAC,sub,,,,Chris Kaman,,Tim Thomas,,,,,,,,,,,,
Al Thornton,Brian Skinner,Chris Kaman,Mike Taylor,Ricky Davis,Andrei Kirilenko,Carlos Boozer,Paul Millsap,Ronnie Brewer,Ronnie Price,1,0:20,UTA,shot,,,,,,,,,,Ronnie Price,,,,missed,,3pt,39,27
Al Thornton,Brian Skinner,Chris Kaman,Mike Taylor,Ricky Davis,Andrei Kirilenko,Carlos Boozer,Paul Millsap,Ronnie Brewer,Ronnie Price,1,0:18,LAC,rebound,,,,,,,,,,Chris Kaman,,,,,,def,,
Al Thornton,Brian Skinner,Chris Kaman,Mike Taylor,Ricky Davis,Andrei Kirilenko,Carlos Boozer,Paul Millsap,Ronnie Brewer,Ronnie Price,1,0:00,LAC,shot,,,,,,,,,,Ricky Davis,,,,missed,,3pt,6,21
Al Thornton,Brian Skinner,Chris Kaman,Mike Taylor,Ricky Davis,Andrei Kirilenko,Carlos Boozer,Paul Millsap,Ronnie Brewer,Ronnie Price,1,0:00,LAC,rebound,,,,,,,,,,,,,,,,,,
Brian Skinner,Chris Kaman,Mike Taylor,Ricky Davis,Steve Novak,Andrei Kirilenko,Brevin Knight,Carlos Boozer,Kyle Korver,Paul Millsap,2,11:39,LAC,shot,Steve Novak,,,,,,,,,Brian Skinner,2,,,made,,jump,13,4
Brian Skinner,Chris Kaman,Mike Taylor,Ricky Davis,Steve Novak,Andrei Kirilenko,Brevin Knight,Carlos Boozer,Kyle Korver,Paul Millsap,2,11:24,UTA,shot,,,,,,,,,,Andrei Kirilenko,,,,missed,,layup,25,6
Brian Skinner,Chris Kaman,Mike Taylor,Ricky Davis,Steve Novak,Andrei Kirilenko,Brevin Knight,Carlos Boozer,Kyle Korver,Paul Millsap,2,11:21,LAC,rebound,,,,,,,,,,Steve Novak,,,,,,def,,
Brian Skinner,Chris Kaman,Mike Taylor,Ricky Davis,Steve Novak,Andrei Kirilenko,Brevin Knight,Carlos Boozer,Kyle Korver,Paul Millsap,2,11:16,UTA,foul,,,,,,,,Chris Kaman,,Paul Millsap,,,,,,shooting,,
Brian Skinner,Chris Kaman,Mike Taylor,Ricky Davis,Steve Novak,Andrei Kirilenko,Brevin Knight,Kyle Korver,Mehmet Okur,Paul Millsap,2,11:16,UTA,sub,,,,Mehmet Okur,,Carlos Boozer,,,,,,,,,,,,
Brian Skinner,Chris Kaman,Mike Taylor,Ricky Davis,Steve Novak,Andrei Kirilenko,Brevin Knight,Kyle Korver,Mehmet Okur,Paul Millsap,2,11:16,LAC,free throw,,,,,,,1,,2,Chris Kaman,,,foul,made,,,,
Brian Skinner,Chris Kaman,Mike Taylor,Ricky Davis,Steve Novak,Andrei Kirilenko,Brevin Knight,Kyle Korver,Mehmet Okur,Paul Millsap,2,11:16,LAC,free throw,,,,,,,2,,2,Chris Kaman,,,foul,made,,,,
Brian Skinner,Chris Kaman,Mike Taylor,Ricky Davis,Steve Novak,Andrei Kirilenko,Brevin Knight,Kyle Korver,Mehmet Okur,Paul Millsap,2,10:59,UTA,shot,Andrei Kirilenko,,,,,,,,,Paul Millsap,2,,,made,,reverse layup,25,6
Brian Skinner,Chris Kaman,Mike Taylor,Ricky Davis,Steve Novak,Andrei Kirilenko,Brevin Knight,Kyle Korver,Mehmet Okur,Paul Millsap,2,10:43,LAC,foul,,,,,,,,Andrei Kirilenko,,Chris Kaman,,,,,,offensive,,
Brian Skinner,Chris Kaman,Mike Taylor,Ricky Davis,Steve Novak,Andrei Kirilenko,Brevin Knight,Kyle Korver,Mehmet Okur,Paul Millsap,2,10:43,LAC,turnover,,,,,,,,,,Chris Kaman,,,foul,,,,,
Brian Skinner,Chris Kaman,Mike Taylor,Ricky Davis,Steve Novak,Andrei Kirilenko,Brevin Knight,Kyle Korver,Mehmet Okur,Paul Millsap,2,10:18,UTA,shot,,,,,,,,,,Mehmet Okur,,,,missed,,jump,20,13
Brian Skinner,Chris Kaman,Mike Taylor,Ricky Davis,Steve Novak,Andrei Kirilenko,Brevin Knight,Kyle Korver,Mehmet Okur,Paul Millsap,2,10:16,LAC,rebound,,,,,,,,,,Chris Kaman,,,,,,def,,
Brian Skinner,Chris Kaman,Mike Taylor,Ricky Davis,Steve Novak,Andrei Kirilenko,Brevin Knight,Kyle Korver,Mehmet Okur,Paul Millsap,2,10:13,LAC,turnover,,,,,,,,,,Mike Taylor,,,lost ball,,Brevin Knight,,,
Brian Skinner,Chris Kaman,Mike Taylor,Ricky Davis,Steve Novak,Andrei Kirilenko,Brevin Knight,Kyle Korver,Mehmet Okur,Paul Millsap,2,10:10,LAC,foul,,,,,,,,Brevin Knight,,Ricky Davis,,,,,,personal,,
Brian Skinner,Chris Kaman,Mike Taylor,Ricky Davis,Steve Novak,Andrei Kirilenko,Brevin Knight,Kyle Korver,Mehmet Okur,Paul Millsap,2,10:02,UTA,shot,,,Brian Skinner,,,,,,,Paul Millsap,,,,missed,,layup,25,6
Brian Skinner,Chris Kaman,Mike Taylor,Ricky Davis,Steve Novak,Andrei Kirilenko,Brevin Knight,Kyle Korver,Mehmet Okur,Paul Millsap,2,9:59,LAC,rebound,,,,,,,,,,Brian Skinner,,,,,,def,,
Brian Skinner,Chris Kaman,Mike Taylor,Ricky Davis,Steve Novak,Andrei Kirilenko,Brevin Knight,Kyle Korver,Mehmet Okur,Paul Millsap,2,9:53,UTA,foul,,,,,,,,Chris Kaman,,Brevin Knight,,,,,,shooting,,
Brian Skinner,Chris Kaman,Mike Taylor,Ricky Davis,Steve Novak,Andrei Kirilenko,Brevin Knight,Kyle Korver,Mehmet Okur,Paul Millsap,2,9:53,LAC,free throw,,,,,,,1,,2,Chris Kaman,,,foul,made,,,,
Brian Skinner,Chris Kaman,Mike Taylor,Ricky Davis,Steve Novak,Andrei Kirilenko,Brevin Knight,Kyle Korver,Mehmet Okur,Paul Millsap,2,9:53,LAC,free throw,,,,,,,2,,2,Chris Kaman,,,foul,missed,,,,
Brian Skinner,Chris Kaman,Mike Taylor,Ricky Davis,Steve Novak,Andrei Kirilenko,Brevin Knight,Kyle Korver,Mehmet Okur,Paul Millsap,2,9:50,UTA,rebound,,,,,,,,,,,,,,,,,,
Brian Skinner,Chris Kaman,Mike Taylor,Ricky Davis,Steve Novak,Andrei Kirilenko,Brevin Knight,Kyle Korver,Mehmet Okur,Paul Millsap,2,9:36,UTA,shot,,,,,,,,,,Andrei Kirilenko,,,,missed,,jump,15,22
Brian Skinner,Chris Kaman,Mike Taylor,Ricky Davis,Steve Novak,Andrei Kirilenko,Brevin Knight,Kyle Korver,Mehmet Okur,Paul Millsap,2,9:35,UTA,rebound,,,,,,,,,,Mehmet Okur,,,,,,off,,
Brian Skinner,Chris Kaman,Mike Taylor,Ricky Davis,Steve Novak,Andrei Kirilenko,Brevin Knight,Kyle Korver,Mehmet Okur,Paul Millsap,2,9:30,UTA,turnover,,,,,,,,,,Mehmet Okur,,,lost ball,,Brian Skinner,,,
Brian Skinner,Chris Kaman,Mike Taylor,Ricky Davis,Steve Novak,Andrei Kirilenko,Brevin Knight,Kyle Korver,Mehmet Okur,Paul Millsap,2,9:26,LAC,shot,Ricky Davis,,,,,,,,,Mike Taylor,2,,,made,,driving layup,25,6
Brian Skinner,Chris Kaman,Mike Taylor,Ricky Davis,Steve Novak,Andrei Kirilenko,Brevin Knight,Kyle Korver,Mehmet Okur,Paul Millsap,2,9:09,UTA,shot,Paul Millsap,,,,,,,,,Brevin Knight,2,,,made,,jump,32,22
Brian Skinner,Chris Kaman,Mike Taylor,Ricky Davis,Steve Novak,Andrei Kirilenko,Brevin Knight,Kyle Korver,Mehmet Okur,Paul Millsap,2,8:51,LAC,shot,,,,,,,,,,Chris Kaman,2,,,made,,layup,25,6
Brian Skinner,Chris Kaman,Mike Taylor,Ricky Davis,Steve Novak,Andrei Kirilenko,Brevin Knight,Kyle Korver,Mehmet Okur,Paul Millsap,2,8:25,UTA,shot,,,,,,,,,,Andrei Kirilenko,2,,,made,,jump,45,14
Brian Skinner,Chris Kaman,Mike Taylor,Ricky Davis,Steve Novak,Andrei Kirilenko,Brevin Knight,Kyle Korver,Mehmet Okur,Paul Millsap,2,8:19,UTA,violation,,,,,,,,,,Brevin Knight,,,,,,kicked ball,,
Brian Skinner,Chris Kaman,Mike Taylor,Ricky Davis,Steve Novak,Andrei Kirilenko,Brevin Knight,Kyle Korver,Mehmet Okur,Paul Millsap,2,8:19,OFF,timeout,,,,,,,,,,,,,,,,official,,
Brian Skinner,Chris Kaman,Mike Taylor,Ricky Davis,Steve Novak,Andrei Kirilenko,Brevin Knight,Kyle Korver,Mehmet Okur,Paul Millsap,2,8:07,LAC,shot,,,,,,,,,,Ricky Davis,,,,missed,,jump,44,19
Brian Skinner,Chris Kaman,Mike Taylor,Ricky Davis,Steve Novak,Andrei Kirilenko,Brevin Knight,Kyle Korver,Mehmet Okur,Paul Millsap,2,8:05,UTA,rebound,,,,,,,,,,Paul Millsap,,,,,,def,,
Brian Skinner,Chris Kaman,Mike Taylor,Ricky Davis,Steve Novak,Andrei Kirilenko,Brevin Knight,Kyle Korver,Mehmet Okur,Paul Millsap,2,7:59,UTA,shot,,,Brian Skinner,,,,,,,Brevin Knight,,,,missed,,layup,25,6
Brian Skinner,Chris Kaman,Mike Taylor,Ricky Davis,Steve Novak,Andrei Kirilenko,Brevin Knight,Kyle Korver,Mehmet Okur,Paul Millsap,2,7:57,UTA,rebound,,,,,,,,,,Paul Millsap,,,,,,off,,
Brian Skinner,Chris Kaman,Mike Taylor,Ricky Davis,Steve Novak,Andrei Kirilenko,Brevin Knight,Kyle Korver,Mehmet Okur,Paul Millsap,2,7:57,UTA,shot,,,Brian Skinner,,,,,,,Paul Millsap,,,,missed,,dunk,25,6
Brian Skinner,Chris Kaman,Mike Taylor,Ricky Davis,Steve Novak,Andrei Kirilenko,Brevin Knight,Kyle Korver,Mehmet Okur,Paul Millsap,2,7:57,UTA,rebound,,,,,,,,,,Mehmet Okur,,,,,,off,,
Brian Skinner,Chris Kaman,Mike Taylor,Ricky Davis,Steve Novak,Andrei Kirilenko,Brevin Knight,Kyle Korver,Mehmet Okur,Paul Millsap,2,7:54,UTA,shot,,,Brian Skinner,,,,,,,Kyle Korver,,,,missed,,jump,43,12
Brian Skinner,Chris Kaman,Mike Taylor,Ricky Davis,Steve Novak,Andrei Kirilenko,Brevin Knight,Kyle Korver,Mehmet Okur,Paul Millsap,2,7:50,LAC,rebound,,,,,,,,,,Chris Kaman,,,,,,def,,
Brian Skinner,Chris Kaman,Mike Taylor,Ricky Davis,Steve Novak,Andrei Kirilenko,Brevin Knight,Kyle Korver,Mehmet Okur,Paul Millsap,2,7:45,LAC,shot,,,,,,,,,,Chris Kaman,,,,missed,,jump,24,21
Brian Skinner,Chris Kaman,Mike Taylor,Ricky Davis,Steve Novak,Andrei Kirilenko,Brevin Knight,Kyle Korver,Mehmet Okur,Paul Millsap,2,7:43,UTA,rebound,,,,,,,,,,,,,,,,,,
Brian Skinner,Chris Kaman,Mike Taylor,Ricky Davis,Steve Novak,Andrei Kirilenko,Brevin Knight,Kyle Korver,Mehmet Okur,Paul Millsap,2,7:43,LAC,foul,,,,,,,,Mehmet Okur,,Brian Skinner,,,,,,personal,,
Brian Skinner,Chris Kaman,Mike Taylor,Ricky Davis,Steve Novak,Andrei Kirilenko,Brevin Knight,Kyle Korver,Mehmet Okur,Paul Millsap,2,7:24,UTA,shot,,,,,,,,,,Paul Millsap,,,,missed,,layup,25,6
Brian Skinner,Chris Kaman,Mike Taylor,Ricky Davis,Steve Novak,Andrei Kirilenko,Brevin Knight,Kyle Korver,Mehmet Okur,Paul Millsap,2,7:23,LAC,rebound,,,,,,,,,,Brian Skinner,,,,,,def,,
Brian Skinner,Chris Kaman,Mike Taylor,Ricky Davis,Steve Novak,Andrei Kirilenko,Brevin Knight,Kyle Korver,Mehmet Okur,Paul Millsap,2,7:16,LAC,shot,,,,,,,,,,Chris Kaman,,,,missed,,layup,25,6
Brian Skinner,Chris Kaman,Mike Taylor,Ricky Davis,Steve Novak,Andrei Kirilenko,Brevin Knight,Kyle Korver,Mehmet Okur,Paul Millsap,2,7:14,UTA,rebound,,,,,,,,,,Andrei Kirilenko,,,,,,def,,
Brian Skinner,Chris Kaman,Mike Taylor,Ricky Davis,Steve Novak,Andrei Kirilenko,Brevin Knight,Kyle Korver,Mehmet Okur,Paul Millsap,2,7:04,UTA,shot,,,,,,,,,,Kyle Korver,,,,missed,,jump,40,19
Brian Skinner,Chris Kaman,Mike Taylor,Ricky Davis,Steve Novak,Andrei Kirilenko,Brevin Knight,Kyle Korver,Mehmet Okur,Paul Millsap,2,7:03,UTA,rebound,,,,,,,,,,Paul Millsap,,,,,,off,,
Brian Skinner,Chris Kaman,Mike Taylor,Ricky Davis,Steve Novak,Andrei Kirilenko,Brevin Knight,Kyle Korver,Mehmet Okur,Paul Millsap,2,6:55,LAC,foul,,,,,,,,Andrei Kirilenko,,Steve Novak,,,,,,personal,,
Al Thornton,Brian Skinner,Chris Kaman,Mike Taylor,Ricky Davis,Andrei Kirilenko,Brevin Knight,Kyle Korver,Mehmet Okur,Paul Millsap,2,6:55,LAC,sub,,,,Al Thornton,,Steve Novak,,,,,,,,,,,,
Al Thornton,Brian Skinner,Chris Kaman,Mike Taylor,Ricky Davis,Andrei Kirilenko,Brevin Knight,Kyle Korver,Mehmet Okur,Paul Millsap,2,6:49,UTA,shot,,,,,,,,,,Andrei Kirilenko,,,,missed,,jump,45,6
Al Thornton,Brian Skinner,Chris Kaman,Mike Taylor,Ricky Davis,Andrei Kirilenko,Brevin Knight,Kyle Korver,Mehmet Okur,Paul Millsap,2,6:47,UTA,rebound,,,,,,,,,,Kyle Korver,,,,,,off,,
Al Thornton,Brian Skinner,Chris Kaman,Mike Taylor,Ricky Davis,Andrei Kirilenko,Brevin Knight,Kyle Korver,Mehmet Okur,Paul Millsap,2,6:41,UTA,shot,Paul Millsap,,,,,,,,,Mehmet Okur,2,,,made,,jump,19,10
Al Thornton,Brian Skinner,Chris Kaman,Mike Taylor,Ricky Davis,Andrei Kirilenko,Brevin Knight,Kyle Korver,Mehmet Okur,Paul Millsap,2,6:30,LAC,turnover,,,,,,,,,,Ricky Davis,,,bad pass,,,,,
Al Thornton,Brian Skinner,Chris Kaman,Mike Taylor,Ricky Davis,Andrei Kirilenko,Brevin Knight,Kyle Korver,Mehmet Okur,Paul Millsap,2,6:18,UTA,shot,Andrei Kirilenko,,,,,,,,,Brevin Knight,2,,,made,,layup,25,6
Al Thornton,Brian Skinner,Chris Kaman,Mike Taylor,Ricky Davis,Andrei Kirilenko,Brevin Knight,Kyle Korver,Mehmet Okur,Paul Millsap,2,6:03,LAC,shot,,,,,,,,,,Mike Taylor,,,,missed,,running dunk,25,6
Al Thornton,Brian Skinner,Chris Kaman,Mike Taylor,Ricky Davis,Andrei Kirilenko,Brevin Knight,Kyle Korver,Mehmet Okur,Paul Millsap,2,6:02,LAC,rebound,,,,,,,,,,Chris Kaman,,,,,,off,,
Al Thornton,Brian Skinner,Chris Kaman,Mike Taylor,Ricky Davis,Andrei Kirilenko,Brevin Knight,Kyle Korver,Mehmet Okur,Paul Millsap,2,5:55,LAC,turnover,,,,,,,,,,Chris Kaman,,,3 second violation,,,,,
Al Thornton,Brian Skinner,Chris Kaman,Mike Taylor,Ricky Davis,Andrei Kirilenko,Brevin Knight,Kyle Korver,Mehmet Okur,Paul Millsap,2,5:55,UTA,timeout,,,,,,,,,,,,,,,,regular,,
Al Thornton,Brian Skinner,Chris Kaman,Mike Taylor,Ricky Davis,Andrei Kirilenko,Brevin Knight,Kyle Korver,Mehmet Okur,Paul Millsap,2,5:43,UTA,shot,,,,,,,,,,Mehmet Okur,,,,missed,,3pt,41,26
Al Thornton,Brian Skinner,Chris Kaman,Mike Taylor,Ricky Davis,Andrei Kirilenko,Brevin Knight,Kyle Korver,Mehmet Okur,Paul Millsap,2,5:42,LAC,rebound,,,,,,,,,,Ricky Davis,,,,,,def,,
Al Thornton,Brian Skinner,Chris Kaman,Mike Taylor,Ricky Davis,Andrei Kirilenko,Brevin Knight,Kyle Korver,Mehmet Okur,Paul Millsap,2,5:17,LAC,shot,,,,,,,,,,Al Thornton,,,,missed,,jump,32,27
Al Thornton,Brian Skinner,Chris Kaman,Mike Taylor,Ricky Davis,Andrei Kirilenko,Brevin Knight,Kyle Korver,Mehmet Okur,Paul Millsap,2,5:16,LAC,rebound,,,,,,,,,,Chris Kaman,,,,,,off,,
Al Thornton,Brian Skinner,Chris Kaman,Mike Taylor,Ricky Davis,Andrei Kirilenko,Brevin Knight,Kyle Korver,Mehmet Okur,Paul Millsap,2,5:10,LAC,turnover,,,,,,,,,,Mike Taylor,,,bad pass,,Andrei Kirilenko,,,
Al Thornton,Brian Skinner,Chris Kaman,Mike Taylor,Ricky Davis,Andrei Kirilenko,Brevin Knight,Kyle Korver,Mehmet Okur,Paul Millsap,2,5:05,UTA,shot,Brevin Knight,,,,,,,,,Paul Millsap,2,,,made,,slam dunk,25,6
Al Thornton,Brian Skinner,Chris Kaman,Mike Taylor,Ricky Davis,Andrei Kirilenko,Brevin Knight,Kyle Korver,Mehmet Okur,Paul Millsap,2,4:39,LAC,shot,Al Thornton,,,,,,,,,Mike Taylor,3,,,made,,3pt,49,9
Al Thornton,Brian Skinner,Chris Kaman,Mike Taylor,Ricky Davis,Andrei Kirilenko,Brevin Knight,Kyle Korver,Mehmet Okur,Paul Millsap,2,4:17,LAC,foul,,,,,,,,Mehmet Okur,,Brian Skinner,,,,,,shooting,,
Al Thornton,Chris Kaman,Mike Taylor,Ricky Davis,Tim Thomas,Andrei Kirilenko,Brevin Knight,Kyle Korver,Mehmet Okur,Paul Millsap,2,4:17,LAC,sub,,,,Tim Thomas,,Brian Skinner,,,,,,,,,,,,
Al Thornton,Chris Kaman,Cuttino Mobley,Mike Taylor,Tim Thomas,Andrei Kirilenko,Brevin Knight,Kyle Korver,Mehmet Okur,Paul Millsap,2,4:17,LAC,sub,,,,Cuttino Mobley,,Ricky Davis,,,,,,,,,,,,
Al Thornton,Chris Kaman,Cuttino Mobley,Mike Taylor,Tim Thomas,Andrei Kirilenko,Brevin Knight,Kyle Korver,Mehmet Okur,Paul Millsap,2,4:17,UTA,free throw,,,,,,,1,,2,Mehmet Okur,,,foul,made,,,,
Al Thornton,Chris Kaman,Cuttino Mobley,Mike Taylor,Tim Thomas,Andrei Kirilenko,Brevin Knight,Kyle Korver,Mehmet Okur,Paul Millsap,2,4:17,UTA,free throw,,,,,,,2,,2,Mehmet Okur,,,foul,made,,,,
Al Thornton,Chris Kaman,Cuttino Mobley,Mike Taylor,Tim Thomas,Andrei Kirilenko,Brevin Knight,Kyle Korver,Mehmet Okur,Paul Millsap,2,4:04,LAC,shot,,,,,,,,,,Al Thornton,2,,,made,,jump,13,23
Al Thornton,Chris Kaman,Cuttino Mobley,Mike Taylor,Tim Thomas,Andrei Kirilenko,Brevin Knight,Kyle Korver,Mehmet Okur,Paul Millsap,2,3:46,UTA,shot,Kyle Korver,,,,,,,,,Andrei Kirilenko,2,,,made,,driving layup,25,6
Al Thornton,Chris Kaman,Cuttino Mobley,Mike Taylor,Tim Thomas,Andrei Kirilenko,Brevin Knight,Kyle Korver,Mehmet Okur,Paul Millsap,2,3:29,LAC,shot,,,,,,,,,,Cuttino Mobley,2,,,made,,jump,44,15
Al Thornton,Chris Kaman,Cuttino Mobley,Mike Taylor,Tim Thomas,Andrei Kirilenko,Brevin Knight,Kyle Korver,Mehmet Okur,Paul Millsap,2,3:16,UTA,shot,Brevin Knight,,,,,,,,,Kyle Korver,2,,,made,,jump,34,18
Al Thornton,Chris Kaman,Cuttino Mobley,Mike Taylor,Tim Thomas,Andrei Kirilenko,Brevin Knight,Kyle Korver,Mehmet Okur,Paul Millsap,2,3:00,LAC,shot,,,,,,,,,,Mike Taylor,,,,missed,,3pt,48,11
Al Thornton,Chris Kaman,Cuttino Mobley,Mike Taylor,Tim Thomas,Andrei Kirilenko,Brevin Knight,Kyle Korver,Mehmet Okur,Paul Millsap,2,2:59,UTA,rebound,,,,,,,,,,Andrei Kirilenko,,,,,,def,,
Al Thornton,Chris Kaman,Cuttino Mobley,Mike Taylor,Tim Thomas,Andrei Kirilenko,Brevin Knight,Kyle Korver,Mehmet Okur,Paul Millsap,2,2:42,UTA,shot,Paul Millsap,,,,,,,,,Kyle Korver,2,,,made,,jump,37,23
Al Thornton,Chris Kaman,Cuttino Mobley,Mike Taylor,Tim Thomas,Andrei Kirilenko,Brevin Knight,Kyle Korver,Mehmet Okur,Paul Millsap,2,2:29,UTA,foul,,,,,,,,Mike Taylor,,Brevin Knight,,,,,,personal,,
Al Thornton,Chris Kaman,Cuttino Mobley,Mike Taylor,Tim Thomas,Andrei Kirilenko,Brevin Knight,Kyle Korver,Mehmet Okur,Paul Millsap,2,2:29,LAC,timeout,,,,,,,,,,,,,,,,regular,,
Al Thornton,Chris Kaman,Cuttino Mobley,Mike Taylor,Tim Thomas,Andrei Kirilenko,Brevin Knight,Carlos Boozer,Kyle Korver,Paul Millsap,2,2:29,UTA,sub,,,,Carlos Boozer,,Mehmet Okur,,,,,,,,,,,,
Al Thornton,Chris Kaman,Cuttino Mobley,Mike Taylor,Tim Thomas,Andrei Kirilenko,Brevin Knight,Carlos Boozer,Kyle Korver,Paul Millsap,2,2:21,LAC,shot,Tim Thomas,,,,,,,,,Cuttino Mobley,2,,,made,,fade away jumper,25,19
Al Thornton,Chris Kaman,Cuttino Mobley,Mike Taylor,Tim Thomas,Andrei Kirilenko,Brevin Knight,Carlos Boozer,Kyle Korver,Paul Millsap,2,2:04,UTA,shot,,,,,,,,,,Carlos Boozer,,,,missed,,jump,41,9
Al Thornton,Chris Kaman,Cuttino Mobley,Mike Taylor,Tim Thomas,Andrei Kirilenko,Brevin Knight,Carlos Boozer,Kyle Korver,Paul Millsap,2,2:03,LAC,rebound,,,,,,,,,,Al Thornton,,,,,,def,,
Al Thornton,Chris Kaman,Cuttino Mobley,Mike Taylor,Tim Thomas,Andrei Kirilenko,Brevin Knight,Carlos Boozer,Kyle Korver,Paul Millsap,2,1:55,UTA,foul,,,,,,,,Cuttino Mobley,,Kyle Korver,,,,,,personal,,
Al Thornton,Chris Kaman,Cuttino Mobley,Mike Taylor,Tim Thomas,Andrei Kirilenko,Brevin Knight,Carlos Boozer,Kyle Korver,Paul Millsap,2,1:45,LAC,shot,,,,,,,,,,Al Thornton,2,,,made,,layup,25,6
Al Thornton,Chris Kaman,Cuttino Mobley,Mike Taylor,Tim Thomas,Andrei Kirilenko,Brevin Knight,Carlos Boozer,Kyle Korver,Paul Millsap,2,1:45,UTA,foul,,,,,,,,Al Thornton,,Andrei Kirilenko,,,,,,shooting,,
Al Thornton,Chris Kaman,Cuttino Mobley,Mike Taylor,Tim Thomas,Andrei Kirilenko,Brevin Knight,Carlos Boozer,Kyle Korver,Paul Millsap,2,1:45,LAC,free throw,,,,,,,1,,1,Al Thornton,,,foul,made,,,,
Al Thornton,Chris Kaman,Cuttino Mobley,Mike Taylor,Tim Thomas,Andrei Kirilenko,Brevin Knight,Carlos Boozer,Kyle Korver,Paul Millsap,2,1:27,UTA,shot,,,,,,,,,,Kyle Korver,,,,missed,,3pt,4,17
Al Thornton,Chris Kaman,Cuttino Mobley,Mike Taylor,Tim Thomas,Andrei Kirilenko,Brevin Knight,Carlos Boozer,Kyle Korver,Paul Millsap,2,1:26,LAC,rebound,,,,,,,,,,,,,,,,,,
Al Thornton,Chris Kaman,Cuttino Mobley,Mike Taylor,Tim Thomas,Andrei Kirilenko,Brevin Knight,Carlos Boozer,Kyle Korver,Paul Millsap,2,1:07,LAC,shot,Tim Thomas,,,,,,,,,Cuttino Mobley,2,,,made,,fade away jumper,9,4
Al Thornton,Chris Kaman,Cuttino Mobley,Mike Taylor,Tim Thomas,Andrei Kirilenko,Brevin Knight,Carlos Boozer,Kyle Korver,Paul Millsap,2,0:45,UTA,shot,,,,,,,,,,Carlos Boozer,2,,,made,,driving layup,25,6
Al Thornton,Chris Kaman,Cuttino Mobley,Mike Taylor,Tim Thomas,Andrei Kirilenko,Brevin Knight,Carlos Boozer,Kyle Korver,Paul Millsap,2,0:34,LAC,turnover,,,,,,,,,,Tim Thomas,,,lost ball,,Andrei Kirilenko,,,
Al Thornton,Chris Kaman,Cuttino Mobley,Mike Taylor,Tim Thomas,Andrei Kirilenko,Brevin Knight,Carlos Boozer,Kyle Korver,Paul Millsap,2,0:30,UTA,shot,Andrei Kirilenko,,,,,,,,,Paul Millsap,2,,,made,,slam dunk,25,6
Al Thornton,Chris Kaman,Cuttino Mobley,Mike Taylor,Tim Thomas,Andrei Kirilenko,Brevin Knight,Carlos Boozer,Kyle Korver,Paul Millsap,2,0:11,LAC,turnover,,,,,,,,,,Cuttino Mobley,,,bad pass,,,,,
Al Thornton,Chris Kaman,Cuttino Mobley,Mike Taylor,Tim Thomas,Andrei Kirilenko,Brevin Knight,Carlos Boozer,Kyle Korver,Paul Millsap,2,0:05,LAC,foul,,,,,,,,Brevin Knight,,Mike Taylor,,,,,,personal,,
Al Thornton,Chris Kaman,Cuttino Mobley,Mike Taylor,Tim Thomas,Andrei Kirilenko,Brevin Knight,Carlos Boozer,Kyle Korver,Paul Millsap,2,0:05,UTA,free throw,,,,,,,1,,2,Brevin Knight,,,foul,missed,,,,
Al Thornton,Chris Kaman,Cuttino Mobley,Mike Taylor,Tim Thomas,Andrei Kirilenko,Brevin Knight,Carlos Boozer,Kyle Korver,Paul Millsap,2,0:05,UTA,rebound,,,,,,,,,,,,,,,,,,
Al Thornton,Chris Kaman,Cuttino Mobley,Mike Taylor,Tim Thomas,Andrei Kirilenko,Brevin Knight,Carlos Boozer,Kyle Korver,Paul Millsap,2,0:05,LAC,timeout,,,,,,,,,,,,,,,,short,,
Al Thornton,Cuttino Mobley,Mike Taylor,Steve Novak,Tim Thomas,Andrei Kirilenko,Brevin Knight,Carlos Boozer,Kyle Korver,Paul Millsap,2,0:05,LAC,sub,,,,Steve Novak,,Chris Kaman,,,,,,,,,,,,
Al Thornton,Cuttino Mobley,Mike Taylor,Steve Novak,Tim Thomas,Andrei Kirilenko,Brevin Knight,Carlos Boozer,Kyle Korver,Ronnie Brewer,2,0:05,UTA,sub,,,,Ronnie Brewer,,Paul Millsap,,,,,,,,,,,,
Al Thornton,Cuttino Mobley,Mike Taylor,Steve Novak,Tim Thomas,Andrei Kirilenko,Brevin Knight,Carlos Boozer,Kyle Korver,Ronnie Brewer,2,0:05,UTA,free throw,,,,,,,2,,2,Brevin Knight,,,foul,missed,,,,
Al Thornton,Cuttino Mobley,Mike Taylor,Steve Novak,Tim Thomas,Andrei Kirilenko,Brevin Knight,Carlos Boozer,Kyle Korver,Ronnie Brewer,2,0:03,UTA,rebound,,,,,,,,,,Carlos Boozer,,,,,,off,,
Al Thornton,Cuttino Mobley,Mike Taylor,Steve Novak,Tim Thomas,Andrei Kirilenko,Brevin Knight,Carlos Boozer,Kyle Korver,Ronnie Brewer,2,0:02,UTA,shot,,,Tim Thomas,,,,,,,Carlos Boozer,,,,missed,,layup,25,6
Al Thornton,Cuttino Mobley,Mike Taylor,Steve Novak,Tim Thomas,Andrei Kirilenko,Brevin Knight,Carlos Boozer,Kyle Korver,Ronnie Brewer,2,0:00,LAC,rebound,,,,,,,,,,Al Thornton,,,,,,def,,
Al Thornton,Chris Kaman,Cuttino Mobley,Mike Taylor,Tim Thomas,C.J. Miles,Carlos Boozer,Mehmet Okur,Ronnie Brewer,Ronnie Price,3,11:44,LAC,shot,,,,,,,,,,Tim Thomas,,,,missed,,jump,42,15
Al Thornton,Chris Kaman,Cuttino Mobley,Mike Taylor,Tim Thomas,C.J. Miles,Carlos Boozer,Mehmet Okur,Ronnie Brewer,Ronnie Price,3,11:41,UTA,rebound,,,,,,,,,,C.J. Miles,,,,,,def,,
Al Thornton,Chris Kaman,Cuttino Mobley,Mike Taylor,Tim Thomas,C.J. Miles,Carlos Boozer,Mehmet Okur,Ronnie Brewer,Ronnie Price,3,11:36,UTA,shot,,,,,,,,,,C.J. Miles,,,,missed,,jump,25,22
Al Thornton,Chris Kaman,Cuttino Mobley,Mike Taylor,Tim Thomas,C.J. Miles,Carlos Boozer,Mehmet Okur,Ronnie Brewer,Ronnie Price,3,11:33,LAC,rebound,,,,,,,,,,Al Thornton,,,,,,def,,
Al Thornton,Chris Kaman,Cuttino Mobley,Mike Taylor,Tim Thomas,C.J. Miles,Carlos Boozer,Mehmet Okur,Ronnie Brewer,Ronnie Price,3,11:16,UTA,foul,,,,,,,,Tim Thomas,,Carlos Boozer,,,,,,personal,,
Al Thornton,Chris Kaman,Cuttino Mobley,Mike Taylor,Tim Thomas,C.J. Miles,Carlos Boozer,Mehmet Okur,Ronnie Brewer,Ronnie Price,3,11:04,LAC,shot,,,,,,,,,,Tim Thomas,,,,missed,,jump,31,17
Al Thornton,Chris Kaman,Cuttino Mobley,Mike Taylor,Tim Thomas,C.J. Miles,Carlos Boozer,Mehmet Okur,Ronnie Brewer,Ronnie Price,3,11:03,UTA,rebound,,,,,,,,,,Mehmet Okur,,,,,,def,,
Al Thornton,Chris Kaman,Cuttino Mobley,Mike Taylor,Tim Thomas,C.J. Miles,Carlos Boozer,Mehmet Okur,Ronnie Brewer,Ronnie Price,3,10:48,UTA,shot,Carlos Boozer,,,,,,,,,C.J. Miles,2,,,made,,jump,39,22
Al Thornton,Chris Kaman,Cuttino Mobley,Mike Taylor,Tim Thomas,C.J. Miles,Carlos Boozer,Mehmet Okur,Ronnie Brewer,Ronnie Price,3,10:23,LAC,shot,,,,,,,,,,Al Thornton,,,,missed,,jump,42,5
Al Thornton,Chris Kaman,Cuttino Mobley,Mike Taylor,Tim Thomas,C.J. Miles,Carlos Boozer,Mehmet Okur,Ronnie Brewer,Ronnie Price,3,10:21,UTA,rebound,,,,,,,,,,Ronnie Brewer,,,,,,def,,
Al Thornton,Chris Kaman,Cuttino Mobley,Mike Taylor,Tim Thomas,C.J. Miles,Carlos Boozer,Mehmet Okur,Ronnie Brewer,Ronnie Price,3,10:16,LAC,foul,,,,,,,,Ronnie Price,,Mike Taylor,,,,,,personal,,
Al Thornton,Chris Kaman,Cuttino Mobley,Mike Taylor,Tim Thomas,C.J. Miles,Carlos Boozer,Mehmet Okur,Ronnie Brewer,Ronnie Price,3,10:04,UTA,shot,,,,,,,,,,Carlos Boozer,,,,missed,,driving layup,25,6
Al Thornton,Chris Kaman,Cuttino Mobley,Mike Taylor,Tim Thomas,C.J. Miles,Carlos Boozer,Mehmet Okur,Ronnie Brewer,Ronnie Price,3,10:02,UTA,shot,,,,,,,,,,Carlos Boozer,2,,,made,,tip,25,6
Al Thornton,Chris Kaman,Cuttino Mobley,Mike Taylor,Tim Thomas,C.J. Miles,Carlos Boozer,Mehmet Okur,Ronnie Brewer,Ronnie Price,3,10:02,UTA,rebound,,,,,,,,,,Carlos Boozer,,,,,,off,,
Al Thornton,Chris Kaman,Cuttino Mobley,Mike Taylor,Tim Thomas,C.J. Miles,Carlos Boozer,Mehmet Okur,Ronnie Brewer,Ronnie Price,3,9:39,LAC,shot,,,,,,,,,,Chris Kaman,,,,missed,,jump hook,14,4
Al Thornton,Chris Kaman,Cuttino Mobley,Mike Taylor,Tim Thomas,C.J. Miles,Carlos Boozer,Mehmet Okur,Ronnie Brewer,Ronnie Price,3,9:37,UTA,rebound,,,,,,,,,,Mehmet Okur,,,,,,def,,
Al Thornton,Chris Kaman,Cuttino Mobley,Mike Taylor,Tim Thomas,C.J. Miles,Carlos Boozer,Mehmet Okur,Ronnie Brewer,Ronnie Price,3,9:14,UTA,shot,,,,,,,,,,C.J. Miles,,,,missed,,3pt,38,27
Al Thornton,Chris Kaman,Cuttino Mobley,Mike Taylor,Tim Thomas,C.J. Miles,Carlos Boozer,Mehmet Okur,Ronnie Brewer,Ronnie Price,3,9:13,LAC,rebound,,,,,,,,,,Tim Thomas,,,,,,def,,
Al Thornton,Chris Kaman,Cuttino Mobley,Mike Taylor,Tim Thomas,C.J. Miles,Carlos Boozer,Mehmet Okur,Ronnie Brewer,Ronnie Price,3,9:04,LAC,shot,,,,,,,,,,Cuttino Mobley,,,,missed,,jump,26,10
Al Thornton,Chris Kaman,Cuttino Mobley,Mike Taylor,Tim Thomas,C.J. Miles,Carlos Boozer,Mehmet Okur,Ronnie Brewer,Ronnie Price,3,8:57,UTA,rebound,,,,,,,,,,Carlos Boozer,,,,,,def,,
Al Thornton,Chris Kaman,Cuttino Mobley,Mike Taylor,Tim Thomas,C.J. Miles,Carlos Boozer,Mehmet Okur,Ronnie Brewer,Ronnie Price,3,8:56,UTA,shot,,,,,,,,,,Ronnie Price,,,,missed,,layup,25,6
Al Thornton,Chris Kaman,Cuttino Mobley,Mike Taylor,Tim Thomas,C.J. Miles,Carlos Boozer,Mehmet Okur,Ronnie Brewer,Ronnie Price,3,8:54,LAC,rebound,,,,,,,,,,Al Thornton,,,,,,def,,
Al Thornton,Chris Kaman,Cuttino Mobley,Mike Taylor,Tim Thomas,C.J. Miles,Carlos Boozer,Mehmet Okur,Ronnie Brewer,Ronnie Price,3,8:51,LAC,shot,,,,,,,,,,Mike Taylor,2,,,made,,layup,25,6
Al Thornton,Chris Kaman,Cuttino Mobley,Mike Taylor,Tim Thomas,C.J. Miles,Carlos Boozer,Mehmet Okur,Ronnie Brewer,Ronnie Price,3,8:32,UTA,shot,Ronnie Price,,,,,,,,,Ronnie Brewer,2,,,made,,jump,15,25
Al Thornton,Chris Kaman,Cuttino Mobley,Mike Taylor,Tim Thomas,C.J. Miles,Carlos Boozer,Mehmet Okur,Ronnie Brewer,Ronnie Price,3,8:19,LAC,shot,,,,,,,,,,Cuttino Mobley,,,,missed,,driving reverse layup,25,6
Al Thornton,Chris Kaman,Cuttino Mobley,Mike Taylor,Tim Thomas,C.J. Miles,Carlos Boozer,Mehmet Okur,Ronnie Brewer,Ronnie Price,3,8:18,UTA,rebound,,,,,,,,,,Mehmet Okur,,,,,,def,,
Al Thornton,Chris Kaman,Cuttino Mobley,Mike Taylor,Tim Thomas,C.J. Miles,Carlos Boozer,Mehmet Okur,Ronnie Brewer,Ronnie Price,3,8:11,UTA,shot,,,Al Thornton,,,,,,,Ronnie Brewer,,,,missed,,layup,25,6
Al Thornton,Chris Kaman,Cuttino Mobley,Mike Taylor,Tim Thomas,C.J. Miles,Carlos Boozer,Mehmet Okur,Ronnie Brewer,Ronnie Price,3,8:10,UTA,rebound,,,,,,,,,,,,,,,,,,
Al Thornton,Chris Kaman,Cuttino Mobley,Mike Taylor,Tim Thomas,C.J. Miles,Carlos Boozer,Mehmet Okur,Ronnie Brewer,Ronnie Price,3,8:01,UTA,shot,,,,,,,,,,Carlos Boozer,,,,missed,,layup,25,6
Al Thornton,Chris Kaman,Cuttino Mobley,Mike Taylor,Tim Thomas,C.J. Miles,Carlos Boozer,Mehmet Okur,Ronnie Brewer,Ronnie Price,3,8:00,LAC,rebound,,,,,,,,,,Al Thornton,,,,,,def,,
Al Thornton,Chris Kaman,Cuttino Mobley,Mike Taylor,Tim Thomas,C.J. Miles,Carlos Boozer,Mehmet Okur,Ronnie Brewer,Ronnie Price,3,7:41,LAC,shot,,,,,,,,,,Chris Kaman,2,,,made,,driving slam dunk,25,6
Al Thornton,Chris Kaman,Cuttino Mobley,Mike Taylor,Tim Thomas,C.J. Miles,Carlos Boozer,Mehmet Okur,Ronnie Brewer,Ronnie Price,3,7:24,UTA,shot,,,,,,,,,,C.J. Miles,,,,missed,,jump,8,15
Al Thornton,Chris Kaman,Cuttino Mobley,Mike Taylor,Tim Thomas,C.J. Miles,Carlos Boozer,Mehmet Okur,Ronnie Brewer,Ronnie Price,3,7:23,LAC,rebound,,,,,,,,,,Tim Thomas,,,,,,def,,
Al Thornton,Chris Kaman,Cuttino Mobley,Mike Taylor,Tim Thomas,C.J. Miles,Carlos Boozer,Mehmet Okur,Ronnie Brewer,Ronnie Price,3,7:18,UTA,foul,,,,,,,,Mike Taylor,,Ronnie Price,,,,,,shooting,,
Al Thornton,Chris Kaman,Cuttino Mobley,Mike Taylor,Tim Thomas,C.J. Miles,Carlos Boozer,Mehmet Okur,Ronnie Brewer,Ronnie Price,3,7:18,LAC,free throw,,,,,,,1,,2,Mike Taylor,,,foul,made,,,,
Al Thornton,Chris Kaman,Cuttino Mobley,Mike Taylor,Tim Thomas,C.J. Miles,Carlos Boozer,Mehmet Okur,Ronnie Brewer,Ronnie Price,3,7:18,LAC,free throw,,,,,,,2,,2,Mike Taylor,,,foul,made,,,,
Al Thornton,Chris Kaman,Cuttino Mobley,Mike Taylor,Tim Thomas,C.J. Miles,Carlos Boozer,Mehmet Okur,Ronnie Brewer,Ronnie Price,3,7:04,UTA,shot,C.J. Miles,,,,,,,,,Carlos Boozer,2,,,made,,layup,25,6
Al Thornton,Chris Kaman,Cuttino Mobley,Mike Taylor,Tim Thomas,C.J. Miles,Carlos Boozer,Mehmet Okur,Ronnie Brewer,Ronnie Price,3,6:47,LAC,turnover,,,,,,,,,,Al Thornton,,,lost ball,,Mehmet Okur,,,
Al Thornton,Chris Kaman,Cuttino Mobley,Mike Taylor,Tim Thomas,C.J. Miles,Carlos Boozer,Mehmet Okur,Ronnie Brewer,Ronnie Price,3,6:41,UTA,shot,,,,,,,,,,Ronnie Price,,,,missed,,running layup,25,6
Al Thornton,Chris Kaman,Cuttino Mobley,Mike Taylor,Tim Thomas,C.J. Miles,Carlos Boozer,Mehmet Okur,Ronnie Brewer,Ronnie Price,3,6:39,UTA,shot,,,,,,,,,,Carlos Boozer,2,,,made,,tip,25,6
Al Thornton,Chris Kaman,Cuttino Mobley,Mike Taylor,Tim Thomas,C.J. Miles,Carlos Boozer,Mehmet Okur,Ronnie Brewer,Ronnie Price,3,6:39,UTA,rebound,,,,,,,,,,Carlos Boozer,,,,,,off,,
Al Thornton,Chris Kaman,Cuttino Mobley,Mike Taylor,Tim Thomas,C.J. Miles,Carlos Boozer,Mehmet Okur,Ronnie Brewer,Ronnie Price,3,6:37,LAC,timeout,,,,,,,,,,,,,,,,regular,,
Al Thornton,Chris Kaman,Cuttino Mobley,Mike Taylor,Tim Thomas,C.J. Miles,Carlos Boozer,Mehmet Okur,Ronnie Brewer,Ronnie Price,3,6:20,LAC,turnover,,,,,,,,,,Mike Taylor,,,bad pass,,Ronnie Brewer,,,
Al Thornton,Chris Kaman,Cuttino Mobley,Mike Taylor,Tim Thomas,C.J. Miles,Carlos Boozer,Mehmet Okur,Ronnie Brewer,Ronnie Price,3,6:16,UTA,shot,,,,,,,,,,C.J. Miles,,,,missed,,driving layup,25,6
Al Thornton,Chris Kaman,Cuttino Mobley,Mike Taylor,Tim Thomas,C.J. Miles,Carlos Boozer,Mehmet Okur,Ronnie Brewer,Ronnie Price,3,6:15,LAC,rebound,,,,,,,,,,Cuttino Mobley,,,,,,def,,
Al Thornton,Chris Kaman,Cuttino Mobley,Mike Taylor,Tim Thomas,C.J. Miles,Carlos Boozer,Mehmet Okur,Ronnie Brewer,Ronnie Price,3,6:05,LAC,shot,,,,,,,,,,Mike Taylor,,,,missed,,3pt,7,23
Al Thornton,Chris Kaman,Cuttino Mobley,Mike Taylor,Tim Thomas,C.J. Miles,Carlos Boozer,Mehmet Okur,Ronnie Brewer,Ronnie Price,3,6:04,UTA,rebound,,,,,,,,,,Mehmet Okur,,,,,,def,,
Al Thornton,Chris Kaman,Cuttino Mobley,Mike Taylor,Tim Thomas,C.J. Miles,Carlos Boozer,Mehmet Okur,Ronnie Brewer,Ronnie Price,3,5:51,UTA,shot,,,,,,,,,,Carlos Boozer,2,,,made,,layup,25,6
Al Thornton,Chris Kaman,Cuttino Mobley,Mike Taylor,Tim Thomas,C.J. Miles,Carlos Boozer,Mehmet Okur,Ronnie Brewer,Ronnie Price,3,5:29,LAC,shot,Mike Taylor,,,,,,,,,Cuttino Mobley,3,,,made,,3pt,4,19
Al Thornton,Chris Kaman,Cuttino Mobley,Mike Taylor,Tim Thomas,C.J. Miles,Carlos Boozer,Mehmet Okur,Ronnie Brewer,Ronnie Price,3,5:03,UTA,shot,,,,,,,,,,Mehmet Okur,,,,missed,,jump,14,27
Al Thornton,Chris Kaman,Cuttino Mobley,Mike Taylor,Tim Thomas,C.J. Miles,Carlos Boozer,Mehmet Okur,Ronnie Brewer,Ronnie Price,3,5:02,LAC,rebound,,,,,,,,,,Chris Kaman,,,,,,def,,
Al Thornton,Chris Kaman,Cuttino Mobley,Mike Taylor,Tim Thomas,C.J. Miles,Carlos Boozer,Mehmet Okur,Ronnie Brewer,Ronnie Price,3,4:55,LAC,shot,,,,,,,,,,Al Thornton,,,,missed,,jump,26,16
Al Thornton,Chris Kaman,Cuttino Mobley,Mike Taylor,Tim Thomas,C.J. Miles,Carlos Boozer,Mehmet Okur,Ronnie Brewer,Ronnie Price,3,4:55,LAC,rebound,,,,,,,,,,Tim Thomas,,,,,,off,,
Al Thornton,Chris Kaman,Cuttino Mobley,Mike Taylor,Tim Thomas,C.J. Miles,Carlos Boozer,Mehmet Okur,Ronnie Brewer,Ronnie Price,3,4:55,UTA,foul,,,,,,,,Tim Thomas,,Ronnie Price,,,,,,shooting,,
Al Thornton,Chris Kaman,Cuttino Mobley,Mike Taylor,Tim Thomas,C.J. Miles,Carlos Boozer,Mehmet Okur,Ronnie Brewer,Ronnie Price,3,4:55,UTA,foul,,,,,,,,,,Mehmet Okur,,,,,,technical,,
Al Thornton,Chris Kaman,Cuttino Mobley,Mike Taylor,Tim Thomas,C.J. Miles,Carlos Boozer,Mehmet Okur,Ronnie Brewer,Ronnie Price,3,4:55,LAC,free throw,,,,,,,1,,1,Tim Thomas,,,technical,made,,,,
Al Thornton,Brian Skinner,Cuttino Mobley,Mike Taylor,Tim Thomas,C.J. Miles,Carlos Boozer,Mehmet Okur,Ronnie Brewer,Ronnie Price,3,4:55,LAC,sub,,,,Brian Skinner,,Chris Kaman,,,,,,,,,,,,
Al Thornton,Brian Skinner,Cuttino Mobley,Mike Taylor,Tim Thomas,Andrei Kirilenko,Carlos Boozer,Mehmet Okur,Ronnie Brewer,Ronnie Price,3,4:55,UTA,sub,,,,Andrei Kirilenko,,C.J. Miles,,,,,,,,,,,,
Al Thornton,Brian Skinner,Cuttino Mobley,Mike Taylor,Tim Thomas,Andrei Kirilenko,Carlos Boozer,Mehmet Okur,Ronnie Brewer,Ronnie Price,3,4:55,LAC,free throw,,,,,,,1,,2,Tim Thomas,,,foul,made,,,,
Al Thornton,Brian Skinner,Cuttino Mobley,Mike Taylor,Tim Thomas,Andrei Kirilenko,Carlos Boozer,Mehmet Okur,Ronnie Brewer,Ronnie Price,3,4:55,LAC,free throw,,,,,,,2,,2,Tim Thomas,,,foul,made,,,,
Al Thornton,Brian Skinner,Cuttino Mobley,Mike Taylor,Tim Thomas,Andrei Kirilenko,Carlos Boozer,Mehmet Okur,Ronnie Brewer,Ronnie Price,3,4:43,UTA,shot,Ronnie Price,,,,,,,,,Ronnie Brewer,2,,,made,,layup,25,6
Al Thornton,Brian Skinner,Cuttino Mobley,Mike Taylor,Tim Thomas,Andrei Kirilenko,Carlos Boozer,Mehmet Okur,Ronnie Brewer,Ronnie Price,3,4:43,LAC,foul,,,,,,,,Ronnie Brewer,,Cuttino Mobley,,,,,,shooting,,
Al Thornton,Brian Skinner,Cuttino Mobley,Mike Taylor,Tim Thomas,Andrei Kirilenko,Carlos Boozer,Paul Millsap,Ronnie Brewer,Ronnie Price,3,4:43,UTA,sub,,,,Paul Millsap,,Mehmet Okur,,,,,,,,,,,,
Al Thornton,Brian Skinner,Cuttino Mobley,Mike Taylor,Tim Thomas,Andrei Kirilenko,Carlos Boozer,Paul Millsap,Ronnie Brewer,Ronnie Price,3,4:43,UTA,free throw,,,,,,,1,,1,Ronnie Brewer,,,foul,made,,,,
Al Thornton,Brian Skinner,Cuttino Mobley,Mike Taylor,Tim Thomas,Andrei Kirilenko,Carlos Boozer,Paul Millsap,Ronnie Brewer,Ronnie Price,3,4:21,LAC,shot,,,,,,,,,,Tim Thomas,,,,missed,,jump,43,5
Al Thornton,Brian Skinner,Cuttino Mobley,Mike Taylor,Tim Thomas,Andrei Kirilenko,Carlos Boozer,Paul Millsap,Ronnie Brewer,Ronnie Price,3,4:19,UTA,rebound,,,,,,,,,,Ronnie Brewer,,,,,,def,,
Al Thornton,Brian Skinner,Cuttino Mobley,Mike Taylor,Tim Thomas,Andrei Kirilenko,Carlos Boozer,Paul Millsap,Ronnie Brewer,Ronnie Price,3,4:15,UTA,shot,,,,,,,,,,Ronnie Price,,,,missed,,dunk,25,6
Al Thornton,Brian Skinner,Cuttino Mobley,Mike Taylor,Tim Thomas,Andrei Kirilenko,Carlos Boozer,Paul Millsap,Ronnie Brewer,Ronnie Price,3,4:14,LAC,rebound,,,,,,,,,,Brian Skinner,,,,,,def,,
Al Thornton,Brian Skinner,Cuttino Mobley,Mike Taylor,Tim Thomas,Andrei Kirilenko,Carlos Boozer,Paul Millsap,Ronnie Brewer,Ronnie Price,3,4:08,LAC,shot,,,Andrei Kirilenko,,,,,,,Mike Taylor,,,,missed,,layup,25,6
Al Thornton,Brian Skinner,Cuttino Mobley,Mike Taylor,Tim Thomas,Andrei Kirilenko,Carlos Boozer,Paul Millsap,Ronnie Brewer,Ronnie Price,3,4:07,UTA,rebound,,,,,,,,,,Carlos Boozer,,,,,,def,,
Al Thornton,Brian Skinner,Cuttino Mobley,Mike Taylor,Tim Thomas,Andrei Kirilenko,Carlos Boozer,Paul Millsap,Ronnie Brewer,Ronnie Price,3,4:04,LAC,foul,,,,,,,,Ronnie Price,,Mike Taylor,,,,,,personal,,
Al Thornton,Brian Skinner,Cuttino Mobley,Mike Taylor,Tim Thomas,Andrei Kirilenko,Carlos Boozer,Paul Millsap,Ronnie Brewer,Ronnie Price,3,3:59,UTA,shot,,,,,,,,,,Ronnie Brewer,,,,missed,,jump,40,20
Al Thornton,Brian Skinner,Cuttino Mobley,Mike Taylor,Tim Thomas,Andrei Kirilenko,Carlos Boozer,Paul Millsap,Ronnie Brewer,Ronnie Price,3,3:58,UTA,rebound,,,,,,,,,,Paul Millsap,,,,,,off,,
Al Thornton,Brian Skinner,Cuttino Mobley,Mike Taylor,Tim Thomas,Andrei Kirilenko,Carlos Boozer,Paul Millsap,Ronnie Brewer,Ronnie Price,3,3:48,LAC,foul,,,,,,,,Paul Millsap,,Al Thornton,,,,,,shooting,,
Al Thornton,Brian Skinner,Mike Taylor,Ricky Davis,Tim Thomas,Andrei Kirilenko,Carlos Boozer,Paul Millsap,Ronnie Brewer,Ronnie Price,3,3:48,LAC,sub,,,,Ricky Davis,,Cuttino Mobley,,,,,,,,,,,,
Al Thornton,Brian Skinner,Mike Taylor,Ricky Davis,Tim Thomas,Andrei Kirilenko,Carlos Boozer,Paul Millsap,Ronnie Brewer,Ronnie Price,3,3:48,UTA,free throw,,,,,,,1,,2,Paul Millsap,,,foul,made,,,,
Al Thornton,Brian Skinner,Mike Taylor,Ricky Davis,Tim Thomas,Andrei Kirilenko,Carlos Boozer,Paul Millsap,Ronnie Brewer,Ronnie Price,3,3:48,UTA,free throw,,,,,,,2,,2,Paul Millsap,,,foul,missed,,,,
Al Thornton,Brian Skinner,Mike Taylor,Ricky Davis,Tim Thomas,Andrei Kirilenko,Carlos Boozer,Paul Millsap,Ronnie Brewer,Ronnie Price,3,3:47,LAC,rebound,,,,,,,,,,Brian Skinner,,,,,,def,,
Al Thornton,Brian Skinner,Mike Taylor,Ricky Davis,Tim Thomas,Andrei Kirilenko,Carlos Boozer,Paul Millsap,Ronnie Brewer,Ronnie Price,3,3:26,LAC,shot,,,,,,,,,,Ricky Davis,,,,missed,,jump,6,12
Al Thornton,Brian Skinner,Mike Taylor,Ricky Davis,Tim Thomas,Andrei Kirilenko,Carlos Boozer,Paul Millsap,Ronnie Brewer,Ronnie Price,3,3:25,UTA,rebound,,,,,,,,,,Andrei Kirilenko,,,,,,def,,
Al Thornton,Brian Skinner,Mike Taylor,Ricky Davis,Tim Thomas,Andrei Kirilenko,Carlos Boozer,Paul Millsap,Ronnie Brewer,Ronnie Price,3,3:13,LAC,foul,,,,,,,,Ronnie Brewer,,Ricky Davis,,,,,,shooting,,
Al Thornton,Brian Skinner,Mike Taylor,Ricky Davis,Tim Thomas,Andrei Kirilenko,Brevin Knight,Carlos Boozer,Paul Millsap,Ronnie Brewer,3,3:13,UTA,sub,,,,Brevin Knight,,Ronnie Price,,,,,,,,,,,,
Al Thornton,Brian Skinner,Mike Taylor,Ricky Davis,Tim Thomas,Andrei Kirilenko,Brevin Knight,Carlos Boozer,Paul Millsap,Ronnie Brewer,3,3:13,UTA,free throw,,,,,,,2,,2,Ronnie Brewer,,,foul,made,,,,
Al Thornton,Brian Skinner,Mike Taylor,Ricky Davis,Tim Thomas,Andrei Kirilenko,Brevin Knight,Carlos Boozer,Paul Millsap,Ronnie Brewer,3,3:13,UTA,free throw,,,,,,,1,,2,Ronnie Brewer,,,foul,missed,,,,
Al Thornton,Brian Skinner,Mike Taylor,Ricky Davis,Tim Thomas,Andrei Kirilenko,Brevin Knight,Carlos Boozer,Paul Millsap,Ronnie Brewer,3,3:13,UTA,rebound,,,,,,,,,,,,,,,,,,
Al Thornton,Brian Skinner,Mike Taylor,Ricky Davis,Tim Thomas,Andrei Kirilenko,Brevin Knight,Carlos Boozer,Paul Millsap,Ronnie Brewer,3,2:58,LAC,shot,,,,,,,,,,Mike Taylor,,,,missed,,3pt,2,13
Al Thornton,Brian Skinner,Mike Taylor,Ricky Davis,Tim Thomas,Andrei Kirilenko,Brevin Knight,Carlos Boozer,Paul Millsap,Ronnie Brewer,3,2:53,UTA,rebound,,,,,,,,,,Paul Millsap,,,,,,def,,
Al Thornton,Brian Skinner,Mike Taylor,Ricky Davis,Tim Thomas,Andrei Kirilenko,Brevin Knight,Carlos Boozer,Paul Millsap,Ronnie Brewer,3,2:45,LAC,foul,,,,,,,,Carlos Boozer,,Ricky Davis,,,,,,shooting,,
Al Thornton,Brian Skinner,Mike Taylor,Ricky Davis,Tim Thomas,Andrei Kirilenko,Brevin Knight,Carlos Boozer,Paul Millsap,Ronnie Brewer,3,2:45,UTA,timeout,,,,,,,,,,,,,,,,regular,,
Brian Skinner,Mike Taylor,Ricky Davis,Steve Novak,Tim Thomas,Andrei Kirilenko,Brevin Knight,Carlos Boozer,Paul Millsap,Ronnie Brewer,3,2:45,LAC,sub,,,,Steve Novak,,Al Thornton,,,,,,,,,,,,
Brian Skinner,Mike Taylor,Ricky Davis,Steve Novak,Tim Thomas,Andrei Kirilenko,Brevin Knight,Carlos Boozer,Paul Millsap,Ronnie Brewer,3,2:45,UTA,free throw,,,,,,,1,,2,Carlos Boozer,,,foul,missed,,,,
Brian Skinner,Mike Taylor,Ricky Davis,Steve Novak,Tim Thomas,Andrei Kirilenko,Brevin Knight,Carlos Boozer,Paul Millsap,Ronnie Brewer,3,2:45,UTA,free throw,,,,,,,2,,2,Carlos Boozer,,,foul,made,,,,
Brian Skinner,Mike Taylor,Ricky Davis,Steve Novak,Tim Thomas,Andrei Kirilenko,Brevin Knight,Carlos Boozer,Paul Millsap,Ronnie Brewer,3,2:45,UTA,rebound,,,,,,,,,,,,,,,,,,
Brian Skinner,Mike Taylor,Ricky Davis,Steve Novak,Tim Thomas,Andrei Kirilenko,Brevin Knight,Carlos Boozer,Paul Millsap,Ronnie Brewer,3,2:25,LAC,shot,,,,,,,,,,Mike Taylor,,,,missed,,jump,25,13
Brian Skinner,Mike Taylor,Ricky Davis,Steve Novak,Tim Thomas,Andrei Kirilenko,Brevin Knight,Carlos Boozer,Paul Millsap,Ronnie Brewer,3,2:24,UTA,rebound,,,,,,,,,,Carlos Boozer,,,,,,def,,
Brian Skinner,Mike Taylor,Ricky Davis,Steve Novak,Tim Thomas,Andrei Kirilenko,Brevin Knight,Carlos Boozer,Paul Millsap,Ronnie Brewer,3,2:17,UTA,shot,Brevin Knight,,,,,,,,,Ronnie Brewer,2,,,made,,alley oop dunk,25,6
Brian Skinner,Mike Taylor,Ricky Davis,Steve Novak,Tim Thomas,Andrei Kirilenko,Brevin Knight,Carlos Boozer,Paul Millsap,Ronnie Brewer,3,1:49,LAC,turnover,,,,,,,,,,Steve Novak,,,poss lost ball turnover,,,,,
Brian Skinner,Mike Taylor,Ricky Davis,Steve Novak,Tim Thomas,Andrei Kirilenko,Brevin Knight,Carlos Boozer,Paul Millsap,Ronnie Brewer,3,1:29,UTA,shot,,,,,,,,,,Carlos Boozer,,,,missed,,driving layup,25,6
Brian Skinner,Mike Taylor,Ricky Davis,Steve Novak,Tim Thomas,Andrei Kirilenko,Brevin Knight,Carlos Boozer,Paul Millsap,Ronnie Brewer,3,1:28,LAC,rebound,,,,,,,,,,Tim Thomas,,,,,,def,,
Brian Skinner,Mike Taylor,Ricky Davis,Steve Novak,Tim Thomas,Andrei Kirilenko,Brevin Knight,Carlos Boozer,Paul Millsap,Ronnie Brewer,3,1:11,LAC,shot,,,,,,,,,,Tim Thomas,,,,missed,,jump,42,12
Brian Skinner,Mike Taylor,Ricky Davis,Steve Novak,Tim Thomas,Andrei Kirilenko,Brevin Knight,Carlos Boozer,Paul Millsap,Ronnie Brewer,3,1:10,UTA,rebound,,,,,,,,,,Andrei Kirilenko,,,,,,def,,
Brian Skinner,Mike Taylor,Ricky Davis,Steve Novak,Tim Thomas,Andrei Kirilenko,Brevin Knight,Carlos Boozer,Paul Millsap,Ronnie Brewer,3,0:55,UTA,shot,Paul Millsap,,,,,,,,,Ronnie Brewer,3,,,made,,3pt,43,24
Brian Skinner,Mike Taylor,Ricky Davis,Steve Novak,Tim Thomas,Andrei Kirilenko,Brevin Knight,Carlos Boozer,Paul Millsap,Ronnie Brewer,3,0:40,LAC,shot,,,Andrei Kirilenko,,,,,,,Tim Thomas,,,,missed,,layup,25,6
Brian Skinner,Mike Taylor,Ricky Davis,Steve Novak,Tim Thomas,Andrei Kirilenko,Brevin Knight,Carlos Boozer,Paul Millsap,Ronnie Brewer,3,0:38,UTA,rebound,,,,,,,,,,Carlos Boozer,,,,,,def,,
Brian Skinner,Mike Taylor,Ricky Davis,Steve Novak,Tim Thomas,Andrei Kirilenko,Brevin Knight,Carlos Boozer,Paul Millsap,Ronnie Brewer,3,0:34,UTA,shot,Brevin Knight,,,,,,,,,Andrei Kirilenko,2,,,made,,layup,25,6
Brian Skinner,Mike Taylor,Ricky Davis,Steve Novak,Tim Thomas,Andrei Kirilenko,Brevin Knight,Carlos Boozer,Paul Millsap,Ronnie Brewer,3,0:34,LAC,timeout,,,,,,,,,,,,,,,,short,,
Brian Skinner,Jason Hart,Ricky Davis,Steve Novak,Tim Thomas,Andrei Kirilenko,Brevin Knight,Carlos Boozer,Paul Millsap,Ronnie Brewer,3,0:34,LAC,sub,,,,Jason Hart,,Mike Taylor,,,,,,,,,,,,
Brian Skinner,Chris Kaman,Jason Hart,Ricky Davis,Steve Novak,Andrei Kirilenko,Brevin Knight,Carlos Boozer,Paul Millsap,Ronnie Brewer,3,0:34,LAC,sub,,,,Chris Kaman,,Tim Thomas,,,,,,,,,,,,
Brian Skinner,Chris Kaman,Jason Hart,Ricky Davis,Steve Novak,Andrei Kirilenko,Brevin Knight,Carlos Boozer,Paul Millsap,Ronnie Brewer,3,0:17,LAC,shot,,,,,,,,,,Chris Kaman,,,,missed,,jump hook,24,10
Brian Skinner,Chris Kaman,Jason Hart,Ricky Davis,Steve Novak,Andrei Kirilenko,Brevin Knight,Carlos Boozer,Paul Millsap,Ronnie Brewer,3,0:15,UTA,rebound,,,,,,,,,,Carlos Boozer,,,,,,def,,
Brian Skinner,Chris Kaman,Jason Hart,Ricky Davis,Steve Novak,Andrei Kirilenko,Brevin Knight,Carlos Boozer,Paul Millsap,Ronnie Brewer,3,0:01,UTA,shot,Brevin Knight,,,,,,,,,Paul Millsap,2,,,made,,jump,45,4
Brian Skinner,Chris Kaman,Jason Hart,Ricky Davis,Steve Novak,Andrei Kirilenko,Brevin Knight,Carlos Boozer,Paul Millsap,Ronnie Brewer,3,0:00,LAC,shot,,,Ronnie Brewer,,,,,,,Steve Novak,,,,missed,,3pt,33,57
Brian Skinner,Chris Kaman,Jason Hart,Ricky Davis,Steve Novak,Andrei Kirilenko,Brevin Knight,Carlos Boozer,Paul Millsap,Ronnie Brewer,3,0:00,LAC,rebound,,,,,,,,,,,,,,,,,,
Chris Kaman,Cuttino Mobley,Jason Hart,Paul Davis,Ricky Davis,Andrei Kirilenko,Brevin Knight,Mehmet Okur,Paul Millsap,Ronnie Brewer,4,11:38,UTA,shot,,,,,,,,,,Mehmet Okur,,,,missed,,running jump,26,17
Chris Kaman,Cuttino Mobley,Jason Hart,Paul Davis,Ricky Davis,Andrei Kirilenko,Brevin Knight,Mehmet Okur,Paul Millsap,Ronnie Brewer,4,11:37,UTA,shot,,,,,,,,,,Mehmet Okur,2,,,made,,layup,25,6
Chris Kaman,Cuttino Mobley,Jason Hart,Paul Davis,Ricky Davis,Andrei Kirilenko,Brevin Knight,Mehmet Okur,Paul Millsap,Ronnie Brewer,4,11:37,UTA,rebound,,,,,,,,,,Mehmet Okur,,,,,,off,,
Chris Kaman,Cuttino Mobley,Jason Hart,Paul Davis,Ricky Davis,Andrei Kirilenko,Brevin Knight,Mehmet Okur,Paul Millsap,Ronnie Brewer,4,11:16,LAC,shot,,,,,,,,,,Ricky Davis,,,,missed,,jump,42,19
Chris Kaman,Cuttino Mobley,Jason Hart,Paul Davis,Ricky Davis,Andrei Kirilenko,Brevin Knight,Mehmet Okur,Paul Millsap,Ronnie Brewer,4,11:15,UTA,rebound,,,,,,,,,,Ronnie Brewer,,,,,,def,,
Chris Kaman,Cuttino Mobley,Jason Hart,Paul Davis,Ricky Davis,Andrei Kirilenko,Brevin Knight,Mehmet Okur,Paul Millsap,Ronnie Brewer,4,11:00,UTA,shot,,,,,,,,,,Mehmet Okur,,,,missed,,3pt,39,26
Chris Kaman,Cuttino Mobley,Jason Hart,Paul Davis,Ricky Davis,Andrei Kirilenko,Brevin Knight,Mehmet Okur,Paul Millsap,Ronnie Brewer,4,10:59,UTA,rebound,,,,,,,,,,Paul Millsap,,,,,,off,,
Chris Kaman,Cuttino Mobley,Jason Hart,Paul Davis,Ricky Davis,Andrei Kirilenko,Brevin Knight,Mehmet Okur,Paul Millsap,Ronnie Brewer,4,10:49,LAC,foul,,,,,,,,Ronnie Brewer,,Chris Kaman,,,,,,shooting,,
Chris Kaman,Cuttino Mobley,Jason Hart,Paul Davis,Ricky Davis,Andrei Kirilenko,Brevin Knight,Mehmet Okur,Paul Millsap,Ronnie Brewer,4,10:49,UTA,free throw,,,,,,,1,,2,Ronnie Brewer,,,foul,made,,,,
Chris Kaman,Cuttino Mobley,Jason Hart,Paul Davis,Ricky Davis,Andrei Kirilenko,Brevin Knight,Mehmet Okur,Paul Millsap,Ronnie Brewer,4,10:49,UTA,free throw,,,,,,,2,,2,Ronnie Brewer,,,foul,missed,,,,
Chris Kaman,Cuttino Mobley,Jason Hart,Paul Davis,Ricky Davis,Andrei Kirilenko,Brevin Knight,Mehmet Okur,Paul Millsap,Ronnie Brewer,4,10:48,LAC,rebound,,,,,,,,,,Ricky Davis,,,,,,def,,
Chris Kaman,Cuttino Mobley,Jason Hart,Paul Davis,Ricky Davis,Andrei Kirilenko,Brevin Knight,Mehmet Okur,Paul Millsap,Ronnie Brewer,4,10:30,UTA,foul,,,,,,,,Ricky Davis,,Brevin Knight,,,,,,personal,,
Chris Kaman,Cuttino Mobley,Jason Hart,Paul Davis,Ricky Davis,Andrei Kirilenko,Brevin Knight,Mehmet Okur,Paul Millsap,Ronnie Brewer,4,10:17,LAC,shot,,,,,,,,,,Cuttino Mobley,,,,missed,,3pt,30,30
Chris Kaman,Cuttino Mobley,Jason Hart,Paul Davis,Ricky Davis,Andrei Kirilenko,Brevin Knight,Mehmet Okur,Paul Millsap,Ronnie Brewer,4,10:15,LAC,rebound,,,,,,,,,,,,,,,,,,
Chris Kaman,Cuttino Mobley,Jason Hart,Paul Davis,Ricky Davis,Andrei Kirilenko,Brevin Knight,Mehmet Okur,Paul Millsap,Ronnie Brewer,4,10:15,UTA,foul,,,,,,,,Paul Davis,,Paul Millsap,,,,,,personal,,
Chris Kaman,Cuttino Mobley,Jason Hart,Paul Davis,Ricky Davis,Andrei Kirilenko,Brevin Knight,Kyle Korver,Mehmet Okur,Paul Millsap,4,10:15,UTA,sub,,,,Kyle Korver,,Ronnie Brewer,,,,,,,,,,,,
Chris Kaman,Cuttino Mobley,Jason Hart,Paul Davis,Ricky Davis,Andrei Kirilenko,Brevin Knight,Kyle Korver,Mehmet Okur,Paul Millsap,4,10:09,LAC,shot,Chris Kaman,,,,,,,,,Jason Hart,2,,,made,,jump,21,26
Chris Kaman,Cuttino Mobley,Jason Hart,Paul Davis,Ricky Davis,Andrei Kirilenko,Brevin Knight,Kyle Korver,Mehmet Okur,Paul Millsap,4,9:53,UTA,shot,Andrei Kirilenko,,,,,,,,,Brevin Knight,2,,,made,,jump,31,6
Chris Kaman,Cuttino Mobley,Jason Hart,Paul Davis,Ricky Davis,Andrei Kirilenko,Brevin Knight,Kyle Korver,Mehmet Okur,Paul Millsap,4,9:45,LAC,shot,,,,,,,,,,Jason Hart,,,,missed,,jump,36,24
Chris Kaman,Cuttino Mobley,Jason Hart,Paul Davis,Ricky Davis,Andrei Kirilenko,Brevin Knight,Kyle Korver,Mehmet Okur,Paul Millsap,4,9:44,LAC,rebound,,,,,,,,,,Cuttino Mobley,,,,,,off,,
Chris Kaman,Cuttino Mobley,Jason Hart,Paul Davis,Ricky Davis,Andrei Kirilenko,Brevin Knight,Kyle Korver,Mehmet Okur,Paul Millsap,4,9:38,UTA,foul,,,,,,,,Chris Kaman,,Mehmet Okur,,,,,,personal,,
Chris Kaman,Cuttino Mobley,Jason Hart,Paul Davis,Ricky Davis,Andrei Kirilenko,Brevin Knight,Kyle Korver,Mehmet Okur,Paul Millsap,4,9:33,LAC,foul,,,,,,,,Kyle Korver,,Cuttino Mobley,,,,,,offensive,,
Chris Kaman,Cuttino Mobley,Jason Hart,Paul Davis,Ricky Davis,Andrei Kirilenko,Brevin Knight,Kyle Korver,Mehmet Okur,Paul Millsap,4,9:33,LAC,turnover,,,,,,,,,,Cuttino Mobley,,,foul,,,,,
Chris Kaman,Cuttino Mobley,Jason Hart,Paul Davis,Ricky Davis,Andrei Kirilenko,Brevin Knight,Kyle Korver,Mehmet Okur,Paul Millsap,4,9:23,UTA,shot,Brevin Knight,,,,,,,,,Andrei Kirilenko,2,,,made,,layup,25,6
Chris Kaman,Cuttino Mobley,Jason Hart,Paul Davis,Ricky Davis,Andrei Kirilenko,Brevin Knight,Kyle Korver,Mehmet Okur,Paul Millsap,4,9:09,LAC,shot,,,,,,,,,,Paul Davis,,,,missed,,jump,21,24
Chris Kaman,Cuttino Mobley,Jason Hart,Paul Davis,Ricky Davis,Andrei Kirilenko,Brevin Knight,Kyle Korver,Mehmet Okur,Paul Millsap,4,9:07,LAC,rebound,,,,,,,,,,Cuttino Mobley,,,,,,off,,
Chris Kaman,Cuttino Mobley,Jason Hart,Paul Davis,Ricky Davis,Andrei Kirilenko,Brevin Knight,Kyle Korver,Mehmet Okur,Paul Millsap,4,9:00,LAC,shot,,,,,,,,,,Cuttino Mobley,,,,missed,,driving layup,25,6
Chris Kaman,Cuttino Mobley,Jason Hart,Paul Davis,Ricky Davis,Andrei Kirilenko,Brevin Knight,Kyle Korver,Mehmet Okur,Paul Millsap,4,8:59,UTA,rebound,,,,,,,,,,Paul Millsap,,,,,,def,,
Chris Kaman,Cuttino Mobley,Jason Hart,Paul Davis,Ricky Davis,Andrei Kirilenko,Brevin Knight,Kyle Korver,Mehmet Okur,Paul Millsap,4,8:48,OFF,timeout,,,,,,,,,,,,,,,,official,,
Chris Kaman,Cuttino Mobley,Jason Hart,Paul Davis,Ricky Davis,Andrei Kirilenko,Brevin Knight,Kyle Korver,Mehmet Okur,Paul Millsap,4,8:29,LAC,foul,,,,,,,,Paul Millsap,,Jason Hart,,,,,,shooting,,
Chris Kaman,Cuttino Mobley,Jason Hart,Paul Davis,Ricky Davis,Andrei Kirilenko,Brevin Knight,Kyle Korver,Mehmet Okur,Paul Millsap,4,8:29,UTA,free throw,,,,,,,1,,2,Paul Millsap,,,foul,made,,,,
Chris Kaman,Cuttino Mobley,Jason Hart,Paul Davis,Ricky Davis,Andrei Kirilenko,Brevin Knight,Kyle Korver,Mehmet Okur,Paul Millsap,4,8:29,UTA,free throw,,,,,,,2,,2,Paul Millsap,,,foul,made,,,,
Chris Kaman,Cuttino Mobley,Jason Hart,Paul Davis,Ricky Davis,Andrei Kirilenko,Brevin Knight,Kyle Korver,Mehmet Okur,Paul Millsap,4,8:14,LAC,turnover,,,,,,,,,,Cuttino Mobley,,,poss lost ball turnover,,,,,
Chris Kaman,Cuttino Mobley,Jason Hart,Paul Davis,Ricky Davis,Andrei Kirilenko,Brevin Knight,Kyle Korver,Mehmet Okur,Paul Millsap,4,8:11,LAC,foul,,,,,,,,Andrei Kirilenko,,Cuttino Mobley,,,,,,loose ball,,
Chris Kaman,Cuttino Mobley,Jason Hart,Paul Davis,Ricky Davis,Andrei Kirilenko,Brevin Knight,Kyle Korver,Mehmet Okur,Paul Millsap,4,8:05,UTA,turnover,,,,,,,,,,Andrei Kirilenko,,,bad pass,,,,,
Chris Kaman,Cuttino Mobley,Jason Hart,Paul Davis,Ricky Davis,Andrei Kirilenko,Brevin Knight,Kyle Korver,Mehmet Okur,Paul Millsap,4,7:50,LAC,shot,,,,,,,,,,Cuttino Mobley,,,,missed,,jump,43,12
Chris Kaman,Cuttino Mobley,Jason Hart,Paul Davis,Ricky Davis,Andrei Kirilenko,Brevin Knight,Kyle Korver,Mehmet Okur,Paul Millsap,4,7:47,UTA,rebound,,,,,,,,,,Kyle Korver,,,,,,def,,
Chris Kaman,Cuttino Mobley,Jason Hart,Paul Davis,Ricky Davis,Andrei Kirilenko,Brevin Knight,Kyle Korver,Mehmet Okur,Paul Millsap,4,7:33,UTA,shot,Mehmet Okur,,,,,,,,,Brevin Knight,2,,,made,,jump,24,25
Chris Kaman,Cuttino Mobley,Jason Hart,Paul Davis,Ricky Davis,Andrei Kirilenko,Brevin Knight,Kyle Korver,Mehmet Okur,Paul Millsap,4,7:15,LAC,turnover,,,,,,,,,,Jason Hart,,,bad pass,,,,,
Chris Kaman,Cuttino Mobley,Jason Hart,Paul Davis,Ricky Davis,Andrei Kirilenko,Brevin Knight,Carlos Boozer,Kyle Korver,Mehmet Okur,4,7:15,UTA,sub,,,,Carlos Boozer,,Paul Millsap,,,,,,,,,,,,
Chris Kaman,Cuttino Mobley,Jason Hart,Paul Davis,Ricky Davis,Andrei Kirilenko,Brevin Knight,Carlos Boozer,Kyle Korver,Mehmet Okur,4,7:06,UTA,shot,Kyle Korver,,,,,,,,,Carlos Boozer,2,,,made,,slam dunk,25,6
Chris Kaman,Cuttino Mobley,Jason Hart,Paul Davis,Ricky Davis,Andrei Kirilenko,Brevin Knight,Carlos Boozer,Kyle Korver,Mehmet Okur,4,6:57,LAC,timeout,,,,,,,,,,,,,,,,regular,,
Chris Kaman,Cuttino Mobley,Jason Hart,Paul Davis,Ricky Davis,Andrei Kirilenko,Brevin Knight,Carlos Boozer,Kyle Korver,Mehmet Okur,4,6:51,LAC,shot,Jason Hart,,,,,,,,,Ricky Davis,2,,,made,,jump,16,22
Chris Kaman,Cuttino Mobley,Jason Hart,Paul Davis,Ricky Davis,Andrei Kirilenko,Brevin Knight,Carlos Boozer,Kyle Korver,Mehmet Okur,4,6:34,UTA,shot,,,,,,,,,,Mehmet Okur,2,,,made,,jump,43,14
Chris Kaman,Cuttino Mobley,Jason Hart,Paul Davis,Ricky Davis,Andrei Kirilenko,Brevin Knight,Carlos Boozer,Kyle Korver,Mehmet Okur,4,6:17,LAC,shot,,,,,,,,,,Ricky Davis,,,,missed,,jump,11,17
Chris Kaman,Cuttino Mobley,Jason Hart,Paul Davis,Ricky Davis,Andrei Kirilenko,Brevin Knight,Carlos Boozer,Kyle Korver,Mehmet Okur,4,6:16,UTA,rebound,,,,,,,,,,Mehmet Okur,,,,,,def,,
Chris Kaman,Cuttino Mobley,Jason Hart,Paul Davis,Ricky Davis,Andrei Kirilenko,Brevin Knight,Carlos Boozer,Kyle Korver,Mehmet Okur,4,6:05,UTA,shot,,,,,,,,,,Brevin Knight,,,,missed,,jump,7,6
Chris Kaman,Cuttino Mobley,Jason Hart,Paul Davis,Ricky Davis,Andrei Kirilenko,Brevin Knight,Carlos Boozer,Kyle Korver,Mehmet Okur,4,6:04,LAC,rebound,,,,,,,,,,Paul Davis,,,,,,def,,
Chris Kaman,Cuttino Mobley,Jason Hart,Paul Davis,Ricky Davis,Andrei Kirilenko,Brevin Knight,Carlos Boozer,Kyle Korver,Mehmet Okur,4,5:55,LAC,shot,,,,,,,,,,Jason Hart,,,,missed,,jump,38,19
Chris Kaman,Cuttino Mobley,Jason Hart,Paul Davis,Ricky Davis,Andrei Kirilenko,Brevin Knight,Carlos Boozer,Kyle Korver,Mehmet Okur,4,5:55,UTA,rebound,,,,,,,,,,,,,,,,,,
Chris Kaman,Cuttino Mobley,Jason Hart,Paul Davis,Ricky Davis,Andrei Kirilenko,Brevin Knight,Carlos Boozer,Kyle Korver,Mehmet Okur,4,5:42,UTA,shot,,,,,,,,,,Mehmet Okur,,,,missed,,jump,30,20
Chris Kaman,Cuttino Mobley,Jason Hart,Paul Davis,Ricky Davis,Andrei Kirilenko,Brevin Knight,Carlos Boozer,Kyle Korver,Mehmet Okur,4,5:41,LAC,rebound,,,,,,,,,,Chris Kaman,,,,,,def,,
Chris Kaman,Cuttino Mobley,Jason Hart,Paul Davis,Ricky Davis,Andrei Kirilenko,Brevin Knight,Carlos Boozer,Kyle Korver,Mehmet Okur,4,5:38,UTA,foul,,,,,,,,Jason Hart,,Brevin Knight,,,,,,personal,,
Chris Kaman,Cuttino Mobley,Jason Hart,Ricky Davis,Tim Thomas,Andrei Kirilenko,Brevin Knight,Carlos Boozer,Kyle Korver,Mehmet Okur,4,5:38,LAC,sub,,,,Tim Thomas,,Paul Davis,,,,,,,,,,,,
Chris Kaman,Cuttino Mobley,Mike Taylor,Ricky Davis,Tim Thomas,Andrei Kirilenko,Brevin Knight,Carlos Boozer,Kyle Korver,Mehmet Okur,4,5:38,LAC,sub,,,,Mike Taylor,,Jason Hart,,,,,,,,,,,,
Chris Kaman,Cuttino Mobley,Mike Taylor,Ricky Davis,Tim Thomas,Andrei Kirilenko,Brevin Knight,Carlos Boozer,Kosta Koufos,Kyle Korver,4,5:38,UTA,sub,,,,Kosta Koufos,,Mehmet Okur,,,,,,,,,,,,
Chris Kaman,Cuttino Mobley,Mike Taylor,Ricky Davis,Tim Thomas,Andrei Kirilenko,Carlos Boozer,Kosta Koufos,Kyle Korver,Ronnie Price,4,5:38,UTA,sub,,,,Ronnie Price,,Brevin Knight,,,,,,,,,,,,
Al Thornton,Chris Kaman,Mike Taylor,Ricky Davis,Tim Thomas,Andrei Kirilenko,Carlos Boozer,Kosta Koufos,Kyle Korver,Ronnie Price,4,5:38,LAC,sub,,,,Al Thornton,,Cuttino Mobley,,,,,,,,,,,,
Al Thornton,Chris Kaman,Mike Taylor,Ricky Davis,Tim Thomas,Andrei Kirilenko,Carlos Boozer,Kosta Koufos,Kyle Korver,Ronnie Price,4,5:31,UTA,foul,,,,,,,,Chris Kaman,,Kosta Koufos,,,,,,shooting,,
Al Thornton,Chris Kaman,Mike Taylor,Ricky Davis,Tim Thomas,Andrei Kirilenko,Carlos Boozer,Kosta Koufos,Kyle Korver,Ronnie Price,4,5:31,LAC,free throw,,,,,,,1,,2,Chris Kaman,,,foul,made,,,,
Al Thornton,Chris Kaman,Mike Taylor,Ricky Davis,Tim Thomas,Andrei Kirilenko,Carlos Boozer,Kosta Koufos,Kyle Korver,Ronnie Price,4,5:31,LAC,free throw,,,,,,,2,,2,Chris Kaman,,,foul,made,,,,
Al Thornton,Chris Kaman,Mike Taylor,Ricky Davis,Tim Thomas,Andrei Kirilenko,Carlos Boozer,Kosta Koufos,Kyle Korver,Ronnie Price,4,5:16,LAC,foul,,,,,,,,Andrei Kirilenko,,Al Thornton,,,,,,shooting,,
Al Thornton,Chris Kaman,Mike Taylor,Ricky Davis,Tim Thomas,Andrei Kirilenko,Carlos Boozer,Kosta Koufos,Kyle Korver,Ronnie Price,4,5:16,UTA,free throw,,,,,,,1,,2,Andrei Kirilenko,,,foul,missed,,,,
Al Thornton,Chris Kaman,Mike Taylor,Ricky Davis,Tim Thomas,Andrei Kirilenko,Carlos Boozer,Kosta Koufos,Kyle Korver,Ronnie Price,4,5:16,UTA,rebound,,,,,,,,,,,,,,,,,,
Al Thornton,Chris Kaman,Mike Taylor,Ricky Davis,Tim Thomas,Andrei Kirilenko,Carlos Boozer,Kosta Koufos,Kyle Korver,Ronnie Price,4,5:16,UTA,free throw,,,,,,,2,,2,Andrei Kirilenko,,,foul,missed,,,,
Al Thornton,Chris Kaman,Mike Taylor,Ricky Davis,Tim Thomas,Andrei Kirilenko,Carlos Boozer,Kosta Koufos,Kyle Korver,Ronnie Price,4,5:14,UTA,rebound,,,,,,,,,,Carlos Boozer,,,,,,off,,
Al Thornton,Chris Kaman,Mike Taylor,Ricky Davis,Tim Thomas,Andrei Kirilenko,Carlos Boozer,Kosta Koufos,Kyle Korver,Ronnie Price,4,5:10,UTA,shot,Ronnie Price,,,,,,,,,Andrei Kirilenko,2,,,made,,dunk,25,6
Al Thornton,Chris Kaman,Mike Taylor,Ricky Davis,Tim Thomas,Andrei Kirilenko,Carlos Boozer,Kosta Koufos,Kyle Korver,Ronnie Price,4,4:47,LAC,shot,,,Ronnie Price,,,,,,,Mike Taylor,,,,missed,,jump,13,14
Al Thornton,Chris Kaman,Mike Taylor,Ricky Davis,Tim Thomas,Andrei Kirilenko,Carlos Boozer,Kosta Koufos,Kyle Korver,Ronnie Price,4,4:45,LAC,rebound,,,,,,,,,,Ricky Davis,,,,,,off,,
Al Thornton,Chris Kaman,Mike Taylor,Ricky Davis,Tim Thomas,Andrei Kirilenko,Carlos Boozer,Kosta Koufos,Kyle Korver,Ronnie Price,4,4:42,LAC,shot,,,,,,,,,,Mike Taylor,2,,,made,,driving layup,25,6
Al Thornton,Chris Kaman,Mike Taylor,Ricky Davis,Tim Thomas,Andrei Kirilenko,Carlos Boozer,Kosta Koufos,Kyle Korver,Ronnie Price,4,4:21,UTA,shot,Ronnie Price,,,,,,,,,Carlos Boozer,2,,,made,,turnaround jump,19,15
Al Thornton,Chris Kaman,Mike Taylor,Ricky Davis,Tim Thomas,Andrei Kirilenko,Carlos Boozer,Kosta Koufos,Kyle Korver,Ronnie Price,4,3:59,LAC,shot,,,,,,,,,,Ricky Davis,,,,missed,,jump,39,23
Al Thornton,Chris Kaman,Mike Taylor,Ricky Davis,Tim Thomas,Andrei Kirilenko,Carlos Boozer,Kosta Koufos,Kyle Korver,Ronnie Price,4,3:56,UTA,rebound,,,,,,,,,,Carlos Boozer,,,,,,def,,
Al Thornton,Chris Kaman,Mike Taylor,Ricky Davis,Tim Thomas,Andrei Kirilenko,Carlos Boozer,Kosta Koufos,Kyle Korver,Ronnie Price,4,3:41,UTA,foul,,,,,,,,Al Thornton,,Ronnie Price,,,,,,offensive,,
Al Thornton,Chris Kaman,Mike Taylor,Ricky Davis,Tim Thomas,Andrei Kirilenko,Carlos Boozer,Kosta Koufos,Kyle Korver,Ronnie Price,4,3:41,UTA,turnover,,,,,,,,,,Ronnie Price,,,foul,,,,,
Al Thornton,Chris Kaman,Eric Gordon,Mike Taylor,Tim Thomas,Andrei Kirilenko,Carlos Boozer,Kosta Koufos,Kyle Korver,Ronnie Price,4,3:41,LAC,sub,,,,Eric Gordon,,Ricky Davis,,,,,,,,,,,,
Al Thornton,Chris Kaman,Eric Gordon,Mike Taylor,Tim Thomas,Andrei Kirilenko,Kosta Koufos,Kyle Korver,Paul Millsap,Ronnie Price,4,3:41,UTA,sub,,,,Paul Millsap,,Carlos Boozer,,,,,,,,,,,,
Al Thornton,Chris Kaman,Eric Gordon,Mike Taylor,Tim Thomas,Kosta Koufos,Kyle Korver,Morris Almond,Paul Millsap,Ronnie Price,4,3:41,UTA,sub,,,,Morris Almond,,Andrei Kirilenko,,,,,,,,,,,,
Al Thornton,Chris Kaman,Eric Gordon,Mike Taylor,Tim Thomas,Kosta Koufos,Kyle Korver,Morris Almond,Paul Millsap,Ronnie Price,4,3:20,LAC,shot,,,,,,,,,,Tim Thomas,,,,missed,,jump,13,6
Al Thornton,Chris Kaman,Eric Gordon,Mike Taylor,Tim Thomas,Kosta Koufos,Kyle Korver,Morris Almond,Paul Millsap,Ronnie Price,4,3:19,LAC,rebound,,,,,,,,,,Chris Kaman,,,,,,off,,
Al Thornton,Chris Kaman,Eric Gordon,Mike Taylor,Tim Thomas,Kosta Koufos,Kyle Korver,Morris Almond,Paul Millsap,Ronnie Price,4,3:17,LAC,turnover,,,,,,,,,,Chris Kaman,,,lost ball,,Kyle Korver,,,
Al Thornton,Chris Kaman,Eric Gordon,Mike Taylor,Tim Thomas,Kosta Koufos,Kyle Korver,Morris Almond,Paul Millsap,Ronnie Price,4,3:11,UTA,shot,,,Al Thornton,,,,,,,Morris Almond,,,,missed,,layup,25,6
Al Thornton,Chris Kaman,Eric Gordon,Mike Taylor,Tim Thomas,Kosta Koufos,Kyle Korver,Morris Almond,Paul Millsap,Ronnie Price,4,3:10,LAC,rebound,,,,,,,,,,Al Thornton,,,,,,def,,
Al Thornton,Chris Kaman,Eric Gordon,Mike Taylor,Tim Thomas,Kosta Koufos,Kyle Korver,Morris Almond,Paul Millsap,Ronnie Price,4,3:07,LAC,shot,Mike Taylor,,,,,,,,,Tim Thomas,2,,,made,,layup,25,6
Al Thornton,Chris Kaman,Eric Gordon,Mike Taylor,Tim Thomas,Kosta Koufos,Kyle Korver,Morris Almond,Paul Millsap,Ronnie Price,4,3:07,UTA,foul,,,,,,,,Tim Thomas,,Ronnie Price,,,,,,shooting,,
Al Thornton,Chris Kaman,Eric Gordon,Mike Taylor,Tim Thomas,Kosta Koufos,Kyle Korver,Kyrylo Fesenko,Morris Almond,Ronnie Price,4,3:07,UTA,sub,,,,Kyrylo Fesenko,,Paul Millsap,,,,,,,,,,,,
Al Thornton,Chris Kaman,Eric Gordon,Mike Taylor,Tim Thomas,C.J. Miles,Kosta Koufos,Kyrylo Fesenko,Morris Almond,Ronnie Price,4,3:07,UTA,sub,,,,C.J. Miles,,Kyle Korver,,,,,,,,,,,,
Al Thornton,Chris Kaman,Eric Gordon,Mike Taylor,Tim Thomas,C.J. Miles,Kosta Koufos,Kyrylo Fesenko,Morris Almond,Ronnie Price,4,3:07,LAC,free throw,,,,,,,1,,1,Tim Thomas,,,foul,made,,,,
Al Thornton,Chris Kaman,Eric Gordon,Mike Taylor,Tim Thomas,C.J. Miles,Kosta Koufos,Kyrylo Fesenko,Morris Almond,Ronnie Price,4,2:44,UTA,shot,,,Chris Kaman,,,,,,,Kosta Koufos,,,,missed,,jump,32,9
Al Thornton,Chris Kaman,Eric Gordon,Mike Taylor,Tim Thomas,C.J. Miles,Kosta Koufos,Kyrylo Fesenko,Morris Almond,Ronnie Price,4,2:44,UTA,rebound,,,,,,,,,,,,,,,,,,
Al Thornton,Chris Kaman,Eric Gordon,Mike Taylor,Tim Thomas,C.J. Miles,Kosta Koufos,Kyrylo Fesenko,Morris Almond,Ronnie Price,4,2:44,UTA,timeout,,,,,,,,,,,,,,,,regular,,
Al Thornton,Chris Kaman,Eric Gordon,Mike Taylor,Paul Davis,C.J. Miles,Kosta Koufos,Kyrylo Fesenko,Morris Almond,Ronnie Price,4,2:44,LAC,sub,,,,Paul Davis,,Tim Thomas,,,,,,,,,,,,
Al Thornton,DeAndre Jordan,Eric Gordon,Mike Taylor,Paul Davis,C.J. Miles,Kosta Koufos,Kyrylo Fesenko,Morris Almond,Ronnie Price,4,2:44,LAC,sub,,,,DeAndre Jordan,,Chris Kaman,,,,,,,,,,,,
Al Thornton,DeAndre Jordan,Eric Gordon,Mike Taylor,Paul Davis,C.J. Miles,Kosta Koufos,Kyrylo Fesenko,Morris Almond,Ronnie Price,4,2:42,UTA,turnover,,,,,,,,,,,,,shot clock turnover,,,,,
Al Thornton,DeAndre Jordan,Eric Gordon,Mike Taylor,Paul Davis,C.J. Miles,Kosta Koufos,Kyrylo Fesenko,Morris Almond,Ronnie Price,4,2:28,LAC,shot,Mike Taylor,,,,,,,,,Paul Davis,2,,,made,,jump,19,25
Al Thornton,DeAndre Jordan,Eric Gordon,Mike Taylor,Paul Davis,C.J. Miles,Kosta Koufos,Kyrylo Fesenko,Morris Almond,Ronnie Price,4,2:02,UTA,turnover,,,,,,,,,,Kyrylo Fesenko,,,traveling,,,,,
Al Thornton,DeAndre Jordan,Eric Gordon,Mike Taylor,Paul Davis,C.J. Miles,Kosta Koufos,Kyrylo Fesenko,Morris Almond,Ronnie Price,4,1:48,UTA,foul,,,,,,,,Eric Gordon,,C.J. Miles,,,,,,personal,,
Al Thornton,DeAndre Jordan,Eric Gordon,Mike Taylor,Paul Davis,C.J. Miles,Kosta Koufos,Kyrylo Fesenko,Morris Almond,Ronnie Price,4,1:48,LAC,free throw,,,,,,,1,,2,Eric Gordon,,,foul,missed,,,,
Al Thornton,DeAndre Jordan,Eric Gordon,Mike Taylor,Paul Davis,C.J. Miles,Kosta Koufos,Kyrylo Fesenko,Morris Almond,Ronnie Price,4,1:48,LAC,rebound,,,,,,,,,,,,,,,,,,
Al Thornton,DeAndre Jordan,Eric Gordon,Mike Taylor,Paul Davis,C.J. Miles,Kosta Koufos,Kyrylo Fesenko,Morris Almond,Ronnie Price,4,1:48,LAC,free throw,,,,,,,2,,2,Eric Gordon,,,foul,made,,,,
Al Thornton,DeAndre Jordan,Eric Gordon,Mike Taylor,Paul Davis,C.J. Miles,Kosta Koufos,Kyrylo Fesenko,Morris Almond,Ronnie Price,4,1:36,UTA,shot,Ronnie Price,,,,,,,,,Morris Almond,2,,,made,,jump,6,9
Al Thornton,DeAndre Jordan,Eric Gordon,Mike Taylor,Paul Davis,C.J. Miles,Kosta Koufos,Kyrylo Fesenko,Morris Almond,Ronnie Price,4,1:21,LAC,shot,,,,,,,,,,Al Thornton,,,,missed,,jump,24,21
Al Thornton,DeAndre Jordan,Eric Gordon,Mike Taylor,Paul Davis,C.J. Miles,Kosta Koufos,Kyrylo Fesenko,Morris Almond,Ronnie Price,4,1:20,LAC,rebound,,,,,,,,,,Paul Davis,,,,,,off,,
Al Thornton,DeAndre Jordan,Eric Gordon,Mike Taylor,Paul Davis,C.J. Miles,Kosta Koufos,Kyrylo Fesenko,Morris Almond,Ronnie Price,4,1:02,LAC,shot,,,,,,,,,,Paul Davis,,,,missed,,layup,25,6
Al Thornton,DeAndre Jordan,Eric Gordon,Mike Taylor,Paul Davis,C.J. Miles,Kosta Koufos,Kyrylo Fesenko,Morris Almond,Ronnie Price,4,1:02,LAC,shot,,,,,,,,,,DeAndre Jordan,2,,,made,,putback slam dunk,25,6
Al Thornton,DeAndre Jordan,Eric Gordon,Mike Taylor,Paul Davis,C.J. Miles,Kosta Koufos,Kyrylo Fesenko,Morris Almond,Ronnie Price,4,1:02,LAC,rebound,,,,,,,,,,DeAndre Jordan,,,,,,off,,
Al Thornton,DeAndre Jordan,Eric Gordon,Mike Taylor,Paul Davis,C.J. Miles,Kosta Koufos,Kyrylo Fesenko,Morris Almond,Ronnie Price,4,0:51,UTA,shot,Ronnie Price,,,,,,,,,Morris Almond,3,,,made,,3pt,49,7
Al Thornton,DeAndre Jordan,Eric Gordon,Mike Taylor,Paul Davis,C.J. Miles,Kosta Koufos,Kyrylo Fesenko,Morris Almond,Ronnie Price,4,0:39,LAC,shot,Mike Taylor,,,,,,,,,Eric Gordon,3,,,made,,3pt,6,22
Al Thornton,DeAndre Jordan,Eric Gordon,Mike Taylor,Paul Davis,C.J. Miles,Kosta Koufos,Kyrylo Fesenko,Morris Almond,Ronnie Price,4,0:17,UTA,shot,,,,,,,,,,Kosta Koufos,,,,missed,,jump hook,15,6
Al Thornton,DeAndre Jordan,Eric Gordon,Mike Taylor,Paul Davis,C.J. Miles,Kosta Koufos,Kyrylo Fesenko,Morris Almond,Ronnie Price,4,0:17,UTA,shot,,,,,,,,,,Kyrylo Fesenko,2,,,made,,putback slam dunk,25,6
Al Thornton,DeAndre Jordan,Eric Gordon,Mike Taylor,Paul Davis,C.J. Miles,Kosta Koufos,Kyrylo Fesenko,Morris Almond,Ronnie Price,4,0:17,UTA,rebound,,,,,,,,,,Kyrylo Fesenko,,,,,,off,,
Al Thornton,DeAndre Jordan,Eric Gordon,Mike Taylor,Paul Davis,C.J. Miles,Kosta Koufos,Kyrylo Fesenko,Morris Almond,Ronnie Price,4,0:01,LAC,turnover,,,,,,,,,,Eric Gordon,,,bad pass,,Kyrylo Fesenko,,,
