a1,a2,a3,a4,a5,h1,h2,h3,h4,h5,period,time,team,etype,assist,away,block,entered,home,left,num,opponent,outof,player,points,possession,reason,result,steal,type,x,y
Dwyane Wade,Mario Chalmers,Michael Beasley,Shawn Marion,Udonis Haslem,Emeka Okafor,Gerald Wallace,Jared Dudley,Jason Richardson,Raymond Felton,1,12:00,OFF,jump ball,,Udonis Haslem,,,Emeka Okafor,,,,,,,Raymond Felton,,,,,,
Dwyane Wade,Mario Chalmers,Michael Beasley,Shawn Marion,Udonis Haslem,Emeka Okafor,Gerald Wallace,Jared Dudley,Jason Richardson,Raymond Felton,1,11:44,CHA,turnover,,,,,,,,,,Jason Richardson,,,bad pass,,Udonis Haslem,,,
Dwyane Wade,Mario Chalmers,Michael Beasley,Shawn Marion,Udonis Haslem,Emeka Okafor,Gerald Wallace,Jared Dudley,Jason Richardson,Raymond Felton,1,11:21,MIA,shot,,,,,,,,,,Shawn Marion,,,,missed,,3pt,2,8
Dwyane Wade,Mario Chalmers,Michael Beasley,Shawn Marion,Udonis Haslem,Emeka Okafor,Gerald Wallace,Jared Dudley,Jason Richardson,Raymond Felton,1,11:19,MIA,rebound,,,,,,,,,,Udonis Haslem,,,,,,off,,
Dwyane Wade,Mario Chalmers,Michael Beasley,Shawn Marion,Udonis Haslem,Emeka Okafor,Gerald Wallace,Jared Dudley,Jason Richardson,Raymond Felton,1,11:03,MIA,shot,,,,,,,,,,Shawn Marion,,,,missed,,jump,15,14
Dwyane Wade,Mario Chalmers,Michael Beasley,Shawn Marion,Udonis Haslem,Emeka Okafor,Gerald Wallace,Jared Dudley,Jason Richardson,Raymond Felton,1,11:02,CHA,rebound,,,,,,,,,,Gerald Wallace,,,,,,def,,
Dwyane Wade,Mario Chalmers,Michael Beasley,Shawn Marion,Udonis Haslem,Emeka Okafor,Gerald Wallace,Jared Dudley,Jason Richardson,Raymond Felton,1,10:48,CHA,foul,,,,,,,,Dwyane Wade,,Emeka Okafor,,,,,,offensive,,
Dwyane Wade,Mario Chalmers,Michael Beasley,Shawn Marion,Udonis Haslem,Emeka Okafor,Gerald Wallace,Jared Dudley,Jason Richardson,Raymond Felton,1,10:48,CHA,turnover,,,,,,,,,,Emeka Okafor,,,foul,,,,,
Dwyane Wade,Mario Chalmers,Michael Beasley,Shawn Marion,Udonis Haslem,Emeka Okafor,Gerald Wallace,Jared Dudley,Jason Richardson,Raymond Felton,1,10:25,MIA,turnover,,,,,,,,,,Mario Chalmers,,,bad pass,,,,,
Dwyane Wade,Mario Chalmers,Michael Beasley,Shawn Marion,Udonis Haslem,Emeka Okafor,Gerald Wallace,Jared Dudley,Jason Richardson,Raymond Felton,1,10:10,CHA,shot,Gerald Wallace,,,,,,,,,Jason Richardson,2,,,made,,fade away jumper,24,18
Dwyane Wade,Mario Chalmers,Michael Beasley,Shawn Marion,Udonis Haslem,Emeka Okafor,Gerald Wallace,Jared Dudley,Jason Richardson,Raymond Felton,1,9:55,MIA,shot,,,,,,,,,,Dwyane Wade,2,,,made,,layup,25,6
Dwyane Wade,Mario Chalmers,Michael Beasley,Shawn Marion,Udonis Haslem,Emeka Okafor,Gerald Wallace,Jared Dudley,Jason Richardson,Raymond Felton,1,9:40,CHA,shot,Jason Richardson,,,,,,,,,Emeka Okafor,2,,,made,,dunk,25,6
Dwyane Wade,Mario Chalmers,Michael Beasley,Shawn Marion,Udonis Haslem,Emeka Okafor,Gerald Wallace,Jared Dudley,Jason Richardson,Raymond Felton,1,9:21,MIA,turnover,,,,,,,,,,Dwyane Wade,,,lost ball,,Jason Richardson,,,
Dwyane Wade,Mario Chalmers,Michael Beasley,Shawn Marion,Udonis Haslem,Emeka Okafor,Gerald Wallace,Jared Dudley,Jason Richardson,Raymond Felton,1,9:14,CHA,shot,Jared Dudley,,,,,,,,,Gerald Wallace,2,,,made,,reverse layup,25,6
Dwyane Wade,Mario Chalmers,Michael Beasley,Shawn Marion,Udonis Haslem,Emeka Okafor,Gerald Wallace,Jared Dudley,Jason Richardson,Raymond Felton,1,8:57,MIA,shot,Dwyane Wade,,,,,,,,,Udonis Haslem,2,,,made,,jump,24,18
Dwyane Wade,Mario Chalmers,Michael Beasley,Shawn Marion,Udonis Haslem,Emeka Okafor,Gerald Wallace,Jared Dudley,Jason Richardson,Raymond Felton,1,8:39,MIA,foul,,,,,,,,Jason Richardson,,Dwyane Wade,,,,,,personal,,
Dwyane Wade,Mario Chalmers,Michael Beasley,Shawn Marion,Udonis Haslem,Emeka Okafor,Gerald Wallace,Jared Dudley,Jason Richardson,Raymond Felton,1,8:32,CHA,shot,,,,,,,,,,Raymond Felton,,,,missed,,jump,25,23
Dwyane Wade,Mario Chalmers,Michael Beasley,Shawn Marion,Udonis Haslem,Emeka Okafor,Gerald Wallace,Jared Dudley,Jason Richardson,Raymond Felton,1,8:30,MIA,rebound,,,,,,,,,,Michael Beasley,,,,,,def,,
Dwyane Wade,Mario Chalmers,Michael Beasley,Shawn Marion,Udonis Haslem,Emeka Okafor,Gerald Wallace,Jared Dudley,Jason Richardson,Raymond Felton,1,8:19,MIA,shot,,,,,,,,,,Dwyane Wade,,,,missed,,layup,25,6
Dwyane Wade,Mario Chalmers,Michael Beasley,Shawn Marion,Udonis Haslem,Emeka Okafor,Gerald Wallace,Jared Dudley,Jason Richardson,Raymond Felton,1,8:17,MIA,shot,,,,,,,,,,Dwyane Wade,,,,missed,,layup,25,6
Dwyane Wade,Mario Chalmers,Michael Beasley,Shawn Marion,Udonis Haslem,Emeka Okafor,Gerald Wallace,Jared Dudley,Jason Richardson,Raymond Felton,1,8:17,MIA,rebound,,,,,,,,,,Dwyane Wade,,,,,,off,,
Dwyane Wade,Mario Chalmers,Michael Beasley,Shawn Marion,Udonis Haslem,Emeka Okafor,Gerald Wallace,Jared Dudley,Jason Richardson,Raymond Felton,1,8:16,MIA,rebound,,,,,,,,,,Dwyane Wade,,,,,,off,,
Dwyane Wade,Mario Chalmers,Michael Beasley,Shawn Marion,Udonis Haslem,Emeka Okafor,Gerald Wallace,Jared Dudley,Jason Richardson,Raymond Felton,1,8:02,MIA,shot,Mario Chalmers,,,,,,,,,Udonis Haslem,2,,,made,,jump,41,9
Dwyane Wade,Mario Chalmers,Michael Beasley,Shawn Marion,Udonis Haslem,Emeka Okafor,Gerald Wallace,Jared Dudley,Jason Richardson,Raymond Felton,1,7:46,CHA,shot,,,,,,,,,,Gerald Wallace,2,,,made,,jump,33,24
Dwyane Wade,Mario Chalmers,Michael Beasley,Shawn Marion,Udonis Haslem,Emeka Okafor,Gerald Wallace,Jared Dudley,Jason Richardson,Raymond Felton,1,7:24,MIA,turnover,,,,,,,,,,Mario Chalmers,,,bad pass,,,,,
Dwyane Wade,Mario Chalmers,Michael Beasley,Shawn Marion,Udonis Haslem,Emeka Okafor,Gerald Wallace,Jared Dudley,Jason Richardson,Raymond Felton,1,7:17,MIA,foul,,,,,,,,Raymond Felton,,Mario Chalmers,,,,,,personal,,
Dwyane Wade,Mario Chalmers,Michael Beasley,Shawn Marion,Udonis Haslem,Emeka Okafor,Gerald Wallace,Jared Dudley,Jason Richardson,Raymond Felton,1,7:02,CHA,shot,,,,,,,,,,Jason Richardson,2,,,made,,jump,14,19
Dwyane Wade,Mario Chalmers,Michael Beasley,Shawn Marion,Udonis Haslem,Emeka Okafor,Gerald Wallace,Jared Dudley,Jason Richardson,Raymond Felton,1,6:45,MIA,shot,Dwyane Wade,,,,,,,,,Udonis Haslem,2,,,made,,jump,40,10
Dwyane Wade,Mario Chalmers,Michael Beasley,Shawn Marion,Udonis Haslem,Emeka Okafor,Gerald Wallace,Jared Dudley,Jason Richardson,Raymond Felton,1,6:36,CHA,timeout,,,,,,,,,,,,,,,,regular,,
Dwyane Wade,Mario Chalmers,Michael Beasley,Shawn Marion,Udonis Haslem,Emeka Okafor,Gerald Wallace,Jared Dudley,Jason Richardson,Raymond Felton,1,6:25,CHA,turnover,,,,,,,,,,Emeka Okafor,,,3 second violation,,,,,
Dwyane Wade,Mario Chalmers,Michael Beasley,Shawn Marion,Udonis Haslem,Emeka Okafor,Gerald Wallace,Jared Dudley,Jason Richardson,Raymond Felton,1,6:15,MIA,shot,,,,,,,,,,Dwyane Wade,,,,missed,,jump,37,23
Dwyane Wade,Mario Chalmers,Michael Beasley,Shawn Marion,Udonis Haslem,Emeka Okafor,Gerald Wallace,Jared Dudley,Jason Richardson,Raymond Felton,1,6:14,CHA,rebound,,,,,,,,,,Raymond Felton,,,,,,def,,
Dwyane Wade,Mario Chalmers,Michael Beasley,Shawn Marion,Udonis Haslem,Emeka Okafor,Gerald Wallace,Jared Dudley,Jason Richardson,Raymond Felton,1,6:07,CHA,shot,,,Michael Beasley,,,,,,,Jason Richardson,,,,missed,,layup,25,6
Dwyane Wade,Mario Chalmers,Michael Beasley,Shawn Marion,Udonis Haslem,Emeka Okafor,Gerald Wallace,Jared Dudley,Jason Richardson,Raymond Felton,1,6:04,MIA,rebound,,,,,,,,,,Udonis Haslem,,,,,,def,,
Dwyane Wade,Mario Chalmers,Michael Beasley,Shawn Marion,Udonis Haslem,Emeka Okafor,Gerald Wallace,Jared Dudley,Jason Richardson,Raymond Felton,1,5:57,MIA,shot,Mario Chalmers,,,,,,,,,Michael Beasley,2,,,made,,jump,9,17
Dwyane Wade,Mario Chalmers,Michael Beasley,Shawn Marion,Udonis Haslem,Emeka Okafor,Gerald Wallace,Jared Dudley,Jason Richardson,Raymond Felton,1,5:37,CHA,turnover,,,,,,,,,,Gerald Wallace,,,out of bounds lost ball turnover,,,,,
Dwyane Wade,Mario Chalmers,Michael Beasley,Shawn Marion,Udonis Haslem,Emeka Okafor,Gerald Wallace,Jared Dudley,Jason Richardson,Raymond Felton,1,5:15,MIA,shot,Mario Chalmers,,,,,,,,,Udonis Haslem,2,,,made,,jump,42,10
Dwyane Wade,Mario Chalmers,Michael Beasley,Shawn Marion,Udonis Haslem,Emeka Okafor,Gerald Wallace,Jared Dudley,Jason Richardson,Raymond Felton,1,4:57,CHA,shot,,,,,,,,,,Gerald Wallace,,,,missed,,reverse layup,25,6
Dwyane Wade,Mario Chalmers,Michael Beasley,Shawn Marion,Udonis Haslem,Emeka Okafor,Gerald Wallace,Jared Dudley,Jason Richardson,Raymond Felton,1,4:57,CHA,rebound,,,,,,,,,,,,,,,,,,
Dwyane Wade,Mario Chalmers,Michael Beasley,Shawn Marion,Udonis Haslem,Emeka Okafor,Gerald Wallace,Jared Dudley,Jason Richardson,Raymond Felton,1,4:47,CHA,shot,,,,,,,,,,Emeka Okafor,,,,missed,,hook,27,14
Dwyane Wade,Mario Chalmers,Michael Beasley,Shawn Marion,Udonis Haslem,Emeka Okafor,Gerald Wallace,Jared Dudley,Jason Richardson,Raymond Felton,1,4:46,CHA,rebound,,,,,,,,,,Emeka Okafor,,,,,,off,,
Dwyane Wade,Mario Chalmers,Michael Beasley,Shawn Marion,Udonis Haslem,Emeka Okafor,Gerald Wallace,Jared Dudley,Jason Richardson,Raymond Felton,1,4:43,CHA,shot,,,,,,,,,,Jared Dudley,,,,missed,,layup,25,6
Dwyane Wade,Mario Chalmers,Michael Beasley,Shawn Marion,Udonis Haslem,Emeka Okafor,Gerald Wallace,Jared Dudley,Jason Richardson,Raymond Felton,1,4:42,MIA,rebound,,,,,,,,,,Udonis Haslem,,,,,,def,,
Dwyane Wade,Mario Chalmers,Michael Beasley,Shawn Marion,Udonis Haslem,Emeka Okafor,Gerald Wallace,Jared Dudley,Jason Richardson,Raymond Felton,1,4:29,CHA,foul,,,,,,,,Mario Chalmers,,Jared Dudley,,,,,,personal,,
Dwyane Wade,Mario Chalmers,Michael Beasley,Shawn Marion,Udonis Haslem,Emeka Okafor,Gerald Wallace,Jared Dudley,Jason Richardson,Raymond Felton,1,4:29,MIA,shot,,,,,,,,,,Michael Beasley,2,,,made,,jump,45,8
Dwyane Wade,Mario Chalmers,Michael Beasley,Shawn Marion,Udonis Haslem,Emeka Okafor,Gerald Wallace,Jared Dudley,Jason Richardson,Raymond Felton,1,4:14,MIA,foul,,,,,,,,Gerald Wallace,,Shawn Marion,,,,,,personal,,
Dwyane Wade,Mario Chalmers,Michael Beasley,Shawn Marion,Udonis Haslem,Emeka Okafor,Gerald Wallace,Jared Dudley,Jason Richardson,Raymond Felton,1,4:14,CHA,free throw,,,,,,,1,,2,Gerald Wallace,,,foul,made,,,,
Dwyane Wade,Mario Chalmers,Michael Beasley,Shawn Marion,Udonis Haslem,Emeka Okafor,Gerald Wallace,Jared Dudley,Jason Richardson,Raymond Felton,1,4:14,CHA,free throw,,,,,,,2,,2,Gerald Wallace,,,foul,missed,,,,
Dwyane Wade,Mario Chalmers,Michael Beasley,Shawn Marion,Udonis Haslem,Emeka Okafor,Gerald Wallace,Jared Dudley,Jason Richardson,Raymond Felton,1,4:12,MIA,rebound,,,,,,,,,,Michael Beasley,,,,,,def,,
Dwyane Wade,Mario Chalmers,Michael Beasley,Shawn Marion,Udonis Haslem,Emeka Okafor,Gerald Wallace,Jared Dudley,Jason Richardson,Raymond Felton,1,3:48,MIA,shot,,,Emeka Okafor,,,,,,,Mario Chalmers,,,,missed,,layup,25,6
Dwyane Wade,Mario Chalmers,Michael Beasley,Shawn Marion,Udonis Haslem,Emeka Okafor,Gerald Wallace,Jared Dudley,Jason Richardson,Raymond Felton,1,3:47,CHA,rebound,,,,,,,,,,Emeka Okafor,,,,,,def,,
Dwyane Wade,Mario Chalmers,Michael Beasley,Shawn Marion,Udonis Haslem,Emeka Okafor,Gerald Wallace,Jared Dudley,Jason Richardson,Raymond Felton,1,3:44,CHA,shot,,,,,,,,,,Gerald Wallace,2,,,made,,layup,25,6
Dwyane Wade,Mario Chalmers,Michael Beasley,Shawn Marion,Udonis Haslem,Emeka Okafor,Gerald Wallace,Jared Dudley,Jason Richardson,Raymond Felton,1,3:44,MIA,foul,,,,,,,,Gerald Wallace,,Dwyane Wade,,,,,,shooting,,
Daequan Cook,Mario Chalmers,Michael Beasley,Shawn Marion,Udonis Haslem,Emeka Okafor,Gerald Wallace,Jared Dudley,Jason Richardson,Raymond Felton,1,3:44,MIA,sub,,,,Daequan Cook,,Dwyane Wade,,,,,,,,,,,,
Daequan Cook,Mario Chalmers,Michael Beasley,Shawn Marion,Udonis Haslem,Emeka Okafor,Gerald Wallace,Jared Dudley,Jason Richardson,Raymond Felton,1,3:44,CHA,free throw,,,,,,,1,,1,Gerald Wallace,,,foul,made,,,,
Daequan Cook,Mario Chalmers,Michael Beasley,Shawn Marion,Udonis Haslem,Emeka Okafor,Gerald Wallace,Jared Dudley,Jason Richardson,Raymond Felton,1,3:23,MIA,shot,,,,,,,,,,Daequan Cook,,,,missed,,3pt,48,10
Daequan Cook,Mario Chalmers,Michael Beasley,Shawn Marion,Udonis Haslem,Emeka Okafor,Gerald Wallace,Jared Dudley,Jason Richardson,Raymond Felton,1,3:22,CHA,rebound,,,,,,,,,,Emeka Okafor,,,,,,def,,
Daequan Cook,Mario Chalmers,Michael Beasley,Shawn Marion,Udonis Haslem,Emeka Okafor,Gerald Wallace,Jared Dudley,Jason Richardson,Raymond Felton,1,3:13,CHA,turnover,,,,,,,,,,Jason Richardson,,,bad pass,,,,,
Daequan Cook,Mario Chalmers,Michael Beasley,Shawn Marion,Udonis Haslem,Emeka Okafor,Gerald Wallace,Jared Dudley,Jason Richardson,Raymond Felton,1,3:09,MIA,timeout,,,,,,,,,,,,,,,,regular,,
Daequan Cook,Marcus Banks,Michael Beasley,Shawn Marion,Udonis Haslem,Emeka Okafor,Gerald Wallace,Jared Dudley,Jason Richardson,Raymond Felton,1,3:09,MIA,sub,,,,Marcus Banks,,Mario Chalmers,,,,,,,,,,,,
Daequan Cook,Marcus Banks,Michael Beasley,Shawn Marion,Udonis Haslem,Emeka Okafor,Gerald Wallace,Jared Dudley,Jason Richardson,Raymond Felton,1,2:48,MIA,shot,,,,,,,,,,Daequan Cook,,,,missed,,3pt,37,32
Daequan Cook,Marcus Banks,Michael Beasley,Shawn Marion,Udonis Haslem,Emeka Okafor,Gerald Wallace,Jared Dudley,Jason Richardson,Raymond Felton,1,2:46,MIA,rebound,,,,,,,,,,Shawn Marion,,,,,,off,,
Daequan Cook,Marcus Banks,Michael Beasley,Shawn Marion,Udonis Haslem,Emeka Okafor,Gerald Wallace,Jared Dudley,Jason Richardson,Raymond Felton,1,2:27,MIA,turnover,,,,,,,,,,Michael Beasley,,,traveling,,,,,
Daequan Cook,Marcus Banks,Michael Beasley,Shawn Marion,Udonis Haslem,Emeka Okafor,Gerald Wallace,Jared Dudley,Jason Richardson,Raymond Felton,1,2:14,CHA,shot,Raymond Felton,,,,,,,,,Jason Richardson,2,,,made,,layup,25,6
Daequan Cook,Marcus Banks,Michael Beasley,Shawn Marion,Udonis Haslem,Emeka Okafor,Gerald Wallace,Jared Dudley,Jason Richardson,Raymond Felton,1,1:51,MIA,shot,,,,,,,,,,Marcus Banks,,,,missed,,jump,18,24
Daequan Cook,Marcus Banks,Michael Beasley,Shawn Marion,Udonis Haslem,Emeka Okafor,Gerald Wallace,Jared Dudley,Jason Richardson,Raymond Felton,1,1:50,CHA,rebound,,,,,,,,,,Raymond Felton,,,,,,def,,
Daequan Cook,Marcus Banks,Michael Beasley,Shawn Marion,Udonis Haslem,Emeka Okafor,Gerald Wallace,Jared Dudley,Jason Richardson,Raymond Felton,1,1:37,CHA,foul,,,,,,,,Udonis Haslem,,Gerald Wallace,,,,,,offensive,,
Daequan Cook,Marcus Banks,Michael Beasley,Shawn Marion,Udonis Haslem,Emeka Okafor,Gerald Wallace,Jared Dudley,Jason Richardson,Raymond Felton,1,1:37,CHA,turnover,,,,,,,,,,Gerald Wallace,,,foul,,,,,
Chris Quinn,Daequan Cook,Marcus Banks,Shawn Marion,Udonis Haslem,Emeka Okafor,Gerald Wallace,Jared Dudley,Jason Richardson,Raymond Felton,1,1:37,MIA,sub,,,,Chris Quinn,,Michael Beasley,,,,,,,,,,,,
Chris Quinn,Daequan Cook,Marcus Banks,Shawn Marion,Udonis Haslem,Adam Morrison,Emeka Okafor,Gerald Wallace,Jason Richardson,Raymond Felton,1,1:37,CHA,sub,,,,Adam Morrison,,Jared Dudley,,,,,,,,,,,,
Chris Quinn,Daequan Cook,Marcus Banks,Shawn Marion,Udonis Haslem,Adam Morrison,Emeka Okafor,Gerald Wallace,Jason Richardson,Raymond Felton,1,1:26,MIA,shot,,,,,,,,,,Shawn Marion,,,,missed,,floating jump,25,13
Chris Quinn,Daequan Cook,Marcus Banks,Shawn Marion,Udonis Haslem,Adam Morrison,Emeka Okafor,Gerald Wallace,Jason Richardson,Raymond Felton,1,1:25,CHA,rebound,,,,,,,,,,Gerald Wallace,,,,,,def,,
Chris Quinn,Daequan Cook,Marcus Banks,Shawn Marion,Udonis Haslem,Adam Morrison,Emeka Okafor,Gerald Wallace,Jason Richardson,Raymond Felton,1,1:04,CHA,shot,Raymond Felton,,,,,,,,,Jason Richardson,3,,,made,,3pt,2,9
Chris Quinn,Daequan Cook,Marcus Banks,Shawn Marion,Udonis Haslem,Adam Morrison,Emeka Okafor,Gerald Wallace,Jason Richardson,Raymond Felton,1,0:37,MIA,shot,,,,,,,,,,Daequan Cook,,,,missed,,3pt,4,19
Chris Quinn,Daequan Cook,Marcus Banks,Shawn Marion,Udonis Haslem,Adam Morrison,Emeka Okafor,Gerald Wallace,Jason Richardson,Raymond Felton,1,0:36,CHA,rebound,,,,,,,,,,Adam Morrison,,,,,,def,,
Chris Quinn,Daequan Cook,Marcus Banks,Shawn Marion,Udonis Haslem,Adam Morrison,Emeka Okafor,Gerald Wallace,Jason Richardson,Raymond Felton,1,0:29,CHA,shot,Raymond Felton,,,,,,,,,Emeka Okafor,2,,,made,,layup,25,6
Chris Quinn,Daequan Cook,Marcus Banks,Shawn Marion,Udonis Haslem,Adam Morrison,Emeka Okafor,Gerald Wallace,Jason Richardson,Raymond Felton,1,0:29,MIA,foul,,,,,,,,Emeka Okafor,,Daequan Cook,,,,,,shooting,,
Chris Quinn,Daequan Cook,Marcus Banks,Shawn Marion,Udonis Haslem,Emeka Okafor,Gerald Wallace,Jason Richardson,Raymond Felton,Shannon Brown,1,0:29,CHA,sub,,,,Shannon Brown,,Adam Morrison,,,,,,,,,,,,
Chris Quinn,Daequan Cook,Marcus Banks,Shawn Marion,Udonis Haslem,D.J. Augustin,Emeka Okafor,Gerald Wallace,Raymond Felton,Shannon Brown,1,0:29,CHA,sub,,,,D.J. Augustin,,Jason Richardson,,,,,,,,,,,,
Chris Quinn,Daequan Cook,Marcus Banks,Shawn Marion,Udonis Haslem,D.J. Augustin,Emeka Okafor,Jared Dudley,Raymond Felton,Shannon Brown,1,0:29,CHA,sub,,,,Jared Dudley,,Gerald Wallace,,,,,,,,,,,,
Chris Quinn,Daequan Cook,Marcus Banks,Shawn Marion,Udonis Haslem,D.J. Augustin,Emeka Okafor,Jared Dudley,Raymond Felton,Shannon Brown,1,0:29,CHA,free throw,,,,,,,1,,1,Emeka Okafor,,,foul,made,,,,
Chris Quinn,Daequan Cook,Marcus Banks,Shawn Marion,Udonis Haslem,D.J. Augustin,Emeka Okafor,Jared Dudley,Raymond Felton,Shannon Brown,1,0:29,CHA,foul,,,,,,,,Chris Quinn,,D.J. Augustin,,,,,,inbound,,
Chris Quinn,Daequan Cook,Marcus Banks,Shawn Marion,Udonis Haslem,Adam Morrison,D.J. Augustin,Emeka Okafor,Jared Dudley,Raymond Felton,1,0:29,CHA,sub,,,,Adam Morrison,,Shannon Brown,,,,,,,,,,,,
Chris Quinn,Daequan Cook,Marcus Banks,Shawn Marion,Udonis Haslem,Adam Morrison,D.J. Augustin,Emeka Okafor,Jared Dudley,Raymond Felton,1,0:29,MIA,free throw,,,,,,,1,,2,Chris Quinn,,,foul,made,,,,
Chris Quinn,Daequan Cook,Marcus Banks,Shawn Marion,Udonis Haslem,Adam Morrison,D.J. Augustin,Emeka Okafor,Jared Dudley,Raymond Felton,1,0:29,MIA,free throw,,,,,,,2,,2,Chris Quinn,,,foul,made,,,,
Chris Quinn,Daequan Cook,Marcus Banks,Shawn Marion,Udonis Haslem,Adam Morrison,D.J. Augustin,Emeka Okafor,Jared Dudley,Raymond Felton,1,0:17,CHA,turnover,,,,,,,,,,D.J. Augustin,,,poss lost ball turnover,,,,,
Chris Quinn,Daequan Cook,Marcus Banks,Shawn Marion,Udonis Haslem,Adam Morrison,D.J. Augustin,Emeka Okafor,Jared Dudley,Raymond Felton,1,0:17,CHA,foul,,,,,,,,Marcus Banks,,D.J. Augustin,,,,,,loose ball,,
Chris Quinn,Daequan Cook,Marcus Banks,Shawn Marion,Udonis Haslem,Adam Morrison,D.J. Augustin,Emeka Okafor,Jared Dudley,Raymond Felton,1,0:17,MIA,free throw,,,,,,,1,,2,Marcus Banks,,,foul,made,,,,
Chris Quinn,Daequan Cook,Marcus Banks,Shawn Marion,Udonis Haslem,Adam Morrison,D.J. Augustin,Emeka Okafor,Jared Dudley,Raymond Felton,1,0:17,MIA,free throw,,,,,,,2,,2,Marcus Banks,,,foul,made,,,,
Chris Quinn,Daequan Cook,Marcus Banks,Shawn Marion,Udonis Haslem,Adam Morrison,D.J. Augustin,Emeka Okafor,Jared Dudley,Raymond Felton,1,0:02,CHA,shot,,,,,,,,,,D.J. Augustin,2,,,made,,fade away jumper,31,15
Chris Quinn,Daequan Cook,Marcus Banks,Shawn Marion,Udonis Haslem,Adam Morrison,D.J. Augustin,Emeka Okafor,Jared Dudley,Raymond Felton,1,0:00,MIA,shot,,,,,,,,,,Daequan Cook,,,,missed,,3pt,10,45
Chris Quinn,Daequan Cook,Marcus Banks,Shawn Marion,Udonis Haslem,Adam Morrison,D.J. Augustin,Emeka Okafor,Jared Dudley,Raymond Felton,1,0:00,MIA,rebound,,,,,,,,,,,,,,,,,,
Chris Quinn,Daequan Cook,Marcus Banks,Mark Blount,Shawn Marion,Adam Morrison,Andre Brown,D.J. Augustin,Jared Dudley,Jason Richardson,2,11:40,MIA,shot,Shawn Marion,,,,,,,,,Daequan Cook,3,,,made,,3pt,7,24
Chris Quinn,Daequan Cook,Marcus Banks,Mark Blount,Shawn Marion,Adam Morrison,Andre Brown,D.J. Augustin,Jared Dudley,Jason Richardson,2,11:22,CHA,shot,,,,,,,,,,Adam Morrison,,,,missed,,3pt,36,30
Chris Quinn,Daequan Cook,Marcus Banks,Mark Blount,Shawn Marion,Adam Morrison,Andre Brown,D.J. Augustin,Jared Dudley,Jason Richardson,2,11:20,CHA,rebound,,,,,,,,,,Jared Dudley,,,,,,off,,
Chris Quinn,Daequan Cook,Marcus Banks,Mark Blount,Shawn Marion,Adam Morrison,Andre Brown,D.J. Augustin,Jared Dudley,Jason Richardson,2,11:14,MIA,foul,,,,,,,,Jason Richardson,,Marcus Banks,,,,,,personal,,
Chris Quinn,Daequan Cook,Marcus Banks,Mark Blount,Shawn Marion,Adam Morrison,Andre Brown,D.J. Augustin,Jared Dudley,Jason Richardson,2,11:03,CHA,shot,Adam Morrison,,,,,,,,,Jared Dudley,2,,,made,,jump,6,9
Chris Quinn,Daequan Cook,Marcus Banks,Mark Blount,Shawn Marion,Adam Morrison,Andre Brown,D.J. Augustin,Jared Dudley,Jason Richardson,2,10:47,CHA,foul,,,,,,,,Marcus Banks,,Andre Brown,,,,,,personal,,
Chris Quinn,Daequan Cook,Marcus Banks,Mark Blount,Shawn Marion,Adam Morrison,Andre Brown,D.J. Augustin,Jared Dudley,Jason Richardson,2,10:36,MIA,shot,,,,,,,,,,Marcus Banks,,,,missed,,3pt,2,9
Chris Quinn,Daequan Cook,Marcus Banks,Mark Blount,Shawn Marion,Adam Morrison,Andre Brown,D.J. Augustin,Jared Dudley,Jason Richardson,2,10:35,CHA,rebound,,,,,,,,,,Andre Brown,,,,,,def,,
Chris Quinn,Daequan Cook,Marcus Banks,Mark Blount,Shawn Marion,Adam Morrison,Andre Brown,D.J. Augustin,Jared Dudley,Jason Richardson,2,10:16,CHA,turnover,,,,,,,,,,Adam Morrison,,,step out of bounds turnover,,,,,
Chris Quinn,Daequan Cook,Marcus Banks,Mark Blount,Shawn Marion,Adam Morrison,Andre Brown,D.J. Augustin,Jared Dudley,Jason Richardson,2,10:05,CHA,foul,,,,,,,,Shawn Marion,,Andre Brown,,,,,,shooting,,
Chris Quinn,Daequan Cook,Marcus Banks,Mark Blount,Shawn Marion,Adam Morrison,Andre Brown,D.J. Augustin,Jared Dudley,Jason Richardson,2,10:05,MIA,free throw,,,,,,,1,,2,Shawn Marion,,,foul,missed,,,,
Chris Quinn,Daequan Cook,Marcus Banks,Mark Blount,Shawn Marion,Adam Morrison,Andre Brown,D.J. Augustin,Jared Dudley,Jason Richardson,2,10:05,MIA,rebound,,,,,,,,,,,,,,,,,,
Chris Quinn,Daequan Cook,Marcus Banks,Mark Blount,Shawn Marion,Adam Morrison,Andre Brown,D.J. Augustin,Gerald Wallace,Jason Richardson,2,10:05,CHA,sub,,,,Gerald Wallace,,Jared Dudley,,,,,,,,,,,,
Chris Quinn,Daequan Cook,Marcus Banks,Mark Blount,Shawn Marion,Adam Morrison,Andre Brown,Gerald Wallace,Jason Richardson,Raymond Felton,2,10:05,CHA,sub,,,,Raymond Felton,,D.J. Augustin,,,,,,,,,,,,
Chris Quinn,Daequan Cook,Marcus Banks,Mark Blount,Shawn Marion,Adam Morrison,Andre Brown,Gerald Wallace,Jason Richardson,Raymond Felton,2,10:05,MIA,free throw,,,,,,,2,,2,Shawn Marion,,,foul,missed,,,,
Chris Quinn,Daequan Cook,Marcus Banks,Mark Blount,Shawn Marion,Adam Morrison,Andre Brown,Gerald Wallace,Jason Richardson,Raymond Felton,2,10:03,CHA,rebound,,,,,,,,,,Andre Brown,,,,,,def,,
Chris Quinn,Daequan Cook,Marcus Banks,Mark Blount,Shawn Marion,Adam Morrison,Andre Brown,Gerald Wallace,Jason Richardson,Raymond Felton,2,9:51,CHA,shot,,,,,,,,,,Andre Brown,,,,missed,,jump,24,12
Chris Quinn,Daequan Cook,Marcus Banks,Mark Blount,Shawn Marion,Adam Morrison,Andre Brown,Gerald Wallace,Jason Richardson,Raymond Felton,2,9:51,CHA,shot,,,,,,,,,,Gerald Wallace,2,,,made,,layup,25,6
Chris Quinn,Daequan Cook,Marcus Banks,Mark Blount,Shawn Marion,Adam Morrison,Andre Brown,Gerald Wallace,Jason Richardson,Raymond Felton,2,9:51,CHA,rebound,,,,,,,,,,Gerald Wallace,,,,,,off,,
Chris Quinn,Daequan Cook,Marcus Banks,Mark Blount,Shawn Marion,Adam Morrison,Andre Brown,Gerald Wallace,Jason Richardson,Raymond Felton,2,9:51,MIA,foul,,,,,,,,Gerald Wallace,,Chris Quinn,,,,,,shooting,,
Chris Quinn,Daequan Cook,Marcus Banks,Mark Blount,Michael Beasley,Adam Morrison,Andre Brown,Gerald Wallace,Jason Richardson,Raymond Felton,2,9:51,MIA,sub,,,,Michael Beasley,,Shawn Marion,,,,,,,,,,,,
Chris Quinn,Daequan Cook,Marcus Banks,Mark Blount,Michael Beasley,Adam Morrison,Andre Brown,Gerald Wallace,Jason Richardson,Raymond Felton,2,9:51,CHA,free throw,,,,,,,1,,1,Gerald Wallace,,,foul,made,,,,
Chris Quinn,Daequan Cook,Marcus Banks,Mark Blount,Michael Beasley,Adam Morrison,Andre Brown,Gerald Wallace,Jason Richardson,Raymond Felton,2,9:41,MIA,shot,,,,,,,,,,Mark Blount,,,,missed,,jump,41,9
Chris Quinn,Daequan Cook,Marcus Banks,Mark Blount,Michael Beasley,Adam Morrison,Andre Brown,Gerald Wallace,Jason Richardson,Raymond Felton,2,9:40,CHA,rebound,,,,,,,,,,Raymond Felton,,,,,,def,,
Chris Quinn,Daequan Cook,Marcus Banks,Mark Blount,Michael Beasley,Adam Morrison,Andre Brown,Gerald Wallace,Jason Richardson,Raymond Felton,2,9:25,CHA,shot,Adam Morrison,,,,,,,,,Raymond Felton,2,,,made,,jump,35,23
Chris Quinn,Daequan Cook,Marcus Banks,Mark Blount,Michael Beasley,Adam Morrison,Andre Brown,Gerald Wallace,Jason Richardson,Raymond Felton,2,9:19,MIA,foul,,,,,,,,Jason Richardson,,Marcus Banks,,,,,,offensive,,
Chris Quinn,Daequan Cook,Marcus Banks,Mark Blount,Michael Beasley,Adam Morrison,Andre Brown,Gerald Wallace,Jason Richardson,Raymond Felton,2,9:19,MIA,turnover,,,,,,,,,,Marcus Banks,,,foul,,,,,
Chris Quinn,Daequan Cook,Marcus Banks,Mark Blount,Michael Beasley,Adam Morrison,Andre Brown,Gerald Wallace,Jason Richardson,Raymond Felton,2,9:19,MIA,timeout,,,,,,,,,,,,,,,,regular,,
Chris Quinn,Daequan Cook,Mark Blount,Michael Beasley,Udonis Haslem,Adam Morrison,Andre Brown,Gerald Wallace,Jason Richardson,Raymond Felton,2,9:19,MIA,sub,,,,Udonis Haslem,,Marcus Banks,,,,,,,,,,,,
Chris Quinn,Daequan Cook,Dwyane Wade,Michael Beasley,Udonis Haslem,Adam Morrison,Andre Brown,Gerald Wallace,Jason Richardson,Raymond Felton,2,9:19,MIA,sub,,,,Dwyane Wade,,Mark Blount,,,,,,,,,,,,
Chris Quinn,Daequan Cook,Dwyane Wade,Michael Beasley,Udonis Haslem,Adam Morrison,Andre Brown,Gerald Wallace,Jason Richardson,Raymond Felton,2,9:11,CHA,shot,,,,,,,,,,Adam Morrison,,,,missed,,running jump,20,11
Chris Quinn,Daequan Cook,Dwyane Wade,Michael Beasley,Udonis Haslem,Adam Morrison,Andre Brown,Gerald Wallace,Jason Richardson,Raymond Felton,2,9:11,CHA,rebound,,,,,,,,,,,,,,,,,,
Chris Quinn,Daequan Cook,Dwyane Wade,Michael Beasley,Udonis Haslem,Adam Morrison,Andre Brown,Gerald Wallace,Jason Richardson,Raymond Felton,2,8:58,CHA,shot,Jason Richardson,,,,,,,,,Gerald Wallace,3,,,made,,3pt,49,9
Chris Quinn,Daequan Cook,Dwyane Wade,Michael Beasley,Udonis Haslem,Adam Morrison,Andre Brown,Gerald Wallace,Jason Richardson,Raymond Felton,2,8:30,MIA,shot,,,,,,,,,,Daequan Cook,,,,missed,,3pt,2,9
Chris Quinn,Daequan Cook,Dwyane Wade,Michael Beasley,Udonis Haslem,Adam Morrison,Andre Brown,Gerald Wallace,Jason Richardson,Raymond Felton,2,8:28,CHA,rebound,,,,,,,,,,Gerald Wallace,,,,,,def,,
Chris Quinn,Daequan Cook,Dwyane Wade,Michael Beasley,Udonis Haslem,Adam Morrison,Andre Brown,Gerald Wallace,Jason Richardson,Raymond Felton,2,8:25,CHA,shot,Raymond Felton,,,,,,,,,Jason Richardson,2,,,made,,alley oop layup,25,6
Chris Quinn,Daequan Cook,Dwyane Wade,Michael Beasley,Udonis Haslem,Adam Morrison,Andre Brown,Gerald Wallace,Jason Richardson,Raymond Felton,2,8:16,MIA,timeout,,,,,,,,,,,,,,,,short,,
Chris Quinn,Daequan Cook,Dwyane Wade,Michael Beasley,Udonis Haslem,Andre Brown,Gerald Wallace,Jason Richardson,Raymond Felton,Shannon Brown,2,8:16,CHA,sub,,,,Shannon Brown,,Adam Morrison,,,,,,,,,,,,
Daequan Cook,Dwyane Wade,Mario Chalmers,Michael Beasley,Udonis Haslem,Andre Brown,Gerald Wallace,Jason Richardson,Raymond Felton,Shannon Brown,2,8:16,MIA,sub,,,,Mario Chalmers,,Chris Quinn,,,,,,,,,,,,
Daequan Cook,Dwyane Wade,Mario Chalmers,Michael Beasley,Udonis Haslem,Andre Brown,Gerald Wallace,Jason Richardson,Raymond Felton,Shannon Brown,2,8:15,CHA,foul,,,,,,,,Mario Chalmers,,Raymond Felton,,,,,,personal,,
Daequan Cook,Dwyane Wade,Mario Chalmers,Michael Beasley,Udonis Haslem,Andre Brown,Gerald Wallace,Jason Richardson,Raymond Felton,Shannon Brown,2,8:03,MIA,shot,,,Shannon Brown,,,,,,,Dwyane Wade,,,,missed,,layup,25,6
Daequan Cook,Dwyane Wade,Mario Chalmers,Michael Beasley,Udonis Haslem,Andre Brown,Gerald Wallace,Jason Richardson,Raymond Felton,Shannon Brown,2,7:59,CHA,rebound,,,,,,,,,,Raymond Felton,,,,,,def,,
Daequan Cook,Dwyane Wade,Mario Chalmers,Michael Beasley,Udonis Haslem,Andre Brown,Gerald Wallace,Jason Richardson,Raymond Felton,Shannon Brown,2,7:57,CHA,shot,,,,,,,,,,Raymond Felton,2,,,made,,layup,25,6
Daequan Cook,Dwyane Wade,Mario Chalmers,Michael Beasley,Udonis Haslem,Andre Brown,Gerald Wallace,Jason Richardson,Raymond Felton,Shannon Brown,2,7:46,MIA,shot,,,,,,,,,,Michael Beasley,,,,missed,,jump,24,27
Daequan Cook,Dwyane Wade,Mario Chalmers,Michael Beasley,Udonis Haslem,Andre Brown,Gerald Wallace,Jason Richardson,Raymond Felton,Shannon Brown,2,7:44,MIA,rebound,,,,,,,,,,Michael Beasley,,,,,,off,,
Daequan Cook,Dwyane Wade,Mario Chalmers,Michael Beasley,Udonis Haslem,Andre Brown,Gerald Wallace,Jason Richardson,Raymond Felton,Shannon Brown,2,7:40,MIA,shot,,,,,,,,,,Dwyane Wade,2,,,made,,layup,25,6
Daequan Cook,Dwyane Wade,Mario Chalmers,Michael Beasley,Udonis Haslem,Andre Brown,Gerald Wallace,Jason Richardson,Raymond Felton,Shannon Brown,2,7:20,MIA,foul,,,,,,,,Gerald Wallace,,Udonis Haslem,,,,,,personal,,
Daequan Cook,Dwyane Wade,Mario Chalmers,Michael Beasley,Udonis Haslem,Andre Brown,Gerald Wallace,Jason Richardson,Raymond Felton,Shannon Brown,2,7:16,CHA,turnover,,,,,,,,,,Raymond Felton,,,lost ball,,Mario Chalmers,,,
Daequan Cook,Dwyane Wade,Mario Chalmers,Michael Beasley,Udonis Haslem,Andre Brown,Gerald Wallace,Jason Richardson,Raymond Felton,Shannon Brown,2,7:12,MIA,shot,,,,,,,,,,Mario Chalmers,2,,,made,,layup,25,6
Daequan Cook,Dwyane Wade,Mario Chalmers,Michael Beasley,Udonis Haslem,Andre Brown,Gerald Wallace,Jason Richardson,Raymond Felton,Shannon Brown,2,6:56,CHA,shot,Raymond Felton,,,,,,,,,Jason Richardson,2,,,made,,jump,36,23
Daequan Cook,Dwyane Wade,Mario Chalmers,Michael Beasley,Udonis Haslem,Andre Brown,Gerald Wallace,Jason Richardson,Raymond Felton,Shannon Brown,2,6:50,MIA,turnover,,,,,,,,,,Mario Chalmers,,,out of bounds lost ball turnover,,,,,
Dwyane Wade,Mario Chalmers,Michael Beasley,Shawn Marion,Udonis Haslem,Andre Brown,Gerald Wallace,Jason Richardson,Raymond Felton,Shannon Brown,2,6:50,MIA,sub,,,,Shawn Marion,,Daequan Cook,,,,,,,,,,,,
Dwyane Wade,Mario Chalmers,Michael Beasley,Shawn Marion,Udonis Haslem,Andre Brown,Gerald Wallace,Jason Richardson,Raymond Felton,Shannon Brown,2,6:43,CHA,shot,,,,,,,,,,Jason Richardson,,,,missed,,jump,42,20
Dwyane Wade,Mario Chalmers,Michael Beasley,Shawn Marion,Udonis Haslem,Andre Brown,Gerald Wallace,Jason Richardson,Raymond Felton,Shannon Brown,2,6:42,CHA,rebound,,,,,,,,,,,,,,,,,,
Dwyane Wade,Mario Chalmers,Michael Beasley,Shawn Marion,Udonis Haslem,Andre Brown,Gerald Wallace,Jason Richardson,Raymond Felton,Shannon Brown,2,6:40,CHA,turnover,,,,,,,,,,Shannon Brown,,,step out of bounds turnover,,,,,
Dwyane Wade,Mario Chalmers,Michael Beasley,Shawn Marion,Udonis Haslem,Andre Brown,Gerald Wallace,Jason Richardson,Raymond Felton,Shannon Brown,2,6:25,MIA,shot,Dwyane Wade,,,,,,,,,Shawn Marion,3,,,made,,3pt,2,7
Dwyane Wade,Mario Chalmers,Michael Beasley,Shawn Marion,Udonis Haslem,Andre Brown,Gerald Wallace,Jason Richardson,Raymond Felton,Shannon Brown,2,6:12,CHA,turnover,,,,,,,,,,Raymond Felton,,,bad pass,,Dwyane Wade,,,
Dwyane Wade,Mario Chalmers,Michael Beasley,Shawn Marion,Udonis Haslem,Andre Brown,Gerald Wallace,Jason Richardson,Raymond Felton,Shannon Brown,2,6:07,MIA,shot,,,,,,,,,,Dwyane Wade,,,,missed,,layup,25,6
Dwyane Wade,Mario Chalmers,Michael Beasley,Shawn Marion,Udonis Haslem,Andre Brown,Gerald Wallace,Jason Richardson,Raymond Felton,Shannon Brown,2,6:00,MIA,rebound,,,,,,,,,,Udonis Haslem,,,,,,off,,
Dwyane Wade,Mario Chalmers,Michael Beasley,Shawn Marion,Udonis Haslem,Andre Brown,Gerald Wallace,Jason Richardson,Raymond Felton,Shannon Brown,2,5:59,MIA,shot,Mario Chalmers,,,,,,,,,Michael Beasley,2,,,made,,jump,15,21
Dwyane Wade,Mario Chalmers,Michael Beasley,Shawn Marion,Udonis Haslem,Andre Brown,Gerald Wallace,Jason Richardson,Raymond Felton,Shannon Brown,2,5:55,CHA,timeout,,,,,,,,,,,,,,,,regular,,
Dwyane Wade,Mario Chalmers,Michael Beasley,Shawn Marion,Udonis Haslem,Emeka Okafor,Gerald Wallace,Jason Richardson,Raymond Felton,Shannon Brown,2,5:55,CHA,sub,,,,Emeka Okafor,,Andre Brown,,,,,,,,,,,,
Dwyane Wade,Mario Chalmers,Michael Beasley,Shawn Marion,Udonis Haslem,Emeka Okafor,Gerald Wallace,Jason Richardson,Raymond Felton,Shannon Brown,2,5:42,CHA,shot,,,,,,,,,,Jason Richardson,,,,missed,,jump,41,9
Dwyane Wade,Mario Chalmers,Michael Beasley,Shawn Marion,Udonis Haslem,Emeka Okafor,Gerald Wallace,Jason Richardson,Raymond Felton,Shannon Brown,2,5:42,CHA,rebound,,,,,,,,,,,,,,,,,,
Dwyane Wade,Mario Chalmers,Michael Beasley,Shawn Marion,Udonis Haslem,Emeka Okafor,Gerald Wallace,Jason Richardson,Raymond Felton,Shannon Brown,2,5:42,MIA,foul,,,,,,,,Emeka Okafor,,Mario Chalmers,,,,,,loose ball,,
Dwyane Wade,Mario Chalmers,Michael Beasley,Shawn Marion,Udonis Haslem,D.J. Augustin,Emeka Okafor,Gerald Wallace,Jason Richardson,Shannon Brown,2,5:42,CHA,sub,,,,D.J. Augustin,,Raymond Felton,,,,,,,,,,,,
Dwyane Wade,Mario Chalmers,Michael Beasley,Shawn Marion,Udonis Haslem,D.J. Augustin,Emeka Okafor,Gerald Wallace,Jason Richardson,Shannon Brown,2,5:20,CHA,shot,,,,,,,,,,D.J. Augustin,2,,,made,,driving layup,25,6
Dwyane Wade,Mario Chalmers,Michael Beasley,Shawn Marion,Udonis Haslem,D.J. Augustin,Emeka Okafor,Gerald Wallace,Jason Richardson,Shannon Brown,2,5:01,MIA,shot,,,,,,,,,,Michael Beasley,2,,,made,,running bank,20,9
Dwyane Wade,Mario Chalmers,Michael Beasley,Shawn Marion,Udonis Haslem,D.J. Augustin,Emeka Okafor,Gerald Wallace,Jason Richardson,Shannon Brown,2,4:41,CHA,turnover,,,,,,,,,,Gerald Wallace,,,lost ball,,Mario Chalmers,,,
Dwyane Wade,Mario Chalmers,Michael Beasley,Shawn Marion,Udonis Haslem,D.J. Augustin,Emeka Okafor,Gerald Wallace,Jason Richardson,Shannon Brown,2,4:31,MIA,shot,,,,,,,,,,Dwyane Wade,,,,missed,,3pt,48,7
Dwyane Wade,Mario Chalmers,Michael Beasley,Shawn Marion,Udonis Haslem,D.J. Augustin,Emeka Okafor,Gerald Wallace,Jason Richardson,Shannon Brown,2,4:30,CHA,rebound,,,,,,,,,,Emeka Okafor,,,,,,def,,
Dwyane Wade,Mario Chalmers,Michael Beasley,Shawn Marion,Udonis Haslem,D.J. Augustin,Emeka Okafor,Gerald Wallace,Jason Richardson,Shannon Brown,2,4:18,CHA,shot,D.J. Augustin,,,,,,,,,Emeka Okafor,2,,,made,,turnaround jump,26,12
Dwyane Wade,Mario Chalmers,Michael Beasley,Shawn Marion,Udonis Haslem,D.J. Augustin,Emeka Okafor,Gerald Wallace,Jason Richardson,Shannon Brown,2,3:59,MIA,shot,Dwyane Wade,,,,,,,,,Shawn Marion,2,,,made,,driving layup,25,6
Dwyane Wade,Mario Chalmers,Michael Beasley,Shawn Marion,Udonis Haslem,D.J. Augustin,Emeka Okafor,Gerald Wallace,Jason Richardson,Shannon Brown,2,3:45,MIA,foul,,,,,,,,Gerald Wallace,,Dwyane Wade,,,,,,personal,,
Dwyane Wade,Mario Chalmers,Michael Beasley,Shawn Marion,Udonis Haslem,D.J. Augustin,Emeka Okafor,Gerald Wallace,Jason Richardson,Shannon Brown,2,3:45,CHA,free throw,,,,,,,1,,2,Gerald Wallace,,,foul,made,,,,
Dwyane Wade,Mario Chalmers,Michael Beasley,Shawn Marion,Udonis Haslem,Adam Morrison,D.J. Augustin,Emeka Okafor,Gerald Wallace,Shannon Brown,2,3:45,CHA,sub,,,,Adam Morrison,,Jason Richardson,,,,,,,,,,,,
Dwyane Wade,Mario Chalmers,Michael Beasley,Shawn Marion,Udonis Haslem,Adam Morrison,D.J. Augustin,Emeka Okafor,Gerald Wallace,Shannon Brown,2,3:45,CHA,free throw,,,,,,,2,,2,Gerald Wallace,,,foul,missed,,,,
Dwyane Wade,Mario Chalmers,Michael Beasley,Shawn Marion,Udonis Haslem,Adam Morrison,D.J. Augustin,Emeka Okafor,Gerald Wallace,Shannon Brown,2,3:43,MIA,rebound,,,,,,,,,,Udonis Haslem,,,,,,def,,
Dwyane Wade,Mario Chalmers,Michael Beasley,Shawn Marion,Udonis Haslem,Adam Morrison,D.J. Augustin,Emeka Okafor,Jared Dudley,Shannon Brown,2,3:31,CHA,sub,,,,Jared Dudley,,Gerald Wallace,,,,,,,,,,,,
Marcus Banks,Mario Chalmers,Michael Beasley,Shawn Marion,Udonis Haslem,Adam Morrison,D.J. Augustin,Emeka Okafor,Jared Dudley,Shannon Brown,2,3:31,MIA,sub,,,,Marcus Banks,,Dwyane Wade,,,,,,,,,,,,
Marcus Banks,Mario Chalmers,Michael Beasley,Shawn Marion,Udonis Haslem,Adam Morrison,D.J. Augustin,Emeka Okafor,Jared Dudley,Shannon Brown,2,3:25,MIA,shot,Mario Chalmers,,,,,,,,,Michael Beasley,2,,,made,,jump,29,15
Marcus Banks,Mario Chalmers,Michael Beasley,Shawn Marion,Udonis Haslem,Adam Morrison,D.J. Augustin,Emeka Okafor,Jared Dudley,Shannon Brown,2,3:14,CHA,shot,,,,,,,,,,Adam Morrison,,,,missed,,3pt,49,18
Marcus Banks,Mario Chalmers,Michael Beasley,Shawn Marion,Udonis Haslem,Adam Morrison,D.J. Augustin,Emeka Okafor,Jared Dudley,Shannon Brown,2,3:14,CHA,rebound,,,,,,,,,,Emeka Okafor,,,,,,off,,
Marcus Banks,Mario Chalmers,Michael Beasley,Shawn Marion,Udonis Haslem,Adam Morrison,D.J. Augustin,Emeka Okafor,Jared Dudley,Shannon Brown,2,3:14,MIA,foul,,,,,,,,Emeka Okafor,,Marcus Banks,,,,,,shooting,,
Marcus Banks,Mario Chalmers,Michael Beasley,Shawn Marion,Udonis Haslem,Adam Morrison,D.J. Augustin,Emeka Okafor,Jared Dudley,Shannon Brown,2,3:14,CHA,free throw,,,,,,,1,,2,Emeka Okafor,,,foul,made,,,,
Daequan Cook,Mario Chalmers,Michael Beasley,Shawn Marion,Udonis Haslem,Adam Morrison,D.J. Augustin,Emeka Okafor,Jared Dudley,Shannon Brown,2,3:14,MIA,sub,,,,Daequan Cook,,Marcus Banks,,,,,,,,,,,,
Daequan Cook,Mario Chalmers,Michael Beasley,Shawn Marion,Udonis Haslem,Adam Morrison,D.J. Augustin,Emeka Okafor,Jared Dudley,Shannon Brown,2,3:14,CHA,free throw,,,,,,,2,,2,Emeka Okafor,,,foul,made,,,,
Daequan Cook,Mario Chalmers,Michael Beasley,Shawn Marion,Udonis Haslem,Adam Morrison,D.J. Augustin,Emeka Okafor,Jared Dudley,Shannon Brown,2,3:00,MIA,shot,,,,,,,,,,Mario Chalmers,3,,,made,,3pt,10,28
Daequan Cook,Mario Chalmers,Michael Beasley,Shawn Marion,Udonis Haslem,Adam Morrison,D.J. Augustin,Emeka Okafor,Jared Dudley,Shannon Brown,2,2:41,CHA,shot,,,,,,,,,,Adam Morrison,,,,missed,,layup,25,6
Daequan Cook,Mario Chalmers,Michael Beasley,Shawn Marion,Udonis Haslem,Adam Morrison,D.J. Augustin,Emeka Okafor,Jared Dudley,Shannon Brown,2,2:41,CHA,rebound,,,,,,,,,,,,,,,,,,
Daequan Cook,Mario Chalmers,Michael Beasley,Shawn Marion,Udonis Haslem,Adam Morrison,D.J. Augustin,Emeka Okafor,Jared Dudley,Shannon Brown,2,2:41,OFF,timeout,,,,,,,,,,,,,,,,official,,
Daequan Cook,Mario Chalmers,Michael Beasley,Shawn Marion,Udonis Haslem,Adam Morrison,D.J. Augustin,Emeka Okafor,Jared Dudley,Shannon Brown,2,2:27,CHA,foul,,,,,,,,Mario Chalmers,,D.J. Augustin,,,,,,offensive,,
Daequan Cook,Mario Chalmers,Michael Beasley,Shawn Marion,Udonis Haslem,Adam Morrison,D.J. Augustin,Emeka Okafor,Jared Dudley,Shannon Brown,2,2:27,CHA,turnover,,,,,,,,,,D.J. Augustin,,,foul,,,,,
Daequan Cook,Mario Chalmers,Michael Beasley,Shawn Marion,Udonis Haslem,Adam Morrison,Emeka Okafor,Jared Dudley,Raymond Felton,Shannon Brown,2,2:27,CHA,sub,,,,Raymond Felton,,D.J. Augustin,,,,,,,,,,,,
Daequan Cook,Mario Chalmers,Michael Beasley,Shawn Marion,Udonis Haslem,Adam Morrison,Emeka Okafor,Jared Dudley,Raymond Felton,Shannon Brown,2,2:00,MIA,shot,,,,,,,,,,Shawn Marion,,,,missed,,floating jump,20,12
Daequan Cook,Mario Chalmers,Michael Beasley,Shawn Marion,Udonis Haslem,Adam Morrison,Emeka Okafor,Jared Dudley,Raymond Felton,Shannon Brown,2,1:58,CHA,rebound,,,,,,,,,,Jared Dudley,,,,,,def,,
Daequan Cook,Mario Chalmers,Michael Beasley,Shawn Marion,Udonis Haslem,Adam Morrison,Emeka Okafor,Jared Dudley,Raymond Felton,Shannon Brown,2,1:58,CHA,timeout,,,,,,,,,,,,,,,,short,,
Daequan Cook,Mario Chalmers,Michael Beasley,Shawn Marion,Udonis Haslem,Adam Morrison,Emeka Okafor,Jared Dudley,Raymond Felton,Shannon Brown,2,1:41,CHA,shot,,,,,,,,,,Adam Morrison,,,,missed,,jump,46,8
Daequan Cook,Mario Chalmers,Michael Beasley,Shawn Marion,Udonis Haslem,Adam Morrison,Emeka Okafor,Jared Dudley,Raymond Felton,Shannon Brown,2,1:39,CHA,rebound,,,,,,,,,,Emeka Okafor,,,,,,off,,
Daequan Cook,Mario Chalmers,Michael Beasley,Shawn Marion,Udonis Haslem,Adam Morrison,Emeka Okafor,Jared Dudley,Raymond Felton,Shannon Brown,2,1:25,CHA,shot,Shannon Brown,,,,,,,,,Jared Dudley,2,,,made,,jump,42,12
Daequan Cook,Mario Chalmers,Michael Beasley,Shawn Marion,Udonis Haslem,Adam Morrison,Emeka Okafor,Jared Dudley,Raymond Felton,Shannon Brown,2,1:16,CHA,foul,,,,,,,,Mario Chalmers,,Jared Dudley,,,,,,personal,,
Daequan Cook,Mario Chalmers,Michael Beasley,Shawn Marion,Udonis Haslem,Adam Morrison,Emeka Okafor,Gerald Wallace,Raymond Felton,Shannon Brown,2,1:16,CHA,sub,,,,Gerald Wallace,,Jared Dudley,,,,,,,,,,,,
Daequan Cook,Mario Chalmers,Michael Beasley,Shawn Marion,Udonis Haslem,Adam Morrison,Emeka Okafor,Gerald Wallace,Raymond Felton,Shannon Brown,2,0:59,CHA,foul,,,,,,,,Michael Beasley,,Raymond Felton,,,,,,shooting,,
Daequan Cook,Mario Chalmers,Michael Beasley,Shawn Marion,Udonis Haslem,Adam Morrison,Emeka Okafor,Gerald Wallace,Raymond Felton,Shannon Brown,2,0:59,MIA,free throw,,,,,,,1,,2,Michael Beasley,,,foul,made,,,,
Daequan Cook,Mario Chalmers,Michael Beasley,Shawn Marion,Udonis Haslem,Adam Morrison,Emeka Okafor,Gerald Wallace,Raymond Felton,Shannon Brown,2,0:59,MIA,free throw,,,,,,,2,,2,Michael Beasley,,,foul,made,,,,
Daequan Cook,Mario Chalmers,Michael Beasley,Shawn Marion,Udonis Haslem,Adam Morrison,Emeka Okafor,Gerald Wallace,Raymond Felton,Shannon Brown,2,0:37,CHA,shot,,,,,,,,,,Shannon Brown,,,,missed,,floating jump,26,18
Daequan Cook,Mario Chalmers,Michael Beasley,Shawn Marion,Udonis Haslem,Adam Morrison,Emeka Okafor,Gerald Wallace,Raymond Felton,Shannon Brown,2,0:37,CHA,rebound,,,,,,,,,,,,,,,,,,
Daequan Cook,Mario Chalmers,Michael Beasley,Shawn Marion,Udonis Haslem,Adam Morrison,Emeka Okafor,Gerald Wallace,Raymond Felton,Shannon Brown,2,0:37,MIA,foul,,,,,,,,Emeka Okafor,,Udonis Haslem,,,,,,loose ball,,
Daequan Cook,Mario Chalmers,Michael Beasley,Shawn Marion,Udonis Haslem,Adam Morrison,Emeka Okafor,Gerald Wallace,Raymond Felton,Shannon Brown,2,0:37,CHA,free throw,,,,,,,1,,2,Emeka Okafor,,,foul,missed,,,,
Daequan Cook,Mario Chalmers,Michael Beasley,Shawn Marion,Udonis Haslem,Adam Morrison,Emeka Okafor,Gerald Wallace,Raymond Felton,Shannon Brown,2,0:37,CHA,rebound,,,,,,,,,,,,,,,,,,
Daequan Cook,Mario Chalmers,Mark Blount,Michael Beasley,Shawn Marion,Adam Morrison,Emeka Okafor,Gerald Wallace,Raymond Felton,Shannon Brown,2,0:37,MIA,sub,,,,Mark Blount,,Udonis Haslem,,,,,,,,,,,,
Daequan Cook,Mario Chalmers,Mark Blount,Michael Beasley,Shawn Marion,Adam Morrison,Emeka Okafor,Gerald Wallace,Raymond Felton,Shannon Brown,2,0:37,CHA,free throw,,,,,,,2,,2,Emeka Okafor,,,foul,missed,,,,
Daequan Cook,Mario Chalmers,Mark Blount,Michael Beasley,Shawn Marion,Adam Morrison,Emeka Okafor,Gerald Wallace,Raymond Felton,Shannon Brown,2,0:36,MIA,rebound,,,,,,,,,,Michael Beasley,,,,,,def,,
Daequan Cook,Mario Chalmers,Mark Blount,Michael Beasley,Shawn Marion,Adam Morrison,Emeka Okafor,Gerald Wallace,Raymond Felton,Shannon Brown,2,0:19,MIA,shot,,,,,,,,,,Mark Blount,,,,missed,,3pt,48,8
Daequan Cook,Mario Chalmers,Mark Blount,Michael Beasley,Shawn Marion,Adam Morrison,Emeka Okafor,Gerald Wallace,Raymond Felton,Shannon Brown,2,0:17,CHA,rebound,,,,,,,,,,Gerald Wallace,,,,,,def,,
Daequan Cook,Mario Chalmers,Mark Blount,Michael Beasley,Shawn Marion,Adam Morrison,Emeka Okafor,Gerald Wallace,Raymond Felton,Shannon Brown,2,0:00,CHA,shot,Shannon Brown,,,,,,,,,Adam Morrison,3,,,made,,3pt,47,21
Dwyane Wade,Mario Chalmers,Michael Beasley,Shawn Marion,Udonis Haslem,Emeka Okafor,Gerald Wallace,Jared Dudley,Jason Richardson,Raymond Felton,3,11:47,MIA,shot,,,,,,,,,,Dwyane Wade,2,,,made,,driving dunk,25,6
Dwyane Wade,Mario Chalmers,Michael Beasley,Shawn Marion,Udonis Haslem,Emeka Okafor,Gerald Wallace,Jared Dudley,Jason Richardson,Raymond Felton,3,11:26,CHA,shot,Gerald Wallace,,,,,,,,,Emeka Okafor,2,,,made,,layup,25,6
Dwyane Wade,Mario Chalmers,Michael Beasley,Shawn Marion,Udonis Haslem,Emeka Okafor,Gerald Wallace,Jared Dudley,Jason Richardson,Raymond Felton,3,11:06,MIA,shot,,,,,,,,,,Michael Beasley,2,,,made,,driving jump,25,12
Dwyane Wade,Mario Chalmers,Michael Beasley,Shawn Marion,Udonis Haslem,Emeka Okafor,Gerald Wallace,Jared Dudley,Jason Richardson,Raymond Felton,3,10:46,CHA,shot,Raymond Felton,,,,,,,,,Jason Richardson,3,,,made,,3pt,6,23
Dwyane Wade,Mario Chalmers,Michael Beasley,Shawn Marion,Udonis Haslem,Emeka Okafor,Gerald Wallace,Jared Dudley,Jason Richardson,Raymond Felton,3,10:29,CHA,foul,,,,,,,,,,Jared Dudley,,,,,,defense 3 second,,
Dwyane Wade,Mario Chalmers,Michael Beasley,Shawn Marion,Udonis Haslem,Emeka Okafor,Gerald Wallace,Jared Dudley,Jason Richardson,Raymond Felton,3,10:29,MIA,free throw,,,,,,,1,,1,Dwyane Wade,,,technical,made,,,,
Dwyane Wade,Mario Chalmers,Michael Beasley,Shawn Marion,Udonis Haslem,Emeka Okafor,Gerald Wallace,Jared Dudley,Jason Richardson,Raymond Felton,3,10:18,CHA,foul,,,,,,,,Mario Chalmers,,Raymond Felton,,,,,,shooting,,
Dwyane Wade,Mario Chalmers,Michael Beasley,Shawn Marion,Udonis Haslem,Emeka Okafor,Gerald Wallace,Jared Dudley,Jason Richardson,Raymond Felton,3,10:18,MIA,free throw,,,,,,,1,,2,Mario Chalmers,,,foul,made,,,,
Dwyane Wade,Mario Chalmers,Michael Beasley,Shawn Marion,Udonis Haslem,Emeka Okafor,Gerald Wallace,Jared Dudley,Jason Richardson,Raymond Felton,3,10:18,MIA,free throw,,,,,,,2,,2,Mario Chalmers,,,foul,missed,,,,
Dwyane Wade,Mario Chalmers,Michael Beasley,Shawn Marion,Udonis Haslem,Emeka Okafor,Gerald Wallace,Jared Dudley,Jason Richardson,Raymond Felton,3,10:17,CHA,rebound,,,,,,,,,,Gerald Wallace,,,,,,def,,
Dwyane Wade,Mario Chalmers,Michael Beasley,Shawn Marion,Udonis Haslem,Emeka Okafor,Gerald Wallace,Jared Dudley,Jason Richardson,Raymond Felton,3,10:07,CHA,turnover,,,,,,,,,,Raymond Felton,,,lost ball,,Dwyane Wade,,,
Dwyane Wade,Mario Chalmers,Michael Beasley,Shawn Marion,Udonis Haslem,Emeka Okafor,Gerald Wallace,Jared Dudley,Jason Richardson,Raymond Felton,3,10:07,CHA,foul,,,,,,,,Dwyane Wade,,Jason Richardson,,,,,,personal,,
Dwyane Wade,Mario Chalmers,Michael Beasley,Shawn Marion,Udonis Haslem,Emeka Okafor,Gerald Wallace,Jared Dudley,Jason Richardson,Raymond Felton,3,9:54,MIA,shot,,,,,,,,,,Dwyane Wade,,,,missed,,3pt,26,33
Dwyane Wade,Mario Chalmers,Michael Beasley,Shawn Marion,Udonis Haslem,Emeka Okafor,Gerald Wallace,Jared Dudley,Jason Richardson,Raymond Felton,3,9:53,CHA,rebound,,,,,,,,,,Emeka Okafor,,,,,,def,,
Dwyane Wade,Mario Chalmers,Michael Beasley,Shawn Marion,Udonis Haslem,Emeka Okafor,Gerald Wallace,Jared Dudley,Jason Richardson,Raymond Felton,3,9:41,MIA,violation,,,,,,,,,,Mario Chalmers,,,,,,kicked ball,,
Dwyane Wade,Mario Chalmers,Michael Beasley,Shawn Marion,Udonis Haslem,Emeka Okafor,Gerald Wallace,Jared Dudley,Jason Richardson,Raymond Felton,3,9:22,CHA,shot,,,,,,,,,,Jared Dudley,2,,,made,,jump,27,24
Dwyane Wade,Mario Chalmers,Michael Beasley,Shawn Marion,Udonis Haslem,Emeka Okafor,Gerald Wallace,Jared Dudley,Jason Richardson,Raymond Felton,3,9:12,MIA,shot,Michael Beasley,,,,,,,,,Udonis Haslem,2,,,made,,jump,41,9
Dwyane Wade,Mario Chalmers,Michael Beasley,Shawn Marion,Udonis Haslem,Emeka Okafor,Gerald Wallace,Jared Dudley,Jason Richardson,Raymond Felton,3,8:57,MIA,foul,,,,,,,,Emeka Okafor,,Shawn Marion,,,,,,shooting,,
Dwyane Wade,Mario Chalmers,Michael Beasley,Shawn Marion,Udonis Haslem,Emeka Okafor,Gerald Wallace,Jared Dudley,Jason Richardson,Raymond Felton,3,8:57,CHA,free throw,,,,,,,1,,2,Emeka Okafor,,,foul,made,,,,
Dwyane Wade,Mario Chalmers,Michael Beasley,Shawn Marion,Udonis Haslem,Emeka Okafor,Gerald Wallace,Jared Dudley,Jason Richardson,Raymond Felton,3,8:57,CHA,free throw,,,,,,,2,,2,Emeka Okafor,,,foul,missed,,,,
Dwyane Wade,Mario Chalmers,Michael Beasley,Shawn Marion,Udonis Haslem,Emeka Okafor,Gerald Wallace,Jared Dudley,Jason Richardson,Raymond Felton,3,8:55,MIA,rebound,,,,,,,,,,Shawn Marion,,,,,,def,,
Dwyane Wade,Mario Chalmers,Michael Beasley,Shawn Marion,Udonis Haslem,Emeka Okafor,Gerald Wallace,Jared Dudley,Jason Richardson,Raymond Felton,3,8:40,MIA,shot,Mario Chalmers,,,,,,,,,Michael Beasley,2,,,made,,layup,25,6
Dwyane Wade,Mario Chalmers,Michael Beasley,Shawn Marion,Udonis Haslem,Emeka Okafor,Gerald Wallace,Jared Dudley,Jason Richardson,Raymond Felton,3,8:27,CHA,shot,Raymond Felton,,,,,,,,,Gerald Wallace,2,,,made,,jump,5,10
Dwyane Wade,Mario Chalmers,Michael Beasley,Shawn Marion,Udonis Haslem,Emeka Okafor,Gerald Wallace,Jared Dudley,Jason Richardson,Raymond Felton,3,8:18,MIA,shot,,,,,,,,,,Dwyane Wade,,,,missed,,jump,44,15
Dwyane Wade,Mario Chalmers,Michael Beasley,Shawn Marion,Udonis Haslem,Emeka Okafor,Gerald Wallace,Jared Dudley,Jason Richardson,Raymond Felton,3,8:14,CHA,rebound,,,,,,,,,,Gerald Wallace,,,,,,def,,
Dwyane Wade,Mario Chalmers,Michael Beasley,Shawn Marion,Udonis Haslem,Emeka Okafor,Gerald Wallace,Jared Dudley,Jason Richardson,Raymond Felton,3,8:00,CHA,shot,,,Shawn Marion,,,,,,,Jared Dudley,,,,missed,,layup,25,6
Dwyane Wade,Mario Chalmers,Michael Beasley,Shawn Marion,Udonis Haslem,Emeka Okafor,Gerald Wallace,Jared Dudley,Jason Richardson,Raymond Felton,3,7:58,MIA,rebound,,,,,,,,,,Dwyane Wade,,,,,,def,,
Dwyane Wade,Mario Chalmers,Michael Beasley,Shawn Marion,Udonis Haslem,Emeka Okafor,Gerald Wallace,Jared Dudley,Jason Richardson,Raymond Felton,3,7:56,CHA,foul,,,,,,,,Dwyane Wade,,Jason Richardson,,,,,,shooting,,
Dwyane Wade,Mario Chalmers,Michael Beasley,Shawn Marion,Udonis Haslem,Emeka Okafor,Gerald Wallace,Jared Dudley,Jason Richardson,Raymond Felton,3,7:56,MIA,free throw,,,,,,,1,,2,Dwyane Wade,,,foul,missed,,,,
Dwyane Wade,Mario Chalmers,Michael Beasley,Shawn Marion,Udonis Haslem,Emeka Okafor,Gerald Wallace,Jared Dudley,Jason Richardson,Raymond Felton,3,7:56,MIA,rebound,,,,,,,,,,,,,,,,,,
Dwyane Wade,Mario Chalmers,Michael Beasley,Shawn Marion,Udonis Haslem,Emeka Okafor,Gerald Wallace,Jared Dudley,Jason Richardson,Raymond Felton,3,7:56,MIA,free throw,,,,,,,2,,2,Dwyane Wade,,,foul,made,,,,
Dwyane Wade,Mario Chalmers,Michael Beasley,Shawn Marion,Udonis Haslem,Emeka Okafor,Gerald Wallace,Jared Dudley,Jason Richardson,Raymond Felton,3,7:40,CHA,shot,,,,,,,,,,Jason Richardson,,,,missed,,3pt,47,20
Dwyane Wade,Mario Chalmers,Michael Beasley,Shawn Marion,Udonis Haslem,Emeka Okafor,Gerald Wallace,Jared Dudley,Jason Richardson,Raymond Felton,3,7:38,MIA,rebound,,,,,,,,,,Mario Chalmers,,,,,,def,,
Dwyane Wade,Mario Chalmers,Michael Beasley,Shawn Marion,Udonis Haslem,Emeka Okafor,Gerald Wallace,Jared Dudley,Jason Richardson,Raymond Felton,3,7:26,MIA,turnover,,,,,,,,,,Shawn Marion,,,bad pass,,,,,
Dwyane Wade,Mario Chalmers,Michael Beasley,Shawn Marion,Udonis Haslem,Emeka Okafor,Gerald Wallace,Jared Dudley,Jason Richardson,Raymond Felton,3,7:06,CHA,shot,Gerald Wallace,,,,,,,,,Emeka Okafor,2,,,made,,layup,25,6
Dwyane Wade,Mario Chalmers,Michael Beasley,Shawn Marion,Udonis Haslem,Emeka Okafor,Gerald Wallace,Jared Dudley,Jason Richardson,Raymond Felton,3,6:50,MIA,shot,Dwyane Wade,,,,,,,,,Udonis Haslem,2,,,made,,jump,42,10
Dwyane Wade,Mario Chalmers,Michael Beasley,Shawn Marion,Udonis Haslem,Emeka Okafor,Gerald Wallace,Jared Dudley,Jason Richardson,Raymond Felton,3,6:33,CHA,timeout,,,,,,,,,,,,,,,,regular,,
Dwyane Wade,Mario Chalmers,Michael Beasley,Shawn Marion,Udonis Haslem,Emeka Okafor,Gerald Wallace,Jared Dudley,Jason Richardson,Raymond Felton,3,6:26,MIA,foul,,,,,,,,Raymond Felton,,Mario Chalmers,,,,,,personal,,
Dwyane Wade,Mario Chalmers,Michael Beasley,Shawn Marion,Udonis Haslem,Emeka Okafor,Gerald Wallace,Jared Dudley,Jason Richardson,Raymond Felton,3,6:26,CHA,free throw,,,,,,,1,,2,Raymond Felton,,,foul,made,,,,
Dwyane Wade,Mario Chalmers,Michael Beasley,Shawn Marion,Udonis Haslem,Emeka Okafor,Gerald Wallace,Jared Dudley,Jason Richardson,Raymond Felton,3,6:26,CHA,free throw,,,,,,,2,,2,Raymond Felton,,,foul,made,,,,
Dwyane Wade,Mario Chalmers,Michael Beasley,Shawn Marion,Udonis Haslem,Emeka Okafor,Gerald Wallace,Jared Dudley,Jason Richardson,Raymond Felton,3,6:12,CHA,foul,,,,,,,,Dwyane Wade,,Raymond Felton,,,,,,shooting,,
Dwyane Wade,Mario Chalmers,Michael Beasley,Shawn Marion,Udonis Haslem,Emeka Okafor,Gerald Wallace,Jared Dudley,Jason Richardson,Raymond Felton,3,6:12,MIA,free throw,,,,,,,1,,2,Dwyane Wade,,,foul,made,,,,
Dwyane Wade,Mario Chalmers,Michael Beasley,Shawn Marion,Udonis Haslem,D.J. Augustin,Emeka Okafor,Gerald Wallace,Jared Dudley,Jason Richardson,3,6:12,CHA,sub,,,,D.J. Augustin,,Raymond Felton,,,,,,,,,,,,
Dwyane Wade,Mario Chalmers,Michael Beasley,Shawn Marion,Udonis Haslem,D.J. Augustin,Emeka Okafor,Gerald Wallace,Jared Dudley,Jason Richardson,3,6:12,MIA,free throw,,,,,,,2,,2,Dwyane Wade,,,foul,made,,,,
Dwyane Wade,Mario Chalmers,Michael Beasley,Shawn Marion,Udonis Haslem,D.J. Augustin,Emeka Okafor,Gerald Wallace,Jared Dudley,Jason Richardson,3,5:59,CHA,shot,D.J. Augustin,,,,,,,,,Gerald Wallace,2,,,made,,jump,38,21
Dwyane Wade,Mario Chalmers,Michael Beasley,Shawn Marion,Udonis Haslem,D.J. Augustin,Emeka Okafor,Gerald Wallace,Jared Dudley,Jason Richardson,3,5:42,CHA,foul,,,,,,,,Dwyane Wade,,Jared Dudley,,,,,,shooting,,
Dwyane Wade,Mario Chalmers,Michael Beasley,Shawn Marion,Udonis Haslem,D.J. Augustin,Emeka Okafor,Gerald Wallace,Jared Dudley,Jason Richardson,3,5:42,MIA,free throw,,,,,,,1,,2,Dwyane Wade,,,foul,made,,,,
Dwyane Wade,Mario Chalmers,Michael Beasley,Shawn Marion,Udonis Haslem,D.J. Augustin,Emeka Okafor,Gerald Wallace,Jared Dudley,Jason Richardson,3,5:42,MIA,free throw,,,,,,,2,,2,Dwyane Wade,,,foul,missed,,,,
Dwyane Wade,Mario Chalmers,Michael Beasley,Shawn Marion,Udonis Haslem,D.J. Augustin,Emeka Okafor,Gerald Wallace,Jared Dudley,Jason Richardson,3,5:39,CHA,rebound,,,,,,,,,,Emeka Okafor,,,,,,def,,
Dwyane Wade,Mario Chalmers,Michael Beasley,Shawn Marion,Udonis Haslem,D.J. Augustin,Emeka Okafor,Gerald Wallace,Jared Dudley,Jason Richardson,3,5:26,MIA,violation,,,,,,,,,,Udonis Haslem,,,,,,kicked ball,,
Dwyane Wade,Mario Chalmers,Michael Beasley,Shawn Marion,Udonis Haslem,D.J. Augustin,Emeka Okafor,Gerald Wallace,Jared Dudley,Jason Richardson,3,5:16,CHA,shot,,,,,,,,,,Jared Dudley,,,,missed,,jump,41,17
Dwyane Wade,Mario Chalmers,Michael Beasley,Shawn Marion,Udonis Haslem,D.J. Augustin,Emeka Okafor,Gerald Wallace,Jared Dudley,Jason Richardson,3,5:15,CHA,rebound,,,,,,,,,,Gerald Wallace,,,,,,off,,
Dwyane Wade,Mario Chalmers,Michael Beasley,Shawn Marion,Udonis Haslem,D.J. Augustin,Emeka Okafor,Gerald Wallace,Jared Dudley,Jason Richardson,3,5:15,MIA,foul,,,,,,,,Gerald Wallace,,Shawn Marion,,,,,,shooting,,
Dwyane Wade,Mario Chalmers,Michael Beasley,Shawn Marion,Udonis Haslem,D.J. Augustin,Emeka Okafor,Gerald Wallace,Jared Dudley,Jason Richardson,3,5:15,CHA,free throw,,,,,,,1,,2,Gerald Wallace,,,foul,made,,,,
Dwyane Wade,Mario Chalmers,Michael Beasley,Shawn Marion,Udonis Haslem,D.J. Augustin,Emeka Okafor,Gerald Wallace,Jared Dudley,Jason Richardson,3,5:15,CHA,free throw,,,,,,,2,,2,Gerald Wallace,,,foul,made,,,,
Dwyane Wade,Mario Chalmers,Michael Beasley,Shawn Marion,Udonis Haslem,D.J. Augustin,Emeka Okafor,Gerald Wallace,Jared Dudley,Jason Richardson,3,5:00,MIA,shot,,,,,,,,,,Dwyane Wade,,,,missed,,jump,31,25
Dwyane Wade,Mario Chalmers,Michael Beasley,Shawn Marion,Udonis Haslem,D.J. Augustin,Emeka Okafor,Gerald Wallace,Jared Dudley,Jason Richardson,3,4:58,CHA,rebound,,,,,,,,,,Jared Dudley,,,,,,def,,
Dwyane Wade,Mario Chalmers,Michael Beasley,Shawn Marion,Udonis Haslem,D.J. Augustin,Emeka Okafor,Gerald Wallace,Jared Dudley,Jason Richardson,3,4:45,CHA,turnover,,,,,,,,,,D.J. Augustin,,,bad pass,,,,,
Dwyane Wade,Mario Chalmers,Michael Beasley,Shawn Marion,Udonis Haslem,D.J. Augustin,Emeka Okafor,Gerald Wallace,Jared Dudley,Jason Richardson,3,4:31,CHA,foul,,,,,,,,Dwyane Wade,,Jason Richardson,,,,,,shooting,,
Dwyane Wade,Mario Chalmers,Michael Beasley,Shawn Marion,Udonis Haslem,D.J. Augustin,Emeka Okafor,Gerald Wallace,Jared Dudley,Jason Richardson,3,4:31,MIA,free throw,,,,,,,1,,2,Dwyane Wade,,,foul,missed,,,,
Dwyane Wade,Mario Chalmers,Michael Beasley,Shawn Marion,Udonis Haslem,D.J. Augustin,Emeka Okafor,Gerald Wallace,Jared Dudley,Jason Richardson,3,4:31,MIA,rebound,,,,,,,,,,,,,,,,,,
Dwyane Wade,Mario Chalmers,Michael Beasley,Shawn Marion,Udonis Haslem,D.J. Augustin,Emeka Okafor,Gerald Wallace,Jared Dudley,Jason Richardson,3,4:31,MIA,free throw,,,,,,,2,,2,Dwyane Wade,,,foul,made,,,,
Dwyane Wade,Mario Chalmers,Michael Beasley,Shawn Marion,Udonis Haslem,D.J. Augustin,Emeka Okafor,Gerald Wallace,Jared Dudley,Jason Richardson,3,4:09,MIA,foul,,,,,,,,D.J. Augustin,,Dwyane Wade,,,,,,personal,,
Daequan Cook,Mario Chalmers,Michael Beasley,Shawn Marion,Udonis Haslem,D.J. Augustin,Emeka Okafor,Gerald Wallace,Jared Dudley,Jason Richardson,3,4:09,MIA,sub,,,,Daequan Cook,,Dwyane Wade,,,,,,,,,,,,
Daequan Cook,Mario Chalmers,Michael Beasley,Shawn Marion,Udonis Haslem,D.J. Augustin,Emeka Okafor,Gerald Wallace,Jared Dudley,Jason Richardson,3,4:09,CHA,foul,,,,,,,,Michael Beasley,,Jared Dudley,,,,,,offensive,,
Daequan Cook,Mario Chalmers,Michael Beasley,Shawn Marion,Udonis Haslem,D.J. Augustin,Emeka Okafor,Gerald Wallace,Jared Dudley,Jason Richardson,3,4:09,CHA,turnover,,,,,,,,,,Jared Dudley,,,foul,,,,,
Daequan Cook,Mario Chalmers,Michael Beasley,Shawn Marion,Udonis Haslem,Adam Morrison,D.J. Augustin,Emeka Okafor,Gerald Wallace,Jason Richardson,3,4:09,CHA,sub,,,,Adam Morrison,,Jared Dudley,,,,,,,,,,,,
Daequan Cook,Mario Chalmers,Michael Beasley,Shawn Marion,Udonis Haslem,Adam Morrison,D.J. Augustin,Emeka Okafor,Gerald Wallace,Jason Richardson,3,3:56,MIA,shot,Mario Chalmers,,,,,,,,,Udonis Haslem,2,,,made,,jump,32,23
Daequan Cook,Mario Chalmers,Michael Beasley,Shawn Marion,Udonis Haslem,Adam Morrison,D.J. Augustin,Emeka Okafor,Gerald Wallace,Jason Richardson,3,3:35,CHA,shot,,,,,,,,,,D.J. Augustin,,,,missed,,3pt,38,29
Daequan Cook,Mario Chalmers,Michael Beasley,Shawn Marion,Udonis Haslem,Adam Morrison,D.J. Augustin,Emeka Okafor,Gerald Wallace,Jason Richardson,3,3:34,MIA,rebound,,,,,,,,,,Udonis Haslem,,,,,,def,,
Daequan Cook,Mario Chalmers,Michael Beasley,Shawn Marion,Udonis Haslem,Adam Morrison,D.J. Augustin,Emeka Okafor,Gerald Wallace,Jason Richardson,3,3:19,MIA,shot,,,,,,,,,,Michael Beasley,,,,missed,,3pt,1,12
Daequan Cook,Mario Chalmers,Michael Beasley,Shawn Marion,Udonis Haslem,Adam Morrison,D.J. Augustin,Emeka Okafor,Gerald Wallace,Jason Richardson,3,3:17,CHA,rebound,,,,,,,,,,Emeka Okafor,,,,,,def,,
Daequan Cook,Mario Chalmers,Michael Beasley,Shawn Marion,Udonis Haslem,Adam Morrison,D.J. Augustin,Emeka Okafor,Gerald Wallace,Jason Richardson,3,3:03,MIA,foul,,,,,,,,Gerald Wallace,,Udonis Haslem,,,,,,shooting,,
Daequan Cook,Mario Chalmers,Michael Beasley,Shawn Marion,Udonis Haslem,Adam Morrison,D.J. Augustin,Emeka Okafor,Gerald Wallace,Shannon Brown,3,3:03,CHA,sub,,,,Shannon Brown,,Jason Richardson,,,,,,,,,,,,
Daequan Cook,Mario Chalmers,Michael Beasley,Shawn Marion,Udonis Haslem,Adam Morrison,Andre Brown,D.J. Augustin,Gerald Wallace,Shannon Brown,3,3:03,CHA,sub,,,,Andre Brown,,Emeka Okafor,,,,,,,,,,,,
Daequan Cook,Mario Chalmers,Michael Beasley,Shawn Marion,Udonis Haslem,Adam Morrison,Andre Brown,D.J. Augustin,Gerald Wallace,Shannon Brown,3,3:03,CHA,free throw,,,,,,,1,,2,Gerald Wallace,,,foul,missed,,,,
Daequan Cook,Mario Chalmers,Michael Beasley,Shawn Marion,Udonis Haslem,Adam Morrison,Andre Brown,D.J. Augustin,Gerald Wallace,Shannon Brown,3,3:03,CHA,rebound,,,,,,,,,,,,,,,,,,
Daequan Cook,Marcus Banks,Mario Chalmers,Shawn Marion,Udonis Haslem,Adam Morrison,Andre Brown,D.J. Augustin,Gerald Wallace,Shannon Brown,3,3:03,MIA,sub,,,,Marcus Banks,,Michael Beasley,,,,,,,,,,,,
Daequan Cook,Marcus Banks,Mario Chalmers,Shawn Marion,Udonis Haslem,Adam Morrison,Andre Brown,D.J. Augustin,Gerald Wallace,Shannon Brown,3,3:03,CHA,free throw,,,,,,,2,,2,Gerald Wallace,,,foul,made,,,,
Daequan Cook,Marcus Banks,Mario Chalmers,Shawn Marion,Udonis Haslem,Adam Morrison,Andre Brown,D.J. Augustin,Gerald Wallace,Shannon Brown,3,3:03,MIA,violation,,,,,,,,,,Udonis Haslem,,,,,,defensive goaltending,,
Daequan Cook,Marcus Banks,Mario Chalmers,Shawn Marion,Udonis Haslem,Adam Morrison,Andre Brown,D.J. Augustin,Gerald Wallace,Shannon Brown,3,2:46,MIA,shot,,,,,,,,,,Udonis Haslem,,,,missed,,jump,34,24
Daequan Cook,Marcus Banks,Mario Chalmers,Shawn Marion,Udonis Haslem,Adam Morrison,Andre Brown,D.J. Augustin,Gerald Wallace,Shannon Brown,3,2:44,CHA,rebound,,,,,,,,,,Adam Morrison,,,,,,def,,
Daequan Cook,Marcus Banks,Mario Chalmers,Shawn Marion,Udonis Haslem,Adam Morrison,Andre Brown,D.J. Augustin,Gerald Wallace,Shannon Brown,3,2:24,MIA,foul,,,,,,,,Andre Brown,,Udonis Haslem,,,,,,shooting,,
Daequan Cook,Marcus Banks,Mario Chalmers,Shawn Marion,Udonis Haslem,Adam Morrison,Andre Brown,D.J. Augustin,Gerald Wallace,Shannon Brown,3,2:24,MIA,timeout,,,,,,,,,,,,,,,,regular,,
Chris Quinn,Daequan Cook,Marcus Banks,Mario Chalmers,Shawn Marion,Adam Morrison,Andre Brown,D.J. Augustin,Gerald Wallace,Shannon Brown,3,2:24,MIA,sub,,,,Chris Quinn,,Udonis Haslem,,,,,,,,,,,,
Chris Quinn,Daequan Cook,Marcus Banks,Michael Beasley,Shawn Marion,Adam Morrison,Andre Brown,D.J. Augustin,Gerald Wallace,Shannon Brown,3,2:24,MIA,sub,,,,Michael Beasley,,Mario Chalmers,,,,,,,,,,,,
Chris Quinn,Daequan Cook,Marcus Banks,Michael Beasley,Shawn Marion,Adam Morrison,Andre Brown,D.J. Augustin,Gerald Wallace,Shannon Brown,3,2:24,CHA,free throw,,,,,,,1,,2,Andre Brown,,,foul,made,,,,
Chris Quinn,Daequan Cook,Marcus Banks,Michael Beasley,Shawn Marion,Adam Morrison,Andre Brown,D.J. Augustin,Gerald Wallace,Shannon Brown,3,2:24,CHA,free throw,,,,,,,2,,2,Andre Brown,,,foul,made,,,,
Chris Quinn,Daequan Cook,Marcus Banks,Michael Beasley,Shawn Marion,Adam Morrison,Andre Brown,D.J. Augustin,Gerald Wallace,Shannon Brown,3,2:24,MIA,timeout,,,,,,,,,,,,,,,,short,,
Chris Quinn,Daequan Cook,Marcus Banks,Michael Beasley,Shawn Marion,Adam Morrison,Andre Brown,D.J. Augustin,Gerald Wallace,Shannon Brown,3,2:10,CHA,foul,,,,,,,,Michael Beasley,,Andre Brown,,,,,,shooting,,
Chris Quinn,Daequan Cook,Marcus Banks,Michael Beasley,Shawn Marion,Adam Morrison,Andre Brown,D.J. Augustin,Gerald Wallace,Shannon Brown,3,2:10,MIA,free throw,,,,,,,1,,2,Michael Beasley,,,foul,made,,,,
Chris Quinn,Daequan Cook,Marcus Banks,Michael Beasley,Shawn Marion,Adam Morrison,Andre Brown,D.J. Augustin,Gerald Wallace,Shannon Brown,3,2:10,MIA,free throw,,,,,,,2,,2,Michael Beasley,,,foul,made,,,,
Chris Quinn,Daequan Cook,Marcus Banks,Michael Beasley,Shawn Marion,Adam Morrison,Andre Brown,D.J. Augustin,Gerald Wallace,Shannon Brown,3,1:57,CHA,shot,,,Shawn Marion,,,,,,,Gerald Wallace,,,,missed,,layup,25,6
Chris Quinn,Daequan Cook,Marcus Banks,Michael Beasley,Shawn Marion,Adam Morrison,Andre Brown,D.J. Augustin,Gerald Wallace,Shannon Brown,3,1:55,MIA,rebound,,,,,,,,,,Marcus Banks,,,,,,def,,
Chris Quinn,Daequan Cook,Marcus Banks,Michael Beasley,Shawn Marion,Adam Morrison,Andre Brown,D.J. Augustin,Gerald Wallace,Shannon Brown,3,1:44,MIA,shot,,,,,,,,,,Michael Beasley,2,,,made,,jump,23,24
Chris Quinn,Daequan Cook,Marcus Banks,Michael Beasley,Shawn Marion,Adam Morrison,Andre Brown,D.J. Augustin,Gerald Wallace,Shannon Brown,3,1:23,CHA,shot,,,,,,,,,,Shannon Brown,2,,,made,,jump,39,9
Chris Quinn,Daequan Cook,Marcus Banks,Michael Beasley,Shawn Marion,Adam Morrison,Andre Brown,D.J. Augustin,Gerald Wallace,Shannon Brown,3,1:05,MIA,shot,,,,,,,,,,Daequan Cook,,,,missed,,3pt,5,23
Chris Quinn,Daequan Cook,Marcus Banks,Michael Beasley,Shawn Marion,Adam Morrison,Andre Brown,D.J. Augustin,Gerald Wallace,Shannon Brown,3,1:04,CHA,rebound,,,,,,,,,,,,,,,,,,
Chris Quinn,Daequan Cook,Marcus Banks,Michael Beasley,Shawn Marion,Adam Morrison,Andre Brown,D.J. Augustin,Gerald Wallace,Shannon Brown,3,0:51,CHA,shot,,,Michael Beasley,,,,,,,D.J. Augustin,,,,missed,,layup,25,6
Chris Quinn,Daequan Cook,Marcus Banks,Michael Beasley,Shawn Marion,Adam Morrison,Andre Brown,D.J. Augustin,Gerald Wallace,Shannon Brown,3,0:49,MIA,rebound,,,,,,,,,,Shawn Marion,,,,,,def,,
Chris Quinn,Daequan Cook,Marcus Banks,Michael Beasley,Shawn Marion,Adam Morrison,Andre Brown,D.J. Augustin,Gerald Wallace,Shannon Brown,3,0:46,MIA,shot,,,Gerald Wallace,,,,,,,Daequan Cook,,,,missed,,layup,25,6
Chris Quinn,Daequan Cook,Marcus Banks,Michael Beasley,Shawn Marion,Adam Morrison,Andre Brown,D.J. Augustin,Gerald Wallace,Shannon Brown,3,0:44,MIA,shot,,,,,,,,,,Shawn Marion,2,,,made,,putback dunk,25,6
Chris Quinn,Daequan Cook,Marcus Banks,Michael Beasley,Shawn Marion,Adam Morrison,Andre Brown,D.J. Augustin,Gerald Wallace,Shannon Brown,3,0:44,MIA,rebound,,,,,,,,,,Shawn Marion,,,,,,off,,
Chris Quinn,Daequan Cook,Marcus Banks,Michael Beasley,Shawn Marion,Adam Morrison,Andre Brown,D.J. Augustin,Gerald Wallace,Shannon Brown,3,0:34,MIA,foul,,,,,,,,Shannon Brown,,Marcus Banks,,,,,,personal,,
Chris Quinn,Daequan Cook,Marcus Banks,Michael Beasley,Shawn Marion,Adam Morrison,Andre Brown,D.J. Augustin,Gerald Wallace,Shannon Brown,3,0:34,CHA,free throw,,,,,,,1,,2,Shannon Brown,,,foul,made,,,,
Chris Quinn,Daequan Cook,Marcus Banks,Michael Beasley,Shawn Marion,Adam Morrison,Andre Brown,D.J. Augustin,Gerald Wallace,Shannon Brown,3,0:34,CHA,free throw,,,,,,,2,,2,Shannon Brown,,,foul,made,,,,
Chris Quinn,Daequan Cook,Marcus Banks,Michael Beasley,Shawn Marion,Adam Morrison,Andre Brown,D.J. Augustin,Gerald Wallace,Shannon Brown,3,0:23,MIA,shot,,,Gerald Wallace,,,,,,,Chris Quinn,,,,missed,,layup,25,6
Chris Quinn,Daequan Cook,Marcus Banks,Michael Beasley,Shawn Marion,Adam Morrison,Andre Brown,D.J. Augustin,Gerald Wallace,Shannon Brown,3,0:23,MIA,rebound,,,,,,,,,,,,,,,,,,
Chris Quinn,Daequan Cook,Marcus Banks,Michael Beasley,Shawn Marion,Adam Morrison,Andre Brown,D.J. Augustin,Gerald Wallace,Shannon Brown,3,0:20,MIA,shot,Daequan Cook,,,,,,,,,Marcus Banks,2,,,made,,layup,25,6
Chris Quinn,Daequan Cook,Marcus Banks,Michael Beasley,Shawn Marion,Adam Morrison,Andre Brown,D.J. Augustin,Gerald Wallace,Shannon Brown,3,0:00,CHA,shot,,,,,,,,,,D.J. Augustin,,,,missed,,jump,15,20
Chris Quinn,Daequan Cook,Marcus Banks,Michael Beasley,Shawn Marion,Adam Morrison,Andre Brown,D.J. Augustin,Gerald Wallace,Shannon Brown,3,0:00,CHA,rebound,,,,,,,,,,,,,,,,,,
Chris Quinn,Daequan Cook,Marcus Banks,Michael Beasley,Shawn Marion,Adam Morrison,D.J. Augustin,Emeka Okafor,Gerald Wallace,Jason Richardson,4,11:41,CHA,turnover,,,,,,,,,,Emeka Okafor,,,3 second violation,,,,,
Chris Quinn,Daequan Cook,Marcus Banks,Michael Beasley,Shawn Marion,Adam Morrison,D.J. Augustin,Emeka Okafor,Gerald Wallace,Jason Richardson,4,11:27,MIA,shot,,,,,,,,,,Michael Beasley,,,,missed,,jump,32,24
Chris Quinn,Daequan Cook,Marcus Banks,Michael Beasley,Shawn Marion,Adam Morrison,D.J. Augustin,Emeka Okafor,Gerald Wallace,Jason Richardson,4,11:24,MIA,rebound,,,,,,,,,,Shawn Marion,,,,,,off,,
Chris Quinn,Daequan Cook,Marcus Banks,Michael Beasley,Shawn Marion,Adam Morrison,D.J. Augustin,Emeka Okafor,Gerald Wallace,Jason Richardson,4,11:15,MIA,shot,,,,,,,,,,Marcus Banks,3,,,made,,3pt,36,30
Chris Quinn,Daequan Cook,Marcus Banks,Michael Beasley,Shawn Marion,Adam Morrison,D.J. Augustin,Emeka Okafor,Gerald Wallace,Jason Richardson,4,10:54,CHA,shot,Adam Morrison,,,,,,,,,Gerald Wallace,3,,,made,,3pt,2,8
Chris Quinn,Daequan Cook,Marcus Banks,Michael Beasley,Shawn Marion,Adam Morrison,D.J. Augustin,Emeka Okafor,Gerald Wallace,Jason Richardson,4,10:33,MIA,shot,,,,,,,,,,Marcus Banks,,,,missed,,3pt,48,8
Chris Quinn,Daequan Cook,Marcus Banks,Michael Beasley,Shawn Marion,Adam Morrison,D.J. Augustin,Emeka Okafor,Gerald Wallace,Jason Richardson,4,10:32,MIA,rebound,,,,,,,,,,Shawn Marion,,,,,,off,,
Chris Quinn,Daequan Cook,Marcus Banks,Michael Beasley,Shawn Marion,Adam Morrison,D.J. Augustin,Emeka Okafor,Gerald Wallace,Jason Richardson,4,10:15,MIA,shot,,,,,,,,,,Chris Quinn,,,,missed,,layup,25,6
Chris Quinn,Daequan Cook,Marcus Banks,Michael Beasley,Shawn Marion,Adam Morrison,D.J. Augustin,Emeka Okafor,Gerald Wallace,Jason Richardson,4,10:13,MIA,shot,,,,,,,,,,Shawn Marion,,,,missed,,tip,25,6
Chris Quinn,Daequan Cook,Marcus Banks,Michael Beasley,Shawn Marion,Adam Morrison,D.J. Augustin,Emeka Okafor,Gerald Wallace,Jason Richardson,4,10:13,MIA,rebound,,,,,,,,,,Shawn Marion,,,,,,off,,
Chris Quinn,Daequan Cook,Marcus Banks,Michael Beasley,Shawn Marion,Adam Morrison,D.J. Augustin,Emeka Okafor,Gerald Wallace,Jason Richardson,4,10:11,CHA,rebound,,,,,,,,,,Jason Richardson,,,,,,def,,
Chris Quinn,Daequan Cook,Marcus Banks,Michael Beasley,Shawn Marion,Adam Morrison,D.J. Augustin,Emeka Okafor,Gerald Wallace,Jason Richardson,4,10:02,CHA,shot,D.J. Augustin,,,,,,,,,Gerald Wallace,2,,,made,,driving layup,25,6
Chris Quinn,Daequan Cook,Marcus Banks,Michael Beasley,Shawn Marion,Adam Morrison,D.J. Augustin,Emeka Okafor,Gerald Wallace,Jason Richardson,4,10:02,MIA,foul,,,,,,,,Gerald Wallace,,Michael Beasley,,,,,,shooting,,
Chris Quinn,Daequan Cook,Marcus Banks,Michael Beasley,Shawn Marion,Adam Morrison,D.J. Augustin,Emeka Okafor,Gerald Wallace,Jason Richardson,4,10:02,CHA,free throw,,,,,,,1,,1,Gerald Wallace,,,foul,missed,,,,
Chris Quinn,Daequan Cook,Marcus Banks,Michael Beasley,Shawn Marion,Adam Morrison,D.J. Augustin,Emeka Okafor,Gerald Wallace,Jason Richardson,4,10:00,MIA,rebound,,,,,,,,,,Shawn Marion,,,,,,def,,
Chris Quinn,Daequan Cook,Marcus Banks,Michael Beasley,Shawn Marion,Adam Morrison,D.J. Augustin,Emeka Okafor,Gerald Wallace,Jason Richardson,4,9:51,MIA,turnover,,,,,,,,,,Marcus Banks,,,step out of bounds turnover,,,,,
Chris Quinn,Daequan Cook,Marcus Banks,Michael Beasley,Shawn Marion,Adam Morrison,D.J. Augustin,Emeka Okafor,Gerald Wallace,Jason Richardson,4,9:37,CHA,shot,Adam Morrison,,,,,,,,,Gerald Wallace,2,,,made,,layup,25,6
Chris Quinn,Daequan Cook,Marcus Banks,Michael Beasley,Shawn Marion,Adam Morrison,D.J. Augustin,Emeka Okafor,Gerald Wallace,Jason Richardson,4,9:30,MIA,timeout,,,,,,,,,,,,,,,,regular,,
Chris Quinn,Daequan Cook,Marcus Banks,Mario Chalmers,Michael Beasley,Adam Morrison,D.J. Augustin,Emeka Okafor,Gerald Wallace,Jason Richardson,4,9:30,MIA,sub,,,,Mario Chalmers,,Shawn Marion,,,,,,,,,,,,
Chris Quinn,Daequan Cook,Mario Chalmers,Michael Beasley,Udonis Haslem,Adam Morrison,D.J. Augustin,Emeka Okafor,Gerald Wallace,Jason Richardson,4,9:30,MIA,sub,,,,Udonis Haslem,,Marcus Banks,,,,,,,,,,,,
Daequan Cook,Dwyane Wade,Mario Chalmers,Michael Beasley,Udonis Haslem,Adam Morrison,D.J. Augustin,Emeka Okafor,Gerald Wallace,Jason Richardson,4,9:30,MIA,sub,,,,Dwyane Wade,,Chris Quinn,,,,,,,,,,,,
Daequan Cook,Dwyane Wade,Mario Chalmers,Michael Beasley,Udonis Haslem,Adam Morrison,D.J. Augustin,Emeka Okafor,Gerald Wallace,Jason Richardson,4,9:19,MIA,shot,,,,,,,,,,Mario Chalmers,,,,missed,,3pt,41,27
Daequan Cook,Dwyane Wade,Mario Chalmers,Michael Beasley,Udonis Haslem,Adam Morrison,D.J. Augustin,Emeka Okafor,Gerald Wallace,Jason Richardson,4,9:15,MIA,shot,,,,,,,,,,Dwyane Wade,2,,,made,,turnaround jump,27,11
Daequan Cook,Dwyane Wade,Mario Chalmers,Michael Beasley,Udonis Haslem,Adam Morrison,D.J. Augustin,Emeka Okafor,Gerald Wallace,Jason Richardson,4,9:15,MIA,rebound,,,,,,,,,,Dwyane Wade,,,,,,off,,
Daequan Cook,Dwyane Wade,Mario Chalmers,Michael Beasley,Udonis Haslem,Adam Morrison,D.J. Augustin,Emeka Okafor,Gerald Wallace,Jason Richardson,4,8:50,CHA,shot,,,,,,,,,,Jason Richardson,,,,missed,,layup,25,6
Daequan Cook,Dwyane Wade,Mario Chalmers,Michael Beasley,Udonis Haslem,Adam Morrison,D.J. Augustin,Emeka Okafor,Gerald Wallace,Jason Richardson,4,8:49,CHA,rebound,,,,,,,,,,Emeka Okafor,,,,,,off,,
Daequan Cook,Dwyane Wade,Mario Chalmers,Michael Beasley,Udonis Haslem,Adam Morrison,D.J. Augustin,Emeka Okafor,Gerald Wallace,Jason Richardson,4,8:48,CHA,turnover,,,,,,,,,,,,,shot clock turnover,,,,,
Daequan Cook,Dwyane Wade,Mario Chalmers,Michael Beasley,Udonis Haslem,Adam Morrison,D.J. Augustin,Emeka Okafor,Gerald Wallace,Jason Richardson,4,8:33,CHA,foul,,,,,,,,Dwyane Wade,,D.J. Augustin,,,,,,shooting,,
Daequan Cook,Dwyane Wade,Mario Chalmers,Michael Beasley,Udonis Haslem,Adam Morrison,D.J. Augustin,Emeka Okafor,Gerald Wallace,Jason Richardson,4,8:33,MIA,free throw,,,,,,,1,,2,Dwyane Wade,,,foul,made,,,,
Daequan Cook,Dwyane Wade,Mario Chalmers,Michael Beasley,Udonis Haslem,D.J. Augustin,Emeka Okafor,Gerald Wallace,Jared Dudley,Jason Richardson,4,8:33,CHA,sub,,,,Jared Dudley,,Adam Morrison,,,,,,,,,,,,
Daequan Cook,Dwyane Wade,Mario Chalmers,Michael Beasley,Udonis Haslem,D.J. Augustin,Emeka Okafor,Gerald Wallace,Jared Dudley,Jason Richardson,4,8:33,MIA,free throw,,,,,,,2,,2,Dwyane Wade,,,foul,made,,,,
Daequan Cook,Dwyane Wade,Mario Chalmers,Michael Beasley,Udonis Haslem,D.J. Augustin,Emeka Okafor,Gerald Wallace,Jared Dudley,Jason Richardson,4,8:18,CHA,shot,,,,,,,,,,Jason Richardson,,,,missed,,layup,25,6
Daequan Cook,Dwyane Wade,Mario Chalmers,Michael Beasley,Udonis Haslem,D.J. Augustin,Emeka Okafor,Gerald Wallace,Jared Dudley,Jason Richardson,4,8:16,CHA,shot,,,,,,,,,,Emeka Okafor,,,,missed,,layup,25,6
Daequan Cook,Dwyane Wade,Mario Chalmers,Michael Beasley,Udonis Haslem,D.J. Augustin,Emeka Okafor,Gerald Wallace,Jared Dudley,Jason Richardson,4,8:16,CHA,rebound,,,,,,,,,,Emeka Okafor,,,,,,off,,
Daequan Cook,Dwyane Wade,Mario Chalmers,Michael Beasley,Udonis Haslem,D.J. Augustin,Emeka Okafor,Gerald Wallace,Jared Dudley,Jason Richardson,4,8:15,MIA,rebound,,,,,,,,,,Dwyane Wade,,,,,,def,,
Daequan Cook,Dwyane Wade,Mario Chalmers,Michael Beasley,Udonis Haslem,D.J. Augustin,Emeka Okafor,Gerald Wallace,Jared Dudley,Jason Richardson,4,8:07,MIA,shot,,,,,,,,,,Mario Chalmers,,,,missed,,3pt,36,33
Daequan Cook,Dwyane Wade,Mario Chalmers,Michael Beasley,Udonis Haslem,D.J. Augustin,Emeka Okafor,Gerald Wallace,Jared Dudley,Jason Richardson,4,8:05,CHA,rebound,,,,,,,,,,Emeka Okafor,,,,,,def,,
Daequan Cook,Dwyane Wade,Mario Chalmers,Michael Beasley,Udonis Haslem,D.J. Augustin,Emeka Okafor,Gerald Wallace,Jared Dudley,Jason Richardson,4,8:00,CHA,shot,,,,,,,,,,Gerald Wallace,,,,missed,,alley oop layup,25,6
Daequan Cook,Dwyane Wade,Mario Chalmers,Michael Beasley,Udonis Haslem,D.J. Augustin,Emeka Okafor,Gerald Wallace,Jared Dudley,Jason Richardson,4,7:59,CHA,rebound,,,,,,,,,,Jared Dudley,,,,,,off,,
Daequan Cook,Dwyane Wade,Mario Chalmers,Michael Beasley,Udonis Haslem,D.J. Augustin,Emeka Okafor,Gerald Wallace,Jared Dudley,Jason Richardson,4,7:59,MIA,foul,,,,,,,,Jared Dudley,,Mario Chalmers,,,,,,personal,,
Daequan Cook,Dwyane Wade,Mario Chalmers,Michael Beasley,Udonis Haslem,D.J. Augustin,Emeka Okafor,Gerald Wallace,Jared Dudley,Jason Richardson,4,7:47,CHA,shot,,,,,,,,,,Gerald Wallace,2,,,made,,layup,25,6
Daequan Cook,Dwyane Wade,Mario Chalmers,Michael Beasley,Udonis Haslem,D.J. Augustin,Emeka Okafor,Gerald Wallace,Jared Dudley,Jason Richardson,4,7:28,MIA,shot,,,,,,,,,,Dwyane Wade,,,,missed,,jump,36,22
Daequan Cook,Dwyane Wade,Mario Chalmers,Michael Beasley,Udonis Haslem,D.J. Augustin,Emeka Okafor,Gerald Wallace,Jared Dudley,Jason Richardson,4,7:27,CHA,rebound,,,,,,,,,,,,,,,,,,
Daequan Cook,Dwyane Wade,Mario Chalmers,Michael Beasley,Udonis Haslem,D.J. Augustin,Emeka Okafor,Gerald Wallace,Jared Dudley,Jason Richardson,4,7:12,CHA,shot,D.J. Augustin,,,,,,,,,Emeka Okafor,2,,,made,,dunk,25,6
Daequan Cook,Dwyane Wade,Mario Chalmers,Michael Beasley,Udonis Haslem,D.J. Augustin,Emeka Okafor,Gerald Wallace,Jared Dudley,Jason Richardson,4,7:12,MIA,foul,,,,,,,,Emeka Okafor,,Michael Beasley,,,,,,shooting,,
Dwyane Wade,Mario Chalmers,Michael Beasley,Shawn Marion,Udonis Haslem,D.J. Augustin,Emeka Okafor,Gerald Wallace,Jared Dudley,Jason Richardson,4,7:12,MIA,sub,,,,Shawn Marion,,Daequan Cook,,,,,,,,,,,,
Dwyane Wade,Mario Chalmers,Michael Beasley,Shawn Marion,Udonis Haslem,D.J. Augustin,Emeka Okafor,Gerald Wallace,Jared Dudley,Jason Richardson,4,7:12,CHA,free throw,,,,,,,1,,1,Emeka Okafor,,,foul,missed,,,,
Dwyane Wade,Mario Chalmers,Michael Beasley,Shawn Marion,Udonis Haslem,D.J. Augustin,Emeka Okafor,Gerald Wallace,Jared Dudley,Jason Richardson,4,7:10,MIA,rebound,,,,,,,,,,Udonis Haslem,,,,,,def,,
Dwyane Wade,Mario Chalmers,Michael Beasley,Shawn Marion,Udonis Haslem,D.J. Augustin,Emeka Okafor,Gerald Wallace,Jared Dudley,Jason Richardson,4,6:59,MIA,turnover,,,,,,,,,,Dwyane Wade,,,lost ball,,Gerald Wallace,,,
Dwyane Wade,Mario Chalmers,Michael Beasley,Shawn Marion,Udonis Haslem,D.J. Augustin,Emeka Okafor,Gerald Wallace,Jared Dudley,Jason Richardson,4,6:55,CHA,shot,,,,,,,,,,Jason Richardson,2,,,made,,layup,25,6
Dwyane Wade,Mario Chalmers,Michael Beasley,Shawn Marion,Udonis Haslem,D.J. Augustin,Emeka Okafor,Gerald Wallace,Jared Dudley,Jason Richardson,4,6:39,MIA,shot,Mario Chalmers,,,,,,,,,Michael Beasley,3,,,made,,3pt,2,8
Dwyane Wade,Mario Chalmers,Michael Beasley,Shawn Marion,Udonis Haslem,D.J. Augustin,Emeka Okafor,Gerald Wallace,Jared Dudley,Jason Richardson,4,6:28,CHA,foul,,,,,,,,Mario Chalmers,,D.J. Augustin,,,,,,offensive,,
Dwyane Wade,Mario Chalmers,Michael Beasley,Shawn Marion,Udonis Haslem,D.J. Augustin,Emeka Okafor,Gerald Wallace,Jared Dudley,Jason Richardson,4,6:28,CHA,turnover,,,,,,,,,,D.J. Augustin,,,foul,,,,,
Dwyane Wade,Mario Chalmers,Michael Beasley,Shawn Marion,Udonis Haslem,Emeka Okafor,Gerald Wallace,Jared Dudley,Jason Richardson,Raymond Felton,4,6:27,CHA,sub,,,,Raymond Felton,,D.J. Augustin,,,,,,,,,,,,
Dwyane Wade,Mario Chalmers,Michael Beasley,Shawn Marion,Udonis Haslem,Emeka Okafor,Gerald Wallace,Jared Dudley,Jason Richardson,Raymond Felton,4,6:04,MIA,shot,,,,,,,,,,Michael Beasley,,,,missed,,jump,21,16
Dwyane Wade,Mario Chalmers,Michael Beasley,Shawn Marion,Udonis Haslem,Emeka Okafor,Gerald Wallace,Jared Dudley,Jason Richardson,Raymond Felton,4,6:03,CHA,rebound,,,,,,,,,,Raymond Felton,,,,,,def,,
Dwyane Wade,Mario Chalmers,Michael Beasley,Shawn Marion,Udonis Haslem,Emeka Okafor,Gerald Wallace,Jared Dudley,Jason Richardson,Raymond Felton,4,5:49,CHA,shot,Raymond Felton,,,,,,,,,Jason Richardson,2,,,made,,jump,11,18
Dwyane Wade,Mario Chalmers,Michael Beasley,Shawn Marion,Udonis Haslem,Emeka Okafor,Gerald Wallace,Jared Dudley,Jason Richardson,Raymond Felton,4,5:49,MIA,timeout,,,,,,,,,,,,,,,,regular,,
Dwyane Wade,Mario Chalmers,Michael Beasley,Shawn Marion,Udonis Haslem,Emeka Okafor,Gerald Wallace,Jared Dudley,Jason Richardson,Raymond Felton,4,5:34,MIA,shot,,,Gerald Wallace,,,,,,,Michael Beasley,,,,missed,,layup,25,6
Dwyane Wade,Mario Chalmers,Michael Beasley,Shawn Marion,Udonis Haslem,Emeka Okafor,Gerald Wallace,Jared Dudley,Jason Richardson,Raymond Felton,4,5:34,MIA,rebound,,,,,,,,,,,,,,,,,,
Dwyane Wade,Mario Chalmers,Michael Beasley,Shawn Marion,Udonis Haslem,Emeka Okafor,Gerald Wallace,Jared Dudley,Jason Richardson,Raymond Felton,4,5:32,MIA,turnover,,,,,,,,,,Shawn Marion,,,bad pass,,Gerald Wallace,,,
Dwyane Wade,Mario Chalmers,Michael Beasley,Shawn Marion,Udonis Haslem,Emeka Okafor,Gerald Wallace,Jared Dudley,Jason Richardson,Raymond Felton,4,5:27,CHA,turnover,,,,,,,,,,Gerald Wallace,,,bad pass,,Dwyane Wade,,,
Dwyane Wade,Mario Chalmers,Michael Beasley,Shawn Marion,Udonis Haslem,Emeka Okafor,Gerald Wallace,Jared Dudley,Jason Richardson,Raymond Felton,4,5:23,CHA,foul,,,,,,,,Dwyane Wade,,Jared Dudley,,,,,,shooting,,
Dwyane Wade,Mario Chalmers,Michael Beasley,Shawn Marion,Udonis Haslem,Emeka Okafor,Gerald Wallace,Jared Dudley,Jason Richardson,Raymond Felton,4,5:23,MIA,free throw,,,,,,,1,,2,Dwyane Wade,,,foul,made,,,,
Dwyane Wade,Mario Chalmers,Michael Beasley,Shawn Marion,Udonis Haslem,Emeka Okafor,Gerald Wallace,Jared Dudley,Jason Richardson,Raymond Felton,4,5:23,MIA,free throw,,,,,,,2,,2,Dwyane Wade,,,foul,missed,,,,
Dwyane Wade,Mario Chalmers,Michael Beasley,Shawn Marion,Udonis Haslem,Emeka Okafor,Gerald Wallace,Jared Dudley,Jason Richardson,Raymond Felton,4,5:22,CHA,rebound,,,,,,,,,,Jared Dudley,,,,,,def,,
Dwyane Wade,Mario Chalmers,Michael Beasley,Shawn Marion,Udonis Haslem,Emeka Okafor,Gerald Wallace,Jared Dudley,Jason Richardson,Raymond Felton,4,5:03,CHA,shot,,,,,,,,,,Jason Richardson,,,,missed,,running hook,24,14
Dwyane Wade,Mario Chalmers,Michael Beasley,Shawn Marion,Udonis Haslem,Emeka Okafor,Gerald Wallace,Jared Dudley,Jason Richardson,Raymond Felton,4,5:02,MIA,rebound,,,,,,,,,,Mario Chalmers,,,,,,def,,
Dwyane Wade,Mario Chalmers,Michael Beasley,Shawn Marion,Udonis Haslem,Emeka Okafor,Gerald Wallace,Jared Dudley,Jason Richardson,Raymond Felton,4,4:42,MIA,shot,,,,,,,,,,Mario Chalmers,,,,missed,,3pt,41,26
Dwyane Wade,Mario Chalmers,Michael Beasley,Shawn Marion,Udonis Haslem,Emeka Okafor,Gerald Wallace,Jared Dudley,Jason Richardson,Raymond Felton,4,4:41,CHA,rebound,,,,,,,,,,Emeka Okafor,,,,,,def,,
Dwyane Wade,Mario Chalmers,Michael Beasley,Shawn Marion,Udonis Haslem,Emeka Okafor,Gerald Wallace,Jared Dudley,Jason Richardson,Raymond Felton,4,4:25,CHA,shot,,,Dwyane Wade,,,,,,,Gerald Wallace,,,,missed,,layup,25,6
Dwyane Wade,Mario Chalmers,Michael Beasley,Shawn Marion,Udonis Haslem,Emeka Okafor,Gerald Wallace,Jared Dudley,Jason Richardson,Raymond Felton,4,4:25,OFF,jump ball,,Dwyane Wade,,,Gerald Wallace,,,,,,,Raymond Felton,,,,,,
Dwyane Wade,Mario Chalmers,Michael Beasley,Shawn Marion,Udonis Haslem,Emeka Okafor,Gerald Wallace,Jared Dudley,Jason Richardson,Raymond Felton,4,4:25,CHA,rebound,,,,,,,,,,,,,,,,,,
Dwyane Wade,Mario Chalmers,Michael Beasley,Shawn Marion,Udonis Haslem,Emeka Okafor,Gerald Wallace,Jared Dudley,Jason Richardson,Raymond Felton,4,4:25,CHA,timeout,,,,,,,,,,,,,,,,regular,,
Dwyane Wade,Mario Chalmers,Michael Beasley,Shawn Marion,Udonis Haslem,Emeka Okafor,Gerald Wallace,Jared Dudley,Jason Richardson,Raymond Felton,4,4:18,CHA,shot,,,,,,,,,,Raymond Felton,,,,missed,,layup,25,6
Dwyane Wade,Mario Chalmers,Michael Beasley,Shawn Marion,Udonis Haslem,Emeka Okafor,Gerald Wallace,Jared Dudley,Jason Richardson,Raymond Felton,4,4:18,MIA,rebound,,,,,,,,,,,,,,,,,,
Dwyane Wade,Mario Chalmers,Michael Beasley,Shawn Marion,Udonis Haslem,Emeka Okafor,Gerald Wallace,Jared Dudley,Jason Richardson,Raymond Felton,4,4:18,CHA,foul,,,,,,,,Michael Beasley,,Emeka Okafor,,,,,,loose ball,,
Dwyane Wade,Mario Chalmers,Michael Beasley,Shawn Marion,Udonis Haslem,Emeka Okafor,Gerald Wallace,Jared Dudley,Jason Richardson,Raymond Felton,4,4:02,MIA,shot,,,,,,,,,,Udonis Haslem,2,,,made,,layup,25,6
Dwyane Wade,Mario Chalmers,Michael Beasley,Shawn Marion,Udonis Haslem,Emeka Okafor,Gerald Wallace,Jared Dudley,Jason Richardson,Raymond Felton,4,3:39,CHA,shot,,,,,,,,,,Jason Richardson,2,,,made,,driving finger roll layup,25,6
Dwyane Wade,Mario Chalmers,Michael Beasley,Shawn Marion,Udonis Haslem,Emeka Okafor,Gerald Wallace,Jared Dudley,Jason Richardson,Raymond Felton,4,3:20,MIA,shot,,,,,,,,,,Michael Beasley,,,,missed,,jump,11,14
Dwyane Wade,Mario Chalmers,Michael Beasley,Shawn Marion,Udonis Haslem,Emeka Okafor,Gerald Wallace,Jared Dudley,Jason Richardson,Raymond Felton,4,3:19,CHA,rebound,,,,,,,,,,Raymond Felton,,,,,,def,,
Dwyane Wade,Mario Chalmers,Michael Beasley,Shawn Marion,Udonis Haslem,Emeka Okafor,Gerald Wallace,Jared Dudley,Jason Richardson,Raymond Felton,4,3:05,MIA,foul,,,,,,,,Jason Richardson,,Dwyane Wade,,,,,,shooting,,
Dwyane Wade,Mario Chalmers,Michael Beasley,Shawn Marion,Udonis Haslem,Emeka Okafor,Gerald Wallace,Jared Dudley,Jason Richardson,Raymond Felton,4,3:05,CHA,free throw,,,,,,,1,,2,Jason Richardson,,,foul,missed,,,,
Dwyane Wade,Mario Chalmers,Michael Beasley,Shawn Marion,Udonis Haslem,Emeka Okafor,Gerald Wallace,Jared Dudley,Jason Richardson,Raymond Felton,4,3:05,CHA,rebound,,,,,,,,,,,,,,,,,,
Daequan Cook,Dwyane Wade,Mario Chalmers,Shawn Marion,Udonis Haslem,Emeka Okafor,Gerald Wallace,Jared Dudley,Jason Richardson,Raymond Felton,4,3:05,MIA,sub,,,,Daequan Cook,,Michael Beasley,,,,,,,,,,,,
Daequan Cook,Dwyane Wade,Mario Chalmers,Shawn Marion,Udonis Haslem,D.J. Augustin,Emeka Okafor,Gerald Wallace,Jason Richardson,Raymond Felton,4,3:05,CHA,sub,,,,D.J. Augustin,,Jared Dudley,,,,,,,,,,,,
Daequan Cook,Dwyane Wade,Mario Chalmers,Shawn Marion,Udonis Haslem,D.J. Augustin,Emeka Okafor,Gerald Wallace,Jason Richardson,Raymond Felton,4,3:05,CHA,free throw,,,,,,,2,,2,Jason Richardson,,,foul,made,,,,
Daequan Cook,Dwyane Wade,Mario Chalmers,Shawn Marion,Udonis Haslem,D.J. Augustin,Emeka Okafor,Gerald Wallace,Jason Richardson,Raymond Felton,4,2:51,MIA,shot,,,,,,,,,,Dwyane Wade,2,,,made,,driving layup,25,6
Daequan Cook,Dwyane Wade,Mario Chalmers,Shawn Marion,Udonis Haslem,D.J. Augustin,Emeka Okafor,Gerald Wallace,Jason Richardson,Raymond Felton,4,2:28,CHA,shot,,,Shawn Marion,,,,,,,D.J. Augustin,,,,missed,,layup,25,6
Daequan Cook,Dwyane Wade,Mario Chalmers,Shawn Marion,Udonis Haslem,D.J. Augustin,Emeka Okafor,Gerald Wallace,Jason Richardson,Raymond Felton,4,2:28,CHA,rebound,,,,,,,,,,,,,,,,,,
Daequan Cook,Dwyane Wade,Mario Chalmers,Shawn Marion,Udonis Haslem,D.J. Augustin,Emeka Okafor,Gerald Wallace,Jason Richardson,Raymond Felton,4,2:07,CHA,shot,D.J. Augustin,,,,,,,,,Emeka Okafor,2,,,made,,jump hook,24,14
Daequan Cook,Dwyane Wade,Mario Chalmers,Shawn Marion,Udonis Haslem,D.J. Augustin,Emeka Okafor,Gerald Wallace,Jason Richardson,Raymond Felton,4,1:54,MIA,shot,Dwyane Wade,,,,,,,,,Shawn Marion,2,,,made,,jump,37,9
Daequan Cook,Dwyane Wade,Mario Chalmers,Shawn Marion,Udonis Haslem,D.J. Augustin,Emeka Okafor,Gerald Wallace,Jason Richardson,Raymond Felton,4,1:31,MIA,foul,,,,,,,,Gerald Wallace,,Shawn Marion,,,,,,shooting,,
Daequan Cook,Dwyane Wade,Mario Chalmers,Shawn Marion,Udonis Haslem,D.J. Augustin,Emeka Okafor,Gerald Wallace,Jason Richardson,Raymond Felton,4,1:31,CHA,free throw,,,,,,,1,,3,Gerald Wallace,,,foul,missed,,,,
Daequan Cook,Dwyane Wade,Mario Chalmers,Shawn Marion,Udonis Haslem,D.J. Augustin,Emeka Okafor,Gerald Wallace,Jason Richardson,Raymond Felton,4,1:31,CHA,rebound,,,,,,,,,,,,,,,,,,
Daequan Cook,Dwyane Wade,Mario Chalmers,Shawn Marion,Udonis Haslem,D.J. Augustin,Emeka Okafor,Gerald Wallace,Jason Richardson,Raymond Felton,4,1:31,CHA,free throw,,,,,,,2,,3,Gerald Wallace,,,foul,missed,,,,
Daequan Cook,Dwyane Wade,Mario Chalmers,Shawn Marion,Udonis Haslem,D.J. Augustin,Emeka Okafor,Gerald Wallace,Jason Richardson,Raymond Felton,4,1:31,CHA,rebound,,,,,,,,,,,,,,,,,,
Daequan Cook,Dwyane Wade,Mario Chalmers,Michael Beasley,Udonis Haslem,D.J. Augustin,Emeka Okafor,Gerald Wallace,Jason Richardson,Raymond Felton,4,1:31,MIA,sub,,,,Michael Beasley,,Shawn Marion,,,,,,,,,,,,
Daequan Cook,Dwyane Wade,Marcus Banks,Mario Chalmers,Michael Beasley,D.J. Augustin,Emeka Okafor,Gerald Wallace,Jason Richardson,Raymond Felton,4,1:31,MIA,sub,,,,Marcus Banks,,Udonis Haslem,,,,,,,,,,,,
Daequan Cook,Joel Anthony,Marcus Banks,Mario Chalmers,Michael Beasley,D.J. Augustin,Emeka Okafor,Gerald Wallace,Jason Richardson,Raymond Felton,4,1:31,MIA,sub,,,,Joel Anthony,,Dwyane Wade,,,,,,,,,,,,
Daequan Cook,Joel Anthony,Marcus Banks,Mario Chalmers,Michael Beasley,Alexis Ajinca,D.J. Augustin,Gerald Wallace,Jason Richardson,Raymond Felton,4,1:31,CHA,sub,,,,Alexis Ajinca,,Emeka Okafor,,,,,,,,,,,,
Daequan Cook,Joel Anthony,Marcus Banks,Mario Chalmers,Michael Beasley,Alexis Ajinca,D.J. Augustin,Gerald Wallace,Raymond Felton,Shannon Brown,4,1:31,CHA,sub,,,,Shannon Brown,,Jason Richardson,,,,,,,,,,,,
Daequan Cook,Joel Anthony,Marcus Banks,Mario Chalmers,Michael Beasley,Alexis Ajinca,D.J. Augustin,Gerald Wallace,Raymond Felton,Shannon Brown,4,1:31,CHA,free throw,,,,,,,3,,3,Gerald Wallace,,,foul,made,,,,
Daequan Cook,Joel Anthony,Marcus Banks,Mario Chalmers,Michael Beasley,Alexis Ajinca,D.J. Augustin,Gerald Wallace,Raymond Felton,Shannon Brown,4,1:20,MIA,shot,,,,,,,,,,Michael Beasley,2,,,made,,driving layup,25,6
Daequan Cook,Joel Anthony,Marcus Banks,Mario Chalmers,Michael Beasley,Alexis Ajinca,D.J. Augustin,Gerald Wallace,Raymond Felton,Shannon Brown,4,1:05,CHA,turnover,,,,,,,,,,Alexis Ajinca,,,3 second violation,,,,,
Chris Quinn,Daequan Cook,Joel Anthony,Marcus Banks,Michael Beasley,Alexis Ajinca,D.J. Augustin,Gerald Wallace,Raymond Felton,Shannon Brown,4,1:05,MIA,sub,,,,Chris Quinn,,Mario Chalmers,,,,,,,,,,,,
Chris Quinn,Daequan Cook,Joel Anthony,Marcus Banks,Michael Beasley,Alexis Ajinca,D.J. Augustin,Gerald Wallace,Raymond Felton,Shannon Brown,4,0:49,CHA,foul,,,,,,,,Joel Anthony,,Alexis Ajinca,,,,,,shooting,,
Chris Quinn,Daequan Cook,Joel Anthony,Marcus Banks,Michael Beasley,Alexis Ajinca,D.J. Augustin,Gerald Wallace,Raymond Felton,Shannon Brown,4,0:49,MIA,free throw,,,,,,,1,,2,Joel Anthony,,,foul,missed,,,,
Chris Quinn,Daequan Cook,Joel Anthony,Marcus Banks,Michael Beasley,Alexis Ajinca,D.J. Augustin,Gerald Wallace,Raymond Felton,Shannon Brown,4,0:49,MIA,rebound,,,,,,,,,,,,,,,,,,
Chris Quinn,Daequan Cook,Joel Anthony,Marcus Banks,Michael Beasley,Alexis Ajinca,D.J. Augustin,Gerald Wallace,Raymond Felton,Shannon Brown,4,0:49,MIA,free throw,,,,,,,2,,2,Joel Anthony,,,foul,missed,,,,
Chris Quinn,Daequan Cook,Joel Anthony,Marcus Banks,Michael Beasley,Alexis Ajinca,D.J. Augustin,Gerald Wallace,Raymond Felton,Shannon Brown,4,0:46,CHA,rebound,,,,,,,,,,Alexis Ajinca,,,,,,def,,
Chris Quinn,Daequan Cook,Joel Anthony,Marcus Banks,Michael Beasley,Alexis Ajinca,D.J. Augustin,Gerald Wallace,Raymond Felton,Shannon Brown,4,0:29,CHA,shot,,,,,,,,,,Gerald Wallace,,,,missed,,layup,25,6
Chris Quinn,Daequan Cook,Joel Anthony,Marcus Banks,Michael Beasley,Alexis Ajinca,D.J. Augustin,Gerald Wallace,Raymond Felton,Shannon Brown,4,0:26,CHA,shot,,,,,,,,,,Alexis Ajinca,,,,missed,,tip,25,6
Chris Quinn,Daequan Cook,Joel Anthony,Marcus Banks,Michael Beasley,Alexis Ajinca,D.J. Augustin,Gerald Wallace,Raymond Felton,Shannon Brown,4,0:26,CHA,rebound,,,,,,,,,,Alexis Ajinca,,,,,,off,,
Chris Quinn,Daequan Cook,Joel Anthony,Marcus Banks,Michael Beasley,Alexis Ajinca,D.J. Augustin,Gerald Wallace,Raymond Felton,Shannon Brown,4,0:23,CHA,shot,,,,,,,,,,D.J. Augustin,,,,missed,,3pt,33,31
Chris Quinn,Daequan Cook,Joel Anthony,Marcus Banks,Michael Beasley,Alexis Ajinca,D.J. Augustin,Gerald Wallace,Raymond Felton,Shannon Brown,4,0:23,CHA,rebound,,,,,,,,,,D.J. Augustin,,,,,,off,,
Chris Quinn,Daequan Cook,Joel Anthony,Marcus Banks,Michael Beasley,Alexis Ajinca,D.J. Augustin,Gerald Wallace,Raymond Felton,Shannon Brown,4,0:20,CHA,rebound,,,,,,,,,,Gerald Wallace,,,,,,off,,
Chris Quinn,Daequan Cook,Joel Anthony,Marcus Banks,Michael Beasley,Alexis Ajinca,D.J. Augustin,Gerald Wallace,Raymond Felton,Shannon Brown,4,0:20,MIA,foul,,,,,,,,Gerald Wallace,,Michael Beasley,,,,,,shooting,,
Chris Quinn,Daequan Cook,Joel Anthony,Marcus Banks,Michael Beasley,Alexis Ajinca,D.J. Augustin,Gerald Wallace,Raymond Felton,Shannon Brown,4,0:20,CHA,free throw,,,,,,,1,,2,Gerald Wallace,,,foul,made,,,,
Chris Quinn,Daequan Cook,Joel Anthony,Marcus Banks,Michael Beasley,Alexis Ajinca,D.J. Augustin,Gerald Wallace,Raymond Felton,Shannon Brown,4,0:20,CHA,free throw,,,,,,,2,,2,Gerald Wallace,,,foul,made,,,,
Chris Quinn,Daequan Cook,Joel Anthony,Marcus Banks,Michael Beasley,Alexis Ajinca,D.J. Augustin,Gerald Wallace,Raymond Felton,Shannon Brown,4,0:06,MIA,turnover,,,,,,,,,,Daequan Cook,,,lost ball,,Shannon Brown,,,
