a1,a2,a3,a4,a5,h1,h2,h3,h4,h5,period,time,team,etype,assist,away,block,entered,home,left,num,opponent,outof,player,points,possession,reason,result,steal,type,x,y
Andris Biedrins,Brandan Wright,Jamal Crawford,Kelenna Azubuike,Marco Belinelli,Boris Diaw,Emeka Okafor,Gerald Wallace,Raja Bell,Raymond Felton,1,12:00,OFF,jump ball,,Andris Biedrins,,,Emeka Okafor,,,,,,,Kelenna Azubuike,,,,,,
Andris Biedrins,Brandan Wright,Jamal Crawford,Kelenna Azubuike,Marco Belinelli,Boris Diaw,Emeka Okafor,Gerald Wallace,Raja Bell,Raymond Felton,1,11:41,GSW,shot,,,,,,,,,,Brandan Wright,,,,missed,,jump,24,12
Andris Biedrins,Brandan Wright,Jamal Crawford,Kelenna Azubuike,Marco Belinelli,Boris Diaw,Emeka Okafor,Gerald Wallace,Raja Bell,Raymond Felton,1,11:38,GSW,shot,,,,,,,,,,Brandan Wright,,,,missed,,tip,25,6
Andris Biedrins,Brandan Wright,Jamal Crawford,Kelenna Azubuike,Marco Belinelli,Boris Diaw,Emeka Okafor,Gerald Wallace,Raja Bell,Raymond Felton,1,11:38,GSW,rebound,,,,,,,,,,Brandan Wright,,,,,,off,,
Andris Biedrins,Brandan Wright,Jamal Crawford,Kelenna Azubuike,Marco Belinelli,Boris Diaw,Emeka Okafor,Gerald Wallace,Raja Bell,Raymond Felton,1,11:36,CHA,rebound,,,,,,,,,,Emeka Okafor,,,,,,def,,
Andris Biedrins,Brandan Wright,Jamal Crawford,Kelenna Azubuike,Marco Belinelli,Boris Diaw,Emeka Okafor,Gerald Wallace,Raja Bell,Raymond Felton,1,11:20,CHA,shot,Raymond Felton,,,,,,,,,Raja Bell,3,,,made,,3pt,40,27
Andris Biedrins,Brandan Wright,Jamal Crawford,Kelenna Azubuike,Marco Belinelli,Boris Diaw,Emeka Okafor,Gerald Wallace,Raja Bell,Raymond Felton,1,11:08,GSW,shot,,,Boris Diaw,,,,,,,Brandan Wright,,,,missed,,layup,25,6
Andris Biedrins,Brandan Wright,Jamal Crawford,Kelenna Azubuike,Marco Belinelli,Boris Diaw,Emeka Okafor,Gerald Wallace,Raja Bell,Raymond Felton,1,11:06,CHA,rebound,,,,,,,,,,Boris Diaw,,,,,,def,,
Andris Biedrins,Brandan Wright,Jamal Crawford,Kelenna Azubuike,Marco Belinelli,Boris Diaw,Emeka Okafor,Gerald Wallace,Raja Bell,Raymond Felton,1,11:03,CHA,shot,Boris Diaw,,,,,,,,,Raja Bell,2,,,made,,layup,25,6
Andris Biedrins,Brandan Wright,Jamal Crawford,Kelenna Azubuike,Marco Belinelli,Boris Diaw,Emeka Okafor,Gerald Wallace,Raja Bell,Raymond Felton,1,11:03,GSW,violation,,,,,,,,,,Kelenna Azubuike,,,,,,defensive goaltending,,
Andris Biedrins,Brandan Wright,Jamal Crawford,Kelenna Azubuike,Marco Belinelli,Boris Diaw,Emeka Okafor,Gerald Wallace,Raja Bell,Raymond Felton,1,10:48,GSW,shot,Jamal Crawford,,,,,,,,,Kelenna Azubuike,2,,,made,,jump,36,26
Andris Biedrins,Brandan Wright,Jamal Crawford,Kelenna Azubuike,Marco Belinelli,Boris Diaw,Emeka Okafor,Gerald Wallace,Raja Bell,Raymond Felton,1,10:33,GSW,foul,,,,,,,,Boris Diaw,,Brandan Wright,,,,,,personal,,
Andris Biedrins,Brandan Wright,Jamal Crawford,Kelenna Azubuike,Marco Belinelli,Boris Diaw,Emeka Okafor,Gerald Wallace,Raja Bell,Raymond Felton,1,10:23,GSW,foul,,,,,,,,Gerald Wallace,,Andris Biedrins,,,,,,shooting,,
Andris Biedrins,Brandan Wright,Jamal Crawford,Kelenna Azubuike,Marco Belinelli,Boris Diaw,Emeka Okafor,Gerald Wallace,Raja Bell,Raymond Felton,1,10:23,CHA,free throw,,,,,,,1,,2,Gerald Wallace,,,foul,made,,,,
Andris Biedrins,Brandan Wright,Jamal Crawford,Kelenna Azubuike,Marco Belinelli,Boris Diaw,Emeka Okafor,Gerald Wallace,Raja Bell,Raymond Felton,1,10:23,CHA,free throw,,,,,,,2,,2,Gerald Wallace,,,foul,missed,,,,
Andris Biedrins,Brandan Wright,Jamal Crawford,Kelenna Azubuike,Marco Belinelli,Boris Diaw,Emeka Okafor,Gerald Wallace,Raja Bell,Raymond Felton,1,10:21,GSW,rebound,,,,,,,,,,Andris Biedrins,,,,,,def,,
Andris Biedrins,Brandan Wright,Jamal Crawford,Kelenna Azubuike,Marco Belinelli,Boris Diaw,Emeka Okafor,Gerald Wallace,Raja Bell,Raymond Felton,1,10:07,GSW,shot,Andris Biedrins,,,,,,,,,Jamal Crawford,2,,,made,,jump,29,26
Andris Biedrins,Brandan Wright,Jamal Crawford,Kelenna Azubuike,Marco Belinelli,Boris Diaw,Emeka Okafor,Gerald Wallace,Raja Bell,Raymond Felton,1,9:45,CHA,shot,,,,,,,,,,Gerald Wallace,,,,missed,,layup,25,6
Andris Biedrins,Brandan Wright,Jamal Crawford,Kelenna Azubuike,Marco Belinelli,Boris Diaw,Emeka Okafor,Gerald Wallace,Raja Bell,Raymond Felton,1,9:42,CHA,rebound,,,,,,,,,,Emeka Okafor,,,,,,off,,
Andris Biedrins,Brandan Wright,Jamal Crawford,Kelenna Azubuike,Marco Belinelli,Boris Diaw,Emeka Okafor,Gerald Wallace,Raja Bell,Raymond Felton,1,9:31,CHA,shot,Boris Diaw,,,,,,,,,Emeka Okafor,2,,,made,,layup,25,6
Andris Biedrins,Brandan Wright,Jamal Crawford,Kelenna Azubuike,Marco Belinelli,Boris Diaw,Emeka Okafor,Gerald Wallace,Raja Bell,Raymond Felton,1,9:31,GSW,foul,,,,,,,,Emeka Okafor,,Brandan Wright,,,,,,shooting,,
Andris Biedrins,Brandan Wright,Jamal Crawford,Kelenna Azubuike,Marco Belinelli,Boris Diaw,Emeka Okafor,Gerald Wallace,Raja Bell,Raymond Felton,1,9:31,CHA,free throw,,,,,,,1,,1,Emeka Okafor,,,foul,missed,,,,
Andris Biedrins,Brandan Wright,Jamal Crawford,Kelenna Azubuike,Marco Belinelli,Boris Diaw,Emeka Okafor,Gerald Wallace,Raja Bell,Raymond Felton,1,9:29,CHA,rebound,,,,,,,,,,Boris Diaw,,,,,,off,,
Andris Biedrins,Brandan Wright,Jamal Crawford,Kelenna Azubuike,Marco Belinelli,Boris Diaw,Emeka Okafor,Gerald Wallace,Raja Bell,Raymond Felton,1,9:25,CHA,shot,,,,,,,,,,Emeka Okafor,,,,missed,,jump bank,12,14
Andris Biedrins,Brandan Wright,Jamal Crawford,Kelenna Azubuike,Marco Belinelli,Boris Diaw,Emeka Okafor,Gerald Wallace,Raja Bell,Raymond Felton,1,9:25,GSW,rebound,,,,,,,,,,,,,,,,,,
Andris Biedrins,Brandan Wright,Jamal Crawford,Kelenna Azubuike,Marco Belinelli,Boris Diaw,Emeka Okafor,Gerald Wallace,Raja Bell,Raymond Felton,1,9:25,CHA,foul,,,,,,,,Brandan Wright,,Gerald Wallace,,,,,,loose ball,,
Andris Biedrins,Brandan Wright,Jamal Crawford,Kelenna Azubuike,Marco Belinelli,Boris Diaw,Emeka Okafor,Gerald Wallace,Raja Bell,Raymond Felton,1,9:19,GSW,shot,,,,,,,,,,Marco Belinelli,2,,,made,,jump,38,16
Andris Biedrins,Brandan Wright,Jamal Crawford,Kelenna Azubuike,Marco Belinelli,Boris Diaw,Emeka Okafor,Gerald Wallace,Raja Bell,Raymond Felton,1,9:03,CHA,turnover,,,,,,,,,,Emeka Okafor,,,traveling,,,,,
Andris Biedrins,Brandan Wright,Jamal Crawford,Kelenna Azubuike,Marco Belinelli,Boris Diaw,Emeka Okafor,Gerald Wallace,Raja Bell,Raymond Felton,1,8:52,GSW,shot,Andris Biedrins,,,,,,,,,Marco Belinelli,2,,,made,,jump,9,9
Andris Biedrins,Brandan Wright,Jamal Crawford,Kelenna Azubuike,Marco Belinelli,Boris Diaw,Emeka Okafor,Gerald Wallace,Raja Bell,Raymond Felton,1,8:35,CHA,shot,,,,,,,,,,Raymond Felton,,,,missed,,jump,31,24
Andris Biedrins,Brandan Wright,Jamal Crawford,Kelenna Azubuike,Marco Belinelli,Boris Diaw,Emeka Okafor,Gerald Wallace,Raja Bell,Raymond Felton,1,8:34,GSW,rebound,,,,,,,,,,Kelenna Azubuike,,,,,,def,,
Andris Biedrins,Brandan Wright,Jamal Crawford,Kelenna Azubuike,Marco Belinelli,Boris Diaw,Emeka Okafor,Gerald Wallace,Raja Bell,Raymond Felton,1,8:27,GSW,shot,,,Emeka Okafor,,,,,,,Kelenna Azubuike,,,,missed,,layup,25,6
Andris Biedrins,Brandan Wright,Jamal Crawford,Kelenna Azubuike,Marco Belinelli,Boris Diaw,Emeka Okafor,Gerald Wallace,Raja Bell,Raymond Felton,1,8:27,GSW,rebound,,,,,,,,,,,,,,,,,,
Andris Biedrins,Brandan Wright,Jamal Crawford,Kelenna Azubuike,Marco Belinelli,Boris Diaw,Emeka Okafor,Gerald Wallace,Raja Bell,Raymond Felton,1,8:23,GSW,shot,,,,,,,,,,Jamal Crawford,,,,missed,,jump,7,17
Andris Biedrins,Brandan Wright,Jamal Crawford,Kelenna Azubuike,Marco Belinelli,Boris Diaw,Emeka Okafor,Gerald Wallace,Raja Bell,Raymond Felton,1,8:22,CHA,rebound,,,,,,,,,,Emeka Okafor,,,,,,def,,
Andris Biedrins,Brandan Wright,Jamal Crawford,Kelenna Azubuike,Marco Belinelli,Boris Diaw,Emeka Okafor,Gerald Wallace,Raja Bell,Raymond Felton,1,8:14,CHA,turnover,,,,,,,,,,Raymond Felton,,,out of bounds lost ball turnover,,,,,
Andris Biedrins,Brandan Wright,Jamal Crawford,Kelenna Azubuike,Marco Belinelli,Boris Diaw,Emeka Okafor,Gerald Wallace,Raja Bell,Raymond Felton,1,7:59,GSW,shot,,,,,,,,,,Kelenna Azubuike,2,,,made,,driving layup,25,6
Andris Biedrins,Brandan Wright,Jamal Crawford,Kelenna Azubuike,Marco Belinelli,Boris Diaw,Emeka Okafor,Gerald Wallace,Raja Bell,Raymond Felton,1,7:44,CHA,shot,,,,,,,,,,Raja Bell,,,,missed,,jump,17,23
Andris Biedrins,Brandan Wright,Jamal Crawford,Kelenna Azubuike,Marco Belinelli,Boris Diaw,Emeka Okafor,Gerald Wallace,Raja Bell,Raymond Felton,1,7:42,CHA,rebound,,,,,,,,,,Emeka Okafor,,,,,,off,,
Andris Biedrins,Brandan Wright,Jamal Crawford,Kelenna Azubuike,Marco Belinelli,Boris Diaw,Emeka Okafor,Gerald Wallace,Raja Bell,Raymond Felton,1,7:32,CHA,shot,,,,,,,,,,Boris Diaw,,,,missed,,layup,25,6
Andris Biedrins,Brandan Wright,Jamal Crawford,Kelenna Azubuike,Marco Belinelli,Boris Diaw,Emeka Okafor,Gerald Wallace,Raja Bell,Raymond Felton,1,7:31,GSW,rebound,,,,,,,,,,Brandan Wright,,,,,,def,,
Andris Biedrins,Brandan Wright,Jamal Crawford,Kelenna Azubuike,Marco Belinelli,Boris Diaw,Emeka Okafor,Gerald Wallace,Raja Bell,Raymond Felton,1,7:23,GSW,turnover,,,,,,,,,,Brandan Wright,,,out of bounds lost ball turnover,,,,,
Andris Biedrins,Brandan Wright,Jamal Crawford,Kelenna Azubuike,Marco Belinelli,Boris Diaw,Emeka Okafor,Gerald Wallace,Raja Bell,Raymond Felton,1,7:05,GSW,foul,,,,,,,,Gerald Wallace,,Brandan Wright,,,,,,personal,,
Andris Biedrins,Anthony Randolph,Jamal Crawford,Kelenna Azubuike,Marco Belinelli,Boris Diaw,Emeka Okafor,Gerald Wallace,Raja Bell,Raymond Felton,1,7:05,GSW,sub,,,,Anthony Randolph,,Brandan Wright,,,,,,,,,,,,
Andris Biedrins,Anthony Randolph,Jamal Crawford,Kelenna Azubuike,Marco Belinelli,Emeka Okafor,Gerald Wallace,Juwan Howard,Raja Bell,Raymond Felton,1,7:05,CHA,sub,,,,Juwan Howard,,Boris Diaw,,,,,,,,,,,,
Andris Biedrins,Anthony Randolph,Jamal Crawford,Kelenna Azubuike,Marco Belinelli,Emeka Okafor,Gerald Wallace,Juwan Howard,Raja Bell,Raymond Felton,1,7:02,GSW,foul,,,,,,,,Raja Bell,,Marco Belinelli,,,,,,personal,,
Andris Biedrins,Anthony Randolph,Jamal Crawford,Kelenna Azubuike,Marco Belinelli,Emeka Okafor,Gerald Wallace,Juwan Howard,Raja Bell,Raymond Felton,1,7:02,CHA,free throw,,,,,,,1,,2,Raja Bell,,,foul,made,,,,
Andris Biedrins,Anthony Randolph,Jamal Crawford,Kelenna Azubuike,Marco Belinelli,Emeka Okafor,Gerald Wallace,Juwan Howard,Raja Bell,Raymond Felton,1,7:02,CHA,free throw,,,,,,,2,,2,Raja Bell,,,foul,made,,,,
Andris Biedrins,Anthony Randolph,Jamal Crawford,Kelenna Azubuike,Marco Belinelli,Emeka Okafor,Gerald Wallace,Juwan Howard,Raja Bell,Raymond Felton,1,6:49,GSW,shot,Jamal Crawford,,,,,,,,,Marco Belinelli,3,,,made,,3pt,5,24
Andris Biedrins,Anthony Randolph,Jamal Crawford,Kelenna Azubuike,Marco Belinelli,Emeka Okafor,Gerald Wallace,Juwan Howard,Raja Bell,Raymond Felton,1,6:35,CHA,shot,,,,,,,,,,Raymond Felton,2,,,made,,driving layup,25,6
Andris Biedrins,Anthony Randolph,Jamal Crawford,Kelenna Azubuike,Marco Belinelli,Emeka Okafor,Gerald Wallace,Juwan Howard,Raja Bell,Raymond Felton,1,6:19,CHA,foul,,,,,,,,Andris Biedrins,,Emeka Okafor,,,,,,shooting,,
Andris Biedrins,Anthony Randolph,Jamal Crawford,Kelenna Azubuike,Marco Belinelli,Emeka Okafor,Gerald Wallace,Juwan Howard,Raja Bell,Raymond Felton,1,6:19,GSW,free throw,,,,,,,1,,2,Andris Biedrins,,,foul,made,,,,
Andris Biedrins,Anthony Randolph,Jamal Crawford,Kelenna Azubuike,Marco Belinelli,Emeka Okafor,Gerald Wallace,Juwan Howard,Raja Bell,Raymond Felton,1,6:19,GSW,free throw,,,,,,,2,,2,Andris Biedrins,,,foul,missed,,,,
Andris Biedrins,Anthony Randolph,Jamal Crawford,Kelenna Azubuike,Marco Belinelli,Emeka Okafor,Gerald Wallace,Juwan Howard,Raja Bell,Raymond Felton,1,6:17,CHA,rebound,,,,,,,,,,Juwan Howard,,,,,,def,,
Andris Biedrins,Anthony Randolph,Jamal Crawford,Kelenna Azubuike,Marco Belinelli,Emeka Okafor,Gerald Wallace,Juwan Howard,Raja Bell,Raymond Felton,1,6:04,CHA,shot,,,,,,,,,,Emeka Okafor,,,,missed,,jump,12,11
Andris Biedrins,Anthony Randolph,Jamal Crawford,Kelenna Azubuike,Marco Belinelli,Emeka Okafor,Gerald Wallace,Juwan Howard,Raja Bell,Raymond Felton,1,6:03,GSW,rebound,,,,,,,,,,Kelenna Azubuike,,,,,,def,,
Andris Biedrins,Anthony Randolph,Jamal Crawford,Kelenna Azubuike,Marco Belinelli,Emeka Okafor,Gerald Wallace,Juwan Howard,Raja Bell,Raymond Felton,1,5:49,GSW,shot,,,,,,,,,,Andris Biedrins,2,,,made,,hook,26,13
Andris Biedrins,Anthony Randolph,Jamal Crawford,Kelenna Azubuike,Marco Belinelli,Emeka Okafor,Gerald Wallace,Juwan Howard,Raja Bell,Raymond Felton,1,5:37,CHA,shot,,,,,,,,,,Raymond Felton,2,,,made,,jump,18,22
Andris Biedrins,Anthony Randolph,Jamal Crawford,Kelenna Azubuike,Marco Belinelli,Emeka Okafor,Gerald Wallace,Juwan Howard,Raja Bell,Raymond Felton,1,5:22,GSW,shot,Marco Belinelli,,,,,,,,,Andris Biedrins,2,,,made,,dunk,25,6
Andris Biedrins,Anthony Randolph,Jamal Crawford,Kelenna Azubuike,Marco Belinelli,Emeka Okafor,Gerald Wallace,Juwan Howard,Raja Bell,Raymond Felton,1,5:05,GSW,foul,,,,,,,,Gerald Wallace,,Kelenna Azubuike,,,,,,shooting,,
Andris Biedrins,Anthony Randolph,Jamal Crawford,Kelenna Azubuike,Marco Belinelli,Emeka Okafor,Gerald Wallace,Juwan Howard,Raja Bell,Raymond Felton,1,5:05,CHA,timeout,,,,,,,,,,,,,,,,regular,,
Andris Biedrins,Anthony Randolph,Jamal Crawford,Kelenna Azubuike,Marco Belinelli,Emeka Okafor,Gerald Wallace,Juwan Howard,Raja Bell,Raymond Felton,1,5:05,CHA,free throw,,,,,,,1,,2,Gerald Wallace,,,foul,made,,,,
Andris Biedrins,Anthony Randolph,Jamal Crawford,Kelenna Azubuike,Marco Belinelli,Emeka Okafor,Gerald Wallace,Juwan Howard,Raja Bell,Raymond Felton,1,5:05,CHA,free throw,,,,,,,2,,2,Gerald Wallace,,,foul,made,,,,
Andris Biedrins,Anthony Randolph,Jamal Crawford,Kelenna Azubuike,Marco Belinelli,Emeka Okafor,Gerald Wallace,Juwan Howard,Raja Bell,Raymond Felton,1,4:41,GSW,shot,,,Juwan Howard,,,,,,,Anthony Randolph,,,,missed,,jump,21,22
Andris Biedrins,Anthony Randolph,Jamal Crawford,Kelenna Azubuike,Marco Belinelli,Emeka Okafor,Gerald Wallace,Juwan Howard,Raja Bell,Raymond Felton,1,4:41,GSW,rebound,,,,,,,,,,Kelenna Azubuike,,,,,,off,,
Andris Biedrins,Anthony Randolph,Jamal Crawford,Kelenna Azubuike,Marco Belinelli,Emeka Okafor,Gerald Wallace,Juwan Howard,Raja Bell,Raymond Felton,1,4:41,GSW,turnover,,,,,,,,,,,,,shot clock turnover,,,,,
Andris Biedrins,Anthony Randolph,Jamal Crawford,Kelenna Azubuike,Marco Belinelli,Boris Diaw,Emeka Okafor,Gerald Wallace,Raja Bell,Raymond Felton,1,4:41,CHA,sub,,,,Boris Diaw,,Juwan Howard,,,,,,,,,,,,
Andris Biedrins,Anthony Randolph,Jamal Crawford,Kelenna Azubuike,Marco Belinelli,Boris Diaw,Emeka Okafor,Gerald Wallace,Raja Bell,Raymond Felton,1,4:28,GSW,foul,,,,,,,,Gerald Wallace,,Anthony Randolph,,,,,,personal,,
Andris Biedrins,Anthony Randolph,Jamal Crawford,Kelenna Azubuike,Marco Belinelli,Boris Diaw,Emeka Okafor,Gerald Wallace,Raja Bell,Raymond Felton,1,4:28,CHA,free throw,,,,,,,1,,2,Gerald Wallace,,,foul,made,,,,
Andris Biedrins,Anthony Randolph,Jamal Crawford,Kelenna Azubuike,Marco Belinelli,Boris Diaw,Emeka Okafor,Gerald Wallace,Raja Bell,Raymond Felton,1,4:28,CHA,free throw,,,,,,,2,,2,Gerald Wallace,,,foul,made,,,,
Andris Biedrins,Anthony Randolph,Jamal Crawford,Kelenna Azubuike,Marco Belinelli,Boris Diaw,Emeka Okafor,Gerald Wallace,Raja Bell,Raymond Felton,1,4:12,GSW,shot,,,Gerald Wallace,,,,,,,Kelenna Azubuike,,,,missed,,3pt,34,31
Andris Biedrins,Anthony Randolph,Jamal Crawford,Kelenna Azubuike,Marco Belinelli,Boris Diaw,Emeka Okafor,Gerald Wallace,Raja Bell,Raymond Felton,1,4:11,CHA,rebound,,,,,,,,,,Boris Diaw,,,,,,def,,
Andris Biedrins,Anthony Randolph,Jamal Crawford,Kelenna Azubuike,Marco Belinelli,Boris Diaw,Emeka Okafor,Gerald Wallace,Raja Bell,Raymond Felton,1,4:00,CHA,turnover,,,,,,,,,,Emeka Okafor,,,out of bounds lost ball turnover,,,,,
Andris Biedrins,Anthony Randolph,Jamal Crawford,Kelenna Azubuike,Marco Belinelli,Boris Diaw,Emeka Okafor,Gerald Wallace,Raja Bell,Raymond Felton,1,3:47,GSW,turnover,,,,,,,,,,Anthony Randolph,,,bad pass,,Boris Diaw,,,
Andris Biedrins,Anthony Randolph,Jamal Crawford,Kelenna Azubuike,Marco Belinelli,Boris Diaw,Emeka Okafor,Gerald Wallace,Raja Bell,Raymond Felton,1,3:38,CHA,shot,Boris Diaw,,,,,,,,,Raja Bell,3,,,made,,3pt,37,29
Andris Biedrins,Anthony Randolph,Jamal Crawford,Kelenna Azubuike,Marco Belinelli,Boris Diaw,Emeka Okafor,Gerald Wallace,Raja Bell,Raymond Felton,1,3:26,GSW,shot,Marco Belinelli,,,,,,,,,Jamal Crawford,3,,,made,,3pt,48,8
Andris Biedrins,Anthony Randolph,Jamal Crawford,Kelenna Azubuike,Marco Belinelli,Boris Diaw,Emeka Okafor,Gerald Wallace,Raja Bell,Raymond Felton,1,3:06,CHA,shot,Emeka Okafor,,,,,,,,,Gerald Wallace,2,,,made,,slam dunk,25,6
Andris Biedrins,Anthony Randolph,Jamal Crawford,Kelenna Azubuike,Marco Belinelli,Boris Diaw,Emeka Okafor,Gerald Wallace,Raja Bell,Raymond Felton,1,2:55,CHA,foul,,,,,,,,Anthony Randolph,,Boris Diaw,,,,,,shooting,,
Andris Biedrins,Anthony Randolph,Jamal Crawford,Kelenna Azubuike,Marco Belinelli,Boris Diaw,Emeka Okafor,Gerald Wallace,Raja Bell,Raymond Felton,1,2:55,GSW,timeout,,,,,,,,,,,,,,,,regular,,
Andris Biedrins,Anthony Morrow,Anthony Randolph,Jamal Crawford,Marco Belinelli,Boris Diaw,Emeka Okafor,Gerald Wallace,Raja Bell,Raymond Felton,1,2:55,GSW,sub,,,,Anthony Morrow,,Kelenna Azubuike,,,,,,,,,,,,
Andris Biedrins,Anthony Morrow,Anthony Randolph,Jamal Crawford,Marco Belinelli,Boris Diaw,Emeka Okafor,Gerald Wallace,Raja Bell,Raymond Felton,1,2:55,GSW,free throw,,,,,,,1,,2,Anthony Randolph,,,foul,made,,,,
Andris Biedrins,Anthony Morrow,Anthony Randolph,Jamal Crawford,Marco Belinelli,Boris Diaw,Emeka Okafor,Gerald Wallace,Raja Bell,Raymond Felton,1,2:55,GSW,free throw,,,,,,,2,,2,Anthony Randolph,,,foul,made,,,,
Andris Biedrins,Anthony Morrow,Anthony Randolph,Jamal Crawford,Marco Belinelli,Boris Diaw,Emeka Okafor,Gerald Wallace,Raja Bell,Raymond Felton,1,2:36,CHA,shot,,,,,,,,,,Gerald Wallace,,,,missed,,layup,25,6
Andris Biedrins,Anthony Morrow,Anthony Randolph,Jamal Crawford,Marco Belinelli,Boris Diaw,Emeka Okafor,Gerald Wallace,Raja Bell,Raymond Felton,1,2:33,CHA,shot,,,,,,,,,,Gerald Wallace,2,,,made,,layup,25,6
Andris Biedrins,Anthony Morrow,Anthony Randolph,Jamal Crawford,Marco Belinelli,Boris Diaw,Emeka Okafor,Gerald Wallace,Raja Bell,Raymond Felton,1,2:33,CHA,rebound,,,,,,,,,,Gerald Wallace,,,,,,off,,
Andris Biedrins,Anthony Morrow,Anthony Randolph,Jamal Crawford,Marco Belinelli,Boris Diaw,Emeka Okafor,Gerald Wallace,Raja Bell,Raymond Felton,1,2:14,GSW,shot,,,,,,,,,,Marco Belinelli,,,,missed,,fade away jumper,29,16
Andris Biedrins,Anthony Morrow,Anthony Randolph,Jamal Crawford,Marco Belinelli,Boris Diaw,Emeka Okafor,Gerald Wallace,Raja Bell,Raymond Felton,1,2:12,CHA,rebound,,,,,,,,,,Emeka Okafor,,,,,,def,,
Andris Biedrins,Anthony Morrow,Anthony Randolph,Jamal Crawford,Marco Belinelli,Boris Diaw,Emeka Okafor,Gerald Wallace,Raja Bell,Raymond Felton,1,2:05,CHA,shot,,,,,,,,,,Raja Bell,,,,missed,,3pt,2,9
Andris Biedrins,Anthony Morrow,Anthony Randolph,Jamal Crawford,Marco Belinelli,Boris Diaw,Emeka Okafor,Gerald Wallace,Raja Bell,Raymond Felton,1,2:03,GSW,rebound,,,,,,,,,,Jamal Crawford,,,,,,def,,
Andris Biedrins,Anthony Morrow,Anthony Randolph,Jamal Crawford,Marco Belinelli,Boris Diaw,Emeka Okafor,Gerald Wallace,Raja Bell,Raymond Felton,1,1:58,GSW,shot,,,,,,,,,,Jamal Crawford,,,,missed,,3pt,33,30
Andris Biedrins,Anthony Morrow,Anthony Randolph,Jamal Crawford,Marco Belinelli,Boris Diaw,Emeka Okafor,Gerald Wallace,Raja Bell,Raymond Felton,1,1:57,CHA,rebound,,,,,,,,,,Boris Diaw,,,,,,def,,
Andris Biedrins,Anthony Morrow,Anthony Randolph,Jamal Crawford,Marco Belinelli,Boris Diaw,Emeka Okafor,Gerald Wallace,Raja Bell,Raymond Felton,1,1:46,CHA,shot,,,,,,,,,,Raymond Felton,,,,missed,,floating jump,23,14
Andris Biedrins,Anthony Morrow,Anthony Randolph,Jamal Crawford,Marco Belinelli,Boris Diaw,Emeka Okafor,Gerald Wallace,Raja Bell,Raymond Felton,1,1:44,CHA,shot,,,,,,,,,,Emeka Okafor,,,,missed,,tip,25,6
Andris Biedrins,Anthony Morrow,Anthony Randolph,Jamal Crawford,Marco Belinelli,Boris Diaw,Emeka Okafor,Gerald Wallace,Raja Bell,Raymond Felton,1,1:44,CHA,rebound,,,,,,,,,,Emeka Okafor,,,,,,off,,
Andris Biedrins,Anthony Morrow,Anthony Randolph,Jamal Crawford,Marco Belinelli,Boris Diaw,Emeka Okafor,Gerald Wallace,Raja Bell,Raymond Felton,1,1:42,GSW,rebound,,,,,,,,,,Anthony Randolph,,,,,,def,,
Andris Biedrins,Anthony Morrow,Anthony Randolph,Jamal Crawford,Marco Belinelli,Boris Diaw,Emeka Okafor,Gerald Wallace,Raja Bell,Raymond Felton,1,1:38,GSW,shot,,,,,,,,,,Anthony Randolph,,,,missed,,jump,21,18
Andris Biedrins,Anthony Morrow,Anthony Randolph,Jamal Crawford,Marco Belinelli,Boris Diaw,Emeka Okafor,Gerald Wallace,Raja Bell,Raymond Felton,1,1:37,CHA,rebound,,,,,,,,,,Emeka Okafor,,,,,,def,,
Andris Biedrins,Anthony Morrow,Anthony Randolph,Jamal Crawford,Marco Belinelli,Boris Diaw,Emeka Okafor,Gerald Wallace,Raja Bell,Raymond Felton,1,1:33,CHA,foul,,,,,,,,Anthony Randolph,,Raja Bell,,,,,,offensive,,
Andris Biedrins,Anthony Morrow,Anthony Randolph,Jamal Crawford,Marco Belinelli,Boris Diaw,Emeka Okafor,Gerald Wallace,Raja Bell,Raymond Felton,1,1:33,CHA,turnover,,,,,,,,,,Raja Bell,,,foul,,,,,
Andris Biedrins,Anthony Morrow,Anthony Randolph,Jamal Crawford,Marco Belinelli,Boris Diaw,D.J. Augustin,Emeka Okafor,Gerald Wallace,Raja Bell,1,1:33,CHA,sub,,,,D.J. Augustin,,Raymond Felton,,,,,,,,,,,,
Andris Biedrins,Anthony Morrow,Anthony Randolph,Jamal Crawford,Marco Belinelli,Adam Morrison,Boris Diaw,D.J. Augustin,Emeka Okafor,Raja Bell,1,1:33,CHA,sub,,,,Adam Morrison,,Gerald Wallace,,,,,,,,,,,,
Andris Biedrins,Anthony Morrow,Anthony Randolph,Jamal Crawford,Marco Belinelli,Adam Morrison,Boris Diaw,D.J. Augustin,Emeka Okafor,Raja Bell,1,1:21,GSW,shot,,,,,,,,,,Andris Biedrins,2,,,made,,driving layup,25,6
Andris Biedrins,Anthony Morrow,Anthony Randolph,Jamal Crawford,Marco Belinelli,Adam Morrison,Boris Diaw,D.J. Augustin,Emeka Okafor,Raja Bell,1,1:02,CHA,shot,,,,,,,,,,Boris Diaw,2,,,made,,layup,25,6
Andris Biedrins,Anthony Morrow,Anthony Randolph,Jamal Crawford,Marco Belinelli,Adam Morrison,Boris Diaw,D.J. Augustin,Emeka Okafor,Raja Bell,1,0:46,GSW,shot,,,,,,,,,,Anthony Randolph,,,,missed,,jump,19,11
Andris Biedrins,Anthony Morrow,Anthony Randolph,Jamal Crawford,Marco Belinelli,Adam Morrison,Boris Diaw,D.J. Augustin,Emeka Okafor,Raja Bell,1,0:45,CHA,rebound,,,,,,,,,,Emeka Okafor,,,,,,def,,
Andris Biedrins,Anthony Morrow,Anthony Randolph,Jamal Crawford,Marco Belinelli,Adam Morrison,Boris Diaw,D.J. Augustin,Emeka Okafor,Raja Bell,1,0:37,CHA,shot,Adam Morrison,,,,,,,,,Boris Diaw,2,,,made,,driving layup,25,6
Andris Biedrins,Anthony Morrow,Anthony Randolph,Jamal Crawford,Marco Belinelli,Adam Morrison,Boris Diaw,D.J. Augustin,Emeka Okafor,Raja Bell,1,0:29,GSW,shot,,,,,,,,,,Jamal Crawford,2,,,made,,jump,38,11
Andris Biedrins,Anthony Morrow,Anthony Randolph,Jamal Crawford,Marco Belinelli,Adam Morrison,Boris Diaw,D.J. Augustin,Emeka Okafor,Raja Bell,1,0:05,CHA,shot,,,,,,,,,,D.J. Augustin,,,,missed,,jump,11,9
Andris Biedrins,Anthony Morrow,Anthony Randolph,Jamal Crawford,Marco Belinelli,Adam Morrison,Boris Diaw,D.J. Augustin,Emeka Okafor,Raja Bell,1,0:03,GSW,rebound,,,,,,,,,,Anthony Randolph,,,,,,def,,
Andris Biedrins,Anthony Morrow,Anthony Randolph,Jamal Crawford,Marco Belinelli,Adam Morrison,Boris Diaw,D.J. Augustin,Emeka Okafor,Raja Bell,1,0:02,GSW,turnover,,,,,,,,,,Anthony Randolph,,,bad pass,,Adam Morrison,,,
Andris Biedrins,Anthony Morrow,Anthony Randolph,Jamal Crawford,Marco Belinelli,Adam Morrison,Boris Diaw,D.J. Augustin,Emeka Okafor,Raja Bell,1,0:01,CHA,shot,,,,,,,,,,Adam Morrison,,,,missed,,layup,25,6
Andris Biedrins,Anthony Morrow,Anthony Randolph,Jamal Crawford,Marco Belinelli,Adam Morrison,Boris Diaw,D.J. Augustin,Emeka Okafor,Raja Bell,1,0:00,GSW,rebound,,,,,,,,,,Anthony Randolph,,,,,,def,,
Andris Biedrins,Anthony Morrow,C.J. Watson,Kelenna Azubuike,Marco Belinelli,Adam Morrison,Boris Diaw,D.J. Augustin,Raja Bell,Ryan Hollins,2,11:37,GSW,violation,,,,,,,,,,Andris Biedrins,,,,,,kicked ball,,
Anthony Morrow,C.J. Watson,Kelenna Azubuike,Marco Belinelli,Ronny Turiaf,Adam Morrison,Boris Diaw,D.J. Augustin,Raja Bell,Ryan Hollins,2,11:37,GSW,sub,,,,Ronny Turiaf,,Andris Biedrins,,,,,,,,,,,,
Anthony Morrow,C.J. Watson,Kelenna Azubuike,Marco Belinelli,Ronny Turiaf,Adam Morrison,Boris Diaw,D.J. Augustin,Raja Bell,Ryan Hollins,2,11:31,GSW,foul,,,,,,,,Ryan Hollins,,Marco Belinelli,,,,,,shooting,,
Anthony Morrow,C.J. Watson,Kelenna Azubuike,Marco Belinelli,Ronny Turiaf,Adam Morrison,Boris Diaw,D.J. Augustin,Raja Bell,Ryan Hollins,2,11:31,CHA,free throw,,,,,,,1,,2,Ryan Hollins,,,foul,made,,,,
Anthony Morrow,C.J. Watson,Kelenna Azubuike,Marco Belinelli,Ronny Turiaf,Adam Morrison,Boris Diaw,D.J. Augustin,Raja Bell,Ryan Hollins,2,11:31,CHA,free throw,,,,,,,2,,2,Ryan Hollins,,,foul,made,,,,
Anthony Morrow,C.J. Watson,Kelenna Azubuike,Marco Belinelli,Ronny Turiaf,Adam Morrison,Boris Diaw,D.J. Augustin,Raja Bell,Ryan Hollins,2,11:07,GSW,turnover,,,,,,,,,,,,,shot clock turnover,,,,,
Anthony Morrow,C.J. Watson,Kelenna Azubuike,Marco Belinelli,Ronny Turiaf,Adam Morrison,Boris Diaw,D.J. Augustin,Raja Bell,Ryan Hollins,2,10:54,CHA,shot,,,,,,,,,,Boris Diaw,,,,missed,,layup,25,6
Anthony Morrow,C.J. Watson,Kelenna Azubuike,Marco Belinelli,Ronny Turiaf,Adam Morrison,Boris Diaw,D.J. Augustin,Raja Bell,Ryan Hollins,2,10:52,CHA,shot,,,,,,,,,,Boris Diaw,2,,,made,,tip,25,6
Anthony Morrow,C.J. Watson,Kelenna Azubuike,Marco Belinelli,Ronny Turiaf,Adam Morrison,Boris Diaw,D.J. Augustin,Raja Bell,Ryan Hollins,2,10:52,CHA,rebound,,,,,,,,,,Boris Diaw,,,,,,off,,
Anthony Morrow,C.J. Watson,Kelenna Azubuike,Marco Belinelli,Ronny Turiaf,Adam Morrison,Boris Diaw,D.J. Augustin,Raja Bell,Ryan Hollins,2,10:33,GSW,shot,,,,,,,,,,C.J. Watson,,,,missed,,jump,19,19
Anthony Morrow,C.J. Watson,Kelenna Azubuike,Marco Belinelli,Ronny Turiaf,Adam Morrison,Boris Diaw,D.J. Augustin,Raja Bell,Ryan Hollins,2,10:32,CHA,rebound,,,,,,,,,,Boris Diaw,,,,,,def,,
Anthony Morrow,C.J. Watson,Kelenna Azubuike,Marco Belinelli,Ronny Turiaf,Adam Morrison,Boris Diaw,D.J. Augustin,Raja Bell,Ryan Hollins,2,10:18,CHA,shot,Adam Morrison,,,,,,,,,Ryan Hollins,2,,,made,,dunk,25,6
Anthony Morrow,C.J. Watson,Kelenna Azubuike,Marco Belinelli,Ronny Turiaf,Adam Morrison,Boris Diaw,D.J. Augustin,Raja Bell,Ryan Hollins,2,10:17,GSW,timeout,,,,,,,,,,,,,,,,regular,,
Anthony Morrow,C.J. Watson,Kelenna Azubuike,Rob Kurz,Ronny Turiaf,Adam Morrison,Boris Diaw,D.J. Augustin,Raja Bell,Ryan Hollins,2,10:17,GSW,sub,,,,Rob Kurz,,Marco Belinelli,,,,,,,,,,,,
C.J. Watson,Jamal Crawford,Kelenna Azubuike,Rob Kurz,Ronny Turiaf,Adam Morrison,Boris Diaw,D.J. Augustin,Raja Bell,Ryan Hollins,2,10:17,GSW,sub,,,,Jamal Crawford,,Anthony Morrow,,,,,,,,,,,,
C.J. Watson,Jamal Crawford,Kelenna Azubuike,Rob Kurz,Ronny Turiaf,Adam Morrison,Boris Diaw,D.J. Augustin,Raymond Felton,Ryan Hollins,2,10:17,CHA,sub,,,,Raymond Felton,,Raja Bell,,,,,,,,,,,,
C.J. Watson,Jamal Crawford,Kelenna Azubuike,Rob Kurz,Ronny Turiaf,Adam Morrison,Boris Diaw,D.J. Augustin,Raymond Felton,Ryan Hollins,2,9:59,GSW,shot,,,,,,,,,,Jamal Crawford,,,,missed,,jump,16,21
C.J. Watson,Jamal Crawford,Kelenna Azubuike,Rob Kurz,Ronny Turiaf,Adam Morrison,Boris Diaw,D.J. Augustin,Raymond Felton,Ryan Hollins,2,9:58,GSW,rebound,,,,,,,,,,Rob Kurz,,,,,,off,,
C.J. Watson,Jamal Crawford,Kelenna Azubuike,Rob Kurz,Ronny Turiaf,Adam Morrison,Boris Diaw,D.J. Augustin,Raymond Felton,Ryan Hollins,2,9:46,GSW,shot,,,,,,,,,,Ronny Turiaf,,,,missed,,hook,19,9
C.J. Watson,Jamal Crawford,Kelenna Azubuike,Rob Kurz,Ronny Turiaf,Adam Morrison,Boris Diaw,D.J. Augustin,Raymond Felton,Ryan Hollins,2,9:44,GSW,shot,,,,,,,,,,Rob Kurz,2,,,made,,tip,25,6
C.J. Watson,Jamal Crawford,Kelenna Azubuike,Rob Kurz,Ronny Turiaf,Adam Morrison,Boris Diaw,D.J. Augustin,Raymond Felton,Ryan Hollins,2,9:44,GSW,rebound,,,,,,,,,,Rob Kurz,,,,,,off,,
C.J. Watson,Jamal Crawford,Kelenna Azubuike,Rob Kurz,Ronny Turiaf,Adam Morrison,Boris Diaw,D.J. Augustin,Raymond Felton,Ryan Hollins,2,9:20,CHA,shot,,,,,,,,,,Raymond Felton,,,,missed,,3pt,37,32
C.J. Watson,Jamal Crawford,Kelenna Azubuike,Rob Kurz,Ronny Turiaf,Adam Morrison,Boris Diaw,D.J. Augustin,Raymond Felton,Ryan Hollins,2,9:19,GSW,rebound,,,,,,,,,,C.J. Watson,,,,,,def,,
C.J. Watson,Jamal Crawford,Kelenna Azubuike,Rob Kurz,Ronny Turiaf,Adam Morrison,Boris Diaw,D.J. Augustin,Raymond Felton,Ryan Hollins,2,9:16,CHA,foul,,,,,,,,Jamal Crawford,,Adam Morrison,,,,,,shooting,,
C.J. Watson,Jamal Crawford,Kelenna Azubuike,Rob Kurz,Ronny Turiaf,Adam Morrison,Boris Diaw,D.J. Augustin,Raymond Felton,Ryan Hollins,2,9:16,GSW,free throw,,,,,,,1,,2,Jamal Crawford,,,foul,made,,,,
C.J. Watson,Jamal Crawford,Kelenna Azubuike,Rob Kurz,Ronny Turiaf,Adam Morrison,Boris Diaw,D.J. Augustin,Raymond Felton,Ryan Hollins,2,9:16,GSW,free throw,,,,,,,2,,2,Jamal Crawford,,,foul,made,,,,
C.J. Watson,Jamal Crawford,Kelenna Azubuike,Rob Kurz,Ronny Turiaf,Adam Morrison,Boris Diaw,D.J. Augustin,Raymond Felton,Ryan Hollins,2,9:01,CHA,turnover,,,,,,,,,,Boris Diaw,,,traveling,,,,,
C.J. Watson,Jamal Crawford,Kelenna Azubuike,Rob Kurz,Ronny Turiaf,Adam Morrison,D.J. Augustin,Gerald Wallace,Raymond Felton,Ryan Hollins,2,9:01,CHA,sub,,,,Gerald Wallace,,Boris Diaw,,,,,,,,,,,,
C.J. Watson,Jamal Crawford,Kelenna Azubuike,Rob Kurz,Ronny Turiaf,Adam Morrison,D.J. Augustin,Gerald Wallace,Raymond Felton,Ryan Hollins,2,8:46,CHA,foul,,,,,,,,Kelenna Azubuike,,Adam Morrison,,,,,,shooting,,
C.J. Watson,Jamal Crawford,Kelenna Azubuike,Rob Kurz,Ronny Turiaf,Adam Morrison,D.J. Augustin,Gerald Wallace,Raymond Felton,Ryan Hollins,2,8:46,GSW,free throw,,,,,,,1,,2,Kelenna Azubuike,,,foul,missed,,,,
C.J. Watson,Jamal Crawford,Kelenna Azubuike,Rob Kurz,Ronny Turiaf,Adam Morrison,D.J. Augustin,Gerald Wallace,Raymond Felton,Ryan Hollins,2,8:46,GSW,free throw,,,,,,,2,,2,Kelenna Azubuike,,,foul,made,,,,
C.J. Watson,Jamal Crawford,Kelenna Azubuike,Rob Kurz,Ronny Turiaf,Adam Morrison,D.J. Augustin,Gerald Wallace,Raymond Felton,Ryan Hollins,2,8:46,GSW,rebound,,,,,,,,,,,,,,,,,,
C.J. Watson,Jamal Crawford,Kelenna Azubuike,Rob Kurz,Ronny Turiaf,Adam Morrison,D.J. Augustin,Gerald Wallace,Raymond Felton,Ryan Hollins,2,8:33,CHA,shot,,,Kelenna Azubuike,,,,,,,Adam Morrison,,,,missed,,layup,25,6
C.J. Watson,Jamal Crawford,Kelenna Azubuike,Rob Kurz,Ronny Turiaf,Adam Morrison,D.J. Augustin,Gerald Wallace,Raymond Felton,Ryan Hollins,2,8:29,GSW,rebound,,,,,,,,,,Rob Kurz,,,,,,def,,
C.J. Watson,Jamal Crawford,Kelenna Azubuike,Rob Kurz,Ronny Turiaf,Adam Morrison,D.J. Augustin,Gerald Wallace,Raymond Felton,Ryan Hollins,2,8:26,CHA,foul,,,,,,,,Jamal Crawford,,Gerald Wallace,,,,,,shooting,,
C.J. Watson,Jamal Crawford,Kelenna Azubuike,Rob Kurz,Ronny Turiaf,Adam Morrison,D.J. Augustin,Gerald Wallace,Raymond Felton,Ryan Hollins,2,8:26,GSW,free throw,,,,,,,1,,2,Jamal Crawford,,,foul,made,,,,
C.J. Watson,Jamal Crawford,Kelenna Azubuike,Rob Kurz,Ronny Turiaf,Adam Morrison,D.J. Augustin,Gerald Wallace,Raymond Felton,Ryan Hollins,2,8:26,GSW,free throw,,,,,,,2,,2,Jamal Crawford,,,foul,made,,,,
C.J. Watson,Jamal Crawford,Kelenna Azubuike,Rob Kurz,Ronny Turiaf,Adam Morrison,D.J. Augustin,Gerald Wallace,Raymond Felton,Ryan Hollins,2,8:10,CHA,shot,,,,,,,,,,Raymond Felton,,,,missed,,reverse layup,25,6
C.J. Watson,Jamal Crawford,Kelenna Azubuike,Rob Kurz,Ronny Turiaf,Adam Morrison,D.J. Augustin,Gerald Wallace,Raymond Felton,Ryan Hollins,2,8:08,CHA,shot,,,Ronny Turiaf,,,,,,,Ryan Hollins,,,,missed,,layup,25,6
C.J. Watson,Jamal Crawford,Kelenna Azubuike,Rob Kurz,Ronny Turiaf,Adam Morrison,D.J. Augustin,Gerald Wallace,Raymond Felton,Ryan Hollins,2,8:08,CHA,rebound,,,,,,,,,,Ryan Hollins,,,,,,off,,
C.J. Watson,Jamal Crawford,Kelenna Azubuike,Rob Kurz,Ronny Turiaf,Adam Morrison,D.J. Augustin,Gerald Wallace,Raymond Felton,Ryan Hollins,2,8:06,GSW,rebound,,,,,,,,,,Kelenna Azubuike,,,,,,def,,
C.J. Watson,Jamal Crawford,Kelenna Azubuike,Rob Kurz,Ronny Turiaf,Adam Morrison,D.J. Augustin,Gerald Wallace,Raymond Felton,Ryan Hollins,2,8:02,GSW,shot,,,Gerald Wallace,,,,,,,Kelenna Azubuike,,,,missed,,layup,25,6
C.J. Watson,Jamal Crawford,Kelenna Azubuike,Rob Kurz,Ronny Turiaf,Adam Morrison,D.J. Augustin,Gerald Wallace,Raymond Felton,Ryan Hollins,2,8:02,GSW,rebound,,,,,,,,,,,,,,,,,,
C.J. Watson,Jamal Crawford,Kelenna Azubuike,Rob Kurz,Ronny Turiaf,Adam Morrison,D.J. Augustin,Gerald Wallace,Raymond Felton,Ryan Hollins,2,7:56,CHA,foul,,,,,,,,Jamal Crawford,,Raymond Felton,,,,,,shooting,,
C.J. Watson,Jamal Crawford,Kelenna Azubuike,Rob Kurz,Ronny Turiaf,Adam Morrison,D.J. Augustin,Gerald Wallace,Raymond Felton,Ryan Hollins,2,7:56,GSW,free throw,,,,,,,1,,3,Jamal Crawford,,,foul,made,,,,
C.J. Watson,Jamal Crawford,Kelenna Azubuike,Rob Kurz,Ronny Turiaf,Adam Morrison,D.J. Augustin,Gerald Wallace,Raymond Felton,Ryan Hollins,2,7:56,GSW,free throw,,,,,,,2,,3,Jamal Crawford,,,foul,made,,,,
C.J. Watson,Jamal Crawford,Kelenna Azubuike,Rob Kurz,Ronny Turiaf,Adam Morrison,D.J. Augustin,Gerald Wallace,Raymond Felton,Ryan Hollins,2,7:56,GSW,free throw,,,,,,,3,,3,Jamal Crawford,,,foul,made,,,,
C.J. Watson,Jamal Crawford,Kelenna Azubuike,Rob Kurz,Ronny Turiaf,Adam Morrison,D.J. Augustin,Gerald Wallace,Raymond Felton,Ryan Hollins,2,7:44,GSW,foul,,,,,,,,Gerald Wallace,,Rob Kurz,,,,,,shooting,,
C.J. Watson,Jamal Crawford,Kelenna Azubuike,Rob Kurz,Ronny Turiaf,Adam Morrison,D.J. Augustin,Gerald Wallace,Raymond Felton,Ryan Hollins,2,7:44,CHA,free throw,,,,,,,1,,2,Gerald Wallace,,,foul,made,,,,
C.J. Watson,Jamal Crawford,Kelenna Azubuike,Rob Kurz,Ronny Turiaf,Adam Morrison,D.J. Augustin,Gerald Wallace,Raymond Felton,Ryan Hollins,2,7:44,CHA,free throw,,,,,,,2,,2,Gerald Wallace,,,foul,missed,,,,
C.J. Watson,Jamal Crawford,Kelenna Azubuike,Rob Kurz,Ronny Turiaf,Adam Morrison,D.J. Augustin,Gerald Wallace,Raymond Felton,Ryan Hollins,2,7:42,GSW,rebound,,,,,,,,,,Ronny Turiaf,,,,,,def,,
C.J. Watson,Jamal Crawford,Kelenna Azubuike,Rob Kurz,Ronny Turiaf,Adam Morrison,D.J. Augustin,Gerald Wallace,Raymond Felton,Ryan Hollins,2,7:29,GSW,shot,Jamal Crawford,,,,,,,,,Ronny Turiaf,2,,,made,,dunk,25,6
C.J. Watson,Jamal Crawford,Kelenna Azubuike,Rob Kurz,Ronny Turiaf,Adam Morrison,D.J. Augustin,Gerald Wallace,Raymond Felton,Ryan Hollins,2,7:09,GSW,foul,,,,,,,,Gerald Wallace,,Rob Kurz,,,,,,shooting,,
C.J. Watson,Jamal Crawford,Kelenna Azubuike,Rob Kurz,Ronny Turiaf,Adam Morrison,D.J. Augustin,Gerald Wallace,Raymond Felton,Ryan Hollins,2,7:09,CHA,free throw,,,,,,,1,,2,Gerald Wallace,,,foul,made,,,,
C.J. Watson,Jamal Crawford,Kelenna Azubuike,Rob Kurz,Ronny Turiaf,Adam Morrison,D.J. Augustin,Gerald Wallace,Raymond Felton,Ryan Hollins,2,7:09,CHA,free throw,,,,,,,2,,2,Gerald Wallace,,,foul,made,,,,
C.J. Watson,Jamal Crawford,Kelenna Azubuike,Rob Kurz,Ronny Turiaf,Adam Morrison,D.J. Augustin,Gerald Wallace,Raymond Felton,Ryan Hollins,2,6:53,GSW,shot,Ronny Turiaf,,,,,,,,,Kelenna Azubuike,2,,,made,,layup,25,6
C.J. Watson,Jamal Crawford,Kelenna Azubuike,Rob Kurz,Ronny Turiaf,Adam Morrison,D.J. Augustin,Gerald Wallace,Raymond Felton,Ryan Hollins,2,6:37,CHA,turnover,,,,,,,,,,Ryan Hollins,,,traveling,,,,,
C.J. Watson,Jamal Crawford,Kelenna Azubuike,Rob Kurz,Ronny Turiaf,D.J. Augustin,Gerald Wallace,Raja Bell,Raymond Felton,Ryan Hollins,2,6:37,CHA,sub,,,,Raja Bell,,Adam Morrison,,,,,,,,,,,,
C.J. Watson,Jamal Crawford,Kelenna Azubuike,Rob Kurz,Ronny Turiaf,D.J. Augustin,Gerald Wallace,Raja Bell,Raymond Felton,Ryan Hollins,2,6:19,GSW,shot,,,,,,,,,,Ronny Turiaf,,,,missed,,jump,37,12
C.J. Watson,Jamal Crawford,Kelenna Azubuike,Rob Kurz,Ronny Turiaf,D.J. Augustin,Gerald Wallace,Raja Bell,Raymond Felton,Ryan Hollins,2,6:18,CHA,rebound,,,,,,,,,,Raja Bell,,,,,,def,,
C.J. Watson,Jamal Crawford,Kelenna Azubuike,Rob Kurz,Ronny Turiaf,D.J. Augustin,Gerald Wallace,Raja Bell,Raymond Felton,Ryan Hollins,2,6:05,CHA,shot,Raja Bell,,,,,,,,,D.J. Augustin,3,,,made,,3pt,48,9
C.J. Watson,Jamal Crawford,Kelenna Azubuike,Rob Kurz,Ronny Turiaf,D.J. Augustin,Gerald Wallace,Raja Bell,Raymond Felton,Ryan Hollins,2,5:57,GSW,shot,,,Ryan Hollins,,,,,,,Jamal Crawford,,,,missed,,layup,25,6
C.J. Watson,Jamal Crawford,Kelenna Azubuike,Rob Kurz,Ronny Turiaf,D.J. Augustin,Gerald Wallace,Raja Bell,Raymond Felton,Ryan Hollins,2,5:55,CHA,rebound,,,,,,,,,,Raja Bell,,,,,,def,,
C.J. Watson,Jamal Crawford,Kelenna Azubuike,Rob Kurz,Ronny Turiaf,D.J. Augustin,Gerald Wallace,Raja Bell,Raymond Felton,Ryan Hollins,2,5:49,CHA,shot,,,,,,,,,,D.J. Augustin,,,,missed,,3pt,47,19
C.J. Watson,Jamal Crawford,Kelenna Azubuike,Rob Kurz,Ronny Turiaf,D.J. Augustin,Gerald Wallace,Raja Bell,Raymond Felton,Ryan Hollins,2,5:48,GSW,rebound,,,,,,,,,,Kelenna Azubuike,,,,,,def,,
C.J. Watson,Jamal Crawford,Kelenna Azubuike,Rob Kurz,Ronny Turiaf,D.J. Augustin,Gerald Wallace,Raja Bell,Raymond Felton,Ryan Hollins,2,5:28,GSW,shot,Ronny Turiaf,,,,,,,,,Jamal Crawford,3,,,made,,3pt,31,32
C.J. Watson,Jamal Crawford,Kelenna Azubuike,Rob Kurz,Ronny Turiaf,D.J. Augustin,Gerald Wallace,Raja Bell,Raymond Felton,Ryan Hollins,2,5:10,GSW,foul,,,,,,,,Ryan Hollins,,Rob Kurz,,,,,,shooting,,
C.J. Watson,Jamal Crawford,Kelenna Azubuike,Rob Kurz,Ronny Turiaf,D.J. Augustin,Gerald Wallace,Raja Bell,Raymond Felton,Ryan Hollins,2,5:10,OFF,timeout,,,,,,,,,,,,,,,,official,,
Andris Biedrins,C.J. Watson,Jamal Crawford,Kelenna Azubuike,Rob Kurz,D.J. Augustin,Gerald Wallace,Raja Bell,Raymond Felton,Ryan Hollins,2,5:10,GSW,sub,,,,Andris Biedrins,,Ronny Turiaf,,,,,,,,,,,,
Andris Biedrins,C.J. Watson,Jamal Crawford,Kelenna Azubuike,Rob Kurz,Boris Diaw,Gerald Wallace,Raja Bell,Raymond Felton,Ryan Hollins,2,5:10,CHA,sub,,,,Boris Diaw,,D.J. Augustin,,,,,,,,,,,,
Andris Biedrins,C.J. Watson,Jamal Crawford,Kelenna Azubuike,Rob Kurz,Boris Diaw,Gerald Wallace,Raja Bell,Raymond Felton,Ryan Hollins,2,5:10,CHA,free throw,,,,,,,1,,2,Ryan Hollins,,,foul,made,,,,
Andris Biedrins,C.J. Watson,Jamal Crawford,Kelenna Azubuike,Rob Kurz,Boris Diaw,Gerald Wallace,Raja Bell,Raymond Felton,Ryan Hollins,2,5:10,CHA,free throw,,,,,,,2,,2,Ryan Hollins,,,foul,missed,,,,
Andris Biedrins,C.J. Watson,Jamal Crawford,Kelenna Azubuike,Rob Kurz,Boris Diaw,Gerald Wallace,Raja Bell,Raymond Felton,Ryan Hollins,2,5:08,GSW,rebound,,,,,,,,,,Andris Biedrins,,,,,,def,,
Andris Biedrins,C.J. Watson,Jamal Crawford,Kelenna Azubuike,Rob Kurz,Boris Diaw,Gerald Wallace,Raja Bell,Raymond Felton,Ryan Hollins,2,4:55,GSW,shot,Jamal Crawford,,,,,,,,,Andris Biedrins,2,,,made,,layup,25,6
Andris Biedrins,C.J. Watson,Jamal Crawford,Kelenna Azubuike,Rob Kurz,Boris Diaw,Gerald Wallace,Raja Bell,Raymond Felton,Ryan Hollins,2,4:42,CHA,turnover,,,,,,,,,,Boris Diaw,,,poss lost ball turnover,,,,,
Andris Biedrins,C.J. Watson,Jamal Crawford,Kelenna Azubuike,Rob Kurz,Boris Diaw,Gerald Wallace,Raja Bell,Raymond Felton,Ryan Hollins,2,4:42,CHA,foul,,,,,,,,Jamal Crawford,,Boris Diaw,,,,,,loose ball,,
Andris Biedrins,C.J. Watson,Jamal Crawford,Kelenna Azubuike,Rob Kurz,Boris Diaw,Emeka Okafor,Gerald Wallace,Raja Bell,Raymond Felton,2,4:42,CHA,sub,,,,Emeka Okafor,,Ryan Hollins,,,,,,,,,,,,
Andris Biedrins,C.J. Watson,Jamal Crawford,Kelenna Azubuike,Rob Kurz,Boris Diaw,Emeka Okafor,Gerald Wallace,Raja Bell,Raymond Felton,2,4:42,GSW,free throw,,,,,,,1,,2,Jamal Crawford,,,foul,missed,,,,
Andris Biedrins,C.J. Watson,Jamal Crawford,Kelenna Azubuike,Rob Kurz,Boris Diaw,Emeka Okafor,Gerald Wallace,Raja Bell,Raymond Felton,2,4:42,GSW,rebound,,,,,,,,,,,,,,,,,,
Andris Biedrins,C.J. Watson,Jamal Crawford,Kelenna Azubuike,Rob Kurz,Boris Diaw,Emeka Okafor,Gerald Wallace,Raja Bell,Raymond Felton,2,4:42,GSW,free throw,,,,,,,2,,2,Jamal Crawford,,,foul,made,,,,
Andris Biedrins,C.J. Watson,Jamal Crawford,Kelenna Azubuike,Rob Kurz,Boris Diaw,Emeka Okafor,Gerald Wallace,Raja Bell,Raymond Felton,2,4:26,CHA,shot,,,C.J. Watson,,,,,,,Emeka Okafor,,,,missed,,layup,25,6
Andris Biedrins,C.J. Watson,Jamal Crawford,Kelenna Azubuike,Rob Kurz,Boris Diaw,Emeka Okafor,Gerald Wallace,Raja Bell,Raymond Felton,2,4:26,CHA,rebound,,,,,,,,,,,,,,,,,,
Andris Biedrins,C.J. Watson,Jamal Crawford,Kelenna Azubuike,Rob Kurz,Boris Diaw,Emeka Okafor,Gerald Wallace,Raja Bell,Raymond Felton,2,4:20,CHA,shot,,,,,,,,,,Boris Diaw,,,,missed,,layup,25,6
Andris Biedrins,C.J. Watson,Jamal Crawford,Kelenna Azubuike,Rob Kurz,Boris Diaw,Emeka Okafor,Gerald Wallace,Raja Bell,Raymond Felton,2,4:16,CHA,rebound,,,,,,,,,,Boris Diaw,,,,,,off,,
Andris Biedrins,C.J. Watson,Jamal Crawford,Kelenna Azubuike,Rob Kurz,Boris Diaw,Emeka Okafor,Gerald Wallace,Raja Bell,Raymond Felton,2,4:14,CHA,shot,Boris Diaw,,,,,,,,,Gerald Wallace,2,,,made,,slam dunk,25,6
Andris Biedrins,C.J. Watson,Jamal Crawford,Kelenna Azubuike,Rob Kurz,Boris Diaw,Emeka Okafor,Gerald Wallace,Raja Bell,Raymond Felton,2,4:03,GSW,shot,,,,,,,,,,Jamal Crawford,,,,missed,,jump,32,23
Andris Biedrins,C.J. Watson,Jamal Crawford,Kelenna Azubuike,Rob Kurz,Boris Diaw,Emeka Okafor,Gerald Wallace,Raja Bell,Raymond Felton,2,4:02,CHA,rebound,,,,,,,,,,Gerald Wallace,,,,,,def,,
Andris Biedrins,C.J. Watson,Jamal Crawford,Kelenna Azubuike,Rob Kurz,Boris Diaw,Emeka Okafor,Gerald Wallace,Raja Bell,Raymond Felton,2,3:50,CHA,shot,,,,,,,,,,Boris Diaw,2,,,made,,hook,29,14
Andris Biedrins,C.J. Watson,Jamal Crawford,Kelenna Azubuike,Rob Kurz,Boris Diaw,Emeka Okafor,Gerald Wallace,Raja Bell,Raymond Felton,2,3:23,GSW,shot,,,,,,,,,,Rob Kurz,,,,missed,,jump,9,9
Andris Biedrins,C.J. Watson,Jamal Crawford,Kelenna Azubuike,Rob Kurz,Boris Diaw,Emeka Okafor,Gerald Wallace,Raja Bell,Raymond Felton,2,3:23,CHA,rebound,,,,,,,,,,,,,,,,,,
Andris Biedrins,C.J. Watson,Jamal Crawford,Kelenna Azubuike,Rob Kurz,Boris Diaw,Emeka Okafor,Gerald Wallace,Raja Bell,Raymond Felton,2,3:06,CHA,shot,,,,,,,,,,Boris Diaw,,,,missed,,layup,25,6
Andris Biedrins,C.J. Watson,Jamal Crawford,Kelenna Azubuike,Rob Kurz,Boris Diaw,Emeka Okafor,Gerald Wallace,Raja Bell,Raymond Felton,2,3:04,CHA,shot,,,,,,,,,,Emeka Okafor,2,,,made,,layup,25,6
Andris Biedrins,C.J. Watson,Jamal Crawford,Kelenna Azubuike,Rob Kurz,Boris Diaw,Emeka Okafor,Gerald Wallace,Raja Bell,Raymond Felton,2,3:04,CHA,rebound,,,,,,,,,,Emeka Okafor,,,,,,off,,
Andris Biedrins,C.J. Watson,Jamal Crawford,Kelenna Azubuike,Rob Kurz,Boris Diaw,Emeka Okafor,Gerald Wallace,Raja Bell,Raymond Felton,2,2:57,GSW,timeout,,,,,,,,,,,,,,,,short,,
Andris Biedrins,C.J. Watson,Jamal Crawford,Kelenna Azubuike,Rob Kurz,Boris Diaw,Emeka Okafor,Gerald Wallace,Raja Bell,Raymond Felton,2,2:57,CHA,timeout,,,,,,,,,,,,,,,,regular,,
Andris Biedrins,C.J. Watson,Jamal Crawford,Marco Belinelli,Rob Kurz,Boris Diaw,Emeka Okafor,Gerald Wallace,Raja Bell,Raymond Felton,2,2:57,GSW,sub,,,,Marco Belinelli,,Kelenna Azubuike,,,,,,,,,,,,
Andris Biedrins,C.J. Watson,Jamal Crawford,Marco Belinelli,Rob Kurz,Boris Diaw,Emeka Okafor,Gerald Wallace,Raja Bell,Raymond Felton,2,2:48,GSW,shot,,,Emeka Okafor,,,,,,,Andris Biedrins,,,,missed,,layup,25,6
Andris Biedrins,C.J. Watson,Jamal Crawford,Marco Belinelli,Rob Kurz,Boris Diaw,Emeka Okafor,Gerald Wallace,Raja Bell,Raymond Felton,2,2:46,CHA,rebound,,,,,,,,,,Raja Bell,,,,,,def,,
Andris Biedrins,C.J. Watson,Jamal Crawford,Marco Belinelli,Rob Kurz,Boris Diaw,Emeka Okafor,Gerald Wallace,Raja Bell,Raymond Felton,2,2:25,CHA,turnover,,,,,,,,,,Raymond Felton,,,lost ball,,Andris Biedrins,,,
Andris Biedrins,C.J. Watson,Jamal Crawford,Marco Belinelli,Rob Kurz,Boris Diaw,Emeka Okafor,Gerald Wallace,Raja Bell,Raymond Felton,2,2:18,GSW,shot,,,,,,,,,,C.J. Watson,2,,,made,,layup,25,6
Andris Biedrins,C.J. Watson,Jamal Crawford,Marco Belinelli,Rob Kurz,Boris Diaw,Emeka Okafor,Gerald Wallace,Raja Bell,Raymond Felton,2,2:02,CHA,shot,Boris Diaw,,,,,,,,,Raymond Felton,3,,,made,,3pt,38,28
Andris Biedrins,C.J. Watson,Jamal Crawford,Marco Belinelli,Rob Kurz,Boris Diaw,Emeka Okafor,Gerald Wallace,Raja Bell,Raymond Felton,2,1:45,CHA,foul,,,,,,,,Rob Kurz,,Boris Diaw,,,,,,personal,,
Andris Biedrins,C.J. Watson,Jamal Crawford,Marco Belinelli,Rob Kurz,Emeka Okafor,Gerald Wallace,Juwan Howard,Raja Bell,Raymond Felton,2,1:45,CHA,sub,,,,Juwan Howard,,Boris Diaw,,,,,,,,,,,,
Andris Biedrins,C.J. Watson,Jamal Crawford,Marco Belinelli,Rob Kurz,D.J. Augustin,Emeka Okafor,Juwan Howard,Raja Bell,Raymond Felton,2,1:45,CHA,sub,,,,D.J. Augustin,,Gerald Wallace,,,,,,,,,,,,
Andris Biedrins,C.J. Watson,Jamal Crawford,Marco Belinelli,Rob Kurz,D.J. Augustin,Emeka Okafor,Juwan Howard,Raja Bell,Raymond Felton,2,1:45,GSW,free throw,,,,,,,1,,2,Rob Kurz,,,foul,made,,,,
Andris Biedrins,C.J. Watson,Jamal Crawford,Marco Belinelli,Rob Kurz,D.J. Augustin,Emeka Okafor,Juwan Howard,Raja Bell,Raymond Felton,2,1:45,GSW,free throw,,,,,,,2,,2,Rob Kurz,,,foul,made,,,,
Andris Biedrins,C.J. Watson,Jamal Crawford,Marco Belinelli,Rob Kurz,D.J. Augustin,Emeka Okafor,Juwan Howard,Raja Bell,Raymond Felton,2,1:21,CHA,turnover,,,,,,,,,,D.J. Augustin,,,lost ball,,C.J. Watson,,,
Andris Biedrins,C.J. Watson,Jamal Crawford,Marco Belinelli,Rob Kurz,D.J. Augustin,Emeka Okafor,Juwan Howard,Raja Bell,Raymond Felton,2,1:16,GSW,shot,Marco Belinelli,,,,,,,,,Jamal Crawford,2,,,made,,layup,25,6
Andris Biedrins,C.J. Watson,Jamal Crawford,Marco Belinelli,Rob Kurz,D.J. Augustin,Emeka Okafor,Juwan Howard,Raja Bell,Raymond Felton,2,0:52,CHA,shot,D.J. Augustin,,,,,,,,,Juwan Howard,2,,,made,,hook,35,10
Andris Biedrins,C.J. Watson,Jamal Crawford,Marco Belinelli,Rob Kurz,D.J. Augustin,Emeka Okafor,Juwan Howard,Raja Bell,Raymond Felton,2,0:32,GSW,shot,,,,,,,,,,Marco Belinelli,,,,missed,,3pt,4,24
Andris Biedrins,C.J. Watson,Jamal Crawford,Marco Belinelli,Rob Kurz,D.J. Augustin,Emeka Okafor,Juwan Howard,Raja Bell,Raymond Felton,2,0:31,CHA,rebound,,,,,,,,,,Raja Bell,,,,,,def,,
Andris Biedrins,C.J. Watson,Jamal Crawford,Marco Belinelli,Rob Kurz,D.J. Augustin,Emeka Okafor,Juwan Howard,Raja Bell,Raymond Felton,2,0:10,CHA,shot,Raymond Felton,,,,,,,,,Raja Bell,3,,,made,,3pt,10,27
Andris Biedrins,C.J. Watson,Jamal Crawford,Marco Belinelli,Rob Kurz,D.J. Augustin,Emeka Okafor,Juwan Howard,Raja Bell,Raymond Felton,2,0:03,GSW,shot,,,,,,,,,,Jamal Crawford,2,,,made,,jump,34,22
Andris Biedrins,C.J. Watson,Jamal Crawford,Marco Belinelli,Rob Kurz,D.J. Augustin,Emeka Okafor,Juwan Howard,Raja Bell,Raymond Felton,2,0:03,CHA,foul,,,,,,,,Jamal Crawford,,Raymond Felton,,,,,,shooting,,
Andris Biedrins,C.J. Watson,DeMarcus Nelson,Jamal Crawford,Rob Kurz,D.J. Augustin,Emeka Okafor,Juwan Howard,Raja Bell,Raymond Felton,2,0:03,GSW,sub,,,,DeMarcus Nelson,,Marco Belinelli,,,,,,,,,,,,
Andris Biedrins,C.J. Watson,DeMarcus Nelson,Jamal Crawford,Rob Kurz,D.J. Augustin,Emeka Okafor,Juwan Howard,Raja Bell,Raymond Felton,2,0:03,GSW,free throw,,,,,,,1,,1,Jamal Crawford,,,foul,made,,,,
Andris Biedrins,C.J. Watson,DeMarcus Nelson,Jamal Crawford,Rob Kurz,D.J. Augustin,Emeka Okafor,Juwan Howard,Raja Bell,Raymond Felton,2,0:03,CHA,timeout,,,,,,,,,,,,,,,,short,,
Andris Biedrins,C.J. Watson,DeMarcus Nelson,Jamal Crawford,Ronny Turiaf,D.J. Augustin,Emeka Okafor,Juwan Howard,Raja Bell,Raymond Felton,2,0:03,GSW,sub,,,,Ronny Turiaf,,Rob Kurz,,,,,,,,,,,,
Andris Biedrins,C.J. Watson,DeMarcus Nelson,Jamal Crawford,Ronny Turiaf,D.J. Augustin,Emeka Okafor,Juwan Howard,Raja Bell,Raymond Felton,2,0:00,CHA,shot,,,,,,,,,,Raymond Felton,,,,missed,,3pt,12,28
Andris Biedrins,C.J. Watson,DeMarcus Nelson,Jamal Crawford,Ronny Turiaf,D.J. Augustin,Emeka Okafor,Juwan Howard,Raja Bell,Raymond Felton,2,0:00,CHA,rebound,,,,,,,,,,,,,,,,,,
Andris Biedrins,Brandan Wright,Jamal Crawford,Kelenna Azubuike,Marco Belinelli,Boris Diaw,Emeka Okafor,Gerald Wallace,Raja Bell,Raymond Felton,3,11:47,GSW,foul,,,,,,,,Emeka Okafor,,Andris Biedrins,,,,,,personal,,
Andris Biedrins,Brandan Wright,Jamal Crawford,Kelenna Azubuike,Marco Belinelli,Boris Diaw,Emeka Okafor,Gerald Wallace,Raja Bell,Raymond Felton,3,11:32,CHA,shot,,,,,,,,,,Gerald Wallace,,,,missed,,jump,37,22
Andris Biedrins,Brandan Wright,Jamal Crawford,Kelenna Azubuike,Marco Belinelli,Boris Diaw,Emeka Okafor,Gerald Wallace,Raja Bell,Raymond Felton,3,11:31,GSW,rebound,,,,,,,,,,Andris Biedrins,,,,,,def,,
Andris Biedrins,Brandan Wright,Jamal Crawford,Kelenna Azubuike,Marco Belinelli,Boris Diaw,Emeka Okafor,Gerald Wallace,Raja Bell,Raymond Felton,3,11:06,GSW,shot,,,,,,,,,,Marco Belinelli,,,,missed,,jump,33,24
Andris Biedrins,Brandan Wright,Jamal Crawford,Kelenna Azubuike,Marco Belinelli,Boris Diaw,Emeka Okafor,Gerald Wallace,Raja Bell,Raymond Felton,3,11:04,GSW,rebound,,,,,,,,,,Brandan Wright,,,,,,off,,
Andris Biedrins,Brandan Wright,Jamal Crawford,Kelenna Azubuike,Marco Belinelli,Boris Diaw,Emeka Okafor,Gerald Wallace,Raja Bell,Raymond Felton,3,10:56,GSW,shot,,,,,,,,,,Kelenna Azubuike,,,,missed,,layup,25,6
Andris Biedrins,Brandan Wright,Jamal Crawford,Kelenna Azubuike,Marco Belinelli,Boris Diaw,Emeka Okafor,Gerald Wallace,Raja Bell,Raymond Felton,3,10:54,CHA,rebound,,,,,,,,,,Boris Diaw,,,,,,def,,
Andris Biedrins,Brandan Wright,Jamal Crawford,Kelenna Azubuike,Marco Belinelli,Boris Diaw,Emeka Okafor,Gerald Wallace,Raja Bell,Raymond Felton,3,10:42,CHA,turnover,,,,,,,,,,Raymond Felton,,,bad pass,,Marco Belinelli,,,
Andris Biedrins,Brandan Wright,Jamal Crawford,Kelenna Azubuike,Marco Belinelli,Boris Diaw,Emeka Okafor,Gerald Wallace,Raja Bell,Raymond Felton,3,10:38,GSW,turnover,,,,,,,,,,Marco Belinelli,,,bad pass,,Raymond Felton,,,
Andris Biedrins,Brandan Wright,Jamal Crawford,Kelenna Azubuike,Marco Belinelli,Boris Diaw,Emeka Okafor,Gerald Wallace,Raja Bell,Raymond Felton,3,10:30,CHA,shot,Raymond Felton,,,,,,,,,Emeka Okafor,2,,,made,,layup,25,6
Andris Biedrins,Brandan Wright,Jamal Crawford,Kelenna Azubuike,Marco Belinelli,Boris Diaw,Emeka Okafor,Gerald Wallace,Raja Bell,Raymond Felton,3,10:09,GSW,shot,,,,,,,,,,Jamal Crawford,2,,,made,,driving layup,25,6
Andris Biedrins,Brandan Wright,Jamal Crawford,Kelenna Azubuike,Marco Belinelli,Boris Diaw,Emeka Okafor,Gerald Wallace,Raja Bell,Raymond Felton,3,9:48,CHA,shot,Raja Bell,,,,,,,,,Emeka Okafor,2,,,made,,jump bank,16,10
Andris Biedrins,Brandan Wright,Jamal Crawford,Kelenna Azubuike,Marco Belinelli,Boris Diaw,Emeka Okafor,Gerald Wallace,Raja Bell,Raymond Felton,3,9:40,GSW,turnover,,,,,,,,,,Brandan Wright,,,bad pass,,Raymond Felton,,,
Andris Biedrins,Brandan Wright,Jamal Crawford,Kelenna Azubuike,Marco Belinelli,Boris Diaw,Emeka Okafor,Gerald Wallace,Raja Bell,Raymond Felton,3,9:38,CHA,shot,Raymond Felton,,,,,,,,,Gerald Wallace,2,,,made,,layup,25,6
Andris Biedrins,Brandan Wright,Jamal Crawford,Kelenna Azubuike,Marco Belinelli,Boris Diaw,Emeka Okafor,Gerald Wallace,Raja Bell,Raymond Felton,3,9:38,GSW,foul,,,,,,,,Gerald Wallace,,Marco Belinelli,,,,,,shooting,,
Andris Biedrins,Brandan Wright,Jamal Crawford,Kelenna Azubuike,Marco Belinelli,Boris Diaw,Emeka Okafor,Gerald Wallace,Raja Bell,Raymond Felton,3,9:38,CHA,free throw,,,,,,,1,,1,Gerald Wallace,,,foul,made,,,,
Andris Biedrins,Brandan Wright,Jamal Crawford,Kelenna Azubuike,Marco Belinelli,Boris Diaw,Emeka Okafor,Gerald Wallace,Raja Bell,Raymond Felton,3,9:14,GSW,shot,,,,,,,,,,Kelenna Azubuike,,,,missed,,jump,38,21
Andris Biedrins,Brandan Wright,Jamal Crawford,Kelenna Azubuike,Marco Belinelli,Boris Diaw,Emeka Okafor,Gerald Wallace,Raja Bell,Raymond Felton,3,9:13,GSW,rebound,,,,,,,,,,Andris Biedrins,,,,,,off,,
Andris Biedrins,Brandan Wright,Jamal Crawford,Kelenna Azubuike,Marco Belinelli,Boris Diaw,Emeka Okafor,Gerald Wallace,Raja Bell,Raymond Felton,3,9:07,GSW,turnover,,,,,,,,,,Andris Biedrins,,,bad pass,,Boris Diaw,,,
Andris Biedrins,Brandan Wright,Jamal Crawford,Kelenna Azubuike,Marco Belinelli,Boris Diaw,Emeka Okafor,Gerald Wallace,Raja Bell,Raymond Felton,3,8:58,CHA,turnover,,,,,,,,,,Emeka Okafor,,,3 second violation,,,,,
Andris Biedrins,Jamal Crawford,Kelenna Azubuike,Marco Belinelli,Ronny Turiaf,Boris Diaw,Emeka Okafor,Gerald Wallace,Raja Bell,Raymond Felton,3,8:58,GSW,sub,,,,Ronny Turiaf,,Brandan Wright,,,,,,,,,,,,
Andris Biedrins,Jamal Crawford,Kelenna Azubuike,Marco Belinelli,Ronny Turiaf,Boris Diaw,Emeka Okafor,Gerald Wallace,Raja Bell,Raymond Felton,3,8:43,GSW,shot,,,,,,,,,,Jamal Crawford,,,,missed,,jump,23,25
Andris Biedrins,Jamal Crawford,Kelenna Azubuike,Marco Belinelli,Ronny Turiaf,Boris Diaw,Emeka Okafor,Gerald Wallace,Raja Bell,Raymond Felton,3,8:42,CHA,rebound,,,,,,,,,,,,,,,,,,
Andris Biedrins,Jamal Crawford,Kelenna Azubuike,Marco Belinelli,Ronny Turiaf,Boris Diaw,Emeka Okafor,Gerald Wallace,Raja Bell,Raymond Felton,3,8:28,CHA,shot,,,,,,,,,,Raymond Felton,,,,missed,,layup,25,6
Andris Biedrins,Jamal Crawford,Kelenna Azubuike,Marco Belinelli,Ronny Turiaf,Boris Diaw,Emeka Okafor,Gerald Wallace,Raja Bell,Raymond Felton,3,8:26,GSW,rebound,,,,,,,,,,Andris Biedrins,,,,,,def,,
Andris Biedrins,Jamal Crawford,Kelenna Azubuike,Marco Belinelli,Ronny Turiaf,Boris Diaw,Emeka Okafor,Gerald Wallace,Raja Bell,Raymond Felton,3,8:14,GSW,shot,,,,,,,,,,Marco Belinelli,2,,,made,,driving layup,25,6
Andris Biedrins,Jamal Crawford,Kelenna Azubuike,Marco Belinelli,Ronny Turiaf,Boris Diaw,Emeka Okafor,Gerald Wallace,Raja Bell,Raymond Felton,3,8:14,CHA,foul,,,,,,,,Marco Belinelli,,Boris Diaw,,,,,,shooting,,
Andris Biedrins,Jamal Crawford,Kelenna Azubuike,Marco Belinelli,Ronny Turiaf,Emeka Okafor,Gerald Wallace,Juwan Howard,Raja Bell,Raymond Felton,3,8:14,CHA,sub,,,,Juwan Howard,,Boris Diaw,,,,,,,,,,,,
Andris Biedrins,Jamal Crawford,Kelenna Azubuike,Marco Belinelli,Ronny Turiaf,Emeka Okafor,Gerald Wallace,Juwan Howard,Raja Bell,Raymond Felton,3,8:14,GSW,free throw,,,,,,,1,,1,Marco Belinelli,,,foul,made,,,,
Andris Biedrins,Jamal Crawford,Kelenna Azubuike,Marco Belinelli,Ronny Turiaf,Emeka Okafor,Gerald Wallace,Juwan Howard,Raja Bell,Raymond Felton,3,7:57,CHA,shot,Juwan Howard,,,,,,,,,Gerald Wallace,2,,,made,,driving finger roll layup,25,6
Andris Biedrins,Jamal Crawford,Kelenna Azubuike,Marco Belinelli,Ronny Turiaf,Emeka Okafor,Gerald Wallace,Juwan Howard,Raja Bell,Raymond Felton,3,7:35,GSW,shot,Marco Belinelli,,,,,,,,,Kelenna Azubuike,3,,,made,,3pt,48,11
Andris Biedrins,Jamal Crawford,Kelenna Azubuike,Marco Belinelli,Ronny Turiaf,Emeka Okafor,Gerald Wallace,Juwan Howard,Raja Bell,Raymond Felton,3,7:21,CHA,foul,,,,,,,,Marco Belinelli,,Emeka Okafor,,,,,,offensive,,
Andris Biedrins,Jamal Crawford,Kelenna Azubuike,Marco Belinelli,Ronny Turiaf,Emeka Okafor,Gerald Wallace,Juwan Howard,Raja Bell,Raymond Felton,3,7:21,CHA,turnover,,,,,,,,,,Emeka Okafor,,,foul,,,,,
Andris Biedrins,Jamal Crawford,Kelenna Azubuike,Marco Belinelli,Ronny Turiaf,Emeka Okafor,Gerald Wallace,Juwan Howard,Raja Bell,Raymond Felton,3,7:11,GSW,foul,,,,,,,,Emeka Okafor,,Andris Biedrins,,,,,,offensive,,
Andris Biedrins,Jamal Crawford,Kelenna Azubuike,Marco Belinelli,Ronny Turiaf,Emeka Okafor,Gerald Wallace,Juwan Howard,Raja Bell,Raymond Felton,3,7:11,GSW,turnover,,,,,,,,,,Andris Biedrins,,,foul,,,,,
Andris Biedrins,Jamal Crawford,Kelenna Azubuike,Marco Belinelli,Ronny Turiaf,Emeka Okafor,Gerald Wallace,Juwan Howard,Raja Bell,Raymond Felton,3,6:58,CHA,shot,,,,,,,,,,Raja Bell,,,,missed,,jump,30,17
Andris Biedrins,Jamal Crawford,Kelenna Azubuike,Marco Belinelli,Ronny Turiaf,Emeka Okafor,Gerald Wallace,Juwan Howard,Raja Bell,Raymond Felton,3,6:55,GSW,rebound,,,,,,,,,,Kelenna Azubuike,,,,,,def,,
Andris Biedrins,Jamal Crawford,Kelenna Azubuike,Marco Belinelli,Ronny Turiaf,Emeka Okafor,Gerald Wallace,Juwan Howard,Raja Bell,Raymond Felton,3,6:44,GSW,shot,,,,,,,,,,Jamal Crawford,2,,,made,,running jump,29,12
Andris Biedrins,Jamal Crawford,Kelenna Azubuike,Marco Belinelli,Ronny Turiaf,Emeka Okafor,Gerald Wallace,Juwan Howard,Raja Bell,Raymond Felton,3,6:29,CHA,shot,,,,,,,,,,Emeka Okafor,,,,missed,,turnaround hook,20,12
Andris Biedrins,Jamal Crawford,Kelenna Azubuike,Marco Belinelli,Ronny Turiaf,Emeka Okafor,Gerald Wallace,Juwan Howard,Raja Bell,Raymond Felton,3,6:28,GSW,rebound,,,,,,,,,,Kelenna Azubuike,,,,,,def,,
Andris Biedrins,Jamal Crawford,Kelenna Azubuike,Marco Belinelli,Ronny Turiaf,Emeka Okafor,Gerald Wallace,Juwan Howard,Raja Bell,Raymond Felton,3,6:24,CHA,foul,,,,,,,,Kelenna Azubuike,,Gerald Wallace,,,,,,shooting,,
Andris Biedrins,Jamal Crawford,Kelenna Azubuike,Marco Belinelli,Ronny Turiaf,Emeka Okafor,Gerald Wallace,Juwan Howard,Raja Bell,Raymond Felton,3,6:24,GSW,free throw,,,,,,,1,,2,Kelenna Azubuike,,,foul,made,,,,
Andris Biedrins,Jamal Crawford,Kelenna Azubuike,Marco Belinelli,Ronny Turiaf,Emeka Okafor,Gerald Wallace,Juwan Howard,Raja Bell,Raymond Felton,3,6:24,GSW,free throw,,,,,,,2,,2,Kelenna Azubuike,,,foul,made,,,,
Andris Biedrins,Jamal Crawford,Kelenna Azubuike,Marco Belinelli,Ronny Turiaf,Emeka Okafor,Gerald Wallace,Juwan Howard,Raja Bell,Raymond Felton,3,6:13,CHA,shot,Raja Bell,,,,,,,,,Emeka Okafor,2,,,made,,dunk,25,6
Andris Biedrins,Jamal Crawford,Kelenna Azubuike,Marco Belinelli,Ronny Turiaf,Emeka Okafor,Gerald Wallace,Juwan Howard,Raja Bell,Raymond Felton,3,5:58,GSW,shot,,,,,,,,,,Jamal Crawford,2,,,made,,driving layup,25,6
Andris Biedrins,Jamal Crawford,Kelenna Azubuike,Marco Belinelli,Ronny Turiaf,Emeka Okafor,Gerald Wallace,Juwan Howard,Raja Bell,Raymond Felton,3,5:33,CHA,shot,,,,,,,,,,Emeka Okafor,,,,missed,,layup,25,6
Andris Biedrins,Jamal Crawford,Kelenna Azubuike,Marco Belinelli,Ronny Turiaf,Emeka Okafor,Gerald Wallace,Juwan Howard,Raja Bell,Raymond Felton,3,5:31,CHA,rebound,,,,,,,,,,Juwan Howard,,,,,,off,,
Andris Biedrins,Jamal Crawford,Kelenna Azubuike,Marco Belinelli,Ronny Turiaf,Emeka Okafor,Gerald Wallace,Juwan Howard,Raja Bell,Raymond Felton,3,5:29,CHA,shot,,,,,,,,,,Juwan Howard,,,,missed,,jump,36,20
Andris Biedrins,Jamal Crawford,Kelenna Azubuike,Marco Belinelli,Ronny Turiaf,Emeka Okafor,Gerald Wallace,Juwan Howard,Raja Bell,Raymond Felton,3,5:24,GSW,rebound,,,,,,,,,,Kelenna Azubuike,,,,,,def,,
Andris Biedrins,Jamal Crawford,Kelenna Azubuike,Marco Belinelli,Ronny Turiaf,Emeka Okafor,Gerald Wallace,Juwan Howard,Raja Bell,Raymond Felton,3,5:17,GSW,shot,Ronny Turiaf,,,,,,,,,Jamal Crawford,3,,,made,,3pt,13,29
Andris Biedrins,Jamal Crawford,Kelenna Azubuike,Marco Belinelli,Ronny Turiaf,Emeka Okafor,Gerald Wallace,Juwan Howard,Raja Bell,Raymond Felton,3,5:08,CHA,timeout,,,,,,,,,,,,,,,,regular,,
Andris Biedrins,Jamal Crawford,Kelenna Azubuike,Marco Belinelli,Ronny Turiaf,Emeka Okafor,Gerald Wallace,Juwan Howard,Raja Bell,Raymond Felton,3,4:55,CHA,shot,,,,,,,,,,Gerald Wallace,,,,missed,,layup,25,6
Andris Biedrins,Jamal Crawford,Kelenna Azubuike,Marco Belinelli,Ronny Turiaf,Emeka Okafor,Gerald Wallace,Juwan Howard,Raja Bell,Raymond Felton,3,4:53,GSW,rebound,,,,,,,,,,Andris Biedrins,,,,,,def,,
Andris Biedrins,Jamal Crawford,Kelenna Azubuike,Marco Belinelli,Ronny Turiaf,Emeka Okafor,Gerald Wallace,Juwan Howard,Raja Bell,Raymond Felton,3,4:32,GSW,shot,,,,,,,,,,Kelenna Azubuike,,,,missed,,jump,39,22
Andris Biedrins,Jamal Crawford,Kelenna Azubuike,Marco Belinelli,Ronny Turiaf,Emeka Okafor,Gerald Wallace,Juwan Howard,Raja Bell,Raymond Felton,3,4:31,GSW,rebound,,,,,,,,,,Ronny Turiaf,,,,,,off,,
Andris Biedrins,Jamal Crawford,Kelenna Azubuike,Marco Belinelli,Ronny Turiaf,Emeka Okafor,Gerald Wallace,Juwan Howard,Raja Bell,Raymond Felton,3,4:25,GSW,shot,Ronny Turiaf,,,,,,,,,Kelenna Azubuike,3,,,made,,3pt,42,28
Andris Biedrins,Jamal Crawford,Kelenna Azubuike,Marco Belinelli,Ronny Turiaf,Emeka Okafor,Gerald Wallace,Juwan Howard,Raja Bell,Raymond Felton,3,4:06,CHA,shot,,,,,,,,,,Emeka Okafor,,,,missed,,jump,20,15
Andris Biedrins,Jamal Crawford,Kelenna Azubuike,Marco Belinelli,Ronny Turiaf,Emeka Okafor,Gerald Wallace,Juwan Howard,Raja Bell,Raymond Felton,3,4:05,GSW,rebound,,,,,,,,,,Ronny Turiaf,,,,,,def,,
Andris Biedrins,Jamal Crawford,Kelenna Azubuike,Marco Belinelli,Ronny Turiaf,Emeka Okafor,Gerald Wallace,Juwan Howard,Raja Bell,Raymond Felton,3,3:58,CHA,foul,,,,,,,,Andris Biedrins,,Emeka Okafor,,,,,,shooting,,
Andris Biedrins,C.J. Watson,Jamal Crawford,Kelenna Azubuike,Ronny Turiaf,Emeka Okafor,Gerald Wallace,Juwan Howard,Raja Bell,Raymond Felton,3,3:58,GSW,sub,,,,C.J. Watson,,Marco Belinelli,,,,,,,,,,,,
Andris Biedrins,C.J. Watson,Jamal Crawford,Kelenna Azubuike,Ronny Turiaf,Emeka Okafor,Gerald Wallace,Juwan Howard,Raja Bell,Raymond Felton,3,3:58,GSW,free throw,,,,,,,1,,2,Andris Biedrins,,,foul,missed,,,,
Andris Biedrins,C.J. Watson,Jamal Crawford,Kelenna Azubuike,Ronny Turiaf,Emeka Okafor,Gerald Wallace,Juwan Howard,Raja Bell,Raymond Felton,3,3:58,GSW,rebound,,,,,,,,,,,,,,,,,,
Andris Biedrins,C.J. Watson,Jamal Crawford,Kelenna Azubuike,Ronny Turiaf,D.J. Augustin,Emeka Okafor,Gerald Wallace,Raja Bell,Raymond Felton,3,3:58,CHA,sub,,,,D.J. Augustin,,Juwan Howard,,,,,,,,,,,,
Andris Biedrins,C.J. Watson,Jamal Crawford,Kelenna Azubuike,Ronny Turiaf,D.J. Augustin,Emeka Okafor,Gerald Wallace,Raja Bell,Raymond Felton,3,3:58,GSW,free throw,,,,,,,2,,2,Andris Biedrins,,,foul,missed,,,,
Andris Biedrins,C.J. Watson,Jamal Crawford,Kelenna Azubuike,Ronny Turiaf,D.J. Augustin,Emeka Okafor,Gerald Wallace,Raja Bell,Raymond Felton,3,3:56,CHA,rebound,,,,,,,,,,Emeka Okafor,,,,,,def,,
Andris Biedrins,C.J. Watson,Jamal Crawford,Kelenna Azubuike,Ronny Turiaf,D.J. Augustin,Emeka Okafor,Gerald Wallace,Raja Bell,Raymond Felton,3,3:37,CHA,shot,,,,,,,,,,Gerald Wallace,2,,,made,,reverse layup,25,6
Andris Biedrins,C.J. Watson,Jamal Crawford,Kelenna Azubuike,Ronny Turiaf,D.J. Augustin,Emeka Okafor,Gerald Wallace,Raja Bell,Raymond Felton,3,3:20,GSW,shot,,,,,,,,,,Jamal Crawford,,,,missed,,layup,25,6
Andris Biedrins,C.J. Watson,Jamal Crawford,Kelenna Azubuike,Ronny Turiaf,D.J. Augustin,Emeka Okafor,Gerald Wallace,Raja Bell,Raymond Felton,3,3:19,GSW,shot,,,,,,,,,,Andris Biedrins,2,,,made,,layup,25,6
Andris Biedrins,C.J. Watson,Jamal Crawford,Kelenna Azubuike,Ronny Turiaf,D.J. Augustin,Emeka Okafor,Gerald Wallace,Raja Bell,Raymond Felton,3,3:19,GSW,rebound,,,,,,,,,,Andris Biedrins,,,,,,off,,
Andris Biedrins,C.J. Watson,Jamal Crawford,Kelenna Azubuike,Ronny Turiaf,D.J. Augustin,Emeka Okafor,Gerald Wallace,Raja Bell,Raymond Felton,3,3:01,CHA,shot,,,,,,,,,,Raja Bell,,,,missed,,3pt,48,10
Andris Biedrins,C.J. Watson,Jamal Crawford,Kelenna Azubuike,Ronny Turiaf,D.J. Augustin,Emeka Okafor,Gerald Wallace,Raja Bell,Raymond Felton,3,3:00,GSW,rebound,,,,,,,,,,Ronny Turiaf,,,,,,def,,
Andris Biedrins,C.J. Watson,Jamal Crawford,Kelenna Azubuike,Ronny Turiaf,D.J. Augustin,Emeka Okafor,Gerald Wallace,Raja Bell,Raymond Felton,3,2:52,GSW,shot,Jamal Crawford,,,,,,,,,Kelenna Azubuike,3,,,made,,3pt,11,27
Andris Biedrins,C.J. Watson,Jamal Crawford,Kelenna Azubuike,Ronny Turiaf,D.J. Augustin,Emeka Okafor,Gerald Wallace,Raja Bell,Raymond Felton,3,2:34,CHA,shot,,,,,,,,,,Raymond Felton,,,,missed,,jump,11,20
Andris Biedrins,C.J. Watson,Jamal Crawford,Kelenna Azubuike,Ronny Turiaf,D.J. Augustin,Emeka Okafor,Gerald Wallace,Raja Bell,Raymond Felton,3,2:32,GSW,rebound,,,,,,,,,,Andris Biedrins,,,,,,def,,
Andris Biedrins,C.J. Watson,Jamal Crawford,Kelenna Azubuike,Ronny Turiaf,D.J. Augustin,Emeka Okafor,Gerald Wallace,Raja Bell,Raymond Felton,3,2:25,GSW,timeout,,,,,,,,,,,,,,,,regular,,
Andris Biedrins,C.J. Watson,Jamal Crawford,Kelenna Azubuike,Ronny Turiaf,D.J. Augustin,Emeka Okafor,Raja Bell,Raymond Felton,Ryan Hollins,3,2:25,CHA,sub,,,,Ryan Hollins,,Gerald Wallace,,,,,,,,,,,,
Andris Biedrins,C.J. Watson,Jamal Crawford,Kelenna Azubuike,Ronny Turiaf,Boris Diaw,D.J. Augustin,Raja Bell,Raymond Felton,Ryan Hollins,3,2:25,CHA,sub,,,,Boris Diaw,,Emeka Okafor,,,,,,,,,,,,
Andris Biedrins,Anthony Morrow,C.J. Watson,Jamal Crawford,Kelenna Azubuike,Boris Diaw,D.J. Augustin,Raja Bell,Raymond Felton,Ryan Hollins,3,2:25,GSW,sub,,,,Anthony Morrow,,Ronny Turiaf,,,,,,,,,,,,
Andris Biedrins,Anthony Morrow,C.J. Watson,Jamal Crawford,Kelenna Azubuike,Boris Diaw,D.J. Augustin,Raja Bell,Raymond Felton,Ryan Hollins,3,2:23,GSW,turnover,,,,,,,,,,Kelenna Azubuike,,,palming turnover,,,,,
Andris Biedrins,Anthony Morrow,C.J. Watson,Jamal Crawford,Kelenna Azubuike,Boris Diaw,D.J. Augustin,Raja Bell,Raymond Felton,Ryan Hollins,3,2:04,CHA,shot,Raymond Felton,,,,,,,,,D.J. Augustin,3,,,made,,3pt,4,21
Andris Biedrins,Anthony Morrow,C.J. Watson,Jamal Crawford,Kelenna Azubuike,Boris Diaw,D.J. Augustin,Raja Bell,Raymond Felton,Ryan Hollins,3,1:52,GSW,shot,,,,,,,,,,Jamal Crawford,,,,missed,,jump,13,20
Andris Biedrins,Anthony Morrow,C.J. Watson,Jamal Crawford,Kelenna Azubuike,Boris Diaw,D.J. Augustin,Raja Bell,Raymond Felton,Ryan Hollins,3,1:52,GSW,rebound,,,,,,,,,,,,,,,,,,
Andris Biedrins,Anthony Morrow,C.J. Watson,Jamal Crawford,Kelenna Azubuike,Boris Diaw,D.J. Augustin,Raja Bell,Raymond Felton,Ryan Hollins,3,1:52,CHA,foul,,,,,,,,Andris Biedrins,,Ryan Hollins,,,,,,loose ball,,
Andris Biedrins,Anthony Morrow,C.J. Watson,Jamal Crawford,Kelenna Azubuike,Boris Diaw,D.J. Augustin,Raja Bell,Raymond Felton,Ryan Hollins,3,1:42,GSW,shot,Andris Biedrins,,,,,,,,,Jamal Crawford,3,,,made,,3pt,44,23
Andris Biedrins,Anthony Morrow,C.J. Watson,Jamal Crawford,Kelenna Azubuike,Boris Diaw,D.J. Augustin,Raja Bell,Raymond Felton,Ryan Hollins,3,1:29,GSW,foul,,,,,,,,Raymond Felton,,Kelenna Azubuike,,,,,,personal,,
Andris Biedrins,Anthony Morrow,C.J. Watson,Jamal Crawford,Kelenna Azubuike,Boris Diaw,D.J. Augustin,Raja Bell,Raymond Felton,Ryan Hollins,3,1:23,GSW,foul,,,,,,,,Ryan Hollins,,Andris Biedrins,,,,,,shooting,,
Andris Biedrins,Anthony Morrow,C.J. Watson,Jamal Crawford,Kelenna Azubuike,Boris Diaw,D.J. Augustin,Raja Bell,Raymond Felton,Ryan Hollins,3,1:23,CHA,free throw,,,,,,,1,,2,Ryan Hollins,,,foul,made,,,,
Anthony Morrow,C.J. Watson,Jamal Crawford,Kelenna Azubuike,Ronny Turiaf,Boris Diaw,D.J. Augustin,Raja Bell,Raymond Felton,Ryan Hollins,3,1:23,GSW,sub,,,,Ronny Turiaf,,Andris Biedrins,,,,,,,,,,,,
Anthony Morrow,C.J. Watson,Jamal Crawford,Kelenna Azubuike,Ronny Turiaf,Boris Diaw,D.J. Augustin,Raja Bell,Raymond Felton,Ryan Hollins,3,1:23,CHA,free throw,,,,,,,2,,2,Ryan Hollins,,,foul,made,,,,
Anthony Morrow,C.J. Watson,Jamal Crawford,Kelenna Azubuike,Ronny Turiaf,Boris Diaw,D.J. Augustin,Raja Bell,Raymond Felton,Ryan Hollins,3,1:11,CHA,foul,,,,,,,,C.J. Watson,,D.J. Augustin,,,,,,personal,,
Anthony Morrow,C.J. Watson,Jamal Crawford,Kelenna Azubuike,Ronny Turiaf,Boris Diaw,D.J. Augustin,Raja Bell,Raymond Felton,Ryan Hollins,3,1:11,GSW,free throw,,,,,,,1,,2,C.J. Watson,,,foul,made,,,,
Anthony Morrow,C.J. Watson,Jamal Crawford,Kelenna Azubuike,Ronny Turiaf,Boris Diaw,D.J. Augustin,Raja Bell,Raymond Felton,Ryan Hollins,3,1:11,GSW,free throw,,,,,,,2,,2,C.J. Watson,,,foul,made,,,,
Anthony Morrow,C.J. Watson,Jamal Crawford,Kelenna Azubuike,Ronny Turiaf,Boris Diaw,D.J. Augustin,Raja Bell,Raymond Felton,Ryan Hollins,3,0:52,CHA,turnover,,,,,,,,,,Boris Diaw,,,lost ball,,Anthony Morrow,,,
Anthony Morrow,C.J. Watson,Jamal Crawford,Kelenna Azubuike,Ronny Turiaf,Boris Diaw,D.J. Augustin,Raja Bell,Raymond Felton,Ryan Hollins,3,0:44,GSW,shot,,,Ryan Hollins,,,,,,,Kelenna Azubuike,,,,missed,,layup,25,6
Anthony Morrow,C.J. Watson,Jamal Crawford,Kelenna Azubuike,Ronny Turiaf,Boris Diaw,D.J. Augustin,Raja Bell,Raymond Felton,Ryan Hollins,3,0:42,CHA,rebound,,,,,,,,,,Boris Diaw,,,,,,def,,
Anthony Morrow,C.J. Watson,Jamal Crawford,Kelenna Azubuike,Ronny Turiaf,Boris Diaw,D.J. Augustin,Raja Bell,Raymond Felton,Ryan Hollins,3,0:37,CHA,shot,D.J. Augustin,,,,,,,,,Raja Bell,3,,,made,,3pt,45,22
Anthony Morrow,C.J. Watson,Jamal Crawford,Kelenna Azubuike,Ronny Turiaf,Boris Diaw,D.J. Augustin,Raja Bell,Raymond Felton,Ryan Hollins,3,0:26,CHA,foul,,,,,,,,C.J. Watson,,D.J. Augustin,,,,,,shooting,,
Anthony Morrow,C.J. Watson,Jamal Crawford,Kelenna Azubuike,Ronny Turiaf,Boris Diaw,D.J. Augustin,Raja Bell,Raymond Felton,Ryan Hollins,3,0:26,GSW,free throw,,,,,,,1,,2,C.J. Watson,,,foul,missed,,,,
Anthony Morrow,C.J. Watson,Jamal Crawford,Kelenna Azubuike,Ronny Turiaf,Boris Diaw,D.J. Augustin,Raja Bell,Raymond Felton,Ryan Hollins,3,0:26,GSW,rebound,,,,,,,,,,,,,,,,,,
Anthony Morrow,C.J. Watson,DeMarcus Nelson,Kelenna Azubuike,Ronny Turiaf,Boris Diaw,D.J. Augustin,Raja Bell,Raymond Felton,Ryan Hollins,3,0:26,GSW,sub,,,,DeMarcus Nelson,,Jamal Crawford,,,,,,,,,,,,
Anthony Morrow,C.J. Watson,DeMarcus Nelson,Kelenna Azubuike,Ronny Turiaf,Boris Diaw,D.J. Augustin,Raja Bell,Raymond Felton,Ryan Hollins,3,0:26,GSW,free throw,,,,,,,2,,2,C.J. Watson,,,foul,made,,,,
Anthony Morrow,C.J. Watson,DeMarcus Nelson,Kelenna Azubuike,Ronny Turiaf,Boris Diaw,D.J. Augustin,Matt Carroll,Raja Bell,Raymond Felton,3,0:26,CHA,sub,,,,Matt Carroll,,Ryan Hollins,,,,,,,,,,,,
Anthony Morrow,C.J. Watson,DeMarcus Nelson,Kelenna Azubuike,Ronny Turiaf,Boris Diaw,D.J. Augustin,Matt Carroll,Raja Bell,Raymond Felton,3,0:05,CHA,shot,D.J. Augustin,,,,,,,,,Matt Carroll,2,,,made,,jump,35,25
Anthony Morrow,C.J. Watson,DeMarcus Nelson,Kelenna Azubuike,Ronny Turiaf,Boris Diaw,D.J. Augustin,Raja Bell,Raymond Felton,Ryan Hollins,3,0:01,CHA,sub,,,,Ryan Hollins,,Matt Carroll,,,,,,,,,,,,
Anthony Morrow,C.J. Watson,DeMarcus Nelson,Kelenna Azubuike,Ronny Turiaf,Boris Diaw,D.J. Augustin,Raja Bell,Raymond Felton,Ryan Hollins,3,0:00,GSW,shot,,,,,,,,,,Ronny Turiaf,,,,missed,,jump,11,10
Anthony Morrow,C.J. Watson,DeMarcus Nelson,Kelenna Azubuike,Ronny Turiaf,Boris Diaw,D.J. Augustin,Raja Bell,Raymond Felton,Ryan Hollins,3,0:00,GSW,rebound,,,,,,,,,,,,,,,,,,
Anthony Morrow,C.J. Watson,Jamal Crawford,Kelenna Azubuike,Ronny Turiaf,Boris Diaw,D.J. Augustin,Matt Carroll,Raymond Felton,Ryan Hollins,4,11:36,GSW,shot,,,,,,,,,,Jamal Crawford,,,,missed,,jump,31,23
Anthony Morrow,C.J. Watson,Jamal Crawford,Kelenna Azubuike,Ronny Turiaf,Boris Diaw,D.J. Augustin,Matt Carroll,Raymond Felton,Ryan Hollins,4,11:35,CHA,rebound,,,,,,,,,,Boris Diaw,,,,,,def,,
Anthony Morrow,C.J. Watson,Jamal Crawford,Kelenna Azubuike,Ronny Turiaf,Boris Diaw,D.J. Augustin,Matt Carroll,Raymond Felton,Ryan Hollins,4,11:22,CHA,foul,,,,,,,,Jamal Crawford,,Boris Diaw,,,,,,offensive,,
Anthony Morrow,C.J. Watson,Jamal Crawford,Kelenna Azubuike,Ronny Turiaf,Boris Diaw,D.J. Augustin,Matt Carroll,Raymond Felton,Ryan Hollins,4,11:22,CHA,turnover,,,,,,,,,,Boris Diaw,,,foul,,,,,
Anthony Morrow,C.J. Watson,Jamal Crawford,Kelenna Azubuike,Ronny Turiaf,D.J. Augustin,Gerald Wallace,Matt Carroll,Raymond Felton,Ryan Hollins,4,11:22,CHA,sub,,,,Gerald Wallace,,Boris Diaw,,,,,,,,,,,,
Anthony Morrow,C.J. Watson,Jamal Crawford,Kelenna Azubuike,Ronny Turiaf,D.J. Augustin,Gerald Wallace,Matt Carroll,Raymond Felton,Ryan Hollins,4,11:06,GSW,turnover,,,,,,,,,,Ronny Turiaf,,,out of bounds lost ball turnover,,,,,
Anthony Morrow,C.J. Watson,Jamal Crawford,Kelenna Azubuike,Ronny Turiaf,D.J. Augustin,Gerald Wallace,Matt Carroll,Raymond Felton,Ryan Hollins,4,10:50,CHA,shot,,,Jamal Crawford,,,,,,,Raymond Felton,,,,missed,,layup,25,6
Anthony Morrow,C.J. Watson,Jamal Crawford,Kelenna Azubuike,Ronny Turiaf,D.J. Augustin,Gerald Wallace,Matt Carroll,Raymond Felton,Ryan Hollins,4,10:50,CHA,rebound,,,,,,,,,,,,,,,,,,
C.J. Watson,Jamal Crawford,Kelenna Azubuike,Marco Belinelli,Ronny Turiaf,D.J. Augustin,Gerald Wallace,Matt Carroll,Raymond Felton,Ryan Hollins,4,10:50,GSW,sub,,,,Marco Belinelli,,Anthony Morrow,,,,,,,,,,,,
C.J. Watson,Jamal Crawford,Kelenna Azubuike,Marco Belinelli,Ronny Turiaf,D.J. Augustin,Gerald Wallace,Matt Carroll,Raymond Felton,Ryan Hollins,4,10:45,CHA,foul,,,,,,,,C.J. Watson,,D.J. Augustin,,,,,,offensive,,
C.J. Watson,Jamal Crawford,Kelenna Azubuike,Marco Belinelli,Ronny Turiaf,D.J. Augustin,Gerald Wallace,Matt Carroll,Raymond Felton,Ryan Hollins,4,10:45,CHA,turnover,,,,,,,,,,D.J. Augustin,,,foul,,,,,
C.J. Watson,Jamal Crawford,Kelenna Azubuike,Marco Belinelli,Ronny Turiaf,D.J. Augustin,Gerald Wallace,Matt Carroll,Raymond Felton,Ryan Hollins,4,10:23,GSW,shot,,,,,,,,,,Marco Belinelli,,,,missed,,jump,22,25
C.J. Watson,Jamal Crawford,Kelenna Azubuike,Marco Belinelli,Ronny Turiaf,D.J. Augustin,Gerald Wallace,Matt Carroll,Raymond Felton,Ryan Hollins,4,10:19,GSW,shot,,,Ryan Hollins,,,,,,,C.J. Watson,,,,missed,,layup,25,6
C.J. Watson,Jamal Crawford,Kelenna Azubuike,Marco Belinelli,Ronny Turiaf,D.J. Augustin,Gerald Wallace,Matt Carroll,Raymond Felton,Ryan Hollins,4,10:19,GSW,rebound,,,,,,,,,,C.J. Watson,,,,,,off,,
C.J. Watson,Jamal Crawford,Kelenna Azubuike,Marco Belinelli,Ronny Turiaf,D.J. Augustin,Gerald Wallace,Matt Carroll,Raymond Felton,Ryan Hollins,4,10:17,CHA,rebound,,,,,,,,,,Ryan Hollins,,,,,,def,,
C.J. Watson,Jamal Crawford,Kelenna Azubuike,Marco Belinelli,Ronny Turiaf,D.J. Augustin,Gerald Wallace,Matt Carroll,Raymond Felton,Ryan Hollins,4,10:12,CHA,turnover,,,,,,,,,,D.J. Augustin,,,bad pass,,Marco Belinelli,,,
C.J. Watson,Jamal Crawford,Kelenna Azubuike,Marco Belinelli,Ronny Turiaf,D.J. Augustin,Gerald Wallace,Matt Carroll,Raymond Felton,Ryan Hollins,4,9:56,GSW,turnover,,,,,,,,,,Kelenna Azubuike,,,traveling,,,,,
C.J. Watson,Jamal Crawford,Kelenna Azubuike,Marco Belinelli,Ronny Turiaf,D.J. Augustin,Gerald Wallace,Matt Carroll,Raymond Felton,Ryan Hollins,4,9:43,GSW,foul,,,,,,,,Gerald Wallace,,Jamal Crawford,,,,,,personal,,
C.J. Watson,Jamal Crawford,Kelenna Azubuike,Marco Belinelli,Ronny Turiaf,D.J. Augustin,Gerald Wallace,Matt Carroll,Raymond Felton,Ryan Hollins,4,9:38,CHA,shot,Gerald Wallace,,,,,,,,,Matt Carroll,2,,,made,,jump,44,11
C.J. Watson,Jamal Crawford,Kelenna Azubuike,Marco Belinelli,Ronny Turiaf,D.J. Augustin,Gerald Wallace,Matt Carroll,Raymond Felton,Ryan Hollins,4,9:20,GSW,foul,,,,,,,,Ryan Hollins,,Ronny Turiaf,,,,,,offensive,,
C.J. Watson,Jamal Crawford,Kelenna Azubuike,Marco Belinelli,Ronny Turiaf,D.J. Augustin,Gerald Wallace,Matt Carroll,Raymond Felton,Ryan Hollins,4,9:20,GSW,turnover,,,,,,,,,,Ronny Turiaf,,,foul,,,,,
Andris Biedrins,C.J. Watson,Jamal Crawford,Kelenna Azubuike,Marco Belinelli,D.J. Augustin,Gerald Wallace,Matt Carroll,Raymond Felton,Ryan Hollins,4,9:20,GSW,sub,,,,Andris Biedrins,,Ronny Turiaf,,,,,,,,,,,,
Andris Biedrins,C.J. Watson,Jamal Crawford,Kelenna Azubuike,Marco Belinelli,D.J. Augustin,Gerald Wallace,Matt Carroll,Raymond Felton,Ryan Hollins,4,9:01,CHA,turnover,,,,,,,,,,Ryan Hollins,,,3 second violation,,,,,
Andris Biedrins,C.J. Watson,Jamal Crawford,Kelenna Azubuike,Marco Belinelli,D.J. Augustin,Gerald Wallace,Matt Carroll,Raymond Felton,Ryan Hollins,4,8:43,GSW,shot,,,,,,,,,,Kelenna Azubuike,,,,missed,,jump,23,16
Andris Biedrins,C.J. Watson,Jamal Crawford,Kelenna Azubuike,Marco Belinelli,D.J. Augustin,Gerald Wallace,Matt Carroll,Raymond Felton,Ryan Hollins,4,8:40,GSW,rebound,,,,,,,,,,C.J. Watson,,,,,,off,,
Andris Biedrins,C.J. Watson,Jamal Crawford,Kelenna Azubuike,Marco Belinelli,D.J. Augustin,Gerald Wallace,Matt Carroll,Raymond Felton,Ryan Hollins,4,8:29,GSW,shot,C.J. Watson,,,,,,,,,Marco Belinelli,3,,,made,,3pt,40,26
Andris Biedrins,C.J. Watson,Jamal Crawford,Kelenna Azubuike,Marco Belinelli,D.J. Augustin,Gerald Wallace,Matt Carroll,Raymond Felton,Ryan Hollins,4,8:11,GSW,foul,,,,,,,,Raymond Felton,,Andris Biedrins,,,,,,personal,,
Andris Biedrins,C.J. Watson,Jamal Crawford,Kelenna Azubuike,Marco Belinelli,D.J. Augustin,Gerald Wallace,Matt Carroll,Raymond Felton,Ryan Hollins,4,8:11,OFF,timeout,,,,,,,,,,,,,,,,official,,
Andris Biedrins,C.J. Watson,Jamal Crawford,Kelenna Azubuike,Marco Belinelli,D.J. Augustin,Emeka Okafor,Gerald Wallace,Matt Carroll,Raymond Felton,4,8:11,CHA,sub,,,,Emeka Okafor,,Ryan Hollins,,,,,,,,,,,,
Andris Biedrins,C.J. Watson,Jamal Crawford,Kelenna Azubuike,Marco Belinelli,D.J. Augustin,Emeka Okafor,Gerald Wallace,Matt Carroll,Raymond Felton,4,8:03,CHA,shot,,,,,,,,,,Matt Carroll,,,,missed,,3pt,7,24
Andris Biedrins,C.J. Watson,Jamal Crawford,Kelenna Azubuike,Marco Belinelli,D.J. Augustin,Emeka Okafor,Gerald Wallace,Matt Carroll,Raymond Felton,4,8:01,GSW,rebound,,,,,,,,,,Kelenna Azubuike,,,,,,def,,
Andris Biedrins,C.J. Watson,Jamal Crawford,Kelenna Azubuike,Marco Belinelli,D.J. Augustin,Emeka Okafor,Gerald Wallace,Matt Carroll,Raymond Felton,4,7:44,GSW,shot,,,Emeka Okafor,,,,,,,Andris Biedrins,,,,missed,,layup,25,6
Andris Biedrins,C.J. Watson,Jamal Crawford,Kelenna Azubuike,Marco Belinelli,D.J. Augustin,Emeka Okafor,Gerald Wallace,Matt Carroll,Raymond Felton,4,7:42,CHA,rebound,,,,,,,,,,Emeka Okafor,,,,,,def,,
Andris Biedrins,C.J. Watson,Jamal Crawford,Kelenna Azubuike,Marco Belinelli,D.J. Augustin,Emeka Okafor,Gerald Wallace,Matt Carroll,Raymond Felton,4,7:37,CHA,shot,,,,,,,,,,Gerald Wallace,,,,missed,,layup,25,6
Andris Biedrins,C.J. Watson,Jamal Crawford,Kelenna Azubuike,Marco Belinelli,D.J. Augustin,Emeka Okafor,Gerald Wallace,Matt Carroll,Raymond Felton,4,7:35,GSW,rebound,,,,,,,,,,Jamal Crawford,,,,,,def,,
Andris Biedrins,C.J. Watson,Jamal Crawford,Kelenna Azubuike,Marco Belinelli,D.J. Augustin,Emeka Okafor,Gerald Wallace,Matt Carroll,Raymond Felton,4,7:21,GSW,turnover,,,,,,,,,,Jamal Crawford,,,bad pass,,Matt Carroll,,,
Andris Biedrins,C.J. Watson,Jamal Crawford,Kelenna Azubuike,Marco Belinelli,D.J. Augustin,Emeka Okafor,Gerald Wallace,Matt Carroll,Raymond Felton,4,7:16,CHA,shot,Raymond Felton,,,,,,,,,Gerald Wallace,2,,,made,,alley oop dunk,25,6
Andris Biedrins,C.J. Watson,Jamal Crawford,Kelenna Azubuike,Marco Belinelli,D.J. Augustin,Emeka Okafor,Gerald Wallace,Matt Carroll,Raymond Felton,4,7:16,GSW,timeout,,,,,,,,,,,,,,,,regular,,
C.J. Watson,Jamal Crawford,Kelenna Azubuike,Marco Belinelli,Ronny Turiaf,D.J. Augustin,Emeka Okafor,Gerald Wallace,Matt Carroll,Raymond Felton,4,7:16,GSW,sub,,,,Ronny Turiaf,,Andris Biedrins,,,,,,,,,,,,
C.J. Watson,Jamal Crawford,Kelenna Azubuike,Marco Belinelli,Ronny Turiaf,D.J. Augustin,Emeka Okafor,Gerald Wallace,Matt Carroll,Raymond Felton,4,7:01,GSW,shot,,,,,,,,,,Jamal Crawford,,,,missed,,jump,12,19
C.J. Watson,Jamal Crawford,Kelenna Azubuike,Marco Belinelli,Ronny Turiaf,D.J. Augustin,Emeka Okafor,Gerald Wallace,Matt Carroll,Raymond Felton,4,7:00,CHA,rebound,,,,,,,,,,Gerald Wallace,,,,,,def,,
C.J. Watson,Jamal Crawford,Kelenna Azubuike,Marco Belinelli,Ronny Turiaf,D.J. Augustin,Emeka Okafor,Gerald Wallace,Matt Carroll,Raymond Felton,4,6:50,CHA,shot,,,,,,,,,,Raymond Felton,,,,missed,,reverse layup,25,6
C.J. Watson,Jamal Crawford,Kelenna Azubuike,Marco Belinelli,Ronny Turiaf,D.J. Augustin,Emeka Okafor,Gerald Wallace,Matt Carroll,Raymond Felton,4,6:48,CHA,shot,,,,,,,,,,Emeka Okafor,2,,,made,,putback layup,25,6
C.J. Watson,Jamal Crawford,Kelenna Azubuike,Marco Belinelli,Ronny Turiaf,D.J. Augustin,Emeka Okafor,Gerald Wallace,Matt Carroll,Raymond Felton,4,6:48,CHA,rebound,,,,,,,,,,Emeka Okafor,,,,,,off,,
C.J. Watson,Jamal Crawford,Kelenna Azubuike,Marco Belinelli,Ronny Turiaf,D.J. Augustin,Emeka Okafor,Gerald Wallace,Matt Carroll,Raymond Felton,4,6:32,CHA,foul,,,,,,,,Kelenna Azubuike,,Emeka Okafor,,,,,,personal,,
C.J. Watson,Jamal Crawford,Kelenna Azubuike,Marco Belinelli,Ronny Turiaf,D.J. Augustin,Emeka Okafor,Gerald Wallace,Matt Carroll,Raymond Felton,4,6:23,GSW,shot,,,,,,,,,,Kelenna Azubuike,2,,,made,,driving layup,25,6
C.J. Watson,Jamal Crawford,Kelenna Azubuike,Marco Belinelli,Ronny Turiaf,D.J. Augustin,Emeka Okafor,Gerald Wallace,Matt Carroll,Raymond Felton,4,6:23,CHA,foul,,,,,,,,Kelenna Azubuike,,Gerald Wallace,,,,,,shooting,,
C.J. Watson,Jamal Crawford,Kelenna Azubuike,Marco Belinelli,Ronny Turiaf,D.J. Augustin,Emeka Okafor,Gerald Wallace,Matt Carroll,Raymond Felton,4,6:23,GSW,free throw,,,,,,,1,,1,Kelenna Azubuike,,,foul,made,,,,
C.J. Watson,Jamal Crawford,Kelenna Azubuike,Marco Belinelli,Ronny Turiaf,D.J. Augustin,Emeka Okafor,Gerald Wallace,Matt Carroll,Raymond Felton,4,6:06,CHA,shot,,,Ronny Turiaf,,,,,,,Gerald Wallace,,,,missed,,layup,25,6
C.J. Watson,Jamal Crawford,Kelenna Azubuike,Marco Belinelli,Ronny Turiaf,D.J. Augustin,Emeka Okafor,Gerald Wallace,Matt Carroll,Raymond Felton,4,6:03,GSW,rebound,,,,,,,,,,Kelenna Azubuike,,,,,,def,,
C.J. Watson,Jamal Crawford,Kelenna Azubuike,Marco Belinelli,Ronny Turiaf,D.J. Augustin,Emeka Okafor,Gerald Wallace,Matt Carroll,Raymond Felton,4,5:59,GSW,shot,,,,,,,,,,Jamal Crawford,,,,missed,,3pt,46,20
C.J. Watson,Jamal Crawford,Kelenna Azubuike,Marco Belinelli,Ronny Turiaf,D.J. Augustin,Emeka Okafor,Gerald Wallace,Matt Carroll,Raymond Felton,4,5:59,GSW,rebound,,,,,,,,,,Kelenna Azubuike,,,,,,off,,
C.J. Watson,Jamal Crawford,Kelenna Azubuike,Marco Belinelli,Ronny Turiaf,D.J. Augustin,Emeka Okafor,Gerald Wallace,Matt Carroll,Raymond Felton,4,5:59,CHA,foul,,,,,,,,Kelenna Azubuike,,Matt Carroll,,,,,,personal,,
C.J. Watson,Jamal Crawford,Kelenna Azubuike,Marco Belinelli,Ronny Turiaf,Emeka Okafor,Gerald Wallace,Matt Carroll,Raja Bell,Raymond Felton,4,5:59,CHA,sub,,,,Raja Bell,,D.J. Augustin,,,,,,,,,,,,
C.J. Watson,Jamal Crawford,Kelenna Azubuike,Marco Belinelli,Ronny Turiaf,Boris Diaw,Emeka Okafor,Gerald Wallace,Raja Bell,Raymond Felton,4,5:59,CHA,sub,,,,Boris Diaw,,Matt Carroll,,,,,,,,,,,,
C.J. Watson,Jamal Crawford,Kelenna Azubuike,Marco Belinelli,Ronny Turiaf,Boris Diaw,Emeka Okafor,Gerald Wallace,Raja Bell,Raymond Felton,4,5:46,GSW,shot,,,,,,,,,,Ronny Turiaf,2,,,made,,turnaround jump,18,10
C.J. Watson,Jamal Crawford,Kelenna Azubuike,Marco Belinelli,Ronny Turiaf,Boris Diaw,Emeka Okafor,Gerald Wallace,Raja Bell,Raymond Felton,4,5:32,CHA,turnover,,,,,,,,,,Raymond Felton,,,bad pass,,,,,
C.J. Watson,Jamal Crawford,Kelenna Azubuike,Marco Belinelli,Ronny Turiaf,Boris Diaw,Emeka Okafor,Gerald Wallace,Raja Bell,Raymond Felton,4,5:16,GSW,shot,,,,,,,,,,Marco Belinelli,,,,missed,,3pt,42,24
C.J. Watson,Jamal Crawford,Kelenna Azubuike,Marco Belinelli,Ronny Turiaf,Boris Diaw,Emeka Okafor,Gerald Wallace,Raja Bell,Raymond Felton,4,5:14,CHA,rebound,,,,,,,,,,Gerald Wallace,,,,,,def,,
C.J. Watson,Jamal Crawford,Kelenna Azubuike,Marco Belinelli,Ronny Turiaf,Boris Diaw,Emeka Okafor,Gerald Wallace,Raja Bell,Raymond Felton,4,4:51,CHA,shot,Boris Diaw,,,,,,,,,Raymond Felton,3,,,made,,3pt,10,28
C.J. Watson,Jamal Crawford,Kelenna Azubuike,Marco Belinelli,Ronny Turiaf,Boris Diaw,Emeka Okafor,Gerald Wallace,Raja Bell,Raymond Felton,4,4:34,GSW,foul,,,,,,,,Gerald Wallace,,Ronny Turiaf,,,,,,offensive,,
C.J. Watson,Jamal Crawford,Kelenna Azubuike,Marco Belinelli,Ronny Turiaf,Boris Diaw,Emeka Okafor,Gerald Wallace,Raja Bell,Raymond Felton,4,4:34,GSW,turnover,,,,,,,,,,Ronny Turiaf,,,foul,,,,,
C.J. Watson,Jamal Crawford,Kelenna Azubuike,Marco Belinelli,Ronny Turiaf,Boris Diaw,Emeka Okafor,Gerald Wallace,Raja Bell,Raymond Felton,4,4:34,CHA,timeout,,,,,,,,,,,,,,,,regular,,
Andris Biedrins,C.J. Watson,Jamal Crawford,Kelenna Azubuike,Ronny Turiaf,Boris Diaw,Emeka Okafor,Gerald Wallace,Raja Bell,Raymond Felton,4,4:34,GSW,sub,,,,Andris Biedrins,,Marco Belinelli,,,,,,,,,,,,
Andris Biedrins,C.J. Watson,Jamal Crawford,Kelenna Azubuike,Ronny Turiaf,Boris Diaw,Emeka Okafor,Gerald Wallace,Raja Bell,Raymond Felton,4,4:23,CHA,shot,,,,,,,,,,Raymond Felton,,,,missed,,layup,25,6
Andris Biedrins,C.J. Watson,Jamal Crawford,Kelenna Azubuike,Ronny Turiaf,Boris Diaw,Emeka Okafor,Gerald Wallace,Raja Bell,Raymond Felton,4,4:22,GSW,rebound,,,,,,,,,,Andris Biedrins,,,,,,def,,
Andris Biedrins,C.J. Watson,Jamal Crawford,Kelenna Azubuike,Ronny Turiaf,Boris Diaw,Emeka Okafor,Gerald Wallace,Raja Bell,Raymond Felton,4,4:08,GSW,shot,Ronny Turiaf,,,,,,,,,Jamal Crawford,3,,,made,,3pt,2,16
Andris Biedrins,C.J. Watson,Jamal Crawford,Kelenna Azubuike,Ronny Turiaf,Boris Diaw,Emeka Okafor,Gerald Wallace,Raja Bell,Raymond Felton,4,4:01,CHA,shot,,,,,,,,,,Raja Bell,,,,missed,,jump,6,10
Andris Biedrins,C.J. Watson,Jamal Crawford,Kelenna Azubuike,Ronny Turiaf,Boris Diaw,Emeka Okafor,Gerald Wallace,Raja Bell,Raymond Felton,4,3:59,GSW,rebound,,,,,,,,,,Kelenna Azubuike,,,,,,def,,
Andris Biedrins,C.J. Watson,Jamal Crawford,Kelenna Azubuike,Ronny Turiaf,Boris Diaw,Emeka Okafor,Gerald Wallace,Raja Bell,Raymond Felton,4,3:45,GSW,shot,,,,,,,,,,Kelenna Azubuike,,,,missed,,3pt,35,30
Andris Biedrins,C.J. Watson,Jamal Crawford,Kelenna Azubuike,Ronny Turiaf,Boris Diaw,Emeka Okafor,Gerald Wallace,Raja Bell,Raymond Felton,4,3:44,CHA,rebound,,,,,,,,,,Raja Bell,,,,,,def,,
Andris Biedrins,C.J. Watson,Jamal Crawford,Kelenna Azubuike,Ronny Turiaf,Boris Diaw,Emeka Okafor,Gerald Wallace,Raja Bell,Raymond Felton,4,3:33,CHA,shot,Raymond Felton,,,,,,,,,Gerald Wallace,3,,,made,,3pt,48,14
Andris Biedrins,C.J. Watson,Jamal Crawford,Kelenna Azubuike,Ronny Turiaf,Boris Diaw,Emeka Okafor,Gerald Wallace,Raja Bell,Raymond Felton,4,3:20,CHA,foul,,,,,,,,Jamal Crawford,,Raja Bell,,,,,,shooting,,
Andris Biedrins,Jamal Crawford,Kelenna Azubuike,Marco Belinelli,Ronny Turiaf,Boris Diaw,Emeka Okafor,Gerald Wallace,Raja Bell,Raymond Felton,4,3:20,GSW,sub,,,,Marco Belinelli,,C.J. Watson,,,,,,,,,,,,
Andris Biedrins,Jamal Crawford,Kelenna Azubuike,Marco Belinelli,Ronny Turiaf,Boris Diaw,Emeka Okafor,Gerald Wallace,Raja Bell,Raymond Felton,4,3:20,GSW,free throw,,,,,,,1,,2,Jamal Crawford,,,foul,made,,,,
Andris Biedrins,Jamal Crawford,Kelenna Azubuike,Marco Belinelli,Ronny Turiaf,Boris Diaw,Emeka Okafor,Gerald Wallace,Raja Bell,Raymond Felton,4,3:20,GSW,free throw,,,,,,,2,,2,Jamal Crawford,,,foul,made,,,,
Andris Biedrins,Jamal Crawford,Kelenna Azubuike,Marco Belinelli,Ronny Turiaf,Boris Diaw,Emeka Okafor,Gerald Wallace,Raja Bell,Raymond Felton,4,3:05,CHA,shot,,,,,,,,,,Gerald Wallace,,,,missed,,3pt,48,9
Andris Biedrins,Jamal Crawford,Kelenna Azubuike,Marco Belinelli,Ronny Turiaf,Boris Diaw,Emeka Okafor,Gerald Wallace,Raja Bell,Raymond Felton,4,3:04,GSW,rebound,,,,,,,,,,Kelenna Azubuike,,,,,,def,,
Andris Biedrins,Jamal Crawford,Kelenna Azubuike,Marco Belinelli,Ronny Turiaf,Boris Diaw,Emeka Okafor,Gerald Wallace,Raja Bell,Raymond Felton,4,2:52,GSW,shot,,,,,,,,,,Jamal Crawford,2,,,made,,pullup jump,38,16
Andris Biedrins,Jamal Crawford,Kelenna Azubuike,Marco Belinelli,Ronny Turiaf,Boris Diaw,Emeka Okafor,Gerald Wallace,Raja Bell,Raymond Felton,4,2:51,CHA,timeout,,,,,,,,,,,,,,,,regular,,
Andris Biedrins,Jamal Crawford,Kelenna Azubuike,Marco Belinelli,Ronny Turiaf,Boris Diaw,Emeka Okafor,Gerald Wallace,Raja Bell,Raymond Felton,4,2:41,CHA,shot,,,,,,,,,,Raymond Felton,2,,,made,,jump,23,23
Andris Biedrins,Jamal Crawford,Kelenna Azubuike,Marco Belinelli,Ronny Turiaf,Boris Diaw,Emeka Okafor,Gerald Wallace,Raja Bell,Raymond Felton,4,2:29,GSW,shot,,,,,,,,,,Kelenna Azubuike,,,,missed,,3pt,49,10
Andris Biedrins,Jamal Crawford,Kelenna Azubuike,Marco Belinelli,Ronny Turiaf,Boris Diaw,Emeka Okafor,Gerald Wallace,Raja Bell,Raymond Felton,4,2:28,CHA,rebound,,,,,,,,,,Raymond Felton,,,,,,def,,
Andris Biedrins,Jamal Crawford,Kelenna Azubuike,Marco Belinelli,Ronny Turiaf,Boris Diaw,Emeka Okafor,Gerald Wallace,Raja Bell,Raymond Felton,4,2:20,CHA,shot,,,,,,,,,,Raymond Felton,2,,,made,,driving layup,25,6
Andris Biedrins,Jamal Crawford,Kelenna Azubuike,Marco Belinelli,Ronny Turiaf,Boris Diaw,Emeka Okafor,Gerald Wallace,Raja Bell,Raymond Felton,4,2:20,GSW,foul,,,,,,,,Raymond Felton,,Ronny Turiaf,,,,,,shooting,,
Andris Biedrins,Jamal Crawford,Kelenna Azubuike,Marco Belinelli,Ronny Turiaf,Boris Diaw,Emeka Okafor,Gerald Wallace,Raja Bell,Raymond Felton,4,2:20,CHA,free throw,,,,,,,1,,1,Raymond Felton,,,foul,missed,,,,
Andris Biedrins,Jamal Crawford,Kelenna Azubuike,Marco Belinelli,Ronny Turiaf,Boris Diaw,Emeka Okafor,Gerald Wallace,Raja Bell,Raymond Felton,4,2:17,GSW,rebound,,,,,,,,,,Ronny Turiaf,,,,,,def,,
Andris Biedrins,Jamal Crawford,Kelenna Azubuike,Marco Belinelli,Ronny Turiaf,Boris Diaw,Emeka Okafor,Gerald Wallace,Raja Bell,Raymond Felton,4,2:03,GSW,shot,,,,,,,,,,Jamal Crawford,2,,,made,,jump,25,23
Andris Biedrins,Jamal Crawford,Kelenna Azubuike,Marco Belinelli,Ronny Turiaf,Boris Diaw,Emeka Okafor,Gerald Wallace,Raja Bell,Raymond Felton,4,1:49,CHA,shot,,,,,,,,,,Raymond Felton,,,,missed,,layup,25,6
Andris Biedrins,Jamal Crawford,Kelenna Azubuike,Marco Belinelli,Ronny Turiaf,Boris Diaw,Emeka Okafor,Gerald Wallace,Raja Bell,Raymond Felton,4,1:48,GSW,rebound,,,,,,,,,,Ronny Turiaf,,,,,,def,,
Andris Biedrins,Jamal Crawford,Kelenna Azubuike,Marco Belinelli,Ronny Turiaf,Boris Diaw,Emeka Okafor,Gerald Wallace,Raja Bell,Raymond Felton,4,1:33,GSW,shot,,,,,,,,,,Jamal Crawford,,,,missed,,3pt,45,23
Andris Biedrins,Jamal Crawford,Kelenna Azubuike,Marco Belinelli,Ronny Turiaf,Boris Diaw,Emeka Okafor,Gerald Wallace,Raja Bell,Raymond Felton,4,1:31,CHA,rebound,,,,,,,,,,Raja Bell,,,,,,def,,
Andris Biedrins,Jamal Crawford,Kelenna Azubuike,Marco Belinelli,Ronny Turiaf,Boris Diaw,Emeka Okafor,Gerald Wallace,Raja Bell,Raymond Felton,4,1:24,CHA,shot,Raymond Felton,,,,,,,,,Boris Diaw,3,,,made,,3pt,40,26
Andris Biedrins,Jamal Crawford,Kelenna Azubuike,Marco Belinelli,Ronny Turiaf,Boris Diaw,Emeka Okafor,Gerald Wallace,Raja Bell,Raymond Felton,4,1:10,CHA,foul,,,,,,,,Jamal Crawford,,Raymond Felton,,,,,,personal,,
Andris Biedrins,Jamal Crawford,Kelenna Azubuike,Marco Belinelli,Ronny Turiaf,Boris Diaw,Emeka Okafor,Gerald Wallace,Raja Bell,Raymond Felton,4,1:10,GSW,free throw,,,,,,,1,,2,Jamal Crawford,,,foul,made,,,,
Andris Biedrins,Jamal Crawford,Kelenna Azubuike,Marco Belinelli,Ronny Turiaf,Boris Diaw,Emeka Okafor,Gerald Wallace,Raja Bell,Raymond Felton,4,1:10,GSW,free throw,,,,,,,2,,2,Jamal Crawford,,,foul,made,,,,
Andris Biedrins,Jamal Crawford,Kelenna Azubuike,Marco Belinelli,Ronny Turiaf,Boris Diaw,Emeka Okafor,Gerald Wallace,Raja Bell,Raymond Felton,4,0:56,CHA,shot,Gerald Wallace,,,,,,,,,Raja Bell,3,,,made,,3pt,34,30
Andris Biedrins,Jamal Crawford,Kelenna Azubuike,Marco Belinelli,Ronny Turiaf,Boris Diaw,Emeka Okafor,Gerald Wallace,Raja Bell,Raymond Felton,4,0:36,GSW,shot,,,,,,,,,,Kelenna Azubuike,,,,missed,,layup,25,6
Andris Biedrins,Jamal Crawford,Kelenna Azubuike,Marco Belinelli,Ronny Turiaf,Boris Diaw,Emeka Okafor,Gerald Wallace,Raja Bell,Raymond Felton,4,0:35,CHA,rebound,,,,,,,,,,Emeka Okafor,,,,,,def,,
Andris Biedrins,Jamal Crawford,Kelenna Azubuike,Marco Belinelli,Ronny Turiaf,Boris Diaw,Emeka Okafor,Gerald Wallace,Raja Bell,Raymond Felton,4,0:33,GSW,foul,,,,,,,,Raymond Felton,,Jamal Crawford,,,,,,personal,,
Andris Biedrins,Jamal Crawford,Kelenna Azubuike,Marco Belinelli,Ronny Turiaf,Boris Diaw,Emeka Okafor,Gerald Wallace,Raja Bell,Raymond Felton,4,0:33,CHA,timeout,,,,,,,,,,,,,,,,short,,
Andris Biedrins,DeMarcus Nelson,Jamal Crawford,Kelenna Azubuike,Marco Belinelli,Boris Diaw,Emeka Okafor,Gerald Wallace,Raja Bell,Raymond Felton,4,0:33,GSW,sub,,,,DeMarcus Nelson,,Ronny Turiaf,,,,,,,,,,,,
Andris Biedrins,DeMarcus Nelson,Jamal Crawford,Kelenna Azubuike,Marco Belinelli,Boris Diaw,Emeka Okafor,Gerald Wallace,Raja Bell,Raymond Felton,4,0:28,GSW,foul,,,,,,,,Emeka Okafor,,Andris Biedrins,,,,,,shooting,,
DeMarcus Nelson,Jamal Crawford,Kelenna Azubuike,Marco Belinelli,Ronny Turiaf,Boris Diaw,Emeka Okafor,Gerald Wallace,Raja Bell,Raymond Felton,4,0:28,GSW,sub,,,,Ronny Turiaf,,Andris Biedrins,,,,,,,,,,,,
DeMarcus Nelson,Jamal Crawford,Kelenna Azubuike,Marco Belinelli,Ronny Turiaf,Emeka Okafor,Gerald Wallace,Raja Bell,Raymond Felton,Sean Singletary,4,0:28,CHA,sub,,,,Sean Singletary,,Boris Diaw,,,,,,,,,,,,
Jamal Crawford,Kelenna Azubuike,Marco Belinelli,Rob Kurz,Ronny Turiaf,Emeka Okafor,Gerald Wallace,Raja Bell,Raymond Felton,Sean Singletary,4,0:28,GSW,sub,,,,Rob Kurz,,DeMarcus Nelson,,,,,,,,,,,,
Jamal Crawford,Kelenna Azubuike,Marco Belinelli,Rob Kurz,Ronny Turiaf,Emeka Okafor,Gerald Wallace,Raja Bell,Raymond Felton,Sean Singletary,4,0:28,CHA,free throw,,,,,,,1,,2,Emeka Okafor,,,foul,missed,,,,
Jamal Crawford,Kelenna Azubuike,Marco Belinelli,Rob Kurz,Ronny Turiaf,Emeka Okafor,Gerald Wallace,Raja Bell,Raymond Felton,Sean Singletary,4,0:28,CHA,rebound,,,,,,,,,,,,,,,,,,
Jamal Crawford,Kelenna Azubuike,Marco Belinelli,Rob Kurz,Ronny Turiaf,Emeka Okafor,Gerald Wallace,Raja Bell,Raymond Felton,Sean Singletary,4,0:28,CHA,free throw,,,,,,,2,,2,Emeka Okafor,,,foul,missed,,,,
Jamal Crawford,Kelenna Azubuike,Marco Belinelli,Rob Kurz,Ronny Turiaf,Emeka Okafor,Gerald Wallace,Raja Bell,Raymond Felton,Sean Singletary,4,0:28,GSW,rebound,,,,,,,,,,,,,,,,,,
Jamal Crawford,Kelenna Azubuike,Marco Belinelli,Rob Kurz,Ronny Turiaf,Emeka Okafor,Gerald Wallace,Raja Bell,Raymond Felton,Sean Singletary,4,0:28,GSW,timeout,,,,,,,,,,,,,,,,short,,
Jamal Crawford,Kelenna Azubuike,Marco Belinelli,Rob Kurz,Ronny Turiaf,Emeka Okafor,Gerald Wallace,Raja Bell,Raymond Felton,Sean Singletary,4,0:26,CHA,foul,,,,,,,,Jamal Crawford,,Raymond Felton,,,,,,personal,,
Jamal Crawford,Kelenna Azubuike,Marco Belinelli,Rob Kurz,Ronny Turiaf,Emeka Okafor,Gerald Wallace,Raja Bell,Raymond Felton,Sean Singletary,4,0:26,GSW,free throw,,,,,,,1,,2,Jamal Crawford,,,foul,made,,,,
Jamal Crawford,Kelenna Azubuike,Marco Belinelli,Rob Kurz,Ronny Turiaf,Boris Diaw,Gerald Wallace,Raja Bell,Raymond Felton,Sean Singletary,4,0:26,CHA,sub,,,,Boris Diaw,,Emeka Okafor,,,,,,,,,,,,
DeMarcus Nelson,Jamal Crawford,Kelenna Azubuike,Marco Belinelli,Ronny Turiaf,Boris Diaw,Gerald Wallace,Raja Bell,Raymond Felton,Sean Singletary,4,0:26,GSW,sub,,,,DeMarcus Nelson,,Rob Kurz,,,,,,,,,,,,
DeMarcus Nelson,Jamal Crawford,Kelenna Azubuike,Marco Belinelli,Ronny Turiaf,Boris Diaw,Gerald Wallace,Raja Bell,Raymond Felton,Sean Singletary,4,0:26,GSW,free throw,,,,,,,2,,2,Jamal Crawford,,,foul,made,,,,
DeMarcus Nelson,Jamal Crawford,Kelenna Azubuike,Marco Belinelli,Ronny Turiaf,Boris Diaw,Gerald Wallace,Raja Bell,Raymond Felton,Sean Singletary,4,0:16,CHA,shot,,,,,,,,,,Raymond Felton,,,,missed,,3pt,7,24
DeMarcus Nelson,Jamal Crawford,Kelenna Azubuike,Marco Belinelli,Ronny Turiaf,Boris Diaw,Gerald Wallace,Raja Bell,Raymond Felton,Sean Singletary,4,0:15,GSW,rebound,,,,,,,,,,Marco Belinelli,,,,,,def,,
DeMarcus Nelson,Jamal Crawford,Kelenna Azubuike,Marco Belinelli,Ronny Turiaf,Boris Diaw,Gerald Wallace,Raja Bell,Raymond Felton,Sean Singletary,4,0:12,CHA,foul,,,,,,,,Jamal Crawford,,Sean Singletary,,,,,,personal,,
DeMarcus Nelson,Jamal Crawford,Kelenna Azubuike,Marco Belinelli,Ronny Turiaf,Boris Diaw,Gerald Wallace,Raja Bell,Raymond Felton,Sean Singletary,4,0:12,GSW,free throw,,,,,,,1,,2,Jamal Crawford,,,foul,made,,,,
C.J. Watson,DeMarcus Nelson,Jamal Crawford,Kelenna Azubuike,Marco Belinelli,Boris Diaw,Gerald Wallace,Raja Bell,Raymond Felton,Sean Singletary,4,0:12,GSW,sub,,,,C.J. Watson,,Ronny Turiaf,,,,,,,,,,,,
C.J. Watson,DeMarcus Nelson,Jamal Crawford,Kelenna Azubuike,Marco Belinelli,Boris Diaw,Gerald Wallace,Raja Bell,Raymond Felton,Sean Singletary,4,0:12,GSW,free throw,,,,,,,2,,2,Jamal Crawford,,,foul,made,,,,
C.J. Watson,DeMarcus Nelson,Jamal Crawford,Kelenna Azubuike,Marco Belinelli,Boris Diaw,Gerald Wallace,Raja Bell,Raymond Felton,Sean Singletary,4,0:06,CHA,shot,,,,,,,,,,Raymond Felton,,,,missed,,layup,25,6
C.J. Watson,DeMarcus Nelson,Jamal Crawford,Kelenna Azubuike,Marco Belinelli,Boris Diaw,Gerald Wallace,Raja Bell,Raymond Felton,Sean Singletary,4,0:04,CHA,rebound,,,,,,,,,,Raymond Felton,,,,,,off,,
C.J. Watson,DeMarcus Nelson,Jamal Crawford,Kelenna Azubuike,Marco Belinelli,Boris Diaw,Gerald Wallace,Raja Bell,Raymond Felton,Sean Singletary,4,0:00,CHA,shot,,,,,,,,,,Raja Bell,2,,,made,,layup,25,6
