a1,a2,a3,a4,a5,h1,h2,h3,h4,h5,period,time,team,etype,assist,away,block,entered,home,left,num,opponent,outof,player,points,possession,reason,result,steal,type,x,y
Anthony Parker,Chris Bosh,Jamario Moon,Jermaine O'Neal,Jose Calderon,Emeka Okafor,Gerald Wallace,Jared Dudley,Jason Richardson,Raymond Felton,1,12:00,OFF,jump ball,,Chris Bosh,,,Emeka Okafor,,,,,,,Toronto,,,,,,
Anthony Parker,Chris Bosh,Jamario Moon,Jermaine O'Neal,Jose Calderon,Emeka Okafor,Gerald Wallace,Jared Dudley,Jason Richardson,Raymond Felton,1,11:40,TOR,shot,,,,,,,,,,Anthony Parker,,,,missed,,jump,34,23
Anthony Parker,Chris Bosh,Jamario Moon,Jermaine O'Neal,Jose Calderon,Emeka Okafor,Gerald Wallace,Jared Dudley,Jason Richardson,Raymond Felton,1,11:39,CHA,rebound,,,,,,,,,,Raymond Felton,,,,,,def,,
Anthony Parker,Chris Bosh,Jamario Moon,Jermaine O'Neal,Jose Calderon,Emeka Okafor,Gerald Wallace,Jared Dudley,Jason Richardson,Raymond Felton,1,11:25,CHA,shot,,,,,,,,,,Gerald Wallace,,,,missed,,layup,25,6
Anthony Parker,Chris Bosh,Jamario Moon,Jermaine O'Neal,Jose Calderon,Emeka Okafor,Gerald Wallace,Jared Dudley,Jason Richardson,Raymond Felton,1,11:24,CHA,shot,,,,,,,,,,Gerald Wallace,,,,missed,,tip,25,6
Anthony Parker,Chris Bosh,Jamario Moon,Jermaine O'Neal,Jose Calderon,Emeka Okafor,Gerald Wallace,Jared Dudley,Jason Richardson,Raymond Felton,1,11:24,CHA,rebound,,,,,,,,,,Gerald Wallace,,,,,,off,,
Anthony Parker,Chris Bosh,Jamario Moon,Jermaine O'Neal,Jose Calderon,Emeka Okafor,Gerald Wallace,Jared Dudley,Jason Richardson,Raymond Felton,1,11:22,TOR,rebound,,,,,,,,,,Jermaine O'Neal,,,,,,def,,
Anthony Parker,Chris Bosh,Jamario Moon,Jermaine O'Neal,Jose Calderon,Emeka Okafor,Gerald Wallace,Jared Dudley,Jason Richardson,Raymond Felton,1,11:14,TOR,shot,Jose Calderon,,,,,,,,,Chris Bosh,2,,,made,,dunk,25,6
Anthony Parker,Chris Bosh,Jamario Moon,Jermaine O'Neal,Jose Calderon,Emeka Okafor,Gerald Wallace,Jared Dudley,Jason Richardson,Raymond Felton,1,10:57,CHA,shot,,,,,,,,,,Emeka Okafor,,,,missed,,turnaround jump,14,10
Anthony Parker,Chris Bosh,Jamario Moon,Jermaine O'Neal,Jose Calderon,Emeka Okafor,Gerald Wallace,Jared Dudley,Jason Richardson,Raymond Felton,1,10:54,TOR,rebound,,,,,,,,,,Chris Bosh,,,,,,def,,
Anthony Parker,Chris Bosh,Jamario Moon,Jermaine O'Neal,Jose Calderon,Emeka Okafor,Gerald Wallace,Jared Dudley,Jason Richardson,Raymond Felton,1,10:35,TOR,shot,,,,,,,,,,Jamario Moon,2,,,made,,jump,33,23
Anthony Parker,Chris Bosh,Jamario Moon,Jermaine O'Neal,Jose Calderon,Emeka Okafor,Gerald Wallace,Jared Dudley,Jason Richardson,Raymond Felton,1,10:15,CHA,shot,Jason Richardson,,,,,,,,,Raymond Felton,3,,,made,,3pt,33,31
Anthony Parker,Chris Bosh,Jamario Moon,Jermaine O'Neal,Jose Calderon,Emeka Okafor,Gerald Wallace,Jared Dudley,Jason Richardson,Raymond Felton,1,9:57,TOR,shot,,,,,,,,,,Jamario Moon,,,,missed,,jump,10,8
Anthony Parker,Chris Bosh,Jamario Moon,Jermaine O'Neal,Jose Calderon,Emeka Okafor,Gerald Wallace,Jared Dudley,Jason Richardson,Raymond Felton,1,9:56,CHA,rebound,,,,,,,,,,Jason Richardson,,,,,,def,,
Anthony Parker,Chris Bosh,Jamario Moon,Jermaine O'Neal,Jose Calderon,Emeka Okafor,Gerald Wallace,Jared Dudley,Jason Richardson,Raymond Felton,1,9:39,CHA,shot,,,,,,,,,,Gerald Wallace,,,,missed,,jump,9,14
Anthony Parker,Chris Bosh,Jamario Moon,Jermaine O'Neal,Jose Calderon,Emeka Okafor,Gerald Wallace,Jared Dudley,Jason Richardson,Raymond Felton,1,9:37,CHA,rebound,,,,,,,,,,Emeka Okafor,,,,,,off,,
Anthony Parker,Chris Bosh,Jamario Moon,Jermaine O'Neal,Jose Calderon,Emeka Okafor,Gerald Wallace,Jared Dudley,Jason Richardson,Raymond Felton,1,9:18,CHA,shot,,,Jermaine O'Neal,,,,,,,Emeka Okafor,,,,missed,,jump,20,7
Anthony Parker,Chris Bosh,Jamario Moon,Jermaine O'Neal,Jose Calderon,Emeka Okafor,Gerald Wallace,Jared Dudley,Jason Richardson,Raymond Felton,1,9:16,TOR,rebound,,,,,,,,,,Jermaine O'Neal,,,,,,def,,
Anthony Parker,Chris Bosh,Jamario Moon,Jermaine O'Neal,Jose Calderon,Emeka Okafor,Gerald Wallace,Jared Dudley,Jason Richardson,Raymond Felton,1,9:05,TOR,shot,,,,,,,,,,Jose Calderon,,,,missed,,3pt,37,29
Anthony Parker,Chris Bosh,Jamario Moon,Jermaine O'Neal,Jose Calderon,Emeka Okafor,Gerald Wallace,Jared Dudley,Jason Richardson,Raymond Felton,1,9:04,CHA,rebound,,,,,,,,,,Jason Richardson,,,,,,def,,
Anthony Parker,Chris Bosh,Jamario Moon,Jermaine O'Neal,Jose Calderon,Emeka Okafor,Gerald Wallace,Jared Dudley,Jason Richardson,Raymond Felton,1,8:52,CHA,shot,,,,,,,,,,Jason Richardson,,,,missed,,jump,39,9
Anthony Parker,Chris Bosh,Jamario Moon,Jermaine O'Neal,Jose Calderon,Emeka Okafor,Gerald Wallace,Jared Dudley,Jason Richardson,Raymond Felton,1,8:51,TOR,rebound,,,,,,,,,,Chris Bosh,,,,,,def,,
Anthony Parker,Chris Bosh,Jamario Moon,Jermaine O'Neal,Jose Calderon,Emeka Okafor,Gerald Wallace,Jared Dudley,Jason Richardson,Raymond Felton,1,8:39,TOR,shot,,,,,,,,,,Jermaine O'Neal,,,,missed,,jump,39,14
Anthony Parker,Chris Bosh,Jamario Moon,Jermaine O'Neal,Jose Calderon,Emeka Okafor,Gerald Wallace,Jared Dudley,Jason Richardson,Raymond Felton,1,8:38,CHA,rebound,,,,,,,,,,Jason Richardson,,,,,,def,,
Anthony Parker,Chris Bosh,Jamario Moon,Jermaine O'Neal,Jose Calderon,Emeka Okafor,Gerald Wallace,Jared Dudley,Jason Richardson,Raymond Felton,1,8:30,CHA,shot,,,,,,,,,,Raymond Felton,2,,,made,,driving reverse layup,25,6
Anthony Parker,Chris Bosh,Jamario Moon,Jermaine O'Neal,Jose Calderon,Emeka Okafor,Gerald Wallace,Jared Dudley,Jason Richardson,Raymond Felton,1,8:14,TOR,shot,,,,,,,,,,Jamario Moon,,,,missed,,3pt,2,8
Anthony Parker,Chris Bosh,Jamario Moon,Jermaine O'Neal,Jose Calderon,Emeka Okafor,Gerald Wallace,Jared Dudley,Jason Richardson,Raymond Felton,1,8:14,CHA,rebound,,,,,,,,,,,,,,,,,,
Anthony Parker,Chris Bosh,Jamario Moon,Jermaine O'Neal,Jose Calderon,Emeka Okafor,Gerald Wallace,Jared Dudley,Jason Richardson,Raymond Felton,1,8:02,CHA,shot,,,,,,,,,,Jason Richardson,,,,missed,,3pt,44,24
Anthony Parker,Chris Bosh,Jamario Moon,Jermaine O'Neal,Jose Calderon,Emeka Okafor,Gerald Wallace,Jared Dudley,Jason Richardson,Raymond Felton,1,8:00,TOR,rebound,,,,,,,,,,Jermaine O'Neal,,,,,,def,,
Anthony Parker,Chris Bosh,Jamario Moon,Jermaine O'Neal,Jose Calderon,Emeka Okafor,Gerald Wallace,Jared Dudley,Jason Richardson,Raymond Felton,1,7:45,TOR,shot,Chris Bosh,,,,,,,,,Jose Calderon,2,,,made,,jump,10,20
Anthony Parker,Chris Bosh,Jamario Moon,Jermaine O'Neal,Jose Calderon,Emeka Okafor,Gerald Wallace,Jared Dudley,Jason Richardson,Raymond Felton,1,7:26,CHA,shot,,,,,,,,,,Jason Richardson,,,,missed,,hook,18,11
Anthony Parker,Chris Bosh,Jamario Moon,Jermaine O'Neal,Jose Calderon,Emeka Okafor,Gerald Wallace,Jared Dudley,Jason Richardson,Raymond Felton,1,7:24,CHA,rebound,,,,,,,,,,Emeka Okafor,,,,,,off,,
Anthony Parker,Chris Bosh,Jamario Moon,Jermaine O'Neal,Jose Calderon,Emeka Okafor,Gerald Wallace,Jared Dudley,Jason Richardson,Raymond Felton,1,7:08,CHA,shot,Jason Richardson,,,,,,,,,Jared Dudley,2,,,made,,jump,15,24
Anthony Parker,Chris Bosh,Jamario Moon,Jermaine O'Neal,Jose Calderon,Emeka Okafor,Gerald Wallace,Jared Dudley,Jason Richardson,Raymond Felton,1,6:46,CHA,foul,,,,,,,,Jermaine O'Neal,,Emeka Okafor,,,,,,personal,,
Anthony Parker,Chris Bosh,Jamario Moon,Jermaine O'Neal,Jose Calderon,Gerald Wallace,Jared Dudley,Jason Richardson,Nazr Mohammed,Raymond Felton,1,6:46,CHA,sub,,,,Nazr Mohammed,,Emeka Okafor,,,,,,,,,,,,
Anthony Parker,Chris Bosh,Jamario Moon,Jermaine O'Neal,Jose Calderon,Gerald Wallace,Jared Dudley,Jason Richardson,Nazr Mohammed,Raymond Felton,1,6:46,TOR,free throw,,,,,,,1,,2,Jermaine O'Neal,,,foul,made,,,,
Anthony Parker,Chris Bosh,Jamario Moon,Jermaine O'Neal,Jose Calderon,Gerald Wallace,Jared Dudley,Jason Richardson,Nazr Mohammed,Raymond Felton,1,6:46,TOR,free throw,,,,,,,2,,2,Jermaine O'Neal,,,foul,made,,,,
Anthony Parker,Chris Bosh,Jamario Moon,Jermaine O'Neal,Jose Calderon,Gerald Wallace,Jared Dudley,Jason Richardson,Nazr Mohammed,Raymond Felton,1,6:28,CHA,turnover,,,,,,,,,,Gerald Wallace,,,bad pass,,Jermaine O'Neal,,,
Anthony Parker,Chris Bosh,Jamario Moon,Jermaine O'Neal,Jose Calderon,Gerald Wallace,Jared Dudley,Jason Richardson,Nazr Mohammed,Raymond Felton,1,6:17,TOR,turnover,,,,,,,,,,Anthony Parker,,,bad pass,,Raymond Felton,,,
Anthony Parker,Chris Bosh,Jamario Moon,Jermaine O'Neal,Jose Calderon,Gerald Wallace,Jared Dudley,Jason Richardson,Nazr Mohammed,Raymond Felton,1,6:10,CHA,turnover,,,,,,,,,,Raymond Felton,,,bad pass,,,,,
Anthony Parker,Chris Bosh,Jamario Moon,Jermaine O'Neal,Jose Calderon,Gerald Wallace,Jared Dudley,Jason Richardson,Nazr Mohammed,Raymond Felton,1,5:52,TOR,shot,,,,,,,,,,Anthony Parker,,,,missed,,3pt,1,7
Anthony Parker,Chris Bosh,Jamario Moon,Jermaine O'Neal,Jose Calderon,Gerald Wallace,Jared Dudley,Jason Richardson,Nazr Mohammed,Raymond Felton,1,5:49,CHA,rebound,,,,,,,,,,Gerald Wallace,,,,,,def,,
Anthony Parker,Chris Bosh,Jamario Moon,Jermaine O'Neal,Jose Calderon,Gerald Wallace,Jared Dudley,Jason Richardson,Nazr Mohammed,Raymond Felton,1,5:39,CHA,shot,,,,,,,,,,Gerald Wallace,,,,missed,,jump,39,21
Anthony Parker,Chris Bosh,Jamario Moon,Jermaine O'Neal,Jose Calderon,Gerald Wallace,Jared Dudley,Jason Richardson,Nazr Mohammed,Raymond Felton,1,5:38,TOR,rebound,,,,,,,,,,Anthony Parker,,,,,,def,,
Anthony Parker,Chris Bosh,Jamario Moon,Jermaine O'Neal,Jose Calderon,Gerald Wallace,Jared Dudley,Jason Richardson,Nazr Mohammed,Raymond Felton,1,5:32,TOR,turnover,,,,,,,,,,Chris Bosh,,,lost ball,,Jared Dudley,,,
Anthony Parker,Chris Bosh,Jamario Moon,Jermaine O'Neal,Jose Calderon,Gerald Wallace,Jared Dudley,Jason Richardson,Nazr Mohammed,Raymond Felton,1,5:32,CHA,timeout,,,,,,,,,,,,,,,,regular,,
Anthony Parker,Chris Bosh,Jamario Moon,Jermaine O'Neal,Jose Calderon,Gerald Wallace,Jared Dudley,Jason Richardson,Nazr Mohammed,Raymond Felton,1,5:14,CHA,shot,,,,,,,,,,Raymond Felton,,,,missed,,layup,25,6
Anthony Parker,Chris Bosh,Jamario Moon,Jermaine O'Neal,Jose Calderon,Gerald Wallace,Jared Dudley,Jason Richardson,Nazr Mohammed,Raymond Felton,1,5:12,TOR,rebound,,,,,,,,,,Jermaine O'Neal,,,,,,def,,
Anthony Parker,Chris Bosh,Jamario Moon,Jermaine O'Neal,Jose Calderon,Gerald Wallace,Jared Dudley,Jason Richardson,Nazr Mohammed,Raymond Felton,1,4:53,TOR,shot,Anthony Parker,,,,,,,,,Jamario Moon,2,,,made,,jump,41,10
Anthony Parker,Chris Bosh,Jamario Moon,Jermaine O'Neal,Jose Calderon,Gerald Wallace,Jared Dudley,Jason Richardson,Nazr Mohammed,Raymond Felton,1,4:37,CHA,turnover,,,,,,,,,,Raymond Felton,,,bad pass,,Jermaine O'Neal,,,
Anthony Parker,Chris Bosh,Jamario Moon,Jermaine O'Neal,Jose Calderon,Gerald Wallace,Jared Dudley,Jason Richardson,Nazr Mohammed,Raymond Felton,1,4:24,TOR,shot,,,,,,,,,,Chris Bosh,2,,,made,,turnaround hook,23,12
Anthony Parker,Chris Bosh,Jamario Moon,Jermaine O'Neal,Jose Calderon,Gerald Wallace,Jared Dudley,Jason Richardson,Nazr Mohammed,Raymond Felton,1,4:06,TOR,foul,,,,,,,,Gerald Wallace,,Jermaine O'Neal,,,,,,shooting,,
Anthony Parker,Chris Bosh,Jamario Moon,Jermaine O'Neal,Jose Calderon,Gerald Wallace,Jared Dudley,Jason Richardson,Nazr Mohammed,Raymond Felton,1,4:06,CHA,free throw,,,,,,,1,,2,Gerald Wallace,,,foul,missed,,,,
Anthony Parker,Chris Bosh,Jamario Moon,Jermaine O'Neal,Jose Calderon,Gerald Wallace,Jared Dudley,Jason Richardson,Nazr Mohammed,Raymond Felton,1,4:06,CHA,rebound,,,,,,,,,,,,,,,,,,
Anthony Parker,Chris Bosh,Jamario Moon,Jermaine O'Neal,Jose Calderon,Gerald Wallace,Jared Dudley,Jason Richardson,Nazr Mohammed,Raymond Felton,1,4:06,CHA,free throw,,,,,,,2,,2,Gerald Wallace,,,foul,made,,,,
Anthony Parker,Chris Bosh,Jamario Moon,Jermaine O'Neal,Jose Calderon,Gerald Wallace,Jared Dudley,Jason Richardson,Nazr Mohammed,Raymond Felton,1,3:53,TOR,turnover,,,,,,,,,,Jermaine O'Neal,,,traveling,,,,,
Anthony Parker,Chris Bosh,Jamario Moon,Jermaine O'Neal,Jose Calderon,Gerald Wallace,Jared Dudley,Jason Richardson,Nazr Mohammed,Raymond Felton,1,3:28,CHA,shot,,,,,,,,,,Jason Richardson,,,,missed,,3pt,9,26
Anthony Parker,Chris Bosh,Jamario Moon,Jermaine O'Neal,Jose Calderon,Gerald Wallace,Jared Dudley,Jason Richardson,Nazr Mohammed,Raymond Felton,1,3:25,TOR,rebound,,,,,,,,,,Chris Bosh,,,,,,def,,
Anthony Parker,Chris Bosh,Jamario Moon,Jermaine O'Neal,Jose Calderon,Gerald Wallace,Jared Dudley,Jason Richardson,Nazr Mohammed,Raymond Felton,1,3:18,TOR,shot,Anthony Parker,,,,,,,,,Jamario Moon,2,,,made,,alley oop layup,25,6
Anthony Parker,Chris Bosh,Jamario Moon,Jermaine O'Neal,Jose Calderon,Gerald Wallace,Jared Dudley,Jason Richardson,Nazr Mohammed,Raymond Felton,1,3:05,TOR,foul,,,,,,,,Gerald Wallace,,Jamario Moon,,,,,,shooting,,
Anthony Parker,Chris Bosh,Jamario Moon,Jermaine O'Neal,Jose Calderon,Gerald Wallace,Jared Dudley,Jason Richardson,Nazr Mohammed,Raymond Felton,1,3:05,CHA,free throw,,,,,,,1,,2,Gerald Wallace,,,foul,missed,,,,
Anthony Parker,Chris Bosh,Jamario Moon,Jermaine O'Neal,Jose Calderon,Gerald Wallace,Jared Dudley,Jason Richardson,Nazr Mohammed,Raymond Felton,1,3:05,CHA,rebound,,,,,,,,,,,,,,,,,,
Anthony Parker,Chris Bosh,Jamario Moon,Jermaine O'Neal,Jose Calderon,Emeka Okafor,Gerald Wallace,Jared Dudley,Jason Richardson,Raymond Felton,1,3:05,CHA,sub,,,,Emeka Okafor,,Nazr Mohammed,,,,,,,,,,,,
Anthony Parker,Chris Bosh,Jamario Moon,Jermaine O'Neal,Jose Calderon,Emeka Okafor,Gerald Wallace,Jared Dudley,Jason Richardson,Raymond Felton,1,3:05,CHA,free throw,,,,,,,2,,2,Gerald Wallace,,,foul,missed,,,,
Anthony Parker,Chris Bosh,Jamario Moon,Jermaine O'Neal,Jose Calderon,Emeka Okafor,Gerald Wallace,Jared Dudley,Jason Richardson,Raymond Felton,1,3:03,TOR,rebound,,,,,,,,,,Anthony Parker,,,,,,def,,
Anthony Parker,Chris Bosh,Jamario Moon,Jermaine O'Neal,Jose Calderon,Emeka Okafor,Gerald Wallace,Jared Dudley,Jason Richardson,Raymond Felton,1,2:46,TOR,shot,,,,,,,,,,Jermaine O'Neal,,,,missed,,turnaround jump,18,9
Anthony Parker,Chris Bosh,Jamario Moon,Jermaine O'Neal,Jose Calderon,Emeka Okafor,Gerald Wallace,Jared Dudley,Jason Richardson,Raymond Felton,1,2:45,CHA,rebound,,,,,,,,,,Emeka Okafor,,,,,,def,,
Anthony Parker,Chris Bosh,Jamario Moon,Jermaine O'Neal,Jose Calderon,Emeka Okafor,Gerald Wallace,Jared Dudley,Jason Richardson,Raymond Felton,1,2:33,CHA,turnover,,,,,,,,,,Emeka Okafor,,,offensive goaltending,,,,,
Anthony Parker,Chris Bosh,Jamario Moon,Jermaine O'Neal,Jose Calderon,Emeka Okafor,Gerald Wallace,Jared Dudley,Jason Richardson,Raymond Felton,1,2:33,TOR,timeout,,,,,,,,,,,,,,,,regular,,
Anthony Parker,Chris Bosh,Jamario Moon,Jermaine O'Neal,Jose Calderon,Adam Morrison,Emeka Okafor,Jared Dudley,Jason Richardson,Raymond Felton,1,2:33,CHA,sub,,,,Adam Morrison,,Gerald Wallace,,,,,,,,,,,,
Andrea Bargnani,Anthony Parker,Jamario Moon,Jermaine O'Neal,Jose Calderon,Adam Morrison,Emeka Okafor,Jared Dudley,Jason Richardson,Raymond Felton,1,2:33,TOR,sub,,,,Andrea Bargnani,,Chris Bosh,,,,,,,,,,,,
Andrea Bargnani,Anthony Parker,Jamario Moon,Jermaine O'Neal,Jose Calderon,Adam Morrison,Emeka Okafor,Jared Dudley,Jason Richardson,Raymond Felton,1,2:12,TOR,shot,Andrea Bargnani,,,,,,,,,Anthony Parker,2,,,made,,jump,8,10
Andrea Bargnani,Anthony Parker,Jamario Moon,Jermaine O'Neal,Jose Calderon,Adam Morrison,Emeka Okafor,Jared Dudley,Jason Richardson,Raymond Felton,1,2:01,CHA,shot,,,,,,,,,,Raymond Felton,,,,missed,,layup,25,6
Andrea Bargnani,Anthony Parker,Jamario Moon,Jermaine O'Neal,Jose Calderon,Adam Morrison,Emeka Okafor,Jared Dudley,Jason Richardson,Raymond Felton,1,1:58,CHA,shot,,,Andrea Bargnani,,,,,,,Emeka Okafor,,,,missed,,layup,25,6
Andrea Bargnani,Anthony Parker,Jamario Moon,Jermaine O'Neal,Jose Calderon,Adam Morrison,Emeka Okafor,Jared Dudley,Jason Richardson,Raymond Felton,1,1:58,CHA,rebound,,,,,,,,,,Emeka Okafor,,,,,,off,,
Andrea Bargnani,Anthony Parker,Jamario Moon,Jermaine O'Neal,Jose Calderon,Adam Morrison,Emeka Okafor,Jared Dudley,Jason Richardson,Raymond Felton,1,1:57,CHA,rebound,,,,,,,,,,Jared Dudley,,,,,,off,,
Andrea Bargnani,Anthony Parker,Jamario Moon,Jermaine O'Neal,Jose Calderon,Adam Morrison,Emeka Okafor,Jared Dudley,Jason Richardson,Raymond Felton,1,1:51,TOR,foul,,,,,,,,Jason Richardson,,Jermaine O'Neal,,,,,,shooting,,
Andrea Bargnani,Anthony Parker,Chris Bosh,Jamario Moon,Jose Calderon,Adam Morrison,Emeka Okafor,Jared Dudley,Jason Richardson,Raymond Felton,1,1:51,TOR,sub,,,,Chris Bosh,,Jermaine O'Neal,,,,,,,,,,,,
Andrea Bargnani,Anthony Parker,Chris Bosh,Jason Kapono,Jose Calderon,Adam Morrison,Emeka Okafor,Jared Dudley,Jason Richardson,Raymond Felton,1,1:51,TOR,sub,,,,Jason Kapono,,Jamario Moon,,,,,,,,,,,,
Andrea Bargnani,Anthony Parker,Chris Bosh,Jason Kapono,Jose Calderon,Adam Morrison,Emeka Okafor,Jared Dudley,Jason Richardson,Raymond Felton,1,1:51,CHA,free throw,,,,,,,1,,2,Jason Richardson,,,foul,made,,,,
Andrea Bargnani,Anthony Parker,Chris Bosh,Jason Kapono,Jose Calderon,Adam Morrison,Alexis Ajinca,Emeka Okafor,Jason Richardson,Raymond Felton,1,1:51,CHA,sub,,,,Alexis Ajinca,,Jared Dudley,,,,,,,,,,,,
Andrea Bargnani,Anthony Parker,Chris Bosh,Jason Kapono,Jose Calderon,Adam Morrison,Alexis Ajinca,Emeka Okafor,Jason Richardson,Raymond Felton,1,1:51,CHA,free throw,,,,,,,2,,2,Jason Richardson,,,foul,missed,,,,
Andrea Bargnani,Anthony Parker,Chris Bosh,Jason Kapono,Jose Calderon,Adam Morrison,Alexis Ajinca,Emeka Okafor,Jason Richardson,Raymond Felton,1,1:50,TOR,rebound,,,,,,,,,,,,,,,,,,
Andrea Bargnani,Anthony Parker,Chris Bosh,Jason Kapono,Jose Calderon,Adam Morrison,Alexis Ajinca,Emeka Okafor,Matt Carroll,Raymond Felton,1,1:50,CHA,sub,,,,Matt Carroll,,Jason Richardson,,,,,,,,,,,,
Andrea Bargnani,Anthony Parker,Chris Bosh,Jason Kapono,Jose Calderon,Adam Morrison,Alexis Ajinca,Emeka Okafor,Matt Carroll,Raymond Felton,1,1:26,TOR,shot,,,,,,,,,,Andrea Bargnani,,,,missed,,3pt,27,32
Andrea Bargnani,Anthony Parker,Chris Bosh,Jason Kapono,Jose Calderon,Adam Morrison,Alexis Ajinca,Emeka Okafor,Matt Carroll,Raymond Felton,1,1:24,CHA,rebound,,,,,,,,,,Emeka Okafor,,,,,,def,,
Andrea Bargnani,Anthony Parker,Chris Bosh,Jason Kapono,Jose Calderon,Adam Morrison,Alexis Ajinca,Emeka Okafor,Matt Carroll,Raymond Felton,1,1:18,CHA,shot,,,,,,,,,,Adam Morrison,2,,,made,,floating jump,20,17
Andrea Bargnani,Anthony Parker,Chris Bosh,Jason Kapono,Jose Calderon,Adam Morrison,Alexis Ajinca,Emeka Okafor,Matt Carroll,Raymond Felton,1,1:03,TOR,shot,Jose Calderon,,,,,,,,,Jason Kapono,2,,,made,,jump,17,22
Andrea Bargnani,Anthony Parker,Chris Bosh,Jason Kapono,Jose Calderon,Adam Morrison,Alexis Ajinca,Emeka Okafor,Matt Carroll,Raymond Felton,1,0:48,CHA,shot,Adam Morrison,,,,,,,,,Emeka Okafor,2,,,made,,slam dunk,25,6
Andrea Bargnani,Anthony Parker,Chris Bosh,Jason Kapono,Will Solomon,Adam Morrison,Alexis Ajinca,Emeka Okafor,Matt Carroll,Raymond Felton,1,0:35,TOR,sub,,,,Will Solomon,,Jose Calderon,,,,,,,,,,,,
Andrea Bargnani,Anthony Parker,Chris Bosh,Jason Kapono,Will Solomon,Adam Morrison,Alexis Ajinca,Emeka Okafor,Matt Carroll,Raymond Felton,1,0:30,TOR,shot,,,,,,,,,,Andrea Bargnani,2,,,made,,jump,7,10
Andrea Bargnani,Anthony Parker,Chris Bosh,Jason Kapono,Will Solomon,Adam Morrison,Alexis Ajinca,Emeka Okafor,Matt Carroll,Raymond Felton,1,0:21,OFF,jump ball,,Will Solomon,,,Raymond Felton,,,,,,,Alexis Ajinca,,,,,,
Andrea Bargnani,Anthony Parker,Chris Bosh,Jason Kapono,Will Solomon,Adam Morrison,Alexis Ajinca,Emeka Okafor,Matt Carroll,Raymond Felton,1,0:06,CHA,shot,Raymond Felton,,,,,,,,,Emeka Okafor,2,,,made,,layup,25,6
Andrea Bargnani,Anthony Parker,Chris Bosh,Jason Kapono,Will Solomon,Adam Morrison,Alexis Ajinca,Emeka Okafor,Matt Carroll,Raymond Felton,1,0:04,CHA,foul,,,,,,,,Andrea Bargnani,,Alexis Ajinca,,,,,,personal,,
Andrea Bargnani,Anthony Parker,Chris Bosh,Jason Kapono,Will Solomon,Adam Morrison,Emeka Okafor,Jared Dudley,Matt Carroll,Raymond Felton,1,0:04,CHA,sub,,,,Jared Dudley,,Alexis Ajinca,,,,,,,,,,,,
Andrea Bargnani,Anthony Parker,Chris Bosh,Jason Kapono,Will Solomon,Emeka Okafor,Jared Dudley,Matt Carroll,Raymond Felton,Shannon Brown,1,0:04,CHA,sub,,,,Shannon Brown,,Adam Morrison,,,,,,,,,,,,
Andrea Bargnani,Anthony Parker,Chris Bosh,Jason Kapono,Will Solomon,Emeka Okafor,Jared Dudley,Matt Carroll,Raymond Felton,Shannon Brown,1,0:01,TOR,foul,,,,,,,,Emeka Okafor,,Chris Bosh,,,,,,offensive,,
Andrea Bargnani,Anthony Parker,Chris Bosh,Jason Kapono,Will Solomon,Emeka Okafor,Jared Dudley,Matt Carroll,Raymond Felton,Shannon Brown,1,0:01,TOR,turnover,,,,,,,,,,Chris Bosh,,,foul,,,,,
Andrea Bargnani,Anthony Parker,Chris Bosh,Jason Kapono,Will Solomon,Emeka Okafor,Jared Dudley,Matt Carroll,Raymond Felton,Shannon Brown,1,0:01,TOR,foul,,,,,,,,,,,,,,,,,,
Andrea Bargnani,Anthony Parker,Chris Bosh,Jason Kapono,Will Solomon,Emeka Okafor,Jared Dudley,Matt Carroll,Raymond Felton,Shannon Brown,1,0:01,CHA,free throw,,,,,,,1,,1,Matt Carroll,,,technical,made,,,,
Andrea Bargnani,Anthony Parker,Chris Bosh,Jason Kapono,Will Solomon,D.J. Augustin,Emeka Okafor,Jared Dudley,Matt Carroll,Raymond Felton,1,0:01,CHA,sub,,,,D.J. Augustin,,Shannon Brown,,,,,,,,,,,,
Andrea Bargnani,Anthony Parker,Chris Bosh,Jason Kapono,Will Solomon,D.J. Augustin,Emeka Okafor,Jared Dudley,Matt Carroll,Raymond Felton,1,0:00,TOR,foul,,,,,,,,Raymond Felton,,Anthony Parker,,,,,,personal,,
Andrea Bargnani,Chris Bosh,Jason Kapono,Joey Graham,Will Solomon,D.J. Augustin,Emeka Okafor,Jared Dudley,Matt Carroll,Raymond Felton,1,0:00,TOR,sub,,,,Joey Graham,,Anthony Parker,,,,,,,,,,,,
Andrea Bargnani,Chris Bosh,Jason Kapono,Joey Graham,Will Solomon,Adam Morrison,D.J. Augustin,Emeka Okafor,Matt Carroll,Raymond Felton,1,0:00,CHA,sub,,,,Adam Morrison,,Jared Dudley,,,,,,,,,,,,
Andrea Bargnani,Chris Bosh,Jason Kapono,Joey Graham,Will Solomon,Adam Morrison,D.J. Augustin,Emeka Okafor,Matt Carroll,Raymond Felton,1,0:00,CHA,free throw,,,,,,,1,,3,Raymond Felton,,,foul,made,,,,
Andrea Bargnani,Chris Bosh,Jason Kapono,Joey Graham,Will Solomon,Adam Morrison,D.J. Augustin,Emeka Okafor,Matt Carroll,Raymond Felton,1,0:00,CHA,free throw,,,,,,,2,,3,Raymond Felton,,,foul,made,,,,
Andrea Bargnani,Chris Bosh,Jason Kapono,Joey Graham,Will Solomon,Alexis Ajinca,D.J. Augustin,Emeka Okafor,Matt Carroll,Raymond Felton,1,0:00,CHA,sub,,,,Alexis Ajinca,,Adam Morrison,,,,,,,,,,,,
Andrea Bargnani,Chris Bosh,Jason Kapono,Joey Graham,Will Solomon,Alexis Ajinca,D.J. Augustin,Emeka Okafor,Matt Carroll,Raymond Felton,1,0:00,CHA,free throw,,,,,,,3,,3,Raymond Felton,,,foul,made,,,,
Andrea Bargnani,Chris Bosh,Jason Kapono,Joey Graham,Will Solomon,Adam Morrison,Alexis Ajinca,D.J. Augustin,Emeka Okafor,Matt Carroll,2,11:47,CHA,shot,,,,,,,,,,Adam Morrison,,,,missed,,jump,24,15
Andrea Bargnani,Chris Bosh,Jason Kapono,Joey Graham,Will Solomon,Adam Morrison,Alexis Ajinca,D.J. Augustin,Emeka Okafor,Matt Carroll,2,11:45,TOR,rebound,,,,,,,,,,Chris Bosh,,,,,,def,,
Andrea Bargnani,Chris Bosh,Jason Kapono,Joey Graham,Will Solomon,Adam Morrison,Alexis Ajinca,D.J. Augustin,Emeka Okafor,Matt Carroll,2,11:26,TOR,turnover,,,,,,,,,,Chris Bosh,,,3 second violation,,,,,
Andrea Bargnani,Chris Bosh,Jason Kapono,Joey Graham,Will Solomon,Adam Morrison,Alexis Ajinca,D.J. Augustin,Emeka Okafor,Matt Carroll,2,11:05,CHA,shot,,,,,,,,,,Adam Morrison,,,,missed,,3pt,21,32
Andrea Bargnani,Chris Bosh,Jason Kapono,Joey Graham,Will Solomon,Adam Morrison,Alexis Ajinca,D.J. Augustin,Emeka Okafor,Matt Carroll,2,11:04,TOR,rebound,,,,,,,,,,Chris Bosh,,,,,,def,,
Andrea Bargnani,Chris Bosh,Jason Kapono,Joey Graham,Will Solomon,Adam Morrison,Alexis Ajinca,D.J. Augustin,Emeka Okafor,Matt Carroll,2,10:49,TOR,shot,,,,,,,,,,Will Solomon,2,,,made,,driving layup,25,6
Andrea Bargnani,Chris Bosh,Jason Kapono,Joey Graham,Will Solomon,Adam Morrison,Alexis Ajinca,D.J. Augustin,Emeka Okafor,Matt Carroll,2,10:34,CHA,shot,Adam Morrison,,,,,,,,,D.J. Augustin,3,,,made,,3pt,18,31
Andrea Bargnani,Chris Bosh,Jason Kapono,Joey Graham,Will Solomon,Adam Morrison,Alexis Ajinca,D.J. Augustin,Emeka Okafor,Matt Carroll,2,10:17,TOR,foul,,,,,,,,D.J. Augustin,,Andrea Bargnani,,,,,,offensive,,
Andrea Bargnani,Chris Bosh,Jason Kapono,Joey Graham,Will Solomon,Adam Morrison,Alexis Ajinca,D.J. Augustin,Emeka Okafor,Matt Carroll,2,10:17,TOR,turnover,,,,,,,,,,Andrea Bargnani,,,foul,,,,,
Andrea Bargnani,Chris Bosh,Jason Kapono,Joey Graham,Will Solomon,Adam Morrison,D.J. Augustin,Emeka Okafor,Gerald Wallace,Matt Carroll,2,10:17,CHA,sub,,,,Gerald Wallace,,Alexis Ajinca,,,,,,,,,,,,
Andrea Bargnani,Chris Bosh,Jason Kapono,Joey Graham,Will Solomon,Adam Morrison,D.J. Augustin,Emeka Okafor,Gerald Wallace,Matt Carroll,2,10:06,TOR,foul,,,,,,,,Matt Carroll,,Will Solomon,,,,,,shooting,,
Andrea Bargnani,Chris Bosh,Jason Kapono,Joey Graham,Will Solomon,Adam Morrison,D.J. Augustin,Emeka Okafor,Gerald Wallace,Matt Carroll,2,10:06,CHA,free throw,,,,,,,1,,3,Matt Carroll,,,foul,made,,,,
Andrea Bargnani,Chris Bosh,Jason Kapono,Joey Graham,Will Solomon,Adam Morrison,D.J. Augustin,Emeka Okafor,Gerald Wallace,Matt Carroll,2,10:06,CHA,free throw,,,,,,,2,,3,Matt Carroll,,,foul,made,,,,
Andrea Bargnani,Chris Bosh,Jason Kapono,Joey Graham,Will Solomon,Adam Morrison,D.J. Augustin,Emeka Okafor,Gerald Wallace,Matt Carroll,2,10:06,CHA,free throw,,,,,,,3,,3,Matt Carroll,,,foul,missed,,,,
Andrea Bargnani,Chris Bosh,Jason Kapono,Joey Graham,Will Solomon,Adam Morrison,D.J. Augustin,Emeka Okafor,Gerald Wallace,Matt Carroll,2,10:05,TOR,rebound,,,,,,,,,,Chris Bosh,,,,,,def,,
Andrea Bargnani,Chris Bosh,Jason Kapono,Joey Graham,Will Solomon,Adam Morrison,D.J. Augustin,Emeka Okafor,Gerald Wallace,Matt Carroll,2,9:52,CHA,foul,,,,,,,,Chris Bosh,,Emeka Okafor,,,,,,shooting,,
Andrea Bargnani,Chris Bosh,Jason Kapono,Joey Graham,Will Solomon,Adam Morrison,D.J. Augustin,Emeka Okafor,Gerald Wallace,Matt Carroll,2,9:52,TOR,free throw,,,,,,,1,,2,Chris Bosh,,,foul,made,,,,
Andrea Bargnani,Chris Bosh,Jason Kapono,Joey Graham,Will Solomon,Adam Morrison,Andre Brown,D.J. Augustin,Gerald Wallace,Matt Carroll,2,9:52,CHA,sub,,,,Andre Brown,,Emeka Okafor,,,,,,,,,,,,
Andrea Bargnani,Chris Bosh,Jason Kapono,Joey Graham,Will Solomon,Adam Morrison,Andre Brown,D.J. Augustin,Gerald Wallace,Matt Carroll,2,9:52,TOR,free throw,,,,,,,2,,2,Chris Bosh,,,foul,made,,,,
Andrea Bargnani,Chris Bosh,Jason Kapono,Joey Graham,Will Solomon,Adam Morrison,Andre Brown,D.J. Augustin,Gerald Wallace,Matt Carroll,2,9:27,CHA,shot,Gerald Wallace,,,,,,,,,D.J. Augustin,3,,,made,,3pt,46,20
Andrea Bargnani,Chris Bosh,Jason Kapono,Joey Graham,Will Solomon,Adam Morrison,Andre Brown,D.J. Augustin,Gerald Wallace,Matt Carroll,2,9:16,CHA,foul,,,,,,,,Andrea Bargnani,,Andre Brown,,,,,,personal,,
Andrea Bargnani,Chris Bosh,Jason Kapono,Joey Graham,Will Solomon,Adam Morrison,Andre Brown,D.J. Augustin,Gerald Wallace,Matt Carroll,2,9:01,TOR,shot,,,,,,,,,,Jason Kapono,,,,missed,,jump,6,13
Andrea Bargnani,Chris Bosh,Jason Kapono,Joey Graham,Will Solomon,Adam Morrison,Andre Brown,D.J. Augustin,Gerald Wallace,Matt Carroll,2,9:00,CHA,rebound,,,,,,,,,,Matt Carroll,,,,,,def,,
Andrea Bargnani,Chris Bosh,Jason Kapono,Joey Graham,Will Solomon,Adam Morrison,Andre Brown,D.J. Augustin,Gerald Wallace,Matt Carroll,2,8:49,CHA,shot,D.J. Augustin,,,,,,,,,Matt Carroll,2,,,made,,jump,38,24
Andrea Bargnani,Chris Bosh,Jason Kapono,Joey Graham,Will Solomon,Adam Morrison,Andre Brown,D.J. Augustin,Gerald Wallace,Matt Carroll,2,8:33,CHA,foul,,,,,,,,Andrea Bargnani,,Gerald Wallace,,,,,,shooting,,
Andrea Bargnani,Chris Bosh,Jason Kapono,Joey Graham,Will Solomon,Adam Morrison,Andre Brown,D.J. Augustin,Gerald Wallace,Matt Carroll,2,8:33,OFF,timeout,,,,,,,,,,,,,,,,official,,
Andrea Bargnani,Chris Bosh,Jason Kapono,Joey Graham,Will Solomon,Adam Morrison,Andre Brown,D.J. Augustin,Gerald Wallace,Matt Carroll,2,8:33,TOR,free throw,,,,,,,1,,2,Andrea Bargnani,,,foul,made,,,,
Andrea Bargnani,Chris Bosh,Jason Kapono,Joey Graham,Will Solomon,Adam Morrison,Andre Brown,D.J. Augustin,Gerald Wallace,Matt Carroll,2,8:33,TOR,free throw,,,,,,,2,,2,Andrea Bargnani,,,foul,made,,,,
Andrea Bargnani,Chris Bosh,Jason Kapono,Joey Graham,Will Solomon,Adam Morrison,Andre Brown,D.J. Augustin,Gerald Wallace,Matt Carroll,2,8:28,CHA,shot,,,,,,,,,,Gerald Wallace,,,,missed,,driving layup,23,6
Andrea Bargnani,Chris Bosh,Jason Kapono,Joey Graham,Will Solomon,Adam Morrison,Andre Brown,D.J. Augustin,Gerald Wallace,Matt Carroll,2,8:26,CHA,rebound,,,,,,,,,,,,,,,,,,
Andrea Bargnani,Chris Bosh,Jason Kapono,Joey Graham,Will Solomon,Adam Morrison,Andre Brown,D.J. Augustin,Gerald Wallace,Matt Carroll,2,8:21,TOR,foul,,,,,,,,Andre Brown,,Jason Kapono,,,,,,loose ball,,
Andrea Bargnani,Chris Bosh,Jason Kapono,Joey Graham,Will Solomon,Adam Morrison,Andre Brown,D.J. Augustin,Gerald Wallace,Matt Carroll,2,8:11,CHA,shot,D.J. Augustin,,,,,,,,,Matt Carroll,2,,,made,,jump,45,16
Andrea Bargnani,Chris Bosh,Jason Kapono,Joey Graham,Will Solomon,Adam Morrison,Andre Brown,D.J. Augustin,Gerald Wallace,Matt Carroll,2,7:48,TOR,shot,,,,,,,,,,Chris Bosh,,,,missed,,jump,26,24
Andrea Bargnani,Chris Bosh,Jason Kapono,Joey Graham,Will Solomon,Adam Morrison,Andre Brown,D.J. Augustin,Gerald Wallace,Matt Carroll,2,7:46,CHA,rebound,,,,,,,,,,Matt Carroll,,,,,,def,,
Andrea Bargnani,Chris Bosh,Jason Kapono,Joey Graham,Will Solomon,Adam Morrison,Andre Brown,D.J. Augustin,Gerald Wallace,Matt Carroll,2,7:45,CHA,turnover,,,,,,,,,,Matt Carroll,,,out of bounds lost ball turnover,,,,,
Andrea Bargnani,Chris Bosh,Jason Kapono,Joey Graham,Jose Calderon,Adam Morrison,Andre Brown,D.J. Augustin,Gerald Wallace,Matt Carroll,2,7:45,TOR,sub,,,,Jose Calderon,,Will Solomon,,,,,,,,,,,,
Andrea Bargnani,Anthony Parker,Chris Bosh,Jason Kapono,Jose Calderon,Adam Morrison,Andre Brown,D.J. Augustin,Gerald Wallace,Matt Carroll,2,7:45,TOR,sub,,,,Anthony Parker,,Joey Graham,,,,,,,,,,,,
Andrea Bargnani,Anthony Parker,Chris Bosh,Jason Kapono,Jose Calderon,Andre Brown,D.J. Augustin,Gerald Wallace,Jason Richardson,Matt Carroll,2,7:45,CHA,sub,,,,Jason Richardson,,Adam Morrison,,,,,,,,,,,,
Andrea Bargnani,Anthony Parker,Chris Bosh,Jason Kapono,Jose Calderon,Andre Brown,D.J. Augustin,Gerald Wallace,Jason Richardson,Matt Carroll,2,7:33,TOR,shot,Jose Calderon,,,,,,,,,Chris Bosh,2,,,made,,jump,27,26
Andrea Bargnani,Anthony Parker,Chris Bosh,Jason Kapono,Jose Calderon,Andre Brown,D.J. Augustin,Gerald Wallace,Jason Richardson,Matt Carroll,2,7:11,CHA,shot,,,,,,,,,,Gerald Wallace,,,,missed,,layup,25,6
Andrea Bargnani,Anthony Parker,Chris Bosh,Jason Kapono,Jose Calderon,Andre Brown,D.J. Augustin,Gerald Wallace,Jason Richardson,Matt Carroll,2,7:09,CHA,shot,,,,,,,,,,Andre Brown,,,,missed,,layup,25,6
Andrea Bargnani,Anthony Parker,Chris Bosh,Jason Kapono,Jose Calderon,Andre Brown,D.J. Augustin,Gerald Wallace,Jason Richardson,Matt Carroll,2,7:09,CHA,rebound,,,,,,,,,,Andre Brown,,,,,,off,,
Andrea Bargnani,Anthony Parker,Chris Bosh,Jason Kapono,Jose Calderon,Andre Brown,D.J. Augustin,Gerald Wallace,Jason Richardson,Matt Carroll,2,7:07,TOR,rebound,,,,,,,,,,Andrea Bargnani,,,,,,def,,
Andrea Bargnani,Anthony Parker,Chris Bosh,Jason Kapono,Jose Calderon,Andre Brown,D.J. Augustin,Gerald Wallace,Jason Richardson,Matt Carroll,2,6:58,TOR,shot,,,,,,,,,,Andrea Bargnani,,,,missed,,jump,31,25
Andrea Bargnani,Anthony Parker,Chris Bosh,Jason Kapono,Jose Calderon,Andre Brown,D.J. Augustin,Gerald Wallace,Jason Richardson,Matt Carroll,2,6:56,CHA,rebound,,,,,,,,,,Jason Richardson,,,,,,def,,
Andrea Bargnani,Anthony Parker,Chris Bosh,Jason Kapono,Jose Calderon,Andre Brown,D.J. Augustin,Gerald Wallace,Jason Richardson,Matt Carroll,2,6:45,TOR,foul,,,,,,,,Gerald Wallace,,Anthony Parker,,,,,,personal,,
Andrea Bargnani,Anthony Parker,Chris Bosh,Jason Kapono,Jose Calderon,Andre Brown,D.J. Augustin,Gerald Wallace,Jason Richardson,Matt Carroll,2,6:30,CHA,turnover,,,,,,,,,,Matt Carroll,,,lost ball,,Jason Kapono,,,
Andrea Bargnani,Anthony Parker,Chris Bosh,Jason Kapono,Jose Calderon,Andre Brown,D.J. Augustin,Gerald Wallace,Jason Richardson,Matt Carroll,2,6:28,CHA,foul,,,,,,,,Anthony Parker,,Jason Richardson,,,,,,shooting,,
Andrea Bargnani,Anthony Parker,Chris Bosh,Jason Kapono,Jose Calderon,Andre Brown,D.J. Augustin,Gerald Wallace,Jason Richardson,Matt Carroll,2,6:28,TOR,free throw,,,,,,,1,,2,Anthony Parker,,,foul,made,,,,
Andrea Bargnani,Anthony Parker,Chris Bosh,Jason Kapono,Jose Calderon,Andre Brown,D.J. Augustin,Gerald Wallace,Jason Richardson,Matt Carroll,2,6:28,TOR,free throw,,,,,,,2,,2,Anthony Parker,,,foul,missed,,,,
Andrea Bargnani,Anthony Parker,Chris Bosh,Jason Kapono,Jose Calderon,Andre Brown,D.J. Augustin,Gerald Wallace,Jason Richardson,Matt Carroll,2,6:26,CHA,rebound,,,,,,,,,,Matt Carroll,,,,,,def,,
Andrea Bargnani,Anthony Parker,Chris Bosh,Jason Kapono,Jose Calderon,Andre Brown,D.J. Augustin,Gerald Wallace,Jason Richardson,Matt Carroll,2,6:22,CHA,timeout,,,,,,,,,,,,,,,,regular,,
Anthony Parker,Chris Bosh,Jason Kapono,Jermaine O'Neal,Jose Calderon,Andre Brown,D.J. Augustin,Gerald Wallace,Jason Richardson,Matt Carroll,2,6:22,TOR,sub,,,,Jermaine O'Neal,,Andrea Bargnani,,,,,,,,,,,,
Anthony Parker,Chris Bosh,Jason Kapono,Jermaine O'Neal,Jose Calderon,D.J. Augustin,Emeka Okafor,Gerald Wallace,Jason Richardson,Matt Carroll,2,6:22,CHA,sub,,,,Emeka Okafor,,Andre Brown,,,,,,,,,,,,
Anthony Parker,Chris Bosh,Jason Kapono,Jermaine O'Neal,Jose Calderon,D.J. Augustin,Emeka Okafor,Gerald Wallace,Jason Richardson,Raymond Felton,2,6:22,CHA,sub,,,,Raymond Felton,,Matt Carroll,,,,,,,,,,,,
Anthony Parker,Chris Bosh,Jason Kapono,Jermaine O'Neal,Jose Calderon,D.J. Augustin,Emeka Okafor,Gerald Wallace,Jason Richardson,Raymond Felton,2,6:08,CHA,shot,,,,,,,,,,Emeka Okafor,,,,missed,,jump,19,11
Anthony Parker,Chris Bosh,Jason Kapono,Jermaine O'Neal,Jose Calderon,D.J. Augustin,Emeka Okafor,Gerald Wallace,Jason Richardson,Raymond Felton,2,6:06,TOR,rebound,,,,,,,,,,Jason Kapono,,,,,,def,,
Anthony Parker,Chris Bosh,Jason Kapono,Jermaine O'Neal,Jose Calderon,D.J. Augustin,Emeka Okafor,Gerald Wallace,Jason Richardson,Raymond Felton,2,5:50,TOR,shot,,,,,,,,,,Chris Bosh,,,,missed,,fade away jumper,33,13
Anthony Parker,Chris Bosh,Jason Kapono,Jermaine O'Neal,Jose Calderon,D.J. Augustin,Emeka Okafor,Gerald Wallace,Jason Richardson,Raymond Felton,2,5:47,TOR,shot,,,Emeka Okafor,,,,,,,Jermaine O'Neal,,,,missed,,layup,25,6
Anthony Parker,Chris Bosh,Jason Kapono,Jermaine O'Neal,Jose Calderon,D.J. Augustin,Emeka Okafor,Gerald Wallace,Jason Richardson,Raymond Felton,2,5:47,TOR,rebound,,,,,,,,,,Jermaine O'Neal,,,,,,off,,
Anthony Parker,Chris Bosh,Jason Kapono,Jermaine O'Neal,Jose Calderon,D.J. Augustin,Emeka Okafor,Gerald Wallace,Jason Richardson,Raymond Felton,2,5:46,TOR,rebound,,,,,,,,,,Jermaine O'Neal,,,,,,off,,
Anthony Parker,Chris Bosh,Jason Kapono,Jermaine O'Neal,Jose Calderon,D.J. Augustin,Emeka Okafor,Gerald Wallace,Jason Richardson,Raymond Felton,2,5:46,CHA,foul,,,,,,,,Jermaine O'Neal,,Emeka Okafor,,,,,,shooting,,
Anthony Parker,Chris Bosh,Jason Kapono,Jermaine O'Neal,Jose Calderon,D.J. Augustin,Emeka Okafor,Gerald Wallace,Jason Richardson,Raymond Felton,2,5:46,TOR,free throw,,,,,,,1,,2,Jermaine O'Neal,,,foul,made,,,,
Anthony Parker,Chris Bosh,Jason Kapono,Jermaine O'Neal,Jose Calderon,D.J. Augustin,Gerald Wallace,Jason Richardson,Nazr Mohammed,Raymond Felton,2,5:46,CHA,sub,,,,Nazr Mohammed,,Emeka Okafor,,,,,,,,,,,,
Anthony Parker,Chris Bosh,Jason Kapono,Jermaine O'Neal,Jose Calderon,D.J. Augustin,Gerald Wallace,Jason Richardson,Nazr Mohammed,Raymond Felton,2,5:46,TOR,free throw,,,,,,,2,,2,Jermaine O'Neal,,,foul,made,,,,
Anthony Parker,Chris Bosh,Jason Kapono,Jermaine O'Neal,Jose Calderon,D.J. Augustin,Gerald Wallace,Jason Richardson,Nazr Mohammed,Raymond Felton,2,5:29,CHA,shot,,,,,,,,,,D.J. Augustin,,,,missed,,3pt,44,25
Anthony Parker,Chris Bosh,Jason Kapono,Jermaine O'Neal,Jose Calderon,D.J. Augustin,Gerald Wallace,Jason Richardson,Nazr Mohammed,Raymond Felton,2,5:27,TOR,rebound,,,,,,,,,,Jermaine O'Neal,,,,,,def,,
Anthony Parker,Chris Bosh,Jason Kapono,Jermaine O'Neal,Jose Calderon,D.J. Augustin,Gerald Wallace,Jason Richardson,Nazr Mohammed,Raymond Felton,2,5:21,TOR,shot,,,,,,,,,,Jermaine O'Neal,,,,missed,,jump,21,23
Anthony Parker,Chris Bosh,Jason Kapono,Jermaine O'Neal,Jose Calderon,D.J. Augustin,Gerald Wallace,Jason Richardson,Nazr Mohammed,Raymond Felton,2,5:20,CHA,rebound,,,,,,,,,,Raymond Felton,,,,,,def,,
Anthony Parker,Chris Bosh,Jason Kapono,Jermaine O'Neal,Jose Calderon,D.J. Augustin,Gerald Wallace,Jason Richardson,Nazr Mohammed,Raymond Felton,2,5:11,CHA,shot,,,,,,,,,,Raymond Felton,,,,missed,,jump,23,26
Anthony Parker,Chris Bosh,Jason Kapono,Jermaine O'Neal,Jose Calderon,D.J. Augustin,Gerald Wallace,Jason Richardson,Nazr Mohammed,Raymond Felton,2,5:10,TOR,rebound,,,,,,,,,,Jermaine O'Neal,,,,,,def,,
Anthony Parker,Chris Bosh,Jason Kapono,Jermaine O'Neal,Jose Calderon,D.J. Augustin,Gerald Wallace,Jason Richardson,Nazr Mohammed,Raymond Felton,2,4:52,TOR,shot,,,Gerald Wallace,,,,,,,Chris Bosh,,,,missed,,layup,25,6
Anthony Parker,Chris Bosh,Jason Kapono,Jermaine O'Neal,Jose Calderon,D.J. Augustin,Gerald Wallace,Jason Richardson,Nazr Mohammed,Raymond Felton,2,4:52,CHA,rebound,,,,,,,,,,,,,,,,,,
Anthony Parker,Chris Bosh,Jason Kapono,Jermaine O'Neal,Jose Calderon,D.J. Augustin,Gerald Wallace,Jason Richardson,Nazr Mohammed,Raymond Felton,2,4:31,CHA,shot,Raymond Felton,,,,,,,,,Nazr Mohammed,2,,,made,,layup,25,6
Anthony Parker,Chris Bosh,Jason Kapono,Jermaine O'Neal,Jose Calderon,D.J. Augustin,Gerald Wallace,Jason Richardson,Nazr Mohammed,Raymond Felton,2,4:13,TOR,shot,,,,,,,,,,Jose Calderon,2,,,made,,jump,13,22
Anthony Parker,Chris Bosh,Jason Kapono,Jermaine O'Neal,Jose Calderon,D.J. Augustin,Gerald Wallace,Jason Richardson,Nazr Mohammed,Raymond Felton,2,3:51,CHA,shot,,,,,,,,,,Gerald Wallace,2,,,made,,driving layup,25,6
Anthony Parker,Chris Bosh,Jason Kapono,Jermaine O'Neal,Jose Calderon,D.J. Augustin,Gerald Wallace,Jason Richardson,Nazr Mohammed,Raymond Felton,2,3:32,TOR,shot,Jose Calderon,,,,,,,,,Chris Bosh,2,,,made,,driving layup,25,6
Anthony Parker,Chris Bosh,Jason Kapono,Jermaine O'Neal,Jose Calderon,D.J. Augustin,Gerald Wallace,Jason Richardson,Nazr Mohammed,Raymond Felton,2,3:32,CHA,foul,,,,,,,,Chris Bosh,,Nazr Mohammed,,,,,,shooting,,
Anthony Parker,Chris Bosh,Jason Kapono,Jermaine O'Neal,Jose Calderon,D.J. Augustin,Gerald Wallace,Jason Richardson,Nazr Mohammed,Raymond Felton,2,3:32,TOR,free throw,,,,,,,1,,1,Chris Bosh,,,foul,made,,,,
Anthony Parker,Chris Bosh,Jason Kapono,Jermaine O'Neal,Jose Calderon,D.J. Augustin,Gerald Wallace,Jason Richardson,Nazr Mohammed,Raymond Felton,2,3:18,CHA,shot,,,,,,,,,,Gerald Wallace,2,,,made,,driving layup,25,6
Anthony Parker,Chris Bosh,Jason Kapono,Jermaine O'Neal,Jose Calderon,D.J. Augustin,Gerald Wallace,Jason Richardson,Nazr Mohammed,Raymond Felton,2,3:18,TOR,foul,,,,,,,,Gerald Wallace,,Jermaine O'Neal,,,,,,shooting,,
Anthony Parker,Chris Bosh,Jamario Moon,Jason Kapono,Jose Calderon,D.J. Augustin,Gerald Wallace,Jason Richardson,Nazr Mohammed,Raymond Felton,2,3:18,TOR,sub,,,,Jamario Moon,,Jermaine O'Neal,,,,,,,,,,,,
Anthony Parker,Chris Bosh,Jamario Moon,Jason Kapono,Jose Calderon,D.J. Augustin,Gerald Wallace,Jared Dudley,Jason Richardson,Raymond Felton,2,3:18,CHA,sub,,,,Jared Dudley,,Nazr Mohammed,,,,,,,,,,,,
Anthony Parker,Chris Bosh,Jamario Moon,Jason Kapono,Jose Calderon,D.J. Augustin,Gerald Wallace,Jared Dudley,Jason Richardson,Raymond Felton,2,3:18,CHA,free throw,,,,,,,1,,1,Gerald Wallace,,,foul,made,,,,
Anthony Parker,Chris Bosh,Jamario Moon,Jason Kapono,Jose Calderon,D.J. Augustin,Gerald Wallace,Jared Dudley,Jason Richardson,Raymond Felton,2,3:02,TOR,shot,,,,,,,,,,Jose Calderon,2,,,made,,jump,10,18
Anthony Parker,Chris Bosh,Jamario Moon,Jason Kapono,Jose Calderon,D.J. Augustin,Gerald Wallace,Jared Dudley,Jason Richardson,Raymond Felton,2,2:42,CHA,shot,,,,,,,,,,Raymond Felton,2,,,made,,turnaround hook,33,9
Anthony Parker,Chris Bosh,Jamario Moon,Jason Kapono,Jose Calderon,D.J. Augustin,Gerald Wallace,Jared Dudley,Jason Richardson,Raymond Felton,2,2:29,TOR,foul,,,,,,,,Jared Dudley,,Chris Bosh,,,,,,offensive,,
Anthony Parker,Chris Bosh,Jamario Moon,Jason Kapono,Jose Calderon,D.J. Augustin,Gerald Wallace,Jared Dudley,Jason Richardson,Raymond Felton,2,2:29,TOR,turnover,,,,,,,,,,Chris Bosh,,,foul,,,,,
Anthony Parker,Chris Bosh,Jamario Moon,Jason Kapono,Jose Calderon,D.J. Augustin,Gerald Wallace,Jared Dudley,Jason Richardson,Raymond Felton,2,2:29,TOR,timeout,,,,,,,,,,,,,,,,regular,,
Andrea Bargnani,Anthony Parker,Jamario Moon,Jason Kapono,Jose Calderon,D.J. Augustin,Gerald Wallace,Jared Dudley,Jason Richardson,Raymond Felton,2,2:29,TOR,sub,,,,Andrea Bargnani,,Chris Bosh,,,,,,,,,,,,
Andrea Bargnani,Anthony Parker,Jamario Moon,Jason Kapono,Jose Calderon,D.J. Augustin,Gerald Wallace,Jared Dudley,Jason Richardson,Raymond Felton,2,2:10,CHA,shot,,,,,,,,,,D.J. Augustin,2,,,made,,driving layup,25,6
Andrea Bargnani,Anthony Parker,Jamario Moon,Jason Kapono,Jose Calderon,D.J. Augustin,Gerald Wallace,Jared Dudley,Jason Richardson,Raymond Felton,2,2:10,TOR,foul,,,,,,,,D.J. Augustin,,Jamario Moon,,,,,,shooting,,
Andrea Bargnani,Anthony Parker,Jamario Moon,Jason Kapono,Jose Calderon,D.J. Augustin,Gerald Wallace,Jared Dudley,Jason Richardson,Raymond Felton,2,2:10,CHA,free throw,,,,,,,1,,1,D.J. Augustin,,,foul,made,,,,
Andrea Bargnani,Anthony Parker,Jamario Moon,Jason Kapono,Jose Calderon,D.J. Augustin,Gerald Wallace,Jared Dudley,Jason Richardson,Raymond Felton,2,1:52,TOR,shot,,,,,,,,,,Jose Calderon,,,,missed,,3pt,33,31
Andrea Bargnani,Anthony Parker,Jamario Moon,Jason Kapono,Jose Calderon,D.J. Augustin,Gerald Wallace,Jared Dudley,Jason Richardson,Raymond Felton,2,1:51,CHA,rebound,,,,,,,,,,Gerald Wallace,,,,,,def,,
Andrea Bargnani,Anthony Parker,Jamario Moon,Jason Kapono,Jose Calderon,D.J. Augustin,Gerald Wallace,Jared Dudley,Jason Richardson,Raymond Felton,2,1:34,CHA,shot,,,,,,,,,,Raymond Felton,,,,missed,,layup,25,6
Andrea Bargnani,Anthony Parker,Jamario Moon,Jason Kapono,Jose Calderon,D.J. Augustin,Gerald Wallace,Jared Dudley,Jason Richardson,Raymond Felton,2,1:33,TOR,rebound,,,,,,,,,,Andrea Bargnani,,,,,,def,,
Andrea Bargnani,Anthony Parker,Jamario Moon,Jason Kapono,Jose Calderon,D.J. Augustin,Gerald Wallace,Jared Dudley,Jason Richardson,Raymond Felton,2,1:24,TOR,shot,,,,,,,,,,Jose Calderon,2,,,made,,jump,20,24
Andrea Bargnani,Anthony Parker,Jamario Moon,Jason Kapono,Jose Calderon,D.J. Augustin,Gerald Wallace,Jared Dudley,Jason Richardson,Raymond Felton,2,0:58,CHA,shot,,,,,,,,,,D.J. Augustin,2,,,made,,fade away jumper,16,22
Andrea Bargnani,Anthony Parker,Jamario Moon,Jason Kapono,Jose Calderon,D.J. Augustin,Gerald Wallace,Jared Dudley,Jason Richardson,Raymond Felton,2,0:39,TOR,timeout,,,,,,,,,,,,,,,,short,,
Andrea Bargnani,Anthony Parker,Jamario Moon,Jason Kapono,Jose Calderon,D.J. Augustin,Gerald Wallace,Jared Dudley,Jason Richardson,Raymond Felton,2,0:33,TOR,shot,,,,,,,,,,Anthony Parker,,,,missed,,3pt,40,29
Andrea Bargnani,Anthony Parker,Jamario Moon,Jason Kapono,Jose Calderon,D.J. Augustin,Gerald Wallace,Jared Dudley,Jason Richardson,Raymond Felton,2,0:33,TOR,rebound,,,,,,,,,,,,,,,,,,
Andrea Bargnani,Anthony Parker,Jamario Moon,Jason Kapono,Jose Calderon,D.J. Augustin,Gerald Wallace,Jared Dudley,Jason Richardson,Raymond Felton,2,0:33,TOR,turnover,,,,,,,,,,,,,shot clock turnover,,,,,
Andrea Bargnani,Anthony Parker,Jamario Moon,Jason Kapono,Jose Calderon,Adam Morrison,D.J. Augustin,Gerald Wallace,Jason Richardson,Raymond Felton,2,0:33,CHA,sub,,,,Adam Morrison,,Jared Dudley,,,,,,,,,,,,
Andrea Bargnani,Anthony Parker,Jamario Moon,Jason Kapono,Jose Calderon,Adam Morrison,D.J. Augustin,Gerald Wallace,Jason Richardson,Raymond Felton,2,0:25,CHA,shot,,,,,,,,,,Adam Morrison,,,,missed,,3pt,15,30
Andrea Bargnani,Anthony Parker,Jamario Moon,Jason Kapono,Jose Calderon,Adam Morrison,D.J. Augustin,Gerald Wallace,Jason Richardson,Raymond Felton,2,0:23,TOR,rebound,,,,,,,,,,Jamario Moon,,,,,,def,,
Andrea Bargnani,Anthony Parker,Jamario Moon,Jason Kapono,Jose Calderon,Adam Morrison,D.J. Augustin,Gerald Wallace,Jason Richardson,Raymond Felton,2,0:02,TOR,shot,,,,,,,,,,Jose Calderon,,,,missed,,3pt,33,30
Andrea Bargnani,Anthony Parker,Jamario Moon,Jason Kapono,Jose Calderon,Adam Morrison,D.J. Augustin,Gerald Wallace,Jason Richardson,Raymond Felton,2,0:01,CHA,rebound,,,,,,,,,,Raymond Felton,,,,,,def,,
Andrea Bargnani,Anthony Parker,Jamario Moon,Jason Kapono,Jose Calderon,Adam Morrison,D.J. Augustin,Gerald Wallace,Jason Richardson,Raymond Felton,2,0:00,CHA,shot,,,,,,,,,,Raymond Felton,,,,missed,,3pt,24,57
Andrea Bargnani,Anthony Parker,Jamario Moon,Jason Kapono,Jose Calderon,Adam Morrison,D.J. Augustin,Gerald Wallace,Jason Richardson,Raymond Felton,2,0:00,CHA,rebound,,,,,,,,,,,,,,,,,,
Anthony Parker,Chris Bosh,Jamario Moon,Jermaine O'Neal,Jose Calderon,Emeka Okafor,Gerald Wallace,Jared Dudley,Jason Richardson,Raymond Felton,3,11:49,CHA,shot,Raymond Felton,,,,,,,,,Jason Richardson,2,,,made,,jump,32,24
Anthony Parker,Chris Bosh,Jamario Moon,Jermaine O'Neal,Jose Calderon,Emeka Okafor,Gerald Wallace,Jared Dudley,Jason Richardson,Raymond Felton,3,11:30,TOR,shot,Jermaine O'Neal,,,,,,,,,Anthony Parker,2,,,made,,jump,44,11
Anthony Parker,Chris Bosh,Jamario Moon,Jermaine O'Neal,Jose Calderon,Emeka Okafor,Gerald Wallace,Jared Dudley,Jason Richardson,Raymond Felton,3,11:14,CHA,shot,Jason Richardson,,,,,,,,,Emeka Okafor,2,,,made,,layup,25,6
Anthony Parker,Chris Bosh,Jamario Moon,Jermaine O'Neal,Jose Calderon,Emeka Okafor,Gerald Wallace,Jared Dudley,Jason Richardson,Raymond Felton,3,11:14,TOR,foul,,,,,,,,Emeka Okafor,,Chris Bosh,,,,,,shooting,,
Anthony Parker,Chris Bosh,Jamario Moon,Jermaine O'Neal,Jose Calderon,Emeka Okafor,Gerald Wallace,Jared Dudley,Jason Richardson,Raymond Felton,3,11:14,CHA,free throw,,,,,,,1,,1,Emeka Okafor,,,foul,made,,,,
Anthony Parker,Chris Bosh,Jamario Moon,Jermaine O'Neal,Jose Calderon,Emeka Okafor,Gerald Wallace,Jared Dudley,Jason Richardson,Raymond Felton,3,10:51,TOR,shot,Jamario Moon,,,,,,,,,Jose Calderon,2,,,made,,jump,10,16
Anthony Parker,Chris Bosh,Jamario Moon,Jermaine O'Neal,Jose Calderon,Emeka Okafor,Gerald Wallace,Jared Dudley,Jason Richardson,Raymond Felton,3,10:37,CHA,shot,Jason Richardson,,,,,,,,,Jared Dudley,2,,,made,,jump,5,8
Anthony Parker,Chris Bosh,Jamario Moon,Jermaine O'Neal,Jose Calderon,Emeka Okafor,Gerald Wallace,Jared Dudley,Jason Richardson,Raymond Felton,3,10:12,TOR,shot,,,,,,,,,,Chris Bosh,,,,missed,,jump,19,11
Anthony Parker,Chris Bosh,Jamario Moon,Jermaine O'Neal,Jose Calderon,Emeka Okafor,Gerald Wallace,Jared Dudley,Jason Richardson,Raymond Felton,3,10:12,TOR,rebound,,,,,,,,,,Jermaine O'Neal,,,,,,off,,
Anthony Parker,Chris Bosh,Jamario Moon,Jermaine O'Neal,Jose Calderon,Emeka Okafor,Gerald Wallace,Jared Dudley,Jason Richardson,Raymond Felton,3,10:12,CHA,foul,,,,,,,,Jermaine O'Neal,,Jared Dudley,,,,,,shooting,,
Anthony Parker,Chris Bosh,Jamario Moon,Jermaine O'Neal,Jose Calderon,Emeka Okafor,Gerald Wallace,Jared Dudley,Jason Richardson,Raymond Felton,3,10:12,TOR,free throw,,,,,,,1,,2,Jermaine O'Neal,,,foul,missed,,,,
Anthony Parker,Chris Bosh,Jamario Moon,Jermaine O'Neal,Jose Calderon,Emeka Okafor,Gerald Wallace,Jared Dudley,Jason Richardson,Raymond Felton,3,10:12,TOR,rebound,,,,,,,,,,,,,,,,,,
Anthony Parker,Chris Bosh,Jamario Moon,Jermaine O'Neal,Jose Calderon,Emeka Okafor,Gerald Wallace,Jared Dudley,Jason Richardson,Raymond Felton,3,10:12,TOR,free throw,,,,,,,2,,2,Jermaine O'Neal,,,foul,made,,,,
Anthony Parker,Chris Bosh,Jamario Moon,Jermaine O'Neal,Jose Calderon,Emeka Okafor,Gerald Wallace,Jared Dudley,Jason Richardson,Raymond Felton,3,9:59,CHA,shot,Gerald Wallace,,,,,,,,,Jason Richardson,2,,,made,,jump,12,21
Anthony Parker,Chris Bosh,Jamario Moon,Jermaine O'Neal,Jose Calderon,Emeka Okafor,Gerald Wallace,Jared Dudley,Jason Richardson,Raymond Felton,3,9:46,TOR,shot,Jermaine O'Neal,,,,,,,,,Jamario Moon,2,,,made,,jump,17,21
Anthony Parker,Chris Bosh,Jamario Moon,Jermaine O'Neal,Jose Calderon,Emeka Okafor,Gerald Wallace,Jared Dudley,Jason Richardson,Raymond Felton,3,9:24,CHA,shot,,,,,,,,,,Jared Dudley,,,,missed,,jump,22,12
Anthony Parker,Chris Bosh,Jamario Moon,Jermaine O'Neal,Jose Calderon,Emeka Okafor,Gerald Wallace,Jared Dudley,Jason Richardson,Raymond Felton,3,9:22,TOR,rebound,,,,,,,,,,Chris Bosh,,,,,,def,,
Anthony Parker,Chris Bosh,Jamario Moon,Jermaine O'Neal,Jose Calderon,Emeka Okafor,Gerald Wallace,Jared Dudley,Jason Richardson,Raymond Felton,3,9:15,TOR,turnover,,,,,,,,,,Chris Bosh,,,bad pass,,,,,
Anthony Parker,Chris Bosh,Jamario Moon,Jermaine O'Neal,Jose Calderon,Emeka Okafor,Gerald Wallace,Jared Dudley,Jason Richardson,Raymond Felton,3,8:59,CHA,shot,,,,,,,,,,Raymond Felton,,,,missed,,floating jump,23,13
Anthony Parker,Chris Bosh,Jamario Moon,Jermaine O'Neal,Jose Calderon,Emeka Okafor,Gerald Wallace,Jared Dudley,Jason Richardson,Raymond Felton,3,8:58,TOR,rebound,,,,,,,,,,Chris Bosh,,,,,,def,,
Anthony Parker,Chris Bosh,Jamario Moon,Jermaine O'Neal,Jose Calderon,Emeka Okafor,Gerald Wallace,Jared Dudley,Jason Richardson,Raymond Felton,3,8:41,TOR,shot,,,,,,,,,,Jermaine O'Neal,,,,missed,,turnaround fade away,25,14
Anthony Parker,Chris Bosh,Jamario Moon,Jermaine O'Neal,Jose Calderon,Emeka Okafor,Gerald Wallace,Jared Dudley,Jason Richardson,Raymond Felton,3,8:39,TOR,rebound,,,,,,,,,,Chris Bosh,,,,,,off,,
Anthony Parker,Chris Bosh,Jamario Moon,Jermaine O'Neal,Jose Calderon,Emeka Okafor,Gerald Wallace,Jared Dudley,Jason Richardson,Raymond Felton,3,8:35,TOR,shot,,,,,,,,,,Anthony Parker,,,,missed,,jump,27,18
Anthony Parker,Chris Bosh,Jamario Moon,Jermaine O'Neal,Jose Calderon,Emeka Okafor,Gerald Wallace,Jared Dudley,Jason Richardson,Raymond Felton,3,8:34,CHA,rebound,,,,,,,,,,Gerald Wallace,,,,,,def,,
Anthony Parker,Chris Bosh,Jamario Moon,Jermaine O'Neal,Jose Calderon,Emeka Okafor,Gerald Wallace,Jared Dudley,Jason Richardson,Raymond Felton,3,8:15,CHA,shot,,,,,,,,,,Gerald Wallace,,,,missed,,3pt,2,10
Anthony Parker,Chris Bosh,Jamario Moon,Jermaine O'Neal,Jose Calderon,Emeka Okafor,Gerald Wallace,Jared Dudley,Jason Richardson,Raymond Felton,3,8:14,CHA,rebound,,,,,,,,,,Emeka Okafor,,,,,,off,,
Anthony Parker,Chris Bosh,Jamario Moon,Jermaine O'Neal,Jose Calderon,Emeka Okafor,Gerald Wallace,Jared Dudley,Jason Richardson,Raymond Felton,3,7:59,CHA,shot,Raymond Felton,,,,,,,,,Jared Dudley,2,,,made,,jump,34,23
Anthony Parker,Chris Bosh,Jamario Moon,Jermaine O'Neal,Jose Calderon,Emeka Okafor,Gerald Wallace,Jared Dudley,Jason Richardson,Raymond Felton,3,7:59,TOR,timeout,,,,,,,,,,,,,,,,regular,,
Anthony Parker,Chris Bosh,Jamario Moon,Jermaine O'Neal,Jose Calderon,Emeka Okafor,Gerald Wallace,Jared Dudley,Jason Richardson,Raymond Felton,3,7:48,TOR,shot,,,,,,,,,,Anthony Parker,,,,missed,,3pt,48,8
Anthony Parker,Chris Bosh,Jamario Moon,Jermaine O'Neal,Jose Calderon,Emeka Okafor,Gerald Wallace,Jared Dudley,Jason Richardson,Raymond Felton,3,7:46,TOR,rebound,,,,,,,,,,Chris Bosh,,,,,,off,,
Anthony Parker,Chris Bosh,Jamario Moon,Jermaine O'Neal,Jose Calderon,Emeka Okafor,Gerald Wallace,Jared Dudley,Jason Richardson,Raymond Felton,3,7:40,CHA,foul,,,,,,,,Jermaine O'Neal,,Raymond Felton,,,,,,personal,,
Anthony Parker,Chris Bosh,Jamario Moon,Jermaine O'Neal,Jose Calderon,Emeka Okafor,Gerald Wallace,Jared Dudley,Jason Richardson,Raymond Felton,3,7:29,TOR,turnover,,,,,,,,,,Jermaine O'Neal,,,bad pass,,Gerald Wallace,,,
Anthony Parker,Chris Bosh,Jamario Moon,Jermaine O'Neal,Jose Calderon,Emeka Okafor,Gerald Wallace,Jared Dudley,Jason Richardson,Raymond Felton,3,7:14,CHA,shot,,,,,,,,,,Jason Richardson,,,,missed,,layup,25,6
Anthony Parker,Chris Bosh,Jamario Moon,Jermaine O'Neal,Jose Calderon,Emeka Okafor,Gerald Wallace,Jared Dudley,Jason Richardson,Raymond Felton,3,7:12,CHA,shot,,,,,,,,,,Jason Richardson,2,,,made,,layup,25,6
Anthony Parker,Chris Bosh,Jamario Moon,Jermaine O'Neal,Jose Calderon,Emeka Okafor,Gerald Wallace,Jared Dudley,Jason Richardson,Raymond Felton,3,7:12,CHA,rebound,,,,,,,,,,Jason Richardson,,,,,,off,,
Anthony Parker,Chris Bosh,Jamario Moon,Jermaine O'Neal,Jose Calderon,Emeka Okafor,Gerald Wallace,Jared Dudley,Jason Richardson,Raymond Felton,3,6:50,TOR,shot,Anthony Parker,,,,,,,,,Jose Calderon,3,,,made,,3pt,34,31
Anthony Parker,Chris Bosh,Jamario Moon,Jermaine O'Neal,Jose Calderon,Emeka Okafor,Gerald Wallace,Jared Dudley,Jason Richardson,Raymond Felton,3,6:26,CHA,shot,,,,,,,,,,Raymond Felton,2,,,made,,driving layup,25,6
Anthony Parker,Chris Bosh,Jamario Moon,Jermaine O'Neal,Jose Calderon,Emeka Okafor,Gerald Wallace,Jared Dudley,Jason Richardson,Raymond Felton,3,6:08,TOR,turnover,,,,,,,,,,Jermaine O'Neal,,,bad pass,,,,,
Anthony Parker,Chris Bosh,Jamario Moon,Jermaine O'Neal,Jose Calderon,Emeka Okafor,Gerald Wallace,Jared Dudley,Jason Richardson,Raymond Felton,3,5:49,CHA,shot,,,,,,,,,,Jared Dudley,,,,missed,,jump,11,19
Anthony Parker,Chris Bosh,Jamario Moon,Jermaine O'Neal,Jose Calderon,Emeka Okafor,Gerald Wallace,Jared Dudley,Jason Richardson,Raymond Felton,3,5:48,TOR,rebound,,,,,,,,,,Jamario Moon,,,,,,def,,
Anthony Parker,Chris Bosh,Jamario Moon,Jermaine O'Neal,Jose Calderon,Emeka Okafor,Gerald Wallace,Jared Dudley,Jason Richardson,Raymond Felton,3,5:39,TOR,shot,,,,,,,,,,Chris Bosh,,,,missed,,jump,25,26
Anthony Parker,Chris Bosh,Jamario Moon,Jermaine O'Neal,Jose Calderon,Emeka Okafor,Gerald Wallace,Jared Dudley,Jason Richardson,Raymond Felton,3,5:38,CHA,rebound,,,,,,,,,,,,,,,,,,
Andrea Bargnani,Anthony Parker,Chris Bosh,Jamario Moon,Jose Calderon,Emeka Okafor,Gerald Wallace,Jared Dudley,Jason Richardson,Raymond Felton,3,5:37,TOR,sub,,,,Andrea Bargnani,,Jermaine O'Neal,,,,,,,,,,,,
Andrea Bargnani,Anthony Parker,Chris Bosh,Jamario Moon,Jose Calderon,Emeka Okafor,Gerald Wallace,Jared Dudley,Jason Richardson,Raymond Felton,3,5:23,TOR,foul,,,,,,,,Gerald Wallace,,Jose Calderon,,,,,,personal,,
Andrea Bargnani,Anthony Parker,Chris Bosh,Jamario Moon,Jose Calderon,Emeka Okafor,Gerald Wallace,Jared Dudley,Jason Richardson,Raymond Felton,3,5:23,CHA,timeout,,,,,,,,,,,,,,,,regular,,
Andrea Bargnani,Anthony Parker,Chris Bosh,Jamario Moon,Jose Calderon,Emeka Okafor,Gerald Wallace,Jared Dudley,Jason Richardson,Raymond Felton,3,5:16,CHA,shot,,,,,,,,,,Jason Richardson,,,,missed,,jump,36,22
Andrea Bargnani,Anthony Parker,Chris Bosh,Jamario Moon,Jose Calderon,Emeka Okafor,Gerald Wallace,Jared Dudley,Jason Richardson,Raymond Felton,3,5:14,TOR,rebound,,,,,,,,,,Jamario Moon,,,,,,def,,
Andrea Bargnani,Anthony Parker,Chris Bosh,Jamario Moon,Jose Calderon,Emeka Okafor,Gerald Wallace,Jared Dudley,Jason Richardson,Raymond Felton,3,5:04,CHA,foul,,,,,,,,Andrea Bargnani,,Jason Richardson,,,,,,personal,,
Andrea Bargnani,Anthony Parker,Chris Bosh,Jamario Moon,Jose Calderon,Emeka Okafor,Gerald Wallace,Jared Dudley,Jason Richardson,Raymond Felton,3,4:58,TOR,shot,,,,,,,,,,Chris Bosh,2,,,made,,driving dunk,25,6
Andrea Bargnani,Anthony Parker,Chris Bosh,Jamario Moon,Jose Calderon,Emeka Okafor,Gerald Wallace,Jared Dudley,Jason Richardson,Raymond Felton,3,4:58,CHA,foul,,,,,,,,Chris Bosh,,Jared Dudley,,,,,,shooting,,
Andrea Bargnani,Anthony Parker,Chris Bosh,Jamario Moon,Jose Calderon,Emeka Okafor,Gerald Wallace,Jared Dudley,Jason Richardson,Raymond Felton,3,4:58,TOR,free throw,,,,,,,1,,1,Chris Bosh,,,foul,made,,,,
Andrea Bargnani,Anthony Parker,Chris Bosh,Jamario Moon,Jose Calderon,Emeka Okafor,Gerald Wallace,Jared Dudley,Jason Richardson,Raymond Felton,3,4:37,CHA,shot,Gerald Wallace,,,,,,,,,Jason Richardson,2,,,made,,jump,5,9
Andrea Bargnani,Anthony Parker,Chris Bosh,Jamario Moon,Jose Calderon,Emeka Okafor,Gerald Wallace,Jared Dudley,Jason Richardson,Raymond Felton,3,4:15,TOR,shot,Chris Bosh,,,,,,,,,Anthony Parker,2,,,made,,layup,25,6
Andrea Bargnani,Anthony Parker,Chris Bosh,Jamario Moon,Jose Calderon,Emeka Okafor,Gerald Wallace,Jared Dudley,Jason Richardson,Raymond Felton,3,4:15,CHA,foul,,,,,,,,Anthony Parker,,Emeka Okafor,,,,,,shooting,,
Andrea Bargnani,Anthony Parker,Chris Bosh,Jamario Moon,Jose Calderon,D.J. Augustin,Emeka Okafor,Gerald Wallace,Jared Dudley,Jason Richardson,3,4:15,CHA,sub,,,,D.J. Augustin,,Raymond Felton,,,,,,,,,,,,
Andrea Bargnani,Anthony Parker,Chris Bosh,Jamario Moon,Jose Calderon,Andre Brown,D.J. Augustin,Gerald Wallace,Jared Dudley,Jason Richardson,3,4:15,CHA,sub,,,,Andre Brown,,Emeka Okafor,,,,,,,,,,,,
Andrea Bargnani,Anthony Parker,Chris Bosh,Jamario Moon,Jose Calderon,Andre Brown,D.J. Augustin,Gerald Wallace,Jared Dudley,Jason Richardson,3,4:15,TOR,free throw,,,,,,,1,,1,Anthony Parker,,,foul,missed,,,,
Andrea Bargnani,Anthony Parker,Chris Bosh,Jamario Moon,Jose Calderon,Andre Brown,D.J. Augustin,Gerald Wallace,Jared Dudley,Jason Richardson,3,4:13,CHA,rebound,,,,,,,,,,Gerald Wallace,,,,,,def,,
Andrea Bargnani,Anthony Parker,Chris Bosh,Jamario Moon,Jose Calderon,Andre Brown,D.J. Augustin,Gerald Wallace,Jared Dudley,Jason Richardson,3,3:49,CHA,shot,,,,,,,,,,D.J. Augustin,,,,missed,,3pt,48,18
Andrea Bargnani,Anthony Parker,Chris Bosh,Jamario Moon,Jose Calderon,Andre Brown,D.J. Augustin,Gerald Wallace,Jared Dudley,Jason Richardson,3,3:48,TOR,rebound,,,,,,,,,,,,,,,,,,
Andrea Bargnani,Anthony Parker,Chris Bosh,Jamario Moon,Jose Calderon,Andre Brown,D.J. Augustin,Gerald Wallace,Jared Dudley,Jason Richardson,3,3:48,CHA,foul,,,,,,,,Andrea Bargnani,,Gerald Wallace,,,,,,loose ball,,
Andrea Bargnani,Anthony Parker,Chris Bosh,Jamario Moon,Jose Calderon,Andre Brown,D.J. Augustin,Gerald Wallace,Jared Dudley,Jason Richardson,3,3:48,TOR,free throw,,,,,,,1,,2,Andrea Bargnani,,,foul,made,,,,
Andrea Bargnani,Anthony Parker,Chris Bosh,Jamario Moon,Jose Calderon,Adam Morrison,Andre Brown,D.J. Augustin,Gerald Wallace,Jason Richardson,3,3:48,CHA,sub,,,,Adam Morrison,,Jared Dudley,,,,,,,,,,,,
Andrea Bargnani,Anthony Parker,Chris Bosh,Jamario Moon,Jose Calderon,Adam Morrison,Andre Brown,D.J. Augustin,Gerald Wallace,Jason Richardson,3,3:48,TOR,free throw,,,,,,,2,,2,Andrea Bargnani,,,foul,missed,,,,
Andrea Bargnani,Anthony Parker,Chris Bosh,Jamario Moon,Jose Calderon,Adam Morrison,Andre Brown,D.J. Augustin,Gerald Wallace,Jason Richardson,3,3:46,CHA,rebound,,,,,,,,,,Gerald Wallace,,,,,,def,,
Andrea Bargnani,Anthony Parker,Chris Bosh,Jamario Moon,Jose Calderon,Adam Morrison,Andre Brown,D.J. Augustin,Gerald Wallace,Jason Richardson,3,3:32,CHA,shot,,,,,,,,,,Jason Richardson,,,,missed,,3pt,48,9
Andrea Bargnani,Anthony Parker,Chris Bosh,Jamario Moon,Jose Calderon,Adam Morrison,Andre Brown,D.J. Augustin,Gerald Wallace,Jason Richardson,3,3:31,TOR,rebound,,,,,,,,,,Chris Bosh,,,,,,def,,
Andrea Bargnani,Anthony Parker,Chris Bosh,Jamario Moon,Jose Calderon,Adam Morrison,Andre Brown,D.J. Augustin,Gerald Wallace,Jason Richardson,3,3:14,TOR,shot,,,,,,,,,,Anthony Parker,2,,,made,,driving layup,25,6
Andrea Bargnani,Anthony Parker,Chris Bosh,Jamario Moon,Jose Calderon,Adam Morrison,Andre Brown,D.J. Augustin,Gerald Wallace,Jason Richardson,3,2:51,CHA,shot,,,,,,,,,,Jason Richardson,,,,missed,,finger roll layup,25,6
Andrea Bargnani,Anthony Parker,Chris Bosh,Jamario Moon,Jose Calderon,Adam Morrison,Andre Brown,D.J. Augustin,Gerald Wallace,Jason Richardson,3,2:49,CHA,shot,,,,,,,,,,Andre Brown,,,,missed,,layup,25,6
Andrea Bargnani,Anthony Parker,Chris Bosh,Jamario Moon,Jose Calderon,Adam Morrison,Andre Brown,D.J. Augustin,Gerald Wallace,Jason Richardson,3,2:49,CHA,rebound,,,,,,,,,,Andre Brown,,,,,,off,,
Andrea Bargnani,Anthony Parker,Chris Bosh,Jamario Moon,Jose Calderon,Adam Morrison,Andre Brown,D.J. Augustin,Gerald Wallace,Jason Richardson,3,2:46,TOR,rebound,,,,,,,,,,Jamario Moon,,,,,,def,,
Andrea Bargnani,Anthony Parker,Chris Bosh,Jamario Moon,Jose Calderon,Adam Morrison,Andre Brown,D.J. Augustin,Gerald Wallace,Jason Richardson,3,2:39,TOR,shot,,,,,,,,,,Anthony Parker,,,,missed,,3pt,10,26
Andrea Bargnani,Anthony Parker,Chris Bosh,Jamario Moon,Jose Calderon,Adam Morrison,Andre Brown,D.J. Augustin,Gerald Wallace,Jason Richardson,3,2:39,CHA,rebound,,,,,,,,,,,,,,,,,,
Andrea Bargnani,Anthony Parker,Chris Bosh,Jamario Moon,Jose Calderon,Adam Morrison,Andre Brown,D.J. Augustin,Gerald Wallace,Jason Richardson,3,2:18,CHA,shot,Andre Brown,,,,,,,,,Adam Morrison,2,,,made,,jump,40,7
Andrea Bargnani,Anthony Parker,Chris Bosh,Jamario Moon,Jose Calderon,Adam Morrison,Andre Brown,D.J. Augustin,Gerald Wallace,Jason Richardson,3,1:55,TOR,shot,Chris Bosh,,,,,,,,,Andrea Bargnani,3,,,made,,3pt,12,28
Andrea Bargnani,Anthony Parker,Chris Bosh,Jamario Moon,Jose Calderon,Adam Morrison,Andre Brown,D.J. Augustin,Gerald Wallace,Jason Richardson,3,1:37,CHA,shot,,,,,,,,,,Adam Morrison,,,,missed,,jump,33,24
Andrea Bargnani,Anthony Parker,Chris Bosh,Jamario Moon,Jose Calderon,Adam Morrison,Andre Brown,D.J. Augustin,Gerald Wallace,Jason Richardson,3,1:36,TOR,rebound,,,,,,,,,,Chris Bosh,,,,,,def,,
Andrea Bargnani,Anthony Parker,Chris Bosh,Jamario Moon,Jose Calderon,Adam Morrison,Andre Brown,D.J. Augustin,Gerald Wallace,Jason Richardson,3,1:26,TOR,shot,,,,,,,,,,Jose Calderon,,,,missed,,jump,34,24
Andrea Bargnani,Anthony Parker,Chris Bosh,Jamario Moon,Jose Calderon,Adam Morrison,Andre Brown,D.J. Augustin,Gerald Wallace,Jason Richardson,3,1:23,CHA,rebound,,,,,,,,,,Adam Morrison,,,,,,def,,
Andrea Bargnani,Anthony Parker,Chris Bosh,Jamario Moon,Jose Calderon,Adam Morrison,Andre Brown,D.J. Augustin,Gerald Wallace,Jason Richardson,3,1:13,CHA,turnover,,,,,,,,,,Jason Richardson,,,bad pass,,Andrea Bargnani,,,
Andrea Bargnani,Anthony Parker,Chris Bosh,Jamario Moon,Jose Calderon,Adam Morrison,Andre Brown,D.J. Augustin,Gerald Wallace,Jason Richardson,3,0:56,TOR,shot,Jose Calderon,,,,,,,,,Chris Bosh,2,,,made,,jump,22,12
Andrea Bargnani,Anthony Parker,Chris Bosh,Jamario Moon,Jose Calderon,Adam Morrison,Andre Brown,D.J. Augustin,Gerald Wallace,Jason Richardson,3,0:43,CHA,shot,D.J. Augustin,,,,,,,,,Adam Morrison,3,,,made,,3pt,48,13
Andrea Bargnani,Anthony Parker,Chris Bosh,Jamario Moon,Jose Calderon,Adam Morrison,Andre Brown,D.J. Augustin,Gerald Wallace,Matt Carroll,3,0:27,CHA,sub,,,,Matt Carroll,,Jason Richardson,,,,,,,,,,,,
Andrea Bargnani,Anthony Parker,Chris Bosh,Jamario Moon,Jose Calderon,Adam Morrison,D.J. Augustin,Gerald Wallace,Jared Dudley,Matt Carroll,3,0:27,CHA,sub,,,,Jared Dudley,,Andre Brown,,,,,,,,,,,,
Andrea Bargnani,Anthony Parker,Chris Bosh,Jamario Moon,Jose Calderon,Adam Morrison,D.J. Augustin,Gerald Wallace,Jared Dudley,Matt Carroll,3,0:21,TOR,shot,,,,,,,,,,Chris Bosh,,,,missed,,jump,31,24
Andrea Bargnani,Anthony Parker,Chris Bosh,Jamario Moon,Jose Calderon,Adam Morrison,D.J. Augustin,Gerald Wallace,Jared Dudley,Matt Carroll,3,0:20,CHA,rebound,,,,,,,,,,Gerald Wallace,,,,,,def,,
Andrea Bargnani,Anthony Parker,Chris Bosh,Jamario Moon,Jose Calderon,Adam Morrison,D.J. Augustin,Gerald Wallace,Jared Dudley,Matt Carroll,3,0:06,CHA,shot,,,,,,,,,,Adam Morrison,,,,missed,,3pt,4,19
Andrea Bargnani,Anthony Parker,Chris Bosh,Jamario Moon,Jose Calderon,Adam Morrison,D.J. Augustin,Gerald Wallace,Jared Dudley,Matt Carroll,3,0:05,TOR,rebound,,,,,,,,,,Anthony Parker,,,,,,def,,
Andrea Bargnani,Anthony Parker,Chris Bosh,Jamario Moon,Jose Calderon,Adam Morrison,D.J. Augustin,Gerald Wallace,Jared Dudley,Matt Carroll,3,0:00,TOR,shot,,,,,,,,,,Anthony Parker,,,,missed,,jump,22,25
Andrea Bargnani,Anthony Parker,Chris Bosh,Jamario Moon,Jose Calderon,Adam Morrison,D.J. Augustin,Gerald Wallace,Jared Dudley,Matt Carroll,3,0:00,TOR,rebound,,,,,,,,,,,,,,,,,,
Andrea Bargnani,Chris Bosh,Jamario Moon,Jason Kapono,Will Solomon,Adam Morrison,D.J. Augustin,Gerald Wallace,Jared Dudley,Matt Carroll,4,11:47,TOR,shot,Will Solomon,,,,,,,,,Chris Bosh,2,,,made,,layup,25,6
Andrea Bargnani,Chris Bosh,Jamario Moon,Jason Kapono,Will Solomon,Adam Morrison,D.J. Augustin,Gerald Wallace,Jared Dudley,Matt Carroll,4,11:30,CHA,shot,,,Chris Bosh,,,,,,,Gerald Wallace,,,,missed,,layup,25,6
Andrea Bargnani,Chris Bosh,Jamario Moon,Jason Kapono,Will Solomon,Adam Morrison,D.J. Augustin,Gerald Wallace,Jared Dudley,Matt Carroll,4,11:28,CHA,rebound,,,,,,,,,,Adam Morrison,,,,,,off,,
Andrea Bargnani,Chris Bosh,Jamario Moon,Jason Kapono,Will Solomon,Adam Morrison,D.J. Augustin,Gerald Wallace,Jared Dudley,Matt Carroll,4,11:26,CHA,shot,,,,,,,,,,Adam Morrison,,,,missed,,layup,25,6
Andrea Bargnani,Chris Bosh,Jamario Moon,Jason Kapono,Will Solomon,Adam Morrison,D.J. Augustin,Gerald Wallace,Jared Dudley,Matt Carroll,4,11:26,CHA,shot,,,,,,,,,,Adam Morrison,,,,missed,,layup,25,6
Andrea Bargnani,Chris Bosh,Jamario Moon,Jason Kapono,Will Solomon,Adam Morrison,D.J. Augustin,Gerald Wallace,Jared Dudley,Matt Carroll,4,11:26,CHA,rebound,,,,,,,,,,Adam Morrison,,,,,,off,,
Andrea Bargnani,Chris Bosh,Jamario Moon,Jason Kapono,Will Solomon,Adam Morrison,D.J. Augustin,Gerald Wallace,Jared Dudley,Matt Carroll,4,11:26,CHA,rebound,,,,,,,,,,,,,,,,,,
Andrea Bargnani,Chris Bosh,Jamario Moon,Jason Kapono,Will Solomon,Adam Morrison,D.J. Augustin,Gerald Wallace,Jared Dudley,Matt Carroll,4,11:26,CHA,timeout,,,,,,,,,,,,,,,,short,,
Andrea Bargnani,Chris Bosh,Jamario Moon,Jason Kapono,Will Solomon,Adam Morrison,D.J. Augustin,Gerald Wallace,Jared Dudley,Matt Carroll,4,11:22,CHA,shot,,,Chris Bosh,,,,,,,Gerald Wallace,,,,missed,,layup,25,6
Andrea Bargnani,Chris Bosh,Jamario Moon,Jason Kapono,Will Solomon,Adam Morrison,D.J. Augustin,Gerald Wallace,Jared Dudley,Matt Carroll,4,11:19,TOR,rebound,,,,,,,,,,Jamario Moon,,,,,,def,,
Andrea Bargnani,Chris Bosh,Jamario Moon,Jason Kapono,Will Solomon,Adam Morrison,D.J. Augustin,Gerald Wallace,Jared Dudley,Matt Carroll,4,11:10,CHA,foul,,,,,,,,Chris Bosh,,Gerald Wallace,,,,,,shooting,,
Andrea Bargnani,Chris Bosh,Jamario Moon,Jason Kapono,Will Solomon,Adam Morrison,D.J. Augustin,Gerald Wallace,Jared Dudley,Matt Carroll,4,11:10,TOR,free throw,,,,,,,1,,2,Chris Bosh,,,foul,made,,,,
Andrea Bargnani,Chris Bosh,Jamario Moon,Jason Kapono,Will Solomon,Adam Morrison,D.J. Augustin,Gerald Wallace,Jared Dudley,Matt Carroll,4,11:10,TOR,free throw,,,,,,,2,,2,Chris Bosh,,,foul,missed,,,,
Andrea Bargnani,Chris Bosh,Jamario Moon,Jason Kapono,Will Solomon,Adam Morrison,D.J. Augustin,Gerald Wallace,Jared Dudley,Matt Carroll,4,11:08,CHA,rebound,,,,,,,,,,Gerald Wallace,,,,,,def,,
Andrea Bargnani,Chris Bosh,Jamario Moon,Jason Kapono,Will Solomon,Adam Morrison,D.J. Augustin,Gerald Wallace,Jared Dudley,Matt Carroll,4,10:56,CHA,shot,,,,,,,,,,Matt Carroll,,,,missed,,jump,36,25
Andrea Bargnani,Chris Bosh,Jamario Moon,Jason Kapono,Will Solomon,Adam Morrison,D.J. Augustin,Gerald Wallace,Jared Dudley,Matt Carroll,4,10:54,TOR,rebound,,,,,,,,,,Jamario Moon,,,,,,def,,
Andrea Bargnani,Chris Bosh,Jamario Moon,Jason Kapono,Will Solomon,Adam Morrison,D.J. Augustin,Gerald Wallace,Jared Dudley,Matt Carroll,4,10:40,TOR,shot,Jamario Moon,,,,,,,,,Andrea Bargnani,2,,,made,,jump,38,20
Andrea Bargnani,Chris Bosh,Jamario Moon,Jason Kapono,Will Solomon,Adam Morrison,D.J. Augustin,Gerald Wallace,Jared Dudley,Matt Carroll,4,10:24,CHA,shot,D.J. Augustin,,,,,,,,,Jared Dudley,2,,,made,,layup,25,6
Andrea Bargnani,Chris Bosh,Jamario Moon,Jason Kapono,Will Solomon,Adam Morrison,D.J. Augustin,Gerald Wallace,Jared Dudley,Matt Carroll,4,10:03,TOR,shot,,,,,,,,,,Andrea Bargnani,,,,missed,,jump,45,7
Andrea Bargnani,Chris Bosh,Jamario Moon,Jason Kapono,Will Solomon,Adam Morrison,D.J. Augustin,Gerald Wallace,Jared Dudley,Matt Carroll,4,10:02,CHA,rebound,,,,,,,,,,Jared Dudley,,,,,,def,,
Andrea Bargnani,Chris Bosh,Jamario Moon,Jason Kapono,Will Solomon,Adam Morrison,D.J. Augustin,Gerald Wallace,Jared Dudley,Matt Carroll,4,9:50,CHA,shot,,,,,,,,,,D.J. Augustin,,,,missed,,3pt,21,31
Andrea Bargnani,Chris Bosh,Jamario Moon,Jason Kapono,Will Solomon,Adam Morrison,D.J. Augustin,Gerald Wallace,Jared Dudley,Matt Carroll,4,9:49,TOR,rebound,,,,,,,,,,Jamario Moon,,,,,,def,,
Andrea Bargnani,Chris Bosh,Jamario Moon,Jason Kapono,Will Solomon,Adam Morrison,D.J. Augustin,Gerald Wallace,Jared Dudley,Matt Carroll,4,9:33,TOR,shot,Will Solomon,,,,,,,,,Andrea Bargnani,2,,,made,,layup,25,6
Andrea Bargnani,Chris Bosh,Jamario Moon,Jason Kapono,Will Solomon,Adam Morrison,D.J. Augustin,Gerald Wallace,Jared Dudley,Matt Carroll,4,9:04,CHA,shot,,,,,,,,,,D.J. Augustin,,,,missed,,jump,23,12
Andrea Bargnani,Chris Bosh,Jamario Moon,Jason Kapono,Will Solomon,Adam Morrison,D.J. Augustin,Gerald Wallace,Jared Dudley,Matt Carroll,4,9:03,TOR,rebound,,,,,,,,,,Jamario Moon,,,,,,def,,
Andrea Bargnani,Chris Bosh,Jamario Moon,Jason Kapono,Will Solomon,Adam Morrison,D.J. Augustin,Gerald Wallace,Jared Dudley,Matt Carroll,4,8:56,TOR,shot,,,Jared Dudley,,,,,,,Chris Bosh,,,,missed,,jump,20,13
Andrea Bargnani,Chris Bosh,Jamario Moon,Jason Kapono,Will Solomon,Adam Morrison,D.J. Augustin,Gerald Wallace,Jared Dudley,Matt Carroll,4,8:56,CHA,rebound,,,,,,,,,,,,,,,,,,
Andrea Bargnani,Chris Bosh,Jamario Moon,Jason Kapono,Will Solomon,Adam Morrison,D.J. Augustin,Gerald Wallace,Jared Dudley,Matt Carroll,4,8:56,OFF,timeout,,,,,,,,,,,,,,,,official,,
Andrea Bargnani,Chris Bosh,Jamario Moon,Jason Kapono,Will Solomon,Adam Morrison,D.J. Augustin,Emeka Okafor,Jared Dudley,Matt Carroll,4,8:56,CHA,sub,,,,Emeka Okafor,,Gerald Wallace,,,,,,,,,,,,
Andrea Bargnani,Chris Bosh,Jamario Moon,Jason Kapono,Will Solomon,Adam Morrison,Emeka Okafor,Jared Dudley,Matt Carroll,Raymond Felton,4,8:56,CHA,sub,,,,Raymond Felton,,D.J. Augustin,,,,,,,,,,,,
Andrea Bargnani,Chris Bosh,Jamario Moon,Jason Kapono,Will Solomon,Adam Morrison,Emeka Okafor,Jared Dudley,Jason Richardson,Raymond Felton,4,8:56,CHA,sub,,,,Jason Richardson,,Matt Carroll,,,,,,,,,,,,
Andrea Bargnani,Chris Bosh,Jamario Moon,Jason Kapono,Will Solomon,Adam Morrison,Emeka Okafor,Jared Dudley,Jason Richardson,Raymond Felton,4,8:33,CHA,shot,Raymond Felton,,,,,,,,,Jared Dudley,2,,,made,,jump,31,25
Andrea Bargnani,Chris Bosh,Jamario Moon,Jason Kapono,Will Solomon,Adam Morrison,Emeka Okafor,Jared Dudley,Jason Richardson,Raymond Felton,4,8:15,TOR,shot,Will Solomon,,,,,,,,,Jamario Moon,2,,,made,,layup,25,6
Andrea Bargnani,Chris Bosh,Jamario Moon,Jason Kapono,Will Solomon,Adam Morrison,Emeka Okafor,Jared Dudley,Jason Richardson,Raymond Felton,4,7:58,CHA,shot,Raymond Felton,,,,,,,,,Jason Richardson,3,,,made,,3pt,48,9
Andrea Bargnani,Chris Bosh,Jamario Moon,Jason Kapono,Will Solomon,Adam Morrison,Emeka Okafor,Jared Dudley,Jason Richardson,Raymond Felton,4,7:42,TOR,turnover,,,,,,,,,,Will Solomon,,,lost ball,,Raymond Felton,,,
Andrea Bargnani,Chris Bosh,Jamario Moon,Jason Kapono,Will Solomon,Adam Morrison,Emeka Okafor,Jared Dudley,Jason Richardson,Raymond Felton,4,7:28,CHA,turnover,,,,,,,,,,Raymond Felton,,,lost ball,,Will Solomon,,,
Andrea Bargnani,Chris Bosh,Jamario Moon,Jason Kapono,Will Solomon,Adam Morrison,Emeka Okafor,Jared Dudley,Jason Richardson,Raymond Felton,4,7:23,TOR,shot,Will Solomon,,,,,,,,,Chris Bosh,2,,,made,,layup,25,6
Andrea Bargnani,Chris Bosh,Jamario Moon,Jason Kapono,Will Solomon,Adam Morrison,Emeka Okafor,Jared Dudley,Jason Richardson,Raymond Felton,4,7:02,CHA,shot,,,Andrea Bargnani,,,,,,,Jason Richardson,,,,missed,,layup,25,6
Andrea Bargnani,Chris Bosh,Jamario Moon,Jason Kapono,Will Solomon,Adam Morrison,Emeka Okafor,Jared Dudley,Jason Richardson,Raymond Felton,4,7:00,TOR,rebound,,,,,,,,,,Andrea Bargnani,,,,,,def,,
Andrea Bargnani,Chris Bosh,Jamario Moon,Jason Kapono,Will Solomon,Adam Morrison,Emeka Okafor,Jared Dudley,Jason Richardson,Raymond Felton,4,6:47,TOR,shot,,,,,,,,,,Will Solomon,,,,missed,,3pt,28,32
Andrea Bargnani,Chris Bosh,Jamario Moon,Jason Kapono,Will Solomon,Adam Morrison,Emeka Okafor,Jared Dudley,Jason Richardson,Raymond Felton,4,6:46,CHA,rebound,,,,,,,,,,Jared Dudley,,,,,,def,,
Andrea Bargnani,Chris Bosh,Jamario Moon,Jason Kapono,Will Solomon,Adam Morrison,Emeka Okafor,Jared Dudley,Jason Richardson,Raymond Felton,4,6:23,CHA,shot,,,,,,,,,,Emeka Okafor,,,,missed,,turnaround bank,18,12
Andrea Bargnani,Chris Bosh,Jamario Moon,Jason Kapono,Will Solomon,Adam Morrison,Emeka Okafor,Jared Dudley,Jason Richardson,Raymond Felton,4,6:22,TOR,rebound,,,,,,,,,,Chris Bosh,,,,,,def,,
Andrea Bargnani,Chris Bosh,Jamario Moon,Jason Kapono,Will Solomon,Adam Morrison,Emeka Okafor,Jared Dudley,Jason Richardson,Raymond Felton,4,6:08,TOR,shot,,,,,,,,,,Andrea Bargnani,,,,missed,,3pt,22,32
Andrea Bargnani,Chris Bosh,Jamario Moon,Jason Kapono,Will Solomon,Adam Morrison,Emeka Okafor,Jared Dudley,Jason Richardson,Raymond Felton,4,6:06,TOR,rebound,,,,,,,,,,Chris Bosh,,,,,,off,,
Andrea Bargnani,Chris Bosh,Jamario Moon,Jason Kapono,Will Solomon,Adam Morrison,Emeka Okafor,Jared Dudley,Jason Richardson,Raymond Felton,4,5:54,TOR,shot,Will Solomon,,,,,,,,,Andrea Bargnani,3,,,made,,3pt,11,27
Andrea Bargnani,Chris Bosh,Jamario Moon,Jason Kapono,Will Solomon,Adam Morrison,Emeka Okafor,Jared Dudley,Jason Richardson,Raymond Felton,4,5:32,CHA,shot,,,,,,,,,,Jared Dudley,,,,missed,,jump,8,8
Andrea Bargnani,Chris Bosh,Jamario Moon,Jason Kapono,Will Solomon,Adam Morrison,Emeka Okafor,Jared Dudley,Jason Richardson,Raymond Felton,4,5:29,TOR,rebound,,,,,,,,,,Andrea Bargnani,,,,,,def,,
Andrea Bargnani,Chris Bosh,Jamario Moon,Jason Kapono,Will Solomon,Adam Morrison,Emeka Okafor,Jared Dudley,Jason Richardson,Raymond Felton,4,5:17,TOR,shot,Will Solomon,,,,,,,,,Chris Bosh,2,,,made,,dunk,25,6
Andrea Bargnani,Chris Bosh,Jamario Moon,Jason Kapono,Will Solomon,Adam Morrison,Emeka Okafor,Jared Dudley,Jason Richardson,Raymond Felton,4,5:16,CHA,timeout,,,,,,,,,,,,,,,,regular,,
Andrea Bargnani,Anthony Parker,Chris Bosh,Jamario Moon,Will Solomon,Adam Morrison,Emeka Okafor,Jared Dudley,Jason Richardson,Raymond Felton,4,5:16,TOR,sub,,,,Anthony Parker,,Jason Kapono,,,,,,,,,,,,
Andrea Bargnani,Anthony Parker,Chris Bosh,Jamario Moon,Jose Calderon,Adam Morrison,Emeka Okafor,Jared Dudley,Jason Richardson,Raymond Felton,4,5:16,TOR,sub,,,,Jose Calderon,,Will Solomon,,,,,,,,,,,,
Andrea Bargnani,Anthony Parker,Chris Bosh,Jamario Moon,Jose Calderon,D.J. Augustin,Emeka Okafor,Jared Dudley,Jason Richardson,Raymond Felton,4,5:16,CHA,sub,,,,D.J. Augustin,,Adam Morrison,,,,,,,,,,,,
Andrea Bargnani,Anthony Parker,Chris Bosh,Jamario Moon,Jose Calderon,D.J. Augustin,Emeka Okafor,Jared Dudley,Jason Richardson,Raymond Felton,4,5:00,CHA,turnover,,,,,,,,,,Jason Richardson,,,out of bounds lost ball turnover,,,,,
Andrea Bargnani,Anthony Parker,Chris Bosh,Jamario Moon,Jose Calderon,D.J. Augustin,Emeka Okafor,Jared Dudley,Jason Richardson,Raymond Felton,4,4:45,TOR,shot,,,,,,,,,,Jamario Moon,,,,missed,,3pt,16,32
Andrea Bargnani,Anthony Parker,Chris Bosh,Jamario Moon,Jose Calderon,D.J. Augustin,Emeka Okafor,Jared Dudley,Jason Richardson,Raymond Felton,4,4:43,CHA,rebound,,,,,,,,,,D.J. Augustin,,,,,,def,,
Andrea Bargnani,Anthony Parker,Chris Bosh,Jamario Moon,Jose Calderon,D.J. Augustin,Emeka Okafor,Jared Dudley,Jason Richardson,Raymond Felton,4,4:24,CHA,shot,,,,,,,,,,Raymond Felton,,,,missed,,jump,8,18
Andrea Bargnani,Anthony Parker,Chris Bosh,Jamario Moon,Jose Calderon,D.J. Augustin,Emeka Okafor,Jared Dudley,Jason Richardson,Raymond Felton,4,4:23,TOR,rebound,,,,,,,,,,Chris Bosh,,,,,,def,,
Andrea Bargnani,Anthony Parker,Chris Bosh,Jamario Moon,Jose Calderon,D.J. Augustin,Emeka Okafor,Jared Dudley,Jason Richardson,Raymond Felton,4,4:00,TOR,shot,,,,,,,,,,Chris Bosh,2,,,made,,jump,40,16
Andrea Bargnani,Anthony Parker,Chris Bosh,Jamario Moon,Jose Calderon,D.J. Augustin,Emeka Okafor,Jared Dudley,Jason Richardson,Raymond Felton,4,3:38,CHA,shot,,,Jamario Moon,,,,,,,D.J. Augustin,,,,missed,,layup,25,6
Andrea Bargnani,Anthony Parker,Chris Bosh,Jamario Moon,Jose Calderon,D.J. Augustin,Emeka Okafor,Jared Dudley,Jason Richardson,Raymond Felton,4,3:35,TOR,rebound,,,,,,,,,,Jamario Moon,,,,,,def,,
Andrea Bargnani,Anthony Parker,Chris Bosh,Jamario Moon,Jose Calderon,D.J. Augustin,Emeka Okafor,Jared Dudley,Jason Richardson,Raymond Felton,4,3:23,TOR,shot,Jose Calderon,,,,,,,,,Chris Bosh,2,,,made,,jump,19,24
Andrea Bargnani,Anthony Parker,Chris Bosh,Jamario Moon,Jose Calderon,D.J. Augustin,Emeka Okafor,Jared Dudley,Jason Richardson,Raymond Felton,4,2:58,CHA,shot,,,,,,,,,,Jason Richardson,,,,missed,,3pt,2,13
Andrea Bargnani,Anthony Parker,Chris Bosh,Jamario Moon,Jose Calderon,D.J. Augustin,Emeka Okafor,Jared Dudley,Jason Richardson,Raymond Felton,4,2:57,TOR,rebound,,,,,,,,,,Jose Calderon,,,,,,def,,
Andrea Bargnani,Anthony Parker,Chris Bosh,Jamario Moon,Jose Calderon,D.J. Augustin,Emeka Okafor,Jared Dudley,Jason Richardson,Raymond Felton,4,2:51,TOR,timeout,,,,,,,,,,,,,,,,regular,,
Andrea Bargnani,Anthony Parker,Chris Bosh,Jamario Moon,Jose Calderon,D.J. Augustin,Emeka Okafor,Gerald Wallace,Jason Richardson,Raymond Felton,4,2:51,CHA,sub,,,,Gerald Wallace,,Jared Dudley,,,,,,,,,,,,
Andrea Bargnani,Anthony Parker,Chris Bosh,Jamario Moon,Jose Calderon,D.J. Augustin,Emeka Okafor,Gerald Wallace,Jason Richardson,Raymond Felton,4,2:43,TOR,shot,Jose Calderon,,,,,,,,,Chris Bosh,2,,,made,,layup,25,6
Andrea Bargnani,Anthony Parker,Chris Bosh,Jamario Moon,Jose Calderon,D.J. Augustin,Emeka Okafor,Gerald Wallace,Jason Richardson,Raymond Felton,4,2:43,CHA,foul,,,,,,,,Chris Bosh,,D.J. Augustin,,,,,,shooting,,
Andrea Bargnani,Anthony Parker,Chris Bosh,Jamario Moon,Jose Calderon,D.J. Augustin,Emeka Okafor,Gerald Wallace,Jason Richardson,Raymond Felton,4,2:43,TOR,free throw,,,,,,,1,,1,Chris Bosh,,,foul,made,,,,
Andrea Bargnani,Anthony Parker,Chris Bosh,Jamario Moon,Jose Calderon,D.J. Augustin,Emeka Okafor,Gerald Wallace,Jason Richardson,Raymond Felton,4,2:28,CHA,shot,,,,,,,,,,D.J. Augustin,,,,missed,,3pt,28,31
Andrea Bargnani,Anthony Parker,Chris Bosh,Jamario Moon,Jose Calderon,D.J. Augustin,Emeka Okafor,Gerald Wallace,Jason Richardson,Raymond Felton,4,2:28,TOR,rebound,,,,,,,,,,,,,,,,,,
Andrea Bargnani,Anthony Parker,Chris Bosh,Jamario Moon,Jose Calderon,D.J. Augustin,Emeka Okafor,Gerald Wallace,Jason Richardson,Raymond Felton,4,2:05,TOR,shot,,,,,,,,,,Anthony Parker,,,,missed,,3pt,2,12
Andrea Bargnani,Anthony Parker,Chris Bosh,Jamario Moon,Jose Calderon,D.J. Augustin,Emeka Okafor,Gerald Wallace,Jason Richardson,Raymond Felton,4,2:02,TOR,rebound,,,,,,,,,,Andrea Bargnani,,,,,,off,,
Andrea Bargnani,Anthony Parker,Chris Bosh,Jamario Moon,Jose Calderon,D.J. Augustin,Emeka Okafor,Gerald Wallace,Jason Richardson,Raymond Felton,4,1:42,TOR,shot,Jamario Moon,,,,,,,,,Andrea Bargnani,3,,,made,,3pt,34,32
Andrea Bargnani,Anthony Parker,Chris Bosh,Jamario Moon,Jose Calderon,D.J. Augustin,Emeka Okafor,Gerald Wallace,Jason Richardson,Raymond Felton,4,1:28,TOR,foul,,,,,,,,Raymond Felton,,Andrea Bargnani,,,,,,personal,,
Andrea Bargnani,Anthony Parker,Chris Bosh,Jamario Moon,Jose Calderon,D.J. Augustin,Emeka Okafor,Jared Dudley,Jason Richardson,Raymond Felton,4,1:28,CHA,sub,,,,Jared Dudley,,Gerald Wallace,,,,,,,,,,,,
Andrea Bargnani,Anthony Parker,Chris Bosh,Jamario Moon,Jose Calderon,D.J. Augustin,Jared Dudley,Jason Richardson,Raymond Felton,Shannon Brown,4,1:28,CHA,sub,,,,Shannon Brown,,Emeka Okafor,,,,,,,,,,,,
Andrea Bargnani,Anthony Parker,Chris Bosh,Jamario Moon,Jose Calderon,Alexis Ajinca,D.J. Augustin,Jared Dudley,Raymond Felton,Shannon Brown,4,1:28,CHA,sub,,,,Alexis Ajinca,,Jason Richardson,,,,,,,,,,,,
Andrea Bargnani,Anthony Parker,Chris Bosh,Jamario Moon,Jose Calderon,Alexis Ajinca,D.J. Augustin,Jared Dudley,Matt Carroll,Shannon Brown,4,1:28,CHA,sub,,,,Matt Carroll,,Raymond Felton,,,,,,,,,,,,
Andrea Bargnani,Anthony Parker,Chris Bosh,Joey Graham,Jose Calderon,Alexis Ajinca,D.J. Augustin,Jared Dudley,Matt Carroll,Shannon Brown,4,1:28,TOR,sub,,,,Joey Graham,,Jamario Moon,,,,,,,,,,,,
Andrea Bargnani,Anthony Parker,Joey Graham,Jose Calderon,Kris Humphries,Alexis Ajinca,D.J. Augustin,Jared Dudley,Matt Carroll,Shannon Brown,4,1:28,TOR,sub,,,,Kris Humphries,,Chris Bosh,,,,,,,,,,,,
Andrea Bargnani,Joey Graham,Jose Calderon,Kris Humphries,Will Solomon,Alexis Ajinca,D.J. Augustin,Jared Dudley,Matt Carroll,Shannon Brown,4,1:28,TOR,sub,,,,Will Solomon,,Anthony Parker,,,,,,,,,,,,
Andrea Bargnani,Joey Graham,Kris Humphries,Roko Ukic,Will Solomon,Alexis Ajinca,D.J. Augustin,Jared Dudley,Matt Carroll,Shannon Brown,4,1:28,TOR,sub,,,,Roko Ukic,,Jose Calderon,,,,,,,,,,,,
Andrea Bargnani,Joey Graham,Kris Humphries,Roko Ukic,Will Solomon,Alexis Ajinca,D.J. Augustin,Jared Dudley,Matt Carroll,Shannon Brown,4,1:17,CHA,shot,,,,,,,,,,Alexis Ajinca,,,,missed,,jump,34,7
Andrea Bargnani,Joey Graham,Kris Humphries,Roko Ukic,Will Solomon,Alexis Ajinca,D.J. Augustin,Jared Dudley,Matt Carroll,Shannon Brown,4,1:12,TOR,rebound,,,,,,,,,,Will Solomon,,,,,,def,,
Andrea Bargnani,Joey Graham,Kris Humphries,Roko Ukic,Will Solomon,Alexis Ajinca,D.J. Augustin,Jared Dudley,Matt Carroll,Shannon Brown,4,0:56,TOR,shot,,,,,,,,,,Will Solomon,,,,missed,,jump,15,20
Andrea Bargnani,Joey Graham,Kris Humphries,Roko Ukic,Will Solomon,Alexis Ajinca,D.J. Augustin,Jared Dudley,Matt Carroll,Shannon Brown,4,0:53,CHA,rebound,,,,,,,,,,D.J. Augustin,,,,,,def,,
Andrea Bargnani,Joey Graham,Kris Humphries,Roko Ukic,Will Solomon,Alexis Ajinca,D.J. Augustin,Jared Dudley,Matt Carroll,Shannon Brown,4,0:53,CHA,shot,,,,,,,,,,D.J. Augustin,2,,,made,,layup,25,6
Andrea Bargnani,Joey Graham,Kris Humphries,Roko Ukic,Will Solomon,Alexis Ajinca,D.J. Augustin,Jared Dudley,Matt Carroll,Shannon Brown,4,0:53,TOR,foul,,,,,,,,D.J. Augustin,,Will Solomon,,,,,,shooting,,
Andrea Bargnani,Joey Graham,Kris Humphries,Roko Ukic,Will Solomon,Alexis Ajinca,D.J. Augustin,Jared Dudley,Matt Carroll,Shannon Brown,4,0:53,CHA,free throw,,,,,,,1,,1,D.J. Augustin,,,foul,made,,,,
Andrea Bargnani,Joey Graham,Kris Humphries,Roko Ukic,Will Solomon,Alexis Ajinca,D.J. Augustin,Jared Dudley,Matt Carroll,Shannon Brown,4,0:53,TOR,violation,,,,,,,,,,Kris Humphries,,,,,,defensive goaltending,,
Andrea Bargnani,Joey Graham,Kris Humphries,Roko Ukic,Will Solomon,Alexis Ajinca,D.J. Augustin,Jared Dudley,Matt Carroll,Shannon Brown,4,0:34,TOR,shot,,,,,,,,,,Roko Ukic,,,,missed,,layup,25,6
Andrea Bargnani,Joey Graham,Kris Humphries,Roko Ukic,Will Solomon,Alexis Ajinca,D.J. Augustin,Jared Dudley,Matt Carroll,Shannon Brown,4,0:34,CHA,rebound,,,,,,,,,,,,,,,,,,
Andrea Bargnani,Joey Graham,Kris Humphries,Roko Ukic,Will Solomon,Alexis Ajinca,D.J. Augustin,Jared Dudley,Matt Carroll,Shannon Brown,4,0:34,TOR,foul,,,,,,,,Shannon Brown,,Kris Humphries,,,,,,loose ball,,
Hassan Adams,Joey Graham,Kris Humphries,Roko Ukic,Will Solomon,Alexis Ajinca,D.J. Augustin,Jared Dudley,Matt Carroll,Shannon Brown,4,0:34,TOR,sub,,,,Hassan Adams,,Andrea Bargnani,,,,,,,,,,,,
Hassan Adams,Joey Graham,Kris Humphries,Roko Ukic,Will Solomon,Alexis Ajinca,D.J. Augustin,Jared Dudley,Matt Carroll,Shannon Brown,4,0:34,CHA,free throw,,,,,,,1,,2,Shannon Brown,,,foul,made,,,,
Hassan Adams,Joey Graham,Kris Humphries,Roko Ukic,Will Solomon,Alexis Ajinca,D.J. Augustin,Jared Dudley,Matt Carroll,Shannon Brown,4,0:34,CHA,free throw,,,,,,,2,,2,Shannon Brown,,,foul,made,,,,
Hassan Adams,Joey Graham,Kris Humphries,Roko Ukic,Will Solomon,Alexis Ajinca,D.J. Augustin,Jared Dudley,Matt Carroll,Shannon Brown,4,0:14,TOR,shot,,,,,,,,,,Kris Humphries,,,,missed,,jump,23,25
Hassan Adams,Joey Graham,Kris Humphries,Roko Ukic,Will Solomon,Alexis Ajinca,D.J. Augustin,Jared Dudley,Matt Carroll,Shannon Brown,4,0:12,CHA,rebound,,,,,,,,,,Jared Dudley,,,,,,def,,
