a1,a2,a3,a4,a5,h1,h2,h3,h4,h5,period,time,team,etype,assist,away,block,entered,home,left,num,opponent,outof,player,points,possession,reason,result,steal,type,x,y
Anderson Varejao,Ben Wallace,Delonte West,LeBron James,Mo Williams,Al Horford,Joe Johnson,Josh Smith,Marvin Williams,Mike Bibby,1,12:00,OFF,jump ball,,Ben Wallace,,,Josh Smith,,,,,,,LeBron James,,,,,,
Anderson Varejao,Ben Wallace,Delonte West,LeBron James,Mo Williams,Al Horford,Joe Johnson,Josh Smith,Marvin Williams,Mike Bibby,1,11:43,CLE,shot,Mo Williams,,,,,,,,,Anderson Varejao,2,,,made,,jump,21,9
Anderson Varejao,Ben Wallace,Delonte West,LeBron James,Mo Williams,Al Horford,Joe Johnson,Josh Smith,Marvin Williams,Mike Bibby,1,11:43,ATL,foul,,,,,,,,Anderson Varejao,,Josh Smith,,,,,,shooting,,
Anderson Varejao,Ben Wallace,Delonte West,LeBron James,Mo Williams,Al Horford,Joe Johnson,Josh Smith,Marvin Williams,Mike Bibby,1,11:43,CLE,free throw,,,,,,,1,,1,Anderson Varejao,,,foul,made,,,,
Anderson Varejao,Ben Wallace,Delonte West,LeBron James,Mo Williams,Al Horford,Joe Johnson,Josh Smith,Marvin Williams,Mike Bibby,1,11:43,ATL,shot,,,,,,,,,,Joe Johnson,2,,,made,,jump,41,12
Anderson Varejao,Ben Wallace,Delonte West,LeBron James,Mo Williams,Al Horford,Joe Johnson,Josh Smith,Marvin Williams,Mike Bibby,1,11:17,CLE,shot,,,,,,,,,,Delonte West,,,,missed,,jump,20,23
Anderson Varejao,Ben Wallace,Delonte West,LeBron James,Mo Williams,Al Horford,Joe Johnson,Josh Smith,Marvin Williams,Mike Bibby,1,11:15,ATL,rebound,,,,,,,,,,Josh Smith,,,,,,def,,
Anderson Varejao,Ben Wallace,Delonte West,LeBron James,Mo Williams,Al Horford,Joe Johnson,Josh Smith,Marvin Williams,Mike Bibby,1,11:12,ATL,turnover,,,,,,,,,,Josh Smith,,,lost ball,,Delonte West,,,
Anderson Varejao,Ben Wallace,Delonte West,LeBron James,Mo Williams,Al Horford,Joe Johnson,Josh Smith,Marvin Williams,Mike Bibby,1,11:06,CLE,shot,,,,,,,,,,Mo Williams,,,,missed,,jump,22,7
Anderson Varejao,Ben Wallace,Delonte West,LeBron James,Mo Williams,Al Horford,Joe Johnson,Josh Smith,Marvin Williams,Mike Bibby,1,11:05,ATL,rebound,,,,,,,,,,Mike Bibby,,,,,,def,,
Anderson Varejao,Ben Wallace,Delonte West,LeBron James,Mo Williams,Al Horford,Joe Johnson,Josh Smith,Marvin Williams,Mike Bibby,1,11:00,ATL,shot,Marvin Williams,,,,,,,,,Mike Bibby,3,,,made,,3pt,8,28
Anderson Varejao,Ben Wallace,Delonte West,LeBron James,Mo Williams,Al Horford,Joe Johnson,Josh Smith,Marvin Williams,Mike Bibby,1,10:24,CLE,shot,,,,,,,,,,Delonte West,,,,missed,,jump,30,24
Anderson Varejao,Ben Wallace,Delonte West,LeBron James,Mo Williams,Al Horford,Joe Johnson,Josh Smith,Marvin Williams,Mike Bibby,1,10:23,ATL,rebound,,,,,,,,,,Josh Smith,,,,,,def,,
Anderson Varejao,Ben Wallace,Delonte West,LeBron James,Mo Williams,Al Horford,Joe Johnson,Josh Smith,Marvin Williams,Mike Bibby,1,10:03,ATL,shot,,,,,,,,,,Mike Bibby,,,,missed,,3pt,24,34
Anderson Varejao,Ben Wallace,Delonte West,LeBron James,Mo Williams,Al Horford,Joe Johnson,Josh Smith,Marvin Williams,Mike Bibby,1,10:03,CLE,rebound,,,,,,,,,,Anderson Varejao,,,,,,def,,
Anderson Varejao,Ben Wallace,Delonte West,LeBron James,Mo Williams,Al Horford,Joe Johnson,Josh Smith,Marvin Williams,Mike Bibby,1,9:50,CLE,shot,,,,,,,,,,Anderson Varejao,,,,missed,,layup,27,5
Anderson Varejao,Ben Wallace,Delonte West,LeBron James,Mo Williams,Al Horford,Joe Johnson,Josh Smith,Marvin Williams,Mike Bibby,1,9:49,CLE,rebound,,,,,,,,,,Ben Wallace,,,,,,off,,
Anderson Varejao,Ben Wallace,Delonte West,LeBron James,Mo Williams,Al Horford,Joe Johnson,Josh Smith,Marvin Williams,Mike Bibby,1,9:40,CLE,shot,,,,,,,,,,Anderson Varejao,,,,missed,,jump,42,7
Anderson Varejao,Ben Wallace,Delonte West,LeBron James,Mo Williams,Al Horford,Joe Johnson,Josh Smith,Marvin Williams,Mike Bibby,1,9:39,ATL,rebound,,,,,,,,,,Marvin Williams,,,,,,def,,
Anderson Varejao,Ben Wallace,Delonte West,LeBron James,Mo Williams,Al Horford,Joe Johnson,Josh Smith,Marvin Williams,Mike Bibby,1,9:16,ATL,shot,,,,,,,,,,Al Horford,,,,missed,,jump,27,11
Anderson Varejao,Ben Wallace,Delonte West,LeBron James,Mo Williams,Al Horford,Joe Johnson,Josh Smith,Marvin Williams,Mike Bibby,1,9:15,CLE,rebound,,,,,,,,,,Anderson Varejao,,,,,,def,,
Anderson Varejao,Ben Wallace,Delonte West,LeBron James,Mo Williams,Al Horford,Joe Johnson,Josh Smith,Marvin Williams,Mike Bibby,1,9:00,CLE,shot,,,,,,,,,,Ben Wallace,,,,missed,,fade away jumper,16,18
Anderson Varejao,Ben Wallace,Delonte West,LeBron James,Mo Williams,Al Horford,Joe Johnson,Josh Smith,Marvin Williams,Mike Bibby,1,8:58,CLE,rebound,,,,,,,,,,Ben Wallace,,,,,,off,,
Anderson Varejao,Ben Wallace,Delonte West,LeBron James,Mo Williams,Al Horford,Joe Johnson,Josh Smith,Marvin Williams,Mike Bibby,1,8:44,CLE,shot,Mo Williams,,,,,,,,,Delonte West,2,,,made,,driving dunk,25,6
Anderson Varejao,Ben Wallace,Delonte West,LeBron James,Mo Williams,Al Horford,Joe Johnson,Josh Smith,Marvin Williams,Mike Bibby,1,8:18,ATL,shot,,,,,,,,,,Marvin Williams,,,,missed,,jump,15,19
Anderson Varejao,Ben Wallace,Delonte West,LeBron James,Mo Williams,Al Horford,Joe Johnson,Josh Smith,Marvin Williams,Mike Bibby,1,8:16,ATL,rebound,,,,,,,,,,Josh Smith,,,,,,off,,
Anderson Varejao,Ben Wallace,Delonte West,LeBron James,Mo Williams,Al Horford,Joe Johnson,Josh Smith,Marvin Williams,Mike Bibby,1,8:14,ATL,shot,,,,,,,,,,Josh Smith,2,,,made,,jump,35,24
Anderson Varejao,Ben Wallace,Delonte West,LeBron James,Mo Williams,Al Horford,Joe Johnson,Josh Smith,Marvin Williams,Mike Bibby,1,7:51,CLE,shot,,,,,,,,,,LeBron James,2,,,made,,turnaround jump,42,7
Anderson Varejao,Ben Wallace,Delonte West,LeBron James,Mo Williams,Al Horford,Joe Johnson,Josh Smith,Marvin Williams,Mike Bibby,1,7:38,ATL,shot,,,,,,,,,,Josh Smith,,,,missed,,jump,31,8
Anderson Varejao,Ben Wallace,Delonte West,LeBron James,Mo Williams,Al Horford,Joe Johnson,Josh Smith,Marvin Williams,Mike Bibby,1,7:37,CLE,rebound,,,,,,,,,,Mo Williams,,,,,,def,,
Anderson Varejao,Ben Wallace,Delonte West,LeBron James,Mo Williams,Al Horford,Joe Johnson,Josh Smith,Marvin Williams,Mike Bibby,1,7:32,CLE,turnover,,,,,,,,,,Delonte West,,,traveling,,,,,
Anderson Varejao,Ben Wallace,Delonte West,LeBron James,Mo Williams,Al Horford,Joe Johnson,Josh Smith,Marvin Williams,Mike Bibby,1,7:11,ATL,shot,,,,,,,,,,Joe Johnson,2,,,made,,jump,35,22
Anderson Varejao,Ben Wallace,Delonte West,LeBron James,Mo Williams,Al Horford,Joe Johnson,Josh Smith,Marvin Williams,Mike Bibby,1,6:46,CLE,shot,,,,,,,,,,Mo Williams,2,,,made,,running jump,18,18
Anderson Varejao,Ben Wallace,Delonte West,LeBron James,Mo Williams,Al Horford,Joe Johnson,Josh Smith,Marvin Williams,Mike Bibby,1,6:36,ATL,shot,Mike Bibby,,,,,,,,,Josh Smith,2,,,made,,jump,20,25
Anderson Varejao,Ben Wallace,Delonte West,LeBron James,Mo Williams,Al Horford,Joe Johnson,Josh Smith,Marvin Williams,Mike Bibby,1,6:17,CLE,shot,,,,,,,,,,LeBron James,,,,missed,,3pt,45,23
Anderson Varejao,Ben Wallace,Delonte West,LeBron James,Mo Williams,Al Horford,Joe Johnson,Josh Smith,Marvin Williams,Mike Bibby,1,6:16,ATL,rebound,,,,,,,,,,Mike Bibby,,,,,,def,,
Anderson Varejao,Ben Wallace,Delonte West,LeBron James,Mo Williams,Al Horford,Joe Johnson,Josh Smith,Marvin Williams,Mike Bibby,1,6:11,ATL,shot,Mike Bibby,,,,,,,,,Josh Smith,2,,,made,,layup,28,6
Anderson Varejao,Ben Wallace,Delonte West,LeBron James,Mo Williams,Al Horford,Joe Johnson,Josh Smith,Marvin Williams,Mike Bibby,1,5:41,CLE,shot,,,,,,,,,,Anderson Varejao,,,,missed,,fade away jumper,8,12
Anderson Varejao,Ben Wallace,Delonte West,LeBron James,Mo Williams,Al Horford,Joe Johnson,Josh Smith,Marvin Williams,Mike Bibby,1,5:40,CLE,rebound,,,,,,,,,,,,,,,,,,
Anderson Varejao,Ben Wallace,Delonte West,LeBron James,Mo Williams,Al Horford,Joe Johnson,Josh Smith,Marvin Williams,Mike Bibby,1,5:38,CLE,turnover,,,,,,,,,,,,,shot clock turnover,,,,,
Anderson Varejao,Ben Wallace,Delonte West,LeBron James,Mo Williams,Al Horford,Joe Johnson,Josh Smith,Marvin Williams,Mike Bibby,1,5:38,ATL,timeout,,,,,,,,,,,,,,,,regular,,
Anderson Varejao,Ben Wallace,Delonte West,LeBron James,Mo Williams,Joe Johnson,Josh Smith,Marvin Williams,Mike Bibby,Zaza Pachulia,1,5:38,ATL,sub,,,,Zaza Pachulia,,Al Horford,,,,,,,,,,,,
Anderson Varejao,Ben Wallace,Delonte West,LeBron James,Mo Williams,Joe Johnson,Josh Smith,Marvin Williams,Mike Bibby,Zaza Pachulia,1,5:28,ATL,foul,,,,,,,,Mo Williams,,Mike Bibby,,,,,,offensive,,
Anderson Varejao,Ben Wallace,Delonte West,LeBron James,Mo Williams,Joe Johnson,Josh Smith,Marvin Williams,Mike Bibby,Zaza Pachulia,1,5:28,ATL,turnover,,,,,,,,,,Mike Bibby,,,foul,,,,,
Anderson Varejao,Ben Wallace,Delonte West,LeBron James,Mo Williams,Joe Johnson,Josh Smith,Marvin Williams,Mike Bibby,Zaza Pachulia,1,5:14,CLE,shot,,,,,,,,,,Anderson Varejao,,,,missed,,jump,14,21
Anderson Varejao,Ben Wallace,Delonte West,LeBron James,Mo Williams,Joe Johnson,Josh Smith,Marvin Williams,Mike Bibby,Zaza Pachulia,1,5:13,ATL,rebound,,,,,,,,,,Mike Bibby,,,,,,def,,
Anderson Varejao,Ben Wallace,Delonte West,LeBron James,Mo Williams,Joe Johnson,Josh Smith,Marvin Williams,Mike Bibby,Zaza Pachulia,1,5:07,CLE,foul,,,,,,,,Mike Bibby,,Anderson Varejao,,,,,,shooting,,
Anderson Varejao,Ben Wallace,Delonte West,LeBron James,Mo Williams,Joe Johnson,Josh Smith,Marvin Williams,Mike Bibby,Zaza Pachulia,1,5:07,ATL,free throw,,,,,,,1,,2,Mike Bibby,,,foul,made,,,,
Anderson Varejao,Ben Wallace,Delonte West,LeBron James,Sasha Pavlovic,Joe Johnson,Josh Smith,Marvin Williams,Mike Bibby,Zaza Pachulia,1,5:07,CLE,sub,,,,Sasha Pavlovic,,Mo Williams,,,,,,,,,,,,
Anderson Varejao,Delonte West,LeBron James,Sasha Pavlovic,Wally Szczerbiak,Joe Johnson,Josh Smith,Marvin Williams,Mike Bibby,Zaza Pachulia,1,5:07,CLE,sub,,,,Wally Szczerbiak,,Ben Wallace,,,,,,,,,,,,
Anderson Varejao,Delonte West,LeBron James,Sasha Pavlovic,Wally Szczerbiak,Joe Johnson,Josh Smith,Marvin Williams,Mike Bibby,Zaza Pachulia,1,5:07,ATL,free throw,,,,,,,2,,2,Mike Bibby,,,foul,made,,,,
Anderson Varejao,Delonte West,LeBron James,Sasha Pavlovic,Wally Szczerbiak,Joe Johnson,Josh Smith,Marvin Williams,Mike Bibby,Zaza Pachulia,1,4:53,CLE,shot,,,,,,,,,,Delonte West,,,,missed,,jump,39,21
Anderson Varejao,Delonte West,LeBron James,Sasha Pavlovic,Wally Szczerbiak,Joe Johnson,Josh Smith,Marvin Williams,Mike Bibby,Zaza Pachulia,1,4:52,ATL,rebound,,,,,,,,,,Joe Johnson,,,,,,def,,
Anderson Varejao,Delonte West,LeBron James,Sasha Pavlovic,Wally Szczerbiak,Joe Johnson,Josh Smith,Marvin Williams,Mike Bibby,Zaza Pachulia,1,4:47,ATL,shot,Joe Johnson,,,,,,,,,Mike Bibby,2,,,made,,jump,40,17
Anderson Varejao,Delonte West,LeBron James,Sasha Pavlovic,Wally Szczerbiak,Joe Johnson,Josh Smith,Marvin Williams,Mike Bibby,Zaza Pachulia,1,4:29,CLE,shot,Delonte West,,,,,,,,,LeBron James,2,,,made,,driving layup,23,7
Anderson Varejao,Delonte West,LeBron James,Sasha Pavlovic,Wally Szczerbiak,Joe Johnson,Josh Smith,Marvin Williams,Mike Bibby,Zaza Pachulia,1,4:29,ATL,foul,,,,,,,,LeBron James,,Marvin Williams,,,,,,shooting,,
Anderson Varejao,Delonte West,LeBron James,Sasha Pavlovic,Wally Szczerbiak,Joe Johnson,Josh Smith,Marvin Williams,Mike Bibby,Zaza Pachulia,1,4:29,CLE,free throw,,,,,,,1,,1,LeBron James,,,foul,made,,,,
Anderson Varejao,Delonte West,LeBron James,Sasha Pavlovic,Wally Szczerbiak,Joe Johnson,Josh Smith,Marvin Williams,Mike Bibby,Zaza Pachulia,1,4:11,ATL,shot,Joe Johnson,,,,,,,,,Marvin Williams,3,,,made,,3pt,1,10
Anderson Varejao,Delonte West,LeBron James,Sasha Pavlovic,Wally Szczerbiak,Joe Johnson,Josh Smith,Marvin Williams,Mike Bibby,Zaza Pachulia,1,3:48,CLE,shot,,,,,,,,,,Sasha Pavlovic,,,,missed,,running reverse layup,27,6
Anderson Varejao,Delonte West,LeBron James,Sasha Pavlovic,Wally Szczerbiak,Joe Johnson,Josh Smith,Marvin Williams,Mike Bibby,Zaza Pachulia,1,3:47,ATL,rebound,,,,,,,,,,Josh Smith,,,,,,def,,
Anderson Varejao,Delonte West,LeBron James,Sasha Pavlovic,Wally Szczerbiak,Joe Johnson,Josh Smith,Marvin Williams,Mike Bibby,Zaza Pachulia,1,3:42,ATL,shot,Mike Bibby,,,,,,,,,Zaza Pachulia,2,,,made,,running layup,22,6
Anderson Varejao,Delonte West,LeBron James,Sasha Pavlovic,Wally Szczerbiak,Joe Johnson,Josh Smith,Marvin Williams,Mike Bibby,Zaza Pachulia,1,3:32,CLE,timeout,,,,,,,,,,,,,,,,regular,,
Darnell Jackson,Delonte West,LeBron James,Sasha Pavlovic,Wally Szczerbiak,Joe Johnson,Josh Smith,Marvin Williams,Mike Bibby,Zaza Pachulia,1,3:27,CLE,sub,,,,Darnell Jackson,,Anderson Varejao,,,,,,,,,,,,
Darnell Jackson,Delonte West,LeBron James,Sasha Pavlovic,Wally Szczerbiak,Joe Johnson,Josh Smith,Marvin Williams,Mike Bibby,Zaza Pachulia,1,3:23,CLE,shot,,,,,,,,,,LeBron James,,,,missed,,jump,27,27
Darnell Jackson,Delonte West,LeBron James,Sasha Pavlovic,Wally Szczerbiak,Joe Johnson,Josh Smith,Marvin Williams,Mike Bibby,Zaza Pachulia,1,3:22,ATL,rebound,,,,,,,,,,Zaza Pachulia,,,,,,def,,
Darnell Jackson,Delonte West,LeBron James,Sasha Pavlovic,Wally Szczerbiak,Joe Johnson,Josh Smith,Marvin Williams,Mike Bibby,Zaza Pachulia,1,3:08,CLE,foul,,,,,,,,Mike Bibby,,Darnell Jackson,,,,,,personal,,
Darnell Jackson,Delonte West,LeBron James,Sasha Pavlovic,Wally Szczerbiak,Joe Johnson,Josh Smith,Marvin Williams,Mike Bibby,Zaza Pachulia,1,2:59,ATL,shot,Josh Smith,,,,,,,,,Mike Bibby,2,,,made,,jump,19,7
Darnell Jackson,Delonte West,LeBron James,Sasha Pavlovic,Wally Szczerbiak,Joe Johnson,Josh Smith,Marvin Williams,Mike Bibby,Zaza Pachulia,1,2:42,CLE,shot,Sasha Pavlovic,,,,,,,,,LeBron James,3,,,made,,3pt,43,26
Darnell Jackson,Delonte West,LeBron James,Sasha Pavlovic,Wally Szczerbiak,Joe Johnson,Josh Smith,Marvin Williams,Mike Bibby,Zaza Pachulia,1,2:16,ATL,shot,,,,,,,,,,Marvin Williams,,,,missed,,3pt,7,30
Darnell Jackson,Delonte West,LeBron James,Sasha Pavlovic,Wally Szczerbiak,Joe Johnson,Josh Smith,Marvin Williams,Mike Bibby,Zaza Pachulia,1,2:14,CLE,rebound,,,,,,,,,,Sasha Pavlovic,,,,,,def,,
Darnell Jackson,Delonte West,LeBron James,Sasha Pavlovic,Wally Szczerbiak,Joe Johnson,Josh Smith,Marvin Williams,Mike Bibby,Zaza Pachulia,1,2:05,ATL,foul,,,,,,,,LeBron James,,Zaza Pachulia,,,,,,shooting,,
Darnell Jackson,Delonte West,LeBron James,Sasha Pavlovic,Wally Szczerbiak,Joe Johnson,Josh Smith,Marvin Williams,Mike Bibby,Zaza Pachulia,1,2:05,CLE,free throw,,,,,,,1,,2,LeBron James,,,foul,made,,,,
Darnell Jackson,Delonte West,LeBron James,Sasha Pavlovic,Wally Szczerbiak,Joe Johnson,Josh Smith,Maurice Evans,Mike Bibby,Zaza Pachulia,1,2:05,ATL,sub,,,,Maurice Evans,,Marvin Williams,,,,,,,,,,,,
Darnell Jackson,Delonte West,LeBron James,Sasha Pavlovic,Wally Szczerbiak,Joe Johnson,Josh Smith,Maurice Evans,Ronald Murray,Zaza Pachulia,1,2:05,ATL,sub,,,,Ronald Murray,,Mike Bibby,,,,,,,,,,,,
Darnell Jackson,Delonte West,LeBron James,Sasha Pavlovic,Wally Szczerbiak,Joe Johnson,Josh Smith,Maurice Evans,Ronald Murray,Zaza Pachulia,1,2:05,CLE,free throw,,,,,,,2,,2,LeBron James,,,foul,made,,,,
Darnell Jackson,Delonte West,LeBron James,Sasha Pavlovic,Wally Szczerbiak,Joe Johnson,Josh Smith,Maurice Evans,Ronald Murray,Zaza Pachulia,1,1:44,ATL,shot,Josh Smith,,,,,,,,,Ronald Murray,3,,,made,,3pt,48,10
Darnell Jackson,Delonte West,LeBron James,Sasha Pavlovic,Wally Szczerbiak,Joe Johnson,Josh Smith,Maurice Evans,Ronald Murray,Zaza Pachulia,1,1:27,CLE,shot,LeBron James,,,,,,,,,Delonte West,3,,,made,,3pt,8,27
Darnell Jackson,Delonte West,LeBron James,Sasha Pavlovic,Wally Szczerbiak,Joe Johnson,Josh Smith,Maurice Evans,Ronald Murray,Zaza Pachulia,1,0:59,ATL,shot,,,,,,,,,,Ronald Murray,,,,missed,,jump,12,15
Darnell Jackson,Delonte West,LeBron James,Sasha Pavlovic,Wally Szczerbiak,Joe Johnson,Josh Smith,Maurice Evans,Ronald Murray,Zaza Pachulia,1,0:58,ATL,rebound,,,,,,,,,,Zaza Pachulia,,,,,,off,,
Darnell Jackson,Delonte West,LeBron James,Sasha Pavlovic,Wally Szczerbiak,Joe Johnson,Josh Smith,Maurice Evans,Ronald Murray,Zaza Pachulia,1,0:56,CLE,foul,,,,,,,,Zaza Pachulia,,Darnell Jackson,,,,,,shooting,,
Darnell Jackson,Delonte West,LeBron James,Sasha Pavlovic,Wally Szczerbiak,Joe Johnson,Josh Smith,Maurice Evans,Ronald Murray,Zaza Pachulia,1,0:56,ATL,free throw,,,,,,,1,,2,Zaza Pachulia,,,foul,made,,,,
Darnell Jackson,Delonte West,LeBron James,Sasha Pavlovic,Wally Szczerbiak,Joe Johnson,Josh Smith,Maurice Evans,Ronald Murray,Zaza Pachulia,1,0:56,ATL,free throw,,,,,,,2,,2,Zaza Pachulia,,,foul,made,,,,
Darnell Jackson,Delonte West,LeBron James,Sasha Pavlovic,Wally Szczerbiak,Joe Johnson,Josh Smith,Maurice Evans,Ronald Murray,Zaza Pachulia,1,0:48,ATL,foul,,,,,,,,LeBron James,,Maurice Evans,,,,,,personal,,
Darnell Jackson,Delonte West,LeBron James,Sasha Pavlovic,Wally Szczerbiak,Joe Johnson,Josh Smith,Maurice Evans,Ronald Murray,Zaza Pachulia,1,0:45,CLE,shot,Delonte West,,,,,,,,,LeBron James,2,,,made,,driving layup,25,6
Darnell Jackson,Delonte West,LeBron James,Sasha Pavlovic,Wally Szczerbiak,Joe Johnson,Josh Smith,Maurice Evans,Ronald Murray,Zaza Pachulia,1,0:36,ATL,shot,,,,,,,,,,Joe Johnson,2,,,made,,driving layup,27,7
Darnell Jackson,Delonte West,LeBron James,Sasha Pavlovic,Wally Szczerbiak,Joe Johnson,Josh Smith,Maurice Evans,Ronald Murray,Zaza Pachulia,1,0:24,CLE,shot,Delonte West,,,,,,,,,LeBron James,2,,,made,,driving layup,29,8
Darnell Jackson,Delonte West,LeBron James,Sasha Pavlovic,Wally Szczerbiak,Joe Johnson,Josh Smith,Maurice Evans,Ronald Murray,Zaza Pachulia,1,0:00,ATL,shot,,,,,,,,,,Joe Johnson,,,,missed,,3pt,44,29
Darnell Jackson,Delonte West,LeBron James,Sasha Pavlovic,Wally Szczerbiak,Joe Johnson,Josh Smith,Maurice Evans,Ronald Murray,Zaza Pachulia,1,0:00,CLE,rebound,,,,,,,,,,Wally Szczerbiak,,,,,,def,,
J.J. Hickson,LeBron James,Mo Williams,Sasha Pavlovic,Wally Szczerbiak,Joe Johnson,Josh Smith,Maurice Evans,Ronald Murray,Zaza Pachulia,2,11:40,ATL,shot,,,,,,,,,,Joe Johnson,,,,missed,,3pt,1,13
J.J. Hickson,LeBron James,Mo Williams,Sasha Pavlovic,Wally Szczerbiak,Joe Johnson,Josh Smith,Maurice Evans,Ronald Murray,Zaza Pachulia,2,11:39,ATL,rebound,,,,,,,,,,Zaza Pachulia,,,,,,off,,
J.J. Hickson,LeBron James,Mo Williams,Sasha Pavlovic,Wally Szczerbiak,Joe Johnson,Josh Smith,Maurice Evans,Ronald Murray,Zaza Pachulia,2,11:26,ATL,turnover,,,,,,,,,,Joe Johnson,,,backcourt turnover,,,,,
J.J. Hickson,LeBron James,Mo Williams,Sasha Pavlovic,Wally Szczerbiak,Joe Johnson,Josh Smith,Maurice Evans,Ronald Murray,Zaza Pachulia,2,11:09,ATL,foul,,,,,,,,LeBron James,,Josh Smith,,,,,,personal,,
J.J. Hickson,LeBron James,Mo Williams,Sasha Pavlovic,Wally Szczerbiak,Joe Johnson,Josh Smith,Maurice Evans,Ronald Murray,Zaza Pachulia,2,11:09,ATL,foul,,,,,,,,LeBron James,,Josh Smith,,,,,,technical,,
J.J. Hickson,LeBron James,Mo Williams,Sasha Pavlovic,Wally Szczerbiak,Joe Johnson,Marvin Williams,Maurice Evans,Ronald Murray,Zaza Pachulia,2,11:09,ATL,sub,,,,Marvin Williams,,Josh Smith,,,,,,,,,,,,
J.J. Hickson,LeBron James,Mo Williams,Sasha Pavlovic,Wally Szczerbiak,Joe Johnson,Marvin Williams,Maurice Evans,Ronald Murray,Zaza Pachulia,2,11:09,CLE,free throw,,,,,,,1,,1,Mo Williams,,,technical,made,,,,
J.J. Hickson,LeBron James,Mo Williams,Sasha Pavlovic,Wally Szczerbiak,Joe Johnson,Marvin Williams,Maurice Evans,Ronald Murray,Zaza Pachulia,2,11:03,CLE,shot,,,,,,,,,,Mo Williams,,,,missed,,3pt,15,32
J.J. Hickson,LeBron James,Mo Williams,Sasha Pavlovic,Wally Szczerbiak,Joe Johnson,Marvin Williams,Maurice Evans,Ronald Murray,Zaza Pachulia,2,11:00,ATL,rebound,,,,,,,,,,Marvin Williams,,,,,,def,,
J.J. Hickson,LeBron James,Mo Williams,Sasha Pavlovic,Wally Szczerbiak,Joe Johnson,Marvin Williams,Maurice Evans,Ronald Murray,Zaza Pachulia,2,10:39,ATL,shot,,,,,,,,,,Ronald Murray,,,,missed,,jump,7,10
J.J. Hickson,LeBron James,Mo Williams,Sasha Pavlovic,Wally Szczerbiak,Joe Johnson,Marvin Williams,Maurice Evans,Ronald Murray,Zaza Pachulia,2,10:37,CLE,rebound,,,,,,,,,,Sasha Pavlovic,,,,,,def,,
J.J. Hickson,LeBron James,Mo Williams,Sasha Pavlovic,Wally Szczerbiak,Joe Johnson,Marvin Williams,Maurice Evans,Ronald Murray,Zaza Pachulia,2,10:33,CLE,shot,LeBron James,,,,,,,,,Mo Williams,2,,,made,,running layup,25,6
J.J. Hickson,LeBron James,Mo Williams,Sasha Pavlovic,Wally Szczerbiak,Joe Johnson,Marvin Williams,Maurice Evans,Ronald Murray,Zaza Pachulia,2,10:17,ATL,shot,,,,,,,,,,Maurice Evans,,,,missed,,jump,35,21
J.J. Hickson,LeBron James,Mo Williams,Sasha Pavlovic,Wally Szczerbiak,Joe Johnson,Marvin Williams,Maurice Evans,Ronald Murray,Zaza Pachulia,2,10:16,CLE,rebound,,,,,,,,,,Mo Williams,,,,,,def,,
J.J. Hickson,LeBron James,Mo Williams,Sasha Pavlovic,Wally Szczerbiak,Joe Johnson,Marvin Williams,Maurice Evans,Ronald Murray,Zaza Pachulia,2,9:55,CLE,shot,,,,,,,,,,J.J. Hickson,,,,missed,,fade away jumper,18,14
J.J. Hickson,LeBron James,Mo Williams,Sasha Pavlovic,Wally Szczerbiak,Joe Johnson,Marvin Williams,Maurice Evans,Ronald Murray,Zaza Pachulia,2,9:54,ATL,rebound,,,,,,,,,,Zaza Pachulia,,,,,,def,,
J.J. Hickson,LeBron James,Mo Williams,Sasha Pavlovic,Wally Szczerbiak,Joe Johnson,Marvin Williams,Maurice Evans,Ronald Murray,Zaza Pachulia,2,9:45,ATL,turnover,,,,,,,,,,Ronald Murray,,,lost ball,,LeBron James,,,
J.J. Hickson,LeBron James,Mo Williams,Sasha Pavlovic,Wally Szczerbiak,Joe Johnson,Marvin Williams,Maurice Evans,Ronald Murray,Zaza Pachulia,2,9:41,CLE,shot,LeBron James,,,,,,,,,Sasha Pavlovic,2,,,made,,running dunk,25,6
J.J. Hickson,LeBron James,Mo Williams,Sasha Pavlovic,Wally Szczerbiak,Joe Johnson,Marvin Williams,Maurice Evans,Ronald Murray,Zaza Pachulia,2,9:31,ATL,timeout,,,,,,,,,,,,,,,,regular,,
J.J. Hickson,LeBron James,Mo Williams,Sasha Pavlovic,Wally Szczerbiak,Al Horford,Joe Johnson,Marvin Williams,Maurice Evans,Ronald Murray,2,9:31,ATL,sub,,,,Al Horford,,Zaza Pachulia,,,,,,,,,,,,
Delonte West,J.J. Hickson,Mo Williams,Sasha Pavlovic,Wally Szczerbiak,Al Horford,Joe Johnson,Marvin Williams,Maurice Evans,Ronald Murray,2,9:31,CLE,sub,,,,Delonte West,,LeBron James,,,,,,,,,,,,
Delonte West,J.J. Hickson,Mo Williams,Sasha Pavlovic,Wally Szczerbiak,Al Horford,Joe Johnson,Marvin Williams,Maurice Evans,Ronald Murray,2,9:22,CLE,foul,,,,,,,,Al Horford,,J.J. Hickson,,,,,,shooting,,
Delonte West,J.J. Hickson,Mo Williams,Sasha Pavlovic,Wally Szczerbiak,Al Horford,Joe Johnson,Marvin Williams,Maurice Evans,Ronald Murray,2,9:22,ATL,free throw,,,,,,,1,,2,Al Horford,,,foul,made,,,,
Delonte West,J.J. Hickson,Mo Williams,Sasha Pavlovic,Wally Szczerbiak,Al Horford,Marvin Williams,Maurice Evans,Mike Bibby,Ronald Murray,2,9:22,ATL,sub,,,,Mike Bibby,,Joe Johnson,,,,,,,,,,,,
Delonte West,J.J. Hickson,Mo Williams,Sasha Pavlovic,Wally Szczerbiak,Al Horford,Marvin Williams,Maurice Evans,Mike Bibby,Ronald Murray,2,9:22,ATL,free throw,,,,,,,2,,2,Al Horford,,,foul,made,,,,
Delonte West,J.J. Hickson,Mo Williams,Sasha Pavlovic,Wally Szczerbiak,Al Horford,Marvin Williams,Maurice Evans,Mike Bibby,Ronald Murray,2,8:58,CLE,shot,,,Marvin Williams,,,,,,,Mo Williams,,,,missed,,driving jump,19,10
Delonte West,J.J. Hickson,Mo Williams,Sasha Pavlovic,Wally Szczerbiak,Al Horford,Marvin Williams,Maurice Evans,Mike Bibby,Ronald Murray,2,8:56,ATL,rebound,,,,,,,,,,Marvin Williams,,,,,,def,,
Delonte West,J.J. Hickson,Mo Williams,Sasha Pavlovic,Wally Szczerbiak,Al Horford,Marvin Williams,Maurice Evans,Mike Bibby,Ronald Murray,2,8:54,CLE,foul,,,,,,,,Al Horford,,Sasha Pavlovic,,,,,,shooting,,
Delonte West,J.J. Hickson,Mo Williams,Sasha Pavlovic,Wally Szczerbiak,Al Horford,Marvin Williams,Maurice Evans,Mike Bibby,Ronald Murray,2,8:54,ATL,free throw,,,,,,,1,,2,Al Horford,,,foul,made,,,,
Anderson Varejao,Delonte West,Mo Williams,Sasha Pavlovic,Wally Szczerbiak,Al Horford,Marvin Williams,Maurice Evans,Mike Bibby,Ronald Murray,2,8:54,CLE,sub,,,,Anderson Varejao,,J.J. Hickson,,,,,,,,,,,,
Anderson Varejao,Ben Wallace,Delonte West,Mo Williams,Wally Szczerbiak,Al Horford,Marvin Williams,Maurice Evans,Mike Bibby,Ronald Murray,2,8:54,CLE,sub,,,,Ben Wallace,,Sasha Pavlovic,,,,,,,,,,,,
Anderson Varejao,Ben Wallace,Delonte West,Mo Williams,Wally Szczerbiak,Al Horford,Marvin Williams,Maurice Evans,Mike Bibby,Ronald Murray,2,8:54,ATL,free throw,,,,,,,2,,2,Al Horford,,,foul,made,,,,
Anderson Varejao,Ben Wallace,Delonte West,Mo Williams,Wally Szczerbiak,Al Horford,Marvin Williams,Maurice Evans,Mike Bibby,Ronald Murray,2,8:36,CLE,shot,Wally Szczerbiak,,,,,,,,,Mo Williams,2,,,made,,jump,35,21
Anderson Varejao,Ben Wallace,Delonte West,Mo Williams,Wally Szczerbiak,Al Horford,Marvin Williams,Maurice Evans,Mike Bibby,Ronald Murray,2,8:20,ATL,shot,,,,,,,,,,Mike Bibby,,,,missed,,3pt,1,12
Anderson Varejao,Ben Wallace,Delonte West,Mo Williams,Wally Szczerbiak,Al Horford,Marvin Williams,Maurice Evans,Mike Bibby,Ronald Murray,2,8:18,CLE,rebound,,,,,,,,,,Wally Szczerbiak,,,,,,def,,
Anderson Varejao,Ben Wallace,Delonte West,Mo Williams,Wally Szczerbiak,Al Horford,Marvin Williams,Maurice Evans,Mike Bibby,Ronald Murray,2,8:13,CLE,shot,,,,,,,,,,Mo Williams,,,,missed,,jump,27,25
Anderson Varejao,Ben Wallace,Delonte West,Mo Williams,Wally Szczerbiak,Al Horford,Marvin Williams,Maurice Evans,Mike Bibby,Ronald Murray,2,8:12,ATL,rebound,,,,,,,,,,Maurice Evans,,,,,,def,,
Anderson Varejao,Ben Wallace,Delonte West,Mo Williams,Wally Szczerbiak,Al Horford,Marvin Williams,Maurice Evans,Mike Bibby,Ronald Murray,2,7:55,ATL,shot,Al Horford,,,,,,,,,Marvin Williams,2,,,made,,driving jump,28,10
Anderson Varejao,Ben Wallace,Delonte West,Mo Williams,Wally Szczerbiak,Al Horford,Marvin Williams,Maurice Evans,Mike Bibby,Ronald Murray,2,7:55,CLE,foul,,,,,,,,Marvin Williams,,Anderson Varejao,,,,,,shooting,,
Anderson Varejao,Ben Wallace,Delonte West,Mo Williams,Wally Szczerbiak,Al Horford,Marvin Williams,Mike Bibby,Ronald Murray,Zaza Pachulia,2,7:55,ATL,sub,,,,Zaza Pachulia,,Maurice Evans,,,,,,,,,,,,
Anderson Varejao,Ben Wallace,Delonte West,Mo Williams,Wally Szczerbiak,Al Horford,Marvin Williams,Mike Bibby,Ronald Murray,Zaza Pachulia,2,7:55,ATL,free throw,,,,,,,1,,1,Marvin Williams,,,foul,made,,,,
Anderson Varejao,Ben Wallace,Delonte West,Mo Williams,Wally Szczerbiak,Al Horford,Marvin Williams,Mike Bibby,Ronald Murray,Zaza Pachulia,2,7:36,ATL,foul,,,,,,,,Anderson Varejao,,Zaza Pachulia,,,,,,personal,,
Anderson Varejao,Ben Wallace,Delonte West,Mo Williams,Wally Szczerbiak,Al Horford,Marvin Williams,Mike Bibby,Ronald Murray,Zaza Pachulia,2,7:29,CLE,shot,,,,,,,,,,Delonte West,,,,missed,,jump,25,25
Anderson Varejao,Ben Wallace,Delonte West,Mo Williams,Wally Szczerbiak,Al Horford,Marvin Williams,Mike Bibby,Ronald Murray,Zaza Pachulia,2,7:29,ATL,rebound,,,,,,,,,,,,,,,,,,
Anderson Varejao,Ben Wallace,Delonte West,Mo Williams,Wally Szczerbiak,Al Horford,Marvin Williams,Mike Bibby,Ronald Murray,Zaza Pachulia,2,7:11,CLE,foul,,,,,,,,Mike Bibby,,Mo Williams,,,,,,shooting,,
Anderson Varejao,Ben Wallace,Delonte West,Mo Williams,Wally Szczerbiak,Al Horford,Marvin Williams,Mike Bibby,Ronald Murray,Zaza Pachulia,2,7:11,ATL,free throw,,,,,,,1,,2,Mike Bibby,,,foul,missed,,,,
Anderson Varejao,Ben Wallace,Delonte West,Mo Williams,Wally Szczerbiak,Al Horford,Marvin Williams,Mike Bibby,Ronald Murray,Zaza Pachulia,2,7:11,ATL,rebound,,,,,,,,,,,,,,,,,,
Anderson Varejao,Ben Wallace,Delonte West,LeBron James,Wally Szczerbiak,Al Horford,Marvin Williams,Mike Bibby,Ronald Murray,Zaza Pachulia,2,7:11,CLE,sub,,,,LeBron James,,Mo Williams,,,,,,,,,,,,
Anderson Varejao,Ben Wallace,Delonte West,LeBron James,Wally Szczerbiak,Al Horford,Marvin Williams,Mike Bibby,Ronald Murray,Zaza Pachulia,2,7:11,CLE,violation,,,,,,,,,,,,,,,,delay of game,,
Anderson Varejao,Ben Wallace,Delonte West,LeBron James,Wally Szczerbiak,Al Horford,Marvin Williams,Mike Bibby,Ronald Murray,Zaza Pachulia,2,7:11,ATL,free throw,,,,,,,2,,2,Mike Bibby,,,foul,made,,,,
Anderson Varejao,Ben Wallace,Delonte West,LeBron James,Wally Szczerbiak,Al Horford,Marvin Williams,Mike Bibby,Ronald Murray,Zaza Pachulia,2,6:50,CLE,shot,LeBron James,,,,,,,,,Delonte West,2,,,made,,running jump,27,17
Anderson Varejao,Ben Wallace,Delonte West,LeBron James,Wally Szczerbiak,Al Horford,Marvin Williams,Mike Bibby,Ronald Murray,Zaza Pachulia,2,6:40,CLE,foul,,,,,,,,Ronald Murray,,Wally Szczerbiak,,,,,,shooting,,
Anderson Varejao,Ben Wallace,Delonte West,LeBron James,Wally Szczerbiak,Al Horford,Marvin Williams,Mike Bibby,Ronald Murray,Zaza Pachulia,2,6:40,ATL,free throw,,,,,,,1,,2,Ronald Murray,,,foul,made,,,,
Anderson Varejao,Ben Wallace,Delonte West,LeBron James,Sasha Pavlovic,Al Horford,Marvin Williams,Mike Bibby,Ronald Murray,Zaza Pachulia,2,6:40,CLE,sub,,,,Sasha Pavlovic,,Wally Szczerbiak,,,,,,,,,,,,
Anderson Varejao,Ben Wallace,Delonte West,LeBron James,Sasha Pavlovic,Al Horford,Marvin Williams,Mike Bibby,Ronald Murray,Zaza Pachulia,2,6:40,ATL,free throw,,,,,,,2,,2,Ronald Murray,,,foul,missed,,,,
Anderson Varejao,Ben Wallace,Delonte West,LeBron James,Sasha Pavlovic,Al Horford,Marvin Williams,Mike Bibby,Ronald Murray,Zaza Pachulia,2,6:39,CLE,rebound,,,,,,,,,,Sasha Pavlovic,,,,,,def,,
Anderson Varejao,Ben Wallace,Delonte West,LeBron James,Sasha Pavlovic,Al Horford,Marvin Williams,Mike Bibby,Ronald Murray,Zaza Pachulia,2,6:20,CLE,turnover,,,,,,,,,,Delonte West,,,step out of bounds turnover,,,,,
Anderson Varejao,Ben Wallace,Delonte West,LeBron James,Sasha Pavlovic,Al Horford,Joe Johnson,Marvin Williams,Mike Bibby,Zaza Pachulia,2,6:20,ATL,sub,,,,Joe Johnson,,Ronald Murray,,,,,,,,,,,,
Anderson Varejao,Ben Wallace,Delonte West,LeBron James,Sasha Pavlovic,Al Horford,Joe Johnson,Marvin Williams,Mike Bibby,Zaza Pachulia,2,5:58,ATL,shot,,,,,,,,,,Zaza Pachulia,2,,,made,,turnaround jump,30,8
Anderson Varejao,Ben Wallace,Delonte West,LeBron James,Sasha Pavlovic,Al Horford,Joe Johnson,Marvin Williams,Mike Bibby,Zaza Pachulia,2,5:33,CLE,shot,,,,,,,,,,Delonte West,,,,missed,,driving layup,29,8
Anderson Varejao,Ben Wallace,Delonte West,LeBron James,Sasha Pavlovic,Al Horford,Joe Johnson,Marvin Williams,Mike Bibby,Zaza Pachulia,2,5:31,ATL,rebound,,,,,,,,,,Al Horford,,,,,,def,,
Anderson Varejao,Ben Wallace,Delonte West,LeBron James,Sasha Pavlovic,Al Horford,Joe Johnson,Marvin Williams,Mike Bibby,Zaza Pachulia,2,5:24,ATL,shot,,,,,,,,,,Al Horford,,,,missed,,jump,8,8
Anderson Varejao,Ben Wallace,Delonte West,LeBron James,Sasha Pavlovic,Al Horford,Joe Johnson,Marvin Williams,Mike Bibby,Zaza Pachulia,2,5:23,CLE,rebound,,,,,,,,,,Ben Wallace,,,,,,def,,
Anderson Varejao,Ben Wallace,Delonte West,LeBron James,Sasha Pavlovic,Al Horford,Joe Johnson,Marvin Williams,Mike Bibby,Zaza Pachulia,2,5:15,CLE,shot,,,Joe Johnson,,,,,,,Delonte West,,,,missed,,layup,27,8
Anderson Varejao,Ben Wallace,Delonte West,LeBron James,Sasha Pavlovic,Al Horford,Joe Johnson,Marvin Williams,Mike Bibby,Zaza Pachulia,2,5:13,CLE,rebound,,,,,,,,,,Ben Wallace,,,,,,off,,
Anderson Varejao,Ben Wallace,Delonte West,LeBron James,Sasha Pavlovic,Al Horford,Joe Johnson,Marvin Williams,Mike Bibby,Zaza Pachulia,2,5:01,CLE,shot,,,,,,,,,,LeBron James,,,,missed,,3pt,46,21
Anderson Varejao,Ben Wallace,Delonte West,LeBron James,Sasha Pavlovic,Al Horford,Joe Johnson,Marvin Williams,Mike Bibby,Zaza Pachulia,2,4:59,CLE,rebound,,,,,,,,,,Anderson Varejao,,,,,,off,,
Anderson Varejao,Ben Wallace,Delonte West,LeBron James,Sasha Pavlovic,Al Horford,Joe Johnson,Marvin Williams,Mike Bibby,Zaza Pachulia,2,4:57,CLE,turnover,,,,,,,,,,Anderson Varejao,,,bad pass,,Al Horford,,,
Anderson Varejao,Ben Wallace,Delonte West,LeBron James,Sasha Pavlovic,Al Horford,Joe Johnson,Marvin Williams,Mike Bibby,Zaza Pachulia,2,4:37,ATL,shot,,,,,,,,,,Mike Bibby,,,,missed,,3pt,16,34
Anderson Varejao,Ben Wallace,Delonte West,LeBron James,Sasha Pavlovic,Al Horford,Joe Johnson,Marvin Williams,Mike Bibby,Zaza Pachulia,2,4:35,CLE,rebound,,,,,,,,,,LeBron James,,,,,,def,,
Anderson Varejao,Ben Wallace,Delonte West,LeBron James,Sasha Pavlovic,Al Horford,Joe Johnson,Marvin Williams,Mike Bibby,Zaza Pachulia,2,4:26,CLE,shot,,,,,,,,,,LeBron James,,,,missed,,driving jump,30,9
Anderson Varejao,Ben Wallace,Delonte West,LeBron James,Sasha Pavlovic,Al Horford,Joe Johnson,Marvin Williams,Mike Bibby,Zaza Pachulia,2,4:26,ATL,rebound,,,,,,,,,,,,,,,,,,
Anderson Varejao,Ben Wallace,Delonte West,LeBron James,Sasha Pavlovic,Al Horford,Joe Johnson,Marvin Williams,Mike Bibby,Zaza Pachulia,2,4:26,OFF,timeout,,,,,,,,,,,,,,,,official,,
Anderson Varejao,Ben Wallace,Delonte West,LeBron James,Mo Williams,Al Horford,Joe Johnson,Marvin Williams,Mike Bibby,Zaza Pachulia,2,4:26,CLE,sub,,,,Mo Williams,,Sasha Pavlovic,,,,,,,,,,,,
Anderson Varejao,Ben Wallace,Delonte West,LeBron James,Mo Williams,Al Horford,Joe Johnson,Marvin Williams,Mike Bibby,Zaza Pachulia,2,4:08,CLE,foul,,,,,,,,Marvin Williams,,Ben Wallace,,,,,,shooting,,
Anderson Varejao,Ben Wallace,Delonte West,LeBron James,Mo Williams,Al Horford,Joe Johnson,Marvin Williams,Mike Bibby,Zaza Pachulia,2,4:08,ATL,free throw,,,,,,,1,,2,Marvin Williams,,,foul,missed,,,,
Anderson Varejao,Ben Wallace,Delonte West,LeBron James,Mo Williams,Al Horford,Joe Johnson,Marvin Williams,Mike Bibby,Zaza Pachulia,2,4:08,ATL,rebound,,,,,,,,,,,,,,,,,,
Anderson Varejao,Ben Wallace,Delonte West,LeBron James,Mo Williams,Al Horford,Joe Johnson,Marvin Williams,Mike Bibby,Zaza Pachulia,2,4:08,ATL,free throw,,,,,,,2,,2,Marvin Williams,,,foul,made,,,,
Anderson Varejao,Ben Wallace,Delonte West,LeBron James,Mo Williams,Al Horford,Joe Johnson,Marvin Williams,Mike Bibby,Zaza Pachulia,2,3:42,CLE,shot,,,,,,,,,,Mo Williams,,,,missed,,3pt,47,16
Anderson Varejao,Ben Wallace,Delonte West,LeBron James,Mo Williams,Al Horford,Joe Johnson,Marvin Williams,Mike Bibby,Zaza Pachulia,2,3:40,ATL,rebound,,,,,,,,,,Al Horford,,,,,,def,,
Anderson Varejao,Ben Wallace,Delonte West,LeBron James,Mo Williams,Al Horford,Joe Johnson,Marvin Williams,Mike Bibby,Zaza Pachulia,2,3:27,ATL,shot,,,,,,,,,,Mike Bibby,,,,missed,,jump,9,13
Anderson Varejao,Ben Wallace,Delonte West,LeBron James,Mo Williams,Al Horford,Joe Johnson,Marvin Williams,Mike Bibby,Zaza Pachulia,2,3:24,CLE,rebound,,,,,,,,,,Ben Wallace,,,,,,def,,
Anderson Varejao,Ben Wallace,Delonte West,LeBron James,Mo Williams,Al Horford,Joe Johnson,Marvin Williams,Mike Bibby,Zaza Pachulia,2,3:22,ATL,foul,,,,,,,,LeBron James,,Al Horford,,,,,,shooting,,
Anderson Varejao,Ben Wallace,Delonte West,LeBron James,Mo Williams,Al Horford,Joe Johnson,Marvin Williams,Mike Bibby,Zaza Pachulia,2,3:22,CLE,free throw,,,,,,,1,,2,LeBron James,,,foul,missed,,,,
Anderson Varejao,Ben Wallace,Delonte West,LeBron James,Mo Williams,Al Horford,Joe Johnson,Marvin Williams,Mike Bibby,Zaza Pachulia,2,3:22,CLE,rebound,,,,,,,,,,,,,,,,,,
Anderson Varejao,Ben Wallace,Delonte West,LeBron James,Mo Williams,Al Horford,Joe Johnson,Marvin Williams,Mike Bibby,Zaza Pachulia,2,3:22,CLE,free throw,,,,,,,2,,2,LeBron James,,,foul,made,,,,
Anderson Varejao,Ben Wallace,Delonte West,LeBron James,Mo Williams,Al Horford,Joe Johnson,Marvin Williams,Mike Bibby,Zaza Pachulia,2,3:04,ATL,turnover,,,,,,,,,,Al Horford,,,offensive goaltending,,,,,
Anderson Varejao,Ben Wallace,Delonte West,LeBron James,Mo Williams,Al Horford,Joe Johnson,Marvin Williams,Mike Bibby,Zaza Pachulia,2,2:51,CLE,shot,,,,,,,,,,Delonte West,,,,missed,,jump,33,20
Anderson Varejao,Ben Wallace,Delonte West,LeBron James,Mo Williams,Al Horford,Joe Johnson,Marvin Williams,Mike Bibby,Zaza Pachulia,2,2:49,ATL,rebound,,,,,,,,,,Al Horford,,,,,,def,,
Anderson Varejao,Ben Wallace,Delonte West,LeBron James,Mo Williams,Al Horford,Joe Johnson,Marvin Williams,Mike Bibby,Zaza Pachulia,2,2:45,ATL,shot,,,,,,,,,,Zaza Pachulia,,,,missed,,running jump,18,9
Anderson Varejao,Ben Wallace,Delonte West,LeBron James,Mo Williams,Al Horford,Joe Johnson,Marvin Williams,Mike Bibby,Zaza Pachulia,2,2:42,ATL,rebound,,,,,,,,,,,,,,,,,,
Anderson Varejao,Ben Wallace,Delonte West,LeBron James,Mo Williams,Al Horford,Joe Johnson,Marvin Williams,Mike Bibby,Zaza Pachulia,2,2:42,CLE,timeout,,,,,,,,,,,,,,,,regular,,
Anderson Varejao,Darnell Jackson,Delonte West,LeBron James,Mo Williams,Al Horford,Joe Johnson,Marvin Williams,Mike Bibby,Zaza Pachulia,2,2:42,CLE,sub,,,,Darnell Jackson,,Ben Wallace,,,,,,,,,,,,
Anderson Varejao,Darnell Jackson,Delonte West,LeBron James,Mo Williams,Al Horford,Joe Johnson,Marvin Williams,Mike Bibby,Zaza Pachulia,2,2:30,ATL,shot,,,,,,,,,,Joe Johnson,,,,missed,,jump,7,17
Anderson Varejao,Darnell Jackson,Delonte West,LeBron James,Mo Williams,Al Horford,Joe Johnson,Marvin Williams,Mike Bibby,Zaza Pachulia,2,2:27,ATL,rebound,,,,,,,,,,Marvin Williams,,,,,,off,,
Anderson Varejao,Darnell Jackson,Delonte West,LeBron James,Mo Williams,Al Horford,Joe Johnson,Marvin Williams,Mike Bibby,Zaza Pachulia,2,2:26,ATL,shot,,,LeBron James,,,,,,,Marvin Williams,,,,missed,,putback layup,25,6
Anderson Varejao,Darnell Jackson,Delonte West,LeBron James,Mo Williams,Al Horford,Joe Johnson,Marvin Williams,Mike Bibby,Zaza Pachulia,2,2:24,ATL,rebound,,,,,,,,,,Marvin Williams,,,,,,off,,
Anderson Varejao,Darnell Jackson,Delonte West,LeBron James,Mo Williams,Al Horford,Joe Johnson,Marvin Williams,Mike Bibby,Zaza Pachulia,2,2:16,ATL,shot,Joe Johnson,,,,,,,,,Mike Bibby,2,,,made,,jump,30,25
Anderson Varejao,Darnell Jackson,Delonte West,LeBron James,Mo Williams,Al Horford,Joe Johnson,Marvin Williams,Mike Bibby,Zaza Pachulia,2,1:48,CLE,shot,Delonte West,,,,,,,,,Mo Williams,2,,,made,,jump,8,14
Anderson Varejao,Darnell Jackson,Delonte West,LeBron James,Mo Williams,Al Horford,Joe Johnson,Marvin Williams,Mike Bibby,Zaza Pachulia,2,1:34,ATL,shot,,,,,,,,,,Joe Johnson,,,,missed,,running jump,25,15
Anderson Varejao,Darnell Jackson,Delonte West,LeBron James,Mo Williams,Al Horford,Joe Johnson,Marvin Williams,Mike Bibby,Zaza Pachulia,2,1:32,ATL,rebound,,,,,,,,,,Al Horford,,,,,,off,,
Anderson Varejao,Darnell Jackson,Delonte West,LeBron James,Mo Williams,Al Horford,Joe Johnson,Marvin Williams,Mike Bibby,Zaza Pachulia,2,1:27,ATL,timeout,,,,,,,,,,,,,,,,short,,
Anderson Varejao,Ben Wallace,Delonte West,LeBron James,Mo Williams,Al Horford,Joe Johnson,Marvin Williams,Mike Bibby,Zaza Pachulia,2,1:27,CLE,sub,,,,Ben Wallace,,Darnell Jackson,,,,,,,,,,,,
Anderson Varejao,Ben Wallace,Delonte West,LeBron James,Mo Williams,Al Horford,Joe Johnson,Maurice Evans,Mike Bibby,Zaza Pachulia,2,1:27,ATL,sub,,,,Maurice Evans,,Marvin Williams,,,,,,,,,,,,
Anderson Varejao,Ben Wallace,Delonte West,LeBron James,Mo Williams,Al Horford,Joe Johnson,Maurice Evans,Mike Bibby,Zaza Pachulia,2,1:09,ATL,shot,,,,,,,,,,Maurice Evans,,,,missed,,3pt,48,13
Anderson Varejao,Ben Wallace,Delonte West,LeBron James,Mo Williams,Al Horford,Joe Johnson,Maurice Evans,Mike Bibby,Zaza Pachulia,2,1:06,ATL,rebound,,,,,,,,,,Zaza Pachulia,,,,,,off,,
Anderson Varejao,Ben Wallace,Delonte West,LeBron James,Mo Williams,Al Horford,Joe Johnson,Maurice Evans,Mike Bibby,Zaza Pachulia,2,1:04,ATL,shot,,,,,,,,,,Zaza Pachulia,,,,missed,,jump,28,12
Anderson Varejao,Ben Wallace,Delonte West,LeBron James,Mo Williams,Al Horford,Joe Johnson,Maurice Evans,Mike Bibby,Zaza Pachulia,2,1:03,CLE,rebound,,,,,,,,,,LeBron James,,,,,,def,,
Anderson Varejao,Ben Wallace,Delonte West,LeBron James,Mo Williams,Al Horford,Joe Johnson,Maurice Evans,Mike Bibby,Zaza Pachulia,2,1:01,CLE,shot,,,,,,,,,,LeBron James,,,,missed,,3pt,41,30
Anderson Varejao,Ben Wallace,Delonte West,LeBron James,Mo Williams,Al Horford,Joe Johnson,Maurice Evans,Mike Bibby,Zaza Pachulia,2,0:59,ATL,rebound,,,,,,,,,,Zaza Pachulia,,,,,,def,,
Anderson Varejao,Ben Wallace,Delonte West,LeBron James,Mo Williams,Al Horford,Joe Johnson,Maurice Evans,Mike Bibby,Zaza Pachulia,2,0:50,ATL,shot,,,,,,,,,,Al Horford,2,,,made,,turnaround jump,19,8
Anderson Varejao,Ben Wallace,Delonte West,LeBron James,Mo Williams,Al Horford,Joe Johnson,Maurice Evans,Mike Bibby,Zaza Pachulia,2,0:24,CLE,shot,,,,,,,,,,Ben Wallace,,,,missed,,layup,23,8
Anderson Varejao,Ben Wallace,Delonte West,LeBron James,Mo Williams,Al Horford,Joe Johnson,Maurice Evans,Mike Bibby,Zaza Pachulia,2,0:23,CLE,rebound,,,,,,,,,,Ben Wallace,,,,,,off,,
Anderson Varejao,Ben Wallace,Delonte West,LeBron James,Mo Williams,Al Horford,Joe Johnson,Maurice Evans,Mike Bibby,Zaza Pachulia,2,0:23,CLE,shot,Ben Wallace,,,,,,,,,Anderson Varejao,2,,,made,,jump,41,12
Anderson Varejao,Ben Wallace,Delonte West,LeBron James,Mo Williams,Al Horford,Joe Johnson,Maurice Evans,Mike Bibby,Zaza Pachulia,2,0:02,ATL,shot,,,,,,,,,,Joe Johnson,,,,missed,,3pt,38,29
Anderson Varejao,Ben Wallace,Delonte West,LeBron James,Mo Williams,Al Horford,Joe Johnson,Maurice Evans,Mike Bibby,Zaza Pachulia,2,0:01,CLE,rebound,,,,,,,,,,Mo Williams,,,,,,def,,
Anderson Varejao,Ben Wallace,Delonte West,LeBron James,Mo Williams,Al Horford,Joe Johnson,Maurice Evans,Mike Bibby,Zaza Pachulia,2,0:00,CLE,turnover,,,,,,,,,,Mo Williams,,,traveling,,,,,
Anderson Varejao,Ben Wallace,Delonte West,LeBron James,Mo Williams,Al Horford,Joe Johnson,Maurice Evans,Mike Bibby,Ronald Murray,2,0:00,ATL,sub,,,,Ronald Murray,,Zaza Pachulia,,,,,,,,,,,,
Anderson Varejao,Ben Wallace,Delonte West,LeBron James,Mo Williams,Al Horford,Joe Johnson,Marvin Williams,Mike Bibby,Ronald Murray,2,0:00,ATL,sub,,,,Marvin Williams,,Maurice Evans,,,,,,,,,,,,
Anderson Varejao,Ben Wallace,Delonte West,LeBron James,Mo Williams,Al Horford,Joe Johnson,Marvin Williams,Mike Bibby,Ronald Murray,2,0:00,ATL,shot,,,,,,,,,,Joe Johnson,,,,missed,,3pt,4,20
Anderson Varejao,Ben Wallace,Delonte West,LeBron James,Mo Williams,Al Horford,Joe Johnson,Marvin Williams,Mike Bibby,Ronald Murray,2,0:00,ATL,rebound,,,,,,,,,,,,,,,,,,
Anderson Varejao,Ben Wallace,Delonte West,LeBron James,Mo Williams,Al Horford,Joe Johnson,Josh Smith,Marvin Williams,Mike Bibby,3,11:48,ATL,shot,,,Ben Wallace,,,,,,,Joe Johnson,,,,missed,,fade away jumper,41,7
Anderson Varejao,Ben Wallace,Delonte West,LeBron James,Mo Williams,Al Horford,Joe Johnson,Josh Smith,Marvin Williams,Mike Bibby,3,11:45,CLE,rebound,,,,,,,,,,Delonte West,,,,,,def,,
Anderson Varejao,Ben Wallace,Delonte West,LeBron James,Mo Williams,Al Horford,Joe Johnson,Josh Smith,Marvin Williams,Mike Bibby,3,11:41,CLE,shot,,,,,,,,,,LeBron James,,,,missed,,running layup,27,6
Anderson Varejao,Ben Wallace,Delonte West,LeBron James,Mo Williams,Al Horford,Joe Johnson,Josh Smith,Marvin Williams,Mike Bibby,3,11:40,ATL,rebound,,,,,,,,,,Al Horford,,,,,,def,,
Anderson Varejao,Ben Wallace,Delonte West,LeBron James,Mo Williams,Al Horford,Joe Johnson,Josh Smith,Marvin Williams,Mike Bibby,3,11:26,CLE,foul,,,,,,,,Al Horford,,LeBron James,,,,,,shooting,,
Anderson Varejao,Ben Wallace,Delonte West,LeBron James,Mo Williams,Al Horford,Joe Johnson,Josh Smith,Marvin Williams,Mike Bibby,3,11:26,ATL,free throw,,,,,,,1,,2,Al Horford,,,foul,missed,,,,
Anderson Varejao,Ben Wallace,Delonte West,LeBron James,Mo Williams,Al Horford,Joe Johnson,Josh Smith,Marvin Williams,Mike Bibby,3,11:26,ATL,rebound,,,,,,,,,,,,,,,,,,
Anderson Varejao,Ben Wallace,Delonte West,LeBron James,Mo Williams,Al Horford,Joe Johnson,Josh Smith,Marvin Williams,Mike Bibby,3,11:26,ATL,free throw,,,,,,,2,,2,Al Horford,,,foul,made,,,,
Anderson Varejao,Ben Wallace,Delonte West,LeBron James,Mo Williams,Al Horford,Joe Johnson,Josh Smith,Marvin Williams,Mike Bibby,3,11:03,CLE,shot,,,Marvin Williams,,,,,,,LeBron James,,,,missed,,turnaround jump,35,21
Anderson Varejao,Ben Wallace,Delonte West,LeBron James,Mo Williams,Al Horford,Joe Johnson,Josh Smith,Marvin Williams,Mike Bibby,3,11:01,ATL,rebound,,,,,,,,,,Josh Smith,,,,,,def,,
Anderson Varejao,Ben Wallace,Delonte West,LeBron James,Mo Williams,Al Horford,Joe Johnson,Josh Smith,Marvin Williams,Mike Bibby,3,10:59,ATL,turnover,,,,,,,,,,Josh Smith,,,bad pass,,Delonte West,,,
Anderson Varejao,Ben Wallace,Delonte West,LeBron James,Mo Williams,Al Horford,Joe Johnson,Josh Smith,Marvin Williams,Mike Bibby,3,10:38,CLE,shot,,,,,,,,,,Delonte West,,,,missed,,fade away jumper,34,9
Anderson Varejao,Ben Wallace,Delonte West,LeBron James,Mo Williams,Al Horford,Joe Johnson,Josh Smith,Marvin Williams,Mike Bibby,3,10:37,CLE,rebound,,,,,,,,,,Anderson Varejao,,,,,,off,,
Anderson Varejao,Ben Wallace,Delonte West,LeBron James,Mo Williams,Al Horford,Joe Johnson,Josh Smith,Marvin Williams,Mike Bibby,3,10:36,CLE,shot,,,,,,,,,,Anderson Varejao,,,,missed,,putback layup,25,6
Anderson Varejao,Ben Wallace,Delonte West,LeBron James,Mo Williams,Al Horford,Joe Johnson,Josh Smith,Marvin Williams,Mike Bibby,3,10:34,ATL,rebound,,,,,,,,,,Al Horford,,,,,,def,,
Anderson Varejao,Ben Wallace,Delonte West,LeBron James,Mo Williams,Al Horford,Joe Johnson,Josh Smith,Marvin Williams,Mike Bibby,3,10:18,ATL,shot,Mike Bibby,,,,,,,,,Josh Smith,2,,,made,,turnaround jump,30,7
Anderson Varejao,Ben Wallace,Delonte West,LeBron James,Mo Williams,Al Horford,Joe Johnson,Josh Smith,Marvin Williams,Mike Bibby,3,9:56,CLE,shot,,,,,,,,,,Mo Williams,2,,,made,,jump,27,25
Anderson Varejao,Ben Wallace,Delonte West,LeBron James,Mo Williams,Al Horford,Joe Johnson,Josh Smith,Marvin Williams,Mike Bibby,3,9:39,ATL,shot,,,,,,,,,,Mike Bibby,,,,missed,,3pt,27,34
Anderson Varejao,Ben Wallace,Delonte West,LeBron James,Mo Williams,Al Horford,Joe Johnson,Josh Smith,Marvin Williams,Mike Bibby,3,9:38,CLE,rebound,,,,,,,,,,Delonte West,,,,,,def,,
Anderson Varejao,Ben Wallace,Delonte West,LeBron James,Mo Williams,Al Horford,Joe Johnson,Josh Smith,Marvin Williams,Mike Bibby,3,9:23,CLE,shot,Ben Wallace,,,,,,,,,Mo Williams,2,,,made,,jump,25,21
Anderson Varejao,Ben Wallace,Delonte West,LeBron James,Mo Williams,Al Horford,Joe Johnson,Josh Smith,Marvin Williams,Mike Bibby,3,9:01,ATL,shot,Joe Johnson,,,,,,,,,Mike Bibby,2,,,made,,jump,44,10
Anderson Varejao,Ben Wallace,Delonte West,LeBron James,Mo Williams,Al Horford,Joe Johnson,Josh Smith,Marvin Williams,Mike Bibby,3,8:43,CLE,shot,,,,,,,,,,Mo Williams,,,,missed,,jump,41,18
Anderson Varejao,Ben Wallace,Delonte West,LeBron James,Mo Williams,Al Horford,Joe Johnson,Josh Smith,Marvin Williams,Mike Bibby,3,8:42,ATL,rebound,,,,,,,,,,Al Horford,,,,,,def,,
Anderson Varejao,Ben Wallace,Delonte West,LeBron James,Mo Williams,Al Horford,Joe Johnson,Josh Smith,Marvin Williams,Mike Bibby,3,8:38,CLE,foul,,,,,,,,Marvin Williams,,Mo Williams,,,,,,shooting,,
Anderson Varejao,Ben Wallace,Delonte West,LeBron James,Mo Williams,Al Horford,Joe Johnson,Josh Smith,Marvin Williams,Mike Bibby,3,8:38,ATL,free throw,,,,,,,1,,2,Marvin Williams,,,foul,made,,,,
Anderson Varejao,Ben Wallace,Delonte West,LeBron James,Mo Williams,Al Horford,Joe Johnson,Josh Smith,Marvin Williams,Mike Bibby,3,8:38,ATL,free throw,,,,,,,2,,2,Marvin Williams,,,foul,made,,,,
Anderson Varejao,Ben Wallace,Delonte West,LeBron James,Mo Williams,Al Horford,Joe Johnson,Josh Smith,Marvin Williams,Mike Bibby,3,8:23,ATL,foul,,,,,,,,Mo Williams,,Al Horford,,,,,,shooting,,
Anderson Varejao,Ben Wallace,Delonte West,LeBron James,Mo Williams,Al Horford,Joe Johnson,Josh Smith,Marvin Williams,Mike Bibby,3,8:23,CLE,free throw,,,,,,,1,,2,Mo Williams,,,foul,made,,,,
Anderson Varejao,Ben Wallace,Delonte West,LeBron James,Mo Williams,Al Horford,Joe Johnson,Josh Smith,Marvin Williams,Mike Bibby,3,8:23,CLE,free throw,,,,,,,2,,2,Mo Williams,,,foul,made,,,,
Anderson Varejao,Ben Wallace,Delonte West,LeBron James,Mo Williams,Al Horford,Joe Johnson,Josh Smith,Marvin Williams,Mike Bibby,3,7:58,ATL,turnover,,,,,,,,,,Joe Johnson,,,lost ball,,LeBron James,,,
Anderson Varejao,Ben Wallace,Delonte West,LeBron James,Mo Williams,Al Horford,Joe Johnson,Josh Smith,Marvin Williams,Mike Bibby,3,7:50,CLE,shot,,,,,,,,,,Mo Williams,,,,missed,,3pt,49,10
Anderson Varejao,Ben Wallace,Delonte West,LeBron James,Mo Williams,Al Horford,Joe Johnson,Josh Smith,Marvin Williams,Mike Bibby,3,7:48,ATL,rebound,,,,,,,,,,Mike Bibby,,,,,,def,,
Anderson Varejao,Ben Wallace,Delonte West,LeBron James,Mo Williams,Al Horford,Joe Johnson,Josh Smith,Marvin Williams,Mike Bibby,3,7:46,ATL,shot,Joe Johnson,,,,,,,,,Al Horford,2,,,made,,running layup,21,7
Anderson Varejao,Ben Wallace,Delonte West,LeBron James,Mo Williams,Al Horford,Joe Johnson,Josh Smith,Marvin Williams,Mike Bibby,3,7:46,CLE,foul,,,,,,,,Al Horford,,Mo Williams,,,,,,shooting,,
Anderson Varejao,Ben Wallace,Delonte West,LeBron James,Mo Williams,Al Horford,Joe Johnson,Josh Smith,Marvin Williams,Mike Bibby,3,7:46,ATL,free throw,,,,,,,1,,1,Al Horford,,,foul,made,,,,
Anderson Varejao,Ben Wallace,Delonte West,LeBron James,Mo Williams,Al Horford,Joe Johnson,Josh Smith,Marvin Williams,Mike Bibby,3,7:24,CLE,shot,,,,,,,,,,Delonte West,2,,,made,,driving layup,28,8
Anderson Varejao,Ben Wallace,Delonte West,LeBron James,Mo Williams,Al Horford,Joe Johnson,Josh Smith,Marvin Williams,Mike Bibby,3,7:12,ATL,shot,Joe Johnson,,,,,,,,,Mike Bibby,3,,,made,,3pt,42,29
Anderson Varejao,Ben Wallace,Delonte West,LeBron James,Mo Williams,Al Horford,Joe Johnson,Josh Smith,Marvin Williams,Mike Bibby,3,6:43,CLE,shot,,,,,,,,,,Delonte West,,,,missed,,turnaround jump,6,15
Anderson Varejao,Ben Wallace,Delonte West,LeBron James,Mo Williams,Al Horford,Joe Johnson,Josh Smith,Marvin Williams,Mike Bibby,3,6:41,CLE,rebound,,,,,,,,,,,,,,,,,,
Anderson Varejao,Ben Wallace,Delonte West,LeBron James,Mo Williams,Al Horford,Joe Johnson,Josh Smith,Marvin Williams,Mike Bibby,3,6:30,CLE,shot,,,,,,,,,,LeBron James,2,,,made,,driving layup,22,8
Anderson Varejao,Ben Wallace,Delonte West,LeBron James,Mo Williams,Al Horford,Joe Johnson,Josh Smith,Marvin Williams,Mike Bibby,3,6:29,CLE,foul,,,,,,,,,,LeBron James,,,,,,technical,,
Anderson Varejao,Ben Wallace,Delonte West,LeBron James,Mo Williams,Al Horford,Joe Johnson,Josh Smith,Marvin Williams,Mike Bibby,3,6:29,ATL,free throw,,,,,,,1,,1,Joe Johnson,,,technical,missed,,,,
Anderson Varejao,Ben Wallace,Delonte West,LeBron James,Mo Williams,Al Horford,Joe Johnson,Josh Smith,Marvin Williams,Mike Bibby,3,6:29,ATL,rebound,,,,,,,,,,,,,,,,,,
Anderson Varejao,Ben Wallace,Delonte West,LeBron James,Mo Williams,Al Horford,Joe Johnson,Josh Smith,Marvin Williams,Mike Bibby,3,6:10,CLE,foul,,,,,,,,Josh Smith,,Ben Wallace,,,,,,shooting,,
Anderson Varejao,Ben Wallace,Delonte West,LeBron James,Mo Williams,Al Horford,Joe Johnson,Josh Smith,Marvin Williams,Mike Bibby,3,6:10,ATL,free throw,,,,,,,1,,2,Josh Smith,,,foul,made,,,,
Anderson Varejao,Ben Wallace,Delonte West,LeBron James,Mo Williams,Al Horford,Josh Smith,Marvin Williams,Maurice Evans,Mike Bibby,3,6:10,ATL,sub,,,,Maurice Evans,,Joe Johnson,,,,,,,,,,,,
Anderson Varejao,Ben Wallace,Delonte West,LeBron James,Mo Williams,Al Horford,Josh Smith,Marvin Williams,Maurice Evans,Mike Bibby,3,6:10,ATL,free throw,,,,,,,2,,2,Josh Smith,,,foul,made,,,,
Anderson Varejao,Ben Wallace,Delonte West,LeBron James,Mo Williams,Al Horford,Josh Smith,Marvin Williams,Maurice Evans,Mike Bibby,3,5:51,CLE,shot,,,,,,,,,,Delonte West,2,,,made,,fade away jumper,17,16
Anderson Varejao,Ben Wallace,Delonte West,LeBron James,Mo Williams,Al Horford,Josh Smith,Marvin Williams,Maurice Evans,Mike Bibby,3,5:31,ATL,shot,,,,,,,,,,Josh Smith,,,,missed,,layup,28,6
Anderson Varejao,Ben Wallace,Delonte West,LeBron James,Mo Williams,Al Horford,Josh Smith,Marvin Williams,Maurice Evans,Mike Bibby,3,5:30,CLE,rebound,,,,,,,,,,Mo Williams,,,,,,def,,
Anderson Varejao,Ben Wallace,Delonte West,LeBron James,Mo Williams,Al Horford,Josh Smith,Marvin Williams,Maurice Evans,Mike Bibby,3,5:30,ATL,foul,,,,,,,,Mo Williams,,Josh Smith,,,,,,personal,,
Anderson Varejao,Ben Wallace,Delonte West,LeBron James,Mo Williams,Al Horford,Josh Smith,Marvin Williams,Maurice Evans,Mike Bibby,3,5:30,ATL,timeout,,,,,,,,,,,,,,,,regular,,
Ben Wallace,Delonte West,LeBron James,Mo Williams,Wally Szczerbiak,Al Horford,Josh Smith,Marvin Williams,Maurice Evans,Mike Bibby,3,5:30,CLE,sub,,,,Wally Szczerbiak,,Anderson Varejao,,,,,,,,,,,,
Ben Wallace,Delonte West,LeBron James,Mo Williams,Wally Szczerbiak,Al Horford,Josh Smith,Marvin Williams,Maurice Evans,Mike Bibby,3,5:16,CLE,shot,,,,,,,,,,Delonte West,,,,missed,,jump,29,7
Ben Wallace,Delonte West,LeBron James,Mo Williams,Wally Szczerbiak,Al Horford,Josh Smith,Marvin Williams,Maurice Evans,Mike Bibby,3,5:14,ATL,rebound,,,,,,,,,,Mike Bibby,,,,,,def,,
Ben Wallace,Delonte West,LeBron James,Mo Williams,Wally Szczerbiak,Al Horford,Josh Smith,Marvin Williams,Maurice Evans,Mike Bibby,3,5:11,ATL,shot,Mike Bibby,,,,,,,,,Josh Smith,2,,,made,,alley oop dunk,25,6
Ben Wallace,Delonte West,LeBron James,Mo Williams,Wally Szczerbiak,Al Horford,Josh Smith,Marvin Williams,Maurice Evans,Mike Bibby,3,4:44,CLE,shot,LeBron James,,,,,,,,,Mo Williams,3,,,made,,3pt,47,12
Ben Wallace,Delonte West,LeBron James,Mo Williams,Wally Szczerbiak,Al Horford,Josh Smith,Marvin Williams,Maurice Evans,Mike Bibby,3,4:30,CLE,foul,,,,,,,,Marvin Williams,,Ben Wallace,,,,,,personal,,
Ben Wallace,Delonte West,LeBron James,Mo Williams,Wally Szczerbiak,Al Horford,Josh Smith,Marvin Williams,Maurice Evans,Mike Bibby,3,4:30,ATL,free throw,,,,,,,1,,2,Marvin Williams,,,foul,made,,,,
Ben Wallace,Delonte West,LeBron James,Mo Williams,Wally Szczerbiak,Al Horford,Josh Smith,Marvin Williams,Maurice Evans,Mike Bibby,3,4:30,ATL,free throw,,,,,,,2,,2,Marvin Williams,,,foul,made,,,,
Ben Wallace,Delonte West,LeBron James,Mo Williams,Wally Szczerbiak,Al Horford,Josh Smith,Marvin Williams,Maurice Evans,Mike Bibby,3,4:11,CLE,shot,,,,,,,,,,LeBron James,2,,,made,,driving slam dunk,25,6
Ben Wallace,Delonte West,LeBron James,Mo Williams,Wally Szczerbiak,Al Horford,Josh Smith,Marvin Williams,Maurice Evans,Mike Bibby,3,3:54,ATL,turnover,,,,,,,,,,Josh Smith,,,lost ball,,Delonte West,,,
Ben Wallace,Delonte West,LeBron James,Mo Williams,Wally Szczerbiak,Al Horford,Josh Smith,Marvin Williams,Maurice Evans,Mike Bibby,3,3:49,CLE,shot,,,,,,,,,,Mo Williams,2,,,made,,running layup,25,6
Ben Wallace,Delonte West,LeBron James,Mo Williams,Wally Szczerbiak,Al Horford,Josh Smith,Marvin Williams,Maurice Evans,Mike Bibby,3,3:26,ATL,timeout,,,,,,,,,,,,,,,,short,,
Ben Wallace,Delonte West,LeBron James,Mo Williams,Wally Szczerbiak,Al Horford,Marvin Williams,Maurice Evans,Mike Bibby,Ronald Murray,3,3:26,ATL,sub,,,,Ronald Murray,,Josh Smith,,,,,,,,,,,,
Ben Wallace,Delonte West,LeBron James,Mo Williams,Wally Szczerbiak,Al Horford,Marvin Williams,Maurice Evans,Mike Bibby,Ronald Murray,3,3:22,ATL,turnover,,,,,,,,,,,,,shot clock turnover,,,,,
Ben Wallace,Delonte West,LeBron James,Mo Williams,Wally Szczerbiak,Al Horford,Marvin Williams,Maurice Evans,Mike Bibby,Ronald Murray,3,3:08,CLE,shot,,,,,,,,,,Wally Szczerbiak,,,,missed,,3pt,45,22
Ben Wallace,Delonte West,LeBron James,Mo Williams,Wally Szczerbiak,Al Horford,Marvin Williams,Maurice Evans,Mike Bibby,Ronald Murray,3,3:06,ATL,rebound,,,,,,,,,,Mike Bibby,,,,,,def,,
Ben Wallace,Delonte West,LeBron James,Mo Williams,Wally Szczerbiak,Al Horford,Marvin Williams,Maurice Evans,Mike Bibby,Ronald Murray,3,2:49,ATL,shot,,,,,,,,,,Ronald Murray,,,,missed,,3pt,36,33
Ben Wallace,Delonte West,LeBron James,Mo Williams,Wally Szczerbiak,Al Horford,Marvin Williams,Maurice Evans,Mike Bibby,Ronald Murray,3,2:48,ATL,rebound,,,,,,,,,,Maurice Evans,,,,,,off,,
Ben Wallace,Delonte West,LeBron James,Mo Williams,Wally Szczerbiak,Al Horford,Marvin Williams,Maurice Evans,Mike Bibby,Ronald Murray,3,2:39,CLE,foul,,,,,,,,Marvin Williams,,Delonte West,,,,,,personal,,
Ben Wallace,Delonte West,LeBron James,Mo Williams,Wally Szczerbiak,Al Horford,Marvin Williams,Maurice Evans,Mike Bibby,Ronald Murray,3,2:39,CLE,timeout,,,,,,,,,,,,,,,,regular,,
Anderson Varejao,Delonte West,LeBron James,Mo Williams,Wally Szczerbiak,Al Horford,Marvin Williams,Maurice Evans,Mike Bibby,Ronald Murray,3,2:39,CLE,sub,,,,Anderson Varejao,,Ben Wallace,,,,,,,,,,,,
Anderson Varejao,Delonte West,LeBron James,Mo Williams,Wally Szczerbiak,Al Horford,Joe Johnson,Marvin Williams,Maurice Evans,Ronald Murray,3,2:39,ATL,sub,,,,Joe Johnson,,Mike Bibby,,,,,,,,,,,,
Anderson Varejao,Delonte West,LeBron James,Mo Williams,Wally Szczerbiak,Al Horford,Joe Johnson,Marvin Williams,Maurice Evans,Ronald Murray,3,2:39,ATL,free throw,,,,,,,1,,2,Marvin Williams,,,foul,made,,,,
Anderson Varejao,Delonte West,LeBron James,Mo Williams,Wally Szczerbiak,Al Horford,Joe Johnson,Marvin Williams,Maurice Evans,Ronald Murray,3,2:39,ATL,free throw,,,,,,,2,,2,Marvin Williams,,,foul,made,,,,
Anderson Varejao,Delonte West,LeBron James,Mo Williams,Wally Szczerbiak,Al Horford,Joe Johnson,Marvin Williams,Maurice Evans,Ronald Murray,3,2:23,CLE,shot,LeBron James,,,,,,,,,Anderson Varejao,2,,,made,,running dunk,25,6
Anderson Varejao,Delonte West,LeBron James,Mo Williams,Wally Szczerbiak,Al Horford,Joe Johnson,Marvin Williams,Maurice Evans,Ronald Murray,3,1:54,ATL,turnover,,,,,,,,,,,,,shot clock turnover,,,,,
Anderson Varejao,LeBron James,Mo Williams,Sasha Pavlovic,Wally Szczerbiak,Al Horford,Joe Johnson,Marvin Williams,Maurice Evans,Ronald Murray,3,1:54,CLE,sub,,,,Sasha Pavlovic,,Delonte West,,,,,,,,,,,,
Anderson Varejao,LeBron James,Mo Williams,Sasha Pavlovic,Wally Szczerbiak,Al Horford,Joe Johnson,Marvin Williams,Maurice Evans,Ronald Murray,3,1:34,ATL,foul,,,,,,,,Wally Szczerbiak,,Maurice Evans,,,,,,shooting,,
Anderson Varejao,LeBron James,Mo Williams,Sasha Pavlovic,Wally Szczerbiak,Al Horford,Joe Johnson,Marvin Williams,Maurice Evans,Ronald Murray,3,1:34,CLE,free throw,,,,,,,1,,2,Wally Szczerbiak,,,foul,made,,,,
Anderson Varejao,LeBron James,Mo Williams,Sasha Pavlovic,Wally Szczerbiak,Al Horford,Joe Johnson,Marvin Williams,Maurice Evans,Ronald Murray,3,1:34,CLE,free throw,,,,,,,2,,2,Wally Szczerbiak,,,foul,made,,,,
Anderson Varejao,LeBron James,Mo Williams,Sasha Pavlovic,Wally Szczerbiak,Al Horford,Joe Johnson,Marvin Williams,Maurice Evans,Ronald Murray,3,1:16,ATL,turnover,,,,,,,,,,Ronald Murray,,,bad pass,,,,,
Anderson Varejao,LeBron James,Mo Williams,Sasha Pavlovic,Wally Szczerbiak,Al Horford,Joe Johnson,Marvin Williams,Maurice Evans,Ronald Murray,3,1:00,CLE,shot,,,Al Horford,,,,,,,Sasha Pavlovic,,,,missed,,driving layup,25,6
Anderson Varejao,LeBron James,Mo Williams,Sasha Pavlovic,Wally Szczerbiak,Al Horford,Joe Johnson,Marvin Williams,Maurice Evans,Ronald Murray,3,1:00,CLE,rebound,,,,,,,,,,,,,,,,,,
Anderson Varejao,LeBron James,Mo Williams,Sasha Pavlovic,Wally Szczerbiak,Al Horford,Joe Johnson,Marvin Williams,Maurice Evans,Ronald Murray,3,0:45,CLE,shot,,,,,,,,,,Mo Williams,,,,missed,,3pt,41,29
Anderson Varejao,LeBron James,Mo Williams,Sasha Pavlovic,Wally Szczerbiak,Al Horford,Joe Johnson,Marvin Williams,Maurice Evans,Ronald Murray,3,0:44,CLE,rebound,,,,,,,,,,Wally Szczerbiak,,,,,,off,,
Anderson Varejao,LeBron James,Mo Williams,Sasha Pavlovic,Wally Szczerbiak,Al Horford,Joe Johnson,Marvin Williams,Maurice Evans,Ronald Murray,3,0:42,CLE,shot,,,,,,,,,,Wally Szczerbiak,,,,missed,,putback layup,25,6
Anderson Varejao,LeBron James,Mo Williams,Sasha Pavlovic,Wally Szczerbiak,Al Horford,Joe Johnson,Marvin Williams,Maurice Evans,Ronald Murray,3,0:41,CLE,rebound,,,,,,,,,,Anderson Varejao,,,,,,off,,
Anderson Varejao,LeBron James,Mo Williams,Sasha Pavlovic,Wally Szczerbiak,Al Horford,Joe Johnson,Marvin Williams,Maurice Evans,Ronald Murray,3,0:38,CLE,shot,,,,,,,,,,Anderson Varejao,2,,,made,,putback layup,25,6
Anderson Varejao,LeBron James,Mo Williams,Sasha Pavlovic,Wally Szczerbiak,Al Horford,Joe Johnson,Marvin Williams,Maurice Evans,Ronald Murray,3,0:27,ATL,foul,,,,,,,,Anderson Varejao,,Al Horford,,,,,,offensive,,
Anderson Varejao,LeBron James,Mo Williams,Sasha Pavlovic,Wally Szczerbiak,Al Horford,Joe Johnson,Marvin Williams,Maurice Evans,Ronald Murray,3,0:27,ATL,turnover,,,,,,,,,,Al Horford,,,foul,,,,,
Anderson Varejao,LeBron James,Mo Williams,Sasha Pavlovic,Wally Szczerbiak,Al Horford,Joe Johnson,Marvin Williams,Maurice Evans,Ronald Murray,3,0:03,CLE,shot,LeBron James,,,,,,,,,Sasha Pavlovic,3,,,made,,3pt,1,10
Anderson Varejao,LeBron James,Mo Williams,Sasha Pavlovic,Wally Szczerbiak,Al Horford,Joe Johnson,Marvin Williams,Maurice Evans,Ronald Murray,3,0:00,ATL,shot,,,,,,,,,,Ronald Murray,,,,missed,,3pt,3,45
Anderson Varejao,LeBron James,Mo Williams,Sasha Pavlovic,Wally Szczerbiak,Al Horford,Joe Johnson,Marvin Williams,Maurice Evans,Ronald Murray,3,0:00,ATL,rebound,,,,,,,,,,,,,,,,,,
Anderson Varejao,LeBron James,Mo Williams,Sasha Pavlovic,Wally Szczerbiak,Al Horford,Joe Johnson,Josh Smith,Mike Bibby,Ronald Murray,4,11:39,CLE,shot,,,,,,,,,,Wally Szczerbiak,,,,missed,,3pt,49,8
Anderson Varejao,LeBron James,Mo Williams,Sasha Pavlovic,Wally Szczerbiak,Al Horford,Joe Johnson,Josh Smith,Mike Bibby,Ronald Murray,4,11:37,CLE,shot,,,,,,,,,,Sasha Pavlovic,2,,,made,,putback layup,25,6
Anderson Varejao,LeBron James,Mo Williams,Sasha Pavlovic,Wally Szczerbiak,Al Horford,Joe Johnson,Josh Smith,Mike Bibby,Ronald Murray,4,11:37,CLE,rebound,,,,,,,,,,Sasha Pavlovic,,,,,,off,,
Anderson Varejao,LeBron James,Mo Williams,Sasha Pavlovic,Wally Szczerbiak,Al Horford,Joe Johnson,Josh Smith,Mike Bibby,Ronald Murray,4,11:25,CLE,foul,,,,,,,,Joe Johnson,,Sasha Pavlovic,,,,,,personal,,
Anderson Varejao,LeBron James,Mo Williams,Sasha Pavlovic,Wally Szczerbiak,Al Horford,Joe Johnson,Josh Smith,Mike Bibby,Ronald Murray,4,11:14,ATL,shot,,,,,,,,,,Mike Bibby,,,,missed,,3pt,43,27
Anderson Varejao,LeBron James,Mo Williams,Sasha Pavlovic,Wally Szczerbiak,Al Horford,Joe Johnson,Josh Smith,Mike Bibby,Ronald Murray,4,11:13,CLE,rebound,,,,,,,,,,Anderson Varejao,,,,,,def,,
Anderson Varejao,LeBron James,Mo Williams,Sasha Pavlovic,Wally Szczerbiak,Al Horford,Joe Johnson,Josh Smith,Mike Bibby,Ronald Murray,4,11:01,CLE,shot,,,,,,,,,,Mo Williams,2,,,made,,driving layup,28,6
Anderson Varejao,LeBron James,Mo Williams,Sasha Pavlovic,Wally Szczerbiak,Al Horford,Joe Johnson,Josh Smith,Mike Bibby,Ronald Murray,4,10:50,CLE,foul,,,,,,,,Joe Johnson,,LeBron James,,,,,,personal,,
Anderson Varejao,LeBron James,Mo Williams,Sasha Pavlovic,Wally Szczerbiak,Joe Johnson,Josh Smith,Mike Bibby,Ronald Murray,Zaza Pachulia,4,10:50,ATL,sub,,,,Zaza Pachulia,,Al Horford,,,,,,,,,,,,
Anderson Varejao,LeBron James,Mo Williams,Sasha Pavlovic,Wally Szczerbiak,Joe Johnson,Josh Smith,Mike Bibby,Ronald Murray,Zaza Pachulia,4,10:41,CLE,foul,,,,,,,,Ronald Murray,,Wally Szczerbiak,,,,,,shooting,,
Anderson Varejao,LeBron James,Mo Williams,Sasha Pavlovic,Wally Szczerbiak,Joe Johnson,Josh Smith,Mike Bibby,Ronald Murray,Zaza Pachulia,4,10:41,ATL,free throw,,,,,,,1,,2,Ronald Murray,,,foul,made,,,,
Anderson Varejao,LeBron James,Mo Williams,Sasha Pavlovic,Wally Szczerbiak,Joe Johnson,Josh Smith,Mike Bibby,Ronald Murray,Zaza Pachulia,4,10:41,ATL,free throw,,,,,,,2,,2,Ronald Murray,,,foul,missed,,,,
Anderson Varejao,LeBron James,Mo Williams,Sasha Pavlovic,Wally Szczerbiak,Joe Johnson,Josh Smith,Mike Bibby,Ronald Murray,Zaza Pachulia,4,10:39,ATL,rebound,,,,,,,,,,Josh Smith,,,,,,off,,
Anderson Varejao,LeBron James,Mo Williams,Sasha Pavlovic,Wally Szczerbiak,Joe Johnson,Josh Smith,Mike Bibby,Ronald Murray,Zaza Pachulia,4,10:36,ATL,turnover,,,,,,,,,,Josh Smith,,,lost ball,,LeBron James,,,
Anderson Varejao,LeBron James,Mo Williams,Sasha Pavlovic,Wally Szczerbiak,Joe Johnson,Josh Smith,Mike Bibby,Ronald Murray,Zaza Pachulia,4,10:14,CLE,shot,,,,,,,,,,LeBron James,,,,missed,,3pt,7,28
Anderson Varejao,LeBron James,Mo Williams,Sasha Pavlovic,Wally Szczerbiak,Joe Johnson,Josh Smith,Mike Bibby,Ronald Murray,Zaza Pachulia,4,10:12,CLE,rebound,,,,,,,,,,LeBron James,,,,,,off,,
Anderson Varejao,LeBron James,Mo Williams,Sasha Pavlovic,Wally Szczerbiak,Joe Johnson,Josh Smith,Mike Bibby,Ronald Murray,Zaza Pachulia,4,10:00,CLE,shot,,,,,,,,,,Wally Szczerbiak,,,,missed,,jump,21,7
Anderson Varejao,LeBron James,Mo Williams,Sasha Pavlovic,Wally Szczerbiak,Joe Johnson,Josh Smith,Mike Bibby,Ronald Murray,Zaza Pachulia,4,10:00,CLE,rebound,,,,,,,,,,Anderson Varejao,,,,,,off,,
Anderson Varejao,LeBron James,Mo Williams,Sasha Pavlovic,Wally Szczerbiak,Joe Johnson,Josh Smith,Mike Bibby,Ronald Murray,Zaza Pachulia,4,10:00,ATL,foul,,,,,,,,Anderson Varejao,,Zaza Pachulia,,,,,,shooting,,
Anderson Varejao,LeBron James,Mo Williams,Sasha Pavlovic,Wally Szczerbiak,Joe Johnson,Josh Smith,Mike Bibby,Ronald Murray,Zaza Pachulia,4,10:00,CLE,free throw,,,,,,,1,,2,Anderson Varejao,,,foul,missed,,,,
Anderson Varejao,LeBron James,Mo Williams,Sasha Pavlovic,Wally Szczerbiak,Joe Johnson,Josh Smith,Mike Bibby,Ronald Murray,Zaza Pachulia,4,10:00,CLE,rebound,,,,,,,,,,,,,,,,,,
Anderson Varejao,LeBron James,Mo Williams,Sasha Pavlovic,Wally Szczerbiak,Joe Johnson,Josh Smith,Mike Bibby,Ronald Murray,Zaza Pachulia,4,10:00,CLE,free throw,,,,,,,2,,2,Anderson Varejao,,,foul,missed,,,,
Anderson Varejao,LeBron James,Mo Williams,Sasha Pavlovic,Wally Szczerbiak,Joe Johnson,Josh Smith,Mike Bibby,Ronald Murray,Zaza Pachulia,4,9:58,CLE,rebound,,,,,,,,,,Sasha Pavlovic,,,,,,off,,
Anderson Varejao,LeBron James,Mo Williams,Sasha Pavlovic,Wally Szczerbiak,Joe Johnson,Josh Smith,Mike Bibby,Ronald Murray,Zaza Pachulia,4,9:44,CLE,turnover,,,,,,,,,,LeBron James,,,traveling,,,,,
Anderson Varejao,LeBron James,Mo Williams,Sasha Pavlovic,Wally Szczerbiak,Joe Johnson,Josh Smith,Mike Bibby,Ronald Murray,Zaza Pachulia,4,9:34,CLE,foul,,,,,,,,Mike Bibby,,Sasha Pavlovic,,,,,,personal,,
Anderson Varejao,LeBron James,Mo Williams,Sasha Pavlovic,Wally Szczerbiak,Joe Johnson,Josh Smith,Mike Bibby,Ronald Murray,Zaza Pachulia,4,9:28,ATL,shot,,,,,,,,,,Mike Bibby,2,,,made,,jump,38,19
Anderson Varejao,LeBron James,Mo Williams,Sasha Pavlovic,Wally Szczerbiak,Joe Johnson,Josh Smith,Mike Bibby,Ronald Murray,Zaza Pachulia,4,9:10,ATL,foul,,,,,,,,Wally Szczerbiak,,Zaza Pachulia,,,,,,shooting,,
Anderson Varejao,LeBron James,Mo Williams,Sasha Pavlovic,Wally Szczerbiak,Joe Johnson,Josh Smith,Mike Bibby,Ronald Murray,Zaza Pachulia,4,9:10,CLE,free throw,,,,,,,1,,2,Wally Szczerbiak,,,foul,made,,,,
Anderson Varejao,LeBron James,Mo Williams,Sasha Pavlovic,Wally Szczerbiak,Joe Johnson,Josh Smith,Mike Bibby,Ronald Murray,Zaza Pachulia,4,9:10,CLE,free throw,,,,,,,2,,2,Wally Szczerbiak,,,foul,made,,,,
Anderson Varejao,LeBron James,Mo Williams,Sasha Pavlovic,Wally Szczerbiak,Joe Johnson,Josh Smith,Mike Bibby,Ronald Murray,Zaza Pachulia,4,8:58,CLE,foul,,,,,,,,Joe Johnson,,Anderson Varejao,,,,,,shooting,,
Anderson Varejao,LeBron James,Mo Williams,Sasha Pavlovic,Wally Szczerbiak,Joe Johnson,Josh Smith,Mike Bibby,Ronald Murray,Zaza Pachulia,4,8:58,OFF,timeout,,,,,,,,,,,,,,,,official,,
Anderson Varejao,LeBron James,Mo Williams,Sasha Pavlovic,Wally Szczerbiak,Al Horford,Joe Johnson,Josh Smith,Mike Bibby,Ronald Murray,4,8:58,ATL,sub,,,,Al Horford,,Zaza Pachulia,,,,,,,,,,,,
Anderson Varejao,LeBron James,Mo Williams,Sasha Pavlovic,Wally Szczerbiak,Al Horford,Joe Johnson,Josh Smith,Mike Bibby,Ronald Murray,4,8:58,ATL,free throw,,,,,,,1,,2,Joe Johnson,,,foul,made,,,,
Anderson Varejao,LeBron James,Mo Williams,Sasha Pavlovic,Wally Szczerbiak,Al Horford,Joe Johnson,Josh Smith,Mike Bibby,Ronald Murray,4,8:58,ATL,free throw,,,,,,,2,,2,Joe Johnson,,,foul,missed,,,,
Anderson Varejao,LeBron James,Mo Williams,Sasha Pavlovic,Wally Szczerbiak,Al Horford,Joe Johnson,Josh Smith,Mike Bibby,Ronald Murray,4,8:55,CLE,rebound,,,,,,,,,,Anderson Varejao,,,,,,def,,
Anderson Varejao,LeBron James,Mo Williams,Sasha Pavlovic,Wally Szczerbiak,Al Horford,Joe Johnson,Josh Smith,Mike Bibby,Ronald Murray,4,8:38,CLE,shot,,,,,,,,,,Wally Szczerbiak,,,,missed,,3pt,40,28
Anderson Varejao,LeBron James,Mo Williams,Sasha Pavlovic,Wally Szczerbiak,Al Horford,Joe Johnson,Josh Smith,Mike Bibby,Ronald Murray,4,8:37,ATL,rebound,,,,,,,,,,,,,,,,,,
Anderson Varejao,LeBron James,Mo Williams,Sasha Pavlovic,Wally Szczerbiak,Al Horford,Joe Johnson,Josh Smith,Mike Bibby,Ronald Murray,4,8:22,ATL,shot,,,,,,,,,,Joe Johnson,2,,,made,,running jump,29,9
Anderson Varejao,LeBron James,Mo Williams,Sasha Pavlovic,Wally Szczerbiak,Al Horford,Joe Johnson,Josh Smith,Mike Bibby,Ronald Murray,4,8:04,ATL,foul,,,,,,,,LeBron James,,Al Horford,,,,,,shooting,,
Anderson Varejao,Ben Wallace,LeBron James,Mo Williams,Sasha Pavlovic,Al Horford,Joe Johnson,Josh Smith,Mike Bibby,Ronald Murray,4,8:04,CLE,sub,,,,Ben Wallace,,Wally Szczerbiak,,,,,,,,,,,,
Ben Wallace,Delonte West,LeBron James,Mo Williams,Sasha Pavlovic,Al Horford,Joe Johnson,Josh Smith,Mike Bibby,Ronald Murray,4,8:04,CLE,sub,,,,Delonte West,,Anderson Varejao,,,,,,,,,,,,
Ben Wallace,Delonte West,LeBron James,Mo Williams,Sasha Pavlovic,Al Horford,Joe Johnson,Josh Smith,Mike Bibby,Ronald Murray,4,8:04,CLE,free throw,,,,,,,1,,2,LeBron James,,,foul,made,,,,
Ben Wallace,Delonte West,LeBron James,Mo Williams,Sasha Pavlovic,Al Horford,Joe Johnson,Josh Smith,Mike Bibby,Ronald Murray,4,8:04,CLE,free throw,,,,,,,2,,2,LeBron James,,,foul,made,,,,
Ben Wallace,Delonte West,LeBron James,Mo Williams,Sasha Pavlovic,Al Horford,Joe Johnson,Josh Smith,Mike Bibby,Ronald Murray,4,7:43,ATL,shot,,,,,,,,,,Joe Johnson,2,,,made,,jump,32,20
Ben Wallace,Delonte West,LeBron James,Mo Williams,Sasha Pavlovic,Al Horford,Joe Johnson,Josh Smith,Mike Bibby,Ronald Murray,4,7:26,CLE,shot,Mo Williams,,,,,,,,,LeBron James,3,,,made,,3pt,42,28
Ben Wallace,Delonte West,LeBron James,Mo Williams,Sasha Pavlovic,Al Horford,Joe Johnson,Josh Smith,Mike Bibby,Ronald Murray,4,7:10,ATL,shot,,,,,,,,,,Joe Johnson,2,,,made,,jump,37,20
Ben Wallace,Delonte West,LeBron James,Mo Williams,Sasha Pavlovic,Al Horford,Joe Johnson,Josh Smith,Mike Bibby,Ronald Murray,4,6:44,CLE,shot,,,,,,,,,,Delonte West,,,,missed,,jump,9,22
Ben Wallace,Delonte West,LeBron James,Mo Williams,Sasha Pavlovic,Al Horford,Joe Johnson,Josh Smith,Mike Bibby,Ronald Murray,4,6:42,ATL,rebound,,,,,,,,,,Joe Johnson,,,,,,def,,
Ben Wallace,Delonte West,LeBron James,Mo Williams,Sasha Pavlovic,Al Horford,Joe Johnson,Josh Smith,Mike Bibby,Ronald Murray,4,6:35,CLE,foul,,,,,,,,Joe Johnson,,Sasha Pavlovic,,,,,,shooting,,
Ben Wallace,Delonte West,LeBron James,Mo Williams,Sasha Pavlovic,Al Horford,Joe Johnson,Josh Smith,Marvin Williams,Mike Bibby,4,6:35,ATL,sub,,,,Marvin Williams,,Ronald Murray,,,,,,,,,,,,
Ben Wallace,Delonte West,LeBron James,Mo Williams,Sasha Pavlovic,Al Horford,Joe Johnson,Josh Smith,Marvin Williams,Mike Bibby,4,6:35,ATL,free throw,,,,,,,1,,2,Joe Johnson,,,foul,made,,,,
Anderson Varejao,Delonte West,LeBron James,Mo Williams,Sasha Pavlovic,Al Horford,Joe Johnson,Josh Smith,Marvin Williams,Mike Bibby,4,6:35,CLE,sub,,,,Anderson Varejao,,Ben Wallace,,,,,,,,,,,,
Anderson Varejao,Delonte West,LeBron James,Mo Williams,Sasha Pavlovic,Al Horford,Joe Johnson,Josh Smith,Marvin Williams,Mike Bibby,4,6:35,ATL,free throw,,,,,,,2,,2,Joe Johnson,,,foul,made,,,,
Anderson Varejao,Delonte West,LeBron James,Mo Williams,Sasha Pavlovic,Al Horford,Joe Johnson,Josh Smith,Marvin Williams,Mike Bibby,4,6:12,CLE,shot,,,,,,,,,,Anderson Varejao,2,,,made,,driving layup,26,8
Anderson Varejao,Delonte West,LeBron James,Mo Williams,Sasha Pavlovic,Al Horford,Joe Johnson,Josh Smith,Marvin Williams,Mike Bibby,4,6:12,ATL,foul,,,,,,,,Anderson Varejao,,Josh Smith,,,,,,shooting,,
Anderson Varejao,Delonte West,LeBron James,Mo Williams,Sasha Pavlovic,Al Horford,Joe Johnson,Josh Smith,Marvin Williams,Mike Bibby,4,6:12,CLE,free throw,,,,,,,1,,1,Anderson Varejao,,,foul,missed,,,,
Anderson Varejao,Delonte West,LeBron James,Mo Williams,Sasha Pavlovic,Al Horford,Joe Johnson,Josh Smith,Marvin Williams,Mike Bibby,4,6:11,ATL,rebound,,,,,,,,,,Marvin Williams,,,,,,def,,
Anderson Varejao,Delonte West,LeBron James,Mo Williams,Sasha Pavlovic,Al Horford,Joe Johnson,Josh Smith,Marvin Williams,Mike Bibby,4,5:52,ATL,shot,Marvin Williams,,,,,,,,,Al Horford,2,,,made,,fade away jumper,25,17
Anderson Varejao,Delonte West,LeBron James,Mo Williams,Sasha Pavlovic,Al Horford,Joe Johnson,Josh Smith,Marvin Williams,Mike Bibby,4,5:43,ATL,foul,,,,,,,,LeBron James,,Al Horford,,,,,,shooting,,
Anderson Varejao,Delonte West,LeBron James,Mo Williams,Sasha Pavlovic,Al Horford,Joe Johnson,Josh Smith,Marvin Williams,Mike Bibby,4,5:43,ATL,timeout,,,,,,,,,,,,,,,,regular,,
Anderson Varejao,Delonte West,LeBron James,Mo Williams,Sasha Pavlovic,Joe Johnson,Josh Smith,Marvin Williams,Mike Bibby,Zaza Pachulia,4,5:43,ATL,sub,,,,Zaza Pachulia,,Al Horford,,,,,,,,,,,,
Anderson Varejao,Delonte West,LeBron James,Mo Williams,Sasha Pavlovic,Joe Johnson,Josh Smith,Marvin Williams,Mike Bibby,Zaza Pachulia,4,5:43,CLE,free throw,,,,,,,1,,2,LeBron James,,,foul,made,,,,
Anderson Varejao,Delonte West,LeBron James,Mo Williams,Sasha Pavlovic,Joe Johnson,Josh Smith,Marvin Williams,Mike Bibby,Zaza Pachulia,4,5:43,CLE,free throw,,,,,,,2,,2,LeBron James,,,foul,made,,,,
Anderson Varejao,Delonte West,LeBron James,Mo Williams,Sasha Pavlovic,Joe Johnson,Josh Smith,Marvin Williams,Mike Bibby,Zaza Pachulia,4,5:21,ATL,shot,,,,,,,,,,Joe Johnson,,,,missed,,3pt,42,27
Anderson Varejao,Delonte West,LeBron James,Mo Williams,Sasha Pavlovic,Joe Johnson,Josh Smith,Marvin Williams,Mike Bibby,Zaza Pachulia,4,5:19,ATL,rebound,,,,,,,,,,Josh Smith,,,,,,off,,
Anderson Varejao,Delonte West,LeBron James,Mo Williams,Sasha Pavlovic,Joe Johnson,Josh Smith,Marvin Williams,Mike Bibby,Zaza Pachulia,4,5:18,ATL,turnover,,,,,,,,,,,,,shot clock turnover,,,,,
Anderson Varejao,Delonte West,LeBron James,Mo Williams,Sasha Pavlovic,Joe Johnson,Josh Smith,Marvin Williams,Mike Bibby,Zaza Pachulia,4,5:03,CLE,shot,LeBron James,,,,,,,,,Mo Williams,2,,,made,,jump bank,38,13
Anderson Varejao,Delonte West,LeBron James,Mo Williams,Sasha Pavlovic,Joe Johnson,Josh Smith,Marvin Williams,Mike Bibby,Zaza Pachulia,4,4:39,ATL,shot,,,,,,,,,,Mike Bibby,2,,,made,,running jump,23,14
Anderson Varejao,Delonte West,LeBron James,Mo Williams,Sasha Pavlovic,Joe Johnson,Josh Smith,Marvin Williams,Mike Bibby,Zaza Pachulia,4,4:18,CLE,shot,,,,,,,,,,Delonte West,,,,missed,,3pt,6,27
Anderson Varejao,Delonte West,LeBron James,Mo Williams,Sasha Pavlovic,Joe Johnson,Josh Smith,Marvin Williams,Mike Bibby,Zaza Pachulia,4,4:16,ATL,rebound,,,,,,,,,,Joe Johnson,,,,,,def,,
Anderson Varejao,Delonte West,LeBron James,Mo Williams,Sasha Pavlovic,Joe Johnson,Josh Smith,Marvin Williams,Mike Bibby,Zaza Pachulia,4,4:00,ATL,shot,,,,,,,,,,Josh Smith,,,,missed,,3pt,12,30
Anderson Varejao,Delonte West,LeBron James,Mo Williams,Sasha Pavlovic,Joe Johnson,Josh Smith,Marvin Williams,Mike Bibby,Zaza Pachulia,4,3:59,ATL,rebound,,,,,,,,,,,,,,,,,,
Anderson Varejao,Delonte West,LeBron James,Mo Williams,Sasha Pavlovic,Joe Johnson,Josh Smith,Marvin Williams,Mike Bibby,Zaza Pachulia,4,3:59,CLE,foul,,,,,,,,Zaza Pachulia,,Anderson Varejao,,,,,,loose ball,,
Anderson Varejao,Delonte West,LeBron James,Mo Williams,Sasha Pavlovic,Joe Johnson,Josh Smith,Marvin Williams,Mike Bibby,Zaza Pachulia,4,3:59,ATL,free throw,,,,,,,1,,2,Zaza Pachulia,,,foul,made,,,,
Anderson Varejao,Delonte West,LeBron James,Mo Williams,Sasha Pavlovic,Joe Johnson,Josh Smith,Marvin Williams,Mike Bibby,Zaza Pachulia,4,3:59,CLE,timeout,,,,,,,,,,,,,,,,regular,,
Anderson Varejao,Delonte West,LeBron James,Mo Williams,Sasha Pavlovic,Joe Johnson,Josh Smith,Marvin Williams,Mike Bibby,Zaza Pachulia,4,3:59,ATL,free throw,,,,,,,2,,2,Zaza Pachulia,,,foul,made,,,,
Anderson Varejao,Delonte West,LeBron James,Mo Williams,Sasha Pavlovic,Joe Johnson,Josh Smith,Marvin Williams,Mike Bibby,Zaza Pachulia,4,3:38,CLE,shot,LeBron James,,,,,,,,,Mo Williams,2,,,made,,running jump,21,14
Anderson Varejao,Delonte West,LeBron James,Mo Williams,Sasha Pavlovic,Joe Johnson,Josh Smith,Marvin Williams,Mike Bibby,Zaza Pachulia,4,3:19,ATL,shot,Joe Johnson,,,,,,,,,Marvin Williams,3,,,made,,3pt,1,12
Anderson Varejao,Delonte West,LeBron James,Mo Williams,Sasha Pavlovic,Joe Johnson,Josh Smith,Marvin Williams,Mike Bibby,Zaza Pachulia,4,2:58,CLE,shot,Delonte West,,,,,,,,,LeBron James,2,,,made,,running layup,28,6
Anderson Varejao,Delonte West,LeBron James,Mo Williams,Sasha Pavlovic,Joe Johnson,Josh Smith,Marvin Williams,Mike Bibby,Zaza Pachulia,4,2:58,ATL,foul,,,,,,,,LeBron James,,Zaza Pachulia,,,,,,shooting,,
Anderson Varejao,Delonte West,LeBron James,Mo Williams,Sasha Pavlovic,Joe Johnson,Josh Smith,Marvin Williams,Mike Bibby,Zaza Pachulia,4,2:58,CLE,free throw,,,,,,,1,,1,LeBron James,,,foul,made,,,,
Anderson Varejao,Delonte West,LeBron James,Mo Williams,Sasha Pavlovic,Joe Johnson,Josh Smith,Marvin Williams,Mike Bibby,Zaza Pachulia,4,2:35,ATL,shot,,,Sasha Pavlovic,,,,,,,Joe Johnson,,,,missed,,driving layup,26,7
Anderson Varejao,Delonte West,LeBron James,Mo Williams,Sasha Pavlovic,Joe Johnson,Josh Smith,Marvin Williams,Mike Bibby,Zaza Pachulia,4,2:35,ATL,rebound,,,,,,,,,,,,,,,,,,
Anderson Varejao,Delonte West,LeBron James,Mo Williams,Sasha Pavlovic,Joe Johnson,Josh Smith,Marvin Williams,Mike Bibby,Zaza Pachulia,4,2:35,ATL,timeout,,,,,,,,,,,,,,,,regular,,
Anderson Varejao,Delonte West,LeBron James,Mo Williams,Sasha Pavlovic,Joe Johnson,Josh Smith,Marvin Williams,Mike Bibby,Zaza Pachulia,4,2:34,ATL,turnover,,,,,,,,,,Marvin Williams,,,bad pass,,LeBron James,,,
Anderson Varejao,Delonte West,LeBron James,Mo Williams,Sasha Pavlovic,Joe Johnson,Josh Smith,Marvin Williams,Mike Bibby,Zaza Pachulia,4,2:32,ATL,foul,,,,,,,,LeBron James,,Joe Johnson,,,,,,shooting,,
Anderson Varejao,Delonte West,LeBron James,Mo Williams,Sasha Pavlovic,Joe Johnson,Josh Smith,Marvin Williams,Mike Bibby,Zaza Pachulia,4,2:32,CLE,free throw,,,,,,,1,,2,LeBron James,,,foul,made,,,,
Anderson Varejao,Delonte West,LeBron James,Mo Williams,Sasha Pavlovic,Joe Johnson,Josh Smith,Marvin Williams,Mike Bibby,Zaza Pachulia,4,2:32,CLE,free throw,,,,,,,2,,2,LeBron James,,,foul,made,,,,
Anderson Varejao,Delonte West,LeBron James,Mo Williams,Sasha Pavlovic,Joe Johnson,Josh Smith,Marvin Williams,Mike Bibby,Zaza Pachulia,4,2:19,ATL,shot,Joe Johnson,,,,,,,,,Mike Bibby,3,,,made,,3pt,43,28
Anderson Varejao,Delonte West,LeBron James,Mo Williams,Sasha Pavlovic,Joe Johnson,Josh Smith,Marvin Williams,Mike Bibby,Zaza Pachulia,4,2:03,CLE,shot,,,,,,,,,,LeBron James,,,,missed,,3pt,43,28
Anderson Varejao,Delonte West,LeBron James,Mo Williams,Sasha Pavlovic,Joe Johnson,Josh Smith,Marvin Williams,Mike Bibby,Zaza Pachulia,4,2:02,ATL,rebound,,,,,,,,,,Josh Smith,,,,,,def,,
Anderson Varejao,Delonte West,LeBron James,Mo Williams,Sasha Pavlovic,Joe Johnson,Josh Smith,Marvin Williams,Mike Bibby,Zaza Pachulia,4,1:40,ATL,shot,,,,,,,,,,Joe Johnson,2,,,made,,fade away jumper,38,10
Anderson Varejao,Delonte West,LeBron James,Mo Williams,Sasha Pavlovic,Joe Johnson,Josh Smith,Marvin Williams,Mike Bibby,Zaza Pachulia,4,1:40,CLE,timeout,,,,,,,,,,,,,,,,regular,,
Anderson Varejao,Delonte West,LeBron James,Mo Williams,Sasha Pavlovic,Al Horford,Joe Johnson,Josh Smith,Marvin Williams,Mike Bibby,4,1:40,ATL,sub,,,,Al Horford,,Zaza Pachulia,,,,,,,,,,,,
Anderson Varejao,Delonte West,LeBron James,Mo Williams,Sasha Pavlovic,Al Horford,Joe Johnson,Josh Smith,Marvin Williams,Mike Bibby,4,1:31,CLE,shot,,,,,,,,,,LeBron James,2,,,made,,driving layup,22,7
Anderson Varejao,Delonte West,LeBron James,Mo Williams,Sasha Pavlovic,Al Horford,Joe Johnson,Josh Smith,Marvin Williams,Mike Bibby,4,1:09,ATL,shot,,,,,,,,,,Joe Johnson,,,,missed,,jump,37,20
Anderson Varejao,Delonte West,LeBron James,Mo Williams,Sasha Pavlovic,Al Horford,Joe Johnson,Josh Smith,Marvin Williams,Mike Bibby,4,1:08,CLE,rebound,,,,,,,,,,LeBron James,,,,,,def,,
Anderson Varejao,Delonte West,LeBron James,Mo Williams,Sasha Pavlovic,Al Horford,Joe Johnson,Josh Smith,Marvin Williams,Mike Bibby,4,0:45,CLE,shot,,,Josh Smith,,,,,,,Delonte West,,,,missed,,3pt,48,10
Anderson Varejao,Delonte West,LeBron James,Mo Williams,Sasha Pavlovic,Al Horford,Joe Johnson,Josh Smith,Marvin Williams,Mike Bibby,4,0:45,CLE,rebound,,,,,,,,,,,,,,,,,,
Anderson Varejao,Delonte West,LeBron James,Mo Williams,Sasha Pavlovic,Al Horford,Joe Johnson,Josh Smith,Marvin Williams,Mike Bibby,4,0:45,CLE,timeout,,,,,,,,,,,,,,,,short,,
Anderson Varejao,Delonte West,LeBron James,Mo Williams,Sasha Pavlovic,Al Horford,Joe Johnson,Josh Smith,Marvin Williams,Mike Bibby,4,0:43,CLE,shot,,,,,,,,,,Mo Williams,,,,missed,,3pt,44,24
Anderson Varejao,Delonte West,LeBron James,Mo Williams,Sasha Pavlovic,Al Horford,Joe Johnson,Josh Smith,Marvin Williams,Mike Bibby,4,0:43,CLE,rebound,,,,,,,,,,,,,,,,,,
Anderson Varejao,Delonte West,LeBron James,Mo Williams,Sasha Pavlovic,Al Horford,Joe Johnson,Josh Smith,Marvin Williams,Mike Bibby,4,0:43,CLE,turnover,,,,,,,,,,,,,shot clock turnover,,,,,
Anderson Varejao,Delonte West,LeBron James,Mo Williams,Sasha Pavlovic,Al Horford,Joe Johnson,Josh Smith,Marvin Williams,Mike Bibby,4,0:22,ATL,shot,,,,,,,,,,Mike Bibby,,,,missed,,jump,35,24
Anderson Varejao,Delonte West,LeBron James,Mo Williams,Sasha Pavlovic,Al Horford,Joe Johnson,Josh Smith,Marvin Williams,Mike Bibby,4,0:20,ATL,rebound,,,,,,,,,,Al Horford,,,,,,off,,
Anderson Varejao,Delonte West,LeBron James,Mo Williams,Sasha Pavlovic,Al Horford,Joe Johnson,Josh Smith,Marvin Williams,Mike Bibby,4,0:18,CLE,foul,,,,,,,,Marvin Williams,,Anderson Varejao,,,,,,personal,,
Anderson Varejao,Delonte West,LeBron James,Mo Williams,Sasha Pavlovic,Al Horford,Joe Johnson,Josh Smith,Marvin Williams,Mike Bibby,4,0:18,ATL,free throw,,,,,,,1,,2,Marvin Williams,,,foul,made,,,,
Anderson Varejao,Delonte West,LeBron James,Mo Williams,Sasha Pavlovic,Al Horford,Joe Johnson,Josh Smith,Marvin Williams,Mike Bibby,4,0:18,ATL,free throw,,,,,,,2,,2,Marvin Williams,,,foul,missed,,,,
Anderson Varejao,Delonte West,LeBron James,Mo Williams,Sasha Pavlovic,Al Horford,Joe Johnson,Josh Smith,Marvin Williams,Mike Bibby,4,0:16,CLE,rebound,,,,,,,,,,LeBron James,,,,,,def,,
Anderson Varejao,Delonte West,LeBron James,Mo Williams,Sasha Pavlovic,Al Horford,Joe Johnson,Josh Smith,Marvin Williams,Mike Bibby,4,0:09,CLE,shot,,,,,,,,,,Mo Williams,,,,missed,,3pt,1,7
Anderson Varejao,Delonte West,LeBron James,Mo Williams,Sasha Pavlovic,Al Horford,Joe Johnson,Josh Smith,Marvin Williams,Mike Bibby,4,0:06,CLE,rebound,,,,,,,,,,LeBron James,,,,,,off,,
Anderson Varejao,Delonte West,LeBron James,Mo Williams,Sasha Pavlovic,Al Horford,Joe Johnson,Josh Smith,Marvin Williams,Mike Bibby,4,0:03,CLE,shot,,,,,,,,,,Delonte West,,,,missed,,3pt,15,32
Anderson Varejao,Delonte West,LeBron James,Mo Williams,Sasha Pavlovic,Al Horford,Joe Johnson,Josh Smith,Marvin Williams,Mike Bibby,4,0:02,ATL,rebound,,,,,,,,,,Marvin Williams,,,,,,def,,
Anderson Varejao,Delonte West,LeBron James,Mo Williams,Sasha Pavlovic,Al Horford,Joe Johnson,Josh Smith,Marvin Williams,Mike Bibby,4,0:02,CLE,foul,,,,,,,,Marvin Williams,,Anderson Varejao,,,,,,personal,,
Darnell Jackson,Delonte West,LeBron James,Mo Williams,Sasha Pavlovic,Al Horford,Joe Johnson,Josh Smith,Marvin Williams,Mike Bibby,4,0:02,CLE,sub,,,,Darnell Jackson,,Anderson Varejao,,,,,,,,,,,,
Darnell Jackson,Delonte West,LeBron James,Mo Williams,Sasha Pavlovic,Al Horford,Joe Johnson,Josh Smith,Marvin Williams,Mike Bibby,4,0:02,ATL,free throw,,,,,,,1,,2,Marvin Williams,,,foul,made,,,,
Darnell Jackson,Delonte West,LeBron James,Mo Williams,Sasha Pavlovic,Al Horford,Joe Johnson,Josh Smith,Marvin Williams,Mike Bibby,4,0:02,ATL,free throw,,,,,,,2,,2,Marvin Williams,,,foul,made,,,,
Darnell Jackson,Delonte West,LeBron James,Mo Williams,Sasha Pavlovic,Al Horford,Joe Johnson,Josh Smith,Marvin Williams,Mike Bibby,4,0:02,CLE,timeout,,,,,,,,,,,,,,,,short,,
