a1,a2,a3,a4,a5,h1,h2,h3,h4,h5,period,time,team,etype,assist,away,block,entered,home,left,num,opponent,outof,player,points,possession,reason,result,steal,type,x,y
Andrew Bynum,Derek Fisher,Kobe Bryant,Pau Gasol,Vladimir Radmanovic,Allen Iverson,Anthony Carter,Carmelo Anthony,Kenyon Martin,Nene Hilario,1,12:00,OFF,jump ball,,Andrew Bynum,,,Nene Hilario,,,,,,,Vladimir Radmanovic,,,,,,
Andrew Bynum,Derek Fisher,Kobe Bryant,Pau Gasol,Vladimir Radmanovic,Allen Iverson,Anthony Carter,Carmelo Anthony,Kenyon Martin,Nene Hilario,1,11:49,LAL,shot,,,,,,,,,,Vladimir Radmanovic,,,,missed,,3pt,49,7
Andrew Bynum,Derek Fisher,Kobe Bryant,Pau Gasol,Vladimir Radmanovic,Allen Iverson,Anthony Carter,Carmelo Anthony,Kenyon Martin,Nene Hilario,1,11:47,LAL,rebound,,,,,,,,,,Andrew Bynum,,,,,,off,,
Andrew Bynum,Derek Fisher,Kobe Bryant,Pau Gasol,Vladimir Radmanovic,Allen Iverson,Anthony Carter,Carmelo Anthony,Kenyon Martin,Nene Hilario,1,11:36,LAL,shot,,,,,,,,,,Derek Fisher,,,,missed,,driving layup,25,6
Andrew Bynum,Derek Fisher,Kobe Bryant,Pau Gasol,Vladimir Radmanovic,Allen Iverson,Anthony Carter,Carmelo Anthony,Kenyon Martin,Nene Hilario,1,11:35,DEN,rebound,,,,,,,,,,Kenyon Martin,,,,,,def,,
Andrew Bynum,Derek Fisher,Kobe Bryant,Pau Gasol,Vladimir Radmanovic,Allen Iverson,Anthony Carter,Carmelo Anthony,Kenyon Martin,Nene Hilario,1,11:18,DEN,shot,,,,,,,,,,Kenyon Martin,,,,missed,,jump,41,12
Andrew Bynum,Derek Fisher,Kobe Bryant,Pau Gasol,Vladimir Radmanovic,Allen Iverson,Anthony Carter,Carmelo Anthony,Kenyon Martin,Nene Hilario,1,11:16,LAL,rebound,,,,,,,,,,Vladimir Radmanovic,,,,,,def,,
Andrew Bynum,Derek Fisher,Kobe Bryant,Pau Gasol,Vladimir Radmanovic,Allen Iverson,Anthony Carter,Carmelo Anthony,Kenyon Martin,Nene Hilario,1,11:07,LAL,turnover,,,,,,,,,,Derek Fisher,,,bad pass,,Carmelo Anthony,,,
Andrew Bynum,Derek Fisher,Kobe Bryant,Pau Gasol,Vladimir Radmanovic,Allen Iverson,Anthony Carter,Carmelo Anthony,Kenyon Martin,Nene Hilario,1,11:03,DEN,turnover,,,,,,,,,,Carmelo Anthony,,,bad pass,,,,,
Andrew Bynum,Derek Fisher,Kobe Bryant,Pau Gasol,Vladimir Radmanovic,Allen Iverson,Anthony Carter,Carmelo Anthony,Kenyon Martin,Nene Hilario,1,10:53,LAL,turnover,,,,,,,,,,Vladimir Radmanovic,,,bad pass,,Kenyon Martin,,,
Andrew Bynum,Derek Fisher,Kobe Bryant,Pau Gasol,Vladimir Radmanovic,Allen Iverson,Anthony Carter,Carmelo Anthony,Kenyon Martin,Nene Hilario,1,10:50,DEN,foul,,,,,,,,Kobe Bryant,,Kenyon Martin,,,,,,offensive,,
Andrew Bynum,Derek Fisher,Kobe Bryant,Pau Gasol,Vladimir Radmanovic,Allen Iverson,Anthony Carter,Carmelo Anthony,Kenyon Martin,Nene Hilario,1,10:50,DEN,turnover,,,,,,,,,,Kenyon Martin,,,foul,,,,,
Andrew Bynum,Derek Fisher,Kobe Bryant,Pau Gasol,Vladimir Radmanovic,Allen Iverson,Anthony Carter,Carmelo Anthony,Kenyon Martin,Nene Hilario,1,10:33,LAL,shot,,,,,,,,,,Andrew Bynum,,,,missed,,jump,28,17
Andrew Bynum,Derek Fisher,Kobe Bryant,Pau Gasol,Vladimir Radmanovic,Allen Iverson,Anthony Carter,Carmelo Anthony,Kenyon Martin,Nene Hilario,1,10:32,DEN,rebound,,,,,,,,,,Allen Iverson,,,,,,def,,
Andrew Bynum,Derek Fisher,Kobe Bryant,Pau Gasol,Vladimir Radmanovic,Allen Iverson,Anthony Carter,Carmelo Anthony,Kenyon Martin,Nene Hilario,1,10:20,DEN,shot,Anthony Carter,,,,,,,,,Nene Hilario,2,,,made,,dunk,,
Andrew Bynum,Derek Fisher,Kobe Bryant,Pau Gasol,Vladimir Radmanovic,Allen Iverson,Anthony Carter,Carmelo Anthony,Kenyon Martin,Nene Hilario,1,10:06,LAL,foul,,,,,,,,Nene Hilario,,Andrew Bynum,,,,,,offensive,,
Andrew Bynum,Derek Fisher,Kobe Bryant,Pau Gasol,Vladimir Radmanovic,Allen Iverson,Anthony Carter,Carmelo Anthony,Kenyon Martin,Nene Hilario,1,10:06,LAL,turnover,,,,,,,,,,Andrew Bynum,,,foul,,,,,
Andrew Bynum,Derek Fisher,Kobe Bryant,Pau Gasol,Vladimir Radmanovic,Allen Iverson,Anthony Carter,Carmelo Anthony,Kenyon Martin,Nene Hilario,1,9:53,DEN,shot,,,,,,,,,,Nene Hilario,,,,missed,,driving layup,,
Andrew Bynum,Derek Fisher,Kobe Bryant,Pau Gasol,Vladimir Radmanovic,Allen Iverson,Anthony Carter,Carmelo Anthony,Kenyon Martin,Nene Hilario,1,9:51,LAL,rebound,,,,,,,,,,Andrew Bynum,,,,,,def,,
Andrew Bynum,Derek Fisher,Kobe Bryant,Pau Gasol,Vladimir Radmanovic,Allen Iverson,Anthony Carter,Carmelo Anthony,Kenyon Martin,Nene Hilario,1,9:42,LAL,shot,,,,,,,,,,Vladimir Radmanovic,,,,missed,,3pt,5,20
Andrew Bynum,Derek Fisher,Kobe Bryant,Pau Gasol,Vladimir Radmanovic,Allen Iverson,Anthony Carter,Carmelo Anthony,Kenyon Martin,Nene Hilario,1,9:40,LAL,rebound,,,,,,,,,,Andrew Bynum,,,,,,off,,
Andrew Bynum,Derek Fisher,Kobe Bryant,Pau Gasol,Vladimir Radmanovic,Allen Iverson,Anthony Carter,Carmelo Anthony,Kenyon Martin,Nene Hilario,1,9:39,DEN,foul,,,,,,,,Andrew Bynum,,Nene Hilario,,,,,,shooting,,
Andrew Bynum,Derek Fisher,Kobe Bryant,Pau Gasol,Vladimir Radmanovic,Allen Iverson,Anthony Carter,Carmelo Anthony,Kenyon Martin,Nene Hilario,1,9:39,LAL,free throw,,,,,,,1,,2,Andrew Bynum,,,foul,made,,,,
Andrew Bynum,Derek Fisher,Kobe Bryant,Pau Gasol,Vladimir Radmanovic,Allen Iverson,Anthony Carter,Carmelo Anthony,Kenyon Martin,Nene Hilario,1,9:39,LAL,free throw,,,,,,,2,,2,Andrew Bynum,,,foul,missed,,,,
Andrew Bynum,Derek Fisher,Kobe Bryant,Pau Gasol,Vladimir Radmanovic,Allen Iverson,Anthony Carter,Carmelo Anthony,Kenyon Martin,Nene Hilario,1,9:36,DEN,rebound,,,,,,,,,,Kenyon Martin,,,,,,def,,
Andrew Bynum,Derek Fisher,Kobe Bryant,Pau Gasol,Vladimir Radmanovic,Allen Iverson,Anthony Carter,Carmelo Anthony,Kenyon Martin,Nene Hilario,1,9:30,DEN,shot,,,Derek Fisher,,,,,,,Allen Iverson,,,,missed,,jump,41,10
Andrew Bynum,Derek Fisher,Kobe Bryant,Pau Gasol,Vladimir Radmanovic,Allen Iverson,Anthony Carter,Carmelo Anthony,Kenyon Martin,Nene Hilario,1,9:30,DEN,rebound,,,,,,,,,,,,,,,,,,
Andrew Bynum,Derek Fisher,Kobe Bryant,Pau Gasol,Vladimir Radmanovic,Allen Iverson,Anthony Carter,Carmelo Anthony,Kenyon Martin,Nene Hilario,1,9:26,DEN,shot,Anthony Carter,,,,,,,,,Kenyon Martin,2,,,made,,dunk,25,6
Andrew Bynum,Derek Fisher,Kobe Bryant,Pau Gasol,Vladimir Radmanovic,Allen Iverson,Anthony Carter,Carmelo Anthony,Kenyon Martin,Nene Hilario,1,9:03,LAL,shot,,,,,,,,,,Pau Gasol,,,,missed,,jump,26,13
Andrew Bynum,Derek Fisher,Kobe Bryant,Pau Gasol,Vladimir Radmanovic,Allen Iverson,Anthony Carter,Carmelo Anthony,Kenyon Martin,Nene Hilario,1,9:01,LAL,shot,,,,,,,,,,Kobe Bryant,,,,missed,,tip,25,6
Andrew Bynum,Derek Fisher,Kobe Bryant,Pau Gasol,Vladimir Radmanovic,Allen Iverson,Anthony Carter,Carmelo Anthony,Kenyon Martin,Nene Hilario,1,9:01,LAL,rebound,,,,,,,,,,Kobe Bryant,,,,,,off,,
Andrew Bynum,Derek Fisher,Kobe Bryant,Pau Gasol,Vladimir Radmanovic,Allen Iverson,Anthony Carter,Carmelo Anthony,Kenyon Martin,Nene Hilario,1,9:00,DEN,rebound,,,,,,,,,,Anthony Carter,,,,,,def,,
Andrew Bynum,Derek Fisher,Kobe Bryant,Pau Gasol,Vladimir Radmanovic,Allen Iverson,Anthony Carter,Carmelo Anthony,Kenyon Martin,Nene Hilario,1,8:55,DEN,shot,Anthony Carter,,,,,,,,,Allen Iverson,2,,,made,,finger roll layup,25,6
Andrew Bynum,Derek Fisher,Kobe Bryant,Pau Gasol,Vladimir Radmanovic,Allen Iverson,Anthony Carter,Carmelo Anthony,Kenyon Martin,Nene Hilario,1,8:45,LAL,shot,,,,,,,,,,Vladimir Radmanovic,,,,missed,,driving layup,25,6
Andrew Bynum,Derek Fisher,Kobe Bryant,Pau Gasol,Vladimir Radmanovic,Allen Iverson,Anthony Carter,Carmelo Anthony,Kenyon Martin,Nene Hilario,1,8:43,DEN,rebound,,,,,,,,,,Kenyon Martin,,,,,,def,,
Andrew Bynum,Derek Fisher,Kobe Bryant,Pau Gasol,Vladimir Radmanovic,Allen Iverson,Anthony Carter,Carmelo Anthony,Kenyon Martin,Nene Hilario,1,8:35,DEN,foul,,,,,,,,Vladimir Radmanovic,,Carmelo Anthony,,,,,,offensive,,
Andrew Bynum,Derek Fisher,Kobe Bryant,Pau Gasol,Vladimir Radmanovic,Allen Iverson,Anthony Carter,Carmelo Anthony,Kenyon Martin,Nene Hilario,1,8:35,DEN,turnover,,,,,,,,,,Carmelo Anthony,,,foul,,,,,
Andrew Bynum,Derek Fisher,Kobe Bryant,Pau Gasol,Vladimir Radmanovic,Allen Iverson,Anthony Carter,Carmelo Anthony,Kenyon Martin,Nene Hilario,1,8:22,LAL,shot,,,,,,,,,,Derek Fisher,2,,,made,,driving layup,25,6
Andrew Bynum,Derek Fisher,Kobe Bryant,Pau Gasol,Vladimir Radmanovic,Allen Iverson,Anthony Carter,Carmelo Anthony,Kenyon Martin,Nene Hilario,1,8:03,DEN,shot,Anthony Carter,,,,,,,,,Kenyon Martin,2,,,made,,turnaround jump,41,8
Andrew Bynum,Derek Fisher,Kobe Bryant,Pau Gasol,Vladimir Radmanovic,Allen Iverson,Anthony Carter,Carmelo Anthony,Kenyon Martin,Nene Hilario,1,7:44,LAL,shot,Kobe Bryant,,,,,,,,,Pau Gasol,2,,,made,,jump,22,22
Andrew Bynum,Derek Fisher,Kobe Bryant,Pau Gasol,Vladimir Radmanovic,Allen Iverson,Anthony Carter,Carmelo Anthony,Kenyon Martin,Nene Hilario,1,7:28,DEN,shot,,,,,,,,,,Carmelo Anthony,,,,missed,,3pt,48,19
Andrew Bynum,Derek Fisher,Kobe Bryant,Pau Gasol,Vladimir Radmanovic,Allen Iverson,Anthony Carter,Carmelo Anthony,Kenyon Martin,Nene Hilario,1,7:26,LAL,rebound,,,,,,,,,,Andrew Bynum,,,,,,def,,
Andrew Bynum,Derek Fisher,Kobe Bryant,Pau Gasol,Vladimir Radmanovic,Allen Iverson,Anthony Carter,Carmelo Anthony,Kenyon Martin,Nene Hilario,1,7:13,LAL,shot,,,,,,,,,,Pau Gasol,2,,,made,,turnaround hook,33,9
Andrew Bynum,Derek Fisher,Kobe Bryant,Pau Gasol,Vladimir Radmanovic,Allen Iverson,Anthony Carter,Carmelo Anthony,Kenyon Martin,Nene Hilario,1,7:02,DEN,shot,,,,,,,,,,Kenyon Martin,,,,missed,,jump,13,23
Andrew Bynum,Derek Fisher,Kobe Bryant,Pau Gasol,Vladimir Radmanovic,Allen Iverson,Anthony Carter,Carmelo Anthony,Kenyon Martin,Nene Hilario,1,7:00,LAL,rebound,,,,,,,,,,Andrew Bynum,,,,,,def,,
Andrew Bynum,Derek Fisher,Kobe Bryant,Pau Gasol,Vladimir Radmanovic,Allen Iverson,Anthony Carter,Carmelo Anthony,Kenyon Martin,Nene Hilario,1,6:52,LAL,shot,Derek Fisher,,,,,,,,,Pau Gasol,2,,,made,,jump,36,21
Andrew Bynum,Derek Fisher,Kobe Bryant,Pau Gasol,Vladimir Radmanovic,Allen Iverson,Anthony Carter,Carmelo Anthony,Kenyon Martin,Nene Hilario,1,6:37,LAL,foul,,,,,,,,Allen Iverson,,Kobe Bryant,,,,,,shooting,,
Andrew Bynum,Derek Fisher,Kobe Bryant,Pau Gasol,Vladimir Radmanovic,Allen Iverson,Anthony Carter,Carmelo Anthony,Kenyon Martin,Nene Hilario,1,6:37,DEN,free throw,,,,,,,1,,2,Allen Iverson,,,foul,made,,,,
Andrew Bynum,Derek Fisher,Kobe Bryant,Pau Gasol,Vladimir Radmanovic,Allen Iverson,Anthony Carter,Carmelo Anthony,Kenyon Martin,Nene Hilario,1,6:37,DEN,free throw,,,,,,,2,,2,Allen Iverson,,,foul,made,,,,
Andrew Bynum,Derek Fisher,Kobe Bryant,Pau Gasol,Vladimir Radmanovic,Allen Iverson,Anthony Carter,Carmelo Anthony,Kenyon Martin,Nene Hilario,1,6:27,LAL,turnover,,,,,,,,,,Vladimir Radmanovic,,,bad pass,,Nene Hilario,,,
Andrew Bynum,Derek Fisher,Kobe Bryant,Pau Gasol,Vladimir Radmanovic,Allen Iverson,Anthony Carter,Carmelo Anthony,Kenyon Martin,Nene Hilario,1,6:19,DEN,shot,Carmelo Anthony,,,,,,,,,Anthony Carter,2,,,made,,reverse layup,25,6
Andrew Bynum,Derek Fisher,Kobe Bryant,Pau Gasol,Vladimir Radmanovic,Allen Iverson,Anthony Carter,Carmelo Anthony,Kenyon Martin,Nene Hilario,1,6:05,LAL,shot,,,,,,,,,,Pau Gasol,,,,missed,,driving layup,25,6
Andrew Bynum,Derek Fisher,Kobe Bryant,Pau Gasol,Vladimir Radmanovic,Allen Iverson,Anthony Carter,Carmelo Anthony,Kenyon Martin,Nene Hilario,1,6:02,LAL,rebound,,,,,,,,,,Kobe Bryant,,,,,,off,,
Andrew Bynum,Derek Fisher,Kobe Bryant,Pau Gasol,Vladimir Radmanovic,Allen Iverson,Anthony Carter,Carmelo Anthony,Kenyon Martin,Nene Hilario,1,5:59,LAL,shot,,,,,,,,,,Kobe Bryant,2,,,made,,driving layup,25,6
Andrew Bynum,Derek Fisher,Kobe Bryant,Pau Gasol,Vladimir Radmanovic,Allen Iverson,Anthony Carter,Carmelo Anthony,Kenyon Martin,Nene Hilario,1,5:40,DEN,turnover,,,,,,,,,,Anthony Carter,,,bad pass,,Andrew Bynum,,,
Andrew Bynum,Derek Fisher,Kobe Bryant,Pau Gasol,Vladimir Radmanovic,Allen Iverson,Anthony Carter,Carmelo Anthony,Kenyon Martin,Nene Hilario,1,5:30,LAL,shot,,,,,,,,,,Kobe Bryant,2,,,made,,jump,26,17
Andrew Bynum,Derek Fisher,Kobe Bryant,Pau Gasol,Vladimir Radmanovic,Allen Iverson,Anthony Carter,Carmelo Anthony,Kenyon Martin,Nene Hilario,1,5:30,DEN,foul,,,,,,,,Kobe Bryant,,Anthony Carter,,,,,,shooting,,
Andrew Bynum,Derek Fisher,Kobe Bryant,Pau Gasol,Vladimir Radmanovic,Allen Iverson,Anthony Carter,Carmelo Anthony,Kenyon Martin,Nene Hilario,1,5:30,DEN,timeout,,,,,,,,,,,,,,,,regular,,
Derek Fisher,Kobe Bryant,Lamar Odom,Pau Gasol,Vladimir Radmanovic,Allen Iverson,Anthony Carter,Carmelo Anthony,Kenyon Martin,Nene Hilario,1,5:30,LAL,sub,,,,Lamar Odom,,Andrew Bynum,,,,,,,,,,,,
Derek Fisher,Kobe Bryant,Lamar Odom,Pau Gasol,Vladimir Radmanovic,Allen Iverson,Anthony Carter,Carmelo Anthony,Kenyon Martin,Nene Hilario,1,5:30,LAL,free throw,,,,,,,1,,1,Kobe Bryant,,,foul,made,,,,
Derek Fisher,Kobe Bryant,Lamar Odom,Pau Gasol,Vladimir Radmanovic,Allen Iverson,Anthony Carter,Carmelo Anthony,Kenyon Martin,Nene Hilario,1,5:16,DEN,shot,,,,,,,,,,Allen Iverson,,,,missed,,jump,14,25
Derek Fisher,Kobe Bryant,Lamar Odom,Pau Gasol,Vladimir Radmanovic,Allen Iverson,Anthony Carter,Carmelo Anthony,Kenyon Martin,Nene Hilario,1,5:15,LAL,rebound,,,,,,,,,,Lamar Odom,,,,,,def,,
Derek Fisher,Kobe Bryant,Lamar Odom,Pau Gasol,Vladimir Radmanovic,Allen Iverson,Anthony Carter,Carmelo Anthony,Kenyon Martin,Nene Hilario,1,5:10,LAL,shot,,,,,,,,,,Lamar Odom,,,,missed,,driving layup,25,6
Derek Fisher,Kobe Bryant,Lamar Odom,Pau Gasol,Vladimir Radmanovic,Allen Iverson,Anthony Carter,Carmelo Anthony,Kenyon Martin,Nene Hilario,1,5:09,LAL,rebound,,,,,,,,,,,,,,,,,,
Derek Fisher,Kobe Bryant,Lamar Odom,Pau Gasol,Vladimir Radmanovic,Allen Iverson,Anthony Carter,Carmelo Anthony,Kenyon Martin,Nene Hilario,1,5:01,LAL,shot,,,,,,,,,,Kobe Bryant,,,,missed,,turnaround jump,11,9
Derek Fisher,Kobe Bryant,Lamar Odom,Pau Gasol,Vladimir Radmanovic,Allen Iverson,Anthony Carter,Carmelo Anthony,Kenyon Martin,Nene Hilario,1,4:59,LAL,shot,,,,,,,,,,Pau Gasol,2,,,made,,tip,25,6
Derek Fisher,Kobe Bryant,Lamar Odom,Pau Gasol,Vladimir Radmanovic,Allen Iverson,Anthony Carter,Carmelo Anthony,Kenyon Martin,Nene Hilario,1,4:59,LAL,rebound,,,,,,,,,,Pau Gasol,,,,,,off,,
Derek Fisher,Kobe Bryant,Lamar Odom,Pau Gasol,Vladimir Radmanovic,Allen Iverson,Anthony Carter,Carmelo Anthony,Kenyon Martin,Nene Hilario,1,4:45,LAL,foul,,,,,,,,Nene Hilario,,Lamar Odom,,,,,,shooting,,
Derek Fisher,Kobe Bryant,Lamar Odom,Pau Gasol,Vladimir Radmanovic,Allen Iverson,Anthony Carter,Carmelo Anthony,Kenyon Martin,Nene Hilario,1,4:45,DEN,free throw,,,,,,,1,,2,Nene Hilario,,,foul,made,,,,
Derek Fisher,Kobe Bryant,Lamar Odom,Pau Gasol,Vladimir Radmanovic,Allen Iverson,Anthony Carter,Carmelo Anthony,Kenyon Martin,Nene Hilario,1,4:45,DEN,free throw,,,,,,,2,,2,Nene Hilario,,,foul,made,,,,
Derek Fisher,Kobe Bryant,Lamar Odom,Pau Gasol,Vladimir Radmanovic,Allen Iverson,Anthony Carter,Carmelo Anthony,Kenyon Martin,Nene Hilario,1,4:20,LAL,shot,,,,,,,,,,Kobe Bryant,,,,missed,,fade away jumper,16,26
Derek Fisher,Kobe Bryant,Lamar Odom,Pau Gasol,Vladimir Radmanovic,Allen Iverson,Anthony Carter,Carmelo Anthony,Kenyon Martin,Nene Hilario,1,4:20,LAL,rebound,,,,,,,,,,,,,,,,,,
Derek Fisher,Kobe Bryant,Lamar Odom,Pau Gasol,Vladimir Radmanovic,Allen Iverson,Anthony Carter,Carmelo Anthony,Kenyon Martin,Nene Hilario,1,4:20,LAL,turnover,,,,,,,,,,,,,shot clock turnover,,,,,
Derek Fisher,Kobe Bryant,Lamar Odom,Pau Gasol,Vladimir Radmanovic,Allen Iverson,Anthony Carter,Carmelo Anthony,Chris Andersen,Kenyon Martin,1,4:20,DEN,sub,,,,Chris Andersen,,Nene Hilario,,,,,,,,,,,,
Derek Fisher,Kobe Bryant,Lamar Odom,Pau Gasol,Vladimir Radmanovic,Allen Iverson,Carmelo Anthony,Chris Andersen,J.R. Smith,Kenyon Martin,1,4:20,DEN,sub,,,,J.R. Smith,,Anthony Carter,,,,,,,,,,,,
Derek Fisher,Kobe Bryant,Lamar Odom,Pau Gasol,Vladimir Radmanovic,Allen Iverson,Carmelo Anthony,Chris Andersen,J.R. Smith,Kenyon Martin,1,4:03,DEN,shot,,,,,,,,,,Carmelo Anthony,,,,missed,,jump,11,14
Derek Fisher,Kobe Bryant,Lamar Odom,Pau Gasol,Vladimir Radmanovic,Allen Iverson,Carmelo Anthony,Chris Andersen,J.R. Smith,Kenyon Martin,1,4:00,DEN,shot,,,,,,,,,,Kenyon Martin,,,,missed,,tip,25,6
Derek Fisher,Kobe Bryant,Lamar Odom,Pau Gasol,Vladimir Radmanovic,Allen Iverson,Carmelo Anthony,Chris Andersen,J.R. Smith,Kenyon Martin,1,4:00,DEN,rebound,,,,,,,,,,Kenyon Martin,,,,,,off,,
Derek Fisher,Kobe Bryant,Lamar Odom,Pau Gasol,Vladimir Radmanovic,Allen Iverson,Carmelo Anthony,Chris Andersen,J.R. Smith,Kenyon Martin,1,3:59,LAL,rebound,,,,,,,,,,Pau Gasol,,,,,,def,,
Derek Fisher,Kobe Bryant,Lamar Odom,Pau Gasol,Vladimir Radmanovic,Allen Iverson,Carmelo Anthony,Chris Andersen,J.R. Smith,Kenyon Martin,1,3:48,LAL,shot,,,,,,,,,,Kobe Bryant,,,,missed,,running jump,31,12
Derek Fisher,Kobe Bryant,Lamar Odom,Pau Gasol,Vladimir Radmanovic,Allen Iverson,Carmelo Anthony,Chris Andersen,J.R. Smith,Kenyon Martin,1,3:45,LAL,rebound,,,,,,,,,,Lamar Odom,,,,,,off,,
Derek Fisher,Kobe Bryant,Lamar Odom,Pau Gasol,Vladimir Radmanovic,Allen Iverson,Carmelo Anthony,Chris Andersen,J.R. Smith,Kenyon Martin,1,3:42,LAL,shot,,,,,,,,,,Lamar Odom,,,,missed,,jump,21,10
Derek Fisher,Kobe Bryant,Lamar Odom,Pau Gasol,Vladimir Radmanovic,Allen Iverson,Carmelo Anthony,Chris Andersen,J.R. Smith,Kenyon Martin,1,3:42,LAL,shot,,,,,,,,,,Lamar Odom,,,,missed,,tip,21,10
Derek Fisher,Kobe Bryant,Lamar Odom,Pau Gasol,Vladimir Radmanovic,Allen Iverson,Carmelo Anthony,Chris Andersen,J.R. Smith,Kenyon Martin,1,3:42,LAL,rebound,,,,,,,,,,Lamar Odom,,,,,,off,,
Derek Fisher,Kobe Bryant,Lamar Odom,Pau Gasol,Vladimir Radmanovic,Allen Iverson,Carmelo Anthony,Chris Andersen,J.R. Smith,Kenyon Martin,1,3:42,LAL,rebound,,,,,,,,,,Lamar Odom,,,,,,off,,
Derek Fisher,Kobe Bryant,Lamar Odom,Pau Gasol,Vladimir Radmanovic,Allen Iverson,Carmelo Anthony,Chris Andersen,J.R. Smith,Kenyon Martin,1,3:36,LAL,shot,,,,,,,,,,Pau Gasol,,,,missed,,turnaround jump,36,9
Derek Fisher,Kobe Bryant,Lamar Odom,Pau Gasol,Vladimir Radmanovic,Allen Iverson,Carmelo Anthony,Chris Andersen,J.R. Smith,Kenyon Martin,1,3:34,DEN,rebound,,,,,,,,,,Allen Iverson,,,,,,def,,
Derek Fisher,Kobe Bryant,Lamar Odom,Pau Gasol,Vladimir Radmanovic,Allen Iverson,Carmelo Anthony,Chris Andersen,J.R. Smith,Kenyon Martin,1,3:23,DEN,shot,,,,,,,,,,Kenyon Martin,,,,missed,,jump,44,8
Derek Fisher,Kobe Bryant,Lamar Odom,Pau Gasol,Vladimir Radmanovic,Allen Iverson,Carmelo Anthony,Chris Andersen,J.R. Smith,Kenyon Martin,1,3:22,LAL,rebound,,,,,,,,,,Pau Gasol,,,,,,def,,
Derek Fisher,Kobe Bryant,Lamar Odom,Pau Gasol,Vladimir Radmanovic,Allen Iverson,Carmelo Anthony,Chris Andersen,J.R. Smith,Kenyon Martin,1,3:10,DEN,foul,,,,,,,,Kobe Bryant,,J.R. Smith,,,,,,shooting,,
Derek Fisher,Kobe Bryant,Lamar Odom,Pau Gasol,Vladimir Radmanovic,Allen Iverson,Carmelo Anthony,Chris Andersen,J.R. Smith,Kenyon Martin,1,3:10,LAL,free throw,,,,,,,1,,2,Kobe Bryant,,,foul,made,,,,
Derek Fisher,Kobe Bryant,Lamar Odom,Pau Gasol,Vladimir Radmanovic,Allen Iverson,Carmelo Anthony,Chris Andersen,J.R. Smith,Kenyon Martin,1,3:10,LAL,free throw,,,,,,,2,,2,Kobe Bryant,,,foul,made,,,,
Derek Fisher,Kobe Bryant,Lamar Odom,Pau Gasol,Vladimir Radmanovic,Allen Iverson,Carmelo Anthony,Chris Andersen,J.R. Smith,Kenyon Martin,1,2:57,LAL,foul,,,,,,,,Chris Andersen,,Lamar Odom,,,,,,shooting,,
Derek Fisher,Kobe Bryant,Lamar Odom,Pau Gasol,Vladimir Radmanovic,Allen Iverson,Carmelo Anthony,Chris Andersen,J.R. Smith,Kenyon Martin,1,2:57,LAL,timeout,,,,,,,,,,,,,,,,regular,,
Derek Fisher,Kobe Bryant,Lamar Odom,Pau Gasol,Vladimir Radmanovic,Allen Iverson,Carmelo Anthony,Chris Andersen,J.R. Smith,Linas Kleiza,1,2:57,DEN,sub,,,,Linas Kleiza,,Kenyon Martin,,,,,,,,,,,,
Derek Fisher,Jordan Farmar,Kobe Bryant,Lamar Odom,Pau Gasol,Allen Iverson,Carmelo Anthony,Chris Andersen,J.R. Smith,Linas Kleiza,1,2:57,LAL,sub,,,,Jordan Farmar,,Vladimir Radmanovic,,,,,,,,,,,,
Jordan Farmar,Kobe Bryant,Lamar Odom,Pau Gasol,Trevor Ariza,Allen Iverson,Carmelo Anthony,Chris Andersen,J.R. Smith,Linas Kleiza,1,2:57,LAL,sub,,,,Trevor Ariza,,Derek Fisher,,,,,,,,,,,,
Jordan Farmar,Kobe Bryant,Lamar Odom,Pau Gasol,Trevor Ariza,Allen Iverson,Carmelo Anthony,Chris Andersen,J.R. Smith,Linas Kleiza,1,2:57,DEN,free throw,,,,,,,1,,2,Chris Andersen,,,foul,made,,,,
Jordan Farmar,Kobe Bryant,Lamar Odom,Pau Gasol,Trevor Ariza,Allen Iverson,Carmelo Anthony,Chris Andersen,J.R. Smith,Linas Kleiza,1,2:57,DEN,free throw,,,,,,,2,,2,Chris Andersen,,,foul,missed,,,,
Jordan Farmar,Kobe Bryant,Lamar Odom,Pau Gasol,Trevor Ariza,Allen Iverson,Carmelo Anthony,Chris Andersen,J.R. Smith,Linas Kleiza,1,2:55,LAL,rebound,,,,,,,,,,Pau Gasol,,,,,,def,,
Jordan Farmar,Kobe Bryant,Lamar Odom,Pau Gasol,Trevor Ariza,Allen Iverson,Carmelo Anthony,Chris Andersen,J.R. Smith,Linas Kleiza,1,2:46,LAL,foul,,,,,,,,Carmelo Anthony,,Kobe Bryant,,,,,,offensive,,
Jordan Farmar,Kobe Bryant,Lamar Odom,Pau Gasol,Trevor Ariza,Allen Iverson,Carmelo Anthony,Chris Andersen,J.R. Smith,Linas Kleiza,1,2:46,LAL,turnover,,,,,,,,,,Kobe Bryant,,,foul,,,,,
Jordan Farmar,Kobe Bryant,Lamar Odom,Pau Gasol,Trevor Ariza,Allen Iverson,Carmelo Anthony,Chris Andersen,J.R. Smith,Linas Kleiza,1,2:32,DEN,shot,Carmelo Anthony,,,,,,,,,Chris Andersen,2,,,made,,reverse dunk,25,6
Jordan Farmar,Kobe Bryant,Lamar Odom,Pau Gasol,Trevor Ariza,Allen Iverson,Carmelo Anthony,Chris Andersen,J.R. Smith,Linas Kleiza,1,2:18,LAL,shot,Pau Gasol,,,,,,,,,Kobe Bryant,2,,,made,,layup,25,6
Jordan Farmar,Kobe Bryant,Lamar Odom,Pau Gasol,Trevor Ariza,Allen Iverson,Carmelo Anthony,Chris Andersen,J.R. Smith,Linas Kleiza,1,2:07,DEN,turnover,,,,,,,,,,Carmelo Anthony,,,bad pass,,Kobe Bryant,,,
Jordan Farmar,Kobe Bryant,Lamar Odom,Pau Gasol,Trevor Ariza,Allen Iverson,Carmelo Anthony,Chris Andersen,J.R. Smith,Linas Kleiza,1,2:00,LAL,shot,,,,,,,,,,Jordan Farmar,,,,missed,,jump,38,8
Jordan Farmar,Kobe Bryant,Lamar Odom,Pau Gasol,Trevor Ariza,Allen Iverson,Carmelo Anthony,Chris Andersen,J.R. Smith,Linas Kleiza,1,2:00,DEN,rebound,,,,,,,,,,,,,,,,,,
Jordan Farmar,Kobe Bryant,Lamar Odom,Pau Gasol,Trevor Ariza,Allen Iverson,Carmelo Anthony,Chris Andersen,J.R. Smith,Linas Kleiza,1,2:00,LAL,foul,,,,,,,,Allen Iverson,,Jordan Farmar,,,,,,loose ball,,
Jordan Farmar,Lamar Odom,Pau Gasol,Sasha Vujacic,Trevor Ariza,Allen Iverson,Carmelo Anthony,Chris Andersen,J.R. Smith,Linas Kleiza,1,2:00,LAL,sub,,,,Sasha Vujacic,,Kobe Bryant,,,,,,,,,,,,
Jordan Farmar,Lamar Odom,Pau Gasol,Sasha Vujacic,Trevor Ariza,Allen Iverson,Carmelo Anthony,Chris Andersen,J.R. Smith,Linas Kleiza,1,1:48,DEN,turnover,,,,,,,,,,Allen Iverson,,,bad pass,,,,,
Jordan Farmar,Lamar Odom,Pau Gasol,Sasha Vujacic,Trevor Ariza,Allen Iverson,Carmelo Anthony,Chris Andersen,J.R. Smith,Linas Kleiza,1,1:22,LAL,shot,Lamar Odom,,,,,,,,,Pau Gasol,2,,,made,,hook,25,11
Jordan Farmar,Lamar Odom,Pau Gasol,Sasha Vujacic,Trevor Ariza,Allen Iverson,Carmelo Anthony,Chris Andersen,J.R. Smith,Linas Kleiza,1,1:16,LAL,foul,,,,,,,,Carmelo Anthony,,Lamar Odom,,,,,,shooting,,
Jordan Farmar,Luke Walton,Pau Gasol,Sasha Vujacic,Trevor Ariza,Allen Iverson,Carmelo Anthony,Chris Andersen,J.R. Smith,Linas Kleiza,1,1:16,LAL,sub,,,,Luke Walton,,Lamar Odom,,,,,,,,,,,,
Jordan Farmar,Luke Walton,Pau Gasol,Sasha Vujacic,Trevor Ariza,Allen Iverson,Carmelo Anthony,Chris Andersen,J.R. Smith,Linas Kleiza,1,1:16,DEN,free throw,,,,,,,1,,2,Carmelo Anthony,,,foul,missed,,,,
Jordan Farmar,Luke Walton,Pau Gasol,Sasha Vujacic,Trevor Ariza,Allen Iverson,Carmelo Anthony,Chris Andersen,J.R. Smith,Linas Kleiza,1,1:16,DEN,rebound,,,,,,,,,,,,,,,,,,
Jordan Farmar,Luke Walton,Pau Gasol,Sasha Vujacic,Trevor Ariza,Allen Iverson,Carmelo Anthony,Chris Andersen,J.R. Smith,Linas Kleiza,1,1:16,DEN,free throw,,,,,,,2,,2,Carmelo Anthony,,,foul,missed,,,,
Jordan Farmar,Luke Walton,Pau Gasol,Sasha Vujacic,Trevor Ariza,Allen Iverson,Carmelo Anthony,Chris Andersen,J.R. Smith,Linas Kleiza,1,1:14,LAL,rebound,,,,,,,,,,Luke Walton,,,,,,def,,
Jordan Farmar,Luke Walton,Pau Gasol,Sasha Vujacic,Trevor Ariza,Allen Iverson,Carmelo Anthony,Chris Andersen,J.R. Smith,Linas Kleiza,1,0:56,DEN,foul,,,,,,,,Pau Gasol,,Chris Andersen,,,,,,shooting,,
Jordan Farmar,Luke Walton,Pau Gasol,Sasha Vujacic,Trevor Ariza,Allen Iverson,Carmelo Anthony,Chris Andersen,J.R. Smith,Linas Kleiza,1,0:56,LAL,free throw,,,,,,,1,,2,Pau Gasol,,,foul,made,,,,
Jordan Farmar,Luke Walton,Pau Gasol,Sasha Vujacic,Trevor Ariza,Allen Iverson,Chris Andersen,J.R. Smith,Juwan Howard,Linas Kleiza,1,0:56,DEN,sub,,,,Juwan Howard,,Carmelo Anthony,,,,,,,,,,,,
Jordan Farmar,Luke Walton,Pau Gasol,Sasha Vujacic,Trevor Ariza,Allen Iverson,Chris Andersen,J.R. Smith,Juwan Howard,Linas Kleiza,1,0:56,LAL,free throw,,,,,,,2,,2,Pau Gasol,,,foul,missed,,,,
Jordan Farmar,Luke Walton,Pau Gasol,Sasha Vujacic,Trevor Ariza,Allen Iverson,Chris Andersen,J.R. Smith,Juwan Howard,Linas Kleiza,1,0:54,DEN,rebound,,,,,,,,,,Chris Andersen,,,,,,def,,
Jordan Farmar,Luke Walton,Pau Gasol,Sasha Vujacic,Trevor Ariza,Allen Iverson,Chris Andersen,J.R. Smith,Juwan Howard,Linas Kleiza,1,0:47,LAL,violation,,,,,,,,,,Trevor Ariza,,,,,,kicked ball,,
Jordan Farmar,Luke Walton,Pau Gasol,Sasha Vujacic,Trevor Ariza,Allen Iverson,Chris Andersen,J.R. Smith,Juwan Howard,Linas Kleiza,1,0:37,DEN,shot,Juwan Howard,,,,,,,,,Linas Kleiza,2,,,made,,layup,25,6
Jordan Farmar,Luke Walton,Pau Gasol,Sasha Vujacic,Trevor Ariza,Allen Iverson,Chris Andersen,J.R. Smith,Juwan Howard,Linas Kleiza,1,0:29,LAL,shot,,,Chris Andersen,,,,,,,Jordan Farmar,,,,missed,,driving layup,25,6
Jordan Farmar,Luke Walton,Pau Gasol,Sasha Vujacic,Trevor Ariza,Allen Iverson,Chris Andersen,J.R. Smith,Juwan Howard,Linas Kleiza,1,0:29,LAL,rebound,,,,,,,,,,,,,,,,,,
Jordan Farmar,Luke Walton,Pau Gasol,Sasha Vujacic,Trevor Ariza,Allen Iverson,Chris Andersen,J.R. Smith,Juwan Howard,Linas Kleiza,1,0:22,LAL,shot,,,,,,,,,,Pau Gasol,,,,missed,,turnaround hook,22,11
Jordan Farmar,Luke Walton,Pau Gasol,Sasha Vujacic,Trevor Ariza,Allen Iverson,Chris Andersen,J.R. Smith,Juwan Howard,Linas Kleiza,1,0:21,DEN,rebound,,,,,,,,,,Chris Andersen,,,,,,def,,
Jordan Farmar,Luke Walton,Pau Gasol,Sasha Vujacic,Trevor Ariza,Allen Iverson,Chris Andersen,J.R. Smith,Juwan Howard,Linas Kleiza,1,0:05,LAL,foul,,,,,,,,Allen Iverson,,Jordan Farmar,,,,,,shooting,,
Jordan Farmar,Luke Walton,Pau Gasol,Sasha Vujacic,Trevor Ariza,Allen Iverson,Chris Andersen,J.R. Smith,Juwan Howard,Linas Kleiza,1,0:05,DEN,free throw,,,,,,,1,,2,Allen Iverson,,,foul,made,,,,
Jordan Farmar,Luke Walton,Pau Gasol,Sasha Vujacic,Trevor Ariza,Allen Iverson,Chris Andersen,J.R. Smith,Juwan Howard,Linas Kleiza,1,0:05,DEN,free throw,,,,,,,2,,2,Allen Iverson,,,foul,made,,,,
Jordan Farmar,Luke Walton,Pau Gasol,Sasha Vujacic,Trevor Ariza,Allen Iverson,Chris Andersen,J.R. Smith,Juwan Howard,Linas Kleiza,1,0:01,LAL,shot,,,,,,,,,,Jordan Farmar,,,,missed,,layup,25,6
Jordan Farmar,Luke Walton,Pau Gasol,Sasha Vujacic,Trevor Ariza,Allen Iverson,Chris Andersen,J.R. Smith,Juwan Howard,Linas Kleiza,1,0:00,LAL,shot,,,,,,,,,,Pau Gasol,,,,missed,,tip,25,6
Jordan Farmar,Luke Walton,Pau Gasol,Sasha Vujacic,Trevor Ariza,Allen Iverson,Chris Andersen,J.R. Smith,Juwan Howard,Linas Kleiza,1,0:00,LAL,rebound,,,,,,,,,,Pau Gasol,,,,,,off,,
Jordan Farmar,Luke Walton,Pau Gasol,Sasha Vujacic,Trevor Ariza,Allen Iverson,Chris Andersen,J.R. Smith,Juwan Howard,Linas Kleiza,1,0:00,DEN,rebound,,,,,,,,,,,,,,,,,,
Andrew Bynum,Jordan Farmar,Pau Gasol,Sasha Vujacic,Trevor Ariza,Allen Iverson,Chris Andersen,J.R. Smith,Juwan Howard,Linas Kleiza,2,11:44,DEN,turnover,,,,,,,,,,Linas Kleiza,,,lost ball,,Trevor Ariza,,,
Andrew Bynum,Jordan Farmar,Pau Gasol,Sasha Vujacic,Trevor Ariza,Allen Iverson,Chris Andersen,J.R. Smith,Juwan Howard,Linas Kleiza,2,11:36,LAL,shot,,,,,,,,,,Sasha Vujacic,,,,missed,,3pt,48,18
Andrew Bynum,Jordan Farmar,Pau Gasol,Sasha Vujacic,Trevor Ariza,Allen Iverson,Chris Andersen,J.R. Smith,Juwan Howard,Linas Kleiza,2,11:36,DEN,rebound,,,,,,,,,,,,,,,,,,
Andrew Bynum,Jordan Farmar,Pau Gasol,Sasha Vujacic,Trevor Ariza,Allen Iverson,Chris Andersen,J.R. Smith,Juwan Howard,Linas Kleiza,2,11:36,LAL,foul,,,,,,,,Chris Andersen,,Andrew Bynum,,,,,,loose ball,,
Andrew Bynum,Jordan Farmar,Pau Gasol,Sasha Vujacic,Trevor Ariza,Allen Iverson,Chris Andersen,J.R. Smith,Juwan Howard,Linas Kleiza,2,11:17,DEN,shot,,,,,,,,,,Allen Iverson,,,,missed,,3pt,46,20
Andrew Bynum,Jordan Farmar,Pau Gasol,Sasha Vujacic,Trevor Ariza,Allen Iverson,Chris Andersen,J.R. Smith,Juwan Howard,Linas Kleiza,2,11:16,DEN,shot,,,,,,,,,,Chris Andersen,,,,missed,,tip,25,6
Andrew Bynum,Jordan Farmar,Pau Gasol,Sasha Vujacic,Trevor Ariza,Allen Iverson,Chris Andersen,J.R. Smith,Juwan Howard,Linas Kleiza,2,11:16,DEN,rebound,,,,,,,,,,Chris Andersen,,,,,,off,,
Andrew Bynum,Jordan Farmar,Pau Gasol,Sasha Vujacic,Trevor Ariza,Allen Iverson,Chris Andersen,J.R. Smith,Juwan Howard,Linas Kleiza,2,11:15,LAL,rebound,,,,,,,,,,Sasha Vujacic,,,,,,def,,
Andrew Bynum,Jordan Farmar,Pau Gasol,Sasha Vujacic,Trevor Ariza,Allen Iverson,Chris Andersen,J.R. Smith,Juwan Howard,Linas Kleiza,2,11:06,LAL,shot,,,,,,,,,,Sasha Vujacic,,,,missed,,jump,47,12
Andrew Bynum,Jordan Farmar,Pau Gasol,Sasha Vujacic,Trevor Ariza,Allen Iverson,Chris Andersen,J.R. Smith,Juwan Howard,Linas Kleiza,2,11:05,LAL,rebound,,,,,,,,,,Andrew Bynum,,,,,,off,,
Andrew Bynum,Jordan Farmar,Pau Gasol,Sasha Vujacic,Trevor Ariza,Allen Iverson,Chris Andersen,J.R. Smith,Juwan Howard,Linas Kleiza,2,11:03,LAL,turnover,,,,,,,,,,Andrew Bynum,,,bad pass,,J.R. Smith,,,
Andrew Bynum,Jordan Farmar,Pau Gasol,Sasha Vujacic,Trevor Ariza,Allen Iverson,Chris Andersen,J.R. Smith,Juwan Howard,Linas Kleiza,2,10:57,DEN,shot,J.R. Smith,,,,,,,,,Juwan Howard,2,,,made,,layup,25,6
Andrew Bynum,Jordan Farmar,Pau Gasol,Sasha Vujacic,Trevor Ariza,Allen Iverson,Chris Andersen,J.R. Smith,Juwan Howard,Linas Kleiza,2,10:43,LAL,shot,,,Chris Andersen,,,,,,,Trevor Ariza,,,,missed,,jump,24,11
Andrew Bynum,Jordan Farmar,Pau Gasol,Sasha Vujacic,Trevor Ariza,Allen Iverson,Chris Andersen,J.R. Smith,Juwan Howard,Linas Kleiza,2,10:43,LAL,rebound,,,,,,,,,,,,,,,,,,
Andrew Bynum,Jordan Farmar,Pau Gasol,Sasha Vujacic,Trevor Ariza,Anthony Carter,Chris Andersen,J.R. Smith,Juwan Howard,Linas Kleiza,2,10:43,DEN,sub,,,,Anthony Carter,,Allen Iverson,,,,,,,,,,,,
Andrew Bynum,Jordan Farmar,Pau Gasol,Sasha Vujacic,Trevor Ariza,Anthony Carter,Chris Andersen,J.R. Smith,Juwan Howard,Linas Kleiza,2,10:39,LAL,shot,Trevor Ariza,,,,,,,,,Sasha Vujacic,2,,,made,,jump,8,16
Andrew Bynum,Jordan Farmar,Pau Gasol,Sasha Vujacic,Trevor Ariza,Anthony Carter,Chris Andersen,J.R. Smith,Juwan Howard,Linas Kleiza,2,10:25,DEN,shot,,,,,,,,,,J.R. Smith,,,,missed,,running jump,25,13
Andrew Bynum,Jordan Farmar,Pau Gasol,Sasha Vujacic,Trevor Ariza,Anthony Carter,Chris Andersen,J.R. Smith,Juwan Howard,Linas Kleiza,2,10:23,LAL,rebound,,,,,,,,,,Trevor Ariza,,,,,,def,,
Andrew Bynum,Jordan Farmar,Pau Gasol,Sasha Vujacic,Trevor Ariza,Anthony Carter,Chris Andersen,J.R. Smith,Juwan Howard,Linas Kleiza,2,10:17,LAL,turnover,,,,,,,,,,Sasha Vujacic,,,bad pass,,Juwan Howard,,,
Andrew Bynum,Jordan Farmar,Pau Gasol,Sasha Vujacic,Trevor Ariza,Anthony Carter,Chris Andersen,J.R. Smith,Juwan Howard,Linas Kleiza,2,10:17,DEN,timeout,,,,,,,,,,,,,,,,regular,,
Andrew Bynum,Jordan Farmar,Pau Gasol,Sasha Vujacic,Trevor Ariza,Anthony Carter,Chris Andersen,J.R. Smith,Juwan Howard,Linas Kleiza,2,10:02,DEN,shot,J.R. Smith,,,,,,,,,Anthony Carter,2,,,made,,jump,40,22
Andrew Bynum,Jordan Farmar,Pau Gasol,Sasha Vujacic,Trevor Ariza,Anthony Carter,Chris Andersen,J.R. Smith,Juwan Howard,Linas Kleiza,2,9:43,DEN,foul,,,,,,,,Andrew Bynum,,Juwan Howard,,,,,,shooting,,
Andrew Bynum,Jordan Farmar,Pau Gasol,Sasha Vujacic,Trevor Ariza,Anthony Carter,Chris Andersen,J.R. Smith,Juwan Howard,Linas Kleiza,2,9:43,LAL,free throw,,,,,,,1,,2,Andrew Bynum,,,foul,made,,,,
Andrew Bynum,Jordan Farmar,Pau Gasol,Sasha Vujacic,Trevor Ariza,Anthony Carter,Chris Andersen,J.R. Smith,Juwan Howard,Linas Kleiza,2,9:43,LAL,free throw,,,,,,,2,,2,Andrew Bynum,,,foul,missed,,,,
Andrew Bynum,Jordan Farmar,Pau Gasol,Sasha Vujacic,Trevor Ariza,Anthony Carter,Chris Andersen,J.R. Smith,Juwan Howard,Linas Kleiza,2,9:41,DEN,rebound,,,,,,,,,,Linas Kleiza,,,,,,def,,
Andrew Bynum,Jordan Farmar,Pau Gasol,Sasha Vujacic,Trevor Ariza,Anthony Carter,Chris Andersen,J.R. Smith,Juwan Howard,Linas Kleiza,2,9:36,DEN,shot,Juwan Howard,,,,,,,,,J.R. Smith,2,,,made,,slam dunk,25,6
Andrew Bynum,Jordan Farmar,Pau Gasol,Sasha Vujacic,Trevor Ariza,Anthony Carter,Chris Andersen,J.R. Smith,Juwan Howard,Linas Kleiza,2,9:16,LAL,shot,,,Chris Andersen,,,,,,,Jordan Farmar,,,,missed,,jump,23,13
Andrew Bynum,Jordan Farmar,Pau Gasol,Sasha Vujacic,Trevor Ariza,Anthony Carter,Chris Andersen,J.R. Smith,Juwan Howard,Linas Kleiza,2,9:16,LAL,rebound,,,,,,,,,,,,,,,,,,
Andrew Bynum,Jordan Farmar,Pau Gasol,Sasha Vujacic,Trevor Ariza,Anthony Carter,Chris Andersen,J.R. Smith,Linas Kleiza,Nene Hilario,2,9:16,DEN,sub,,,,Nene Hilario,,Juwan Howard,,,,,,,,,,,,
Andrew Bynum,Jordan Farmar,Pau Gasol,Sasha Vujacic,Trevor Ariza,Anthony Carter,Chris Andersen,J.R. Smith,Linas Kleiza,Nene Hilario,2,9:13,LAL,shot,Trevor Ariza,,,,,,,,,Sasha Vujacic,2,,,made,,jump,7,11
Andrew Bynum,Jordan Farmar,Pau Gasol,Sasha Vujacic,Trevor Ariza,Anthony Carter,Chris Andersen,J.R. Smith,Linas Kleiza,Nene Hilario,2,8:56,DEN,shot,Chris Andersen,,,,,,,,,Anthony Carter,2,,,made,,floating jump,27,12
Andrew Bynum,Jordan Farmar,Pau Gasol,Sasha Vujacic,Trevor Ariza,Anthony Carter,Chris Andersen,J.R. Smith,Linas Kleiza,Nene Hilario,2,8:41,DEN,foul,,,,,,,,Pau Gasol,,Chris Andersen,,,,,,personal,,
Andrew Bynum,Jordan Farmar,Pau Gasol,Sasha Vujacic,Trevor Ariza,Anthony Carter,Chris Andersen,J.R. Smith,Linas Kleiza,Nene Hilario,2,8:24,LAL,shot,,,,,,,,,,Pau Gasol,2,,,made,,driving dunk,25,6
Andrew Bynum,Jordan Farmar,Pau Gasol,Sasha Vujacic,Trevor Ariza,Anthony Carter,Chris Andersen,J.R. Smith,Linas Kleiza,Nene Hilario,2,8:18,DEN,shot,,,,,,,,,,J.R. Smith,,,,missed,,3pt,46,23
Andrew Bynum,Jordan Farmar,Pau Gasol,Sasha Vujacic,Trevor Ariza,Anthony Carter,Chris Andersen,J.R. Smith,Linas Kleiza,Nene Hilario,2,8:16,LAL,rebound,,,,,,,,,,Andrew Bynum,,,,,,def,,
Andrew Bynum,Jordan Farmar,Pau Gasol,Sasha Vujacic,Trevor Ariza,Anthony Carter,Chris Andersen,J.R. Smith,Linas Kleiza,Nene Hilario,2,8:11,LAL,shot,,,,,,,,,,Jordan Farmar,,,,missed,,jump,10,22
Andrew Bynum,Jordan Farmar,Pau Gasol,Sasha Vujacic,Trevor Ariza,Anthony Carter,Chris Andersen,J.R. Smith,Linas Kleiza,Nene Hilario,2,8:10,DEN,rebound,,,,,,,,,,,,,,,,,,
Andrew Bynum,Jordan Farmar,Pau Gasol,Sasha Vujacic,Trevor Ariza,Anthony Carter,Chris Andersen,J.R. Smith,Linas Kleiza,Nene Hilario,2,7:59,DEN,turnover,,,,,,,,,,Anthony Carter,,,bad pass,,,,,
Andrew Bynum,Jordan Farmar,Pau Gasol,Sasha Vujacic,Trevor Ariza,Anthony Carter,Chris Andersen,J.R. Smith,Linas Kleiza,Nene Hilario,2,7:42,LAL,shot,,,,,,,,,,Jordan Farmar,,,,missed,,3pt,49,9
Andrew Bynum,Jordan Farmar,Pau Gasol,Sasha Vujacic,Trevor Ariza,Anthony Carter,Chris Andersen,J.R. Smith,Linas Kleiza,Nene Hilario,2,7:41,DEN,rebound,,,,,,,,,,Chris Andersen,,,,,,def,,
Andrew Bynum,Jordan Farmar,Pau Gasol,Sasha Vujacic,Trevor Ariza,Anthony Carter,Chris Andersen,J.R. Smith,Linas Kleiza,Nene Hilario,2,7:39,DEN,shot,Linas Kleiza,,,,,,,,,Anthony Carter,2,,,made,,layup,25,6
Andrew Bynum,Jordan Farmar,Pau Gasol,Sasha Vujacic,Trevor Ariza,Anthony Carter,Chris Andersen,J.R. Smith,Linas Kleiza,Nene Hilario,2,7:39,LAL,violation,,,,,,,,,,Trevor Ariza,,,,,,defensive goaltending,,
Andrew Bynum,Jordan Farmar,Pau Gasol,Sasha Vujacic,Trevor Ariza,Anthony Carter,Chris Andersen,J.R. Smith,Linas Kleiza,Nene Hilario,2,7:21,LAL,shot,Andrew Bynum,,,,,,,,,Jordan Farmar,2,,,made,,driving layup,25,6
Andrew Bynum,Jordan Farmar,Pau Gasol,Sasha Vujacic,Trevor Ariza,Anthony Carter,Chris Andersen,J.R. Smith,Linas Kleiza,Nene Hilario,2,7:15,DEN,turnover,,,,,,,,,,Anthony Carter,,,bad pass,,Trevor Ariza,,,
Andrew Bynum,Jordan Farmar,Pau Gasol,Sasha Vujacic,Trevor Ariza,Anthony Carter,Chris Andersen,J.R. Smith,Linas Kleiza,Nene Hilario,2,7:12,DEN,foul,,,,,,,,Trevor Ariza,,Chris Andersen,,,,,,shooting,,
Andrew Bynum,Jordan Farmar,Pau Gasol,Sasha Vujacic,Trevor Ariza,Anthony Carter,J.R. Smith,Kenyon Martin,Linas Kleiza,Nene Hilario,2,7:12,DEN,sub,,,,Kenyon Martin,,Chris Andersen,,,,,,,,,,,,
Andrew Bynum,Jordan Farmar,Pau Gasol,Sasha Vujacic,Trevor Ariza,Anthony Carter,J.R. Smith,Kenyon Martin,Linas Kleiza,Nene Hilario,2,7:12,LAL,free throw,,,,,,,1,,2,Trevor Ariza,,,foul,missed,,,,
Andrew Bynum,Jordan Farmar,Pau Gasol,Sasha Vujacic,Trevor Ariza,Anthony Carter,J.R. Smith,Kenyon Martin,Linas Kleiza,Nene Hilario,2,7:12,LAL,rebound,,,,,,,,,,,,,,,,,,
Andrew Bynum,Jordan Farmar,Josh Powell,Sasha Vujacic,Trevor Ariza,Anthony Carter,J.R. Smith,Kenyon Martin,Linas Kleiza,Nene Hilario,2,7:12,LAL,sub,,,,Josh Powell,,Pau Gasol,,,,,,,,,,,,
Andrew Bynum,Jordan Farmar,Josh Powell,Kobe Bryant,Trevor Ariza,Anthony Carter,J.R. Smith,Kenyon Martin,Linas Kleiza,Nene Hilario,2,7:12,LAL,sub,,,,Kobe Bryant,,Sasha Vujacic,,,,,,,,,,,,
Andrew Bynum,Jordan Farmar,Josh Powell,Kobe Bryant,Trevor Ariza,Anthony Carter,Carmelo Anthony,J.R. Smith,Kenyon Martin,Nene Hilario,2,7:12,DEN,sub,,,,Carmelo Anthony,,Linas Kleiza,,,,,,,,,,,,
Andrew Bynum,Jordan Farmar,Josh Powell,Kobe Bryant,Trevor Ariza,Anthony Carter,Carmelo Anthony,J.R. Smith,Kenyon Martin,Nene Hilario,2,7:12,LAL,free throw,,,,,,,2,,2,Trevor Ariza,,,foul,made,,,,
Andrew Bynum,Jordan Farmar,Josh Powell,Kobe Bryant,Trevor Ariza,Anthony Carter,Carmelo Anthony,J.R. Smith,Kenyon Martin,Nene Hilario,2,6:59,DEN,turnover,,,,,,,,,,Kenyon Martin,,,bad pass,,,,,
Andrew Bynum,Jordan Farmar,Josh Powell,Kobe Bryant,Trevor Ariza,Anthony Carter,Carmelo Anthony,J.R. Smith,Kenyon Martin,Nene Hilario,2,6:42,LAL,shot,,,,,,,,,,Kobe Bryant,,,,missed,,jump,12,22
Andrew Bynum,Jordan Farmar,Josh Powell,Kobe Bryant,Trevor Ariza,Anthony Carter,Carmelo Anthony,J.R. Smith,Kenyon Martin,Nene Hilario,2,6:41,DEN,rebound,,,,,,,,,,J.R. Smith,,,,,,def,,
Andrew Bynum,Jordan Farmar,Josh Powell,Kobe Bryant,Trevor Ariza,Anthony Carter,Carmelo Anthony,J.R. Smith,Kenyon Martin,Nene Hilario,2,6:35,DEN,shot,J.R. Smith,,,,,,,,,Nene Hilario,2,,,made,,layup,,
Andrew Bynum,Jordan Farmar,Josh Powell,Kobe Bryant,Trevor Ariza,Anthony Carter,Carmelo Anthony,J.R. Smith,Kenyon Martin,Nene Hilario,2,6:35,LAL,foul,,,,,,,,Nene Hilario,,Josh Powell,,,,,,shooting,,
Andrew Bynum,Derek Fisher,Josh Powell,Kobe Bryant,Trevor Ariza,Anthony Carter,Carmelo Anthony,J.R. Smith,Kenyon Martin,Nene Hilario,2,6:35,LAL,sub,,,,Derek Fisher,,Jordan Farmar,,,,,,,,,,,,
Andrew Bynum,Derek Fisher,Josh Powell,Kobe Bryant,Trevor Ariza,Anthony Carter,Carmelo Anthony,J.R. Smith,Kenyon Martin,Nene Hilario,2,6:35,DEN,free throw,,,,,,,1,,1,Nene Hilario,,,foul,missed,,,,
Andrew Bynum,Derek Fisher,Josh Powell,Kobe Bryant,Trevor Ariza,Anthony Carter,Carmelo Anthony,J.R. Smith,Kenyon Martin,Nene Hilario,2,6:32,LAL,rebound,,,,,,,,,,Josh Powell,,,,,,def,,
Andrew Bynum,Derek Fisher,Josh Powell,Kobe Bryant,Trevor Ariza,Anthony Carter,Carmelo Anthony,J.R. Smith,Kenyon Martin,Nene Hilario,2,6:16,LAL,shot,Derek Fisher,,,,,,,,,Kobe Bryant,2,,,made,,jump,36,19
Andrew Bynum,Derek Fisher,Josh Powell,Kobe Bryant,Trevor Ariza,Anthony Carter,Carmelo Anthony,J.R. Smith,Kenyon Martin,Nene Hilario,2,6:05,DEN,shot,,,,,,,,,,J.R. Smith,,,,missed,,3pt,44,26
Andrew Bynum,Derek Fisher,Josh Powell,Kobe Bryant,Trevor Ariza,Anthony Carter,Carmelo Anthony,J.R. Smith,Kenyon Martin,Nene Hilario,2,6:03,LAL,rebound,,,,,,,,,,Trevor Ariza,,,,,,def,,
Andrew Bynum,Derek Fisher,Josh Powell,Kobe Bryant,Trevor Ariza,Anthony Carter,Carmelo Anthony,J.R. Smith,Kenyon Martin,Nene Hilario,2,5:48,LAL,foul,,,,,,,,Nene Hilario,,Andrew Bynum,,,,,,offensive,,
Andrew Bynum,Derek Fisher,Josh Powell,Kobe Bryant,Trevor Ariza,Anthony Carter,Carmelo Anthony,J.R. Smith,Kenyon Martin,Nene Hilario,2,5:48,LAL,turnover,,,,,,,,,,Andrew Bynum,,,foul,,,,,
Andrew Bynum,Derek Fisher,Josh Powell,Kobe Bryant,Trevor Ariza,Anthony Carter,Carmelo Anthony,J.R. Smith,Kenyon Martin,Nene Hilario,2,5:48,OFF,timeout,,,,,,,,,,,,,,,,official,,
Derek Fisher,Josh Powell,Kobe Bryant,Trevor Ariza,Vladimir Radmanovic,Anthony Carter,Carmelo Anthony,J.R. Smith,Kenyon Martin,Nene Hilario,2,5:48,LAL,sub,,,,Vladimir Radmanovic,,Andrew Bynum,,,,,,,,,,,,
Derek Fisher,Josh Powell,Kobe Bryant,Pau Gasol,Vladimir Radmanovic,Anthony Carter,Carmelo Anthony,J.R. Smith,Kenyon Martin,Nene Hilario,2,5:48,LAL,sub,,,,Pau Gasol,,Trevor Ariza,,,,,,,,,,,,
Derek Fisher,Josh Powell,Kobe Bryant,Pau Gasol,Vladimir Radmanovic,Anthony Carter,Carmelo Anthony,J.R. Smith,Kenyon Martin,Nene Hilario,2,5:30,DEN,shot,,,,,,,,,,Carmelo Anthony,,,,missed,,jump,41,16
Derek Fisher,Josh Powell,Kobe Bryant,Pau Gasol,Vladimir Radmanovic,Anthony Carter,Carmelo Anthony,J.R. Smith,Kenyon Martin,Nene Hilario,2,5:30,LAL,rebound,,,,,,,,,,,,,,,,,,
Derek Fisher,Josh Powell,Kobe Bryant,Pau Gasol,Vladimir Radmanovic,Anthony Carter,Carmelo Anthony,J.R. Smith,Kenyon Martin,Nene Hilario,2,5:18,DEN,foul,,,,,,,,Vladimir Radmanovic,,Anthony Carter,,,,,,shooting,,
Derek Fisher,Josh Powell,Kobe Bryant,Pau Gasol,Vladimir Radmanovic,Anthony Carter,Carmelo Anthony,J.R. Smith,Kenyon Martin,Nene Hilario,2,5:18,LAL,free throw,,,,,,,1,,2,Vladimir Radmanovic,,,foul,made,,,,
Derek Fisher,Josh Powell,Kobe Bryant,Pau Gasol,Vladimir Radmanovic,Anthony Carter,Carmelo Anthony,J.R. Smith,Kenyon Martin,Nene Hilario,2,5:18,LAL,free throw,,,,,,,2,,2,Vladimir Radmanovic,,,foul,made,,,,
Derek Fisher,Josh Powell,Kobe Bryant,Pau Gasol,Vladimir Radmanovic,Anthony Carter,Carmelo Anthony,J.R. Smith,Kenyon Martin,Nene Hilario,2,5:02,LAL,foul,,,,,,,,Nene Hilario,,Vladimir Radmanovic,,,,,,personal,,
Derek Fisher,Josh Powell,Kobe Bryant,Pau Gasol,Vladimir Radmanovic,Allen Iverson,Anthony Carter,Carmelo Anthony,Kenyon Martin,Nene Hilario,2,5:02,DEN,sub,,,,Allen Iverson,,J.R. Smith,,,,,,,,,,,,
Derek Fisher,Josh Powell,Kobe Bryant,Pau Gasol,Vladimir Radmanovic,Allen Iverson,Anthony Carter,Carmelo Anthony,Kenyon Martin,Nene Hilario,2,4:45,DEN,shot,Carmelo Anthony,,,,,,,,,Anthony Carter,3,,,made,,3pt,1,7
Derek Fisher,Josh Powell,Kobe Bryant,Pau Gasol,Vladimir Radmanovic,Allen Iverson,Anthony Carter,Carmelo Anthony,Kenyon Martin,Nene Hilario,2,4:38,LAL,turnover,,,,,,,,,,Vladimir Radmanovic,,,bad pass,,Kenyon Martin,,,
Derek Fisher,Josh Powell,Kobe Bryant,Pau Gasol,Vladimir Radmanovic,Allen Iverson,Anthony Carter,Carmelo Anthony,Kenyon Martin,Nene Hilario,2,4:35,DEN,shot,,,Pau Gasol,,,,,,,Nene Hilario,,,,missed,,driving layup,,
Derek Fisher,Josh Powell,Kobe Bryant,Pau Gasol,Vladimir Radmanovic,Allen Iverson,Anthony Carter,Carmelo Anthony,Kenyon Martin,Nene Hilario,2,4:35,DEN,rebound,,,,,,,,,,,,,,,,,,
Derek Fisher,Josh Powell,Kobe Bryant,Pau Gasol,Vladimir Radmanovic,Allen Iverson,Anthony Carter,Carmelo Anthony,Kenyon Martin,Nene Hilario,2,4:29,DEN,shot,,,,,,,,,,Kenyon Martin,,,,missed,,jump,21,11
Derek Fisher,Josh Powell,Kobe Bryant,Pau Gasol,Vladimir Radmanovic,Allen Iverson,Anthony Carter,Carmelo Anthony,Kenyon Martin,Nene Hilario,2,4:27,LAL,rebound,,,,,,,,,,Josh Powell,,,,,,def,,
Derek Fisher,Josh Powell,Kobe Bryant,Pau Gasol,Vladimir Radmanovic,Allen Iverson,Anthony Carter,Carmelo Anthony,Kenyon Martin,Nene Hilario,2,4:17,LAL,shot,,,,,,,,,,Kobe Bryant,,,,missed,,jump,32,9
Derek Fisher,Josh Powell,Kobe Bryant,Pau Gasol,Vladimir Radmanovic,Allen Iverson,Anthony Carter,Carmelo Anthony,Kenyon Martin,Nene Hilario,2,4:17,DEN,rebound,,,,,,,,,,Nene Hilario,,,,,,def,,
Derek Fisher,Josh Powell,Kobe Bryant,Pau Gasol,Vladimir Radmanovic,Allen Iverson,Anthony Carter,Carmelo Anthony,Kenyon Martin,Nene Hilario,2,4:17,LAL,foul,,,,,,,,Nene Hilario,,Kobe Bryant,,,,,,personal,,
Derek Fisher,Josh Powell,Pau Gasol,Sasha Vujacic,Vladimir Radmanovic,Allen Iverson,Anthony Carter,Carmelo Anthony,Kenyon Martin,Nene Hilario,2,4:17,LAL,sub,,,,Sasha Vujacic,,Kobe Bryant,,,,,,,,,,,,
Derek Fisher,Josh Powell,Pau Gasol,Sasha Vujacic,Vladimir Radmanovic,Allen Iverson,Anthony Carter,Carmelo Anthony,Kenyon Martin,Nene Hilario,2,4:02,LAL,foul,,,,,,,,Kenyon Martin,,Sasha Vujacic,,,,,,shooting,,
Derek Fisher,Josh Powell,Pau Gasol,Sasha Vujacic,Vladimir Radmanovic,Allen Iverson,Anthony Carter,Carmelo Anthony,Kenyon Martin,Nene Hilario,2,4:02,DEN,free throw,,,,,,,1,,2,Kenyon Martin,,,foul,made,,,,
Derek Fisher,Josh Powell,Pau Gasol,Sasha Vujacic,Vladimir Radmanovic,Allen Iverson,Anthony Carter,Carmelo Anthony,Kenyon Martin,Nene Hilario,2,4:02,DEN,free throw,,,,,,,2,,2,Kenyon Martin,,,foul,made,,,,
Derek Fisher,Josh Powell,Pau Gasol,Sasha Vujacic,Vladimir Radmanovic,Allen Iverson,Anthony Carter,Carmelo Anthony,Kenyon Martin,Nene Hilario,2,3:53,LAL,shot,,,,,,,,,,Derek Fisher,,,,missed,,driving layup,25,6
Derek Fisher,Josh Powell,Pau Gasol,Sasha Vujacic,Vladimir Radmanovic,Allen Iverson,Anthony Carter,Carmelo Anthony,Kenyon Martin,Nene Hilario,2,3:50,LAL,shot,,,,,,,,,,Josh Powell,2,,,made,,layup,25,6
Derek Fisher,Josh Powell,Pau Gasol,Sasha Vujacic,Vladimir Radmanovic,Allen Iverson,Anthony Carter,Carmelo Anthony,Kenyon Martin,Nene Hilario,2,3:50,LAL,rebound,,,,,,,,,,Josh Powell,,,,,,off,,
Derek Fisher,Josh Powell,Pau Gasol,Sasha Vujacic,Vladimir Radmanovic,Allen Iverson,Anthony Carter,Carmelo Anthony,Kenyon Martin,Nene Hilario,2,3:37,DEN,shot,,,,,,,,,,Carmelo Anthony,,,,missed,,reverse layup,25,6
Derek Fisher,Josh Powell,Pau Gasol,Sasha Vujacic,Vladimir Radmanovic,Allen Iverson,Anthony Carter,Carmelo Anthony,Kenyon Martin,Nene Hilario,2,3:34,LAL,rebound,,,,,,,,,,Vladimir Radmanovic,,,,,,def,,
Derek Fisher,Josh Powell,Pau Gasol,Sasha Vujacic,Vladimir Radmanovic,Allen Iverson,Anthony Carter,Carmelo Anthony,Kenyon Martin,Nene Hilario,2,3:25,LAL,shot,,,,,,,,,,Pau Gasol,,,,missed,,jump,25,22
Derek Fisher,Josh Powell,Pau Gasol,Sasha Vujacic,Vladimir Radmanovic,Allen Iverson,Anthony Carter,Carmelo Anthony,Kenyon Martin,Nene Hilario,2,3:24,DEN,rebound,,,,,,,,,,Anthony Carter,,,,,,def,,
Derek Fisher,Josh Powell,Pau Gasol,Sasha Vujacic,Vladimir Radmanovic,Allen Iverson,Anthony Carter,Carmelo Anthony,Kenyon Martin,Nene Hilario,2,3:09,DEN,shot,Carmelo Anthony,,,,,,,,,Anthony Carter,3,,,made,,3pt,45,21
Derek Fisher,Josh Powell,Pau Gasol,Sasha Vujacic,Vladimir Radmanovic,Allen Iverson,Anthony Carter,Carmelo Anthony,Kenyon Martin,Nene Hilario,2,2:51,LAL,shot,,,,,,,,,,Vladimir Radmanovic,,,,missed,,3pt,26,31
Derek Fisher,Josh Powell,Pau Gasol,Sasha Vujacic,Vladimir Radmanovic,Allen Iverson,Anthony Carter,Carmelo Anthony,Kenyon Martin,Nene Hilario,2,2:50,DEN,rebound,,,,,,,,,,Anthony Carter,,,,,,def,,
Derek Fisher,Josh Powell,Pau Gasol,Sasha Vujacic,Vladimir Radmanovic,Allen Iverson,Anthony Carter,Carmelo Anthony,Kenyon Martin,Nene Hilario,2,2:48,LAL,foul,,,,,,,,Carmelo Anthony,,Vladimir Radmanovic,,,,,,shooting,,
Derek Fisher,Josh Powell,Pau Gasol,Sasha Vujacic,Vladimir Radmanovic,Allen Iverson,Anthony Carter,Carmelo Anthony,Kenyon Martin,Nene Hilario,2,2:48,LAL,timeout,,,,,,,,,,,,,,,,regular,,
Derek Fisher,Josh Powell,Pau Gasol,Sasha Vujacic,Vladimir Radmanovic,Allen Iverson,Anthony Carter,Carmelo Anthony,Kenyon Martin,Nene Hilario,2,2:48,DEN,free throw,,,,,,,1,,2,Carmelo Anthony,,,foul,missed,,,,
Derek Fisher,Josh Powell,Pau Gasol,Sasha Vujacic,Vladimir Radmanovic,Allen Iverson,Anthony Carter,Carmelo Anthony,Kenyon Martin,Nene Hilario,2,2:48,DEN,rebound,,,,,,,,,,,,,,,,,,
Derek Fisher,Josh Powell,Pau Gasol,Sasha Vujacic,Vladimir Radmanovic,Allen Iverson,Anthony Carter,Carmelo Anthony,Kenyon Martin,Nene Hilario,2,2:48,DEN,free throw,,,,,,,2,,2,Carmelo Anthony,,,foul,missed,,,,
Derek Fisher,Josh Powell,Pau Gasol,Sasha Vujacic,Vladimir Radmanovic,Allen Iverson,Anthony Carter,Carmelo Anthony,Kenyon Martin,Nene Hilario,2,2:45,LAL,rebound,,,,,,,,,,Josh Powell,,,,,,def,,
Derek Fisher,Josh Powell,Pau Gasol,Sasha Vujacic,Vladimir Radmanovic,Allen Iverson,Anthony Carter,Carmelo Anthony,Kenyon Martin,Nene Hilario,2,2:31,LAL,shot,Pau Gasol,,,,,,,,,Josh Powell,2,,,made,,jump,26,21
Derek Fisher,Josh Powell,Pau Gasol,Sasha Vujacic,Vladimir Radmanovic,Allen Iverson,Anthony Carter,Carmelo Anthony,Kenyon Martin,Nene Hilario,2,2:07,DEN,shot,,,,,,,,,,Carmelo Anthony,,,,missed,,3pt,3,17
Derek Fisher,Josh Powell,Pau Gasol,Sasha Vujacic,Vladimir Radmanovic,Allen Iverson,Anthony Carter,Carmelo Anthony,Kenyon Martin,Nene Hilario,2,2:06,LAL,rebound,,,,,,,,,,Pau Gasol,,,,,,def,,
Derek Fisher,Josh Powell,Pau Gasol,Sasha Vujacic,Vladimir Radmanovic,Allen Iverson,Anthony Carter,Carmelo Anthony,Kenyon Martin,Nene Hilario,2,1:53,LAL,shot,,,,,,,,,,Derek Fisher,,,,missed,,jump,31,12
Derek Fisher,Josh Powell,Pau Gasol,Sasha Vujacic,Vladimir Radmanovic,Allen Iverson,Anthony Carter,Carmelo Anthony,Kenyon Martin,Nene Hilario,2,1:52,LAL,rebound,,,,,,,,,,Pau Gasol,,,,,,off,,
Derek Fisher,Josh Powell,Pau Gasol,Sasha Vujacic,Vladimir Radmanovic,Allen Iverson,Anthony Carter,Carmelo Anthony,Kenyon Martin,Nene Hilario,2,1:48,LAL,shot,Vladimir Radmanovic,,,,,,,,,Derek Fisher,3,,,made,,3pt,49,8
Derek Fisher,Josh Powell,Pau Gasol,Sasha Vujacic,Vladimir Radmanovic,Allen Iverson,Anthony Carter,Carmelo Anthony,Kenyon Martin,Nene Hilario,2,1:33,LAL,foul,,,,,,,,Allen Iverson,,Sasha Vujacic,,,,,,personal,,
Derek Fisher,Josh Powell,Pau Gasol,Sasha Vujacic,Vladimir Radmanovic,Allen Iverson,Anthony Carter,Carmelo Anthony,Kenyon Martin,Nene Hilario,2,1:33,DEN,free throw,,,,,,,1,,2,Allen Iverson,,,foul,made,,,,
Derek Fisher,Josh Powell,Pau Gasol,Sasha Vujacic,Vladimir Radmanovic,Allen Iverson,Anthony Carter,Carmelo Anthony,Kenyon Martin,Nene Hilario,2,1:33,DEN,free throw,,,,,,,2,,2,Allen Iverson,,,foul,made,,,,
Derek Fisher,Josh Powell,Pau Gasol,Sasha Vujacic,Vladimir Radmanovic,Allen Iverson,Anthony Carter,Carmelo Anthony,Kenyon Martin,Nene Hilario,2,1:16,LAL,turnover,,,,,,,,,,Pau Gasol,,,bad pass,,,,,
Derek Fisher,Josh Powell,Pau Gasol,Sasha Vujacic,Vladimir Radmanovic,Allen Iverson,Anthony Carter,Carmelo Anthony,Kenyon Martin,Nene Hilario,2,1:05,DEN,shot,,,,,,,,,,Anthony Carter,2,,,made,,driving layup,25,6
Derek Fisher,Josh Powell,Pau Gasol,Sasha Vujacic,Vladimir Radmanovic,Allen Iverson,Anthony Carter,Carmelo Anthony,Kenyon Martin,Nene Hilario,2,0:54,DEN,foul,,,,,,,,Sasha Vujacic,,Anthony Carter,,,,,,shooting,,
Derek Fisher,Josh Powell,Pau Gasol,Sasha Vujacic,Vladimir Radmanovic,Allen Iverson,Anthony Carter,Carmelo Anthony,Kenyon Martin,Nene Hilario,2,0:54,LAL,free throw,,,,,,,1,,2,Sasha Vujacic,,,foul,made,,,,
Derek Fisher,Josh Powell,Pau Gasol,Sasha Vujacic,Vladimir Radmanovic,Allen Iverson,Carmelo Anthony,J.R. Smith,Kenyon Martin,Nene Hilario,2,0:54,DEN,sub,,,,J.R. Smith,,Anthony Carter,,,,,,,,,,,,
Derek Fisher,Josh Powell,Pau Gasol,Sasha Vujacic,Vladimir Radmanovic,Allen Iverson,Carmelo Anthony,J.R. Smith,Kenyon Martin,Nene Hilario,2,0:54,LAL,free throw,,,,,,,2,,2,Sasha Vujacic,,,foul,made,,,,
Derek Fisher,Josh Powell,Pau Gasol,Sasha Vujacic,Vladimir Radmanovic,Allen Iverson,Carmelo Anthony,J.R. Smith,Kenyon Martin,Nene Hilario,2,0:45,DEN,shot,Allen Iverson,,,,,,,,,Kenyon Martin,2,,,made,,slam dunk,25,6
Derek Fisher,Josh Powell,Pau Gasol,Sasha Vujacic,Vladimir Radmanovic,Allen Iverson,Carmelo Anthony,J.R. Smith,Kenyon Martin,Nene Hilario,2,0:45,LAL,foul,,,,,,,,Kenyon Martin,,Vladimir Radmanovic,,,,,,shooting,,
Derek Fisher,Josh Powell,Pau Gasol,Sasha Vujacic,Vladimir Radmanovic,Allen Iverson,Carmelo Anthony,J.R. Smith,Kenyon Martin,Nene Hilario,2,0:45,DEN,free throw,,,,,,,1,,1,Kenyon Martin,,,foul,made,,,,
Derek Fisher,Josh Powell,Pau Gasol,Sasha Vujacic,Vladimir Radmanovic,Allen Iverson,Carmelo Anthony,J.R. Smith,Kenyon Martin,Nene Hilario,2,0:33,LAL,shot,,,Allen Iverson,,,,,,,Derek Fisher,,,,missed,,jump,24,13
Derek Fisher,Josh Powell,Pau Gasol,Sasha Vujacic,Vladimir Radmanovic,Allen Iverson,Carmelo Anthony,J.R. Smith,Kenyon Martin,Nene Hilario,2,0:31,DEN,rebound,,,,,,,,,,Nene Hilario,,,,,,def,,
Derek Fisher,Josh Powell,Pau Gasol,Sasha Vujacic,Vladimir Radmanovic,Allen Iverson,Carmelo Anthony,J.R. Smith,Kenyon Martin,Nene Hilario,2,0:29,LAL,foul,,,,,,,,J.R. Smith,,Sasha Vujacic,,,,,,shooting,,
Derek Fisher,Josh Powell,Luke Walton,Pau Gasol,Sasha Vujacic,Allen Iverson,Carmelo Anthony,J.R. Smith,Kenyon Martin,Nene Hilario,2,0:29,LAL,sub,,,,Luke Walton,,Vladimir Radmanovic,,,,,,,,,,,,
Derek Fisher,Josh Powell,Luke Walton,Pau Gasol,Sasha Vujacic,Allen Iverson,Carmelo Anthony,J.R. Smith,Kenyon Martin,Nene Hilario,2,0:29,DEN,free throw,,,,,,,1,,2,J.R. Smith,,,foul,made,,,,
Derek Fisher,Jordan Farmar,Josh Powell,Luke Walton,Pau Gasol,Allen Iverson,Carmelo Anthony,J.R. Smith,Kenyon Martin,Nene Hilario,2,0:29,LAL,sub,,,,Jordan Farmar,,Sasha Vujacic,,,,,,,,,,,,
Derek Fisher,Jordan Farmar,Josh Powell,Luke Walton,Pau Gasol,Allen Iverson,Carmelo Anthony,J.R. Smith,Kenyon Martin,Nene Hilario,2,0:29,DEN,free throw,,,,,,,2,,2,J.R. Smith,,,foul,made,,,,
Derek Fisher,Jordan Farmar,Josh Powell,Luke Walton,Pau Gasol,Allen Iverson,Carmelo Anthony,J.R. Smith,Kenyon Martin,Nene Hilario,2,0:13,LAL,shot,,,Kenyon Martin,,,,,,,Josh Powell,,,,missed,,jump,28,15
Derek Fisher,Jordan Farmar,Josh Powell,Luke Walton,Pau Gasol,Allen Iverson,Carmelo Anthony,J.R. Smith,Kenyon Martin,Nene Hilario,2,0:10,DEN,rebound,,,,,,,,,,Carmelo Anthony,,,,,,def,,
Derek Fisher,Jordan Farmar,Josh Powell,Luke Walton,Pau Gasol,Allen Iverson,Carmelo Anthony,J.R. Smith,Kenyon Martin,Nene Hilario,2,0:06,DEN,shot,Allen Iverson,,,,,,,,,J.R. Smith,2,,,made,,jump,12,21
Derek Fisher,Jordan Farmar,Josh Powell,Luke Walton,Pau Gasol,Allen Iverson,Carmelo Anthony,J.R. Smith,Kenyon Martin,Nene Hilario,2,0:02,LAL,shot,,,,,,,,,,Luke Walton,,,,missed,,jump,30,13
Derek Fisher,Jordan Farmar,Josh Powell,Luke Walton,Pau Gasol,Allen Iverson,Carmelo Anthony,J.R. Smith,Kenyon Martin,Nene Hilario,2,0:01,DEN,rebound,,,,,,,,,,Carmelo Anthony,,,,,,def,,
Andrew Bynum,Derek Fisher,Kobe Bryant,Pau Gasol,Vladimir Radmanovic,Allen Iverson,Anthony Carter,Carmelo Anthony,Kenyon Martin,Nene Hilario,3,11:48,LAL,foul,,,,,,,,Nene Hilario,,Derek Fisher,,,,,,shooting,,
Andrew Bynum,Derek Fisher,Kobe Bryant,Pau Gasol,Vladimir Radmanovic,Allen Iverson,Anthony Carter,Carmelo Anthony,Kenyon Martin,Nene Hilario,3,11:48,DEN,free throw,,,,,,,1,,2,Nene Hilario,,,foul,made,,,,
Andrew Bynum,Derek Fisher,Kobe Bryant,Pau Gasol,Vladimir Radmanovic,Allen Iverson,Anthony Carter,Carmelo Anthony,Kenyon Martin,Nene Hilario,3,11:48,DEN,free throw,,,,,,,2,,2,Nene Hilario,,,foul,made,,,,
Andrew Bynum,Derek Fisher,Kobe Bryant,Pau Gasol,Vladimir Radmanovic,Allen Iverson,Anthony Carter,Carmelo Anthony,Kenyon Martin,Nene Hilario,3,11:31,LAL,shot,,,,,,,,,,Derek Fisher,2,,,made,,jump,20,24
Andrew Bynum,Derek Fisher,Kobe Bryant,Pau Gasol,Vladimir Radmanovic,Allen Iverson,Anthony Carter,Carmelo Anthony,Kenyon Martin,Nene Hilario,3,11:19,LAL,foul,,,,,,,,Nene Hilario,,Andrew Bynum,,,,,,personal,,
Andrew Bynum,Derek Fisher,Kobe Bryant,Pau Gasol,Vladimir Radmanovic,Allen Iverson,Anthony Carter,Carmelo Anthony,Kenyon Martin,Nene Hilario,3,11:11,DEN,turnover,,,,,,,,,,Allen Iverson,,,bad pass,,Andrew Bynum,,,
Andrew Bynum,Derek Fisher,Kobe Bryant,Pau Gasol,Vladimir Radmanovic,Allen Iverson,Anthony Carter,Carmelo Anthony,Kenyon Martin,Nene Hilario,3,11:04,LAL,shot,,,,,,,,,,Derek Fisher,,,,missed,,3pt,36,30
Andrew Bynum,Derek Fisher,Kobe Bryant,Pau Gasol,Vladimir Radmanovic,Allen Iverson,Anthony Carter,Carmelo Anthony,Kenyon Martin,Nene Hilario,3,11:04,LAL,rebound,,,,,,,,,,,,,,,,,,
Derek Fisher,Kobe Bryant,Lamar Odom,Pau Gasol,Vladimir Radmanovic,Allen Iverson,Anthony Carter,Carmelo Anthony,Kenyon Martin,Nene Hilario,3,11:04,LAL,sub,,,,Lamar Odom,,Andrew Bynum,,,,,,,,,,,,
Derek Fisher,Kobe Bryant,Lamar Odom,Pau Gasol,Vladimir Radmanovic,Allen Iverson,Anthony Carter,Carmelo Anthony,Kenyon Martin,Nene Hilario,3,11:00,LAL,shot,Pau Gasol,,,,,,,,,Lamar Odom,2,,,made,,layup,25,6
Derek Fisher,Kobe Bryant,Lamar Odom,Pau Gasol,Vladimir Radmanovic,Allen Iverson,Anthony Carter,Carmelo Anthony,Kenyon Martin,Nene Hilario,3,10:42,DEN,shot,Carmelo Anthony,,,,,,,,,Kenyon Martin,2,,,made,,dunk,25,6
Derek Fisher,Kobe Bryant,Lamar Odom,Pau Gasol,Vladimir Radmanovic,Allen Iverson,Anthony Carter,Carmelo Anthony,Kenyon Martin,Nene Hilario,3,10:28,DEN,foul,,,,,,,,Vladimir Radmanovic,,Carmelo Anthony,,,,,,shooting,,
Derek Fisher,Kobe Bryant,Lamar Odom,Pau Gasol,Vladimir Radmanovic,Allen Iverson,Anthony Carter,Carmelo Anthony,Kenyon Martin,Nene Hilario,3,10:28,LAL,free throw,,,,,,,1,,3,Vladimir Radmanovic,,,foul,made,,,,
Derek Fisher,Kobe Bryant,Lamar Odom,Pau Gasol,Vladimir Radmanovic,Allen Iverson,Anthony Carter,Carmelo Anthony,Kenyon Martin,Nene Hilario,3,10:28,LAL,free throw,,,,,,,2,,3,Vladimir Radmanovic,,,foul,made,,,,
Derek Fisher,Kobe Bryant,Lamar Odom,Pau Gasol,Vladimir Radmanovic,Allen Iverson,Anthony Carter,Carmelo Anthony,Kenyon Martin,Nene Hilario,3,10:28,LAL,free throw,,,,,,,3,,3,Vladimir Radmanovic,,,foul,missed,,,,
Derek Fisher,Kobe Bryant,Lamar Odom,Pau Gasol,Vladimir Radmanovic,Allen Iverson,Anthony Carter,Carmelo Anthony,Kenyon Martin,Nene Hilario,3,10:27,DEN,rebound,,,,,,,,,,Nene Hilario,,,,,,def,,
Derek Fisher,Kobe Bryant,Lamar Odom,Pau Gasol,Vladimir Radmanovic,Allen Iverson,Anthony Carter,Carmelo Anthony,Kenyon Martin,Nene Hilario,3,10:06,DEN,shot,,,,,,,,,,Kenyon Martin,2,,,made,,jump hook,25,12
Derek Fisher,Kobe Bryant,Lamar Odom,Pau Gasol,Vladimir Radmanovic,Allen Iverson,Anthony Carter,Carmelo Anthony,Kenyon Martin,Nene Hilario,3,9:56,LAL,shot,Derek Fisher,,,,,,,,,Lamar Odom,2,,,made,,layup,25,6
Derek Fisher,Kobe Bryant,Lamar Odom,Pau Gasol,Vladimir Radmanovic,Allen Iverson,Anthony Carter,Carmelo Anthony,Kenyon Martin,Nene Hilario,3,9:39,DEN,shot,,,,,,,,,,Carmelo Anthony,2,,,made,,jump,41,12
Derek Fisher,Kobe Bryant,Lamar Odom,Pau Gasol,Vladimir Radmanovic,Allen Iverson,Anthony Carter,Carmelo Anthony,Kenyon Martin,Nene Hilario,3,9:30,DEN,foul,,,,,,,,Kobe Bryant,,Anthony Carter,,,,,,personal,,
Derek Fisher,Kobe Bryant,Lamar Odom,Pau Gasol,Vladimir Radmanovic,Allen Iverson,Anthony Carter,Carmelo Anthony,Kenyon Martin,Nene Hilario,3,9:14,LAL,shot,,,,,,,,,,Pau Gasol,,,,missed,,jump,17,22
Derek Fisher,Kobe Bryant,Lamar Odom,Pau Gasol,Vladimir Radmanovic,Allen Iverson,Anthony Carter,Carmelo Anthony,Kenyon Martin,Nene Hilario,3,9:12,DEN,rebound,,,,,,,,,,Anthony Carter,,,,,,def,,
Derek Fisher,Kobe Bryant,Lamar Odom,Pau Gasol,Vladimir Radmanovic,Allen Iverson,Anthony Carter,Carmelo Anthony,Kenyon Martin,Nene Hilario,3,8:58,DEN,shot,Anthony Carter,,,,,,,,,Allen Iverson,3,,,made,,3pt,48,11
Derek Fisher,Kobe Bryant,Lamar Odom,Pau Gasol,Vladimir Radmanovic,Allen Iverson,Anthony Carter,Carmelo Anthony,Kenyon Martin,Nene Hilario,3,8:42,LAL,shot,,,,,,,,,,Kobe Bryant,2,,,made,,driving layup,25,6
Derek Fisher,Kobe Bryant,Lamar Odom,Pau Gasol,Vladimir Radmanovic,Allen Iverson,Anthony Carter,Carmelo Anthony,Kenyon Martin,Nene Hilario,3,8:22,DEN,shot,,,,,,,,,,Carmelo Anthony,,,,missed,,jump,36,11
Derek Fisher,Kobe Bryant,Lamar Odom,Pau Gasol,Vladimir Radmanovic,Allen Iverson,Anthony Carter,Carmelo Anthony,Kenyon Martin,Nene Hilario,3,8:20,LAL,rebound,,,,,,,,,,Pau Gasol,,,,,,def,,
Derek Fisher,Kobe Bryant,Lamar Odom,Pau Gasol,Vladimir Radmanovic,Allen Iverson,Anthony Carter,Carmelo Anthony,Kenyon Martin,Nene Hilario,3,8:14,LAL,shot,Kobe Bryant,,,,,,,,,Vladimir Radmanovic,3,,,made,,3pt,49,8
Derek Fisher,Kobe Bryant,Lamar Odom,Pau Gasol,Vladimir Radmanovic,Allen Iverson,Anthony Carter,Carmelo Anthony,Kenyon Martin,Nene Hilario,3,7:58,DEN,shot,,,,,,,,,,Allen Iverson,,,,missed,,3pt,44,22
Derek Fisher,Kobe Bryant,Lamar Odom,Pau Gasol,Vladimir Radmanovic,Allen Iverson,Anthony Carter,Carmelo Anthony,Kenyon Martin,Nene Hilario,3,7:56,LAL,rebound,,,,,,,,,,Vladimir Radmanovic,,,,,,def,,
Derek Fisher,Kobe Bryant,Lamar Odom,Pau Gasol,Vladimir Radmanovic,Allen Iverson,Anthony Carter,Carmelo Anthony,Kenyon Martin,Nene Hilario,3,7:46,LAL,shot,Derek Fisher,,,,,,,,,Lamar Odom,2,,,made,,jump,31,10
Derek Fisher,Kobe Bryant,Lamar Odom,Pau Gasol,Vladimir Radmanovic,Allen Iverson,Anthony Carter,Carmelo Anthony,Kenyon Martin,Nene Hilario,3,7:42,DEN,timeout,,,,,,,,,,,,,,,,regular,,
Derek Fisher,Kobe Bryant,Lamar Odom,Pau Gasol,Vladimir Radmanovic,Allen Iverson,Carmelo Anthony,J.R. Smith,Kenyon Martin,Nene Hilario,3,7:42,DEN,sub,,,,J.R. Smith,,Anthony Carter,,,,,,,,,,,,
Derek Fisher,Kobe Bryant,Lamar Odom,Pau Gasol,Vladimir Radmanovic,Allen Iverson,Carmelo Anthony,J.R. Smith,Kenyon Martin,Nene Hilario,3,7:22,DEN,shot,Nene Hilario,,,,,,,,,J.R. Smith,2,,,made,,jump,7,10
Derek Fisher,Kobe Bryant,Lamar Odom,Pau Gasol,Vladimir Radmanovic,Allen Iverson,Carmelo Anthony,J.R. Smith,Kenyon Martin,Nene Hilario,3,7:11,LAL,turnover,,,,,,,,,,Lamar Odom,,,bad pass,,,,,
Derek Fisher,Kobe Bryant,Lamar Odom,Pau Gasol,Vladimir Radmanovic,Allen Iverson,Carmelo Anthony,J.R. Smith,Kenyon Martin,Nene Hilario,3,6:57,DEN,shot,,,,,,,,,,Carmelo Anthony,,,,missed,,jump,31,16
Derek Fisher,Kobe Bryant,Lamar Odom,Pau Gasol,Vladimir Radmanovic,Allen Iverson,Carmelo Anthony,J.R. Smith,Kenyon Martin,Nene Hilario,3,6:56,LAL,rebound,,,,,,,,,,Pau Gasol,,,,,,def,,
Derek Fisher,Kobe Bryant,Lamar Odom,Pau Gasol,Vladimir Radmanovic,Allen Iverson,Carmelo Anthony,J.R. Smith,Kenyon Martin,Nene Hilario,3,6:39,LAL,shot,,,,,,,,,,Lamar Odom,,,,missed,,jump,26,11
Derek Fisher,Kobe Bryant,Lamar Odom,Pau Gasol,Vladimir Radmanovic,Allen Iverson,Carmelo Anthony,J.R. Smith,Kenyon Martin,Nene Hilario,3,6:37,DEN,rebound,,,,,,,,,,J.R. Smith,,,,,,def,,
Derek Fisher,Kobe Bryant,Lamar Odom,Pau Gasol,Vladimir Radmanovic,Allen Iverson,Carmelo Anthony,J.R. Smith,Kenyon Martin,Nene Hilario,3,6:25,DEN,shot,,,Pau Gasol,,,,,,,J.R. Smith,,,,missed,,jump,19,11
Derek Fisher,Kobe Bryant,Lamar Odom,Pau Gasol,Vladimir Radmanovic,Allen Iverson,Carmelo Anthony,J.R. Smith,Kenyon Martin,Nene Hilario,3,6:23,LAL,rebound,,,,,,,,,,Vladimir Radmanovic,,,,,,def,,
Derek Fisher,Kobe Bryant,Lamar Odom,Pau Gasol,Vladimir Radmanovic,Allen Iverson,Carmelo Anthony,J.R. Smith,Kenyon Martin,Nene Hilario,3,6:12,LAL,turnover,,,,,,,,,,Lamar Odom,,,bad pass,,Allen Iverson,,,
Derek Fisher,Kobe Bryant,Lamar Odom,Pau Gasol,Vladimir Radmanovic,Allen Iverson,Carmelo Anthony,J.R. Smith,Kenyon Martin,Nene Hilario,3,6:05,DEN,shot,,,,,,,,,,Allen Iverson,2,,,made,,reverse layup,25,6
Derek Fisher,Kobe Bryant,Lamar Odom,Pau Gasol,Vladimir Radmanovic,Allen Iverson,Carmelo Anthony,J.R. Smith,Kenyon Martin,Nene Hilario,3,5:47,LAL,shot,,,,,,,,,,Vladimir Radmanovic,,,,missed,,3pt,47,22
Derek Fisher,Kobe Bryant,Lamar Odom,Pau Gasol,Vladimir Radmanovic,Allen Iverson,Carmelo Anthony,J.R. Smith,Kenyon Martin,Nene Hilario,3,5:45,DEN,rebound,,,,,,,,,,J.R. Smith,,,,,,def,,
Derek Fisher,Kobe Bryant,Lamar Odom,Pau Gasol,Vladimir Radmanovic,Allen Iverson,Carmelo Anthony,J.R. Smith,Kenyon Martin,Nene Hilario,3,5:39,DEN,shot,,,,,,,,,,J.R. Smith,,,,missed,,3pt,7,26
Derek Fisher,Kobe Bryant,Lamar Odom,Pau Gasol,Vladimir Radmanovic,Allen Iverson,Carmelo Anthony,J.R. Smith,Kenyon Martin,Nene Hilario,3,5:39,LAL,rebound,,,,,,,,,,Lamar Odom,,,,,,def,,
Derek Fisher,Kobe Bryant,Lamar Odom,Pau Gasol,Vladimir Radmanovic,Allen Iverson,Carmelo Anthony,J.R. Smith,Kenyon Martin,Nene Hilario,3,5:39,LAL,timeout,,,,,,,,,,,,,,,,regular,,
Derek Fisher,Kobe Bryant,Lamar Odom,Pau Gasol,Vladimir Radmanovic,Allen Iverson,Carmelo Anthony,J.R. Smith,Kenyon Martin,Nene Hilario,3,5:18,LAL,shot,,,,,,,,,,Kobe Bryant,,,,missed,,fade away jumper,24,23
Derek Fisher,Kobe Bryant,Lamar Odom,Pau Gasol,Vladimir Radmanovic,Allen Iverson,Carmelo Anthony,J.R. Smith,Kenyon Martin,Nene Hilario,3,5:16,DEN,rebound,,,,,,,,,,Carmelo Anthony,,,,,,def,,
Derek Fisher,Kobe Bryant,Lamar Odom,Pau Gasol,Vladimir Radmanovic,Allen Iverson,Carmelo Anthony,J.R. Smith,Kenyon Martin,Nene Hilario,3,5:00,DEN,shot,,,,,,,,,,J.R. Smith,,,,missed,,jump,44,14
Derek Fisher,Kobe Bryant,Lamar Odom,Pau Gasol,Vladimir Radmanovic,Allen Iverson,Carmelo Anthony,J.R. Smith,Kenyon Martin,Nene Hilario,3,4:58,LAL,rebound,,,,,,,,,,Pau Gasol,,,,,,def,,
Derek Fisher,Kobe Bryant,Lamar Odom,Pau Gasol,Vladimir Radmanovic,Allen Iverson,Carmelo Anthony,J.R. Smith,Kenyon Martin,Nene Hilario,3,4:54,DEN,foul,,,,,,,,Derek Fisher,,Kenyon Martin,,,,,,shooting,,
Derek Fisher,Kobe Bryant,Lamar Odom,Pau Gasol,Vladimir Radmanovic,Allen Iverson,Carmelo Anthony,J.R. Smith,Kenyon Martin,Nene Hilario,3,4:54,LAL,free throw,,,,,,,1,,2,Derek Fisher,,,foul,missed,,,,
Derek Fisher,Kobe Bryant,Lamar Odom,Pau Gasol,Vladimir Radmanovic,Allen Iverson,Carmelo Anthony,J.R. Smith,Kenyon Martin,Nene Hilario,3,4:54,LAL,rebound,,,,,,,,,,,,,,,,,,
Derek Fisher,Kobe Bryant,Lamar Odom,Pau Gasol,Vladimir Radmanovic,Allen Iverson,Carmelo Anthony,J.R. Smith,Kenyon Martin,Nene Hilario,3,4:54,LAL,free throw,,,,,,,2,,2,Derek Fisher,,,foul,made,,,,
Derek Fisher,Kobe Bryant,Lamar Odom,Pau Gasol,Vladimir Radmanovic,Allen Iverson,Carmelo Anthony,J.R. Smith,Kenyon Martin,Nene Hilario,3,4:30,DEN,shot,Carmelo Anthony,,,,,,,,,Kenyon Martin,3,,,made,,3pt,2,9
Derek Fisher,Kobe Bryant,Lamar Odom,Pau Gasol,Vladimir Radmanovic,Allen Iverson,Carmelo Anthony,J.R. Smith,Kenyon Martin,Nene Hilario,3,4:27,LAL,shot,,,,,,,,,,Kobe Bryant,2,,,made,,jump,26,15
Derek Fisher,Kobe Bryant,Lamar Odom,Pau Gasol,Vladimir Radmanovic,Allen Iverson,Carmelo Anthony,J.R. Smith,Kenyon Martin,Nene Hilario,3,4:27,DEN,foul,,,,,,,,Kobe Bryant,,J.R. Smith,,,,,,shooting,,
Derek Fisher,Kobe Bryant,Lamar Odom,Pau Gasol,Vladimir Radmanovic,Allen Iverson,Carmelo Anthony,Chris Andersen,J.R. Smith,Kenyon Martin,3,4:27,DEN,sub,,,,Chris Andersen,,Nene Hilario,,,,,,,,,,,,
Derek Fisher,Kobe Bryant,Lamar Odom,Pau Gasol,Vladimir Radmanovic,Allen Iverson,Carmelo Anthony,Chris Andersen,J.R. Smith,Kenyon Martin,3,4:27,LAL,free throw,,,,,,,1,,1,Kobe Bryant,,,foul,made,,,,
Derek Fisher,Kobe Bryant,Lamar Odom,Pau Gasol,Vladimir Radmanovic,Allen Iverson,Carmelo Anthony,Chris Andersen,J.R. Smith,Kenyon Martin,3,4:11,DEN,shot,,,,,,,,,,Chris Andersen,,,,missed,,reverse layup,25,6
Derek Fisher,Kobe Bryant,Lamar Odom,Pau Gasol,Vladimir Radmanovic,Allen Iverson,Carmelo Anthony,Chris Andersen,J.R. Smith,Kenyon Martin,3,4:10,LAL,rebound,,,,,,,,,,Vladimir Radmanovic,,,,,,def,,
Derek Fisher,Kobe Bryant,Lamar Odom,Pau Gasol,Vladimir Radmanovic,Allen Iverson,Carmelo Anthony,Chris Andersen,J.R. Smith,Kenyon Martin,3,4:00,LAL,shot,Kobe Bryant,,,,,,,,,Vladimir Radmanovic,3,,,made,,3pt,42,24
Derek Fisher,Kobe Bryant,Lamar Odom,Pau Gasol,Vladimir Radmanovic,Allen Iverson,Carmelo Anthony,Chris Andersen,J.R. Smith,Kenyon Martin,3,3:37,DEN,shot,,,,,,,,,,Carmelo Anthony,,,,missed,,jump,8,14
Derek Fisher,Kobe Bryant,Lamar Odom,Pau Gasol,Vladimir Radmanovic,Allen Iverson,Carmelo Anthony,Chris Andersen,J.R. Smith,Kenyon Martin,3,3:35,LAL,rebound,,,,,,,,,,Pau Gasol,,,,,,def,,
Derek Fisher,Kobe Bryant,Lamar Odom,Pau Gasol,Vladimir Radmanovic,Allen Iverson,Carmelo Anthony,Chris Andersen,J.R. Smith,Kenyon Martin,3,3:24,LAL,shot,,,,,,,,,,Derek Fisher,,,,missed,,3pt,2,6
Derek Fisher,Kobe Bryant,Lamar Odom,Pau Gasol,Vladimir Radmanovic,Allen Iverson,Carmelo Anthony,Chris Andersen,J.R. Smith,Kenyon Martin,3,3:22,DEN,rebound,,,,,,,,,,J.R. Smith,,,,,,def,,
Derek Fisher,Kobe Bryant,Lamar Odom,Pau Gasol,Vladimir Radmanovic,Allen Iverson,Carmelo Anthony,Chris Andersen,J.R. Smith,Kenyon Martin,3,3:12,DEN,turnover,,,,,,,,,,Kenyon Martin,,,traveling,,,,,
Derek Fisher,Kobe Bryant,Lamar Odom,Pau Gasol,Vladimir Radmanovic,Allen Iverson,Chris Andersen,J.R. Smith,Kenyon Martin,Linas Kleiza,3,3:12,DEN,sub,,,,Linas Kleiza,,Carmelo Anthony,,,,,,,,,,,,
Derek Fisher,Kobe Bryant,Lamar Odom,Pau Gasol,Vladimir Radmanovic,Allen Iverson,Chris Andersen,J.R. Smith,Kenyon Martin,Linas Kleiza,3,2:58,LAL,shot,Lamar Odom,,,,,,,,,Kobe Bryant,2,,,made,,jump,7,8
Derek Fisher,Kobe Bryant,Lamar Odom,Pau Gasol,Vladimir Radmanovic,Allen Iverson,Chris Andersen,J.R. Smith,Kenyon Martin,Linas Kleiza,3,2:41,DEN,shot,J.R. Smith,,,,,,,,,Kenyon Martin,2,,,made,,slam dunk,25,6
Derek Fisher,Kobe Bryant,Lamar Odom,Pau Gasol,Vladimir Radmanovic,Allen Iverson,Chris Andersen,J.R. Smith,Kenyon Martin,Linas Kleiza,3,2:26,LAL,shot,,,,,,,,,,Kobe Bryant,,,,missed,,jump,36,22
Derek Fisher,Kobe Bryant,Lamar Odom,Pau Gasol,Vladimir Radmanovic,Allen Iverson,Chris Andersen,J.R. Smith,Kenyon Martin,Linas Kleiza,3,2:25,DEN,rebound,,,,,,,,,,Allen Iverson,,,,,,def,,
Derek Fisher,Kobe Bryant,Lamar Odom,Pau Gasol,Vladimir Radmanovic,Allen Iverson,Chris Andersen,J.R. Smith,Kenyon Martin,Linas Kleiza,3,2:21,LAL,foul,,,,,,,,Allen Iverson,,Pau Gasol,,,,,,personal,,
Derek Fisher,Kobe Bryant,Lamar Odom,Pau Gasol,Vladimir Radmanovic,Allen Iverson,Chris Andersen,J.R. Smith,Juwan Howard,Linas Kleiza,3,2:21,DEN,sub,,,,Juwan Howard,,Kenyon Martin,,,,,,,,,,,,
Derek Fisher,Kobe Bryant,Lamar Odom,Pau Gasol,Vladimir Radmanovic,Allen Iverson,Chris Andersen,J.R. Smith,Juwan Howard,Linas Kleiza,3,2:17,DEN,turnover,,,,,,,,,,Chris Andersen,,,bad pass,,Pau Gasol,,,
Derek Fisher,Kobe Bryant,Lamar Odom,Pau Gasol,Vladimir Radmanovic,Allen Iverson,Chris Andersen,J.R. Smith,Juwan Howard,Linas Kleiza,3,2:15,DEN,foul,,,,,,,,Pau Gasol,,Juwan Howard,,,,,,shooting,,
Derek Fisher,Kobe Bryant,Lamar Odom,Pau Gasol,Vladimir Radmanovic,Allen Iverson,Chris Andersen,J.R. Smith,Juwan Howard,Linas Kleiza,3,2:15,LAL,free throw,,,,,,,1,,2,Pau Gasol,,,foul,missed,,,,
Derek Fisher,Kobe Bryant,Lamar Odom,Pau Gasol,Vladimir Radmanovic,Allen Iverson,Chris Andersen,J.R. Smith,Juwan Howard,Linas Kleiza,3,2:15,LAL,rebound,,,,,,,,,,,,,,,,,,
Derek Fisher,Kobe Bryant,Lamar Odom,Pau Gasol,Trevor Ariza,Allen Iverson,Chris Andersen,J.R. Smith,Juwan Howard,Linas Kleiza,3,2:15,LAL,sub,,,,Trevor Ariza,,Vladimir Radmanovic,,,,,,,,,,,,
Derek Fisher,Kobe Bryant,Lamar Odom,Pau Gasol,Trevor Ariza,Allen Iverson,Chris Andersen,J.R. Smith,Juwan Howard,Linas Kleiza,3,2:15,LAL,free throw,,,,,,,2,,2,Pau Gasol,,,foul,made,,,,
Derek Fisher,Kobe Bryant,Lamar Odom,Pau Gasol,Trevor Ariza,Allen Iverson,Chris Andersen,J.R. Smith,Juwan Howard,Linas Kleiza,3,2:02,DEN,shot,Allen Iverson,,,,,,,,,Chris Andersen,2,,,made,,reverse layup,25,6
Derek Fisher,Kobe Bryant,Lamar Odom,Pau Gasol,Trevor Ariza,Allen Iverson,Chris Andersen,J.R. Smith,Juwan Howard,Linas Kleiza,3,1:47,LAL,shot,,,,,,,,,,Trevor Ariza,,,,missed,,layup,25,6
Derek Fisher,Kobe Bryant,Lamar Odom,Pau Gasol,Trevor Ariza,Allen Iverson,Chris Andersen,J.R. Smith,Juwan Howard,Linas Kleiza,3,1:44,LAL,rebound,,,,,,,,,,Pau Gasol,,,,,,off,,
Derek Fisher,Kobe Bryant,Lamar Odom,Pau Gasol,Trevor Ariza,Allen Iverson,Chris Andersen,J.R. Smith,Juwan Howard,Linas Kleiza,3,1:44,LAL,timeout,,,,,,,,,,,,,,,,short,,
Derek Fisher,Kobe Bryant,Lamar Odom,Pau Gasol,Trevor Ariza,Allen Iverson,Chris Andersen,J.R. Smith,Juwan Howard,Linas Kleiza,3,1:37,DEN,foul,,,,,,,,Kobe Bryant,,Chris Andersen,,,,,,shooting,,
Derek Fisher,Kobe Bryant,Lamar Odom,Pau Gasol,Trevor Ariza,Allen Iverson,Chris Andersen,J.R. Smith,Juwan Howard,Linas Kleiza,3,1:37,LAL,free throw,,,,,,,1,,2,Kobe Bryant,,,foul,missed,,,,
Derek Fisher,Kobe Bryant,Lamar Odom,Pau Gasol,Trevor Ariza,Allen Iverson,Chris Andersen,J.R. Smith,Juwan Howard,Linas Kleiza,3,1:37,LAL,rebound,,,,,,,,,,,,,,,,,,
Jordan Farmar,Kobe Bryant,Lamar Odom,Pau Gasol,Trevor Ariza,Allen Iverson,Chris Andersen,J.R. Smith,Juwan Howard,Linas Kleiza,3,1:37,LAL,sub,,,,Jordan Farmar,,Derek Fisher,,,,,,,,,,,,
Jordan Farmar,Kobe Bryant,Lamar Odom,Pau Gasol,Trevor Ariza,Allen Iverson,Chris Andersen,J.R. Smith,Juwan Howard,Linas Kleiza,3,1:37,LAL,free throw,,,,,,,2,,2,Kobe Bryant,,,foul,made,,,,
Jordan Farmar,Kobe Bryant,Lamar Odom,Pau Gasol,Trevor Ariza,Allen Iverson,Chris Andersen,J.R. Smith,Juwan Howard,Linas Kleiza,3,1:13,DEN,shot,Allen Iverson,,,,,,,,,Linas Kleiza,2,,,made,,running jump,20,15
Jordan Farmar,Kobe Bryant,Lamar Odom,Pau Gasol,Trevor Ariza,Allen Iverson,Chris Andersen,J.R. Smith,Juwan Howard,Linas Kleiza,3,1:01,LAL,shot,,,,,,,,,,Kobe Bryant,,,,missed,,3pt,46,21
Jordan Farmar,Kobe Bryant,Lamar Odom,Pau Gasol,Trevor Ariza,Allen Iverson,Chris Andersen,J.R. Smith,Juwan Howard,Linas Kleiza,3,0:59,LAL,rebound,,,,,,,,,,Jordan Farmar,,,,,,off,,
Jordan Farmar,Kobe Bryant,Lamar Odom,Pau Gasol,Trevor Ariza,Allen Iverson,Chris Andersen,J.R. Smith,Juwan Howard,Linas Kleiza,3,0:55,LAL,shot,Jordan Farmar,,,,,,,,,Pau Gasol,2,,,made,,layup,25,6
Jordan Farmar,Kobe Bryant,Lamar Odom,Pau Gasol,Trevor Ariza,Allen Iverson,Chris Andersen,J.R. Smith,Juwan Howard,Linas Kleiza,3,0:47,DEN,turnover,,,,,,,,,,Allen Iverson,,,bad pass,,Trevor Ariza,,,
Jordan Farmar,Kobe Bryant,Lamar Odom,Pau Gasol,Trevor Ariza,Allen Iverson,Chris Andersen,J.R. Smith,Juwan Howard,Linas Kleiza,3,0:35,DEN,foul,,,,,,,,Lamar Odom,,Linas Kleiza,,,,,,shooting,,
Jordan Farmar,Kobe Bryant,Lamar Odom,Pau Gasol,Trevor Ariza,Allen Iverson,Chris Andersen,J.R. Smith,Juwan Howard,Linas Kleiza,3,0:35,LAL,free throw,,,,,,,1,,2,Lamar Odom,,,foul,made,,,,
Jordan Farmar,Lamar Odom,Pau Gasol,Sasha Vujacic,Trevor Ariza,Allen Iverson,Chris Andersen,J.R. Smith,Juwan Howard,Linas Kleiza,3,0:35,LAL,sub,,,,Sasha Vujacic,,Kobe Bryant,,,,,,,,,,,,
Jordan Farmar,Lamar Odom,Pau Gasol,Sasha Vujacic,Trevor Ariza,Allen Iverson,Chris Andersen,J.R. Smith,Juwan Howard,Linas Kleiza,3,0:35,LAL,free throw,,,,,,,2,,2,Lamar Odom,,,foul,made,,,,
Jordan Farmar,Lamar Odom,Pau Gasol,Sasha Vujacic,Trevor Ariza,Allen Iverson,Chris Andersen,J.R. Smith,Juwan Howard,Linas Kleiza,3,0:28,DEN,turnover,,,,,,,,,,Allen Iverson,,,palming turnover,,,,,
Jordan Farmar,Lamar Odom,Pau Gasol,Sasha Vujacic,Trevor Ariza,Allen Iverson,Chris Andersen,J.R. Smith,Juwan Howard,Linas Kleiza,3,0:13,LAL,shot,,,,,,,,,,Sasha Vujacic,,,,missed,,3pt,6,22
Jordan Farmar,Lamar Odom,Pau Gasol,Sasha Vujacic,Trevor Ariza,Allen Iverson,Chris Andersen,J.R. Smith,Juwan Howard,Linas Kleiza,3,0:12,DEN,rebound,,,,,,,,,,Linas Kleiza,,,,,,def,,
Jordan Farmar,Lamar Odom,Pau Gasol,Sasha Vujacic,Trevor Ariza,Allen Iverson,Chris Andersen,J.R. Smith,Juwan Howard,Linas Kleiza,3,0:12,DEN,turnover,,,,,,,,,,Linas Kleiza,,,traveling,,,,,
Jordan Farmar,Lamar Odom,Pau Gasol,Sasha Vujacic,Trevor Ariza,Allen Iverson,Chris Andersen,J.R. Smith,Juwan Howard,Linas Kleiza,3,0:01,LAL,turnover,,,,,,,,,,Jordan Farmar,,,bad pass,,Chris Andersen,,,
Jordan Farmar,Lamar Odom,Pau Gasol,Sasha Vujacic,Trevor Ariza,Allen Iverson,Chris Andersen,J.R. Smith,Juwan Howard,Linas Kleiza,3,0:00,DEN,shot,,,,,,,,,,J.R. Smith,,,,missed,,3pt,8,30
Jordan Farmar,Lamar Odom,Pau Gasol,Sasha Vujacic,Trevor Ariza,Allen Iverson,Chris Andersen,J.R. Smith,Juwan Howard,Linas Kleiza,3,0:00,DEN,rebound,,,,,,,,,,,,,,,,,,
Andrew Bynum,Jordan Farmar,Lamar Odom,Sasha Vujacic,Trevor Ariza,Allen Iverson,Chris Andersen,J.R. Smith,Juwan Howard,Linas Kleiza,4,11:45,LAL,shot,,,,,,,,,,Lamar Odom,,,,missed,,layup,25,6
Andrew Bynum,Jordan Farmar,Lamar Odom,Sasha Vujacic,Trevor Ariza,Allen Iverson,Chris Andersen,J.R. Smith,Juwan Howard,Linas Kleiza,4,11:44,DEN,rebound,,,,,,,,,,Chris Andersen,,,,,,def,,
Andrew Bynum,Jordan Farmar,Lamar Odom,Sasha Vujacic,Trevor Ariza,Allen Iverson,Chris Andersen,J.R. Smith,Juwan Howard,Linas Kleiza,4,11:30,DEN,turnover,,,,,,,,,,J.R. Smith,,,bad pass,,,,,
Andrew Bynum,Jordan Farmar,Lamar Odom,Sasha Vujacic,Trevor Ariza,Allen Iverson,Chris Andersen,J.R. Smith,Juwan Howard,Linas Kleiza,4,11:16,LAL,shot,,,,,,,,,,Jordan Farmar,,,,missed,,3pt,12,27
Andrew Bynum,Jordan Farmar,Lamar Odom,Sasha Vujacic,Trevor Ariza,Allen Iverson,Chris Andersen,J.R. Smith,Juwan Howard,Linas Kleiza,4,11:15,DEN,rebound,,,,,,,,,,Chris Andersen,,,,,,def,,
Andrew Bynum,Jordan Farmar,Lamar Odom,Sasha Vujacic,Trevor Ariza,Allen Iverson,Chris Andersen,J.R. Smith,Juwan Howard,Linas Kleiza,4,11:01,DEN,shot,,,,,,,,,,Allen Iverson,,,,missed,,jump,26,22
Andrew Bynum,Jordan Farmar,Lamar Odom,Sasha Vujacic,Trevor Ariza,Allen Iverson,Chris Andersen,J.R. Smith,Juwan Howard,Linas Kleiza,4,10:59,LAL,rebound,,,,,,,,,,Andrew Bynum,,,,,,def,,
Andrew Bynum,Jordan Farmar,Lamar Odom,Sasha Vujacic,Trevor Ariza,Allen Iverson,Chris Andersen,J.R. Smith,Juwan Howard,Linas Kleiza,4,10:47,DEN,foul,,,,,,,,Trevor Ariza,,Juwan Howard,,,,,,shooting,,
Andrew Bynum,Jordan Farmar,Lamar Odom,Sasha Vujacic,Trevor Ariza,Allen Iverson,Chris Andersen,J.R. Smith,Juwan Howard,Linas Kleiza,4,10:47,LAL,free throw,,,,,,,1,,2,Trevor Ariza,,,foul,made,,,,
Andrew Bynum,Jordan Farmar,Lamar Odom,Sasha Vujacic,Trevor Ariza,Allen Iverson,Chris Andersen,J.R. Smith,Juwan Howard,Linas Kleiza,4,10:47,LAL,free throw,,,,,,,2,,2,Trevor Ariza,,,foul,missed,,,,
Andrew Bynum,Jordan Farmar,Lamar Odom,Sasha Vujacic,Trevor Ariza,Allen Iverson,Chris Andersen,J.R. Smith,Juwan Howard,Linas Kleiza,4,10:46,DEN,rebound,,,,,,,,,,Juwan Howard,,,,,,def,,
Andrew Bynum,Jordan Farmar,Lamar Odom,Sasha Vujacic,Trevor Ariza,Anthony Carter,Chris Andersen,J.R. Smith,Juwan Howard,Linas Kleiza,4,10:31,DEN,sub,,,,Anthony Carter,,Allen Iverson,,,,,,,,,,,,
Andrew Bynum,Jordan Farmar,Lamar Odom,Sasha Vujacic,Trevor Ariza,Anthony Carter,Carmelo Anthony,Chris Andersen,J.R. Smith,Linas Kleiza,4,10:31,DEN,sub,,,,Carmelo Anthony,,Juwan Howard,,,,,,,,,,,,
Andrew Bynum,Jordan Farmar,Lamar Odom,Sasha Vujacic,Trevor Ariza,Anthony Carter,Carmelo Anthony,Chris Andersen,J.R. Smith,Linas Kleiza,4,10:26,DEN,shot,Anthony Carter,,,,,,,,,J.R. Smith,3,,,made,,3pt,2,12
Andrew Bynum,Jordan Farmar,Lamar Odom,Sasha Vujacic,Trevor Ariza,Anthony Carter,Carmelo Anthony,Chris Andersen,J.R. Smith,Linas Kleiza,4,10:13,DEN,foul,,,,,,,,Andrew Bynum,,Chris Andersen,,,,,,shooting,,
Andrew Bynum,Jordan Farmar,Lamar Odom,Sasha Vujacic,Trevor Ariza,Anthony Carter,Carmelo Anthony,Chris Andersen,J.R. Smith,Linas Kleiza,4,10:13,LAL,free throw,,,,,,,1,,2,Andrew Bynum,,,foul,made,,,,
Andrew Bynum,Jordan Farmar,Lamar Odom,Sasha Vujacic,Trevor Ariza,Anthony Carter,Carmelo Anthony,Chris Andersen,J.R. Smith,Linas Kleiza,4,10:13,LAL,free throw,,,,,,,2,,2,Andrew Bynum,,,foul,made,,,,
Andrew Bynum,Jordan Farmar,Lamar Odom,Sasha Vujacic,Trevor Ariza,Anthony Carter,Carmelo Anthony,Chris Andersen,J.R. Smith,Linas Kleiza,4,9:58,DEN,shot,,,,,,,,,,Anthony Carter,,,,missed,,running jump,24,15
Andrew Bynum,Jordan Farmar,Lamar Odom,Sasha Vujacic,Trevor Ariza,Anthony Carter,Carmelo Anthony,Chris Andersen,J.R. Smith,Linas Kleiza,4,9:56,DEN,rebound,,,,,,,,,,Chris Andersen,,,,,,off,,
Andrew Bynum,Jordan Farmar,Lamar Odom,Sasha Vujacic,Trevor Ariza,Anthony Carter,Carmelo Anthony,Chris Andersen,J.R. Smith,Linas Kleiza,4,9:47,LAL,foul,,,,,,,,J.R. Smith,,Andrew Bynum,,,,,,shooting,,
Andrew Bynum,Jordan Farmar,Lamar Odom,Sasha Vujacic,Trevor Ariza,Anthony Carter,Carmelo Anthony,Chris Andersen,J.R. Smith,Linas Kleiza,4,9:47,DEN,free throw,,,,,,,1,,2,J.R. Smith,,,foul,made,,,,
Andrew Bynum,Jordan Farmar,Lamar Odom,Sasha Vujacic,Trevor Ariza,Anthony Carter,Carmelo Anthony,J.R. Smith,Linas Kleiza,Nene Hilario,4,9:47,DEN,sub,,,,Nene Hilario,,Chris Andersen,,,,,,,,,,,,
Andrew Bynum,Jordan Farmar,Lamar Odom,Sasha Vujacic,Trevor Ariza,Anthony Carter,Carmelo Anthony,J.R. Smith,Linas Kleiza,Nene Hilario,4,9:47,DEN,free throw,,,,,,,2,,2,J.R. Smith,,,foul,made,,,,
Andrew Bynum,Jordan Farmar,Lamar Odom,Sasha Vujacic,Trevor Ariza,Anthony Carter,Carmelo Anthony,J.R. Smith,Linas Kleiza,Nene Hilario,4,9:34,LAL,shot,,,,,,,,,,Sasha Vujacic,,,,missed,,jump,5,6
Andrew Bynum,Jordan Farmar,Lamar Odom,Sasha Vujacic,Trevor Ariza,Anthony Carter,Carmelo Anthony,J.R. Smith,Linas Kleiza,Nene Hilario,4,9:32,DEN,rebound,,,,,,,,,,Anthony Carter,,,,,,def,,
Andrew Bynum,Jordan Farmar,Lamar Odom,Sasha Vujacic,Trevor Ariza,Anthony Carter,Carmelo Anthony,J.R. Smith,Linas Kleiza,Nene Hilario,4,9:28,LAL,foul,,,,,,,,Linas Kleiza,,Jordan Farmar,,,,,,shooting,,
Andrew Bynum,Jordan Farmar,Lamar Odom,Sasha Vujacic,Trevor Ariza,Anthony Carter,Carmelo Anthony,J.R. Smith,Linas Kleiza,Nene Hilario,4,9:28,DEN,free throw,,,,,,,1,,2,Linas Kleiza,,,foul,missed,,,,
Andrew Bynum,Jordan Farmar,Lamar Odom,Sasha Vujacic,Trevor Ariza,Anthony Carter,Carmelo Anthony,J.R. Smith,Linas Kleiza,Nene Hilario,4,9:28,DEN,rebound,,,,,,,,,,,,,,,,,,
Andrew Bynum,Jordan Farmar,Lamar Odom,Sasha Vujacic,Trevor Ariza,Anthony Carter,Carmelo Anthony,J.R. Smith,Linas Kleiza,Nene Hilario,4,9:28,DEN,free throw,,,,,,,2,,2,Linas Kleiza,,,foul,made,,,,
Andrew Bynum,Jordan Farmar,Lamar Odom,Sasha Vujacic,Trevor Ariza,Anthony Carter,Carmelo Anthony,J.R. Smith,Linas Kleiza,Nene Hilario,4,9:19,DEN,foul,,,,,,,,Trevor Ariza,,Linas Kleiza,,,,,,shooting,,
Andrew Bynum,Jordan Farmar,Lamar Odom,Sasha Vujacic,Trevor Ariza,Anthony Carter,Carmelo Anthony,J.R. Smith,Linas Kleiza,Nene Hilario,4,9:19,LAL,free throw,,,,,,,1,,2,Trevor Ariza,,,foul,made,,,,
Andrew Bynum,Jordan Farmar,Lamar Odom,Sasha Vujacic,Trevor Ariza,Anthony Carter,Carmelo Anthony,J.R. Smith,Linas Kleiza,Nene Hilario,4,9:19,LAL,free throw,,,,,,,2,,2,Trevor Ariza,,,foul,made,,,,
Andrew Bynum,Jordan Farmar,Lamar Odom,Sasha Vujacic,Trevor Ariza,Anthony Carter,Carmelo Anthony,J.R. Smith,Linas Kleiza,Nene Hilario,4,9:07,DEN,shot,,,Andrew Bynum,,,,,,,Carmelo Anthony,,,,missed,,driving layup,25,6
Andrew Bynum,Jordan Farmar,Lamar Odom,Sasha Vujacic,Trevor Ariza,Anthony Carter,Carmelo Anthony,J.R. Smith,Linas Kleiza,Nene Hilario,4,9:04,LAL,rebound,,,,,,,,,,Lamar Odom,,,,,,def,,
Andrew Bynum,Jordan Farmar,Lamar Odom,Sasha Vujacic,Trevor Ariza,Anthony Carter,Carmelo Anthony,J.R. Smith,Linas Kleiza,Nene Hilario,4,8:58,LAL,shot,Lamar Odom,,,,,,,,,Trevor Ariza,3,,,made,,3pt,2,9
Andrew Bynum,Jordan Farmar,Lamar Odom,Sasha Vujacic,Trevor Ariza,Anthony Carter,Carmelo Anthony,J.R. Smith,Linas Kleiza,Nene Hilario,4,8:41,DEN,shot,,,,,,,,,,Linas Kleiza,,,,missed,,3pt,1,12
Andrew Bynum,Jordan Farmar,Lamar Odom,Sasha Vujacic,Trevor Ariza,Anthony Carter,Carmelo Anthony,J.R. Smith,Linas Kleiza,Nene Hilario,4,8:39,LAL,rebound,,,,,,,,,,Jordan Farmar,,,,,,def,,
Andrew Bynum,Jordan Farmar,Lamar Odom,Sasha Vujacic,Trevor Ariza,Anthony Carter,Carmelo Anthony,J.R. Smith,Linas Kleiza,Nene Hilario,4,8:35,LAL,turnover,,,,,,,,,,Sasha Vujacic,,,backcourt turnover,,,,,
Andrew Bynum,Jordan Farmar,Lamar Odom,Sasha Vujacic,Trevor Ariza,Anthony Carter,Carmelo Anthony,J.R. Smith,Linas Kleiza,Nene Hilario,4,8:35,OFF,timeout,,,,,,,,,,,,,,,,official,,
Andrew Bynum,Jordan Farmar,Kobe Bryant,Lamar Odom,Trevor Ariza,Anthony Carter,Carmelo Anthony,J.R. Smith,Linas Kleiza,Nene Hilario,4,8:35,LAL,sub,,,,Kobe Bryant,,Sasha Vujacic,,,,,,,,,,,,
Andrew Bynum,Jordan Farmar,Kobe Bryant,Lamar Odom,Trevor Ariza,Anthony Carter,Carmelo Anthony,J.R. Smith,Linas Kleiza,Nene Hilario,4,8:23,DEN,shot,,,Lamar Odom,,,,,,,Nene Hilario,,,,missed,,layup,,
Andrew Bynum,Jordan Farmar,Kobe Bryant,Lamar Odom,Trevor Ariza,Anthony Carter,Carmelo Anthony,J.R. Smith,Linas Kleiza,Nene Hilario,4,8:20,LAL,rebound,,,,,,,,,,Trevor Ariza,,,,,,def,,
Andrew Bynum,Jordan Farmar,Kobe Bryant,Lamar Odom,Trevor Ariza,Anthony Carter,Carmelo Anthony,J.R. Smith,Linas Kleiza,Nene Hilario,4,8:01,DEN,foul,,,,,,,,Lamar Odom,,Nene Hilario,,,,,,shooting,,
Andrew Bynum,Jordan Farmar,Kobe Bryant,Lamar Odom,Trevor Ariza,Anthony Carter,Carmelo Anthony,J.R. Smith,Linas Kleiza,Nene Hilario,4,8:01,LAL,free throw,,,,,,,1,,2,Lamar Odom,,,foul,made,,,,
Andrew Bynum,Jordan Farmar,Kobe Bryant,Lamar Odom,Trevor Ariza,Anthony Carter,Carmelo Anthony,J.R. Smith,Kenyon Martin,Nene Hilario,4,8:01,DEN,sub,,,,Kenyon Martin,,Linas Kleiza,,,,,,,,,,,,
Andrew Bynum,Jordan Farmar,Kobe Bryant,Lamar Odom,Trevor Ariza,Anthony Carter,Carmelo Anthony,J.R. Smith,Kenyon Martin,Nene Hilario,4,8:01,LAL,free throw,,,,,,,2,,2,Lamar Odom,,,foul,made,,,,
Andrew Bynum,Jordan Farmar,Kobe Bryant,Lamar Odom,Trevor Ariza,Anthony Carter,Carmelo Anthony,J.R. Smith,Kenyon Martin,Nene Hilario,4,7:50,DEN,turnover,,,,,,,,,,Carmelo Anthony,,,poss lost ball turnover,,,,,
Andrew Bynum,Jordan Farmar,Kobe Bryant,Lamar Odom,Trevor Ariza,Anthony Carter,Carmelo Anthony,J.R. Smith,Kenyon Martin,Nene Hilario,4,7:36,LAL,shot,,,,,,,,,,Kobe Bryant,,,,missed,,driving reverse layup,25,6
Andrew Bynum,Jordan Farmar,Kobe Bryant,Lamar Odom,Trevor Ariza,Anthony Carter,Carmelo Anthony,J.R. Smith,Kenyon Martin,Nene Hilario,4,7:34,DEN,rebound,,,,,,,,,,Nene Hilario,,,,,,def,,
Andrew Bynum,Jordan Farmar,Kobe Bryant,Lamar Odom,Trevor Ariza,Anthony Carter,Carmelo Anthony,J.R. Smith,Kenyon Martin,Nene Hilario,4,7:31,LAL,foul,,,,,,,,Anthony Carter,,Trevor Ariza,,,,,,shooting,,
Andrew Bynum,Jordan Farmar,Kobe Bryant,Lamar Odom,Trevor Ariza,Anthony Carter,Carmelo Anthony,J.R. Smith,Kenyon Martin,Nene Hilario,4,7:31,DEN,free throw,,,,,,,1,,2,Anthony Carter,,,foul,made,,,,
Andrew Bynum,Jordan Farmar,Kobe Bryant,Lamar Odom,Trevor Ariza,Anthony Carter,Carmelo Anthony,J.R. Smith,Kenyon Martin,Nene Hilario,4,7:31,DEN,free throw,,,,,,,2,,2,Anthony Carter,,,foul,made,,,,
Andrew Bynum,Jordan Farmar,Kobe Bryant,Lamar Odom,Trevor Ariza,Anthony Carter,Carmelo Anthony,J.R. Smith,Kenyon Martin,Nene Hilario,4,7:13,LAL,turnover,,,,,,,,,,Jordan Farmar,,,bad pass,,Nene Hilario,,,
Andrew Bynum,Jordan Farmar,Kobe Bryant,Lamar Odom,Trevor Ariza,Anthony Carter,Carmelo Anthony,J.R. Smith,Kenyon Martin,Nene Hilario,4,7:08,DEN,shot,Nene Hilario,,,,,,,,,Anthony Carter,2,,,made,,layup,25,6
Andrew Bynum,Jordan Farmar,Kobe Bryant,Lamar Odom,Trevor Ariza,Anthony Carter,Carmelo Anthony,J.R. Smith,Kenyon Martin,Nene Hilario,4,7:08,LAL,timeout,,,,,,,,,,,,,,,,regular,,
Andrew Bynum,Jordan Farmar,Kobe Bryant,Trevor Ariza,Vladimir Radmanovic,Anthony Carter,Carmelo Anthony,J.R. Smith,Kenyon Martin,Nene Hilario,4,7:08,LAL,sub,,,,Vladimir Radmanovic,,Lamar Odom,,,,,,,,,,,,
Andrew Bynum,Derek Fisher,Jordan Farmar,Kobe Bryant,Vladimir Radmanovic,Anthony Carter,Carmelo Anthony,J.R. Smith,Kenyon Martin,Nene Hilario,4,7:08,LAL,sub,,,,Derek Fisher,,Trevor Ariza,,,,,,,,,,,,
Andrew Bynum,Derek Fisher,Kobe Bryant,Pau Gasol,Vladimir Radmanovic,Anthony Carter,Carmelo Anthony,J.R. Smith,Kenyon Martin,Nene Hilario,4,7:08,LAL,sub,,,,Pau Gasol,,Jordan Farmar,,,,,,,,,,,,
Andrew Bynum,Derek Fisher,Kobe Bryant,Pau Gasol,Vladimir Radmanovic,Anthony Carter,Carmelo Anthony,J.R. Smith,Kenyon Martin,Nene Hilario,4,6:51,LAL,shot,,,,,,,,,,Kobe Bryant,3,,,made,,3pt,7,23
Andrew Bynum,Derek Fisher,Kobe Bryant,Pau Gasol,Vladimir Radmanovic,Anthony Carter,Carmelo Anthony,J.R. Smith,Kenyon Martin,Nene Hilario,4,6:28,DEN,shot,,,,,,,,,,J.R. Smith,,,,missed,,3pt,48,14
Andrew Bynum,Derek Fisher,Kobe Bryant,Pau Gasol,Vladimir Radmanovic,Anthony Carter,Carmelo Anthony,J.R. Smith,Kenyon Martin,Nene Hilario,4,6:27,LAL,rebound,,,,,,,,,,Pau Gasol,,,,,,def,,
Andrew Bynum,Derek Fisher,Kobe Bryant,Pau Gasol,Vladimir Radmanovic,Anthony Carter,Carmelo Anthony,J.R. Smith,Kenyon Martin,Nene Hilario,4,6:07,LAL,shot,,,,,,,,,,Kobe Bryant,2,,,made,,jump,8,10
Andrew Bynum,Derek Fisher,Kobe Bryant,Pau Gasol,Vladimir Radmanovic,Anthony Carter,Carmelo Anthony,J.R. Smith,Kenyon Martin,Nene Hilario,4,5:56,DEN,turnover,,,,,,,,,,Carmelo Anthony,,,bad pass,,Kobe Bryant,,,
Andrew Bynum,Derek Fisher,Kobe Bryant,Pau Gasol,Vladimir Radmanovic,Anthony Carter,Carmelo Anthony,J.R. Smith,Kenyon Martin,Nene Hilario,4,5:42,LAL,shot,,,,,,,,,,Kobe Bryant,,,,missed,,jump,30,23
Andrew Bynum,Derek Fisher,Kobe Bryant,Pau Gasol,Vladimir Radmanovic,Anthony Carter,Carmelo Anthony,J.R. Smith,Kenyon Martin,Nene Hilario,4,5:40,DEN,rebound,,,,,,,,,,Anthony Carter,,,,,,def,,
Andrew Bynum,Derek Fisher,Kobe Bryant,Pau Gasol,Vladimir Radmanovic,Anthony Carter,Carmelo Anthony,J.R. Smith,Kenyon Martin,Nene Hilario,4,5:28,DEN,shot,,,,,,,,,,J.R. Smith,,,,missed,,jump bank,26,15
Andrew Bynum,Derek Fisher,Kobe Bryant,Pau Gasol,Vladimir Radmanovic,Anthony Carter,Carmelo Anthony,J.R. Smith,Kenyon Martin,Nene Hilario,4,5:28,LAL,rebound,,,,,,,,,,Vladimir Radmanovic,,,,,,def,,
Andrew Bynum,Derek Fisher,Kobe Bryant,Pau Gasol,Vladimir Radmanovic,Anthony Carter,Carmelo Anthony,J.R. Smith,Kenyon Martin,Nene Hilario,4,5:28,DEN,foul,,,,,,,,Vladimir Radmanovic,,J.R. Smith,,,,,,personal,,
Andrew Bynum,Derek Fisher,Kobe Bryant,Pau Gasol,Vladimir Radmanovic,Allen Iverson,Anthony Carter,Carmelo Anthony,Kenyon Martin,Nene Hilario,4,5:28,DEN,sub,,,,Allen Iverson,,J.R. Smith,,,,,,,,,,,,
Andrew Bynum,Derek Fisher,Kobe Bryant,Pau Gasol,Vladimir Radmanovic,Allen Iverson,Anthony Carter,Carmelo Anthony,Kenyon Martin,Nene Hilario,4,5:28,LAL,free throw,,,,,,,1,,2,Vladimir Radmanovic,,,foul,made,,,,
Andrew Bynum,Derek Fisher,Kobe Bryant,Pau Gasol,Vladimir Radmanovic,Allen Iverson,Anthony Carter,Carmelo Anthony,Kenyon Martin,Nene Hilario,4,5:28,LAL,free throw,,,,,,,2,,2,Vladimir Radmanovic,,,foul,missed,,,,
Andrew Bynum,Derek Fisher,Kobe Bryant,Pau Gasol,Vladimir Radmanovic,Allen Iverson,Anthony Carter,Carmelo Anthony,Kenyon Martin,Nene Hilario,4,5:26,DEN,rebound,,,,,,,,,,Kenyon Martin,,,,,,def,,
Andrew Bynum,Derek Fisher,Kobe Bryant,Pau Gasol,Vladimir Radmanovic,Allen Iverson,Anthony Carter,Carmelo Anthony,Kenyon Martin,Nene Hilario,4,5:10,DEN,shot,,,,,,,,,,Kenyon Martin,,,,missed,,driving layup,25,6
Andrew Bynum,Derek Fisher,Kobe Bryant,Pau Gasol,Vladimir Radmanovic,Allen Iverson,Anthony Carter,Carmelo Anthony,Kenyon Martin,Nene Hilario,4,5:08,LAL,rebound,,,,,,,,,,Vladimir Radmanovic,,,,,,def,,
Andrew Bynum,Derek Fisher,Kobe Bryant,Pau Gasol,Vladimir Radmanovic,Allen Iverson,Anthony Carter,Carmelo Anthony,Kenyon Martin,Nene Hilario,4,5:01,DEN,foul,,,,,,,,Kobe Bryant,,Carmelo Anthony,,,,,,personal,,
Andrew Bynum,Derek Fisher,Kobe Bryant,Pau Gasol,Vladimir Radmanovic,Allen Iverson,Anthony Carter,Carmelo Anthony,Linas Kleiza,Nene Hilario,4,5:01,DEN,sub,,,,Linas Kleiza,,Kenyon Martin,,,,,,,,,,,,
Andrew Bynum,Derek Fisher,Kobe Bryant,Pau Gasol,Vladimir Radmanovic,Allen Iverson,Anthony Carter,Carmelo Anthony,Linas Kleiza,Nene Hilario,4,5:01,LAL,free throw,,,,,,,1,,2,Kobe Bryant,,,foul,missed,,,,
Andrew Bynum,Derek Fisher,Kobe Bryant,Pau Gasol,Vladimir Radmanovic,Allen Iverson,Anthony Carter,Carmelo Anthony,Linas Kleiza,Nene Hilario,4,5:01,LAL,rebound,,,,,,,,,,,,,,,,,,
Derek Fisher,Kobe Bryant,Lamar Odom,Pau Gasol,Vladimir Radmanovic,Allen Iverson,Anthony Carter,Carmelo Anthony,Linas Kleiza,Nene Hilario,4,5:01,LAL,sub,,,,Lamar Odom,,Andrew Bynum,,,,,,,,,,,,
Derek Fisher,Kobe Bryant,Lamar Odom,Pau Gasol,Vladimir Radmanovic,Allen Iverson,Anthony Carter,Carmelo Anthony,Linas Kleiza,Nene Hilario,4,5:01,LAL,free throw,,,,,,,2,,2,Kobe Bryant,,,foul,made,,,,
Derek Fisher,Kobe Bryant,Lamar Odom,Pau Gasol,Vladimir Radmanovic,Allen Iverson,Anthony Carter,Carmelo Anthony,Linas Kleiza,Nene Hilario,4,4:39,DEN,shot,Allen Iverson,,,,,,,,,Carmelo Anthony,2,,,made,,jump,4,11
Derek Fisher,Kobe Bryant,Lamar Odom,Pau Gasol,Vladimir Radmanovic,Allen Iverson,Anthony Carter,Carmelo Anthony,Linas Kleiza,Nene Hilario,4,4:21,LAL,shot,,,,,,,,,,Kobe Bryant,,,,missed,,jump,39,19
Derek Fisher,Kobe Bryant,Lamar Odom,Pau Gasol,Vladimir Radmanovic,Allen Iverson,Anthony Carter,Carmelo Anthony,Linas Kleiza,Nene Hilario,4,4:19,DEN,rebound,,,,,,,,,,Nene Hilario,,,,,,def,,
Derek Fisher,Kobe Bryant,Lamar Odom,Pau Gasol,Vladimir Radmanovic,Allen Iverson,Anthony Carter,Carmelo Anthony,Linas Kleiza,Nene Hilario,4,4:06,DEN,shot,Allen Iverson,,,,,,,,,Carmelo Anthony,3,,,made,,3pt,45,22
Derek Fisher,Kobe Bryant,Lamar Odom,Pau Gasol,Vladimir Radmanovic,Allen Iverson,Anthony Carter,Carmelo Anthony,Linas Kleiza,Nene Hilario,4,3:46,LAL,shot,,,,,,,,,,Pau Gasol,,,,missed,,jump hook,27,12
Derek Fisher,Kobe Bryant,Lamar Odom,Pau Gasol,Vladimir Radmanovic,Allen Iverson,Anthony Carter,Carmelo Anthony,Linas Kleiza,Nene Hilario,4,3:44,DEN,rebound,,,,,,,,,,Linas Kleiza,,,,,,def,,
Derek Fisher,Kobe Bryant,Lamar Odom,Pau Gasol,Vladimir Radmanovic,Allen Iverson,Anthony Carter,Carmelo Anthony,Linas Kleiza,Nene Hilario,4,3:35,DEN,shot,,,,,,,,,,Carmelo Anthony,,,,missed,,3pt,2,15
Derek Fisher,Kobe Bryant,Lamar Odom,Pau Gasol,Vladimir Radmanovic,Allen Iverson,Anthony Carter,Carmelo Anthony,Linas Kleiza,Nene Hilario,4,3:34,LAL,rebound,,,,,,,,,,Derek Fisher,,,,,,def,,
Derek Fisher,Kobe Bryant,Lamar Odom,Pau Gasol,Vladimir Radmanovic,Allen Iverson,Anthony Carter,Carmelo Anthony,Linas Kleiza,Nene Hilario,4,3:20,LAL,shot,,,,,,,,,,Lamar Odom,,,,missed,,jump,19,26
Derek Fisher,Kobe Bryant,Lamar Odom,Pau Gasol,Vladimir Radmanovic,Allen Iverson,Anthony Carter,Carmelo Anthony,Linas Kleiza,Nene Hilario,4,3:19,LAL,rebound,,,,,,,,,,Kobe Bryant,,,,,,off,,
Derek Fisher,Kobe Bryant,Lamar Odom,Pau Gasol,Vladimir Radmanovic,Allen Iverson,Anthony Carter,Carmelo Anthony,Linas Kleiza,Nene Hilario,4,3:13,LAL,shot,,,,,,,,,,Kobe Bryant,2,,,made,,driving layup,25,6
Derek Fisher,Kobe Bryant,Lamar Odom,Pau Gasol,Vladimir Radmanovic,Allen Iverson,Anthony Carter,Carmelo Anthony,Linas Kleiza,Nene Hilario,4,2:54,LAL,foul,,,,,,,,Allen Iverson,,Kobe Bryant,,,,,,shooting,,
Derek Fisher,Kobe Bryant,Lamar Odom,Pau Gasol,Vladimir Radmanovic,Allen Iverson,Anthony Carter,Carmelo Anthony,Linas Kleiza,Nene Hilario,4,2:54,DEN,timeout,,,,,,,,,,,,,,,,regular,,
Derek Fisher,Kobe Bryant,Lamar Odom,Pau Gasol,Vladimir Radmanovic,Allen Iverson,Anthony Carter,Carmelo Anthony,Linas Kleiza,Nene Hilario,4,2:54,DEN,free throw,,,,,,,1,,2,Allen Iverson,,,foul,missed,,,,
Derek Fisher,Kobe Bryant,Lamar Odom,Pau Gasol,Vladimir Radmanovic,Allen Iverson,Anthony Carter,Carmelo Anthony,Linas Kleiza,Nene Hilario,4,2:54,DEN,rebound,,,,,,,,,,,,,,,,,,
Derek Fisher,Kobe Bryant,Lamar Odom,Pau Gasol,Vladimir Radmanovic,Allen Iverson,Anthony Carter,Carmelo Anthony,Linas Kleiza,Nene Hilario,4,2:54,DEN,free throw,,,,,,,2,,2,Allen Iverson,,,foul,missed,,,,
Derek Fisher,Kobe Bryant,Lamar Odom,Pau Gasol,Vladimir Radmanovic,Allen Iverson,Anthony Carter,Carmelo Anthony,Linas Kleiza,Nene Hilario,4,2:52,LAL,rebound,,,,,,,,,,Pau Gasol,,,,,,def,,
Derek Fisher,Kobe Bryant,Lamar Odom,Pau Gasol,Vladimir Radmanovic,Allen Iverson,Anthony Carter,Carmelo Anthony,Linas Kleiza,Nene Hilario,4,2:31,LAL,shot,,,,,,,,,,Derek Fisher,3,,,made,,3pt,6,21
Derek Fisher,Kobe Bryant,Lamar Odom,Pau Gasol,Vladimir Radmanovic,Allen Iverson,Anthony Carter,Carmelo Anthony,Linas Kleiza,Nene Hilario,4,2:09,DEN,shot,,,,,,,,,,Linas Kleiza,,,,missed,,3pt,48,8
Derek Fisher,Kobe Bryant,Lamar Odom,Pau Gasol,Vladimir Radmanovic,Allen Iverson,Anthony Carter,Carmelo Anthony,Linas Kleiza,Nene Hilario,4,2:08,LAL,rebound,,,,,,,,,,Kobe Bryant,,,,,,def,,
Derek Fisher,Kobe Bryant,Lamar Odom,Pau Gasol,Vladimir Radmanovic,Allen Iverson,Anthony Carter,Carmelo Anthony,Linas Kleiza,Nene Hilario,4,1:51,LAL,shot,,,,,,,,,,Kobe Bryant,2,,,made,,layup,25,6
Derek Fisher,Kobe Bryant,Lamar Odom,Pau Gasol,Vladimir Radmanovic,Allen Iverson,Anthony Carter,Carmelo Anthony,Linas Kleiza,Nene Hilario,4,1:47,DEN,timeout,,,,,,,,,,,,,,,,regular,,
Derek Fisher,Kobe Bryant,Lamar Odom,Pau Gasol,Vladimir Radmanovic,Allen Iverson,Anthony Carter,Carmelo Anthony,Linas Kleiza,Nene Hilario,4,1:39,DEN,shot,,,,,,,,,,Linas Kleiza,,,,missed,,3pt,38,28
Derek Fisher,Kobe Bryant,Lamar Odom,Pau Gasol,Vladimir Radmanovic,Allen Iverson,Anthony Carter,Carmelo Anthony,Linas Kleiza,Nene Hilario,4,1:38,LAL,rebound,,,,,,,,,,Pau Gasol,,,,,,def,,
Derek Fisher,Kobe Bryant,Lamar Odom,Pau Gasol,Vladimir Radmanovic,Allen Iverson,Anthony Carter,Carmelo Anthony,Linas Kleiza,Nene Hilario,4,1:16,LAL,shot,,,,,,,,,,Kobe Bryant,,,,missed,,jump,37,19
Derek Fisher,Kobe Bryant,Lamar Odom,Pau Gasol,Vladimir Radmanovic,Allen Iverson,Anthony Carter,Carmelo Anthony,Linas Kleiza,Nene Hilario,4,1:15,DEN,rebound,,,,,,,,,,Carmelo Anthony,,,,,,def,,
Derek Fisher,Kobe Bryant,Lamar Odom,Pau Gasol,Vladimir Radmanovic,Allen Iverson,Anthony Carter,Carmelo Anthony,Linas Kleiza,Nene Hilario,4,0:59,DEN,shot,Linas Kleiza,,,,,,,,,Carmelo Anthony,3,,,made,,3pt,2,9
Derek Fisher,Kobe Bryant,Lamar Odom,Pau Gasol,Vladimir Radmanovic,Allen Iverson,Anthony Carter,Carmelo Anthony,Linas Kleiza,Nene Hilario,4,0:55,DEN,foul,,,,,,,,Kobe Bryant,,Linas Kleiza,,,,,,personal,,
Derek Fisher,Kobe Bryant,Lamar Odom,Pau Gasol,Vladimir Radmanovic,Allen Iverson,Anthony Carter,Carmelo Anthony,Linas Kleiza,Nene Hilario,4,0:55,LAL,free throw,,,,,,,1,,2,Kobe Bryant,,,foul,made,,,,
Derek Fisher,Kobe Bryant,Lamar Odom,Pau Gasol,Vladimir Radmanovic,Allen Iverson,Carmelo Anthony,J.R. Smith,Linas Kleiza,Nene Hilario,4,0:55,DEN,sub,,,,J.R. Smith,,Anthony Carter,,,,,,,,,,,,
Derek Fisher,Kobe Bryant,Lamar Odom,Pau Gasol,Vladimir Radmanovic,Allen Iverson,Carmelo Anthony,J.R. Smith,Linas Kleiza,Nene Hilario,4,0:55,LAL,free throw,,,,,,,2,,2,Kobe Bryant,,,foul,made,,,,
Derek Fisher,Kobe Bryant,Lamar Odom,Pau Gasol,Vladimir Radmanovic,Allen Iverson,Carmelo Anthony,J.R. Smith,Linas Kleiza,Nene Hilario,4,0:44,DEN,shot,Allen Iverson,,,,,,,,,Carmelo Anthony,3,,,made,,3pt,21,32
Derek Fisher,Kobe Bryant,Lamar Odom,Pau Gasol,Vladimir Radmanovic,Allen Iverson,Carmelo Anthony,J.R. Smith,Linas Kleiza,Nene Hilario,4,0:30,DEN,foul,,,,,,,,Kobe Bryant,,J.R. Smith,,,,,,personal,,
Derek Fisher,Kobe Bryant,Lamar Odom,Pau Gasol,Vladimir Radmanovic,Allen Iverson,Carmelo Anthony,J.R. Smith,Linas Kleiza,Nene Hilario,4,0:30,LAL,free throw,,,,,,,1,,2,Kobe Bryant,,,foul,made,,,,
Derek Fisher,Kobe Bryant,Lamar Odom,Pau Gasol,Vladimir Radmanovic,Allen Iverson,Carmelo Anthony,J.R. Smith,Linas Kleiza,Nene Hilario,4,0:30,LAL,free throw,,,,,,,2,,2,Kobe Bryant,,,foul,made,,,,
Derek Fisher,Kobe Bryant,Lamar Odom,Pau Gasol,Vladimir Radmanovic,Allen Iverson,Carmelo Anthony,J.R. Smith,Linas Kleiza,Nene Hilario,4,0:30,DEN,timeout,,,,,,,,,,,,,,,,short,,
Derek Fisher,Kobe Bryant,Lamar Odom,Pau Gasol,Vladimir Radmanovic,Allen Iverson,Carmelo Anthony,J.R. Smith,Linas Kleiza,Nene Hilario,4,0:20,DEN,shot,,,,,,,,,,Linas Kleiza,,,,missed,,3pt,1,10
Derek Fisher,Kobe Bryant,Lamar Odom,Pau Gasol,Vladimir Radmanovic,Allen Iverson,Carmelo Anthony,J.R. Smith,Linas Kleiza,Nene Hilario,4,0:19,LAL,rebound,,,,,,,,,,Pau Gasol,,,,,,def,,
