a1,a2,a3,a4,a5,h1,h2,h3,h4,h5,period,time,team,etype,assist,away,block,entered,home,left,num,opponent,outof,player,points,possession,reason,result,steal,type,x,y
Amare Stoudemire,Grant Hill,Raja Bell,Shaquille O'Neal,Steve Nash,Danny Granger,Jeff Foster,Marquis Daniels,T.J. Ford,Troy Murphy,1,12:00,OFF,jump ball,,Shaquille O'Neal,,,Jeff Foster,,,,,,,Amare Stoudemire,,,,,,
Amare Stoudemire,Grant Hill,Raja Bell,Shaquille O'Neal,Steve Nash,Danny Granger,Jeff Foster,Marquis Daniels,T.J. Ford,Troy Murphy,1,11:37,PHX,shot,Shaquille O'Neal,,,,,,,,,Amare Stoudemire,2,,,made,,dunk,23,8
Amare Stoudemire,Grant Hill,Raja Bell,Shaquille O'Neal,Steve Nash,Danny Granger,Jeff Foster,Marquis Daniels,T.J. Ford,Troy Murphy,1,11:21,IND,shot,,,,,,,,,,Danny Granger,,,,missed,,jump,22,11
Amare Stoudemire,Grant Hill,Raja Bell,Shaquille O'Neal,Steve Nash,Danny Granger,Jeff Foster,Marquis Daniels,T.J. Ford,Troy Murphy,1,11:20,PHX,rebound,,,,,,,,,,Shaquille O'Neal,,,,,,def,,
Amare Stoudemire,Grant Hill,Raja Bell,Shaquille O'Neal,Steve Nash,Danny Granger,Jeff Foster,Marquis Daniels,T.J. Ford,Troy Murphy,1,11:01,PHX,foul,,,,,,,,Jeff Foster,,Shaquille O'Neal,,,,,,offensive,,
Amare Stoudemire,Grant Hill,Raja Bell,Shaquille O'Neal,Steve Nash,Danny Granger,Jeff Foster,Marquis Daniels,T.J. Ford,Troy Murphy,1,11:01,PHX,turnover,,,,,,,,,,Shaquille O'Neal,,,foul,,,,,
Amare Stoudemire,Grant Hill,Raja Bell,Shaquille O'Neal,Steve Nash,Danny Granger,Jeff Foster,Marquis Daniels,T.J. Ford,Troy Murphy,1,10:45,IND,shot,,,,,,,,,,Troy Murphy,,,,missed,,3pt,30,31
Amare Stoudemire,Grant Hill,Raja Bell,Shaquille O'Neal,Steve Nash,Danny Granger,Jeff Foster,Marquis Daniels,T.J. Ford,Troy Murphy,1,10:44,PHX,rebound,,,,,,,,,,Shaquille O'Neal,,,,,,def,,
Amare Stoudemire,Grant Hill,Raja Bell,Shaquille O'Neal,Steve Nash,Danny Granger,Jeff Foster,Marquis Daniels,T.J. Ford,Troy Murphy,1,10:37,PHX,turnover,,,,,,,,,,Amare Stoudemire,,,bad pass,,,,,
Amare Stoudemire,Grant Hill,Raja Bell,Shaquille O'Neal,Steve Nash,Danny Granger,Jeff Foster,Marquis Daniels,T.J. Ford,Troy Murphy,1,10:27,IND,shot,Troy Murphy,,,,,,,,,Marquis Daniels,3,,,made,,3pt,14,28
Amare Stoudemire,Grant Hill,Raja Bell,Shaquille O'Neal,Steve Nash,Danny Granger,Jeff Foster,Marquis Daniels,T.J. Ford,Troy Murphy,1,10:05,PHX,shot,,,,,,,,,,Shaquille O'Neal,,,,missed,,jump,15,7
Amare Stoudemire,Grant Hill,Raja Bell,Shaquille O'Neal,Steve Nash,Danny Granger,Jeff Foster,Marquis Daniels,T.J. Ford,Troy Murphy,1,10:04,IND,rebound,,,,,,,,,,Danny Granger,,,,,,def,,
Amare Stoudemire,Grant Hill,Raja Bell,Shaquille O'Neal,Steve Nash,Danny Granger,Jeff Foster,Marquis Daniels,T.J. Ford,Troy Murphy,1,9:54,IND,shot,,,,,,,,,,T.J. Ford,,,,missed,,jump,17,10
Amare Stoudemire,Grant Hill,Raja Bell,Shaquille O'Neal,Steve Nash,Danny Granger,Jeff Foster,Marquis Daniels,T.J. Ford,Troy Murphy,1,9:53,PHX,rebound,,,,,,,,,,Shaquille O'Neal,,,,,,def,,
Amare Stoudemire,Grant Hill,Raja Bell,Shaquille O'Neal,Steve Nash,Danny Granger,Jeff Foster,Marquis Daniels,T.J. Ford,Troy Murphy,1,9:45,PHX,turnover,,,,,,,,,,Steve Nash,,,bad pass,,,,,
Amare Stoudemire,Grant Hill,Raja Bell,Shaquille O'Neal,Steve Nash,Danny Granger,Jeff Foster,Marquis Daniels,T.J. Ford,Troy Murphy,1,9:24,PHX,foul,,,,,,,,Danny Granger,,Shaquille O'Neal,,,,,,shooting,,
Amare Stoudemire,Grant Hill,Raja Bell,Shaquille O'Neal,Steve Nash,Danny Granger,Jeff Foster,Marquis Daniels,T.J. Ford,Troy Murphy,1,9:24,IND,free throw,,,,,,,1,,2,Danny Granger,,,foul,made,,,,
Amare Stoudemire,Boris Diaw,Grant Hill,Raja Bell,Steve Nash,Danny Granger,Jeff Foster,Marquis Daniels,T.J. Ford,Troy Murphy,1,9:24,PHX,sub,,,,Boris Diaw,,Shaquille O'Neal,,,,,,,,,,,,
Amare Stoudemire,Boris Diaw,Grant Hill,Raja Bell,Steve Nash,Danny Granger,Jeff Foster,Marquis Daniels,T.J. Ford,Troy Murphy,1,9:24,IND,free throw,,,,,,,2,,2,Danny Granger,,,foul,made,,,,
Amare Stoudemire,Boris Diaw,Grant Hill,Raja Bell,Steve Nash,Danny Granger,Jeff Foster,Marquis Daniels,T.J. Ford,Troy Murphy,1,9:05,PHX,shot,,,,,,,,,,Boris Diaw,,,,missed,,jump,28,10
Amare Stoudemire,Boris Diaw,Grant Hill,Raja Bell,Steve Nash,Danny Granger,Jeff Foster,Marquis Daniels,T.J. Ford,Troy Murphy,1,9:04,IND,rebound,,,,,,,,,,Troy Murphy,,,,,,def,,
Amare Stoudemire,Boris Diaw,Grant Hill,Raja Bell,Steve Nash,Danny Granger,Jeff Foster,Marquis Daniels,T.J. Ford,Troy Murphy,1,8:54,IND,shot,Jeff Foster,,,,,,,,,Danny Granger,2,,,made,,jump,40,17
Amare Stoudemire,Boris Diaw,Grant Hill,Raja Bell,Steve Nash,Danny Granger,Jeff Foster,Marquis Daniels,T.J. Ford,Troy Murphy,1,8:30,PHX,shot,,,,,,,,,,Grant Hill,,,,missed,,3pt,2,20
Amare Stoudemire,Boris Diaw,Grant Hill,Raja Bell,Steve Nash,Danny Granger,Jeff Foster,Marquis Daniels,T.J. Ford,Troy Murphy,1,8:29,IND,rebound,,,,,,,,,,Troy Murphy,,,,,,def,,
Amare Stoudemire,Boris Diaw,Grant Hill,Raja Bell,Steve Nash,Danny Granger,Jeff Foster,Marquis Daniels,T.J. Ford,Troy Murphy,1,8:22,IND,shot,T.J. Ford,,,,,,,,,Troy Murphy,3,,,made,,3pt,32,29
Amare Stoudemire,Boris Diaw,Grant Hill,Raja Bell,Steve Nash,Danny Granger,Jeff Foster,Marquis Daniels,T.J. Ford,Troy Murphy,1,8:20,PHX,timeout,,,,,,,,,,,,,,,,regular,,
Amare Stoudemire,Boris Diaw,Grant Hill,Raja Bell,Steve Nash,Danny Granger,Jeff Foster,Marquis Daniels,T.J. Ford,Troy Murphy,1,8:11,IND,foul,,,,,,,,Amare Stoudemire,,Jeff Foster,,,,,,shooting,,
Amare Stoudemire,Boris Diaw,Grant Hill,Raja Bell,Steve Nash,Danny Granger,Jeff Foster,Marquis Daniels,T.J. Ford,Troy Murphy,1,8:11,PHX,free throw,,,,,,,1,,2,Amare Stoudemire,,,foul,made,,,,
Amare Stoudemire,Boris Diaw,Grant Hill,Raja Bell,Steve Nash,Danny Granger,Jeff Foster,Marquis Daniels,T.J. Ford,Troy Murphy,1,8:11,PHX,free throw,,,,,,,2,,2,Amare Stoudemire,,,foul,made,,,,
Amare Stoudemire,Boris Diaw,Grant Hill,Raja Bell,Steve Nash,Danny Granger,Jeff Foster,Marquis Daniels,T.J. Ford,Troy Murphy,1,7:58,PHX,foul,,,,,,,,Jeff Foster,,Amare Stoudemire,,,,,,shooting,,
Amare Stoudemire,Boris Diaw,Grant Hill,Raja Bell,Steve Nash,Danny Granger,Jeff Foster,Marquis Daniels,T.J. Ford,Troy Murphy,1,7:58,IND,free throw,,,,,,,1,,2,Jeff Foster,,,foul,missed,,,,
Amare Stoudemire,Boris Diaw,Grant Hill,Raja Bell,Steve Nash,Danny Granger,Jeff Foster,Marquis Daniels,T.J. Ford,Troy Murphy,1,7:58,IND,rebound,,,,,,,,,,,,,,,,,,
Amare Stoudemire,Boris Diaw,Grant Hill,Raja Bell,Steve Nash,Danny Granger,Jeff Foster,Marquis Daniels,T.J. Ford,Troy Murphy,1,7:58,IND,free throw,,,,,,,2,,2,Jeff Foster,,,foul,missed,,,,
Amare Stoudemire,Boris Diaw,Grant Hill,Raja Bell,Steve Nash,Danny Granger,Jeff Foster,Marquis Daniels,T.J. Ford,Troy Murphy,1,7:57,PHX,rebound,,,,,,,,,,Grant Hill,,,,,,def,,
Amare Stoudemire,Boris Diaw,Grant Hill,Raja Bell,Steve Nash,Danny Granger,Jeff Foster,Marquis Daniels,T.J. Ford,Troy Murphy,1,7:40,PHX,shot,Boris Diaw,,,,,,,,,Amare Stoudemire,2,,,made,,turnaround jump,25,14
Amare Stoudemire,Boris Diaw,Grant Hill,Raja Bell,Steve Nash,Danny Granger,Jeff Foster,Marquis Daniels,T.J. Ford,Troy Murphy,1,7:22,IND,shot,,,,,,,,,,T.J. Ford,,,,missed,,jump,31,13
Amare Stoudemire,Boris Diaw,Grant Hill,Raja Bell,Steve Nash,Danny Granger,Jeff Foster,Marquis Daniels,T.J. Ford,Troy Murphy,1,7:21,PHX,rebound,,,,,,,,,,Boris Diaw,,,,,,def,,
Amare Stoudemire,Boris Diaw,Grant Hill,Raja Bell,Steve Nash,Danny Granger,Jeff Foster,Marquis Daniels,T.J. Ford,Troy Murphy,1,7:17,PHX,shot,,,Danny Granger,,,,,,,Grant Hill,,,,missed,,layup,24,6
Amare Stoudemire,Boris Diaw,Grant Hill,Raja Bell,Steve Nash,Danny Granger,Jeff Foster,Marquis Daniels,T.J. Ford,Troy Murphy,1,7:15,IND,rebound,,,,,,,,,,T.J. Ford,,,,,,def,,
Amare Stoudemire,Boris Diaw,Grant Hill,Raja Bell,Steve Nash,Danny Granger,Jeff Foster,Marquis Daniels,T.J. Ford,Troy Murphy,1,7:10,IND,shot,,,Amare Stoudemire,,,,,,,Danny Granger,,,,missed,,layup,25,6
Amare Stoudemire,Boris Diaw,Grant Hill,Raja Bell,Steve Nash,Danny Granger,Jeff Foster,Marquis Daniels,T.J. Ford,Troy Murphy,1,7:10,IND,rebound,,,,,,,,,,,,,,,,,,
Amare Stoudemire,Boris Diaw,Grant Hill,Raja Bell,Steve Nash,Danny Granger,Jeff Foster,Marquis Daniels,T.J. Ford,Troy Murphy,1,7:03,IND,shot,Troy Murphy,,,,,,,,,Marquis Daniels,2,,,made,,turnaround jump,32,7
Amare Stoudemire,Boris Diaw,Grant Hill,Raja Bell,Steve Nash,Danny Granger,Jeff Foster,Marquis Daniels,T.J. Ford,Troy Murphy,1,6:46,PHX,shot,,,,,,,,,,Amare Stoudemire,2,,,made,,layup,24,6
Amare Stoudemire,Boris Diaw,Grant Hill,Raja Bell,Steve Nash,Danny Granger,Jeff Foster,Marquis Daniels,T.J. Ford,Troy Murphy,1,6:24,IND,shot,T.J. Ford,,,,,,,,,Troy Murphy,3,,,made,,3pt,34,31
Amare Stoudemire,Boris Diaw,Grant Hill,Raja Bell,Steve Nash,Danny Granger,Jeff Foster,Marquis Daniels,T.J. Ford,Troy Murphy,1,6:14,PHX,shot,,,,,,,,,,Steve Nash,,,,missed,,jump,5,8
Amare Stoudemire,Boris Diaw,Grant Hill,Raja Bell,Steve Nash,Danny Granger,Jeff Foster,Marquis Daniels,T.J. Ford,Troy Murphy,1,6:12,IND,rebound,,,,,,,,,,Marquis Daniels,,,,,,def,,
Amare Stoudemire,Boris Diaw,Grant Hill,Raja Bell,Steve Nash,Danny Granger,Jeff Foster,Marquis Daniels,T.J. Ford,Troy Murphy,1,6:03,IND,turnover,,,,,,,,,,Troy Murphy,,,bad pass,,Amare Stoudemire,,,
Amare Stoudemire,Boris Diaw,Grant Hill,Raja Bell,Steve Nash,Danny Granger,Jeff Foster,Marquis Daniels,T.J. Ford,Troy Murphy,1,5:57,PHX,shot,Steve Nash,,,,,,,,,Boris Diaw,2,,,made,,alley oop layup,25,6
Amare Stoudemire,Boris Diaw,Grant Hill,Raja Bell,Steve Nash,Danny Granger,Jeff Foster,Marquis Daniels,T.J. Ford,Troy Murphy,1,5:43,IND,shot,,,,,,,,,,T.J. Ford,2,,,made,,jump,16,18
Amare Stoudemire,Boris Diaw,Grant Hill,Raja Bell,Steve Nash,Danny Granger,Jeff Foster,Marquis Daniels,T.J. Ford,Troy Murphy,1,5:30,PHX,turnover,,,,,,,,,,Steve Nash,,,bad pass,,Jeff Foster,,,
Amare Stoudemire,Boris Diaw,Grant Hill,Raja Bell,Steve Nash,Danny Granger,Jeff Foster,Marquis Daniels,T.J. Ford,Troy Murphy,1,5:26,PHX,foul,,,,,,,,Danny Granger,,Raja Bell,,,,,,shooting,,
Amare Stoudemire,Boris Diaw,Grant Hill,Raja Bell,Steve Nash,Danny Granger,Jeff Foster,Marquis Daniels,T.J. Ford,Troy Murphy,1,5:26,IND,free throw,,,,,,,1,,2,Danny Granger,,,foul,made,,,,
Amare Stoudemire,Boris Diaw,Grant Hill,Raja Bell,Steve Nash,Danny Granger,Marquis Daniels,Roy Hibbert,T.J. Ford,Troy Murphy,1,5:26,IND,sub,,,,Roy Hibbert,,Jeff Foster,,,,,,,,,,,,
Amare Stoudemire,Boris Diaw,Grant Hill,Raja Bell,Steve Nash,Brandon Rush,Danny Granger,Roy Hibbert,T.J. Ford,Troy Murphy,1,5:26,IND,sub,,,,Brandon Rush,,Marquis Daniels,,,,,,,,,,,,
Amare Stoudemire,Boris Diaw,Grant Hill,Raja Bell,Steve Nash,Brandon Rush,Danny Granger,Roy Hibbert,T.J. Ford,Troy Murphy,1,5:26,IND,free throw,,,,,,,2,,2,Danny Granger,,,foul,made,,,,
Amare Stoudemire,Boris Diaw,Grant Hill,Raja Bell,Steve Nash,Brandon Rush,Danny Granger,Roy Hibbert,T.J. Ford,Troy Murphy,1,5:16,IND,foul,,,,,,,,Raja Bell,,T.J. Ford,,,,,,personal,,
Amare Stoudemire,Boris Diaw,Grant Hill,Raja Bell,Steve Nash,Brandon Rush,Danny Granger,Roy Hibbert,T.J. Ford,Troy Murphy,1,5:11,PHX,turnover,,,,,,,,,,Raja Bell,,,bad pass,,Troy Murphy,,,
Amare Stoudemire,Boris Diaw,Grant Hill,Raja Bell,Steve Nash,Brandon Rush,Danny Granger,Roy Hibbert,T.J. Ford,Troy Murphy,1,5:05,IND,shot,,,,,,,,,,T.J. Ford,2,,,made,,step back jump,31,13
Amare Stoudemire,Boris Diaw,Grant Hill,Raja Bell,Steve Nash,Brandon Rush,Danny Granger,Roy Hibbert,T.J. Ford,Troy Murphy,1,4:48,PHX,turnover,,,,,,,,,,Amare Stoudemire,,,traveling,,,,,
Amare Stoudemire,Boris Diaw,Grant Hill,Raja Bell,Steve Nash,Brandon Rush,Danny Granger,Roy Hibbert,T.J. Ford,Troy Murphy,1,4:40,IND,shot,,,,,,,,,,Roy Hibbert,,,,missed,,layup,24,5
Amare Stoudemire,Boris Diaw,Grant Hill,Raja Bell,Steve Nash,Brandon Rush,Danny Granger,Roy Hibbert,T.J. Ford,Troy Murphy,1,4:39,PHX,rebound,,,,,,,,,,Grant Hill,,,,,,def,,
Amare Stoudemire,Boris Diaw,Grant Hill,Raja Bell,Steve Nash,Brandon Rush,Danny Granger,Roy Hibbert,T.J. Ford,Troy Murphy,1,4:24,PHX,shot,Grant Hill,,,,,,,,,Amare Stoudemire,2,,,made,,jump,25,24
Amare Stoudemire,Boris Diaw,Grant Hill,Raja Bell,Steve Nash,Brandon Rush,Danny Granger,Roy Hibbert,T.J. Ford,Troy Murphy,1,4:08,IND,shot,,,,,,,,,,Danny Granger,,,,missed,,jump,21,26
Amare Stoudemire,Boris Diaw,Grant Hill,Raja Bell,Steve Nash,Brandon Rush,Danny Granger,Roy Hibbert,T.J. Ford,Troy Murphy,1,4:06,PHX,rebound,,,,,,,,,,Amare Stoudemire,,,,,,def,,
Amare Stoudemire,Boris Diaw,Grant Hill,Raja Bell,Steve Nash,Brandon Rush,Danny Granger,Roy Hibbert,T.J. Ford,Troy Murphy,1,3:46,IND,foul,,,,,,,,Amare Stoudemire,,Brandon Rush,,,,,,shooting,,
Amare Stoudemire,Boris Diaw,Grant Hill,Raja Bell,Steve Nash,Brandon Rush,Danny Granger,Roy Hibbert,T.J. Ford,Troy Murphy,1,3:46,PHX,free throw,,,,,,,1,,2,Amare Stoudemire,,,foul,made,,,,
Amare Stoudemire,Boris Diaw,Goran Dragic,Grant Hill,Raja Bell,Brandon Rush,Danny Granger,Roy Hibbert,T.J. Ford,Troy Murphy,1,3:46,PHX,sub,,,,Goran Dragic,,Steve Nash,,,,,,,,,,,,
Amare Stoudemire,Boris Diaw,Goran Dragic,Grant Hill,Raja Bell,Brandon Rush,Jarrett Jack,Roy Hibbert,T.J. Ford,Troy Murphy,1,3:46,IND,sub,,,,Jarrett Jack,,Danny Granger,,,,,,,,,,,,
Amare Stoudemire,Boris Diaw,Goran Dragic,Grant Hill,Raja Bell,Brandon Rush,Jarrett Jack,Roy Hibbert,T.J. Ford,Troy Murphy,1,3:46,PHX,free throw,,,,,,,2,,2,Amare Stoudemire,,,foul,made,,,,
Amare Stoudemire,Boris Diaw,Goran Dragic,Grant Hill,Raja Bell,Brandon Rush,Jarrett Jack,Roy Hibbert,T.J. Ford,Troy Murphy,1,3:28,IND,shot,,,Boris Diaw,,,,,,,T.J. Ford,,,,missed,,jump,22,10
Amare Stoudemire,Boris Diaw,Goran Dragic,Grant Hill,Raja Bell,Brandon Rush,Jarrett Jack,Roy Hibbert,T.J. Ford,Troy Murphy,1,3:26,PHX,rebound,,,,,,,,,,Goran Dragic,,,,,,def,,
Amare Stoudemire,Boris Diaw,Goran Dragic,Grant Hill,Raja Bell,Brandon Rush,Jarrett Jack,Roy Hibbert,T.J. Ford,Troy Murphy,1,3:21,PHX,shot,Raja Bell,,,,,,,,,Grant Hill,2,,,made,,pullup jump,23,20
Amare Stoudemire,Boris Diaw,Goran Dragic,Grant Hill,Raja Bell,Brandon Rush,Jarrett Jack,Roy Hibbert,T.J. Ford,Troy Murphy,1,3:06,IND,shot,Roy Hibbert,,,,,,,,,T.J. Ford,2,,,made,,layup,27,5
Amare Stoudemire,Boris Diaw,Goran Dragic,Grant Hill,Raja Bell,Brandon Rush,Jarrett Jack,Roy Hibbert,T.J. Ford,Troy Murphy,1,2:50,PHX,shot,,,,,,,,,,Raja Bell,,,,missed,,3pt,49,11
Amare Stoudemire,Boris Diaw,Goran Dragic,Grant Hill,Raja Bell,Brandon Rush,Jarrett Jack,Roy Hibbert,T.J. Ford,Troy Murphy,1,2:49,IND,rebound,,,,,,,,,,Brandon Rush,,,,,,def,,
Amare Stoudemire,Boris Diaw,Goran Dragic,Grant Hill,Raja Bell,Brandon Rush,Jarrett Jack,Roy Hibbert,T.J. Ford,Troy Murphy,1,2:39,IND,shot,,,,,,,,,,Brandon Rush,2,,,made,,driving finger roll layup,27,8
Amare Stoudemire,Boris Diaw,Goran Dragic,Grant Hill,Raja Bell,Brandon Rush,Jarrett Jack,Roy Hibbert,T.J. Ford,Troy Murphy,1,2:17,PHX,shot,,,,,,,,,,Amare Stoudemire,2,,,made,,layup,26,7
Amare Stoudemire,Boris Diaw,Goran Dragic,Grant Hill,Raja Bell,Brandon Rush,Jarrett Jack,Roy Hibbert,T.J. Ford,Troy Murphy,1,2:08,PHX,foul,,,,,,,,T.J. Ford,,Goran Dragic,,,,,,shooting,,
Amare Stoudemire,Boris Diaw,Goran Dragic,Grant Hill,Raja Bell,Brandon Rush,Jarrett Jack,Roy Hibbert,T.J. Ford,Troy Murphy,1,2:08,IND,timeout,,,,,,,,,,,,,,,,regular,,
Amare Stoudemire,Boris Diaw,Goran Dragic,Grant Hill,Leandro Barbosa,Brandon Rush,Jarrett Jack,Roy Hibbert,T.J. Ford,Troy Murphy,1,2:08,PHX,sub,,,,Leandro Barbosa,,Raja Bell,,,,,,,,,,,,
Amare Stoudemire,Boris Diaw,Goran Dragic,Grant Hill,Leandro Barbosa,Brandon Rush,Danny Granger,Jarrett Jack,Roy Hibbert,T.J. Ford,1,2:08,IND,sub,,,,Danny Granger,,Troy Murphy,,,,,,,,,,,,
Amare Stoudemire,Boris Diaw,Goran Dragic,Grant Hill,Leandro Barbosa,Brandon Rush,Danny Granger,Jarrett Jack,Roy Hibbert,T.J. Ford,1,2:08,IND,free throw,,,,,,,1,,2,T.J. Ford,,,foul,missed,,,,
Amare Stoudemire,Boris Diaw,Goran Dragic,Grant Hill,Leandro Barbosa,Brandon Rush,Danny Granger,Jarrett Jack,Roy Hibbert,T.J. Ford,1,2:08,IND,rebound,,,,,,,,,,,,,,,,,,
Amare Stoudemire,Boris Diaw,Goran Dragic,Grant Hill,Leandro Barbosa,Brandon Rush,Danny Granger,Jarrett Jack,Roy Hibbert,T.J. Ford,1,2:08,IND,free throw,,,,,,,2,,2,T.J. Ford,,,foul,made,,,,
Amare Stoudemire,Boris Diaw,Goran Dragic,Grant Hill,Leandro Barbosa,Brandon Rush,Danny Granger,Jarrett Jack,Roy Hibbert,T.J. Ford,1,1:57,PHX,shot,,,,,,,,,,Amare Stoudemire,2,,,made,,jump,20,9
Amare Stoudemire,Boris Diaw,Goran Dragic,Grant Hill,Leandro Barbosa,Brandon Rush,Danny Granger,Jarrett Jack,Roy Hibbert,T.J. Ford,1,1:57,IND,foul,,,,,,,,Amare Stoudemire,,Roy Hibbert,,,,,,shooting,,
Amare Stoudemire,Boris Diaw,Goran Dragic,Grant Hill,Leandro Barbosa,Brandon Rush,Danny Granger,Jarrett Jack,Roy Hibbert,Travis Diener,1,1:57,IND,sub,,,,Travis Diener,,T.J. Ford,,,,,,,,,,,,
Amare Stoudemire,Boris Diaw,Goran Dragic,Grant Hill,Leandro Barbosa,Brandon Rush,Danny Granger,Jarrett Jack,Roy Hibbert,Travis Diener,1,1:57,PHX,free throw,,,,,,,1,,1,Amare Stoudemire,,,foul,made,,,,
Amare Stoudemire,Boris Diaw,Goran Dragic,Grant Hill,Leandro Barbosa,Brandon Rush,Danny Granger,Jarrett Jack,Roy Hibbert,Travis Diener,1,1:44,IND,shot,Jarrett Jack,,,,,,,,,Danny Granger,3,,,made,,3pt,29,31
Amare Stoudemire,Boris Diaw,Goran Dragic,Grant Hill,Leandro Barbosa,Brandon Rush,Danny Granger,Jarrett Jack,Roy Hibbert,Travis Diener,1,1:23,PHX,shot,,,,,,,,,,Goran Dragic,2,,,made,,fade away jumper,17,19
Amare Stoudemire,Boris Diaw,Goran Dragic,Grant Hill,Leandro Barbosa,Brandon Rush,Danny Granger,Jarrett Jack,Roy Hibbert,Travis Diener,1,1:14,IND,shot,,,,,,,,,,Jarrett Jack,2,,,made,,floating jump,32,12
Amare Stoudemire,Boris Diaw,Goran Dragic,Grant Hill,Leandro Barbosa,Brandon Rush,Danny Granger,Jarrett Jack,Roy Hibbert,Travis Diener,1,0:55,PHX,shot,Goran Dragic,,,,,,,,,Amare Stoudemire,2,,,made,,jump,16,21
Amare Stoudemire,Boris Diaw,Goran Dragic,Grant Hill,Leandro Barbosa,Brandon Rush,Danny Granger,Jarrett Jack,Roy Hibbert,Travis Diener,1,0:50,IND,turnover,,,,,,,,,,Jarrett Jack,,,lost ball,,Goran Dragic,,,
Amare Stoudemire,Boris Diaw,Goran Dragic,Grant Hill,Leandro Barbosa,Brandon Rush,Danny Granger,Jarrett Jack,Roy Hibbert,Travis Diener,1,0:41,PHX,shot,,,,,,,,,,Grant Hill,,,,missed,,jump,27,25
Amare Stoudemire,Boris Diaw,Goran Dragic,Grant Hill,Leandro Barbosa,Brandon Rush,Danny Granger,Jarrett Jack,Roy Hibbert,Travis Diener,1,0:40,IND,rebound,,,,,,,,,,Jarrett Jack,,,,,,def,,
Amare Stoudemire,Boris Diaw,Goran Dragic,Grant Hill,Leandro Barbosa,Brandon Rush,Danny Granger,Jarrett Jack,Roy Hibbert,Travis Diener,1,0:33,IND,shot,Travis Diener,,,,,,,,,Danny Granger,3,,,made,,3pt,46,22
Amare Stoudemire,Boris Diaw,Goran Dragic,Grant Hill,Leandro Barbosa,Brandon Rush,Danny Granger,Jarrett Jack,Roy Hibbert,Travis Diener,1,0:21,PHX,shot,Leandro Barbosa,,,,,,,,,Amare Stoudemire,2,,,made,,jump,15,11
Amare Stoudemire,Boris Diaw,Goran Dragic,Grant Hill,Leandro Barbosa,Brandon Rush,Danny Granger,Jarrett Jack,Roy Hibbert,Travis Diener,1,0:02,IND,shot,,,,,,,,,,Travis Diener,2,,,made,,driving layup,25,5
Amare Stoudemire,Boris Diaw,Goran Dragic,Grant Hill,Leandro Barbosa,Brandon Rush,Danny Granger,Jarrett Jack,Roy Hibbert,Travis Diener,1,0:00,PHX,turnover,,,,,,,,,,Grant Hill,,,bad pass,,Jarrett Jack,,,
Amare Stoudemire,Boris Diaw,Goran Dragic,Grant Hill,Leandro Barbosa,Brandon Rush,Danny Granger,Jarrett Jack,Roy Hibbert,Travis Diener,1,0:00,IND,shot,,,,,,,,,,Jarrett Jack,2,,,made,,jump,10,14
Boris Diaw,Goran Dragic,Grant Hill,Leandro Barbosa,Shaquille O'Neal,Brandon Rush,Danny Granger,Jarrett Jack,Roy Hibbert,Travis Diener,2,11:46,IND,shot,,,,,,,,,,Roy Hibbert,,,,missed,,jump,23,12
Boris Diaw,Goran Dragic,Grant Hill,Leandro Barbosa,Shaquille O'Neal,Brandon Rush,Danny Granger,Jarrett Jack,Roy Hibbert,Travis Diener,2,11:45,PHX,rebound,,,,,,,,,,Grant Hill,,,,,,def,,
Boris Diaw,Goran Dragic,Grant Hill,Leandro Barbosa,Shaquille O'Neal,Brandon Rush,Danny Granger,Jarrett Jack,Roy Hibbert,Travis Diener,2,11:32,PHX,shot,,,,,,,,,,Leandro Barbosa,,,,missed,,3pt,48,6
Boris Diaw,Goran Dragic,Grant Hill,Leandro Barbosa,Shaquille O'Neal,Brandon Rush,Danny Granger,Jarrett Jack,Roy Hibbert,Travis Diener,2,11:31,PHX,rebound,,,,,,,,,,Boris Diaw,,,,,,off,,
Boris Diaw,Goran Dragic,Grant Hill,Leandro Barbosa,Shaquille O'Neal,Brandon Rush,Danny Granger,Jarrett Jack,Roy Hibbert,Travis Diener,2,11:27,PHX,shot,,,,,,,,,,Leandro Barbosa,,,,missed,,3pt,49,5
Boris Diaw,Goran Dragic,Grant Hill,Leandro Barbosa,Shaquille O'Neal,Brandon Rush,Danny Granger,Jarrett Jack,Roy Hibbert,Travis Diener,2,11:25,IND,rebound,,,,,,,,,,Travis Diener,,,,,,def,,
Boris Diaw,Goran Dragic,Grant Hill,Leandro Barbosa,Shaquille O'Neal,Brandon Rush,Danny Granger,Jarrett Jack,Roy Hibbert,Travis Diener,2,11:17,IND,turnover,,,,,,,,,,Brandon Rush,,,lost ball,,Goran Dragic,,,
Boris Diaw,Goran Dragic,Grant Hill,Leandro Barbosa,Shaquille O'Neal,Brandon Rush,Danny Granger,Jarrett Jack,Roy Hibbert,Travis Diener,2,11:02,PHX,shot,,,,,,,,,,Boris Diaw,2,,,made,,jump hook,26,12
Boris Diaw,Goran Dragic,Grant Hill,Leandro Barbosa,Shaquille O'Neal,Brandon Rush,Danny Granger,Jarrett Jack,Roy Hibbert,Travis Diener,2,10:44,IND,shot,Roy Hibbert,,,,,,,,,Brandon Rush,2,,,made,,layup,24,6
Boris Diaw,Goran Dragic,Grant Hill,Leandro Barbosa,Shaquille O'Neal,Brandon Rush,Danny Granger,Jarrett Jack,Roy Hibbert,Travis Diener,2,10:29,PHX,shot,,,,,,,,,,Boris Diaw,,,,missed,,jump,24,25
Boris Diaw,Goran Dragic,Grant Hill,Leandro Barbosa,Shaquille O'Neal,Brandon Rush,Danny Granger,Jarrett Jack,Roy Hibbert,Travis Diener,2,10:29,PHX,rebound,,,,,,,,,,Shaquille O'Neal,,,,,,off,,
Boris Diaw,Goran Dragic,Grant Hill,Leandro Barbosa,Shaquille O'Neal,Brandon Rush,Danny Granger,Jarrett Jack,Roy Hibbert,Travis Diener,2,10:29,IND,foul,,,,,,,,Shaquille O'Neal,,Roy Hibbert,,,,,,loose ball,,
Boris Diaw,Goran Dragic,Leandro Barbosa,Raja Bell,Shaquille O'Neal,Brandon Rush,Danny Granger,Jarrett Jack,Roy Hibbert,Travis Diener,2,10:29,PHX,sub,,,,Raja Bell,,Grant Hill,,,,,,,,,,,,
Boris Diaw,Goran Dragic,Leandro Barbosa,Raja Bell,Shaquille O'Neal,Brandon Rush,Danny Granger,Jarrett Jack,Jeff Foster,Travis Diener,2,10:29,IND,sub,,,,Jeff Foster,,Roy Hibbert,,,,,,,,,,,,
Boris Diaw,Goran Dragic,Leandro Barbosa,Raja Bell,Shaquille O'Neal,Brandon Rush,Danny Granger,Jarrett Jack,Jeff Foster,Travis Diener,2,10:18,PHX,shot,Raja Bell,,,,,,,,,Leandro Barbosa,2,,,made,,fade away jumper,14,22
Boris Diaw,Goran Dragic,Leandro Barbosa,Raja Bell,Shaquille O'Neal,Brandon Rush,Danny Granger,Jarrett Jack,Jeff Foster,Travis Diener,2,10:05,PHX,foul,,,,,,,,Jarrett Jack,,Boris Diaw,,,,,,personal,,
Goran Dragic,Leandro Barbosa,Louis Amundson,Raja Bell,Shaquille O'Neal,Brandon Rush,Danny Granger,Jarrett Jack,Jeff Foster,Travis Diener,2,10:05,PHX,sub,,,,Louis Amundson,,Boris Diaw,,,,,,,,,,,,
Goran Dragic,Leandro Barbosa,Louis Amundson,Raja Bell,Shaquille O'Neal,Brandon Rush,Danny Granger,Jarrett Jack,Jeff Foster,Travis Diener,2,9:58,IND,turnover,,,,,,,,,,Travis Diener,,,step out of bounds turnover,,,,,
Goran Dragic,Leandro Barbosa,Louis Amundson,Raja Bell,Shaquille O'Neal,Brandon Rush,Danny Granger,Jarrett Jack,Jeff Foster,Travis Diener,2,9:40,PHX,shot,Goran Dragic,,,,,,,,,Raja Bell,2,,,made,,jump,24,24
Goran Dragic,Leandro Barbosa,Louis Amundson,Raja Bell,Shaquille O'Neal,Brandon Rush,Danny Granger,Jarrett Jack,Jeff Foster,Travis Diener,2,9:32,IND,shot,,,,,,,,,,Danny Granger,,,,missed,,3pt,42,27
Goran Dragic,Leandro Barbosa,Louis Amundson,Raja Bell,Shaquille O'Neal,Brandon Rush,Danny Granger,Jarrett Jack,Jeff Foster,Travis Diener,2,9:31,PHX,rebound,,,,,,,,,,Leandro Barbosa,,,,,,def,,
Goran Dragic,Leandro Barbosa,Louis Amundson,Raja Bell,Shaquille O'Neal,Brandon Rush,Danny Granger,Jarrett Jack,Jeff Foster,Travis Diener,2,9:18,PHX,shot,Leandro Barbosa,,,,,,,,,Louis Amundson,2,,,made,,jump,35,21
Goran Dragic,Leandro Barbosa,Louis Amundson,Raja Bell,Shaquille O'Neal,Brandon Rush,Danny Granger,Jarrett Jack,Jeff Foster,Travis Diener,2,9:07,IND,shot,Danny Granger,,,,,,,,,Brandon Rush,3,,,made,,3pt,49,5
Goran Dragic,Leandro Barbosa,Louis Amundson,Raja Bell,Shaquille O'Neal,Brandon Rush,Danny Granger,Jarrett Jack,Jeff Foster,Travis Diener,2,9:02,PHX,timeout,,,,,,,,,,,,,,,,regular,,
Goran Dragic,Leandro Barbosa,Louis Amundson,Raja Bell,Shaquille O'Neal,Brandon Rush,Danny Granger,Jarrett Jack,Jeff Foster,T.J. Ford,2,9:02,IND,sub,,,,T.J. Ford,,Travis Diener,,,,,,,,,,,,
Goran Dragic,Leandro Barbosa,Louis Amundson,Raja Bell,Shaquille O'Neal,Brandon Rush,Danny Granger,Jarrett Jack,Jeff Foster,T.J. Ford,2,8:55,PHX,shot,,,Brandon Rush,,,,,,,Raja Bell,,,,missed,,jump,42,7
Goran Dragic,Leandro Barbosa,Louis Amundson,Raja Bell,Shaquille O'Neal,Brandon Rush,Danny Granger,Jarrett Jack,Jeff Foster,T.J. Ford,2,8:53,PHX,rebound,,,,,,,,,,Louis Amundson,,,,,,off,,
Goran Dragic,Leandro Barbosa,Louis Amundson,Raja Bell,Shaquille O'Neal,Brandon Rush,Danny Granger,Jarrett Jack,Jeff Foster,T.J. Ford,2,8:47,PHX,shot,,,,,,,,,,Goran Dragic,,,,missed,,layup,22,7
Goran Dragic,Leandro Barbosa,Louis Amundson,Raja Bell,Shaquille O'Neal,Brandon Rush,Danny Granger,Jarrett Jack,Jeff Foster,T.J. Ford,2,8:46,IND,rebound,,,,,,,,,,Jeff Foster,,,,,,def,,
Goran Dragic,Leandro Barbosa,Louis Amundson,Raja Bell,Shaquille O'Neal,Brandon Rush,Danny Granger,Jarrett Jack,Jeff Foster,T.J. Ford,2,8:40,PHX,foul,,,,,,,,Jeff Foster,,Shaquille O'Neal,,,,,,personal,,
Goran Dragic,Leandro Barbosa,Louis Amundson,Raja Bell,Shaquille O'Neal,Brandon Rush,Danny Granger,Jeff Foster,Marquis Daniels,T.J. Ford,2,8:40,IND,sub,,,,Marquis Daniels,,Jarrett Jack,,,,,,,,,,,,
Amare Stoudemire,Goran Dragic,Leandro Barbosa,Louis Amundson,Raja Bell,Brandon Rush,Danny Granger,Jeff Foster,Marquis Daniels,T.J. Ford,2,8:40,PHX,sub,,,,Amare Stoudemire,,Shaquille O'Neal,,,,,,,,,,,,
Amare Stoudemire,Goran Dragic,Leandro Barbosa,Louis Amundson,Raja Bell,Brandon Rush,Danny Granger,Jeff Foster,Marquis Daniels,T.J. Ford,2,8:29,IND,turnover,,,,,,,,,,Brandon Rush,,,bad pass,,Leandro Barbosa,,,
Amare Stoudemire,Goran Dragic,Leandro Barbosa,Louis Amundson,Raja Bell,Brandon Rush,Danny Granger,Jeff Foster,Marquis Daniels,T.J. Ford,2,8:24,PHX,shot,,,,,,,,,,Goran Dragic,,,,missed,,layup,24,6
Amare Stoudemire,Goran Dragic,Leandro Barbosa,Louis Amundson,Raja Bell,Brandon Rush,Danny Granger,Jeff Foster,Marquis Daniels,T.J. Ford,2,8:23,PHX,shot,,,,,,,,,,Louis Amundson,2,,,made,,tip,26,6
Amare Stoudemire,Goran Dragic,Leandro Barbosa,Louis Amundson,Raja Bell,Brandon Rush,Danny Granger,Jeff Foster,Marquis Daniels,T.J. Ford,2,8:23,PHX,rebound,,,,,,,,,,Louis Amundson,,,,,,off,,
Amare Stoudemire,Goran Dragic,Leandro Barbosa,Louis Amundson,Raja Bell,Brandon Rush,Danny Granger,Jeff Foster,Marquis Daniels,T.J. Ford,2,8:12,IND,turnover,,,,,,,,,,Danny Granger,,,bad pass,,Goran Dragic,,,
Amare Stoudemire,Goran Dragic,Leandro Barbosa,Louis Amundson,Raja Bell,Brandon Rush,Danny Granger,Jeff Foster,Marquis Daniels,T.J. Ford,2,8:09,PHX,foul,,,,,,,,Marquis Daniels,,Amare Stoudemire,,,,,,offensive,,
Amare Stoudemire,Goran Dragic,Leandro Barbosa,Louis Amundson,Raja Bell,Brandon Rush,Danny Granger,Jeff Foster,Marquis Daniels,T.J. Ford,2,8:09,PHX,turnover,,,,,,,,,,Amare Stoudemire,,,foul,,,,,
Amare Stoudemire,Goran Dragic,Leandro Barbosa,Louis Amundson,Raja Bell,Danny Granger,Jeff Foster,Marquis Daniels,T.J. Ford,Troy Murphy,2,8:09,IND,sub,,,,Troy Murphy,,Brandon Rush,,,,,,,,,,,,
Amare Stoudemire,Goran Dragic,Leandro Barbosa,Louis Amundson,Raja Bell,Danny Granger,Jeff Foster,Marquis Daniels,T.J. Ford,Troy Murphy,2,7:58,IND,shot,,,,,,,,,,T.J. Ford,2,,,made,,layup,26,6
Amare Stoudemire,Goran Dragic,Leandro Barbosa,Louis Amundson,Raja Bell,Danny Granger,Jeff Foster,Marquis Daniels,T.J. Ford,Troy Murphy,2,7:58,PHX,foul,,,,,,,,T.J. Ford,,Louis Amundson,,,,,,shooting,,
Amare Stoudemire,Goran Dragic,Leandro Barbosa,Louis Amundson,Raja Bell,Danny Granger,Jeff Foster,Marquis Daniels,T.J. Ford,Troy Murphy,2,7:58,IND,free throw,,,,,,,1,,1,T.J. Ford,,,foul,made,,,,
Amare Stoudemire,Goran Dragic,Leandro Barbosa,Louis Amundson,Raja Bell,Danny Granger,Jeff Foster,Marquis Daniels,T.J. Ford,Troy Murphy,2,7:43,PHX,shot,,,,,,,,,,Leandro Barbosa,,,,missed,,jump,5,8
Amare Stoudemire,Goran Dragic,Leandro Barbosa,Louis Amundson,Raja Bell,Danny Granger,Jeff Foster,Marquis Daniels,T.J. Ford,Troy Murphy,2,7:42,IND,rebound,,,,,,,,,,Troy Murphy,,,,,,def,,
Amare Stoudemire,Goran Dragic,Leandro Barbosa,Louis Amundson,Raja Bell,Danny Granger,Jeff Foster,Marquis Daniels,T.J. Ford,Troy Murphy,2,7:29,PHX,foul,,,,,,,,T.J. Ford,,Goran Dragic,,,,,,personal,,
Amare Stoudemire,Goran Dragic,Leandro Barbosa,Louis Amundson,Raja Bell,Danny Granger,Jeff Foster,Marquis Daniels,T.J. Ford,Troy Murphy,2,7:16,IND,shot,Troy Murphy,,,,,,,,,T.J. Ford,2,,,made,,fade away jumper,11,7
Amare Stoudemire,Goran Dragic,Leandro Barbosa,Louis Amundson,Raja Bell,Danny Granger,Jeff Foster,Marquis Daniels,T.J. Ford,Troy Murphy,2,6:52,PHX,shot,,,,,,,,,,Raja Bell,,,,missed,,3pt,33,31
Amare Stoudemire,Goran Dragic,Leandro Barbosa,Louis Amundson,Raja Bell,Danny Granger,Jeff Foster,Marquis Daniels,T.J. Ford,Troy Murphy,2,6:52,IND,rebound,,,,,,,,,,Troy Murphy,,,,,,def,,
Amare Stoudemire,Goran Dragic,Leandro Barbosa,Louis Amundson,Raja Bell,Danny Granger,Jeff Foster,Marquis Daniels,T.J. Ford,Troy Murphy,2,6:39,IND,turnover,,,,,,,,,,Danny Granger,,,bad pass,,Louis Amundson,,,
Amare Stoudemire,Goran Dragic,Leandro Barbosa,Louis Amundson,Raja Bell,Danny Granger,Jeff Foster,Marquis Daniels,T.J. Ford,Troy Murphy,2,6:37,IND,foul,,,,,,,,Louis Amundson,,Danny Granger,,,,,,shooting,,
Amare Stoudemire,Goran Dragic,Leandro Barbosa,Louis Amundson,Raja Bell,Danny Granger,Jeff Foster,Marquis Daniels,T.J. Ford,Troy Murphy,2,6:37,PHX,free throw,,,,,,,1,,2,Raja Bell,,,foul,missed,,,,
Amare Stoudemire,Goran Dragic,Leandro Barbosa,Louis Amundson,Raja Bell,Danny Granger,Jeff Foster,Marquis Daniels,T.J. Ford,Troy Murphy,2,6:37,PHX,rebound,,,,,,,,,,,,,,,,,,
Amare Stoudemire,Leandro Barbosa,Louis Amundson,Raja Bell,Steve Nash,Danny Granger,Jeff Foster,Marquis Daniels,T.J. Ford,Troy Murphy,2,6:37,PHX,sub,,,,Steve Nash,,Goran Dragic,,,,,,,,,,,,
Amare Stoudemire,Leandro Barbosa,Louis Amundson,Raja Bell,Steve Nash,Danny Granger,Jeff Foster,Marquis Daniels,T.J. Ford,Troy Murphy,2,6:37,PHX,free throw,,,,,,,2,,2,Raja Bell,,,foul,made,,,,
Amare Stoudemire,Leandro Barbosa,Louis Amundson,Raja Bell,Steve Nash,Danny Granger,Jeff Foster,Marquis Daniels,T.J. Ford,Troy Murphy,2,6:25,IND,shot,,,,,,,,,,Marquis Daniels,,,,missed,,3pt,15,30
Amare Stoudemire,Leandro Barbosa,Louis Amundson,Raja Bell,Steve Nash,Danny Granger,Jeff Foster,Marquis Daniels,T.J. Ford,Troy Murphy,2,6:24,PHX,rebound,,,,,,,,,,Louis Amundson,,,,,,def,,
Amare Stoudemire,Leandro Barbosa,Louis Amundson,Raja Bell,Steve Nash,Danny Granger,Jeff Foster,Marquis Daniels,T.J. Ford,Troy Murphy,2,6:06,PHX,shot,Amare Stoudemire,,,,,,,,,Leandro Barbosa,3,,,made,,3pt,0,6
Amare Stoudemire,Leandro Barbosa,Louis Amundson,Raja Bell,Steve Nash,Danny Granger,Jeff Foster,Marquis Daniels,T.J. Ford,Troy Murphy,2,5:43,IND,shot,Troy Murphy,,,,,,,,,Danny Granger,3,,,made,,3pt,44,23
Amare Stoudemire,Leandro Barbosa,Louis Amundson,Raja Bell,Steve Nash,Danny Granger,Jeff Foster,Marquis Daniels,T.J. Ford,Troy Murphy,2,5:27,PHX,shot,Amare Stoudemire,,,,,,,,,Raja Bell,2,,,made,,jump bank,23,11
Amare Stoudemire,Leandro Barbosa,Louis Amundson,Raja Bell,Steve Nash,Danny Granger,Jeff Foster,Marquis Daniels,T.J. Ford,Troy Murphy,2,5:19,IND,shot,T.J. Ford,,,,,,,,,Troy Murphy,3,,,made,,3pt,26,31
Amare Stoudemire,Leandro Barbosa,Louis Amundson,Raja Bell,Steve Nash,Danny Granger,Jeff Foster,Marquis Daniels,T.J. Ford,Troy Murphy,2,4:55,PHX,shot,Raja Bell,,,,,,,,,Amare Stoudemire,2,,,made,,jump,39,15
Amare Stoudemire,Leandro Barbosa,Louis Amundson,Raja Bell,Steve Nash,Danny Granger,Jeff Foster,Marquis Daniels,T.J. Ford,Troy Murphy,2,4:42,IND,turnover,,,,,,,,,,Troy Murphy,,,bad pass,,Steve Nash,,,
Amare Stoudemire,Leandro Barbosa,Louis Amundson,Raja Bell,Steve Nash,Danny Granger,Jeff Foster,Marquis Daniels,T.J. Ford,Troy Murphy,2,4:40,PHX,turnover,,,,,,,,,,Amare Stoudemire,,,bad pass,,Marquis Daniels,,,
Amare Stoudemire,Leandro Barbosa,Louis Amundson,Raja Bell,Steve Nash,Danny Granger,Jeff Foster,Marquis Daniels,T.J. Ford,Troy Murphy,2,4:24,IND,shot,,,,,,,,,,Marquis Daniels,,,,missed,,jump,20,12
Amare Stoudemire,Leandro Barbosa,Louis Amundson,Raja Bell,Steve Nash,Danny Granger,Jeff Foster,Marquis Daniels,T.J. Ford,Troy Murphy,2,4:22,PHX,rebound,,,,,,,,,,Amare Stoudemire,,,,,,def,,
Amare Stoudemire,Leandro Barbosa,Louis Amundson,Raja Bell,Steve Nash,Danny Granger,Jeff Foster,Marquis Daniels,T.J. Ford,Troy Murphy,2,4:07,PHX,shot,Leandro Barbosa,,,,,,,,,Raja Bell,3,,,made,,3pt,49,5
Amare Stoudemire,Leandro Barbosa,Louis Amundson,Raja Bell,Steve Nash,Danny Granger,Jeff Foster,Marquis Daniels,T.J. Ford,Troy Murphy,2,3:53,IND,shot,,,,,,,,,,T.J. Ford,2,,,made,,layup,26,6
Amare Stoudemire,Leandro Barbosa,Louis Amundson,Raja Bell,Steve Nash,Danny Granger,Jeff Foster,Marquis Daniels,T.J. Ford,Troy Murphy,2,3:29,PHX,shot,Leandro Barbosa,,,,,,,,,Steve Nash,3,,,made,,3pt,40,27
Amare Stoudemire,Leandro Barbosa,Louis Amundson,Raja Bell,Steve Nash,Danny Granger,Jeff Foster,Marquis Daniels,T.J. Ford,Troy Murphy,2,3:20,IND,shot,Danny Granger,,,,,,,,,Troy Murphy,3,,,made,,3pt,27,32
Amare Stoudemire,Leandro Barbosa,Louis Amundson,Raja Bell,Steve Nash,Danny Granger,Jeff Foster,Marquis Daniels,T.J. Ford,Troy Murphy,2,3:15,PHX,timeout,,,,,,,,,,,,,,,,short,,
Amare Stoudemire,Leandro Barbosa,Louis Amundson,Raja Bell,Steve Nash,Danny Granger,Jeff Foster,Marquis Daniels,T.J. Ford,Troy Murphy,2,3:15,OFF,timeout,,,,,,,,,,,,,,,,official,,
Amare Stoudemire,Leandro Barbosa,Louis Amundson,Raja Bell,Steve Nash,Brandon Rush,Jeff Foster,Marquis Daniels,T.J. Ford,Troy Murphy,2,3:15,IND,sub,,,,Brandon Rush,,Danny Granger,,,,,,,,,,,,
Amare Stoudemire,Grant Hill,Louis Amundson,Raja Bell,Steve Nash,Brandon Rush,Jeff Foster,Marquis Daniels,T.J. Ford,Troy Murphy,2,3:15,PHX,sub,,,,Grant Hill,,Leandro Barbosa,,,,,,,,,,,,
Amare Stoudemire,Grant Hill,Louis Amundson,Raja Bell,Steve Nash,Brandon Rush,Jeff Foster,Marquis Daniels,T.J. Ford,Troy Murphy,2,3:03,PHX,shot,Steve Nash,,,,,,,,,Amare Stoudemire,2,,,made,,slam dunk,25,5
Amare Stoudemire,Grant Hill,Louis Amundson,Raja Bell,Steve Nash,Brandon Rush,Jeff Foster,Marquis Daniels,T.J. Ford,Troy Murphy,2,2:56,IND,shot,,,,,,,,,,Brandon Rush,2,,,made,,layup,25,7
Amare Stoudemire,Grant Hill,Louis Amundson,Raja Bell,Steve Nash,Brandon Rush,Jeff Foster,Marquis Daniels,T.J. Ford,Troy Murphy,2,2:37,IND,timeout,,,,,,,,,,,,,,,,regular,,
Amare Stoudemire,Grant Hill,Louis Amundson,Raja Bell,Steve Nash,Brandon Rush,Jeff Foster,Marquis Daniels,T.J. Ford,Troy Murphy,2,2:34,PHX,shot,,,,,,,,,,Amare Stoudemire,,,,missed,,jump,42,9
Amare Stoudemire,Grant Hill,Louis Amundson,Raja Bell,Steve Nash,Brandon Rush,Jeff Foster,Marquis Daniels,T.J. Ford,Troy Murphy,2,2:33,PHX,rebound,,,,,,,,,,Louis Amundson,,,,,,off,,
Amare Stoudemire,Grant Hill,Louis Amundson,Raja Bell,Steve Nash,Brandon Rush,Jeff Foster,Marquis Daniels,T.J. Ford,Troy Murphy,2,2:30,PHX,shot,,,,,,,,,,Amare Stoudemire,,,,missed,,3pt,41,27
Amare Stoudemire,Grant Hill,Louis Amundson,Raja Bell,Steve Nash,Brandon Rush,Jeff Foster,Marquis Daniels,T.J. Ford,Troy Murphy,2,2:29,IND,rebound,,,,,,,,,,Marquis Daniels,,,,,,def,,
Amare Stoudemire,Grant Hill,Louis Amundson,Raja Bell,Steve Nash,Brandon Rush,Jeff Foster,Marquis Daniels,T.J. Ford,Troy Murphy,2,2:20,IND,shot,,,,,,,,,,Troy Murphy,,,,missed,,jump,41,12
Amare Stoudemire,Grant Hill,Louis Amundson,Raja Bell,Steve Nash,Brandon Rush,Jeff Foster,Marquis Daniels,T.J. Ford,Troy Murphy,2,2:19,PHX,rebound,,,,,,,,,,Raja Bell,,,,,,def,,
Amare Stoudemire,Grant Hill,Louis Amundson,Raja Bell,Steve Nash,Brandon Rush,Jeff Foster,Marquis Daniels,T.J. Ford,Troy Murphy,2,2:05,IND,foul,,,,,,,,Amare Stoudemire,,Jeff Foster,,,,,,shooting,,
Amare Stoudemire,Grant Hill,Louis Amundson,Raja Bell,Steve Nash,Brandon Rush,Jeff Foster,Marquis Daniels,T.J. Ford,Troy Murphy,2,2:05,PHX,free throw,,,,,,,1,,2,Amare Stoudemire,,,foul,made,,,,
Amare Stoudemire,Grant Hill,Louis Amundson,Raja Bell,Steve Nash,Brandon Rush,Jeff Foster,Marquis Daniels,T.J. Ford,Troy Murphy,2,2:05,PHX,free throw,,,,,,,2,,2,Amare Stoudemire,,,foul,made,,,,
Amare Stoudemire,Grant Hill,Louis Amundson,Raja Bell,Steve Nash,Brandon Rush,Jeff Foster,Marquis Daniels,T.J. Ford,Troy Murphy,2,1:53,IND,shot,,,,,,,,,,Troy Murphy,,,,missed,,3pt,27,32
Amare Stoudemire,Grant Hill,Louis Amundson,Raja Bell,Steve Nash,Brandon Rush,Jeff Foster,Marquis Daniels,T.J. Ford,Troy Murphy,2,1:53,IND,rebound,,,,,,,,,,Jeff Foster,,,,,,off,,
Amare Stoudemire,Grant Hill,Louis Amundson,Raja Bell,Steve Nash,Brandon Rush,Jeff Foster,Marquis Daniels,T.J. Ford,Troy Murphy,2,1:53,PHX,foul,,,,,,,,Jeff Foster,,Grant Hill,,,,,,loose ball,,
Amare Stoudemire,Grant Hill,Louis Amundson,Raja Bell,Steve Nash,Brandon Rush,Jeff Foster,Marquis Daniels,T.J. Ford,Troy Murphy,2,1:53,IND,free throw,,,,,,,1,,2,Jeff Foster,,,foul,made,,,,
Amare Stoudemire,Grant Hill,Louis Amundson,Raja Bell,Steve Nash,Brandon Rush,Jeff Foster,Marquis Daniels,T.J. Ford,Troy Murphy,2,1:53,IND,free throw,,,,,,,2,,2,Jeff Foster,,,foul,missed,,,,
Amare Stoudemire,Grant Hill,Louis Amundson,Raja Bell,Steve Nash,Brandon Rush,Jeff Foster,Marquis Daniels,T.J. Ford,Troy Murphy,2,1:52,PHX,rebound,,,,,,,,,,,,,,,,,,
Amare Stoudemire,Grant Hill,Louis Amundson,Raja Bell,Steve Nash,Brandon Rush,Jeff Foster,Marquis Daniels,T.J. Ford,Troy Murphy,2,1:32,IND,foul,,,,,,,,Louis Amundson,,Jeff Foster,,,,,,shooting,,
Amare Stoudemire,Grant Hill,Louis Amundson,Raja Bell,Steve Nash,Brandon Rush,Jeff Foster,Marquis Daniels,T.J. Ford,Troy Murphy,2,1:32,PHX,free throw,,,,,,,1,,2,Louis Amundson,,,foul,made,,,,
Amare Stoudemire,Grant Hill,Louis Amundson,Raja Bell,Steve Nash,Brandon Rush,Maceo Baston,Marquis Daniels,T.J. Ford,Troy Murphy,2,1:32,IND,sub,,,,Maceo Baston,,Jeff Foster,,,,,,,,,,,,
Amare Stoudemire,Grant Hill,Louis Amundson,Raja Bell,Steve Nash,Brandon Rush,Maceo Baston,Marquis Daniels,T.J. Ford,Troy Murphy,2,1:32,PHX,free throw,,,,,,,2,,2,Louis Amundson,,,foul,made,,,,
Amare Stoudemire,Grant Hill,Louis Amundson,Raja Bell,Steve Nash,Brandon Rush,Maceo Baston,Marquis Daniels,T.J. Ford,Troy Murphy,2,1:15,IND,shot,,,,,,,,,,Troy Murphy,,,,missed,,3pt,27,31
Amare Stoudemire,Grant Hill,Louis Amundson,Raja Bell,Steve Nash,Brandon Rush,Maceo Baston,Marquis Daniels,T.J. Ford,Troy Murphy,2,1:15,PHX,rebound,,,,,,,,,,,,,,,,,,
Amare Stoudemire,Grant Hill,Louis Amundson,Raja Bell,Steve Nash,Brandon Rush,Maceo Baston,Marquis Daniels,T.J. Ford,Troy Murphy,2,1:00,PHX,shot,,,,,,,,,,Louis Amundson,,,,missed,,layup,24,8
Amare Stoudemire,Grant Hill,Louis Amundson,Raja Bell,Steve Nash,Brandon Rush,Maceo Baston,Marquis Daniels,T.J. Ford,Troy Murphy,2,0:59,IND,rebound,,,,,,,,,,Troy Murphy,,,,,,def,,
Amare Stoudemire,Grant Hill,Louis Amundson,Raja Bell,Steve Nash,Brandon Rush,Maceo Baston,Marquis Daniels,T.J. Ford,Troy Murphy,2,0:51,IND,shot,,,,,,,,,,Brandon Rush,,,,missed,,jump,12,19
Amare Stoudemire,Grant Hill,Louis Amundson,Raja Bell,Steve Nash,Brandon Rush,Maceo Baston,Marquis Daniels,T.J. Ford,Troy Murphy,2,0:50,PHX,rebound,,,,,,,,,,Louis Amundson,,,,,,def,,
Amare Stoudemire,Grant Hill,Louis Amundson,Raja Bell,Steve Nash,Brandon Rush,Maceo Baston,Marquis Daniels,T.J. Ford,Troy Murphy,2,0:44,PHX,shot,,,,,,,,,,Raja Bell,2,,,made,,jump bank,40,13
Amare Stoudemire,Grant Hill,Louis Amundson,Raja Bell,Steve Nash,Brandon Rush,Maceo Baston,Marquis Daniels,T.J. Ford,Troy Murphy,2,0:40,IND,timeout,,,,,,,,,,,,,,,,short,,
Boris Diaw,Grant Hill,Louis Amundson,Raja Bell,Steve Nash,Brandon Rush,Maceo Baston,Marquis Daniels,T.J. Ford,Troy Murphy,2,0:40,PHX,sub,,,,Boris Diaw,,Amare Stoudemire,,,,,,,,,,,,
Boris Diaw,Grant Hill,Louis Amundson,Raja Bell,Steve Nash,Brandon Rush,Danny Granger,Maceo Baston,Marquis Daniels,T.J. Ford,2,0:40,IND,sub,,,,Danny Granger,,Troy Murphy,,,,,,,,,,,,
Boris Diaw,Grant Hill,Louis Amundson,Raja Bell,Steve Nash,Brandon Rush,Danny Granger,Maceo Baston,Marquis Daniels,T.J. Ford,2,0:31,IND,shot,,,,,,,,,,T.J. Ford,2,,,made,,jump bank,15,10
Boris Diaw,Grant Hill,Louis Amundson,Raja Bell,Steve Nash,Brandon Rush,Danny Granger,Maceo Baston,Marquis Daniels,T.J. Ford,2,0:11,PHX,foul,,,,,,,,Maceo Baston,,Grant Hill,,,,,,offensive,,
Boris Diaw,Grant Hill,Louis Amundson,Raja Bell,Steve Nash,Brandon Rush,Danny Granger,Maceo Baston,Marquis Daniels,T.J. Ford,2,0:11,PHX,turnover,,,,,,,,,,Grant Hill,,,foul,,,,,
Boris Diaw,Grant Hill,Louis Amundson,Raja Bell,Steve Nash,Brandon Rush,Danny Granger,Maceo Baston,Marquis Daniels,T.J. Ford,2,0:03,IND,shot,,,,,,,,,,T.J. Ford,2,,,made,,pullup jump,24,23
Boris Diaw,Grant Hill,Louis Amundson,Raja Bell,Steve Nash,Brandon Rush,Danny Granger,Maceo Baston,Marquis Daniels,T.J. Ford,2,0:00,PHX,shot,,,,,,,,,,Boris Diaw,,,,missed,,3pt,17,46
Boris Diaw,Grant Hill,Louis Amundson,Raja Bell,Steve Nash,Brandon Rush,Danny Granger,Maceo Baston,Marquis Daniels,T.J. Ford,2,0:00,PHX,rebound,,,,,,,,,,,,,,,,,,
Amare Stoudemire,Grant Hill,Raja Bell,Shaquille O'Neal,Steve Nash,Danny Granger,Jeff Foster,Marquis Daniels,T.J. Ford,Troy Murphy,3,11:44,IND,shot,,,,,,,,,,Danny Granger,,,,missed,,3pt,13,29
Amare Stoudemire,Grant Hill,Raja Bell,Shaquille O'Neal,Steve Nash,Danny Granger,Jeff Foster,Marquis Daniels,T.J. Ford,Troy Murphy,3,11:43,IND,rebound,,,,,,,,,,Marquis Daniels,,,,,,off,,
Amare Stoudemire,Grant Hill,Raja Bell,Shaquille O'Neal,Steve Nash,Danny Granger,Jeff Foster,Marquis Daniels,T.J. Ford,Troy Murphy,3,11:39,IND,shot,,,,,,,,,,Troy Murphy,,,,missed,,jump,5,5
Amare Stoudemire,Grant Hill,Raja Bell,Shaquille O'Neal,Steve Nash,Danny Granger,Jeff Foster,Marquis Daniels,T.J. Ford,Troy Murphy,3,11:38,IND,rebound,,,,,,,,,,Marquis Daniels,,,,,,off,,
Amare Stoudemire,Grant Hill,Raja Bell,Shaquille O'Neal,Steve Nash,Danny Granger,Jeff Foster,Marquis Daniels,T.J. Ford,Troy Murphy,3,11:37,IND,shot,,,,,,,,,,Marquis Daniels,,,,missed,,tip,27,5
Amare Stoudemire,Grant Hill,Raja Bell,Shaquille O'Neal,Steve Nash,Danny Granger,Jeff Foster,Marquis Daniels,T.J. Ford,Troy Murphy,3,11:36,PHX,rebound,,,,,,,,,,Steve Nash,,,,,,def,,
Amare Stoudemire,Grant Hill,Raja Bell,Shaquille O'Neal,Steve Nash,Danny Granger,Jeff Foster,Marquis Daniels,T.J. Ford,Troy Murphy,3,11:30,IND,foul,,,,,,,,Steve Nash,,Troy Murphy,,,,,,personal,,
Amare Stoudemire,Grant Hill,Raja Bell,Shaquille O'Neal,Steve Nash,Danny Granger,Jeff Foster,Marquis Daniels,T.J. Ford,Troy Murphy,3,11:23,PHX,shot,,,,,,,,,,Amare Stoudemire,2,,,made,,driving slam dunk,23,6
Amare Stoudemire,Grant Hill,Raja Bell,Shaquille O'Neal,Steve Nash,Danny Granger,Jeff Foster,Marquis Daniels,T.J. Ford,Troy Murphy,3,11:06,IND,shot,,,,,,,,,,T.J. Ford,,,,missed,,3pt,47,6
Amare Stoudemire,Grant Hill,Raja Bell,Shaquille O'Neal,Steve Nash,Danny Granger,Jeff Foster,Marquis Daniels,T.J. Ford,Troy Murphy,3,11:05,PHX,rebound,,,,,,,,,,Shaquille O'Neal,,,,,,def,,
Amare Stoudemire,Grant Hill,Raja Bell,Shaquille O'Neal,Steve Nash,Danny Granger,Jeff Foster,Marquis Daniels,T.J. Ford,Troy Murphy,3,10:44,PHX,shot,,,,,,,,,,Shaquille O'Neal,2,,,made,,jump,15,7
Amare Stoudemire,Grant Hill,Raja Bell,Shaquille O'Neal,Steve Nash,Danny Granger,Jeff Foster,Marquis Daniels,T.J. Ford,Troy Murphy,3,10:29,IND,shot,,,,,,,,,,Jeff Foster,2,,,made,,jump hook,25,11
Amare Stoudemire,Grant Hill,Raja Bell,Shaquille O'Neal,Steve Nash,Danny Granger,Jeff Foster,Marquis Daniels,T.J. Ford,Troy Murphy,3,10:02,PHX,shot,Grant Hill,,,,,,,,,Amare Stoudemire,2,,,made,,jump,41,17
Amare Stoudemire,Grant Hill,Raja Bell,Shaquille O'Neal,Steve Nash,Danny Granger,Jeff Foster,Marquis Daniels,T.J. Ford,Troy Murphy,3,9:50,PHX,foul,,,,,,,,T.J. Ford,,Shaquille O'Neal,,,,,,shooting,,
Amare Stoudemire,Grant Hill,Raja Bell,Shaquille O'Neal,Steve Nash,Danny Granger,Jeff Foster,Marquis Daniels,T.J. Ford,Troy Murphy,3,9:50,IND,free throw,,,,,,,1,,2,T.J. Ford,,,foul,made,,,,
Amare Stoudemire,Grant Hill,Raja Bell,Shaquille O'Neal,Steve Nash,Danny Granger,Jeff Foster,Marquis Daniels,T.J. Ford,Troy Murphy,3,9:50,IND,free throw,,,,,,,2,,2,T.J. Ford,,,foul,made,,,,
Amare Stoudemire,Grant Hill,Raja Bell,Shaquille O'Neal,Steve Nash,Danny Granger,Jeff Foster,Marquis Daniels,T.J. Ford,Troy Murphy,3,9:37,IND,foul,,,,,,,,Shaquille O'Neal,,Jeff Foster,,,,,,personal,,
Amare Stoudemire,Grant Hill,Raja Bell,Shaquille O'Neal,Steve Nash,Danny Granger,Marquis Daniels,Roy Hibbert,T.J. Ford,Troy Murphy,3,9:37,IND,sub,,,,Roy Hibbert,,Jeff Foster,,,,,,,,,,,,
Amare Stoudemire,Grant Hill,Raja Bell,Shaquille O'Neal,Steve Nash,Danny Granger,Marquis Daniels,Roy Hibbert,T.J. Ford,Troy Murphy,3,9:33,PHX,shot,Amare Stoudemire,,,,,,,,,Grant Hill,2,,,made,,jump,21,21
Amare Stoudemire,Grant Hill,Raja Bell,Shaquille O'Neal,Steve Nash,Danny Granger,Marquis Daniels,Roy Hibbert,T.J. Ford,Troy Murphy,3,9:13,IND,shot,,,,,,,,,,Marquis Daniels,,,,missed,,jump,42,5
Amare Stoudemire,Grant Hill,Raja Bell,Shaquille O'Neal,Steve Nash,Danny Granger,Marquis Daniels,Roy Hibbert,T.J. Ford,Troy Murphy,3,9:12,PHX,rebound,,,,,,,,,,Amare Stoudemire,,,,,,def,,
Amare Stoudemire,Grant Hill,Raja Bell,Shaquille O'Neal,Steve Nash,Danny Granger,Marquis Daniels,Roy Hibbert,T.J. Ford,Troy Murphy,3,9:00,IND,foul,,,,,,,,Shaquille O'Neal,,Roy Hibbert,,,,,,shooting,,
Amare Stoudemire,Grant Hill,Raja Bell,Shaquille O'Neal,Steve Nash,Danny Granger,Marquis Daniels,Roy Hibbert,T.J. Ford,Troy Murphy,3,9:00,PHX,free throw,,,,,,,1,,2,Shaquille O'Neal,,,foul,made,,,,
Amare Stoudemire,Grant Hill,Raja Bell,Shaquille O'Neal,Steve Nash,Danny Granger,Marquis Daniels,Roy Hibbert,T.J. Ford,Troy Murphy,3,9:00,PHX,free throw,,,,,,,2,,2,Shaquille O'Neal,,,foul,missed,,,,
Amare Stoudemire,Grant Hill,Raja Bell,Shaquille O'Neal,Steve Nash,Danny Granger,Marquis Daniels,Roy Hibbert,T.J. Ford,Troy Murphy,3,8:59,IND,rebound,,,,,,,,,,T.J. Ford,,,,,,def,,
Amare Stoudemire,Grant Hill,Raja Bell,Shaquille O'Neal,Steve Nash,Danny Granger,Marquis Daniels,Roy Hibbert,T.J. Ford,Troy Murphy,3,8:53,IND,shot,,,,,,,,,,T.J. Ford,2,,,made,,floating jump,25,10
Amare Stoudemire,Grant Hill,Raja Bell,Shaquille O'Neal,Steve Nash,Danny Granger,Marquis Daniels,Roy Hibbert,T.J. Ford,Troy Murphy,3,8:33,PHX,turnover,,,,,,,,,,Grant Hill,,,traveling,,,,,
Amare Stoudemire,Grant Hill,Raja Bell,Shaquille O'Neal,Steve Nash,Danny Granger,Marquis Daniels,Roy Hibbert,T.J. Ford,Troy Murphy,3,8:19,PHX,foul,,,,,,,,,,Shaquille O'Neal,,,,,,defense 3 second,,
Amare Stoudemire,Grant Hill,Raja Bell,Shaquille O'Neal,Steve Nash,Danny Granger,Marquis Daniels,Roy Hibbert,T.J. Ford,Troy Murphy,3,8:19,IND,free throw,,,,,,,1,,1,Danny Granger,,,technical,made,,,,
Amare Stoudemire,Grant Hill,Raja Bell,Shaquille O'Neal,Steve Nash,Danny Granger,Marquis Daniels,Roy Hibbert,T.J. Ford,Troy Murphy,3,8:18,IND,turnover,,,,,,,,,,Danny Granger,,,bad pass,,Amare Stoudemire,,,
Amare Stoudemire,Grant Hill,Raja Bell,Shaquille O'Neal,Steve Nash,Danny Granger,Marquis Daniels,Roy Hibbert,T.J. Ford,Troy Murphy,3,8:14,PHX,shot,Steve Nash,,,,,,,,,Amare Stoudemire,2,,,made,,alley oop dunk,25,5
Amare Stoudemire,Grant Hill,Raja Bell,Shaquille O'Neal,Steve Nash,Danny Granger,Marquis Daniels,Roy Hibbert,T.J. Ford,Troy Murphy,3,8:03,IND,shot,,,,,,,,,,Troy Murphy,,,,missed,,jump,39,20
Amare Stoudemire,Grant Hill,Raja Bell,Shaquille O'Neal,Steve Nash,Danny Granger,Marquis Daniels,Roy Hibbert,T.J. Ford,Troy Murphy,3,8:01,PHX,rebound,,,,,,,,,,Shaquille O'Neal,,,,,,def,,
Amare Stoudemire,Grant Hill,Raja Bell,Shaquille O'Neal,Steve Nash,Danny Granger,Marquis Daniels,Roy Hibbert,T.J. Ford,Troy Murphy,3,7:53,IND,foul,,,,,,,,Shaquille O'Neal,,Danny Granger,,,,,,personal,,
Amare Stoudemire,Grant Hill,Raja Bell,Shaquille O'Neal,Steve Nash,Danny Granger,Marquis Daniels,Roy Hibbert,T.J. Ford,Troy Murphy,3,7:47,IND,foul,,,,,,,,Shaquille O'Neal,,Danny Granger,,,,,,personal,,
Amare Stoudemire,Grant Hill,Raja Bell,Shaquille O'Neal,Steve Nash,Danny Granger,Marquis Daniels,Roy Hibbert,T.J. Ford,Troy Murphy,3,7:47,PHX,free throw,,,,,,,1,,2,Shaquille O'Neal,,,foul,missed,,,,
Amare Stoudemire,Grant Hill,Raja Bell,Shaquille O'Neal,Steve Nash,Danny Granger,Marquis Daniels,Roy Hibbert,T.J. Ford,Troy Murphy,3,7:47,PHX,rebound,,,,,,,,,,,,,,,,,,
Amare Stoudemire,Grant Hill,Raja Bell,Shaquille O'Neal,Steve Nash,Jarrett Jack,Marquis Daniels,Roy Hibbert,T.J. Ford,Troy Murphy,3,7:47,IND,sub,,,,Jarrett Jack,,Danny Granger,,,,,,,,,,,,
Amare Stoudemire,Grant Hill,Raja Bell,Shaquille O'Neal,Steve Nash,Jarrett Jack,Marquis Daniels,Roy Hibbert,T.J. Ford,Troy Murphy,3,7:47,PHX,free throw,,,,,,,2,,2,Shaquille O'Neal,,,foul,missed,,,,
Amare Stoudemire,Grant Hill,Raja Bell,Shaquille O'Neal,Steve Nash,Jarrett Jack,Marquis Daniels,Roy Hibbert,T.J. Ford,Troy Murphy,3,7:46,IND,rebound,,,,,,,,,,Jarrett Jack,,,,,,def,,
Amare Stoudemire,Grant Hill,Raja Bell,Shaquille O'Neal,Steve Nash,Jarrett Jack,Marquis Daniels,Roy Hibbert,T.J. Ford,Troy Murphy,3,7:34,IND,shot,,,,,,,,,,Marquis Daniels,2,,,made,,jump bank,13,11
Amare Stoudemire,Grant Hill,Raja Bell,Shaquille O'Neal,Steve Nash,Jarrett Jack,Marquis Daniels,Roy Hibbert,T.J. Ford,Troy Murphy,3,7:11,IND,foul,,,,,,,,Amare Stoudemire,,T.J. Ford,,,,,,personal,,
Amare Stoudemire,Grant Hill,Raja Bell,Shaquille O'Neal,Steve Nash,Jarrett Jack,Marquis Daniels,Roy Hibbert,T.J. Ford,Troy Murphy,3,7:11,PHX,free throw,,,,,,,1,,2,Amare Stoudemire,,,foul,made,,,,
Amare Stoudemire,Leandro Barbosa,Raja Bell,Shaquille O'Neal,Steve Nash,Jarrett Jack,Marquis Daniels,Roy Hibbert,T.J. Ford,Troy Murphy,3,7:11,PHX,sub,,,,Leandro Barbosa,,Grant Hill,,,,,,,,,,,,
Amare Stoudemire,Leandro Barbosa,Raja Bell,Shaquille O'Neal,Steve Nash,Jarrett Jack,Marquis Daniels,Roy Hibbert,T.J. Ford,Troy Murphy,3,7:11,PHX,free throw,,,,,,,2,,2,Amare Stoudemire,,,foul,made,,,,
Amare Stoudemire,Leandro Barbosa,Raja Bell,Shaquille O'Neal,Steve Nash,Jarrett Jack,Marquis Daniels,Roy Hibbert,T.J. Ford,Troy Murphy,3,7:01,IND,shot,Jarrett Jack,,,,,,,,,Marquis Daniels,2,,,made,,reverse layup,24,7
Amare Stoudemire,Leandro Barbosa,Raja Bell,Shaquille O'Neal,Steve Nash,Jarrett Jack,Marquis Daniels,Roy Hibbert,T.J. Ford,Troy Murphy,3,6:36,PHX,foul,,,,,,,,Roy Hibbert,,Leandro Barbosa,,,,,,offensive,,
Amare Stoudemire,Leandro Barbosa,Raja Bell,Shaquille O'Neal,Steve Nash,Jarrett Jack,Marquis Daniels,Roy Hibbert,T.J. Ford,Troy Murphy,3,6:36,PHX,turnover,,,,,,,,,,Leandro Barbosa,,,foul,,,,,
Amare Stoudemire,Leandro Barbosa,Raja Bell,Shaquille O'Neal,Steve Nash,Jarrett Jack,Marquis Daniels,Roy Hibbert,T.J. Ford,Troy Murphy,3,6:20,IND,shot,,,,,,,,,,Roy Hibbert,,,,missed,,jump,15,9
Amare Stoudemire,Leandro Barbosa,Raja Bell,Shaquille O'Neal,Steve Nash,Jarrett Jack,Marquis Daniels,Roy Hibbert,T.J. Ford,Troy Murphy,3,6:19,PHX,rebound,,,,,,,,,,Amare Stoudemire,,,,,,def,,
Amare Stoudemire,Leandro Barbosa,Raja Bell,Shaquille O'Neal,Steve Nash,Jarrett Jack,Marquis Daniels,Roy Hibbert,T.J. Ford,Troy Murphy,3,6:08,PHX,shot,,,,,,,,,,Steve Nash,,,,missed,,jump,16,10
Amare Stoudemire,Leandro Barbosa,Raja Bell,Shaquille O'Neal,Steve Nash,Jarrett Jack,Marquis Daniels,Roy Hibbert,T.J. Ford,Troy Murphy,3,6:08,IND,rebound,,,,,,,,,,Troy Murphy,,,,,,def,,
Amare Stoudemire,Leandro Barbosa,Raja Bell,Shaquille O'Neal,Steve Nash,Jarrett Jack,Marquis Daniels,Roy Hibbert,T.J. Ford,Troy Murphy,3,6:04,PHX,foul,,,,,,,,Marquis Daniels,,Raja Bell,,,,,,shooting,,
Amare Stoudemire,Leandro Barbosa,Raja Bell,Shaquille O'Neal,Steve Nash,Jarrett Jack,Marquis Daniels,Roy Hibbert,T.J. Ford,Troy Murphy,3,6:04,IND,free throw,,,,,,,1,,2,Marquis Daniels,,,foul,made,,,,
Amare Stoudemire,Leandro Barbosa,Raja Bell,Shaquille O'Neal,Steve Nash,Brandon Rush,Jarrett Jack,Marquis Daniels,Roy Hibbert,Troy Murphy,3,6:04,IND,sub,,,,Brandon Rush,,T.J. Ford,,,,,,,,,,,,
Amare Stoudemire,Boris Diaw,Leandro Barbosa,Raja Bell,Steve Nash,Brandon Rush,Jarrett Jack,Marquis Daniels,Roy Hibbert,Troy Murphy,3,6:04,PHX,sub,,,,Boris Diaw,,Shaquille O'Neal,,,,,,,,,,,,
Amare Stoudemire,Boris Diaw,Leandro Barbosa,Raja Bell,Steve Nash,Brandon Rush,Jarrett Jack,Marquis Daniels,Roy Hibbert,Troy Murphy,3,6:04,IND,free throw,,,,,,,2,,2,Marquis Daniels,,,foul,missed,,,,
Amare Stoudemire,Boris Diaw,Leandro Barbosa,Raja Bell,Steve Nash,Brandon Rush,Jarrett Jack,Marquis Daniels,Roy Hibbert,Troy Murphy,3,6:03,PHX,rebound,,,,,,,,,,Boris Diaw,,,,,,def,,
Amare Stoudemire,Boris Diaw,Leandro Barbosa,Raja Bell,Steve Nash,Brandon Rush,Jarrett Jack,Marquis Daniels,Roy Hibbert,Troy Murphy,3,5:51,PHX,shot,,,,,,,,,,Leandro Barbosa,,,,missed,,jump,38,12
Amare Stoudemire,Boris Diaw,Leandro Barbosa,Raja Bell,Steve Nash,Brandon Rush,Jarrett Jack,Marquis Daniels,Roy Hibbert,Troy Murphy,3,5:50,PHX,rebound,,,,,,,,,,Amare Stoudemire,,,,,,off,,
Amare Stoudemire,Boris Diaw,Leandro Barbosa,Raja Bell,Steve Nash,Brandon Rush,Jarrett Jack,Marquis Daniels,Roy Hibbert,Troy Murphy,3,5:48,IND,foul,,,,,,,,Amare Stoudemire,,Troy Murphy,,,,,,shooting,,
Amare Stoudemire,Boris Diaw,Leandro Barbosa,Raja Bell,Steve Nash,Brandon Rush,Jarrett Jack,Marquis Daniels,Roy Hibbert,Troy Murphy,3,5:48,IND,timeout,,,,,,,,,,,,,,,,regular,,
Amare Stoudemire,Boris Diaw,Leandro Barbosa,Raja Bell,Steve Nash,Brandon Rush,Danny Granger,Jarrett Jack,Marquis Daniels,Roy Hibbert,3,5:48,IND,sub,,,,Danny Granger,,Troy Murphy,,,,,,,,,,,,
Amare Stoudemire,Boris Diaw,Leandro Barbosa,Raja Bell,Steve Nash,Brandon Rush,Danny Granger,Jarrett Jack,Marquis Daniels,Roy Hibbert,3,5:48,PHX,free throw,,,,,,,1,,2,Amare Stoudemire,,,foul,made,,,,
Amare Stoudemire,Boris Diaw,Leandro Barbosa,Raja Bell,Steve Nash,Brandon Rush,Danny Granger,Jarrett Jack,Marquis Daniels,Roy Hibbert,3,5:48,PHX,free throw,,,,,,,2,,2,Amare Stoudemire,,,foul,made,,,,
Amare Stoudemire,Boris Diaw,Leandro Barbosa,Raja Bell,Steve Nash,Brandon Rush,Danny Granger,Jarrett Jack,Marquis Daniels,Roy Hibbert,3,5:32,IND,shot,,,,,,,,,,Roy Hibbert,,,,missed,,jump,32,11
Amare Stoudemire,Boris Diaw,Leandro Barbosa,Raja Bell,Steve Nash,Brandon Rush,Danny Granger,Jarrett Jack,Marquis Daniels,Roy Hibbert,3,5:31,PHX,rebound,,,,,,,,,,Steve Nash,,,,,,def,,
Amare Stoudemire,Boris Diaw,Leandro Barbosa,Raja Bell,Steve Nash,Brandon Rush,Danny Granger,Jarrett Jack,Marquis Daniels,Roy Hibbert,3,5:15,PHX,shot,Boris Diaw,,,,,,,,,Amare Stoudemire,2,,,made,,jump,25,21
Amare Stoudemire,Boris Diaw,Leandro Barbosa,Raja Bell,Steve Nash,Brandon Rush,Danny Granger,Jarrett Jack,Marquis Daniels,Roy Hibbert,3,5:00,IND,turnover,,,,,,,,,,Danny Granger,,,bad pass,,Raja Bell,,,
Amare Stoudemire,Boris Diaw,Leandro Barbosa,Raja Bell,Steve Nash,Brandon Rush,Danny Granger,Jarrett Jack,Marquis Daniels,Roy Hibbert,3,4:53,PHX,shot,,,,,,,,,,Raja Bell,,,,missed,,3pt,46,20
Amare Stoudemire,Boris Diaw,Leandro Barbosa,Raja Bell,Steve Nash,Brandon Rush,Danny Granger,Jarrett Jack,Marquis Daniels,Roy Hibbert,3,4:52,PHX,rebound,,,,,,,,,,Boris Diaw,,,,,,off,,
Amare Stoudemire,Boris Diaw,Leandro Barbosa,Raja Bell,Steve Nash,Brandon Rush,Danny Granger,Jarrett Jack,Marquis Daniels,Roy Hibbert,3,4:35,PHX,shot,,,,,,,,,,Steve Nash,,,,missed,,jump,43,6
Amare Stoudemire,Boris Diaw,Leandro Barbosa,Raja Bell,Steve Nash,Brandon Rush,Danny Granger,Jarrett Jack,Marquis Daniels,Roy Hibbert,3,4:34,IND,rebound,,,,,,,,,,Roy Hibbert,,,,,,def,,
Amare Stoudemire,Boris Diaw,Leandro Barbosa,Raja Bell,Steve Nash,Brandon Rush,Danny Granger,Jarrett Jack,Marquis Daniels,Roy Hibbert,3,4:30,PHX,foul,,,,,,,,Jarrett Jack,,Raja Bell,,,,,,flagrant type 1,,
Amare Stoudemire,Boris Diaw,Leandro Barbosa,Raja Bell,Steve Nash,Brandon Rush,Danny Granger,Jarrett Jack,Marquis Daniels,Roy Hibbert,3,4:30,IND,free throw,,,,,,,1,,2,Jarrett Jack,,,flagrant,made,,,,
Amare Stoudemire,Boris Diaw,Leandro Barbosa,Raja Bell,Steve Nash,Brandon Rush,Danny Granger,Jarrett Jack,Marquis Daniels,Roy Hibbert,3,4:30,IND,free throw,,,,,,,2,,2,Jarrett Jack,,,flagrant,made,,,,
Amare Stoudemire,Boris Diaw,Leandro Barbosa,Raja Bell,Steve Nash,Brandon Rush,Danny Granger,Jarrett Jack,Marquis Daniels,Roy Hibbert,3,4:17,IND,shot,,,,,,,,,,Brandon Rush,,,,missed,,layup,25,6
Amare Stoudemire,Boris Diaw,Leandro Barbosa,Raja Bell,Steve Nash,Brandon Rush,Danny Granger,Jarrett Jack,Marquis Daniels,Roy Hibbert,3,4:16,IND,rebound,,,,,,,,,,Brandon Rush,,,,,,off,,
Amare Stoudemire,Boris Diaw,Leandro Barbosa,Raja Bell,Steve Nash,Brandon Rush,Danny Granger,Jarrett Jack,Marquis Daniels,Roy Hibbert,3,4:14,IND,shot,,,,,,,,,,Brandon Rush,,,,missed,,tip,24,6
Amare Stoudemire,Boris Diaw,Leandro Barbosa,Raja Bell,Steve Nash,Brandon Rush,Danny Granger,Jarrett Jack,Marquis Daniels,Roy Hibbert,3,4:13,PHX,rebound,,,,,,,,,,Amare Stoudemire,,,,,,def,,
Amare Stoudemire,Boris Diaw,Leandro Barbosa,Raja Bell,Steve Nash,Brandon Rush,Danny Granger,Jarrett Jack,Marquis Daniels,Roy Hibbert,3,3:52,PHX,shot,,,,,,,,,,Boris Diaw,,,,missed,,jump,10,5
Amare Stoudemire,Boris Diaw,Leandro Barbosa,Raja Bell,Steve Nash,Brandon Rush,Danny Granger,Jarrett Jack,Marquis Daniels,Roy Hibbert,3,3:47,IND,rebound,,,,,,,,,,Marquis Daniels,,,,,,def,,
Amare Stoudemire,Boris Diaw,Leandro Barbosa,Raja Bell,Steve Nash,Brandon Rush,Danny Granger,Jarrett Jack,Marquis Daniels,Roy Hibbert,3,3:43,IND,shot,,,,,,,,,,Marquis Daniels,2,,,made,,jump,24,19
Amare Stoudemire,Boris Diaw,Leandro Barbosa,Raja Bell,Steve Nash,Brandon Rush,Danny Granger,Jarrett Jack,Marquis Daniels,Roy Hibbert,3,3:29,PHX,turnover,,,,,,,,,,Leandro Barbosa,,,poss lost ball turnover,,Roy Hibbert,,,
Amare Stoudemire,Boris Diaw,Leandro Barbosa,Raja Bell,Steve Nash,Brandon Rush,Danny Granger,Jarrett Jack,Marquis Daniels,Roy Hibbert,3,3:29,PHX,foul,,,,,,,,Danny Granger,,Leandro Barbosa,,,,,,loose ball,,
Amare Stoudemire,Boris Diaw,Leandro Barbosa,Raja Bell,Steve Nash,Brandon Rush,Danny Granger,Jarrett Jack,Roy Hibbert,T.J. Ford,3,3:29,IND,sub,,,,T.J. Ford,,Marquis Daniels,,,,,,,,,,,,
Amare Stoudemire,Boris Diaw,Leandro Barbosa,Raja Bell,Steve Nash,Brandon Rush,Danny Granger,Jarrett Jack,Roy Hibbert,T.J. Ford,3,3:19,IND,shot,,,Amare Stoudemire,,,,,,,Danny Granger,,,,missed,,layup,25,7
Amare Stoudemire,Boris Diaw,Leandro Barbosa,Raja Bell,Steve Nash,Brandon Rush,Danny Granger,Jarrett Jack,Roy Hibbert,T.J. Ford,3,3:18,IND,rebound,,,,,,,,,,Roy Hibbert,,,,,,off,,
Amare Stoudemire,Boris Diaw,Leandro Barbosa,Raja Bell,Steve Nash,Brandon Rush,Danny Granger,Jarrett Jack,Roy Hibbert,T.J. Ford,3,3:13,IND,shot,,,,,,,,,,Roy Hibbert,2,,,made,,layup,25,5
Amare Stoudemire,Boris Diaw,Leandro Barbosa,Raja Bell,Steve Nash,Brandon Rush,Danny Granger,Jarrett Jack,Roy Hibbert,T.J. Ford,3,2:57,PHX,shot,,,,,,,,,,Amare Stoudemire,2,,,made,,slam dunk,24,5
Amare Stoudemire,Boris Diaw,Leandro Barbosa,Raja Bell,Steve Nash,Brandon Rush,Danny Granger,Jarrett Jack,Roy Hibbert,T.J. Ford,3,2:45,IND,shot,,,,,,,,,,Danny Granger,,,,missed,,jump,29,20
Amare Stoudemire,Boris Diaw,Leandro Barbosa,Raja Bell,Steve Nash,Brandon Rush,Danny Granger,Jarrett Jack,Roy Hibbert,T.J. Ford,3,2:44,PHX,rebound,,,,,,,,,,Raja Bell,,,,,,def,,
Amare Stoudemire,Boris Diaw,Leandro Barbosa,Raja Bell,Steve Nash,Brandon Rush,Danny Granger,Jarrett Jack,Roy Hibbert,T.J. Ford,3,2:29,PHX,shot,Boris Diaw,,,,,,,,,Leandro Barbosa,3,,,made,,3pt,48,5
Amare Stoudemire,Boris Diaw,Leandro Barbosa,Raja Bell,Steve Nash,Brandon Rush,Danny Granger,Jarrett Jack,Roy Hibbert,T.J. Ford,3,2:17,IND,turnover,,,,,,,,,,Jarrett Jack,,,bad pass,,Amare Stoudemire,,,
Amare Stoudemire,Boris Diaw,Leandro Barbosa,Raja Bell,Steve Nash,Brandon Rush,Danny Granger,Jarrett Jack,Roy Hibbert,T.J. Ford,3,2:14,PHX,shot,Amare Stoudemire,,,,,,,,,Boris Diaw,2,,,made,,layup,25,5
Amare Stoudemire,Boris Diaw,Leandro Barbosa,Raja Bell,Steve Nash,Brandon Rush,Danny Granger,Jarrett Jack,Roy Hibbert,T.J. Ford,3,2:14,IND,foul,,,,,,,,Boris Diaw,,Danny Granger,,,,,,shooting,,
Amare Stoudemire,Boris Diaw,Leandro Barbosa,Raja Bell,Steve Nash,Brandon Rush,Danny Granger,Jarrett Jack,Roy Hibbert,T.J. Ford,3,2:14,PHX,timeout,,,,,,,,,,,,,,,,regular,,
Amare Stoudemire,Boris Diaw,Leandro Barbosa,Raja Bell,Steve Nash,Brandon Rush,Danny Granger,Jarrett Jack,Jeff Foster,T.J. Ford,3,2:14,IND,sub,,,,Jeff Foster,,Roy Hibbert,,,,,,,,,,,,
Amare Stoudemire,Boris Diaw,Leandro Barbosa,Raja Bell,Steve Nash,Brandon Rush,Danny Granger,Jeff Foster,Marquis Daniels,T.J. Ford,3,2:14,IND,sub,,,,Marquis Daniels,,Jarrett Jack,,,,,,,,,,,,
Amare Stoudemire,Boris Diaw,Goran Dragic,Leandro Barbosa,Steve Nash,Brandon Rush,Danny Granger,Jeff Foster,Marquis Daniels,T.J. Ford,3,2:14,PHX,sub,,,,Goran Dragic,,Raja Bell,,,,,,,,,,,,
Amare Stoudemire,Boris Diaw,Goran Dragic,Grant Hill,Leandro Barbosa,Brandon Rush,Danny Granger,Jeff Foster,Marquis Daniels,T.J. Ford,3,2:14,PHX,sub,,,,Grant Hill,,Steve Nash,,,,,,,,,,,,
Amare Stoudemire,Boris Diaw,Goran Dragic,Grant Hill,Leandro Barbosa,Brandon Rush,Danny Granger,Jeff Foster,Marquis Daniels,T.J. Ford,3,2:14,PHX,free throw,,,,,,,1,,1,Boris Diaw,,,foul,missed,,,,
Amare Stoudemire,Boris Diaw,Goran Dragic,Grant Hill,Leandro Barbosa,Brandon Rush,Danny Granger,Jeff Foster,Marquis Daniels,T.J. Ford,3,2:12,IND,rebound,,,,,,,,,,Danny Granger,,,,,,def,,
Amare Stoudemire,Boris Diaw,Goran Dragic,Grant Hill,Leandro Barbosa,Brandon Rush,Danny Granger,Jeff Foster,Marquis Daniels,T.J. Ford,3,2:00,IND,shot,,,,,,,,,,T.J. Ford,,,,missed,,jump,7,8
Amare Stoudemire,Boris Diaw,Goran Dragic,Grant Hill,Leandro Barbosa,Brandon Rush,Danny Granger,Jeff Foster,Marquis Daniels,T.J. Ford,3,1:59,PHX,rebound,,,,,,,,,,Leandro Barbosa,,,,,,def,,
Amare Stoudemire,Boris Diaw,Goran Dragic,Grant Hill,Leandro Barbosa,Brandon Rush,Danny Granger,Jeff Foster,Marquis Daniels,T.J. Ford,3,1:41,PHX,shot,Amare Stoudemire,,,,,,,,,Leandro Barbosa,3,,,made,,3pt,48,4
Amare Stoudemire,Boris Diaw,Goran Dragic,Grant Hill,Leandro Barbosa,Brandon Rush,Danny Granger,Jeff Foster,Marquis Daniels,T.J. Ford,3,1:23,IND,turnover,,,,,,,,,,Jeff Foster,,,bad pass,,Amare Stoudemire,,,
Amare Stoudemire,Boris Diaw,Goran Dragic,Grant Hill,Leandro Barbosa,Brandon Rush,Danny Granger,Jeff Foster,Marquis Daniels,T.J. Ford,3,1:17,PHX,shot,Amare Stoudemire,,,,,,,,,Grant Hill,2,,,made,,layup,26,6
Amare Stoudemire,Boris Diaw,Goran Dragic,Grant Hill,Leandro Barbosa,Brandon Rush,Danny Granger,Jeff Foster,Marquis Daniels,T.J. Ford,3,1:17,IND,timeout,,,,,,,,,,,,,,,,short,,
Amare Stoudemire,Boris Diaw,Goran Dragic,Grant Hill,Leandro Barbosa,Danny Granger,Jeff Foster,Marquis Daniels,T.J. Ford,Troy Murphy,3,1:17,IND,sub,,,,Troy Murphy,,Brandon Rush,,,,,,,,,,,,
Amare Stoudemire,Boris Diaw,Goran Dragic,Grant Hill,Leandro Barbosa,Danny Granger,Jeff Foster,Marquis Daniels,T.J. Ford,Troy Murphy,3,0:56,IND,shot,,,Grant Hill,,,,,,,Danny Granger,,,,missed,,jump,25,19
Amare Stoudemire,Boris Diaw,Goran Dragic,Grant Hill,Leandro Barbosa,Danny Granger,Jeff Foster,Marquis Daniels,T.J. Ford,Troy Murphy,3,0:55,PHX,rebound,,,,,,,,,,Leandro Barbosa,,,,,,def,,
Amare Stoudemire,Boris Diaw,Goran Dragic,Grant Hill,Leandro Barbosa,Danny Granger,Jeff Foster,Marquis Daniels,T.J. Ford,Troy Murphy,3,0:34,PHX,turnover,,,,,,,,,,Leandro Barbosa,,,bad pass,,Danny Granger,,,
Amare Stoudemire,Boris Diaw,Goran Dragic,Grant Hill,Leandro Barbosa,Danny Granger,Jeff Foster,Marquis Daniels,T.J. Ford,Troy Murphy,3,0:28,IND,shot,,,,,,,,,,Marquis Daniels,,,,missed,,3pt,9,27
Amare Stoudemire,Boris Diaw,Goran Dragic,Grant Hill,Leandro Barbosa,Danny Granger,Jeff Foster,Marquis Daniels,T.J. Ford,Troy Murphy,3,0:27,PHX,rebound,,,,,,,,,,Leandro Barbosa,,,,,,def,,
Amare Stoudemire,Boris Diaw,Goran Dragic,Grant Hill,Leandro Barbosa,Danny Granger,Jeff Foster,Marquis Daniels,T.J. Ford,Troy Murphy,3,0:06,PHX,shot,,,,,,,,,,Grant Hill,,,,missed,,jump,26,21
Amare Stoudemire,Boris Diaw,Goran Dragic,Grant Hill,Leandro Barbosa,Danny Granger,Jeff Foster,Marquis Daniels,T.J. Ford,Troy Murphy,3,0:04,PHX,rebound,,,,,,,,,,Boris Diaw,,,,,,off,,
Amare Stoudemire,Boris Diaw,Goran Dragic,Grant Hill,Leandro Barbosa,Danny Granger,Jeff Foster,Marquis Daniels,T.J. Ford,Troy Murphy,3,0:04,PHX,shot,,,,,,,,,,Boris Diaw,2,,,made,,jump hook,24,15
Amare Stoudemire,Boris Diaw,Goran Dragic,Grant Hill,Leandro Barbosa,Danny Granger,Jeff Foster,Marquis Daniels,T.J. Ford,Troy Murphy,3,0:00,IND,shot,,,,,,,,,,T.J. Ford,,,,missed,,3pt,3,20
Amare Stoudemire,Boris Diaw,Goran Dragic,Grant Hill,Leandro Barbosa,Danny Granger,Jeff Foster,Marquis Daniels,T.J. Ford,Troy Murphy,3,0:00,IND,rebound,,,,,,,,,,,,,,,,,,
Amare Stoudemire,Boris Diaw,Goran Dragic,Grant Hill,Leandro Barbosa,Danny Granger,Jeff Foster,Marquis Daniels,T.J. Ford,Troy Murphy,4,11:44,PHX,shot,,,,,,,,,,Boris Diaw,,,,missed,,jump,31,10
Amare Stoudemire,Boris Diaw,Goran Dragic,Grant Hill,Leandro Barbosa,Danny Granger,Jeff Foster,Marquis Daniels,T.J. Ford,Troy Murphy,4,11:43,IND,rebound,,,,,,,,,,Troy Murphy,,,,,,def,,
Amare Stoudemire,Boris Diaw,Goran Dragic,Grant Hill,Leandro Barbosa,Danny Granger,Jeff Foster,Marquis Daniels,T.J. Ford,Troy Murphy,4,11:43,PHX,foul,,,,,,,,Troy Murphy,,Boris Diaw,,,,,,loose ball,,
Amare Stoudemire,Boris Diaw,Goran Dragic,Grant Hill,Leandro Barbosa,Danny Granger,Jeff Foster,Marquis Daniels,T.J. Ford,Troy Murphy,4,11:25,IND,shot,,,,,,,,,,Marquis Daniels,,,,missed,,jump,33,22
Amare Stoudemire,Boris Diaw,Goran Dragic,Grant Hill,Leandro Barbosa,Danny Granger,Jeff Foster,Marquis Daniels,T.J. Ford,Troy Murphy,4,11:24,PHX,rebound,,,,,,,,,,Amare Stoudemire,,,,,,def,,
Amare Stoudemire,Boris Diaw,Goran Dragic,Grant Hill,Leandro Barbosa,Danny Granger,Jeff Foster,Marquis Daniels,T.J. Ford,Troy Murphy,4,11:06,PHX,shot,,,,,,,,,,Leandro Barbosa,,,,missed,,3pt,9,27
Amare Stoudemire,Boris Diaw,Goran Dragic,Grant Hill,Leandro Barbosa,Danny Granger,Jeff Foster,Marquis Daniels,T.J. Ford,Troy Murphy,4,11:05,IND,rebound,,,,,,,,,,Jeff Foster,,,,,,def,,
Amare Stoudemire,Boris Diaw,Goran Dragic,Grant Hill,Leandro Barbosa,Danny Granger,Jeff Foster,Marquis Daniels,T.J. Ford,Troy Murphy,4,10:46,IND,shot,,,,,,,,,,Marquis Daniels,2,,,made,,jump,21,14
Amare Stoudemire,Boris Diaw,Goran Dragic,Grant Hill,Leandro Barbosa,Danny Granger,Jeff Foster,Marquis Daniels,T.J. Ford,Troy Murphy,4,10:27,PHX,shot,Boris Diaw,,,,,,,,,Grant Hill,2,,,made,,jump,43,6
Amare Stoudemire,Boris Diaw,Goran Dragic,Grant Hill,Leandro Barbosa,Danny Granger,Jeff Foster,Marquis Daniels,T.J. Ford,Troy Murphy,4,10:17,IND,shot,,,Boris Diaw,,,,,,,T.J. Ford,,,,missed,,jump,16,11
Amare Stoudemire,Boris Diaw,Goran Dragic,Grant Hill,Leandro Barbosa,Danny Granger,Jeff Foster,Marquis Daniels,T.J. Ford,Troy Murphy,4,10:15,PHX,rebound,,,,,,,,,,Goran Dragic,,,,,,def,,
Amare Stoudemire,Boris Diaw,Goran Dragic,Grant Hill,Leandro Barbosa,Danny Granger,Jeff Foster,Marquis Daniels,T.J. Ford,Troy Murphy,4,10:03,PHX,shot,,,,,,,,,,Goran Dragic,,,,missed,,layup,24,6
Amare Stoudemire,Boris Diaw,Goran Dragic,Grant Hill,Leandro Barbosa,Danny Granger,Jeff Foster,Marquis Daniels,T.J. Ford,Troy Murphy,4,10:02,IND,rebound,,,,,,,,,,Troy Murphy,,,,,,def,,
Amare Stoudemire,Boris Diaw,Goran Dragic,Grant Hill,Leandro Barbosa,Danny Granger,Jeff Foster,Marquis Daniels,T.J. Ford,Troy Murphy,4,9:49,PHX,foul,,,,,,,,Jeff Foster,,Leandro Barbosa,,,,,,shooting,,
Amare Stoudemire,Boris Diaw,Goran Dragic,Grant Hill,Leandro Barbosa,Danny Granger,Jeff Foster,Marquis Daniels,T.J. Ford,Troy Murphy,4,9:49,IND,free throw,,,,,,,1,,2,Jeff Foster,,,foul,made,,,,
Amare Stoudemire,Boris Diaw,Goran Dragic,Grant Hill,Leandro Barbosa,Jarrett Jack,Jeff Foster,Marquis Daniels,T.J. Ford,Troy Murphy,4,9:49,IND,sub,,,,Jarrett Jack,,Danny Granger,,,,,,,,,,,,
Amare Stoudemire,Boris Diaw,Goran Dragic,Grant Hill,Leandro Barbosa,Jarrett Jack,Jeff Foster,Marquis Daniels,T.J. Ford,Troy Murphy,4,9:49,IND,free throw,,,,,,,2,,2,Jeff Foster,,,foul,made,,,,
Amare Stoudemire,Boris Diaw,Goran Dragic,Grant Hill,Leandro Barbosa,Jarrett Jack,Jeff Foster,Marquis Daniels,T.J. Ford,Troy Murphy,4,9:32,PHX,shot,Grant Hill,,,,,,,,,Amare Stoudemire,2,,,made,,jump hook,22,8
Amare Stoudemire,Boris Diaw,Goran Dragic,Grant Hill,Leandro Barbosa,Jarrett Jack,Jeff Foster,Marquis Daniels,T.J. Ford,Troy Murphy,4,9:12,IND,shot,,,,,,,,,,Marquis Daniels,,,,missed,,jump,22,19
Amare Stoudemire,Boris Diaw,Goran Dragic,Grant Hill,Leandro Barbosa,Jarrett Jack,Jeff Foster,Marquis Daniels,T.J. Ford,Troy Murphy,4,9:11,PHX,rebound,,,,,,,,,,Amare Stoudemire,,,,,,def,,
Amare Stoudemire,Boris Diaw,Goran Dragic,Grant Hill,Leandro Barbosa,Jarrett Jack,Jeff Foster,Marquis Daniels,T.J. Ford,Troy Murphy,4,8:48,PHX,shot,,,,,,,,,,Boris Diaw,2,,,made,,jump hook,26,10
Amare Stoudemire,Boris Diaw,Goran Dragic,Grant Hill,Leandro Barbosa,Jarrett Jack,Jeff Foster,Marquis Daniels,T.J. Ford,Troy Murphy,4,8:35,IND,turnover,,,,,,,,,,Jarrett Jack,,,bad pass,,Leandro Barbosa,,,
Amare Stoudemire,Boris Diaw,Goran Dragic,Grant Hill,Leandro Barbosa,Jarrett Jack,Jeff Foster,Marquis Daniels,T.J. Ford,Troy Murphy,4,8:35,IND,foul,,,,,,,,Leandro Barbosa,,Jeff Foster,,,,,,loose ball,,
Amare Stoudemire,Boris Diaw,Goran Dragic,Grant Hill,Leandro Barbosa,Jarrett Jack,Jeff Foster,Marquis Daniels,T.J. Ford,Troy Murphy,4,8:35,OFF,timeout,,,,,,,,,,,,,,,,official,,
Amare Stoudemire,Boris Diaw,Goran Dragic,Grant Hill,Leandro Barbosa,Jarrett Jack,Jeff Foster,Marquis Daniels,Travis Diener,Troy Murphy,4,8:35,IND,sub,,,,Travis Diener,,T.J. Ford,,,,,,,,,,,,
Amare Stoudemire,Boris Diaw,Goran Dragic,Grant Hill,Leandro Barbosa,Danny Granger,Jarrett Jack,Jeff Foster,Marquis Daniels,Travis Diener,4,8:35,IND,sub,,,,Danny Granger,,Troy Murphy,,,,,,,,,,,,
Amare Stoudemire,Boris Diaw,Grant Hill,Leandro Barbosa,Steve Nash,Danny Granger,Jarrett Jack,Jeff Foster,Marquis Daniels,Travis Diener,4,8:35,PHX,sub,,,,Steve Nash,,Goran Dragic,,,,,,,,,,,,
Amare Stoudemire,Boris Diaw,Grant Hill,Leandro Barbosa,Steve Nash,Danny Granger,Jarrett Jack,Jeff Foster,Marquis Daniels,Travis Diener,4,8:21,PHX,shot,Steve Nash,,,,,,,,,Grant Hill,2,,,made,,jump,28,18
Amare Stoudemire,Boris Diaw,Grant Hill,Leandro Barbosa,Steve Nash,Danny Granger,Jarrett Jack,Jeff Foster,Marquis Daniels,Travis Diener,4,8:00,IND,shot,,,,,,,,,,Danny Granger,2,,,made,,pullup jump,8,11
Amare Stoudemire,Boris Diaw,Grant Hill,Leandro Barbosa,Steve Nash,Danny Granger,Jarrett Jack,Jeff Foster,Marquis Daniels,Travis Diener,4,7:32,PHX,shot,,,,,,,,,,Amare Stoudemire,,,,missed,,3pt,30,31
Amare Stoudemire,Boris Diaw,Grant Hill,Leandro Barbosa,Steve Nash,Danny Granger,Jarrett Jack,Jeff Foster,Marquis Daniels,Travis Diener,4,7:31,IND,rebound,,,,,,,,,,Danny Granger,,,,,,def,,
Amare Stoudemire,Boris Diaw,Grant Hill,Leandro Barbosa,Steve Nash,Danny Granger,Jarrett Jack,Jeff Foster,Marquis Daniels,Travis Diener,4,7:18,PHX,foul,,,,,,,,Danny Granger,,Boris Diaw,,,,,,shooting,,
Amare Stoudemire,Boris Diaw,Grant Hill,Raja Bell,Steve Nash,Danny Granger,Jarrett Jack,Jeff Foster,Marquis Daniels,Travis Diener,4,7:18,PHX,sub,,,,Raja Bell,,Leandro Barbosa,,,,,,,,,,,,
Amare Stoudemire,Boris Diaw,Grant Hill,Raja Bell,Steve Nash,Danny Granger,Jarrett Jack,Jeff Foster,Marquis Daniels,Travis Diener,4,7:18,IND,free throw,,,,,,,1,,2,Danny Granger,,,foul,missed,,,,
Amare Stoudemire,Boris Diaw,Grant Hill,Raja Bell,Steve Nash,Danny Granger,Jarrett Jack,Jeff Foster,Marquis Daniels,Travis Diener,4,7:18,IND,rebound,,,,,,,,,,,,,,,,,,
Amare Stoudemire,Boris Diaw,Grant Hill,Raja Bell,Steve Nash,Danny Granger,Jarrett Jack,Jeff Foster,Marquis Daniels,Travis Diener,4,7:18,PHX,violation,,,,,,,,,,Boris Diaw,,,,,,lane,,
Amare Stoudemire,Boris Diaw,Grant Hill,Raja Bell,Steve Nash,Danny Granger,Jarrett Jack,Jeff Foster,Marquis Daniels,Travis Diener,4,7:18,IND,free throw,,,,,,,2,,2,Danny Granger,,,foul,made,,,,
Amare Stoudemire,Boris Diaw,Grant Hill,Raja Bell,Steve Nash,Danny Granger,Jarrett Jack,Jeff Foster,Marquis Daniels,Travis Diener,4,7:01,PHX,turnover,,,,,,,,,,Boris Diaw,,,lost ball,,Travis Diener,,,
Amare Stoudemire,Boris Diaw,Grant Hill,Raja Bell,Steve Nash,Danny Granger,Jarrett Jack,Jeff Foster,Marquis Daniels,Travis Diener,4,6:54,IND,shot,,,,,,,,,,Travis Diener,,,,missed,,3pt,10,26
Amare Stoudemire,Boris Diaw,Grant Hill,Raja Bell,Steve Nash,Danny Granger,Jarrett Jack,Jeff Foster,Marquis Daniels,Travis Diener,4,6:52,IND,rebound,,,,,,,,,,Jeff Foster,,,,,,off,,
Amare Stoudemire,Boris Diaw,Grant Hill,Raja Bell,Steve Nash,Danny Granger,Jarrett Jack,Jeff Foster,Marquis Daniels,Travis Diener,4,6:47,PHX,foul,,,,,,,,Jarrett Jack,,Grant Hill,,,,,,shooting,,
Amare Stoudemire,Boris Diaw,Grant Hill,Raja Bell,Steve Nash,Danny Granger,Jarrett Jack,Jeff Foster,Marquis Daniels,Travis Diener,4,6:47,IND,free throw,,,,,,,1,,2,Jarrett Jack,,,foul,made,,,,
Amare Stoudemire,Boris Diaw,Grant Hill,Raja Bell,Steve Nash,Danny Granger,Jarrett Jack,Jeff Foster,Marquis Daniels,Travis Diener,4,6:47,IND,free throw,,,,,,,2,,2,Jarrett Jack,,,foul,made,,,,
Amare Stoudemire,Boris Diaw,Grant Hill,Raja Bell,Steve Nash,Danny Granger,Jarrett Jack,Jeff Foster,Marquis Daniels,Travis Diener,4,6:33,PHX,shot,,,,,,,,,,Boris Diaw,,,,missed,,jump,18,6
Amare Stoudemire,Boris Diaw,Grant Hill,Raja Bell,Steve Nash,Danny Granger,Jarrett Jack,Jeff Foster,Marquis Daniels,Travis Diener,4,6:32,IND,rebound,,,,,,,,,,Travis Diener,,,,,,def,,
Amare Stoudemire,Boris Diaw,Grant Hill,Raja Bell,Steve Nash,Danny Granger,Jarrett Jack,Jeff Foster,Marquis Daniels,Travis Diener,4,6:11,IND,shot,,,Grant Hill,,,,,,,Marquis Daniels,,,,missed,,jump,12,9
Amare Stoudemire,Boris Diaw,Grant Hill,Raja Bell,Steve Nash,Danny Granger,Jarrett Jack,Jeff Foster,Marquis Daniels,Travis Diener,4,6:11,IND,rebound,,,,,,,,,,,,,,,,,,
Amare Stoudemire,Boris Diaw,Grant Hill,Raja Bell,Steve Nash,Danny Granger,Jarrett Jack,Jeff Foster,Marquis Daniels,Travis Diener,4,6:08,IND,shot,,,Grant Hill,,,,,,,Marquis Daniels,,,,missed,,3pt,1,7
Amare Stoudemire,Boris Diaw,Grant Hill,Raja Bell,Steve Nash,Danny Granger,Jarrett Jack,Jeff Foster,Marquis Daniels,Travis Diener,4,6:08,IND,rebound,,,,,,,,,,,,,,,,,,
Amare Stoudemire,Boris Diaw,Grant Hill,Raja Bell,Steve Nash,Danny Granger,Jarrett Jack,Jeff Foster,Marquis Daniels,Travis Diener,4,6:08,IND,turnover,,,,,,,,,,,,,shot clock turnover,,,,,
Amare Stoudemire,Boris Diaw,Grant Hill,Raja Bell,Steve Nash,Danny Granger,Jarrett Jack,Jeff Foster,Marquis Daniels,Travis Diener,4,6:08,PHX,timeout,,,,,,,,,,,,,,,,regular,,
Amare Stoudemire,Boris Diaw,Grant Hill,Raja Bell,Steve Nash,Danny Granger,Jarrett Jack,Jeff Foster,Marquis Daniels,Travis Diener,4,5:59,PHX,shot,,,,,,,,,,Amare Stoudemire,2,,,made,,driving slam dunk,23,7
Amare Stoudemire,Boris Diaw,Grant Hill,Raja Bell,Steve Nash,Danny Granger,Jarrett Jack,Jeff Foster,Marquis Daniels,Travis Diener,4,5:55,IND,foul,,,,,,,,,,Travis Diener,,,,,,technical,,
Amare Stoudemire,Boris Diaw,Grant Hill,Raja Bell,Steve Nash,Danny Granger,Jarrett Jack,Jeff Foster,Marquis Daniels,Travis Diener,4,5:55,PHX,free throw,,,,,,,1,,1,Steve Nash,,,technical,made,,,,
Amare Stoudemire,Boris Diaw,Grant Hill,Raja Bell,Steve Nash,Danny Granger,Jarrett Jack,Jeff Foster,Marquis Daniels,Travis Diener,4,5:45,PHX,violation,,,,,,,,,,Grant Hill,,,,,,kicked ball,,
Amare Stoudemire,Boris Diaw,Grant Hill,Raja Bell,Steve Nash,Danny Granger,Jarrett Jack,Jeff Foster,Marquis Daniels,T.J. Ford,4,5:45,IND,sub,,,,T.J. Ford,,Travis Diener,,,,,,,,,,,,
Amare Stoudemire,Boris Diaw,Grant Hill,Raja Bell,Steve Nash,Danny Granger,Jarrett Jack,Jeff Foster,Marquis Daniels,T.J. Ford,4,5:35,IND,shot,,,,,,,,,,T.J. Ford,,,,missed,,jump,17,13
Amare Stoudemire,Boris Diaw,Grant Hill,Raja Bell,Steve Nash,Danny Granger,Jarrett Jack,Jeff Foster,Marquis Daniels,T.J. Ford,4,5:34,PHX,rebound,,,,,,,,,,Amare Stoudemire,,,,,,def,,
Amare Stoudemire,Boris Diaw,Grant Hill,Raja Bell,Steve Nash,Danny Granger,Jarrett Jack,Jeff Foster,Marquis Daniels,T.J. Ford,4,5:12,PHX,shot,,,,,,,,,,Boris Diaw,,,,missed,,jump,35,20
Amare Stoudemire,Boris Diaw,Grant Hill,Raja Bell,Steve Nash,Danny Granger,Jarrett Jack,Jeff Foster,Marquis Daniels,T.J. Ford,4,5:11,IND,rebound,,,,,,,,,,Marquis Daniels,,,,,,def,,
Amare Stoudemire,Boris Diaw,Grant Hill,Raja Bell,Steve Nash,Danny Granger,Jarrett Jack,Jeff Foster,Marquis Daniels,T.J. Ford,4,5:01,IND,shot,Jeff Foster,,,,,,,,,Danny Granger,2,,,made,,jump,28,22
Amare Stoudemire,Boris Diaw,Grant Hill,Raja Bell,Steve Nash,Danny Granger,Jarrett Jack,Jeff Foster,Marquis Daniels,T.J. Ford,4,4:46,PHX,turnover,,,,,,,,,,Steve Nash,,,bad pass,,Marquis Daniels,,,
Amare Stoudemire,Boris Diaw,Grant Hill,Raja Bell,Steve Nash,Danny Granger,Jarrett Jack,Jeff Foster,Marquis Daniels,T.J. Ford,4,4:42,IND,shot,,,Boris Diaw,,,,,,,Danny Granger,,,,missed,,layup,24,6
Amare Stoudemire,Boris Diaw,Grant Hill,Raja Bell,Steve Nash,Danny Granger,Jarrett Jack,Jeff Foster,Marquis Daniels,T.J. Ford,4,4:40,PHX,rebound,,,,,,,,,,Raja Bell,,,,,,def,,
Amare Stoudemire,Boris Diaw,Grant Hill,Raja Bell,Steve Nash,Danny Granger,Jarrett Jack,Jeff Foster,Marquis Daniels,T.J. Ford,4,4:40,IND,foul,,,,,,,,Raja Bell,,Danny Granger,,,,,,personal,,
Amare Stoudemire,Boris Diaw,Grant Hill,Raja Bell,Steve Nash,Danny Granger,Jarrett Jack,Jeff Foster,Marquis Daniels,T.J. Ford,4,4:25,PHX,shot,Steve Nash,,,,,,,,,Boris Diaw,2,,,made,,dunk,25,6
Amare Stoudemire,Boris Diaw,Grant Hill,Raja Bell,Steve Nash,Danny Granger,Jarrett Jack,Jeff Foster,Marquis Daniels,T.J. Ford,4,4:06,IND,shot,,,Grant Hill,,,,,,,Jarrett Jack,,,,missed,,layup,24,6
Amare Stoudemire,Boris Diaw,Grant Hill,Raja Bell,Steve Nash,Danny Granger,Jarrett Jack,Jeff Foster,Marquis Daniels,T.J. Ford,4,4:04,PHX,rebound,,,,,,,,,,Steve Nash,,,,,,def,,
Amare Stoudemire,Boris Diaw,Grant Hill,Raja Bell,Steve Nash,Danny Granger,Jarrett Jack,Jeff Foster,Marquis Daniels,T.J. Ford,4,3:47,PHX,shot,,,,,,,,,,Boris Diaw,,,,missed,,3pt,0,5
Amare Stoudemire,Boris Diaw,Grant Hill,Raja Bell,Steve Nash,Danny Granger,Jarrett Jack,Jeff Foster,Marquis Daniels,T.J. Ford,4,3:46,IND,rebound,,,,,,,,,,Jarrett Jack,,,,,,def,,
Amare Stoudemire,Boris Diaw,Grant Hill,Raja Bell,Steve Nash,Danny Granger,Jarrett Jack,Jeff Foster,Marquis Daniels,T.J. Ford,4,3:32,IND,shot,,,,,,,,,,Marquis Daniels,,,,missed,,3pt,1,4
Amare Stoudemire,Boris Diaw,Grant Hill,Raja Bell,Steve Nash,Danny Granger,Jarrett Jack,Jeff Foster,Marquis Daniels,T.J. Ford,4,3:31,PHX,rebound,,,,,,,,,,Amare Stoudemire,,,,,,def,,
Amare Stoudemire,Boris Diaw,Grant Hill,Raja Bell,Steve Nash,Danny Granger,Jarrett Jack,Jeff Foster,Marquis Daniels,T.J. Ford,4,3:07,PHX,shot,,,Danny Granger,,,,,,,Amare Stoudemire,,,,missed,,layup,24,5
Amare Stoudemire,Boris Diaw,Grant Hill,Raja Bell,Steve Nash,Danny Granger,Jarrett Jack,Jeff Foster,Marquis Daniels,T.J. Ford,4,3:07,PHX,rebound,,,,,,,,,,,,,,,,,,
Amare Stoudemire,Boris Diaw,Grant Hill,Raja Bell,Steve Nash,Danny Granger,Jarrett Jack,Jeff Foster,Marquis Daniels,T.J. Ford,4,3:07,PHX,turnover,,,,,,,,,,,,,shot clock turnover,,,,,
Amare Stoudemire,Boris Diaw,Grant Hill,Raja Bell,Steve Nash,Danny Granger,Jarrett Jack,Jeff Foster,Marquis Daniels,T.J. Ford,4,2:57,IND,shot,,,,,,,,,,Danny Granger,2,,,made,,fade away jumper,13,16
Amare Stoudemire,Boris Diaw,Grant Hill,Raja Bell,Steve Nash,Danny Granger,Jarrett Jack,Jeff Foster,Marquis Daniels,T.J. Ford,4,2:43,PHX,shot,Boris Diaw,,,,,,,,,Steve Nash,2,,,made,,driving finger roll layup,26,5
Amare Stoudemire,Boris Diaw,Grant Hill,Raja Bell,Steve Nash,Danny Granger,Jarrett Jack,Jeff Foster,Marquis Daniels,T.J. Ford,4,2:28,IND,shot,,,,,,,,,,T.J. Ford,,,,missed,,3pt,48,5
Amare Stoudemire,Boris Diaw,Grant Hill,Raja Bell,Steve Nash,Danny Granger,Jarrett Jack,Jeff Foster,Marquis Daniels,T.J. Ford,4,2:27,IND,rebound,,,,,,,,,,Marquis Daniels,,,,,,off,,
Amare Stoudemire,Boris Diaw,Grant Hill,Raja Bell,Steve Nash,Danny Granger,Jarrett Jack,Jeff Foster,Marquis Daniels,T.J. Ford,4,2:25,IND,shot,,,,,,,,,,Marquis Daniels,2,,,made,,layup,24,5
Amare Stoudemire,Boris Diaw,Grant Hill,Raja Bell,Steve Nash,Danny Granger,Jarrett Jack,Jeff Foster,Marquis Daniels,T.J. Ford,4,2:25,PHX,foul,,,,,,,,Marquis Daniels,,Amare Stoudemire,,,,,,shooting,,
Amare Stoudemire,Boris Diaw,Grant Hill,Raja Bell,Steve Nash,Danny Granger,Jarrett Jack,Jeff Foster,Marquis Daniels,T.J. Ford,4,2:25,IND,timeout,,,,,,,,,,,,,,,,regular,,
Amare Stoudemire,Boris Diaw,Grant Hill,Raja Bell,Steve Nash,Brandon Rush,Danny Granger,Jeff Foster,Marquis Daniels,T.J. Ford,4,2:25,IND,sub,,,,Brandon Rush,,Jarrett Jack,,,,,,,,,,,,
Amare Stoudemire,Boris Diaw,Grant Hill,Raja Bell,Steve Nash,Brandon Rush,Danny Granger,Jeff Foster,Marquis Daniels,T.J. Ford,4,2:25,IND,free throw,,,,,,,1,,1,Marquis Daniels,,,foul,made,,,,
Amare Stoudemire,Boris Diaw,Grant Hill,Raja Bell,Steve Nash,Brandon Rush,Danny Granger,Jeff Foster,Marquis Daniels,T.J. Ford,4,2:02,IND,foul,,,,,,,,Raja Bell,,Brandon Rush,,,,,,personal,,
Amare Stoudemire,Boris Diaw,Grant Hill,Raja Bell,Steve Nash,Brandon Rush,Danny Granger,Jeff Foster,Marquis Daniels,T.J. Ford,4,1:54,PHX,shot,Steve Nash,,,,,,,,,Boris Diaw,2,,,made,,reverse layup,24,5
Amare Stoudemire,Boris Diaw,Grant Hill,Raja Bell,Steve Nash,Brandon Rush,Danny Granger,Jeff Foster,Marquis Daniels,T.J. Ford,4,1:47,PHX,foul,,,,,,,,T.J. Ford,,Steve Nash,,,,,,personal,,
Amare Stoudemire,Boris Diaw,Grant Hill,Raja Bell,Steve Nash,Brandon Rush,Danny Granger,Jeff Foster,Marquis Daniels,T.J. Ford,4,1:47,IND,free throw,,,,,,,1,,2,T.J. Ford,,,foul,made,,,,
Amare Stoudemire,Boris Diaw,Grant Hill,Raja Bell,Steve Nash,Brandon Rush,Danny Granger,Jeff Foster,Marquis Daniels,T.J. Ford,4,1:47,IND,free throw,,,,,,,2,,2,T.J. Ford,,,foul,missed,,,,
Amare Stoudemire,Boris Diaw,Grant Hill,Raja Bell,Steve Nash,Brandon Rush,Danny Granger,Jeff Foster,Marquis Daniels,T.J. Ford,4,1:46,PHX,rebound,,,,,,,,,,Amare Stoudemire,,,,,,def,,
Amare Stoudemire,Boris Diaw,Grant Hill,Raja Bell,Steve Nash,Brandon Rush,Danny Granger,Jeff Foster,Marquis Daniels,T.J. Ford,4,1:35,IND,foul,,,,,,,,Amare Stoudemire,,Jeff Foster,,,,,,shooting,,
Amare Stoudemire,Boris Diaw,Grant Hill,Raja Bell,Steve Nash,Brandon Rush,Danny Granger,Marquis Daniels,T.J. Ford,Troy Murphy,4,1:35,IND,sub,,,,Troy Murphy,,Jeff Foster,,,,,,,,,,,,
Amare Stoudemire,Boris Diaw,Grant Hill,Raja Bell,Steve Nash,Brandon Rush,Danny Granger,Marquis Daniels,T.J. Ford,Troy Murphy,4,1:35,PHX,free throw,,,,,,,1,,2,Amare Stoudemire,,,foul,made,,,,
Amare Stoudemire,Boris Diaw,Grant Hill,Raja Bell,Steve Nash,Brandon Rush,Danny Granger,Marquis Daniels,T.J. Ford,Troy Murphy,4,1:35,PHX,free throw,,,,,,,2,,2,Amare Stoudemire,,,foul,made,,,,
Amare Stoudemire,Boris Diaw,Grant Hill,Raja Bell,Steve Nash,Brandon Rush,Danny Granger,Marquis Daniels,T.J. Ford,Troy Murphy,4,1:23,IND,turnover,,,,,,,,,,Danny Granger,,,bad pass,,Grant Hill,,,
Amare Stoudemire,Boris Diaw,Grant Hill,Raja Bell,Steve Nash,Brandon Rush,Danny Granger,Marquis Daniels,T.J. Ford,Troy Murphy,4,1:08,IND,foul,,,,,,,,Amare Stoudemire,,Danny Granger,,,,,,shooting,,
Amare Stoudemire,Boris Diaw,Grant Hill,Raja Bell,Steve Nash,Brandon Rush,Jarrett Jack,Marquis Daniels,T.J. Ford,Troy Murphy,4,1:08,IND,sub,,,,Jarrett Jack,,Danny Granger,,,,,,,,,,,,
Amare Stoudemire,Boris Diaw,Grant Hill,Raja Bell,Steve Nash,Brandon Rush,Jarrett Jack,Marquis Daniels,T.J. Ford,Troy Murphy,4,1:08,PHX,free throw,,,,,,,1,,2,Amare Stoudemire,,,foul,made,,,,
Amare Stoudemire,Boris Diaw,Grant Hill,Raja Bell,Steve Nash,Brandon Rush,Jarrett Jack,Marquis Daniels,T.J. Ford,Troy Murphy,4,1:08,PHX,free throw,,,,,,,2,,2,Amare Stoudemire,,,foul,made,,,,
Amare Stoudemire,Boris Diaw,Grant Hill,Raja Bell,Steve Nash,Brandon Rush,Jarrett Jack,Marquis Daniels,T.J. Ford,Troy Murphy,4,1:01,IND,turnover,,,,,,,,,,Troy Murphy,,,lost ball,,Amare Stoudemire,,,
Amare Stoudemire,Boris Diaw,Grant Hill,Raja Bell,Steve Nash,Brandon Rush,Jarrett Jack,Marquis Daniels,T.J. Ford,Troy Murphy,4,0:37,PHX,shot,,,,,,,,,,Grant Hill,,,,missed,,jump,6,8
Amare Stoudemire,Boris Diaw,Grant Hill,Raja Bell,Steve Nash,Brandon Rush,Jarrett Jack,Marquis Daniels,T.J. Ford,Troy Murphy,4,0:36,IND,rebound,,,,,,,,,,Troy Murphy,,,,,,def,,
Amare Stoudemire,Boris Diaw,Grant Hill,Raja Bell,Steve Nash,Brandon Rush,Jarrett Jack,Marquis Daniels,T.J. Ford,Troy Murphy,4,0:25,IND,shot,,,,,,,,,,Marquis Daniels,2,,,made,,driving finger roll layup,25,5
Amare Stoudemire,Boris Diaw,Grant Hill,Raja Bell,Steve Nash,Brandon Rush,Jarrett Jack,Marquis Daniels,T.J. Ford,Troy Murphy,4,0:18,IND,foul,,,,,,,,Steve Nash,,T.J. Ford,,,,,,personal,,
Amare Stoudemire,Boris Diaw,Grant Hill,Raja Bell,Steve Nash,Brandon Rush,Jarrett Jack,Marquis Daniels,T.J. Ford,Troy Murphy,4,0:18,PHX,free throw,,,,,,,1,,2,Steve Nash,,,foul,made,,,,
Amare Stoudemire,Boris Diaw,Grant Hill,Raja Bell,Steve Nash,Brandon Rush,Jarrett Jack,Marquis Daniels,T.J. Ford,Troy Murphy,4,0:18,PHX,free throw,,,,,,,2,,2,Steve Nash,,,foul,missed,,,,
Amare Stoudemire,Boris Diaw,Grant Hill,Raja Bell,Steve Nash,Brandon Rush,Jarrett Jack,Marquis Daniels,T.J. Ford,Troy Murphy,4,0:16,IND,rebound,,,,,,,,,,Marquis Daniels,,,,,,def,,
Amare Stoudemire,Boris Diaw,Grant Hill,Raja Bell,Steve Nash,Brandon Rush,Jarrett Jack,Marquis Daniels,T.J. Ford,Troy Murphy,4,0:12,IND,shot,,,,,,,,,,Jarrett Jack,,,,missed,,3pt,9,25
Amare Stoudemire,Boris Diaw,Grant Hill,Raja Bell,Steve Nash,Brandon Rush,Jarrett Jack,Marquis Daniels,T.J. Ford,Troy Murphy,4,0:11,PHX,rebound,,,,,,,,,,Grant Hill,,,,,,def,,
Amare Stoudemire,Boris Diaw,Grant Hill,Raja Bell,Steve Nash,Brandon Rush,Jarrett Jack,Marquis Daniels,T.J. Ford,Troy Murphy,4,0:10,IND,foul,,,,,,,,Grant Hill,,Marquis Daniels,,,,,,personal,,
Amare Stoudemire,Boris Diaw,Grant Hill,Raja Bell,Steve Nash,Brandon Rush,Jarrett Jack,Marquis Daniels,T.J. Ford,Troy Murphy,4,0:10,PHX,free throw,,,,,,,1,,2,Grant Hill,,,foul,missed,,,,
Amare Stoudemire,Boris Diaw,Grant Hill,Raja Bell,Steve Nash,Brandon Rush,Jarrett Jack,Marquis Daniels,T.J. Ford,Troy Murphy,4,0:10,PHX,rebound,,,,,,,,,,,,,,,,,,
Amare Stoudemire,Boris Diaw,Grant Hill,Raja Bell,Steve Nash,Brandon Rush,Jarrett Jack,Marquis Daniels,T.J. Ford,Troy Murphy,4,0:10,PHX,free throw,,,,,,,2,,2,Grant Hill,,,foul,made,,,,
Amare Stoudemire,Boris Diaw,Grant Hill,Raja Bell,Steve Nash,Brandon Rush,Jarrett Jack,Marquis Daniels,T.J. Ford,Troy Murphy,4,0:02,IND,shot,,,,,,,,,,Jarrett Jack,,,,missed,,3pt,6,26
Amare Stoudemire,Boris Diaw,Grant Hill,Raja Bell,Steve Nash,Brandon Rush,Jarrett Jack,Marquis Daniels,T.J. Ford,Troy Murphy,4,0:01,IND,rebound,,,,,,,,,,Troy Murphy,,,,,,off,,
Amare Stoudemire,Boris Diaw,Grant Hill,Raja Bell,Steve Nash,Brandon Rush,Jarrett Jack,Marquis Daniels,T.J. Ford,Troy Murphy,4,0:00,IND,shot,,,,,,,,,,Marquis Daniels,,,,missed,,3pt,25,33
Amare Stoudemire,Boris Diaw,Grant Hill,Raja Bell,Steve Nash,Brandon Rush,Jarrett Jack,Marquis Daniels,T.J. Ford,Troy Murphy,4,0:00,IND,rebound,,,,,,,,,,,,,,,,,,
