a1,a2,a3,a4,a5,h1,h2,h3,h4,h5,period,time,team,etype,assist,away,block,entered,home,left,num,opponent,outof,player,points,possession,reason,result,steal,type,x,y
Chris Paul,David West,Hilton Armstrong,Peja Stojakovic,Rasual Butler,Kendrick Perkins,Kevin Garnett,Paul Pierce,Rajon Rondo,Ray Allen,1,12:00,OFF,jump ball,,Hilton Armstrong,,,Kendrick Perkins,,,,,,,Rajon Rondo,,,,,,
Chris Paul,David West,Hilton Armstrong,Peja Stojakovic,Rasual Butler,Kendrick Perkins,Kevin Garnett,Paul Pierce,Rajon Rondo,Ray Allen,1,11:43,BOS,shot,,,,,,,,,,Paul Pierce,,,,missed,,jump,16,15
Chris Paul,David West,Hilton Armstrong,Peja Stojakovic,Rasual Butler,Kendrick Perkins,Kevin Garnett,Paul Pierce,Rajon Rondo,Ray Allen,1,11:42,BOS,rebound,,,,,,,,,,Rajon Rondo,,,,,,off,,
Chris Paul,David West,Hilton Armstrong,Peja Stojakovic,Rasual Butler,Kendrick Perkins,Kevin Garnett,Paul Pierce,Rajon Rondo,Ray Allen,1,11:40,BOS,shot,,,,,,,,,,Rajon Rondo,,,,missed,,layup,25,6
Chris Paul,David West,Hilton Armstrong,Peja Stojakovic,Rasual Butler,Kendrick Perkins,Kevin Garnett,Paul Pierce,Rajon Rondo,Ray Allen,1,11:40,NOH,rebound,,,,,,,,,,Hilton Armstrong,,,,,,def,,
Chris Paul,David West,Hilton Armstrong,Peja Stojakovic,Rasual Butler,Kendrick Perkins,Kevin Garnett,Paul Pierce,Rajon Rondo,Ray Allen,1,11:19,NOH,shot,,,,,,,,,,David West,,,,missed,,step back jump,32,16
Chris Paul,David West,Hilton Armstrong,Peja Stojakovic,Rasual Butler,Kendrick Perkins,Kevin Garnett,Paul Pierce,Rajon Rondo,Ray Allen,1,11:18,BOS,rebound,,,,,,,,,,Paul Pierce,,,,,,def,,
Chris Paul,David West,Hilton Armstrong,Peja Stojakovic,Rasual Butler,Kendrick Perkins,Kevin Garnett,Paul Pierce,Rajon Rondo,Ray Allen,1,11:06,BOS,shot,,,,,,,,,,Kevin Garnett,2,,,made,,turnaround fade away,33,7
Chris Paul,David West,Hilton Armstrong,Peja Stojakovic,Rasual Butler,Kendrick Perkins,Kevin Garnett,Paul Pierce,Rajon Rondo,Ray Allen,1,10:50,NOH,shot,,,,,,,,,,Rasual Butler,,,,missed,,layup,22,6
Chris Paul,David West,Hilton Armstrong,Peja Stojakovic,Rasual Butler,Kendrick Perkins,Kevin Garnett,Paul Pierce,Rajon Rondo,Ray Allen,1,10:49,BOS,rebound,,,,,,,,,,Kendrick Perkins,,,,,,def,,
Chris Paul,David West,Hilton Armstrong,Peja Stojakovic,Rasual Butler,Kendrick Perkins,Kevin Garnett,Paul Pierce,Rajon Rondo,Ray Allen,1,10:30,BOS,shot,,,,,,,,,,Ray Allen,,,,missed,,3pt,46,19
Chris Paul,David West,Hilton Armstrong,Peja Stojakovic,Rasual Butler,Kendrick Perkins,Kevin Garnett,Paul Pierce,Rajon Rondo,Ray Allen,1,10:29,BOS,rebound,,,,,,,,,,Kendrick Perkins,,,,,,off,,
Chris Paul,David West,Hilton Armstrong,Peja Stojakovic,Rasual Butler,Kendrick Perkins,Kevin Garnett,Paul Pierce,Rajon Rondo,Ray Allen,1,10:26,BOS,shot,,,,,,,,,,Kendrick Perkins,,,,missed,,putback layup,23,6
Chris Paul,David West,Hilton Armstrong,Peja Stojakovic,Rasual Butler,Kendrick Perkins,Kevin Garnett,Paul Pierce,Rajon Rondo,Ray Allen,1,10:25,BOS,rebound,,,,,,,,,,Rajon Rondo,,,,,,off,,
Chris Paul,David West,Hilton Armstrong,Peja Stojakovic,Rasual Butler,Kendrick Perkins,Kevin Garnett,Paul Pierce,Rajon Rondo,Ray Allen,1,10:21,BOS,shot,,,,,,,,,,Ray Allen,,,,missed,,layup,26,8
Chris Paul,David West,Hilton Armstrong,Peja Stojakovic,Rasual Butler,Kendrick Perkins,Kevin Garnett,Paul Pierce,Rajon Rondo,Ray Allen,1,10:19,NOH,rebound,,,,,,,,,,,,,,,,,,
Chris Paul,David West,Hilton Armstrong,Peja Stojakovic,Rasual Butler,Kendrick Perkins,Kevin Garnett,Paul Pierce,Rajon Rondo,Ray Allen,1,10:06,BOS,foul,,,,,,,,Chris Paul,,Rajon Rondo,,,,,,personal,,
Chris Paul,David West,Hilton Armstrong,Peja Stojakovic,Rasual Butler,Kendrick Perkins,Kevin Garnett,Paul Pierce,Rajon Rondo,Ray Allen,1,10:00,NOH,shot,,,,,,,,,,Peja Stojakovic,,,,missed,,3pt,38,27
Chris Paul,David West,Hilton Armstrong,Peja Stojakovic,Rasual Butler,Kendrick Perkins,Kevin Garnett,Paul Pierce,Rajon Rondo,Ray Allen,1,9:59,BOS,rebound,,,,,,,,,,Kevin Garnett,,,,,,def,,
Chris Paul,David West,Hilton Armstrong,Peja Stojakovic,Rasual Butler,Kendrick Perkins,Kevin Garnett,Paul Pierce,Rajon Rondo,Ray Allen,1,9:38,BOS,shot,,,,,,,,,,Paul Pierce,,,,missed,,layup,26,6
Chris Paul,David West,Hilton Armstrong,Peja Stojakovic,Rasual Butler,Kendrick Perkins,Kevin Garnett,Paul Pierce,Rajon Rondo,Ray Allen,1,9:37,NOH,rebound,,,,,,,,,,David West,,,,,,def,,
Chris Paul,David West,Hilton Armstrong,Peja Stojakovic,Rasual Butler,Kendrick Perkins,Kevin Garnett,Paul Pierce,Rajon Rondo,Ray Allen,1,9:25,NOH,shot,,,,,,,,,,Peja Stojakovic,,,,missed,,jump,40,5
Chris Paul,David West,Hilton Armstrong,Peja Stojakovic,Rasual Butler,Kendrick Perkins,Kevin Garnett,Paul Pierce,Rajon Rondo,Ray Allen,1,9:24,BOS,rebound,,,,,,,,,,Paul Pierce,,,,,,def,,
Chris Paul,David West,Hilton Armstrong,Peja Stojakovic,Rasual Butler,Kendrick Perkins,Kevin Garnett,Paul Pierce,Rajon Rondo,Ray Allen,1,9:19,BOS,foul,,,,,,,,Rasual Butler,,Kendrick Perkins,,,,,,offensive,,
Chris Paul,David West,Hilton Armstrong,Peja Stojakovic,Rasual Butler,Kendrick Perkins,Kevin Garnett,Paul Pierce,Rajon Rondo,Ray Allen,1,9:19,BOS,turnover,,,,,,,,,,Kendrick Perkins,,,foul,,,,,
Chris Paul,David West,Hilton Armstrong,Peja Stojakovic,Rasual Butler,Kendrick Perkins,Kevin Garnett,Paul Pierce,Rajon Rondo,Ray Allen,1,9:06,NOH,shot,Chris Paul,,,,,,,,,Rasual Butler,3,,,made,,3pt,47,8
Chris Paul,David West,Hilton Armstrong,Peja Stojakovic,Rasual Butler,Kendrick Perkins,Kevin Garnett,Paul Pierce,Rajon Rondo,Ray Allen,1,8:55,NOH,foul,,,,,,,,Kevin Garnett,,Rasual Butler,,,,,,personal,,
Chris Paul,David West,Hilton Armstrong,Peja Stojakovic,Rasual Butler,Kendrick Perkins,Kevin Garnett,Paul Pierce,Rajon Rondo,Ray Allen,1,8:38,BOS,shot,Rajon Rondo,,,,,,,,,Kevin Garnett,2,,,made,,layup,26,6
Chris Paul,David West,Hilton Armstrong,Peja Stojakovic,Rasual Butler,Kendrick Perkins,Kevin Garnett,Paul Pierce,Rajon Rondo,Ray Allen,1,8:22,NOH,turnover,,,,,,,,,,Chris Paul,,,lost ball,,Rajon Rondo,,,
Chris Paul,David West,Hilton Armstrong,Peja Stojakovic,Rasual Butler,Kendrick Perkins,Kevin Garnett,Paul Pierce,Rajon Rondo,Ray Allen,1,8:19,BOS,shot,,,,,,,,,,Rajon Rondo,2,,,made,,dunk,25,7
Chris Paul,David West,Hilton Armstrong,Peja Stojakovic,Rasual Butler,Kendrick Perkins,Kevin Garnett,Paul Pierce,Rajon Rondo,Ray Allen,1,8:01,NOH,shot,,,,,,,,,,Hilton Armstrong,2,,,made,,driving dunk,24,6
Chris Paul,David West,Hilton Armstrong,Peja Stojakovic,Rasual Butler,Kendrick Perkins,Kevin Garnett,Paul Pierce,Rajon Rondo,Ray Allen,1,7:45,BOS,shot,,,,,,,,,,Paul Pierce,2,,,made,,driving layup,26,7
Chris Paul,David West,Hilton Armstrong,Peja Stojakovic,Rasual Butler,Kendrick Perkins,Kevin Garnett,Paul Pierce,Rajon Rondo,Ray Allen,1,7:29,BOS,foul,,,,,,,,David West,,Kevin Garnett,,,,,,shooting,,
Chris Paul,David West,Hilton Armstrong,Peja Stojakovic,Rasual Butler,Kendrick Perkins,Kevin Garnett,Paul Pierce,Rajon Rondo,Ray Allen,1,7:29,NOH,free throw,,,,,,,1,,2,David West,,,foul,missed,,,,
Chris Paul,David West,Hilton Armstrong,Peja Stojakovic,Rasual Butler,Kendrick Perkins,Kevin Garnett,Paul Pierce,Rajon Rondo,Ray Allen,1,7:29,NOH,rebound,,,,,,,,,,,,,,,,,,
Chris Paul,David West,Hilton Armstrong,Peja Stojakovic,Rasual Butler,Kendrick Perkins,Kevin Garnett,Paul Pierce,Rajon Rondo,Ray Allen,1,7:29,NOH,free throw,,,,,,,2,,2,David West,,,foul,made,,,,
Chris Paul,David West,Hilton Armstrong,Peja Stojakovic,Rasual Butler,Kendrick Perkins,Kevin Garnett,Paul Pierce,Rajon Rondo,Ray Allen,1,7:06,BOS,shot,,,,,,,,,,Paul Pierce,,,,missed,,3pt,34,29
Chris Paul,David West,Hilton Armstrong,Peja Stojakovic,Rasual Butler,Kendrick Perkins,Kevin Garnett,Paul Pierce,Rajon Rondo,Ray Allen,1,7:05,BOS,rebound,,,,,,,,,,Kendrick Perkins,,,,,,off,,
Chris Paul,David West,Hilton Armstrong,Peja Stojakovic,Rasual Butler,Kendrick Perkins,Kevin Garnett,Paul Pierce,Rajon Rondo,Ray Allen,1,7:01,BOS,turnover,,,,,,,,,,Kendrick Perkins,,,lost ball,,Hilton Armstrong,,,
Chris Paul,David West,Hilton Armstrong,Peja Stojakovic,Rasual Butler,Kendrick Perkins,Kevin Garnett,Paul Pierce,Rajon Rondo,Ray Allen,1,6:58,NOH,shot,Chris Paul,,,,,,,,,David West,2,,,made,,slam dunk,25,6
Chris Paul,David West,Hilton Armstrong,Peja Stojakovic,Rasual Butler,Kendrick Perkins,Kevin Garnett,Paul Pierce,Rajon Rondo,Ray Allen,1,6:34,BOS,turnover,,,,,,,,,,Rajon Rondo,,,lost ball,,Peja Stojakovic,,,
Chris Paul,David West,Hilton Armstrong,Peja Stojakovic,Rasual Butler,Kendrick Perkins,Kevin Garnett,Paul Pierce,Rajon Rondo,Ray Allen,1,6:26,NOH,shot,,,,,,,,,,Chris Paul,2,,,made,,pullup jump,17,17
Chris Paul,David West,Hilton Armstrong,Peja Stojakovic,Rasual Butler,Kendrick Perkins,Kevin Garnett,Paul Pierce,Rajon Rondo,Ray Allen,1,6:03,BOS,shot,,,,,,,,,,Kendrick Perkins,,,,missed,,jump,22,6
Chris Paul,David West,Hilton Armstrong,Peja Stojakovic,Rasual Butler,Kendrick Perkins,Kevin Garnett,Paul Pierce,Rajon Rondo,Ray Allen,1,6:02,NOH,rebound,,,,,,,,,,David West,,,,,,def,,
Chris Paul,David West,Hilton Armstrong,Peja Stojakovic,Rasual Butler,Kendrick Perkins,Kevin Garnett,Paul Pierce,Rajon Rondo,Ray Allen,1,5:49,NOH,shot,,,,,,,,,,Hilton Armstrong,,,,missed,,jump,20,14
Chris Paul,David West,Hilton Armstrong,Peja Stojakovic,Rasual Butler,Kendrick Perkins,Kevin Garnett,Paul Pierce,Rajon Rondo,Ray Allen,1,5:48,BOS,rebound,,,,,,,,,,Kevin Garnett,,,,,,def,,
Chris Paul,David West,Hilton Armstrong,Peja Stojakovic,Rasual Butler,Kendrick Perkins,Kevin Garnett,Paul Pierce,Rajon Rondo,Ray Allen,1,5:38,BOS,shot,,,,,,,,,,Paul Pierce,,,,missed,,jump,37,21
Chris Paul,David West,Hilton Armstrong,Peja Stojakovic,Rasual Butler,Kendrick Perkins,Kevin Garnett,Paul Pierce,Rajon Rondo,Ray Allen,1,5:37,NOH,rebound,,,,,,,,,,Hilton Armstrong,,,,,,def,,
Chris Paul,David West,Hilton Armstrong,Peja Stojakovic,Rasual Butler,Kendrick Perkins,Kevin Garnett,Paul Pierce,Rajon Rondo,Ray Allen,1,5:31,NOH,timeout,,,,,,,,,,,,,,,,regular,,
Chris Paul,David West,Melvin Ely,Peja Stojakovic,Rasual Butler,Kendrick Perkins,Kevin Garnett,Paul Pierce,Rajon Rondo,Ray Allen,1,5:31,NOH,sub,,,,Melvin Ely,,Hilton Armstrong,,,,,,,,,,,,
Chris Paul,David West,Melvin Ely,Peja Stojakovic,Rasual Butler,Kendrick Perkins,Kevin Garnett,Paul Pierce,Rajon Rondo,Ray Allen,1,5:22,NOH,shot,,,,,,,,,,Rasual Butler,,,,missed,,jump,12,21
Chris Paul,David West,Melvin Ely,Peja Stojakovic,Rasual Butler,Kendrick Perkins,Kevin Garnett,Paul Pierce,Rajon Rondo,Ray Allen,1,5:21,BOS,rebound,,,,,,,,,,Kendrick Perkins,,,,,,def,,
Chris Paul,David West,Melvin Ely,Peja Stojakovic,Rasual Butler,Kendrick Perkins,Kevin Garnett,Paul Pierce,Rajon Rondo,Ray Allen,1,5:07,BOS,shot,,,,,,,,,,Kevin Garnett,2,,,made,,turnaround bank,34,8
Chris Paul,David West,Melvin Ely,Peja Stojakovic,Rasual Butler,Kendrick Perkins,Kevin Garnett,Paul Pierce,Rajon Rondo,Ray Allen,1,4:48,NOH,shot,Chris Paul,,,,,,,,,Melvin Ely,2,,,made,,layup,25,7
Chris Paul,David West,Melvin Ely,Peja Stojakovic,Rasual Butler,Kendrick Perkins,Kevin Garnett,Paul Pierce,Rajon Rondo,Ray Allen,1,4:29,BOS,shot,,,,,,,,,,Rajon Rondo,,,,missed,,layup,24,6
Chris Paul,David West,Melvin Ely,Peja Stojakovic,Rasual Butler,Kendrick Perkins,Kevin Garnett,Paul Pierce,Rajon Rondo,Ray Allen,1,4:28,NOH,rebound,,,,,,,,,,Melvin Ely,,,,,,def,,
Chris Paul,David West,Melvin Ely,Peja Stojakovic,Rasual Butler,Kendrick Perkins,Kevin Garnett,Paul Pierce,Rajon Rondo,Ray Allen,1,4:25,NOH,turnover,,,,,,,,,,Chris Paul,,,out of bounds lost ball turnover,,,,,
Chris Paul,David West,Devin Brown,Melvin Ely,Peja Stojakovic,Kendrick Perkins,Kevin Garnett,Paul Pierce,Rajon Rondo,Ray Allen,1,4:25,NOH,sub,,,,Devin Brown,,Rasual Butler,,,,,,,,,,,,
Chris Paul,David West,Devin Brown,Melvin Ely,Peja Stojakovic,Kendrick Perkins,Kevin Garnett,Paul Pierce,Rajon Rondo,Ray Allen,1,4:20,BOS,turnover,,,,,,,,,,Rajon Rondo,,,bad pass,,Chris Paul,,,
Chris Paul,David West,Devin Brown,Melvin Ely,Peja Stojakovic,Kendrick Perkins,Kevin Garnett,Paul Pierce,Rajon Rondo,Ray Allen,1,4:18,BOS,foul,,,,,,,,Chris Paul,,Rajon Rondo,,,,,,shooting,,
Chris Paul,David West,Devin Brown,Melvin Ely,Peja Stojakovic,Eddie House,Kendrick Perkins,Kevin Garnett,Paul Pierce,Ray Allen,1,4:18,BOS,sub,,,,Eddie House,,Rajon Rondo,,,,,,,,,,,,
Chris Paul,David West,Devin Brown,Melvin Ely,Peja Stojakovic,Eddie House,Kendrick Perkins,Kevin Garnett,Paul Pierce,Ray Allen,1,4:18,NOH,free throw,,,,,,,1,,2,Chris Paul,,,foul,made,,,,
Chris Paul,David West,Devin Brown,Melvin Ely,Peja Stojakovic,Eddie House,Kendrick Perkins,Kevin Garnett,Paul Pierce,Ray Allen,1,4:18,NOH,free throw,,,,,,,2,,2,Chris Paul,,,foul,made,,,,
Chris Paul,David West,Devin Brown,Melvin Ely,Peja Stojakovic,Eddie House,Kendrick Perkins,Kevin Garnett,Paul Pierce,Ray Allen,1,4:04,NOH,foul,,,,,,,,Paul Pierce,,Devin Brown,,,,,,personal,,
Chris Paul,David West,Devin Brown,Melvin Ely,Peja Stojakovic,Eddie House,Kendrick Perkins,Kevin Garnett,Paul Pierce,Ray Allen,1,3:55,BOS,turnover,,,,,,,,,,Kevin Garnett,,,traveling,,,,,
Chris Paul,David West,Devin Brown,Melvin Ely,Peja Stojakovic,Eddie House,Kendrick Perkins,Kevin Garnett,Paul Pierce,Ray Allen,1,3:55,BOS,violation,,,,,,,,,,,,,,,,delay of game,,
Chris Paul,David West,Devin Brown,Melvin Ely,Peja Stojakovic,Eddie House,Kendrick Perkins,Kevin Garnett,Paul Pierce,Ray Allen,1,3:43,NOH,shot,Chris Paul,,,,,,,,,Melvin Ely,2,,,made,,slam dunk,24,6
Chris Paul,David West,Devin Brown,Melvin Ely,Peja Stojakovic,Eddie House,Kendrick Perkins,Kevin Garnett,Paul Pierce,Ray Allen,1,3:23,BOS,turnover,,,,,,,,,,Paul Pierce,,,bad pass,,Devin Brown,,,
Chris Paul,David West,Devin Brown,Melvin Ely,Peja Stojakovic,Eddie House,Kendrick Perkins,Kevin Garnett,Paul Pierce,Ray Allen,1,3:21,BOS,foul,,,,,,,,Devin Brown,,Paul Pierce,,,,,,shooting,,
Chris Paul,David West,Devin Brown,James Posey,Melvin Ely,Eddie House,Kendrick Perkins,Kevin Garnett,Paul Pierce,Ray Allen,1,3:21,NOH,sub,,,,James Posey,,Peja Stojakovic,,,,,,,,,,,,
Chris Paul,David West,Devin Brown,James Posey,Melvin Ely,Eddie House,Kendrick Perkins,Kevin Garnett,Paul Pierce,Ray Allen,1,3:21,NOH,free throw,,,,,,,1,,2,Devin Brown,,,foul,made,,,,
Chris Paul,David West,Devin Brown,James Posey,Melvin Ely,Eddie House,Kendrick Perkins,Kevin Garnett,Paul Pierce,Ray Allen,1,3:21,NOH,free throw,,,,,,,2,,2,Devin Brown,,,foul,made,,,,
Chris Paul,David West,Devin Brown,James Posey,Melvin Ely,Eddie House,Kendrick Perkins,Kevin Garnett,Paul Pierce,Ray Allen,1,3:03,NOH,foul,,,,,,,,Paul Pierce,,Chris Paul,,,,,,personal,,
Chris Paul,David West,Devin Brown,James Posey,Melvin Ely,Eddie House,Kendrick Perkins,Kevin Garnett,Paul Pierce,Ray Allen,1,2:57,BOS,turnover,,,,,,,,,,Kevin Garnett,,,bad pass,,James Posey,,,
Chris Paul,David West,Devin Brown,James Posey,Melvin Ely,Eddie House,Kendrick Perkins,Kevin Garnett,Paul Pierce,Ray Allen,1,2:45,NOH,shot,,,,,,,,,,David West,,,,missed,,jump,38,6
Chris Paul,David West,Devin Brown,James Posey,Melvin Ely,Eddie House,Kendrick Perkins,Kevin Garnett,Paul Pierce,Ray Allen,1,2:44,BOS,rebound,,,,,,,,,,Kevin Garnett,,,,,,def,,
Chris Paul,David West,Devin Brown,James Posey,Melvin Ely,Eddie House,Kendrick Perkins,Kevin Garnett,Paul Pierce,Ray Allen,1,2:35,BOS,shot,,,,,,,,,,Eddie House,3,,,made,,3pt,17,29
Chris Paul,David West,Devin Brown,James Posey,Melvin Ely,Eddie House,Kendrick Perkins,Kevin Garnett,Paul Pierce,Ray Allen,1,2:17,NOH,shot,,,,,,,,,,David West,,,,missed,,jump,5,6
Chris Paul,David West,Devin Brown,James Posey,Melvin Ely,Eddie House,Kendrick Perkins,Kevin Garnett,Paul Pierce,Ray Allen,1,2:16,BOS,rebound,,,,,,,,,,Kevin Garnett,,,,,,def,,
Chris Paul,David West,Devin Brown,James Posey,Melvin Ely,Eddie House,Kendrick Perkins,Kevin Garnett,Paul Pierce,Ray Allen,1,2:10,NOH,foul,,,,,,,,Paul Pierce,,James Posey,,,,,,personal,,
Chris Paul,David West,Devin Brown,James Posey,Melvin Ely,Eddie House,Kendrick Perkins,Kevin Garnett,Paul Pierce,Ray Allen,1,2:10,BOS,timeout,,,,,,,,,,,,,,,,regular,,
Chris Paul,David West,Devin Brown,James Posey,Melvin Ely,Eddie House,Kendrick Perkins,Leon Powe,Paul Pierce,Ray Allen,1,2:10,BOS,sub,,,,Leon Powe,,Kevin Garnett,,,,,,,,,,,,
Chris Paul,David West,Devin Brown,James Posey,Melvin Ely,Eddie House,Kendrick Perkins,Leon Powe,Paul Pierce,Ray Allen,1,2:00,BOS,shot,,,,,,,,,,Eddie House,,,,missed,,3pt,13,29
Chris Paul,David West,Devin Brown,James Posey,Melvin Ely,Eddie House,Kendrick Perkins,Leon Powe,Paul Pierce,Ray Allen,1,1:59,BOS,rebound,,,,,,,,,,Kendrick Perkins,,,,,,off,,
Chris Paul,David West,Devin Brown,James Posey,Melvin Ely,Eddie House,Kendrick Perkins,Leon Powe,Paul Pierce,Ray Allen,1,1:53,NOH,foul,,,,,,,,Ray Allen,,Chris Paul,,,,,,shooting,,
Chris Paul,David West,Devin Brown,James Posey,Melvin Ely,Eddie House,Kendrick Perkins,Leon Powe,Paul Pierce,Ray Allen,1,1:53,BOS,free throw,,,,,,,1,,2,Ray Allen,,,foul,missed,,,,
Chris Paul,David West,Devin Brown,James Posey,Melvin Ely,Eddie House,Kendrick Perkins,Leon Powe,Paul Pierce,Ray Allen,1,1:53,BOS,rebound,,,,,,,,,,,,,,,,,,
Chris Paul,David West,Devin Brown,James Posey,Melvin Ely,Eddie House,Kendrick Perkins,Leon Powe,Paul Pierce,Ray Allen,1,1:53,BOS,free throw,,,,,,,2,,2,Ray Allen,,,foul,made,,,,
Chris Paul,David West,Devin Brown,James Posey,Melvin Ely,Eddie House,Kendrick Perkins,Leon Powe,Paul Pierce,Ray Allen,1,1:30,NOH,shot,Chris Paul,,,,,,,,,James Posey,3,,,made,,3pt,2,9
Chris Paul,David West,Devin Brown,James Posey,Melvin Ely,Eddie House,Kendrick Perkins,Leon Powe,Paul Pierce,Ray Allen,1,1:07,BOS,shot,,,,,,,,,,Ray Allen,,,,missed,,3pt,46,18
Chris Paul,David West,Devin Brown,James Posey,Melvin Ely,Eddie House,Kendrick Perkins,Leon Powe,Paul Pierce,Ray Allen,1,1:06,BOS,rebound,,,,,,,,,,Leon Powe,,,,,,off,,
Chris Paul,David West,Devin Brown,James Posey,Melvin Ely,Eddie House,Kendrick Perkins,Leon Powe,Paul Pierce,Ray Allen,1,1:06,NOH,foul,,,,,,,,Leon Powe,,Melvin Ely,,,,,,shooting,,
David West,Devin Brown,James Posey,Melvin Ely,Morris Peterson,Eddie House,Kendrick Perkins,Leon Powe,Paul Pierce,Ray Allen,1,1:06,NOH,sub,,,,Morris Peterson,,Chris Paul,,,,,,,,,,,,
Devin Brown,James Posey,Melvin Ely,Morris Peterson,Sean Marks,Eddie House,Kendrick Perkins,Leon Powe,Paul Pierce,Ray Allen,1,1:06,NOH,sub,,,,Sean Marks,,David West,,,,,,,,,,,,
Devin Brown,James Posey,Melvin Ely,Morris Peterson,Sean Marks,Eddie House,Glen Davis,Leon Powe,Paul Pierce,Ray Allen,1,1:06,BOS,sub,,,,Glen Davis,,Kendrick Perkins,,,,,,,,,,,,
Devin Brown,James Posey,Melvin Ely,Morris Peterson,Sean Marks,Eddie House,Glen Davis,Leon Powe,Paul Pierce,Ray Allen,1,1:06,BOS,free throw,,,,,,,1,,2,Leon Powe,,,foul,made,,,,
Devin Brown,James Posey,Melvin Ely,Morris Peterson,Sean Marks,Eddie House,Glen Davis,Leon Powe,Ray Allen,Tony Allen,1,1:06,BOS,sub,,,,Tony Allen,,Paul Pierce,,,,,,,,,,,,
Devin Brown,James Posey,Melvin Ely,Morris Peterson,Sean Marks,Eddie House,Glen Davis,Leon Powe,Ray Allen,Tony Allen,1,1:06,BOS,free throw,,,,,,,2,,2,Leon Powe,,,foul,made,,,,
Devin Brown,James Posey,Melvin Ely,Morris Peterson,Sean Marks,Eddie House,Glen Davis,Leon Powe,Ray Allen,Tony Allen,1,0:50,NOH,turnover,,,,,,,,,,Melvin Ely,,,bad pass,,,,,
Devin Brown,James Posey,Melvin Ely,Morris Peterson,Sean Marks,Eddie House,Glen Davis,Leon Powe,Ray Allen,Tony Allen,1,0:37,NOH,foul,,,,,,,,Ray Allen,,Sean Marks,,,,,,shooting,,
Devin Brown,James Posey,Melvin Ely,Morris Peterson,Sean Marks,Eddie House,Glen Davis,Leon Powe,Ray Allen,Tony Allen,1,0:37,BOS,free throw,,,,,,,1,,3,Ray Allen,,,foul,made,,,,
Devin Brown,James Posey,Melvin Ely,Morris Peterson,Sean Marks,Eddie House,Glen Davis,Leon Powe,Ray Allen,Tony Allen,1,0:37,BOS,free throw,,,,,,,2,,3,Ray Allen,,,foul,made,,,,
Devin Brown,James Posey,Melvin Ely,Morris Peterson,Sean Marks,Eddie House,Glen Davis,Leon Powe,Ray Allen,Tony Allen,1,0:37,BOS,free throw,,,,,,,3,,3,Ray Allen,,,foul,made,,,,
Devin Brown,James Posey,Melvin Ely,Morris Peterson,Sean Marks,Eddie House,Glen Davis,Leon Powe,Ray Allen,Tony Allen,1,0:19,NOH,foul,,,,,,,,Leon Powe,,Devin Brown,,,,,,offensive,,
Devin Brown,James Posey,Melvin Ely,Morris Peterson,Sean Marks,Eddie House,Glen Davis,Leon Powe,Ray Allen,Tony Allen,1,0:19,NOH,turnover,,,,,,,,,,Devin Brown,,,foul,,,,,
Devin Brown,James Posey,Melvin Ely,Morris Peterson,Sean Marks,Eddie House,Leon Powe,Rajon Rondo,Ray Allen,Tony Allen,1,0:19,BOS,sub,,,,Rajon Rondo,,Glen Davis,,,,,,,,,,,,
Devin Brown,James Posey,Melvin Ely,Morris Peterson,Rasual Butler,Eddie House,Leon Powe,Rajon Rondo,Ray Allen,Tony Allen,1,0:19,NOH,sub,,,,Rasual Butler,,Sean Marks,,,,,,,,,,,,
Devin Brown,James Posey,Melvin Ely,Morris Peterson,Rasual Butler,Eddie House,Paul Pierce,Rajon Rondo,Ray Allen,Tony Allen,1,0:19,BOS,sub,,,,Paul Pierce,,Leon Powe,,,,,,,,,,,,
Devin Brown,James Posey,Melvin Ely,Morris Peterson,Rasual Butler,Eddie House,Paul Pierce,Rajon Rondo,Ray Allen,Tony Allen,1,0:00,BOS,shot,,,,,,,,,,Paul Pierce,2,,,made,,turnaround jump,26,20
Devin Brown,James Posey,Melvin Ely,Morris Peterson,Sean Marks,Eddie House,Glen Davis,Leon Powe,Ray Allen,Tony Allen,2,11:41,NOH,shot,,,,,,,,,,James Posey,,,,missed,,jump,24,29
Devin Brown,James Posey,Melvin Ely,Morris Peterson,Sean Marks,Eddie House,Glen Davis,Leon Powe,Ray Allen,Tony Allen,2,11:40,NOH,rebound,,,,,,,,,,Sean Marks,,,,,,off,,
Devin Brown,James Posey,Melvin Ely,Morris Peterson,Sean Marks,Eddie House,Glen Davis,Leon Powe,Ray Allen,Tony Allen,2,11:38,NOH,shot,,,Leon Powe,,,,,,,Sean Marks,,,,missed,,layup,25,6
Devin Brown,James Posey,Melvin Ely,Morris Peterson,Sean Marks,Eddie House,Glen Davis,Leon Powe,Ray Allen,Tony Allen,2,11:38,NOH,rebound,,,,,,,,,,,,,,,,,,
Devin Brown,James Posey,Melvin Ely,Morris Peterson,Sean Marks,Eddie House,Glen Davis,Leon Powe,Ray Allen,Tony Allen,2,11:25,NOH,shot,,,,,,,,,,Melvin Ely,,,,missed,,hook,24,12
Devin Brown,James Posey,Melvin Ely,Morris Peterson,Sean Marks,Eddie House,Glen Davis,Leon Powe,Ray Allen,Tony Allen,2,11:24,BOS,rebound,,,,,,,,,,Ray Allen,,,,,,def,,
Devin Brown,James Posey,Melvin Ely,Morris Peterson,Sean Marks,Eddie House,Glen Davis,Leon Powe,Ray Allen,Tony Allen,2,11:15,NOH,foul,,,,,,,,Tony Allen,,Sean Marks,,,,,,shooting,,
Devin Brown,James Posey,Melvin Ely,Morris Peterson,Sean Marks,Eddie House,Glen Davis,Leon Powe,Ray Allen,Tony Allen,2,11:15,BOS,free throw,,,,,,,1,,2,Tony Allen,,,foul,made,,,,
Devin Brown,James Posey,Melvin Ely,Morris Peterson,Sean Marks,Eddie House,Glen Davis,Leon Powe,Ray Allen,Tony Allen,2,11:15,BOS,free throw,,,,,,,2,,2,Tony Allen,,,foul,missed,,,,
Devin Brown,James Posey,Melvin Ely,Morris Peterson,Sean Marks,Eddie House,Glen Davis,Leon Powe,Ray Allen,Tony Allen,2,11:15,NOH,rebound,,,,,,,,,,Sean Marks,,,,,,def,,
Devin Brown,James Posey,Melvin Ely,Morris Peterson,Sean Marks,Eddie House,Glen Davis,Leon Powe,Ray Allen,Tony Allen,2,11:09,BOS,foul,,,,,,,,Devin Brown,,Ray Allen,,,,,,shooting,,
Devin Brown,James Posey,Melvin Ely,Morris Peterson,Sean Marks,Eddie House,Glen Davis,Leon Powe,Ray Allen,Tony Allen,2,11:09,NOH,free throw,,,,,,,1,,2,Devin Brown,,,foul,missed,,,,
Devin Brown,James Posey,Melvin Ely,Morris Peterson,Sean Marks,Eddie House,Glen Davis,Leon Powe,Ray Allen,Tony Allen,2,11:09,NOH,rebound,,,,,,,,,,,,,,,,,,
Devin Brown,James Posey,Melvin Ely,Morris Peterson,Sean Marks,Eddie House,Glen Davis,Leon Powe,Ray Allen,Tony Allen,2,11:09,NOH,free throw,,,,,,,2,,2,Devin Brown,,,foul,missed,,,,
Devin Brown,James Posey,Melvin Ely,Morris Peterson,Sean Marks,Eddie House,Glen Davis,Leon Powe,Ray Allen,Tony Allen,2,11:08,BOS,rebound,,,,,,,,,,Tony Allen,,,,,,def,,
Devin Brown,James Posey,Melvin Ely,Morris Peterson,Sean Marks,Eddie House,Glen Davis,Leon Powe,Ray Allen,Tony Allen,2,10:51,BOS,shot,,,,,,,,,,Eddie House,,,,missed,,jump,24,25
Devin Brown,James Posey,Melvin Ely,Morris Peterson,Sean Marks,Eddie House,Glen Davis,Leon Powe,Ray Allen,Tony Allen,2,10:50,NOH,rebound,,,,,,,,,,Sean Marks,,,,,,def,,
Devin Brown,James Posey,Melvin Ely,Morris Peterson,Sean Marks,Eddie House,Glen Davis,Leon Powe,Ray Allen,Tony Allen,2,10:32,NOH,shot,,,,,,,,,,Sean Marks,,,,missed,,jump,9,7
Devin Brown,James Posey,Melvin Ely,Morris Peterson,Sean Marks,Eddie House,Glen Davis,Leon Powe,Ray Allen,Tony Allen,2,10:31,BOS,rebound,,,,,,,,,,Glen Davis,,,,,,def,,
Devin Brown,James Posey,Melvin Ely,Morris Peterson,Sean Marks,Eddie House,Glen Davis,Leon Powe,Ray Allen,Tony Allen,2,10:17,BOS,shot,,,,,,,,,,Leon Powe,2,,,made,,layup,25,7
Devin Brown,James Posey,Melvin Ely,Morris Peterson,Sean Marks,Eddie House,Glen Davis,Leon Powe,Ray Allen,Tony Allen,2,10:02,NOH,shot,,,,,,,,,,Morris Peterson,,,,missed,,jump,38,6
Devin Brown,James Posey,Melvin Ely,Morris Peterson,Sean Marks,Eddie House,Glen Davis,Leon Powe,Ray Allen,Tony Allen,2,10:01,NOH,rebound,,,,,,,,,,Sean Marks,,,,,,off,,
Devin Brown,James Posey,Melvin Ely,Morris Peterson,Sean Marks,Eddie House,Glen Davis,Leon Powe,Ray Allen,Tony Allen,2,10:00,NOH,shot,,,,,,,,,,Sean Marks,2,,,made,,putback slam dunk,25,7
Devin Brown,James Posey,Melvin Ely,Morris Peterson,Sean Marks,Eddie House,Glen Davis,Leon Powe,Ray Allen,Tony Allen,2,9:44,BOS,foul,,,,,,,,James Posey,,Leon Powe,,,,,,offensive,,
Devin Brown,James Posey,Melvin Ely,Morris Peterson,Sean Marks,Eddie House,Glen Davis,Leon Powe,Ray Allen,Tony Allen,2,9:44,BOS,turnover,,,,,,,,,,Leon Powe,,,foul,,,,,
Devin Brown,Hilton Armstrong,James Posey,Morris Peterson,Sean Marks,Eddie House,Glen Davis,Leon Powe,Ray Allen,Tony Allen,2,9:44,NOH,sub,,,,Hilton Armstrong,,Melvin Ely,,,,,,,,,,,,
David West,Devin Brown,Hilton Armstrong,James Posey,Morris Peterson,Eddie House,Glen Davis,Leon Powe,Ray Allen,Tony Allen,2,9:44,NOH,sub,,,,David West,,Sean Marks,,,,,,,,,,,,
David West,Devin Brown,Hilton Armstrong,James Posey,Morris Peterson,Eddie House,Glen Davis,Leon Powe,Ray Allen,Tony Allen,2,9:23,NOH,shot,David West,,,,,,,,,Devin Brown,2,,,made,,jump,25,29
David West,Devin Brown,Hilton Armstrong,James Posey,Morris Peterson,Eddie House,Glen Davis,Leon Powe,Ray Allen,Tony Allen,2,8:56,BOS,shot,,,David West,,,,,,,Tony Allen,,,,missed,,layup,26,5
David West,Devin Brown,Hilton Armstrong,James Posey,Morris Peterson,Eddie House,Glen Davis,Leon Powe,Ray Allen,Tony Allen,2,8:55,NOH,rebound,,,,,,,,,,David West,,,,,,def,,
David West,Devin Brown,Hilton Armstrong,James Posey,Morris Peterson,Eddie House,Glen Davis,Leon Powe,Ray Allen,Tony Allen,2,8:44,NOH,shot,Devin Brown,,,,,,,,,David West,2,,,made,,jump,23,27
David West,Devin Brown,Hilton Armstrong,James Posey,Morris Peterson,Eddie House,Glen Davis,Leon Powe,Ray Allen,Tony Allen,2,8:36,BOS,timeout,,,,,,,,,,,,,,,,regular,,
David West,Devin Brown,Hilton Armstrong,James Posey,Rasual Butler,Eddie House,Glen Davis,Leon Powe,Ray Allen,Tony Allen,2,8:36,NOH,sub,,,,Rasual Butler,,Morris Peterson,,,,,,,,,,,,
David West,Devin Brown,Hilton Armstrong,James Posey,Rasual Butler,Eddie House,Glen Davis,Leon Powe,Ray Allen,Tony Allen,2,8:28,BOS,shot,Tony Allen,,,,,,,,,Ray Allen,3,,,made,,3pt,46,19
David West,Devin Brown,Hilton Armstrong,James Posey,Rasual Butler,Eddie House,Glen Davis,Leon Powe,Ray Allen,Tony Allen,2,8:05,BOS,foul,,,,,,,,David West,,Leon Powe,,,,,,shooting,,
David West,Devin Brown,Hilton Armstrong,James Posey,Rasual Butler,Glen Davis,Leon Powe,Rajon Rondo,Ray Allen,Tony Allen,2,8:05,BOS,sub,,,,Rajon Rondo,,Eddie House,,,,,,,,,,,,
David West,Devin Brown,Hilton Armstrong,James Posey,Rasual Butler,Glen Davis,Kevin Garnett,Rajon Rondo,Ray Allen,Tony Allen,2,8:05,BOS,sub,,,,Kevin Garnett,,Leon Powe,,,,,,,,,,,,
David West,Devin Brown,Hilton Armstrong,James Posey,Rasual Butler,Glen Davis,Kevin Garnett,Rajon Rondo,Ray Allen,Tony Allen,2,8:05,NOH,free throw,,,,,,,1,,2,David West,,,foul,made,,,,
David West,Devin Brown,Hilton Armstrong,James Posey,Rasual Butler,Glen Davis,Kevin Garnett,Paul Pierce,Rajon Rondo,Tony Allen,2,8:05,BOS,sub,,,,Paul Pierce,,Ray Allen,,,,,,,,,,,,
David West,Devin Brown,Hilton Armstrong,James Posey,Rasual Butler,Glen Davis,Kevin Garnett,Paul Pierce,Rajon Rondo,Tony Allen,2,8:05,NOH,free throw,,,,,,,2,,2,David West,,,foul,made,,,,
David West,Devin Brown,Hilton Armstrong,James Posey,Rasual Butler,Glen Davis,Kevin Garnett,Paul Pierce,Rajon Rondo,Tony Allen,2,7:43,BOS,shot,,,,,,,,,,Kevin Garnett,,,,missed,,jump,35,13
David West,Devin Brown,Hilton Armstrong,James Posey,Rasual Butler,Glen Davis,Kevin Garnett,Paul Pierce,Rajon Rondo,Tony Allen,2,7:42,BOS,rebound,,,,,,,,,,Glen Davis,,,,,,off,,
David West,Devin Brown,Hilton Armstrong,James Posey,Rasual Butler,Glen Davis,Kevin Garnett,Paul Pierce,Rajon Rondo,Tony Allen,2,7:40,BOS,shot,,,,,,,,,,Glen Davis,,,,missed,,hook,24,12
David West,Devin Brown,Hilton Armstrong,James Posey,Rasual Butler,Glen Davis,Kevin Garnett,Paul Pierce,Rajon Rondo,Tony Allen,2,7:39,NOH,rebound,,,,,,,,,,,,,,,,,,
David West,Devin Brown,Hilton Armstrong,James Posey,Rasual Butler,Glen Davis,Kevin Garnett,Paul Pierce,Rajon Rondo,Tony Allen,2,7:20,NOH,shot,,,,,,,,,,James Posey,,,,missed,,jump,33,25
David West,Devin Brown,Hilton Armstrong,James Posey,Rasual Butler,Glen Davis,Kevin Garnett,Paul Pierce,Rajon Rondo,Tony Allen,2,7:19,BOS,rebound,,,,,,,,,,Kevin Garnett,,,,,,def,,
David West,Devin Brown,Hilton Armstrong,James Posey,Rasual Butler,Glen Davis,Kevin Garnett,Paul Pierce,Rajon Rondo,Tony Allen,2,7:08,BOS,shot,,,,,,,,,,Rajon Rondo,2,,,made,,driving layup,23,7
David West,Devin Brown,Hilton Armstrong,James Posey,Rasual Butler,Glen Davis,Kevin Garnett,Paul Pierce,Rajon Rondo,Tony Allen,2,6:46,NOH,turnover,,,,,,,,,,Hilton Armstrong,,,out of bounds lost ball turnover,,,,,
David West,Devin Brown,Hilton Armstrong,James Posey,Rasual Butler,Kendrick Perkins,Kevin Garnett,Paul Pierce,Rajon Rondo,Tony Allen,2,6:46,BOS,sub,,,,Kendrick Perkins,,Glen Davis,,,,,,,,,,,,
Chris Paul,David West,Hilton Armstrong,James Posey,Rasual Butler,Kendrick Perkins,Kevin Garnett,Paul Pierce,Rajon Rondo,Tony Allen,2,6:46,NOH,sub,,,,Chris Paul,,Devin Brown,,,,,,,,,,,,
Chris Paul,David West,Hilton Armstrong,James Posey,Rasual Butler,Kendrick Perkins,Kevin Garnett,Paul Pierce,Rajon Rondo,Tony Allen,2,6:33,BOS,shot,,,Rasual Butler,,,,,,,Tony Allen,,,,missed,,jump,28,6
Chris Paul,David West,Hilton Armstrong,James Posey,Rasual Butler,Kendrick Perkins,Kevin Garnett,Paul Pierce,Rajon Rondo,Tony Allen,2,6:31,NOH,rebound,,,,,,,,,,Rasual Butler,,,,,,def,,
Chris Paul,David West,Hilton Armstrong,James Posey,Rasual Butler,Kendrick Perkins,Kevin Garnett,Paul Pierce,Rajon Rondo,Tony Allen,2,6:09,NOH,shot,,,,,,,,,,Rasual Butler,,,,missed,,layup,25,6
Chris Paul,David West,Hilton Armstrong,James Posey,Rasual Butler,Kendrick Perkins,Kevin Garnett,Paul Pierce,Rajon Rondo,Tony Allen,2,6:08,BOS,rebound,,,,,,,,,,Paul Pierce,,,,,,def,,
Chris Paul,David West,Hilton Armstrong,James Posey,Rasual Butler,Kendrick Perkins,Kevin Garnett,Paul Pierce,Rajon Rondo,Tony Allen,2,6:00,BOS,shot,Rajon Rondo,,,,,,,,,Paul Pierce,3,,,made,,3pt,33,29
Chris Paul,David West,Hilton Armstrong,James Posey,Rasual Butler,Kendrick Perkins,Kevin Garnett,Paul Pierce,Rajon Rondo,Tony Allen,2,5:32,NOH,shot,,,Kendrick Perkins,,,,,,,David West,,,,missed,,layup,25,8
Chris Paul,David West,Hilton Armstrong,James Posey,Rasual Butler,Kendrick Perkins,Kevin Garnett,Paul Pierce,Rajon Rondo,Tony Allen,2,5:30,BOS,rebound,,,,,,,,,,Rajon Rondo,,,,,,def,,
Chris Paul,David West,Hilton Armstrong,James Posey,Rasual Butler,Kendrick Perkins,Kevin Garnett,Paul Pierce,Rajon Rondo,Tony Allen,2,5:24,BOS,shot,,,,,,,,,,Tony Allen,,,,missed,,layup,23,5
Chris Paul,David West,Hilton Armstrong,James Posey,Rasual Butler,Kendrick Perkins,Kevin Garnett,Paul Pierce,Rajon Rondo,Tony Allen,2,5:23,NOH,rebound,,,,,,,,,,David West,,,,,,def,,
Chris Paul,David West,Hilton Armstrong,James Posey,Rasual Butler,Kendrick Perkins,Kevin Garnett,Paul Pierce,Rajon Rondo,Tony Allen,2,5:13,BOS,foul,,,,,,,,Chris Paul,,Tony Allen,,,,,,personal,,
Chris Paul,David West,Hilton Armstrong,James Posey,Rasual Butler,Kendrick Perkins,Kevin Garnett,Paul Pierce,Rajon Rondo,Tony Allen,2,5:13,OFF,timeout,,,,,,,,,,,,,,,,official,,
Chris Paul,David West,Hilton Armstrong,James Posey,Peja Stojakovic,Kendrick Perkins,Kevin Garnett,Paul Pierce,Rajon Rondo,Tony Allen,2,5:13,NOH,sub,,,,Peja Stojakovic,,Rasual Butler,,,,,,,,,,,,
Chris Paul,David West,Hilton Armstrong,James Posey,Peja Stojakovic,Kendrick Perkins,Kevin Garnett,Paul Pierce,Rajon Rondo,Tony Allen,2,5:06,NOH,shot,,,,,,,,,,David West,,,,missed,,running hook,20,8
Chris Paul,David West,Hilton Armstrong,James Posey,Peja Stojakovic,Kendrick Perkins,Kevin Garnett,Paul Pierce,Rajon Rondo,Tony Allen,2,5:05,BOS,rebound,,,,,,,,,,Kevin Garnett,,,,,,def,,
Chris Paul,David West,Hilton Armstrong,James Posey,Peja Stojakovic,Kendrick Perkins,Kevin Garnett,Paul Pierce,Rajon Rondo,Tony Allen,2,4:51,BOS,shot,Kendrick Perkins,,,,,,,,,Paul Pierce,3,,,made,,3pt,5,21
Chris Paul,David West,Hilton Armstrong,James Posey,Peja Stojakovic,Kendrick Perkins,Kevin Garnett,Paul Pierce,Rajon Rondo,Tony Allen,2,4:26,BOS,foul,,,,,,,,Hilton Armstrong,,Kendrick Perkins,,,,,,shooting,,
Chris Paul,David West,Hilton Armstrong,James Posey,Peja Stojakovic,Kendrick Perkins,Kevin Garnett,Paul Pierce,Rajon Rondo,Tony Allen,2,4:26,NOH,free throw,,,,,,,1,,2,Hilton Armstrong,,,foul,made,,,,
Chris Paul,David West,Hilton Armstrong,James Posey,Peja Stojakovic,Kendrick Perkins,Kevin Garnett,Paul Pierce,Rajon Rondo,Tony Allen,2,4:26,NOH,free throw,,,,,,,2,,2,Hilton Armstrong,,,foul,made,,,,
Chris Paul,David West,Hilton Armstrong,James Posey,Peja Stojakovic,Kendrick Perkins,Kevin Garnett,Paul Pierce,Rajon Rondo,Tony Allen,2,4:13,BOS,foul,,,,,,,,David West,,Paul Pierce,,,,,,offensive,,
Chris Paul,David West,Hilton Armstrong,James Posey,Peja Stojakovic,Kendrick Perkins,Kevin Garnett,Paul Pierce,Rajon Rondo,Tony Allen,2,4:13,BOS,turnover,,,,,,,,,,Paul Pierce,,,foul,,,,,
Chris Paul,David West,Hilton Armstrong,James Posey,Peja Stojakovic,Kendrick Perkins,Kevin Garnett,Paul Pierce,Rajon Rondo,Tony Allen,2,3:53,NOH,shot,,,,,,,,,,David West,2,,,made,,driving dunk,25,7
Chris Paul,David West,Hilton Armstrong,James Posey,Peja Stojakovic,Kendrick Perkins,Kevin Garnett,Paul Pierce,Rajon Rondo,Tony Allen,2,3:40,NOH,foul,,,,,,,,Paul Pierce,,Peja Stojakovic,,,,,,personal,,
Chris Paul,David West,Hilton Armstrong,James Posey,Peja Stojakovic,Kendrick Perkins,Kevin Garnett,Paul Pierce,Rajon Rondo,Ray Allen,2,3:40,BOS,sub,,,,Ray Allen,,Tony Allen,,,,,,,,,,,,
Chris Paul,David West,Hilton Armstrong,James Posey,Peja Stojakovic,Kendrick Perkins,Kevin Garnett,Paul Pierce,Rajon Rondo,Ray Allen,2,3:31,BOS,shot,Paul Pierce,,,,,,,,,Kevin Garnett,2,,,made,,layup,25,7
Chris Paul,David West,Hilton Armstrong,James Posey,Peja Stojakovic,Kendrick Perkins,Kevin Garnett,Paul Pierce,Rajon Rondo,Ray Allen,2,3:24,NOH,shot,,,,,,,,,,Chris Paul,2,,,made,,driving layup,27,6
Chris Paul,David West,Hilton Armstrong,James Posey,Peja Stojakovic,Kendrick Perkins,Kevin Garnett,Paul Pierce,Rajon Rondo,Ray Allen,2,3:24,BOS,foul,,,,,,,,Chris Paul,,Kendrick Perkins,,,,,,shooting,,
Chris Paul,David West,Hilton Armstrong,James Posey,Peja Stojakovic,Glen Davis,Kevin Garnett,Paul Pierce,Rajon Rondo,Ray Allen,2,3:24,BOS,sub,,,,Glen Davis,,Kendrick Perkins,,,,,,,,,,,,
Chris Paul,David West,Hilton Armstrong,James Posey,Peja Stojakovic,Glen Davis,Kevin Garnett,Paul Pierce,Rajon Rondo,Ray Allen,2,3:24,NOH,free throw,,,,,,,1,,1,Chris Paul,,,foul,made,,,,
Chris Paul,David West,Hilton Armstrong,James Posey,Peja Stojakovic,Glen Davis,Kevin Garnett,Paul Pierce,Rajon Rondo,Ray Allen,2,3:03,NOH,foul,,,,,,,,Ray Allen,,Hilton Armstrong,,,,,,personal,,
Chris Paul,David West,Hilton Armstrong,James Posey,Peja Stojakovic,Glen Davis,Kevin Garnett,Paul Pierce,Rajon Rondo,Ray Allen,2,2:52,BOS,turnover,,,,,,,,,,Ray Allen,,,bad pass,,Peja Stojakovic,,,
Chris Paul,David West,Hilton Armstrong,James Posey,Peja Stojakovic,Glen Davis,Kevin Garnett,Paul Pierce,Rajon Rondo,Ray Allen,2,2:48,NOH,shot,Peja Stojakovic,,,,,,,,,Chris Paul,2,,,made,,layup,25,6
Chris Paul,David West,Hilton Armstrong,James Posey,Peja Stojakovic,Glen Davis,Kevin Garnett,Paul Pierce,Rajon Rondo,Ray Allen,2,2:22,NOH,timeout,,,,,,,,,,,,,,,,regular,,
Chris Paul,David West,Hilton Armstrong,James Posey,Peja Stojakovic,Glen Davis,Kevin Garnett,Paul Pierce,Rajon Rondo,Ray Allen,2,2:20,BOS,shot,,,,,,,,,,Ray Allen,,,,missed,,3pt,13,27
Chris Paul,David West,Hilton Armstrong,James Posey,Peja Stojakovic,Glen Davis,Kevin Garnett,Paul Pierce,Rajon Rondo,Ray Allen,2,2:19,NOH,rebound,,,,,,,,,,Peja Stojakovic,,,,,,def,,
Chris Paul,David West,Hilton Armstrong,James Posey,Peja Stojakovic,Glen Davis,Kevin Garnett,Paul Pierce,Rajon Rondo,Ray Allen,2,2:18,NOH,turnover,,,,,,,,,,Peja Stojakovic,,,out of bounds lost ball turnover,,,,,
Chris Paul,David West,Hilton Armstrong,James Posey,Peja Stojakovic,Glen Davis,Kevin Garnett,Paul Pierce,Rajon Rondo,Ray Allen,2,2:10,BOS,shot,,,,,,,,,,Paul Pierce,,,,missed,,3pt,12,26
Chris Paul,David West,Hilton Armstrong,James Posey,Peja Stojakovic,Glen Davis,Kevin Garnett,Paul Pierce,Rajon Rondo,Ray Allen,2,2:09,NOH,rebound,,,,,,,,,,Chris Paul,,,,,,def,,
Chris Paul,David West,Hilton Armstrong,James Posey,Peja Stojakovic,Glen Davis,Kevin Garnett,Paul Pierce,Rajon Rondo,Ray Allen,2,1:49,NOH,shot,,,,,,,,,,David West,,,,missed,,fade away jumper,13,10
Chris Paul,David West,Hilton Armstrong,James Posey,Peja Stojakovic,Glen Davis,Kevin Garnett,Paul Pierce,Rajon Rondo,Ray Allen,2,1:47,BOS,rebound,,,,,,,,,,Rajon Rondo,,,,,,def,,
Chris Paul,David West,Hilton Armstrong,James Posey,Peja Stojakovic,Glen Davis,Kevin Garnett,Paul Pierce,Rajon Rondo,Ray Allen,2,1:42,BOS,turnover,,,,,,,,,,Ray Allen,,,lost ball,,Chris Paul,,,
Chris Paul,David West,Hilton Armstrong,James Posey,Peja Stojakovic,Glen Davis,Kevin Garnett,Paul Pierce,Rajon Rondo,Ray Allen,2,1:37,NOH,shot,Chris Paul,,,,,,,,,David West,2,,,made,,dunk,25,6
Chris Paul,David West,Hilton Armstrong,James Posey,Peja Stojakovic,Glen Davis,Kevin Garnett,Paul Pierce,Rajon Rondo,Ray Allen,2,1:05,BOS,shot,,,,,,,,,,Rajon Rondo,,,,missed,,3pt,2,9
Chris Paul,David West,Hilton Armstrong,James Posey,Peja Stojakovic,Glen Davis,Kevin Garnett,Paul Pierce,Rajon Rondo,Ray Allen,2,1:04,NOH,rebound,,,,,,,,,,James Posey,,,,,,def,,
Chris Paul,David West,Hilton Armstrong,James Posey,Peja Stojakovic,Glen Davis,Kevin Garnett,Paul Pierce,Rajon Rondo,Ray Allen,2,0:55,NOH,shot,,,,,,,,,,James Posey,,,,missed,,3pt,25,31
Chris Paul,David West,Hilton Armstrong,James Posey,Peja Stojakovic,Glen Davis,Kevin Garnett,Paul Pierce,Rajon Rondo,Ray Allen,2,0:54,NOH,rebound,,,,,,,,,,Hilton Armstrong,,,,,,off,,
Chris Paul,David West,Hilton Armstrong,James Posey,Peja Stojakovic,Glen Davis,Kevin Garnett,Paul Pierce,Rajon Rondo,Ray Allen,2,0:47,NOH,shot,,,,,,,,,,Chris Paul,,,,missed,,jump,13,12
Chris Paul,David West,Hilton Armstrong,James Posey,Peja Stojakovic,Glen Davis,Kevin Garnett,Paul Pierce,Rajon Rondo,Ray Allen,2,0:47,BOS,rebound,,,,,,,,,,,,,,,,,,
Chris Paul,David West,Hilton Armstrong,James Posey,Peja Stojakovic,Glen Davis,Kevin Garnett,Paul Pierce,Rajon Rondo,Ray Allen,2,0:47,NOH,foul,,,,,,,,Glen Davis,,David West,,,,,,loose ball,,
Chris Paul,David West,Hilton Armstrong,Peja Stojakovic,Rasual Butler,Glen Davis,Kevin Garnett,Paul Pierce,Rajon Rondo,Ray Allen,2,0:47,NOH,sub,,,,Rasual Butler,,James Posey,,,,,,,,,,,,
Chris Paul,David West,Hilton Armstrong,Peja Stojakovic,Rasual Butler,Eddie House,Glen Davis,Kevin Garnett,Paul Pierce,Ray Allen,2,0:47,BOS,sub,,,,Eddie House,,Rajon Rondo,,,,,,,,,,,,
Chris Paul,David West,Hilton Armstrong,Peja Stojakovic,Rasual Butler,Eddie House,Glen Davis,Kevin Garnett,Paul Pierce,Ray Allen,2,0:32,BOS,shot,Paul Pierce,,,,,,,,,Kevin Garnett,2,,,made,,jump,45,9
Chris Paul,David West,Hilton Armstrong,Peja Stojakovic,Rasual Butler,Eddie House,Glen Davis,Kevin Garnett,Paul Pierce,Ray Allen,2,0:26,NOH,shot,,,,,,,,,,Rasual Butler,,,,missed,,3pt,4,18
Chris Paul,David West,Hilton Armstrong,Peja Stojakovic,Rasual Butler,Eddie House,Glen Davis,Kevin Garnett,Paul Pierce,Ray Allen,2,0:25,NOH,rebound,,,,,,,,,,,,,,,,,,
Chris Paul,David West,Hilton Armstrong,Peja Stojakovic,Rasual Butler,Eddie House,Glen Davis,Kevin Garnett,Paul Pierce,Ray Allen,2,0:25,BOS,foul,,,,,,,,Hilton Armstrong,,Kevin Garnett,,,,,,loose ball,,
Chris Paul,David West,Hilton Armstrong,Peja Stojakovic,Rasual Butler,Eddie House,Glen Davis,Kevin Garnett,Paul Pierce,Ray Allen,2,0:25,NOH,free throw,,,,,,,1,,2,Hilton Armstrong,,,foul,missed,,,,
Chris Paul,David West,Hilton Armstrong,Peja Stojakovic,Rasual Butler,Eddie House,Glen Davis,Kevin Garnett,Paul Pierce,Ray Allen,2,0:25,NOH,rebound,,,,,,,,,,,,,,,,,,
Chris Paul,David West,Hilton Armstrong,Peja Stojakovic,Rasual Butler,Eddie House,Kevin Garnett,Paul Pierce,Rajon Rondo,Ray Allen,2,0:25,BOS,sub,,,,Rajon Rondo,,Glen Davis,,,,,,,,,,,,
Chris Paul,David West,Hilton Armstrong,James Posey,Rasual Butler,Eddie House,Kevin Garnett,Paul Pierce,Rajon Rondo,Ray Allen,2,0:25,NOH,sub,,,,James Posey,,Peja Stojakovic,,,,,,,,,,,,
Chris Paul,David West,Hilton Armstrong,James Posey,Rasual Butler,Eddie House,Kevin Garnett,Paul Pierce,Rajon Rondo,Ray Allen,2,0:25,NOH,free throw,,,,,,,2,,2,Hilton Armstrong,,,foul,missed,,,,
Chris Paul,David West,Hilton Armstrong,James Posey,Rasual Butler,Eddie House,Kevin Garnett,Paul Pierce,Rajon Rondo,Ray Allen,2,0:24,NOH,rebound,,,,,,,,,,James Posey,,,,,,off,,
Chris Paul,David West,Hilton Armstrong,James Posey,Rasual Butler,Eddie House,Kevin Garnett,Paul Pierce,Rajon Rondo,Ray Allen,2,0:01,NOH,shot,,,,,,,,,,Chris Paul,,,,missed,,3pt,10,25
Chris Paul,David West,Hilton Armstrong,James Posey,Rasual Butler,Eddie House,Kevin Garnett,Paul Pierce,Rajon Rondo,Ray Allen,2,0:00,NOH,rebound,,,,,,,,,,David West,,,,,,off,,
Chris Paul,David West,Hilton Armstrong,Peja Stojakovic,Rasual Butler,Kendrick Perkins,Kevin Garnett,Paul Pierce,Rajon Rondo,Ray Allen,3,11:34,NOH,shot,,,,,,,,,,Hilton Armstrong,,,,missed,,jump,23,9
Chris Paul,David West,Hilton Armstrong,Peja Stojakovic,Rasual Butler,Kendrick Perkins,Kevin Garnett,Paul Pierce,Rajon Rondo,Ray Allen,3,11:33,NOH,rebound,,,,,,,,,,Rasual Butler,,,,,,off,,
Chris Paul,David West,Hilton Armstrong,Peja Stojakovic,Rasual Butler,Kendrick Perkins,Kevin Garnett,Paul Pierce,Rajon Rondo,Ray Allen,3,11:30,NOH,shot,,,,,,,,,,Hilton Armstrong,2,,,made,,slam dunk,25,6
Chris Paul,David West,Hilton Armstrong,Peja Stojakovic,Rasual Butler,Kendrick Perkins,Kevin Garnett,Paul Pierce,Rajon Rondo,Ray Allen,3,11:09,NOH,foul,,,,,,,,Kevin Garnett,,Rasual Butler,,,,,,shooting,,
Chris Paul,David West,Hilton Armstrong,Peja Stojakovic,Rasual Butler,Kendrick Perkins,Kevin Garnett,Paul Pierce,Rajon Rondo,Ray Allen,3,11:09,BOS,free throw,,,,,,,1,,2,Kevin Garnett,,,foul,missed,,,,
Chris Paul,David West,Hilton Armstrong,Peja Stojakovic,Rasual Butler,Kendrick Perkins,Kevin Garnett,Paul Pierce,Rajon Rondo,Ray Allen,3,11:09,BOS,rebound,,,,,,,,,,,,,,,,,,
Chris Paul,David West,Hilton Armstrong,Peja Stojakovic,Rasual Butler,Kendrick Perkins,Kevin Garnett,Paul Pierce,Rajon Rondo,Ray Allen,3,11:09,BOS,free throw,,,,,,,2,,2,Kevin Garnett,,,foul,made,,,,
Chris Paul,David West,Hilton Armstrong,Peja Stojakovic,Rasual Butler,Kendrick Perkins,Kevin Garnett,Paul Pierce,Rajon Rondo,Ray Allen,3,10:48,BOS,foul,,,,,,,,Hilton Armstrong,,Kevin Garnett,,,,,,personal,,
Chris Paul,David West,Hilton Armstrong,Peja Stojakovic,Rasual Butler,Kendrick Perkins,Kevin Garnett,Paul Pierce,Rajon Rondo,Ray Allen,3,10:46,BOS,foul,,,,,,,,Chris Paul,,Rajon Rondo,,,,,,personal,,
Chris Paul,David West,Hilton Armstrong,Peja Stojakovic,Rasual Butler,Kendrick Perkins,Kevin Garnett,Paul Pierce,Rajon Rondo,Ray Allen,3,10:39,NOH,shot,,,Kendrick Perkins,,,,,,,David West,,,,missed,,jump,22,8
Chris Paul,David West,Hilton Armstrong,Peja Stojakovic,Rasual Butler,Kendrick Perkins,Kevin Garnett,Paul Pierce,Rajon Rondo,Ray Allen,3,10:38,NOH,rebound,,,,,,,,,,Hilton Armstrong,,,,,,off,,
Chris Paul,David West,Hilton Armstrong,Peja Stojakovic,Rasual Butler,Kendrick Perkins,Kevin Garnett,Paul Pierce,Rajon Rondo,Ray Allen,3,10:37,NOH,shot,,,,,,,,,,Hilton Armstrong,,,,missed,,layup,24,6
Chris Paul,David West,Hilton Armstrong,Peja Stojakovic,Rasual Butler,Kendrick Perkins,Kevin Garnett,Paul Pierce,Rajon Rondo,Ray Allen,3,10:36,BOS,rebound,,,,,,,,,,,,,,,,,,
Chris Paul,David West,Hilton Armstrong,Peja Stojakovic,Rasual Butler,Kendrick Perkins,Kevin Garnett,Paul Pierce,Rajon Rondo,Ray Allen,3,10:36,NOH,foul,,,,,,,,Kendrick Perkins,,Hilton Armstrong,,,,,,loose ball,,
Chris Paul,David West,Hilton Armstrong,Peja Stojakovic,Rasual Butler,Kendrick Perkins,Kevin Garnett,Paul Pierce,Rajon Rondo,Ray Allen,3,10:23,BOS,shot,Ray Allen,,,,,,,,,Kendrick Perkins,2,,,made,,running layup,25,7
Chris Paul,David West,Hilton Armstrong,Peja Stojakovic,Rasual Butler,Kendrick Perkins,Kevin Garnett,Paul Pierce,Rajon Rondo,Ray Allen,3,10:06,NOH,shot,,,,,,,,,,David West,,,,missed,,jump,29,24
Chris Paul,David West,Hilton Armstrong,Peja Stojakovic,Rasual Butler,Kendrick Perkins,Kevin Garnett,Paul Pierce,Rajon Rondo,Ray Allen,3,10:06,BOS,rebound,,,,,,,,,,Paul Pierce,,,,,,def,,
Chris Paul,David West,Hilton Armstrong,Peja Stojakovic,Rasual Butler,Kendrick Perkins,Kevin Garnett,Paul Pierce,Rajon Rondo,Ray Allen,3,9:53,BOS,shot,Paul Pierce,,,,,,,,,Kevin Garnett,2,,,made,,driving layup,24,6
Chris Paul,David West,Hilton Armstrong,Peja Stojakovic,Rasual Butler,Kendrick Perkins,Kevin Garnett,Paul Pierce,Rajon Rondo,Ray Allen,3,9:38,NOH,shot,Chris Paul,,,,,,,,,Hilton Armstrong,2,,,made,,alley oop dunk,25,7
Chris Paul,David West,Hilton Armstrong,Peja Stojakovic,Rasual Butler,Kendrick Perkins,Kevin Garnett,Paul Pierce,Rajon Rondo,Ray Allen,3,9:16,NOH,foul,,,,,,,,Rajon Rondo,,Hilton Armstrong,,,,,,personal,,
Chris Paul,David West,Hilton Armstrong,Peja Stojakovic,Rasual Butler,Kendrick Perkins,Kevin Garnett,Paul Pierce,Rajon Rondo,Ray Allen,3,9:06,BOS,shot,Paul Pierce,,,,,,,,,Kendrick Perkins,2,,,made,,hook,19,7
Chris Paul,David West,Hilton Armstrong,Peja Stojakovic,Rasual Butler,Kendrick Perkins,Kevin Garnett,Paul Pierce,Rajon Rondo,Ray Allen,3,8:44,NOH,shot,,,,,,,,,,Peja Stojakovic,,,,missed,,3pt,2,8
Chris Paul,David West,Hilton Armstrong,Peja Stojakovic,Rasual Butler,Kendrick Perkins,Kevin Garnett,Paul Pierce,Rajon Rondo,Ray Allen,3,8:43,BOS,rebound,,,,,,,,,,Ray Allen,,,,,,def,,
Chris Paul,David West,Hilton Armstrong,Peja Stojakovic,Rasual Butler,Kendrick Perkins,Kevin Garnett,Paul Pierce,Rajon Rondo,Ray Allen,3,8:34,BOS,shot,,,,,,,,,,Rajon Rondo,,,,missed,,layup,25,7
Chris Paul,David West,Hilton Armstrong,Peja Stojakovic,Rasual Butler,Kendrick Perkins,Kevin Garnett,Paul Pierce,Rajon Rondo,Ray Allen,3,8:33,NOH,rebound,,,,,,,,,,Chris Paul,,,,,,def,,
Chris Paul,David West,Hilton Armstrong,Peja Stojakovic,Rasual Butler,Kendrick Perkins,Kevin Garnett,Paul Pierce,Rajon Rondo,Ray Allen,3,8:27,NOH,shot,,,,,,,,,,Chris Paul,,,,missed,,jump,26,11
Chris Paul,David West,Hilton Armstrong,Peja Stojakovic,Rasual Butler,Kendrick Perkins,Kevin Garnett,Paul Pierce,Rajon Rondo,Ray Allen,3,8:26,NOH,rebound,,,,,,,,,,Chris Paul,,,,,,off,,
Chris Paul,David West,Hilton Armstrong,Peja Stojakovic,Rasual Butler,Kendrick Perkins,Kevin Garnett,Paul Pierce,Rajon Rondo,Ray Allen,3,8:25,NOH,shot,,,,,,,,,,Chris Paul,,,,missed,,tip,26,8
Chris Paul,David West,Hilton Armstrong,Peja Stojakovic,Rasual Butler,Kendrick Perkins,Kevin Garnett,Paul Pierce,Rajon Rondo,Ray Allen,3,8:24,NOH,rebound,,,,,,,,,,David West,,,,,,off,,
Chris Paul,David West,Hilton Armstrong,Peja Stojakovic,Rasual Butler,Kendrick Perkins,Kevin Garnett,Paul Pierce,Rajon Rondo,Ray Allen,3,8:23,NOH,shot,,,,,,,,,,David West,,,,missed,,layup,25,6
Chris Paul,David West,Hilton Armstrong,Peja Stojakovic,Rasual Butler,Kendrick Perkins,Kevin Garnett,Paul Pierce,Rajon Rondo,Ray Allen,3,8:22,BOS,rebound,,,,,,,,,,Rajon Rondo,,,,,,def,,
Chris Paul,David West,Hilton Armstrong,Peja Stojakovic,Rasual Butler,Kendrick Perkins,Kevin Garnett,Paul Pierce,Rajon Rondo,Ray Allen,3,8:16,NOH,foul,,,,,,,,Paul Pierce,,Peja Stojakovic,,,,,,shooting,,
Chris Paul,David West,Hilton Armstrong,Peja Stojakovic,Rasual Butler,Kendrick Perkins,Kevin Garnett,Paul Pierce,Rajon Rondo,Ray Allen,3,8:16,BOS,free throw,,,,,,,1,,2,Paul Pierce,,,foul,made,,,,
Chris Paul,David West,Hilton Armstrong,Peja Stojakovic,Rasual Butler,Kendrick Perkins,Kevin Garnett,Paul Pierce,Rajon Rondo,Ray Allen,3,8:16,BOS,free throw,,,,,,,2,,2,Paul Pierce,,,foul,made,,,,
Chris Paul,David West,Hilton Armstrong,Peja Stojakovic,Rasual Butler,Kendrick Perkins,Kevin Garnett,Paul Pierce,Rajon Rondo,Ray Allen,3,7:55,NOH,shot,,,,,,,,,,David West,2,,,made,,reverse layup,24,8
Chris Paul,David West,Hilton Armstrong,Peja Stojakovic,Rasual Butler,Kendrick Perkins,Kevin Garnett,Paul Pierce,Rajon Rondo,Ray Allen,3,7:44,BOS,shot,,,,,,,,,,Rajon Rondo,,,,missed,,layup,23,7
Chris Paul,David West,Hilton Armstrong,Peja Stojakovic,Rasual Butler,Kendrick Perkins,Kevin Garnett,Paul Pierce,Rajon Rondo,Ray Allen,3,7:43,BOS,rebound,,,,,,,,,,Kendrick Perkins,,,,,,off,,
Chris Paul,David West,Hilton Armstrong,Peja Stojakovic,Rasual Butler,Kendrick Perkins,Kevin Garnett,Paul Pierce,Rajon Rondo,Ray Allen,3,7:42,BOS,shot,,,,,,,,,,Kendrick Perkins,2,,,made,,putback layup,25,6
Chris Paul,David West,Hilton Armstrong,Peja Stojakovic,Rasual Butler,Kendrick Perkins,Kevin Garnett,Paul Pierce,Rajon Rondo,Ray Allen,3,7:31,NOH,shot,,,,,,,,,,Hilton Armstrong,,,,missed,,layup,23,7
Chris Paul,David West,Hilton Armstrong,Peja Stojakovic,Rasual Butler,Kendrick Perkins,Kevin Garnett,Paul Pierce,Rajon Rondo,Ray Allen,3,7:30,BOS,rebound,,,,,,,,,,,,,,,,,,
Chris Paul,David West,Hilton Armstrong,Peja Stojakovic,Rasual Butler,Kendrick Perkins,Kevin Garnett,Paul Pierce,Rajon Rondo,Ray Allen,3,7:29,NOH,foul,,,,,,,,Kendrick Perkins,,Chris Paul,,,,,,loose ball,,
Chris Paul,David West,Hilton Armstrong,Peja Stojakovic,Rasual Butler,Kendrick Perkins,Kevin Garnett,Paul Pierce,Rajon Rondo,Ray Allen,3,7:29,BOS,free throw,,,,,,,1,,2,Kendrick Perkins,,,foul,missed,,,,
Chris Paul,David West,Hilton Armstrong,Peja Stojakovic,Rasual Butler,Kendrick Perkins,Kevin Garnett,Paul Pierce,Rajon Rondo,Ray Allen,3,7:29,BOS,rebound,,,,,,,,,,,,,,,,,,
Chris Paul,David West,Hilton Armstrong,Peja Stojakovic,Rasual Butler,Kendrick Perkins,Kevin Garnett,Paul Pierce,Rajon Rondo,Ray Allen,3,7:29,BOS,free throw,,,,,,,2,,2,Kendrick Perkins,,,foul,missed,,,,
Chris Paul,David West,Hilton Armstrong,Peja Stojakovic,Rasual Butler,Kendrick Perkins,Kevin Garnett,Paul Pierce,Rajon Rondo,Ray Allen,3,7:29,BOS,rebound,,,,,,,,,,Kevin Garnett,,,,,,off,,
Chris Paul,David West,Hilton Armstrong,Peja Stojakovic,Rasual Butler,Kendrick Perkins,Kevin Garnett,Paul Pierce,Rajon Rondo,Ray Allen,3,7:21,BOS,shot,,,,,,,,,,Paul Pierce,2,,,made,,driving layup,24,7
Chris Paul,David West,Hilton Armstrong,Peja Stojakovic,Rasual Butler,Kendrick Perkins,Kevin Garnett,Paul Pierce,Rajon Rondo,Ray Allen,3,7:12,NOH,timeout,,,,,,,,,,,,,,,,regular,,
Chris Paul,David West,Hilton Armstrong,Peja Stojakovic,Rasual Butler,Kendrick Perkins,Kevin Garnett,Paul Pierce,Rajon Rondo,Ray Allen,3,6:53,NOH,shot,,,,,,,,,,Hilton Armstrong,,,,missed,,running hook,24,9
Chris Paul,David West,Hilton Armstrong,Peja Stojakovic,Rasual Butler,Kendrick Perkins,Kevin Garnett,Paul Pierce,Rajon Rondo,Ray Allen,3,6:52,BOS,rebound,,,,,,,,,,Paul Pierce,,,,,,def,,
Chris Paul,David West,Hilton Armstrong,Peja Stojakovic,Rasual Butler,Kendrick Perkins,Kevin Garnett,Paul Pierce,Rajon Rondo,Ray Allen,3,6:44,BOS,shot,,,,,,,,,,Paul Pierce,2,,,made,,jump,37,10
Chris Paul,David West,Hilton Armstrong,Peja Stojakovic,Rasual Butler,Kendrick Perkins,Kevin Garnett,Paul Pierce,Rajon Rondo,Ray Allen,3,6:24,NOH,shot,,,,,,,,,,Hilton Armstrong,,,,missed,,jump,29,23
Chris Paul,David West,Hilton Armstrong,Peja Stojakovic,Rasual Butler,Kendrick Perkins,Kevin Garnett,Paul Pierce,Rajon Rondo,Ray Allen,3,6:22,BOS,rebound,,,,,,,,,,,,,,,,,,
Chris Paul,David West,Peja Stojakovic,Rasual Butler,Sean Marks,Kendrick Perkins,Kevin Garnett,Paul Pierce,Rajon Rondo,Ray Allen,3,6:22,NOH,sub,,,,Sean Marks,,Hilton Armstrong,,,,,,,,,,,,
Chris Paul,David West,Peja Stojakovic,Rasual Butler,Sean Marks,Kendrick Perkins,Kevin Garnett,Paul Pierce,Rajon Rondo,Ray Allen,3,6:10,NOH,foul,,,,,,,,Paul Pierce,,Rasual Butler,,,,,,personal,,
Chris Paul,David West,Peja Stojakovic,Rasual Butler,Sean Marks,Kendrick Perkins,Kevin Garnett,Paul Pierce,Rajon Rondo,Ray Allen,3,6:10,BOS,free throw,,,,,,,1,,2,Paul Pierce,,,foul,made,,,,
Chris Paul,David West,Peja Stojakovic,Rasual Butler,Sean Marks,Kendrick Perkins,Kevin Garnett,Paul Pierce,Rajon Rondo,Ray Allen,3,6:10,BOS,free throw,,,,,,,2,,2,Paul Pierce,,,foul,made,,,,
Chris Paul,David West,Peja Stojakovic,Rasual Butler,Sean Marks,Kendrick Perkins,Kevin Garnett,Paul Pierce,Rajon Rondo,Ray Allen,3,5:49,NOH,shot,Chris Paul,,,,,,,,,Peja Stojakovic,2,,,made,,jump,19,24
Chris Paul,David West,Peja Stojakovic,Rasual Butler,Sean Marks,Kendrick Perkins,Kevin Garnett,Paul Pierce,Rajon Rondo,Ray Allen,3,5:34,BOS,shot,,,,,,,,,,Kevin Garnett,2,,,made,,turnaround fade away,33,6
Chris Paul,David West,Peja Stojakovic,Rasual Butler,Sean Marks,Kendrick Perkins,Kevin Garnett,Paul Pierce,Rajon Rondo,Ray Allen,3,5:26,BOS,foul,,,,,,,,Chris Paul,,Kevin Garnett,,,,,,shooting,,
Chris Paul,David West,Peja Stojakovic,Rasual Butler,Sean Marks,Kendrick Perkins,Kevin Garnett,Paul Pierce,Rajon Rondo,Ray Allen,3,5:26,NOH,free throw,,,,,,,1,,2,Chris Paul,,,foul,made,,,,
Chris Paul,David West,Peja Stojakovic,Rasual Butler,Sean Marks,Kendrick Perkins,Leon Powe,Paul Pierce,Rajon Rondo,Ray Allen,3,5:26,BOS,sub,,,,Leon Powe,,Kevin Garnett,,,,,,,,,,,,
Chris Paul,David West,Peja Stojakovic,Rasual Butler,Sean Marks,Kendrick Perkins,Leon Powe,Paul Pierce,Rajon Rondo,Ray Allen,3,5:26,NOH,free throw,,,,,,,2,,2,Chris Paul,,,foul,made,,,,
Chris Paul,David West,Peja Stojakovic,Rasual Butler,Sean Marks,Kendrick Perkins,Leon Powe,Paul Pierce,Rajon Rondo,Ray Allen,3,5:05,BOS,shot,,,,,,,,,,Paul Pierce,,,,missed,,jump,18,15
Chris Paul,David West,Peja Stojakovic,Rasual Butler,Sean Marks,Kendrick Perkins,Leon Powe,Paul Pierce,Rajon Rondo,Ray Allen,3,5:03,BOS,shot,,,,,,,,,,Leon Powe,2,,,made,,tip,25,8
Chris Paul,David West,Peja Stojakovic,Rasual Butler,Sean Marks,Kendrick Perkins,Leon Powe,Paul Pierce,Rajon Rondo,Ray Allen,3,5:03,BOS,rebound,,,,,,,,,,Leon Powe,,,,,,off,,
Chris Paul,David West,Peja Stojakovic,Rasual Butler,Sean Marks,Kendrick Perkins,Leon Powe,Paul Pierce,Rajon Rondo,Ray Allen,3,4:54,NOH,shot,,,,,,,,,,Chris Paul,,,,missed,,jump,25,20
Chris Paul,David West,Peja Stojakovic,Rasual Butler,Sean Marks,Kendrick Perkins,Leon Powe,Paul Pierce,Rajon Rondo,Ray Allen,3,4:53,BOS,rebound,,,,,,,,,,Kendrick Perkins,,,,,,def,,
Chris Paul,David West,Peja Stojakovic,Rasual Butler,Sean Marks,Kendrick Perkins,Leon Powe,Paul Pierce,Rajon Rondo,Ray Allen,3,4:37,BOS,shot,,,,,,,,,,Leon Powe,,,,missed,,layup,26,7
Chris Paul,David West,Peja Stojakovic,Rasual Butler,Sean Marks,Kendrick Perkins,Leon Powe,Paul Pierce,Rajon Rondo,Ray Allen,3,4:36,NOH,rebound,,,,,,,,,,David West,,,,,,def,,
Chris Paul,David West,Peja Stojakovic,Rasual Butler,Sean Marks,Kendrick Perkins,Leon Powe,Paul Pierce,Rajon Rondo,Ray Allen,3,4:28,NOH,shot,Chris Paul,,,,,,,,,David West,2,,,made,,jump,33,20
Chris Paul,David West,Peja Stojakovic,Rasual Butler,Sean Marks,Kendrick Perkins,Leon Powe,Paul Pierce,Rajon Rondo,Ray Allen,3,4:09,BOS,shot,,,,,,,,,,Paul Pierce,2,,,made,,driving finger roll layup,24,7
Chris Paul,David West,Peja Stojakovic,Rasual Butler,Sean Marks,Kendrick Perkins,Leon Powe,Paul Pierce,Rajon Rondo,Ray Allen,3,4:09,NOH,foul,,,,,,,,Paul Pierce,,Rasual Butler,,,,,,shooting,,
Chris Paul,David West,Devin Brown,Peja Stojakovic,Sean Marks,Kendrick Perkins,Leon Powe,Paul Pierce,Rajon Rondo,Ray Allen,3,4:09,NOH,sub,,,,Devin Brown,,Rasual Butler,,,,,,,,,,,,
Chris Paul,David West,Devin Brown,Peja Stojakovic,Sean Marks,Kendrick Perkins,Leon Powe,Paul Pierce,Rajon Rondo,Ray Allen,3,4:09,BOS,free throw,,,,,,,1,,1,Paul Pierce,,,foul,missed,,,,
Chris Paul,David West,Devin Brown,Peja Stojakovic,Sean Marks,Kendrick Perkins,Leon Powe,Paul Pierce,Rajon Rondo,Ray Allen,3,4:08,NOH,rebound,,,,,,,,,,Sean Marks,,,,,,def,,
Chris Paul,David West,Devin Brown,Peja Stojakovic,Sean Marks,Kendrick Perkins,Leon Powe,Paul Pierce,Rajon Rondo,Ray Allen,3,3:53,BOS,foul,,,,,,,,David West,,Leon Powe,,,,,,shooting,,
Chris Paul,David West,Devin Brown,Peja Stojakovic,Sean Marks,Kendrick Perkins,Leon Powe,Paul Pierce,Rajon Rondo,Ray Allen,3,3:53,NOH,free throw,,,,,,,1,,2,David West,,,foul,made,,,,
Chris Paul,David West,Devin Brown,Peja Stojakovic,Sean Marks,Kendrick Perkins,Leon Powe,Paul Pierce,Rajon Rondo,Ray Allen,3,3:53,NOH,free throw,,,,,,,2,,2,David West,,,foul,missed,,,,
Chris Paul,David West,Devin Brown,Peja Stojakovic,Sean Marks,Kendrick Perkins,Leon Powe,Paul Pierce,Rajon Rondo,Ray Allen,3,3:53,BOS,rebound,,,,,,,,,,Kendrick Perkins,,,,,,def,,
Chris Paul,David West,Devin Brown,Peja Stojakovic,Sean Marks,Kendrick Perkins,Leon Powe,Paul Pierce,Rajon Rondo,Ray Allen,3,3:35,BOS,shot,,,David West,,,,,,,Kendrick Perkins,,,,missed,,layup,23,6
Chris Paul,David West,Devin Brown,Peja Stojakovic,Sean Marks,Kendrick Perkins,Leon Powe,Paul Pierce,Rajon Rondo,Ray Allen,3,3:32,NOH,rebound,,,,,,,,,,Chris Paul,,,,,,def,,
Chris Paul,David West,Devin Brown,Peja Stojakovic,Sean Marks,Kendrick Perkins,Leon Powe,Paul Pierce,Rajon Rondo,Ray Allen,3,3:28,NOH,shot,Chris Paul,,,,,,,,,Devin Brown,2,,,made,,layup,25,7
Chris Paul,David West,Devin Brown,Peja Stojakovic,Sean Marks,Kendrick Perkins,Leon Powe,Paul Pierce,Rajon Rondo,Ray Allen,3,3:09,BOS,shot,,,,,,,,,,Ray Allen,,,,missed,,jump,15,20
Chris Paul,David West,Devin Brown,Peja Stojakovic,Sean Marks,Kendrick Perkins,Leon Powe,Paul Pierce,Rajon Rondo,Ray Allen,3,3:08,NOH,rebound,,,,,,,,,,Sean Marks,,,,,,def,,
Chris Paul,David West,Devin Brown,Peja Stojakovic,Sean Marks,Kendrick Perkins,Leon Powe,Paul Pierce,Rajon Rondo,Ray Allen,3,2:51,NOH,shot,,,,,,,,,,Peja Stojakovic,,,,missed,,jump,15,24
Chris Paul,David West,Devin Brown,Peja Stojakovic,Sean Marks,Kendrick Perkins,Leon Powe,Paul Pierce,Rajon Rondo,Ray Allen,3,2:50,BOS,rebound,,,,,,,,,,Kendrick Perkins,,,,,,def,,
Chris Paul,David West,Devin Brown,Peja Stojakovic,Sean Marks,Kendrick Perkins,Leon Powe,Paul Pierce,Rajon Rondo,Ray Allen,3,2:37,BOS,shot,,,,,,,,,,Ray Allen,2,,,made,,jump,25,15
Chris Paul,David West,Devin Brown,Peja Stojakovic,Sean Marks,Kendrick Perkins,Leon Powe,Paul Pierce,Rajon Rondo,Ray Allen,3,2:22,NOH,shot,Chris Paul,,,,,,,,,Sean Marks,2,,,made,,slam dunk,25,7
Chris Paul,David West,Devin Brown,Peja Stojakovic,Sean Marks,Kendrick Perkins,Leon Powe,Paul Pierce,Rajon Rondo,Ray Allen,3,2:00,BOS,shot,Ray Allen,,,,,,,,,Rajon Rondo,2,,,made,,jump,16,23
Chris Paul,David West,Devin Brown,Peja Stojakovic,Sean Marks,Kendrick Perkins,Leon Powe,Paul Pierce,Rajon Rondo,Ray Allen,3,1:46,NOH,shot,,,,,,,,,,David West,,,,missed,,jump,24,23
Chris Paul,David West,Devin Brown,Peja Stojakovic,Sean Marks,Kendrick Perkins,Leon Powe,Paul Pierce,Rajon Rondo,Ray Allen,3,1:45,BOS,rebound,,,,,,,,,,Paul Pierce,,,,,,def,,
Chris Paul,David West,Devin Brown,Peja Stojakovic,Sean Marks,Kendrick Perkins,Leon Powe,Paul Pierce,Rajon Rondo,Ray Allen,3,1:36,BOS,shot,,,,,,,,,,Paul Pierce,2,,,made,,driving finger roll layup,25,7
Chris Paul,David West,Devin Brown,Peja Stojakovic,Sean Marks,Kendrick Perkins,Leon Powe,Paul Pierce,Rajon Rondo,Ray Allen,3,1:21,NOH,shot,,,,,,,,,,David West,2,,,made,,jump,37,6
Chris Paul,David West,Devin Brown,Peja Stojakovic,Sean Marks,Kendrick Perkins,Leon Powe,Paul Pierce,Rajon Rondo,Ray Allen,3,1:21,BOS,foul,,,,,,,,David West,,Leon Powe,,,,,,shooting,,
Chris Paul,David West,Devin Brown,Peja Stojakovic,Sean Marks,Kendrick Perkins,Leon Powe,Paul Pierce,Rajon Rondo,Ray Allen,3,1:21,BOS,timeout,,,,,,,,,,,,,,,,regular,,
Chris Paul,David West,Devin Brown,James Posey,Sean Marks,Kendrick Perkins,Leon Powe,Paul Pierce,Rajon Rondo,Ray Allen,3,1:21,NOH,sub,,,,James Posey,,Peja Stojakovic,,,,,,,,,,,,
Chris Paul,David West,Devin Brown,James Posey,Sean Marks,Kendrick Perkins,Leon Powe,Paul Pierce,Rajon Rondo,Tony Allen,3,1:21,BOS,sub,,,,Tony Allen,,Ray Allen,,,,,,,,,,,,
Chris Paul,David West,Devin Brown,James Posey,Sean Marks,Kendrick Perkins,Leon Powe,Paul Pierce,Rajon Rondo,Tony Allen,3,1:21,NOH,free throw,,,,,,,1,,1,David West,,,foul,made,,,,
Chris Paul,David West,Devin Brown,James Posey,Sean Marks,Kendrick Perkins,Leon Powe,Paul Pierce,Rajon Rondo,Tony Allen,3,1:04,BOS,shot,,,David West,,,,,,,Rajon Rondo,,,,missed,,layup,25,6
Chris Paul,David West,Devin Brown,James Posey,Sean Marks,Kendrick Perkins,Leon Powe,Paul Pierce,Rajon Rondo,Tony Allen,3,1:02,NOH,rebound,,,,,,,,,,David West,,,,,,def,,
Chris Paul,David West,Devin Brown,James Posey,Sean Marks,Kendrick Perkins,Leon Powe,Paul Pierce,Rajon Rondo,Tony Allen,3,0:58,NOH,shot,Chris Paul,,,,,,,,,Devin Brown,2,,,made,,layup,25,6
Chris Paul,David West,Devin Brown,James Posey,Sean Marks,Kendrick Perkins,Leon Powe,Paul Pierce,Rajon Rondo,Tony Allen,3,0:36,BOS,shot,,,,,,,,,,Rajon Rondo,,,,missed,,jump,30,8
Chris Paul,David West,Devin Brown,James Posey,Sean Marks,Kendrick Perkins,Leon Powe,Paul Pierce,Rajon Rondo,Tony Allen,3,0:35,NOH,rebound,,,,,,,,,,David West,,,,,,def,,
Chris Paul,David West,Devin Brown,James Posey,Sean Marks,Kendrick Perkins,Leon Powe,Paul Pierce,Rajon Rondo,Tony Allen,3,0:24,NOH,turnover,,,,,,,,,,Sean Marks,,,bad pass,,Paul Pierce,,,
Chris Paul,David West,Devin Brown,James Posey,Sean Marks,Kendrick Perkins,Leon Powe,Paul Pierce,Rajon Rondo,Tony Allen,3,0:23,NOH,foul,,,,,,,,Paul Pierce,,James Posey,,,,,,personal,,
Chris Paul,David West,Devin Brown,James Posey,Sean Marks,Eddie House,Kendrick Perkins,Leon Powe,Paul Pierce,Tony Allen,3,0:23,BOS,sub,,,,Eddie House,,Rajon Rondo,,,,,,,,,,,,
Chris Paul,David West,Devin Brown,James Posey,Sean Marks,Eddie House,Glen Davis,Leon Powe,Paul Pierce,Tony Allen,3,0:23,BOS,sub,,,,Glen Davis,,Kendrick Perkins,,,,,,,,,,,,
Chris Paul,David West,Devin Brown,James Posey,Sean Marks,Eddie House,Glen Davis,Leon Powe,Paul Pierce,Tony Allen,3,0:23,BOS,free throw,,,,,,,1,,2,Paul Pierce,,,foul,made,,,,
Chris Paul,David West,Devin Brown,James Posey,Sean Marks,Eddie House,Glen Davis,Leon Powe,Paul Pierce,Tony Allen,3,0:23,BOS,free throw,,,,,,,2,,2,Paul Pierce,,,foul,missed,,,,
Chris Paul,David West,Devin Brown,James Posey,Sean Marks,Eddie House,Glen Davis,Leon Powe,Paul Pierce,Tony Allen,3,0:23,NOH,rebound,,,,,,,,,,James Posey,,,,,,def,,
Chris Paul,David West,Devin Brown,James Posey,Sean Marks,Eddie House,Glen Davis,Leon Powe,Paul Pierce,Tony Allen,3,0:08,BOS,foul,,,,,,,,Chris Paul,,Tony Allen,,,,,,personal,,
Chris Paul,David West,Devin Brown,James Posey,Sean Marks,Eddie House,Glen Davis,Leon Powe,Paul Pierce,Tony Allen,3,0:08,NOH,free throw,,,,,,,1,,2,Chris Paul,,,foul,made,,,,
Chris Paul,David West,Devin Brown,James Posey,Sean Marks,Eddie House,Leon Powe,Paul Pierce,Rajon Rondo,Tony Allen,3,0:08,BOS,sub,,,,Rajon Rondo,,Glen Davis,,,,,,,,,,,,
Chris Paul,David West,Devin Brown,James Posey,Sean Marks,Eddie House,Leon Powe,Paul Pierce,Rajon Rondo,Tony Allen,3,0:08,NOH,free throw,,,,,,,2,,2,Chris Paul,,,foul,made,,,,
Chris Paul,David West,Devin Brown,James Posey,Sean Marks,Eddie House,Leon Powe,Paul Pierce,Rajon Rondo,Tony Allen,3,0:01,BOS,shot,,,,,,,,,,Paul Pierce,,,,missed,,step back jump,38,6
Chris Paul,David West,Devin Brown,James Posey,Sean Marks,Eddie House,Leon Powe,Paul Pierce,Rajon Rondo,Tony Allen,3,0:00,NOH,rebound,,,,,,,,,,Chris Paul,,,,,,def,,
Chris Paul,David West,Devin Brown,James Posey,Melvin Ely,Eddie House,Glen Davis,Leon Powe,Paul Pierce,Tony Allen,4,11:43,BOS,shot,,,,,,,,,,Paul Pierce,2,,,made,,jump,25,12
Chris Paul,David West,Devin Brown,James Posey,Melvin Ely,Eddie House,Glen Davis,Leon Powe,Paul Pierce,Tony Allen,4,11:20,NOH,shot,,,,,,,,,,David West,,,,missed,,jump,24,11
Chris Paul,David West,Devin Brown,James Posey,Melvin Ely,Eddie House,Glen Davis,Leon Powe,Paul Pierce,Tony Allen,4,11:19,BOS,rebound,,,,,,,,,,Tony Allen,,,,,,def,,
Chris Paul,David West,Devin Brown,James Posey,Melvin Ely,Eddie House,Glen Davis,Leon Powe,Paul Pierce,Tony Allen,4,11:11,NOH,foul,,,,,,,,Glen Davis,,Devin Brown,,,,,,shooting,,
Chris Paul,Devin Brown,James Posey,Julian Wright,Melvin Ely,Eddie House,Glen Davis,Leon Powe,Paul Pierce,Tony Allen,4,11:11,NOH,sub,,,,Julian Wright,,David West,,,,,,,,,,,,
Chris Paul,Devin Brown,James Posey,Julian Wright,Melvin Ely,Eddie House,Glen Davis,Leon Powe,Paul Pierce,Tony Allen,4,11:11,BOS,free throw,,,,,,,1,,2,Glen Davis,,,foul,made,,,,
Chris Paul,Devin Brown,James Posey,Julian Wright,Melvin Ely,Eddie House,Glen Davis,Leon Powe,Paul Pierce,Tony Allen,4,11:11,BOS,free throw,,,,,,,2,,2,Glen Davis,,,foul,missed,,,,
Chris Paul,Devin Brown,James Posey,Julian Wright,Melvin Ely,Eddie House,Glen Davis,Leon Powe,Paul Pierce,Tony Allen,4,11:11,NOH,rebound,,,,,,,,,,Melvin Ely,,,,,,def,,
Chris Paul,Devin Brown,James Posey,Julian Wright,Melvin Ely,Eddie House,Glen Davis,Leon Powe,Paul Pierce,Tony Allen,4,10:49,NOH,shot,,,,,,,,,,Chris Paul,2,,,made,,step back jump,32,15
Chris Paul,Devin Brown,James Posey,Julian Wright,Melvin Ely,Eddie House,Glen Davis,Leon Powe,Paul Pierce,Tony Allen,4,10:32,BOS,shot,Paul Pierce,,,,,,,,,Eddie House,3,,,made,,3pt,48,11
Chris Paul,Devin Brown,James Posey,Julian Wright,Melvin Ely,Eddie House,Glen Davis,Leon Powe,Paul Pierce,Tony Allen,4,10:17,BOS,foul,,,,,,,,Julian Wright,,Tony Allen,,,,,,shooting,,
Chris Paul,Devin Brown,James Posey,Julian Wright,Melvin Ely,Eddie House,Glen Davis,Leon Powe,Paul Pierce,Tony Allen,4,10:17,NOH,free throw,,,,,,,1,,2,Julian Wright,,,foul,missed,,,,
Chris Paul,Devin Brown,James Posey,Julian Wright,Melvin Ely,Eddie House,Glen Davis,Leon Powe,Paul Pierce,Tony Allen,4,10:17,NOH,rebound,,,,,,,,,,,,,,,,,,
Chris Paul,Devin Brown,James Posey,Julian Wright,Melvin Ely,Eddie House,Glen Davis,Leon Powe,Paul Pierce,Tony Allen,4,10:17,NOH,free throw,,,,,,,2,,2,Julian Wright,,,foul,made,,,,
Chris Paul,Devin Brown,James Posey,Julian Wright,Melvin Ely,Eddie House,Glen Davis,Leon Powe,Paul Pierce,Tony Allen,4,10:00,BOS,shot,,,,,,,,,,Glen Davis,,,,missed,,turnaround jump,23,13
Chris Paul,Devin Brown,James Posey,Julian Wright,Melvin Ely,Eddie House,Glen Davis,Leon Powe,Paul Pierce,Tony Allen,4,9:59,BOS,rebound,,,,,,,,,,,,,,,,,,
Chris Paul,Devin Brown,James Posey,Julian Wright,Melvin Ely,Eddie House,Glen Davis,Leon Powe,Paul Pierce,Tony Allen,4,9:59,NOH,foul,,,,,,,,Leon Powe,,James Posey,,,,,,loose ball,,
Chris Paul,Devin Brown,James Posey,Julian Wright,Melvin Ely,Eddie House,Glen Davis,Leon Powe,Paul Pierce,Tony Allen,4,9:52,BOS,turnover,,,,,,,,,,Leon Powe,,,lost ball,,Devin Brown,,,
Chris Paul,Devin Brown,James Posey,Julian Wright,Melvin Ely,Eddie House,Glen Davis,Leon Powe,Paul Pierce,Tony Allen,4,9:40,NOH,shot,,,,,,,,,,Devin Brown,,,,missed,,3pt,15,29
Chris Paul,Devin Brown,James Posey,Julian Wright,Melvin Ely,Eddie House,Glen Davis,Leon Powe,Paul Pierce,Tony Allen,4,9:39,BOS,rebound,,,,,,,,,,Eddie House,,,,,,def,,
Chris Paul,Devin Brown,James Posey,Julian Wright,Melvin Ely,Eddie House,Glen Davis,Leon Powe,Paul Pierce,Tony Allen,4,9:30,BOS,turnover,,,,,,,,,,Eddie House,,,step out of bounds turnover,,,,,
Chris Paul,Devin Brown,James Posey,Julian Wright,Melvin Ely,Eddie House,Glen Davis,Leon Powe,Paul Pierce,Tony Allen,4,9:16,NOH,turnover,,,,,,,,,,Julian Wright,,,bad pass,,Glen Davis,,,
Chris Paul,Devin Brown,James Posey,Julian Wright,Melvin Ely,Eddie House,Glen Davis,Leon Powe,Paul Pierce,Tony Allen,4,9:11,BOS,shot,Glen Davis,,,,,,,,,Tony Allen,2,,,made,,running layup,23,6
Chris Paul,Devin Brown,James Posey,Julian Wright,Melvin Ely,Eddie House,Glen Davis,Leon Powe,Paul Pierce,Tony Allen,4,9:11,NOH,foul,,,,,,,,Tony Allen,,Julian Wright,,,,,,shooting,,
Chris Paul,David West,Devin Brown,James Posey,Melvin Ely,Eddie House,Glen Davis,Leon Powe,Paul Pierce,Tony Allen,4,9:11,NOH,sub,,,,David West,,Julian Wright,,,,,,,,,,,,
Chris Paul,David West,Devin Brown,James Posey,Melvin Ely,Eddie House,Glen Davis,Kevin Garnett,Paul Pierce,Tony Allen,4,9:11,BOS,sub,,,,Kevin Garnett,,Leon Powe,,,,,,,,,,,,
Chris Paul,David West,Devin Brown,James Posey,Melvin Ely,Eddie House,Glen Davis,Kevin Garnett,Paul Pierce,Tony Allen,4,9:11,BOS,free throw,,,,,,,1,,1,Tony Allen,,,foul,missed,,,,
Chris Paul,David West,Devin Brown,James Posey,Melvin Ely,Eddie House,Glen Davis,Kevin Garnett,Paul Pierce,Tony Allen,4,9:11,NOH,rebound,,,,,,,,,,James Posey,,,,,,def,,
Chris Paul,David West,Devin Brown,James Posey,Melvin Ely,Eddie House,Glen Davis,Kevin Garnett,Paul Pierce,Tony Allen,4,8:58,NOH,shot,,,,,,,,,,Chris Paul,,,,missed,,jump,15,21
Chris Paul,David West,Devin Brown,James Posey,Melvin Ely,Eddie House,Glen Davis,Kevin Garnett,Paul Pierce,Tony Allen,4,8:57,BOS,rebound,,,,,,,,,,Tony Allen,,,,,,def,,
Chris Paul,David West,Devin Brown,James Posey,Melvin Ely,Eddie House,Glen Davis,Kevin Garnett,Paul Pierce,Tony Allen,4,8:51,NOH,foul,,,,,,,,Paul Pierce,,Melvin Ely,,,,,,shooting,,
Chris Paul,David West,Devin Brown,James Posey,Melvin Ely,Eddie House,Glen Davis,Kevin Garnett,Paul Pierce,Tony Allen,4,8:51,OFF,timeout,,,,,,,,,,,,,,,,official,,
Chris Paul,David West,Devin Brown,James Posey,Melvin Ely,Eddie House,Glen Davis,Kevin Garnett,Paul Pierce,Tony Allen,4,8:51,BOS,free throw,,,,,,,1,,2,Paul Pierce,,,foul,made,,,,
Chris Paul,David West,Devin Brown,James Posey,Melvin Ely,Eddie House,Glen Davis,Kevin Garnett,Paul Pierce,Tony Allen,4,8:51,NOH,violation,,,,,,,,,,David West,,,,,,lane,,
Chris Paul,David West,Devin Brown,James Posey,Melvin Ely,Eddie House,Glen Davis,Kevin Garnett,Paul Pierce,Tony Allen,4,8:51,BOS,free throw,,,,,,,2,,2,Paul Pierce,,,foul,made,,,,
Chris Paul,David West,Devin Brown,James Posey,Melvin Ely,Eddie House,Glen Davis,Kevin Garnett,Paul Pierce,Tony Allen,4,8:43,BOS,foul,,,,,,,,Melvin Ely,,Glen Davis,,,,,,personal,,
Chris Paul,David West,Devin Brown,Hilton Armstrong,James Posey,Eddie House,Glen Davis,Kevin Garnett,Paul Pierce,Tony Allen,4,8:43,NOH,sub,,,,Hilton Armstrong,,Melvin Ely,,,,,,,,,,,,
Chris Paul,David West,Hilton Armstrong,James Posey,Rasual Butler,Eddie House,Glen Davis,Kevin Garnett,Paul Pierce,Tony Allen,4,8:43,NOH,sub,,,,Rasual Butler,,Devin Brown,,,,,,,,,,,,
Chris Paul,David West,Hilton Armstrong,James Posey,Rasual Butler,Eddie House,Glen Davis,Kevin Garnett,Paul Pierce,Tony Allen,4,8:31,NOH,shot,,,,,,,,,,James Posey,,,,missed,,3pt,43,23
Chris Paul,David West,Hilton Armstrong,James Posey,Rasual Butler,Eddie House,Glen Davis,Kevin Garnett,Paul Pierce,Tony Allen,4,8:30,BOS,rebound,,,,,,,,,,Glen Davis,,,,,,def,,
Chris Paul,David West,Hilton Armstrong,James Posey,Rasual Butler,Eddie House,Glen Davis,Kevin Garnett,Paul Pierce,Tony Allen,4,8:29,NOH,foul,,,,,,,,Glen Davis,,Hilton Armstrong,,,,,,personal,,
Chris Paul,David West,Hilton Armstrong,James Posey,Rasual Butler,Eddie House,Glen Davis,Kevin Garnett,Paul Pierce,Tony Allen,4,8:29,BOS,free throw,,,,,,,1,,2,Glen Davis,,,foul,missed,,,,
Chris Paul,David West,Hilton Armstrong,James Posey,Rasual Butler,Eddie House,Glen Davis,Kevin Garnett,Paul Pierce,Tony Allen,4,8:29,BOS,rebound,,,,,,,,,,,,,,,,,,
Chris Paul,David West,Hilton Armstrong,James Posey,Rasual Butler,Eddie House,Glen Davis,Kevin Garnett,Paul Pierce,Tony Allen,4,8:29,BOS,free throw,,,,,,,2,,2,Glen Davis,,,foul,missed,,,,
Chris Paul,David West,Hilton Armstrong,James Posey,Rasual Butler,Eddie House,Glen Davis,Kevin Garnett,Paul Pierce,Tony Allen,4,8:29,NOH,rebound,,,,,,,,,,James Posey,,,,,,def,,
Chris Paul,David West,Hilton Armstrong,James Posey,Rasual Butler,Eddie House,Glen Davis,Kevin Garnett,Paul Pierce,Tony Allen,4,8:09,NOH,shot,,,,,,,,,,James Posey,2,,,made,,running jump,25,12
Chris Paul,David West,Hilton Armstrong,James Posey,Rasual Butler,Eddie House,Glen Davis,Kevin Garnett,Paul Pierce,Tony Allen,4,7:44,BOS,shot,Paul Pierce,,,,,,,,,Eddie House,3,,,made,,3pt,48,6
Chris Paul,David West,Hilton Armstrong,James Posey,Rasual Butler,Eddie House,Glen Davis,Kevin Garnett,Paul Pierce,Tony Allen,4,7:30,NOH,shot,,,,,,,,,,Chris Paul,,,,missed,,layup,27,6
Chris Paul,David West,Hilton Armstrong,James Posey,Rasual Butler,Eddie House,Glen Davis,Kevin Garnett,Paul Pierce,Tony Allen,4,7:29,BOS,rebound,,,,,,,,,,Kevin Garnett,,,,,,def,,
Chris Paul,David West,Hilton Armstrong,James Posey,Rasual Butler,Eddie House,Glen Davis,Kevin Garnett,Paul Pierce,Tony Allen,4,7:25,BOS,foul,,,,,,,,James Posey,,Tony Allen,,,,,,offensive,,
Chris Paul,David West,Hilton Armstrong,James Posey,Rasual Butler,Eddie House,Glen Davis,Kevin Garnett,Paul Pierce,Tony Allen,4,7:25,BOS,turnover,,,,,,,,,,Tony Allen,,,foul,,,,,
Chris Paul,David West,Hilton Armstrong,James Posey,Rasual Butler,Eddie House,Glen Davis,Kevin Garnett,Paul Pierce,Tony Allen,4,7:16,BOS,foul,,,,,,,,Hilton Armstrong,,Glen Davis,,,,,,personal,,
Chris Paul,David West,Hilton Armstrong,James Posey,Rasual Butler,Eddie House,Glen Davis,Kevin Garnett,Paul Pierce,Tony Allen,4,7:12,NOH,turnover,,,,,,,,,,Hilton Armstrong,,,lost ball,,Paul Pierce,,,
Chris Paul,David West,Hilton Armstrong,James Posey,Rasual Butler,Eddie House,Glen Davis,Kevin Garnett,Paul Pierce,Tony Allen,4,7:06,BOS,turnover,,,,,,,,,,Kevin Garnett,,,bad pass,,Chris Paul,,,
Chris Paul,David West,Hilton Armstrong,James Posey,Rasual Butler,Eddie House,Glen Davis,Kevin Garnett,Paul Pierce,Tony Allen,4,6:44,BOS,foul,,,,,,,,James Posey,,Paul Pierce,,,,,,shooting,,
Chris Paul,David West,Hilton Armstrong,James Posey,Rasual Butler,Eddie House,Glen Davis,Kevin Garnett,Paul Pierce,Tony Allen,4,6:44,NOH,free throw,,,,,,,1,,3,James Posey,,,foul,made,,,,
Chris Paul,David West,Hilton Armstrong,James Posey,Rasual Butler,Eddie House,Glen Davis,Kevin Garnett,Paul Pierce,Tony Allen,4,6:44,NOH,free throw,,,,,,,2,,3,James Posey,,,foul,missed,,,,
Chris Paul,David West,Hilton Armstrong,James Posey,Rasual Butler,Eddie House,Glen Davis,Kevin Garnett,Paul Pierce,Tony Allen,4,6:44,NOH,rebound,,,,,,,,,,,,,,,,,,
Chris Paul,David West,Hilton Armstrong,James Posey,Rasual Butler,Eddie House,Glen Davis,Kevin Garnett,Paul Pierce,Tony Allen,4,6:44,NOH,free throw,,,,,,,3,,3,James Posey,,,foul,made,,,,
Chris Paul,David West,Hilton Armstrong,James Posey,Rasual Butler,Eddie House,Glen Davis,Kevin Garnett,Paul Pierce,Tony Allen,4,6:31,NOH,foul,,,,,,,,Paul Pierce,,Hilton Armstrong,,,,,,shooting,,
Chris Paul,David West,Hilton Armstrong,James Posey,Rasual Butler,Eddie House,Glen Davis,Kevin Garnett,Paul Pierce,Tony Allen,4,6:31,BOS,free throw,,,,,,,1,,2,Paul Pierce,,,foul,made,,,,
Chris Paul,David West,Hilton Armstrong,James Posey,Rasual Butler,Eddie House,Glen Davis,Kevin Garnett,Paul Pierce,Tony Allen,4,6:31,BOS,free throw,,,,,,,2,,2,Paul Pierce,,,foul,missed,,,,
Chris Paul,David West,Hilton Armstrong,James Posey,Rasual Butler,Eddie House,Glen Davis,Kevin Garnett,Paul Pierce,Tony Allen,4,6:31,NOH,rebound,,,,,,,,,,James Posey,,,,,,def,,
Chris Paul,David West,Hilton Armstrong,James Posey,Rasual Butler,Eddie House,Glen Davis,Kevin Garnett,Paul Pierce,Tony Allen,4,6:08,NOH,shot,,,,,,,,,,James Posey,,,,missed,,3pt,15,28
Chris Paul,David West,Hilton Armstrong,James Posey,Rasual Butler,Eddie House,Glen Davis,Kevin Garnett,Paul Pierce,Tony Allen,4,6:08,BOS,rebound,,,,,,,,,,Kevin Garnett,,,,,,def,,
Chris Paul,David West,Hilton Armstrong,James Posey,Rasual Butler,Eddie House,Glen Davis,Kevin Garnett,Paul Pierce,Tony Allen,4,5:50,BOS,shot,,,,,,,,,,Eddie House,,,,missed,,3pt,10,25
Chris Paul,David West,Hilton Armstrong,James Posey,Rasual Butler,Eddie House,Glen Davis,Kevin Garnett,Paul Pierce,Tony Allen,4,5:49,NOH,rebound,,,,,,,,,,David West,,,,,,def,,
Chris Paul,David West,Hilton Armstrong,James Posey,Rasual Butler,Eddie House,Glen Davis,Kevin Garnett,Paul Pierce,Tony Allen,4,5:37,BOS,foul,,,,,,,,David West,,Kevin Garnett,,,,,,personal,,
Chris Paul,David West,Hilton Armstrong,James Posey,Rasual Butler,Eddie House,Glen Davis,Kevin Garnett,Paul Pierce,Tony Allen,4,5:37,BOS,timeout,,,,,,,,,,,,,,,,regular,,
Chris Paul,David West,Hilton Armstrong,James Posey,Rasual Butler,Eddie House,Glen Davis,Kevin Garnett,Paul Pierce,Ray Allen,4,5:37,BOS,sub,,,,Ray Allen,,Tony Allen,,,,,,,,,,,,
Chris Paul,David West,James Posey,Peja Stojakovic,Rasual Butler,Eddie House,Glen Davis,Kevin Garnett,Paul Pierce,Ray Allen,4,5:37,NOH,sub,,,,Peja Stojakovic,,Hilton Armstrong,,,,,,,,,,,,
Chris Paul,David West,James Posey,Peja Stojakovic,Rasual Butler,Eddie House,Glen Davis,Kevin Garnett,Paul Pierce,Ray Allen,4,5:37,NOH,free throw,,,,,,,1,,2,David West,,,foul,made,,,,
Chris Paul,David West,James Posey,Peja Stojakovic,Rasual Butler,Eddie House,Glen Davis,Kevin Garnett,Paul Pierce,Ray Allen,4,5:37,NOH,free throw,,,,,,,2,,2,David West,,,foul,made,,,,
Chris Paul,David West,James Posey,Peja Stojakovic,Rasual Butler,Eddie House,Glen Davis,Kevin Garnett,Paul Pierce,Ray Allen,4,5:23,NOH,foul,,,,,,,,Kevin Garnett,,James Posey,,,,,,personal,,
Chris Paul,David West,James Posey,Peja Stojakovic,Rasual Butler,Eddie House,Kendrick Perkins,Kevin Garnett,Paul Pierce,Ray Allen,4,5:23,BOS,sub,,,,Kendrick Perkins,,Glen Davis,,,,,,,,,,,,
Chris Paul,David West,James Posey,Peja Stojakovic,Rasual Butler,Eddie House,Kendrick Perkins,Kevin Garnett,Paul Pierce,Ray Allen,4,5:23,BOS,free throw,,,,,,,1,,2,Kevin Garnett,,,foul,made,,,,
Chris Paul,David West,James Posey,Peja Stojakovic,Rasual Butler,Eddie House,Kendrick Perkins,Kevin Garnett,Paul Pierce,Ray Allen,4,5:23,BOS,free throw,,,,,,,2,,2,Kevin Garnett,,,foul,made,,,,
Chris Paul,David West,James Posey,Peja Stojakovic,Rasual Butler,Eddie House,Kendrick Perkins,Kevin Garnett,Paul Pierce,Ray Allen,4,5:02,NOH,shot,,,,,,,,,,Peja Stojakovic,,,,missed,,jump,17,11
Chris Paul,David West,James Posey,Peja Stojakovic,Rasual Butler,Eddie House,Kendrick Perkins,Kevin Garnett,Paul Pierce,Ray Allen,4,5:01,BOS,rebound,,,,,,,,,,Kendrick Perkins,,,,,,def,,
Chris Paul,David West,James Posey,Peja Stojakovic,Rasual Butler,Eddie House,Kendrick Perkins,Kevin Garnett,Paul Pierce,Ray Allen,4,4:41,BOS,shot,,,,,,,,,,Kendrick Perkins,2,,,made,,hook,25,10
Chris Paul,David West,James Posey,Peja Stojakovic,Rasual Butler,Eddie House,Kendrick Perkins,Kevin Garnett,Paul Pierce,Ray Allen,4,4:27,NOH,shot,,,,,,,,,,Chris Paul,,,,missed,,layup,25,7
Chris Paul,David West,James Posey,Peja Stojakovic,Rasual Butler,Eddie House,Kendrick Perkins,Kevin Garnett,Paul Pierce,Ray Allen,4,4:26,NOH,rebound,,,,,,,,,,James Posey,,,,,,off,,
Chris Paul,David West,James Posey,Peja Stojakovic,Rasual Butler,Eddie House,Kendrick Perkins,Kevin Garnett,Paul Pierce,Ray Allen,4,4:23,NOH,shot,,,,,,,,,,James Posey,,,,missed,,tip,24,7
Chris Paul,David West,James Posey,Peja Stojakovic,Rasual Butler,Eddie House,Kendrick Perkins,Kevin Garnett,Paul Pierce,Ray Allen,4,4:22,NOH,rebound,,,,,,,,,,Chris Paul,,,,,,off,,
Chris Paul,David West,James Posey,Peja Stojakovic,Rasual Butler,Eddie House,Kendrick Perkins,Kevin Garnett,Paul Pierce,Ray Allen,4,4:21,NOH,shot,,,Kevin Garnett,,,,,,,Chris Paul,,,,missed,,layup,25,6
Chris Paul,David West,James Posey,Peja Stojakovic,Rasual Butler,Eddie House,Kendrick Perkins,Kevin Garnett,Paul Pierce,Ray Allen,4,4:19,BOS,rebound,,,,,,,,,,Ray Allen,,,,,,def,,
Chris Paul,David West,James Posey,Peja Stojakovic,Rasual Butler,Eddie House,Kendrick Perkins,Kevin Garnett,Paul Pierce,Ray Allen,4,4:16,BOS,turnover,,,,,,,,,,Ray Allen,,,bad pass,,Peja Stojakovic,,,
Chris Paul,David West,James Posey,Peja Stojakovic,Rasual Butler,Eddie House,Kendrick Perkins,Kevin Garnett,Paul Pierce,Ray Allen,4,4:12,NOH,shot,Chris Paul,,,,,,,,,Rasual Butler,2,,,made,,running layup,24,7
Chris Paul,David West,James Posey,Peja Stojakovic,Rasual Butler,Eddie House,Kendrick Perkins,Kevin Garnett,Paul Pierce,Ray Allen,4,4:12,BOS,foul,,,,,,,,Rasual Butler,,Paul Pierce,,,,,,shooting,,
Chris Paul,David West,James Posey,Peja Stojakovic,Rasual Butler,Kendrick Perkins,Kevin Garnett,Paul Pierce,Rajon Rondo,Ray Allen,4,4:12,BOS,sub,,,,Rajon Rondo,,Eddie House,,,,,,,,,,,,
Chris Paul,David West,James Posey,Peja Stojakovic,Rasual Butler,Kendrick Perkins,Kevin Garnett,Paul Pierce,Rajon Rondo,Ray Allen,4,4:12,NOH,free throw,,,,,,,1,,1,Rasual Butler,,,foul,missed,,,,
Chris Paul,David West,James Posey,Peja Stojakovic,Rasual Butler,Kendrick Perkins,Kevin Garnett,Paul Pierce,Rajon Rondo,Ray Allen,4,4:11,NOH,rebound,,,,,,,,,,David West,,,,,,off,,
Chris Paul,David West,James Posey,Peja Stojakovic,Rasual Butler,Kendrick Perkins,Kevin Garnett,Paul Pierce,Rajon Rondo,Ray Allen,4,3:57,NOH,shot,,,Kendrick Perkins,,,,,,,David West,,,,missed,,layup,24,6
Chris Paul,David West,James Posey,Peja Stojakovic,Rasual Butler,Kendrick Perkins,Kevin Garnett,Paul Pierce,Rajon Rondo,Ray Allen,4,3:55,BOS,rebound,,,,,,,,,,Rajon Rondo,,,,,,def,,
Chris Paul,David West,James Posey,Peja Stojakovic,Rasual Butler,Kendrick Perkins,Kevin Garnett,Paul Pierce,Rajon Rondo,Ray Allen,4,3:44,BOS,shot,,,,,,,,,,Rajon Rondo,2,,,made,,layup,24,6
Chris Paul,David West,James Posey,Peja Stojakovic,Rasual Butler,Kendrick Perkins,Kevin Garnett,Paul Pierce,Rajon Rondo,Ray Allen,4,3:36,BOS,foul,,,,,,,,Chris Paul,,Kendrick Perkins,,,,,,personal,,
Chris Paul,David West,James Posey,Peja Stojakovic,Rasual Butler,Kendrick Perkins,Kevin Garnett,Paul Pierce,Rajon Rondo,Ray Allen,4,3:36,NOH,free throw,,,,,,,1,,2,Chris Paul,,,foul,made,,,,
Chris Paul,David West,James Posey,Peja Stojakovic,Rasual Butler,Kendrick Perkins,Kevin Garnett,Paul Pierce,Rajon Rondo,Ray Allen,4,3:36,NOH,free throw,,,,,,,2,,2,Chris Paul,,,foul,made,,,,
Chris Paul,David West,James Posey,Peja Stojakovic,Rasual Butler,Kendrick Perkins,Kevin Garnett,Paul Pierce,Rajon Rondo,Ray Allen,4,3:22,BOS,shot,,,,,,,,,,Kendrick Perkins,,,,missed,,jump,33,9
Chris Paul,David West,James Posey,Peja Stojakovic,Rasual Butler,Kendrick Perkins,Kevin Garnett,Paul Pierce,Rajon Rondo,Ray Allen,4,3:21,NOH,rebound,,,,,,,,,,David West,,,,,,def,,
