a1,a2,a3,a4,a5,h1,h2,h3,h4,h5,period,time,team,etype,assist,away,block,entered,home,left,num,opponent,outof,player,points,possession,reason,result,steal,type,x,y
Chris Bosh,Jamario Moon,Jason Kapono,Jermaine O'Neal,Jose Calderon,Bobby Simmons,Brook Lopez,Devin Harris,Vince Carter,Yi Jianlian,1,12:00,OFF,jump ball,,Chris Bosh,,,Brook Lopez,,,,,,,Yi Jianlian,,,,,,
Chris Bosh,Jamario Moon,Jason Kapono,Jermaine O'Neal,Jose Calderon,Bobby Simmons,Brook Lopez,Devin Harris,Vince Carter,Yi Jianlian,1,11:40,NJN,shot,,,,,,,,,,Vince Carter,,,,missed,,jump,39,16
Chris Bosh,Jamario Moon,Jason Kapono,Jermaine O'Neal,Jose Calderon,Bobby Simmons,Brook Lopez,Devin Harris,Vince Carter,Yi Jianlian,1,11:38,TOR,rebound,,,,,,,,,,,,,,,,,,
Chris Bosh,Jamario Moon,Jason Kapono,Jermaine O'Neal,Jose Calderon,Bobby Simmons,Brook Lopez,Devin Harris,Vince Carter,Yi Jianlian,1,11:25,TOR,shot,Chris Bosh,,,,,,,,,Jermaine O'Neal,2,,,made,,turnaround fade away,33,7
Chris Bosh,Jamario Moon,Jason Kapono,Jermaine O'Neal,Jose Calderon,Bobby Simmons,Brook Lopez,Devin Harris,Vince Carter,Yi Jianlian,1,11:13,NJN,shot,,,,,,,,,,Vince Carter,,,,missed,,jump,39,21
Chris Bosh,Jamario Moon,Jason Kapono,Jermaine O'Neal,Jose Calderon,Bobby Simmons,Brook Lopez,Devin Harris,Vince Carter,Yi Jianlian,1,11:12,TOR,rebound,,,,,,,,,,Jamario Moon,,,,,,def,,
Chris Bosh,Jamario Moon,Jason Kapono,Jermaine O'Neal,Jose Calderon,Bobby Simmons,Brook Lopez,Devin Harris,Vince Carter,Yi Jianlian,1,10:57,TOR,turnover,,,,,,,,,,Jermaine O'Neal,,,lost ball,,Brook Lopez,,,
Chris Bosh,Jamario Moon,Jason Kapono,Jermaine O'Neal,Jose Calderon,Bobby Simmons,Brook Lopez,Devin Harris,Vince Carter,Yi Jianlian,1,10:51,TOR,foul,,,,,,,,Vince Carter,,Chris Bosh,,,,,,personal,,
Chris Bosh,Jamario Moon,Jason Kapono,Jermaine O'Neal,Jose Calderon,Bobby Simmons,Brook Lopez,Devin Harris,Vince Carter,Yi Jianlian,1,10:44,NJN,shot,,,,,,,,,,Yi Jianlian,,,,missed,,jump,14,23
Chris Bosh,Jamario Moon,Jason Kapono,Jermaine O'Neal,Jose Calderon,Bobby Simmons,Brook Lopez,Devin Harris,Vince Carter,Yi Jianlian,1,10:42,TOR,rebound,,,,,,,,,,Jamario Moon,,,,,,def,,
Chris Bosh,Jamario Moon,Jason Kapono,Jermaine O'Neal,Jose Calderon,Bobby Simmons,Brook Lopez,Devin Harris,Vince Carter,Yi Jianlian,1,10:40,NJN,foul,,,,,,,,Chris Bosh,,Yi Jianlian,,,,,,personal,,
Chris Bosh,Jamario Moon,Jason Kapono,Jermaine O'Neal,Jose Calderon,Bobby Simmons,Brook Lopez,Devin Harris,Vince Carter,Yi Jianlian,1,10:25,TOR,shot,,,,,,,,,,Chris Bosh,2,,,made,,jump,26,25
Chris Bosh,Jamario Moon,Jason Kapono,Jermaine O'Neal,Jose Calderon,Bobby Simmons,Brook Lopez,Devin Harris,Vince Carter,Yi Jianlian,1,10:07,NJN,shot,,,,,,,,,,Brook Lopez,,,,missed,,hook,17,8
Chris Bosh,Jamario Moon,Jason Kapono,Jermaine O'Neal,Jose Calderon,Bobby Simmons,Brook Lopez,Devin Harris,Vince Carter,Yi Jianlian,1,10:06,NJN,rebound,,,,,,,,,,Yi Jianlian,,,,,,off,,
Chris Bosh,Jamario Moon,Jason Kapono,Jermaine O'Neal,Jose Calderon,Bobby Simmons,Brook Lopez,Devin Harris,Vince Carter,Yi Jianlian,1,10:05,NJN,shot,,,,,,,,,,Yi Jianlian,,,,missed,,tip,25,6
Chris Bosh,Jamario Moon,Jason Kapono,Jermaine O'Neal,Jose Calderon,Bobby Simmons,Brook Lopez,Devin Harris,Vince Carter,Yi Jianlian,1,10:04,NJN,rebound,,,,,,,,,,Brook Lopez,,,,,,off,,
Chris Bosh,Jamario Moon,Jason Kapono,Jermaine O'Neal,Jose Calderon,Bobby Simmons,Brook Lopez,Devin Harris,Vince Carter,Yi Jianlian,1,10:03,NJN,shot,,,Jermaine O'Neal,,,,,,,Brook Lopez,,,,missed,,layup,25,6
Chris Bosh,Jamario Moon,Jason Kapono,Jermaine O'Neal,Jose Calderon,Bobby Simmons,Brook Lopez,Devin Harris,Vince Carter,Yi Jianlian,1,10:01,TOR,rebound,,,,,,,,,,Jamario Moon,,,,,,def,,
Chris Bosh,Jamario Moon,Jason Kapono,Jermaine O'Neal,Jose Calderon,Bobby Simmons,Brook Lopez,Devin Harris,Vince Carter,Yi Jianlian,1,9:50,TOR,shot,,,,,,,,,,Jason Kapono,,,,missed,,jump,40,20
Chris Bosh,Jamario Moon,Jason Kapono,Jermaine O'Neal,Jose Calderon,Bobby Simmons,Brook Lopez,Devin Harris,Vince Carter,Yi Jianlian,1,9:48,NJN,rebound,,,,,,,,,,Yi Jianlian,,,,,,def,,
Chris Bosh,Jamario Moon,Jason Kapono,Jermaine O'Neal,Jose Calderon,Bobby Simmons,Brook Lopez,Devin Harris,Vince Carter,Yi Jianlian,1,9:44,NJN,shot,,,,,,,,,,Devin Harris,2,,,made,,driving layup,25,6
Chris Bosh,Jamario Moon,Jason Kapono,Jermaine O'Neal,Jose Calderon,Bobby Simmons,Brook Lopez,Devin Harris,Vince Carter,Yi Jianlian,1,9:29,TOR,shot,Jermaine O'Neal,,,,,,,,,Chris Bosh,2,,,made,,dunk,25,6
Chris Bosh,Jamario Moon,Jason Kapono,Jermaine O'Neal,Jose Calderon,Bobby Simmons,Brook Lopez,Devin Harris,Vince Carter,Yi Jianlian,1,9:08,NJN,shot,Bobby Simmons,,,,,,,,,Yi Jianlian,2,,,made,,jump,21,23
Chris Bosh,Jamario Moon,Jason Kapono,Jermaine O'Neal,Jose Calderon,Bobby Simmons,Brook Lopez,Devin Harris,Vince Carter,Yi Jianlian,1,8:57,TOR,shot,,,,,,,,,,Jermaine O'Neal,,,,missed,,driving layup,25,6
Chris Bosh,Jamario Moon,Jason Kapono,Jermaine O'Neal,Jose Calderon,Bobby Simmons,Brook Lopez,Devin Harris,Vince Carter,Yi Jianlian,1,8:56,NJN,rebound,,,,,,,,,,Yi Jianlian,,,,,,def,,
Chris Bosh,Jamario Moon,Jason Kapono,Jermaine O'Neal,Jose Calderon,Bobby Simmons,Brook Lopez,Devin Harris,Vince Carter,Yi Jianlian,1,8:53,NJN,turnover,,,,,,,,,,Vince Carter,,,bad pass,,,,,
Chris Bosh,Jamario Moon,Jason Kapono,Jermaine O'Neal,Jose Calderon,Bobby Simmons,Brook Lopez,Devin Harris,Vince Carter,Yi Jianlian,1,8:32,TOR,shot,,,,,,,,,,Jose Calderon,,,,missed,,3pt,36,29
Chris Bosh,Jamario Moon,Jason Kapono,Jermaine O'Neal,Jose Calderon,Bobby Simmons,Brook Lopez,Devin Harris,Vince Carter,Yi Jianlian,1,8:31,NJN,rebound,,,,,,,,,,Yi Jianlian,,,,,,def,,
Chris Bosh,Jamario Moon,Jason Kapono,Jermaine O'Neal,Jose Calderon,Bobby Simmons,Brook Lopez,Devin Harris,Vince Carter,Yi Jianlian,1,8:22,NJN,turnover,,,,,,,,,,Bobby Simmons,,,bad pass,,Jamario Moon,,,
Chris Bosh,Jamario Moon,Jason Kapono,Jermaine O'Neal,Jose Calderon,Bobby Simmons,Brook Lopez,Devin Harris,Vince Carter,Yi Jianlian,1,8:18,TOR,shot,,,,,,,,,,Jamario Moon,,,,missed,,driving layup,25,6
Chris Bosh,Jamario Moon,Jason Kapono,Jermaine O'Neal,Jose Calderon,Bobby Simmons,Brook Lopez,Devin Harris,Vince Carter,Yi Jianlian,1,8:16,NJN,rebound,,,,,,,,,,Yi Jianlian,,,,,,def,,
Chris Bosh,Jamario Moon,Jason Kapono,Jermaine O'Neal,Jose Calderon,Bobby Simmons,Brook Lopez,Devin Harris,Vince Carter,Yi Jianlian,1,8:10,NJN,turnover,,,,,,,,,,Bobby Simmons,,,bad pass,,Jamario Moon,,,
Chris Bosh,Jamario Moon,Jason Kapono,Jermaine O'Neal,Jose Calderon,Bobby Simmons,Brook Lopez,Devin Harris,Vince Carter,Yi Jianlian,1,8:05,TOR,shot,,,Devin Harris,,,,,,,Jose Calderon,,,,missed,,driving layup,25,6
Chris Bosh,Jamario Moon,Jason Kapono,Jermaine O'Neal,Jose Calderon,Bobby Simmons,Brook Lopez,Devin Harris,Vince Carter,Yi Jianlian,1,8:04,NJN,rebound,,,,,,,,,,Brook Lopez,,,,,,def,,
Chris Bosh,Jamario Moon,Jason Kapono,Jermaine O'Neal,Jose Calderon,Bobby Simmons,Brook Lopez,Devin Harris,Vince Carter,Yi Jianlian,1,7:48,NJN,shot,Yi Jianlian,,,,,,,,,Bobby Simmons,3,,,made,,3pt,48,6
Chris Bosh,Jamario Moon,Jason Kapono,Jermaine O'Neal,Jose Calderon,Bobby Simmons,Brook Lopez,Devin Harris,Vince Carter,Yi Jianlian,1,7:30,TOR,shot,,,,,,,,,,Jamario Moon,,,,missed,,jump,22,25
Chris Bosh,Jamario Moon,Jason Kapono,Jermaine O'Neal,Jose Calderon,Bobby Simmons,Brook Lopez,Devin Harris,Vince Carter,Yi Jianlian,1,7:29,NJN,rebound,,,,,,,,,,Brook Lopez,,,,,,def,,
Chris Bosh,Jamario Moon,Jason Kapono,Jermaine O'Neal,Jose Calderon,Bobby Simmons,Brook Lopez,Devin Harris,Vince Carter,Yi Jianlian,1,7:08,NJN,shot,Devin Harris,,,,,,,,,Brook Lopez,2,,,made,,jump,17,8
Chris Bosh,Jamario Moon,Jason Kapono,Jermaine O'Neal,Jose Calderon,Bobby Simmons,Brook Lopez,Devin Harris,Vince Carter,Yi Jianlian,1,6:59,TOR,shot,,,,,,,,,,Jose Calderon,2,,,made,,driving finger roll layup,25,6
Chris Bosh,Jamario Moon,Jason Kapono,Jermaine O'Neal,Jose Calderon,Bobby Simmons,Brook Lopez,Devin Harris,Vince Carter,Yi Jianlian,1,6:41,NJN,shot,,,,,,,,,,Yi Jianlian,,,,missed,,3pt,5,20
Chris Bosh,Jamario Moon,Jason Kapono,Jermaine O'Neal,Jose Calderon,Bobby Simmons,Brook Lopez,Devin Harris,Vince Carter,Yi Jianlian,1,6:40,TOR,rebound,,,,,,,,,,Jermaine O'Neal,,,,,,def,,
Chris Bosh,Jamario Moon,Jason Kapono,Jermaine O'Neal,Jose Calderon,Bobby Simmons,Brook Lopez,Devin Harris,Vince Carter,Yi Jianlian,1,6:22,TOR,turnover,,,,,,,,,,Jermaine O'Neal,,,bad pass,,Yi Jianlian,,,
Chris Bosh,Jamario Moon,Jason Kapono,Jermaine O'Neal,Jose Calderon,Bobby Simmons,Brook Lopez,Devin Harris,Vince Carter,Yi Jianlian,1,6:15,NJN,shot,,,,,,,,,,Yi Jianlian,,,,missed,,alley oop layup,25,6
Chris Bosh,Jamario Moon,Jason Kapono,Jermaine O'Neal,Jose Calderon,Bobby Simmons,Brook Lopez,Devin Harris,Vince Carter,Yi Jianlian,1,6:14,TOR,rebound,,,,,,,,,,Jason Kapono,,,,,,def,,
Chris Bosh,Jamario Moon,Jason Kapono,Jermaine O'Neal,Jose Calderon,Bobby Simmons,Brook Lopez,Devin Harris,Vince Carter,Yi Jianlian,1,6:08,TOR,shot,,,,,,,,,,Jason Kapono,,,,missed,,3pt,44,21
Chris Bosh,Jamario Moon,Jason Kapono,Jermaine O'Neal,Jose Calderon,Bobby Simmons,Brook Lopez,Devin Harris,Vince Carter,Yi Jianlian,1,6:06,TOR,rebound,,,,,,,,,,Jason Kapono,,,,,,off,,
Chris Bosh,Jamario Moon,Jason Kapono,Jermaine O'Neal,Jose Calderon,Bobby Simmons,Brook Lopez,Devin Harris,Vince Carter,Yi Jianlian,1,6:04,NJN,foul,,,,,,,,Chris Bosh,,Brook Lopez,,,,,,shooting,,
Chris Bosh,Jamario Moon,Jason Kapono,Jermaine O'Neal,Jose Calderon,Bobby Simmons,Brook Lopez,Devin Harris,Vince Carter,Yi Jianlian,1,6:04,TOR,free throw,,,,,,,1,,2,Chris Bosh,,,foul,made,,,,
Chris Bosh,Jamario Moon,Jason Kapono,Jermaine O'Neal,Jose Calderon,Bobby Simmons,Brook Lopez,Devin Harris,Vince Carter,Yi Jianlian,1,6:04,NJN,timeout,,,,,,,,,,,,,,,,regular,,
Chris Bosh,Jamario Moon,Jason Kapono,Jermaine O'Neal,Jose Calderon,Bobby Simmons,Brook Lopez,Devin Harris,Vince Carter,Yi Jianlian,1,6:04,TOR,free throw,,,,,,,2,,2,Chris Bosh,,,foul,made,,,,
Chris Bosh,Jamario Moon,Jason Kapono,Jermaine O'Neal,Jose Calderon,Bobby Simmons,Brook Lopez,Devin Harris,Vince Carter,Yi Jianlian,1,5:40,NJN,shot,,,,,,,,,,Bobby Simmons,,,,missed,,3pt,48,6
Chris Bosh,Jamario Moon,Jason Kapono,Jermaine O'Neal,Jose Calderon,Bobby Simmons,Brook Lopez,Devin Harris,Vince Carter,Yi Jianlian,1,5:37,TOR,rebound,,,,,,,,,,Jose Calderon,,,,,,def,,
Chris Bosh,Jamario Moon,Jason Kapono,Jermaine O'Neal,Jose Calderon,Bobby Simmons,Brook Lopez,Devin Harris,Vince Carter,Yi Jianlian,1,5:19,TOR,shot,,,,,,,,,,Chris Bosh,2,,,made,,fade away jumper,41,6
Chris Bosh,Jamario Moon,Jason Kapono,Jermaine O'Neal,Jose Calderon,Bobby Simmons,Brook Lopez,Devin Harris,Vince Carter,Yi Jianlian,1,5:08,TOR,foul,,,,,,,,Devin Harris,,Jermaine O'Neal,,,,,,shooting,,
Chris Bosh,Jamario Moon,Jason Kapono,Jermaine O'Neal,Jose Calderon,Bobby Simmons,Brook Lopez,Devin Harris,Vince Carter,Yi Jianlian,1,5:08,NJN,free throw,,,,,,,1,,2,Devin Harris,,,foul,made,,,,
Chris Bosh,Jamario Moon,Jason Kapono,Jermaine O'Neal,Jose Calderon,Bobby Simmons,Brook Lopez,Devin Harris,Vince Carter,Yi Jianlian,1,5:08,NJN,free throw,,,,,,,2,,2,Devin Harris,,,foul,made,,,,
Chris Bosh,Jamario Moon,Jason Kapono,Jermaine O'Neal,Jose Calderon,Bobby Simmons,Brook Lopez,Devin Harris,Vince Carter,Yi Jianlian,1,5:00,TOR,shot,,,,,,,,,,Jason Kapono,,,,missed,,3pt,41,26
Chris Bosh,Jamario Moon,Jason Kapono,Jermaine O'Neal,Jose Calderon,Bobby Simmons,Brook Lopez,Devin Harris,Vince Carter,Yi Jianlian,1,4:58,NJN,rebound,,,,,,,,,,Bobby Simmons,,,,,,def,,
Chris Bosh,Jamario Moon,Jason Kapono,Jermaine O'Neal,Jose Calderon,Bobby Simmons,Brook Lopez,Devin Harris,Vince Carter,Yi Jianlian,1,4:52,NJN,shot,Devin Harris,,,,,,,,,Yi Jianlian,3,,,made,,3pt,2,13
Chris Bosh,Jamario Moon,Jason Kapono,Jermaine O'Neal,Jose Calderon,Bobby Simmons,Brook Lopez,Devin Harris,Vince Carter,Yi Jianlian,1,4:40,TOR,shot,,,,,,,,,,Jason Kapono,,,,missed,,driving layup,25,6
Chris Bosh,Jamario Moon,Jason Kapono,Jermaine O'Neal,Jose Calderon,Bobby Simmons,Brook Lopez,Devin Harris,Vince Carter,Yi Jianlian,1,4:39,NJN,rebound,,,,,,,,,,Bobby Simmons,,,,,,def,,
Chris Bosh,Jamario Moon,Jason Kapono,Jermaine O'Neal,Jose Calderon,Bobby Simmons,Brook Lopez,Devin Harris,Vince Carter,Yi Jianlian,1,4:34,NJN,turnover,,,,,,,,,,Yi Jianlian,,,traveling,,,,,
Chris Bosh,Jamario Moon,Jason Kapono,Jermaine O'Neal,Jose Calderon,Bobby Simmons,Brook Lopez,Devin Harris,Vince Carter,Yi Jianlian,1,4:19,TOR,shot,,,,,,,,,,Jose Calderon,,,,missed,,3pt,41,26
Chris Bosh,Jamario Moon,Jason Kapono,Jermaine O'Neal,Jose Calderon,Bobby Simmons,Brook Lopez,Devin Harris,Vince Carter,Yi Jianlian,1,4:17,NJN,rebound,,,,,,,,,,Bobby Simmons,,,,,,def,,
Chris Bosh,Jamario Moon,Jason Kapono,Jermaine O'Neal,Jose Calderon,Bobby Simmons,Brook Lopez,Devin Harris,Vince Carter,Yi Jianlian,1,4:15,NJN,shot,,,,,,,,,,Devin Harris,,,,missed,,3pt,34,29
Chris Bosh,Jamario Moon,Jason Kapono,Jermaine O'Neal,Jose Calderon,Bobby Simmons,Brook Lopez,Devin Harris,Vince Carter,Yi Jianlian,1,4:13,TOR,rebound,,,,,,,,,,,,,,,,,,
Chris Bosh,Jamario Moon,Jason Kapono,Jermaine O'Neal,Jose Calderon,Bobby Simmons,Brook Lopez,Devin Harris,Vince Carter,Yi Jianlian,1,4:13,NJN,foul,,,,,,,,Jermaine O'Neal,,Yi Jianlian,,,,,,loose ball,,
Andrea Bargnani,Chris Bosh,Jamario Moon,Jason Kapono,Jose Calderon,Bobby Simmons,Brook Lopez,Devin Harris,Vince Carter,Yi Jianlian,1,4:13,TOR,sub,,,,Andrea Bargnani,,Jermaine O'Neal,,,,,,,,,,,,
Andrea Bargnani,Chris Bosh,Jamario Moon,Jason Kapono,Jose Calderon,Bobby Simmons,Brook Lopez,Devin Harris,Ryan Anderson,Vince Carter,1,4:13,NJN,sub,,,,Ryan Anderson,,Yi Jianlian,,,,,,,,,,,,
Andrea Bargnani,Chris Bosh,Jamario Moon,Jason Kapono,Jose Calderon,Bobby Simmons,Brook Lopez,Keyon Dooling,Ryan Anderson,Vince Carter,1,4:13,NJN,sub,,,,Keyon Dooling,,Devin Harris,,,,,,,,,,,,
Andrea Bargnani,Chris Bosh,Jamario Moon,Jason Kapono,Jose Calderon,Bobby Simmons,Brook Lopez,Keyon Dooling,Ryan Anderson,Vince Carter,1,4:02,TOR,shot,Jason Kapono,,,,,,,,,Jamario Moon,2,,,made,,alley oop dunk,25,6
Andrea Bargnani,Chris Bosh,Jamario Moon,Jason Kapono,Jose Calderon,Bobby Simmons,Brook Lopez,Keyon Dooling,Ryan Anderson,Vince Carter,1,3:47,NJN,shot,,,,,,,,,,Vince Carter,,,,missed,,jump,6,21
Andrea Bargnani,Chris Bosh,Jamario Moon,Jason Kapono,Jose Calderon,Bobby Simmons,Brook Lopez,Keyon Dooling,Ryan Anderson,Vince Carter,1,3:46,TOR,rebound,,,,,,,,,,Andrea Bargnani,,,,,,def,,
Andrea Bargnani,Chris Bosh,Jamario Moon,Jason Kapono,Jose Calderon,Bobby Simmons,Brook Lopez,Keyon Dooling,Ryan Anderson,Vince Carter,1,3:40,NJN,foul,,,,,,,,Andrea Bargnani,,Bobby Simmons,,,,,,personal,,
Andrea Bargnani,Chris Bosh,Jamario Moon,Joey Graham,Jose Calderon,Bobby Simmons,Brook Lopez,Keyon Dooling,Ryan Anderson,Vince Carter,1,3:40,TOR,sub,,,,Joey Graham,,Jason Kapono,,,,,,,,,,,,
Andrea Bargnani,Chris Bosh,Jamario Moon,Joey Graham,Jose Calderon,Bobby Simmons,Brook Lopez,Keyon Dooling,Ryan Anderson,Vince Carter,1,3:28,TOR,shot,Chris Bosh,,,,,,,,,Jose Calderon,3,,,made,,3pt,16,29
Andrea Bargnani,Chris Bosh,Jamario Moon,Joey Graham,Jose Calderon,Bobby Simmons,Brook Lopez,Keyon Dooling,Ryan Anderson,Vince Carter,1,3:10,NJN,shot,,,,,,,,,,Keyon Dooling,,,,missed,,3pt,9,26
Andrea Bargnani,Chris Bosh,Jamario Moon,Joey Graham,Jose Calderon,Bobby Simmons,Brook Lopez,Keyon Dooling,Ryan Anderson,Vince Carter,1,3:09,TOR,rebound,,,,,,,,,,Chris Bosh,,,,,,def,,
Andrea Bargnani,Chris Bosh,Jamario Moon,Joey Graham,Jose Calderon,Bobby Simmons,Brook Lopez,Keyon Dooling,Ryan Anderson,Vince Carter,1,3:01,NJN,foul,,,,,,,,Joey Graham,,Vince Carter,,,,,,personal,,
Andrea Bargnani,Chris Bosh,Jamario Moon,Joey Graham,Jose Calderon,Bobby Simmons,Brook Lopez,Keyon Dooling,Ryan Anderson,Vince Carter,1,3:01,TOR,free throw,,,,,,,1,,2,Joey Graham,,,foul,made,,,,
Andrea Bargnani,Chris Bosh,Jamario Moon,Joey Graham,Roko Ukic,Bobby Simmons,Brook Lopez,Keyon Dooling,Ryan Anderson,Vince Carter,1,3:01,TOR,sub,,,,Roko Ukic,,Jose Calderon,,,,,,,,,,,,
Andrea Bargnani,Chris Bosh,Jamario Moon,Joey Graham,Roko Ukic,Bobby Simmons,Brook Lopez,Keyon Dooling,Ryan Anderson,Vince Carter,1,3:01,TOR,free throw,,,,,,,2,,2,Joey Graham,,,foul,made,,,,
Andrea Bargnani,Chris Bosh,Jamario Moon,Joey Graham,Roko Ukic,Bobby Simmons,Brook Lopez,Keyon Dooling,Ryan Anderson,Vince Carter,1,2:49,NJN,foul,,,,,,,,Andrea Bargnani,,Vince Carter,,,,,,offensive,,
Andrea Bargnani,Chris Bosh,Jamario Moon,Joey Graham,Roko Ukic,Bobby Simmons,Brook Lopez,Keyon Dooling,Ryan Anderson,Vince Carter,1,2:49,NJN,turnover,,,,,,,,,,Vince Carter,,,foul,,,,,
Andrea Bargnani,Chris Bosh,Jamario Moon,Joey Graham,Roko Ukic,Bobby Simmons,Brook Lopez,Keyon Dooling,Ryan Anderson,Vince Carter,1,2:49,TOR,timeout,,,,,,,,,,,,,,,,regular,,
Andrea Bargnani,Chris Bosh,Jamario Moon,Joey Graham,Roko Ukic,Bobby Simmons,Brook Lopez,Keyon Dooling,Ryan Anderson,Trenton Hassell,1,2:49,NJN,sub,,,,Trenton Hassell,,Vince Carter,,,,,,,,,,,,
Andrea Bargnani,Chris Bosh,Jamario Moon,Joey Graham,Roko Ukic,Bobby Simmons,Josh Boone,Keyon Dooling,Ryan Anderson,Trenton Hassell,1,2:45,NJN,sub,,,,Josh Boone,,Brook Lopez,,,,,,,,,,,,
Andrea Bargnani,Chris Bosh,Jamario Moon,Joey Graham,Roko Ukic,Bobby Simmons,Josh Boone,Keyon Dooling,Ryan Anderson,Trenton Hassell,1,2:35,TOR,shot,,,,,,,,,,Andrea Bargnani,,,,missed,,jump,25,25
Andrea Bargnani,Chris Bosh,Jamario Moon,Joey Graham,Roko Ukic,Bobby Simmons,Josh Boone,Keyon Dooling,Ryan Anderson,Trenton Hassell,1,2:31,NJN,rebound,,,,,,,,,,Keyon Dooling,,,,,,def,,
Andrea Bargnani,Chris Bosh,Jamario Moon,Joey Graham,Roko Ukic,Bobby Simmons,Josh Boone,Keyon Dooling,Ryan Anderson,Trenton Hassell,1,2:22,NJN,turnover,,,,,,,,,,Bobby Simmons,,,bad pass,,,,,
Andrea Bargnani,Chris Bosh,Jamario Moon,Joey Graham,Roko Ukic,Bobby Simmons,Josh Boone,Keyon Dooling,Ryan Anderson,Trenton Hassell,1,2:16,TOR,turnover,,,,,,,,,,Chris Bosh,,,bad pass,,Ryan Anderson,,,
Andrea Bargnani,Chris Bosh,Jamario Moon,Joey Graham,Roko Ukic,Bobby Simmons,Josh Boone,Keyon Dooling,Ryan Anderson,Trenton Hassell,1,2:13,NJN,timeout,,,,,,,,,,,,,,,,short,,
Andrea Bargnani,Chris Bosh,Jamario Moon,Joey Graham,Roko Ukic,Bobby Simmons,Josh Boone,Keyon Dooling,Ryan Anderson,Trenton Hassell,1,2:06,NJN,shot,,,Andrea Bargnani,,,,,,,Keyon Dooling,,,,missed,,driving layup,25,6
Andrea Bargnani,Chris Bosh,Jamario Moon,Joey Graham,Roko Ukic,Bobby Simmons,Josh Boone,Keyon Dooling,Ryan Anderson,Trenton Hassell,1,2:05,NJN,rebound,,,,,,,,,,,,,,,,,,
Andrea Bargnani,Chris Bosh,Jamario Moon,Joey Graham,Roko Ukic,Bobby Simmons,Josh Boone,Keyon Dooling,Ryan Anderson,Trenton Hassell,1,1:56,NJN,shot,,,Andrea Bargnani,,,,,,,Bobby Simmons,,,,missed,,jump,23,24
Andrea Bargnani,Chris Bosh,Jamario Moon,Joey Graham,Roko Ukic,Bobby Simmons,Josh Boone,Keyon Dooling,Ryan Anderson,Trenton Hassell,1,1:55,NJN,rebound,,,,,,,,,,Trenton Hassell,,,,,,off,,
Andrea Bargnani,Chris Bosh,Jamario Moon,Joey Graham,Roko Ukic,Bobby Simmons,Josh Boone,Keyon Dooling,Ryan Anderson,Trenton Hassell,1,1:55,NJN,turnover,,,,,,,,,,,,,shot clock turnover,,,,,
Andrea Bargnani,Chris Bosh,Jamario Moon,Joey Graham,Roko Ukic,Bobby Simmons,Josh Boone,Keyon Dooling,Ryan Anderson,Trenton Hassell,1,1:43,TOR,shot,,,,,,,,,,Chris Bosh,2,,,made,,driving layup,25,6
Andrea Bargnani,Chris Bosh,Jamario Moon,Joey Graham,Roko Ukic,Bobby Simmons,Josh Boone,Keyon Dooling,Ryan Anderson,Trenton Hassell,1,1:43,NJN,foul,,,,,,,,Chris Bosh,,Josh Boone,,,,,,shooting,,
Andrea Bargnani,Chris Bosh,Jamario Moon,Joey Graham,Roko Ukic,Devin Harris,Josh Boone,Keyon Dooling,Ryan Anderson,Trenton Hassell,1,1:43,NJN,sub,,,,Devin Harris,,Bobby Simmons,,,,,,,,,,,,
Andrea Bargnani,Chris Bosh,Jamario Moon,Joey Graham,Roko Ukic,Devin Harris,Josh Boone,Keyon Dooling,Ryan Anderson,Trenton Hassell,1,1:43,TOR,free throw,,,,,,,1,,1,Chris Bosh,,,foul,made,,,,
Andrea Bargnani,Chris Bosh,Jamario Moon,Joey Graham,Roko Ukic,Devin Harris,Josh Boone,Keyon Dooling,Ryan Anderson,Trenton Hassell,1,1:27,NJN,shot,Keyon Dooling,,,,,,,,,Josh Boone,2,,,made,,layup,25,6
Andrea Bargnani,Chris Bosh,Jamario Moon,Joey Graham,Roko Ukic,Devin Harris,Josh Boone,Keyon Dooling,Ryan Anderson,Trenton Hassell,1,1:13,TOR,turnover,,,,,,,,,,Chris Bosh,,,bad pass,,,,,
Andrea Bargnani,Jamario Moon,Jermaine O'Neal,Joey Graham,Roko Ukic,Devin Harris,Josh Boone,Keyon Dooling,Ryan Anderson,Trenton Hassell,1,1:13,TOR,sub,,,,Jermaine O'Neal,,Chris Bosh,,,,,,,,,,,,
Andrea Bargnani,Jamario Moon,Jermaine O'Neal,Joey Graham,Roko Ukic,Devin Harris,Josh Boone,Keyon Dooling,Ryan Anderson,Trenton Hassell,1,1:05,NJN,turnover,,,,,,,,,,Ryan Anderson,,,bad pass,,Jamario Moon,,,
Andrea Bargnani,Jamario Moon,Jermaine O'Neal,Joey Graham,Roko Ukic,Devin Harris,Josh Boone,Keyon Dooling,Ryan Anderson,Trenton Hassell,1,0:59,TOR,shot,Jamario Moon,,,,,,,,,Joey Graham,2,,,made,,jump hook,31,11
Andrea Bargnani,Jamario Moon,Jermaine O'Neal,Joey Graham,Roko Ukic,Devin Harris,Josh Boone,Keyon Dooling,Ryan Anderson,Trenton Hassell,1,0:43,NJN,shot,,,,,,,,,,Devin Harris,,,,missed,,driving layup,25,6
Andrea Bargnani,Jamario Moon,Jermaine O'Neal,Joey Graham,Roko Ukic,Devin Harris,Josh Boone,Keyon Dooling,Ryan Anderson,Trenton Hassell,1,0:42,NJN,rebound,,,,,,,,,,Josh Boone,,,,,,off,,
Andrea Bargnani,Jamario Moon,Jermaine O'Neal,Joey Graham,Roko Ukic,Devin Harris,Josh Boone,Keyon Dooling,Ryan Anderson,Trenton Hassell,1,0:34,NJN,shot,,,,,,,,,,Keyon Dooling,,,,missed,,3pt,2,9
Andrea Bargnani,Jamario Moon,Jermaine O'Neal,Joey Graham,Roko Ukic,Devin Harris,Josh Boone,Keyon Dooling,Ryan Anderson,Trenton Hassell,1,0:33,TOR,rebound,,,,,,,,,,Andrea Bargnani,,,,,,def,,
Andrea Bargnani,Jamario Moon,Jermaine O'Neal,Joey Graham,Roko Ukic,Devin Harris,Josh Boone,Keyon Dooling,Ryan Anderson,Trenton Hassell,1,0:30,TOR,foul,,,,,,,,Devin Harris,,Roko Ukic,,,,,,offensive,,
Andrea Bargnani,Jamario Moon,Jermaine O'Neal,Joey Graham,Roko Ukic,Devin Harris,Josh Boone,Keyon Dooling,Ryan Anderson,Trenton Hassell,1,0:30,TOR,turnover,,,,,,,,,,Roko Ukic,,,foul,,,,,
Andrea Bargnani,Jamario Moon,Jermaine O'Neal,Joey Graham,Roko Ukic,Devin Harris,Josh Boone,Keyon Dooling,Ryan Anderson,Trenton Hassell,1,0:22,TOR,foul,,,,,,,,Devin Harris,,Joey Graham,,,,,,personal,,
Andrea Bargnani,Jamario Moon,Jermaine O'Neal,Joey Graham,Roko Ukic,Devin Harris,Josh Boone,Keyon Dooling,Ryan Anderson,Trenton Hassell,1,0:10,TOR,foul,,,,,,,,Devin Harris,,Roko Ukic,,,,,,shooting,,
Andrea Bargnani,Jamario Moon,Jermaine O'Neal,Joey Graham,Roko Ukic,Devin Harris,Josh Boone,Keyon Dooling,Ryan Anderson,Trenton Hassell,1,0:10,NJN,free throw,,,,,,,1,,2,Devin Harris,,,foul,made,,,,
Andrea Bargnani,Jason Kapono,Jermaine O'Neal,Joey Graham,Roko Ukic,Devin Harris,Josh Boone,Keyon Dooling,Ryan Anderson,Trenton Hassell,1,0:10,TOR,sub,,,,Jason Kapono,,Jamario Moon,,,,,,,,,,,,
Andrea Bargnani,Jason Kapono,Jermaine O'Neal,Joey Graham,Roko Ukic,Devin Harris,Josh Boone,Keyon Dooling,Ryan Anderson,Trenton Hassell,1,0:10,NJN,free throw,,,,,,,2,,2,Devin Harris,,,foul,made,,,,
Andrea Bargnani,Jason Kapono,Jermaine O'Neal,Joey Graham,Roko Ukic,Devin Harris,Josh Boone,Keyon Dooling,Ryan Anderson,Trenton Hassell,1,0:02,TOR,shot,,,,,,,,,,Joey Graham,,,,missed,,3pt,2,5
Andrea Bargnani,Jason Kapono,Jermaine O'Neal,Joey Graham,Roko Ukic,Devin Harris,Josh Boone,Keyon Dooling,Ryan Anderson,Trenton Hassell,1,0:00,NJN,rebound,,,,,,,,,,Josh Boone,,,,,,def,,
Andrea Bargnani,Jason Kapono,Jermaine O'Neal,Joey Graham,Roko Ukic,Devin Harris,Josh Boone,Keyon Dooling,Ryan Anderson,Trenton Hassell,2,11:39,TOR,turnover,,,,,,,,,,Joey Graham,,,traveling,,,,,
Andrea Bargnani,Jason Kapono,Jermaine O'Neal,Joey Graham,Roko Ukic,Devin Harris,Josh Boone,Keyon Dooling,Ryan Anderson,Trenton Hassell,2,11:25,NJN,shot,,,Andrea Bargnani,,,,,,,Devin Harris,,,,missed,,fade away jumper,35,21
Andrea Bargnani,Jason Kapono,Jermaine O'Neal,Joey Graham,Roko Ukic,Devin Harris,Josh Boone,Keyon Dooling,Ryan Anderson,Trenton Hassell,2,11:23,TOR,rebound,,,,,,,,,,Roko Ukic,,,,,,def,,
Andrea Bargnani,Jason Kapono,Jermaine O'Neal,Joey Graham,Roko Ukic,Devin Harris,Josh Boone,Keyon Dooling,Ryan Anderson,Trenton Hassell,2,11:12,TOR,shot,,,,,,,,,,Jermaine O'Neal,,,,missed,,jump,36,7
Andrea Bargnani,Jason Kapono,Jermaine O'Neal,Joey Graham,Roko Ukic,Devin Harris,Josh Boone,Keyon Dooling,Ryan Anderson,Trenton Hassell,2,11:10,NJN,rebound,,,,,,,,,,Devin Harris,,,,,,def,,
Andrea Bargnani,Jason Kapono,Jermaine O'Neal,Joey Graham,Roko Ukic,Devin Harris,Josh Boone,Keyon Dooling,Ryan Anderson,Trenton Hassell,2,11:07,TOR,foul,,,,,,,,Devin Harris,,Joey Graham,,,,,,shooting,,
Andrea Bargnani,Jason Kapono,Jermaine O'Neal,Joey Graham,Roko Ukic,Devin Harris,Josh Boone,Keyon Dooling,Ryan Anderson,Trenton Hassell,2,11:07,NJN,free throw,,,,,,,1,,2,Devin Harris,,,foul,missed,,,,
Andrea Bargnani,Jason Kapono,Jermaine O'Neal,Joey Graham,Roko Ukic,Devin Harris,Josh Boone,Keyon Dooling,Ryan Anderson,Trenton Hassell,2,11:07,NJN,rebound,,,,,,,,,,,,,,,,,,
Andrea Bargnani,Jason Kapono,Jermaine O'Neal,Joey Graham,Roko Ukic,Devin Harris,Josh Boone,Keyon Dooling,Ryan Anderson,Trenton Hassell,2,11:07,NJN,free throw,,,,,,,2,,2,Devin Harris,,,foul,made,,,,
Andrea Bargnani,Jason Kapono,Jermaine O'Neal,Joey Graham,Roko Ukic,Devin Harris,Josh Boone,Keyon Dooling,Ryan Anderson,Trenton Hassell,2,10:55,TOR,shot,,,,,,,,,,Andrea Bargnani,,,,missed,,driving reverse layup,25,6
Andrea Bargnani,Jason Kapono,Jermaine O'Neal,Joey Graham,Roko Ukic,Devin Harris,Josh Boone,Keyon Dooling,Ryan Anderson,Trenton Hassell,2,10:53,NJN,rebound,,,,,,,,,,Ryan Anderson,,,,,,def,,
Andrea Bargnani,Jason Kapono,Jermaine O'Neal,Joey Graham,Roko Ukic,Devin Harris,Josh Boone,Keyon Dooling,Ryan Anderson,Trenton Hassell,2,10:31,NJN,shot,,,,,,,,,,Keyon Dooling,,,,missed,,floating jump,21,11
Andrea Bargnani,Jason Kapono,Jermaine O'Neal,Joey Graham,Roko Ukic,Devin Harris,Josh Boone,Keyon Dooling,Ryan Anderson,Trenton Hassell,2,10:30,NJN,rebound,,,,,,,,,,Keyon Dooling,,,,,,off,,
Andrea Bargnani,Jason Kapono,Jermaine O'Neal,Joey Graham,Roko Ukic,Devin Harris,Josh Boone,Keyon Dooling,Ryan Anderson,Trenton Hassell,2,10:15,NJN,shot,Josh Boone,,,,,,,,,Trenton Hassell,2,,,made,,jump,43,11
Andrea Bargnani,Jason Kapono,Jermaine O'Neal,Joey Graham,Roko Ukic,Devin Harris,Josh Boone,Keyon Dooling,Ryan Anderson,Trenton Hassell,2,10:03,TOR,shot,,,,,,,,,,Jason Kapono,,,,missed,,running jump,24,17
Andrea Bargnani,Jason Kapono,Jermaine O'Neal,Joey Graham,Roko Ukic,Devin Harris,Josh Boone,Keyon Dooling,Ryan Anderson,Trenton Hassell,2,10:02,NJN,rebound,,,,,,,,,,Josh Boone,,,,,,def,,
Andrea Bargnani,Jason Kapono,Jermaine O'Neal,Joey Graham,Roko Ukic,Devin Harris,Josh Boone,Keyon Dooling,Ryan Anderson,Trenton Hassell,2,9:51,NJN,shot,Devin Harris,,,,,,,,,Keyon Dooling,3,,,made,,3pt,2,6
Andrea Bargnani,Jason Kapono,Jermaine O'Neal,Joey Graham,Roko Ukic,Devin Harris,Josh Boone,Keyon Dooling,Ryan Anderson,Trenton Hassell,2,9:31,NJN,foul,,,,,,,,Jermaine O'Neal,,Josh Boone,,,,,,shooting,,
Andrea Bargnani,Jason Kapono,Jermaine O'Neal,Joey Graham,Jose Calderon,Devin Harris,Josh Boone,Keyon Dooling,Ryan Anderson,Trenton Hassell,2,9:31,TOR,sub,,,,Jose Calderon,,Roko Ukic,,,,,,,,,,,,
Chris Bosh,Jason Kapono,Jermaine O'Neal,Joey Graham,Jose Calderon,Devin Harris,Josh Boone,Keyon Dooling,Ryan Anderson,Trenton Hassell,2,9:31,TOR,sub,,,,Chris Bosh,,Andrea Bargnani,,,,,,,,,,,,
Chris Bosh,Jason Kapono,Jermaine O'Neal,Joey Graham,Jose Calderon,Devin Harris,Josh Boone,Keyon Dooling,Ryan Anderson,Trenton Hassell,2,9:31,TOR,free throw,,,,,,,1,,2,Jermaine O'Neal,,,foul,made,,,,
Chris Bosh,Jamario Moon,Jason Kapono,Jermaine O'Neal,Jose Calderon,Devin Harris,Josh Boone,Keyon Dooling,Ryan Anderson,Trenton Hassell,2,9:31,TOR,sub,,,,Jamario Moon,,Joey Graham,,,,,,,,,,,,
Chris Bosh,Jamario Moon,Jason Kapono,Jermaine O'Neal,Jose Calderon,Devin Harris,Josh Boone,Keyon Dooling,Ryan Anderson,Trenton Hassell,2,9:31,TOR,free throw,,,,,,,2,,2,Jermaine O'Neal,,,foul,made,,,,
Chris Bosh,Jamario Moon,Jason Kapono,Jermaine O'Neal,Jose Calderon,Devin Harris,Josh Boone,Keyon Dooling,Ryan Anderson,Trenton Hassell,2,9:07,NJN,shot,,,,,,,,,,Devin Harris,2,,,made,,driving finger roll layup,25,6
Chris Bosh,Jamario Moon,Jason Kapono,Jermaine O'Neal,Jose Calderon,Devin Harris,Josh Boone,Keyon Dooling,Ryan Anderson,Trenton Hassell,2,8:48,TOR,shot,,,,,,,,,,Jermaine O'Neal,,,,missed,,jump,12,13
Chris Bosh,Jamario Moon,Jason Kapono,Jermaine O'Neal,Jose Calderon,Devin Harris,Josh Boone,Keyon Dooling,Ryan Anderson,Trenton Hassell,2,8:47,NJN,rebound,,,,,,,,,,,,,,,,,,
Chris Bosh,Jamario Moon,Jason Kapono,Jermaine O'Neal,Jose Calderon,Devin Harris,Josh Boone,Keyon Dooling,Ryan Anderson,Trenton Hassell,2,8:47,OFF,timeout,,,,,,,,,,,,,,,,official,,
Chris Bosh,Jamario Moon,Jason Kapono,Jermaine O'Neal,Jose Calderon,Devin Harris,Josh Boone,Keyon Dooling,Ryan Anderson,Trenton Hassell,2,8:27,NJN,shot,,,,,,,,,,Trenton Hassell,2,,,made,,fade away jumper,25,21
Chris Bosh,Jamario Moon,Jason Kapono,Jermaine O'Neal,Jose Calderon,Devin Harris,Josh Boone,Keyon Dooling,Ryan Anderson,Trenton Hassell,2,8:12,TOR,shot,,,,,,,,,,Jason Kapono,,,,missed,,jump,36,21
Chris Bosh,Jamario Moon,Jason Kapono,Jermaine O'Neal,Jose Calderon,Devin Harris,Josh Boone,Keyon Dooling,Ryan Anderson,Trenton Hassell,2,8:11,NJN,rebound,,,,,,,,,,Ryan Anderson,,,,,,def,,
Chris Bosh,Jamario Moon,Jason Kapono,Jermaine O'Neal,Jose Calderon,Devin Harris,Josh Boone,Keyon Dooling,Ryan Anderson,Trenton Hassell,2,7:57,NJN,turnover,,,,,,,,,,Trenton Hassell,,,step out of bounds turnover,,,,,
Chris Bosh,Jamario Moon,Jason Kapono,Jermaine O'Neal,Jose Calderon,Devin Harris,Josh Boone,Keyon Dooling,Ryan Anderson,Trenton Hassell,2,7:43,TOR,shot,Jose Calderon,,,,,,,,,Jason Kapono,2,,,made,,jump,10,18
Chris Bosh,Jamario Moon,Jason Kapono,Jermaine O'Neal,Jose Calderon,Devin Harris,Josh Boone,Keyon Dooling,Ryan Anderson,Trenton Hassell,2,7:24,NJN,shot,,,,,,,,,,Devin Harris,,,,missed,,jump,13,21
Chris Bosh,Jamario Moon,Jason Kapono,Jermaine O'Neal,Jose Calderon,Devin Harris,Josh Boone,Keyon Dooling,Ryan Anderson,Trenton Hassell,2,7:23,NJN,rebound,,,,,,,,,,Trenton Hassell,,,,,,off,,
Chris Bosh,Jamario Moon,Jason Kapono,Jermaine O'Neal,Jose Calderon,Devin Harris,Josh Boone,Keyon Dooling,Ryan Anderson,Trenton Hassell,2,7:00,NJN,shot,,,,,,,,,,Trenton Hassell,,,,missed,,jump,18,27
Chris Bosh,Jamario Moon,Jason Kapono,Jermaine O'Neal,Jose Calderon,Devin Harris,Josh Boone,Keyon Dooling,Ryan Anderson,Trenton Hassell,2,6:59,NJN,rebound,,,,,,,,,,Devin Harris,,,,,,off,,
Chris Bosh,Jamario Moon,Jason Kapono,Jermaine O'Neal,Jose Calderon,Devin Harris,Josh Boone,Keyon Dooling,Ryan Anderson,Trenton Hassell,2,6:47,NJN,shot,Devin Harris,,,,,,,,,Josh Boone,2,,,made,,layup,25,6
Chris Bosh,Jamario Moon,Jason Kapono,Jermaine O'Neal,Jose Calderon,Devin Harris,Josh Boone,Keyon Dooling,Ryan Anderson,Trenton Hassell,2,6:30,TOR,turnover,,,,,,,,,,Chris Bosh,,,discontinue dribble,,,,,
Chris Bosh,Jamario Moon,Jason Kapono,Jermaine O'Neal,Jose Calderon,Brook Lopez,Devin Harris,Keyon Dooling,Ryan Anderson,Trenton Hassell,2,6:30,NJN,sub,,,,Brook Lopez,,Josh Boone,,,,,,,,,,,,
Chris Bosh,Jamario Moon,Jason Kapono,Jermaine O'Neal,Jose Calderon,Brook Lopez,Devin Harris,Keyon Dooling,Trenton Hassell,Yi Jianlian,2,6:30,NJN,sub,,,,Yi Jianlian,,Ryan Anderson,,,,,,,,,,,,
Chris Bosh,Jamario Moon,Jason Kapono,Jermaine O'Neal,Jose Calderon,Brook Lopez,Devin Harris,Trenton Hassell,Vince Carter,Yi Jianlian,2,6:30,NJN,sub,,,,Vince Carter,,Keyon Dooling,,,,,,,,,,,,
Chris Bosh,Jamario Moon,Jason Kapono,Jermaine O'Neal,Jose Calderon,Brook Lopez,Devin Harris,Trenton Hassell,Vince Carter,Yi Jianlian,2,6:05,NJN,shot,,,,,,,,,,Trenton Hassell,,,,missed,,jump,42,18
Chris Bosh,Jamario Moon,Jason Kapono,Jermaine O'Neal,Jose Calderon,Brook Lopez,Devin Harris,Trenton Hassell,Vince Carter,Yi Jianlian,2,6:03,NJN,rebound,,,,,,,,,,,,,,,,,,
Chris Bosh,Jamario Moon,Jason Kapono,Jermaine O'Neal,Jose Calderon,Brook Lopez,Devin Harris,Trenton Hassell,Vince Carter,Yi Jianlian,2,6:03,TOR,foul,,,,,,,,Yi Jianlian,,Jamario Moon,,,,,,loose ball,,
Chris Bosh,Jamario Moon,Jason Kapono,Jermaine O'Neal,Jose Calderon,Brook Lopez,Devin Harris,Trenton Hassell,Vince Carter,Yi Jianlian,2,5:56,NJN,shot,,,Jermaine O'Neal,,,,,,,Brook Lopez,,,,missed,,layup,25,6
Chris Bosh,Jamario Moon,Jason Kapono,Jermaine O'Neal,Jose Calderon,Brook Lopez,Devin Harris,Trenton Hassell,Vince Carter,Yi Jianlian,2,5:54,NJN,rebound,,,,,,,,,,Yi Jianlian,,,,,,off,,
Chris Bosh,Jamario Moon,Jason Kapono,Jermaine O'Neal,Jose Calderon,Brook Lopez,Devin Harris,Trenton Hassell,Vince Carter,Yi Jianlian,2,5:52,NJN,shot,,,,,,,,,,Yi Jianlian,,,,missed,,jump,14,7
Chris Bosh,Jamario Moon,Jason Kapono,Jermaine O'Neal,Jose Calderon,Brook Lopez,Devin Harris,Trenton Hassell,Vince Carter,Yi Jianlian,2,5:51,NJN,rebound,,,,,,,,,,Trenton Hassell,,,,,,off,,
Chris Bosh,Jamario Moon,Jason Kapono,Jermaine O'Neal,Jose Calderon,Brook Lopez,Devin Harris,Trenton Hassell,Vince Carter,Yi Jianlian,2,5:40,NJN,shot,,,,,,,,,,Devin Harris,2,,,made,,jump,37,21
Chris Bosh,Jamario Moon,Jason Kapono,Jermaine O'Neal,Jose Calderon,Brook Lopez,Devin Harris,Trenton Hassell,Vince Carter,Yi Jianlian,2,5:28,TOR,shot,,,,,,,,,,Jose Calderon,2,,,made,,jump,39,20
Chris Bosh,Jamario Moon,Jason Kapono,Jermaine O'Neal,Jose Calderon,Brook Lopez,Devin Harris,Trenton Hassell,Vince Carter,Yi Jianlian,2,5:02,NJN,shot,,,,,,,,,,Yi Jianlian,,,,missed,,jump,19,15
Chris Bosh,Jamario Moon,Jason Kapono,Jermaine O'Neal,Jose Calderon,Brook Lopez,Devin Harris,Trenton Hassell,Vince Carter,Yi Jianlian,2,5:01,TOR,rebound,,,,,,,,,,Jermaine O'Neal,,,,,,def,,
Chris Bosh,Jamario Moon,Jason Kapono,Jermaine O'Neal,Jose Calderon,Brook Lopez,Devin Harris,Trenton Hassell,Vince Carter,Yi Jianlian,2,4:55,TOR,shot,,,,,,,,,,Jason Kapono,,,,missed,,3pt,10,25
Chris Bosh,Jamario Moon,Jason Kapono,Jermaine O'Neal,Jose Calderon,Brook Lopez,Devin Harris,Trenton Hassell,Vince Carter,Yi Jianlian,2,4:54,NJN,rebound,,,,,,,,,,,,,,,,,,
Chris Bosh,Jamario Moon,Jason Kapono,Jermaine O'Neal,Jose Calderon,Brook Lopez,Devin Harris,Trenton Hassell,Vince Carter,Yi Jianlian,2,4:54,TOR,foul,,,,,,,,Vince Carter,,Jason Kapono,,,,,,loose ball,,
Chris Bosh,Jamario Moon,Jason Kapono,Jermaine O'Neal,Jose Calderon,Brook Lopez,Devin Harris,Trenton Hassell,Vince Carter,Yi Jianlian,2,4:54,NJN,timeout,,,,,,,,,,,,,,,,regular,,
Chris Bosh,Jamario Moon,Jason Kapono,Jermaine O'Neal,Jose Calderon,Brook Lopez,Devin Harris,Trenton Hassell,Vince Carter,Yi Jianlian,2,4:38,NJN,shot,Vince Carter,,,,,,,,,Trenton Hassell,2,,,made,,jump,7,14
Chris Bosh,Jamario Moon,Jason Kapono,Jermaine O'Neal,Jose Calderon,Brook Lopez,Devin Harris,Trenton Hassell,Vince Carter,Yi Jianlian,2,4:27,TOR,shot,,,,,,,,,,Chris Bosh,,,,missed,,driving layup,25,6
Chris Bosh,Jamario Moon,Jason Kapono,Jermaine O'Neal,Jose Calderon,Brook Lopez,Devin Harris,Trenton Hassell,Vince Carter,Yi Jianlian,2,4:26,TOR,rebound,,,,,,,,,,Jamario Moon,,,,,,off,,
Chris Bosh,Jamario Moon,Jason Kapono,Jermaine O'Neal,Jose Calderon,Brook Lopez,Devin Harris,Trenton Hassell,Vince Carter,Yi Jianlian,2,4:25,TOR,shot,,,Trenton Hassell,,,,,,,Jamario Moon,,,,missed,,layup,25,6
Chris Bosh,Jamario Moon,Jason Kapono,Jermaine O'Neal,Jose Calderon,Brook Lopez,Devin Harris,Trenton Hassell,Vince Carter,Yi Jianlian,2,4:23,NJN,rebound,,,,,,,,,,Devin Harris,,,,,,def,,
Chris Bosh,Jamario Moon,Jason Kapono,Jermaine O'Neal,Jose Calderon,Brook Lopez,Devin Harris,Trenton Hassell,Vince Carter,Yi Jianlian,2,4:16,NJN,turnover,,,,,,,,,,Trenton Hassell,,,bad pass,,,,,
Chris Bosh,Jamario Moon,Jermaine O'Neal,Joey Graham,Jose Calderon,Brook Lopez,Devin Harris,Trenton Hassell,Vince Carter,Yi Jianlian,2,4:16,TOR,sub,,,,Joey Graham,,Jason Kapono,,,,,,,,,,,,
Chris Bosh,Jamario Moon,Jermaine O'Neal,Joey Graham,Jose Calderon,Brook Lopez,Devin Harris,Trenton Hassell,Vince Carter,Yi Jianlian,2,4:06,TOR,shot,,,,,,,,,,Chris Bosh,2,,,made,,driving dunk,25,6
Chris Bosh,Jamario Moon,Jermaine O'Neal,Joey Graham,Jose Calderon,Brook Lopez,Devin Harris,Trenton Hassell,Vince Carter,Yi Jianlian,2,3:47,NJN,shot,,,,,,,,,,Yi Jianlian,,,,missed,,3pt,4,18
Chris Bosh,Jamario Moon,Jermaine O'Neal,Joey Graham,Jose Calderon,Brook Lopez,Devin Harris,Trenton Hassell,Vince Carter,Yi Jianlian,2,3:45,TOR,rebound,,,,,,,,,,,,,,,,,,
Andrea Bargnani,Chris Bosh,Jamario Moon,Joey Graham,Jose Calderon,Brook Lopez,Devin Harris,Trenton Hassell,Vince Carter,Yi Jianlian,2,3:45,TOR,sub,,,,Andrea Bargnani,,Jermaine O'Neal,,,,,,,,,,,,
Andrea Bargnani,Chris Bosh,Jamario Moon,Joey Graham,Jose Calderon,Brook Lopez,Devin Harris,Trenton Hassell,Vince Carter,Yi Jianlian,2,3:36,TOR,turnover,,,,,,,,,,Chris Bosh,,,bad pass,,,,,
Andrea Bargnani,Chris Bosh,Jamario Moon,Joey Graham,Jose Calderon,Bobby Simmons,Brook Lopez,Devin Harris,Trenton Hassell,Vince Carter,2,3:36,NJN,sub,,,,Bobby Simmons,,Yi Jianlian,,,,,,,,,,,,
Andrea Bargnani,Chris Bosh,Jamario Moon,Joey Graham,Jose Calderon,Bobby Simmons,Brook Lopez,Devin Harris,Trenton Hassell,Vince Carter,2,3:18,NJN,shot,,,,,,,,,,Brook Lopez,,,,missed,,turnaround bank,18,8
Andrea Bargnani,Chris Bosh,Jamario Moon,Joey Graham,Jose Calderon,Bobby Simmons,Brook Lopez,Devin Harris,Trenton Hassell,Vince Carter,2,3:17,TOR,rebound,,,,,,,,,,Andrea Bargnani,,,,,,def,,
Andrea Bargnani,Chris Bosh,Jamario Moon,Joey Graham,Jose Calderon,Bobby Simmons,Brook Lopez,Devin Harris,Trenton Hassell,Vince Carter,2,3:17,NJN,foul,,,,,,,,Andrea Bargnani,,Brook Lopez,,,,,,personal,,
Andrea Bargnani,Chris Bosh,Jamario Moon,Joey Graham,Jose Calderon,Bobby Simmons,Brook Lopez,Devin Harris,Trenton Hassell,Vince Carter,2,3:00,TOR,shot,,,,,,,,,,Jose Calderon,,,,missed,,jump,21,24
Andrea Bargnani,Chris Bosh,Jamario Moon,Joey Graham,Jose Calderon,Bobby Simmons,Brook Lopez,Devin Harris,Trenton Hassell,Vince Carter,2,2:59,NJN,rebound,,,,,,,,,,Vince Carter,,,,,,def,,
Andrea Bargnani,Chris Bosh,Jamario Moon,Joey Graham,Jose Calderon,Bobby Simmons,Brook Lopez,Devin Harris,Trenton Hassell,Vince Carter,2,2:48,NJN,shot,,,,,,,,,,Vince Carter,,,,missed,,3pt,11,29
Andrea Bargnani,Chris Bosh,Jamario Moon,Joey Graham,Jose Calderon,Bobby Simmons,Brook Lopez,Devin Harris,Trenton Hassell,Vince Carter,2,2:46,NJN,rebound,,,,,,,,,,Vince Carter,,,,,,off,,
Andrea Bargnani,Chris Bosh,Jamario Moon,Joey Graham,Jose Calderon,Bobby Simmons,Brook Lopez,Devin Harris,Trenton Hassell,Vince Carter,2,2:42,NJN,shot,,,,,,,,,,Vince Carter,,,,missed,,driving finger roll layup,25,6
Andrea Bargnani,Chris Bosh,Jamario Moon,Joey Graham,Jose Calderon,Bobby Simmons,Brook Lopez,Devin Harris,Trenton Hassell,Vince Carter,2,2:41,TOR,rebound,,,,,,,,,,Andrea Bargnani,,,,,,def,,
Andrea Bargnani,Chris Bosh,Jamario Moon,Joey Graham,Jose Calderon,Bobby Simmons,Brook Lopez,Devin Harris,Trenton Hassell,Vince Carter,2,2:22,TOR,shot,,,,,,,,,,Chris Bosh,2,,,made,,turnaround jump,9,9
Andrea Bargnani,Chris Bosh,Jamario Moon,Joey Graham,Jose Calderon,Bobby Simmons,Brook Lopez,Devin Harris,Trenton Hassell,Vince Carter,2,1:57,NJN,turnover,,,,,,,,,,Vince Carter,,,lost ball,,Jamario Moon,,,
Andrea Bargnani,Chris Bosh,Jamario Moon,Joey Graham,Jose Calderon,Bobby Simmons,Brook Lopez,Devin Harris,Trenton Hassell,Vince Carter,2,1:52,TOR,shot,,,,,,,,,,Jamario Moon,2,,,made,,driving layup,25,6
Andrea Bargnani,Chris Bosh,Jamario Moon,Joey Graham,Jose Calderon,Bobby Simmons,Brook Lopez,Devin Harris,Trenton Hassell,Vince Carter,2,1:36,NJN,shot,,,Jamario Moon,,,,,,,Bobby Simmons,,,,missed,,jump,13,18
Andrea Bargnani,Chris Bosh,Jamario Moon,Joey Graham,Jose Calderon,Bobby Simmons,Brook Lopez,Devin Harris,Trenton Hassell,Vince Carter,2,1:34,TOR,rebound,,,,,,,,,,Chris Bosh,,,,,,def,,
Andrea Bargnani,Chris Bosh,Jamario Moon,Joey Graham,Jose Calderon,Bobby Simmons,Brook Lopez,Devin Harris,Trenton Hassell,Vince Carter,2,1:33,TOR,shot,Chris Bosh,,,,,,,,,Jamario Moon,2,,,made,,dunk,25,6
Andrea Bargnani,Chris Bosh,Jamario Moon,Joey Graham,Jose Calderon,Bobby Simmons,Brook Lopez,Devin Harris,Trenton Hassell,Vince Carter,2,1:08,NJN,shot,,,,,,,,,,Devin Harris,,,,missed,,turnaround fade away,24,21
Andrea Bargnani,Chris Bosh,Jamario Moon,Joey Graham,Jose Calderon,Bobby Simmons,Brook Lopez,Devin Harris,Trenton Hassell,Vince Carter,2,1:07,TOR,rebound,,,,,,,,,,Jamario Moon,,,,,,def,,
Andrea Bargnani,Chris Bosh,Jamario Moon,Joey Graham,Jose Calderon,Bobby Simmons,Brook Lopez,Devin Harris,Trenton Hassell,Vince Carter,2,1:00,TOR,shot,Jose Calderon,,,,,,,,,Joey Graham,2,,,made,,driving dunk,25,6
Andrea Bargnani,Chris Bosh,Jamario Moon,Joey Graham,Jose Calderon,Bobby Simmons,Brook Lopez,Devin Harris,Trenton Hassell,Vince Carter,2,0:46,NJN,shot,,,,,,,,,,Bobby Simmons,,,,missed,,3pt,10,27
Andrea Bargnani,Chris Bosh,Jamario Moon,Joey Graham,Jose Calderon,Bobby Simmons,Brook Lopez,Devin Harris,Trenton Hassell,Vince Carter,2,0:45,NJN,rebound,,,,,,,,,,Brook Lopez,,,,,,off,,
Andrea Bargnani,Chris Bosh,Jamario Moon,Joey Graham,Jose Calderon,Bobby Simmons,Brook Lopez,Devin Harris,Trenton Hassell,Vince Carter,2,0:43,NJN,shot,,,,,,,,,,Brook Lopez,,,,missed,,putback layup,25,6
Andrea Bargnani,Chris Bosh,Jamario Moon,Joey Graham,Jose Calderon,Bobby Simmons,Brook Lopez,Devin Harris,Trenton Hassell,Vince Carter,2,0:42,TOR,rebound,,,,,,,,,,Jose Calderon,,,,,,def,,
Andrea Bargnani,Chris Bosh,Jamario Moon,Joey Graham,Jose Calderon,Bobby Simmons,Brook Lopez,Devin Harris,Trenton Hassell,Vince Carter,2,0:25,TOR,shot,,,,,,,,,,Jamario Moon,,,,missed,,jump,22,26
Andrea Bargnani,Chris Bosh,Jamario Moon,Joey Graham,Jose Calderon,Bobby Simmons,Brook Lopez,Devin Harris,Trenton Hassell,Vince Carter,2,0:24,NJN,rebound,,,,,,,,,,Brook Lopez,,,,,,def,,
Andrea Bargnani,Chris Bosh,Jamario Moon,Joey Graham,Jose Calderon,Bobby Simmons,Brook Lopez,Devin Harris,Trenton Hassell,Vince Carter,2,0:11,TOR,foul,,,,,,,,Devin Harris,,Jose Calderon,,,,,,personal,,
Andrea Bargnani,Chris Bosh,Jamario Moon,Joey Graham,Jose Calderon,Bobby Simmons,Brook Lopez,Devin Harris,Trenton Hassell,Vince Carter,2,0:11,TOR,timeout,,,,,,,,,,,,,,,,regular,,
Andrea Bargnani,Chris Bosh,Jamario Moon,Jose Calderon,Roko Ukic,Bobby Simmons,Brook Lopez,Devin Harris,Trenton Hassell,Vince Carter,2,0:11,TOR,sub,,,,Roko Ukic,,Joey Graham,,,,,,,,,,,,
Andrea Bargnani,Chris Bosh,Jamario Moon,Jose Calderon,Roko Ukic,Bobby Simmons,Brook Lopez,Devin Harris,Trenton Hassell,Vince Carter,2,0:03,NJN,shot,,,,,,,,,,Bobby Simmons,,,,missed,,3pt,2,8
Andrea Bargnani,Chris Bosh,Jamario Moon,Jose Calderon,Roko Ukic,Bobby Simmons,Brook Lopez,Devin Harris,Trenton Hassell,Vince Carter,2,0:01,NJN,rebound,,,,,,,,,,Vince Carter,,,,,,off,,
Andrea Bargnani,Chris Bosh,Jamario Moon,Jose Calderon,Roko Ukic,Bobby Simmons,Brook Lopez,Devin Harris,Trenton Hassell,Vince Carter,2,0:00,NJN,shot,,,,,,,,,,Vince Carter,,,,missed,,tip,25,6
Andrea Bargnani,Chris Bosh,Jamario Moon,Jose Calderon,Roko Ukic,Bobby Simmons,Brook Lopez,Devin Harris,Trenton Hassell,Vince Carter,2,0:00,NJN,rebound,,,,,,,,,,,,,,,,,,
Chris Bosh,Jamario Moon,Jason Kapono,Jermaine O'Neal,Jose Calderon,Bobby Simmons,Brook Lopez,Devin Harris,Vince Carter,Yi Jianlian,3,11:41,TOR,shot,,,,,,,,,,Jermaine O'Neal,,,,missed,,turnaround fade away,38,7
Chris Bosh,Jamario Moon,Jason Kapono,Jermaine O'Neal,Jose Calderon,Bobby Simmons,Brook Lopez,Devin Harris,Vince Carter,Yi Jianlian,3,11:39,NJN,rebound,,,,,,,,,,Devin Harris,,,,,,def,,
Chris Bosh,Jamario Moon,Jason Kapono,Jermaine O'Neal,Jose Calderon,Bobby Simmons,Brook Lopez,Devin Harris,Vince Carter,Yi Jianlian,3,11:26,NJN,shot,,,,,,,,,,Vince Carter,,,,missed,,jump,9,14
Chris Bosh,Jamario Moon,Jason Kapono,Jermaine O'Neal,Jose Calderon,Bobby Simmons,Brook Lopez,Devin Harris,Vince Carter,Yi Jianlian,3,11:24,TOR,rebound,,,,,,,,,,Jamario Moon,,,,,,def,,
Chris Bosh,Jamario Moon,Jason Kapono,Jermaine O'Neal,Jose Calderon,Bobby Simmons,Brook Lopez,Devin Harris,Vince Carter,Yi Jianlian,3,11:07,TOR,shot,,,,,,,,,,Jamario Moon,,,,missed,,jump,41,6
Chris Bosh,Jamario Moon,Jason Kapono,Jermaine O'Neal,Jose Calderon,Bobby Simmons,Brook Lopez,Devin Harris,Vince Carter,Yi Jianlian,3,11:06,NJN,rebound,,,,,,,,,,Brook Lopez,,,,,,def,,
Chris Bosh,Jamario Moon,Jason Kapono,Jermaine O'Neal,Jose Calderon,Bobby Simmons,Brook Lopez,Devin Harris,Vince Carter,Yi Jianlian,3,10:53,NJN,turnover,,,,,,,,,,Bobby Simmons,,,lost ball,,Jamario Moon,,,
Chris Bosh,Jamario Moon,Jason Kapono,Jermaine O'Neal,Jose Calderon,Bobby Simmons,Brook Lopez,Devin Harris,Vince Carter,Yi Jianlian,3,10:50,NJN,foul,,,,,,,,Jose Calderon,,Devin Harris,,,,,,shooting,,
Chris Bosh,Jamario Moon,Jason Kapono,Jermaine O'Neal,Jose Calderon,Bobby Simmons,Brook Lopez,Devin Harris,Vince Carter,Yi Jianlian,3,10:50,TOR,free throw,,,,,,,1,,2,Jose Calderon,,,foul,made,,,,
Chris Bosh,Jamario Moon,Jason Kapono,Jermaine O'Neal,Jose Calderon,Bobby Simmons,Brook Lopez,Devin Harris,Vince Carter,Yi Jianlian,3,10:50,TOR,free throw,,,,,,,2,,2,Jose Calderon,,,foul,made,,,,
Chris Bosh,Jamario Moon,Jason Kapono,Jermaine O'Neal,Jose Calderon,Bobby Simmons,Brook Lopez,Devin Harris,Vince Carter,Yi Jianlian,3,10:36,TOR,foul,,,,,,,,Brook Lopez,,Jamario Moon,,,,,,personal,,
Chris Bosh,Jamario Moon,Jason Kapono,Jermaine O'Neal,Jose Calderon,Bobby Simmons,Brook Lopez,Devin Harris,Vince Carter,Yi Jianlian,3,10:28,NJN,shot,Devin Harris,,,,,,,,,Bobby Simmons,3,,,made,,3pt,49,5
Chris Bosh,Jamario Moon,Jason Kapono,Jermaine O'Neal,Jose Calderon,Bobby Simmons,Brook Lopez,Devin Harris,Vince Carter,Yi Jianlian,3,10:17,NJN,foul,,,,,,,,Chris Bosh,,Yi Jianlian,,,,,,shooting,,
Chris Bosh,Jamario Moon,Jason Kapono,Jermaine O'Neal,Jose Calderon,Bobby Simmons,Brook Lopez,Devin Harris,Vince Carter,Yi Jianlian,3,10:17,TOR,free throw,,,,,,,1,,2,Chris Bosh,,,foul,missed,,,,
Chris Bosh,Jamario Moon,Jason Kapono,Jermaine O'Neal,Jose Calderon,Bobby Simmons,Brook Lopez,Devin Harris,Vince Carter,Yi Jianlian,3,10:17,TOR,rebound,,,,,,,,,,,,,,,,,,
Chris Bosh,Jamario Moon,Jason Kapono,Jermaine O'Neal,Jose Calderon,Bobby Simmons,Brook Lopez,Devin Harris,Vince Carter,Yi Jianlian,3,10:17,TOR,free throw,,,,,,,2,,2,Chris Bosh,,,foul,made,,,,
Chris Bosh,Jamario Moon,Jason Kapono,Jermaine O'Neal,Jose Calderon,Bobby Simmons,Brook Lopez,Devin Harris,Vince Carter,Yi Jianlian,3,10:01,NJN,shot,Vince Carter,,,,,,,,,Bobby Simmons,3,,,made,,3pt,2,6
Chris Bosh,Jamario Moon,Jason Kapono,Jermaine O'Neal,Jose Calderon,Bobby Simmons,Brook Lopez,Devin Harris,Vince Carter,Yi Jianlian,3,9:44,TOR,shot,Jermaine O'Neal,,,,,,,,,Jamario Moon,2,,,made,,finger roll layup,25,6
Chris Bosh,Jamario Moon,Jason Kapono,Jermaine O'Neal,Jose Calderon,Bobby Simmons,Brook Lopez,Devin Harris,Vince Carter,Yi Jianlian,3,9:32,NJN,turnover,,,,,,,,,,Brook Lopez,,,traveling,,,,,
Chris Bosh,Jamario Moon,Jason Kapono,Jermaine O'Neal,Jose Calderon,Bobby Simmons,Brook Lopez,Devin Harris,Vince Carter,Yi Jianlian,3,9:16,TOR,shot,,,,,,,,,,Jason Kapono,,,,missed,,3pt,2,5
Chris Bosh,Jamario Moon,Jason Kapono,Jermaine O'Neal,Jose Calderon,Bobby Simmons,Brook Lopez,Devin Harris,Vince Carter,Yi Jianlian,3,9:15,NJN,rebound,,,,,,,,,,Brook Lopez,,,,,,def,,
Chris Bosh,Jamario Moon,Jason Kapono,Jermaine O'Neal,Jose Calderon,Bobby Simmons,Brook Lopez,Devin Harris,Vince Carter,Yi Jianlian,3,9:00,NJN,shot,Yi Jianlian,,,,,,,,,Brook Lopez,2,,,made,,hook,19,8
Chris Bosh,Jamario Moon,Jason Kapono,Jermaine O'Neal,Jose Calderon,Bobby Simmons,Brook Lopez,Devin Harris,Vince Carter,Yi Jianlian,3,8:43,TOR,shot,Jermaine O'Neal,,,,,,,,,Jose Calderon,3,,,made,,3pt,37,28
Chris Bosh,Jamario Moon,Jason Kapono,Jermaine O'Neal,Jose Calderon,Bobby Simmons,Brook Lopez,Devin Harris,Vince Carter,Yi Jianlian,3,8:16,NJN,shot,,,,,,,,,,Vince Carter,,,,missed,,running jump,41,10
Chris Bosh,Jamario Moon,Jason Kapono,Jermaine O'Neal,Jose Calderon,Bobby Simmons,Brook Lopez,Devin Harris,Vince Carter,Yi Jianlian,3,8:15,TOR,rebound,,,,,,,,,,Jamario Moon,,,,,,def,,
Chris Bosh,Jamario Moon,Jason Kapono,Jermaine O'Neal,Jose Calderon,Bobby Simmons,Brook Lopez,Devin Harris,Vince Carter,Yi Jianlian,3,7:59,TOR,shot,,,,,,,,,,Jamario Moon,,,,missed,,jump,30,24
Chris Bosh,Jamario Moon,Jason Kapono,Jermaine O'Neal,Jose Calderon,Bobby Simmons,Brook Lopez,Devin Harris,Vince Carter,Yi Jianlian,3,7:57,NJN,rebound,,,,,,,,,,,,,,,,,,
Chris Bosh,Jamario Moon,Jason Kapono,Jermaine O'Neal,Jose Calderon,Bobby Simmons,Brook Lopez,Devin Harris,Vince Carter,Yi Jianlian,3,7:40,TOR,foul,,,,,,,,Bobby Simmons,,Jamario Moon,,,,,,personal,,
Chris Bosh,Jason Kapono,Jermaine O'Neal,Joey Graham,Jose Calderon,Bobby Simmons,Brook Lopez,Devin Harris,Vince Carter,Yi Jianlian,3,7:40,TOR,sub,,,,Joey Graham,,Jamario Moon,,,,,,,,,,,,
Chris Bosh,Jason Kapono,Jermaine O'Neal,Joey Graham,Jose Calderon,Bobby Simmons,Brook Lopez,Devin Harris,Vince Carter,Yi Jianlian,3,7:28,NJN,shot,,,,,,,,,,Vince Carter,,,,missed,,jump,27,13
Chris Bosh,Jason Kapono,Jermaine O'Neal,Joey Graham,Jose Calderon,Bobby Simmons,Brook Lopez,Devin Harris,Vince Carter,Yi Jianlian,3,7:27,TOR,rebound,,,,,,,,,,Chris Bosh,,,,,,def,,
Chris Bosh,Jason Kapono,Jermaine O'Neal,Joey Graham,Jose Calderon,Bobby Simmons,Brook Lopez,Devin Harris,Vince Carter,Yi Jianlian,3,7:20,TOR,shot,Jose Calderon,,,,,,,,,Jermaine O'Neal,2,,,made,,layup,25,6
Chris Bosh,Jason Kapono,Jermaine O'Neal,Joey Graham,Jose Calderon,Bobby Simmons,Brook Lopez,Devin Harris,Vince Carter,Yi Jianlian,3,7:20,NJN,foul,,,,,,,,Jermaine O'Neal,,Yi Jianlian,,,,,,shooting,,
Chris Bosh,Jason Kapono,Jermaine O'Neal,Joey Graham,Jose Calderon,Bobby Simmons,Brook Lopez,Devin Harris,Ryan Anderson,Vince Carter,3,7:20,NJN,sub,,,,Ryan Anderson,,Yi Jianlian,,,,,,,,,,,,
Chris Bosh,Jason Kapono,Jermaine O'Neal,Joey Graham,Jose Calderon,Bobby Simmons,Brook Lopez,Devin Harris,Ryan Anderson,Vince Carter,3,7:20,TOR,free throw,,,,,,,1,,1,Jermaine O'Neal,,,foul,made,,,,
Chris Bosh,Jason Kapono,Jermaine O'Neal,Joey Graham,Jose Calderon,Bobby Simmons,Brook Lopez,Devin Harris,Ryan Anderson,Vince Carter,3,7:09,TOR,foul,,,,,,,,,,Chris Bosh,,,,,,defense 3 second,,
Chris Bosh,Jason Kapono,Jermaine O'Neal,Joey Graham,Jose Calderon,Bobby Simmons,Brook Lopez,Devin Harris,Ryan Anderson,Vince Carter,3,7:09,NJN,free throw,,,,,,,1,,1,Devin Harris,,,technical,missed,,,,
Chris Bosh,Jason Kapono,Jermaine O'Neal,Joey Graham,Jose Calderon,Bobby Simmons,Brook Lopez,Devin Harris,Ryan Anderson,Vince Carter,3,7:09,NJN,rebound,,,,,,,,,,,,,,,,,,
Chris Bosh,Jason Kapono,Jermaine O'Neal,Joey Graham,Jose Calderon,Bobby Simmons,Brook Lopez,Devin Harris,Ryan Anderson,Vince Carter,3,7:01,NJN,turnover,,,,,,,,,,Devin Harris,,,lost ball,,Jermaine O'Neal,,,
Chris Bosh,Jason Kapono,Jermaine O'Neal,Joey Graham,Jose Calderon,Bobby Simmons,Brook Lopez,Devin Harris,Ryan Anderson,Vince Carter,3,6:58,NJN,foul,,,,,,,,Joey Graham,,Brook Lopez,,,,,,shooting,,
Chris Bosh,Jason Kapono,Jermaine O'Neal,Joey Graham,Jose Calderon,Bobby Simmons,Brook Lopez,Devin Harris,Ryan Anderson,Vince Carter,3,6:58,TOR,free throw,,,,,,,1,,2,Joey Graham,,,foul,made,,,,
Chris Bosh,Jason Kapono,Jermaine O'Neal,Joey Graham,Jose Calderon,Bobby Simmons,Brook Lopez,Devin Harris,Ryan Anderson,Vince Carter,3,6:58,TOR,free throw,,,,,,,2,,2,Joey Graham,,,foul,made,,,,
Chris Bosh,Jason Kapono,Jermaine O'Neal,Joey Graham,Jose Calderon,Bobby Simmons,Brook Lopez,Devin Harris,Ryan Anderson,Vince Carter,3,6:42,NJN,turnover,,,,,,,,,,Devin Harris,,,lost ball,,Jason Kapono,,,
Chris Bosh,Jason Kapono,Jermaine O'Neal,Joey Graham,Jose Calderon,Bobby Simmons,Brook Lopez,Devin Harris,Ryan Anderson,Vince Carter,3,6:37,TOR,shot,,,,,,,,,,Jason Kapono,3,,,made,,3pt,19,30
Chris Bosh,Jason Kapono,Jermaine O'Neal,Joey Graham,Jose Calderon,Bobby Simmons,Brook Lopez,Devin Harris,Ryan Anderson,Vince Carter,3,6:35,NJN,timeout,,,,,,,,,,,,,,,,regular,,
Chris Bosh,Jason Kapono,Jermaine O'Neal,Joey Graham,Jose Calderon,Bobby Simmons,Brook Lopez,Devin Harris,Ryan Anderson,Vince Carter,3,6:35,NJN,foul,,,,,,,,,,Devin Harris,,,,,,technical,,
Chris Bosh,Jason Kapono,Jermaine O'Neal,Joey Graham,Jose Calderon,Bobby Simmons,Brook Lopez,Devin Harris,Ryan Anderson,Vince Carter,3,6:35,TOR,free throw,,,,,,,1,,1,Jose Calderon,,,technical,made,,,,
Chris Bosh,Jason Kapono,Jermaine O'Neal,Joey Graham,Jose Calderon,Bobby Simmons,Brook Lopez,Devin Harris,Ryan Anderson,Vince Carter,3,6:18,NJN,shot,Vince Carter,,,,,,,,,Brook Lopez,2,,,made,,layup,25,6
Chris Bosh,Jason Kapono,Jermaine O'Neal,Joey Graham,Jose Calderon,Bobby Simmons,Brook Lopez,Devin Harris,Ryan Anderson,Vince Carter,3,6:01,TOR,shot,,,Brook Lopez,,,,,,,Chris Bosh,,,,missed,,layup,25,6
Chris Bosh,Jason Kapono,Jermaine O'Neal,Joey Graham,Jose Calderon,Bobby Simmons,Brook Lopez,Devin Harris,Ryan Anderson,Vince Carter,3,5:59,NJN,rebound,,,,,,,,,,Brook Lopez,,,,,,def,,
Chris Bosh,Jason Kapono,Jermaine O'Neal,Joey Graham,Jose Calderon,Bobby Simmons,Brook Lopez,Devin Harris,Ryan Anderson,Vince Carter,3,5:56,NJN,shot,,,,,,,,,,Devin Harris,2,,,made,,driving layup,25,6
Chris Bosh,Jason Kapono,Jermaine O'Neal,Joey Graham,Jose Calderon,Bobby Simmons,Brook Lopez,Devin Harris,Ryan Anderson,Vince Carter,3,5:56,TOR,foul,,,,,,,,Devin Harris,,Jermaine O'Neal,,,,,,shooting,,
Chris Bosh,Jason Kapono,Jermaine O'Neal,Joey Graham,Jose Calderon,Bobby Simmons,Brook Lopez,Devin Harris,Ryan Anderson,Vince Carter,3,5:56,NJN,free throw,,,,,,,1,,1,Devin Harris,,,foul,made,,,,
Andrea Bargnani,Chris Bosh,Jason Kapono,Joey Graham,Jose Calderon,Bobby Simmons,Brook Lopez,Devin Harris,Ryan Anderson,Vince Carter,3,5:56,TOR,sub,,,,Andrea Bargnani,,Jermaine O'Neal,,,,,,,,,,,,
Andrea Bargnani,Chris Bosh,Jason Kapono,Joey Graham,Jose Calderon,Bobby Simmons,Brook Lopez,Devin Harris,Ryan Anderson,Vince Carter,3,5:37,TOR,shot,,,,,,,,,,Andrea Bargnani,,,,missed,,3pt,45,21
Andrea Bargnani,Chris Bosh,Jason Kapono,Joey Graham,Jose Calderon,Bobby Simmons,Brook Lopez,Devin Harris,Ryan Anderson,Vince Carter,3,5:36,NJN,rebound,,,,,,,,,,Bobby Simmons,,,,,,def,,
Andrea Bargnani,Chris Bosh,Jason Kapono,Joey Graham,Jose Calderon,Bobby Simmons,Brook Lopez,Devin Harris,Ryan Anderson,Vince Carter,3,5:31,NJN,turnover,,,,,,,,,,Devin Harris,,,out of bounds lost ball turnover,,,,,
Andrea Bargnani,Chris Bosh,Jason Kapono,Joey Graham,Jose Calderon,Bobby Simmons,Brook Lopez,Devin Harris,Ryan Anderson,Vince Carter,3,5:17,NJN,foul,,,,,,,,Andrea Bargnani,,Ryan Anderson,,,,,,shooting,,
Andrea Bargnani,Chris Bosh,Jason Kapono,Joey Graham,Jose Calderon,Bobby Simmons,Brook Lopez,Devin Harris,Ryan Anderson,Vince Carter,3,5:17,TOR,free throw,,,,,,,1,,2,Andrea Bargnani,,,foul,made,,,,
Andrea Bargnani,Chris Bosh,Jason Kapono,Joey Graham,Jose Calderon,Bobby Simmons,Brook Lopez,Devin Harris,Ryan Anderson,Vince Carter,3,5:17,TOR,free throw,,,,,,,2,,2,Andrea Bargnani,,,foul,made,,,,
Andrea Bargnani,Chris Bosh,Jason Kapono,Joey Graham,Jose Calderon,Bobby Simmons,Brook Lopez,Devin Harris,Ryan Anderson,Vince Carter,3,5:06,NJN,turnover,,,,,,,,,,Devin Harris,,,bad pass,,Chris Bosh,,,
Andrea Bargnani,Chris Bosh,Jason Kapono,Joey Graham,Jose Calderon,Bobby Simmons,Brook Lopez,Devin Harris,Ryan Anderson,Vince Carter,3,5:02,TOR,shot,,,Brook Lopez,,,,,,,Joey Graham,,,,missed,,driving layup,25,6
Andrea Bargnani,Chris Bosh,Jason Kapono,Joey Graham,Jose Calderon,Bobby Simmons,Brook Lopez,Devin Harris,Ryan Anderson,Vince Carter,3,5:00,TOR,rebound,,,,,,,,,,Andrea Bargnani,,,,,,off,,
Andrea Bargnani,Chris Bosh,Jason Kapono,Joey Graham,Jose Calderon,Bobby Simmons,Brook Lopez,Devin Harris,Ryan Anderson,Vince Carter,3,4:58,TOR,shot,,,,,,,,,,Andrea Bargnani,2,,,made,,putback layup,25,6
Andrea Bargnani,Chris Bosh,Jason Kapono,Joey Graham,Jose Calderon,Bobby Simmons,Brook Lopez,Devin Harris,Ryan Anderson,Vince Carter,3,4:40,NJN,shot,Brook Lopez,,,,,,,,,Bobby Simmons,3,,,made,,3pt,1,6
Andrea Bargnani,Chris Bosh,Jason Kapono,Joey Graham,Jose Calderon,Bobby Simmons,Brook Lopez,Devin Harris,Ryan Anderson,Vince Carter,3,4:23,TOR,shot,Joey Graham,,,,,,,,,Jason Kapono,3,,,made,,3pt,2,11
Andrea Bargnani,Chris Bosh,Jason Kapono,Joey Graham,Jose Calderon,Bobby Simmons,Brook Lopez,Devin Harris,Ryan Anderson,Vince Carter,3,4:08,NJN,shot,,,,,,,,,,Ryan Anderson,,,,missed,,3pt,10,26
Andrea Bargnani,Chris Bosh,Jason Kapono,Joey Graham,Jose Calderon,Bobby Simmons,Brook Lopez,Devin Harris,Ryan Anderson,Vince Carter,3,4:07,TOR,rebound,,,,,,,,,,Jason Kapono,,,,,,def,,
Andrea Bargnani,Chris Bosh,Jason Kapono,Joey Graham,Jose Calderon,Bobby Simmons,Brook Lopez,Devin Harris,Ryan Anderson,Vince Carter,3,4:00,TOR,shot,,,,,,,,,,Jason Kapono,,,,missed,,3pt,12,27
Andrea Bargnani,Chris Bosh,Jason Kapono,Joey Graham,Jose Calderon,Bobby Simmons,Brook Lopez,Devin Harris,Ryan Anderson,Vince Carter,3,3:59,NJN,rebound,,,,,,,,,,Bobby Simmons,,,,,,def,,
Andrea Bargnani,Chris Bosh,Jason Kapono,Joey Graham,Jose Calderon,Bobby Simmons,Brook Lopez,Devin Harris,Ryan Anderson,Vince Carter,3,3:48,TOR,foul,,,,,,,,Vince Carter,,Chris Bosh,,,,,,personal,,
Andrea Bargnani,Chris Bosh,Jason Kapono,Joey Graham,Jose Calderon,Bobby Simmons,Devin Harris,Josh Boone,Ryan Anderson,Vince Carter,3,3:48,NJN,sub,,,,Josh Boone,,Brook Lopez,,,,,,,,,,,,
Andrea Bargnani,Chris Bosh,Jason Kapono,Joey Graham,Jose Calderon,Bobby Simmons,Josh Boone,Keyon Dooling,Ryan Anderson,Vince Carter,3,3:48,NJN,sub,,,,Keyon Dooling,,Devin Harris,,,,,,,,,,,,
Andrea Bargnani,Chris Bosh,Jason Kapono,Joey Graham,Jose Calderon,Bobby Simmons,Josh Boone,Keyon Dooling,Trenton Hassell,Vince Carter,3,3:48,NJN,sub,,,,Trenton Hassell,,Ryan Anderson,,,,,,,,,,,,
Andrea Bargnani,Chris Bosh,Jamario Moon,Joey Graham,Jose Calderon,Bobby Simmons,Josh Boone,Keyon Dooling,Trenton Hassell,Vince Carter,3,3:48,TOR,sub,,,,Jamario Moon,,Jason Kapono,,,,,,,,,,,,
Andrea Bargnani,Chris Bosh,Jamario Moon,Joey Graham,Jose Calderon,Bobby Simmons,Josh Boone,Keyon Dooling,Trenton Hassell,Vince Carter,3,3:34,NJN,shot,,,,,,,,,,Keyon Dooling,,,,missed,,3pt,43,24
Andrea Bargnani,Chris Bosh,Jamario Moon,Joey Graham,Jose Calderon,Bobby Simmons,Josh Boone,Keyon Dooling,Trenton Hassell,Vince Carter,3,3:32,TOR,rebound,,,,,,,,,,Chris Bosh,,,,,,def,,
Andrea Bargnani,Chris Bosh,Jamario Moon,Joey Graham,Jose Calderon,Bobby Simmons,Josh Boone,Keyon Dooling,Trenton Hassell,Vince Carter,3,3:16,TOR,shot,,,,,,,,,,Andrea Bargnani,,,,missed,,3pt,8,24
Andrea Bargnani,Chris Bosh,Jamario Moon,Joey Graham,Jose Calderon,Bobby Simmons,Josh Boone,Keyon Dooling,Trenton Hassell,Vince Carter,3,3:15,NJN,rebound,,,,,,,,,,Keyon Dooling,,,,,,def,,
Andrea Bargnani,Chris Bosh,Jamario Moon,Joey Graham,Jose Calderon,Bobby Simmons,Josh Boone,Keyon Dooling,Trenton Hassell,Vince Carter,3,2:59,NJN,shot,,,,,,,,,,Bobby Simmons,,,,missed,,3pt,2,7
Andrea Bargnani,Chris Bosh,Jamario Moon,Joey Graham,Jose Calderon,Bobby Simmons,Josh Boone,Keyon Dooling,Trenton Hassell,Vince Carter,3,2:58,TOR,rebound,,,,,,,,,,Jose Calderon,,,,,,def,,
Andrea Bargnani,Chris Bosh,Jamario Moon,Joey Graham,Jose Calderon,Bobby Simmons,Josh Boone,Keyon Dooling,Trenton Hassell,Vince Carter,3,2:53,NJN,foul,,,,,,,,Chris Bosh,,Vince Carter,,,,,,shooting,,
Andrea Bargnani,Chris Bosh,Jamario Moon,Joey Graham,Jose Calderon,Bobby Simmons,Josh Boone,Keyon Dooling,Trenton Hassell,Vince Carter,3,2:53,TOR,timeout,,,,,,,,,,,,,,,,regular,,
Andrea Bargnani,Chris Bosh,Jamario Moon,Joey Graham,Jose Calderon,Bobby Simmons,Josh Boone,Keyon Dooling,Trenton Hassell,Vince Carter,3,2:53,TOR,free throw,,,,,,,1,,2,Chris Bosh,,,foul,made,,,,
Andrea Bargnani,Chris Bosh,Jamario Moon,Joey Graham,Jose Calderon,Bobby Simmons,Josh Boone,Keyon Dooling,Trenton Hassell,Vince Carter,3,2:53,TOR,free throw,,,,,,,2,,2,Chris Bosh,,,foul,made,,,,
Andrea Bargnani,Chris Bosh,Jamario Moon,Joey Graham,Jose Calderon,Bobby Simmons,Josh Boone,Keyon Dooling,Trenton Hassell,Vince Carter,3,2:31,NJN,shot,,,,,,,,,,Keyon Dooling,,,,missed,,3pt,47,6
Andrea Bargnani,Chris Bosh,Jamario Moon,Joey Graham,Jose Calderon,Bobby Simmons,Josh Boone,Keyon Dooling,Trenton Hassell,Vince Carter,3,2:28,NJN,rebound,,,,,,,,,,Vince Carter,,,,,,off,,
Andrea Bargnani,Chris Bosh,Jamario Moon,Joey Graham,Jose Calderon,Bobby Simmons,Josh Boone,Keyon Dooling,Trenton Hassell,Vince Carter,3,2:22,NJN,shot,,,,,,,,,,Vince Carter,,,,missed,,floating jump,26,18
Andrea Bargnani,Chris Bosh,Jamario Moon,Joey Graham,Jose Calderon,Bobby Simmons,Josh Boone,Keyon Dooling,Trenton Hassell,Vince Carter,3,2:20,TOR,rebound,,,,,,,,,,Jamario Moon,,,,,,def,,
Andrea Bargnani,Chris Bosh,Jamario Moon,Joey Graham,Jose Calderon,Bobby Simmons,Josh Boone,Keyon Dooling,Trenton Hassell,Vince Carter,3,2:12,TOR,shot,,,,,,,,,,Andrea Bargnani,,,,missed,,3pt,8,25
Andrea Bargnani,Chris Bosh,Jamario Moon,Joey Graham,Jose Calderon,Bobby Simmons,Josh Boone,Keyon Dooling,Trenton Hassell,Vince Carter,3,2:11,TOR,rebound,,,,,,,,,,Chris Bosh,,,,,,off,,
Andrea Bargnani,Chris Bosh,Jamario Moon,Joey Graham,Jose Calderon,Bobby Simmons,Josh Boone,Keyon Dooling,Trenton Hassell,Vince Carter,3,1:49,TOR,shot,,,,,,,,,,Jose Calderon,,,,missed,,jump,38,21
Andrea Bargnani,Chris Bosh,Jamario Moon,Joey Graham,Jose Calderon,Bobby Simmons,Josh Boone,Keyon Dooling,Trenton Hassell,Vince Carter,3,1:48,NJN,rebound,,,,,,,,,,Bobby Simmons,,,,,,def,,
Andrea Bargnani,Chris Bosh,Jamario Moon,Joey Graham,Jose Calderon,Bobby Simmons,Josh Boone,Keyon Dooling,Trenton Hassell,Vince Carter,3,1:41,NJN,shot,,,,,,,,,,Vince Carter,,,,missed,,jump,40,18
Andrea Bargnani,Chris Bosh,Jamario Moon,Joey Graham,Jose Calderon,Bobby Simmons,Josh Boone,Keyon Dooling,Trenton Hassell,Vince Carter,3,1:40,NJN,rebound,,,,,,,,,,Bobby Simmons,,,,,,off,,
Andrea Bargnani,Chris Bosh,Jamario Moon,Joey Graham,Jose Calderon,Bobby Simmons,Josh Boone,Keyon Dooling,Trenton Hassell,Vince Carter,3,1:38,NJN,shot,,,,,,,,,,Bobby Simmons,,,,missed,,tip,25,6
Andrea Bargnani,Chris Bosh,Jamario Moon,Joey Graham,Jose Calderon,Bobby Simmons,Josh Boone,Keyon Dooling,Trenton Hassell,Vince Carter,3,1:37,TOR,rebound,,,,,,,,,,Jamario Moon,,,,,,def,,
Andrea Bargnani,Chris Bosh,Jamario Moon,Joey Graham,Jose Calderon,Bobby Simmons,Josh Boone,Keyon Dooling,Trenton Hassell,Vince Carter,3,1:28,NJN,foul,,,,,,,,Andrea Bargnani,,Vince Carter,,,,,,personal,,
Andrea Bargnani,Chris Bosh,Jamario Moon,Joey Graham,Roko Ukic,Bobby Simmons,Josh Boone,Keyon Dooling,Trenton Hassell,Vince Carter,3,1:28,TOR,sub,,,,Roko Ukic,,Jose Calderon,,,,,,,,,,,,
Andrea Bargnani,Chris Bosh,Jason Kapono,Joey Graham,Roko Ukic,Bobby Simmons,Josh Boone,Keyon Dooling,Trenton Hassell,Vince Carter,3,1:28,TOR,sub,,,,Jason Kapono,,Jamario Moon,,,,,,,,,,,,
Andrea Bargnani,Chris Bosh,Jason Kapono,Joey Graham,Roko Ukic,Bobby Simmons,Josh Boone,Keyon Dooling,Trenton Hassell,Vince Carter,3,1:28,TOR,free throw,,,,,,,1,,2,Andrea Bargnani,,,foul,made,,,,
Andrea Bargnani,Jason Kapono,Jermaine O'Neal,Joey Graham,Roko Ukic,Bobby Simmons,Josh Boone,Keyon Dooling,Trenton Hassell,Vince Carter,3,1:28,TOR,sub,,,,Jermaine O'Neal,,Chris Bosh,,,,,,,,,,,,
Andrea Bargnani,Jason Kapono,Jermaine O'Neal,Joey Graham,Roko Ukic,Bobby Simmons,Chris Douglas-Roberts,Josh Boone,Keyon Dooling,Trenton Hassell,3,1:28,NJN,sub,,,,Chris Douglas-Roberts,,Vince Carter,,,,,,,,,,,,
Andrea Bargnani,Jason Kapono,Jermaine O'Neal,Joey Graham,Roko Ukic,Bobby Simmons,Chris Douglas-Roberts,Josh Boone,Keyon Dooling,Trenton Hassell,3,1:28,TOR,free throw,,,,,,,2,,2,Andrea Bargnani,,,foul,made,,,,
Andrea Bargnani,Jason Kapono,Jermaine O'Neal,Joey Graham,Roko Ukic,Bobby Simmons,Chris Douglas-Roberts,Josh Boone,Keyon Dooling,Trenton Hassell,3,1:10,TOR,foul,,,,,,,,Keyon Dooling,,Andrea Bargnani,,,,,,shooting,,
Andrea Bargnani,Jason Kapono,Jermaine O'Neal,Joey Graham,Roko Ukic,Bobby Simmons,Chris Douglas-Roberts,Josh Boone,Keyon Dooling,Trenton Hassell,3,1:10,NJN,free throw,,,,,,,1,,2,Keyon Dooling,,,foul,made,,,,
Andrea Bargnani,Jason Kapono,Jermaine O'Neal,Joey Graham,Roko Ukic,Bobby Simmons,Chris Douglas-Roberts,Josh Boone,Keyon Dooling,Trenton Hassell,3,1:10,NJN,free throw,,,,,,,2,,2,Keyon Dooling,,,foul,made,,,,
Andrea Bargnani,Jason Kapono,Jermaine O'Neal,Joey Graham,Roko Ukic,Bobby Simmons,Chris Douglas-Roberts,Josh Boone,Keyon Dooling,Trenton Hassell,3,0:51,TOR,shot,,,,,,,,,,Andrea Bargnani,,,,missed,,jump,31,15
Andrea Bargnani,Jason Kapono,Jermaine O'Neal,Joey Graham,Roko Ukic,Bobby Simmons,Chris Douglas-Roberts,Josh Boone,Keyon Dooling,Trenton Hassell,3,0:50,TOR,rebound,,,,,,,,,,,,,,,,,,
Andrea Bargnani,Jason Kapono,Jermaine O'Neal,Joey Graham,Roko Ukic,Bobby Simmons,Chris Douglas-Roberts,Josh Boone,Keyon Dooling,Trenton Hassell,3,0:38,TOR,shot,Joey Graham,,,,,,,,,Jason Kapono,3,,,made,,3pt,40,26
Andrea Bargnani,Jason Kapono,Jermaine O'Neal,Joey Graham,Roko Ukic,Bobby Simmons,Chris Douglas-Roberts,Josh Boone,Keyon Dooling,Trenton Hassell,3,0:17,NJN,shot,,,,,,,,,,Bobby Simmons,,,,missed,,3pt,9,26
Andrea Bargnani,Jason Kapono,Jermaine O'Neal,Joey Graham,Roko Ukic,Bobby Simmons,Chris Douglas-Roberts,Josh Boone,Keyon Dooling,Trenton Hassell,3,0:16,NJN,rebound,,,,,,,,,,Josh Boone,,,,,,off,,
Andrea Bargnani,Jason Kapono,Jermaine O'Neal,Joey Graham,Roko Ukic,Bobby Simmons,Chris Douglas-Roberts,Josh Boone,Keyon Dooling,Trenton Hassell,3,0:14,TOR,foul,,,,,,,,Keyon Dooling,,Jason Kapono,,,,,,personal,,
Andrea Bargnani,Jason Kapono,Jermaine O'Neal,Joey Graham,Roko Ukic,Bobby Simmons,Chris Douglas-Roberts,Josh Boone,Keyon Dooling,Trenton Hassell,3,0:14,NJN,free throw,,,,,,,1,,2,Keyon Dooling,,,foul,made,,,,
Andrea Bargnani,Jason Kapono,Jermaine O'Neal,Joey Graham,Roko Ukic,Bobby Simmons,Chris Douglas-Roberts,Josh Boone,Keyon Dooling,Trenton Hassell,3,0:14,NJN,free throw,,,,,,,2,,2,Keyon Dooling,,,foul,missed,,,,
Andrea Bargnani,Jason Kapono,Jermaine O'Neal,Joey Graham,Roko Ukic,Bobby Simmons,Chris Douglas-Roberts,Josh Boone,Keyon Dooling,Trenton Hassell,3,0:12,TOR,rebound,,,,,,,,,,Jason Kapono,,,,,,def,,
Andrea Bargnani,Jason Kapono,Jermaine O'Neal,Joey Graham,Roko Ukic,Bobby Simmons,Chris Douglas-Roberts,Josh Boone,Keyon Dooling,Trenton Hassell,3,0:01,TOR,shot,,,,,,,,,,Jermaine O'Neal,,,,missed,,jump,8,7
Andrea Bargnani,Jason Kapono,Jermaine O'Neal,Joey Graham,Roko Ukic,Bobby Simmons,Chris Douglas-Roberts,Josh Boone,Keyon Dooling,Trenton Hassell,3,0:00,TOR,rebound,,,,,,,,,,,,,,,,,,
Andrea Bargnani,Jason Kapono,Jermaine O'Neal,Joey Graham,Roko Ukic,Chris Douglas-Roberts,Devin Harris,Josh Boone,Keyon Dooling,Trenton Hassell,4,11:39,NJN,shot,,,,,,,,,,Chris Douglas-Roberts,,,,missed,,jump,9,16
Andrea Bargnani,Jason Kapono,Jermaine O'Neal,Joey Graham,Roko Ukic,Chris Douglas-Roberts,Devin Harris,Josh Boone,Keyon Dooling,Trenton Hassell,4,11:38,NJN,rebound,,,,,,,,,,Trenton Hassell,,,,,,off,,
Andrea Bargnani,Jason Kapono,Jermaine O'Neal,Joey Graham,Roko Ukic,Chris Douglas-Roberts,Devin Harris,Josh Boone,Keyon Dooling,Trenton Hassell,4,11:37,NJN,shot,,,,,,,,,,Trenton Hassell,2,,,made,,tip,25,6
Andrea Bargnani,Jason Kapono,Jermaine O'Neal,Joey Graham,Roko Ukic,Chris Douglas-Roberts,Devin Harris,Josh Boone,Keyon Dooling,Trenton Hassell,4,11:23,NJN,foul,,,,,,,,Jermaine O'Neal,,Trenton Hassell,,,,,,personal,,
Andrea Bargnani,Jason Kapono,Jermaine O'Neal,Joey Graham,Roko Ukic,Chris Douglas-Roberts,Devin Harris,Josh Boone,Keyon Dooling,Trenton Hassell,4,11:12,TOR,shot,,,,,,,,,,Jermaine O'Neal,,,,missed,,fade away jumper,40,8
Andrea Bargnani,Jason Kapono,Jermaine O'Neal,Joey Graham,Roko Ukic,Chris Douglas-Roberts,Devin Harris,Josh Boone,Keyon Dooling,Trenton Hassell,4,11:11,NJN,rebound,,,,,,,,,,,,,,,,,,
Andrea Bargnani,Jason Kapono,Jermaine O'Neal,Joey Graham,Roko Ukic,Chris Douglas-Roberts,Devin Harris,Josh Boone,Keyon Dooling,Trenton Hassell,4,10:51,NJN,shot,,,,,,,,,,Keyon Dooling,,,,missed,,3pt,14,28
Andrea Bargnani,Jason Kapono,Jermaine O'Neal,Joey Graham,Roko Ukic,Chris Douglas-Roberts,Devin Harris,Josh Boone,Keyon Dooling,Trenton Hassell,4,10:50,TOR,rebound,,,,,,,,,,Andrea Bargnani,,,,,,def,,
Andrea Bargnani,Jason Kapono,Jermaine O'Neal,Joey Graham,Roko Ukic,Chris Douglas-Roberts,Devin Harris,Josh Boone,Keyon Dooling,Trenton Hassell,4,10:42,TOR,shot,Roko Ukic,,,,,,,,,Jason Kapono,3,,,made,,3pt,3,18
Andrea Bargnani,Jason Kapono,Jermaine O'Neal,Joey Graham,Roko Ukic,Chris Douglas-Roberts,Devin Harris,Josh Boone,Keyon Dooling,Trenton Hassell,4,10:11,NJN,shot,,,,,,,,,,Devin Harris,,,,missed,,jump,40,6
Andrea Bargnani,Jason Kapono,Jermaine O'Neal,Joey Graham,Roko Ukic,Chris Douglas-Roberts,Devin Harris,Josh Boone,Keyon Dooling,Trenton Hassell,4,10:09,TOR,rebound,,,,,,,,,,Jason Kapono,,,,,,def,,
Andrea Bargnani,Jason Kapono,Jermaine O'Neal,Joey Graham,Roko Ukic,Chris Douglas-Roberts,Devin Harris,Josh Boone,Keyon Dooling,Trenton Hassell,4,10:07,NJN,foul,,,,,,,,Roko Ukic,,Trenton Hassell,,,,,,shooting,,
Andrea Bargnani,Jason Kapono,Jermaine O'Neal,Joey Graham,Roko Ukic,Chris Douglas-Roberts,Devin Harris,Josh Boone,Keyon Dooling,Trenton Hassell,4,10:07,TOR,free throw,,,,,,,1,,2,Roko Ukic,,,foul,made,,,,
Andrea Bargnani,Jason Kapono,Jermaine O'Neal,Joey Graham,Roko Ukic,Chris Douglas-Roberts,Devin Harris,Josh Boone,Keyon Dooling,Trenton Hassell,4,10:07,TOR,free throw,,,,,,,2,,2,Roko Ukic,,,foul,made,,,,
Andrea Bargnani,Jason Kapono,Jermaine O'Neal,Joey Graham,Roko Ukic,Chris Douglas-Roberts,Devin Harris,Josh Boone,Keyon Dooling,Trenton Hassell,4,9:53,NJN,shot,,,,,,,,,,Keyon Dooling,,,,missed,,driving dunk,25,6
Andrea Bargnani,Jason Kapono,Jermaine O'Neal,Joey Graham,Roko Ukic,Chris Douglas-Roberts,Devin Harris,Josh Boone,Keyon Dooling,Trenton Hassell,4,9:51,NJN,rebound,,,,,,,,,,Trenton Hassell,,,,,,off,,
Andrea Bargnani,Jason Kapono,Jermaine O'Neal,Joey Graham,Roko Ukic,Chris Douglas-Roberts,Devin Harris,Josh Boone,Keyon Dooling,Trenton Hassell,4,9:37,TOR,foul,,,,,,,,Keyon Dooling,,Joey Graham,,,,,,shooting,,
Andrea Bargnani,Jason Kapono,Jermaine O'Neal,Joey Graham,Roko Ukic,Chris Douglas-Roberts,Devin Harris,Josh Boone,Keyon Dooling,Trenton Hassell,4,9:37,NJN,free throw,,,,,,,1,,2,Keyon Dooling,,,foul,made,,,,
Andrea Bargnani,Jason Kapono,Jermaine O'Neal,Joey Graham,Roko Ukic,Chris Douglas-Roberts,Devin Harris,Josh Boone,Keyon Dooling,Trenton Hassell,4,9:37,NJN,free throw,,,,,,,2,,2,Keyon Dooling,,,foul,made,,,,
Andrea Bargnani,Jason Kapono,Jermaine O'Neal,Joey Graham,Roko Ukic,Chris Douglas-Roberts,Devin Harris,Josh Boone,Keyon Dooling,Trenton Hassell,4,9:21,TOR,shot,Roko Ukic,,,,,,,,,Jason Kapono,2,,,made,,jump,40,18
Andrea Bargnani,Jason Kapono,Jermaine O'Neal,Joey Graham,Roko Ukic,Chris Douglas-Roberts,Devin Harris,Josh Boone,Keyon Dooling,Trenton Hassell,4,9:15,NJN,timeout,,,,,,,,,,,,,,,,regular,,
Andrea Bargnani,Jason Kapono,Jermaine O'Neal,Joey Graham,Roko Ukic,Brook Lopez,Chris Douglas-Roberts,Devin Harris,Keyon Dooling,Trenton Hassell,4,9:15,NJN,sub,,,,Brook Lopez,,Josh Boone,,,,,,,,,,,,
Andrea Bargnani,Jason Kapono,Jermaine O'Neal,Joey Graham,Roko Ukic,Brook Lopez,Devin Harris,Keyon Dooling,Trenton Hassell,Vince Carter,4,9:15,NJN,sub,,,,Vince Carter,,Chris Douglas-Roberts,,,,,,,,,,,,
Andrea Bargnani,Jason Kapono,Jermaine O'Neal,Joey Graham,Roko Ukic,Brook Lopez,Devin Harris,Keyon Dooling,Trenton Hassell,Vince Carter,4,9:02,NJN,shot,,,,,,,,,,Keyon Dooling,,,,missed,,3pt,3,6
Andrea Bargnani,Jason Kapono,Jermaine O'Neal,Joey Graham,Roko Ukic,Brook Lopez,Devin Harris,Keyon Dooling,Trenton Hassell,Vince Carter,4,9:00,TOR,rebound,,,,,,,,,,Roko Ukic,,,,,,def,,
Andrea Bargnani,Jason Kapono,Jermaine O'Neal,Joey Graham,Roko Ukic,Brook Lopez,Devin Harris,Keyon Dooling,Trenton Hassell,Vince Carter,4,8:47,NJN,foul,,,,,,,,Andrea Bargnani,,Devin Harris,,,,,,shooting,,
Andrea Bargnani,Jason Kapono,Jermaine O'Neal,Joey Graham,Roko Ukic,Brook Lopez,Devin Harris,Keyon Dooling,Trenton Hassell,Vince Carter,4,8:47,TOR,free throw,,,,,,,1,,2,Andrea Bargnani,,,foul,made,,,,
Andrea Bargnani,Jason Kapono,Jermaine O'Neal,Joey Graham,Roko Ukic,Brook Lopez,Devin Harris,Trenton Hassell,Vince Carter,Yi Jianlian,4,8:47,NJN,sub,,,,Yi Jianlian,,Keyon Dooling,,,,,,,,,,,,
Andrea Bargnani,Jason Kapono,Jermaine O'Neal,Joey Graham,Roko Ukic,Brook Lopez,Devin Harris,Trenton Hassell,Vince Carter,Yi Jianlian,4,8:47,TOR,free throw,,,,,,,2,,2,Andrea Bargnani,,,foul,made,,,,
Andrea Bargnani,Jason Kapono,Jermaine O'Neal,Joey Graham,Roko Ukic,Brook Lopez,Devin Harris,Trenton Hassell,Vince Carter,Yi Jianlian,4,8:32,NJN,shot,,,,,,,,,,Vince Carter,,,,missed,,3pt,40,25
Andrea Bargnani,Jason Kapono,Jermaine O'Neal,Joey Graham,Roko Ukic,Brook Lopez,Devin Harris,Trenton Hassell,Vince Carter,Yi Jianlian,4,8:31,NJN,rebound,,,,,,,,,,Trenton Hassell,,,,,,off,,
Andrea Bargnani,Jason Kapono,Jermaine O'Neal,Joey Graham,Roko Ukic,Brook Lopez,Devin Harris,Trenton Hassell,Vince Carter,Yi Jianlian,4,8:30,TOR,foul,,,,,,,,Trenton Hassell,,Jason Kapono,,,,,,personal,,
Andrea Bargnani,Jason Kapono,Jermaine O'Neal,Joey Graham,Roko Ukic,Brook Lopez,Devin Harris,Trenton Hassell,Vince Carter,Yi Jianlian,4,8:21,TOR,foul,,,,,,,,Vince Carter,,Jermaine O'Neal,,,,,,shooting,,
Andrea Bargnani,Jason Kapono,Jermaine O'Neal,Joey Graham,Roko Ukic,Brook Lopez,Devin Harris,Trenton Hassell,Vince Carter,Yi Jianlian,4,8:21,NJN,free throw,,,,,,,1,,2,Vince Carter,,,foul,made,,,,
Andrea Bargnani,Jason Kapono,Jermaine O'Neal,Joey Graham,Roko Ukic,Brook Lopez,Devin Harris,Trenton Hassell,Vince Carter,Yi Jianlian,4,8:21,NJN,free throw,,,,,,,2,,2,Vince Carter,,,foul,made,,,,
Andrea Bargnani,Jason Kapono,Jermaine O'Neal,Joey Graham,Roko Ukic,Brook Lopez,Devin Harris,Trenton Hassell,Vince Carter,Yi Jianlian,4,7:57,TOR,shot,,,,,,,,,,Roko Ukic,3,,,made,,3pt,39,26
Andrea Bargnani,Jason Kapono,Jermaine O'Neal,Joey Graham,Roko Ukic,Brook Lopez,Devin Harris,Trenton Hassell,Vince Carter,Yi Jianlian,4,7:37,NJN,foul,,,,,,,,Joey Graham,,Brook Lopez,,,,,,offensive,,
Andrea Bargnani,Jason Kapono,Jermaine O'Neal,Joey Graham,Roko Ukic,Brook Lopez,Devin Harris,Trenton Hassell,Vince Carter,Yi Jianlian,4,7:37,NJN,turnover,,,,,,,,,,Brook Lopez,,,foul,,,,,
Andrea Bargnani,Jason Kapono,Jermaine O'Neal,Joey Graham,Roko Ukic,Brook Lopez,Devin Harris,Trenton Hassell,Vince Carter,Yi Jianlian,4,7:22,TOR,shot,,,,,,,,,,Jermaine O'Neal,,,,missed,,dunk,25,6
Andrea Bargnani,Jason Kapono,Jermaine O'Neal,Joey Graham,Roko Ukic,Brook Lopez,Devin Harris,Trenton Hassell,Vince Carter,Yi Jianlian,4,7:21,NJN,rebound,,,,,,,,,,Devin Harris,,,,,,def,,
Andrea Bargnani,Jason Kapono,Jermaine O'Neal,Joey Graham,Roko Ukic,Brook Lopez,Devin Harris,Trenton Hassell,Vince Carter,Yi Jianlian,4,7:17,TOR,foul,,,,,,,,Vince Carter,,Roko Ukic,,,,,,shooting,,
Andrea Bargnani,Jason Kapono,Jermaine O'Neal,Joey Graham,Roko Ukic,Brook Lopez,Maurice Ager,Trenton Hassell,Vince Carter,Yi Jianlian,4,7:17,NJN,sub,,,,Maurice Ager,,Devin Harris,,,,,,,,,,,,
Andrea Bargnani,Jason Kapono,Jermaine O'Neal,Joey Graham,Roko Ukic,Brook Lopez,Maurice Ager,Trenton Hassell,Vince Carter,Yi Jianlian,4,7:17,NJN,free throw,,,,,,,1,,2,Vince Carter,,,foul,made,,,,
Andrea Bargnani,Jason Kapono,Jermaine O'Neal,Joey Graham,Roko Ukic,Brook Lopez,Maurice Ager,Trenton Hassell,Vince Carter,Yi Jianlian,4,7:17,NJN,free throw,,,,,,,2,,2,Vince Carter,,,foul,missed,,,,
Andrea Bargnani,Jason Kapono,Jermaine O'Neal,Joey Graham,Roko Ukic,Brook Lopez,Maurice Ager,Trenton Hassell,Vince Carter,Yi Jianlian,4,7:16,TOR,rebound,,,,,,,,,,Joey Graham,,,,,,def,,
Andrea Bargnani,Jason Kapono,Jermaine O'Neal,Joey Graham,Roko Ukic,Brook Lopez,Maurice Ager,Trenton Hassell,Vince Carter,Yi Jianlian,4,6:58,TOR,shot,Joey Graham,,,,,,,,,Roko Ukic,2,,,made,,driving layup,25,6
Andrea Bargnani,Jason Kapono,Jermaine O'Neal,Joey Graham,Roko Ukic,Brook Lopez,Maurice Ager,Trenton Hassell,Vince Carter,Yi Jianlian,4,6:41,NJN,shot,,,,,,,,,,Vince Carter,,,,missed,,jump,36,19
Andrea Bargnani,Jason Kapono,Jermaine O'Neal,Joey Graham,Roko Ukic,Brook Lopez,Maurice Ager,Trenton Hassell,Vince Carter,Yi Jianlian,4,6:39,TOR,rebound,,,,,,,,,,Roko Ukic,,,,,,def,,
Andrea Bargnani,Jason Kapono,Jermaine O'Neal,Joey Graham,Roko Ukic,Brook Lopez,Maurice Ager,Trenton Hassell,Vince Carter,Yi Jianlian,4,6:27,TOR,shot,Roko Ukic,,,,,,,,,Andrea Bargnani,3,,,made,,3pt,39,26
Andrea Bargnani,Jason Kapono,Jermaine O'Neal,Joey Graham,Roko Ukic,Brook Lopez,Maurice Ager,Trenton Hassell,Vince Carter,Yi Jianlian,4,6:26,NJN,timeout,,,,,,,,,,,,,,,,short,,
Andrea Bargnani,Jason Kapono,Jermaine O'Neal,Joey Graham,Roko Ukic,Brook Lopez,Chris Douglas-Roberts,Maurice Ager,Trenton Hassell,Yi Jianlian,4,6:26,NJN,sub,,,,Chris Douglas-Roberts,,Vince Carter,,,,,,,,,,,,
Andrea Bargnani,Jason Kapono,Jermaine O'Neal,Joey Graham,Roko Ukic,Brook Lopez,Chris Douglas-Roberts,Maurice Ager,Trenton Hassell,Yi Jianlian,4,6:19,TOR,foul,,,,,,,,Chris Douglas-Roberts,,Roko Ukic,,,,,,personal,,
Andrea Bargnani,Jason Kapono,Jermaine O'Neal,Joey Graham,Roko Ukic,Brook Lopez,Chris Douglas-Roberts,Maurice Ager,Trenton Hassell,Yi Jianlian,4,6:19,NJN,free throw,,,,,,,1,,2,Chris Douglas-Roberts,,,foul,made,,,,
Andrea Bargnani,Jason Kapono,Jermaine O'Neal,Joey Graham,Roko Ukic,Chris Douglas-Roberts,Maurice Ager,Sean Williams,Trenton Hassell,Yi Jianlian,4,6:19,NJN,sub,,,,Sean Williams,,Brook Lopez,,,,,,,,,,,,
Andrea Bargnani,Jamario Moon,Jason Kapono,Joey Graham,Roko Ukic,Chris Douglas-Roberts,Maurice Ager,Sean Williams,Trenton Hassell,Yi Jianlian,4,6:19,TOR,sub,,,,Jamario Moon,,Jermaine O'Neal,,,,,,,,,,,,
Andrea Bargnani,Jamario Moon,Jason Kapono,Joey Graham,Roko Ukic,Chris Douglas-Roberts,Maurice Ager,Sean Williams,Trenton Hassell,Yi Jianlian,4,6:19,NJN,free throw,,,,,,,2,,2,Chris Douglas-Roberts,,,foul,made,,,,
Andrea Bargnani,Jamario Moon,Jason Kapono,Joey Graham,Roko Ukic,Chris Douglas-Roberts,Maurice Ager,Sean Williams,Trenton Hassell,Yi Jianlian,4,5:58,TOR,shot,,,,,,,,,,Joey Graham,,,,missed,,jump,47,14
Andrea Bargnani,Jamario Moon,Jason Kapono,Joey Graham,Roko Ukic,Chris Douglas-Roberts,Maurice Ager,Sean Williams,Trenton Hassell,Yi Jianlian,4,5:56,TOR,rebound,,,,,,,,,,,,,,,,,,
Andrea Bargnani,Jamario Moon,Jason Kapono,Joey Graham,Roko Ukic,Chris Douglas-Roberts,Maurice Ager,Sean Williams,Trenton Hassell,Yi Jianlian,4,5:56,NJN,foul,,,,,,,,Andrea Bargnani,,Yi Jianlian,,,,,,loose ball,,
Andrea Bargnani,Jamario Moon,Jason Kapono,Joey Graham,Roko Ukic,Chris Douglas-Roberts,Maurice Ager,Sean Williams,Trenton Hassell,Yi Jianlian,4,5:56,OFF,timeout,,,,,,,,,,,,,,,,official,,
Andrea Bargnani,Hassan Adams,Jason Kapono,Joey Graham,Roko Ukic,Chris Douglas-Roberts,Maurice Ager,Sean Williams,Trenton Hassell,Yi Jianlian,4,5:56,TOR,sub,,,,Hassan Adams,,Jamario Moon,,,,,,,,,,,,
Andrea Bargnani,Hassan Adams,Jason Kapono,Joey Graham,Roko Ukic,Chris Douglas-Roberts,Maurice Ager,Sean Williams,Trenton Hassell,Yi Jianlian,4,5:45,NJN,foul,,,,,,,,Roko Ukic,,Chris Douglas-Roberts,,,,,,personal,,
Andrea Bargnani,Hassan Adams,Joey Graham,Roko Ukic,Will Solomon,Chris Douglas-Roberts,Maurice Ager,Sean Williams,Trenton Hassell,Yi Jianlian,4,5:45,TOR,sub,,,,Will Solomon,,Jason Kapono,,,,,,,,,,,,
Andrea Bargnani,Hassan Adams,Joey Graham,Roko Ukic,Will Solomon,Chris Douglas-Roberts,Maurice Ager,Sean Williams,Trenton Hassell,Yi Jianlian,4,5:45,TOR,free throw,,,,,,,1,,2,Roko Ukic,,,foul,made,,,,
Andrea Bargnani,Hassan Adams,Joey Graham,Roko Ukic,Will Solomon,Chris Douglas-Roberts,Maurice Ager,Sean Williams,Trenton Hassell,Yi Jianlian,4,5:45,TOR,free throw,,,,,,,2,,2,Roko Ukic,,,foul,made,,,,
Andrea Bargnani,Hassan Adams,Joey Graham,Roko Ukic,Will Solomon,Chris Douglas-Roberts,Maurice Ager,Sean Williams,Trenton Hassell,Yi Jianlian,4,5:26,NJN,turnover,,,,,,,,,,Sean Williams,,,bad pass,,,,,
Andrea Bargnani,Hassan Adams,Joey Graham,Roko Ukic,Will Solomon,Chris Douglas-Roberts,Maurice Ager,Sean Williams,Trenton Hassell,Yi Jianlian,4,4:57,TOR,shot,Roko Ukic,,,,,,,,,Will Solomon,2,,,made,,floating jump,23,10
Andrea Bargnani,Hassan Adams,Joey Graham,Roko Ukic,Will Solomon,Chris Douglas-Roberts,Maurice Ager,Sean Williams,Trenton Hassell,Yi Jianlian,4,4:37,NJN,shot,Maurice Ager,,,,,,,,,Yi Jianlian,2,,,made,,driving reverse layup,25,6
Andrea Bargnani,Hassan Adams,Joey Graham,Roko Ukic,Will Solomon,Chris Douglas-Roberts,Maurice Ager,Sean Williams,Trenton Hassell,Yi Jianlian,4,4:18,TOR,shot,Andrea Bargnani,,,,,,,,,Joey Graham,2,,,made,,dunk,25,6
Andrea Bargnani,Hassan Adams,Joey Graham,Roko Ukic,Will Solomon,Chris Douglas-Roberts,Maurice Ager,Sean Williams,Trenton Hassell,Yi Jianlian,4,3:56,NJN,shot,,,,,,,,,,Sean Williams,,,,missed,,running jump,32,15
Andrea Bargnani,Hassan Adams,Joey Graham,Roko Ukic,Will Solomon,Chris Douglas-Roberts,Maurice Ager,Sean Williams,Trenton Hassell,Yi Jianlian,4,3:54,NJN,rebound,,,,,,,,,,,,,,,,,,
Andrea Bargnani,Hassan Adams,Joey Graham,Roko Ukic,Will Solomon,Chris Douglas-Roberts,Maurice Ager,Sean Williams,Trenton Hassell,Yi Jianlian,4,3:54,TOR,foul,,,,,,,,Yi Jianlian,,Joey Graham,,,,,,loose ball,,
Andrea Bargnani,Hassan Adams,Joey Graham,Roko Ukic,Will Solomon,Chris Douglas-Roberts,Maurice Ager,Sean Williams,Trenton Hassell,Yi Jianlian,4,3:54,NJN,free throw,,,,,,,1,,2,Yi Jianlian,,,foul,made,,,,
Andrea Bargnani,Hassan Adams,Joey Graham,Roko Ukic,Will Solomon,Chris Douglas-Roberts,Maurice Ager,Sean Williams,Trenton Hassell,Yi Jianlian,4,3:54,NJN,free throw,,,,,,,2,,2,Yi Jianlian,,,foul,made,,,,
Andrea Bargnani,Hassan Adams,Joey Graham,Roko Ukic,Will Solomon,Chris Douglas-Roberts,Maurice Ager,Sean Williams,Trenton Hassell,Yi Jianlian,4,3:40,NJN,foul,,,,,,,,Joey Graham,,Sean Williams,,,,,,shooting,,
Andrea Bargnani,Hassan Adams,Joey Graham,Roko Ukic,Will Solomon,Chris Douglas-Roberts,Maurice Ager,Sean Williams,Trenton Hassell,Yi Jianlian,4,3:40,TOR,free throw,,,,,,,1,,2,Joey Graham,,,foul,made,,,,
Andrea Bargnani,Hassan Adams,Joey Graham,Roko Ukic,Will Solomon,Chris Douglas-Roberts,Maurice Ager,Sean Williams,Trenton Hassell,Yi Jianlian,4,3:40,TOR,free throw,,,,,,,2,,2,Joey Graham,,,foul,made,,,,
Andrea Bargnani,Hassan Adams,Joey Graham,Roko Ukic,Will Solomon,Chris Douglas-Roberts,Maurice Ager,Sean Williams,Trenton Hassell,Yi Jianlian,4,3:22,NJN,shot,,,,,,,,,,Chris Douglas-Roberts,,,,missed,,driving finger roll layup,25,6
Andrea Bargnani,Hassan Adams,Joey Graham,Roko Ukic,Will Solomon,Chris Douglas-Roberts,Maurice Ager,Sean Williams,Trenton Hassell,Yi Jianlian,4,3:20,TOR,rebound,,,,,,,,,,Joey Graham,,,,,,def,,
Andrea Bargnani,Hassan Adams,Joey Graham,Roko Ukic,Will Solomon,Chris Douglas-Roberts,Maurice Ager,Sean Williams,Trenton Hassell,Yi Jianlian,4,3:16,NJN,foul,,,,,,,,Roko Ukic,,Trenton Hassell,,,,,,shooting,,
Andrea Bargnani,Hassan Adams,Joey Graham,Roko Ukic,Will Solomon,Chris Douglas-Roberts,Maurice Ager,Sean Williams,Trenton Hassell,Yi Jianlian,4,3:16,TOR,free throw,,,,,,,1,,2,Roko Ukic,,,foul,made,,,,
Andrea Bargnani,Hassan Adams,Joey Graham,Roko Ukic,Will Solomon,Chris Douglas-Roberts,Maurice Ager,Sean Williams,Trenton Hassell,Yi Jianlian,4,3:16,TOR,free throw,,,,,,,2,,2,Roko Ukic,,,foul,missed,,,,
Andrea Bargnani,Hassan Adams,Joey Graham,Roko Ukic,Will Solomon,Chris Douglas-Roberts,Maurice Ager,Sean Williams,Trenton Hassell,Yi Jianlian,4,3:15,NJN,rebound,,,,,,,,,,Yi Jianlian,,,,,,def,,
Andrea Bargnani,Hassan Adams,Joey Graham,Roko Ukic,Will Solomon,Chris Douglas-Roberts,Maurice Ager,Sean Williams,Trenton Hassell,Yi Jianlian,4,3:02,NJN,shot,Trenton Hassell,,,,,,,,,Yi Jianlian,2,,,made,,jump,12,7
Andrea Bargnani,Hassan Adams,Joey Graham,Roko Ukic,Will Solomon,Chris Douglas-Roberts,Maurice Ager,Sean Williams,Trenton Hassell,Yi Jianlian,4,2:45,TOR,shot,Will Solomon,,,,,,,,,Joey Graham,2,,,made,,jump,9,15
Andrea Bargnani,Hassan Adams,Joey Graham,Roko Ukic,Will Solomon,Chris Douglas-Roberts,Maurice Ager,Sean Williams,Trenton Hassell,Yi Jianlian,4,2:36,TOR,foul,,,,,,,,Yi Jianlian,,Andrea Bargnani,,,,,,personal,,
Andrea Bargnani,Hassan Adams,Joey Graham,Roko Ukic,Will Solomon,Chris Douglas-Roberts,Maurice Ager,Sean Williams,Trenton Hassell,Yi Jianlian,4,2:36,TOR,timeout,,,,,,,,,,,,,,,,regular,,
Andrea Bargnani,Hassan Adams,Joey Graham,Roko Ukic,Will Solomon,Chris Douglas-Roberts,Maurice Ager,Sean Williams,Trenton Hassell,Yi Jianlian,4,2:36,NJN,free throw,,,,,,,1,,2,Yi Jianlian,,,foul,made,,,,
Andrea Bargnani,Hassan Adams,Joey Graham,Roko Ukic,Will Solomon,Chris Douglas-Roberts,Maurice Ager,Sean Williams,Trenton Hassell,Yi Jianlian,4,2:36,NJN,free throw,,,,,,,2,,2,Yi Jianlian,,,foul,made,,,,
Andrea Bargnani,Hassan Adams,Joey Graham,Roko Ukic,Will Solomon,Chris Douglas-Roberts,Maurice Ager,Sean Williams,Trenton Hassell,Yi Jianlian,4,2:20,TOR,foul,,,,,,,,Maurice Ager,,Will Solomon,,,,,,offensive,,
Andrea Bargnani,Hassan Adams,Joey Graham,Roko Ukic,Will Solomon,Chris Douglas-Roberts,Maurice Ager,Sean Williams,Trenton Hassell,Yi Jianlian,4,2:20,TOR,turnover,,,,,,,,,,Will Solomon,,,foul,,,,,
Andrea Bargnani,Hassan Adams,Joey Graham,Roko Ukic,Will Solomon,Chris Douglas-Roberts,Maurice Ager,Sean Williams,Trenton Hassell,Yi Jianlian,4,2:03,NJN,shot,,,Hassan Adams,,,,,,,Chris Douglas-Roberts,,,,missed,,driving layup,25,6
Andrea Bargnani,Hassan Adams,Joey Graham,Roko Ukic,Will Solomon,Chris Douglas-Roberts,Maurice Ager,Sean Williams,Trenton Hassell,Yi Jianlian,4,2:00,TOR,rebound,,,,,,,,,,Roko Ukic,,,,,,def,,
Andrea Bargnani,Hassan Adams,Joey Graham,Roko Ukic,Will Solomon,Chris Douglas-Roberts,Maurice Ager,Sean Williams,Trenton Hassell,Yi Jianlian,4,1:48,TOR,shot,,,,,,,,,,Andrea Bargnani,,,,missed,,3pt,31,30
Andrea Bargnani,Hassan Adams,Joey Graham,Roko Ukic,Will Solomon,Chris Douglas-Roberts,Maurice Ager,Sean Williams,Trenton Hassell,Yi Jianlian,4,1:47,NJN,rebound,,,,,,,,,,Chris Douglas-Roberts,,,,,,def,,
Andrea Bargnani,Hassan Adams,Joey Graham,Roko Ukic,Will Solomon,Chris Douglas-Roberts,Maurice Ager,Sean Williams,Trenton Hassell,Yi Jianlian,4,1:43,NJN,shot,,,Andrea Bargnani,,,,,,,Maurice Ager,,,,missed,,driving layup,25,6
Andrea Bargnani,Hassan Adams,Joey Graham,Roko Ukic,Will Solomon,Chris Douglas-Roberts,Maurice Ager,Sean Williams,Trenton Hassell,Yi Jianlian,4,1:42,NJN,rebound,,,,,,,,,,Maurice Ager,,,,,,off,,
Andrea Bargnani,Hassan Adams,Joey Graham,Roko Ukic,Will Solomon,Chris Douglas-Roberts,Maurice Ager,Sean Williams,Trenton Hassell,Yi Jianlian,4,1:41,NJN,shot,,,,,,,,,,Maurice Ager,2,,,made,,putback layup,25,6
Andrea Bargnani,Hassan Adams,Joey Graham,Roko Ukic,Will Solomon,Chris Douglas-Roberts,Maurice Ager,Sean Williams,Trenton Hassell,Yi Jianlian,4,1:28,TOR,shot,,,,,,,,,,Will Solomon,,,,missed,,3pt,38,28
Andrea Bargnani,Hassan Adams,Joey Graham,Roko Ukic,Will Solomon,Chris Douglas-Roberts,Maurice Ager,Sean Williams,Trenton Hassell,Yi Jianlian,4,1:27,TOR,rebound,,,,,,,,,,Andrea Bargnani,,,,,,off,,
Andrea Bargnani,Hassan Adams,Joey Graham,Roko Ukic,Will Solomon,Chris Douglas-Roberts,Maurice Ager,Sean Williams,Trenton Hassell,Yi Jianlian,4,1:26,TOR,shot,,,,,,,,,,Andrea Bargnani,,,,missed,,jump,24,17
Andrea Bargnani,Hassan Adams,Joey Graham,Roko Ukic,Will Solomon,Chris Douglas-Roberts,Maurice Ager,Sean Williams,Trenton Hassell,Yi Jianlian,4,1:25,NJN,rebound,,,,,,,,,,Sean Williams,,,,,,def,,
Andrea Bargnani,Hassan Adams,Joey Graham,Roko Ukic,Will Solomon,Chris Douglas-Roberts,Maurice Ager,Sean Williams,Trenton Hassell,Yi Jianlian,4,1:10,NJN,shot,Trenton Hassell,,,,,,,,,Maurice Ager,2,,,made,,jump,25,28
Andrea Bargnani,Hassan Adams,Joey Graham,Roko Ukic,Will Solomon,Chris Douglas-Roberts,Maurice Ager,Sean Williams,Trenton Hassell,Yi Jianlian,4,0:59,TOR,turnover,,,,,,,,,,Will Solomon,,,discontinue dribble,,,,,
Andrea Bargnani,Hassan Adams,Joey Graham,Roko Ukic,Will Solomon,Chris Douglas-Roberts,Maurice Ager,Sean Williams,Trenton Hassell,Yi Jianlian,4,0:44,NJN,shot,,,,,,,,,,Maurice Ager,,,,missed,,dunk,25,6
Andrea Bargnani,Hassan Adams,Joey Graham,Roko Ukic,Will Solomon,Chris Douglas-Roberts,Maurice Ager,Sean Williams,Trenton Hassell,Yi Jianlian,4,0:43,NJN,rebound,,,,,,,,,,Trenton Hassell,,,,,,off,,
Andrea Bargnani,Hassan Adams,Joey Graham,Roko Ukic,Will Solomon,Chris Douglas-Roberts,Maurice Ager,Sean Williams,Trenton Hassell,Yi Jianlian,4,0:42,NJN,shot,,,,,,,,,,Trenton Hassell,2,,,made,,layup,25,6
Andrea Bargnani,Hassan Adams,Joey Graham,Roko Ukic,Will Solomon,Chris Douglas-Roberts,Maurice Ager,Sean Williams,Trenton Hassell,Yi Jianlian,4,0:42,TOR,turnover,,,,,,,,,,Joey Graham,,,inbound turnover,,,,,
Andrea Bargnani,Hassan Adams,Joey Graham,Roko Ukic,Will Solomon,Chris Douglas-Roberts,Maurice Ager,Sean Williams,Trenton Hassell,Yi Jianlian,4,0:39,TOR,foul,,,,,,,,Yi Jianlian,,Andrea Bargnani,,,,,,shooting,,
Andrea Bargnani,Hassan Adams,Joey Graham,Roko Ukic,Will Solomon,Chris Douglas-Roberts,Maurice Ager,Sean Williams,Trenton Hassell,Yi Jianlian,4,0:39,NJN,free throw,,,,,,,1,,2,Yi Jianlian,,,foul,missed,,,,
Andrea Bargnani,Hassan Adams,Joey Graham,Roko Ukic,Will Solomon,Chris Douglas-Roberts,Maurice Ager,Sean Williams,Trenton Hassell,Yi Jianlian,4,0:39,NJN,rebound,,,,,,,,,,,,,,,,,,
Andrea Bargnani,Hassan Adams,Joey Graham,Roko Ukic,Will Solomon,Chris Douglas-Roberts,Maurice Ager,Sean Williams,Trenton Hassell,Yi Jianlian,4,0:39,NJN,free throw,,,,,,,2,,2,Yi Jianlian,,,foul,made,,,,
Andrea Bargnani,Hassan Adams,Joey Graham,Roko Ukic,Will Solomon,Chris Douglas-Roberts,Maurice Ager,Sean Williams,Trenton Hassell,Yi Jianlian,4,0:21,TOR,shot,Roko Ukic,,,,,,,,,Joey Graham,2,,,made,,layup,25,6
Andrea Bargnani,Hassan Adams,Joey Graham,Roko Ukic,Will Solomon,Chris Douglas-Roberts,Maurice Ager,Sean Williams,Trenton Hassell,Yi Jianlian,4,0:10,NJN,shot,Trenton Hassell,,,,,,,,,Maurice Ager,2,,,made,,layup,25,6
