a1,a2,a3,a4,a5,h1,h2,h3,h4,h5,period,time,team,etype,assist,away,block,entered,home,left,num,opponent,outof,player,points,possession,reason,result,steal,type,x,y
Andray Blatche,Antawn Jamison,Caron Butler,DeShawn Stevenson,Mike James,Allen Iverson,Rasheed Wallace,Richard Hamilton,Rodney Stuckey,Tayshaun Prince,1,12:00,OFF,jump ball,,Andray Blatche,,,Rasheed Wallace,,,,,,,Rodney Stuckey,,,,,,
Andray Blatche,Antawn Jamison,Caron Butler,DeShawn Stevenson,Mike James,Allen Iverson,Rasheed Wallace,Richard Hamilton,Rodney Stuckey,Tayshaun Prince,1,11:46,DET,turnover,,,,,,,,,,Rodney Stuckey,,,traveling,,,,,
Andray Blatche,Antawn Jamison,Caron Butler,DeShawn Stevenson,Mike James,Allen Iverson,Rasheed Wallace,Richard Hamilton,Rodney Stuckey,Tayshaun Prince,1,11:29,WAS,shot,,,,,,,,,,Caron Butler,2,,,made,,jump,7,12
Andray Blatche,Antawn Jamison,Caron Butler,DeShawn Stevenson,Mike James,Allen Iverson,Rasheed Wallace,Richard Hamilton,Rodney Stuckey,Tayshaun Prince,1,11:12,WAS,foul,,,,,,,,Rasheed Wallace,,Caron Butler,,,,,,personal,,
Andray Blatche,Antawn Jamison,Caron Butler,DeShawn Stevenson,Mike James,Allen Iverson,Rasheed Wallace,Richard Hamilton,Rodney Stuckey,Tayshaun Prince,1,11:07,DET,shot,Rodney Stuckey,,,,,,,,,Richard Hamilton,2,,,made,,jump,15,21
Andray Blatche,Antawn Jamison,Caron Butler,DeShawn Stevenson,Mike James,Allen Iverson,Rasheed Wallace,Richard Hamilton,Rodney Stuckey,Tayshaun Prince,1,10:46,WAS,shot,,,,,,,,,,Caron Butler,,,,missed,,jump bank,8,12
Andray Blatche,Antawn Jamison,Caron Butler,DeShawn Stevenson,Mike James,Allen Iverson,Rasheed Wallace,Richard Hamilton,Rodney Stuckey,Tayshaun Prince,1,10:45,DET,rebound,,,,,,,,,,Tayshaun Prince,,,,,,def,,
Andray Blatche,Antawn Jamison,Caron Butler,DeShawn Stevenson,Mike James,Allen Iverson,Rasheed Wallace,Richard Hamilton,Rodney Stuckey,Tayshaun Prince,1,10:23,DET,shot,,,,,,,,,,Rodney Stuckey,2,,,made,,jump,40,14
Andray Blatche,Antawn Jamison,Caron Butler,DeShawn Stevenson,Mike James,Allen Iverson,Rasheed Wallace,Richard Hamilton,Rodney Stuckey,Tayshaun Prince,1,9:56,WAS,shot,,,,,,,,,,Andray Blatche,,,,missed,,jump,14,24
Andray Blatche,Antawn Jamison,Caron Butler,DeShawn Stevenson,Mike James,Allen Iverson,Rasheed Wallace,Richard Hamilton,Rodney Stuckey,Tayshaun Prince,1,9:55,DET,rebound,,,,,,,,,,Rodney Stuckey,,,,,,def,,
Andray Blatche,Antawn Jamison,Caron Butler,DeShawn Stevenson,Mike James,Allen Iverson,Rasheed Wallace,Richard Hamilton,Rodney Stuckey,Tayshaun Prince,1,9:43,DET,shot,,,,,,,,,,Tayshaun Prince,,,,missed,,jump,11,23
Andray Blatche,Antawn Jamison,Caron Butler,DeShawn Stevenson,Mike James,Allen Iverson,Rasheed Wallace,Richard Hamilton,Rodney Stuckey,Tayshaun Prince,1,9:42,WAS,rebound,,,,,,,,,,Mike James,,,,,,def,,
Andray Blatche,Antawn Jamison,Caron Butler,DeShawn Stevenson,Mike James,Allen Iverson,Rasheed Wallace,Richard Hamilton,Rodney Stuckey,Tayshaun Prince,1,9:19,WAS,shot,,,,,,,,,,Andray Blatche,,,,missed,,jump,43,15
Andray Blatche,Antawn Jamison,Caron Butler,DeShawn Stevenson,Mike James,Allen Iverson,Rasheed Wallace,Richard Hamilton,Rodney Stuckey,Tayshaun Prince,1,9:18,WAS,rebound,,,,,,,,,,,,,,,,,,
Andray Blatche,Antawn Jamison,Caron Butler,DeShawn Stevenson,Mike James,Allen Iverson,Rasheed Wallace,Richard Hamilton,Rodney Stuckey,Tayshaun Prince,1,9:18,WAS,turnover,,,,,,,,,,,,,shot clock turnover,,,,,
Andray Blatche,Antawn Jamison,Caron Butler,DeShawn Stevenson,Mike James,Allen Iverson,Rasheed Wallace,Richard Hamilton,Rodney Stuckey,Tayshaun Prince,1,8:56,DET,shot,,,,,,,,,,Tayshaun Prince,2,,,made,,turnaround jump,39,9
Andray Blatche,Antawn Jamison,Caron Butler,DeShawn Stevenson,Mike James,Allen Iverson,Rasheed Wallace,Richard Hamilton,Rodney Stuckey,Tayshaun Prince,1,8:42,WAS,turnover,,,,,,,,,,Caron Butler,,,bad pass,,Rasheed Wallace,,,
Andray Blatche,Antawn Jamison,Caron Butler,DeShawn Stevenson,Mike James,Allen Iverson,Rasheed Wallace,Richard Hamilton,Rodney Stuckey,Tayshaun Prince,1,8:23,DET,shot,Rasheed Wallace,,,,,,,,,Rodney Stuckey,2,,,made,,jump,42,7
Andray Blatche,Antawn Jamison,Caron Butler,DeShawn Stevenson,Mike James,Allen Iverson,Rasheed Wallace,Richard Hamilton,Rodney Stuckey,Tayshaun Prince,1,7:55,WAS,shot,,,,,,,,,,DeShawn Stevenson,,,,missed,,jump,4,15
Andray Blatche,Antawn Jamison,Caron Butler,DeShawn Stevenson,Mike James,Allen Iverson,Rasheed Wallace,Richard Hamilton,Rodney Stuckey,Tayshaun Prince,1,7:53,DET,rebound,,,,,,,,,,Allen Iverson,,,,,,def,,
Andray Blatche,Antawn Jamison,Caron Butler,DeShawn Stevenson,Mike James,Allen Iverson,Rasheed Wallace,Richard Hamilton,Rodney Stuckey,Tayshaun Prince,1,7:47,DET,shot,,,,,,,,,,Allen Iverson,2,,,made,,pullup jump,25,17
Andray Blatche,Antawn Jamison,Caron Butler,DeShawn Stevenson,Mike James,Allen Iverson,Rasheed Wallace,Richard Hamilton,Rodney Stuckey,Tayshaun Prince,1,7:39,WAS,timeout,,,,,,,,,,,,,,,,regular,,
Andray Blatche,Antawn Jamison,Caron Butler,DeShawn Stevenson,Mike James,Allen Iverson,Rasheed Wallace,Richard Hamilton,Rodney Stuckey,Tayshaun Prince,1,7:29,WAS,shot,,,,,,,,,,Antawn Jamison,,,,missed,,hook,19,11
Andray Blatche,Antawn Jamison,Caron Butler,DeShawn Stevenson,Mike James,Allen Iverson,Rasheed Wallace,Richard Hamilton,Rodney Stuckey,Tayshaun Prince,1,7:28,WAS,rebound,,,,,,,,,,Andray Blatche,,,,,,off,,
Andray Blatche,Antawn Jamison,Caron Butler,DeShawn Stevenson,Mike James,Allen Iverson,Rasheed Wallace,Richard Hamilton,Rodney Stuckey,Tayshaun Prince,1,7:18,DET,violation,,,,,,,,,,Richard Hamilton,,,,,,kicked ball,,
Andray Blatche,Antawn Jamison,Caron Butler,DeShawn Stevenson,Mike James,Allen Iverson,Rasheed Wallace,Richard Hamilton,Rodney Stuckey,Tayshaun Prince,1,7:07,DET,foul,,,,,,,,Andray Blatche,,Rasheed Wallace,,,,,,shooting,,
Andray Blatche,Antawn Jamison,Caron Butler,DeShawn Stevenson,Mike James,Allen Iverson,Rasheed Wallace,Richard Hamilton,Rodney Stuckey,Tayshaun Prince,1,7:07,WAS,free throw,,,,,,,1,,2,Andray Blatche,,,foul,made,,,,
Andray Blatche,Antawn Jamison,Caron Butler,DeShawn Stevenson,Mike James,Allen Iverson,Rasheed Wallace,Richard Hamilton,Rodney Stuckey,Tayshaun Prince,1,7:07,WAS,free throw,,,,,,,2,,2,Andray Blatche,,,foul,made,,,,
Andray Blatche,Antawn Jamison,Caron Butler,DeShawn Stevenson,Mike James,Allen Iverson,Rasheed Wallace,Richard Hamilton,Rodney Stuckey,Tayshaun Prince,1,6:58,DET,turnover,,,,,,,,,,Tayshaun Prince,,,double dribble,,,,,
Andray Blatche,Antawn Jamison,Caron Butler,DeShawn Stevenson,Mike James,Allen Iverson,Rasheed Wallace,Richard Hamilton,Rodney Stuckey,Tayshaun Prince,1,6:39,WAS,shot,,,,,,,,,,Mike James,,,,missed,,jump,14,22
Andray Blatche,Antawn Jamison,Caron Butler,DeShawn Stevenson,Mike James,Allen Iverson,Rasheed Wallace,Richard Hamilton,Rodney Stuckey,Tayshaun Prince,1,6:38,DET,rebound,,,,,,,,,,Tayshaun Prince,,,,,,def,,
Andray Blatche,Antawn Jamison,Caron Butler,DeShawn Stevenson,Mike James,Allen Iverson,Rasheed Wallace,Richard Hamilton,Rodney Stuckey,Tayshaun Prince,1,6:33,DET,foul,,,,,,,,Mike James,,Richard Hamilton,,,,,,offensive,,
Andray Blatche,Antawn Jamison,Caron Butler,DeShawn Stevenson,Mike James,Allen Iverson,Rasheed Wallace,Richard Hamilton,Rodney Stuckey,Tayshaun Prince,1,6:33,DET,turnover,,,,,,,,,,Richard Hamilton,,,foul,,,,,
Andray Blatche,Antawn Jamison,Caron Butler,DeShawn Stevenson,Mike James,Allen Iverson,Rasheed Wallace,Richard Hamilton,Rodney Stuckey,Tayshaun Prince,1,6:22,WAS,shot,Andray Blatche,,,,,,,,,Antawn Jamison,3,,,made,,3pt,3,21
Andray Blatche,Antawn Jamison,Caron Butler,DeShawn Stevenson,Mike James,Allen Iverson,Rasheed Wallace,Richard Hamilton,Rodney Stuckey,Tayshaun Prince,1,6:15,WAS,foul,,,,,,,,Rodney Stuckey,,Mike James,,,,,,personal,,
Andray Blatche,Antawn Jamison,Caron Butler,DeShawn Stevenson,Mike James,Allen Iverson,Rasheed Wallace,Richard Hamilton,Rodney Stuckey,Tayshaun Prince,1,6:03,DET,shot,,,,,,,,,,Rasheed Wallace,,,,missed,,3pt,45,20
Andray Blatche,Antawn Jamison,Caron Butler,DeShawn Stevenson,Mike James,Allen Iverson,Rasheed Wallace,Richard Hamilton,Rodney Stuckey,Tayshaun Prince,1,6:02,WAS,rebound,,,,,,,,,,Caron Butler,,,,,,def,,
Andray Blatche,Antawn Jamison,Caron Butler,DeShawn Stevenson,Mike James,Allen Iverson,Rasheed Wallace,Richard Hamilton,Rodney Stuckey,Tayshaun Prince,1,5:45,WAS,shot,,,,,,,,,,Andray Blatche,,,,missed,,reverse layup,25,6
Andray Blatche,Antawn Jamison,Caron Butler,DeShawn Stevenson,Mike James,Allen Iverson,Rasheed Wallace,Richard Hamilton,Rodney Stuckey,Tayshaun Prince,1,5:43,WAS,rebound,,,,,,,,,,Andray Blatche,,,,,,off,,
Andray Blatche,Antawn Jamison,Caron Butler,DeShawn Stevenson,Mike James,Allen Iverson,Rasheed Wallace,Richard Hamilton,Rodney Stuckey,Tayshaun Prince,1,5:42,WAS,shot,,,,,,,,,,Andray Blatche,2,,,made,,putback layup,25,6
Andray Blatche,Antawn Jamison,Caron Butler,DeShawn Stevenson,Mike James,Allen Iverson,Rasheed Wallace,Richard Hamilton,Rodney Stuckey,Tayshaun Prince,1,5:23,DET,turnover,,,,,,,,,,Rasheed Wallace,,,lost ball,,Mike James,,,
Andray Blatche,Antawn Jamison,Caron Butler,DeShawn Stevenson,Mike James,Allen Iverson,Rasheed Wallace,Richard Hamilton,Rodney Stuckey,Tayshaun Prince,1,5:14,WAS,shot,,,,,,,,,,Mike James,,,,missed,,jump,4,11
Andray Blatche,Antawn Jamison,Caron Butler,DeShawn Stevenson,Mike James,Allen Iverson,Rasheed Wallace,Richard Hamilton,Rodney Stuckey,Tayshaun Prince,1,5:13,DET,rebound,,,,,,,,,,Rodney Stuckey,,,,,,def,,
Andray Blatche,Antawn Jamison,Caron Butler,DeShawn Stevenson,Mike James,Allen Iverson,Rasheed Wallace,Richard Hamilton,Rodney Stuckey,Tayshaun Prince,1,4:59,DET,shot,Rodney Stuckey,,,,,,,,,Richard Hamilton,3,,,made,,3pt,18,30
Andray Blatche,Antawn Jamison,Caron Butler,DeShawn Stevenson,Mike James,Allen Iverson,Rasheed Wallace,Richard Hamilton,Rodney Stuckey,Tayshaun Prince,1,4:37,WAS,turnover,,,,,,,,,,Caron Butler,,,bad pass,,Richard Hamilton,,,
Andray Blatche,Antawn Jamison,Caron Butler,DeShawn Stevenson,Mike James,Allen Iverson,Rasheed Wallace,Richard Hamilton,Rodney Stuckey,Tayshaun Prince,1,4:23,DET,shot,Rasheed Wallace,,,,,,,,,Tayshaun Prince,2,,,made,,driving layup,25,6
Andray Blatche,Antawn Jamison,Caron Butler,DeShawn Stevenson,Mike James,Allen Iverson,Rasheed Wallace,Richard Hamilton,Rodney Stuckey,Tayshaun Prince,1,4:23,WAS,foul,,,,,,,,Tayshaun Prince,,DeShawn Stevenson,,,,,,shooting,,
Andray Blatche,Caron Butler,Darius Songaila,DeShawn Stevenson,Mike James,Allen Iverson,Rasheed Wallace,Richard Hamilton,Rodney Stuckey,Tayshaun Prince,1,4:23,WAS,sub,,,,Darius Songaila,,Antawn Jamison,,,,,,,,,,,,
Andray Blatche,Caron Butler,Darius Songaila,DeShawn Stevenson,Mike James,Allen Iverson,Rasheed Wallace,Richard Hamilton,Rodney Stuckey,Tayshaun Prince,1,4:23,DET,free throw,,,,,,,1,,1,Tayshaun Prince,,,foul,missed,,,,
Andray Blatche,Caron Butler,Darius Songaila,DeShawn Stevenson,Mike James,Allen Iverson,Rasheed Wallace,Richard Hamilton,Rodney Stuckey,Tayshaun Prince,1,4:21,WAS,rebound,,,,,,,,,,Andray Blatche,,,,,,def,,
Andray Blatche,Caron Butler,Darius Songaila,DeShawn Stevenson,Mike James,Allen Iverson,Rasheed Wallace,Richard Hamilton,Rodney Stuckey,Tayshaun Prince,1,4:03,WAS,shot,,,,,,,,,,Mike James,2,,,made,,jump,38,22
Andray Blatche,Caron Butler,Darius Songaila,DeShawn Stevenson,Mike James,Allen Iverson,Rasheed Wallace,Richard Hamilton,Rodney Stuckey,Tayshaun Prince,1,3:50,DET,shot,Rodney Stuckey,,,,,,,,,Richard Hamilton,2,,,made,,jump,24,23
Andray Blatche,Caron Butler,Darius Songaila,DeShawn Stevenson,Mike James,Allen Iverson,Rasheed Wallace,Richard Hamilton,Rodney Stuckey,Tayshaun Prince,1,3:38,DET,foul,,,,,,,,Caron Butler,,Rodney Stuckey,,,,,,shooting,,
Andray Blatche,Caron Butler,Darius Songaila,DeShawn Stevenson,Mike James,Allen Iverson,Rasheed Wallace,Richard Hamilton,Rodney Stuckey,Tayshaun Prince,1,3:38,WAS,free throw,,,,,,,1,,2,Caron Butler,,,foul,made,,,,
Andray Blatche,Caron Butler,Darius Songaila,DeShawn Stevenson,Mike James,Allen Iverson,Rasheed Wallace,Richard Hamilton,Rodney Stuckey,Tayshaun Prince,1,3:38,WAS,free throw,,,,,,,2,,2,Caron Butler,,,foul,made,,,,
Andray Blatche,Caron Butler,Darius Songaila,DeShawn Stevenson,Mike James,Allen Iverson,Rasheed Wallace,Richard Hamilton,Rodney Stuckey,Tayshaun Prince,1,3:11,DET,shot,,,,,,,,,,Tayshaun Prince,,,,missed,,jump,21,26
Andray Blatche,Caron Butler,Darius Songaila,DeShawn Stevenson,Mike James,Allen Iverson,Rasheed Wallace,Richard Hamilton,Rodney Stuckey,Tayshaun Prince,1,3:10,WAS,rebound,,,,,,,,,,DeShawn Stevenson,,,,,,def,,
Andray Blatche,Caron Butler,Darius Songaila,DeShawn Stevenson,Mike James,Allen Iverson,Rasheed Wallace,Richard Hamilton,Rodney Stuckey,Tayshaun Prince,1,2:43,WAS,shot,,,,,,,,,,Mike James,,,,missed,,jump,38,21
Andray Blatche,Caron Butler,Darius Songaila,DeShawn Stevenson,Mike James,Allen Iverson,Rasheed Wallace,Richard Hamilton,Rodney Stuckey,Tayshaun Prince,1,2:42,DET,rebound,,,,,,,,,,,,,,,,,,
Andray Blatche,Caron Butler,Darius Songaila,DeShawn Stevenson,Mike James,Allen Iverson,Rasheed Wallace,Richard Hamilton,Rodney Stuckey,Tayshaun Prince,1,2:42,DET,timeout,,,,,,,,,,,,,,,,regular,,
Andray Blatche,Caron Butler,Darius Songaila,DeShawn Stevenson,Mike James,Allen Iverson,Antonio McDyess,Rasheed Wallace,Richard Hamilton,Tayshaun Prince,1,2:42,DET,sub,,,,Antonio McDyess,,Rodney Stuckey,,,,,,,,,,,,
Andray Blatche,Caron Butler,Darius Songaila,DeShawn Stevenson,Mike James,Allen Iverson,Antonio McDyess,Rasheed Wallace,Richard Hamilton,Tayshaun Prince,1,2:27,DET,turnover,,,,,,,,,,Rasheed Wallace,,,out of bounds lost ball turnover,,,,,
Andray Blatche,Caron Butler,Darius Songaila,DeShawn Stevenson,Mike James,Allen Iverson,Antonio McDyess,Rasheed Wallace,Richard Hamilton,Tayshaun Prince,1,2:16,WAS,shot,Mike James,,,,,,,,,Darius Songaila,2,,,made,,jump,20,25
Andray Blatche,Caron Butler,Darius Songaila,DeShawn Stevenson,Mike James,Allen Iverson,Antonio McDyess,Rasheed Wallace,Richard Hamilton,Tayshaun Prince,1,1:53,DET,shot,,,,,,,,,,Richard Hamilton,,,,missed,,jump,7,12
Andray Blatche,Caron Butler,Darius Songaila,DeShawn Stevenson,Mike James,Allen Iverson,Antonio McDyess,Rasheed Wallace,Richard Hamilton,Tayshaun Prince,1,1:52,WAS,rebound,,,,,,,,,,Caron Butler,,,,,,def,,
Andray Blatche,Caron Butler,Darius Songaila,DeShawn Stevenson,Mike James,Allen Iverson,Antonio McDyess,Rasheed Wallace,Richard Hamilton,Tayshaun Prince,1,1:45,WAS,shot,Caron Butler,,,,,,,,,Mike James,2,,,made,,jump,37,17
Andray Blatche,Caron Butler,Darius Songaila,DeShawn Stevenson,Mike James,Allen Iverson,Antonio McDyess,Rasheed Wallace,Richard Hamilton,Tayshaun Prince,1,1:33,WAS,foul,,,,,,,,Rasheed Wallace,,Andray Blatche,,,,,,personal,,
Andray Blatche,Caron Butler,Darius Songaila,DeShawn Stevenson,Mike James,Allen Iverson,Antonio McDyess,Rasheed Wallace,Richard Hamilton,Tayshaun Prince,1,1:21,DET,shot,,,,,,,,,,Richard Hamilton,,,,missed,,jump,43,13
Andray Blatche,Caron Butler,Darius Songaila,DeShawn Stevenson,Mike James,Allen Iverson,Antonio McDyess,Rasheed Wallace,Richard Hamilton,Tayshaun Prince,1,1:21,DET,rebound,,,,,,,,,,Antonio McDyess,,,,,,off,,
Andray Blatche,Caron Butler,Darius Songaila,DeShawn Stevenson,Mike James,Allen Iverson,Antonio McDyess,Rasheed Wallace,Richard Hamilton,Tayshaun Prince,1,1:21,WAS,foul,,,,,,,,Antonio McDyess,,Caron Butler,,,,,,shooting,,
Andray Blatche,Caron Butler,Darius Songaila,DeShawn Stevenson,Mike James,Allen Iverson,Antonio McDyess,Rasheed Wallace,Richard Hamilton,Tayshaun Prince,1,1:21,DET,free throw,,,,,,,1,,2,Antonio McDyess,,,foul,made,,,,
Andray Blatche,Antawn Jamison,Darius Songaila,DeShawn Stevenson,Mike James,Allen Iverson,Antonio McDyess,Rasheed Wallace,Richard Hamilton,Tayshaun Prince,1,1:21,WAS,sub,,,,Antawn Jamison,,Caron Butler,,,,,,,,,,,,
Andray Blatche,Antawn Jamison,Darius Songaila,DeShawn Stevenson,Mike James,Allen Iverson,Antonio McDyess,Rasheed Wallace,Richard Hamilton,Tayshaun Prince,1,1:21,DET,free throw,,,,,,,2,,2,Antonio McDyess,,,foul,made,,,,
Andray Blatche,Antawn Jamison,Darius Songaila,DeShawn Stevenson,Mike James,Allen Iverson,Antonio McDyess,Rasheed Wallace,Richard Hamilton,Tayshaun Prince,1,1:07,WAS,shot,Darius Songaila,,,,,,,,,Mike James,2,,,made,,driving layup,25,6
Andray Blatche,Antawn Jamison,Darius Songaila,DeShawn Stevenson,Mike James,Allen Iverson,Antonio McDyess,Rasheed Wallace,Richard Hamilton,Tayshaun Prince,1,0:48,DET,shot,,,,,,,,,,Allen Iverson,2,,,made,,jump,41,15
Andray Blatche,Antawn Jamison,Darius Songaila,DeShawn Stevenson,Mike James,Allen Iverson,Antonio McDyess,Rasheed Wallace,Richard Hamilton,Tayshaun Prince,1,0:41,WAS,shot,,,,,,,,,,Andray Blatche,,,,missed,,jump,41,13
Andray Blatche,Antawn Jamison,Darius Songaila,DeShawn Stevenson,Mike James,Allen Iverson,Antonio McDyess,Rasheed Wallace,Richard Hamilton,Tayshaun Prince,1,0:40,DET,rebound,,,,,,,,,,Allen Iverson,,,,,,def,,
Andray Blatche,Antawn Jamison,Darius Songaila,DeShawn Stevenson,Mike James,Allen Iverson,Antonio McDyess,Rasheed Wallace,Richard Hamilton,Tayshaun Prince,1,0:31,DET,shot,,,,,,,,,,Allen Iverson,,,,missed,,jump,39,16
Andray Blatche,Antawn Jamison,Darius Songaila,DeShawn Stevenson,Mike James,Allen Iverson,Antonio McDyess,Rasheed Wallace,Richard Hamilton,Tayshaun Prince,1,0:30,WAS,rebound,,,,,,,,,,Mike James,,,,,,def,,
Andray Blatche,Antawn Jamison,Darius Songaila,DeShawn Stevenson,Mike James,Allen Iverson,Antonio McDyess,Rasheed Wallace,Richard Hamilton,Tayshaun Prince,1,0:14,WAS,shot,Andray Blatche,,,,,,,,,Darius Songaila,2,,,made,,layup,25,6
Andray Blatche,Antawn Jamison,Darius Songaila,DeShawn Stevenson,Mike James,Allen Iverson,Antonio McDyess,Rasheed Wallace,Richard Hamilton,Tayshaun Prince,1,0:05,WAS,foul,,,,,,,,Allen Iverson,,DeShawn Stevenson,,,,,,personal,,
Andray Blatche,Antawn Jamison,Darius Songaila,DeShawn Stevenson,Mike James,Allen Iverson,Antonio McDyess,Rasheed Wallace,Richard Hamilton,Tayshaun Prince,1,0:05,DET,free throw,,,,,,,1,,2,Allen Iverson,,,foul,made,,,,
Andray Blatche,Antawn Jamison,Darius Songaila,DeShawn Stevenson,Mike James,Allen Iverson,Antonio McDyess,Arron Afflalo,Rasheed Wallace,Tayshaun Prince,1,0:05,DET,sub,,,,Arron Afflalo,,Richard Hamilton,,,,,,,,,,,,
Andray Blatche,Antawn Jamison,Darius Songaila,DeShawn Stevenson,Mike James,Allen Iverson,Antonio McDyess,Arron Afflalo,Jason Maxiell,Tayshaun Prince,1,0:05,DET,sub,,,,Jason Maxiell,,Rasheed Wallace,,,,,,,,,,,,
Andray Blatche,Antawn Jamison,Darius Songaila,DeShawn Stevenson,Mike James,Allen Iverson,Antonio McDyess,Arron Afflalo,Jason Maxiell,Tayshaun Prince,1,0:05,DET,free throw,,,,,,,2,,2,Allen Iverson,,,foul,made,,,,
Andray Blatche,Antawn Jamison,Darius Songaila,DeShawn Stevenson,Mike James,Allen Iverson,Antonio McDyess,Arron Afflalo,Jason Maxiell,Tayshaun Prince,1,0:02,DET,foul,,,,,,,,Mike James,,Arron Afflalo,,,,,,personal,,
Andray Blatche,Antawn Jamison,Darius Songaila,DeShawn Stevenson,Mike James,Allen Iverson,Antonio McDyess,Arron Afflalo,Jason Maxiell,Tayshaun Prince,1,0:02,WAS,turnover,,,,,,,,,,Antawn Jamison,,,bad pass,,Jason Maxiell,,,
Andray Blatche,Antawn Jamison,Darius Songaila,DeShawn Stevenson,Mike James,Allen Iverson,Antonio McDyess,Arron Afflalo,Jason Maxiell,Tayshaun Prince,1,0:01,DET,shot,,,,,,,,,,Jason Maxiell,,,,missed,,3pt,25,47
Andray Blatche,Antawn Jamison,Darius Songaila,DeShawn Stevenson,Mike James,Allen Iverson,Antonio McDyess,Arron Afflalo,Jason Maxiell,Tayshaun Prince,1,0:00,DET,rebound,,,,,,,,,,,,,,,,,,
Antawn Jamison,Darius Songaila,Dominic McGuire,Juan Dixon,Nick Young,Allen Iverson,Antonio McDyess,Arron Afflalo,Jason Maxiell,Tayshaun Prince,2,11:43,WAS,shot,,,,,,,,,,Antawn Jamison,,,,missed,,layup,25,6
Antawn Jamison,Darius Songaila,Dominic McGuire,Juan Dixon,Nick Young,Allen Iverson,Antonio McDyess,Arron Afflalo,Jason Maxiell,Tayshaun Prince,2,11:41,DET,rebound,,,,,,,,,,Tayshaun Prince,,,,,,def,,
Antawn Jamison,Darius Songaila,Dominic McGuire,Juan Dixon,Nick Young,Allen Iverson,Antonio McDyess,Arron Afflalo,Jason Maxiell,Tayshaun Prince,2,11:24,DET,shot,,,,,,,,,,Jason Maxiell,,,,missed,,fade away jumper,12,10
Antawn Jamison,Darius Songaila,Dominic McGuire,Juan Dixon,Nick Young,Allen Iverson,Antonio McDyess,Arron Afflalo,Jason Maxiell,Tayshaun Prince,2,11:22,WAS,rebound,,,,,,,,,,Nick Young,,,,,,def,,
Antawn Jamison,Darius Songaila,Dominic McGuire,Juan Dixon,Nick Young,Allen Iverson,Antonio McDyess,Arron Afflalo,Jason Maxiell,Tayshaun Prince,2,11:07,WAS,turnover,,,,,,,,,,Juan Dixon,,,bad pass,,Arron Afflalo,,,
Antawn Jamison,Darius Songaila,Dominic McGuire,Juan Dixon,Nick Young,Allen Iverson,Antonio McDyess,Arron Afflalo,Jason Maxiell,Tayshaun Prince,2,11:03,WAS,foul,,,,,,,,Allen Iverson,,Antawn Jamison,,,,,,shooting,,
Antawn Jamison,Darius Songaila,Dominic McGuire,Juan Dixon,Nick Young,Allen Iverson,Antonio McDyess,Arron Afflalo,Jason Maxiell,Tayshaun Prince,2,11:03,DET,free throw,,,,,,,1,,2,Allen Iverson,,,foul,made,,,,
Antawn Jamison,Darius Songaila,Dominic McGuire,Juan Dixon,Nick Young,Allen Iverson,Antonio McDyess,Arron Afflalo,Jason Maxiell,Tayshaun Prince,2,11:03,DET,free throw,,,,,,,2,,2,Allen Iverson,,,foul,made,,,,
Antawn Jamison,Darius Songaila,Dominic McGuire,Juan Dixon,Nick Young,Allen Iverson,Antonio McDyess,Arron Afflalo,Jason Maxiell,Tayshaun Prince,2,10:44,WAS,shot,,,,,,,,,,Dominic McGuire,,,,missed,,jump,23,11
Antawn Jamison,Darius Songaila,Dominic McGuire,Juan Dixon,Nick Young,Allen Iverson,Antonio McDyess,Arron Afflalo,Jason Maxiell,Tayshaun Prince,2,10:42,WAS,rebound,,,,,,,,,,Dominic McGuire,,,,,,off,,
Antawn Jamison,Darius Songaila,Dominic McGuire,Juan Dixon,Nick Young,Allen Iverson,Antonio McDyess,Arron Afflalo,Jason Maxiell,Tayshaun Prince,2,10:40,WAS,shot,,,,,,,,,,Dominic McGuire,,,,missed,,putback layup,25,6
Antawn Jamison,Darius Songaila,Dominic McGuire,Juan Dixon,Nick Young,Allen Iverson,Antonio McDyess,Arron Afflalo,Jason Maxiell,Tayshaun Prince,2,10:39,DET,rebound,,,,,,,,,,Jason Maxiell,,,,,,def,,
Antawn Jamison,Darius Songaila,Dominic McGuire,Juan Dixon,Nick Young,Allen Iverson,Antonio McDyess,Arron Afflalo,Jason Maxiell,Tayshaun Prince,2,10:34,DET,shot,,,,,,,,,,Allen Iverson,,,,missed,,fade away jumper,37,22
Antawn Jamison,Darius Songaila,Dominic McGuire,Juan Dixon,Nick Young,Allen Iverson,Antonio McDyess,Arron Afflalo,Jason Maxiell,Tayshaun Prince,2,10:32,DET,rebound,,,,,,,,,,Jason Maxiell,,,,,,off,,
Antawn Jamison,Darius Songaila,Dominic McGuire,Juan Dixon,Nick Young,Allen Iverson,Antonio McDyess,Arron Afflalo,Jason Maxiell,Tayshaun Prince,2,10:29,DET,shot,,,,,,,,,,Antonio McDyess,,,,missed,,jump,38,18
Antawn Jamison,Darius Songaila,Dominic McGuire,Juan Dixon,Nick Young,Allen Iverson,Antonio McDyess,Arron Afflalo,Jason Maxiell,Tayshaun Prince,2,10:27,WAS,rebound,,,,,,,,,,Darius Songaila,,,,,,def,,
Antawn Jamison,Darius Songaila,Dominic McGuire,Juan Dixon,Nick Young,Allen Iverson,Antonio McDyess,Arron Afflalo,Jason Maxiell,Tayshaun Prince,2,10:09,WAS,shot,,,,,,,,,,Nick Young,,,,missed,,jump,36,19
Antawn Jamison,Darius Songaila,Dominic McGuire,Juan Dixon,Nick Young,Allen Iverson,Antonio McDyess,Arron Afflalo,Jason Maxiell,Tayshaun Prince,2,10:07,DET,rebound,,,,,,,,,,Allen Iverson,,,,,,def,,
Antawn Jamison,Darius Songaila,Dominic McGuire,Juan Dixon,Nick Young,Allen Iverson,Antonio McDyess,Arron Afflalo,Jason Maxiell,Tayshaun Prince,2,9:47,DET,shot,,,,,,,,,,Tayshaun Prince,2,,,made,,turnaround jump,38,12
Antawn Jamison,Darius Songaila,Dominic McGuire,Juan Dixon,Nick Young,Allen Iverson,Antonio McDyess,Arron Afflalo,Jason Maxiell,Tayshaun Prince,2,9:29,WAS,shot,,,,,,,,,,Antawn Jamison,,,,missed,,running jump,14,11
Antawn Jamison,Darius Songaila,Dominic McGuire,Juan Dixon,Nick Young,Allen Iverson,Antonio McDyess,Arron Afflalo,Jason Maxiell,Tayshaun Prince,2,9:27,DET,rebound,,,,,,,,,,Antonio McDyess,,,,,,def,,
Antawn Jamison,Darius Songaila,Dominic McGuire,Juan Dixon,Nick Young,Allen Iverson,Antonio McDyess,Arron Afflalo,Jason Maxiell,Tayshaun Prince,2,9:17,DET,turnover,,,,,,,,,,Allen Iverson,,,traveling,,,,,
Antawn Jamison,Darius Songaila,Dominic McGuire,Juan Dixon,Nick Young,Allen Iverson,Antonio McDyess,Arron Afflalo,Jason Maxiell,Tayshaun Prince,2,9:17,DET,timeout,,,,,,,,,,,,,,,,short,,
Antawn Jamison,Darius Songaila,Dominic McGuire,Juan Dixon,Nick Young,Antonio McDyess,Arron Afflalo,Jason Maxiell,Rodney Stuckey,Tayshaun Prince,2,9:17,DET,sub,,,,Rodney Stuckey,,Allen Iverson,,,,,,,,,,,,
Antawn Jamison,Darius Songaila,Dominic McGuire,Juan Dixon,Nick Young,Antonio McDyess,Arron Afflalo,Jason Maxiell,Rodney Stuckey,Tayshaun Prince,2,9:11,WAS,shot,,,,,,,,,,Juan Dixon,2,,,made,,driving layup,25,6
Antawn Jamison,Darius Songaila,Dominic McGuire,Juan Dixon,Nick Young,Antonio McDyess,Arron Afflalo,Jason Maxiell,Rodney Stuckey,Tayshaun Prince,2,8:55,DET,turnover,,,,,,,,,,Tayshaun Prince,,,backcourt turnover,,,,,
Antawn Jamison,Darius Songaila,Dominic McGuire,Juan Dixon,Nick Young,Antonio McDyess,Arron Afflalo,Jason Maxiell,Rodney Stuckey,Tayshaun Prince,2,8:55,OFF,timeout,,,,,,,,,,,,,,,,official,,
Antawn Jamison,Darius Songaila,Dominic McGuire,Juan Dixon,Nick Young,Antonio McDyess,Arron Afflalo,Jason Maxiell,Richard Hamilton,Rodney Stuckey,2,8:52,DET,sub,,,,Richard Hamilton,,Tayshaun Prince,,,,,,,,,,,,
Antawn Jamison,Darius Songaila,Dominic McGuire,Juan Dixon,Nick Young,Antonio McDyess,Arron Afflalo,Jason Maxiell,Richard Hamilton,Rodney Stuckey,2,8:41,DET,foul,,,,,,,,Juan Dixon,,Rodney Stuckey,,,,,,shooting,,
Antawn Jamison,Darius Songaila,Dominic McGuire,Juan Dixon,Nick Young,Antonio McDyess,Arron Afflalo,Jason Maxiell,Richard Hamilton,Rodney Stuckey,2,8:41,WAS,free throw,,,,,,,1,,3,Juan Dixon,,,foul,made,,,,
Antawn Jamison,Darius Songaila,Dominic McGuire,Juan Dixon,Nick Young,Antonio McDyess,Arron Afflalo,Jason Maxiell,Richard Hamilton,Rodney Stuckey,2,8:41,WAS,free throw,,,,,,,2,,3,Juan Dixon,,,foul,missed,,,,
Antawn Jamison,Darius Songaila,Dominic McGuire,Juan Dixon,Nick Young,Antonio McDyess,Arron Afflalo,Jason Maxiell,Richard Hamilton,Rodney Stuckey,2,8:41,WAS,free throw,,,,,,,3,,3,Juan Dixon,,,foul,missed,,,,
Antawn Jamison,Darius Songaila,Dominic McGuire,Juan Dixon,Nick Young,Antonio McDyess,Arron Afflalo,Jason Maxiell,Richard Hamilton,Rodney Stuckey,2,8:41,WAS,rebound,,,,,,,,,,,,,,,,,,
Antawn Jamison,Darius Songaila,Dominic McGuire,Juan Dixon,Nick Young,Antonio McDyess,Arron Afflalo,Jason Maxiell,Richard Hamilton,Rodney Stuckey,2,8:39,DET,rebound,,,,,,,,,,Jason Maxiell,,,,,,def,,
Antawn Jamison,Darius Songaila,Dominic McGuire,Juan Dixon,Nick Young,Antonio McDyess,Arron Afflalo,Jason Maxiell,Richard Hamilton,Rodney Stuckey,2,8:19,DET,shot,Rodney Stuckey,,,,,,,,,Jason Maxiell,2,,,made,,layup,25,6
Antawn Jamison,Darius Songaila,Dominic McGuire,Juan Dixon,Nick Young,Antonio McDyess,Arron Afflalo,Jason Maxiell,Richard Hamilton,Rodney Stuckey,2,8:15,DET,foul,,,,,,,,Juan Dixon,,Arron Afflalo,,,,,,shooting,,
Antawn Jamison,Darius Songaila,Dominic McGuire,Juan Dixon,Nick Young,Antonio McDyess,Arron Afflalo,Jason Maxiell,Richard Hamilton,Rodney Stuckey,2,8:15,WAS,free throw,,,,,,,1,,2,Juan Dixon,,,foul,made,,,,
Antawn Jamison,Darius Songaila,Dominic McGuire,Juan Dixon,Nick Young,Antonio McDyess,Arron Afflalo,Jason Maxiell,Richard Hamilton,Rodney Stuckey,2,8:15,WAS,free throw,,,,,,,2,,2,Juan Dixon,,,foul,made,,,,
Antawn Jamison,Darius Songaila,Dominic McGuire,Juan Dixon,Nick Young,Antonio McDyess,Arron Afflalo,Jason Maxiell,Richard Hamilton,Rodney Stuckey,2,7:55,DET,shot,Richard Hamilton,,,,,,,,,Rodney Stuckey,3,,,made,,3pt,13,31
Antawn Jamison,Darius Songaila,Dominic McGuire,Juan Dixon,Nick Young,Antonio McDyess,Arron Afflalo,Jason Maxiell,Richard Hamilton,Rodney Stuckey,2,7:36,WAS,shot,Dominic McGuire,,,,,,,,,Darius Songaila,2,,,made,,jump,11,22
Antawn Jamison,Darius Songaila,Dominic McGuire,Juan Dixon,Nick Young,Antonio McDyess,Arron Afflalo,Jason Maxiell,Richard Hamilton,Rodney Stuckey,2,7:15,DET,shot,,,,,,,,,,Richard Hamilton,,,,missed,,jump,14,20
Antawn Jamison,Darius Songaila,Dominic McGuire,Juan Dixon,Nick Young,Antonio McDyess,Arron Afflalo,Jason Maxiell,Richard Hamilton,Rodney Stuckey,2,7:14,WAS,rebound,,,,,,,,,,Antawn Jamison,,,,,,def,,
Antawn Jamison,Darius Songaila,Dominic McGuire,Juan Dixon,Nick Young,Antonio McDyess,Arron Afflalo,Jason Maxiell,Richard Hamilton,Rodney Stuckey,2,7:04,DET,foul,,,,,,,,Nick Young,,Arron Afflalo,,,,,,personal,,
Antawn Jamison,Darius Songaila,Dominic McGuire,Juan Dixon,Nick Young,Allen Iverson,Antonio McDyess,Jason Maxiell,Richard Hamilton,Rodney Stuckey,2,7:04,DET,sub,,,,Allen Iverson,,Arron Afflalo,,,,,,,,,,,,
Caron Butler,Darius Songaila,Dominic McGuire,Juan Dixon,Nick Young,Allen Iverson,Antonio McDyess,Jason Maxiell,Richard Hamilton,Rodney Stuckey,2,7:04,WAS,sub,,,,Caron Butler,,Antawn Jamison,,,,,,,,,,,,
Caron Butler,Darius Songaila,Dominic McGuire,Juan Dixon,Nick Young,Allen Iverson,Antonio McDyess,Jason Maxiell,Richard Hamilton,Rodney Stuckey,2,6:57,WAS,shot,,,,,,,,,,Nick Young,,,,missed,,jump,5,12
Caron Butler,Darius Songaila,Dominic McGuire,Juan Dixon,Nick Young,Allen Iverson,Antonio McDyess,Jason Maxiell,Richard Hamilton,Rodney Stuckey,2,6:56,WAS,rebound,,,,,,,,,,Juan Dixon,,,,,,off,,
Caron Butler,Darius Songaila,Dominic McGuire,Juan Dixon,Nick Young,Allen Iverson,Antonio McDyess,Jason Maxiell,Richard Hamilton,Rodney Stuckey,2,6:31,WAS,shot,,,,,,,,,,Nick Young,,,,missed,,3pt,10,28
Caron Butler,Darius Songaila,Dominic McGuire,Juan Dixon,Nick Young,Allen Iverson,Antonio McDyess,Jason Maxiell,Richard Hamilton,Rodney Stuckey,2,6:29,DET,rebound,,,,,,,,,,Jason Maxiell,,,,,,def,,
Caron Butler,Darius Songaila,Dominic McGuire,Juan Dixon,Nick Young,Allen Iverson,Antonio McDyess,Jason Maxiell,Richard Hamilton,Rodney Stuckey,2,6:16,WAS,foul,,,,,,,,Allen Iverson,,Juan Dixon,,,,,,shooting,,
Caron Butler,Darius Songaila,Dominic McGuire,Juan Dixon,Nick Young,Allen Iverson,Antonio McDyess,Jason Maxiell,Richard Hamilton,Rodney Stuckey,2,6:16,DET,free throw,,,,,,,1,,2,Allen Iverson,,,foul,missed,,,,
Caron Butler,Darius Songaila,Dominic McGuire,Juan Dixon,Nick Young,Allen Iverson,Antonio McDyess,Jason Maxiell,Richard Hamilton,Rodney Stuckey,2,6:16,DET,rebound,,,,,,,,,,,,,,,,,,
Caron Butler,Darius Songaila,Dominic McGuire,Juan Dixon,Nick Young,Allen Iverson,Antonio McDyess,Jason Maxiell,Richard Hamilton,Rodney Stuckey,2,6:16,DET,free throw,,,,,,,2,,2,Allen Iverson,,,foul,made,,,,
Caron Butler,Darius Songaila,Dominic McGuire,Juan Dixon,Nick Young,Allen Iverson,Antonio McDyess,Jason Maxiell,Richard Hamilton,Rodney Stuckey,2,5:58,WAS,shot,,,,,,,,,,Juan Dixon,,,,missed,,floating jump,22,13
Caron Butler,Darius Songaila,Dominic McGuire,Juan Dixon,Nick Young,Allen Iverson,Antonio McDyess,Jason Maxiell,Richard Hamilton,Rodney Stuckey,2,5:56,DET,rebound,,,,,,,,,,Antonio McDyess,,,,,,def,,
Caron Butler,Darius Songaila,Dominic McGuire,Juan Dixon,Nick Young,Allen Iverson,Antonio McDyess,Jason Maxiell,Richard Hamilton,Rodney Stuckey,2,5:44,DET,shot,,,,,,,,,,Rodney Stuckey,,,,missed,,layup,25,6
Caron Butler,Darius Songaila,Dominic McGuire,Juan Dixon,Nick Young,Allen Iverson,Antonio McDyess,Jason Maxiell,Richard Hamilton,Rodney Stuckey,2,5:42,WAS,rebound,,,,,,,,,,Dominic McGuire,,,,,,def,,
Caron Butler,Darius Songaila,Dominic McGuire,Juan Dixon,Nick Young,Allen Iverson,Antonio McDyess,Jason Maxiell,Richard Hamilton,Rodney Stuckey,2,5:36,WAS,turnover,,,,,,,,,,Caron Butler,,,bad pass,,,,,
Caron Butler,Darius Songaila,Dominic McGuire,Juan Dixon,Nick Young,Allen Iverson,Antonio McDyess,Jason Maxiell,Richard Hamilton,Rodney Stuckey,2,5:36,DET,timeout,,,,,,,,,,,,,,,,regular,,
Antawn Jamison,Caron Butler,Darius Songaila,Juan Dixon,Nick Young,Allen Iverson,Antonio McDyess,Jason Maxiell,Richard Hamilton,Rodney Stuckey,2,5:36,WAS,sub,,,,Antawn Jamison,,Dominic McGuire,,,,,,,,,,,,
Antawn Jamison,Caron Butler,JaVale McGee,Juan Dixon,Nick Young,Allen Iverson,Antonio McDyess,Jason Maxiell,Richard Hamilton,Rodney Stuckey,2,5:36,WAS,sub,,,,JaVale McGee,,Darius Songaila,,,,,,,,,,,,
Antawn Jamison,Caron Butler,JaVale McGee,Juan Dixon,Nick Young,Allen Iverson,Antonio McDyess,Jason Maxiell,Richard Hamilton,Rodney Stuckey,2,5:25,DET,turnover,,,,,,,,,,Rodney Stuckey,,,bad pass,,JaVale McGee,,,
Antawn Jamison,Caron Butler,JaVale McGee,Juan Dixon,Nick Young,Allen Iverson,Antonio McDyess,Jason Maxiell,Richard Hamilton,Rodney Stuckey,2,5:07,WAS,shot,,,,,,,,,,Antawn Jamison,,,,missed,,turnaround jump,40,13
Antawn Jamison,Caron Butler,JaVale McGee,Juan Dixon,Nick Young,Allen Iverson,Antonio McDyess,Jason Maxiell,Richard Hamilton,Rodney Stuckey,2,5:07,WAS,rebound,,,,,,,,,,,,,,,,,,
Antawn Jamison,Caron Butler,JaVale McGee,Juan Dixon,Nick Young,Allen Iverson,Antonio McDyess,Jason Maxiell,Richard Hamilton,Rodney Stuckey,2,5:07,DET,foul,,,,,,,,Caron Butler,,Rodney Stuckey,,,,,,loose ball,,
Antawn Jamison,Caron Butler,JaVale McGee,Juan Dixon,Nick Young,Allen Iverson,Antonio McDyess,Rasheed Wallace,Richard Hamilton,Rodney Stuckey,2,5:07,DET,sub,,,,Rasheed Wallace,,Jason Maxiell,,,,,,,,,,,,
Antawn Jamison,Caron Butler,JaVale McGee,Juan Dixon,Nick Young,Allen Iverson,Antonio McDyess,Rasheed Wallace,Richard Hamilton,Tayshaun Prince,2,5:07,DET,sub,,,,Tayshaun Prince,,Rodney Stuckey,,,,,,,,,,,,
Antawn Jamison,Caron Butler,JaVale McGee,Juan Dixon,Nick Young,Allen Iverson,Antonio McDyess,Rasheed Wallace,Richard Hamilton,Tayshaun Prince,2,4:57,WAS,shot,,,,,,,,,,Nick Young,,,,missed,,jump,7,14
Antawn Jamison,Caron Butler,JaVale McGee,Juan Dixon,Nick Young,Allen Iverson,Antonio McDyess,Rasheed Wallace,Richard Hamilton,Tayshaun Prince,2,4:56,DET,rebound,,,,,,,,,,Antonio McDyess,,,,,,def,,
Antawn Jamison,Caron Butler,JaVale McGee,Juan Dixon,Nick Young,Allen Iverson,Antonio McDyess,Rasheed Wallace,Richard Hamilton,Tayshaun Prince,2,4:43,DET,shot,,,,,,,,,,Tayshaun Prince,,,,missed,,jump,44,8
Antawn Jamison,Caron Butler,JaVale McGee,Juan Dixon,Nick Young,Allen Iverson,Antonio McDyess,Rasheed Wallace,Richard Hamilton,Tayshaun Prince,2,4:42,WAS,rebound,,,,,,,,,,Caron Butler,,,,,,def,,
Antawn Jamison,Caron Butler,JaVale McGee,Juan Dixon,Nick Young,Allen Iverson,Antonio McDyess,Rasheed Wallace,Richard Hamilton,Tayshaun Prince,2,4:23,WAS,shot,Caron Butler,,,,,,,,,Antawn Jamison,2,,,made,,finger roll layup,25,6
Antawn Jamison,Caron Butler,JaVale McGee,Juan Dixon,Nick Young,Allen Iverson,Antonio McDyess,Rasheed Wallace,Richard Hamilton,Tayshaun Prince,2,3:58,DET,shot,,,,,,,,,,Rasheed Wallace,,,,missed,,turnaround jump,37,11
Antawn Jamison,Caron Butler,JaVale McGee,Juan Dixon,Nick Young,Allen Iverson,Antonio McDyess,Rasheed Wallace,Richard Hamilton,Tayshaun Prince,2,3:56,DET,rebound,,,,,,,,,,Antonio McDyess,,,,,,off,,
Antawn Jamison,Caron Butler,JaVale McGee,Juan Dixon,Nick Young,Allen Iverson,Antonio McDyess,Rasheed Wallace,Richard Hamilton,Tayshaun Prince,2,3:55,DET,shot,,,,,,,,,,Antonio McDyess,2,,,made,,tip,25,6
Antawn Jamison,Caron Butler,JaVale McGee,Juan Dixon,Nick Young,Allen Iverson,Antonio McDyess,Rasheed Wallace,Richard Hamilton,Tayshaun Prince,2,3:41,WAS,shot,,,,,,,,,,Antawn Jamison,,,,missed,,3pt,2,16
Antawn Jamison,Caron Butler,JaVale McGee,Juan Dixon,Nick Young,Allen Iverson,Antonio McDyess,Rasheed Wallace,Richard Hamilton,Tayshaun Prince,2,3:39,DET,rebound,,,,,,,,,,Antonio McDyess,,,,,,def,,
Antawn Jamison,Caron Butler,JaVale McGee,Juan Dixon,Nick Young,Allen Iverson,Antonio McDyess,Rasheed Wallace,Richard Hamilton,Tayshaun Prince,2,3:29,DET,shot,,,,,,,,,,Allen Iverson,2,,,made,,driving layup,25,6
Antawn Jamison,Caron Butler,JaVale McGee,Juan Dixon,Nick Young,Allen Iverson,Antonio McDyess,Rasheed Wallace,Richard Hamilton,Tayshaun Prince,2,3:19,WAS,turnover,,,,,,,,,,JaVale McGee,,,double dribble,,,,,
Antawn Jamison,Caron Butler,JaVale McGee,Juan Dixon,Nick Young,Allen Iverson,Antonio McDyess,Rasheed Wallace,Richard Hamilton,Tayshaun Prince,2,3:05,WAS,foul,,,,,,,,,,Juan Dixon,,,,,,defense 3 second,,
Andray Blatche,Antawn Jamison,Caron Butler,Juan Dixon,Nick Young,Allen Iverson,Antonio McDyess,Rasheed Wallace,Richard Hamilton,Tayshaun Prince,2,3:05,WAS,sub,,,,Andray Blatche,,JaVale McGee,,,,,,,,,,,,
Andray Blatche,Antawn Jamison,Caron Butler,Juan Dixon,Nick Young,Allen Iverson,Antonio McDyess,Rasheed Wallace,Richard Hamilton,Tayshaun Prince,2,3:05,DET,free throw,,,,,,,1,,1,Richard Hamilton,,,technical,made,,,,
Andray Blatche,Antawn Jamison,Caron Butler,Juan Dixon,Nick Young,Allen Iverson,Antonio McDyess,Rasheed Wallace,Richard Hamilton,Tayshaun Prince,2,2:59,WAS,foul,,,,,,,,Allen Iverson,,Juan Dixon,,,,,,shooting,,
Andray Blatche,Antawn Jamison,Caron Butler,Juan Dixon,Nick Young,Allen Iverson,Antonio McDyess,Rasheed Wallace,Richard Hamilton,Tayshaun Prince,2,2:59,WAS,timeout,,,,,,,,,,,,,,,,regular,,
Andray Blatche,Antawn Jamison,Caron Butler,DeShawn Stevenson,Juan Dixon,Allen Iverson,Antonio McDyess,Rasheed Wallace,Richard Hamilton,Tayshaun Prince,2,2:59,WAS,sub,,,,DeShawn Stevenson,,Nick Young,,,,,,,,,,,,
Andray Blatche,Antawn Jamison,Caron Butler,DeShawn Stevenson,Mike James,Allen Iverson,Antonio McDyess,Rasheed Wallace,Richard Hamilton,Tayshaun Prince,2,2:59,WAS,sub,,,,Mike James,,Juan Dixon,,,,,,,,,,,,
Andray Blatche,Antawn Jamison,Caron Butler,DeShawn Stevenson,Mike James,Allen Iverson,Antonio McDyess,Rasheed Wallace,Richard Hamilton,Tayshaun Prince,2,2:59,DET,free throw,,,,,,,1,,2,Allen Iverson,,,foul,made,,,,
Andray Blatche,Antawn Jamison,Caron Butler,DeShawn Stevenson,Mike James,Allen Iverson,Antonio McDyess,Rasheed Wallace,Richard Hamilton,Tayshaun Prince,2,2:59,DET,free throw,,,,,,,2,,2,Allen Iverson,,,foul,made,,,,
Andray Blatche,Antawn Jamison,Caron Butler,DeShawn Stevenson,Mike James,Allen Iverson,Antonio McDyess,Rasheed Wallace,Richard Hamilton,Tayshaun Prince,2,2:42,WAS,shot,,,,,,,,,,Antawn Jamison,,,,missed,,3pt,12,27
Andray Blatche,Antawn Jamison,Caron Butler,DeShawn Stevenson,Mike James,Allen Iverson,Antonio McDyess,Rasheed Wallace,Richard Hamilton,Tayshaun Prince,2,2:40,DET,rebound,,,,,,,,,,Allen Iverson,,,,,,def,,
Andray Blatche,Antawn Jamison,Caron Butler,DeShawn Stevenson,Mike James,Allen Iverson,Antonio McDyess,Rasheed Wallace,Richard Hamilton,Tayshaun Prince,2,2:22,DET,shot,,,,,,,,,,Rasheed Wallace,,,,missed,,3pt,15,32
Andray Blatche,Antawn Jamison,Caron Butler,DeShawn Stevenson,Mike James,Allen Iverson,Antonio McDyess,Rasheed Wallace,Richard Hamilton,Tayshaun Prince,2,2:20,WAS,rebound,,,,,,,,,,DeShawn Stevenson,,,,,,def,,
Andray Blatche,Antawn Jamison,Caron Butler,DeShawn Stevenson,Mike James,Allen Iverson,Antonio McDyess,Rasheed Wallace,Richard Hamilton,Tayshaun Prince,2,2:14,WAS,shot,,,,,,,,,,Antawn Jamison,,,,missed,,floating jump,22,14
Andray Blatche,Antawn Jamison,Caron Butler,DeShawn Stevenson,Mike James,Allen Iverson,Antonio McDyess,Rasheed Wallace,Richard Hamilton,Tayshaun Prince,2,2:12,DET,rebound,,,,,,,,,,Rasheed Wallace,,,,,,def,,
Andray Blatche,Antawn Jamison,Caron Butler,DeShawn Stevenson,Mike James,Allen Iverson,Antonio McDyess,Rasheed Wallace,Richard Hamilton,Tayshaun Prince,2,2:06,DET,shot,Allen Iverson,,,,,,,,,Antonio McDyess,2,,,made,,layup,25,6
Andray Blatche,Antawn Jamison,Caron Butler,DeShawn Stevenson,Mike James,Allen Iverson,Antonio McDyess,Rasheed Wallace,Richard Hamilton,Tayshaun Prince,2,1:34,WAS,shot,,,,,,,,,,Caron Butler,,,,missed,,floating jump,23,14
Andray Blatche,Antawn Jamison,Caron Butler,DeShawn Stevenson,Mike James,Allen Iverson,Antonio McDyess,Rasheed Wallace,Richard Hamilton,Tayshaun Prince,2,1:33,DET,rebound,,,,,,,,,,,,,,,,,,
Andray Blatche,Antawn Jamison,Caron Butler,DeShawn Stevenson,Mike James,Allen Iverson,Antonio McDyess,Rasheed Wallace,Richard Hamilton,Tayshaun Prince,2,1:24,DET,shot,,,,,,,,,,Allen Iverson,2,,,made,,driving layup,25,6
Andray Blatche,Antawn Jamison,Caron Butler,DeShawn Stevenson,Mike James,Allen Iverson,Antonio McDyess,Rasheed Wallace,Richard Hamilton,Tayshaun Prince,2,1:12,WAS,foul,,,,,,,,Tayshaun Prince,,Caron Butler,,,,,,offensive,,
Andray Blatche,Antawn Jamison,Caron Butler,DeShawn Stevenson,Mike James,Allen Iverson,Antonio McDyess,Rasheed Wallace,Richard Hamilton,Tayshaun Prince,2,1:12,WAS,turnover,,,,,,,,,,Caron Butler,,,foul,,,,,
Andray Blatche,Antawn Jamison,Caron Butler,DeShawn Stevenson,Mike James,Allen Iverson,Antonio McDyess,Rasheed Wallace,Richard Hamilton,Tayshaun Prince,2,0:55,DET,foul,,,,,,,,Mike James,,Antonio McDyess,,,,,,offensive,,
Andray Blatche,Antawn Jamison,Caron Butler,DeShawn Stevenson,Mike James,Allen Iverson,Antonio McDyess,Rasheed Wallace,Richard Hamilton,Tayshaun Prince,2,0:55,DET,turnover,,,,,,,,,,Antonio McDyess,,,foul,,,,,
Andray Blatche,Antawn Jamison,DeShawn Stevenson,Dominic McGuire,Mike James,Allen Iverson,Antonio McDyess,Rasheed Wallace,Richard Hamilton,Tayshaun Prince,2,0:55,WAS,sub,,,,Dominic McGuire,,Caron Butler,,,,,,,,,,,,
Andray Blatche,Antawn Jamison,DeShawn Stevenson,Dominic McGuire,Mike James,Allen Iverson,Antonio McDyess,Rasheed Wallace,Richard Hamilton,Tayshaun Prince,2,0:55,WAS,timeout,,,,,,,,,,,,,,,,short,,
Andray Blatche,Antawn Jamison,DeShawn Stevenson,Dominic McGuire,Mike James,Allen Iverson,Antonio McDyess,Rasheed Wallace,Richard Hamilton,Tayshaun Prince,2,0:38,WAS,shot,,,,,,,,,,DeShawn Stevenson,2,,,made,,jump,6,11
Andray Blatche,Antawn Jamison,DeShawn Stevenson,Dominic McGuire,Mike James,Allen Iverson,Antonio McDyess,Rasheed Wallace,Richard Hamilton,Tayshaun Prince,2,0:28,DET,shot,,,,,,,,,,Allen Iverson,,,,missed,,layup,25,6
Andray Blatche,Antawn Jamison,DeShawn Stevenson,Dominic McGuire,Mike James,Allen Iverson,Antonio McDyess,Rasheed Wallace,Richard Hamilton,Tayshaun Prince,2,0:27,WAS,rebound,,,,,,,,,,Antawn Jamison,,,,,,def,,
Andray Blatche,Antawn Jamison,DeShawn Stevenson,Dominic McGuire,Mike James,Allen Iverson,Antonio McDyess,Rasheed Wallace,Richard Hamilton,Tayshaun Prince,2,0:15,WAS,shot,,,,,,,,,,DeShawn Stevenson,,,,missed,,fade away jumper,21,17
Andray Blatche,Antawn Jamison,DeShawn Stevenson,Dominic McGuire,Mike James,Allen Iverson,Antonio McDyess,Rasheed Wallace,Richard Hamilton,Tayshaun Prince,2,0:14,WAS,rebound,,,,,,,,,,Antawn Jamison,,,,,,off,,
Andray Blatche,Antawn Jamison,DeShawn Stevenson,Dominic McGuire,Mike James,Allen Iverson,Antonio McDyess,Rasheed Wallace,Richard Hamilton,Tayshaun Prince,2,0:14,WAS,shot,,,,,,,,,,Antawn Jamison,2,,,made,,layup,25,6
Andray Blatche,Antawn Jamison,DeShawn Stevenson,Dominic McGuire,Mike James,Allen Iverson,Antonio McDyess,Rasheed Wallace,Richard Hamilton,Tayshaun Prince,2,0:02,WAS,foul,,,,,,,,Tayshaun Prince,,Dominic McGuire,,,,,,personal,,
Andray Blatche,Darius Songaila,DeShawn Stevenson,Dominic McGuire,Mike James,Allen Iverson,Antonio McDyess,Rasheed Wallace,Richard Hamilton,Tayshaun Prince,2,0:02,WAS,sub,,,,Darius Songaila,,Antawn Jamison,,,,,,,,,,,,
Andray Blatche,Darius Songaila,DeShawn Stevenson,Dominic McGuire,Mike James,Allen Iverson,Rasheed Wallace,Richard Hamilton,Rodney Stuckey,Tayshaun Prince,2,0:02,DET,sub,,,,Rodney Stuckey,,Antonio McDyess,,,,,,,,,,,,
Andray Blatche,Darius Songaila,Dominic McGuire,Mike James,Nick Young,Allen Iverson,Rasheed Wallace,Richard Hamilton,Rodney Stuckey,Tayshaun Prince,2,0:02,WAS,sub,,,,Nick Young,,DeShawn Stevenson,,,,,,,,,,,,
Andray Blatche,Darius Songaila,Dominic McGuire,Mike James,Nick Young,Allen Iverson,Rasheed Wallace,Richard Hamilton,Rodney Stuckey,Tayshaun Prince,2,0:00,DET,shot,,,,,,,,,,Rasheed Wallace,,,,missed,,3pt,17,32
Andray Blatche,Darius Songaila,Dominic McGuire,Mike James,Nick Young,Allen Iverson,Rasheed Wallace,Richard Hamilton,Rodney Stuckey,Tayshaun Prince,2,0:00,DET,rebound,,,,,,,,,,,,,,,,,,
Andray Blatche,Antawn Jamison,Caron Butler,DeShawn Stevenson,Mike James,Allen Iverson,Rasheed Wallace,Richard Hamilton,Rodney Stuckey,Tayshaun Prince,3,11:40,WAS,shot,Mike James,,,,,,,,,Andray Blatche,2,,,made,,layup,25,6
Andray Blatche,Antawn Jamison,Caron Butler,DeShawn Stevenson,Mike James,Allen Iverson,Rasheed Wallace,Richard Hamilton,Rodney Stuckey,Tayshaun Prince,3,11:23,DET,shot,,,,,,,,,,Richard Hamilton,,,,missed,,jump,43,7
Andray Blatche,Antawn Jamison,Caron Butler,DeShawn Stevenson,Mike James,Allen Iverson,Rasheed Wallace,Richard Hamilton,Rodney Stuckey,Tayshaun Prince,3,11:20,WAS,rebound,,,,,,,,,,Antawn Jamison,,,,,,def,,
Andray Blatche,Antawn Jamison,Caron Butler,DeShawn Stevenson,Mike James,Allen Iverson,Rasheed Wallace,Richard Hamilton,Rodney Stuckey,Tayshaun Prince,3,11:16,WAS,turnover,,,,,,,,,,Andray Blatche,,,traveling,,,,,
Andray Blatche,Antawn Jamison,Caron Butler,DeShawn Stevenson,Mike James,Allen Iverson,Rasheed Wallace,Richard Hamilton,Rodney Stuckey,Tayshaun Prince,3,11:01,DET,shot,,,,,,,,,,Richard Hamilton,,,,missed,,layup,25,6
Andray Blatche,Antawn Jamison,Caron Butler,DeShawn Stevenson,Mike James,Allen Iverson,Rasheed Wallace,Richard Hamilton,Rodney Stuckey,Tayshaun Prince,3,11:00,WAS,rebound,,,,,,,,,,Antawn Jamison,,,,,,def,,
Andray Blatche,Antawn Jamison,Caron Butler,DeShawn Stevenson,Mike James,Allen Iverson,Rasheed Wallace,Richard Hamilton,Rodney Stuckey,Tayshaun Prince,3,10:44,WAS,shot,,,,,,,,,,DeShawn Stevenson,,,,missed,,layup,25,6
Andray Blatche,Antawn Jamison,Caron Butler,DeShawn Stevenson,Mike James,Allen Iverson,Rasheed Wallace,Richard Hamilton,Rodney Stuckey,Tayshaun Prince,3,10:42,DET,rebound,,,,,,,,,,Rasheed Wallace,,,,,,def,,
Andray Blatche,Antawn Jamison,Caron Butler,DeShawn Stevenson,Mike James,Allen Iverson,Rasheed Wallace,Richard Hamilton,Rodney Stuckey,Tayshaun Prince,3,10:38,DET,shot,Rodney Stuckey,,,,,,,,,Richard Hamilton,2,,,made,,layup,25,6
Andray Blatche,Antawn Jamison,Caron Butler,DeShawn Stevenson,Mike James,Allen Iverson,Rasheed Wallace,Richard Hamilton,Rodney Stuckey,Tayshaun Prince,3,10:19,WAS,shot,,,,,,,,,,Mike James,,,,missed,,running bank,16,9
Andray Blatche,Antawn Jamison,Caron Butler,DeShawn Stevenson,Mike James,Allen Iverson,Rasheed Wallace,Richard Hamilton,Rodney Stuckey,Tayshaun Prince,3,10:17,WAS,rebound,,,,,,,,,,Andray Blatche,,,,,,off,,
Andray Blatche,Antawn Jamison,Caron Butler,DeShawn Stevenson,Mike James,Allen Iverson,Rasheed Wallace,Richard Hamilton,Rodney Stuckey,Tayshaun Prince,3,10:16,WAS,shot,,,,,,,,,,Andray Blatche,2,,,made,,putback layup,25,6
Andray Blatche,Antawn Jamison,Caron Butler,DeShawn Stevenson,Mike James,Allen Iverson,Rasheed Wallace,Richard Hamilton,Rodney Stuckey,Tayshaun Prince,3,9:56,DET,shot,Rodney Stuckey,,,,,,,,,Allen Iverson,2,,,made,,jump,21,26
Andray Blatche,Antawn Jamison,Caron Butler,DeShawn Stevenson,Mike James,Allen Iverson,Rasheed Wallace,Richard Hamilton,Rodney Stuckey,Tayshaun Prince,3,9:41,DET,foul,,,,,,,,DeShawn Stevenson,,Allen Iverson,,,,,,shooting,,
Andray Blatche,Antawn Jamison,Caron Butler,DeShawn Stevenson,Mike James,Allen Iverson,Rasheed Wallace,Richard Hamilton,Rodney Stuckey,Tayshaun Prince,3,9:41,WAS,free throw,,,,,,,1,,2,DeShawn Stevenson,,,foul,missed,,,,
Andray Blatche,Antawn Jamison,Caron Butler,DeShawn Stevenson,Mike James,Allen Iverson,Rasheed Wallace,Richard Hamilton,Rodney Stuckey,Tayshaun Prince,3,9:41,WAS,rebound,,,,,,,,,,,,,,,,,,
Andray Blatche,Antawn Jamison,Caron Butler,DeShawn Stevenson,Mike James,Allen Iverson,Rasheed Wallace,Richard Hamilton,Rodney Stuckey,Tayshaun Prince,3,9:41,WAS,free throw,,,,,,,2,,2,DeShawn Stevenson,,,foul,missed,,,,
Andray Blatche,Antawn Jamison,Caron Butler,DeShawn Stevenson,Mike James,Allen Iverson,Rasheed Wallace,Richard Hamilton,Rodney Stuckey,Tayshaun Prince,3,9:41,WAS,rebound,,,,,,,,,,DeShawn Stevenson,,,,,,off,,
Andray Blatche,Antawn Jamison,Caron Butler,DeShawn Stevenson,Mike James,Allen Iverson,Rasheed Wallace,Richard Hamilton,Rodney Stuckey,Tayshaun Prince,3,9:35,WAS,shot,,,,,,,,,,DeShawn Stevenson,3,,,made,,3pt,1,5
Andray Blatche,Antawn Jamison,Caron Butler,DeShawn Stevenson,Mike James,Allen Iverson,Rasheed Wallace,Richard Hamilton,Rodney Stuckey,Tayshaun Prince,3,9:26,WAS,foul,,,,,,,,Rodney Stuckey,,Mike James,,,,,,personal,,
Andray Blatche,Antawn Jamison,Caron Butler,DeShawn Stevenson,Mike James,Allen Iverson,Rasheed Wallace,Richard Hamilton,Rodney Stuckey,Tayshaun Prince,3,9:11,DET,shot,,,,,,,,,,Tayshaun Prince,2,,,made,,running hook,16,6
Andray Blatche,Antawn Jamison,Caron Butler,DeShawn Stevenson,Mike James,Allen Iverson,Rasheed Wallace,Richard Hamilton,Rodney Stuckey,Tayshaun Prince,3,8:51,DET,foul,,,,,,,,Andray Blatche,,Allen Iverson,,,,,,personal,,
Andray Blatche,Antawn Jamison,Caron Butler,DeShawn Stevenson,Mike James,Allen Iverson,Rasheed Wallace,Richard Hamilton,Rodney Stuckey,Tayshaun Prince,3,8:40,WAS,shot,,,,,,,,,,DeShawn Stevenson,,,,missed,,3pt,46,19
Andray Blatche,Antawn Jamison,Caron Butler,DeShawn Stevenson,Mike James,Allen Iverson,Rasheed Wallace,Richard Hamilton,Rodney Stuckey,Tayshaun Prince,3,8:40,DET,rebound,,,,,,,,,,,,,,,,,,
Andray Blatche,Antawn Jamison,Caron Butler,DeShawn Stevenson,Mike James,Allen Iverson,Rasheed Wallace,Richard Hamilton,Rodney Stuckey,Tayshaun Prince,3,8:22,DET,shot,,,,,,,,,,Rasheed Wallace,,,,missed,,turnaround jump,37,8
Andray Blatche,Antawn Jamison,Caron Butler,DeShawn Stevenson,Mike James,Allen Iverson,Rasheed Wallace,Richard Hamilton,Rodney Stuckey,Tayshaun Prince,3,8:21,DET,rebound,,,,,,,,,,Tayshaun Prince,,,,,,off,,
Andray Blatche,Antawn Jamison,Caron Butler,DeShawn Stevenson,Mike James,Allen Iverson,Rasheed Wallace,Richard Hamilton,Rodney Stuckey,Tayshaun Prince,3,8:13,DET,shot,,,,,,,,,,Rasheed Wallace,,,,missed,,3pt,31,32
Andray Blatche,Antawn Jamison,Caron Butler,DeShawn Stevenson,Mike James,Allen Iverson,Rasheed Wallace,Richard Hamilton,Rodney Stuckey,Tayshaun Prince,3,8:12,WAS,rebound,,,,,,,,,,Antawn Jamison,,,,,,def,,
Andray Blatche,Antawn Jamison,Caron Butler,DeShawn Stevenson,Mike James,Allen Iverson,Rasheed Wallace,Richard Hamilton,Rodney Stuckey,Tayshaun Prince,3,7:57,WAS,shot,,,,,,,,,,Mike James,,,,missed,,3pt,45,22
Andray Blatche,Antawn Jamison,Caron Butler,DeShawn Stevenson,Mike James,Allen Iverson,Rasheed Wallace,Richard Hamilton,Rodney Stuckey,Tayshaun Prince,3,7:56,DET,rebound,,,,,,,,,,,,,,,,,,
Andray Blatche,Antawn Jamison,Caron Butler,DeShawn Stevenson,Mike James,Allen Iverson,Rasheed Wallace,Richard Hamilton,Rodney Stuckey,Tayshaun Prince,3,7:37,DET,shot,,,,,,,,,,Allen Iverson,,,,missed,,3pt,34,31
Andray Blatche,Antawn Jamison,Caron Butler,DeShawn Stevenson,Mike James,Allen Iverson,Rasheed Wallace,Richard Hamilton,Rodney Stuckey,Tayshaun Prince,3,7:36,WAS,rebound,,,,,,,,,,Mike James,,,,,,def,,
Andray Blatche,Antawn Jamison,Caron Butler,DeShawn Stevenson,Mike James,Allen Iverson,Rasheed Wallace,Richard Hamilton,Rodney Stuckey,Tayshaun Prince,3,7:34,WAS,shot,,,Rasheed Wallace,,,,,,,DeShawn Stevenson,,,,missed,,layup,25,6
Andray Blatche,Antawn Jamison,Caron Butler,DeShawn Stevenson,Mike James,Allen Iverson,Rasheed Wallace,Richard Hamilton,Rodney Stuckey,Tayshaun Prince,3,7:34,WAS,rebound,,,,,,,,,,,,,,,,,,
Andray Blatche,Antawn Jamison,Caron Butler,DeShawn Stevenson,Mike James,Allen Iverson,Rasheed Wallace,Richard Hamilton,Rodney Stuckey,Tayshaun Prince,3,7:31,WAS,shot,,,Richard Hamilton,,,,,,,Caron Butler,,,,missed,,3pt,45,22
Andray Blatche,Antawn Jamison,Caron Butler,DeShawn Stevenson,Mike James,Allen Iverson,Rasheed Wallace,Richard Hamilton,Rodney Stuckey,Tayshaun Prince,3,7:31,DET,rebound,,,,,,,,,,Allen Iverson,,,,,,def,,
Andray Blatche,Antawn Jamison,Caron Butler,DeShawn Stevenson,Mike James,Allen Iverson,Rasheed Wallace,Richard Hamilton,Rodney Stuckey,Tayshaun Prince,3,7:31,WAS,foul,,,,,,,,Allen Iverson,,Andray Blatche,,,,,,personal,,
Andray Blatche,Antawn Jamison,Caron Butler,DeShawn Stevenson,Mike James,Allen Iverson,Rasheed Wallace,Richard Hamilton,Rodney Stuckey,Tayshaun Prince,3,7:15,DET,shot,,,,,,,,,,Tayshaun Prince,,,,missed,,jump,38,21
Andray Blatche,Antawn Jamison,Caron Butler,DeShawn Stevenson,Mike James,Allen Iverson,Rasheed Wallace,Richard Hamilton,Rodney Stuckey,Tayshaun Prince,3,7:14,WAS,rebound,,,,,,,,,,Caron Butler,,,,,,def,,
Andray Blatche,Antawn Jamison,Caron Butler,DeShawn Stevenson,Mike James,Allen Iverson,Rasheed Wallace,Richard Hamilton,Rodney Stuckey,Tayshaun Prince,3,6:58,WAS,shot,,,,,,,,,,Andray Blatche,,,,missed,,jump,44,10
Andray Blatche,Antawn Jamison,Caron Butler,DeShawn Stevenson,Mike James,Allen Iverson,Rasheed Wallace,Richard Hamilton,Rodney Stuckey,Tayshaun Prince,3,6:57,DET,rebound,,,,,,,,,,Tayshaun Prince,,,,,,def,,
Andray Blatche,Antawn Jamison,Caron Butler,DeShawn Stevenson,Mike James,Allen Iverson,Rasheed Wallace,Richard Hamilton,Rodney Stuckey,Tayshaun Prince,3,6:53,DET,turnover,,,,,,,,,,Tayshaun Prince,,,lost ball,,Mike James,,,
Andray Blatche,Antawn Jamison,Caron Butler,DeShawn Stevenson,Mike James,Allen Iverson,Rasheed Wallace,Richard Hamilton,Rodney Stuckey,Tayshaun Prince,3,6:44,WAS,shot,Caron Butler,,,,,,,,,Mike James,3,,,made,,3pt,46,21
Andray Blatche,Antawn Jamison,Caron Butler,DeShawn Stevenson,Mike James,Allen Iverson,Rasheed Wallace,Richard Hamilton,Rodney Stuckey,Tayshaun Prince,3,6:22,DET,shot,Rasheed Wallace,,,,,,,,,Allen Iverson,3,,,made,,3pt,47,9
Andray Blatche,Antawn Jamison,Caron Butler,DeShawn Stevenson,Mike James,Allen Iverson,Rasheed Wallace,Richard Hamilton,Rodney Stuckey,Tayshaun Prince,3,6:04,DET,foul,,,,,,,,DeShawn Stevenson,,Allen Iverson,,,,,,shooting,,
Andray Blatche,Antawn Jamison,Caron Butler,DeShawn Stevenson,Mike James,Allen Iverson,Rasheed Wallace,Richard Hamilton,Rodney Stuckey,Tayshaun Prince,3,6:04,WAS,free throw,,,,,,,1,,2,DeShawn Stevenson,,,foul,missed,,,,
Andray Blatche,Antawn Jamison,Caron Butler,DeShawn Stevenson,Mike James,Allen Iverson,Rasheed Wallace,Richard Hamilton,Rodney Stuckey,Tayshaun Prince,3,6:04,WAS,rebound,,,,,,,,,,,,,,,,,,
Andray Blatche,Antawn Jamison,Caron Butler,DeShawn Stevenson,Mike James,Allen Iverson,Rasheed Wallace,Richard Hamilton,Rodney Stuckey,Tayshaun Prince,3,6:04,WAS,free throw,,,,,,,2,,2,DeShawn Stevenson,,,foul,made,,,,
Andray Blatche,Antawn Jamison,Caron Butler,DeShawn Stevenson,Mike James,Allen Iverson,Rasheed Wallace,Richard Hamilton,Rodney Stuckey,Tayshaun Prince,3,5:49,DET,shot,,,,,,,,,,Rodney Stuckey,,,,missed,,jump,6,15
Andray Blatche,Antawn Jamison,Caron Butler,DeShawn Stevenson,Mike James,Allen Iverson,Rasheed Wallace,Richard Hamilton,Rodney Stuckey,Tayshaun Prince,3,5:48,WAS,rebound,,,,,,,,,,Andray Blatche,,,,,,def,,
Andray Blatche,Antawn Jamison,Caron Butler,DeShawn Stevenson,Mike James,Allen Iverson,Rasheed Wallace,Richard Hamilton,Rodney Stuckey,Tayshaun Prince,3,5:39,WAS,shot,Andray Blatche,,,,,,,,,Mike James,2,,,made,,layup,25,6
Andray Blatche,Antawn Jamison,Caron Butler,DeShawn Stevenson,Mike James,Allen Iverson,Rasheed Wallace,Richard Hamilton,Rodney Stuckey,Tayshaun Prince,3,5:25,DET,timeout,,,,,,,,,,,,,,,,regular,,
Andray Blatche,Antawn Jamison,Caron Butler,DeShawn Stevenson,Mike James,Allen Iverson,Rasheed Wallace,Richard Hamilton,Rodney Stuckey,Tayshaun Prince,3,5:15,DET,shot,,,Andray Blatche,,,,,,,Richard Hamilton,,,,missed,,layup,25,6
Andray Blatche,Antawn Jamison,Caron Butler,DeShawn Stevenson,Mike James,Allen Iverson,Rasheed Wallace,Richard Hamilton,Rodney Stuckey,Tayshaun Prince,3,5:13,WAS,rebound,,,,,,,,,,DeShawn Stevenson,,,,,,def,,
Andray Blatche,Antawn Jamison,Caron Butler,DeShawn Stevenson,Mike James,Allen Iverson,Rasheed Wallace,Richard Hamilton,Rodney Stuckey,Tayshaun Prince,3,4:50,WAS,turnover,,,,,,,,,,Caron Butler,,,bad pass,,Rasheed Wallace,,,
Andray Blatche,Antawn Jamison,Caron Butler,DeShawn Stevenson,Mike James,Allen Iverson,Rasheed Wallace,Richard Hamilton,Rodney Stuckey,Tayshaun Prince,3,4:42,WAS,foul,,,,,,,,Allen Iverson,,Andray Blatche,,,,,,personal,,
Andray Blatche,Antawn Jamison,Caron Butler,DeShawn Stevenson,Mike James,Allen Iverson,Rasheed Wallace,Richard Hamilton,Rodney Stuckey,Tayshaun Prince,3,4:36,DET,shot,,,,,,,,,,Richard Hamilton,,,,missed,,3pt,49,11
Andray Blatche,Antawn Jamison,Caron Butler,DeShawn Stevenson,Mike James,Allen Iverson,Rasheed Wallace,Richard Hamilton,Rodney Stuckey,Tayshaun Prince,3,4:35,WAS,rebound,,,,,,,,,,Andray Blatche,,,,,,def,,
Andray Blatche,Antawn Jamison,Caron Butler,DeShawn Stevenson,Mike James,Allen Iverson,Rasheed Wallace,Richard Hamilton,Rodney Stuckey,Tayshaun Prince,3,4:23,WAS,shot,,,,,,,,,,Antawn Jamison,,,,missed,,hook,14,9
Andray Blatche,Antawn Jamison,Caron Butler,DeShawn Stevenson,Mike James,Allen Iverson,Rasheed Wallace,Richard Hamilton,Rodney Stuckey,Tayshaun Prince,3,4:22,DET,rebound,,,,,,,,,,Rasheed Wallace,,,,,,def,,
Andray Blatche,Antawn Jamison,Caron Butler,DeShawn Stevenson,Mike James,Allen Iverson,Rasheed Wallace,Richard Hamilton,Rodney Stuckey,Tayshaun Prince,3,4:13,DET,turnover,,,,,,,,,,Allen Iverson,,,traveling,,,,,
Andray Blatche,Antawn Jamison,Caron Butler,DeShawn Stevenson,Mike James,Allen Iverson,Rasheed Wallace,Richard Hamilton,Rodney Stuckey,Tayshaun Prince,3,3:57,DET,foul,,,,,,,,DeShawn Stevenson,,Rasheed Wallace,,,,,,shooting,,
Andray Blatche,Antawn Jamison,Caron Butler,DeShawn Stevenson,Mike James,Allen Iverson,Rasheed Wallace,Richard Hamilton,Rodney Stuckey,Tayshaun Prince,3,3:57,WAS,free throw,,,,,,,1,,2,DeShawn Stevenson,,,foul,missed,,,,
Andray Blatche,Antawn Jamison,Caron Butler,DeShawn Stevenson,Mike James,Allen Iverson,Rasheed Wallace,Richard Hamilton,Rodney Stuckey,Tayshaun Prince,3,3:57,WAS,rebound,,,,,,,,,,,,,,,,,,
Andray Blatche,Antawn Jamison,Caron Butler,DeShawn Stevenson,Mike James,Allen Iverson,Rasheed Wallace,Richard Hamilton,Rodney Stuckey,Tayshaun Prince,3,3:57,WAS,free throw,,,,,,,2,,2,DeShawn Stevenson,,,foul,made,,,,
Andray Blatche,Antawn Jamison,Caron Butler,DeShawn Stevenson,Mike James,Allen Iverson,Rasheed Wallace,Richard Hamilton,Rodney Stuckey,Tayshaun Prince,3,3:47,DET,shot,Rodney Stuckey,,,,,,,,,Rasheed Wallace,2,,,made,,dunk,25,6
Andray Blatche,Antawn Jamison,Caron Butler,DeShawn Stevenson,Mike James,Allen Iverson,Rasheed Wallace,Richard Hamilton,Rodney Stuckey,Tayshaun Prince,3,3:32,WAS,shot,,,,,,,,,,Mike James,,,,missed,,jump,17,24
Andray Blatche,Antawn Jamison,Caron Butler,DeShawn Stevenson,Mike James,Allen Iverson,Rasheed Wallace,Richard Hamilton,Rodney Stuckey,Tayshaun Prince,3,3:31,DET,rebound,,,,,,,,,,Richard Hamilton,,,,,,def,,
Andray Blatche,Antawn Jamison,Caron Butler,DeShawn Stevenson,Mike James,Allen Iverson,Rasheed Wallace,Richard Hamilton,Rodney Stuckey,Tayshaun Prince,3,3:19,DET,shot,,,,,,,,,,Rasheed Wallace,,,,missed,,layup,25,6
Andray Blatche,Antawn Jamison,Caron Butler,DeShawn Stevenson,Mike James,Allen Iverson,Rasheed Wallace,Richard Hamilton,Rodney Stuckey,Tayshaun Prince,3,3:18,WAS,rebound,,,,,,,,,,Antawn Jamison,,,,,,def,,
Andray Blatche,Antawn Jamison,Caron Butler,DeShawn Stevenson,Mike James,Allen Iverson,Rasheed Wallace,Richard Hamilton,Rodney Stuckey,Tayshaun Prince,3,3:17,DET,foul,,,,,,,,,,Rasheed Wallace,,,,,,technical,,
Andray Blatche,Antawn Jamison,Caron Butler,DeShawn Stevenson,Mike James,Allen Iverson,Antonio McDyess,Richard Hamilton,Rodney Stuckey,Tayshaun Prince,3,3:17,DET,sub,,,,Antonio McDyess,,Rasheed Wallace,,,,,,,,,,,,
Andray Blatche,Antawn Jamison,Caron Butler,DeShawn Stevenson,Mike James,Antonio McDyess,Arron Afflalo,Richard Hamilton,Rodney Stuckey,Tayshaun Prince,3,3:17,DET,sub,,,,Arron Afflalo,,Allen Iverson,,,,,,,,,,,,
Andray Blatche,Antawn Jamison,Caron Butler,DeShawn Stevenson,Mike James,Antonio McDyess,Arron Afflalo,Richard Hamilton,Rodney Stuckey,Tayshaun Prince,3,3:17,WAS,free throw,,,,,,,1,,1,Caron Butler,,,technical,made,,,,
Andray Blatche,Antawn Jamison,Caron Butler,DeShawn Stevenson,Mike James,Antonio McDyess,Arron Afflalo,Richard Hamilton,Rodney Stuckey,Tayshaun Prince,3,3:09,WAS,shot,Caron Butler,,,,,,,,,Mike James,2,,,made,,reverse layup,25,6
Andray Blatche,Antawn Jamison,Caron Butler,DeShawn Stevenson,Mike James,Antonio McDyess,Arron Afflalo,Richard Hamilton,Rodney Stuckey,Tayshaun Prince,3,2:48,DET,shot,Antonio McDyess,,,,,,,,,Arron Afflalo,2,,,made,,jump,43,7
Andray Blatche,Antawn Jamison,Caron Butler,DeShawn Stevenson,Mike James,Antonio McDyess,Arron Afflalo,Richard Hamilton,Rodney Stuckey,Tayshaun Prince,3,2:20,WAS,shot,,,,,,,,,,Antawn Jamison,,,,missed,,running jump,21,13
Andray Blatche,Antawn Jamison,Caron Butler,DeShawn Stevenson,Mike James,Antonio McDyess,Arron Afflalo,Richard Hamilton,Rodney Stuckey,Tayshaun Prince,3,2:19,WAS,rebound,,,,,,,,,,Andray Blatche,,,,,,off,,
Andray Blatche,Antawn Jamison,Caron Butler,DeShawn Stevenson,Mike James,Antonio McDyess,Arron Afflalo,Richard Hamilton,Rodney Stuckey,Tayshaun Prince,3,2:18,WAS,shot,,,Antonio McDyess,,,,,,,Andray Blatche,,,,missed,,layup,25,6
Andray Blatche,Antawn Jamison,Caron Butler,DeShawn Stevenson,Mike James,Antonio McDyess,Arron Afflalo,Richard Hamilton,Rodney Stuckey,Tayshaun Prince,3,2:15,WAS,rebound,,,,,,,,,,Andray Blatche,,,,,,off,,
Andray Blatche,Antawn Jamison,Caron Butler,DeShawn Stevenson,Mike James,Antonio McDyess,Arron Afflalo,Richard Hamilton,Rodney Stuckey,Tayshaun Prince,3,2:10,DET,foul,,,,,,,,Andray Blatche,,Arron Afflalo,,,,,,shooting,,
Andray Blatche,Antawn Jamison,Caron Butler,DeShawn Stevenson,Mike James,Antonio McDyess,Arron Afflalo,Richard Hamilton,Rodney Stuckey,Tayshaun Prince,3,2:10,WAS,timeout,,,,,,,,,,,,,,,,regular,,
Andray Blatche,Antawn Jamison,Caron Butler,DeShawn Stevenson,Juan Dixon,Antonio McDyess,Arron Afflalo,Richard Hamilton,Rodney Stuckey,Tayshaun Prince,3,2:10,WAS,sub,,,,Juan Dixon,,Mike James,,,,,,,,,,,,
Andray Blatche,Caron Butler,Darius Songaila,DeShawn Stevenson,Juan Dixon,Antonio McDyess,Arron Afflalo,Richard Hamilton,Rodney Stuckey,Tayshaun Prince,3,2:10,WAS,sub,,,,Darius Songaila,,Antawn Jamison,,,,,,,,,,,,
Andray Blatche,Caron Butler,Darius Songaila,DeShawn Stevenson,Juan Dixon,Antonio McDyess,Arron Afflalo,Richard Hamilton,Rodney Stuckey,Tayshaun Prince,3,2:10,WAS,free throw,,,,,,,1,,2,Andray Blatche,,,foul,made,,,,
Andray Blatche,Caron Butler,Darius Songaila,DeShawn Stevenson,Juan Dixon,Antonio McDyess,Arron Afflalo,Richard Hamilton,Rodney Stuckey,Tayshaun Prince,3,2:10,WAS,free throw,,,,,,,2,,2,Andray Blatche,,,foul,made,,,,
Andray Blatche,Caron Butler,Darius Songaila,Juan Dixon,Nick Young,Antonio McDyess,Arron Afflalo,Richard Hamilton,Rodney Stuckey,Tayshaun Prince,3,2:10,WAS,sub,,,,Nick Young,,DeShawn Stevenson,,,,,,,,,,,,
Andray Blatche,Caron Butler,Darius Songaila,Juan Dixon,Nick Young,Antonio McDyess,Arron Afflalo,Richard Hamilton,Rodney Stuckey,Tayshaun Prince,3,1:49,WAS,foul,,,,,,,,Antonio McDyess,,Juan Dixon,,,,,,personal,,
Andray Blatche,Caron Butler,Darius Songaila,Juan Dixon,Nick Young,Antonio McDyess,Arron Afflalo,Richard Hamilton,Rodney Stuckey,Tayshaun Prince,3,1:40,DET,shot,,,,,,,,,,Rodney Stuckey,,,,missed,,jump,17,23
Andray Blatche,Caron Butler,Darius Songaila,Juan Dixon,Nick Young,Antonio McDyess,Arron Afflalo,Richard Hamilton,Rodney Stuckey,Tayshaun Prince,3,1:39,DET,rebound,,,,,,,,,,Richard Hamilton,,,,,,off,,
Andray Blatche,Caron Butler,Darius Songaila,Juan Dixon,Nick Young,Antonio McDyess,Arron Afflalo,Richard Hamilton,Rodney Stuckey,Tayshaun Prince,3,1:37,DET,shot,,,,,,,,,,Richard Hamilton,2,,,made,,putback layup,25,6
Andray Blatche,Caron Butler,Darius Songaila,Juan Dixon,Nick Young,Antonio McDyess,Arron Afflalo,Richard Hamilton,Rodney Stuckey,Tayshaun Prince,3,1:15,WAS,shot,,,,,,,,,,Darius Songaila,,,,missed,,layup,25,6
Andray Blatche,Caron Butler,Darius Songaila,Juan Dixon,Nick Young,Antonio McDyess,Arron Afflalo,Richard Hamilton,Rodney Stuckey,Tayshaun Prince,3,1:14,DET,rebound,,,,,,,,,,Arron Afflalo,,,,,,def,,
Andray Blatche,Caron Butler,Darius Songaila,Juan Dixon,Nick Young,Antonio McDyess,Arron Afflalo,Richard Hamilton,Rodney Stuckey,Tayshaun Prince,3,1:07,DET,shot,Richard Hamilton,,,,,,,,,Rodney Stuckey,2,,,made,,pullup jump,10,16
Andray Blatche,Caron Butler,Darius Songaila,Juan Dixon,Nick Young,Antonio McDyess,Arron Afflalo,Richard Hamilton,Rodney Stuckey,Tayshaun Prince,3,0:46,WAS,shot,,,,,,,,,,Nick Young,,,,missed,,jump,41,13
Andray Blatche,Caron Butler,Darius Songaila,Juan Dixon,Nick Young,Antonio McDyess,Arron Afflalo,Richard Hamilton,Rodney Stuckey,Tayshaun Prince,3,0:45,DET,rebound,,,,,,,,,,Tayshaun Prince,,,,,,def,,
Andray Blatche,Caron Butler,Darius Songaila,Juan Dixon,Nick Young,Antonio McDyess,Arron Afflalo,Richard Hamilton,Rodney Stuckey,Tayshaun Prince,3,0:39,DET,shot,,,,,,,,,,Richard Hamilton,,,,missed,,jump,37,17
Andray Blatche,Caron Butler,Darius Songaila,Juan Dixon,Nick Young,Antonio McDyess,Arron Afflalo,Richard Hamilton,Rodney Stuckey,Tayshaun Prince,3,0:38,WAS,rebound,,,,,,,,,,Juan Dixon,,,,,,def,,
Andray Blatche,Caron Butler,Darius Songaila,Juan Dixon,Nick Young,Antonio McDyess,Arron Afflalo,Richard Hamilton,Rodney Stuckey,Tayshaun Prince,3,0:30,WAS,shot,,,,,,,,,,Juan Dixon,2,,,made,,running jump,36,10
Andray Blatche,Caron Butler,Darius Songaila,Juan Dixon,Nick Young,Antonio McDyess,Arron Afflalo,Richard Hamilton,Rodney Stuckey,Tayshaun Prince,3,0:30,DET,foul,,,,,,,,Juan Dixon,,Richard Hamilton,,,,,,shooting,,
Andray Blatche,Darius Songaila,Dominic McGuire,Juan Dixon,Nick Young,Antonio McDyess,Arron Afflalo,Richard Hamilton,Rodney Stuckey,Tayshaun Prince,3,0:30,WAS,sub,,,,Dominic McGuire,,Caron Butler,,,,,,,,,,,,
Andray Blatche,Darius Songaila,Dominic McGuire,Juan Dixon,Nick Young,Antonio McDyess,Arron Afflalo,Richard Hamilton,Rodney Stuckey,Tayshaun Prince,3,0:30,WAS,free throw,,,,,,,1,,1,Juan Dixon,,,foul,made,,,,
Andray Blatche,Darius Songaila,Dominic McGuire,Juan Dixon,Nick Young,Antonio McDyess,Arron Afflalo,Richard Hamilton,Rodney Stuckey,Tayshaun Prince,3,0:06,DET,shot,,,,,,,,,,Arron Afflalo,,,,missed,,3pt,5,24
Andray Blatche,Darius Songaila,Dominic McGuire,Juan Dixon,Nick Young,Antonio McDyess,Arron Afflalo,Richard Hamilton,Rodney Stuckey,Tayshaun Prince,3,0:06,DET,rebound,,,,,,,,,,,,,,,,,,
Andray Blatche,Darius Songaila,Dominic McGuire,Juan Dixon,Nick Young,Antonio McDyess,Arron Afflalo,Richard Hamilton,Rodney Stuckey,Tayshaun Prince,3,0:06,DET,turnover,,,,,,,,,,,,,shot clock turnover,,,,,
Andray Blatche,Darius Songaila,Dominic McGuire,Juan Dixon,Nick Young,Antonio McDyess,Arron Afflalo,Richard Hamilton,Rodney Stuckey,Tayshaun Prince,3,0:00,WAS,shot,,,,,,,,,,Nick Young,2,,,made,,driving layup,25,6
Antawn Jamison,Darius Songaila,Dominic McGuire,Juan Dixon,Nick Young,Allen Iverson,Antonio McDyess,Jason Maxiell,Rodney Stuckey,Tayshaun Prince,4,11:40,DET,turnover,,,,,,,,,,Tayshaun Prince,,,lost ball,,Juan Dixon,,,
Antawn Jamison,Darius Songaila,Dominic McGuire,Juan Dixon,Nick Young,Allen Iverson,Antonio McDyess,Jason Maxiell,Rodney Stuckey,Tayshaun Prince,4,11:22,WAS,shot,,,,,,,,,,Antawn Jamison,,,,missed,,jump,16,20
Antawn Jamison,Darius Songaila,Dominic McGuire,Juan Dixon,Nick Young,Allen Iverson,Antonio McDyess,Jason Maxiell,Rodney Stuckey,Tayshaun Prince,4,11:21,WAS,rebound,,,,,,,,,,Dominic McGuire,,,,,,off,,
Antawn Jamison,Darius Songaila,Dominic McGuire,Juan Dixon,Nick Young,Allen Iverson,Antonio McDyess,Jason Maxiell,Rodney Stuckey,Tayshaun Prince,4,11:20,DET,foul,,,,,,,,Dominic McGuire,,Jason Maxiell,,,,,,shooting,,
Antawn Jamison,Darius Songaila,Dominic McGuire,Juan Dixon,Nick Young,Allen Iverson,Antonio McDyess,Jason Maxiell,Rodney Stuckey,Tayshaun Prince,4,11:20,WAS,free throw,,,,,,,1,,2,Dominic McGuire,,,foul,made,,,,
Antawn Jamison,Darius Songaila,Dominic McGuire,Juan Dixon,Nick Young,Allen Iverson,Antonio McDyess,Jason Maxiell,Rodney Stuckey,Tayshaun Prince,4,11:20,WAS,free throw,,,,,,,2,,2,Dominic McGuire,,,foul,made,,,,
Antawn Jamison,Darius Songaila,Dominic McGuire,Juan Dixon,Nick Young,Allen Iverson,Antonio McDyess,Jason Maxiell,Rodney Stuckey,Tayshaun Prince,4,11:07,DET,shot,,,,,,,,,,Allen Iverson,,,,missed,,jump,19,22
Antawn Jamison,Darius Songaila,Dominic McGuire,Juan Dixon,Nick Young,Allen Iverson,Antonio McDyess,Jason Maxiell,Rodney Stuckey,Tayshaun Prince,4,11:06,WAS,rebound,,,,,,,,,,Darius Songaila,,,,,,def,,
Antawn Jamison,Darius Songaila,Dominic McGuire,Juan Dixon,Nick Young,Allen Iverson,Antonio McDyess,Jason Maxiell,Rodney Stuckey,Tayshaun Prince,4,10:46,WAS,shot,,,Antonio McDyess,,,,,,,Nick Young,,,,missed,,layup,25,6
Antawn Jamison,Darius Songaila,Dominic McGuire,Juan Dixon,Nick Young,Allen Iverson,Antonio McDyess,Jason Maxiell,Rodney Stuckey,Tayshaun Prince,4,10:46,WAS,rebound,,,,,,,,,,,,,,,,,,
Antawn Jamison,Darius Songaila,Dominic McGuire,Juan Dixon,Nick Young,Allen Iverson,Antonio McDyess,Jason Maxiell,Rodney Stuckey,Tayshaun Prince,4,10:41,WAS,shot,,,,,,,,,,Juan Dixon,,,,missed,,running jump,17,10
Antawn Jamison,Darius Songaila,Dominic McGuire,Juan Dixon,Nick Young,Allen Iverson,Antonio McDyess,Jason Maxiell,Rodney Stuckey,Tayshaun Prince,4,10:40,DET,rebound,,,,,,,,,,Antonio McDyess,,,,,,def,,
Antawn Jamison,Darius Songaila,Dominic McGuire,Juan Dixon,Nick Young,Allen Iverson,Antonio McDyess,Jason Maxiell,Rodney Stuckey,Tayshaun Prince,4,10:22,DET,shot,Tayshaun Prince,,,,,,,,,Rodney Stuckey,2,,,made,,jump,18,25
Antawn Jamison,Darius Songaila,Dominic McGuire,Juan Dixon,Nick Young,Allen Iverson,Antonio McDyess,Jason Maxiell,Rodney Stuckey,Tayshaun Prince,4,10:10,WAS,shot,,,Tayshaun Prince,,,,,,,Antawn Jamison,,,,missed,,3pt,43,23
Antawn Jamison,Darius Songaila,Dominic McGuire,Juan Dixon,Nick Young,Allen Iverson,Antonio McDyess,Jason Maxiell,Rodney Stuckey,Tayshaun Prince,4,10:08,WAS,rebound,,,,,,,,,,Antawn Jamison,,,,,,off,,
Antawn Jamison,Darius Songaila,Dominic McGuire,Juan Dixon,Nick Young,Allen Iverson,Antonio McDyess,Jason Maxiell,Rodney Stuckey,Tayshaun Prince,4,10:06,WAS,shot,,,,,,,,,,Antawn Jamison,2,,,made,,layup,25,6
Antawn Jamison,Darius Songaila,Dominic McGuire,Juan Dixon,Nick Young,Allen Iverson,Antonio McDyess,Jason Maxiell,Rodney Stuckey,Tayshaun Prince,4,10:06,DET,violation,,,,,,,,,,Jason Maxiell,,,,,,defensive goaltending,,
Antawn Jamison,Darius Songaila,Dominic McGuire,Juan Dixon,Nick Young,Allen Iverson,Antonio McDyess,Jason Maxiell,Rodney Stuckey,Tayshaun Prince,4,9:48,WAS,foul,,,,,,,,Rodney Stuckey,,Nick Young,,,,,,shooting,,
Antawn Jamison,Darius Songaila,Dominic McGuire,Juan Dixon,Nick Young,Allen Iverson,Antonio McDyess,Jason Maxiell,Rodney Stuckey,Tayshaun Prince,4,9:48,DET,free throw,,,,,,,1,,2,Rodney Stuckey,,,foul,made,,,,
Antawn Jamison,Darius Songaila,Dominic McGuire,Juan Dixon,Nick Young,Allen Iverson,Antonio McDyess,Jason Maxiell,Rodney Stuckey,Tayshaun Prince,4,9:48,DET,free throw,,,,,,,2,,2,Rodney Stuckey,,,foul,made,,,,
Antawn Jamison,Darius Songaila,Dominic McGuire,Juan Dixon,Nick Young,Allen Iverson,Antonio McDyess,Jason Maxiell,Rodney Stuckey,Tayshaun Prince,4,9:22,WAS,shot,,,,,,,,,,Juan Dixon,,,,missed,,3pt,11,29
Antawn Jamison,Darius Songaila,Dominic McGuire,Juan Dixon,Nick Young,Allen Iverson,Antonio McDyess,Jason Maxiell,Rodney Stuckey,Tayshaun Prince,4,9:22,WAS,rebound,,,,,,,,,,,,,,,,,,
Antawn Jamison,Darius Songaila,Dominic McGuire,Juan Dixon,Nick Young,Allen Iverson,Antonio McDyess,Jason Maxiell,Rodney Stuckey,Tayshaun Prince,4,9:22,WAS,turnover,,,,,,,,,,,,,shot clock turnover,,,,,
Antawn Jamison,Darius Songaila,Dominic McGuire,Juan Dixon,Nick Young,Allen Iverson,Antonio McDyess,Jason Maxiell,Rodney Stuckey,Tayshaun Prince,4,9:09,DET,shot,Rodney Stuckey,,,,,,,,,Allen Iverson,2,,,made,,jump,38,25
Antawn Jamison,Darius Songaila,Dominic McGuire,Juan Dixon,Nick Young,Allen Iverson,Antonio McDyess,Jason Maxiell,Rodney Stuckey,Tayshaun Prince,4,8:51,WAS,shot,Nick Young,,,,,,,,,Antawn Jamison,2,,,made,,floating jump,17,18
Antawn Jamison,Darius Songaila,Dominic McGuire,Juan Dixon,Nick Young,Allen Iverson,Antonio McDyess,Jason Maxiell,Rodney Stuckey,Tayshaun Prince,4,8:39,WAS,foul,,,,,,,,Rodney Stuckey,,Nick Young,,,,,,shooting,,
Antawn Jamison,Darius Songaila,Dominic McGuire,Juan Dixon,Nick Young,Allen Iverson,Antonio McDyess,Jason Maxiell,Rodney Stuckey,Tayshaun Prince,4,8:39,OFF,timeout,,,,,,,,,,,,,,,,official,,
Antawn Jamison,Darius Songaila,Dominic McGuire,Juan Dixon,Nick Young,Allen Iverson,Antonio McDyess,Jason Maxiell,Rodney Stuckey,Tayshaun Prince,4,8:39,DET,free throw,,,,,,,1,,2,Rodney Stuckey,,,foul,made,,,,
Antawn Jamison,Darius Songaila,Dominic McGuire,Juan Dixon,Nick Young,Allen Iverson,Antonio McDyess,Jason Maxiell,Rodney Stuckey,Tayshaun Prince,4,8:39,DET,free throw,,,,,,,2,,2,Rodney Stuckey,,,foul,made,,,,
Antawn Jamison,Darius Songaila,Dominic McGuire,Juan Dixon,Nick Young,Allen Iverson,Antonio McDyess,Jason Maxiell,Rodney Stuckey,Tayshaun Prince,4,8:22,WAS,shot,,,Jason Maxiell,,,,,,,Nick Young,,,,missed,,layup,25,6
Antawn Jamison,Darius Songaila,Dominic McGuire,Juan Dixon,Nick Young,Allen Iverson,Antonio McDyess,Jason Maxiell,Rodney Stuckey,Tayshaun Prince,4,8:20,DET,rebound,,,,,,,,,,Jason Maxiell,,,,,,def,,
Antawn Jamison,Darius Songaila,Dominic McGuire,Juan Dixon,Nick Young,Allen Iverson,Antonio McDyess,Jason Maxiell,Rodney Stuckey,Tayshaun Prince,4,8:07,DET,shot,Rodney Stuckey,,,,,,,,,Tayshaun Prince,2,,,made,,dunk,25,6
Antawn Jamison,Darius Songaila,Dominic McGuire,Juan Dixon,Nick Young,Allen Iverson,Antonio McDyess,Jason Maxiell,Rodney Stuckey,Tayshaun Prince,4,7:49,WAS,shot,,,,,,,,,,Nick Young,,,,missed,,jump,10,18
Antawn Jamison,Darius Songaila,Dominic McGuire,Juan Dixon,Nick Young,Allen Iverson,Antonio McDyess,Jason Maxiell,Rodney Stuckey,Tayshaun Prince,4,7:47,WAS,rebound,,,,,,,,,,Darius Songaila,,,,,,off,,
Antawn Jamison,Darius Songaila,Dominic McGuire,Juan Dixon,Nick Young,Allen Iverson,Antonio McDyess,Jason Maxiell,Rodney Stuckey,Tayshaun Prince,4,7:44,WAS,shot,,,Antonio McDyess,,,,,,,Dominic McGuire,,,,missed,,layup,25,6
Antawn Jamison,Darius Songaila,Dominic McGuire,Juan Dixon,Nick Young,Allen Iverson,Antonio McDyess,Jason Maxiell,Rodney Stuckey,Tayshaun Prince,4,7:42,DET,rebound,,,,,,,,,,Allen Iverson,,,,,,def,,
Antawn Jamison,Darius Songaila,Dominic McGuire,Juan Dixon,Nick Young,Allen Iverson,Antonio McDyess,Jason Maxiell,Rodney Stuckey,Tayshaun Prince,4,7:42,DET,timeout,,,,,,,,,,,,,,,,regular,,
Antawn Jamison,Darius Songaila,DeShawn Stevenson,Dominic McGuire,Juan Dixon,Allen Iverson,Antonio McDyess,Jason Maxiell,Rodney Stuckey,Tayshaun Prince,4,7:42,WAS,sub,,,,DeShawn Stevenson,,Nick Young,,,,,,,,,,,,
Antawn Jamison,Caron Butler,Darius Songaila,DeShawn Stevenson,Juan Dixon,Allen Iverson,Antonio McDyess,Jason Maxiell,Rodney Stuckey,Tayshaun Prince,4,7:42,WAS,sub,,,,Caron Butler,,Dominic McGuire,,,,,,,,,,,,
Antawn Jamison,Caron Butler,Darius Songaila,DeShawn Stevenson,Mike James,Allen Iverson,Antonio McDyess,Jason Maxiell,Rodney Stuckey,Tayshaun Prince,4,7:42,WAS,sub,,,,Mike James,,Juan Dixon,,,,,,,,,,,,
Andray Blatche,Antawn Jamison,Caron Butler,DeShawn Stevenson,Mike James,Allen Iverson,Antonio McDyess,Jason Maxiell,Rodney Stuckey,Tayshaun Prince,4,7:42,WAS,sub,,,,Andray Blatche,,Darius Songaila,,,,,,,,,,,,
Andray Blatche,Antawn Jamison,Caron Butler,DeShawn Stevenson,Mike James,Allen Iverson,Antonio McDyess,Jason Maxiell,Rodney Stuckey,Tayshaun Prince,4,7:29,DET,shot,,,Antawn Jamison,,,,,,,Rodney Stuckey,,,,missed,,layup,25,6
Andray Blatche,Antawn Jamison,Caron Butler,DeShawn Stevenson,Mike James,Allen Iverson,Antonio McDyess,Jason Maxiell,Rodney Stuckey,Tayshaun Prince,4,7:28,DET,rebound,,,,,,,,,,Rodney Stuckey,,,,,,off,,
Andray Blatche,Antawn Jamison,Caron Butler,DeShawn Stevenson,Mike James,Allen Iverson,Antonio McDyess,Jason Maxiell,Rodney Stuckey,Tayshaun Prince,4,7:25,DET,shot,,,,,,,,,,Rodney Stuckey,,,,missed,,layup,25,6
Andray Blatche,Antawn Jamison,Caron Butler,DeShawn Stevenson,Mike James,Allen Iverson,Antonio McDyess,Jason Maxiell,Rodney Stuckey,Tayshaun Prince,4,7:24,DET,rebound,,,,,,,,,,Jason Maxiell,,,,,,off,,
Andray Blatche,Antawn Jamison,Caron Butler,DeShawn Stevenson,Mike James,Allen Iverson,Antonio McDyess,Jason Maxiell,Rodney Stuckey,Tayshaun Prince,4,7:24,WAS,foul,,,,,,,,Jason Maxiell,,Caron Butler,,,,,,shooting,,
Andray Blatche,Antawn Jamison,Caron Butler,DeShawn Stevenson,Mike James,Allen Iverson,Antonio McDyess,Jason Maxiell,Rodney Stuckey,Tayshaun Prince,4,7:24,DET,free throw,,,,,,,1,,2,Jason Maxiell,,,foul,missed,,,,
Andray Blatche,Antawn Jamison,Caron Butler,DeShawn Stevenson,Mike James,Allen Iverson,Antonio McDyess,Jason Maxiell,Rodney Stuckey,Tayshaun Prince,4,7:24,DET,rebound,,,,,,,,,,,,,,,,,,
Andray Blatche,Antawn Jamison,Caron Butler,DeShawn Stevenson,Mike James,Allen Iverson,Antonio McDyess,Jason Maxiell,Rodney Stuckey,Tayshaun Prince,4,7:24,DET,free throw,,,,,,,2,,2,Jason Maxiell,,,foul,missed,,,,
Andray Blatche,Antawn Jamison,Caron Butler,DeShawn Stevenson,Mike James,Allen Iverson,Antonio McDyess,Jason Maxiell,Rodney Stuckey,Tayshaun Prince,4,7:23,WAS,rebound,,,,,,,,,,Antawn Jamison,,,,,,def,,
Andray Blatche,Antawn Jamison,Caron Butler,DeShawn Stevenson,Mike James,Allen Iverson,Antonio McDyess,Jason Maxiell,Rodney Stuckey,Tayshaun Prince,4,7:01,WAS,shot,,,,,,,,,,DeShawn Stevenson,,,,missed,,fade away jumper,10,14
Andray Blatche,Antawn Jamison,Caron Butler,DeShawn Stevenson,Mike James,Allen Iverson,Antonio McDyess,Jason Maxiell,Rodney Stuckey,Tayshaun Prince,4,6:59,DET,rebound,,,,,,,,,,Tayshaun Prince,,,,,,def,,
Andray Blatche,Antawn Jamison,Caron Butler,DeShawn Stevenson,Mike James,Allen Iverson,Antonio McDyess,Jason Maxiell,Rodney Stuckey,Tayshaun Prince,4,6:47,DET,shot,,,,,,,,,,Rodney Stuckey,,,,missed,,3pt,3,23
Andray Blatche,Antawn Jamison,Caron Butler,DeShawn Stevenson,Mike James,Allen Iverson,Antonio McDyess,Jason Maxiell,Rodney Stuckey,Tayshaun Prince,4,6:46,DET,rebound,,,,,,,,,,Antonio McDyess,,,,,,off,,
Andray Blatche,Antawn Jamison,Caron Butler,DeShawn Stevenson,Mike James,Allen Iverson,Antonio McDyess,Jason Maxiell,Rodney Stuckey,Tayshaun Prince,4,6:41,DET,shot,,,,,,,,,,Allen Iverson,,,,missed,,jump,40,19
Andray Blatche,Antawn Jamison,Caron Butler,DeShawn Stevenson,Mike James,Allen Iverson,Antonio McDyess,Jason Maxiell,Rodney Stuckey,Tayshaun Prince,4,6:40,WAS,rebound,,,,,,,,,,Caron Butler,,,,,,def,,
Andray Blatche,Antawn Jamison,Caron Butler,DeShawn Stevenson,Mike James,Allen Iverson,Antonio McDyess,Jason Maxiell,Rodney Stuckey,Tayshaun Prince,4,6:27,WAS,shot,,,,,,,,,,Antawn Jamison,,,,missed,,jump,11,22
Andray Blatche,Antawn Jamison,Caron Butler,DeShawn Stevenson,Mike James,Allen Iverson,Antonio McDyess,Jason Maxiell,Rodney Stuckey,Tayshaun Prince,4,6:26,DET,rebound,,,,,,,,,,Tayshaun Prince,,,,,,def,,
Andray Blatche,Antawn Jamison,Caron Butler,DeShawn Stevenson,Mike James,Allen Iverson,Antonio McDyess,Jason Maxiell,Rodney Stuckey,Tayshaun Prince,4,6:07,DET,shot,,,,,,,,,,Jason Maxiell,,,,missed,,jump,8,12
Andray Blatche,Antawn Jamison,Caron Butler,DeShawn Stevenson,Mike James,Allen Iverson,Antonio McDyess,Jason Maxiell,Rodney Stuckey,Tayshaun Prince,4,6:07,WAS,rebound,,,,,,,,,,,,,,,,,,
Andray Blatche,Antawn Jamison,Caron Butler,DeShawn Stevenson,Mike James,Allen Iverson,Antonio McDyess,Jason Maxiell,Rodney Stuckey,Tayshaun Prince,4,5:47,DET,foul,,,,,,,,Antawn Jamison,,Jason Maxiell,,,,,,shooting,,
Andray Blatche,Antawn Jamison,Caron Butler,DeShawn Stevenson,Mike James,Allen Iverson,Antonio McDyess,Jason Maxiell,Rodney Stuckey,Tayshaun Prince,4,5:47,WAS,free throw,,,,,,,1,,2,Antawn Jamison,,,foul,missed,,,,
Andray Blatche,Antawn Jamison,Caron Butler,DeShawn Stevenson,Mike James,Allen Iverson,Antonio McDyess,Jason Maxiell,Rodney Stuckey,Tayshaun Prince,4,5:47,WAS,rebound,,,,,,,,,,,,,,,,,,
Andray Blatche,Antawn Jamison,Caron Butler,DeShawn Stevenson,Mike James,Allen Iverson,Antonio McDyess,Rasheed Wallace,Rodney Stuckey,Tayshaun Prince,4,5:47,DET,sub,,,,Rasheed Wallace,,Jason Maxiell,,,,,,,,,,,,
Andray Blatche,Antawn Jamison,Caron Butler,DeShawn Stevenson,Mike James,Allen Iverson,Antonio McDyess,Rasheed Wallace,Rodney Stuckey,Tayshaun Prince,4,5:47,WAS,free throw,,,,,,,2,,2,Antawn Jamison,,,foul,made,,,,
Andray Blatche,Antawn Jamison,Caron Butler,DeShawn Stevenson,Mike James,Allen Iverson,Antonio McDyess,Rasheed Wallace,Rodney Stuckey,Tayshaun Prince,4,5:30,DET,shot,Allen Iverson,,,,,,,,,Antonio McDyess,2,,,made,,layup,25,6
Andray Blatche,Antawn Jamison,Caron Butler,DeShawn Stevenson,Mike James,Allen Iverson,Antonio McDyess,Rasheed Wallace,Rodney Stuckey,Tayshaun Prince,4,5:13,WAS,shot,,,,,,,,,,Andray Blatche,,,,missed,,jump,20,24
Andray Blatche,Antawn Jamison,Caron Butler,DeShawn Stevenson,Mike James,Allen Iverson,Antonio McDyess,Rasheed Wallace,Rodney Stuckey,Tayshaun Prince,4,5:12,DET,rebound,,,,,,,,,,Tayshaun Prince,,,,,,def,,
Andray Blatche,Antawn Jamison,Caron Butler,DeShawn Stevenson,Mike James,Allen Iverson,Antonio McDyess,Rasheed Wallace,Rodney Stuckey,Tayshaun Prince,4,4:52,DET,shot,,,,,,,,,,Antonio McDyess,,,,missed,,turnaround jump,18,19
Andray Blatche,Antawn Jamison,Caron Butler,DeShawn Stevenson,Mike James,Allen Iverson,Antonio McDyess,Rasheed Wallace,Rodney Stuckey,Tayshaun Prince,4,4:51,WAS,rebound,,,,,,,,,,Andray Blatche,,,,,,def,,
Andray Blatche,Antawn Jamison,Caron Butler,DeShawn Stevenson,Mike James,Allen Iverson,Antonio McDyess,Rasheed Wallace,Rodney Stuckey,Tayshaun Prince,4,4:41,WAS,shot,,,,,,,,,,Antawn Jamison,,,,missed,,turnaround hook,35,9
Andray Blatche,Antawn Jamison,Caron Butler,DeShawn Stevenson,Mike James,Allen Iverson,Antonio McDyess,Rasheed Wallace,Rodney Stuckey,Tayshaun Prince,4,4:40,DET,rebound,,,,,,,,,,Antonio McDyess,,,,,,def,,
Andray Blatche,Antawn Jamison,Caron Butler,DeShawn Stevenson,Mike James,Allen Iverson,Antonio McDyess,Rasheed Wallace,Rodney Stuckey,Tayshaun Prince,4,4:17,DET,shot,Allen Iverson,,,,,,,,,Tayshaun Prince,2,,,made,,jump,5,10
Andray Blatche,Antawn Jamison,Caron Butler,DeShawn Stevenson,Mike James,Allen Iverson,Antonio McDyess,Rasheed Wallace,Rodney Stuckey,Tayshaun Prince,4,4:09,WAS,timeout,,,,,,,,,,,,,,,,regular,,
Andray Blatche,Antawn Jamison,Caron Butler,DeShawn Stevenson,Mike James,Allen Iverson,Antonio McDyess,Rasheed Wallace,Rodney Stuckey,Tayshaun Prince,4,4:00,WAS,shot,,,,,,,,,,Mike James,,,,missed,,reverse layup,25,6
Andray Blatche,Antawn Jamison,Caron Butler,DeShawn Stevenson,Mike James,Allen Iverson,Antonio McDyess,Rasheed Wallace,Rodney Stuckey,Tayshaun Prince,4,3:59,WAS,rebound,,,,,,,,,,Andray Blatche,,,,,,off,,
Andray Blatche,Antawn Jamison,Caron Butler,DeShawn Stevenson,Mike James,Allen Iverson,Antonio McDyess,Rasheed Wallace,Rodney Stuckey,Tayshaun Prince,4,3:56,WAS,shot,,,,,,,,,,Andray Blatche,2,,,made,,putback layup,25,6
Andray Blatche,Antawn Jamison,Caron Butler,DeShawn Stevenson,Mike James,Allen Iverson,Antonio McDyess,Rasheed Wallace,Rodney Stuckey,Tayshaun Prince,4,3:38,DET,shot,Rodney Stuckey,,,,,,,,,Antonio McDyess,2,,,made,,reverse layup,25,6
Andray Blatche,Antawn Jamison,Caron Butler,DeShawn Stevenson,Mike James,Allen Iverson,Antonio McDyess,Rasheed Wallace,Rodney Stuckey,Tayshaun Prince,4,3:21,WAS,turnover,,,,,,,,,,Mike James,,,bad pass,,Tayshaun Prince,,,
Andray Blatche,Antawn Jamison,Caron Butler,DeShawn Stevenson,Mike James,Allen Iverson,Antonio McDyess,Rasheed Wallace,Rodney Stuckey,Tayshaun Prince,4,3:09,DET,shot,,,,,,,,,,Rodney Stuckey,2,,,made,,driving layup,25,6
Andray Blatche,Antawn Jamison,Caron Butler,DeShawn Stevenson,Mike James,Allen Iverson,Antonio McDyess,Rasheed Wallace,Rodney Stuckey,Tayshaun Prince,4,2:53,WAS,turnover,,,,,,,,,,Caron Butler,,,bad pass,,Allen Iverson,,,
Andray Blatche,Antawn Jamison,Caron Butler,DeShawn Stevenson,Mike James,Allen Iverson,Antonio McDyess,Rasheed Wallace,Rodney Stuckey,Tayshaun Prince,4,2:49,DET,shot,,,,,,,,,,Allen Iverson,2,,,made,,layup,25,6
Andray Blatche,Antawn Jamison,Caron Butler,DeShawn Stevenson,Mike James,Allen Iverson,Antonio McDyess,Rasheed Wallace,Rodney Stuckey,Tayshaun Prince,4,2:42,WAS,timeout,,,,,,,,,,,,,,,,regular,,
Andray Blatche,Antawn Jamison,Caron Butler,DeShawn Stevenson,Mike James,Allen Iverson,Antonio McDyess,Rasheed Wallace,Rodney Stuckey,Tayshaun Prince,4,2:33,DET,foul,,,,,,,,Antawn Jamison,,Antonio McDyess,,,,,,shooting,,
Andray Blatche,Antawn Jamison,Caron Butler,DeShawn Stevenson,Mike James,Allen Iverson,Antonio McDyess,Rasheed Wallace,Rodney Stuckey,Tayshaun Prince,4,2:33,WAS,free throw,,,,,,,1,,2,Antawn Jamison,,,foul,made,,,,
Andray Blatche,Antawn Jamison,Caron Butler,DeShawn Stevenson,Mike James,Allen Iverson,Antonio McDyess,Rasheed Wallace,Rodney Stuckey,Tayshaun Prince,4,2:33,WAS,free throw,,,,,,,2,,2,Antawn Jamison,,,foul,made,,,,
Andray Blatche,Antawn Jamison,Caron Butler,DeShawn Stevenson,Mike James,Allen Iverson,Antonio McDyess,Rasheed Wallace,Rodney Stuckey,Tayshaun Prince,4,2:18,DET,shot,,,,,,,,,,Allen Iverson,2,,,made,,driving finger roll layup,25,6
Andray Blatche,Antawn Jamison,Caron Butler,DeShawn Stevenson,Mike James,Allen Iverson,Antonio McDyess,Rasheed Wallace,Rodney Stuckey,Tayshaun Prince,4,2:18,WAS,foul,,,,,,,,Allen Iverson,,DeShawn Stevenson,,,,,,shooting,,
Andray Blatche,Antawn Jamison,Caron Butler,DeShawn Stevenson,Mike James,Allen Iverson,Antonio McDyess,Rasheed Wallace,Rodney Stuckey,Tayshaun Prince,4,2:18,DET,free throw,,,,,,,1,,1,Allen Iverson,,,foul,missed,,,,
Andray Blatche,Antawn Jamison,Caron Butler,DeShawn Stevenson,Mike James,Allen Iverson,Antonio McDyess,Rasheed Wallace,Rodney Stuckey,Tayshaun Prince,4,2:16,WAS,rebound,,,,,,,,,,Andray Blatche,,,,,,def,,
Andray Blatche,Antawn Jamison,Caron Butler,DeShawn Stevenson,Mike James,Allen Iverson,Antonio McDyess,Rasheed Wallace,Rodney Stuckey,Tayshaun Prince,4,2:06,WAS,turnover,,,,,,,,,,Andray Blatche,,,palming turnover,,,,,
Andray Blatche,Antawn Jamison,Caron Butler,DeShawn Stevenson,Mike James,Allen Iverson,Antonio McDyess,Rasheed Wallace,Rodney Stuckey,Tayshaun Prince,4,1:50,DET,timeout,,,,,,,,,,,,,,,,short,,
Andray Blatche,Antawn Jamison,Caron Butler,DeShawn Stevenson,Mike James,Allen Iverson,Antonio McDyess,Rasheed Wallace,Rodney Stuckey,Tayshaun Prince,4,1:49,DET,shot,Rodney Stuckey,,,,,,,,,Tayshaun Prince,2,,,made,,layup,25,6
Andray Blatche,Antawn Jamison,Caron Butler,DeShawn Stevenson,Mike James,Allen Iverson,Antonio McDyess,Rasheed Wallace,Rodney Stuckey,Tayshaun Prince,4,1:35,DET,foul,,,,,,,,DeShawn Stevenson,,Rasheed Wallace,,,,,,shooting,,
Andray Blatche,Antawn Jamison,Caron Butler,DeShawn Stevenson,Mike James,Allen Iverson,Antonio McDyess,Rasheed Wallace,Rodney Stuckey,Tayshaun Prince,4,1:35,WAS,free throw,,,,,,,1,,2,DeShawn Stevenson,,,foul,missed,,,,
Andray Blatche,Antawn Jamison,Caron Butler,DeShawn Stevenson,Mike James,Allen Iverson,Antonio McDyess,Rasheed Wallace,Rodney Stuckey,Tayshaun Prince,4,1:35,WAS,rebound,,,,,,,,,,,,,,,,,,
Andray Blatche,Antawn Jamison,Caron Butler,DeShawn Stevenson,Mike James,Allen Iverson,Antonio McDyess,Rasheed Wallace,Rodney Stuckey,Tayshaun Prince,4,1:35,WAS,free throw,,,,,,,2,,2,DeShawn Stevenson,,,foul,missed,,,,
Andray Blatche,Antawn Jamison,Caron Butler,DeShawn Stevenson,Mike James,Allen Iverson,Antonio McDyess,Rasheed Wallace,Rodney Stuckey,Tayshaun Prince,4,1:34,DET,rebound,,,,,,,,,,Tayshaun Prince,,,,,,def,,
Andray Blatche,Antawn Jamison,Caron Butler,DeShawn Stevenson,Mike James,Allen Iverson,Antonio McDyess,Rasheed Wallace,Rodney Stuckey,Tayshaun Prince,4,1:14,DET,shot,,,,,,,,,,Allen Iverson,2,,,made,,driving layup,25,6
Andray Blatche,Antawn Jamison,Caron Butler,DeShawn Stevenson,Mike James,Allen Iverson,Antonio McDyess,Rasheed Wallace,Rodney Stuckey,Tayshaun Prince,4,1:04,WAS,shot,,,,,,,,,,DeShawn Stevenson,2,,,made,,driving layup,25,6
Andray Blatche,Antawn Jamison,Caron Butler,DeShawn Stevenson,Mike James,Allen Iverson,Antonio McDyess,Rasheed Wallace,Rodney Stuckey,Tayshaun Prince,4,0:44,DET,shot,,,,,,,,,,Tayshaun Prince,,,,missed,,jump,5,13
Andray Blatche,Antawn Jamison,Caron Butler,DeShawn Stevenson,Mike James,Allen Iverson,Antonio McDyess,Rasheed Wallace,Rodney Stuckey,Tayshaun Prince,4,0:41,WAS,rebound,,,,,,,,,,Antawn Jamison,,,,,,def,,
Andray Blatche,Antawn Jamison,Caron Butler,DeShawn Stevenson,Mike James,Allen Iverson,Antonio McDyess,Rasheed Wallace,Rodney Stuckey,Tayshaun Prince,4,0:35,WAS,shot,Andray Blatche,,,,,,,,,Mike James,3,,,made,,3pt,2,16
Andray Blatche,Antawn Jamison,Caron Butler,DeShawn Stevenson,Mike James,Allen Iverson,Antonio McDyess,Rasheed Wallace,Rodney Stuckey,Tayshaun Prince,4,0:17,WAS,foul,,,,,,,,Rodney Stuckey,,DeShawn Stevenson,,,,,,shooting,,
Andray Blatche,Antawn Jamison,Caron Butler,DeShawn Stevenson,Mike James,Allen Iverson,Antonio McDyess,Rasheed Wallace,Rodney Stuckey,Tayshaun Prince,4,0:17,DET,free throw,,,,,,,1,,2,Rodney Stuckey,,,foul,made,,,,
Andray Blatche,Antawn Jamison,Caron Butler,DeShawn Stevenson,Mike James,Antonio McDyess,Arron Afflalo,Rasheed Wallace,Rodney Stuckey,Tayshaun Prince,4,0:17,DET,sub,,,,Arron Afflalo,,Allen Iverson,,,,,,,,,,,,
Andray Blatche,Antawn Jamison,Caron Butler,DeShawn Stevenson,Mike James,Antonio McDyess,Arron Afflalo,Rasheed Wallace,Rodney Stuckey,Tayshaun Prince,4,0:17,DET,free throw,,,,,,,2,,2,Rodney Stuckey,,,foul,missed,,,,
Andray Blatche,Antawn Jamison,Caron Butler,DeShawn Stevenson,Mike James,Antonio McDyess,Arron Afflalo,Rasheed Wallace,Rodney Stuckey,Tayshaun Prince,4,0:16,WAS,rebound,,,,,,,,,,Antawn Jamison,,,,,,def,,
Andray Blatche,Antawn Jamison,Caron Butler,DeShawn Stevenson,Mike James,Antonio McDyess,Arron Afflalo,Rasheed Wallace,Rodney Stuckey,Tayshaun Prince,4,0:07,WAS,shot,,,,,,,,,,Mike James,,,,missed,,3pt,48,16
Andray Blatche,Antawn Jamison,Caron Butler,DeShawn Stevenson,Mike James,Antonio McDyess,Arron Afflalo,Rasheed Wallace,Rodney Stuckey,Tayshaun Prince,4,0:06,DET,rebound,,,,,,,,,,Rasheed Wallace,,,,,,def,,
