a1,a2,a3,a4,a5,h1,h2,h3,h4,h5,period,time,team,etype,assist,away,block,entered,home,left,num,opponent,outof,player,points,possession,reason,result,steal,type,x,y
Brandon Roy,Greg Oden,LaMarcus Aldridge,Steve Blake,Travis Outlaw,Andrew Bynum,Derek Fisher,Kobe Bryant,Pau Gasol,Vladimir Radmanovic,1,12:00,OFF,jump ball,,Greg Oden,,,Andrew Bynum,,,,,,,Derek Fisher,,,,,,
Brandon Roy,Greg Oden,LaMarcus Aldridge,Steve Blake,Travis Outlaw,Andrew Bynum,Derek Fisher,Kobe Bryant,Pau Gasol,Vladimir Radmanovic,1,11:39,LAL,shot,,,,,,,,,,Pau Gasol,,,,missed,,hook,23,13
Brandon Roy,Greg Oden,LaMarcus Aldridge,Steve Blake,Travis Outlaw,Andrew Bynum,Derek Fisher,Kobe Bryant,Pau Gasol,Vladimir Radmanovic,1,11:37,LAL,rebound,,,,,,,,,,Vladimir Radmanovic,,,,,,off,,
Brandon Roy,Greg Oden,LaMarcus Aldridge,Steve Blake,Travis Outlaw,Andrew Bynum,Derek Fisher,Kobe Bryant,Pau Gasol,Vladimir Radmanovic,1,11:25,LAL,shot,,,,,,,,,,Derek Fisher,,,,missed,,layup,25,6
Brandon Roy,Greg Oden,LaMarcus Aldridge,Steve Blake,Travis Outlaw,Andrew Bynum,Derek Fisher,Kobe Bryant,Pau Gasol,Vladimir Radmanovic,1,11:23,LAL,rebound,,,,,,,,,,Pau Gasol,,,,,,off,,
Brandon Roy,Greg Oden,LaMarcus Aldridge,Steve Blake,Travis Outlaw,Andrew Bynum,Derek Fisher,Kobe Bryant,Pau Gasol,Vladimir Radmanovic,1,11:22,LAL,shot,,,,,,,,,,Pau Gasol,2,,,made,,hook,25,10
Brandon Roy,Greg Oden,LaMarcus Aldridge,Steve Blake,Travis Outlaw,Andrew Bynum,Derek Fisher,Kobe Bryant,Pau Gasol,Vladimir Radmanovic,1,11:22,POR,foul,,,,,,,,Pau Gasol,,Greg Oden,,,,,,shooting,,
Brandon Roy,Greg Oden,LaMarcus Aldridge,Steve Blake,Travis Outlaw,Andrew Bynum,Derek Fisher,Kobe Bryant,Pau Gasol,Vladimir Radmanovic,1,11:22,LAL,free throw,,,,,,,1,,1,Pau Gasol,,,foul,made,,,,
Brandon Roy,Greg Oden,LaMarcus Aldridge,Steve Blake,Travis Outlaw,Andrew Bynum,Derek Fisher,Kobe Bryant,Pau Gasol,Vladimir Radmanovic,1,11:00,LAL,foul,,,,,,,,Greg Oden,,Vladimir Radmanovic,,,,,,personal,,
Brandon Roy,Greg Oden,LaMarcus Aldridge,Steve Blake,Travis Outlaw,Andrew Bynum,Derek Fisher,Kobe Bryant,Pau Gasol,Vladimir Radmanovic,1,10:53,POR,shot,Steve Blake,,,,,,,,,LaMarcus Aldridge,2,,,made,,jump,36,21
Brandon Roy,Greg Oden,LaMarcus Aldridge,Steve Blake,Travis Outlaw,Andrew Bynum,Derek Fisher,Kobe Bryant,Pau Gasol,Vladimir Radmanovic,1,10:45,LAL,shot,,,,,,,,,,Derek Fisher,2,,,made,,pullup jump,30,21
Brandon Roy,Greg Oden,LaMarcus Aldridge,Steve Blake,Travis Outlaw,Andrew Bynum,Derek Fisher,Kobe Bryant,Pau Gasol,Vladimir Radmanovic,1,10:32,POR,shot,,,,,,,,,,LaMarcus Aldridge,,,,missed,,jump,34,10
Brandon Roy,Greg Oden,LaMarcus Aldridge,Steve Blake,Travis Outlaw,Andrew Bynum,Derek Fisher,Kobe Bryant,Pau Gasol,Vladimir Radmanovic,1,10:31,LAL,rebound,,,,,,,,,,Kobe Bryant,,,,,,def,,
Brandon Roy,Greg Oden,LaMarcus Aldridge,Steve Blake,Travis Outlaw,Andrew Bynum,Derek Fisher,Kobe Bryant,Pau Gasol,Vladimir Radmanovic,1,10:21,LAL,shot,Kobe Bryant,,,,,,,,,Pau Gasol,2,,,made,,jump,15,17
Brandon Roy,Greg Oden,LaMarcus Aldridge,Steve Blake,Travis Outlaw,Andrew Bynum,Derek Fisher,Kobe Bryant,Pau Gasol,Vladimir Radmanovic,1,10:04,POR,shot,Brandon Roy,,,,,,,,,Travis Outlaw,2,,,made,,jump,46,9
Brandon Roy,Greg Oden,LaMarcus Aldridge,Steve Blake,Travis Outlaw,Andrew Bynum,Derek Fisher,Kobe Bryant,Pau Gasol,Vladimir Radmanovic,1,9:50,LAL,shot,,,Greg Oden,,,,,,,Andrew Bynum,,,,missed,,jump,21,10
Brandon Roy,Greg Oden,LaMarcus Aldridge,Steve Blake,Travis Outlaw,Andrew Bynum,Derek Fisher,Kobe Bryant,Pau Gasol,Vladimir Radmanovic,1,9:48,LAL,rebound,,,,,,,,,,Kobe Bryant,,,,,,off,,
Brandon Roy,Greg Oden,LaMarcus Aldridge,Steve Blake,Travis Outlaw,Andrew Bynum,Derek Fisher,Kobe Bryant,Pau Gasol,Vladimir Radmanovic,1,9:41,LAL,shot,Kobe Bryant,,,,,,,,,Pau Gasol,2,,,made,,jump,39,9
Brandon Roy,Greg Oden,LaMarcus Aldridge,Steve Blake,Travis Outlaw,Andrew Bynum,Derek Fisher,Kobe Bryant,Pau Gasol,Vladimir Radmanovic,1,9:24,POR,shot,,,,,,,,,,Brandon Roy,,,,missed,,driving layup,25,6
Brandon Roy,Greg Oden,LaMarcus Aldridge,Steve Blake,Travis Outlaw,Andrew Bynum,Derek Fisher,Kobe Bryant,Pau Gasol,Vladimir Radmanovic,1,9:21,POR,rebound,,,,,,,,,,Greg Oden,,,,,,off,,
Brandon Roy,Greg Oden,LaMarcus Aldridge,Steve Blake,Travis Outlaw,Andrew Bynum,Derek Fisher,Kobe Bryant,Pau Gasol,Vladimir Radmanovic,1,9:20,POR,shot,,,,,,,,,,Greg Oden,,,,missed,,layup,25,6
Brandon Roy,Greg Oden,LaMarcus Aldridge,Steve Blake,Travis Outlaw,Andrew Bynum,Derek Fisher,Kobe Bryant,Pau Gasol,Vladimir Radmanovic,1,9:20,POR,rebound,,,,,,,,,,Greg Oden,,,,,,off,,
Brandon Roy,Greg Oden,LaMarcus Aldridge,Steve Blake,Travis Outlaw,Andrew Bynum,Derek Fisher,Kobe Bryant,Pau Gasol,Vladimir Radmanovic,1,9:20,LAL,foul,,,,,,,,Greg Oden,,Andrew Bynum,,,,,,personal,,
Brandon Roy,Greg Oden,LaMarcus Aldridge,Steve Blake,Travis Outlaw,Andrew Bynum,Derek Fisher,Kobe Bryant,Pau Gasol,Vladimir Radmanovic,1,9:11,POR,shot,,,,,,,,,,Greg Oden,,,,missed,,jump,20,9
Brandon Roy,Greg Oden,LaMarcus Aldridge,Steve Blake,Travis Outlaw,Andrew Bynum,Derek Fisher,Kobe Bryant,Pau Gasol,Vladimir Radmanovic,1,9:09,LAL,rebound,,,,,,,,,,Vladimir Radmanovic,,,,,,def,,
Brandon Roy,Greg Oden,LaMarcus Aldridge,Steve Blake,Travis Outlaw,Andrew Bynum,Derek Fisher,Kobe Bryant,Pau Gasol,Vladimir Radmanovic,1,9:04,POR,foul,,,,,,,,Derek Fisher,,Steve Blake,,,,,,personal,,
Brandon Roy,Greg Oden,LaMarcus Aldridge,Steve Blake,Travis Outlaw,Andrew Bynum,Derek Fisher,Kobe Bryant,Pau Gasol,Vladimir Radmanovic,1,8:51,LAL,shot,,,,,,,,,,Andrew Bynum,,,,missed,,jump,26,12
Brandon Roy,Greg Oden,LaMarcus Aldridge,Steve Blake,Travis Outlaw,Andrew Bynum,Derek Fisher,Kobe Bryant,Pau Gasol,Vladimir Radmanovic,1,8:50,POR,rebound,,,,,,,,,,Travis Outlaw,,,,,,def,,
Brandon Roy,Greg Oden,LaMarcus Aldridge,Steve Blake,Travis Outlaw,Andrew Bynum,Derek Fisher,Kobe Bryant,Pau Gasol,Vladimir Radmanovic,1,8:39,POR,shot,,,,,,,,,,Brandon Roy,,,,missed,,jump,36,18
Brandon Roy,Greg Oden,LaMarcus Aldridge,Steve Blake,Travis Outlaw,Andrew Bynum,Derek Fisher,Kobe Bryant,Pau Gasol,Vladimir Radmanovic,1,8:38,LAL,rebound,,,,,,,,,,Andrew Bynum,,,,,,def,,
Brandon Roy,Greg Oden,LaMarcus Aldridge,Steve Blake,Travis Outlaw,Andrew Bynum,Derek Fisher,Kobe Bryant,Pau Gasol,Vladimir Radmanovic,1,8:15,LAL,turnover,,,,,,,,,,Kobe Bryant,,,bad pass,,Brandon Roy,,,
Brandon Roy,Greg Oden,LaMarcus Aldridge,Steve Blake,Travis Outlaw,Andrew Bynum,Derek Fisher,Kobe Bryant,Pau Gasol,Vladimir Radmanovic,1,8:08,POR,shot,,,,,,,,,,Brandon Roy,,,,missed,,layup,25,6
Brandon Roy,Greg Oden,LaMarcus Aldridge,Steve Blake,Travis Outlaw,Andrew Bynum,Derek Fisher,Kobe Bryant,Pau Gasol,Vladimir Radmanovic,1,8:07,LAL,rebound,,,,,,,,,,Derek Fisher,,,,,,def,,
Brandon Roy,Greg Oden,LaMarcus Aldridge,Steve Blake,Travis Outlaw,Andrew Bynum,Derek Fisher,Kobe Bryant,Pau Gasol,Vladimir Radmanovic,1,8:00,LAL,shot,,,,,,,,,,Derek Fisher,2,,,made,,driving finger roll layup,25,6
Brandon Roy,Greg Oden,LaMarcus Aldridge,Steve Blake,Travis Outlaw,Andrew Bynum,Derek Fisher,Kobe Bryant,Pau Gasol,Vladimir Radmanovic,1,7:49,POR,timeout,,,,,,,,,,,,,,,,regular,,
Brandon Roy,Greg Oden,LaMarcus Aldridge,Steve Blake,Travis Outlaw,Andrew Bynum,Derek Fisher,Kobe Bryant,Pau Gasol,Vladimir Radmanovic,1,7:31,POR,shot,,,,,,,,,,Greg Oden,,,,missed,,jump,30,15
Brandon Roy,Greg Oden,LaMarcus Aldridge,Steve Blake,Travis Outlaw,Andrew Bynum,Derek Fisher,Kobe Bryant,Pau Gasol,Vladimir Radmanovic,1,7:30,POR,rebound,,,,,,,,,,LaMarcus Aldridge,,,,,,off,,
Brandon Roy,Greg Oden,LaMarcus Aldridge,Steve Blake,Travis Outlaw,Andrew Bynum,Derek Fisher,Kobe Bryant,Pau Gasol,Vladimir Radmanovic,1,7:24,POR,foul,,,,,,,,Derek Fisher,,Greg Oden,,,,,,offensive,,
Brandon Roy,Greg Oden,LaMarcus Aldridge,Steve Blake,Travis Outlaw,Andrew Bynum,Derek Fisher,Kobe Bryant,Pau Gasol,Vladimir Radmanovic,1,7:24,POR,turnover,,,,,,,,,,Greg Oden,,,foul,,,,,
Brandon Roy,Joel Przybilla,LaMarcus Aldridge,Steve Blake,Travis Outlaw,Andrew Bynum,Derek Fisher,Kobe Bryant,Pau Gasol,Vladimir Radmanovic,1,7:24,POR,sub,,,,Joel Przybilla,,Greg Oden,,,,,,,,,,,,
Brandon Roy,Joel Przybilla,LaMarcus Aldridge,Steve Blake,Travis Outlaw,Andrew Bynum,Derek Fisher,Kobe Bryant,Pau Gasol,Vladimir Radmanovic,1,7:07,LAL,shot,Derek Fisher,,,,,,,,,Pau Gasol,2,,,made,,layup,25,6
Brandon Roy,Joel Przybilla,LaMarcus Aldridge,Steve Blake,Travis Outlaw,Andrew Bynum,Derek Fisher,Kobe Bryant,Pau Gasol,Vladimir Radmanovic,1,6:53,POR,turnover,,,,,,,,,,Steve Blake,,,lost ball,,Vladimir Radmanovic,,,
Brandon Roy,Joel Przybilla,LaMarcus Aldridge,Steve Blake,Travis Outlaw,Andrew Bynum,Derek Fisher,Kobe Bryant,Pau Gasol,Vladimir Radmanovic,1,6:40,LAL,shot,,,,,,,,,,Derek Fisher,,,,missed,,jump,15,23
Brandon Roy,Joel Przybilla,LaMarcus Aldridge,Steve Blake,Travis Outlaw,Andrew Bynum,Derek Fisher,Kobe Bryant,Pau Gasol,Vladimir Radmanovic,1,6:39,POR,rebound,,,,,,,,,,,,,,,,,,
Brandon Roy,Joel Przybilla,LaMarcus Aldridge,Steve Blake,Travis Outlaw,Andrew Bynum,Derek Fisher,Kobe Bryant,Pau Gasol,Vladimir Radmanovic,1,6:21,POR,shot,,,,,,,,,,Travis Outlaw,,,,missed,,jump,17,23
Brandon Roy,Joel Przybilla,LaMarcus Aldridge,Steve Blake,Travis Outlaw,Andrew Bynum,Derek Fisher,Kobe Bryant,Pau Gasol,Vladimir Radmanovic,1,6:20,LAL,rebound,,,,,,,,,,Pau Gasol,,,,,,def,,
Brandon Roy,Joel Przybilla,LaMarcus Aldridge,Steve Blake,Travis Outlaw,Andrew Bynum,Derek Fisher,Kobe Bryant,Pau Gasol,Vladimir Radmanovic,1,6:05,LAL,shot,,,,,,,,,,Kobe Bryant,,,,missed,,jump,8,8
Brandon Roy,Joel Przybilla,LaMarcus Aldridge,Steve Blake,Travis Outlaw,Andrew Bynum,Derek Fisher,Kobe Bryant,Pau Gasol,Vladimir Radmanovic,1,6:04,POR,rebound,,,,,,,,,,Joel Przybilla,,,,,,def,,
Brandon Roy,Joel Przybilla,LaMarcus Aldridge,Steve Blake,Travis Outlaw,Andrew Bynum,Derek Fisher,Kobe Bryant,Pau Gasol,Vladimir Radmanovic,1,5:53,POR,shot,,,,,,,,,,LaMarcus Aldridge,,,,missed,,jump,31,10
Brandon Roy,Joel Przybilla,LaMarcus Aldridge,Steve Blake,Travis Outlaw,Andrew Bynum,Derek Fisher,Kobe Bryant,Pau Gasol,Vladimir Radmanovic,1,5:52,POR,rebound,,,,,,,,,,,,,,,,,,
Brandon Roy,Joel Przybilla,LaMarcus Aldridge,Steve Blake,Travis Outlaw,Andrew Bynum,Derek Fisher,Kobe Bryant,Lamar Odom,Vladimir Radmanovic,1,5:50,LAL,sub,,,,Lamar Odom,,Pau Gasol,,,,,,,,,,,,
Brandon Roy,Joel Przybilla,LaMarcus Aldridge,Rudy Fernandez,Steve Blake,Andrew Bynum,Derek Fisher,Kobe Bryant,Lamar Odom,Vladimir Radmanovic,1,5:50,POR,sub,,,,Rudy Fernandez,,Travis Outlaw,,,,,,,,,,,,
Brandon Roy,Joel Przybilla,LaMarcus Aldridge,Rudy Fernandez,Steve Blake,Andrew Bynum,Derek Fisher,Kobe Bryant,Lamar Odom,Vladimir Radmanovic,1,5:40,POR,turnover,,,,,,,,,,Brandon Roy,,,out of bounds lost ball turnover,,,,,
Brandon Roy,Joel Przybilla,LaMarcus Aldridge,Rudy Fernandez,Steve Blake,Andrew Bynum,Derek Fisher,Kobe Bryant,Lamar Odom,Vladimir Radmanovic,1,5:24,LAL,shot,,,,,,,,,,Derek Fisher,,,,missed,,driving layup,25,6
Brandon Roy,Joel Przybilla,LaMarcus Aldridge,Rudy Fernandez,Steve Blake,Andrew Bynum,Derek Fisher,Kobe Bryant,Lamar Odom,Vladimir Radmanovic,1,5:22,POR,rebound,,,,,,,,,,Brandon Roy,,,,,,def,,
Brandon Roy,Joel Przybilla,LaMarcus Aldridge,Rudy Fernandez,Steve Blake,Andrew Bynum,Derek Fisher,Kobe Bryant,Lamar Odom,Vladimir Radmanovic,1,5:13,POR,shot,,,,,,,,,,Steve Blake,,,,missed,,3pt,47,6
Brandon Roy,Joel Przybilla,LaMarcus Aldridge,Rudy Fernandez,Steve Blake,Andrew Bynum,Derek Fisher,Kobe Bryant,Lamar Odom,Vladimir Radmanovic,1,5:12,LAL,rebound,,,,,,,,,,Kobe Bryant,,,,,,def,,
Brandon Roy,Joel Przybilla,LaMarcus Aldridge,Rudy Fernandez,Steve Blake,Andrew Bynum,Derek Fisher,Kobe Bryant,Lamar Odom,Vladimir Radmanovic,1,5:04,LAL,shot,,,,,,,,,,Kobe Bryant,2,,,made,,driving layup,25,6
Brandon Roy,Joel Przybilla,LaMarcus Aldridge,Rudy Fernandez,Steve Blake,Andrew Bynum,Derek Fisher,Kobe Bryant,Lamar Odom,Vladimir Radmanovic,1,4:46,POR,shot,,,,,,,,,,Brandon Roy,,,,missed,,jump,14,15
Brandon Roy,Joel Przybilla,LaMarcus Aldridge,Rudy Fernandez,Steve Blake,Andrew Bynum,Derek Fisher,Kobe Bryant,Lamar Odom,Vladimir Radmanovic,1,4:44,LAL,rebound,,,,,,,,,,Lamar Odom,,,,,,def,,
Brandon Roy,Joel Przybilla,LaMarcus Aldridge,Rudy Fernandez,Steve Blake,Andrew Bynum,Derek Fisher,Kobe Bryant,Lamar Odom,Vladimir Radmanovic,1,4:40,LAL,shot,,,,,,,,,,Kobe Bryant,,,,missed,,layup,25,6
Brandon Roy,Joel Przybilla,LaMarcus Aldridge,Rudy Fernandez,Steve Blake,Andrew Bynum,Derek Fisher,Kobe Bryant,Lamar Odom,Vladimir Radmanovic,1,4:38,POR,rebound,,,,,,,,,,LaMarcus Aldridge,,,,,,def,,
Brandon Roy,Joel Przybilla,LaMarcus Aldridge,Rudy Fernandez,Steve Blake,Andrew Bynum,Derek Fisher,Kobe Bryant,Lamar Odom,Vladimir Radmanovic,1,4:37,LAL,foul,,,,,,,,LaMarcus Aldridge,,Kobe Bryant,,,,,,personal,,
Brandon Roy,Joel Przybilla,LaMarcus Aldridge,Rudy Fernandez,Steve Blake,Andrew Bynum,Derek Fisher,Kobe Bryant,Lamar Odom,Vladimir Radmanovic,1,4:14,POR,shot,,,,,,,,,,LaMarcus Aldridge,2,,,made,,turnaround jump,29,17
Brandon Roy,Joel Przybilla,LaMarcus Aldridge,Rudy Fernandez,Steve Blake,Andrew Bynum,Derek Fisher,Kobe Bryant,Lamar Odom,Vladimir Radmanovic,1,4:06,LAL,shot,,,,,,,,,,Vladimir Radmanovic,,,,missed,,3pt,1,6
Brandon Roy,Joel Przybilla,LaMarcus Aldridge,Rudy Fernandez,Steve Blake,Andrew Bynum,Derek Fisher,Kobe Bryant,Lamar Odom,Vladimir Radmanovic,1,4:05,LAL,shot,,,,,,,,,,Andrew Bynum,2,,,made,,putback layup,25,6
Brandon Roy,Joel Przybilla,LaMarcus Aldridge,Rudy Fernandez,Steve Blake,Andrew Bynum,Derek Fisher,Kobe Bryant,Lamar Odom,Vladimir Radmanovic,1,4:05,LAL,rebound,,,,,,,,,,Andrew Bynum,,,,,,off,,
Brandon Roy,Joel Przybilla,LaMarcus Aldridge,Rudy Fernandez,Steve Blake,Andrew Bynum,Derek Fisher,Kobe Bryant,Lamar Odom,Vladimir Radmanovic,1,3:48,POR,shot,,,,,,,,,,Rudy Fernandez,,,,missed,,3pt,38,28
Brandon Roy,Joel Przybilla,LaMarcus Aldridge,Rudy Fernandez,Steve Blake,Andrew Bynum,Derek Fisher,Kobe Bryant,Lamar Odom,Vladimir Radmanovic,1,3:47,LAL,rebound,,,,,,,,,,,,,,,,,,
Brandon Roy,Channing Frye,Joel Przybilla,Rudy Fernandez,Steve Blake,Andrew Bynum,Derek Fisher,Kobe Bryant,Lamar Odom,Vladimir Radmanovic,1,3:46,POR,sub,,,,Channing Frye,,LaMarcus Aldridge,,,,,,,,,,,,
Brandon Roy,Channing Frye,Joel Przybilla,Rudy Fernandez,Steve Blake,Andrew Bynum,Derek Fisher,Kobe Bryant,Lamar Odom,Vladimir Radmanovic,1,3:34,LAL,shot,,,,,,,,,,Lamar Odom,,,,missed,,3pt,41,26
Brandon Roy,Channing Frye,Joel Przybilla,Rudy Fernandez,Steve Blake,Andrew Bynum,Derek Fisher,Kobe Bryant,Lamar Odom,Vladimir Radmanovic,1,3:32,POR,rebound,,,,,,,,,,Brandon Roy,,,,,,def,,
Brandon Roy,Channing Frye,Joel Przybilla,Rudy Fernandez,Steve Blake,Andrew Bynum,Derek Fisher,Kobe Bryant,Lamar Odom,Vladimir Radmanovic,1,3:24,POR,shot,,,,,,,,,,Steve Blake,,,,missed,,3pt,44,24
Brandon Roy,Channing Frye,Joel Przybilla,Rudy Fernandez,Steve Blake,Andrew Bynum,Derek Fisher,Kobe Bryant,Lamar Odom,Vladimir Radmanovic,1,3:23,LAL,rebound,,,,,,,,,,Vladimir Radmanovic,,,,,,def,,
Brandon Roy,Channing Frye,Joel Przybilla,Rudy Fernandez,Steve Blake,Andrew Bynum,Derek Fisher,Kobe Bryant,Lamar Odom,Vladimir Radmanovic,1,3:21,LAL,turnover,,,,,,,,,,Vladimir Radmanovic,,,bad pass,,,,,
Brandon Roy,Channing Frye,Joel Przybilla,Rudy Fernandez,Steve Blake,Andrew Bynum,Derek Fisher,Kobe Bryant,Lamar Odom,Vladimir Radmanovic,1,3:09,POR,shot,,,,,,,,,,Brandon Roy,,,,missed,,jump,43,17
Brandon Roy,Channing Frye,Joel Przybilla,Rudy Fernandez,Steve Blake,Andrew Bynum,Derek Fisher,Kobe Bryant,Lamar Odom,Vladimir Radmanovic,1,3:08,LAL,rebound,,,,,,,,,,Lamar Odom,,,,,,def,,
Brandon Roy,Channing Frye,Joel Przybilla,Rudy Fernandez,Steve Blake,Andrew Bynum,Derek Fisher,Kobe Bryant,Lamar Odom,Vladimir Radmanovic,1,3:03,LAL,shot,,,,,,,,,,Andrew Bynum,,,,missed,,slam dunk,25,6
Brandon Roy,Channing Frye,Joel Przybilla,Rudy Fernandez,Steve Blake,Andrew Bynum,Derek Fisher,Kobe Bryant,Lamar Odom,Vladimir Radmanovic,1,3:00,LAL,rebound,,,,,,,,,,Derek Fisher,,,,,,off,,
Brandon Roy,Channing Frye,Joel Przybilla,Rudy Fernandez,Steve Blake,Andrew Bynum,Derek Fisher,Kobe Bryant,Lamar Odom,Vladimir Radmanovic,1,2:52,LAL,turnover,,,,,,,,,,Lamar Odom,,,bad pass,,,,,
Brandon Roy,Channing Frye,Joel Przybilla,Rudy Fernandez,Steve Blake,Andrew Bynum,Derek Fisher,Kobe Bryant,Lamar Odom,Vladimir Radmanovic,1,2:52,LAL,timeout,,,,,,,,,,,,,,,,regular,,
Brandon Roy,Channing Frye,Joel Przybilla,Rudy Fernandez,Steve Blake,Andrew Bynum,Derek Fisher,Jordan Farmar,Kobe Bryant,Lamar Odom,1,2:52,LAL,sub,,,,Jordan Farmar,,Vladimir Radmanovic,,,,,,,,,,,,
Brandon Roy,Channing Frye,Joel Przybilla,Rudy Fernandez,Steve Blake,Derek Fisher,Jordan Farmar,Kobe Bryant,Lamar Odom,Trevor Ariza,1,2:52,LAL,sub,,,,Trevor Ariza,,Andrew Bynum,,,,,,,,,,,,
Brandon Roy,Channing Frye,Joel Przybilla,Rudy Fernandez,Steve Blake,Jordan Farmar,Kobe Bryant,Lamar Odom,Pau Gasol,Trevor Ariza,1,2:52,LAL,sub,,,,Pau Gasol,,Derek Fisher,,,,,,,,,,,,
Brandon Roy,Channing Frye,Joel Przybilla,Rudy Fernandez,Steve Blake,Jordan Farmar,Kobe Bryant,Lamar Odom,Pau Gasol,Trevor Ariza,1,2:32,POR,shot,,,,,,,,,,Brandon Roy,,,,missed,,layup,25,6
Brandon Roy,Channing Frye,Joel Przybilla,Rudy Fernandez,Steve Blake,Jordan Farmar,Kobe Bryant,Lamar Odom,Pau Gasol,Trevor Ariza,1,2:32,POR,shot,,,,,,,,,,Joel Przybilla,2,,,made,,tip,25,6
Brandon Roy,Channing Frye,Joel Przybilla,Rudy Fernandez,Steve Blake,Jordan Farmar,Kobe Bryant,Lamar Odom,Pau Gasol,Trevor Ariza,1,2:32,POR,rebound,,,,,,,,,,Joel Przybilla,,,,,,off,,
Brandon Roy,Channing Frye,Joel Przybilla,Rudy Fernandez,Steve Blake,Jordan Farmar,Kobe Bryant,Lamar Odom,Pau Gasol,Trevor Ariza,1,2:32,LAL,foul,,,,,,,,Joel Przybilla,,Pau Gasol,,,,,,shooting,,
Brandon Roy,Channing Frye,Joel Przybilla,Rudy Fernandez,Steve Blake,Jordan Farmar,Kobe Bryant,Lamar Odom,Pau Gasol,Trevor Ariza,1,2:32,POR,free throw,,,,,,,1,,1,Joel Przybilla,,,foul,missed,,,,
Brandon Roy,Channing Frye,Joel Przybilla,Rudy Fernandez,Steve Blake,Jordan Farmar,Kobe Bryant,Lamar Odom,Pau Gasol,Trevor Ariza,1,2:31,LAL,rebound,,,,,,,,,,Trevor Ariza,,,,,,def,,
Brandon Roy,Channing Frye,Joel Przybilla,Rudy Fernandez,Steve Blake,Jordan Farmar,Kobe Bryant,Lamar Odom,Pau Gasol,Trevor Ariza,1,2:11,LAL,shot,Lamar Odom,,,,,,,,,Trevor Ariza,2,,,made,,dunk,25,6
Brandon Roy,Channing Frye,Joel Przybilla,Rudy Fernandez,Steve Blake,Jordan Farmar,Kobe Bryant,Lamar Odom,Pau Gasol,Trevor Ariza,1,1:49,POR,shot,Steve Blake,,,,,,,,,Rudy Fernandez,2,,,made,,layup,25,6
Brandon Roy,Channing Frye,Joel Przybilla,Rudy Fernandez,Steve Blake,Jordan Farmar,Kobe Bryant,Lamar Odom,Pau Gasol,Trevor Ariza,1,1:31,LAL,shot,Pau Gasol,,,,,,,,,Trevor Ariza,3,,,made,,3pt,46,17
Brandon Roy,Channing Frye,Joel Przybilla,Rudy Fernandez,Steve Blake,Jordan Farmar,Kobe Bryant,Lamar Odom,Pau Gasol,Trevor Ariza,1,1:18,POR,shot,Joel Przybilla,,,,,,,,,Rudy Fernandez,2,,,made,,jump,31,22
Brandon Roy,Channing Frye,Joel Przybilla,Rudy Fernandez,Steve Blake,Jordan Farmar,Kobe Bryant,Lamar Odom,Pau Gasol,Trevor Ariza,1,1:12,LAL,turnover,,,,,,,,,,Jordan Farmar,,,bad pass,,,,,
Channing Frye,Joel Przybilla,Rudy Fernandez,Steve Blake,Travis Outlaw,Jordan Farmar,Kobe Bryant,Lamar Odom,Pau Gasol,Trevor Ariza,1,1:12,POR,sub,,,,Travis Outlaw,,Brandon Roy,,,,,,,,,,,,
Channing Frye,Joel Przybilla,Rudy Fernandez,Sergio Rodriguez,Travis Outlaw,Jordan Farmar,Kobe Bryant,Lamar Odom,Pau Gasol,Trevor Ariza,1,1:12,POR,sub,,,,Sergio Rodriguez,,Steve Blake,,,,,,,,,,,,
Channing Frye,Joel Przybilla,Rudy Fernandez,Sergio Rodriguez,Travis Outlaw,Jordan Farmar,Kobe Bryant,Lamar Odom,Pau Gasol,Trevor Ariza,1,0:59,POR,shot,,,,,,,,,,Rudy Fernandez,,,,missed,,jump,38,13
Channing Frye,Joel Przybilla,Rudy Fernandez,Sergio Rodriguez,Travis Outlaw,Jordan Farmar,Kobe Bryant,Lamar Odom,Pau Gasol,Trevor Ariza,1,0:58,LAL,rebound,,,,,,,,,,Kobe Bryant,,,,,,def,,
Channing Frye,Joel Przybilla,Rudy Fernandez,Sergio Rodriguez,Travis Outlaw,Jordan Farmar,Kobe Bryant,Lamar Odom,Pau Gasol,Trevor Ariza,1,0:48,LAL,shot,,,,,,,,,,Lamar Odom,,,,missed,,jump,14,23
Channing Frye,Joel Przybilla,Rudy Fernandez,Sergio Rodriguez,Travis Outlaw,Jordan Farmar,Kobe Bryant,Lamar Odom,Pau Gasol,Trevor Ariza,1,0:47,POR,rebound,,,,,,,,,,Joel Przybilla,,,,,,def,,
Channing Frye,Joel Przybilla,Rudy Fernandez,Sergio Rodriguez,Travis Outlaw,Jordan Farmar,Kobe Bryant,Lamar Odom,Pau Gasol,Trevor Ariza,1,0:35,POR,shot,,,,,,,,,,Channing Frye,,,,missed,,3pt,26,32
Channing Frye,Joel Przybilla,Rudy Fernandez,Sergio Rodriguez,Travis Outlaw,Jordan Farmar,Kobe Bryant,Lamar Odom,Pau Gasol,Trevor Ariza,1,0:33,LAL,rebound,,,,,,,,,,Jordan Farmar,,,,,,def,,
Channing Frye,Joel Przybilla,Rudy Fernandez,Sergio Rodriguez,Travis Outlaw,Jordan Farmar,Kobe Bryant,Lamar Odom,Pau Gasol,Trevor Ariza,1,0:29,POR,foul,,,,,,,,Jordan Farmar,,Sergio Rodriguez,,,,,,shooting,,
Channing Frye,Joel Przybilla,Rudy Fernandez,Sergio Rodriguez,Travis Outlaw,Jordan Farmar,Lamar Odom,Pau Gasol,Sasha Vujacic,Trevor Ariza,1,0:29,LAL,sub,,,,Sasha Vujacic,,Kobe Bryant,,,,,,,,,,,,
Channing Frye,Joel Przybilla,Rudy Fernandez,Sergio Rodriguez,Travis Outlaw,Jordan Farmar,Lamar Odom,Pau Gasol,Sasha Vujacic,Trevor Ariza,1,0:29,LAL,free throw,,,,,,,1,,2,Jordan Farmar,,,foul,made,,,,
Channing Frye,Joel Przybilla,Rudy Fernandez,Sergio Rodriguez,Travis Outlaw,Jordan Farmar,Lamar Odom,Pau Gasol,Sasha Vujacic,Trevor Ariza,1,0:29,LAL,free throw,,,,,,,2,,2,Jordan Farmar,,,foul,made,,,,
Channing Frye,Joel Przybilla,Rudy Fernandez,Sergio Rodriguez,Travis Outlaw,Jordan Farmar,Lamar Odom,Pau Gasol,Sasha Vujacic,Trevor Ariza,1,0:12,POR,shot,Channing Frye,,,,,,,,,Joel Przybilla,2,,,made,,slam dunk,25,6
Channing Frye,Joel Przybilla,Rudy Fernandez,Sergio Rodriguez,Travis Outlaw,Jordan Farmar,Lamar Odom,Pau Gasol,Sasha Vujacic,Trevor Ariza,1,0:00,LAL,shot,,,,,,,,,,Sasha Vujacic,,,,missed,,3pt,37,30
Channing Frye,Joel Przybilla,Rudy Fernandez,Sergio Rodriguez,Travis Outlaw,Jordan Farmar,Lamar Odom,Pau Gasol,Sasha Vujacic,Trevor Ariza,1,0:00,LAL,rebound,,,,,,,,,,,,,,,,,,
Channing Frye,Joel Przybilla,Rudy Fernandez,Sergio Rodriguez,Travis Outlaw,Jordan Farmar,Lamar Odom,Pau Gasol,Sasha Vujacic,Trevor Ariza,2,11:37,POR,shot,,,,,,,,,,Joel Przybilla,,,,missed,,layup,25,6
Channing Frye,Joel Przybilla,Rudy Fernandez,Sergio Rodriguez,Travis Outlaw,Jordan Farmar,Lamar Odom,Pau Gasol,Sasha Vujacic,Trevor Ariza,2,11:36,POR,rebound,,,,,,,,,,Channing Frye,,,,,,off,,
Channing Frye,Joel Przybilla,Rudy Fernandez,Sergio Rodriguez,Travis Outlaw,Jordan Farmar,Lamar Odom,Pau Gasol,Sasha Vujacic,Trevor Ariza,2,11:35,POR,shot,,,Trevor Ariza,,,,,,,Channing Frye,,,,missed,,layup,25,6
Channing Frye,Joel Przybilla,Rudy Fernandez,Sergio Rodriguez,Travis Outlaw,Jordan Farmar,Lamar Odom,Pau Gasol,Sasha Vujacic,Trevor Ariza,2,11:35,POR,rebound,,,,,,,,,,,,,,,,,,
Channing Frye,Joel Przybilla,Rudy Fernandez,Sergio Rodriguez,Travis Outlaw,Jordan Farmar,Lamar Odom,Pau Gasol,Sasha Vujacic,Trevor Ariza,2,11:23,POR,shot,,,,,,,,,,Sergio Rodriguez,,,,missed,,3pt,43,25
Channing Frye,Joel Przybilla,Rudy Fernandez,Sergio Rodriguez,Travis Outlaw,Jordan Farmar,Lamar Odom,Pau Gasol,Sasha Vujacic,Trevor Ariza,2,11:22,LAL,rebound,,,,,,,,,,Lamar Odom,,,,,,def,,
Channing Frye,Joel Przybilla,Rudy Fernandez,Sergio Rodriguez,Travis Outlaw,Jordan Farmar,Lamar Odom,Pau Gasol,Sasha Vujacic,Trevor Ariza,2,11:15,LAL,shot,,,,,,,,,,Lamar Odom,2,,,made,,layup,25,6
Channing Frye,Joel Przybilla,Rudy Fernandez,Sergio Rodriguez,Travis Outlaw,Jordan Farmar,Lamar Odom,Pau Gasol,Sasha Vujacic,Trevor Ariza,2,11:15,POR,violation,,,,,,,,,,Joel Przybilla,,,,,,defensive goaltending,,
Channing Frye,Joel Przybilla,Rudy Fernandez,Sergio Rodriguez,Travis Outlaw,Jordan Farmar,Lamar Odom,Pau Gasol,Sasha Vujacic,Trevor Ariza,2,11:15,POR,foul,,,,,,,,Lamar Odom,,Channing Frye,,,,,,shooting,,
Channing Frye,Joel Przybilla,Rudy Fernandez,Sergio Rodriguez,Travis Outlaw,Jordan Farmar,Lamar Odom,Pau Gasol,Sasha Vujacic,Trevor Ariza,2,11:15,LAL,free throw,,,,,,,1,,1,Lamar Odom,,,foul,missed,,,,
Channing Frye,Joel Przybilla,Rudy Fernandez,Sergio Rodriguez,Travis Outlaw,Jordan Farmar,Lamar Odom,Pau Gasol,Sasha Vujacic,Trevor Ariza,2,11:12,POR,rebound,,,,,,,,,,Joel Przybilla,,,,,,def,,
Channing Frye,Joel Przybilla,Rudy Fernandez,Sergio Rodriguez,Travis Outlaw,Jordan Farmar,Lamar Odom,Pau Gasol,Sasha Vujacic,Trevor Ariza,2,10:51,POR,shot,,,,,,,,,,Channing Frye,,,,missed,,3pt,17,32
Channing Frye,Joel Przybilla,Rudy Fernandez,Sergio Rodriguez,Travis Outlaw,Jordan Farmar,Lamar Odom,Pau Gasol,Sasha Vujacic,Trevor Ariza,2,10:51,LAL,rebound,,,,,,,,,,,,,,,,,,
Channing Frye,Joel Przybilla,Rudy Fernandez,Sergio Rodriguez,Travis Outlaw,Jordan Farmar,Lamar Odom,Pau Gasol,Sasha Vujacic,Trevor Ariza,2,10:39,LAL,shot,Trevor Ariza,,,,,,,,,Lamar Odom,2,,,made,,hook bank,30,11
Channing Frye,Joel Przybilla,Rudy Fernandez,Sergio Rodriguez,Travis Outlaw,Jordan Farmar,Lamar Odom,Pau Gasol,Sasha Vujacic,Trevor Ariza,2,10:19,POR,turnover,,,,,,,,,,Sergio Rodriguez,,,bad pass,,Lamar Odom,,,
Channing Frye,Joel Przybilla,Rudy Fernandez,Sergio Rodriguez,Travis Outlaw,Jordan Farmar,Lamar Odom,Pau Gasol,Sasha Vujacic,Trevor Ariza,2,10:14,LAL,shot,Jordan Farmar,,,,,,,,,Pau Gasol,2,,,made,,layup,25,6
Channing Frye,Joel Przybilla,Rudy Fernandez,Sergio Rodriguez,Travis Outlaw,Jordan Farmar,Lamar Odom,Pau Gasol,Sasha Vujacic,Trevor Ariza,2,10:06,POR,timeout,,,,,,,,,,,,,,,,regular,,
Channing Frye,LaMarcus Aldridge,Rudy Fernandez,Sergio Rodriguez,Travis Outlaw,Jordan Farmar,Lamar Odom,Pau Gasol,Sasha Vujacic,Trevor Ariza,2,10:06,POR,sub,,,,LaMarcus Aldridge,,Joel Przybilla,,,,,,,,,,,,
Greg Oden,LaMarcus Aldridge,Rudy Fernandez,Sergio Rodriguez,Travis Outlaw,Jordan Farmar,Lamar Odom,Pau Gasol,Sasha Vujacic,Trevor Ariza,2,10:06,POR,sub,,,,Greg Oden,,Channing Frye,,,,,,,,,,,,
Greg Oden,LaMarcus Aldridge,Rudy Fernandez,Sergio Rodriguez,Travis Outlaw,Jordan Farmar,Lamar Odom,Pau Gasol,Sasha Vujacic,Trevor Ariza,2,9:45,POR,shot,Travis Outlaw,,,,,,,,,Rudy Fernandez,3,,,made,,3pt,9,26
Greg Oden,LaMarcus Aldridge,Rudy Fernandez,Sergio Rodriguez,Travis Outlaw,Jordan Farmar,Lamar Odom,Pau Gasol,Sasha Vujacic,Trevor Ariza,2,9:28,LAL,shot,,,,,,,,,,Sasha Vujacic,,,,missed,,jump,6,8
Greg Oden,LaMarcus Aldridge,Rudy Fernandez,Sergio Rodriguez,Travis Outlaw,Jordan Farmar,Lamar Odom,Pau Gasol,Sasha Vujacic,Trevor Ariza,2,9:27,POR,rebound,,,,,,,,,,Sergio Rodriguez,,,,,,def,,
Greg Oden,LaMarcus Aldridge,Rudy Fernandez,Sergio Rodriguez,Travis Outlaw,Jordan Farmar,Lamar Odom,Pau Gasol,Sasha Vujacic,Trevor Ariza,2,9:10,POR,turnover,,,,,,,,,,LaMarcus Aldridge,,,out of bounds lost ball turnover,,,,,
Greg Oden,LaMarcus Aldridge,Rudy Fernandez,Sergio Rodriguez,Travis Outlaw,Jordan Farmar,Lamar Odom,Pau Gasol,Sasha Vujacic,Trevor Ariza,2,9:03,LAL,shot,,,,,,,,,,Jordan Farmar,,,,missed,,running layup,25,6
Greg Oden,LaMarcus Aldridge,Rudy Fernandez,Sergio Rodriguez,Travis Outlaw,Jordan Farmar,Lamar Odom,Pau Gasol,Sasha Vujacic,Trevor Ariza,2,9:02,LAL,rebound,,,,,,,,,,,,,,,,,,
Greg Oden,LaMarcus Aldridge,Rudy Fernandez,Sergio Rodriguez,Travis Outlaw,Jordan Farmar,Lamar Odom,Pau Gasol,Sasha Vujacic,Trevor Ariza,2,8:59,LAL,shot,,,,,,,,,,Sasha Vujacic,,,,missed,,jump,6,5
Greg Oden,LaMarcus Aldridge,Rudy Fernandez,Sergio Rodriguez,Travis Outlaw,Jordan Farmar,Lamar Odom,Pau Gasol,Sasha Vujacic,Trevor Ariza,2,8:58,POR,rebound,,,,,,,,,,Rudy Fernandez,,,,,,def,,
Greg Oden,LaMarcus Aldridge,Rudy Fernandez,Sergio Rodriguez,Travis Outlaw,Jordan Farmar,Lamar Odom,Pau Gasol,Sasha Vujacic,Trevor Ariza,2,8:41,POR,shot,,,Pau Gasol,,,,,,,LaMarcus Aldridge,,,,missed,,dunk,25,6
Greg Oden,LaMarcus Aldridge,Rudy Fernandez,Sergio Rodriguez,Travis Outlaw,Jordan Farmar,Lamar Odom,Pau Gasol,Sasha Vujacic,Trevor Ariza,2,8:39,LAL,rebound,,,,,,,,,,Lamar Odom,,,,,,def,,
Greg Oden,LaMarcus Aldridge,Rudy Fernandez,Sergio Rodriguez,Travis Outlaw,Jordan Farmar,Lamar Odom,Pau Gasol,Sasha Vujacic,Trevor Ariza,2,8:33,LAL,shot,Jordan Farmar,,,,,,,,,Sasha Vujacic,3,,,made,,3pt,,
Greg Oden,LaMarcus Aldridge,Rudy Fernandez,Sergio Rodriguez,Travis Outlaw,Jordan Farmar,Lamar Odom,Pau Gasol,Sasha Vujacic,Trevor Ariza,2,8:07,POR,turnover,,,,,,,,,,,,,shot clock turnover,,,,,
Brandon Roy,Greg Oden,LaMarcus Aldridge,Rudy Fernandez,Travis Outlaw,Jordan Farmar,Lamar Odom,Pau Gasol,Sasha Vujacic,Trevor Ariza,2,8:07,POR,sub,,,,Brandon Roy,,Sergio Rodriguez,,,,,,,,,,,,
Brandon Roy,Greg Oden,LaMarcus Aldridge,Rudy Fernandez,Travis Outlaw,Jordan Farmar,Kobe Bryant,Lamar Odom,Pau Gasol,Trevor Ariza,2,8:07,LAL,sub,,,,Kobe Bryant,,Sasha Vujacic,,,,,,,,,,,,
Brandon Roy,Greg Oden,LaMarcus Aldridge,Rudy Fernandez,Travis Outlaw,Jordan Farmar,Kobe Bryant,Lamar Odom,Pau Gasol,Trevor Ariza,2,7:55,LAL,shot,,,,,,,,,,Pau Gasol,,,,missed,,jump,22,12
Brandon Roy,Greg Oden,LaMarcus Aldridge,Rudy Fernandez,Travis Outlaw,Jordan Farmar,Kobe Bryant,Lamar Odom,Pau Gasol,Trevor Ariza,2,7:53,POR,rebound,,,,,,,,,,Greg Oden,,,,,,def,,
Brandon Roy,Greg Oden,LaMarcus Aldridge,Rudy Fernandez,Travis Outlaw,Jordan Farmar,Kobe Bryant,Lamar Odom,Pau Gasol,Trevor Ariza,2,7:37,POR,shot,,,,,,,,,,LaMarcus Aldridge,,,,missed,,jump,27,16
Brandon Roy,Greg Oden,LaMarcus Aldridge,Rudy Fernandez,Travis Outlaw,Jordan Farmar,Kobe Bryant,Lamar Odom,Pau Gasol,Trevor Ariza,2,7:36,LAL,rebound,,,,,,,,,,Kobe Bryant,,,,,,def,,
Brandon Roy,Greg Oden,LaMarcus Aldridge,Rudy Fernandez,Travis Outlaw,Jordan Farmar,Kobe Bryant,Lamar Odom,Pau Gasol,Trevor Ariza,2,7:23,LAL,shot,,,,,,,,,,Trevor Ariza,,,,missed,,jump,10,6
Brandon Roy,Greg Oden,LaMarcus Aldridge,Rudy Fernandez,Travis Outlaw,Jordan Farmar,Kobe Bryant,Lamar Odom,Pau Gasol,Trevor Ariza,2,7:21,POR,rebound,,,,,,,,,,Greg Oden,,,,,,def,,
Brandon Roy,Greg Oden,LaMarcus Aldridge,Rudy Fernandez,Travis Outlaw,Jordan Farmar,Kobe Bryant,Lamar Odom,Pau Gasol,Trevor Ariza,2,7:08,POR,shot,Brandon Roy,,,,,,,,,Travis Outlaw,3,,,made,,3pt,48,6
Brandon Roy,Greg Oden,LaMarcus Aldridge,Rudy Fernandez,Travis Outlaw,Jordan Farmar,Kobe Bryant,Lamar Odom,Pau Gasol,Trevor Ariza,2,6:50,LAL,turnover,,,,,,,,,,Kobe Bryant,,,bad pass,,Rudy Fernandez,,,
Brandon Roy,Greg Oden,LaMarcus Aldridge,Rudy Fernandez,Travis Outlaw,Jordan Farmar,Kobe Bryant,Lamar Odom,Pau Gasol,Trevor Ariza,2,6:44,POR,shot,Brandon Roy,,,,,,,,,Travis Outlaw,2,,,made,,layup,25,6
Brandon Roy,Greg Oden,LaMarcus Aldridge,Rudy Fernandez,Travis Outlaw,Jordan Farmar,Kobe Bryant,Lamar Odom,Pau Gasol,Trevor Ariza,2,6:32,LAL,shot,Jordan Farmar,,,,,,,,,Trevor Ariza,3,,,made,,3pt,43,24
Brandon Roy,Greg Oden,LaMarcus Aldridge,Rudy Fernandez,Travis Outlaw,Jordan Farmar,Kobe Bryant,Lamar Odom,Pau Gasol,Trevor Ariza,2,6:16,LAL,foul,,,,,,,,Rudy Fernandez,,Jordan Farmar,,,,,,shooting,,
Brandon Roy,Greg Oden,LaMarcus Aldridge,Rudy Fernandez,Travis Outlaw,Jordan Farmar,Kobe Bryant,Lamar Odom,Pau Gasol,Trevor Ariza,2,6:16,POR,free throw,,,,,,,1,,2,Rudy Fernandez,,,foul,made,,,,
Brandon Roy,Greg Oden,LaMarcus Aldridge,Rudy Fernandez,Travis Outlaw,Derek Fisher,Kobe Bryant,Lamar Odom,Pau Gasol,Trevor Ariza,2,6:16,LAL,sub,,,,Derek Fisher,,Jordan Farmar,,,,,,,,,,,,
Brandon Roy,Greg Oden,LaMarcus Aldridge,Rudy Fernandez,Travis Outlaw,Derek Fisher,Kobe Bryant,Lamar Odom,Pau Gasol,Trevor Ariza,2,6:16,POR,free throw,,,,,,,2,,2,Rudy Fernandez,,,foul,made,,,,
Brandon Roy,Greg Oden,LaMarcus Aldridge,Rudy Fernandez,Travis Outlaw,Derek Fisher,Kobe Bryant,Lamar Odom,Pau Gasol,Trevor Ariza,2,6:01,LAL,shot,,,LaMarcus Aldridge,,,,,,,Lamar Odom,,,,missed,,layup,25,6
Brandon Roy,Greg Oden,LaMarcus Aldridge,Rudy Fernandez,Travis Outlaw,Derek Fisher,Kobe Bryant,Lamar Odom,Pau Gasol,Trevor Ariza,2,5:58,POR,rebound,,,,,,,,,,Travis Outlaw,,,,,,def,,
Brandon Roy,Greg Oden,LaMarcus Aldridge,Rudy Fernandez,Travis Outlaw,Derek Fisher,Kobe Bryant,Lamar Odom,Pau Gasol,Trevor Ariza,2,5:42,POR,shot,,,,,,,,,,LaMarcus Aldridge,,,,missed,,jump,15,16
Brandon Roy,Greg Oden,LaMarcus Aldridge,Rudy Fernandez,Travis Outlaw,Derek Fisher,Kobe Bryant,Lamar Odom,Pau Gasol,Trevor Ariza,2,5:41,LAL,rebound,,,,,,,,,,Kobe Bryant,,,,,,def,,
Brandon Roy,Greg Oden,LaMarcus Aldridge,Rudy Fernandez,Travis Outlaw,Derek Fisher,Kobe Bryant,Lamar Odom,Pau Gasol,Trevor Ariza,2,5:36,LAL,shot,Kobe Bryant,,,,,,,,,Pau Gasol,2,,,made,,layup,25,6
Brandon Roy,Greg Oden,LaMarcus Aldridge,Rudy Fernandez,Travis Outlaw,Derek Fisher,Kobe Bryant,Lamar Odom,Pau Gasol,Trevor Ariza,2,5:10,LAL,foul,,,,,,,,Brandon Roy,,Lamar Odom,,,,,,personal,,
Brandon Roy,Greg Oden,LaMarcus Aldridge,Rudy Fernandez,Travis Outlaw,Derek Fisher,Kobe Bryant,Lamar Odom,Pau Gasol,Trevor Ariza,2,5:10,OFF,timeout,,,,,,,,,,,,,,,,official,,
Brandon Roy,Greg Oden,LaMarcus Aldridge,Rudy Fernandez,Travis Outlaw,Derek Fisher,Kobe Bryant,Pau Gasol,Trevor Ariza,Vladimir Radmanovic,2,5:10,LAL,sub,,,,Vladimir Radmanovic,,Lamar Odom,,,,,,,,,,,,
Brandon Roy,Greg Oden,LaMarcus Aldridge,Rudy Fernandez,Travis Outlaw,Andrew Bynum,Derek Fisher,Kobe Bryant,Pau Gasol,Vladimir Radmanovic,2,5:10,LAL,sub,,,,Andrew Bynum,,Trevor Ariza,,,,,,,,,,,,
Brandon Roy,Greg Oden,LaMarcus Aldridge,Steve Blake,Travis Outlaw,Andrew Bynum,Derek Fisher,Kobe Bryant,Pau Gasol,Vladimir Radmanovic,2,5:10,POR,sub,,,,Steve Blake,,Rudy Fernandez,,,,,,,,,,,,
Brandon Roy,Greg Oden,LaMarcus Aldridge,Steve Blake,Travis Outlaw,Andrew Bynum,Derek Fisher,Kobe Bryant,Pau Gasol,Vladimir Radmanovic,2,4:56,LAL,foul,,,,,,,,Greg Oden,,Kobe Bryant,,,,,,shooting,,
Brandon Roy,Greg Oden,LaMarcus Aldridge,Steve Blake,Travis Outlaw,Andrew Bynum,Derek Fisher,Kobe Bryant,Pau Gasol,Vladimir Radmanovic,2,4:56,POR,free throw,,,,,,,1,,2,Greg Oden,,,foul,missed,,,,
Brandon Roy,Greg Oden,LaMarcus Aldridge,Steve Blake,Travis Outlaw,Andrew Bynum,Derek Fisher,Kobe Bryant,Pau Gasol,Vladimir Radmanovic,2,4:56,POR,rebound,,,,,,,,,,,,,,,,,,
Brandon Roy,Greg Oden,LaMarcus Aldridge,Steve Blake,Travis Outlaw,Andrew Bynum,Derek Fisher,Kobe Bryant,Pau Gasol,Vladimir Radmanovic,2,4:56,POR,free throw,,,,,,,2,,2,Greg Oden,,,foul,missed,,,,
Brandon Roy,Greg Oden,LaMarcus Aldridge,Steve Blake,Travis Outlaw,Andrew Bynum,Derek Fisher,Kobe Bryant,Pau Gasol,Vladimir Radmanovic,2,4:55,LAL,rebound,,,,,,,,,,Vladimir Radmanovic,,,,,,def,,
Brandon Roy,Greg Oden,LaMarcus Aldridge,Steve Blake,Travis Outlaw,Andrew Bynum,Derek Fisher,Kobe Bryant,Pau Gasol,Vladimir Radmanovic,2,4:34,LAL,shot,,,,,,,,,,Kobe Bryant,,,,missed,,jump,43,6
Brandon Roy,Greg Oden,LaMarcus Aldridge,Steve Blake,Travis Outlaw,Andrew Bynum,Derek Fisher,Kobe Bryant,Pau Gasol,Vladimir Radmanovic,2,4:33,LAL,rebound,,,,,,,,,,Kobe Bryant,,,,,,off,,
Brandon Roy,Greg Oden,LaMarcus Aldridge,Steve Blake,Travis Outlaw,Andrew Bynum,Derek Fisher,Kobe Bryant,Pau Gasol,Vladimir Radmanovic,2,4:30,LAL,shot,,,,,,,,,,Kobe Bryant,2,,,made,,pullup jump,16,22
Brandon Roy,Greg Oden,LaMarcus Aldridge,Steve Blake,Travis Outlaw,Andrew Bynum,Derek Fisher,Kobe Bryant,Pau Gasol,Vladimir Radmanovic,2,4:17,LAL,foul,,,,,,,,Steve Blake,,Pau Gasol,,,,,,personal,,
Brandon Roy,Greg Oden,LaMarcus Aldridge,Steve Blake,Travis Outlaw,Andrew Bynum,Derek Fisher,Kobe Bryant,Pau Gasol,Vladimir Radmanovic,2,4:11,POR,shot,,,Andrew Bynum,,,,,,,Travis Outlaw,,,,missed,,jump,31,11
Brandon Roy,Greg Oden,LaMarcus Aldridge,Steve Blake,Travis Outlaw,Andrew Bynum,Derek Fisher,Kobe Bryant,Pau Gasol,Vladimir Radmanovic,2,4:09,POR,rebound,,,,,,,,,,Travis Outlaw,,,,,,off,,
Brandon Roy,Greg Oden,LaMarcus Aldridge,Steve Blake,Travis Outlaw,Andrew Bynum,Derek Fisher,Kobe Bryant,Pau Gasol,Vladimir Radmanovic,2,4:08,POR,turnover,,,,,,,,,,Travis Outlaw,,,lost ball,,Kobe Bryant,,,
Brandon Roy,Greg Oden,LaMarcus Aldridge,Steve Blake,Travis Outlaw,Andrew Bynum,Derek Fisher,Kobe Bryant,Pau Gasol,Vladimir Radmanovic,2,4:03,LAL,shot,Kobe Bryant,,,,,,,,,Vladimir Radmanovic,2,,,made,,driving slam dunk,25,6
Brandon Roy,Greg Oden,LaMarcus Aldridge,Steve Blake,Travis Outlaw,Andrew Bynum,Derek Fisher,Kobe Bryant,Pau Gasol,Vladimir Radmanovic,2,3:44,POR,shot,,,,,,,,,,Greg Oden,,,,missed,,hook,28,9
Brandon Roy,Greg Oden,LaMarcus Aldridge,Steve Blake,Travis Outlaw,Andrew Bynum,Derek Fisher,Kobe Bryant,Pau Gasol,Vladimir Radmanovic,2,3:40,POR,rebound,,,,,,,,,,Greg Oden,,,,,,off,,
Brandon Roy,Greg Oden,LaMarcus Aldridge,Steve Blake,Travis Outlaw,Andrew Bynum,Derek Fisher,Kobe Bryant,Pau Gasol,Vladimir Radmanovic,2,3:37,POR,turnover,,,,,,,,,,Greg Oden,,,lost ball,,Vladimir Radmanovic,,,
Brandon Roy,Greg Oden,LaMarcus Aldridge,Steve Blake,Travis Outlaw,Andrew Bynum,Derek Fisher,Kobe Bryant,Pau Gasol,Vladimir Radmanovic,2,3:31,LAL,shot,Kobe Bryant,,,,,,,,,Pau Gasol,2,,,made,,layup,25,6
Brandon Roy,Greg Oden,LaMarcus Aldridge,Steve Blake,Travis Outlaw,Andrew Bynum,Derek Fisher,Kobe Bryant,Pau Gasol,Vladimir Radmanovic,2,3:31,POR,violation,,,,,,,,,,Travis Outlaw,,,,,,defensive goaltending,,
Brandon Roy,Greg Oden,LaMarcus Aldridge,Steve Blake,Travis Outlaw,Andrew Bynum,Derek Fisher,Kobe Bryant,Pau Gasol,Vladimir Radmanovic,2,3:16,POR,shot,,,,,,,,,,Steve Blake,,,,missed,,3pt,48,11
Brandon Roy,Greg Oden,LaMarcus Aldridge,Steve Blake,Travis Outlaw,Andrew Bynum,Derek Fisher,Kobe Bryant,Pau Gasol,Vladimir Radmanovic,2,3:15,LAL,rebound,,,,,,,,,,Kobe Bryant,,,,,,def,,
Brandon Roy,Greg Oden,LaMarcus Aldridge,Steve Blake,Travis Outlaw,Andrew Bynum,Derek Fisher,Kobe Bryant,Pau Gasol,Vladimir Radmanovic,2,3:06,LAL,shot,,,,,,,,,,Kobe Bryant,2,,,made,,pullup jump,18,15
Brandon Roy,Greg Oden,LaMarcus Aldridge,Steve Blake,Travis Outlaw,Andrew Bynum,Derek Fisher,Kobe Bryant,Pau Gasol,Vladimir Radmanovic,2,2:42,POR,shot,,,,,,,,,,Travis Outlaw,,,,missed,,jump,16,20
Brandon Roy,Greg Oden,LaMarcus Aldridge,Steve Blake,Travis Outlaw,Andrew Bynum,Derek Fisher,Kobe Bryant,Pau Gasol,Vladimir Radmanovic,2,2:41,LAL,rebound,,,,,,,,,,Vladimir Radmanovic,,,,,,def,,
Brandon Roy,Greg Oden,LaMarcus Aldridge,Steve Blake,Travis Outlaw,Andrew Bynum,Derek Fisher,Kobe Bryant,Pau Gasol,Vladimir Radmanovic,2,2:35,LAL,turnover,,,,,,,,,,Derek Fisher,,,bad pass,,LaMarcus Aldridge,,,
Brandon Roy,Greg Oden,LaMarcus Aldridge,Steve Blake,Travis Outlaw,Andrew Bynum,Derek Fisher,Kobe Bryant,Pau Gasol,Vladimir Radmanovic,2,2:20,POR,shot,Travis Outlaw,,,,,,,,,Steve Blake,3,,,made,,3pt,49,12
Brandon Roy,Greg Oden,LaMarcus Aldridge,Steve Blake,Travis Outlaw,Andrew Bynum,Derek Fisher,Kobe Bryant,Pau Gasol,Vladimir Radmanovic,2,1:58,LAL,shot,,,,,,,,,,Vladimir Radmanovic,3,,,made,,3pt,8,28
Brandon Roy,Greg Oden,LaMarcus Aldridge,Steve Blake,Travis Outlaw,Andrew Bynum,Derek Fisher,Kobe Bryant,Pau Gasol,Vladimir Radmanovic,2,1:51,POR,timeout,,,,,,,,,,,,,,,,short,,
Brandon Roy,Greg Oden,LaMarcus Aldridge,Steve Blake,Travis Outlaw,Andrew Bynum,Derek Fisher,Kobe Bryant,Pau Gasol,Vladimir Radmanovic,2,1:51,LAL,timeout,,,,,,,,,,,,,,,,regular,,
Brandon Roy,Joel Przybilla,LaMarcus Aldridge,Steve Blake,Travis Outlaw,Andrew Bynum,Derek Fisher,Kobe Bryant,Pau Gasol,Vladimir Radmanovic,2,1:51,POR,sub,,,,Joel Przybilla,,Greg Oden,,,,,,,,,,,,
Brandon Roy,Joel Przybilla,LaMarcus Aldridge,Steve Blake,Travis Outlaw,Andrew Bynum,Derek Fisher,Kobe Bryant,Pau Gasol,Vladimir Radmanovic,2,1:37,POR,turnover,,,,,,,,,,Brandon Roy,,,bad pass,,Vladimir Radmanovic,,,
Brandon Roy,Joel Przybilla,LaMarcus Aldridge,Steve Blake,Travis Outlaw,Andrew Bynum,Derek Fisher,Kobe Bryant,Pau Gasol,Vladimir Radmanovic,2,1:32,LAL,turnover,,,,,,,,,,Kobe Bryant,,,out of bounds lost ball turnover,,,,,
Brandon Roy,Joel Przybilla,LaMarcus Aldridge,Steve Blake,Travis Outlaw,Andrew Bynum,Derek Fisher,Kobe Bryant,Pau Gasol,Vladimir Radmanovic,2,1:17,LAL,foul,,,,,,,,Brandon Roy,,Andrew Bynum,,,,,,shooting,,
Brandon Roy,Joel Przybilla,LaMarcus Aldridge,Steve Blake,Travis Outlaw,Andrew Bynum,Derek Fisher,Kobe Bryant,Pau Gasol,Vladimir Radmanovic,2,1:17,POR,free throw,,,,,,,1,,2,Brandon Roy,,,foul,made,,,,
Brandon Roy,Joel Przybilla,LaMarcus Aldridge,Steve Blake,Travis Outlaw,Andrew Bynum,Derek Fisher,Kobe Bryant,Pau Gasol,Vladimir Radmanovic,2,1:17,POR,free throw,,,,,,,2,,2,Brandon Roy,,,foul,made,,,,
Brandon Roy,Joel Przybilla,LaMarcus Aldridge,Steve Blake,Travis Outlaw,Andrew Bynum,Derek Fisher,Kobe Bryant,Pau Gasol,Vladimir Radmanovic,2,1:00,LAL,shot,,,,,,,,,,Kobe Bryant,,,,missed,,jump,9,10
Brandon Roy,Joel Przybilla,LaMarcus Aldridge,Steve Blake,Travis Outlaw,Andrew Bynum,Derek Fisher,Kobe Bryant,Pau Gasol,Vladimir Radmanovic,2,0:59,POR,rebound,,,,,,,,,,Joel Przybilla,,,,,,def,,
Brandon Roy,Joel Przybilla,LaMarcus Aldridge,Steve Blake,Travis Outlaw,Andrew Bynum,Derek Fisher,Kobe Bryant,Pau Gasol,Vladimir Radmanovic,2,0:46,POR,shot,,,,,,,,,,LaMarcus Aldridge,,,,missed,,3pt,0,11
Brandon Roy,Joel Przybilla,LaMarcus Aldridge,Steve Blake,Travis Outlaw,Andrew Bynum,Derek Fisher,Kobe Bryant,Pau Gasol,Vladimir Radmanovic,2,0:44,POR,rebound,,,,,,,,,,Travis Outlaw,,,,,,off,,
Brandon Roy,Joel Przybilla,LaMarcus Aldridge,Steve Blake,Travis Outlaw,Andrew Bynum,Derek Fisher,Kobe Bryant,Pau Gasol,Vladimir Radmanovic,2,0:43,POR,shot,,,,,,,,,,Travis Outlaw,2,,,made,,layup,25,6
Brandon Roy,Joel Przybilla,LaMarcus Aldridge,Steve Blake,Travis Outlaw,Andrew Bynum,Derek Fisher,Kobe Bryant,Pau Gasol,Vladimir Radmanovic,2,0:33,LAL,shot,,,LaMarcus Aldridge,,,,,,,Kobe Bryant,,,,missed,,jump,17,14
Brandon Roy,Joel Przybilla,LaMarcus Aldridge,Steve Blake,Travis Outlaw,Andrew Bynum,Derek Fisher,Kobe Bryant,Pau Gasol,Vladimir Radmanovic,2,0:31,POR,rebound,,,,,,,,,,Joel Przybilla,,,,,,def,,
Brandon Roy,Joel Przybilla,LaMarcus Aldridge,Steve Blake,Travis Outlaw,Andrew Bynum,Derek Fisher,Kobe Bryant,Pau Gasol,Vladimir Radmanovic,2,0:11,POR,shot,Brandon Roy,,,,,,,,,Steve Blake,3,,,made,,3pt,1,7
Brandon Roy,Joel Przybilla,LaMarcus Aldridge,Steve Blake,Travis Outlaw,Andrew Bynum,Derek Fisher,Kobe Bryant,Pau Gasol,Vladimir Radmanovic,2,0:03,LAL,turnover,,,,,,,,,,Kobe Bryant,,,bad pass,,Joel Przybilla,,,
Brandon Roy,Joel Przybilla,LaMarcus Aldridge,Steve Blake,Travis Outlaw,Andrew Bynum,Derek Fisher,Kobe Bryant,Pau Gasol,Vladimir Radmanovic,3,11:39,POR,shot,,,Andrew Bynum,,,,,,,Steve Blake,,,,missed,,layup,25,6
Brandon Roy,Joel Przybilla,LaMarcus Aldridge,Steve Blake,Travis Outlaw,Andrew Bynum,Derek Fisher,Kobe Bryant,Pau Gasol,Vladimir Radmanovic,3,11:37,POR,rebound,,,,,,,,,,Steve Blake,,,,,,off,,
Brandon Roy,Joel Przybilla,LaMarcus Aldridge,Steve Blake,Travis Outlaw,Andrew Bynum,Derek Fisher,Kobe Bryant,Pau Gasol,Vladimir Radmanovic,3,11:35,POR,shot,Steve Blake,,,,,,,,,Travis Outlaw,3,,,made,,3pt,1,6
Brandon Roy,Joel Przybilla,LaMarcus Aldridge,Steve Blake,Travis Outlaw,Andrew Bynum,Derek Fisher,Kobe Bryant,Pau Gasol,Vladimir Radmanovic,3,11:20,LAL,shot,,,,,,,,,,Andrew Bynum,,,,missed,,jump,14,19
Brandon Roy,Joel Przybilla,LaMarcus Aldridge,Steve Blake,Travis Outlaw,Andrew Bynum,Derek Fisher,Kobe Bryant,Pau Gasol,Vladimir Radmanovic,3,11:19,POR,rebound,,,,,,,,,,Joel Przybilla,,,,,,def,,
Brandon Roy,Joel Przybilla,LaMarcus Aldridge,Steve Blake,Travis Outlaw,Andrew Bynum,Derek Fisher,Kobe Bryant,Pau Gasol,Vladimir Radmanovic,3,10:59,POR,shot,,,,,,,,,,Travis Outlaw,2,,,made,,jump,42,10
Brandon Roy,Joel Przybilla,LaMarcus Aldridge,Steve Blake,Travis Outlaw,Andrew Bynum,Derek Fisher,Kobe Bryant,Pau Gasol,Vladimir Radmanovic,3,10:39,LAL,shot,,,,,,,,,,Derek Fisher,,,,missed,,jump,34,9
Brandon Roy,Joel Przybilla,LaMarcus Aldridge,Steve Blake,Travis Outlaw,Andrew Bynum,Derek Fisher,Kobe Bryant,Pau Gasol,Vladimir Radmanovic,3,10:37,LAL,rebound,,,,,,,,,,Derek Fisher,,,,,,off,,
Brandon Roy,Joel Przybilla,LaMarcus Aldridge,Steve Blake,Travis Outlaw,Andrew Bynum,Derek Fisher,Kobe Bryant,Pau Gasol,Vladimir Radmanovic,3,10:36,LAL,shot,,,,,,,,,,Derek Fisher,,,,missed,,layup,25,6
Brandon Roy,Joel Przybilla,LaMarcus Aldridge,Steve Blake,Travis Outlaw,Andrew Bynum,Derek Fisher,Kobe Bryant,Pau Gasol,Vladimir Radmanovic,3,10:36,POR,rebound,,,,,,,,,,Steve Blake,,,,,,def,,
Brandon Roy,Joel Przybilla,LaMarcus Aldridge,Steve Blake,Travis Outlaw,Andrew Bynum,Derek Fisher,Kobe Bryant,Pau Gasol,Vladimir Radmanovic,3,10:28,POR,shot,,,,,,,,,,Brandon Roy,,,,missed,,3pt,48,10
Brandon Roy,Joel Przybilla,LaMarcus Aldridge,Steve Blake,Travis Outlaw,Andrew Bynum,Derek Fisher,Kobe Bryant,Pau Gasol,Vladimir Radmanovic,3,10:27,LAL,rebound,,,,,,,,,,Derek Fisher,,,,,,def,,
Brandon Roy,Joel Przybilla,LaMarcus Aldridge,Steve Blake,Travis Outlaw,Andrew Bynum,Derek Fisher,Kobe Bryant,Pau Gasol,Vladimir Radmanovic,3,10:22,LAL,shot,,,,,,,,,,Derek Fisher,,,,missed,,driving layup,25,6
Brandon Roy,Joel Przybilla,LaMarcus Aldridge,Steve Blake,Travis Outlaw,Andrew Bynum,Derek Fisher,Kobe Bryant,Pau Gasol,Vladimir Radmanovic,3,10:20,POR,rebound,,,,,,,,,,Joel Przybilla,,,,,,def,,
Brandon Roy,Joel Przybilla,LaMarcus Aldridge,Steve Blake,Travis Outlaw,Andrew Bynum,Derek Fisher,Kobe Bryant,Pau Gasol,Vladimir Radmanovic,3,10:04,POR,shot,Steve Blake,,,,,,,,,LaMarcus Aldridge,2,,,made,,jump,20,10
Brandon Roy,Joel Przybilla,LaMarcus Aldridge,Steve Blake,Travis Outlaw,Andrew Bynum,Derek Fisher,Kobe Bryant,Pau Gasol,Vladimir Radmanovic,3,9:37,LAL,shot,,,,,,,,,,Kobe Bryant,,,,missed,,jump,9,17
Brandon Roy,Joel Przybilla,LaMarcus Aldridge,Steve Blake,Travis Outlaw,Andrew Bynum,Derek Fisher,Kobe Bryant,Pau Gasol,Vladimir Radmanovic,3,9:36,POR,rebound,,,,,,,,,,Steve Blake,,,,,,def,,
Brandon Roy,Joel Przybilla,LaMarcus Aldridge,Steve Blake,Travis Outlaw,Andrew Bynum,Derek Fisher,Kobe Bryant,Pau Gasol,Vladimir Radmanovic,3,9:27,POR,shot,,,,,,,,,,Travis Outlaw,,,,missed,,3pt,1,8
Brandon Roy,Joel Przybilla,LaMarcus Aldridge,Steve Blake,Travis Outlaw,Andrew Bynum,Derek Fisher,Kobe Bryant,Pau Gasol,Vladimir Radmanovic,3,9:26,LAL,rebound,,,,,,,,,,,,,,,,,,
Brandon Roy,Joel Przybilla,LaMarcus Aldridge,Steve Blake,Travis Outlaw,Andrew Bynum,Derek Fisher,Kobe Bryant,Pau Gasol,Vladimir Radmanovic,3,9:06,POR,foul,,,,,,,,Kobe Bryant,,Joel Przybilla,,,,,,personal,,
Brandon Roy,Joel Przybilla,LaMarcus Aldridge,Steve Blake,Travis Outlaw,Andrew Bynum,Derek Fisher,Kobe Bryant,Pau Gasol,Vladimir Radmanovic,3,9:00,LAL,shot,Andrew Bynum,,,,,,,,,Kobe Bryant,3,,,made,,3pt,16,29
Brandon Roy,Joel Przybilla,LaMarcus Aldridge,Steve Blake,Travis Outlaw,Andrew Bynum,Derek Fisher,Kobe Bryant,Pau Gasol,Vladimir Radmanovic,3,8:41,POR,shot,,,,,,,,,,Steve Blake,,,,missed,,jump,32,24
Brandon Roy,Joel Przybilla,LaMarcus Aldridge,Steve Blake,Travis Outlaw,Andrew Bynum,Derek Fisher,Kobe Bryant,Pau Gasol,Vladimir Radmanovic,3,8:39,LAL,rebound,,,,,,,,,,Kobe Bryant,,,,,,def,,
Brandon Roy,Joel Przybilla,LaMarcus Aldridge,Steve Blake,Travis Outlaw,Andrew Bynum,Derek Fisher,Kobe Bryant,Pau Gasol,Vladimir Radmanovic,3,8:33,LAL,shot,,,,,,,,,,Kobe Bryant,2,,,made,,driving reverse layup,25,6
Brandon Roy,Joel Przybilla,LaMarcus Aldridge,Steve Blake,Travis Outlaw,Andrew Bynum,Derek Fisher,Kobe Bryant,Pau Gasol,Vladimir Radmanovic,3,8:33,POR,foul,,,,,,,,Kobe Bryant,,Joel Przybilla,,,,,,shooting,,
Brandon Roy,Joel Przybilla,LaMarcus Aldridge,Steve Blake,Travis Outlaw,Andrew Bynum,Derek Fisher,Kobe Bryant,Pau Gasol,Vladimir Radmanovic,3,8:33,LAL,free throw,,,,,,,1,,1,Kobe Bryant,,,foul,missed,,,,
Brandon Roy,Joel Przybilla,LaMarcus Aldridge,Steve Blake,Travis Outlaw,Andrew Bynum,Derek Fisher,Kobe Bryant,Pau Gasol,Vladimir Radmanovic,3,8:32,POR,rebound,,,,,,,,,,LaMarcus Aldridge,,,,,,def,,
Brandon Roy,Joel Przybilla,LaMarcus Aldridge,Steve Blake,Travis Outlaw,Andrew Bynum,Derek Fisher,Kobe Bryant,Pau Gasol,Vladimir Radmanovic,3,8:07,POR,shot,,,,,,,,,,Brandon Roy,,,,missed,,3pt,7,28
Brandon Roy,Joel Przybilla,LaMarcus Aldridge,Steve Blake,Travis Outlaw,Andrew Bynum,Derek Fisher,Kobe Bryant,Pau Gasol,Vladimir Radmanovic,3,8:05,LAL,rebound,,,,,,,,,,Pau Gasol,,,,,,def,,
Brandon Roy,Joel Przybilla,LaMarcus Aldridge,Steve Blake,Travis Outlaw,Andrew Bynum,Derek Fisher,Kobe Bryant,Pau Gasol,Vladimir Radmanovic,3,7:59,LAL,shot,,,,,,,,,,Andrew Bynum,,,,missed,,jump,25,18
Brandon Roy,Joel Przybilla,LaMarcus Aldridge,Steve Blake,Travis Outlaw,Andrew Bynum,Derek Fisher,Kobe Bryant,Pau Gasol,Vladimir Radmanovic,3,7:58,POR,rebound,,,,,,,,,,,,,,,,,,
Brandon Roy,Joel Przybilla,LaMarcus Aldridge,Steve Blake,Travis Outlaw,Andrew Bynum,Derek Fisher,Kobe Bryant,Pau Gasol,Vladimir Radmanovic,3,7:46,POR,turnover,,,,,,,,,,Travis Outlaw,,,bad pass,,Vladimir Radmanovic,,,
Brandon Roy,Joel Przybilla,LaMarcus Aldridge,Steve Blake,Travis Outlaw,Andrew Bynum,Derek Fisher,Kobe Bryant,Pau Gasol,Vladimir Radmanovic,3,7:38,LAL,shot,,,,,,,,,,Kobe Bryant,,,,missed,,jump,29,28
Brandon Roy,Joel Przybilla,LaMarcus Aldridge,Steve Blake,Travis Outlaw,Andrew Bynum,Derek Fisher,Kobe Bryant,Pau Gasol,Vladimir Radmanovic,3,7:37,POR,rebound,,,,,,,,,,Steve Blake,,,,,,def,,
Brandon Roy,Joel Przybilla,LaMarcus Aldridge,Steve Blake,Travis Outlaw,Andrew Bynum,Derek Fisher,Kobe Bryant,Pau Gasol,Vladimir Radmanovic,3,7:24,POR,shot,,,,,,,,,,LaMarcus Aldridge,,,,missed,,jump,39,13
Brandon Roy,Joel Przybilla,LaMarcus Aldridge,Steve Blake,Travis Outlaw,Andrew Bynum,Derek Fisher,Kobe Bryant,Pau Gasol,Vladimir Radmanovic,3,7:23,LAL,rebound,,,,,,,,,,Andrew Bynum,,,,,,def,,
Brandon Roy,Joel Przybilla,LaMarcus Aldridge,Steve Blake,Travis Outlaw,Andrew Bynum,Derek Fisher,Kobe Bryant,Pau Gasol,Vladimir Radmanovic,3,7:07,POR,foul,,,,,,,,Kobe Bryant,,LaMarcus Aldridge,,,,,,shooting,,
Brandon Roy,Joel Przybilla,LaMarcus Aldridge,Steve Blake,Travis Outlaw,Andrew Bynum,Derek Fisher,Kobe Bryant,Pau Gasol,Vladimir Radmanovic,3,7:07,LAL,free throw,,,,,,,1,,2,Kobe Bryant,,,foul,made,,,,
Brandon Roy,Joel Przybilla,LaMarcus Aldridge,Steve Blake,Travis Outlaw,Derek Fisher,Kobe Bryant,Lamar Odom,Pau Gasol,Vladimir Radmanovic,3,7:07,LAL,sub,,,,Lamar Odom,,Andrew Bynum,,,,,,,,,,,,
Brandon Roy,Joel Przybilla,LaMarcus Aldridge,Steve Blake,Travis Outlaw,Derek Fisher,Kobe Bryant,Lamar Odom,Pau Gasol,Vladimir Radmanovic,3,7:07,LAL,free throw,,,,,,,2,,2,Kobe Bryant,,,foul,made,,,,
Brandon Roy,Joel Przybilla,LaMarcus Aldridge,Steve Blake,Travis Outlaw,Derek Fisher,Kobe Bryant,Lamar Odom,Pau Gasol,Vladimir Radmanovic,3,6:47,POR,shot,,,,,,,,,,LaMarcus Aldridge,,,,missed,,turnaround jump,21,18
Brandon Roy,Joel Przybilla,LaMarcus Aldridge,Steve Blake,Travis Outlaw,Derek Fisher,Kobe Bryant,Lamar Odom,Pau Gasol,Vladimir Radmanovic,3,6:44,LAL,rebound,,,,,,,,,,Lamar Odom,,,,,,def,,
Brandon Roy,Joel Przybilla,LaMarcus Aldridge,Steve Blake,Travis Outlaw,Derek Fisher,Kobe Bryant,Lamar Odom,Pau Gasol,Vladimir Radmanovic,3,6:40,POR,foul,,,,,,,,Kobe Bryant,,LaMarcus Aldridge,,,,,,shooting,,
Brandon Roy,Joel Przybilla,LaMarcus Aldridge,Steve Blake,Travis Outlaw,Derek Fisher,Kobe Bryant,Lamar Odom,Pau Gasol,Vladimir Radmanovic,3,6:40,LAL,free throw,,,,,,,1,,2,Kobe Bryant,,,foul,made,,,,
Brandon Roy,Joel Przybilla,LaMarcus Aldridge,Steve Blake,Travis Outlaw,Derek Fisher,Kobe Bryant,Lamar Odom,Pau Gasol,Vladimir Radmanovic,3,6:40,POR,timeout,,,,,,,,,,,,,,,,regular,,
Brandon Roy,Joel Przybilla,LaMarcus Aldridge,Steve Blake,Travis Outlaw,Derek Fisher,Kobe Bryant,Lamar Odom,Pau Gasol,Vladimir Radmanovic,3,6:40,LAL,free throw,,,,,,,2,,2,Kobe Bryant,,,foul,made,,,,
Brandon Roy,Joel Przybilla,LaMarcus Aldridge,Steve Blake,Travis Outlaw,Derek Fisher,Kobe Bryant,Lamar Odom,Pau Gasol,Vladimir Radmanovic,3,6:19,POR,shot,,,,,,,,,,Joel Przybilla,,,,missed,,jump,21,8
Brandon Roy,Joel Przybilla,LaMarcus Aldridge,Steve Blake,Travis Outlaw,Derek Fisher,Kobe Bryant,Lamar Odom,Pau Gasol,Vladimir Radmanovic,3,6:17,LAL,rebound,,,,,,,,,,Kobe Bryant,,,,,,def,,
Brandon Roy,Joel Przybilla,LaMarcus Aldridge,Steve Blake,Travis Outlaw,Derek Fisher,Kobe Bryant,Lamar Odom,Pau Gasol,Vladimir Radmanovic,3,6:09,LAL,turnover,,,,,,,,,,Pau Gasol,,,out of bounds lost ball turnover,,,,,
Brandon Roy,Joel Przybilla,LaMarcus Aldridge,Steve Blake,Travis Outlaw,Derek Fisher,Kobe Bryant,Lamar Odom,Pau Gasol,Vladimir Radmanovic,3,5:49,POR,shot,,,,,,,,,,Travis Outlaw,2,,,made,,jump,13,22
Brandon Roy,Joel Przybilla,LaMarcus Aldridge,Steve Blake,Travis Outlaw,Derek Fisher,Kobe Bryant,Lamar Odom,Pau Gasol,Vladimir Radmanovic,3,5:21,LAL,shot,,,,,,,,,,Kobe Bryant,2,,,made,,jump,44,6
Brandon Roy,Joel Przybilla,LaMarcus Aldridge,Steve Blake,Travis Outlaw,Derek Fisher,Kobe Bryant,Lamar Odom,Pau Gasol,Vladimir Radmanovic,3,5:00,POR,shot,,,,,,,,,,Brandon Roy,,,,missed,,layup,25,6
Brandon Roy,Joel Przybilla,LaMarcus Aldridge,Steve Blake,Travis Outlaw,Derek Fisher,Kobe Bryant,Lamar Odom,Pau Gasol,Vladimir Radmanovic,3,4:59,LAL,rebound,,,,,,,,,,Pau Gasol,,,,,,def,,
Brandon Roy,Joel Przybilla,LaMarcus Aldridge,Steve Blake,Travis Outlaw,Derek Fisher,Kobe Bryant,Lamar Odom,Pau Gasol,Vladimir Radmanovic,3,4:47,LAL,shot,Derek Fisher,,,,,,,,,Vladimir Radmanovic,3,,,made,,3pt,1,5
Brandon Roy,Joel Przybilla,LaMarcus Aldridge,Steve Blake,Travis Outlaw,Derek Fisher,Kobe Bryant,Lamar Odom,Pau Gasol,Vladimir Radmanovic,3,4:29,POR,shot,LaMarcus Aldridge,,,,,,,,,Steve Blake,3,,,made,,3pt,14,29
Brandon Roy,Joel Przybilla,LaMarcus Aldridge,Steve Blake,Travis Outlaw,Derek Fisher,Kobe Bryant,Lamar Odom,Pau Gasol,Vladimir Radmanovic,3,4:23,POR,foul,,,,,,,,Derek Fisher,,Joel Przybilla,,,,,,shooting,,
Brandon Roy,Channing Frye,LaMarcus Aldridge,Steve Blake,Travis Outlaw,Derek Fisher,Kobe Bryant,Lamar Odom,Pau Gasol,Vladimir Radmanovic,3,4:23,POR,sub,,,,Channing Frye,,Joel Przybilla,,,,,,,,,,,,
Brandon Roy,Channing Frye,LaMarcus Aldridge,Rudy Fernandez,Travis Outlaw,Derek Fisher,Kobe Bryant,Lamar Odom,Pau Gasol,Vladimir Radmanovic,3,4:23,POR,sub,,,,Rudy Fernandez,,Steve Blake,,,,,,,,,,,,
Brandon Roy,Channing Frye,LaMarcus Aldridge,Rudy Fernandez,Travis Outlaw,Derek Fisher,Kobe Bryant,Lamar Odom,Pau Gasol,Vladimir Radmanovic,3,4:23,LAL,free throw,,,,,,,1,,2,Derek Fisher,,,foul,made,,,,
Brandon Roy,Channing Frye,LaMarcus Aldridge,Rudy Fernandez,Travis Outlaw,Derek Fisher,Kobe Bryant,Lamar Odom,Pau Gasol,Vladimir Radmanovic,3,4:23,LAL,free throw,,,,,,,2,,2,Derek Fisher,,,foul,made,,,,
Brandon Roy,Channing Frye,LaMarcus Aldridge,Rudy Fernandez,Travis Outlaw,Derek Fisher,Kobe Bryant,Lamar Odom,Pau Gasol,Vladimir Radmanovic,3,4:05,LAL,violation,,,,,,,,,,Vladimir Radmanovic,,,,,,kicked ball,,
Brandon Roy,Channing Frye,LaMarcus Aldridge,Rudy Fernandez,Travis Outlaw,Derek Fisher,Kobe Bryant,Lamar Odom,Pau Gasol,Vladimir Radmanovic,3,3:52,POR,shot,,,,,,,,,,Travis Outlaw,,,,missed,,jump,33,15
Brandon Roy,Channing Frye,LaMarcus Aldridge,Rudy Fernandez,Travis Outlaw,Derek Fisher,Kobe Bryant,Lamar Odom,Pau Gasol,Vladimir Radmanovic,3,3:51,LAL,rebound,,,,,,,,,,Pau Gasol,,,,,,def,,
Brandon Roy,Channing Frye,LaMarcus Aldridge,Rudy Fernandez,Travis Outlaw,Derek Fisher,Kobe Bryant,Lamar Odom,Pau Gasol,Vladimir Radmanovic,3,3:35,LAL,shot,,,,,,,,,,Kobe Bryant,2,,,made,,driving finger roll layup,25,6
Brandon Roy,Channing Frye,LaMarcus Aldridge,Rudy Fernandez,Travis Outlaw,Derek Fisher,Kobe Bryant,Lamar Odom,Pau Gasol,Vladimir Radmanovic,3,3:25,LAL,foul,,,,,,,,Brandon Roy,,Kobe Bryant,,,,,,personal,,
Brandon Roy,Channing Frye,LaMarcus Aldridge,Rudy Fernandez,Travis Outlaw,Derek Fisher,Kobe Bryant,Lamar Odom,Pau Gasol,Vladimir Radmanovic,3,3:18,POR,shot,,,,,,,,,,Channing Frye,,,,missed,,jump,11,22
Brandon Roy,Channing Frye,LaMarcus Aldridge,Rudy Fernandez,Travis Outlaw,Derek Fisher,Kobe Bryant,Lamar Odom,Pau Gasol,Vladimir Radmanovic,3,3:17,LAL,rebound,,,,,,,,,,Derek Fisher,,,,,,def,,
Brandon Roy,Channing Frye,LaMarcus Aldridge,Rudy Fernandez,Travis Outlaw,Derek Fisher,Kobe Bryant,Lamar Odom,Pau Gasol,Vladimir Radmanovic,3,3:00,LAL,turnover,,,,,,,,,,Pau Gasol,,,bad pass,,,,,
Brandon Roy,Channing Frye,LaMarcus Aldridge,Rudy Fernandez,Travis Outlaw,Derek Fisher,Kobe Bryant,Lamar Odom,Pau Gasol,Vladimir Radmanovic,3,2:36,POR,turnover,,,,,,,,,,,,,shot clock turnover,,,,,
Brandon Roy,Channing Frye,LaMarcus Aldridge,Rudy Fernandez,Travis Outlaw,Derek Fisher,Kobe Bryant,Lamar Odom,Pau Gasol,Vladimir Radmanovic,3,2:36,LAL,timeout,,,,,,,,,,,,,,,,regular,,
Brandon Roy,Channing Frye,Jerryd Bayless,LaMarcus Aldridge,Rudy Fernandez,Derek Fisher,Kobe Bryant,Lamar Odom,Pau Gasol,Vladimir Radmanovic,3,2:36,POR,sub,,,,Jerryd Bayless,,Travis Outlaw,,,,,,,,,,,,
Brandon Roy,Channing Frye,Jerryd Bayless,LaMarcus Aldridge,Rudy Fernandez,Derek Fisher,Jordan Farmar,Kobe Bryant,Lamar Odom,Pau Gasol,3,2:36,LAL,sub,,,,Jordan Farmar,,Vladimir Radmanovic,,,,,,,,,,,,
Brandon Roy,Channing Frye,Jerryd Bayless,LaMarcus Aldridge,Rudy Fernandez,Jordan Farmar,Kobe Bryant,Lamar Odom,Pau Gasol,Trevor Ariza,3,2:36,LAL,sub,,,,Trevor Ariza,,Derek Fisher,,,,,,,,,,,,
Brandon Roy,Channing Frye,Jerryd Bayless,LaMarcus Aldridge,Rudy Fernandez,Jordan Farmar,Kobe Bryant,Lamar Odom,Pau Gasol,Trevor Ariza,3,2:21,LAL,shot,,,,,,,,,,Lamar Odom,2,,,made,,jump,37,9
Brandon Roy,Channing Frye,Jerryd Bayless,LaMarcus Aldridge,Rudy Fernandez,Jordan Farmar,Kobe Bryant,Lamar Odom,Pau Gasol,Trevor Ariza,3,2:01,POR,shot,,,,,,,,,,Rudy Fernandez,,,,missed,,3pt,38,32
Brandon Roy,Channing Frye,Jerryd Bayless,LaMarcus Aldridge,Rudy Fernandez,Jordan Farmar,Kobe Bryant,Lamar Odom,Pau Gasol,Trevor Ariza,3,2:00,POR,rebound,,,,,,,,,,Brandon Roy,,,,,,off,,
Brandon Roy,Channing Frye,Jerryd Bayless,LaMarcus Aldridge,Rudy Fernandez,Jordan Farmar,Kobe Bryant,Lamar Odom,Pau Gasol,Trevor Ariza,3,1:55,POR,shot,,,,,,,,,,Brandon Roy,2,,,made,,jump,12,16
Brandon Roy,Channing Frye,Jerryd Bayless,LaMarcus Aldridge,Rudy Fernandez,Jordan Farmar,Kobe Bryant,Lamar Odom,Pau Gasol,Trevor Ariza,3,1:34,LAL,shot,,,,,,,,,,Kobe Bryant,,,,missed,,jump,38,19
Brandon Roy,Channing Frye,Jerryd Bayless,LaMarcus Aldridge,Rudy Fernandez,Jordan Farmar,Kobe Bryant,Lamar Odom,Pau Gasol,Trevor Ariza,3,1:33,POR,rebound,,,,,,,,,,Jerryd Bayless,,,,,,def,,
Brandon Roy,Channing Frye,Jerryd Bayless,LaMarcus Aldridge,Rudy Fernandez,Jordan Farmar,Kobe Bryant,Lamar Odom,Pau Gasol,Trevor Ariza,3,1:24,POR,shot,Rudy Fernandez,,,,,,,,,Brandon Roy,3,,,made,,3pt,2,9
Brandon Roy,Channing Frye,Jerryd Bayless,LaMarcus Aldridge,Rudy Fernandez,Jordan Farmar,Kobe Bryant,Lamar Odom,Pau Gasol,Trevor Ariza,3,1:17,POR,foul,,,,,,,,Lamar Odom,,Channing Frye,,,,,,shooting,,
Brandon Roy,Channing Frye,Jerryd Bayless,LaMarcus Aldridge,Rudy Fernandez,Jordan Farmar,Kobe Bryant,Lamar Odom,Pau Gasol,Trevor Ariza,3,1:17,LAL,free throw,,,,,,,1,,2,Lamar Odom,,,foul,made,,,,
Brandon Roy,Channing Frye,Jerryd Bayless,LaMarcus Aldridge,Rudy Fernandez,Jordan Farmar,Lamar Odom,Pau Gasol,Sasha Vujacic,Trevor Ariza,3,1:17,LAL,sub,,,,Sasha Vujacic,,Kobe Bryant,,,,,,,,,,,,
Brandon Roy,Channing Frye,Jerryd Bayless,LaMarcus Aldridge,Rudy Fernandez,Jordan Farmar,Lamar Odom,Pau Gasol,Sasha Vujacic,Trevor Ariza,3,1:17,LAL,free throw,,,,,,,2,,2,Lamar Odom,,,foul,made,,,,
Brandon Roy,Channing Frye,Jerryd Bayless,LaMarcus Aldridge,Rudy Fernandez,Jordan Farmar,Lamar Odom,Pau Gasol,Sasha Vujacic,Trevor Ariza,3,1:03,POR,shot,,,,,,,,,,Jerryd Bayless,,,,missed,,jump,13,18
Brandon Roy,Channing Frye,Jerryd Bayless,LaMarcus Aldridge,Rudy Fernandez,Jordan Farmar,Lamar Odom,Pau Gasol,Sasha Vujacic,Trevor Ariza,3,1:02,LAL,rebound,,,,,,,,,,Pau Gasol,,,,,,def,,
Brandon Roy,Channing Frye,Jerryd Bayless,LaMarcus Aldridge,Rudy Fernandez,Jordan Farmar,Lamar Odom,Pau Gasol,Sasha Vujacic,Trevor Ariza,3,0:57,POR,foul,,,,,,,,Lamar Odom,,Channing Frye,,,,,,personal,,
Brandon Roy,Channing Frye,Jerryd Bayless,LaMarcus Aldridge,Rudy Fernandez,Jordan Farmar,Lamar Odom,Pau Gasol,Sasha Vujacic,Trevor Ariza,3,0:57,LAL,free throw,,,,,,,1,,2,Lamar Odom,,,foul,missed,,,,
Brandon Roy,Channing Frye,Jerryd Bayless,LaMarcus Aldridge,Rudy Fernandez,Jordan Farmar,Lamar Odom,Pau Gasol,Sasha Vujacic,Trevor Ariza,3,0:57,LAL,rebound,,,,,,,,,,,,,,,,,,
Brandon Roy,Channing Frye,Jerryd Bayless,LaMarcus Aldridge,Rudy Fernandez,Jordan Farmar,Lamar Odom,Pau Gasol,Sasha Vujacic,Trevor Ariza,3,0:57,LAL,free throw,,,,,,,2,,2,Lamar Odom,,,foul,made,,,,
Brandon Roy,Channing Frye,Jerryd Bayless,LaMarcus Aldridge,Rudy Fernandez,Jordan Farmar,Lamar Odom,Pau Gasol,Sasha Vujacic,Trevor Ariza,3,0:43,POR,shot,,,,,,,,,,Brandon Roy,,,,missed,,layup,25,6
Brandon Roy,Channing Frye,Jerryd Bayless,LaMarcus Aldridge,Rudy Fernandez,Jordan Farmar,Lamar Odom,Pau Gasol,Sasha Vujacic,Trevor Ariza,3,0:42,LAL,rebound,,,,,,,,,,Pau Gasol,,,,,,def,,
Brandon Roy,Channing Frye,Jerryd Bayless,LaMarcus Aldridge,Rudy Fernandez,Jordan Farmar,Lamar Odom,Pau Gasol,Sasha Vujacic,Trevor Ariza,3,0:31,LAL,shot,,,,,,,,,,Pau Gasol,,,,missed,,layup,25,6
Brandon Roy,Channing Frye,Jerryd Bayless,LaMarcus Aldridge,Rudy Fernandez,Jordan Farmar,Lamar Odom,Pau Gasol,Sasha Vujacic,Trevor Ariza,3,0:30,POR,rebound,,,,,,,,,,Channing Frye,,,,,,def,,
Brandon Roy,Channing Frye,Jerryd Bayless,LaMarcus Aldridge,Rudy Fernandez,Jordan Farmar,Lamar Odom,Pau Gasol,Sasha Vujacic,Trevor Ariza,3,0:24,LAL,foul,,,,,,,,Jerryd Bayless,,Jordan Farmar,,,,,,personal,,
Brandon Roy,Channing Frye,Jerryd Bayless,LaMarcus Aldridge,Rudy Fernandez,Jordan Farmar,Lamar Odom,Pau Gasol,Sasha Vujacic,Trevor Ariza,3,0:21,POR,shot,,,,,,,,,,Rudy Fernandez,,,,missed,,jump,8,5
Brandon Roy,Channing Frye,Jerryd Bayless,LaMarcus Aldridge,Rudy Fernandez,Jordan Farmar,Lamar Odom,Pau Gasol,Sasha Vujacic,Trevor Ariza,3,0:20,POR,rebound,,,,,,,,,,LaMarcus Aldridge,,,,,,off,,
Brandon Roy,Channing Frye,Jerryd Bayless,LaMarcus Aldridge,Rudy Fernandez,Jordan Farmar,Lamar Odom,Pau Gasol,Sasha Vujacic,Trevor Ariza,3,0:20,POR,shot,,,,,,,,,,LaMarcus Aldridge,2,,,made,,putback dunk,25,6
Brandon Roy,Channing Frye,Jerryd Bayless,LaMarcus Aldridge,Rudy Fernandez,Jordan Farmar,Lamar Odom,Pau Gasol,Sasha Vujacic,Trevor Ariza,3,0:03,LAL,shot,,,,,,,,,,Jordan Farmar,,,,missed,,jump,34,27
Brandon Roy,Channing Frye,Jerryd Bayless,LaMarcus Aldridge,Rudy Fernandez,Jordan Farmar,Lamar Odom,Pau Gasol,Sasha Vujacic,Trevor Ariza,3,0:01,POR,rebound,,,,,,,,,,Rudy Fernandez,,,,,,def,,
Brandon Roy,Channing Frye,Jerryd Bayless,LaMarcus Aldridge,Rudy Fernandez,Andrew Bynum,Jordan Farmar,Lamar Odom,Sasha Vujacic,Trevor Ariza,4,11:49,OFF,jump ball,,Brandon Roy,,,Andrew Bynum,,,,,,,Jordan Farmar,,,,,,
Brandon Roy,Channing Frye,Jerryd Bayless,LaMarcus Aldridge,Rudy Fernandez,Andrew Bynum,Jordan Farmar,Lamar Odom,Sasha Vujacic,Trevor Ariza,4,11:36,LAL,shot,,,,,,,,,,Sasha Vujacic,,,,missed,,jump,14,24
Brandon Roy,Channing Frye,Jerryd Bayless,LaMarcus Aldridge,Rudy Fernandez,Andrew Bynum,Jordan Farmar,Lamar Odom,Sasha Vujacic,Trevor Ariza,4,11:35,POR,rebound,,,,,,,,,,Jerryd Bayless,,,,,,def,,
Brandon Roy,Channing Frye,Jerryd Bayless,LaMarcus Aldridge,Rudy Fernandez,Andrew Bynum,Jordan Farmar,Lamar Odom,Sasha Vujacic,Trevor Ariza,4,11:22,LAL,foul,,,,,,,,Rudy Fernandez,,Sasha Vujacic,,,,,,personal,,
Brandon Roy,Channing Frye,Jerryd Bayless,LaMarcus Aldridge,Rudy Fernandez,Andrew Bynum,Jordan Farmar,Lamar Odom,Sasha Vujacic,Trevor Ariza,4,11:11,POR,turnover,,,,,,,,,,Jerryd Bayless,,,lost ball,,Jordan Farmar,,,
Brandon Roy,Channing Frye,Jerryd Bayless,LaMarcus Aldridge,Rudy Fernandez,Andrew Bynum,Jordan Farmar,Lamar Odom,Sasha Vujacic,Trevor Ariza,4,11:06,LAL,shot,,,,,,,,,,Trevor Ariza,,,,missed,,driving layup,25,6
Brandon Roy,Channing Frye,Jerryd Bayless,LaMarcus Aldridge,Rudy Fernandez,Andrew Bynum,Jordan Farmar,Lamar Odom,Sasha Vujacic,Trevor Ariza,4,11:04,LAL,shot,,,,,,,,,,Jordan Farmar,,,,missed,,tip,25,6
Brandon Roy,Channing Frye,Jerryd Bayless,LaMarcus Aldridge,Rudy Fernandez,Andrew Bynum,Jordan Farmar,Lamar Odom,Sasha Vujacic,Trevor Ariza,4,11:04,LAL,rebound,,,,,,,,,,Jordan Farmar,,,,,,off,,
Brandon Roy,Channing Frye,Jerryd Bayless,LaMarcus Aldridge,Rudy Fernandez,Andrew Bynum,Jordan Farmar,Lamar Odom,Sasha Vujacic,Trevor Ariza,4,11:03,POR,rebound,,,,,,,,,,Channing Frye,,,,,,def,,
Brandon Roy,Channing Frye,Jerryd Bayless,LaMarcus Aldridge,Rudy Fernandez,Andrew Bynum,Jordan Farmar,Lamar Odom,Sasha Vujacic,Trevor Ariza,4,11:03,LAL,foul,,,,,,,,Channing Frye,,Jordan Farmar,,,,,,personal,,
Brandon Roy,Channing Frye,Jerryd Bayless,LaMarcus Aldridge,Rudy Fernandez,Andrew Bynum,Jordan Farmar,Lamar Odom,Sasha Vujacic,Trevor Ariza,4,11:03,LAL,foul,,,,,,,,,,Trevor Ariza,,,,,,technical,,
Brandon Roy,Channing Frye,Jerryd Bayless,LaMarcus Aldridge,Rudy Fernandez,Andrew Bynum,Jordan Farmar,Lamar Odom,Sasha Vujacic,Trevor Ariza,4,11:03,POR,free throw,,,,,,,1,,1,Rudy Fernandez,,,technical,made,,,,
Brandon Roy,Channing Frye,Jerryd Bayless,LaMarcus Aldridge,Rudy Fernandez,Andrew Bynum,Jordan Farmar,Lamar Odom,Sasha Vujacic,Trevor Ariza,4,10:55,LAL,foul,,,,,,,,Brandon Roy,,Andrew Bynum,,,,,,personal,,
Brandon Roy,Channing Frye,Jerryd Bayless,LaMarcus Aldridge,Rudy Fernandez,Andrew Bynum,Jordan Farmar,Lamar Odom,Sasha Vujacic,Trevor Ariza,4,10:47,POR,shot,Rudy Fernandez,,,,,,,,,Brandon Roy,3,,,made,,3pt,32,34
Brandon Roy,Channing Frye,Jerryd Bayless,LaMarcus Aldridge,Rudy Fernandez,Andrew Bynum,Jordan Farmar,Lamar Odom,Sasha Vujacic,Trevor Ariza,4,10:35,LAL,shot,Jordan Farmar,,,,,,,,,Sasha Vujacic,2,,,made,,jump,5,10
Brandon Roy,Channing Frye,Jerryd Bayless,LaMarcus Aldridge,Rudy Fernandez,Andrew Bynum,Jordan Farmar,Lamar Odom,Sasha Vujacic,Trevor Ariza,4,10:20,POR,shot,,,,,,,,,,Jerryd Bayless,,,,missed,,jump,14,24
Brandon Roy,Channing Frye,Jerryd Bayless,LaMarcus Aldridge,Rudy Fernandez,Andrew Bynum,Jordan Farmar,Lamar Odom,Sasha Vujacic,Trevor Ariza,4,10:19,LAL,rebound,,,,,,,,,,Lamar Odom,,,,,,def,,
Brandon Roy,Channing Frye,Jerryd Bayless,LaMarcus Aldridge,Rudy Fernandez,Andrew Bynum,Jordan Farmar,Lamar Odom,Sasha Vujacic,Trevor Ariza,4,10:14,POR,foul,,,,,,,,Jordan Farmar,,Channing Frye,,,,,,shooting,,
Brandon Roy,Jerryd Bayless,LaMarcus Aldridge,Rudy Fernandez,Travis Outlaw,Andrew Bynum,Jordan Farmar,Lamar Odom,Sasha Vujacic,Trevor Ariza,4,10:14,POR,sub,,,,Travis Outlaw,,Channing Frye,,,,,,,,,,,,
Brandon Roy,Jerryd Bayless,LaMarcus Aldridge,Rudy Fernandez,Travis Outlaw,Andrew Bynum,Jordan Farmar,Lamar Odom,Sasha Vujacic,Trevor Ariza,4,10:14,LAL,free throw,,,,,,,1,,2,Jordan Farmar,,,foul,made,,,,
Brandon Roy,Jerryd Bayless,Joel Przybilla,Rudy Fernandez,Travis Outlaw,Andrew Bynum,Jordan Farmar,Lamar Odom,Sasha Vujacic,Trevor Ariza,4,10:14,POR,sub,,,,Joel Przybilla,,LaMarcus Aldridge,,,,,,,,,,,,
Brandon Roy,Jerryd Bayless,Joel Przybilla,Rudy Fernandez,Travis Outlaw,Andrew Bynum,Jordan Farmar,Lamar Odom,Sasha Vujacic,Trevor Ariza,4,10:14,LAL,free throw,,,,,,,2,,2,Jordan Farmar,,,foul,made,,,,
Brandon Roy,Jerryd Bayless,Joel Przybilla,Rudy Fernandez,Travis Outlaw,Andrew Bynum,Jordan Farmar,Lamar Odom,Sasha Vujacic,Trevor Ariza,4,9:57,POR,foul,,,,,,,,Trevor Ariza,,Jerryd Bayless,,,,,,offensive,,
Brandon Roy,Jerryd Bayless,Joel Przybilla,Rudy Fernandez,Travis Outlaw,Andrew Bynum,Jordan Farmar,Lamar Odom,Sasha Vujacic,Trevor Ariza,4,9:57,POR,turnover,,,,,,,,,,Jerryd Bayless,,,foul,,,,,
Brandon Roy,Jerryd Bayless,Joel Przybilla,Rudy Fernandez,Travis Outlaw,Andrew Bynum,Jordan Farmar,Lamar Odom,Sasha Vujacic,Trevor Ariza,4,9:48,POR,foul,,,,,,,,Jordan Farmar,,Jerryd Bayless,,,,,,personal,,
Brandon Roy,Jerryd Bayless,Joel Przybilla,Rudy Fernandez,Travis Outlaw,Andrew Bynum,Jordan Farmar,Lamar Odom,Sasha Vujacic,Trevor Ariza,4,9:42,LAL,shot,Jordan Farmar,,,,,,,,,Andrew Bynum,2,,,made,,alley oop dunk,25,6
Brandon Roy,Jerryd Bayless,Joel Przybilla,Rudy Fernandez,Travis Outlaw,Andrew Bynum,Jordan Farmar,Lamar Odom,Sasha Vujacic,Trevor Ariza,4,9:38,POR,timeout,,,,,,,,,,,,,,,,regular,,
Brandon Roy,Jerryd Bayless,Joel Przybilla,Rudy Fernandez,Travis Outlaw,Andrew Bynum,Jordan Farmar,Lamar Odom,Sasha Vujacic,Trevor Ariza,4,9:22,POR,shot,Joel Przybilla,,,,,,,,,Brandon Roy,2,,,made,,jump,11,19
Brandon Roy,Jerryd Bayless,Joel Przybilla,Rudy Fernandez,Travis Outlaw,Andrew Bynum,Jordan Farmar,Lamar Odom,Sasha Vujacic,Trevor Ariza,4,8:54,LAL,turnover,,,,,,,,,,Jordan Farmar,,,bad pass,,Brandon Roy,,,
Brandon Roy,Jerryd Bayless,Joel Przybilla,Rudy Fernandez,Travis Outlaw,Andrew Bynum,Jordan Farmar,Lamar Odom,Sasha Vujacic,Trevor Ariza,4,8:49,POR,shot,,,Trevor Ariza,,,,,,,Jerryd Bayless,,,,missed,,layup,25,6
Brandon Roy,Jerryd Bayless,Joel Przybilla,Rudy Fernandez,Travis Outlaw,Andrew Bynum,Jordan Farmar,Lamar Odom,Sasha Vujacic,Trevor Ariza,4,8:46,LAL,rebound,,,,,,,,,,Sasha Vujacic,,,,,,def,,
Brandon Roy,Jerryd Bayless,Joel Przybilla,Rudy Fernandez,Travis Outlaw,Andrew Bynum,Jordan Farmar,Lamar Odom,Sasha Vujacic,Trevor Ariza,4,8:45,LAL,turnover,,,,,,,,,,Lamar Odom,,,bad pass,,Brandon Roy,,,
Brandon Roy,Jerryd Bayless,Joel Przybilla,Rudy Fernandez,Travis Outlaw,Andrew Bynum,Jordan Farmar,Lamar Odom,Sasha Vujacic,Trevor Ariza,4,8:40,POR,shot,Brandon Roy,,,,,,,,,Rudy Fernandez,3,,,made,,3pt,44,26
Brandon Roy,Jerryd Bayless,Joel Przybilla,Rudy Fernandez,Travis Outlaw,Andrew Bynum,Jordan Farmar,Lamar Odom,Sasha Vujacic,Trevor Ariza,4,8:20,LAL,shot,Jordan Farmar,,,,,,,,,Andrew Bynum,2,,,made,,layup,25,6
Brandon Roy,Jerryd Bayless,Joel Przybilla,Rudy Fernandez,Travis Outlaw,Andrew Bynum,Jordan Farmar,Lamar Odom,Sasha Vujacic,Trevor Ariza,4,7:53,POR,shot,,,,,,,,,,Travis Outlaw,,,,missed,,3pt,1,5
Brandon Roy,Jerryd Bayless,Joel Przybilla,Rudy Fernandez,Travis Outlaw,Andrew Bynum,Jordan Farmar,Lamar Odom,Sasha Vujacic,Trevor Ariza,4,7:51,LAL,rebound,,,,,,,,,,Jordan Farmar,,,,,,def,,
Brandon Roy,Jerryd Bayless,Joel Przybilla,Rudy Fernandez,Travis Outlaw,Andrew Bynum,Jordan Farmar,Lamar Odom,Sasha Vujacic,Trevor Ariza,4,7:37,LAL,shot,Sasha Vujacic,,,,,,,,,Trevor Ariza,2,,,made,,layup,25,6
Brandon Roy,Jerryd Bayless,Joel Przybilla,Rudy Fernandez,Travis Outlaw,Andrew Bynum,Jordan Farmar,Lamar Odom,Sasha Vujacic,Trevor Ariza,4,7:37,POR,foul,,,,,,,,Trevor Ariza,,Joel Przybilla,,,,,,shooting,,
Brandon Roy,Jerryd Bayless,Joel Przybilla,Rudy Fernandez,Travis Outlaw,Andrew Bynum,Jordan Farmar,Lamar Odom,Sasha Vujacic,Trevor Ariza,4,7:37,LAL,free throw,,,,,,,1,,1,Trevor Ariza,,,foul,made,,,,
Brandon Roy,Jerryd Bayless,Joel Przybilla,Rudy Fernandez,Travis Outlaw,Andrew Bynum,Jordan Farmar,Lamar Odom,Sasha Vujacic,Trevor Ariza,4,7:20,POR,shot,,,,,,,,,,Brandon Roy,2,,,made,,jump,33,17
Brandon Roy,Jerryd Bayless,Joel Przybilla,Rudy Fernandez,Travis Outlaw,Andrew Bynum,Jordan Farmar,Lamar Odom,Sasha Vujacic,Trevor Ariza,4,6:59,LAL,shot,,,,,,,,,,Jordan Farmar,,,,missed,,jump,22,25
Brandon Roy,Jerryd Bayless,Joel Przybilla,Rudy Fernandez,Travis Outlaw,Andrew Bynum,Jordan Farmar,Lamar Odom,Sasha Vujacic,Trevor Ariza,4,6:58,POR,rebound,,,,,,,,,,Joel Przybilla,,,,,,def,,
Brandon Roy,Jerryd Bayless,Joel Przybilla,Rudy Fernandez,Travis Outlaw,Andrew Bynum,Jordan Farmar,Lamar Odom,Sasha Vujacic,Trevor Ariza,4,6:51,POR,shot,Rudy Fernandez,,,,,,,,,Travis Outlaw,2,,,made,,layup,25,6
Brandon Roy,Jerryd Bayless,Joel Przybilla,Rudy Fernandez,Travis Outlaw,Andrew Bynum,Jordan Farmar,Lamar Odom,Sasha Vujacic,Trevor Ariza,4,6:25,LAL,shot,,,,,,,,,,Andrew Bynum,,,,missed,,jump,29,13
Brandon Roy,Jerryd Bayless,Joel Przybilla,Rudy Fernandez,Travis Outlaw,Andrew Bynum,Jordan Farmar,Lamar Odom,Sasha Vujacic,Trevor Ariza,4,6:24,LAL,shot,,,,,,,,,,Jordan Farmar,,,,missed,,tip,25,6
Brandon Roy,Jerryd Bayless,Joel Przybilla,Rudy Fernandez,Travis Outlaw,Andrew Bynum,Jordan Farmar,Lamar Odom,Sasha Vujacic,Trevor Ariza,4,6:24,LAL,rebound,,,,,,,,,,Jordan Farmar,,,,,,off,,
Brandon Roy,Jerryd Bayless,Joel Przybilla,Rudy Fernandez,Travis Outlaw,Andrew Bynum,Jordan Farmar,Lamar Odom,Sasha Vujacic,Trevor Ariza,4,6:21,POR,rebound,,,,,,,,,,Joel Przybilla,,,,,,def,,
Brandon Roy,Jerryd Bayless,Joel Przybilla,Rudy Fernandez,Travis Outlaw,Andrew Bynum,Jordan Farmar,Lamar Odom,Sasha Vujacic,Trevor Ariza,4,6:14,POR,shot,,,Andrew Bynum,,,,,,,Travis Outlaw,,,,missed,,jump,11,11
Brandon Roy,Jerryd Bayless,Joel Przybilla,Rudy Fernandez,Travis Outlaw,Andrew Bynum,Jordan Farmar,Lamar Odom,Sasha Vujacic,Trevor Ariza,4,6:12,LAL,rebound,,,,,,,,,,Lamar Odom,,,,,,def,,
Brandon Roy,Jerryd Bayless,Joel Przybilla,Rudy Fernandez,Travis Outlaw,Andrew Bynum,Jordan Farmar,Lamar Odom,Sasha Vujacic,Trevor Ariza,4,6:10,LAL,turnover,,,,,,,,,,Lamar Odom,,,bad pass,,Rudy Fernandez,,,
Brandon Roy,Jerryd Bayless,Joel Przybilla,Rudy Fernandez,Travis Outlaw,Andrew Bynum,Jordan Farmar,Lamar Odom,Sasha Vujacic,Trevor Ariza,4,6:03,POR,shot,,,,,,,,,,Rudy Fernandez,3,,,made,,3pt,49,23
Brandon Roy,Jerryd Bayless,Joel Przybilla,Rudy Fernandez,Travis Outlaw,Andrew Bynum,Jordan Farmar,Lamar Odom,Sasha Vujacic,Trevor Ariza,4,5:51,LAL,shot,,,,,,,,,,Trevor Ariza,,,,missed,,layup,25,6
Brandon Roy,Jerryd Bayless,Joel Przybilla,Rudy Fernandez,Travis Outlaw,Andrew Bynum,Jordan Farmar,Lamar Odom,Sasha Vujacic,Trevor Ariza,4,5:49,POR,rebound,,,,,,,,,,Joel Przybilla,,,,,,def,,
Brandon Roy,Jerryd Bayless,Joel Przybilla,Rudy Fernandez,Travis Outlaw,Andrew Bynum,Jordan Farmar,Lamar Odom,Sasha Vujacic,Trevor Ariza,4,5:41,POR,shot,,,,,,,,,,Jerryd Bayless,,,,missed,,jump,47,7
Brandon Roy,Jerryd Bayless,Joel Przybilla,Rudy Fernandez,Travis Outlaw,Andrew Bynum,Jordan Farmar,Lamar Odom,Sasha Vujacic,Trevor Ariza,4,5:40,LAL,rebound,,,,,,,,,,Jordan Farmar,,,,,,def,,
Brandon Roy,Jerryd Bayless,Joel Przybilla,Rudy Fernandez,Travis Outlaw,Andrew Bynum,Jordan Farmar,Lamar Odom,Sasha Vujacic,Trevor Ariza,4,5:24,LAL,shot,,,,,,,,,,Andrew Bynum,2,,,made,,turnaround jump,35,7
Brandon Roy,Jerryd Bayless,Joel Przybilla,Rudy Fernandez,Travis Outlaw,Andrew Bynum,Jordan Farmar,Lamar Odom,Sasha Vujacic,Trevor Ariza,4,5:10,LAL,foul,,,,,,,,Joel Przybilla,,Andrew Bynum,,,,,,shooting,,
Brandon Roy,Jerryd Bayless,Joel Przybilla,Rudy Fernandez,Travis Outlaw,Andrew Bynum,Jordan Farmar,Lamar Odom,Sasha Vujacic,Trevor Ariza,4,5:10,OFF,timeout,,,,,,,,,,,,,,,,official,,
Brandon Roy,Jerryd Bayless,Joel Przybilla,Rudy Fernandez,Travis Outlaw,Andrew Bynum,Jordan Farmar,Kobe Bryant,Lamar Odom,Trevor Ariza,4,5:10,LAL,sub,,,,Kobe Bryant,,Sasha Vujacic,,,,,,,,,,,,
Channing Frye,Jerryd Bayless,Joel Przybilla,Rudy Fernandez,Travis Outlaw,Andrew Bynum,Jordan Farmar,Kobe Bryant,Lamar Odom,Trevor Ariza,4,5:10,POR,sub,,,,Channing Frye,,Brandon Roy,,,,,,,,,,,,
Channing Frye,Jerryd Bayless,Joel Przybilla,Rudy Fernandez,Travis Outlaw,Andrew Bynum,Jordan Farmar,Kobe Bryant,Lamar Odom,Trevor Ariza,4,5:10,POR,free throw,,,,,,,1,,2,Joel Przybilla,,,foul,missed,,,,
Channing Frye,Jerryd Bayless,Joel Przybilla,Rudy Fernandez,Travis Outlaw,Andrew Bynum,Jordan Farmar,Kobe Bryant,Lamar Odom,Trevor Ariza,4,5:10,POR,rebound,,,,,,,,,,,,,,,,,,
Channing Frye,Jerryd Bayless,Joel Przybilla,Rudy Fernandez,Travis Outlaw,Andrew Bynum,Jordan Farmar,Kobe Bryant,Lamar Odom,Trevor Ariza,4,5:10,POR,free throw,,,,,,,2,,2,Joel Przybilla,,,foul,missed,,,,
Channing Frye,Jerryd Bayless,Joel Przybilla,Rudy Fernandez,Travis Outlaw,Andrew Bynum,Jordan Farmar,Kobe Bryant,Lamar Odom,Trevor Ariza,4,5:08,LAL,rebound,,,,,,,,,,Jordan Farmar,,,,,,def,,
Channing Frye,Jerryd Bayless,Joel Przybilla,Rudy Fernandez,Travis Outlaw,Andrew Bynum,Jordan Farmar,Kobe Bryant,Lamar Odom,Trevor Ariza,4,4:47,LAL,shot,,,,,,,,,,Kobe Bryant,2,,,made,,turnaround fade away,14,9
Channing Frye,Jerryd Bayless,Joel Przybilla,Rudy Fernandez,Travis Outlaw,Andrew Bynum,Jordan Farmar,Kobe Bryant,Lamar Odom,Trevor Ariza,4,4:33,POR,shot,,,,,,,,,,Channing Frye,,,,missed,,jump,16,25
Channing Frye,Jerryd Bayless,Joel Przybilla,Rudy Fernandez,Travis Outlaw,Andrew Bynum,Jordan Farmar,Kobe Bryant,Lamar Odom,Trevor Ariza,4,4:32,LAL,rebound,,,,,,,,,,Kobe Bryant,,,,,,def,,
Channing Frye,Jerryd Bayless,Joel Przybilla,Rudy Fernandez,Travis Outlaw,Andrew Bynum,Jordan Farmar,Kobe Bryant,Lamar Odom,Trevor Ariza,4,4:25,LAL,turnover,,,,,,,,,,Kobe Bryant,,,palming turnover,,,,,
Channing Frye,Jerryd Bayless,Joel Przybilla,Rudy Fernandez,Travis Outlaw,Andrew Bynum,Jordan Farmar,Kobe Bryant,Lamar Odom,Trevor Ariza,4,4:04,POR,shot,Rudy Fernandez,,,,,,,,,Jerryd Bayless,2,,,made,,driving layup,28,6
Channing Frye,Jerryd Bayless,Joel Przybilla,Rudy Fernandez,Travis Outlaw,Andrew Bynum,Jordan Farmar,Kobe Bryant,Lamar Odom,Trevor Ariza,4,3:42,LAL,shot,,,,,,,,,,Kobe Bryant,2,,,made,,driving slam dunk,25,6
Channing Frye,Jerryd Bayless,Joel Przybilla,Rudy Fernandez,Travis Outlaw,Andrew Bynum,Jordan Farmar,Kobe Bryant,Lamar Odom,Trevor Ariza,4,3:32,LAL,foul,,,,,,,,Jerryd Bayless,,Andrew Bynum,,,,,,personal,,
Channing Frye,Jerryd Bayless,Joel Przybilla,Nicolas Batum,Rudy Fernandez,Andrew Bynum,Jordan Farmar,Kobe Bryant,Lamar Odom,Trevor Ariza,4,3:32,POR,sub,,,,Nicolas Batum,,Travis Outlaw,,,,,,,,,,,,
Channing Frye,Jerryd Bayless,Joel Przybilla,Nicolas Batum,Rudy Fernandez,Chris Mihm,Jordan Farmar,Kobe Bryant,Lamar Odom,Trevor Ariza,4,3:32,LAL,sub,,,,Chris Mihm,,Andrew Bynum,,,,,,,,,,,,
Channing Frye,Ike Diogu,Jerryd Bayless,Nicolas Batum,Rudy Fernandez,Chris Mihm,Jordan Farmar,Kobe Bryant,Lamar Odom,Trevor Ariza,4,3:32,POR,sub,,,,Ike Diogu,,Joel Przybilla,,,,,,,,,,,,
Channing Frye,Ike Diogu,Jerryd Bayless,Nicolas Batum,Rudy Fernandez,Chris Mihm,Jordan Farmar,Kobe Bryant,Lamar Odom,Trevor Ariza,4,3:32,POR,free throw,,,,,,,1,,2,Jerryd Bayless,,,foul,missed,,,,
Channing Frye,Ike Diogu,Jerryd Bayless,Nicolas Batum,Rudy Fernandez,Chris Mihm,Jordan Farmar,Kobe Bryant,Lamar Odom,Trevor Ariza,4,3:32,POR,rebound,,,,,,,,,,,,,,,,,,
Channing Frye,Ike Diogu,Jerryd Bayless,Nicolas Batum,Rudy Fernandez,Chris Mihm,Jordan Farmar,Kobe Bryant,Lamar Odom,Trevor Ariza,4,3:32,POR,free throw,,,,,,,2,,2,Jerryd Bayless,,,foul,made,,,,
Channing Frye,Ike Diogu,Jerryd Bayless,Nicolas Batum,Rudy Fernandez,Chris Mihm,Jordan Farmar,Kobe Bryant,Lamar Odom,Trevor Ariza,4,3:18,LAL,shot,,,,,,,,,,Jordan Farmar,,,,missed,,layup,25,6
Channing Frye,Ike Diogu,Jerryd Bayless,Nicolas Batum,Rudy Fernandez,Chris Mihm,Jordan Farmar,Kobe Bryant,Lamar Odom,Trevor Ariza,4,3:14,POR,rebound,,,,,,,,,,Nicolas Batum,,,,,,def,,
Channing Frye,Ike Diogu,Jerryd Bayless,Nicolas Batum,Rudy Fernandez,Chris Mihm,Jordan Farmar,Kobe Bryant,Lamar Odom,Trevor Ariza,4,2:54,POR,shot,,,,,,,,,,Channing Frye,,,,missed,,3pt,13,27
Channing Frye,Ike Diogu,Jerryd Bayless,Nicolas Batum,Rudy Fernandez,Chris Mihm,Jordan Farmar,Kobe Bryant,Lamar Odom,Trevor Ariza,4,2:53,LAL,rebound,,,,,,,,,,Trevor Ariza,,,,,,def,,
Channing Frye,Ike Diogu,Jerryd Bayless,Nicolas Batum,Rudy Fernandez,Chris Mihm,Jordan Farmar,Kobe Bryant,Lamar Odom,Trevor Ariza,4,2:43,POR,foul,,,,,,,,Kobe Bryant,,Nicolas Batum,,,,,,personal,,
Channing Frye,Ike Diogu,Jerryd Bayless,Nicolas Batum,Rudy Fernandez,Chris Mihm,Jordan Farmar,Kobe Bryant,Lamar Odom,Trevor Ariza,4,2:43,LAL,timeout,,,,,,,,,,,,,,,,regular,,
Channing Frye,Ike Diogu,Jerryd Bayless,Nicolas Batum,Rudy Fernandez,Chris Mihm,Jordan Farmar,Josh Powell,Lamar Odom,Trevor Ariza,4,2:43,LAL,sub,,,,Josh Powell,,Kobe Bryant,,,,,,,,,,,,
Channing Frye,Ike Diogu,Jerryd Bayless,Nicolas Batum,Rudy Fernandez,Chris Mihm,Jordan Farmar,Josh Powell,Luke Walton,Trevor Ariza,4,2:43,LAL,sub,,,,Luke Walton,,Lamar Odom,,,,,,,,,,,,
Channing Frye,Ike Diogu,Jerryd Bayless,Nicolas Batum,Rudy Fernandez,Chris Mihm,Jordan Farmar,Josh Powell,Luke Walton,Trevor Ariza,4,2:33,LAL,shot,,,,,,,,,,Luke Walton,,,,missed,,jump,14,13
Channing Frye,Ike Diogu,Jerryd Bayless,Nicolas Batum,Rudy Fernandez,Chris Mihm,Jordan Farmar,Josh Powell,Luke Walton,Trevor Ariza,4,2:32,POR,rebound,,,,,,,,,,Nicolas Batum,,,,,,def,,
Channing Frye,Ike Diogu,Jerryd Bayless,Nicolas Batum,Rudy Fernandez,Chris Mihm,Jordan Farmar,Josh Powell,Luke Walton,Trevor Ariza,4,2:11,POR,shot,,,,,,,,,,Ike Diogu,,,,missed,,turnaround jump,35,10
Channing Frye,Ike Diogu,Jerryd Bayless,Nicolas Batum,Rudy Fernandez,Chris Mihm,Jordan Farmar,Josh Powell,Luke Walton,Trevor Ariza,4,2:09,POR,rebound,,,,,,,,,,Nicolas Batum,,,,,,off,,
Channing Frye,Ike Diogu,Jerryd Bayless,Nicolas Batum,Rudy Fernandez,Chris Mihm,Jordan Farmar,Josh Powell,Luke Walton,Trevor Ariza,4,2:08,POR,turnover,,,,,,,,,,Nicolas Batum,,,bad pass,,Trevor Ariza,,,
Channing Frye,Ike Diogu,Jerryd Bayless,Nicolas Batum,Rudy Fernandez,Chris Mihm,Jordan Farmar,Josh Powell,Luke Walton,Trevor Ariza,4,2:00,LAL,turnover,,,,,,,,,,Josh Powell,,,bad pass,,Nicolas Batum,,,
Channing Frye,Ike Diogu,Jerryd Bayless,Nicolas Batum,Rudy Fernandez,Chris Mihm,Jordan Farmar,Josh Powell,Luke Walton,Trevor Ariza,4,1:57,POR,shot,,,,,,,,,,Nicolas Batum,2,,,made,,driving slam dunk,25,6
Channing Frye,Ike Diogu,Jerryd Bayless,Nicolas Batum,Rudy Fernandez,Chris Mihm,Jordan Farmar,Josh Powell,Luke Walton,Trevor Ariza,4,1:37,LAL,shot,,,,,,,,,,Josh Powell,,,,missed,,layup,25,6
Channing Frye,Ike Diogu,Jerryd Bayless,Nicolas Batum,Rudy Fernandez,Chris Mihm,Jordan Farmar,Josh Powell,Luke Walton,Trevor Ariza,4,1:36,POR,rebound,,,,,,,,,,Ike Diogu,,,,,,def,,
Channing Frye,Ike Diogu,Jerryd Bayless,Nicolas Batum,Rudy Fernandez,Chris Mihm,Jordan Farmar,Josh Powell,Luke Walton,Trevor Ariza,4,1:20,POR,shot,,,,,,,,,,Rudy Fernandez,,,,missed,,jump,38,19
Channing Frye,Ike Diogu,Jerryd Bayless,Nicolas Batum,Rudy Fernandez,Chris Mihm,Jordan Farmar,Josh Powell,Luke Walton,Trevor Ariza,4,1:19,LAL,rebound,,,,,,,,,,Josh Powell,,,,,,def,,
Channing Frye,Ike Diogu,Jerryd Bayless,Nicolas Batum,Rudy Fernandez,Chris Mihm,Jordan Farmar,Josh Powell,Luke Walton,Trevor Ariza,4,1:10,LAL,shot,Luke Walton,,,,,,,,,Jordan Farmar,3,,,made,,3pt,41,29
Channing Frye,Ike Diogu,Jerryd Bayless,Nicolas Batum,Rudy Fernandez,Chris Mihm,Jordan Farmar,Josh Powell,Luke Walton,Trevor Ariza,4,0:58,POR,shot,,,,,,,,,,Channing Frye,,,,missed,,jump,13,15
Channing Frye,Ike Diogu,Jerryd Bayless,Nicolas Batum,Rudy Fernandez,Chris Mihm,Jordan Farmar,Josh Powell,Luke Walton,Trevor Ariza,4,0:57,POR,rebound,,,,,,,,,,Ike Diogu,,,,,,off,,
Channing Frye,Ike Diogu,Jerryd Bayless,Nicolas Batum,Rudy Fernandez,Chris Mihm,Jordan Farmar,Josh Powell,Luke Walton,Trevor Ariza,4,0:56,LAL,foul,,,,,,,,Ike Diogu,,Josh Powell,,,,,,shooting,,
Channing Frye,Ike Diogu,Jerryd Bayless,Nicolas Batum,Rudy Fernandez,Chris Mihm,Jordan Farmar,Josh Powell,Luke Walton,Trevor Ariza,4,0:56,POR,free throw,,,,,,,1,,2,Ike Diogu,,,foul,made,,,,
Channing Frye,Ike Diogu,Jerryd Bayless,Nicolas Batum,Rudy Fernandez,Chris Mihm,Jordan Farmar,Josh Powell,Luke Walton,Trevor Ariza,4,0:56,POR,free throw,,,,,,,2,,2,Ike Diogu,,,foul,made,,,,
Channing Frye,Ike Diogu,Jerryd Bayless,Nicolas Batum,Rudy Fernandez,Chris Mihm,Jordan Farmar,Josh Powell,Luke Walton,Trevor Ariza,4,0:32,LAL,shot,,,,,,,,,,Chris Mihm,2,,,made,,jump,22,18
Channing Frye,Ike Diogu,Jerryd Bayless,Nicolas Batum,Rudy Fernandez,Chris Mihm,Jordan Farmar,Josh Powell,Luke Walton,Trevor Ariza,4,0:25,POR,shot,,,Chris Mihm,,,,,,,Ike Diogu,,,,missed,,layup,25,6
Channing Frye,Ike Diogu,Jerryd Bayless,Nicolas Batum,Rudy Fernandez,Chris Mihm,Jordan Farmar,Josh Powell,Luke Walton,Trevor Ariza,4,0:23,LAL,rebound,,,,,,,,,,Chris Mihm,,,,,,def,,
Channing Frye,Ike Diogu,Jerryd Bayless,Nicolas Batum,Rudy Fernandez,Chris Mihm,Jordan Farmar,Josh Powell,Luke Walton,Trevor Ariza,4,0:18,LAL,shot,,,,,,,,,,Jordan Farmar,2,,,made,,driving layup,25,6
