a1,a2,a3,a4,a5,h1,h2,h3,h4,h5,period,time,team,etype,assist,away,block,entered,home,left,num,opponent,outof,player,points,possession,reason,result,steal,type,x,y
C.J. Miles,Deron Williams,Mehmet Okur,Paul Millsap,Ronnie Brewer,Aaron Gray,Andres Nocioni,Ben Gordon,Derrick Rose,Luol Deng,1,12:00,OFF,jump ball,,Mehmet Okur,,,Aaron Gray,,,,,,,Derrick Rose,,,,,,
C.J. Miles,Deron Williams,Mehmet Okur,Paul Millsap,Ronnie Brewer,Aaron Gray,Andres Nocioni,Ben Gordon,Derrick Rose,Luol Deng,1,11:43,CHI,shot,,,,,,,,,,Ben Gordon,,,,missed,,jump,24,21
C.J. Miles,Deron Williams,Mehmet Okur,Paul Millsap,Ronnie Brewer,Aaron Gray,Andres Nocioni,Ben Gordon,Derrick Rose,Luol Deng,1,11:42,UTA,rebound,,,,,,,,,,Mehmet Okur,,,,,,def,,
C.J. Miles,Deron Williams,Mehmet Okur,Paul Millsap,Ronnie Brewer,Aaron Gray,Andres Nocioni,Ben Gordon,Derrick Rose,Luol Deng,1,11:30,UTA,shot,Ronnie Brewer,,,,,,,,,Paul Millsap,2,,,made,,jump,20,23
C.J. Miles,Deron Williams,Mehmet Okur,Paul Millsap,Ronnie Brewer,Aaron Gray,Andres Nocioni,Ben Gordon,Derrick Rose,Luol Deng,1,11:12,CHI,shot,,,,,,,,,,Luol Deng,,,,missed,,jump,35,24
C.J. Miles,Deron Williams,Mehmet Okur,Paul Millsap,Ronnie Brewer,Aaron Gray,Andres Nocioni,Ben Gordon,Derrick Rose,Luol Deng,1,11:11,UTA,rebound,,,,,,,,,,Mehmet Okur,,,,,,def,,
C.J. Miles,Deron Williams,Mehmet Okur,Paul Millsap,Ronnie Brewer,Aaron Gray,Andres Nocioni,Ben Gordon,Derrick Rose,Luol Deng,1,10:56,UTA,shot,,,,,,,,,,Deron Williams,2,,,made,,driving reverse layup,25,6
C.J. Miles,Deron Williams,Mehmet Okur,Paul Millsap,Ronnie Brewer,Aaron Gray,Andres Nocioni,Ben Gordon,Derrick Rose,Luol Deng,1,10:42,CHI,shot,,,,,,,,,,Derrick Rose,,,,missed,,layup,25,6
C.J. Miles,Deron Williams,Mehmet Okur,Paul Millsap,Ronnie Brewer,Aaron Gray,Andres Nocioni,Ben Gordon,Derrick Rose,Luol Deng,1,10:42,CHI,rebound,,,,,,,,,,,,,,,,,,
C.J. Miles,Deron Williams,Mehmet Okur,Paul Millsap,Ronnie Brewer,Aaron Gray,Andres Nocioni,Ben Gordon,Derrick Rose,Luol Deng,1,10:38,CHI,shot,,,,,,,,,,Ben Gordon,,,,missed,,jump,4,5
C.J. Miles,Deron Williams,Mehmet Okur,Paul Millsap,Ronnie Brewer,Aaron Gray,Andres Nocioni,Ben Gordon,Derrick Rose,Luol Deng,1,10:37,UTA,rebound,,,,,,,,,,Paul Millsap,,,,,,def,,
C.J. Miles,Deron Williams,Mehmet Okur,Paul Millsap,Ronnie Brewer,Aaron Gray,Andres Nocioni,Ben Gordon,Derrick Rose,Luol Deng,1,10:31,UTA,shot,,,,,,,,,,Deron Williams,,,,missed,,jump,13,23
C.J. Miles,Deron Williams,Mehmet Okur,Paul Millsap,Ronnie Brewer,Aaron Gray,Andres Nocioni,Ben Gordon,Derrick Rose,Luol Deng,1,10:30,UTA,rebound,,,,,,,,,,Mehmet Okur,,,,,,off,,
C.J. Miles,Deron Williams,Mehmet Okur,Paul Millsap,Ronnie Brewer,Aaron Gray,Andres Nocioni,Ben Gordon,Derrick Rose,Luol Deng,1,10:29,CHI,foul,,,,,,,,Mehmet Okur,,Aaron Gray,,,,,,shooting,,
C.J. Miles,Deron Williams,Mehmet Okur,Paul Millsap,Ronnie Brewer,Aaron Gray,Andres Nocioni,Ben Gordon,Derrick Rose,Luol Deng,1,10:29,UTA,free throw,,,,,,,1,,2,Mehmet Okur,,,foul,made,,,,
C.J. Miles,Deron Williams,Mehmet Okur,Paul Millsap,Ronnie Brewer,Aaron Gray,Andres Nocioni,Ben Gordon,Derrick Rose,Luol Deng,1,10:29,UTA,free throw,,,,,,,2,,2,Mehmet Okur,,,foul,made,,,,
C.J. Miles,Deron Williams,Mehmet Okur,Paul Millsap,Ronnie Brewer,Aaron Gray,Andres Nocioni,Ben Gordon,Derrick Rose,Luol Deng,1,10:19,CHI,shot,,,,,,,,,,Derrick Rose,,,,missed,,layup,25,6
C.J. Miles,Deron Williams,Mehmet Okur,Paul Millsap,Ronnie Brewer,Aaron Gray,Andres Nocioni,Ben Gordon,Derrick Rose,Luol Deng,1,10:18,CHI,rebound,,,,,,,,,,Aaron Gray,,,,,,off,,
C.J. Miles,Deron Williams,Mehmet Okur,Paul Millsap,Ronnie Brewer,Aaron Gray,Andres Nocioni,Ben Gordon,Derrick Rose,Luol Deng,1,10:17,CHI,shot,,,,,,,,,,Aaron Gray,2,,,made,,tip,25,6
C.J. Miles,Deron Williams,Mehmet Okur,Paul Millsap,Ronnie Brewer,Aaron Gray,Andres Nocioni,Ben Gordon,Derrick Rose,Luol Deng,1,9:57,UTA,shot,,,,,,,,,,Mehmet Okur,2,,,made,,jump,42,9
C.J. Miles,Deron Williams,Mehmet Okur,Paul Millsap,Ronnie Brewer,Aaron Gray,Andres Nocioni,Ben Gordon,Derrick Rose,Luol Deng,1,9:45,CHI,shot,Derrick Rose,,,,,,,,,Andres Nocioni,2,,,made,,jump,15,24
C.J. Miles,Deron Williams,Mehmet Okur,Paul Millsap,Ronnie Brewer,Aaron Gray,Andres Nocioni,Ben Gordon,Derrick Rose,Luol Deng,1,9:23,UTA,turnover,,,,,,,,,,Deron Williams,,,bad pass,,Luol Deng,,,
C.J. Miles,Deron Williams,Mehmet Okur,Paul Millsap,Ronnie Brewer,Aaron Gray,Andres Nocioni,Ben Gordon,Derrick Rose,Luol Deng,1,9:17,CHI,shot,,,,,,,,,,Luol Deng,,,,missed,,layup,25,6
C.J. Miles,Deron Williams,Mehmet Okur,Paul Millsap,Ronnie Brewer,Aaron Gray,Andres Nocioni,Ben Gordon,Derrick Rose,Luol Deng,1,9:16,UTA,rebound,,,,,,,,,,Mehmet Okur,,,,,,def,,
C.J. Miles,Deron Williams,Mehmet Okur,Paul Millsap,Ronnie Brewer,Aaron Gray,Andres Nocioni,Ben Gordon,Derrick Rose,Luol Deng,1,9:12,UTA,shot,,,,,,,,,,Deron Williams,2,,,made,,layup,25,6
C.J. Miles,Deron Williams,Mehmet Okur,Paul Millsap,Ronnie Brewer,Aaron Gray,Andres Nocioni,Ben Gordon,Derrick Rose,Luol Deng,1,9:12,CHI,foul,,,,,,,,Deron Williams,,Derrick Rose,,,,,,shooting,,
C.J. Miles,Deron Williams,Mehmet Okur,Paul Millsap,Ronnie Brewer,Aaron Gray,Andres Nocioni,Ben Gordon,Derrick Rose,Luol Deng,1,9:12,UTA,free throw,,,,,,,1,,1,Deron Williams,,,foul,made,,,,
C.J. Miles,Deron Williams,Mehmet Okur,Paul Millsap,Ronnie Brewer,Aaron Gray,Andres Nocioni,Ben Gordon,Derrick Rose,Luol Deng,1,9:00,UTA,foul,,,,,,,,Luol Deng,,Paul Millsap,,,,,,personal,,
C.J. Miles,Deron Williams,Mehmet Okur,Paul Millsap,Ronnie Brewer,Aaron Gray,Andres Nocioni,Ben Gordon,Derrick Rose,Luol Deng,1,8:55,CHI,turnover,,,,,,,,,,Ben Gordon,,,lost ball,,C.J. Miles,,,
C.J. Miles,Deron Williams,Mehmet Okur,Paul Millsap,Ronnie Brewer,Aaron Gray,Andres Nocioni,Ben Gordon,Derrick Rose,Luol Deng,1,8:51,UTA,shot,,,,,,,,,,C.J. Miles,2,,,made,,running layup,25,6
C.J. Miles,Deron Williams,Mehmet Okur,Paul Millsap,Ronnie Brewer,Aaron Gray,Andres Nocioni,Ben Gordon,Derrick Rose,Luol Deng,1,8:50,CHI,timeout,,,,,,,,,,,,,,,,regular,,
C.J. Miles,Deron Williams,Mehmet Okur,Paul Millsap,Ronnie Brewer,Aaron Gray,Andres Nocioni,Ben Gordon,Derrick Rose,Luol Deng,1,8:27,CHI,turnover,,,,,,,,,,Andres Nocioni,,,bad pass,,,,,
C.J. Miles,Deron Williams,Mehmet Okur,Paul Millsap,Ronnie Brewer,Aaron Gray,Andres Nocioni,Ben Gordon,Derrick Rose,Luol Deng,1,8:12,UTA,shot,Deron Williams,,,,,,,,,Paul Millsap,2,,,made,,driving layup,25,6
C.J. Miles,Deron Williams,Mehmet Okur,Paul Millsap,Ronnie Brewer,Aaron Gray,Andres Nocioni,Ben Gordon,Derrick Rose,Luol Deng,1,7:57,CHI,shot,,,,,,,,,,Derrick Rose,2,,,made,,driving layup,25,6
C.J. Miles,Deron Williams,Mehmet Okur,Paul Millsap,Ronnie Brewer,Aaron Gray,Andres Nocioni,Ben Gordon,Derrick Rose,Luol Deng,1,7:37,UTA,shot,,,,,,,,,,Mehmet Okur,,,,missed,,fade away jumper,13,19
C.J. Miles,Deron Williams,Mehmet Okur,Paul Millsap,Ronnie Brewer,Aaron Gray,Andres Nocioni,Ben Gordon,Derrick Rose,Luol Deng,1,7:36,CHI,rebound,,,,,,,,,,Andres Nocioni,,,,,,def,,
C.J. Miles,Deron Williams,Mehmet Okur,Paul Millsap,Ronnie Brewer,Aaron Gray,Andres Nocioni,Ben Gordon,Derrick Rose,Luol Deng,1,7:27,CHI,shot,,,,,,,,,,Luol Deng,,,,missed,,jump,39,19
C.J. Miles,Deron Williams,Mehmet Okur,Paul Millsap,Ronnie Brewer,Aaron Gray,Andres Nocioni,Ben Gordon,Derrick Rose,Luol Deng,1,7:26,CHI,rebound,,,,,,,,,,Aaron Gray,,,,,,off,,
C.J. Miles,Deron Williams,Mehmet Okur,Paul Millsap,Ronnie Brewer,Aaron Gray,Andres Nocioni,Ben Gordon,Derrick Rose,Luol Deng,1,7:24,CHI,shot,,,,,,,,,,Aaron Gray,2,,,made,,layup,25,6
C.J. Miles,Deron Williams,Mehmet Okur,Paul Millsap,Ronnie Brewer,Aaron Gray,Andres Nocioni,Ben Gordon,Derrick Rose,Luol Deng,1,7:12,CHI,foul,,,,,,,,Deron Williams,,Derrick Rose,,,,,,shooting,,
C.J. Miles,Deron Williams,Mehmet Okur,Paul Millsap,Ronnie Brewer,Aaron Gray,Andres Nocioni,Ben Gordon,Derrick Rose,Luol Deng,1,7:12,UTA,free throw,,,,,,,1,,2,Deron Williams,,,foul,made,,,,
C.J. Miles,Deron Williams,Mehmet Okur,Paul Millsap,Ronnie Brewer,Aaron Gray,Andres Nocioni,Ben Gordon,Larry Hughes,Luol Deng,1,7:12,CHI,sub,,,,Larry Hughes,,Derrick Rose,,,,,,,,,,,,
C.J. Miles,Deron Williams,Mehmet Okur,Paul Millsap,Ronnie Brewer,Aaron Gray,Andres Nocioni,Ben Gordon,Larry Hughes,Luol Deng,1,7:12,UTA,free throw,,,,,,,2,,2,Deron Williams,,,foul,made,,,,
C.J. Miles,Deron Williams,Mehmet Okur,Paul Millsap,Ronnie Brewer,Aaron Gray,Andres Nocioni,Ben Gordon,Larry Hughes,Luol Deng,1,7:01,CHI,shot,,,,,,,,,,Ben Gordon,,,,missed,,jump,31,17
C.J. Miles,Deron Williams,Mehmet Okur,Paul Millsap,Ronnie Brewer,Aaron Gray,Andres Nocioni,Ben Gordon,Larry Hughes,Luol Deng,1,7:00,UTA,rebound,,,,,,,,,,Mehmet Okur,,,,,,def,,
C.J. Miles,Deron Williams,Mehmet Okur,Paul Millsap,Ronnie Brewer,Aaron Gray,Andres Nocioni,Ben Gordon,Larry Hughes,Luol Deng,1,6:48,UTA,shot,Deron Williams,,,,,,,,,Ronnie Brewer,2,,,made,,jump,9,21
C.J. Miles,Deron Williams,Mehmet Okur,Paul Millsap,Ronnie Brewer,Aaron Gray,Andres Nocioni,Ben Gordon,Larry Hughes,Luol Deng,1,6:31,CHI,shot,Luol Deng,,,,,,,,,Andres Nocioni,3,,,made,,3pt,1,6
C.J. Miles,Deron Williams,Mehmet Okur,Paul Millsap,Ronnie Brewer,Aaron Gray,Andres Nocioni,Ben Gordon,Larry Hughes,Luol Deng,1,6:15,UTA,foul,,,,,,,,Luol Deng,,Paul Millsap,,,,,,offensive,,
C.J. Miles,Deron Williams,Mehmet Okur,Paul Millsap,Ronnie Brewer,Aaron Gray,Andres Nocioni,Ben Gordon,Larry Hughes,Luol Deng,1,6:15,UTA,turnover,,,,,,,,,,Paul Millsap,,,foul,,,,,
Andrei Kirilenko,C.J. Miles,Deron Williams,Mehmet Okur,Ronnie Brewer,Aaron Gray,Andres Nocioni,Ben Gordon,Larry Hughes,Luol Deng,1,6:15,UTA,sub,,,,Andrei Kirilenko,,Paul Millsap,,,,,,,,,,,,
Andrei Kirilenko,C.J. Miles,Deron Williams,Mehmet Okur,Ronnie Brewer,Aaron Gray,Andres Nocioni,Ben Gordon,Larry Hughes,Luol Deng,1,6:09,UTA,foul,,,,,,,,Ben Gordon,,Deron Williams,,,,,,shooting,,
Andrei Kirilenko,C.J. Miles,Deron Williams,Mehmet Okur,Ronnie Brewer,Aaron Gray,Andres Nocioni,Ben Gordon,Larry Hughes,Luol Deng,1,6:09,CHI,free throw,,,,,,,1,,2,Ben Gordon,,,foul,missed,,,,
Andrei Kirilenko,C.J. Miles,Deron Williams,Mehmet Okur,Ronnie Brewer,Aaron Gray,Andres Nocioni,Ben Gordon,Larry Hughes,Luol Deng,1,6:09,CHI,rebound,,,,,,,,,,,,,,,,,,
Andrei Kirilenko,C.J. Miles,Deron Williams,Mehmet Okur,Ronnie Brewer,Andres Nocioni,Ben Gordon,Larry Hughes,Luol Deng,Thabo Sefolosha,1,6:09,CHI,sub,,,,Thabo Sefolosha,,Aaron Gray,,,,,,,,,,,,
Andrei Kirilenko,C.J. Miles,Deron Williams,Mehmet Okur,Ronnie Brewer,Andres Nocioni,Ben Gordon,Larry Hughes,Luol Deng,Thabo Sefolosha,1,6:09,CHI,free throw,,,,,,,2,,2,Ben Gordon,,,foul,made,,,,
Andrei Kirilenko,C.J. Miles,Deron Williams,Mehmet Okur,Ronnie Brewer,Andres Nocioni,Ben Gordon,Larry Hughes,Luol Deng,Thabo Sefolosha,1,5:54,UTA,turnover,,,,,,,,,,Mehmet Okur,,,3 second violation,,,,,
Andrei Kirilenko,C.J. Miles,Deron Williams,Mehmet Okur,Ronnie Brewer,Andres Nocioni,Ben Gordon,Larry Hughes,Luol Deng,Thabo Sefolosha,1,5:46,CHI,shot,,,,,,,,,,Ben Gordon,2,,,made,,running bank,35,12
Andrei Kirilenko,C.J. Miles,Deron Williams,Mehmet Okur,Ronnie Brewer,Andres Nocioni,Ben Gordon,Larry Hughes,Luol Deng,Thabo Sefolosha,1,5:46,UTA,foul,,,,,,,,Ben Gordon,,Deron Williams,,,,,,shooting,,
Andrei Kirilenko,Brevin Knight,C.J. Miles,Mehmet Okur,Ronnie Brewer,Andres Nocioni,Ben Gordon,Larry Hughes,Luol Deng,Thabo Sefolosha,1,5:46,UTA,sub,,,,Brevin Knight,,Deron Williams,,,,,,,,,,,,
Andrei Kirilenko,Brevin Knight,C.J. Miles,Mehmet Okur,Ronnie Brewer,Andres Nocioni,Ben Gordon,Larry Hughes,Luol Deng,Thabo Sefolosha,1,5:46,CHI,free throw,,,,,,,1,,1,Ben Gordon,,,foul,made,,,,
Andrei Kirilenko,Brevin Knight,C.J. Miles,Mehmet Okur,Ronnie Brewer,Andres Nocioni,Ben Gordon,Larry Hughes,Luol Deng,Thabo Sefolosha,1,5:26,UTA,shot,Mehmet Okur,,,,,,,,,Andrei Kirilenko,2,,,made,,jump,12,24
Andrei Kirilenko,Brevin Knight,C.J. Miles,Mehmet Okur,Ronnie Brewer,Andres Nocioni,Ben Gordon,Larry Hughes,Luol Deng,Thabo Sefolosha,1,5:14,CHI,shot,,,,,,,,,,Ben Gordon,3,,,made,,3pt,17,30
Andrei Kirilenko,Brevin Knight,C.J. Miles,Mehmet Okur,Ronnie Brewer,Andres Nocioni,Ben Gordon,Larry Hughes,Luol Deng,Thabo Sefolosha,1,4:53,UTA,shot,Brevin Knight,,,,,,,,,Ronnie Brewer,2,,,made,,jump,7,6
Andrei Kirilenko,Brevin Knight,C.J. Miles,Mehmet Okur,Ronnie Brewer,Andres Nocioni,Ben Gordon,Larry Hughes,Luol Deng,Thabo Sefolosha,1,4:42,CHI,shot,Thabo Sefolosha,,,,,,,,,Luol Deng,2,,,made,,reverse layup,25,6
Andrei Kirilenko,Brevin Knight,C.J. Miles,Mehmet Okur,Ronnie Brewer,Andres Nocioni,Ben Gordon,Larry Hughes,Luol Deng,Thabo Sefolosha,1,4:31,UTA,turnover,,,,,,,,,,Mehmet Okur,,,lost ball,,Thabo Sefolosha,,,
Andrei Kirilenko,Brevin Knight,C.J. Miles,Mehmet Okur,Ronnie Brewer,Andres Nocioni,Ben Gordon,Larry Hughes,Luol Deng,Thabo Sefolosha,1,4:28,CHI,shot,,,,,,,,,,Ben Gordon,2,,,made,,running dunk,25,6
Andrei Kirilenko,Brevin Knight,C.J. Miles,Mehmet Okur,Ronnie Brewer,Andres Nocioni,Ben Gordon,Larry Hughes,Luol Deng,Thabo Sefolosha,1,4:03,UTA,shot,,,Ben Gordon,,,,,,,Brevin Knight,,,,missed,,layup,25,6
Andrei Kirilenko,Brevin Knight,C.J. Miles,Mehmet Okur,Ronnie Brewer,Andres Nocioni,Ben Gordon,Larry Hughes,Luol Deng,Thabo Sefolosha,1,4:00,CHI,rebound,,,,,,,,,,Andres Nocioni,,,,,,def,,
Andrei Kirilenko,Brevin Knight,C.J. Miles,Mehmet Okur,Ronnie Brewer,Andres Nocioni,Ben Gordon,Larry Hughes,Luol Deng,Thabo Sefolosha,1,3:54,CHI,shot,,,,,,,,,,Andres Nocioni,,,,missed,,3pt,9,25
Andrei Kirilenko,Brevin Knight,C.J. Miles,Mehmet Okur,Ronnie Brewer,Andres Nocioni,Ben Gordon,Larry Hughes,Luol Deng,Thabo Sefolosha,1,3:53,UTA,rebound,,,,,,,,,,Mehmet Okur,,,,,,def,,
Andrei Kirilenko,Brevin Knight,C.J. Miles,Mehmet Okur,Ronnie Brewer,Andres Nocioni,Ben Gordon,Larry Hughes,Luol Deng,Thabo Sefolosha,1,3:36,UTA,shot,Andrei Kirilenko,,,,,,,,,Brevin Knight,2,,,made,,jump,42,12
Andrei Kirilenko,Brevin Knight,C.J. Miles,Mehmet Okur,Ronnie Brewer,Andres Nocioni,Ben Gordon,Larry Hughes,Luol Deng,Thabo Sefolosha,1,3:23,CHI,shot,,,,,,,,,,Thabo Sefolosha,,,,missed,,jump,35,20
Andrei Kirilenko,Brevin Knight,C.J. Miles,Mehmet Okur,Ronnie Brewer,Andres Nocioni,Ben Gordon,Larry Hughes,Luol Deng,Thabo Sefolosha,1,3:21,UTA,rebound,,,,,,,,,,Brevin Knight,,,,,,def,,
Andrei Kirilenko,Brevin Knight,C.J. Miles,Mehmet Okur,Ronnie Brewer,Andres Nocioni,Ben Gordon,Larry Hughes,Luol Deng,Thabo Sefolosha,1,3:05,UTA,shot,,,,,,,,,,Andrei Kirilenko,,,,missed,,jump,24,13
Andrei Kirilenko,Brevin Knight,C.J. Miles,Mehmet Okur,Ronnie Brewer,Andres Nocioni,Ben Gordon,Larry Hughes,Luol Deng,Thabo Sefolosha,1,3:03,UTA,shot,,,,,,,,,,Mehmet Okur,,,,missed,,tip,25,6
Andrei Kirilenko,Brevin Knight,C.J. Miles,Mehmet Okur,Ronnie Brewer,Andres Nocioni,Ben Gordon,Larry Hughes,Luol Deng,Thabo Sefolosha,1,3:03,UTA,rebound,,,,,,,,,,Mehmet Okur,,,,,,off,,
Andrei Kirilenko,Brevin Knight,C.J. Miles,Mehmet Okur,Ronnie Brewer,Andres Nocioni,Ben Gordon,Larry Hughes,Luol Deng,Thabo Sefolosha,1,3:02,CHI,rebound,,,,,,,,,,Andres Nocioni,,,,,,def,,
Andrei Kirilenko,Brevin Knight,C.J. Miles,Mehmet Okur,Ronnie Brewer,Andres Nocioni,Ben Gordon,Larry Hughes,Luol Deng,Thabo Sefolosha,1,2:59,UTA,foul,,,,,,,,Luol Deng,,C.J. Miles,,,,,,shooting,,
Andrei Kirilenko,Brevin Knight,C.J. Miles,Mehmet Okur,Ronnie Brewer,Andres Nocioni,Ben Gordon,Larry Hughes,Luol Deng,Thabo Sefolosha,1,2:59,UTA,timeout,,,,,,,,,,,,,,,,regular,,
Andrei Kirilenko,Brevin Knight,C.J. Miles,Matt Harpring,Ronnie Brewer,Andres Nocioni,Ben Gordon,Larry Hughes,Luol Deng,Thabo Sefolosha,1,2:59,UTA,sub,,,,Matt Harpring,,Mehmet Okur,,,,,,,,,,,,
Andrei Kirilenko,Brevin Knight,C.J. Miles,Matt Harpring,Ronnie Brewer,Andres Nocioni,Ben Gordon,Larry Hughes,Luol Deng,Thabo Sefolosha,1,2:59,CHI,free throw,,,,,,,1,,2,Luol Deng,,,foul,missed,,,,
Andrei Kirilenko,Brevin Knight,C.J. Miles,Matt Harpring,Ronnie Brewer,Andres Nocioni,Ben Gordon,Larry Hughes,Luol Deng,Thabo Sefolosha,1,2:59,CHI,rebound,,,,,,,,,,,,,,,,,,
Andrei Kirilenko,Brevin Knight,C.J. Miles,Matt Harpring,Ronnie Brewer,Andres Nocioni,Ben Gordon,Larry Hughes,Luol Deng,Thabo Sefolosha,1,2:59,CHI,free throw,,,,,,,2,,2,Luol Deng,,,foul,made,,,,
Andrei Kirilenko,Brevin Knight,C.J. Miles,Matt Harpring,Ronnie Brewer,Andres Nocioni,Ben Gordon,Larry Hughes,Luol Deng,Thabo Sefolosha,1,2:40,UTA,shot,,,,,,,,,,C.J. Miles,,,,missed,,jump,37,20
Andrei Kirilenko,Brevin Knight,C.J. Miles,Matt Harpring,Ronnie Brewer,Andres Nocioni,Ben Gordon,Larry Hughes,Luol Deng,Thabo Sefolosha,1,2:39,CHI,rebound,,,,,,,,,,Larry Hughes,,,,,,def,,
Andrei Kirilenko,Brevin Knight,C.J. Miles,Matt Harpring,Ronnie Brewer,Andres Nocioni,Ben Gordon,Larry Hughes,Luol Deng,Thabo Sefolosha,1,2:33,CHI,shot,,,,,,,,,,Ben Gordon,2,,,made,,driving layup,25,6
Andrei Kirilenko,Brevin Knight,C.J. Miles,Matt Harpring,Ronnie Brewer,Andres Nocioni,Ben Gordon,Larry Hughes,Luol Deng,Thabo Sefolosha,1,2:15,UTA,turnover,,,,,,,,,,Ronnie Brewer,,,bad pass,,Thabo Sefolosha,,,
Andrei Kirilenko,Brevin Knight,C.J. Miles,Matt Harpring,Ronnie Brewer,Andres Nocioni,Ben Gordon,Larry Hughes,Luol Deng,Thabo Sefolosha,1,2:09,CHI,shot,Luol Deng,,,,,,,,,Thabo Sefolosha,2,,,made,,dunk,25,6
Andrei Kirilenko,Brevin Knight,C.J. Miles,Matt Harpring,Ronnie Brewer,Andres Nocioni,Ben Gordon,Larry Hughes,Luol Deng,Thabo Sefolosha,1,1:52,CHI,foul,,,,,,,,Brevin Knight,,Thabo Sefolosha,,,,,,personal,,
Andrei Kirilenko,Brevin Knight,C.J. Miles,Matt Harpring,Ronnie Brewer,Andres Nocioni,Larry Hughes,Lindsey Hunter,Luol Deng,Thabo Sefolosha,1,1:52,CHI,sub,,,,Lindsey Hunter,,Ben Gordon,,,,,,,,,,,,
Andrei Kirilenko,Brevin Knight,C.J. Miles,Matt Harpring,Ronnie Brewer,Andres Nocioni,Larry Hughes,Lindsey Hunter,Luol Deng,Thabo Sefolosha,1,1:37,UTA,shot,,,,,,,,,,Brevin Knight,,,,missed,,layup,25,6
Andrei Kirilenko,Brevin Knight,C.J. Miles,Matt Harpring,Ronnie Brewer,Andres Nocioni,Larry Hughes,Lindsey Hunter,Luol Deng,Thabo Sefolosha,1,1:36,UTA,rebound,,,,,,,,,,Matt Harpring,,,,,,off,,
Andrei Kirilenko,Brevin Knight,C.J. Miles,Matt Harpring,Ronnie Brewer,Andres Nocioni,Larry Hughes,Lindsey Hunter,Luol Deng,Thabo Sefolosha,1,1:34,UTA,shot,,,,,,,,,,Matt Harpring,,,,missed,,putback layup,25,6
Andrei Kirilenko,Brevin Knight,C.J. Miles,Matt Harpring,Ronnie Brewer,Andres Nocioni,Larry Hughes,Lindsey Hunter,Luol Deng,Thabo Sefolosha,1,1:32,CHI,rebound,,,,,,,,,,Thabo Sefolosha,,,,,,def,,
Andrei Kirilenko,Brevin Knight,C.J. Miles,Matt Harpring,Ronnie Brewer,Andres Nocioni,Larry Hughes,Lindsey Hunter,Luol Deng,Thabo Sefolosha,1,1:19,CHI,shot,,,C.J. Miles,,,,,,,Luol Deng,,,,missed,,layup,25,6
Andrei Kirilenko,Brevin Knight,C.J. Miles,Matt Harpring,Ronnie Brewer,Andres Nocioni,Larry Hughes,Lindsey Hunter,Luol Deng,Thabo Sefolosha,1,1:17,UTA,rebound,,,,,,,,,,Matt Harpring,,,,,,def,,
Andrei Kirilenko,Brevin Knight,C.J. Miles,Matt Harpring,Ronnie Brewer,Andres Nocioni,Larry Hughes,Lindsey Hunter,Luol Deng,Thabo Sefolosha,1,1:16,CHI,foul,,,,,,,,Matt Harpring,,Lindsey Hunter,,,,,,personal,,
Andrei Kirilenko,Brevin Knight,C.J. Miles,Matt Harpring,Ronnie Brewer,Andres Nocioni,Larry Hughes,Lindsey Hunter,Luol Deng,Thabo Sefolosha,1,1:16,UTA,free throw,,,,,,,1,,2,Matt Harpring,,,foul,made,,,,
Andrei Kirilenko,Brevin Knight,C.J. Miles,Matt Harpring,Ronnie Brewer,Andres Nocioni,Larry Hughes,Lindsey Hunter,Luol Deng,Thabo Sefolosha,1,1:16,UTA,free throw,,,,,,,2,,2,Matt Harpring,,,foul,made,,,,
Andrei Kirilenko,Brevin Knight,C.J. Miles,Matt Harpring,Ronnie Brewer,Andres Nocioni,Larry Hughes,Lindsey Hunter,Luol Deng,Thabo Sefolosha,1,0:59,CHI,shot,,,,,,,,,,Andres Nocioni,,,,missed,,3pt,12,28
Andrei Kirilenko,Brevin Knight,C.J. Miles,Matt Harpring,Ronnie Brewer,Andres Nocioni,Larry Hughes,Lindsey Hunter,Luol Deng,Thabo Sefolosha,1,0:58,CHI,rebound,,,,,,,,,,Thabo Sefolosha,,,,,,off,,
Andrei Kirilenko,Brevin Knight,C.J. Miles,Matt Harpring,Ronnie Brewer,Andres Nocioni,Larry Hughes,Lindsey Hunter,Luol Deng,Thabo Sefolosha,1,0:46,CHI,turnover,,,,,,,,,,Thabo Sefolosha,,,bad pass,,Andrei Kirilenko,,,
Andrei Kirilenko,Brevin Knight,C.J. Miles,Matt Harpring,Ronnie Brewer,Andres Nocioni,Larry Hughes,Lindsey Hunter,Luol Deng,Thabo Sefolosha,1,0:43,CHI,foul,,,,,,,,C.J. Miles,,Larry Hughes,,,,,,shooting,,
Andrei Kirilenko,Brevin Knight,C.J. Miles,Matt Harpring,Ronnie Brewer,Andres Nocioni,Larry Hughes,Lindsey Hunter,Luol Deng,Thabo Sefolosha,1,0:43,UTA,free throw,,,,,,,1,,2,C.J. Miles,,,foul,made,,,,
Andrei Kirilenko,Brevin Knight,C.J. Miles,Matt Harpring,Ronnie Brewer,Andres Nocioni,Larry Hughes,Lindsey Hunter,Luol Deng,Thabo Sefolosha,1,0:43,UTA,free throw,,,,,,,2,,2,C.J. Miles,,,foul,made,,,,
Andrei Kirilenko,Brevin Knight,C.J. Miles,Matt Harpring,Ronnie Brewer,Andres Nocioni,Larry Hughes,Lindsey Hunter,Luol Deng,Thabo Sefolosha,1,0:29,CHI,shot,,,,,,,,,,Lindsey Hunter,,,,missed,,jump,12,23
Andrei Kirilenko,Brevin Knight,C.J. Miles,Matt Harpring,Ronnie Brewer,Andres Nocioni,Larry Hughes,Lindsey Hunter,Luol Deng,Thabo Sefolosha,1,0:27,UTA,rebound,,,,,,,,,,C.J. Miles,,,,,,def,,
Andrei Kirilenko,Brevin Knight,C.J. Miles,Matt Harpring,Ronnie Brewer,Andres Nocioni,Larry Hughes,Lindsey Hunter,Luol Deng,Thabo Sefolosha,1,0:04,UTA,shot,,,,,,,,,,Ronnie Brewer,,,,missed,,3pt,40,25
Andrei Kirilenko,Brevin Knight,C.J. Miles,Matt Harpring,Ronnie Brewer,Andres Nocioni,Larry Hughes,Lindsey Hunter,Luol Deng,Thabo Sefolosha,1,0:02,CHI,rebound,,,,,,,,,,,,,,,,,,
Andrei Kirilenko,Brevin Knight,C.J. Miles,Matt Harpring,Ronnie Brewer,Andres Nocioni,Larry Hughes,Lindsey Hunter,Luol Deng,Thabo Sefolosha,1,0:00,CHI,shot,,,Matt Harpring,,,,,,,Thabo Sefolosha,,,,missed,,jump,11,23
Andrei Kirilenko,Brevin Knight,C.J. Miles,Matt Harpring,Ronnie Brewer,Andres Nocioni,Larry Hughes,Lindsey Hunter,Luol Deng,Thabo Sefolosha,1,0:00,CHI,rebound,,,,,,,,,,,,,,,,,,
Andrei Kirilenko,Brevin Knight,Kyle Korver,Matt Harpring,Paul Millsap,Andres Nocioni,Larry Hughes,Lindsey Hunter,Luol Deng,Thabo Sefolosha,2,11:45,UTA,turnover,,,,,,,,,,Andrei Kirilenko,,,bad pass,,,,,
Andrei Kirilenko,Brevin Knight,Kyle Korver,Matt Harpring,Paul Millsap,Andres Nocioni,Larry Hughes,Lindsey Hunter,Luol Deng,Thabo Sefolosha,2,11:31,CHI,shot,,,,,,,,,,Andres Nocioni,2,,,made,,driving layup,25,6
Andrei Kirilenko,Brevin Knight,Kyle Korver,Matt Harpring,Paul Millsap,Andres Nocioni,Larry Hughes,Lindsey Hunter,Luol Deng,Thabo Sefolosha,2,11:12,CHI,foul,,,,,,,,Matt Harpring,,Lindsey Hunter,,,,,,personal,,
Andrei Kirilenko,Brevin Knight,Kyle Korver,Matt Harpring,Paul Millsap,Andres Nocioni,Joakim Noah,Larry Hughes,Lindsey Hunter,Thabo Sefolosha,2,11:12,CHI,sub,,,,Joakim Noah,,Luol Deng,,,,,,,,,,,,
Andrei Kirilenko,Brevin Knight,Kyle Korver,Matt Harpring,Paul Millsap,Andres Nocioni,Joakim Noah,Larry Hughes,Lindsey Hunter,Thabo Sefolosha,2,11:02,UTA,turnover,,,,,,,,,,Kyle Korver,,,bad pass,,Lindsey Hunter,,,
Andrei Kirilenko,Brevin Knight,Kyle Korver,Matt Harpring,Paul Millsap,Andres Nocioni,Joakim Noah,Larry Hughes,Lindsey Hunter,Thabo Sefolosha,2,10:58,CHI,shot,,,,,,,,,,Lindsey Hunter,,,,missed,,layup,25,6
Andrei Kirilenko,Brevin Knight,Kyle Korver,Matt Harpring,Paul Millsap,Andres Nocioni,Joakim Noah,Larry Hughes,Lindsey Hunter,Thabo Sefolosha,2,10:57,CHI,shot,,,,,,,,,,Joakim Noah,2,,,made,,tip,25,6
Andrei Kirilenko,Brevin Knight,Kyle Korver,Matt Harpring,Paul Millsap,Andres Nocioni,Joakim Noah,Larry Hughes,Lindsey Hunter,Thabo Sefolosha,2,10:57,CHI,rebound,,,,,,,,,,Joakim Noah,,,,,,off,,
Andrei Kirilenko,Brevin Knight,Kyle Korver,Matt Harpring,Paul Millsap,Andres Nocioni,Joakim Noah,Larry Hughes,Lindsey Hunter,Thabo Sefolosha,2,10:41,UTA,shot,Brevin Knight,,,,,,,,,Kyle Korver,2,,,made,,jump,36,24
Andrei Kirilenko,Brevin Knight,Kyle Korver,Matt Harpring,Paul Millsap,Andres Nocioni,Joakim Noah,Larry Hughes,Lindsey Hunter,Thabo Sefolosha,2,10:24,CHI,shot,Andres Nocioni,,,,,,,,,Larry Hughes,2,,,made,,jump,12,23
Andrei Kirilenko,Brevin Knight,Kyle Korver,Matt Harpring,Paul Millsap,Andres Nocioni,Joakim Noah,Larry Hughes,Lindsey Hunter,Thabo Sefolosha,2,10:10,CHI,foul,,,,,,,,Andrei Kirilenko,,Andres Nocioni,,,,,,shooting,,
Andrei Kirilenko,Brevin Knight,Kyle Korver,Matt Harpring,Paul Millsap,Andres Nocioni,Joakim Noah,Larry Hughes,Lindsey Hunter,Thabo Sefolosha,2,10:10,UTA,free throw,,,,,,,1,,2,Andrei Kirilenko,,,foul,made,,,,
Andrei Kirilenko,Brevin Knight,Kyle Korver,Matt Harpring,Paul Millsap,Andres Nocioni,Joakim Noah,Larry Hughes,Lindsey Hunter,Thabo Sefolosha,2,10:10,UTA,free throw,,,,,,,2,,2,Andrei Kirilenko,,,foul,made,,,,
Andrei Kirilenko,Brevin Knight,Kyle Korver,Matt Harpring,Paul Millsap,Andres Nocioni,Joakim Noah,Larry Hughes,Lindsey Hunter,Thabo Sefolosha,2,9:58,CHI,turnover,,,,,,,,,,Joakim Noah,,,3 second violation,,,,,
Andrei Kirilenko,Brevin Knight,Kyle Korver,Matt Harpring,Paul Millsap,Andres Nocioni,Joakim Noah,Larry Hughes,Lindsey Hunter,Thabo Sefolosha,2,9:42,UTA,shot,Kyle Korver,,,,,,,,,Paul Millsap,2,,,made,,jump,41,7
Andrei Kirilenko,Brevin Knight,Kyle Korver,Matt Harpring,Paul Millsap,Andres Nocioni,Joakim Noah,Larry Hughes,Lindsey Hunter,Thabo Sefolosha,2,9:21,CHI,shot,Lindsey Hunter,,,,,,,,,Andres Nocioni,2,,,made,,driving dunk,25,6
Andrei Kirilenko,Brevin Knight,Kyle Korver,Matt Harpring,Paul Millsap,Andres Nocioni,Joakim Noah,Larry Hughes,Lindsey Hunter,Thabo Sefolosha,2,9:02,UTA,shot,,,Joakim Noah,,,,,,,Matt Harpring,,,,missed,,layup,25,6
Andrei Kirilenko,Brevin Knight,Kyle Korver,Matt Harpring,Paul Millsap,Andres Nocioni,Joakim Noah,Larry Hughes,Lindsey Hunter,Thabo Sefolosha,2,9:02,CHI,rebound,,,,,,,,,,,,,,,,,,
Andrei Kirilenko,Brevin Knight,Kyle Korver,Matt Harpring,Paul Millsap,Andres Nocioni,Derrick Rose,Joakim Noah,Larry Hughes,Thabo Sefolosha,2,9:02,CHI,sub,,,,Derrick Rose,,Lindsey Hunter,,,,,,,,,,,,
Andrei Kirilenko,Brevin Knight,Kyle Korver,Matt Harpring,Paul Millsap,Andres Nocioni,Derrick Rose,Joakim Noah,Larry Hughes,Thabo Sefolosha,2,8:39,CHI,turnover,,,,,,,,,,Andres Nocioni,,,lost ball,,Matt Harpring,,,
Andrei Kirilenko,Brevin Knight,Kyle Korver,Matt Harpring,Paul Millsap,Andres Nocioni,Derrick Rose,Joakim Noah,Larry Hughes,Thabo Sefolosha,2,8:35,UTA,foul,,,,,,,,Larry Hughes,,Matt Harpring,,,,,,offensive,,
Andrei Kirilenko,Brevin Knight,Kyle Korver,Matt Harpring,Paul Millsap,Andres Nocioni,Derrick Rose,Joakim Noah,Larry Hughes,Thabo Sefolosha,2,8:35,UTA,turnover,,,,,,,,,,Matt Harpring,,,foul,,,,,
Andrei Kirilenko,Brevin Knight,Kyle Korver,Matt Harpring,Paul Millsap,Andres Nocioni,Derrick Rose,Joakim Noah,Larry Hughes,Thabo Sefolosha,2,8:35,OFF,timeout,,,,,,,,,,,,,,,,official,,
Andrei Kirilenko,Kyle Korver,Matt Harpring,Mehmet Okur,Paul Millsap,Andres Nocioni,Derrick Rose,Joakim Noah,Larry Hughes,Thabo Sefolosha,2,8:35,UTA,sub,,,,Mehmet Okur,,Brevin Knight,,,,,,,,,,,,
Andrei Kirilenko,Deron Williams,Kyle Korver,Mehmet Okur,Paul Millsap,Andres Nocioni,Derrick Rose,Joakim Noah,Larry Hughes,Thabo Sefolosha,2,8:35,UTA,sub,,,,Deron Williams,,Matt Harpring,,,,,,,,,,,,
Andrei Kirilenko,Deron Williams,Kyle Korver,Mehmet Okur,Paul Millsap,Andres Nocioni,Derrick Rose,Joakim Noah,Larry Hughes,Thabo Sefolosha,2,8:21,CHI,shot,,,,,,,,,,Larry Hughes,,,,missed,,3pt,14,29
Andrei Kirilenko,Deron Williams,Kyle Korver,Mehmet Okur,Paul Millsap,Andres Nocioni,Derrick Rose,Joakim Noah,Larry Hughes,Thabo Sefolosha,2,8:19,CHI,rebound,,,,,,,,,,Joakim Noah,,,,,,off,,
Andrei Kirilenko,Deron Williams,Kyle Korver,Mehmet Okur,Paul Millsap,Andres Nocioni,Derrick Rose,Joakim Noah,Larry Hughes,Thabo Sefolosha,2,8:08,CHI,shot,,,,,,,,,,Larry Hughes,,,,missed,,jump,16,28
Andrei Kirilenko,Deron Williams,Kyle Korver,Mehmet Okur,Paul Millsap,Andres Nocioni,Derrick Rose,Joakim Noah,Larry Hughes,Thabo Sefolosha,2,8:07,CHI,rebound,,,,,,,,,,Joakim Noah,,,,,,off,,
Andrei Kirilenko,Deron Williams,Kyle Korver,Mehmet Okur,Paul Millsap,Andres Nocioni,Derrick Rose,Joakim Noah,Larry Hughes,Thabo Sefolosha,2,8:01,CHI,shot,,,,,,,,,,Larry Hughes,2,,,made,,running layup,25,6
Andrei Kirilenko,Deron Williams,Kyle Korver,Mehmet Okur,Paul Millsap,Andres Nocioni,Derrick Rose,Joakim Noah,Larry Hughes,Thabo Sefolosha,2,7:36,UTA,shot,,,,,,,,,,Paul Millsap,2,,,made,,jump,21,23
Andrei Kirilenko,Deron Williams,Kyle Korver,Mehmet Okur,Paul Millsap,Andres Nocioni,Derrick Rose,Joakim Noah,Larry Hughes,Thabo Sefolosha,2,7:21,CHI,shot,,,,,,,,,,Derrick Rose,2,,,made,,jump,34,24
Andrei Kirilenko,Deron Williams,Kyle Korver,Mehmet Okur,Paul Millsap,Andres Nocioni,Derrick Rose,Joakim Noah,Larry Hughes,Thabo Sefolosha,2,7:03,UTA,turnover,,,,,,,,,,Mehmet Okur,,,bad pass,,Thabo Sefolosha,,,
Andrei Kirilenko,Deron Williams,Kyle Korver,Mehmet Okur,Paul Millsap,Andres Nocioni,Derrick Rose,Joakim Noah,Larry Hughes,Thabo Sefolosha,2,7:00,CHI,shot,,,,,,,,,,Thabo Sefolosha,2,,,made,,running dunk,25,6
Andrei Kirilenko,Deron Williams,Kyle Korver,Mehmet Okur,Paul Millsap,Andres Nocioni,Derrick Rose,Joakim Noah,Larry Hughes,Thabo Sefolosha,2,6:43,UTA,turnover,,,,,,,,,,Deron Williams,,,lost ball,,Thabo Sefolosha,,,
Andrei Kirilenko,Deron Williams,Kyle Korver,Mehmet Okur,Paul Millsap,Andres Nocioni,Derrick Rose,Joakim Noah,Larry Hughes,Thabo Sefolosha,2,6:36,CHI,shot,Derrick Rose,,,,,,,,,Thabo Sefolosha,3,,,made,,3pt,1,6
Andrei Kirilenko,Deron Williams,Kyle Korver,Mehmet Okur,Paul Millsap,Andres Nocioni,Derrick Rose,Joakim Noah,Larry Hughes,Thabo Sefolosha,2,6:17,UTA,shot,,,,,,,,,,Deron Williams,2,,,made,,jump,23,21
Andrei Kirilenko,Deron Williams,Kyle Korver,Mehmet Okur,Paul Millsap,Andres Nocioni,Derrick Rose,Joakim Noah,Larry Hughes,Thabo Sefolosha,2,6:08,CHI,foul,,,,,,,,Deron Williams,,Andres Nocioni,,,,,,offensive,,
Andrei Kirilenko,Deron Williams,Kyle Korver,Mehmet Okur,Paul Millsap,Andres Nocioni,Derrick Rose,Joakim Noah,Larry Hughes,Thabo Sefolosha,2,6:08,CHI,turnover,,,,,,,,,,Andres Nocioni,,,foul,,,,,
Andrei Kirilenko,Deron Williams,Kyle Korver,Mehmet Okur,Paul Millsap,Andres Nocioni,Ben Gordon,Derrick Rose,Joakim Noah,Thabo Sefolosha,2,6:08,CHI,sub,,,,Ben Gordon,,Larry Hughes,,,,,,,,,,,,
Andrei Kirilenko,Deron Williams,Kyle Korver,Mehmet Okur,Paul Millsap,Ben Gordon,Derrick Rose,Joakim Noah,Luol Deng,Thabo Sefolosha,2,6:08,CHI,sub,,,,Luol Deng,,Andres Nocioni,,,,,,,,,,,,
Andrei Kirilenko,Deron Williams,Kyle Korver,Mehmet Okur,Paul Millsap,Ben Gordon,Derrick Rose,Joakim Noah,Luol Deng,Thabo Sefolosha,2,5:56,UTA,shot,Deron Williams,,,,,,,,,Paul Millsap,2,,,made,,dunk,25,6
Andrei Kirilenko,Deron Williams,Kyle Korver,Mehmet Okur,Paul Millsap,Ben Gordon,Derrick Rose,Joakim Noah,Luol Deng,Thabo Sefolosha,2,5:43,CHI,shot,,,,,,,,,,Ben Gordon,,,,missed,,3pt,17,29
Andrei Kirilenko,Deron Williams,Kyle Korver,Mehmet Okur,Paul Millsap,Ben Gordon,Derrick Rose,Joakim Noah,Luol Deng,Thabo Sefolosha,2,5:41,CHI,shot,,,,,,,,,,Joakim Noah,,,,missed,,tip,25,6
Andrei Kirilenko,Deron Williams,Kyle Korver,Mehmet Okur,Paul Millsap,Ben Gordon,Derrick Rose,Joakim Noah,Luol Deng,Thabo Sefolosha,2,5:41,CHI,rebound,,,,,,,,,,Joakim Noah,,,,,,off,,
Andrei Kirilenko,Deron Williams,Kyle Korver,Mehmet Okur,Paul Millsap,Ben Gordon,Derrick Rose,Joakim Noah,Luol Deng,Thabo Sefolosha,2,5:40,UTA,rebound,,,,,,,,,,Mehmet Okur,,,,,,def,,
Andrei Kirilenko,Deron Williams,Kyle Korver,Mehmet Okur,Paul Millsap,Ben Gordon,Derrick Rose,Joakim Noah,Luol Deng,Thabo Sefolosha,2,5:34,UTA,shot,Andrei Kirilenko,,,,,,,,,Mehmet Okur,2,,,made,,dunk,25,6
Andrei Kirilenko,Deron Williams,Kyle Korver,Mehmet Okur,Paul Millsap,Ben Gordon,Derrick Rose,Joakim Noah,Luol Deng,Thabo Sefolosha,2,5:33,CHI,timeout,,,,,,,,,,,,,,,,regular,,
Andrei Kirilenko,Deron Williams,Kyle Korver,Mehmet Okur,Paul Millsap,Ben Gordon,Derrick Rose,Joakim Noah,Luol Deng,Thabo Sefolosha,2,5:20,CHI,shot,,,,,,,,,,Luol Deng,,,,missed,,jump,10,8
Andrei Kirilenko,Deron Williams,Kyle Korver,Mehmet Okur,Paul Millsap,Ben Gordon,Derrick Rose,Joakim Noah,Luol Deng,Thabo Sefolosha,2,5:18,UTA,rebound,,,,,,,,,,Deron Williams,,,,,,def,,
Andrei Kirilenko,Deron Williams,Kyle Korver,Mehmet Okur,Paul Millsap,Ben Gordon,Derrick Rose,Joakim Noah,Luol Deng,Thabo Sefolosha,2,5:12,UTA,shot,,,,,,,,,,Mehmet Okur,,,,missed,,jump,24,24
Andrei Kirilenko,Deron Williams,Kyle Korver,Mehmet Okur,Paul Millsap,Ben Gordon,Derrick Rose,Joakim Noah,Luol Deng,Thabo Sefolosha,2,5:11,CHI,rebound,,,,,,,,,,Joakim Noah,,,,,,def,,
Andrei Kirilenko,Deron Williams,Kyle Korver,Mehmet Okur,Paul Millsap,Ben Gordon,Derrick Rose,Joakim Noah,Luol Deng,Thabo Sefolosha,2,5:06,CHI,shot,,,,,,,,,,Ben Gordon,,,,missed,,layup,25,6
Andrei Kirilenko,Deron Williams,Kyle Korver,Mehmet Okur,Paul Millsap,Ben Gordon,Derrick Rose,Joakim Noah,Luol Deng,Thabo Sefolosha,2,5:05,CHI,shot,,,,,,,,,,Joakim Noah,,,,missed,,tip,25,6
Andrei Kirilenko,Deron Williams,Kyle Korver,Mehmet Okur,Paul Millsap,Ben Gordon,Derrick Rose,Joakim Noah,Luol Deng,Thabo Sefolosha,2,5:05,CHI,rebound,,,,,,,,,,Joakim Noah,,,,,,off,,
Andrei Kirilenko,Deron Williams,Kyle Korver,Mehmet Okur,Paul Millsap,Ben Gordon,Derrick Rose,Joakim Noah,Luol Deng,Thabo Sefolosha,2,5:03,CHI,rebound,,,,,,,,,,Luol Deng,,,,,,off,,
Andrei Kirilenko,Deron Williams,Kyle Korver,Mehmet Okur,Paul Millsap,Ben Gordon,Derrick Rose,Joakim Noah,Luol Deng,Thabo Sefolosha,2,5:02,CHI,shot,,,,,,,,,,Luol Deng,2,,,made,,layup,25,6
Andrei Kirilenko,Deron Williams,Kyle Korver,Mehmet Okur,Paul Millsap,Ben Gordon,Derrick Rose,Joakim Noah,Luol Deng,Thabo Sefolosha,2,4:49,UTA,turnover,,,,,,,,,,Paul Millsap,,,traveling,,,,,
Andrei Kirilenko,Deron Williams,Kyle Korver,Mehmet Okur,Paul Millsap,Ben Gordon,Derrick Rose,Joakim Noah,Luol Deng,Thabo Sefolosha,2,4:36,CHI,foul,,,,,,,,Kyle Korver,,Thabo Sefolosha,,,,,,offensive,,
Andrei Kirilenko,Deron Williams,Kyle Korver,Mehmet Okur,Paul Millsap,Ben Gordon,Derrick Rose,Joakim Noah,Luol Deng,Thabo Sefolosha,2,4:36,CHI,turnover,,,,,,,,,,Thabo Sefolosha,,,foul,,,,,
Andrei Kirilenko,Deron Williams,Kyle Korver,Mehmet Okur,Paul Millsap,Ben Gordon,Derrick Rose,Joakim Noah,Luol Deng,Thabo Sefolosha,2,4:26,CHI,foul,,,,,,,,Paul Millsap,,Joakim Noah,,,,,,personal,,
Andrei Kirilenko,Deron Williams,Kyle Korver,Mehmet Okur,Paul Millsap,Ben Gordon,Derrick Rose,Joakim Noah,Luol Deng,Thabo Sefolosha,2,4:10,UTA,shot,,,,,,,,,,Mehmet Okur,,,,missed,,jump,13,22
Andrei Kirilenko,Deron Williams,Kyle Korver,Mehmet Okur,Paul Millsap,Ben Gordon,Derrick Rose,Joakim Noah,Luol Deng,Thabo Sefolosha,2,4:05,CHI,rebound,,,,,,,,,,Thabo Sefolosha,,,,,,def,,
Andrei Kirilenko,Deron Williams,Kyle Korver,Mehmet Okur,Paul Millsap,Ben Gordon,Derrick Rose,Joakim Noah,Luol Deng,Thabo Sefolosha,2,4:03,CHI,turnover,,,,,,,,,,Derrick Rose,,,lost ball,,Andrei Kirilenko,,,
Andrei Kirilenko,Deron Williams,Kyle Korver,Mehmet Okur,Paul Millsap,Ben Gordon,Derrick Rose,Joakim Noah,Luol Deng,Thabo Sefolosha,2,3:46,UTA,shot,Deron Williams,,,,,,,,,Mehmet Okur,2,,,made,,jump,36,26
Andrei Kirilenko,Deron Williams,Kyle Korver,Mehmet Okur,Paul Millsap,Ben Gordon,Derrick Rose,Joakim Noah,Luol Deng,Thabo Sefolosha,2,3:38,CHI,turnover,,,,,,,,,,Ben Gordon,,,out of bounds lost ball turnover,,,,,
Andrei Kirilenko,Deron Williams,Kyle Korver,Mehmet Okur,Paul Millsap,Ben Gordon,Derrick Rose,Joakim Noah,Luol Deng,Thabo Sefolosha,2,3:21,UTA,shot,,,,,,,,,,Deron Williams,,,,missed,,jump,11,20
Andrei Kirilenko,Deron Williams,Kyle Korver,Mehmet Okur,Paul Millsap,Ben Gordon,Derrick Rose,Joakim Noah,Luol Deng,Thabo Sefolosha,2,3:18,UTA,rebound,,,,,,,,,,Paul Millsap,,,,,,off,,
Andrei Kirilenko,Deron Williams,Kyle Korver,Mehmet Okur,Paul Millsap,Ben Gordon,Derrick Rose,Joakim Noah,Luol Deng,Thabo Sefolosha,2,3:15,UTA,shot,,,,,,,,,,Andrei Kirilenko,,,,missed,,layup,25,6
Andrei Kirilenko,Deron Williams,Kyle Korver,Mehmet Okur,Paul Millsap,Ben Gordon,Derrick Rose,Joakim Noah,Luol Deng,Thabo Sefolosha,2,3:14,UTA,shot,,,,,,,,,,Mehmet Okur,,,,missed,,tip,25,6
Andrei Kirilenko,Deron Williams,Kyle Korver,Mehmet Okur,Paul Millsap,Ben Gordon,Derrick Rose,Joakim Noah,Luol Deng,Thabo Sefolosha,2,3:14,UTA,rebound,,,,,,,,,,Mehmet Okur,,,,,,off,,
Andrei Kirilenko,Deron Williams,Kyle Korver,Mehmet Okur,Paul Millsap,Ben Gordon,Derrick Rose,Joakim Noah,Luol Deng,Thabo Sefolosha,2,3:12,CHI,rebound,,,,,,,,,,Ben Gordon,,,,,,def,,
Andrei Kirilenko,Deron Williams,Kyle Korver,Mehmet Okur,Paul Millsap,Ben Gordon,Derrick Rose,Joakim Noah,Luol Deng,Thabo Sefolosha,2,3:08,CHI,shot,Ben Gordon,,,,,,,,,Derrick Rose,2,,,made,,layup,25,6
Andrei Kirilenko,Deron Williams,Kyle Korver,Mehmet Okur,Paul Millsap,Ben Gordon,Derrick Rose,Joakim Noah,Luol Deng,Thabo Sefolosha,2,2:46,UTA,shot,Deron Williams,,,,,,,,,Paul Millsap,2,,,made,,dunk,25,6
Andrei Kirilenko,Deron Williams,Kyle Korver,Mehmet Okur,Paul Millsap,Ben Gordon,Derrick Rose,Joakim Noah,Luol Deng,Thabo Sefolosha,2,2:23,CHI,shot,,,,,,,,,,Derrick Rose,,,,missed,,jump,27,28
Andrei Kirilenko,Deron Williams,Kyle Korver,Mehmet Okur,Paul Millsap,Ben Gordon,Derrick Rose,Joakim Noah,Luol Deng,Thabo Sefolosha,2,2:22,CHI,shot,,,,,,,,,,Joakim Noah,,,,missed,,tip,25,6
Andrei Kirilenko,Deron Williams,Kyle Korver,Mehmet Okur,Paul Millsap,Ben Gordon,Derrick Rose,Joakim Noah,Luol Deng,Thabo Sefolosha,2,2:22,CHI,rebound,,,,,,,,,,Joakim Noah,,,,,,off,,
Andrei Kirilenko,Deron Williams,Kyle Korver,Mehmet Okur,Paul Millsap,Ben Gordon,Derrick Rose,Joakim Noah,Luol Deng,Thabo Sefolosha,2,2:20,CHI,shot,,,,,,,,,,Joakim Noah,,,,missed,,tip,25,6
Andrei Kirilenko,Deron Williams,Kyle Korver,Mehmet Okur,Paul Millsap,Ben Gordon,Derrick Rose,Joakim Noah,Luol Deng,Thabo Sefolosha,2,2:20,CHI,rebound,,,,,,,,,,Joakim Noah,,,,,,off,,
Andrei Kirilenko,Deron Williams,Kyle Korver,Mehmet Okur,Paul Millsap,Ben Gordon,Derrick Rose,Joakim Noah,Luol Deng,Thabo Sefolosha,2,2:19,UTA,rebound,,,,,,,,,,Mehmet Okur,,,,,,def,,
Andrei Kirilenko,Deron Williams,Kyle Korver,Mehmet Okur,Paul Millsap,Ben Gordon,Derrick Rose,Joakim Noah,Luol Deng,Thabo Sefolosha,2,2:03,UTA,shot,,,,,,,,,,Deron Williams,2,,,made,,reverse layup,25,6
Andrei Kirilenko,Deron Williams,Kyle Korver,Mehmet Okur,Paul Millsap,Ben Gordon,Derrick Rose,Joakim Noah,Luol Deng,Thabo Sefolosha,2,1:50,CHI,foul,,,,,,,,Kyle Korver,,Thabo Sefolosha,,,,,,offensive,,
Andrei Kirilenko,Deron Williams,Kyle Korver,Mehmet Okur,Paul Millsap,Ben Gordon,Derrick Rose,Joakim Noah,Luol Deng,Thabo Sefolosha,2,1:50,CHI,turnover,,,,,,,,,,Thabo Sefolosha,,,foul,,,,,
Andrei Kirilenko,Deron Williams,Kyle Korver,Mehmet Okur,Paul Millsap,Ben Gordon,Derrick Rose,Joakim Noah,Luol Deng,Thabo Sefolosha,2,1:50,CHI,foul,,,,,,,,Kyle Korver,,Thabo Sefolosha,,,,,,technical,,
Andrei Kirilenko,Deron Williams,Kyle Korver,Mehmet Okur,Paul Millsap,Ben Gordon,Derrick Rose,Joakim Noah,Luol Deng,Thabo Sefolosha,2,1:50,UTA,timeout,,,,,,,,,,,,,,,,regular,,
Deron Williams,Kyle Korver,Mehmet Okur,Paul Millsap,Ronnie Brewer,Ben Gordon,Derrick Rose,Joakim Noah,Luol Deng,Thabo Sefolosha,2,1:50,UTA,sub,,,,Ronnie Brewer,,Andrei Kirilenko,,,,,,,,,,,,
Deron Williams,Kyle Korver,Mehmet Okur,Paul Millsap,Ronnie Brewer,Ben Gordon,Joakim Noah,Lindsey Hunter,Luol Deng,Thabo Sefolosha,2,1:50,CHI,sub,,,,Lindsey Hunter,,Derrick Rose,,,,,,,,,,,,
Deron Williams,Kyle Korver,Mehmet Okur,Paul Millsap,Ronnie Brewer,Ben Gordon,Joakim Noah,Larry Hughes,Lindsey Hunter,Luol Deng,2,1:50,CHI,sub,,,,Larry Hughes,,Thabo Sefolosha,,,,,,,,,,,,
Deron Williams,Kyle Korver,Mehmet Okur,Paul Millsap,Ronnie Brewer,Ben Gordon,Joakim Noah,Larry Hughes,Lindsey Hunter,Luol Deng,2,1:50,UTA,free throw,,,,,,,1,,1,Kyle Korver,,,technical,made,,,,
Deron Williams,Kyle Korver,Mehmet Okur,Paul Millsap,Ronnie Brewer,Ben Gordon,Joakim Noah,Larry Hughes,Lindsey Hunter,Luol Deng,2,1:35,UTA,turnover,,,,,,,,,,Deron Williams,,,bad pass,,Joakim Noah,,,
Deron Williams,Kyle Korver,Mehmet Okur,Paul Millsap,Ronnie Brewer,Ben Gordon,Joakim Noah,Larry Hughes,Lindsey Hunter,Luol Deng,2,1:29,CHI,shot,Ben Gordon,,,,,,,,,Lindsey Hunter,3,,,made,,3pt,12,27
Deron Williams,Kyle Korver,Mehmet Okur,Paul Millsap,Ronnie Brewer,Ben Gordon,Joakim Noah,Larry Hughes,Lindsey Hunter,Luol Deng,2,1:12,UTA,shot,Mehmet Okur,,,,,,,,,Kyle Korver,2,,,made,,pullup jump,17,23
Deron Williams,Kyle Korver,Mehmet Okur,Paul Millsap,Ronnie Brewer,Ben Gordon,Joakim Noah,Larry Hughes,Lindsey Hunter,Luol Deng,2,0:45,CHI,shot,,,,,,,,,,Lindsey Hunter,,,,missed,,layup,25,6
Deron Williams,Kyle Korver,Mehmet Okur,Paul Millsap,Ronnie Brewer,Ben Gordon,Joakim Noah,Larry Hughes,Lindsey Hunter,Luol Deng,2,0:45,UTA,rebound,,,,,,,,,,,,,,,,,,
Deron Williams,Kyle Korver,Mehmet Okur,Paul Millsap,Ronnie Brewer,Ben Gordon,Joakim Noah,Larry Hughes,Lindsey Hunter,Luol Deng,2,0:45,CHI,foul,,,,,,,,Mehmet Okur,,Joakim Noah,,,,,,loose ball,,
Deron Williams,Kyle Korver,Mehmet Okur,Ronnie Brewer,Ronnie Price,Ben Gordon,Joakim Noah,Larry Hughes,Lindsey Hunter,Luol Deng,2,0:45,UTA,sub,,,,Ronnie Price,,Paul Millsap,,,,,,,,,,,,
Kosta Koufos,Kyle Korver,Mehmet Okur,Ronnie Brewer,Ronnie Price,Ben Gordon,Joakim Noah,Larry Hughes,Lindsey Hunter,Luol Deng,2,0:45,UTA,sub,,,,Kosta Koufos,,Deron Williams,,,,,,,,,,,,
Kosta Koufos,Kyle Korver,Mehmet Okur,Ronnie Brewer,Ronnie Price,Ben Gordon,Joakim Noah,Larry Hughes,Lindsey Hunter,Luol Deng,2,0:21,UTA,shot,,,,,,,,,,Ronnie Brewer,,,,missed,,fade away jumper,10,17
Kosta Koufos,Kyle Korver,Mehmet Okur,Ronnie Brewer,Ronnie Price,Ben Gordon,Joakim Noah,Larry Hughes,Lindsey Hunter,Luol Deng,2,0:19,CHI,rebound,,,,,,,,,,Lindsey Hunter,,,,,,def,,
Kosta Koufos,Kyle Korver,Mehmet Okur,Ronnie Brewer,Ronnie Price,Ben Gordon,Joakim Noah,Larry Hughes,Lindsey Hunter,Luol Deng,2,0:01,CHI,shot,,,,,,,,,,Ben Gordon,,,,missed,,jump,38,16
Kosta Koufos,Kyle Korver,Mehmet Okur,Ronnie Brewer,Ronnie Price,Ben Gordon,Joakim Noah,Larry Hughes,Lindsey Hunter,Luol Deng,2,0:01,UTA,rebound,,,,,,,,,,,,,,,,,,
Kosta Koufos,Kyle Korver,Mehmet Okur,Ronnie Brewer,Ronnie Price,Ben Gordon,Joakim Noah,Larry Hughes,Lindsey Hunter,Luol Deng,2,0:00,UTA,shot,,,,,,,,,,Kyle Korver,,,,missed,,jump,38,23
Kosta Koufos,Kyle Korver,Mehmet Okur,Ronnie Brewer,Ronnie Price,Ben Gordon,Joakim Noah,Larry Hughes,Lindsey Hunter,Luol Deng,2,0:00,UTA,rebound,,,,,,,,,,,,,,,,,,
C.J. Miles,Deron Williams,Mehmet Okur,Paul Millsap,Ronnie Brewer,Aaron Gray,Andres Nocioni,Ben Gordon,Derrick Rose,Luol Deng,3,11:39,UTA,turnover,,,,,,,,,,Mehmet Okur,,,lost ball,,Andres Nocioni,,,
C.J. Miles,Deron Williams,Mehmet Okur,Paul Millsap,Ronnie Brewer,Aaron Gray,Andres Nocioni,Ben Gordon,Derrick Rose,Luol Deng,3,11:20,CHI,shot,,,,,,,,,,Derrick Rose,2,,,made,,jump bank,18,11
C.J. Miles,Deron Williams,Mehmet Okur,Paul Millsap,Ronnie Brewer,Aaron Gray,Andres Nocioni,Ben Gordon,Derrick Rose,Luol Deng,3,11:03,UTA,shot,,,,,,,,,,Mehmet Okur,,,,missed,,jump,41,6
C.J. Miles,Deron Williams,Mehmet Okur,Paul Millsap,Ronnie Brewer,Aaron Gray,Andres Nocioni,Ben Gordon,Derrick Rose,Luol Deng,3,11:01,UTA,rebound,,,,,,,,,,Paul Millsap,,,,,,off,,
C.J. Miles,Deron Williams,Mehmet Okur,Paul Millsap,Ronnie Brewer,Aaron Gray,Andres Nocioni,Ben Gordon,Derrick Rose,Luol Deng,3,10:59,UTA,shot,,,,,,,,,,Paul Millsap,2,,,made,,layup,25,6
C.J. Miles,Deron Williams,Mehmet Okur,Paul Millsap,Ronnie Brewer,Aaron Gray,Andres Nocioni,Ben Gordon,Derrick Rose,Luol Deng,3,10:39,CHI,shot,,,,,,,,,,Andres Nocioni,2,,,made,,layup,25,6
C.J. Miles,Deron Williams,Mehmet Okur,Paul Millsap,Ronnie Brewer,Aaron Gray,Andres Nocioni,Ben Gordon,Derrick Rose,Luol Deng,3,10:16,UTA,shot,,,,,,,,,,Mehmet Okur,,,,missed,,layup,25,6
C.J. Miles,Deron Williams,Mehmet Okur,Paul Millsap,Ronnie Brewer,Aaron Gray,Andres Nocioni,Ben Gordon,Derrick Rose,Luol Deng,3,10:15,UTA,shot,,,,,,,,,,Paul Millsap,2,,,made,,tip,25,6
C.J. Miles,Deron Williams,Mehmet Okur,Paul Millsap,Ronnie Brewer,Aaron Gray,Andres Nocioni,Ben Gordon,Derrick Rose,Luol Deng,3,10:15,UTA,rebound,,,,,,,,,,Paul Millsap,,,,,,off,,
C.J. Miles,Deron Williams,Mehmet Okur,Paul Millsap,Ronnie Brewer,Aaron Gray,Andres Nocioni,Ben Gordon,Derrick Rose,Luol Deng,3,10:02,CHI,shot,,,,,,,,,,Derrick Rose,2,,,made,,driving layup,25,6
C.J. Miles,Deron Williams,Mehmet Okur,Paul Millsap,Ronnie Brewer,Aaron Gray,Andres Nocioni,Ben Gordon,Derrick Rose,Luol Deng,3,9:49,UTA,shot,,,,,,,,,,Paul Millsap,,,,missed,,jump,25,11
C.J. Miles,Deron Williams,Mehmet Okur,Paul Millsap,Ronnie Brewer,Aaron Gray,Andres Nocioni,Ben Gordon,Derrick Rose,Luol Deng,3,9:47,CHI,rebound,,,,,,,,,,Andres Nocioni,,,,,,def,,
C.J. Miles,Deron Williams,Mehmet Okur,Paul Millsap,Ronnie Brewer,Aaron Gray,Andres Nocioni,Ben Gordon,Derrick Rose,Luol Deng,3,9:30,CHI,shot,,,,,,,,,,Ben Gordon,,,,missed,,3pt,37,29
C.J. Miles,Deron Williams,Mehmet Okur,Paul Millsap,Ronnie Brewer,Aaron Gray,Andres Nocioni,Ben Gordon,Derrick Rose,Luol Deng,3,9:29,CHI,rebound,,,,,,,,,,,,,,,,,,
C.J. Miles,Deron Williams,Mehmet Okur,Paul Millsap,Ronnie Brewer,Aaron Gray,Andres Nocioni,Ben Gordon,Derrick Rose,Luol Deng,3,9:29,UTA,foul,,,,,,,,Andres Nocioni,,Ronnie Brewer,,,,,,loose ball,,
C.J. Miles,Deron Williams,Mehmet Okur,Paul Millsap,Ronnie Brewer,Aaron Gray,Andres Nocioni,Ben Gordon,Derrick Rose,Luol Deng,3,9:19,CHI,shot,Andres Nocioni,,,,,,,,,Luol Deng,2,,,made,,running dunk,25,6
C.J. Miles,Deron Williams,Mehmet Okur,Paul Millsap,Ronnie Brewer,Aaron Gray,Andres Nocioni,Ben Gordon,Derrick Rose,Luol Deng,3,9:04,UTA,shot,,,,,,,,,,Deron Williams,2,,,made,,jump,9,19
C.J. Miles,Deron Williams,Mehmet Okur,Paul Millsap,Ronnie Brewer,Aaron Gray,Andres Nocioni,Ben Gordon,Derrick Rose,Luol Deng,3,8:49,UTA,foul,,,,,,,,Aaron Gray,,Mehmet Okur,,,,,,shooting,,
C.J. Miles,Deron Williams,Mehmet Okur,Paul Millsap,Ronnie Brewer,Aaron Gray,Andres Nocioni,Ben Gordon,Derrick Rose,Luol Deng,3,8:49,CHI,free throw,,,,,,,1,,2,Aaron Gray,,,foul,made,,,,
C.J. Miles,Deron Williams,Mehmet Okur,Paul Millsap,Ronnie Brewer,Aaron Gray,Andres Nocioni,Ben Gordon,Derrick Rose,Luol Deng,3,8:49,CHI,free throw,,,,,,,2,,2,Aaron Gray,,,foul,made,,,,
C.J. Miles,Deron Williams,Mehmet Okur,Paul Millsap,Ronnie Brewer,Aaron Gray,Andres Nocioni,Ben Gordon,Derrick Rose,Luol Deng,3,8:30,UTA,shot,Ronnie Brewer,,,,,,,,,Deron Williams,3,,,made,,3pt,17,30
C.J. Miles,Deron Williams,Mehmet Okur,Paul Millsap,Ronnie Brewer,Aaron Gray,Andres Nocioni,Ben Gordon,Derrick Rose,Luol Deng,3,8:13,CHI,shot,,,,,,,,,,Derrick Rose,2,,,made,,running bank,32,9
C.J. Miles,Deron Williams,Mehmet Okur,Paul Millsap,Ronnie Brewer,Aaron Gray,Andres Nocioni,Ben Gordon,Derrick Rose,Luol Deng,3,7:55,UTA,shot,,,,,,,,,,Mehmet Okur,,,,missed,,layup,25,6
C.J. Miles,Deron Williams,Mehmet Okur,Paul Millsap,Ronnie Brewer,Aaron Gray,Andres Nocioni,Ben Gordon,Derrick Rose,Luol Deng,3,7:54,CHI,rebound,,,,,,,,,,Andres Nocioni,,,,,,def,,
C.J. Miles,Deron Williams,Mehmet Okur,Paul Millsap,Ronnie Brewer,Aaron Gray,Andres Nocioni,Ben Gordon,Derrick Rose,Luol Deng,3,7:38,CHI,shot,,,Paul Millsap,,,,,,,Aaron Gray,,,,missed,,layup,25,6
C.J. Miles,Deron Williams,Mehmet Okur,Paul Millsap,Ronnie Brewer,Aaron Gray,Andres Nocioni,Ben Gordon,Derrick Rose,Luol Deng,3,7:38,CHI,rebound,,,,,,,,,,,,,,,,,,
C.J. Miles,Deron Williams,Mehmet Okur,Paul Millsap,Ronnie Brewer,Aaron Gray,Andres Nocioni,Ben Gordon,Derrick Rose,Luol Deng,3,7:34,CHI,shot,,,,,,,,,,Aaron Gray,,,,missed,,finger roll layup,25,6
C.J. Miles,Deron Williams,Mehmet Okur,Paul Millsap,Ronnie Brewer,Aaron Gray,Andres Nocioni,Ben Gordon,Derrick Rose,Luol Deng,3,7:32,CHI,shot,,,,,,,,,,Luol Deng,,,,missed,,tip,25,6
C.J. Miles,Deron Williams,Mehmet Okur,Paul Millsap,Ronnie Brewer,Aaron Gray,Andres Nocioni,Ben Gordon,Derrick Rose,Luol Deng,3,7:32,CHI,rebound,,,,,,,,,,Luol Deng,,,,,,off,,
C.J. Miles,Deron Williams,Mehmet Okur,Paul Millsap,Ronnie Brewer,Aaron Gray,Andres Nocioni,Ben Gordon,Derrick Rose,Luol Deng,3,7:32,CHI,rebound,,,,,,,,,,Luol Deng,,,,,,off,,
C.J. Miles,Deron Williams,Mehmet Okur,Paul Millsap,Ronnie Brewer,Aaron Gray,Andres Nocioni,Ben Gordon,Derrick Rose,Luol Deng,3,7:32,UTA,foul,,,,,,,,Luol Deng,,Ronnie Brewer,,,,,,shooting,,
C.J. Miles,Deron Williams,Mehmet Okur,Paul Millsap,Ronnie Brewer,Aaron Gray,Andres Nocioni,Ben Gordon,Derrick Rose,Luol Deng,3,7:32,CHI,free throw,,,,,,,1,,2,Luol Deng,,,foul,missed,,,,
C.J. Miles,Deron Williams,Mehmet Okur,Paul Millsap,Ronnie Brewer,Aaron Gray,Andres Nocioni,Ben Gordon,Derrick Rose,Luol Deng,3,7:32,CHI,rebound,,,,,,,,,,,,,,,,,,
C.J. Miles,Deron Williams,Mehmet Okur,Paul Millsap,Ronnie Brewer,Aaron Gray,Andres Nocioni,Ben Gordon,Derrick Rose,Luol Deng,3,7:32,CHI,free throw,,,,,,,2,,2,Luol Deng,,,foul,made,,,,
C.J. Miles,Deron Williams,Mehmet Okur,Paul Millsap,Ronnie Brewer,Aaron Gray,Andres Nocioni,Ben Gordon,Derrick Rose,Luol Deng,3,7:23,CHI,foul,,,,,,,,Paul Millsap,,Aaron Gray,,,,,,personal,,
C.J. Miles,Deron Williams,Mehmet Okur,Paul Millsap,Ronnie Brewer,Aaron Gray,Andres Nocioni,Ben Gordon,Derrick Rose,Luol Deng,3,7:14,CHI,foul,,,,,,,,Mehmet Okur,,Aaron Gray,,,,,,shooting,,
C.J. Miles,Deron Williams,Mehmet Okur,Paul Millsap,Ronnie Brewer,Aaron Gray,Andres Nocioni,Ben Gordon,Derrick Rose,Luol Deng,3,7:14,UTA,free throw,,,,,,,1,,2,Mehmet Okur,,,foul,made,,,,
C.J. Miles,Deron Williams,Mehmet Okur,Paul Millsap,Ronnie Brewer,Aaron Gray,Andres Nocioni,Ben Gordon,Derrick Rose,Luol Deng,3,7:14,UTA,free throw,,,,,,,2,,2,Mehmet Okur,,,foul,missed,,,,
C.J. Miles,Deron Williams,Mehmet Okur,Paul Millsap,Ronnie Brewer,Aaron Gray,Andres Nocioni,Ben Gordon,Derrick Rose,Luol Deng,3,7:12,CHI,rebound,,,,,,,,,,Aaron Gray,,,,,,def,,
C.J. Miles,Deron Williams,Mehmet Okur,Paul Millsap,Ronnie Brewer,Aaron Gray,Andres Nocioni,Ben Gordon,Derrick Rose,Luol Deng,3,7:02,CHI,shot,,,Mehmet Okur,,,,,,,Luol Deng,,,,missed,,layup,25,6
C.J. Miles,Deron Williams,Mehmet Okur,Paul Millsap,Ronnie Brewer,Aaron Gray,Andres Nocioni,Ben Gordon,Derrick Rose,Luol Deng,3,7:02,CHI,rebound,,,,,,,,,,,,,,,,,,
C.J. Miles,Deron Williams,Mehmet Okur,Paul Millsap,Ronnie Brewer,Aaron Gray,Andres Nocioni,Ben Gordon,Derrick Rose,Luol Deng,3,7:00,CHI,shot,,,,,,,,,,Luol Deng,,,,missed,,layup,25,6
C.J. Miles,Deron Williams,Mehmet Okur,Paul Millsap,Ronnie Brewer,Aaron Gray,Andres Nocioni,Ben Gordon,Derrick Rose,Luol Deng,3,6:59,UTA,rebound,,,,,,,,,,Mehmet Okur,,,,,,def,,
C.J. Miles,Deron Williams,Mehmet Okur,Paul Millsap,Ronnie Brewer,Aaron Gray,Andres Nocioni,Ben Gordon,Derrick Rose,Luol Deng,3,6:49,UTA,shot,,,Aaron Gray,,,,,,,Ronnie Brewer,,,,missed,,layup,25,6
C.J. Miles,Deron Williams,Mehmet Okur,Paul Millsap,Ronnie Brewer,Aaron Gray,Andres Nocioni,Ben Gordon,Derrick Rose,Luol Deng,3,6:48,UTA,rebound,,,,,,,,,,Paul Millsap,,,,,,off,,
C.J. Miles,Deron Williams,Mehmet Okur,Paul Millsap,Ronnie Brewer,Aaron Gray,Andres Nocioni,Ben Gordon,Derrick Rose,Luol Deng,3,6:46,UTA,shot,,,,,,,,,,Paul Millsap,2,,,made,,layup,25,6
C.J. Miles,Deron Williams,Mehmet Okur,Paul Millsap,Ronnie Brewer,Aaron Gray,Andres Nocioni,Ben Gordon,Derrick Rose,Luol Deng,3,6:34,CHI,shot,,,,,,,,,,Derrick Rose,,,,missed,,jump,21,13
C.J. Miles,Deron Williams,Mehmet Okur,Paul Millsap,Ronnie Brewer,Aaron Gray,Andres Nocioni,Ben Gordon,Derrick Rose,Luol Deng,3,6:32,CHI,rebound,,,,,,,,,,Derrick Rose,,,,,,off,,
C.J. Miles,Deron Williams,Mehmet Okur,Paul Millsap,Ronnie Brewer,Aaron Gray,Andres Nocioni,Ben Gordon,Derrick Rose,Luol Deng,3,6:29,CHI,shot,,,,,,,,,,Derrick Rose,,,,missed,,layup,25,6
C.J. Miles,Deron Williams,Mehmet Okur,Paul Millsap,Ronnie Brewer,Aaron Gray,Andres Nocioni,Ben Gordon,Derrick Rose,Luol Deng,3,6:29,UTA,rebound,,,,,,,,,,,,,,,,,,
C.J. Miles,Deron Williams,Mehmet Okur,Paul Millsap,Ronnie Brewer,Aaron Gray,Andres Nocioni,Ben Gordon,Derrick Rose,Luol Deng,3,6:13,UTA,shot,,,,,,,,,,C.J. Miles,,,,missed,,3pt,11,27
C.J. Miles,Deron Williams,Mehmet Okur,Paul Millsap,Ronnie Brewer,Aaron Gray,Andres Nocioni,Ben Gordon,Derrick Rose,Luol Deng,3,6:09,CHI,rebound,,,,,,,,,,Aaron Gray,,,,,,def,,
C.J. Miles,Deron Williams,Mehmet Okur,Paul Millsap,Ronnie Brewer,Aaron Gray,Andres Nocioni,Ben Gordon,Derrick Rose,Luol Deng,3,5:53,CHI,turnover,,,,,,,,,,Ben Gordon,,,bad pass,,Mehmet Okur,,,
C.J. Miles,Deron Williams,Mehmet Okur,Paul Millsap,Ronnie Brewer,Aaron Gray,Andres Nocioni,Ben Gordon,Derrick Rose,Luol Deng,3,5:46,UTA,shot,,,,,,,,,,Deron Williams,,,,missed,,3pt,15,30
C.J. Miles,Deron Williams,Mehmet Okur,Paul Millsap,Ronnie Brewer,Aaron Gray,Andres Nocioni,Ben Gordon,Derrick Rose,Luol Deng,3,5:45,UTA,rebound,,,,,,,,,,Deron Williams,,,,,,off,,
C.J. Miles,Deron Williams,Mehmet Okur,Paul Millsap,Ronnie Brewer,Aaron Gray,Andres Nocioni,Ben Gordon,Derrick Rose,Luol Deng,3,5:42,UTA,shot,,,,,,,,,,Mehmet Okur,,,,missed,,jump,43,6
C.J. Miles,Deron Williams,Mehmet Okur,Paul Millsap,Ronnie Brewer,Aaron Gray,Andres Nocioni,Ben Gordon,Derrick Rose,Luol Deng,3,5:41,UTA,rebound,,,,,,,,,,Paul Millsap,,,,,,off,,
C.J. Miles,Deron Williams,Mehmet Okur,Paul Millsap,Ronnie Brewer,Aaron Gray,Andres Nocioni,Ben Gordon,Derrick Rose,Luol Deng,3,5:30,UTA,shot,,,,,,,,,,Deron Williams,,,,missed,,dunk,25,6
C.J. Miles,Deron Williams,Mehmet Okur,Paul Millsap,Ronnie Brewer,Aaron Gray,Andres Nocioni,Ben Gordon,Derrick Rose,Luol Deng,3,5:27,CHI,rebound,,,,,,,,,,Ben Gordon,,,,,,def,,
C.J. Miles,Deron Williams,Mehmet Okur,Paul Millsap,Ronnie Brewer,Aaron Gray,Andres Nocioni,Ben Gordon,Derrick Rose,Luol Deng,3,5:24,CHI,shot,,,,,,,,,,Ben Gordon,2,,,made,,running layup,25,6
C.J. Miles,Deron Williams,Mehmet Okur,Paul Millsap,Ronnie Brewer,Aaron Gray,Andres Nocioni,Ben Gordon,Derrick Rose,Luol Deng,3,5:24,UTA,foul,,,,,,,,Ben Gordon,,Ronnie Brewer,,,,,,shooting,,
C.J. Miles,Deron Williams,Mehmet Okur,Paul Millsap,Ronnie Brewer,Aaron Gray,Andres Nocioni,Ben Gordon,Derrick Rose,Luol Deng,3,5:24,CHI,timeout,,,,,,,,,,,,,,,,regular,,
C.J. Miles,Deron Williams,Mehmet Okur,Paul Millsap,Ronnie Brewer,Aaron Gray,Andres Nocioni,Ben Gordon,Derrick Rose,Thabo Sefolosha,3,5:24,CHI,sub,,,,Thabo Sefolosha,,Luol Deng,,,,,,,,,,,,
C.J. Miles,Deron Williams,Mehmet Okur,Paul Millsap,Ronnie Brewer,Andres Nocioni,Ben Gordon,Derrick Rose,Joakim Noah,Thabo Sefolosha,3,5:24,CHI,sub,,,,Joakim Noah,,Aaron Gray,,,,,,,,,,,,
C.J. Miles,Deron Williams,Mehmet Okur,Paul Millsap,Ronnie Brewer,Andres Nocioni,Ben Gordon,Joakim Noah,Larry Hughes,Thabo Sefolosha,3,5:24,CHI,sub,,,,Larry Hughes,,Derrick Rose,,,,,,,,,,,,
C.J. Miles,Deron Williams,Mehmet Okur,Paul Millsap,Ronnie Brewer,Andres Nocioni,Ben Gordon,Joakim Noah,Larry Hughes,Thabo Sefolosha,3,5:24,CHI,free throw,,,,,,,1,,1,Ben Gordon,,,foul,made,,,,
C.J. Miles,Deron Williams,Mehmet Okur,Paul Millsap,Ronnie Brewer,Andres Nocioni,Ben Gordon,Joakim Noah,Larry Hughes,Thabo Sefolosha,3,5:08,UTA,shot,,,,,,,,,,C.J. Miles,2,,,made,,driving jump,28,13
C.J. Miles,Deron Williams,Mehmet Okur,Paul Millsap,Ronnie Brewer,Andres Nocioni,Ben Gordon,Joakim Noah,Larry Hughes,Thabo Sefolosha,3,4:53,CHI,turnover,,,,,,,,,,Andres Nocioni,,,lost ball,,Paul Millsap,,,
C.J. Miles,Deron Williams,Mehmet Okur,Paul Millsap,Ronnie Brewer,Andres Nocioni,Ben Gordon,Joakim Noah,Larry Hughes,Thabo Sefolosha,3,4:47,CHI,foul,,,,,,,,Mehmet Okur,,Ben Gordon,,,,,,shooting,,
C.J. Miles,Deron Williams,Mehmet Okur,Paul Millsap,Ronnie Brewer,Andres Nocioni,Ben Gordon,Joakim Noah,Larry Hughes,Thabo Sefolosha,3,4:47,UTA,free throw,,,,,,,1,,2,Mehmet Okur,,,foul,made,,,,
C.J. Miles,Deron Williams,Mehmet Okur,Paul Millsap,Ronnie Brewer,Andres Nocioni,Ben Gordon,Joakim Noah,Larry Hughes,Thabo Sefolosha,3,4:47,UTA,free throw,,,,,,,2,,2,Mehmet Okur,,,foul,made,,,,
C.J. Miles,Deron Williams,Mehmet Okur,Paul Millsap,Ronnie Brewer,Andres Nocioni,Ben Gordon,Joakim Noah,Larry Hughes,Thabo Sefolosha,3,4:27,CHI,turnover,,,,,,,,,,Ben Gordon,,,lost ball,,C.J. Miles,,,
C.J. Miles,Deron Williams,Mehmet Okur,Paul Millsap,Ronnie Brewer,Andres Nocioni,Ben Gordon,Joakim Noah,Larry Hughes,Thabo Sefolosha,3,4:22,UTA,shot,Paul Millsap,,,,,,,,,Mehmet Okur,2,,,made,,slam dunk,25,6
C.J. Miles,Deron Williams,Mehmet Okur,Paul Millsap,Ronnie Brewer,Andres Nocioni,Ben Gordon,Joakim Noah,Larry Hughes,Thabo Sefolosha,3,3:54,CHI,shot,,,,,,,,,,Andres Nocioni,,,,missed,,3pt,9,25
C.J. Miles,Deron Williams,Mehmet Okur,Paul Millsap,Ronnie Brewer,Andres Nocioni,Ben Gordon,Joakim Noah,Larry Hughes,Thabo Sefolosha,3,3:53,UTA,rebound,,,,,,,,,,Mehmet Okur,,,,,,def,,
C.J. Miles,Deron Williams,Mehmet Okur,Paul Millsap,Ronnie Brewer,Andres Nocioni,Ben Gordon,Joakim Noah,Larry Hughes,Thabo Sefolosha,3,3:46,CHI,foul,,,,,,,,Mehmet Okur,,Joakim Noah,,,,,,personal,,
C.J. Miles,Deron Williams,Mehmet Okur,Paul Millsap,Ronnie Brewer,Andres Nocioni,Ben Gordon,Joakim Noah,Larry Hughes,Thabo Sefolosha,3,3:37,UTA,shot,Paul Millsap,,,,,,,,,Mehmet Okur,2,,,made,,layup,25,6
C.J. Miles,Deron Williams,Mehmet Okur,Paul Millsap,Ronnie Brewer,Andres Nocioni,Ben Gordon,Joakim Noah,Larry Hughes,Thabo Sefolosha,3,3:17,CHI,shot,Thabo Sefolosha,,,,,,,,,Andres Nocioni,2,,,made,,jump,40,10
C.J. Miles,Deron Williams,Mehmet Okur,Paul Millsap,Ronnie Brewer,Andres Nocioni,Ben Gordon,Joakim Noah,Larry Hughes,Thabo Sefolosha,3,2:54,UTA,shot,Deron Williams,,,,,,,,,Paul Millsap,2,,,made,,fade away jumper,10,7
C.J. Miles,Deron Williams,Mehmet Okur,Paul Millsap,Ronnie Brewer,Andres Nocioni,Ben Gordon,Joakim Noah,Larry Hughes,Thabo Sefolosha,3,2:37,CHI,shot,,,,,,,,,,Andres Nocioni,,,,missed,,3pt,7,25
C.J. Miles,Deron Williams,Mehmet Okur,Paul Millsap,Ronnie Brewer,Andres Nocioni,Ben Gordon,Joakim Noah,Larry Hughes,Thabo Sefolosha,3,2:35,UTA,rebound,,,,,,,,,,Paul Millsap,,,,,,def,,
C.J. Miles,Deron Williams,Mehmet Okur,Paul Millsap,Ronnie Brewer,Andres Nocioni,Ben Gordon,Joakim Noah,Larry Hughes,Thabo Sefolosha,3,2:26,UTA,shot,,,,,,,,,,Mehmet Okur,,,,missed,,3pt,37,28
C.J. Miles,Deron Williams,Mehmet Okur,Paul Millsap,Ronnie Brewer,Andres Nocioni,Ben Gordon,Joakim Noah,Larry Hughes,Thabo Sefolosha,3,2:25,CHI,rebound,,,,,,,,,,Larry Hughes,,,,,,def,,
C.J. Miles,Deron Williams,Mehmet Okur,Paul Millsap,Ronnie Brewer,Andres Nocioni,Ben Gordon,Joakim Noah,Larry Hughes,Thabo Sefolosha,3,2:20,CHI,shot,Larry Hughes,,,,,,,,,Ben Gordon,3,,,made,,3pt,44,22
C.J. Miles,Deron Williams,Mehmet Okur,Paul Millsap,Ronnie Brewer,Andres Nocioni,Ben Gordon,Joakim Noah,Larry Hughes,Thabo Sefolosha,3,1:56,UTA,shot,Paul Millsap,,,,,,,,,Deron Williams,3,,,made,,3pt,12,28
C.J. Miles,Deron Williams,Mehmet Okur,Paul Millsap,Ronnie Brewer,Andres Nocioni,Ben Gordon,Joakim Noah,Larry Hughes,Thabo Sefolosha,3,1:43,CHI,shot,,,,,,,,,,Larry Hughes,2,,,made,,jump,42,10
C.J. Miles,Deron Williams,Mehmet Okur,Paul Millsap,Ronnie Brewer,Andres Nocioni,Ben Gordon,Joakim Noah,Larry Hughes,Thabo Sefolosha,3,1:18,UTA,shot,,,,,,,,,,C.J. Miles,2,,,made,,running jump,24,11
C.J. Miles,Deron Williams,Mehmet Okur,Paul Millsap,Ronnie Brewer,Andres Nocioni,Ben Gordon,Joakim Noah,Larry Hughes,Thabo Sefolosha,3,1:03,CHI,shot,,,,,,,,,,Ben Gordon,2,,,made,,running jump,26,13
C.J. Miles,Deron Williams,Mehmet Okur,Paul Millsap,Ronnie Brewer,Andres Nocioni,Ben Gordon,Joakim Noah,Larry Hughes,Thabo Sefolosha,3,0:55,UTA,timeout,,,,,,,,,,,,,,,,regular,,
Andrei Kirilenko,C.J. Miles,Deron Williams,Paul Millsap,Ronnie Brewer,Andres Nocioni,Ben Gordon,Joakim Noah,Larry Hughes,Thabo Sefolosha,3,0:55,UTA,sub,,,,Andrei Kirilenko,,Mehmet Okur,,,,,,,,,,,,
Andrei Kirilenko,Brevin Knight,C.J. Miles,Paul Millsap,Ronnie Brewer,Andres Nocioni,Ben Gordon,Joakim Noah,Larry Hughes,Thabo Sefolosha,3,0:55,UTA,sub,,,,Brevin Knight,,Deron Williams,,,,,,,,,,,,
Andrei Kirilenko,Brevin Knight,C.J. Miles,Paul Millsap,Ronnie Brewer,Andres Nocioni,Derrick Rose,Joakim Noah,Larry Hughes,Thabo Sefolosha,3,0:55,CHI,sub,,,,Derrick Rose,,Ben Gordon,,,,,,,,,,,,
Andrei Kirilenko,Brevin Knight,C.J. Miles,Paul Millsap,Ronnie Brewer,Andres Nocioni,Derrick Rose,Joakim Noah,Larry Hughes,Thabo Sefolosha,3,0:37,UTA,shot,,,,,,,,,,Paul Millsap,,,,missed,,jump,8,7
Andrei Kirilenko,Brevin Knight,C.J. Miles,Paul Millsap,Ronnie Brewer,Andres Nocioni,Derrick Rose,Joakim Noah,Larry Hughes,Thabo Sefolosha,3,0:36,UTA,rebound,,,,,,,,,,,,,,,,,,
Andrei Kirilenko,Brevin Knight,C.J. Miles,Paul Millsap,Ronnie Brewer,Andres Nocioni,Derrick Rose,Joakim Noah,Larry Hughes,Thabo Sefolosha,3,0:24,UTA,turnover,,,,,,,,,,Ronnie Brewer,,,bad pass,,Larry Hughes,,,
Andrei Kirilenko,Brevin Knight,C.J. Miles,Paul Millsap,Ronnie Brewer,Andres Nocioni,Derrick Rose,Joakim Noah,Larry Hughes,Thabo Sefolosha,3,0:20,CHI,shot,Larry Hughes,,,,,,,,,Derrick Rose,2,,,made,,layup,25,6
Andrei Kirilenko,Brevin Knight,C.J. Miles,Paul Millsap,Ronnie Brewer,Andres Nocioni,Derrick Rose,Joakim Noah,Larry Hughes,Thabo Sefolosha,3,0:02,UTA,turnover,,,,,,,,,,Paul Millsap,,,bad pass,,,,,
Andrei Kirilenko,Brevin Knight,C.J. Miles,Paul Millsap,Ronnie Brewer,Andres Nocioni,Derrick Rose,Joakim Noah,Larry Hughes,Thabo Sefolosha,3,0:00,CHI,shot,,,,,,,,,,Derrick Rose,,,,missed,,3pt,38,68
Andrei Kirilenko,Brevin Knight,C.J. Miles,Paul Millsap,Ronnie Brewer,Andres Nocioni,Derrick Rose,Joakim Noah,Larry Hughes,Thabo Sefolosha,3,0:00,CHI,rebound,,,,,,,,,,,,,,,,,,
Andrei Kirilenko,Brevin Knight,C.J. Miles,Kyle Korver,Mehmet Okur,Andres Nocioni,Derrick Rose,Joakim Noah,Larry Hughes,Thabo Sefolosha,4,11:34,CHI,shot,,,,,,,,,,Andres Nocioni,,,,missed,,reverse layup,25,6
Andrei Kirilenko,Brevin Knight,C.J. Miles,Kyle Korver,Mehmet Okur,Andres Nocioni,Derrick Rose,Joakim Noah,Larry Hughes,Thabo Sefolosha,4,11:33,CHI,shot,,,,,,,,,,Joakim Noah,2,,,made,,tip,25,6
Andrei Kirilenko,Brevin Knight,C.J. Miles,Kyle Korver,Mehmet Okur,Andres Nocioni,Derrick Rose,Joakim Noah,Larry Hughes,Thabo Sefolosha,4,11:33,CHI,rebound,,,,,,,,,,Joakim Noah,,,,,,off,,
Andrei Kirilenko,Brevin Knight,C.J. Miles,Kyle Korver,Mehmet Okur,Andres Nocioni,Derrick Rose,Joakim Noah,Larry Hughes,Thabo Sefolosha,4,11:19,CHI,foul,,,,,,,,Kyle Korver,,Larry Hughes,,,,,,personal,,
Andrei Kirilenko,Brevin Knight,C.J. Miles,Kyle Korver,Mehmet Okur,Andres Nocioni,Derrick Rose,Joakim Noah,Larry Hughes,Thabo Sefolosha,4,11:12,UTA,shot,,,,,,,,,,Kyle Korver,,,,missed,,jump,33,20
Andrei Kirilenko,Brevin Knight,C.J. Miles,Kyle Korver,Mehmet Okur,Andres Nocioni,Derrick Rose,Joakim Noah,Larry Hughes,Thabo Sefolosha,4,11:11,CHI,rebound,,,,,,,,,,Thabo Sefolosha,,,,,,def,,
Andrei Kirilenko,Brevin Knight,C.J. Miles,Kyle Korver,Mehmet Okur,Andres Nocioni,Derrick Rose,Joakim Noah,Larry Hughes,Thabo Sefolosha,4,11:05,CHI,shot,,,,,,,,,,Larry Hughes,,,,missed,,jump,16,23
Andrei Kirilenko,Brevin Knight,C.J. Miles,Kyle Korver,Mehmet Okur,Andres Nocioni,Derrick Rose,Joakim Noah,Larry Hughes,Thabo Sefolosha,4,11:03,CHI,rebound,,,,,,,,,,,,,,,,,,
Andrei Kirilenko,Brevin Knight,C.J. Miles,Kyle Korver,Mehmet Okur,Andres Nocioni,Derrick Rose,Joakim Noah,Larry Hughes,Thabo Sefolosha,4,10:56,UTA,foul,,,,,,,,Derrick Rose,,Brevin Knight,,,,,,shooting,,
Andrei Kirilenko,Brevin Knight,C.J. Miles,Kyle Korver,Mehmet Okur,Andres Nocioni,Derrick Rose,Joakim Noah,Larry Hughes,Thabo Sefolosha,4,10:56,CHI,free throw,,,,,,,1,,2,Derrick Rose,,,foul,missed,,,,
Andrei Kirilenko,Brevin Knight,C.J. Miles,Kyle Korver,Mehmet Okur,Andres Nocioni,Derrick Rose,Joakim Noah,Larry Hughes,Thabo Sefolosha,4,10:56,CHI,rebound,,,,,,,,,,,,,,,,,,
Andrei Kirilenko,Brevin Knight,C.J. Miles,Kyle Korver,Mehmet Okur,Andres Nocioni,Derrick Rose,Joakim Noah,Larry Hughes,Thabo Sefolosha,4,10:56,CHI,free throw,,,,,,,2,,2,Derrick Rose,,,foul,made,,,,
Andrei Kirilenko,Brevin Knight,C.J. Miles,Kyle Korver,Mehmet Okur,Andres Nocioni,Derrick Rose,Joakim Noah,Larry Hughes,Thabo Sefolosha,4,10:39,UTA,turnover,,,,,,,,,,C.J. Miles,,,bad pass,,,,,
Andrei Kirilenko,Brevin Knight,C.J. Miles,Kyle Korver,Mehmet Okur,Andres Nocioni,Derrick Rose,Joakim Noah,Larry Hughes,Thabo Sefolosha,4,10:30,CHI,shot,,,,,,,,,,Andres Nocioni,,,,missed,,jump,24,27
Andrei Kirilenko,Brevin Knight,C.J. Miles,Kyle Korver,Mehmet Okur,Andres Nocioni,Derrick Rose,Joakim Noah,Larry Hughes,Thabo Sefolosha,4,10:26,UTA,rebound,,,,,,,,,,Brevin Knight,,,,,,def,,
Andrei Kirilenko,Brevin Knight,C.J. Miles,Kyle Korver,Mehmet Okur,Andres Nocioni,Derrick Rose,Joakim Noah,Larry Hughes,Thabo Sefolosha,4,10:25,CHI,foul,,,,,,,,Brevin Knight,,Joakim Noah,,,,,,personal,,
Andrei Kirilenko,Brevin Knight,C.J. Miles,Kyle Korver,Mehmet Okur,Andres Nocioni,Derrick Rose,Joakim Noah,Larry Hughes,Thabo Sefolosha,4,10:05,UTA,shot,,,,,,,,,,C.J. Miles,2,,,made,,driving layup,25,6
Andrei Kirilenko,Brevin Knight,C.J. Miles,Kyle Korver,Mehmet Okur,Andres Nocioni,Derrick Rose,Joakim Noah,Larry Hughes,Thabo Sefolosha,4,9:55,CHI,turnover,,,,,,,,,,Derrick Rose,,,bad pass,,Brevin Knight,,,
Andrei Kirilenko,Brevin Knight,C.J. Miles,Kyle Korver,Mehmet Okur,Andres Nocioni,Derrick Rose,Joakim Noah,Larry Hughes,Thabo Sefolosha,4,9:51,UTA,shot,Brevin Knight,,,,,,,,,Mehmet Okur,2,,,made,,dunk,25,6
Andrei Kirilenko,Brevin Knight,C.J. Miles,Kyle Korver,Mehmet Okur,Andres Nocioni,Derrick Rose,Joakim Noah,Larry Hughes,Thabo Sefolosha,4,9:35,CHI,shot,,,,,,,,,,Larry Hughes,,,,missed,,layup,25,6
Andrei Kirilenko,Brevin Knight,C.J. Miles,Kyle Korver,Mehmet Okur,Andres Nocioni,Derrick Rose,Joakim Noah,Larry Hughes,Thabo Sefolosha,4,9:34,UTA,rebound,,,,,,,,,,Andrei Kirilenko,,,,,,def,,
Andrei Kirilenko,Brevin Knight,C.J. Miles,Kyle Korver,Mehmet Okur,Andres Nocioni,Derrick Rose,Joakim Noah,Larry Hughes,Thabo Sefolosha,4,9:12,UTA,shot,,,,,,,,,,Andrei Kirilenko,2,,,made,,jump,36,22
Andrei Kirilenko,Brevin Knight,C.J. Miles,Kyle Korver,Mehmet Okur,Andres Nocioni,Derrick Rose,Joakim Noah,Larry Hughes,Thabo Sefolosha,4,8:59,CHI,shot,,,,,,,,,,Derrick Rose,2,,,made,,layup,25,6
Andrei Kirilenko,Brevin Knight,C.J. Miles,Kyle Korver,Mehmet Okur,Andres Nocioni,Derrick Rose,Joakim Noah,Larry Hughes,Thabo Sefolosha,4,8:42,UTA,turnover,,,,,,,,,,Brevin Knight,,,bad pass,,Larry Hughes,,,
Andrei Kirilenko,Brevin Knight,C.J. Miles,Kyle Korver,Mehmet Okur,Andres Nocioni,Derrick Rose,Joakim Noah,Larry Hughes,Thabo Sefolosha,4,8:40,CHI,foul,,,,,,,,Kyle Korver,,Larry Hughes,,,,,,offensive,,
Andrei Kirilenko,Brevin Knight,C.J. Miles,Kyle Korver,Mehmet Okur,Andres Nocioni,Derrick Rose,Joakim Noah,Larry Hughes,Thabo Sefolosha,4,8:40,CHI,turnover,,,,,,,,,,Larry Hughes,,,foul,,,,,
Andrei Kirilenko,Brevin Knight,C.J. Miles,Kyle Korver,Mehmet Okur,Andres Nocioni,Derrick Rose,Joakim Noah,Larry Hughes,Thabo Sefolosha,4,8:40,OFF,timeout,,,,,,,,,,,,,,,,official,,
Andrei Kirilenko,Brevin Knight,Kyle Korver,Mehmet Okur,Paul Millsap,Andres Nocioni,Derrick Rose,Joakim Noah,Larry Hughes,Thabo Sefolosha,4,8:40,UTA,sub,,,,Paul Millsap,,C.J. Miles,,,,,,,,,,,,
Andrei Kirilenko,Deron Williams,Kyle Korver,Mehmet Okur,Paul Millsap,Andres Nocioni,Derrick Rose,Joakim Noah,Larry Hughes,Thabo Sefolosha,4,8:40,UTA,sub,,,,Deron Williams,,Brevin Knight,,,,,,,,,,,,
Andrei Kirilenko,Deron Williams,Kyle Korver,Mehmet Okur,Paul Millsap,Andres Nocioni,Ben Gordon,Derrick Rose,Larry Hughes,Thabo Sefolosha,4,8:40,CHI,sub,,,,Ben Gordon,,Joakim Noah,,,,,,,,,,,,
Andrei Kirilenko,Deron Williams,Kyle Korver,Mehmet Okur,Paul Millsap,Andres Nocioni,Ben Gordon,Derrick Rose,Larry Hughes,Thabo Sefolosha,4,8:24,UTA,shot,,,,,,,,,,Mehmet Okur,,,,missed,,jump,40,18
Andrei Kirilenko,Deron Williams,Kyle Korver,Mehmet Okur,Paul Millsap,Andres Nocioni,Ben Gordon,Derrick Rose,Larry Hughes,Thabo Sefolosha,4,8:23,CHI,rebound,,,,,,,,,,Derrick Rose,,,,,,def,,
Andrei Kirilenko,Deron Williams,Kyle Korver,Mehmet Okur,Paul Millsap,Andres Nocioni,Ben Gordon,Derrick Rose,Larry Hughes,Thabo Sefolosha,4,8:23,UTA,foul,,,,,,,,Derrick Rose,,Paul Millsap,,,,,,personal,,
Andrei Kirilenko,Deron Williams,Kyle Korver,Mehmet Okur,Paul Millsap,Andres Nocioni,Ben Gordon,Derrick Rose,Larry Hughes,Thabo Sefolosha,4,8:12,CHI,foul,,,,,,,,Andrei Kirilenko,,Derrick Rose,,,,,,offensive,,
Andrei Kirilenko,Deron Williams,Kyle Korver,Mehmet Okur,Paul Millsap,Andres Nocioni,Ben Gordon,Derrick Rose,Larry Hughes,Thabo Sefolosha,4,8:12,CHI,turnover,,,,,,,,,,Derrick Rose,,,foul,,,,,
Andrei Kirilenko,Deron Williams,Kyle Korver,Mehmet Okur,Paul Millsap,Andres Nocioni,Ben Gordon,Derrick Rose,Larry Hughes,Thabo Sefolosha,4,8:00,UTA,shot,Andrei Kirilenko,,,,,,,,,Paul Millsap,2,,,made,,turnaround jump,32,11
Andrei Kirilenko,Deron Williams,Kyle Korver,Mehmet Okur,Paul Millsap,Andres Nocioni,Ben Gordon,Derrick Rose,Larry Hughes,Thabo Sefolosha,4,7:46,CHI,shot,,,,,,,,,,Larry Hughes,2,,,made,,driving layup,25,6
Andrei Kirilenko,Deron Williams,Kyle Korver,Mehmet Okur,Paul Millsap,Andres Nocioni,Ben Gordon,Derrick Rose,Larry Hughes,Thabo Sefolosha,4,7:25,UTA,shot,,,,,,,,,,Andrei Kirilenko,2,,,made,,reverse layup,25,6
Andrei Kirilenko,Deron Williams,Kyle Korver,Mehmet Okur,Paul Millsap,Andres Nocioni,Ben Gordon,Derrick Rose,Larry Hughes,Thabo Sefolosha,4,7:13,CHI,shot,Ben Gordon,,,,,,,,,Thabo Sefolosha,3,,,made,,3pt,38,27
Andrei Kirilenko,Deron Williams,Kyle Korver,Mehmet Okur,Paul Millsap,Andres Nocioni,Ben Gordon,Derrick Rose,Larry Hughes,Thabo Sefolosha,4,6:52,UTA,shot,,,,,,,,,,Kyle Korver,,,,missed,,turnaround jump,37,6
Andrei Kirilenko,Deron Williams,Kyle Korver,Mehmet Okur,Paul Millsap,Andres Nocioni,Ben Gordon,Derrick Rose,Larry Hughes,Thabo Sefolosha,4,6:51,CHI,rebound,,,,,,,,,,Larry Hughes,,,,,,def,,
Andrei Kirilenko,Deron Williams,Kyle Korver,Mehmet Okur,Paul Millsap,Andres Nocioni,Ben Gordon,Derrick Rose,Larry Hughes,Thabo Sefolosha,4,6:38,UTA,foul,,,,,,,,Derrick Rose,,Kyle Korver,,,,,,shooting,,
Andrei Kirilenko,C.J. Miles,Deron Williams,Mehmet Okur,Paul Millsap,Andres Nocioni,Ben Gordon,Derrick Rose,Larry Hughes,Thabo Sefolosha,4,6:38,UTA,sub,,,,C.J. Miles,,Kyle Korver,,,,,,,,,,,,
Andrei Kirilenko,C.J. Miles,Deron Williams,Mehmet Okur,Paul Millsap,Andres Nocioni,Ben Gordon,Derrick Rose,Larry Hughes,Thabo Sefolosha,4,6:38,CHI,free throw,,,,,,,1,,2,Derrick Rose,,,foul,missed,,,,
Andrei Kirilenko,C.J. Miles,Deron Williams,Mehmet Okur,Paul Millsap,Andres Nocioni,Ben Gordon,Derrick Rose,Larry Hughes,Thabo Sefolosha,4,6:38,CHI,rebound,,,,,,,,,,,,,,,,,,
Andrei Kirilenko,C.J. Miles,Deron Williams,Mehmet Okur,Paul Millsap,Andres Nocioni,Ben Gordon,Derrick Rose,Larry Hughes,Thabo Sefolosha,4,6:38,CHI,free throw,,,,,,,2,,2,Derrick Rose,,,foul,made,,,,
Andrei Kirilenko,C.J. Miles,Deron Williams,Mehmet Okur,Paul Millsap,Andres Nocioni,Ben Gordon,Derrick Rose,Larry Hughes,Thabo Sefolosha,4,6:19,UTA,shot,,,,,,,,,,Deron Williams,,,,missed,,jump,27,20
Andrei Kirilenko,C.J. Miles,Deron Williams,Mehmet Okur,Paul Millsap,Andres Nocioni,Ben Gordon,Derrick Rose,Larry Hughes,Thabo Sefolosha,4,6:18,CHI,rebound,,,,,,,,,,Ben Gordon,,,,,,def,,
Andrei Kirilenko,C.J. Miles,Deron Williams,Mehmet Okur,Paul Millsap,Andres Nocioni,Ben Gordon,Derrick Rose,Larry Hughes,Thabo Sefolosha,4,6:07,CHI,shot,,,,,,,,,,Ben Gordon,,,,missed,,jump,24,11
Andrei Kirilenko,C.J. Miles,Deron Williams,Mehmet Okur,Paul Millsap,Andres Nocioni,Ben Gordon,Derrick Rose,Larry Hughes,Thabo Sefolosha,4,6:06,CHI,rebound,,,,,,,,,,Derrick Rose,,,,,,off,,
Andrei Kirilenko,C.J. Miles,Deron Williams,Mehmet Okur,Paul Millsap,Andres Nocioni,Ben Gordon,Derrick Rose,Larry Hughes,Thabo Sefolosha,4,6:03,CHI,shot,,,,,,,,,,Larry Hughes,,,,missed,,3pt,49,6
Andrei Kirilenko,C.J. Miles,Deron Williams,Mehmet Okur,Paul Millsap,Andres Nocioni,Ben Gordon,Derrick Rose,Larry Hughes,Thabo Sefolosha,4,6:02,UTA,rebound,,,,,,,,,,C.J. Miles,,,,,,def,,
Andrei Kirilenko,C.J. Miles,Deron Williams,Mehmet Okur,Paul Millsap,Andres Nocioni,Ben Gordon,Derrick Rose,Larry Hughes,Thabo Sefolosha,4,5:59,UTA,shot,C.J. Miles,,,,,,,,,Andrei Kirilenko,2,,,made,,dunk,25,6
Andrei Kirilenko,C.J. Miles,Deron Williams,Mehmet Okur,Paul Millsap,Andres Nocioni,Ben Gordon,Derrick Rose,Larry Hughes,Thabo Sefolosha,4,5:45,CHI,shot,Derrick Rose,,,,,,,,,Andres Nocioni,2,,,made,,jump,42,14
Andrei Kirilenko,C.J. Miles,Deron Williams,Mehmet Okur,Paul Millsap,Andres Nocioni,Ben Gordon,Derrick Rose,Larry Hughes,Thabo Sefolosha,4,5:26,UTA,shot,,,,,,,,,,Deron Williams,,,,missed,,layup,25,6
Andrei Kirilenko,C.J. Miles,Deron Williams,Mehmet Okur,Paul Millsap,Andres Nocioni,Ben Gordon,Derrick Rose,Larry Hughes,Thabo Sefolosha,4,5:25,CHI,rebound,,,,,,,,,,Larry Hughes,,,,,,def,,
Andrei Kirilenko,C.J. Miles,Deron Williams,Mehmet Okur,Paul Millsap,Andres Nocioni,Ben Gordon,Derrick Rose,Larry Hughes,Thabo Sefolosha,4,5:18,CHI,turnover,,,,,,,,,,Andres Nocioni,,,lost ball,,Andrei Kirilenko,,,
Andrei Kirilenko,C.J. Miles,Deron Williams,Mehmet Okur,Paul Millsap,Andres Nocioni,Ben Gordon,Derrick Rose,Larry Hughes,Thabo Sefolosha,4,5:09,CHI,foul,,,,,,,,,,Ben Gordon,,,,,,defense 3 second,,
Andrei Kirilenko,C.J. Miles,Deron Williams,Mehmet Okur,Paul Millsap,Andres Nocioni,Ben Gordon,Derrick Rose,Larry Hughes,Thabo Sefolosha,4,5:09,CHI,timeout,,,,,,,,,,,,,,,,regular,,
Andrei Kirilenko,C.J. Miles,Deron Williams,Mehmet Okur,Paul Millsap,Andres Nocioni,Ben Gordon,Derrick Rose,Larry Hughes,Thabo Sefolosha,4,5:09,UTA,free throw,,,,,,,1,,1,Mehmet Okur,,,technical,made,,,,
Andrei Kirilenko,C.J. Miles,Deron Williams,Mehmet Okur,Paul Millsap,Andres Nocioni,Ben Gordon,Derrick Rose,Larry Hughes,Thabo Sefolosha,4,4:59,UTA,shot,,,,,,,,,,Mehmet Okur,,,,missed,,3pt,8,25
Andrei Kirilenko,C.J. Miles,Deron Williams,Mehmet Okur,Paul Millsap,Andres Nocioni,Ben Gordon,Derrick Rose,Larry Hughes,Thabo Sefolosha,4,4:57,CHI,rebound,,,,,,,,,,Andres Nocioni,,,,,,def,,
Andrei Kirilenko,C.J. Miles,Deron Williams,Mehmet Okur,Paul Millsap,Andres Nocioni,Ben Gordon,Derrick Rose,Larry Hughes,Thabo Sefolosha,4,4:51,UTA,foul,,,,,,,,Derrick Rose,,Paul Millsap,,,,,,shooting,,
Andrei Kirilenko,C.J. Miles,Deron Williams,Mehmet Okur,Paul Millsap,Andres Nocioni,Ben Gordon,Derrick Rose,Larry Hughes,Thabo Sefolosha,4,4:51,CHI,free throw,,,,,,,1,,2,Derrick Rose,,,foul,made,,,,
Andrei Kirilenko,C.J. Miles,Deron Williams,Mehmet Okur,Paul Millsap,Andres Nocioni,Ben Gordon,Derrick Rose,Larry Hughes,Thabo Sefolosha,4,4:51,CHI,free throw,,,,,,,2,,2,Derrick Rose,,,foul,made,,,,
Andrei Kirilenko,C.J. Miles,Deron Williams,Mehmet Okur,Paul Millsap,Andres Nocioni,Ben Gordon,Derrick Rose,Larry Hughes,Thabo Sefolosha,4,4:31,UTA,turnover,,,,,,,,,,Mehmet Okur,,,bad pass,,Andres Nocioni,,,
Andrei Kirilenko,C.J. Miles,Deron Williams,Mehmet Okur,Paul Millsap,Andres Nocioni,Ben Gordon,Derrick Rose,Larry Hughes,Thabo Sefolosha,4,4:28,CHI,shot,,,,,,,,,,Derrick Rose,2,,,made,,layup,25,6
Andrei Kirilenko,C.J. Miles,Deron Williams,Mehmet Okur,Paul Millsap,Andres Nocioni,Ben Gordon,Derrick Rose,Larry Hughes,Thabo Sefolosha,4,4:10,UTA,shot,,,,,,,,,,Deron Williams,,,,missed,,layup,25,6
Andrei Kirilenko,C.J. Miles,Deron Williams,Mehmet Okur,Paul Millsap,Andres Nocioni,Ben Gordon,Derrick Rose,Larry Hughes,Thabo Sefolosha,4,4:09,CHI,rebound,,,,,,,,,,Andres Nocioni,,,,,,def,,
Andrei Kirilenko,C.J. Miles,Deron Williams,Mehmet Okur,Paul Millsap,Andres Nocioni,Ben Gordon,Derrick Rose,Larry Hughes,Thabo Sefolosha,4,4:04,CHI,shot,Andres Nocioni,,,,,,,,,Ben Gordon,3,,,made,,3pt,13,29
Andrei Kirilenko,C.J. Miles,Deron Williams,Mehmet Okur,Paul Millsap,Andres Nocioni,Ben Gordon,Derrick Rose,Larry Hughes,Thabo Sefolosha,4,3:57,UTA,timeout,,,,,,,,,,,,,,,,regular,,
Andrei Kirilenko,C.J. Miles,Deron Williams,Mehmet Okur,Paul Millsap,Andres Nocioni,Ben Gordon,Derrick Rose,Larry Hughes,Thabo Sefolosha,4,3:43,UTA,shot,,,,,,,,,,Mehmet Okur,2,,,made,,jump,27,12
Andrei Kirilenko,C.J. Miles,Deron Williams,Mehmet Okur,Paul Millsap,Andres Nocioni,Ben Gordon,Derrick Rose,Larry Hughes,Thabo Sefolosha,4,3:43,CHI,foul,,,,,,,,Mehmet Okur,,Thabo Sefolosha,,,,,,shooting,,
Andrei Kirilenko,C.J. Miles,Deron Williams,Mehmet Okur,Paul Millsap,Andres Nocioni,Ben Gordon,Derrick Rose,Larry Hughes,Thabo Sefolosha,4,3:43,UTA,free throw,,,,,,,1,,1,Mehmet Okur,,,foul,made,,,,
Andrei Kirilenko,C.J. Miles,Deron Williams,Mehmet Okur,Paul Millsap,Andres Nocioni,Ben Gordon,Derrick Rose,Larry Hughes,Thabo Sefolosha,4,3:26,CHI,shot,,,,,,,,,,Derrick Rose,,,,missed,,running reverse layup,25,6
Andrei Kirilenko,C.J. Miles,Deron Williams,Mehmet Okur,Paul Millsap,Andres Nocioni,Ben Gordon,Derrick Rose,Larry Hughes,Thabo Sefolosha,4,3:25,UTA,rebound,,,,,,,,,,Paul Millsap,,,,,,def,,
Andrei Kirilenko,C.J. Miles,Deron Williams,Mehmet Okur,Paul Millsap,Andres Nocioni,Ben Gordon,Derrick Rose,Larry Hughes,Thabo Sefolosha,4,3:17,UTA,foul,,,,,,,,Andres Nocioni,,Paul Millsap,,,,,,offensive,,
Andrei Kirilenko,C.J. Miles,Deron Williams,Mehmet Okur,Paul Millsap,Andres Nocioni,Ben Gordon,Derrick Rose,Larry Hughes,Thabo Sefolosha,4,3:17,UTA,turnover,,,,,,,,,,Paul Millsap,,,foul,,,,,
Andrei Kirilenko,C.J. Miles,Deron Williams,Mehmet Okur,Paul Millsap,Andres Nocioni,Ben Gordon,Derrick Rose,Larry Hughes,Thabo Sefolosha,4,3:02,CHI,shot,,,,,,,,,,Andres Nocioni,,,,missed,,jump,25,13
Andrei Kirilenko,C.J. Miles,Deron Williams,Mehmet Okur,Paul Millsap,Andres Nocioni,Ben Gordon,Derrick Rose,Larry Hughes,Thabo Sefolosha,4,3:00,CHI,rebound,,,,,,,,,,Andres Nocioni,,,,,,off,,
Andrei Kirilenko,C.J. Miles,Deron Williams,Mehmet Okur,Paul Millsap,Andres Nocioni,Ben Gordon,Derrick Rose,Larry Hughes,Thabo Sefolosha,4,2:59,CHI,shot,,,Paul Millsap,,,,,,,Andres Nocioni,,,,missed,,jump,26,11
Andrei Kirilenko,C.J. Miles,Deron Williams,Mehmet Okur,Paul Millsap,Andres Nocioni,Ben Gordon,Derrick Rose,Larry Hughes,Thabo Sefolosha,4,2:56,UTA,rebound,,,,,,,,,,Paul Millsap,,,,,,def,,
Andrei Kirilenko,C.J. Miles,Deron Williams,Mehmet Okur,Paul Millsap,Andres Nocioni,Ben Gordon,Derrick Rose,Larry Hughes,Thabo Sefolosha,4,2:37,UTA,shot,,,,,,,,,,Mehmet Okur,,,,missed,,3pt,20,31
Andrei Kirilenko,C.J. Miles,Deron Williams,Mehmet Okur,Paul Millsap,Andres Nocioni,Ben Gordon,Derrick Rose,Larry Hughes,Thabo Sefolosha,4,2:36,UTA,rebound,,,,,,,,,,Andrei Kirilenko,,,,,,off,,
Andrei Kirilenko,C.J. Miles,Deron Williams,Mehmet Okur,Paul Millsap,Andres Nocioni,Ben Gordon,Derrick Rose,Larry Hughes,Thabo Sefolosha,4,2:29,UTA,shot,,,,,,,,,,Andrei Kirilenko,,,,missed,,3pt,48,8
Andrei Kirilenko,C.J. Miles,Deron Williams,Mehmet Okur,Paul Millsap,Andres Nocioni,Ben Gordon,Derrick Rose,Larry Hughes,Thabo Sefolosha,4,2:26,CHI,rebound,,,,,,,,,,Derrick Rose,,,,,,def,,
Andrei Kirilenko,C.J. Miles,Deron Williams,Mehmet Okur,Paul Millsap,Andres Nocioni,Ben Gordon,Derrick Rose,Larry Hughes,Thabo Sefolosha,4,2:23,UTA,foul,,,,,,,,Larry Hughes,,Deron Williams,,,,,,shooting,,
Andrei Kirilenko,C.J. Miles,Deron Williams,Mehmet Okur,Paul Millsap,Andres Nocioni,Ben Gordon,Derrick Rose,Larry Hughes,Thabo Sefolosha,4,2:23,CHI,free throw,,,,,,,1,,2,Larry Hughes,,,foul,made,,,,
Andrei Kirilenko,C.J. Miles,Deron Williams,Mehmet Okur,Paul Millsap,Andres Nocioni,Ben Gordon,Derrick Rose,Larry Hughes,Thabo Sefolosha,4,2:23,CHI,free throw,,,,,,,2,,2,Larry Hughes,,,foul,made,,,,
Andrei Kirilenko,C.J. Miles,Deron Williams,Mehmet Okur,Paul Millsap,Andres Nocioni,Ben Gordon,Derrick Rose,Larry Hughes,Thabo Sefolosha,4,2:08,UTA,turnover,,,,,,,,,,Deron Williams,,,bad pass,,,,,
Andrei Kirilenko,C.J. Miles,Deron Williams,Mehmet Okur,Paul Millsap,Andres Nocioni,Ben Gordon,Derrick Rose,Larry Hughes,Thabo Sefolosha,4,1:50,UTA,foul,,,,,,,,Ben Gordon,,C.J. Miles,,,,,,personal,,
Andrei Kirilenko,C.J. Miles,Deron Williams,Mehmet Okur,Paul Millsap,Andres Nocioni,Ben Gordon,Derrick Rose,Larry Hughes,Thabo Sefolosha,4,1:50,CHI,free throw,,,,,,,1,,2,Ben Gordon,,,foul,missed,,,,
Andrei Kirilenko,C.J. Miles,Deron Williams,Mehmet Okur,Paul Millsap,Andres Nocioni,Ben Gordon,Derrick Rose,Larry Hughes,Thabo Sefolosha,4,1:50,CHI,rebound,,,,,,,,,,,,,,,,,,
Andrei Kirilenko,C.J. Miles,Deron Williams,Mehmet Okur,Paul Millsap,Andres Nocioni,Ben Gordon,Derrick Rose,Larry Hughes,Thabo Sefolosha,4,1:50,CHI,free throw,,,,,,,2,,2,Ben Gordon,,,foul,made,,,,
Andrei Kirilenko,C.J. Miles,Deron Williams,Mehmet Okur,Paul Millsap,Andres Nocioni,Ben Gordon,Derrick Rose,Larry Hughes,Thabo Sefolosha,4,1:42,UTA,shot,,,,,,,,,,Deron Williams,,,,missed,,layup,25,6
Andrei Kirilenko,C.J. Miles,Deron Williams,Mehmet Okur,Paul Millsap,Andres Nocioni,Ben Gordon,Derrick Rose,Larry Hughes,Thabo Sefolosha,4,1:41,CHI,rebound,,,,,,,,,,,,,,,,,,
Andrei Kirilenko,C.J. Miles,Deron Williams,Mehmet Okur,Paul Millsap,Andres Nocioni,Ben Gordon,Derrick Rose,Larry Hughes,Thabo Sefolosha,4,1:30,UTA,foul,,,,,,,,Ben Gordon,,C.J. Miles,,,,,,personal,,
Andrei Kirilenko,C.J. Miles,Deron Williams,Mehmet Okur,Paul Millsap,Andres Nocioni,Ben Gordon,Derrick Rose,Larry Hughes,Thabo Sefolosha,4,1:30,CHI,free throw,,,,,,,1,,2,Ben Gordon,,,foul,made,,,,
Andrei Kirilenko,C.J. Miles,Deron Williams,Mehmet Okur,Paul Millsap,Andres Nocioni,Ben Gordon,Derrick Rose,Larry Hughes,Thabo Sefolosha,4,1:30,CHI,free throw,,,,,,,2,,2,Ben Gordon,,,foul,made,,,,
Andrei Kirilenko,C.J. Miles,Deron Williams,Mehmet Okur,Paul Millsap,Andres Nocioni,Ben Gordon,Derrick Rose,Larry Hughes,Thabo Sefolosha,4,1:21,CHI,foul,,,,,,,,Mehmet Okur,,Andres Nocioni,,,,,,shooting,,
Andrei Kirilenko,C.J. Miles,Deron Williams,Mehmet Okur,Paul Millsap,Andres Nocioni,Ben Gordon,Derrick Rose,Larry Hughes,Thabo Sefolosha,4,1:21,UTA,free throw,,,,,,,1,,2,Mehmet Okur,,,foul,made,,,,
Andrei Kirilenko,C.J. Miles,Deron Williams,Mehmet Okur,Paul Millsap,Andres Nocioni,Ben Gordon,Derrick Rose,Larry Hughes,Thabo Sefolosha,4,1:21,UTA,free throw,,,,,,,2,,2,Mehmet Okur,,,foul,made,,,,
Andrei Kirilenko,C.J. Miles,Deron Williams,Mehmet Okur,Paul Millsap,Andres Nocioni,Ben Gordon,Derrick Rose,Larry Hughes,Thabo Sefolosha,4,1:21,CHI,timeout,,,,,,,,,,,,,,,,regular,,
Andrei Kirilenko,C.J. Miles,Deron Williams,Mehmet Okur,Paul Millsap,Andres Nocioni,Ben Gordon,Derrick Rose,Larry Hughes,Thabo Sefolosha,4,1:06,CHI,shot,,,,,,,,,,Ben Gordon,,,,missed,,jump,26,12
Andrei Kirilenko,C.J. Miles,Deron Williams,Mehmet Okur,Paul Millsap,Andres Nocioni,Ben Gordon,Derrick Rose,Larry Hughes,Thabo Sefolosha,4,1:05,UTA,rebound,,,,,,,,,,Mehmet Okur,,,,,,def,,
Andrei Kirilenko,C.J. Miles,Deron Williams,Mehmet Okur,Paul Millsap,Andres Nocioni,Ben Gordon,Derrick Rose,Larry Hughes,Thabo Sefolosha,4,0:59,CHI,foul,,,,,,,,Andrei Kirilenko,,Thabo Sefolosha,,,,,,personal,,
Andrei Kirilenko,C.J. Miles,Deron Williams,Mehmet Okur,Paul Millsap,Andres Nocioni,Ben Gordon,Derrick Rose,Larry Hughes,Thabo Sefolosha,4,0:59,UTA,free throw,,,,,,,1,,2,Andrei Kirilenko,,,foul,missed,,,,
Andrei Kirilenko,C.J. Miles,Deron Williams,Mehmet Okur,Paul Millsap,Andres Nocioni,Ben Gordon,Derrick Rose,Larry Hughes,Thabo Sefolosha,4,0:59,UTA,rebound,,,,,,,,,,,,,,,,,,
Andrei Kirilenko,C.J. Miles,Deron Williams,Mehmet Okur,Paul Millsap,Andres Nocioni,Ben Gordon,Derrick Rose,Joakim Noah,Larry Hughes,4,0:59,CHI,sub,,,,Joakim Noah,,Thabo Sefolosha,,,,,,,,,,,,
Andrei Kirilenko,C.J. Miles,Deron Williams,Mehmet Okur,Paul Millsap,Andres Nocioni,Ben Gordon,Derrick Rose,Joakim Noah,Larry Hughes,4,0:59,UTA,free throw,,,,,,,2,,2,Andrei Kirilenko,,,foul,made,,,,
Andrei Kirilenko,C.J. Miles,Deron Williams,Mehmet Okur,Paul Millsap,Andres Nocioni,Ben Gordon,Derrick Rose,Joakim Noah,Larry Hughes,4,0:59,CHI,timeout,,,,,,,,,,,,,,,,short,,
Andrei Kirilenko,C.J. Miles,Deron Williams,Mehmet Okur,Paul Millsap,Andres Nocioni,Ben Gordon,Derrick Rose,Larry Hughes,Thabo Sefolosha,4,0:59,CHI,sub,,,,Thabo Sefolosha,,Joakim Noah,,,,,,,,,,,,
Andrei Kirilenko,C.J. Miles,Deron Williams,Mehmet Okur,Paul Millsap,Andres Nocioni,Ben Gordon,Derrick Rose,Larry Hughes,Thabo Sefolosha,4,0:39,CHI,shot,,,,,,,,,,Derrick Rose,2,,,made,,driving layup,25,6
Andrei Kirilenko,C.J. Miles,Deron Williams,Mehmet Okur,Paul Millsap,Andres Nocioni,Ben Gordon,Derrick Rose,Larry Hughes,Thabo Sefolosha,4,0:32,UTA,shot,,,,,,,,,,Andrei Kirilenko,,,,missed,,3pt,47,5
Andrei Kirilenko,C.J. Miles,Deron Williams,Mehmet Okur,Paul Millsap,Andres Nocioni,Ben Gordon,Derrick Rose,Larry Hughes,Thabo Sefolosha,4,0:30,UTA,rebound,,,,,,,,,,Paul Millsap,,,,,,off,,
Andrei Kirilenko,C.J. Miles,Deron Williams,Mehmet Okur,Paul Millsap,Andres Nocioni,Ben Gordon,Derrick Rose,Larry Hughes,Thabo Sefolosha,4,0:28,UTA,shot,,,,,,,,,,Paul Millsap,,,,missed,,layup,25,6
Andrei Kirilenko,C.J. Miles,Deron Williams,Mehmet Okur,Paul Millsap,Andres Nocioni,Ben Gordon,Derrick Rose,Larry Hughes,Thabo Sefolosha,4,0:26,CHI,rebound,,,,,,,,,,Derrick Rose,,,,,,def,,
Andrei Kirilenko,C.J. Miles,Deron Williams,Mehmet Okur,Paul Millsap,Andres Nocioni,Ben Gordon,Derrick Rose,Larry Hughes,Thabo Sefolosha,4,0:16,UTA,foul,,,,,,,,Ben Gordon,,Andrei Kirilenko,,,,,,personal,,
Andrei Kirilenko,C.J. Miles,Deron Williams,Mehmet Okur,Paul Millsap,Andres Nocioni,Ben Gordon,Derrick Rose,Larry Hughes,Thabo Sefolosha,4,0:16,CHI,free throw,,,,,,,1,,2,Ben Gordon,,,foul,missed,,,,
Andrei Kirilenko,C.J. Miles,Deron Williams,Mehmet Okur,Paul Millsap,Andres Nocioni,Ben Gordon,Derrick Rose,Larry Hughes,Thabo Sefolosha,4,0:16,CHI,rebound,,,,,,,,,,,,,,,,,,
Andrei Kirilenko,C.J. Miles,Deron Williams,Mehmet Okur,Paul Millsap,Andres Nocioni,Ben Gordon,Derrick Rose,Larry Hughes,Thabo Sefolosha,4,0:16,CHI,free throw,,,,,,,2,,2,Ben Gordon,,,foul,made,,,,
Andrei Kirilenko,C.J. Miles,Deron Williams,Mehmet Okur,Paul Millsap,Andres Nocioni,Ben Gordon,Derrick Rose,Larry Hughes,Thabo Sefolosha,4,0:16,UTA,timeout,,,,,,,,,,,,,,,,short,,
Andrei Kirilenko,C.J. Miles,Deron Williams,Mehmet Okur,Paul Millsap,Andres Nocioni,Ben Gordon,Derrick Rose,Larry Hughes,Thabo Sefolosha,4,0:13,UTA,shot,,,,,,,,,,Deron Williams,,,,missed,,3pt,1,6
Andrei Kirilenko,C.J. Miles,Deron Williams,Mehmet Okur,Paul Millsap,Andres Nocioni,Ben Gordon,Derrick Rose,Larry Hughes,Thabo Sefolosha,4,0:12,CHI,rebound,,,,,,,,,,Ben Gordon,,,,,,def,,
