a1,a2,a3,a4,a5,h1,h2,h3,h4,h5,period,time,team,etype,assist,away,block,entered,home,left,num,opponent,outof,player,points,possession,reason,result,steal,type,x,y
Darrell Arthur,Marc Gasol,Mike Conley,O.J. Mayo,Rudy Gay,Dirk Nowitzki,Erick Dampier,Gerald Green,James Singleton,Jason Kidd,1,12:00,OFF,jump ball,,Marc Gasol,,,Erick Dampier,,,,,,,Jason Kidd,,,,,,
Darrell Arthur,Marc Gasol,Mike Conley,O.J. Mayo,Rudy Gay,Dirk Nowitzki,Erick Dampier,Gerald Green,James Singleton,Jason Kidd,1,11:46,DAL,shot,,,,,,,,,,James Singleton,,,,missed,,turnaround jump,24,11
Darrell Arthur,Marc Gasol,Mike Conley,O.J. Mayo,Rudy Gay,Dirk Nowitzki,Erick Dampier,Gerald Green,James Singleton,Jason Kidd,1,11:44,MEM,rebound,,,,,,,,,,Darrell Arthur,,,,,,def,,
Darrell Arthur,Marc Gasol,Mike Conley,O.J. Mayo,Rudy Gay,Dirk Nowitzki,Erick Dampier,Gerald Green,James Singleton,Jason Kidd,1,11:28,MEM,shot,,,,,,,,,,Rudy Gay,,,,missed,,jump,21,24
Darrell Arthur,Marc Gasol,Mike Conley,O.J. Mayo,Rudy Gay,Dirk Nowitzki,Erick Dampier,Gerald Green,James Singleton,Jason Kidd,1,11:27,DAL,rebound,,,,,,,,,,,,,,,,,,
Darrell Arthur,Marc Gasol,Mike Conley,O.J. Mayo,Rudy Gay,Dirk Nowitzki,Erick Dampier,Gerald Green,James Singleton,Jason Kidd,1,11:04,DAL,shot,,,,,,,,,,Gerald Green,,,,missed,,pullup jump,34,24
Darrell Arthur,Marc Gasol,Mike Conley,O.J. Mayo,Rudy Gay,Dirk Nowitzki,Erick Dampier,Gerald Green,James Singleton,Jason Kidd,1,11:02,MEM,rebound,,,,,,,,,,Mike Conley,,,,,,def,,
Darrell Arthur,Marc Gasol,Mike Conley,O.J. Mayo,Rudy Gay,Dirk Nowitzki,Erick Dampier,Gerald Green,James Singleton,Jason Kidd,1,10:55,MEM,shot,,,,,,,,,,Mike Conley,,,,missed,,jump,39,19
Darrell Arthur,Marc Gasol,Mike Conley,O.J. Mayo,Rudy Gay,Dirk Nowitzki,Erick Dampier,Gerald Green,James Singleton,Jason Kidd,1,10:54,DAL,rebound,,,,,,,,,,Erick Dampier,,,,,,def,,
Darrell Arthur,Marc Gasol,Mike Conley,O.J. Mayo,Rudy Gay,Dirk Nowitzki,Erick Dampier,Gerald Green,James Singleton,Jason Kidd,1,10:43,DAL,turnover,,,,,,,,,,Gerald Green,,,bad pass,,,,,
Darrell Arthur,Marc Gasol,Mike Conley,O.J. Mayo,Rudy Gay,Dirk Nowitzki,Erick Dampier,Gerald Green,James Singleton,Jason Kidd,1,10:31,MEM,shot,,,,,,,,,,O.J. Mayo,,,,missed,,jump,40,7
Darrell Arthur,Marc Gasol,Mike Conley,O.J. Mayo,Rudy Gay,Dirk Nowitzki,Erick Dampier,Gerald Green,James Singleton,Jason Kidd,1,10:29,DAL,rebound,,,,,,,,,,Erick Dampier,,,,,,def,,
Darrell Arthur,Marc Gasol,Mike Conley,O.J. Mayo,Rudy Gay,Dirk Nowitzki,Erick Dampier,Gerald Green,James Singleton,Jason Kidd,1,10:06,DAL,shot,,,,,,,,,,Jason Kidd,2,,,made,,turnaround bank,20,9
Darrell Arthur,Marc Gasol,Mike Conley,O.J. Mayo,Rudy Gay,Dirk Nowitzki,Erick Dampier,Gerald Green,James Singleton,Jason Kidd,1,9:51,MEM,shot,,,,,,,,,,Rudy Gay,,,,missed,,jump,13,23
Darrell Arthur,Marc Gasol,Mike Conley,O.J. Mayo,Rudy Gay,Dirk Nowitzki,Erick Dampier,Gerald Green,James Singleton,Jason Kidd,1,9:49,DAL,rebound,,,,,,,,,,Jason Kidd,,,,,,def,,
Darrell Arthur,Marc Gasol,Mike Conley,O.J. Mayo,Rudy Gay,Dirk Nowitzki,Erick Dampier,Gerald Green,James Singleton,Jason Kidd,1,9:42,DAL,shot,,,,,,,,,,Gerald Green,,,,missed,,3pt,1,9
Darrell Arthur,Marc Gasol,Mike Conley,O.J. Mayo,Rudy Gay,Dirk Nowitzki,Erick Dampier,Gerald Green,James Singleton,Jason Kidd,1,9:40,DAL,rebound,,,,,,,,,,Dirk Nowitzki,,,,,,off,,
Darrell Arthur,Marc Gasol,Mike Conley,O.J. Mayo,Rudy Gay,Dirk Nowitzki,Erick Dampier,Gerald Green,James Singleton,Jason Kidd,1,9:32,MEM,foul,,,,,,,,Dirk Nowitzki,,Darrell Arthur,,,,,,personal,,
Darrell Arthur,Marc Gasol,Mike Conley,O.J. Mayo,Rudy Gay,Dirk Nowitzki,Erick Dampier,Gerald Green,James Singleton,Jason Kidd,1,9:22,DAL,shot,,,,,,,,,,Dirk Nowitzki,2,,,made,,turnaround jump,20,17
Darrell Arthur,Marc Gasol,Mike Conley,O.J. Mayo,Rudy Gay,Dirk Nowitzki,Erick Dampier,Gerald Green,James Singleton,Jason Kidd,1,9:22,MEM,foul,,,,,,,,Dirk Nowitzki,,Darrell Arthur,,,,,,shooting,,
Hakim Warrick,Marc Gasol,Mike Conley,O.J. Mayo,Rudy Gay,Dirk Nowitzki,Erick Dampier,Gerald Green,James Singleton,Jason Kidd,1,9:22,MEM,sub,,,,Hakim Warrick,,Darrell Arthur,,,,,,,,,,,,
Hakim Warrick,Marc Gasol,Mike Conley,O.J. Mayo,Rudy Gay,Dirk Nowitzki,Erick Dampier,Gerald Green,James Singleton,Jason Kidd,1,9:22,DAL,free throw,,,,,,,1,,1,Dirk Nowitzki,,,foul,made,,,,
Hakim Warrick,Marc Gasol,Mike Conley,O.J. Mayo,Rudy Gay,Dirk Nowitzki,Erick Dampier,Gerald Green,James Singleton,Jason Kidd,1,9:14,MEM,turnover,,,,,,,,,,Mike Conley,,,palming turnover,,,,,
Hakim Warrick,Marc Gasol,Mike Conley,O.J. Mayo,Rudy Gay,Dirk Nowitzki,Erick Dampier,Gerald Green,James Singleton,Jason Kidd,1,9:04,DAL,shot,,,,,,,,,,Jason Kidd,,,,missed,,running bank,25,13
Hakim Warrick,Marc Gasol,Mike Conley,O.J. Mayo,Rudy Gay,Dirk Nowitzki,Erick Dampier,Gerald Green,James Singleton,Jason Kidd,1,9:03,MEM,rebound,,,,,,,,,,Marc Gasol,,,,,,def,,
Hakim Warrick,Marc Gasol,Mike Conley,O.J. Mayo,Rudy Gay,Dirk Nowitzki,Erick Dampier,Gerald Green,James Singleton,Jason Kidd,1,8:53,MEM,shot,,,,,,,,,,Rudy Gay,,,,missed,,pullup jump,14,22
Hakim Warrick,Marc Gasol,Mike Conley,O.J. Mayo,Rudy Gay,Dirk Nowitzki,Erick Dampier,Gerald Green,James Singleton,Jason Kidd,1,8:52,DAL,rebound,,,,,,,,,,Dirk Nowitzki,,,,,,def,,
Hakim Warrick,Marc Gasol,Mike Conley,O.J. Mayo,Rudy Gay,Dirk Nowitzki,Erick Dampier,Gerald Green,James Singleton,Jason Kidd,1,8:38,DAL,shot,,,,,,,,,,James Singleton,,,,missed,,jump hook,25,11
Hakim Warrick,Marc Gasol,Mike Conley,O.J. Mayo,Rudy Gay,Dirk Nowitzki,Erick Dampier,Gerald Green,James Singleton,Jason Kidd,1,8:37,MEM,rebound,,,,,,,,,,O.J. Mayo,,,,,,def,,
Hakim Warrick,Marc Gasol,Mike Conley,O.J. Mayo,Rudy Gay,Dirk Nowitzki,Erick Dampier,Gerald Green,James Singleton,Jason Kidd,1,8:20,MEM,shot,,,,,,,,,,Rudy Gay,2,,,made,,driving layup,25,6
Hakim Warrick,Marc Gasol,Mike Conley,O.J. Mayo,Rudy Gay,Dirk Nowitzki,Erick Dampier,Gerald Green,James Singleton,Jason Kidd,1,8:20,DAL,foul,,,,,,,,Rudy Gay,,Erick Dampier,,,,,,shooting,,
Hakim Warrick,Marc Gasol,Mike Conley,O.J. Mayo,Rudy Gay,Dirk Nowitzki,Erick Dampier,Gerald Green,James Singleton,Jason Kidd,1,8:20,MEM,free throw,,,,,,,1,,1,Rudy Gay,,,foul,made,,,,
Hakim Warrick,Marc Gasol,Mike Conley,O.J. Mayo,Rudy Gay,Dirk Nowitzki,Erick Dampier,Gerald Green,James Singleton,Jason Kidd,1,8:04,DAL,shot,,,,,,,,,,Dirk Nowitzki,,,,missed,,jump,11,23
Hakim Warrick,Marc Gasol,Mike Conley,O.J. Mayo,Rudy Gay,Dirk Nowitzki,Erick Dampier,Gerald Green,James Singleton,Jason Kidd,1,8:03,MEM,rebound,,,,,,,,,,Rudy Gay,,,,,,def,,
Hakim Warrick,Marc Gasol,Mike Conley,O.J. Mayo,Rudy Gay,Dirk Nowitzki,Erick Dampier,Gerald Green,James Singleton,Jason Kidd,1,7:54,MEM,shot,,,,,,,,,,Marc Gasol,2,,,made,,turnaround fade away,32,14
Hakim Warrick,Marc Gasol,Mike Conley,O.J. Mayo,Rudy Gay,Dirk Nowitzki,Erick Dampier,Gerald Green,James Singleton,Jason Kidd,1,7:43,MEM,foul,,,,,,,,,,Rudy Gay,,,,,,defense 3 second,,
Hakim Warrick,Marc Gasol,Mike Conley,O.J. Mayo,Rudy Gay,Dirk Nowitzki,Erick Dampier,Gerald Green,James Singleton,Jason Kidd,1,7:43,DAL,free throw,,,,,,,1,,1,Dirk Nowitzki,,,technical,made,,,,
Hakim Warrick,Marc Gasol,Mike Conley,O.J. Mayo,Rudy Gay,Dirk Nowitzki,Erick Dampier,Gerald Green,James Singleton,Jason Kidd,1,7:33,DAL,shot,,,,,,,,,,Jason Kidd,,,,missed,,3pt,7,24
Hakim Warrick,Marc Gasol,Mike Conley,O.J. Mayo,Rudy Gay,Dirk Nowitzki,Erick Dampier,Gerald Green,James Singleton,Jason Kidd,1,7:32,DAL,rebound,,,,,,,,,,Jason Kidd,,,,,,off,,
Hakim Warrick,Marc Gasol,Mike Conley,O.J. Mayo,Rudy Gay,Dirk Nowitzki,Erick Dampier,Gerald Green,James Singleton,Jason Kidd,1,7:31,DAL,turnover,,,,,,,,,,Jason Kidd,,,lost ball,,O.J. Mayo,,,
Hakim Warrick,Marc Gasol,Mike Conley,O.J. Mayo,Rudy Gay,Dirk Nowitzki,Erick Dampier,Gerald Green,James Singleton,Jason Kidd,1,7:27,MEM,shot,,,,,,,,,,Mike Conley,2,,,made,,driving layup,25,6
Hakim Warrick,Marc Gasol,Mike Conley,O.J. Mayo,Rudy Gay,Dirk Nowitzki,Erick Dampier,Gerald Green,James Singleton,Jason Kidd,1,7:27,DAL,foul,,,,,,,,Mike Conley,,Gerald Green,,,,,,shooting,,
Hakim Warrick,Marc Gasol,Mike Conley,O.J. Mayo,Rudy Gay,Dirk Nowitzki,Erick Dampier,Gerald Green,James Singleton,Jason Kidd,1,7:27,MEM,free throw,,,,,,,1,,1,Mike Conley,,,foul,made,,,,
Hakim Warrick,Marc Gasol,Mike Conley,O.J. Mayo,Rudy Gay,Dirk Nowitzki,Erick Dampier,Gerald Green,James Singleton,Jason Kidd,1,7:13,DAL,shot,,,,,,,,,,Dirk Nowitzki,,,,missed,,jump,36,15
Hakim Warrick,Marc Gasol,Mike Conley,O.J. Mayo,Rudy Gay,Dirk Nowitzki,Erick Dampier,Gerald Green,James Singleton,Jason Kidd,1,7:13,MEM,rebound,,,,,,,,,,,,,,,,,,
Hakim Warrick,Marc Gasol,Mike Conley,O.J. Mayo,Rudy Gay,Dirk Nowitzki,Erick Dampier,Gerald Green,James Singleton,Jason Kidd,1,7:00,MEM,shot,,,,,,,,,,Mike Conley,2,,,made,,jump,32,23
Hakim Warrick,Marc Gasol,Mike Conley,O.J. Mayo,Rudy Gay,Dirk Nowitzki,Erick Dampier,Gerald Green,James Singleton,Jason Kidd,1,6:38,DAL,shot,,,,,,,,,,Gerald Green,,,,missed,,jump,37,20
Hakim Warrick,Marc Gasol,Mike Conley,O.J. Mayo,Rudy Gay,Dirk Nowitzki,Erick Dampier,Gerald Green,James Singleton,Jason Kidd,1,6:35,DAL,rebound,,,,,,,,,,,,,,,,,,
Hakim Warrick,Marc Gasol,Mike Conley,O.J. Mayo,Rudy Gay,Dirk Nowitzki,Erick Dampier,Gerald Green,James Singleton,Jason Kidd,1,6:35,DAL,timeout,,,,,,,,,,,,,,,,regular,,
Hakim Warrick,Marc Gasol,Mike Conley,O.J. Mayo,Rudy Gay,Dirk Nowitzki,Erick Dampier,Gerald Green,James Singleton,Jason Kidd,1,6:23,DAL,shot,,,,,,,,,,Gerald Green,,,,missed,,driving finger roll layup,25,6
Hakim Warrick,Marc Gasol,Mike Conley,O.J. Mayo,Rudy Gay,Dirk Nowitzki,Erick Dampier,Gerald Green,James Singleton,Jason Kidd,1,6:22,MEM,rebound,,,,,,,,,,Marc Gasol,,,,,,def,,
Hakim Warrick,Marc Gasol,Mike Conley,O.J. Mayo,Rudy Gay,Dirk Nowitzki,Erick Dampier,Gerald Green,James Singleton,Jason Kidd,1,6:12,DAL,foul,,,,,,,,O.J. Mayo,,Gerald Green,,,,,,personal,,
Hakim Warrick,Marc Gasol,Mike Conley,O.J. Mayo,Rudy Gay,Dirk Nowitzki,Erick Dampier,James Singleton,Jason Kidd,Jason Terry,1,6:12,DAL,sub,,,,Jason Terry,,Gerald Green,,,,,,,,,,,,
Hakim Warrick,Marc Gasol,Mike Conley,O.J. Mayo,Rudy Gay,Dirk Nowitzki,Erick Dampier,James Singleton,Jason Kidd,Jason Terry,1,6:07,MEM,shot,,,,,,,,,,Rudy Gay,,,,missed,,3pt,15,31
Hakim Warrick,Marc Gasol,Mike Conley,O.J. Mayo,Rudy Gay,Dirk Nowitzki,Erick Dampier,James Singleton,Jason Kidd,Jason Terry,1,6:06,DAL,rebound,,,,,,,,,,Erick Dampier,,,,,,def,,
Hakim Warrick,Marc Gasol,Mike Conley,O.J. Mayo,Rudy Gay,Dirk Nowitzki,Erick Dampier,James Singleton,Jason Kidd,Jason Terry,1,5:56,DAL,shot,Jason Kidd,,,,,,,,,Dirk Nowitzki,2,,,made,,jump,11,11
Hakim Warrick,Marc Gasol,Mike Conley,O.J. Mayo,Rudy Gay,Dirk Nowitzki,Erick Dampier,James Singleton,Jason Kidd,Jason Terry,1,5:33,MEM,shot,,,,,,,,,,O.J. Mayo,,,,missed,,running jump,24,18
Hakim Warrick,Marc Gasol,Mike Conley,O.J. Mayo,Rudy Gay,Dirk Nowitzki,Erick Dampier,James Singleton,Jason Kidd,Jason Terry,1,5:32,DAL,rebound,,,,,,,,,,Erick Dampier,,,,,,def,,
Hakim Warrick,Marc Gasol,Mike Conley,O.J. Mayo,Rudy Gay,Dirk Nowitzki,Erick Dampier,James Singleton,Jason Kidd,Jason Terry,1,5:20,DAL,shot,,,,,,,,,,Dirk Nowitzki,,,,missed,,jump,14,22
Hakim Warrick,Marc Gasol,Mike Conley,O.J. Mayo,Rudy Gay,Dirk Nowitzki,Erick Dampier,James Singleton,Jason Kidd,Jason Terry,1,5:19,MEM,rebound,,,,,,,,,,Marc Gasol,,,,,,def,,
Hakim Warrick,Marc Gasol,Mike Conley,O.J. Mayo,Rudy Gay,Dirk Nowitzki,Erick Dampier,James Singleton,Jason Kidd,Jason Terry,1,5:19,DAL,foul,,,,,,,,Marc Gasol,,Erick Dampier,,,,,,loose ball,,
Hakim Warrick,Marc Gasol,Mike Conley,O.J. Mayo,Rudy Gay,DeSagana Diop,Dirk Nowitzki,James Singleton,Jason Kidd,Jason Terry,1,5:19,DAL,sub,,,,DeSagana Diop,,Erick Dampier,,,,,,,,,,,,
Hakim Warrick,Marc Gasol,Mike Conley,O.J. Mayo,Rudy Gay,DeSagana Diop,Dirk Nowitzki,James Singleton,Jason Kidd,Jason Terry,1,5:05,MEM,shot,Rudy Gay,,,,,,,,,Hakim Warrick,2,,,made,,layup,25,6
Hakim Warrick,Marc Gasol,Mike Conley,O.J. Mayo,Rudy Gay,DeSagana Diop,Dirk Nowitzki,James Singleton,Jason Kidd,Jason Terry,1,4:53,DAL,turnover,,,,,,,,,,Jason Terry,,,traveling,,,,,
Hakim Warrick,Marc Gasol,Mike Conley,O.J. Mayo,Rudy Gay,DeSagana Diop,Dirk Nowitzki,James Singleton,Jason Kidd,Jason Terry,1,4:35,MEM,shot,,,,,,,,,,Rudy Gay,,,,missed,,pullup jump,13,23
Hakim Warrick,Marc Gasol,Mike Conley,O.J. Mayo,Rudy Gay,DeSagana Diop,Dirk Nowitzki,James Singleton,Jason Kidd,Jason Terry,1,4:33,MEM,shot,,,,,,,,,,Marc Gasol,2,,,made,,tip,25,6
Hakim Warrick,Marc Gasol,Mike Conley,O.J. Mayo,Rudy Gay,DeSagana Diop,Dirk Nowitzki,James Singleton,Jason Kidd,Jason Terry,1,4:33,MEM,rebound,,,,,,,,,,Marc Gasol,,,,,,off,,
Hakim Warrick,Marc Gasol,Mike Conley,O.J. Mayo,Rudy Gay,DeSagana Diop,Dirk Nowitzki,James Singleton,Jason Kidd,Jason Terry,1,4:18,DAL,shot,,,,,,,,,,DeSagana Diop,,,,missed,,running hook,26,9
Hakim Warrick,Marc Gasol,Mike Conley,O.J. Mayo,Rudy Gay,DeSagana Diop,Dirk Nowitzki,James Singleton,Jason Kidd,Jason Terry,1,4:17,MEM,rebound,,,,,,,,,,Rudy Gay,,,,,,def,,
Hakim Warrick,Marc Gasol,Mike Conley,O.J. Mayo,Rudy Gay,DeSagana Diop,Dirk Nowitzki,James Singleton,Jason Kidd,Jason Terry,1,4:01,MEM,shot,,,,,,,,,,Hakim Warrick,,,,missed,,jump,40,15
Hakim Warrick,Marc Gasol,Mike Conley,O.J. Mayo,Rudy Gay,DeSagana Diop,Dirk Nowitzki,James Singleton,Jason Kidd,Jason Terry,1,4:00,DAL,rebound,,,,,,,,,,Dirk Nowitzki,,,,,,def,,
Hakim Warrick,Marc Gasol,Mike Conley,O.J. Mayo,Rudy Gay,DeSagana Diop,Dirk Nowitzki,James Singleton,Jason Kidd,Jason Terry,1,3:52,DAL,shot,,,,,,,,,,Dirk Nowitzki,,,,missed,,running layup,25,6
Hakim Warrick,Marc Gasol,Mike Conley,O.J. Mayo,Rudy Gay,DeSagana Diop,Dirk Nowitzki,James Singleton,Jason Kidd,Jason Terry,1,3:51,DAL,shot,,,Rudy Gay,,,,,,,James Singleton,,,,missed,,putback layup,25,6
Hakim Warrick,Marc Gasol,Mike Conley,O.J. Mayo,Rudy Gay,DeSagana Diop,Dirk Nowitzki,James Singleton,Jason Kidd,Jason Terry,1,3:51,DAL,rebound,,,,,,,,,,James Singleton,,,,,,off,,
Hakim Warrick,Marc Gasol,Mike Conley,O.J. Mayo,Rudy Gay,DeSagana Diop,Dirk Nowitzki,James Singleton,Jason Kidd,Jason Terry,1,3:49,MEM,rebound,,,,,,,,,,Marc Gasol,,,,,,def,,
Hakim Warrick,Marc Gasol,Mike Conley,O.J. Mayo,Rudy Gay,DeSagana Diop,Dirk Nowitzki,James Singleton,Jason Kidd,Jason Terry,1,3:44,MEM,shot,,,,,,,,,,O.J. Mayo,,,,missed,,3pt,35,30
Hakim Warrick,Marc Gasol,Mike Conley,O.J. Mayo,Rudy Gay,DeSagana Diop,Dirk Nowitzki,James Singleton,Jason Kidd,Jason Terry,1,3:43,DAL,rebound,,,,,,,,,,Jason Kidd,,,,,,def,,
Hakim Warrick,Marc Gasol,Mike Conley,O.J. Mayo,Rudy Gay,DeSagana Diop,Dirk Nowitzki,James Singleton,Jason Kidd,Jason Terry,1,3:34,DAL,shot,Jason Kidd,,,,,,,,,Jason Terry,3,,,made,,3pt,6,23
Hakim Warrick,Marc Gasol,Mike Conley,O.J. Mayo,Rudy Gay,DeSagana Diop,Dirk Nowitzki,James Singleton,Jason Kidd,Jason Terry,1,3:16,MEM,shot,,,,,,,,,,Mike Conley,,,,missed,,layup,25,6
Hakim Warrick,Marc Gasol,Mike Conley,O.J. Mayo,Rudy Gay,DeSagana Diop,Dirk Nowitzki,James Singleton,Jason Kidd,Jason Terry,1,3:14,DAL,rebound,,,,,,,,,,Dirk Nowitzki,,,,,,def,,
Hakim Warrick,Marc Gasol,Mike Conley,O.J. Mayo,Rudy Gay,DeSagana Diop,Dirk Nowitzki,James Singleton,Jason Kidd,Jason Terry,1,3:11,DAL,shot,Dirk Nowitzki,,,,,,,,,Jason Terry,2,,,made,,layup,25,6
Hakim Warrick,Marc Gasol,Mike Conley,O.J. Mayo,Rudy Gay,DeSagana Diop,Dirk Nowitzki,James Singleton,Jason Kidd,Jason Terry,1,3:11,MEM,foul,,,,,,,,Jason Terry,,Rudy Gay,,,,,,shooting,,
Hakim Warrick,Marc Gasol,Mike Conley,O.J. Mayo,Rudy Gay,DeSagana Diop,Dirk Nowitzki,James Singleton,Jason Terry,Jose Juan Barea,1,3:11,DAL,sub,,,,Jose Juan Barea,,Jason Kidd,,,,,,,,,,,,
Hakim Warrick,Marc Gasol,Mike Conley,O.J. Mayo,Rudy Gay,DeSagana Diop,Dirk Nowitzki,Jason Terry,Jose Juan Barea,Shawne Williams,1,3:11,DAL,sub,,,,Shawne Williams,,James Singleton,,,,,,,,,,,,
Hakim Warrick,Marc Gasol,Mike Conley,Quinton Ross,Rudy Gay,DeSagana Diop,Dirk Nowitzki,Jason Terry,Jose Juan Barea,Shawne Williams,1,3:11,MEM,sub,,,,Quinton Ross,,O.J. Mayo,,,,,,,,,,,,
Hakim Warrick,Marc Gasol,Mike Conley,Quinton Ross,Rudy Gay,DeSagana Diop,Dirk Nowitzki,Jason Terry,Jose Juan Barea,Shawne Williams,1,3:11,DAL,free throw,,,,,,,1,,1,Jason Terry,,,foul,made,,,,
Hakim Warrick,Marc Gasol,Mike Conley,Quinton Ross,Rudy Gay,DeSagana Diop,Dirk Nowitzki,Jason Terry,Jose Juan Barea,Shawne Williams,1,2:52,MEM,shot,,,Shawne Williams,,,,,,,Rudy Gay,,,,missed,,running layup,25,6
Hakim Warrick,Marc Gasol,Mike Conley,Quinton Ross,Rudy Gay,DeSagana Diop,Dirk Nowitzki,Jason Terry,Jose Juan Barea,Shawne Williams,1,2:52,MEM,rebound,,,,,,,,,,,,,,,,,,
Hakim Warrick,Marc Gasol,Mike Conley,Quinton Ross,Rudy Gay,DeSagana Diop,Dirk Nowitzki,Jason Terry,Jose Juan Barea,Shawne Williams,1,2:52,MEM,timeout,,,,,,,,,,,,,,,,regular,,
Darko Milicic,Hakim Warrick,Mike Conley,Quinton Ross,Rudy Gay,DeSagana Diop,Dirk Nowitzki,Jason Terry,Jose Juan Barea,Shawne Williams,1,2:52,MEM,sub,,,,Darko Milicic,,Marc Gasol,,,,,,,,,,,,
Darko Milicic,Hakim Warrick,Mike Conley,Quinton Ross,Rudy Gay,DeSagana Diop,Dirk Nowitzki,Jason Terry,Jose Juan Barea,Shawne Williams,1,2:50,MEM,shot,Quinton Ross,,,,,,,,,Rudy Gay,2,,,made,,slam dunk,25,6
Darko Milicic,Hakim Warrick,Mike Conley,Quinton Ross,Rudy Gay,DeSagana Diop,Dirk Nowitzki,Jason Terry,Jose Juan Barea,Shawne Williams,1,2:25,DAL,shot,,,,,,,,,,Jason Terry,3,,,made,,3pt,22,32
Darko Milicic,Hakim Warrick,Mike Conley,Quinton Ross,Rudy Gay,DeSagana Diop,Dirk Nowitzki,Jason Terry,Jose Juan Barea,Shawne Williams,1,2:00,MEM,shot,,,,,,,,,,Mike Conley,2,,,made,,floating jump,23,13
Darko Milicic,Hakim Warrick,Mike Conley,Quinton Ross,Rudy Gay,DeSagana Diop,Dirk Nowitzki,Jason Terry,Jose Juan Barea,Shawne Williams,1,1:38,DAL,shot,,,,,,,,,,Jose Juan Barea,,,,missed,,3pt,40,27
Darko Milicic,Hakim Warrick,Mike Conley,Quinton Ross,Rudy Gay,DeSagana Diop,Dirk Nowitzki,Jason Terry,Jose Juan Barea,Shawne Williams,1,1:36,DAL,rebound,,,,,,,,,,Jason Terry,,,,,,off,,
Darko Milicic,Hakim Warrick,Mike Conley,Quinton Ross,Rudy Gay,DeSagana Diop,Dirk Nowitzki,Jason Terry,Jose Juan Barea,Shawne Williams,1,1:28,DAL,shot,Jason Terry,,,,,,,,,Dirk Nowitzki,2,,,made,,jump,37,9
Darko Milicic,Hakim Warrick,Mike Conley,Quinton Ross,Rudy Gay,DeSagana Diop,Dirk Nowitzki,Jason Terry,Jose Juan Barea,Shawne Williams,1,1:02,MEM,shot,,,,,,,,,,Rudy Gay,2,,,made,,jump,9,8
Darko Milicic,Hakim Warrick,Mike Conley,Quinton Ross,Rudy Gay,DeSagana Diop,Dirk Nowitzki,Jason Terry,Jose Juan Barea,Shawne Williams,1,0:43,DAL,shot,,,,,,,,,,Jason Terry,,,,missed,,3pt,25,31
Darko Milicic,Hakim Warrick,Mike Conley,Quinton Ross,Rudy Gay,DeSagana Diop,Dirk Nowitzki,Jason Terry,Jose Juan Barea,Shawne Williams,1,0:42,MEM,rebound,,,,,,,,,,Rudy Gay,,,,,,def,,
Darko Milicic,Hakim Warrick,Mike Conley,Quinton Ross,Rudy Gay,DeSagana Diop,Dirk Nowitzki,Jason Terry,Jose Juan Barea,Shawne Williams,1,0:37,MEM,shot,Rudy Gay,,,,,,,,,Quinton Ross,2,,,made,,driving layup,25,6
Darko Milicic,Hakim Warrick,Mike Conley,Quinton Ross,Rudy Gay,DeSagana Diop,Dirk Nowitzki,Jason Terry,Jose Juan Barea,Shawne Williams,1,0:22,DAL,shot,Jason Terry,,,,,,,,,Jose Juan Barea,3,,,made,,3pt,13,32
Darko Milicic,Hakim Warrick,Mike Conley,Quinton Ross,Rudy Gay,DeSagana Diop,Dirk Nowitzki,Jason Terry,Jose Juan Barea,Shawne Williams,1,0:03,MEM,shot,,,,,,,,,,Hakim Warrick,,,,missed,,jump,18,24
Darko Milicic,Hakim Warrick,Mike Conley,Quinton Ross,Rudy Gay,DeSagana Diop,Dirk Nowitzki,Jason Terry,Jose Juan Barea,Shawne Williams,1,0:01,DAL,rebound,,,,,,,,,,Shawne Williams,,,,,,def,,
Darko Milicic,Hakim Warrick,Kyle Lowry,O.J. Mayo,Quinton Ross,Brandon Bass,DeSagana Diop,Jason Terry,Jose Juan Barea,Shawne Williams,2,11:38,MEM,shot,,,,,,,,,,Darko Milicic,2,,,made,,turnaround fade away,29,14
Darko Milicic,Hakim Warrick,Kyle Lowry,O.J. Mayo,Quinton Ross,Brandon Bass,DeSagana Diop,Jason Terry,Jose Juan Barea,Shawne Williams,2,11:20,DAL,shot,,,,,,,,,,Jason Terry,2,,,made,,jump,34,24
Darko Milicic,Hakim Warrick,Kyle Lowry,O.J. Mayo,Quinton Ross,Brandon Bass,DeSagana Diop,Jason Terry,Jose Juan Barea,Shawne Williams,2,11:03,DAL,foul,,,,,,,,O.J. Mayo,,Jason Terry,,,,,,personal,,
Darko Milicic,Hakim Warrick,Kyle Lowry,O.J. Mayo,Quinton Ross,Brandon Bass,DeSagana Diop,Jason Terry,Jose Juan Barea,Shawne Williams,2,11:00,MEM,shot,,,Jason Terry,,,,,,,O.J. Mayo,,,,missed,,jump,28,22
Darko Milicic,Hakim Warrick,Kyle Lowry,O.J. Mayo,Quinton Ross,Brandon Bass,DeSagana Diop,Jason Terry,Jose Juan Barea,Shawne Williams,2,10:58,DAL,rebound,,,,,,,,,,Jason Terry,,,,,,def,,
Darko Milicic,Hakim Warrick,Kyle Lowry,O.J. Mayo,Quinton Ross,Brandon Bass,DeSagana Diop,Jason Terry,Jose Juan Barea,Shawne Williams,2,10:49,DAL,shot,,,,,,,,,,Shawne Williams,,,,missed,,running jump,32,9
Darko Milicic,Hakim Warrick,Kyle Lowry,O.J. Mayo,Quinton Ross,Brandon Bass,DeSagana Diop,Jason Terry,Jose Juan Barea,Shawne Williams,2,10:48,MEM,rebound,,,,,,,,,,Darko Milicic,,,,,,def,,
Darko Milicic,Hakim Warrick,Kyle Lowry,O.J. Mayo,Quinton Ross,Brandon Bass,DeSagana Diop,Jason Terry,Jose Juan Barea,Shawne Williams,2,10:36,MEM,shot,O.J. Mayo,,,,,,,,,Quinton Ross,2,,,made,,running jump,20,13
Darko Milicic,Hakim Warrick,Kyle Lowry,O.J. Mayo,Quinton Ross,Brandon Bass,DeSagana Diop,Jason Terry,Jose Juan Barea,Shawne Williams,2,10:19,DAL,shot,,,,,,,,,,DeSagana Diop,,,,missed,,jump,12,13
Darko Milicic,Hakim Warrick,Kyle Lowry,O.J. Mayo,Quinton Ross,Brandon Bass,DeSagana Diop,Jason Terry,Jose Juan Barea,Shawne Williams,2,10:18,DAL,rebound,,,,,,,,,,Jose Juan Barea,,,,,,off,,
Darko Milicic,Hakim Warrick,Kyle Lowry,O.J. Mayo,Quinton Ross,Brandon Bass,DeSagana Diop,Jason Terry,Jose Juan Barea,Shawne Williams,2,10:18,MEM,foul,,,,,,,,Jose Juan Barea,,Darko Milicic,,,,,,shooting,,
Darko Milicic,Hakim Warrick,Kyle Lowry,O.J. Mayo,Quinton Ross,Brandon Bass,DeSagana Diop,Jason Terry,Jose Juan Barea,Shawne Williams,2,10:18,DAL,free throw,,,,,,,1,,2,Jose Juan Barea,,,foul,made,,,,
Darko Milicic,Hakim Warrick,Kyle Lowry,O.J. Mayo,Quinton Ross,Brandon Bass,Devean George,Jason Terry,Jose Juan Barea,Shawne Williams,2,10:18,DAL,sub,,,,Devean George,,DeSagana Diop,,,,,,,,,,,,
Darko Milicic,Hakim Warrick,Kyle Lowry,O.J. Mayo,Quinton Ross,Brandon Bass,Devean George,Jason Terry,Jose Juan Barea,Shawne Williams,2,10:18,DAL,free throw,,,,,,,2,,2,Jose Juan Barea,,,foul,made,,,,
Darko Milicic,Hakim Warrick,Kyle Lowry,O.J. Mayo,Quinton Ross,Brandon Bass,Devean George,Jason Terry,Jose Juan Barea,Shawne Williams,2,10:09,MEM,turnover,,,,,,,,,,O.J. Mayo,,,traveling,,,,,
Darko Milicic,Hakim Warrick,Kyle Lowry,O.J. Mayo,Quinton Ross,Brandon Bass,Devean George,Jason Terry,Jose Juan Barea,Shawne Williams,2,9:55,DAL,shot,Jason Terry,,,,,,,,,Brandon Bass,2,,,made,,jump,41,9
Darko Milicic,Hakim Warrick,Kyle Lowry,O.J. Mayo,Quinton Ross,Brandon Bass,Devean George,Jason Terry,Jose Juan Barea,Shawne Williams,2,9:46,MEM,shot,Kyle Lowry,,,,,,,,,O.J. Mayo,3,,,made,,3pt,41,27
Darko Milicic,Hakim Warrick,Kyle Lowry,O.J. Mayo,Quinton Ross,Brandon Bass,Devean George,Jason Terry,Jose Juan Barea,Shawne Williams,2,9:31,DAL,shot,Jose Juan Barea,,,,,,,,,Jason Terry,2,,,made,,turnaround jump,39,17
Darko Milicic,Hakim Warrick,Kyle Lowry,O.J. Mayo,Quinton Ross,Brandon Bass,Devean George,Jason Terry,Jose Juan Barea,Shawne Williams,2,9:19,MEM,shot,Darko Milicic,,,,,,,,,Kyle Lowry,2,,,made,,layup,25,6
Darko Milicic,Hakim Warrick,Kyle Lowry,O.J. Mayo,Quinton Ross,Brandon Bass,Devean George,Jason Terry,Jose Juan Barea,Shawne Williams,2,9:01,DAL,shot,,,,,,,,,,Jose Juan Barea,2,,,made,,running finger roll layup,25,6
Darko Milicic,Hakim Warrick,Kyle Lowry,O.J. Mayo,Quinton Ross,Brandon Bass,Devean George,Jason Terry,Jose Juan Barea,Shawne Williams,2,8:50,DAL,foul,,,,,,,,Hakim Warrick,,Shawne Williams,,,,,,personal,,
Darko Milicic,Hakim Warrick,Kyle Lowry,O.J. Mayo,Quinton Ross,Brandon Bass,Devean George,Jason Terry,Jose Juan Barea,Shawne Williams,2,8:50,OFF,timeout,,,,,,,,,,,,,,,,official,,
Darko Milicic,Hakim Warrick,Kyle Lowry,O.J. Mayo,Quinton Ross,Brandon Bass,Devean George,Jason Terry,Jose Juan Barea,Shawne Williams,2,8:43,MEM,turnover,,,,,,,,,,Kyle Lowry,,,bad pass,,Devean George,,,
Darko Milicic,Hakim Warrick,Kyle Lowry,O.J. Mayo,Quinton Ross,Brandon Bass,Devean George,Jason Terry,Jose Juan Barea,Shawne Williams,2,8:37,DAL,foul,,,,,,,,Kyle Lowry,,Devean George,,,,,,offensive,,
Darko Milicic,Hakim Warrick,Kyle Lowry,O.J. Mayo,Quinton Ross,Brandon Bass,Devean George,Jason Terry,Jose Juan Barea,Shawne Williams,2,8:37,DAL,turnover,,,,,,,,,,Devean George,,,foul,,,,,
Darko Milicic,Hakim Warrick,Kyle Lowry,O.J. Mayo,Quinton Ross,Brandon Bass,Devean George,Jason Terry,Jose Juan Barea,Shawne Williams,2,8:23,MEM,turnover,,,,,,,,,,O.J. Mayo,,,bad pass,,Jose Juan Barea,,,
Darko Milicic,Hakim Warrick,Kyle Lowry,O.J. Mayo,Quinton Ross,Brandon Bass,Devean George,Jason Terry,Jose Juan Barea,Shawne Williams,2,8:18,MEM,foul,,,,,,,,Brandon Bass,,Quinton Ross,,,,,,shooting,,
Darko Milicic,Hakim Warrick,Kyle Lowry,O.J. Mayo,Quinton Ross,Brandon Bass,Devean George,Jason Terry,Jose Juan Barea,Shawne Williams,2,8:18,DAL,free throw,,,,,,,1,,2,Brandon Bass,,,foul,missed,,,,
Darko Milicic,Hakim Warrick,Kyle Lowry,O.J. Mayo,Quinton Ross,Brandon Bass,Devean George,Jason Terry,Jose Juan Barea,Shawne Williams,2,8:18,DAL,rebound,,,,,,,,,,,,,,,,,,
Darko Milicic,Hakim Warrick,Kyle Lowry,O.J. Mayo,Quinton Ross,Brandon Bass,Devean George,Jason Terry,Jose Juan Barea,Shawne Williams,2,8:18,DAL,free throw,,,,,,,2,,2,Brandon Bass,,,foul,made,,,,
Darko Milicic,Hakim Warrick,Kyle Lowry,O.J. Mayo,Quinton Ross,Brandon Bass,Devean George,Jason Terry,Jose Juan Barea,Shawne Williams,2,8:05,MEM,shot,,,,,,,,,,Kyle Lowry,,,,missed,,3pt,48,8
Darko Milicic,Hakim Warrick,Kyle Lowry,O.J. Mayo,Quinton Ross,Brandon Bass,Devean George,Jason Terry,Jose Juan Barea,Shawne Williams,2,8:04,DAL,rebound,,,,,,,,,,Jason Terry,,,,,,def,,
Darko Milicic,Hakim Warrick,Kyle Lowry,O.J. Mayo,Quinton Ross,Brandon Bass,Devean George,Jason Terry,Jose Juan Barea,Shawne Williams,2,7:52,MEM,foul,,,,,,,,Brandon Bass,,Kyle Lowry,,,,,,personal,,
Hakim Warrick,Kyle Lowry,Marc Gasol,O.J. Mayo,Quinton Ross,Brandon Bass,Devean George,Jason Terry,Jose Juan Barea,Shawne Williams,2,7:52,MEM,sub,,,,Marc Gasol,,Darko Milicic,,,,,,,,,,,,
Hakim Warrick,Kyle Lowry,Marc Gasol,O.J. Mayo,Rudy Gay,Brandon Bass,Devean George,Jason Terry,Jose Juan Barea,Shawne Williams,2,7:52,MEM,sub,,,,Rudy Gay,,Quinton Ross,,,,,,,,,,,,
Hakim Warrick,Kyle Lowry,Marc Gasol,O.J. Mayo,Rudy Gay,Brandon Bass,Devean George,Jason Terry,Jose Juan Barea,Shawne Williams,2,7:46,DAL,foul,,,,,,,,Kyle Lowry,,Jose Juan Barea,,,,,,offensive,,
Hakim Warrick,Kyle Lowry,Marc Gasol,O.J. Mayo,Rudy Gay,Brandon Bass,Devean George,Jason Terry,Jose Juan Barea,Shawne Williams,2,7:46,DAL,turnover,,,,,,,,,,Jose Juan Barea,,,foul,,,,,
Hakim Warrick,Kyle Lowry,Marc Gasol,O.J. Mayo,Rudy Gay,Brandon Bass,Devean George,Jason Terry,Jose Juan Barea,Shawne Williams,2,7:31,MEM,shot,,,,,,,,,,Marc Gasol,,,,missed,,jump hook,25,16
Hakim Warrick,Kyle Lowry,Marc Gasol,O.J. Mayo,Rudy Gay,Brandon Bass,Devean George,Jason Terry,Jose Juan Barea,Shawne Williams,2,7:30,DAL,rebound,,,,,,,,,,Shawne Williams,,,,,,def,,
Hakim Warrick,Kyle Lowry,Marc Gasol,O.J. Mayo,Rudy Gay,Brandon Bass,Devean George,Jason Terry,Jose Juan Barea,Shawne Williams,2,7:23,DAL,shot,,,,,,,,,,Jason Terry,,,,missed,,3pt,1,8
Hakim Warrick,Kyle Lowry,Marc Gasol,O.J. Mayo,Rudy Gay,Brandon Bass,Devean George,Jason Terry,Jose Juan Barea,Shawne Williams,2,7:20,DAL,rebound,,,,,,,,,,Shawne Williams,,,,,,off,,
Hakim Warrick,Kyle Lowry,Marc Gasol,O.J. Mayo,Rudy Gay,Brandon Bass,Devean George,Jason Terry,Jose Juan Barea,Shawne Williams,2,7:07,DAL,shot,,,,,,,,,,Brandon Bass,,,,missed,,jump,39,11
Hakim Warrick,Kyle Lowry,Marc Gasol,O.J. Mayo,Rudy Gay,Brandon Bass,Devean George,Jason Terry,Jose Juan Barea,Shawne Williams,2,7:06,MEM,rebound,,,,,,,,,,Kyle Lowry,,,,,,def,,
Hakim Warrick,Kyle Lowry,Marc Gasol,O.J. Mayo,Rudy Gay,Brandon Bass,Devean George,Jason Terry,Jose Juan Barea,Shawne Williams,2,6:50,MEM,shot,,,,,,,,,,Rudy Gay,2,,,made,,turnaround jump,20,19
Hakim Warrick,Kyle Lowry,Marc Gasol,O.J. Mayo,Rudy Gay,Brandon Bass,Devean George,Jason Terry,Jose Juan Barea,Shawne Williams,2,6:33,DAL,shot,,,Marc Gasol,,,,,,,Brandon Bass,,,,missed,,running layup,25,6
Hakim Warrick,Kyle Lowry,Marc Gasol,O.J. Mayo,Rudy Gay,Brandon Bass,Devean George,Jason Terry,Jose Juan Barea,Shawne Williams,2,6:31,DAL,rebound,,,,,,,,,,Brandon Bass,,,,,,off,,
Hakim Warrick,Kyle Lowry,Marc Gasol,O.J. Mayo,Rudy Gay,Brandon Bass,Devean George,Jason Terry,Jose Juan Barea,Shawne Williams,2,6:31,MEM,foul,,,,,,,,Brandon Bass,,Marc Gasol,,,,,,shooting,,
Hakim Warrick,Kyle Lowry,Marc Gasol,O.J. Mayo,Rudy Gay,Brandon Bass,Devean George,Jason Terry,Jose Juan Barea,Shawne Williams,2,6:31,DAL,free throw,,,,,,,1,,2,Brandon Bass,,,foul,made,,,,
Hakim Warrick,Kyle Lowry,Marc Gasol,O.J. Mayo,Rudy Gay,Brandon Bass,Devean George,Jason Kidd,Jason Terry,Shawne Williams,2,6:31,DAL,sub,,,,Jason Kidd,,Jose Juan Barea,,,,,,,,,,,,
Hakim Warrick,Kyle Lowry,Marc Gasol,O.J. Mayo,Rudy Gay,Brandon Bass,Devean George,Dirk Nowitzki,Jason Kidd,Jason Terry,2,6:31,DAL,sub,,,,Dirk Nowitzki,,Shawne Williams,,,,,,,,,,,,
Hakim Warrick,Marc Gasol,Mike Conley,O.J. Mayo,Rudy Gay,Brandon Bass,Devean George,Dirk Nowitzki,Jason Kidd,Jason Terry,2,6:31,MEM,sub,,,,Mike Conley,,Kyle Lowry,,,,,,,,,,,,
Hakim Warrick,Marc Gasol,Mike Conley,O.J. Mayo,Rudy Gay,Brandon Bass,Devean George,Dirk Nowitzki,Jason Kidd,Jason Terry,2,6:31,DAL,free throw,,,,,,,2,,2,Brandon Bass,,,foul,made,,,,
Hakim Warrick,Marc Gasol,Mike Conley,O.J. Mayo,Rudy Gay,Brandon Bass,Devean George,Dirk Nowitzki,Jason Kidd,Jason Terry,2,6:20,MEM,shot,,,,,,,,,,Mike Conley,2,,,made,,jump,17,23
Hakim Warrick,Marc Gasol,Mike Conley,O.J. Mayo,Rudy Gay,Brandon Bass,Devean George,Dirk Nowitzki,Jason Kidd,Jason Terry,2,6:06,DAL,turnover,,,,,,,,,,Jason Terry,,,lost ball,,O.J. Mayo,,,
Hakim Warrick,Marc Gasol,Mike Conley,O.J. Mayo,Rudy Gay,Brandon Bass,Devean George,Dirk Nowitzki,Jason Kidd,Jason Terry,2,6:01,MEM,shot,,,,,,,,,,O.J. Mayo,2,,,made,,running layup,25,6
Hakim Warrick,Marc Gasol,Mike Conley,O.J. Mayo,Rudy Gay,Brandon Bass,Devean George,Dirk Nowitzki,Jason Kidd,Jason Terry,2,5:55,DAL,timeout,,,,,,,,,,,,,,,,regular,,
Darrell Arthur,Marc Gasol,Mike Conley,O.J. Mayo,Rudy Gay,Brandon Bass,Devean George,Dirk Nowitzki,Jason Kidd,Jason Terry,2,5:55,MEM,sub,,,,Darrell Arthur,,Hakim Warrick,,,,,,,,,,,,
Darrell Arthur,Marc Gasol,Mike Conley,O.J. Mayo,Rudy Gay,Brandon Bass,Devean George,Dirk Nowitzki,Jason Kidd,Jason Terry,2,5:42,DAL,shot,,,,,,,,,,Dirk Nowitzki,,,,missed,,turnaround jump,15,9
Darrell Arthur,Marc Gasol,Mike Conley,O.J. Mayo,Rudy Gay,Brandon Bass,Devean George,Dirk Nowitzki,Jason Kidd,Jason Terry,2,5:41,MEM,rebound,,,,,,,,,,Darrell Arthur,,,,,,def,,
Darrell Arthur,Marc Gasol,Mike Conley,O.J. Mayo,Rudy Gay,Brandon Bass,Devean George,Dirk Nowitzki,Jason Kidd,Jason Terry,2,5:26,MEM,turnover,,,,,,,,,,Marc Gasol,,,traveling,,,,,
Darrell Arthur,Marc Gasol,Mike Conley,O.J. Mayo,Rudy Gay,Brandon Bass,Devean George,Dirk Nowitzki,Jason Kidd,Jason Terry,2,5:12,DAL,shot,,,,,,,,,,Jason Kidd,,,,missed,,3pt,8,25
Darrell Arthur,Marc Gasol,Mike Conley,O.J. Mayo,Rudy Gay,Brandon Bass,Devean George,Dirk Nowitzki,Jason Kidd,Jason Terry,2,5:11,MEM,rebound,,,,,,,,,,Darrell Arthur,,,,,,def,,
Darrell Arthur,Marc Gasol,Mike Conley,O.J. Mayo,Rudy Gay,Brandon Bass,Devean George,Dirk Nowitzki,Jason Kidd,Jason Terry,2,5:02,MEM,shot,,,,,,,,,,Darrell Arthur,,,,missed,,jump,18,24
Darrell Arthur,Marc Gasol,Mike Conley,O.J. Mayo,Rudy Gay,Brandon Bass,Devean George,Dirk Nowitzki,Jason Kidd,Jason Terry,2,5:01,DAL,rebound,,,,,,,,,,Jason Terry,,,,,,def,,
Darrell Arthur,Marc Gasol,Mike Conley,O.J. Mayo,Rudy Gay,Brandon Bass,Devean George,Dirk Nowitzki,Jason Kidd,Jason Terry,2,4:47,DAL,shot,,,,,,,,,,Dirk Nowitzki,,,,missed,,turnaround fade away,18,17
Darrell Arthur,Marc Gasol,Mike Conley,O.J. Mayo,Rudy Gay,Brandon Bass,Devean George,Dirk Nowitzki,Jason Kidd,Jason Terry,2,4:46,MEM,rebound,,,,,,,,,,Rudy Gay,,,,,,def,,
Darrell Arthur,Marc Gasol,Mike Conley,O.J. Mayo,Rudy Gay,Brandon Bass,Devean George,Dirk Nowitzki,Jason Kidd,Jason Terry,2,4:30,MEM,shot,,,,,,,,,,Marc Gasol,2,,,made,,layup,25,6
Darrell Arthur,Marc Gasol,Mike Conley,O.J. Mayo,Rudy Gay,Brandon Bass,Devean George,Dirk Nowitzki,Jason Kidd,Jason Terry,2,4:13,DAL,shot,,,,,,,,,,Jason Terry,,,,missed,,jump,19,14
Darrell Arthur,Marc Gasol,Mike Conley,O.J. Mayo,Rudy Gay,Brandon Bass,Devean George,Dirk Nowitzki,Jason Kidd,Jason Terry,2,4:11,MEM,rebound,,,,,,,,,,Rudy Gay,,,,,,def,,
Darrell Arthur,Marc Gasol,Mike Conley,O.J. Mayo,Rudy Gay,Brandon Bass,Devean George,Dirk Nowitzki,Jason Kidd,Jason Terry,2,3:54,MEM,shot,,,,,,,,,,Marc Gasol,,,,missed,,turnaround hook,18,7
Darrell Arthur,Marc Gasol,Mike Conley,O.J. Mayo,Rudy Gay,Brandon Bass,Devean George,Dirk Nowitzki,Jason Kidd,Jason Terry,2,3:53,DAL,rebound,,,,,,,,,,Dirk Nowitzki,,,,,,def,,
Darrell Arthur,Marc Gasol,Mike Conley,O.J. Mayo,Rudy Gay,Brandon Bass,Devean George,Dirk Nowitzki,Jason Kidd,Jason Terry,2,3:39,MEM,foul,,,,,,,,Jason Terry,,Marc Gasol,,,,,,shooting,,
Darrell Arthur,Marc Gasol,Mike Conley,O.J. Mayo,Rudy Gay,Brandon Bass,Devean George,Dirk Nowitzki,Jason Kidd,Jason Terry,2,3:39,DAL,free throw,,,,,,,1,,2,Jason Terry,,,foul,made,,,,
Darrell Arthur,Marc Gasol,Mike Conley,O.J. Mayo,Rudy Gay,Brandon Bass,Devean George,Dirk Nowitzki,Jason Kidd,Jason Terry,2,3:39,DAL,free throw,,,,,,,2,,2,Jason Terry,,,foul,made,,,,
Darrell Arthur,Marc Gasol,Mike Conley,O.J. Mayo,Rudy Gay,Brandon Bass,Devean George,Dirk Nowitzki,Jason Kidd,Jason Terry,2,3:25,MEM,turnover,,,,,,,,,,Rudy Gay,,,lost ball,,Jason Kidd,,,
Darrell Arthur,Marc Gasol,Mike Conley,O.J. Mayo,Rudy Gay,Brandon Bass,Devean George,Dirk Nowitzki,Jason Kidd,Jason Terry,2,3:18,DAL,shot,,,,,,,,,,Dirk Nowitzki,,,,missed,,jump,37,19
Darrell Arthur,Marc Gasol,Mike Conley,O.J. Mayo,Rudy Gay,Brandon Bass,Devean George,Dirk Nowitzki,Jason Kidd,Jason Terry,2,3:17,MEM,rebound,,,,,,,,,,Mike Conley,,,,,,def,,
Darrell Arthur,Marc Gasol,Mike Conley,O.J. Mayo,Rudy Gay,Brandon Bass,Devean George,Dirk Nowitzki,Jason Kidd,Jason Terry,2,2:56,DAL,foul,,,,,,,,Marc Gasol,,Dirk Nowitzki,,,,,,shooting,,
Darrell Arthur,Marc Gasol,Mike Conley,O.J. Mayo,Rudy Gay,Brandon Bass,Devean George,Dirk Nowitzki,Jason Kidd,Jason Terry,2,2:56,MEM,timeout,,,,,,,,,,,,,,,,regular,,
Darrell Arthur,Marc Gasol,Mike Conley,O.J. Mayo,Rudy Gay,Devean George,Dirk Nowitzki,James Singleton,Jason Kidd,Jason Terry,2,2:56,DAL,sub,,,,James Singleton,,Brandon Bass,,,,,,,,,,,,
Darrell Arthur,Marc Gasol,Mike Conley,O.J. Mayo,Rudy Gay,Dirk Nowitzki,Erick Dampier,James Singleton,Jason Kidd,Jason Terry,2,2:56,DAL,sub,,,,Erick Dampier,,Devean George,,,,,,,,,,,,
Darrell Arthur,Marc Gasol,Mike Conley,O.J. Mayo,Rudy Gay,Dirk Nowitzki,Erick Dampier,James Singleton,Jason Kidd,Jason Terry,2,2:56,MEM,free throw,,,,,,,1,,2,Marc Gasol,,,foul,made,,,,
Darrell Arthur,Marc Gasol,Mike Conley,O.J. Mayo,Rudy Gay,Dirk Nowitzki,Erick Dampier,James Singleton,Jason Kidd,Jason Terry,2,2:56,MEM,free throw,,,,,,,2,,2,Marc Gasol,,,foul,made,,,,
Darrell Arthur,Marc Gasol,Mike Conley,O.J. Mayo,Rudy Gay,Dirk Nowitzki,Erick Dampier,James Singleton,Jason Kidd,Jason Terry,2,2:42,DAL,shot,,,,,,,,,,Jason Terry,,,,missed,,turnaround jump,37,17
Darrell Arthur,Marc Gasol,Mike Conley,O.J. Mayo,Rudy Gay,Dirk Nowitzki,Erick Dampier,James Singleton,Jason Kidd,Jason Terry,2,2:40,MEM,rebound,,,,,,,,,,Marc Gasol,,,,,,def,,
Darko Milicic,Darrell Arthur,Mike Conley,O.J. Mayo,Rudy Gay,Dirk Nowitzki,Erick Dampier,James Singleton,Jason Kidd,Jason Terry,2,2:35,MEM,sub,,,,Darko Milicic,,Marc Gasol,,,,,,,,,,,,
Darko Milicic,Darrell Arthur,Mike Conley,O.J. Mayo,Rudy Gay,Dirk Nowitzki,Erick Dampier,James Singleton,Jason Kidd,Jason Terry,2,2:23,MEM,shot,,,,,,,,,,Rudy Gay,,,,missed,,jump,35,26
Darko Milicic,Darrell Arthur,Mike Conley,O.J. Mayo,Rudy Gay,Dirk Nowitzki,Erick Dampier,James Singleton,Jason Kidd,Jason Terry,2,2:22,DAL,rebound,,,,,,,,,,Jason Terry,,,,,,def,,
Darko Milicic,Darrell Arthur,Mike Conley,O.J. Mayo,Rudy Gay,Dirk Nowitzki,Erick Dampier,James Singleton,Jason Kidd,Jason Terry,2,2:01,DAL,shot,,,,,,,,,,Dirk Nowitzki,2,,,made,,turnaround fade away,17,16
Darko Milicic,Darrell Arthur,Mike Conley,O.J. Mayo,Rudy Gay,Dirk Nowitzki,Erick Dampier,James Singleton,Jason Kidd,Jason Terry,2,1:34,MEM,shot,,,,,,,,,,O.J. Mayo,,,,missed,,jump,41,15
Darko Milicic,Darrell Arthur,Mike Conley,O.J. Mayo,Rudy Gay,Dirk Nowitzki,Erick Dampier,James Singleton,Jason Kidd,Jason Terry,2,1:32,DAL,rebound,,,,,,,,,,Dirk Nowitzki,,,,,,def,,
Darko Milicic,Darrell Arthur,Mike Conley,O.J. Mayo,Rudy Gay,Dirk Nowitzki,Erick Dampier,James Singleton,Jason Kidd,Jason Terry,2,1:14,DAL,shot,Erick Dampier,,,,,,,,,Jason Kidd,3,,,made,,3pt,46,18
Darko Milicic,Hakim Warrick,Mike Conley,O.J. Mayo,Rudy Gay,Dirk Nowitzki,Erick Dampier,James Singleton,Jason Kidd,Jason Terry,2,1:03,MEM,sub,,,,Hakim Warrick,,Darrell Arthur,,,,,,,,,,,,
Darko Milicic,Hakim Warrick,Mike Conley,O.J. Mayo,Rudy Gay,Dirk Nowitzki,Erick Dampier,James Singleton,Jason Kidd,Jason Terry,2,0:47,MEM,shot,,,,,,,,,,Rudy Gay,,,,missed,,step back jump,8,14
Darko Milicic,Hakim Warrick,Mike Conley,O.J. Mayo,Rudy Gay,Dirk Nowitzki,Erick Dampier,James Singleton,Jason Kidd,Jason Terry,2,0:46,DAL,rebound,,,,,,,,,,Dirk Nowitzki,,,,,,def,,
Darko Milicic,Hakim Warrick,Mike Conley,O.J. Mayo,Rudy Gay,Dirk Nowitzki,Erick Dampier,James Singleton,Jason Kidd,Jason Terry,2,0:41,MEM,foul,,,,,,,,James Singleton,,Rudy Gay,,,,,,shooting,,
Darko Milicic,Hakim Warrick,Mike Conley,O.J. Mayo,Rudy Gay,Dirk Nowitzki,Erick Dampier,James Singleton,Jason Kidd,Jason Terry,2,0:41,DAL,free throw,,,,,,,1,,2,James Singleton,,,foul,made,,,,
Darko Milicic,Hakim Warrick,Mike Conley,O.J. Mayo,Rudy Gay,DeSagana Diop,Dirk Nowitzki,James Singleton,Jason Kidd,Jason Terry,2,0:41,DAL,sub,,,,DeSagana Diop,,Erick Dampier,,,,,,,,,,,,
Darko Milicic,Hakim Warrick,Mike Conley,O.J. Mayo,Quinton Ross,DeSagana Diop,Dirk Nowitzki,James Singleton,Jason Kidd,Jason Terry,2,0:41,MEM,sub,,,,Quinton Ross,,Rudy Gay,,,,,,,,,,,,
Darko Milicic,Hakim Warrick,Mike Conley,O.J. Mayo,Quinton Ross,DeSagana Diop,Dirk Nowitzki,James Singleton,Jason Kidd,Jason Terry,2,0:41,DAL,free throw,,,,,,,2,,2,James Singleton,,,foul,made,,,,
Darko Milicic,Hakim Warrick,Mike Conley,O.J. Mayo,Quinton Ross,DeSagana Diop,Dirk Nowitzki,James Singleton,Jason Kidd,Jason Terry,2,0:20,MEM,shot,,,,,,,,,,O.J. Mayo,,,,missed,,jump,40,22
Darko Milicic,Hakim Warrick,Mike Conley,O.J. Mayo,Quinton Ross,DeSagana Diop,Dirk Nowitzki,James Singleton,Jason Kidd,Jason Terry,2,0:18,MEM,rebound,,,,,,,,,,Hakim Warrick,,,,,,off,,
Darko Milicic,Hakim Warrick,Mike Conley,O.J. Mayo,Quinton Ross,DeSagana Diop,Dirk Nowitzki,James Singleton,Jason Kidd,Jason Terry,2,0:11,MEM,timeout,,,,,,,,,,,,,,,,short,,
Darko Milicic,Hakim Warrick,Mike Conley,O.J. Mayo,Quinton Ross,DeSagana Diop,Devean George,Dirk Nowitzki,James Singleton,Jason Kidd,2,0:11,DAL,sub,,,,Devean George,,Jason Terry,,,,,,,,,,,,
Darko Milicic,Hakim Warrick,Mike Conley,O.J. Mayo,Quinton Ross,Devean George,Dirk Nowitzki,James Singleton,Jason Kidd,Shawne Williams,2,0:11,DAL,sub,,,,Shawne Williams,,DeSagana Diop,,,,,,,,,,,,
Darko Milicic,Hakim Warrick,Mike Conley,O.J. Mayo,Quinton Ross,Devean George,Dirk Nowitzki,James Singleton,Jason Kidd,Shawne Williams,2,0:09,MEM,turnover,,,,,,,,,,Mike Conley,,,bad pass,,Jason Kidd,,,
Darko Milicic,Hakim Warrick,Mike Conley,O.J. Mayo,Quinton Ross,Devean George,Dirk Nowitzki,James Singleton,Jason Kidd,Shawne Williams,2,0:06,DAL,shot,,,,,,,,,,Jason Kidd,,,,missed,,driving layup,25,6
Darko Milicic,Hakim Warrick,Mike Conley,O.J. Mayo,Quinton Ross,Devean George,Dirk Nowitzki,James Singleton,Jason Kidd,Shawne Williams,2,0:05,DAL,rebound,,,,,,,,,,Jason Kidd,,,,,,off,,
Darko Milicic,Hakim Warrick,Mike Conley,O.J. Mayo,Quinton Ross,Devean George,Dirk Nowitzki,James Singleton,Jason Kidd,Shawne Williams,2,0:01,DAL,shot,,,,,,,,,,Jason Kidd,,,,missed,,reverse layup,25,6
Darko Milicic,Hakim Warrick,Mike Conley,O.J. Mayo,Quinton Ross,Devean George,Dirk Nowitzki,James Singleton,Jason Kidd,Shawne Williams,2,0:00,MEM,rebound,,,,,,,,,,Hakim Warrick,,,,,,def,,
Darrell Arthur,Marc Gasol,Mike Conley,O.J. Mayo,Rudy Gay,Dirk Nowitzki,Erick Dampier,James Singleton,Jason Kidd,Jason Terry,3,11:46,MEM,shot,,,,,,,,,,Mike Conley,,,,missed,,jump,32,24
Darrell Arthur,Marc Gasol,Mike Conley,O.J. Mayo,Rudy Gay,Dirk Nowitzki,Erick Dampier,James Singleton,Jason Kidd,Jason Terry,3,11:44,DAL,rebound,,,,,,,,,,Jason Kidd,,,,,,def,,
Darrell Arthur,Marc Gasol,Mike Conley,O.J. Mayo,Rudy Gay,Dirk Nowitzki,Erick Dampier,James Singleton,Jason Kidd,Jason Terry,3,11:32,DAL,shot,Jason Kidd,,,,,,,,,Dirk Nowitzki,2,,,made,,layup,25,6
Darrell Arthur,Marc Gasol,Mike Conley,O.J. Mayo,Rudy Gay,Dirk Nowitzki,Erick Dampier,James Singleton,Jason Kidd,Jason Terry,3,11:18,MEM,shot,,,,,,,,,,Rudy Gay,2,,,made,,pullup jump,22,22
Darrell Arthur,Marc Gasol,Mike Conley,O.J. Mayo,Rudy Gay,Dirk Nowitzki,Erick Dampier,James Singleton,Jason Kidd,Jason Terry,3,11:01,DAL,shot,,,,,,,,,,Dirk Nowitzki,,,,missed,,jump hook,26,13
Darrell Arthur,Marc Gasol,Mike Conley,O.J. Mayo,Rudy Gay,Dirk Nowitzki,Erick Dampier,James Singleton,Jason Kidd,Jason Terry,3,10:59,MEM,rebound,,,,,,,,,,Marc Gasol,,,,,,def,,
Darrell Arthur,Marc Gasol,Mike Conley,O.J. Mayo,Rudy Gay,Dirk Nowitzki,Erick Dampier,James Singleton,Jason Kidd,Jason Terry,3,10:49,MEM,shot,,,,,,,,,,Rudy Gay,,,,missed,,3pt,29,31
Darrell Arthur,Marc Gasol,Mike Conley,O.J. Mayo,Rudy Gay,Dirk Nowitzki,Erick Dampier,James Singleton,Jason Kidd,Jason Terry,3,10:48,DAL,rebound,,,,,,,,,,Dirk Nowitzki,,,,,,def,,
Darrell Arthur,Marc Gasol,Mike Conley,O.J. Mayo,Rudy Gay,Dirk Nowitzki,Erick Dampier,James Singleton,Jason Kidd,Jason Terry,3,10:43,DAL,shot,,,,,,,,,,Jason Terry,,,,missed,,jump,38,20
Darrell Arthur,Marc Gasol,Mike Conley,O.J. Mayo,Rudy Gay,Dirk Nowitzki,Erick Dampier,James Singleton,Jason Kidd,Jason Terry,3,10:42,MEM,rebound,,,,,,,,,,Rudy Gay,,,,,,def,,
Darrell Arthur,Marc Gasol,Mike Conley,O.J. Mayo,Rudy Gay,Dirk Nowitzki,Erick Dampier,James Singleton,Jason Kidd,Jason Terry,3,10:22,DAL,foul,,,,,,,,Mike Conley,,Jason Kidd,,,,,,shooting,,
Darrell Arthur,Marc Gasol,Mike Conley,O.J. Mayo,Rudy Gay,Dirk Nowitzki,Erick Dampier,James Singleton,Jason Kidd,Jason Terry,3,10:22,MEM,free throw,,,,,,,1,,2,Mike Conley,,,foul,missed,,,,
Darrell Arthur,Marc Gasol,Mike Conley,O.J. Mayo,Rudy Gay,Dirk Nowitzki,Erick Dampier,James Singleton,Jason Kidd,Jason Terry,3,10:22,MEM,rebound,,,,,,,,,,,,,,,,,,
Darrell Arthur,Marc Gasol,Mike Conley,O.J. Mayo,Rudy Gay,Dirk Nowitzki,Erick Dampier,James Singleton,Jason Kidd,Jason Terry,3,10:22,MEM,free throw,,,,,,,2,,2,Mike Conley,,,foul,made,,,,
Darrell Arthur,Marc Gasol,Mike Conley,O.J. Mayo,Rudy Gay,Dirk Nowitzki,Erick Dampier,James Singleton,Jason Kidd,Jason Terry,3,10:06,DAL,turnover,,,,,,,,,,Erick Dampier,,,3 second violation,,,,,
Darrell Arthur,Marc Gasol,Mike Conley,O.J. Mayo,Rudy Gay,Dirk Nowitzki,Erick Dampier,James Singleton,Jason Kidd,Jason Terry,3,9:51,MEM,shot,,,,,,,,,,Rudy Gay,,,,missed,,step back jump,27,27
Darrell Arthur,Marc Gasol,Mike Conley,O.J. Mayo,Rudy Gay,Dirk Nowitzki,Erick Dampier,James Singleton,Jason Kidd,Jason Terry,3,9:50,DAL,rebound,,,,,,,,,,Jason Terry,,,,,,def,,
Darrell Arthur,Marc Gasol,Mike Conley,O.J. Mayo,Rudy Gay,Dirk Nowitzki,Erick Dampier,James Singleton,Jason Kidd,Jason Terry,3,9:43,DAL,shot,,,,,,,,,,James Singleton,,,,missed,,3pt,39,26
Darrell Arthur,Marc Gasol,Mike Conley,O.J. Mayo,Rudy Gay,Dirk Nowitzki,Erick Dampier,James Singleton,Jason Kidd,Jason Terry,3,9:42,MEM,rebound,,,,,,,,,,O.J. Mayo,,,,,,def,,
Darrell Arthur,Marc Gasol,Mike Conley,O.J. Mayo,Rudy Gay,Dirk Nowitzki,Erick Dampier,James Singleton,Jason Kidd,Jason Terry,3,9:30,MEM,shot,,,,,,,,,,Marc Gasol,,,,missed,,turnaround hook,32,15
Darrell Arthur,Marc Gasol,Mike Conley,O.J. Mayo,Rudy Gay,Dirk Nowitzki,Erick Dampier,James Singleton,Jason Kidd,Jason Terry,3,9:28,DAL,rebound,,,,,,,,,,Dirk Nowitzki,,,,,,def,,
Darrell Arthur,Marc Gasol,Mike Conley,O.J. Mayo,Rudy Gay,Dirk Nowitzki,Erick Dampier,James Singleton,Jason Kidd,Jason Terry,3,9:15,DAL,shot,Jason Kidd,,,,,,,,,Dirk Nowitzki,2,,,made,,jump,14,18
Darrell Arthur,Marc Gasol,Mike Conley,O.J. Mayo,Rudy Gay,Dirk Nowitzki,Erick Dampier,James Singleton,Jason Kidd,Jason Terry,3,9:05,MEM,shot,,,,,,,,,,O.J. Mayo,,,,missed,,jump,23,18
Darrell Arthur,Marc Gasol,Mike Conley,O.J. Mayo,Rudy Gay,Dirk Nowitzki,Erick Dampier,James Singleton,Jason Kidd,Jason Terry,3,9:04,DAL,rebound,,,,,,,,,,Jason Kidd,,,,,,def,,
Darrell Arthur,Marc Gasol,Mike Conley,O.J. Mayo,Rudy Gay,Dirk Nowitzki,Erick Dampier,James Singleton,Jason Kidd,Jason Terry,3,8:54,DAL,shot,,,,,,,,,,Dirk Nowitzki,,,,missed,,turnaround jump,25,22
Darrell Arthur,Marc Gasol,Mike Conley,O.J. Mayo,Rudy Gay,Dirk Nowitzki,Erick Dampier,James Singleton,Jason Kidd,Jason Terry,3,8:53,MEM,rebound,,,,,,,,,,Darrell Arthur,,,,,,def,,
Darrell Arthur,Marc Gasol,Mike Conley,O.J. Mayo,Rudy Gay,Dirk Nowitzki,Erick Dampier,James Singleton,Jason Kidd,Jason Terry,3,8:45,MEM,shot,,,Dirk Nowitzki,,,,,,,O.J. Mayo,,,,missed,,running reverse layup,25,6
Darrell Arthur,Marc Gasol,Mike Conley,O.J. Mayo,Rudy Gay,Dirk Nowitzki,Erick Dampier,James Singleton,Jason Kidd,Jason Terry,3,8:43,DAL,rebound,,,,,,,,,,Jason Kidd,,,,,,def,,
Darrell Arthur,Marc Gasol,Mike Conley,O.J. Mayo,Rudy Gay,Dirk Nowitzki,Erick Dampier,James Singleton,Jason Kidd,Jason Terry,3,8:36,DAL,shot,Jason Terry,,,,,,,,,Dirk Nowitzki,2,,,made,,jump,41,15
Darrell Arthur,Marc Gasol,Mike Conley,O.J. Mayo,Rudy Gay,Dirk Nowitzki,Erick Dampier,James Singleton,Jason Kidd,Jason Terry,3,8:19,MEM,turnover,,,,,,,,,,Mike Conley,,,out of bounds lost ball turnover,,,,,
Darrell Arthur,Marc Gasol,Mike Conley,O.J. Mayo,Rudy Gay,Dirk Nowitzki,Erick Dampier,James Singleton,Jason Kidd,Jason Terry,3,8:05,DAL,shot,Dirk Nowitzki,,,,,,,,,Jason Kidd,2,,,made,,driving layup,25,6
Darrell Arthur,Marc Gasol,Mike Conley,O.J. Mayo,Rudy Gay,Dirk Nowitzki,Erick Dampier,James Singleton,Jason Kidd,Jason Terry,3,7:58,MEM,timeout,,,,,,,,,,,,,,,,regular,,
Darrell Arthur,Marc Gasol,Mike Conley,O.J. Mayo,Rudy Gay,Dirk Nowitzki,Erick Dampier,James Singleton,Jason Kidd,Jason Terry,3,7:48,DAL,foul,,,,,,,,Rudy Gay,,James Singleton,,,,,,shooting,,
Darrell Arthur,Marc Gasol,Mike Conley,O.J. Mayo,Rudy Gay,Dirk Nowitzki,Erick Dampier,James Singleton,Jason Kidd,Jason Terry,3,7:48,MEM,free throw,,,,,,,1,,2,Rudy Gay,,,foul,made,,,,
Darrell Arthur,Marc Gasol,Mike Conley,O.J. Mayo,Rudy Gay,Dirk Nowitzki,Erick Dampier,James Singleton,Jason Kidd,Jason Terry,3,7:48,MEM,free throw,,,,,,,2,,2,Rudy Gay,,,foul,made,,,,
Darrell Arthur,Marc Gasol,Mike Conley,O.J. Mayo,Rudy Gay,Dirk Nowitzki,Erick Dampier,James Singleton,Jason Kidd,Jason Terry,3,7:36,DAL,turnover,,,,,,,,,,Dirk Nowitzki,,,bad pass,,Rudy Gay,,,
Darrell Arthur,Marc Gasol,Mike Conley,O.J. Mayo,Rudy Gay,Dirk Nowitzki,Erick Dampier,James Singleton,Jason Kidd,Jason Terry,3,7:31,MEM,shot,,,James Singleton,,,,,,,Rudy Gay,,,,missed,,layup,25,6
Darrell Arthur,Marc Gasol,Mike Conley,O.J. Mayo,Rudy Gay,Dirk Nowitzki,Erick Dampier,James Singleton,Jason Kidd,Jason Terry,3,7:29,MEM,rebound,,,,,,,,,,O.J. Mayo,,,,,,off,,
Darrell Arthur,Marc Gasol,Mike Conley,O.J. Mayo,Rudy Gay,Dirk Nowitzki,Erick Dampier,James Singleton,Jason Kidd,Jason Terry,3,7:28,MEM,shot,,,,,,,,,,O.J. Mayo,,,,missed,,tip,25,6
Darrell Arthur,Marc Gasol,Mike Conley,O.J. Mayo,Rudy Gay,Dirk Nowitzki,Erick Dampier,James Singleton,Jason Kidd,Jason Terry,3,7:26,MEM,shot,,,,,,,,,,Darrell Arthur,,,,missed,,putback layup,25,6
Darrell Arthur,Marc Gasol,Mike Conley,O.J. Mayo,Rudy Gay,Dirk Nowitzki,Erick Dampier,James Singleton,Jason Kidd,Jason Terry,3,7:26,MEM,rebound,,,,,,,,,,Darrell Arthur,,,,,,off,,
Darrell Arthur,Marc Gasol,Mike Conley,O.J. Mayo,Rudy Gay,Dirk Nowitzki,Erick Dampier,James Singleton,Jason Kidd,Jason Terry,3,7:26,DAL,rebound,,,,,,,,,,Jason Kidd,,,,,,def,,
Darrell Arthur,Marc Gasol,Mike Conley,O.J. Mayo,Rudy Gay,Dirk Nowitzki,Erick Dampier,James Singleton,Jason Kidd,Jason Terry,3,7:14,DAL,turnover,,,,,,,,,,Jason Kidd,,,bad pass,,,,,
Darrell Arthur,Marc Gasol,Mike Conley,O.J. Mayo,Rudy Gay,Dirk Nowitzki,Erick Dampier,James Singleton,Jason Kidd,Jason Terry,3,7:01,MEM,shot,,,,,,,,,,Rudy Gay,,,,missed,,jump,15,8
Darrell Arthur,Marc Gasol,Mike Conley,O.J. Mayo,Rudy Gay,Dirk Nowitzki,Erick Dampier,James Singleton,Jason Kidd,Jason Terry,3,7:00,DAL,rebound,,,,,,,,,,Jason Kidd,,,,,,def,,
Darrell Arthur,Marc Gasol,Mike Conley,O.J. Mayo,Rudy Gay,Dirk Nowitzki,Erick Dampier,James Singleton,Jason Kidd,Jason Terry,3,6:45,MEM,foul,,,,,,,,Dirk Nowitzki,,Darrell Arthur,,,,,,shooting,,
Darrell Arthur,Marc Gasol,Mike Conley,O.J. Mayo,Rudy Gay,Dirk Nowitzki,Erick Dampier,James Singleton,Jason Kidd,Jason Terry,3,6:45,DAL,free throw,,,,,,,1,,2,Dirk Nowitzki,,,foul,made,,,,
Darrell Arthur,Marc Gasol,Mike Conley,O.J. Mayo,Rudy Gay,Dirk Nowitzki,Erick Dampier,James Singleton,Jason Kidd,Jason Terry,3,6:45,DAL,free throw,,,,,,,2,,2,Dirk Nowitzki,,,foul,missed,,,,
Darrell Arthur,Marc Gasol,Mike Conley,O.J. Mayo,Rudy Gay,Dirk Nowitzki,Erick Dampier,James Singleton,Jason Kidd,Jason Terry,3,6:43,MEM,rebound,,,,,,,,,,Marc Gasol,,,,,,def,,
Darrell Arthur,Marc Gasol,Mike Conley,O.J. Mayo,Rudy Gay,Dirk Nowitzki,Erick Dampier,James Singleton,Jason Kidd,Jason Terry,3,6:30,MEM,shot,,,,,,,,,,Marc Gasol,,,,missed,,jump,10,8
Darrell Arthur,Marc Gasol,Mike Conley,O.J. Mayo,Rudy Gay,Dirk Nowitzki,Erick Dampier,James Singleton,Jason Kidd,Jason Terry,3,6:29,DAL,rebound,,,,,,,,,,Jason Kidd,,,,,,def,,
Darrell Arthur,Marc Gasol,Mike Conley,O.J. Mayo,Rudy Gay,Dirk Nowitzki,Erick Dampier,James Singleton,Jason Kidd,Jason Terry,3,6:20,DAL,shot,James Singleton,,,,,,,,,Dirk Nowitzki,2,,,made,,driving layup,25,6
Darrell Arthur,Marc Gasol,Mike Conley,O.J. Mayo,Rudy Gay,Dirk Nowitzki,Erick Dampier,James Singleton,Jason Kidd,Jason Terry,3,6:09,MEM,turnover,,,,,,,,,,Marc Gasol,,,bad pass,,Jason Terry,,,
Darrell Arthur,Marc Gasol,Mike Conley,O.J. Mayo,Rudy Gay,Dirk Nowitzki,Erick Dampier,James Singleton,Jason Kidd,Jason Terry,3,6:05,DAL,shot,,,,,,,,,,Jason Terry,,,,missed,,running finger roll layup,25,6
Darrell Arthur,Marc Gasol,Mike Conley,O.J. Mayo,Rudy Gay,Dirk Nowitzki,Erick Dampier,James Singleton,Jason Kidd,Jason Terry,3,6:05,MEM,rebound,,,,,,,,,,O.J. Mayo,,,,,,def,,
Darrell Arthur,Marc Gasol,Mike Conley,O.J. Mayo,Rudy Gay,Dirk Nowitzki,Erick Dampier,James Singleton,Jason Kidd,Jason Terry,3,5:45,MEM,shot,,,,,,,,,,Darrell Arthur,,,,missed,,jump,18,24
Darrell Arthur,Marc Gasol,Mike Conley,O.J. Mayo,Rudy Gay,Dirk Nowitzki,Erick Dampier,James Singleton,Jason Kidd,Jason Terry,3,5:44,MEM,rebound,,,,,,,,,,Rudy Gay,,,,,,off,,
Darrell Arthur,Marc Gasol,Mike Conley,O.J. Mayo,Rudy Gay,Dirk Nowitzki,Erick Dampier,James Singleton,Jason Kidd,Jason Terry,3,5:39,MEM,shot,,,,,,,,,,Rudy Gay,,,,missed,,jump,12,14
Darrell Arthur,Marc Gasol,Mike Conley,O.J. Mayo,Rudy Gay,Dirk Nowitzki,Erick Dampier,James Singleton,Jason Kidd,Jason Terry,3,5:38,DAL,rebound,,,,,,,,,,Erick Dampier,,,,,,def,,
Darrell Arthur,Marc Gasol,Mike Conley,O.J. Mayo,Rudy Gay,Dirk Nowitzki,Erick Dampier,James Singleton,Jason Kidd,Jason Terry,3,5:33,MEM,foul,,,,,,,,Jason Kidd,,Mike Conley,,,,,,personal,,
Hakim Warrick,Marc Gasol,Mike Conley,O.J. Mayo,Rudy Gay,Dirk Nowitzki,Erick Dampier,James Singleton,Jason Kidd,Jason Terry,3,5:33,MEM,sub,,,,Hakim Warrick,,Darrell Arthur,,,,,,,,,,,,
Hakim Warrick,Marc Gasol,Mike Conley,O.J. Mayo,Rudy Gay,Dirk Nowitzki,Erick Dampier,James Singleton,Jason Kidd,Jason Terry,3,5:22,DAL,shot,,,,,,,,,,Dirk Nowitzki,2,,,made,,turnaround jump,25,16
Hakim Warrick,Marc Gasol,Mike Conley,Quinton Ross,Rudy Gay,Dirk Nowitzki,Erick Dampier,James Singleton,Jason Kidd,Jason Terry,3,5:17,MEM,sub,,,,Quinton Ross,,O.J. Mayo,,,,,,,,,,,,
Hakim Warrick,Marc Gasol,Mike Conley,Quinton Ross,Rudy Gay,Dirk Nowitzki,Erick Dampier,James Singleton,Jason Kidd,Jason Terry,3,5:06,DAL,foul,,,,,,,,Marc Gasol,,Erick Dampier,,,,,,personal,,
Hakim Warrick,Marc Gasol,Mike Conley,Quinton Ross,Rudy Gay,Dirk Nowitzki,Erick Dampier,James Singleton,Jason Kidd,Jason Terry,3,4:59,MEM,shot,,,,,,,,,,Mike Conley,2,,,made,,jump,35,22
Hakim Warrick,Marc Gasol,Mike Conley,Quinton Ross,Rudy Gay,Dirk Nowitzki,Erick Dampier,James Singleton,Jason Kidd,Jason Terry,3,4:36,DAL,shot,Jason Terry,,,,,,,,,Jason Kidd,3,,,made,,3pt,48,16
Hakim Warrick,Marc Gasol,Mike Conley,Quinton Ross,Rudy Gay,Dirk Nowitzki,Erick Dampier,James Singleton,Jason Kidd,Jason Terry,3,4:20,MEM,shot,,,,,,,,,,Mike Conley,,,,missed,,jump,20,15
Hakim Warrick,Marc Gasol,Mike Conley,Quinton Ross,Rudy Gay,Dirk Nowitzki,Erick Dampier,James Singleton,Jason Kidd,Jason Terry,3,4:19,DAL,rebound,,,,,,,,,,Dirk Nowitzki,,,,,,def,,
Hakim Warrick,Marc Gasol,Mike Conley,Quinton Ross,Rudy Gay,Dirk Nowitzki,Erick Dampier,James Singleton,Jason Kidd,Jason Terry,3,4:14,DAL,shot,,,Quinton Ross,,,,,,,James Singleton,,,,missed,,running layup,25,6
Hakim Warrick,Marc Gasol,Mike Conley,Quinton Ross,Rudy Gay,Dirk Nowitzki,Erick Dampier,James Singleton,Jason Kidd,Jason Terry,3,4:12,MEM,rebound,,,,,,,,,,Quinton Ross,,,,,,def,,
Hakim Warrick,Marc Gasol,Mike Conley,Quinton Ross,Rudy Gay,Dirk Nowitzki,Erick Dampier,James Singleton,Jason Kidd,Jason Terry,3,3:59,MEM,shot,,,,,,,,,,Mike Conley,,,,missed,,jump,10,21
Hakim Warrick,Marc Gasol,Mike Conley,Quinton Ross,Rudy Gay,Dirk Nowitzki,Erick Dampier,James Singleton,Jason Kidd,Jason Terry,3,3:57,DAL,rebound,,,,,,,,,,Erick Dampier,,,,,,def,,
Hakim Warrick,Marc Gasol,Mike Conley,Quinton Ross,Rudy Gay,Dirk Nowitzki,Erick Dampier,James Singleton,Jason Kidd,Jason Terry,3,3:55,DAL,shot,Jason Kidd,,,,,,,,,James Singleton,2,,,made,,running layup,25,6
Hakim Warrick,Marc Gasol,Mike Conley,Quinton Ross,Rudy Gay,Dirk Nowitzki,Erick Dampier,James Singleton,Jason Kidd,Jason Terry,3,3:55,MEM,foul,,,,,,,,James Singleton,,Quinton Ross,,,,,,shooting,,
Hakim Warrick,Kyle Lowry,Marc Gasol,Quinton Ross,Rudy Gay,Dirk Nowitzki,Erick Dampier,James Singleton,Jason Kidd,Jason Terry,3,3:55,MEM,sub,,,,Kyle Lowry,,Mike Conley,,,,,,,,,,,,
Darko Milicic,Hakim Warrick,Kyle Lowry,Quinton Ross,Rudy Gay,Dirk Nowitzki,Erick Dampier,James Singleton,Jason Kidd,Jason Terry,3,3:55,MEM,sub,,,,Darko Milicic,,Marc Gasol,,,,,,,,,,,,
Darko Milicic,Hakim Warrick,Kyle Lowry,Quinton Ross,Rudy Gay,Dirk Nowitzki,Erick Dampier,James Singleton,Jason Kidd,Jason Terry,3,3:55,DAL,free throw,,,,,,,1,,1,James Singleton,,,foul,made,,,,
Darko Milicic,Hakim Warrick,Kyle Lowry,Quinton Ross,Rudy Gay,Dirk Nowitzki,Erick Dampier,James Singleton,Jason Kidd,Jason Terry,3,3:41,MEM,shot,,,,,,,,,,Hakim Warrick,2,,,made,,turnaround jump,25,12
Darko Milicic,Hakim Warrick,Kyle Lowry,Quinton Ross,Rudy Gay,Dirk Nowitzki,Erick Dampier,James Singleton,Jason Kidd,Jason Terry,3,3:41,DAL,violation,,,,,,,,,,Erick Dampier,,,,,,defensive goaltending,,
Darko Milicic,Hakim Warrick,Kyle Lowry,Quinton Ross,Rudy Gay,Dirk Nowitzki,Erick Dampier,James Singleton,Jason Kidd,Jason Terry,3,3:23,DAL,shot,Erick Dampier,,,,,,,,,Jason Kidd,3,,,made,,3pt,49,9
Darko Milicic,Hakim Warrick,Kyle Lowry,Quinton Ross,Rudy Gay,Dirk Nowitzki,Erick Dampier,James Singleton,Jason Kidd,Jason Terry,3,3:04,MEM,shot,,,,,,,,,,Hakim Warrick,,,,missed,,jump,14,24
Darko Milicic,Hakim Warrick,Kyle Lowry,Quinton Ross,Rudy Gay,Dirk Nowitzki,Erick Dampier,James Singleton,Jason Kidd,Jason Terry,3,3:02,DAL,rebound,,,,,,,,,,Jason Kidd,,,,,,def,,
Darko Milicic,Hakim Warrick,Kyle Lowry,Quinton Ross,Rudy Gay,Dirk Nowitzki,Erick Dampier,James Singleton,Jason Kidd,Jason Terry,3,2:51,DAL,shot,,,,,,,,,,James Singleton,,,,missed,,jump,7,15
Darko Milicic,Hakim Warrick,Kyle Lowry,Quinton Ross,Rudy Gay,Dirk Nowitzki,Erick Dampier,James Singleton,Jason Kidd,Jason Terry,3,2:49,DAL,rebound,,,,,,,,,,Jason Kidd,,,,,,off,,
Darko Milicic,Hakim Warrick,Kyle Lowry,Quinton Ross,Rudy Gay,Dirk Nowitzki,Erick Dampier,James Singleton,Jason Kidd,Jason Terry,3,2:49,DAL,turnover,,,,,,,,,,Jason Kidd,,,bad pass,,,,,
Darko Milicic,Hakim Warrick,Kyle Lowry,Quinton Ross,Rudy Gay,Dirk Nowitzki,Erick Dampier,James Singleton,Jason Kidd,Jason Terry,3,2:49,DAL,timeout,,,,,,,,,,,,,,,,regular,,
Darko Milicic,Hakim Warrick,Kyle Lowry,Quinton Ross,Rudy Gay,DeSagana Diop,Dirk Nowitzki,James Singleton,Jason Kidd,Jason Terry,3,2:49,DAL,sub,,,,DeSagana Diop,,Erick Dampier,,,,,,,,,,,,
Darko Milicic,Hakim Warrick,Kyle Lowry,Quinton Ross,Rudy Gay,DeSagana Diop,Dirk Nowitzki,James Singleton,Jason Terry,Jose Juan Barea,3,2:49,DAL,sub,,,,Jose Juan Barea,,Jason Kidd,,,,,,,,,,,,
Darko Milicic,Hakim Warrick,Kyle Lowry,O.J. Mayo,Quinton Ross,DeSagana Diop,Dirk Nowitzki,James Singleton,Jason Terry,Jose Juan Barea,3,2:49,MEM,sub,,,,O.J. Mayo,,Rudy Gay,,,,,,,,,,,,
Darko Milicic,Hakim Warrick,Kyle Lowry,O.J. Mayo,Quinton Ross,DeSagana Diop,Dirk Nowitzki,James Singleton,Jason Terry,Jose Juan Barea,3,2:37,MEM,shot,,,,,,,,,,Darko Milicic,2,,,made,,running hook,31,9
Darko Milicic,Hakim Warrick,Kyle Lowry,O.J. Mayo,Quinton Ross,DeSagana Diop,Dirk Nowitzki,James Singleton,Jason Terry,Jose Juan Barea,3,2:22,MEM,foul,,,,,,,,Dirk Nowitzki,,Hakim Warrick,,,,,,personal,,
Darko Milicic,Hakim Warrick,Kyle Lowry,O.J. Mayo,Quinton Ross,DeSagana Diop,Dirk Nowitzki,James Singleton,Jason Terry,Jose Juan Barea,3,2:08,DAL,turnover,,,,,,,,,,,,,shot clock turnover,,,,,
Darko Milicic,Hakim Warrick,Kyle Lowry,O.J. Mayo,Quinton Ross,DeSagana Diop,Dirk Nowitzki,James Singleton,Jason Terry,Jose Juan Barea,3,1:56,MEM,shot,,,,,,,,,,O.J. Mayo,2,,,made,,running jump,29,9
Darko Milicic,Hakim Warrick,Kyle Lowry,O.J. Mayo,Quinton Ross,DeSagana Diop,Dirk Nowitzki,James Singleton,Jason Terry,Jose Juan Barea,3,1:39,DAL,turnover,,,,,,,,,,Jason Terry,,,bad pass,,,,,
Darko Milicic,Hakim Warrick,Kyle Lowry,O.J. Mayo,Quinton Ross,DeSagana Diop,Dirk Nowitzki,James Singleton,Jason Terry,Jose Juan Barea,3,1:22,MEM,shot,,,,,,,,,,Darko Milicic,,,,missed,,hook,31,6
Darko Milicic,Hakim Warrick,Kyle Lowry,O.J. Mayo,Quinton Ross,DeSagana Diop,Dirk Nowitzki,James Singleton,Jason Terry,Jose Juan Barea,3,1:21,DAL,rebound,,,,,,,,,,DeSagana Diop,,,,,,def,,
Darko Milicic,Hakim Warrick,Kyle Lowry,O.J. Mayo,Quinton Ross,DeSagana Diop,Dirk Nowitzki,James Singleton,Jason Terry,Jose Juan Barea,3,1:14,DAL,shot,,,,,,,,,,Dirk Nowitzki,,,,missed,,fade away jumper,35,14
Darko Milicic,Hakim Warrick,Kyle Lowry,O.J. Mayo,Quinton Ross,DeSagana Diop,Dirk Nowitzki,James Singleton,Jason Terry,Jose Juan Barea,3,1:13,DAL,rebound,,,,,,,,,,James Singleton,,,,,,off,,
Darko Milicic,Hakim Warrick,Kyle Lowry,O.J. Mayo,Quinton Ross,DeSagana Diop,Dirk Nowitzki,James Singleton,Jason Terry,Jose Juan Barea,3,0:55,DAL,shot,Jose Juan Barea,,,,,,,,,DeSagana Diop,2,,,made,,running slam dunk,25,6
Darko Milicic,Hakim Warrick,Kyle Lowry,O.J. Mayo,Quinton Ross,DeSagana Diop,Dirk Nowitzki,James Singleton,Jason Terry,Jose Juan Barea,3,0:41,MEM,shot,,,,,,,,,,O.J. Mayo,2,,,made,,step back jump,39,23
Darko Milicic,Hakim Warrick,Kyle Lowry,O.J. Mayo,Quinton Ross,DeSagana Diop,Dirk Nowitzki,James Singleton,Jason Terry,Jose Juan Barea,3,0:22,DAL,shot,,,,,,,,,,Jose Juan Barea,,,,missed,,jump,11,8
Darko Milicic,Hakim Warrick,Kyle Lowry,O.J. Mayo,Quinton Ross,DeSagana Diop,Dirk Nowitzki,James Singleton,Jason Terry,Jose Juan Barea,3,0:20,MEM,rebound,,,,,,,,,,O.J. Mayo,,,,,,def,,
Darko Milicic,Hakim Warrick,Kyle Lowry,O.J. Mayo,Quinton Ross,DeSagana Diop,Dirk Nowitzki,James Singleton,Jason Terry,Jose Juan Barea,3,0:14,MEM,shot,,,,,,,,,,Kyle Lowry,,,,missed,,running layup,25,6
Darko Milicic,Hakim Warrick,Kyle Lowry,O.J. Mayo,Quinton Ross,DeSagana Diop,Dirk Nowitzki,James Singleton,Jason Terry,Jose Juan Barea,3,0:13,MEM,shot,,,,,,,,,,O.J. Mayo,,,,missed,,layup,25,6
Darko Milicic,Hakim Warrick,Kyle Lowry,O.J. Mayo,Quinton Ross,DeSagana Diop,Dirk Nowitzki,James Singleton,Jason Terry,Jose Juan Barea,3,0:13,MEM,rebound,,,,,,,,,,O.J. Mayo,,,,,,off,,
Darko Milicic,Hakim Warrick,Kyle Lowry,O.J. Mayo,Quinton Ross,DeSagana Diop,Dirk Nowitzki,James Singleton,Jason Terry,Jose Juan Barea,3,0:12,MEM,shot,,,,,,,,,,Hakim Warrick,,,,missed,,layup,25,6
Darko Milicic,Hakim Warrick,Kyle Lowry,O.J. Mayo,Quinton Ross,DeSagana Diop,Dirk Nowitzki,James Singleton,Jason Terry,Jose Juan Barea,3,0:12,MEM,rebound,,,,,,,,,,Hakim Warrick,,,,,,off,,
Darko Milicic,Hakim Warrick,Kyle Lowry,O.J. Mayo,Quinton Ross,DeSagana Diop,Dirk Nowitzki,James Singleton,Jason Terry,Jose Juan Barea,3,0:11,MEM,rebound,,,,,,,,,,Kyle Lowry,,,,,,off,,
Darko Milicic,Hakim Warrick,Kyle Lowry,O.J. Mayo,Quinton Ross,DeSagana Diop,Dirk Nowitzki,James Singleton,Jason Terry,Jose Juan Barea,3,0:05,MEM,shot,,,,,,,,,,O.J. Mayo,,,,missed,,3pt,7,24
Darko Milicic,Hakim Warrick,Kyle Lowry,O.J. Mayo,Quinton Ross,DeSagana Diop,Dirk Nowitzki,James Singleton,Jason Terry,Jose Juan Barea,3,0:04,MEM,rebound,,,,,,,,,,Hakim Warrick,,,,,,off,,
Darko Milicic,Hakim Warrick,Kyle Lowry,O.J. Mayo,Quinton Ross,DeSagana Diop,Dirk Nowitzki,James Singleton,Jason Terry,Jose Juan Barea,3,0:00,MEM,turnover,,,,,,,,,,Hakim Warrick,,,bad pass,,Jason Terry,,,
Darko Milicic,Hakim Warrick,Kyle Lowry,O.J. Mayo,Quinton Ross,DeSagana Diop,Dirk Nowitzki,James Singleton,Jason Terry,Jose Juan Barea,3,0:00,DAL,shot,,,,,,,,,,Jason Terry,,,,missed,,3pt,12,43
Darko Milicic,Hakim Warrick,Kyle Lowry,O.J. Mayo,Quinton Ross,DeSagana Diop,Dirk Nowitzki,James Singleton,Jason Terry,Jose Juan Barea,3,0:00,DAL,rebound,,,,,,,,,,,,,,,,,,
Darko Milicic,Hakim Warrick,Kyle Lowry,O.J. Mayo,Quinton Ross,DeSagana Diop,Devean George,Dirk Nowitzki,Jason Terry,Jose Juan Barea,4,11:42,DAL,shot,,,,,,,,,,Jason Terry,,,,missed,,jump,43,11
Darko Milicic,Hakim Warrick,Kyle Lowry,O.J. Mayo,Quinton Ross,DeSagana Diop,Devean George,Dirk Nowitzki,Jason Terry,Jose Juan Barea,4,11:40,MEM,rebound,,,,,,,,,,Hakim Warrick,,,,,,def,,
Darko Milicic,Hakim Warrick,Kyle Lowry,O.J. Mayo,Quinton Ross,DeSagana Diop,Devean George,Dirk Nowitzki,Jason Terry,Jose Juan Barea,4,11:33,DAL,foul,,,,,,,,Darko Milicic,,DeSagana Diop,,,,,,shooting,,
Darko Milicic,Hakim Warrick,Kyle Lowry,O.J. Mayo,Quinton Ross,DeSagana Diop,Devean George,Dirk Nowitzki,Jason Terry,Jose Juan Barea,4,11:33,MEM,free throw,,,,,,,1,,2,Darko Milicic,,,foul,missed,,,,
Darko Milicic,Hakim Warrick,Kyle Lowry,O.J. Mayo,Quinton Ross,DeSagana Diop,Devean George,Dirk Nowitzki,Jason Terry,Jose Juan Barea,4,11:33,MEM,rebound,,,,,,,,,,,,,,,,,,
Darko Milicic,Hakim Warrick,Kyle Lowry,O.J. Mayo,Quinton Ross,DeSagana Diop,Devean George,Dirk Nowitzki,Jason Kidd,Jose Juan Barea,4,11:33,DAL,sub,,,,Jason Kidd,,Jason Terry,,,,,,,,,,,,
Darko Milicic,Hakim Warrick,Kyle Lowry,O.J. Mayo,Quinton Ross,Brandon Bass,DeSagana Diop,Devean George,Jason Kidd,Jose Juan Barea,4,11:33,DAL,sub,,,,Brandon Bass,,Dirk Nowitzki,,,,,,,,,,,,
Darko Milicic,Hakim Warrick,Kyle Lowry,O.J. Mayo,Quinton Ross,Brandon Bass,DeSagana Diop,Devean George,Jason Kidd,Jose Juan Barea,4,11:33,MEM,free throw,,,,,,,2,,2,Darko Milicic,,,foul,made,,,,
Darko Milicic,Hakim Warrick,Kyle Lowry,O.J. Mayo,Quinton Ross,Brandon Bass,DeSagana Diop,Devean George,Jason Kidd,Jose Juan Barea,4,11:18,DAL,shot,,,,,,,,,,Jose Juan Barea,2,,,made,,running layup,25,6
Darko Milicic,Hakim Warrick,Kyle Lowry,O.J. Mayo,Quinton Ross,Brandon Bass,DeSagana Diop,Devean George,Jason Kidd,Jose Juan Barea,4,11:04,DAL,foul,,,,,,,,O.J. Mayo,,Jason Kidd,,,,,,personal,,
Darko Milicic,Hakim Warrick,Kyle Lowry,O.J. Mayo,Quinton Ross,Brandon Bass,DeSagana Diop,Devean George,Jason Kidd,Jose Juan Barea,4,10:54,MEM,shot,,,,,,,,,,Kyle Lowry,2,,,made,,pullup jump,17,21
Darko Milicic,Hakim Warrick,Kyle Lowry,O.J. Mayo,Quinton Ross,Brandon Bass,DeSagana Diop,Devean George,Jason Kidd,Jose Juan Barea,4,10:43,MEM,foul,,,,,,,,DeSagana Diop,,Darko Milicic,,,,,,personal,,
Darko Milicic,Hakim Warrick,Kyle Lowry,O.J. Mayo,Quinton Ross,Brandon Bass,DeSagana Diop,Devean George,Jason Kidd,Jose Juan Barea,4,10:33,MEM,foul,,,,,,,,DeSagana Diop,,Quinton Ross,,,,,,personal,,
Darko Milicic,Hakim Warrick,Kyle Lowry,O.J. Mayo,Quinton Ross,Brandon Bass,DeSagana Diop,Devean George,Jason Kidd,Jose Juan Barea,4,10:27,DAL,turnover,,,,,,,,,,Jose Juan Barea,,,bad pass,,Darko Milicic,,,
Darko Milicic,Hakim Warrick,Kyle Lowry,O.J. Mayo,Quinton Ross,Brandon Bass,DeSagana Diop,Devean George,Jason Kidd,Jose Juan Barea,4,10:12,MEM,shot,,,,,,,,,,O.J. Mayo,,,,missed,,jump,39,19
Darko Milicic,Hakim Warrick,Kyle Lowry,O.J. Mayo,Quinton Ross,Brandon Bass,DeSagana Diop,Devean George,Jason Kidd,Jose Juan Barea,4,10:11,DAL,rebound,,,,,,,,,,DeSagana Diop,,,,,,def,,
Darko Milicic,Hakim Warrick,Kyle Lowry,O.J. Mayo,Quinton Ross,Brandon Bass,DeSagana Diop,Devean George,Jason Kidd,Jose Juan Barea,4,9:59,DAL,shot,,,,,,,,,,Brandon Bass,2,,,made,,jump,39,10
Darko Milicic,Hakim Warrick,Kyle Lowry,O.J. Mayo,Quinton Ross,Brandon Bass,DeSagana Diop,Devean George,Jason Kidd,Jose Juan Barea,4,9:38,MEM,shot,,,,,,,,,,Quinton Ross,,,,missed,,3pt,12,31
Darko Milicic,Hakim Warrick,Kyle Lowry,O.J. Mayo,Quinton Ross,Brandon Bass,DeSagana Diop,Devean George,Jason Kidd,Jose Juan Barea,4,9:36,DAL,rebound,,,,,,,,,,Brandon Bass,,,,,,def,,
Darko Milicic,Hakim Warrick,Kyle Lowry,O.J. Mayo,Quinton Ross,Brandon Bass,DeSagana Diop,Devean George,Jason Kidd,Jose Juan Barea,4,9:17,DAL,shot,,,,,,,,,,Devean George,,,,missed,,3pt,48,11
Darko Milicic,Hakim Warrick,Kyle Lowry,O.J. Mayo,Quinton Ross,Brandon Bass,DeSagana Diop,Devean George,Jason Kidd,Jose Juan Barea,4,9:16,MEM,rebound,,,,,,,,,,Hakim Warrick,,,,,,def,,
Darko Milicic,Hakim Warrick,Kyle Lowry,O.J. Mayo,Quinton Ross,Brandon Bass,DeSagana Diop,Devean George,Jason Kidd,Jose Juan Barea,4,9:06,MEM,shot,Kyle Lowry,,,,,,,,,O.J. Mayo,3,,,made,,3pt,37,28
Darko Milicic,Hakim Warrick,Kyle Lowry,O.J. Mayo,Quinton Ross,Brandon Bass,DeSagana Diop,Devean George,Jason Kidd,Jose Juan Barea,4,8:45,MEM,foul,,,,,,,,DeSagana Diop,,Darko Milicic,,,,,,shooting,,
Darko Milicic,Hakim Warrick,Kyle Lowry,O.J. Mayo,Quinton Ross,Brandon Bass,DeSagana Diop,Devean George,Jason Kidd,Jose Juan Barea,4,8:45,OFF,timeout,,,,,,,,,,,,,,,,official,,
Darko Milicic,Hakim Warrick,Kyle Lowry,O.J. Mayo,Quinton Ross,Brandon Bass,DeSagana Diop,Devean George,Jason Kidd,Jose Juan Barea,4,8:45,DAL,free throw,,,,,,,1,,2,DeSagana Diop,,,foul,made,,,,
Darko Milicic,Hakim Warrick,Kyle Lowry,O.J. Mayo,Quinton Ross,Brandon Bass,DeSagana Diop,Devean George,Jason Kidd,Jose Juan Barea,4,8:45,DAL,free throw,,,,,,,2,,2,DeSagana Diop,,,foul,made,,,,
Darko Milicic,Hakim Warrick,Kyle Lowry,O.J. Mayo,Quinton Ross,Brandon Bass,DeSagana Diop,Devean George,Jason Kidd,Jose Juan Barea,4,8:26,MEM,shot,,,Jason Kidd,,,,,,,Kyle Lowry,,,,missed,,layup,25,6
Darko Milicic,Hakim Warrick,Kyle Lowry,O.J. Mayo,Quinton Ross,Brandon Bass,DeSagana Diop,Devean George,Jason Kidd,Jose Juan Barea,4,8:25,DAL,rebound,,,,,,,,,,Jason Kidd,,,,,,def,,
Darko Milicic,Hakim Warrick,Kyle Lowry,O.J. Mayo,Quinton Ross,Brandon Bass,DeSagana Diop,Devean George,Jason Kidd,Jose Juan Barea,4,8:20,DAL,turnover,,,,,,,,,,Jason Kidd,,,bad pass,,Quinton Ross,,,
Darko Milicic,Hakim Warrick,Kyle Lowry,O.J. Mayo,Quinton Ross,Brandon Bass,DeSagana Diop,Devean George,Jason Kidd,Jose Juan Barea,4,8:06,MEM,shot,,,,,,,,,,O.J. Mayo,,,,missed,,jump,20,15
Darko Milicic,Hakim Warrick,Kyle Lowry,O.J. Mayo,Quinton Ross,Brandon Bass,DeSagana Diop,Devean George,Jason Kidd,Jose Juan Barea,4,8:05,DAL,rebound,,,,,,,,,,Devean George,,,,,,def,,
Darko Milicic,Hakim Warrick,Kyle Lowry,O.J. Mayo,Quinton Ross,Brandon Bass,DeSagana Diop,Devean George,Jason Kidd,Jose Juan Barea,4,7:50,MEM,foul,,,,,,,,Devean George,,Hakim Warrick,,,,,,shooting,,
Darko Milicic,Hakim Warrick,Kyle Lowry,O.J. Mayo,Quinton Ross,Brandon Bass,DeSagana Diop,Devean George,Jason Kidd,Jose Juan Barea,4,7:50,DAL,free throw,,,,,,,1,,2,Devean George,,,foul,made,,,,
Darko Milicic,Kyle Lowry,O.J. Mayo,Quinton Ross,Rudy Gay,Brandon Bass,DeSagana Diop,Devean George,Jason Kidd,Jose Juan Barea,4,7:50,MEM,sub,,,,Rudy Gay,,Hakim Warrick,,,,,,,,,,,,
Darko Milicic,Kyle Lowry,Marc Gasol,O.J. Mayo,Rudy Gay,Brandon Bass,DeSagana Diop,Devean George,Jason Kidd,Jose Juan Barea,4,7:50,MEM,sub,,,,Marc Gasol,,Quinton Ross,,,,,,,,,,,,
Darko Milicic,Kyle Lowry,Marc Gasol,O.J. Mayo,Rudy Gay,Brandon Bass,DeSagana Diop,Devean George,Jason Kidd,Jose Juan Barea,4,7:50,DAL,free throw,,,,,,,2,,2,Devean George,,,foul,made,,,,
Darko Milicic,Kyle Lowry,Marc Gasol,O.J. Mayo,Rudy Gay,Brandon Bass,DeSagana Diop,Devean George,Jason Kidd,Jose Juan Barea,4,7:37,MEM,turnover,,,,,,,,,,Rudy Gay,,,out of bounds lost ball turnover,,,,,
Darko Milicic,Kyle Lowry,Marc Gasol,O.J. Mayo,Rudy Gay,Brandon Bass,DeSagana Diop,Devean George,Jason Kidd,Jose Juan Barea,4,7:23,DAL,turnover,,,,,,,,,,Jason Kidd,,,bad pass,,Marc Gasol,,,
Darko Milicic,Kyle Lowry,Marc Gasol,O.J. Mayo,Rudy Gay,Brandon Bass,DeSagana Diop,Devean George,Jason Kidd,Jose Juan Barea,4,7:13,MEM,shot,Rudy Gay,,,,,,,,,Marc Gasol,2,,,made,,reverse layup,25,6
Darko Milicic,Kyle Lowry,Marc Gasol,O.J. Mayo,Rudy Gay,Brandon Bass,DeSagana Diop,Devean George,Jason Kidd,Jose Juan Barea,4,6:55,DAL,shot,,,,,,,,,,Devean George,,,,missed,,3pt,3,20
Darko Milicic,Kyle Lowry,Marc Gasol,O.J. Mayo,Rudy Gay,Brandon Bass,DeSagana Diop,Devean George,Jason Kidd,Jose Juan Barea,4,6:54,MEM,rebound,,,,,,,,,,O.J. Mayo,,,,,,def,,
Darko Milicic,Kyle Lowry,Marc Gasol,O.J. Mayo,Rudy Gay,Brandon Bass,DeSagana Diop,Devean George,Jason Kidd,Jose Juan Barea,4,6:31,MEM,shot,,,,,,,,,,O.J. Mayo,,,,missed,,3pt,33,33
Darko Milicic,Kyle Lowry,Marc Gasol,O.J. Mayo,Rudy Gay,Brandon Bass,DeSagana Diop,Devean George,Jason Kidd,Jose Juan Barea,4,6:30,DAL,rebound,,,,,,,,,,DeSagana Diop,,,,,,def,,
Darko Milicic,Kyle Lowry,Marc Gasol,O.J. Mayo,Rudy Gay,Brandon Bass,DeSagana Diop,Devean George,Jason Kidd,Jose Juan Barea,4,6:27,DAL,turnover,,,,,,,,,,Devean George,,,traveling,,,,,
Darko Milicic,Kyle Lowry,Marc Gasol,O.J. Mayo,Rudy Gay,Brandon Bass,DeSagana Diop,Devean George,Jason Kidd,Jose Juan Barea,4,6:09,MEM,foul,,,,,,,,Jose Juan Barea,,Kyle Lowry,,,,,,offensive,,
Darko Milicic,Kyle Lowry,Marc Gasol,O.J. Mayo,Rudy Gay,Brandon Bass,DeSagana Diop,Devean George,Jason Kidd,Jose Juan Barea,4,6:09,MEM,turnover,,,,,,,,,,Kyle Lowry,,,foul,,,,,
Darko Milicic,Kyle Lowry,Marc Gasol,O.J. Mayo,Rudy Gay,Brandon Bass,DeSagana Diop,Devean George,Jason Kidd,Jose Juan Barea,4,6:09,DAL,timeout,,,,,,,,,,,,,,,,regular,,
Darko Milicic,Kyle Lowry,Marc Gasol,O.J. Mayo,Rudy Gay,Brandon Bass,Devean George,Jason Kidd,Jason Terry,Jose Juan Barea,4,6:09,DAL,sub,,,,Jason Terry,,DeSagana Diop,,,,,,,,,,,,
Darko Milicic,Kyle Lowry,Marc Gasol,O.J. Mayo,Rudy Gay,Brandon Bass,Devean George,James Singleton,Jason Kidd,Jason Terry,4,6:09,DAL,sub,,,,James Singleton,,Jose Juan Barea,,,,,,,,,,,,
Darko Milicic,Kyle Lowry,Marc Gasol,O.J. Mayo,Rudy Gay,Devean George,Dirk Nowitzki,James Singleton,Jason Kidd,Jason Terry,4,6:09,DAL,sub,,,,Dirk Nowitzki,,Brandon Bass,,,,,,,,,,,,
Darko Milicic,Kyle Lowry,Marc Gasol,O.J. Mayo,Rudy Gay,Dirk Nowitzki,Erick Dampier,James Singleton,Jason Kidd,Jason Terry,4,6:09,DAL,sub,,,,Erick Dampier,,Devean George,,,,,,,,,,,,
Darko Milicic,Marc Gasol,Mike Conley,O.J. Mayo,Rudy Gay,Dirk Nowitzki,Erick Dampier,James Singleton,Jason Kidd,Jason Terry,4,6:09,MEM,sub,,,,Mike Conley,,Kyle Lowry,,,,,,,,,,,,
Darko Milicic,Marc Gasol,Mike Conley,O.J. Mayo,Rudy Gay,Dirk Nowitzki,Erick Dampier,James Singleton,Jason Kidd,Jason Terry,4,5:53,DAL,shot,,,,,,,,,,Jason Terry,,,,missed,,jump,20,23
Darko Milicic,Marc Gasol,Mike Conley,O.J. Mayo,Rudy Gay,Dirk Nowitzki,Erick Dampier,James Singleton,Jason Kidd,Jason Terry,4,5:52,MEM,rebound,,,,,,,,,,Rudy Gay,,,,,,def,,
Darko Milicic,Marc Gasol,Mike Conley,O.J. Mayo,Rudy Gay,Dirk Nowitzki,Erick Dampier,James Singleton,Jason Kidd,Jason Terry,4,5:41,MEM,shot,,,,,,,,,,Mike Conley,,,,missed,,driving layup,25,6
Darko Milicic,Marc Gasol,Mike Conley,O.J. Mayo,Rudy Gay,Dirk Nowitzki,Erick Dampier,James Singleton,Jason Kidd,Jason Terry,4,5:40,MEM,rebound,,,,,,,,,,Darko Milicic,,,,,,off,,
Darko Milicic,Marc Gasol,Mike Conley,O.J. Mayo,Rudy Gay,Dirk Nowitzki,Erick Dampier,James Singleton,Jason Kidd,Jason Terry,4,5:31,MEM,turnover,,,,,,,,,,Darko Milicic,,,bad pass,,Jason Terry,,,
Darko Milicic,Marc Gasol,Mike Conley,O.J. Mayo,Rudy Gay,Dirk Nowitzki,Erick Dampier,James Singleton,Jason Kidd,Jason Terry,4,5:27,MEM,foul,,,,,,,,Jason Terry,,O.J. Mayo,,,,,,shooting,,
Darko Milicic,Marc Gasol,Mike Conley,O.J. Mayo,Rudy Gay,Dirk Nowitzki,Erick Dampier,James Singleton,Jason Kidd,Jason Terry,4,5:27,DAL,free throw,,,,,,,1,,2,Jason Terry,,,foul,made,,,,
Marc Gasol,Mike Conley,O.J. Mayo,Quinton Ross,Rudy Gay,Dirk Nowitzki,Erick Dampier,James Singleton,Jason Kidd,Jason Terry,4,5:27,MEM,sub,,,,Quinton Ross,,Darko Milicic,,,,,,,,,,,,
Marc Gasol,Mike Conley,O.J. Mayo,Quinton Ross,Rudy Gay,Dirk Nowitzki,Erick Dampier,James Singleton,Jason Kidd,Jason Terry,4,5:27,DAL,free throw,,,,,,,2,,2,Jason Terry,,,foul,made,,,,
Marc Gasol,Mike Conley,O.J. Mayo,Quinton Ross,Rudy Gay,Dirk Nowitzki,Erick Dampier,James Singleton,Jason Kidd,Jason Terry,4,5:16,DAL,foul,,,,,,,,Mike Conley,,Jason Terry,,,,,,personal,,
Marc Gasol,Mike Conley,O.J. Mayo,Quinton Ross,Rudy Gay,Dirk Nowitzki,Erick Dampier,James Singleton,Jason Kidd,Jason Terry,4,5:13,MEM,shot,,,,,,,,,,O.J. Mayo,2,,,made,,driving finger roll layup,25,6
Marc Gasol,Mike Conley,O.J. Mayo,Quinton Ross,Rudy Gay,Dirk Nowitzki,Erick Dampier,James Singleton,Jason Kidd,Jason Terry,4,5:13,DAL,foul,,,,,,,,O.J. Mayo,,James Singleton,,,,,,shooting,,
Marc Gasol,Mike Conley,O.J. Mayo,Quinton Ross,Rudy Gay,Dirk Nowitzki,Erick Dampier,James Singleton,Jason Kidd,Jason Terry,4,5:13,MEM,free throw,,,,,,,1,,1,O.J. Mayo,,,foul,made,,,,
Marc Gasol,Mike Conley,O.J. Mayo,Quinton Ross,Rudy Gay,Dirk Nowitzki,Erick Dampier,James Singleton,Jason Kidd,Jason Terry,4,4:58,DAL,turnover,,,,,,,,,,Jason Terry,,,bad pass,,O.J. Mayo,,,
Marc Gasol,Mike Conley,O.J. Mayo,Quinton Ross,Rudy Gay,Dirk Nowitzki,Erick Dampier,James Singleton,Jason Kidd,Jason Terry,4,4:54,MEM,shot,Rudy Gay,,,,,,,,,O.J. Mayo,2,,,made,,driving layup,25,6
Marc Gasol,Mike Conley,O.J. Mayo,Quinton Ross,Rudy Gay,Dirk Nowitzki,Erick Dampier,James Singleton,Jason Kidd,Jason Terry,4,4:43,DAL,timeout,,,,,,,,,,,,,,,,short,,
Marc Gasol,Mike Conley,O.J. Mayo,Quinton Ross,Rudy Gay,Dirk Nowitzki,Erick Dampier,James Singleton,Jason Kidd,Jason Terry,4,4:36,MEM,foul,,,,,,,,Dirk Nowitzki,,Rudy Gay,,,,,,shooting,,
Marc Gasol,Mike Conley,O.J. Mayo,Quinton Ross,Rudy Gay,Dirk Nowitzki,Erick Dampier,James Singleton,Jason Kidd,Jason Terry,4,4:36,DAL,free throw,,,,,,,1,,2,Dirk Nowitzki,,,foul,made,,,,
Marc Gasol,Mike Conley,O.J. Mayo,Quinton Ross,Rudy Gay,Dirk Nowitzki,Erick Dampier,James Singleton,Jason Kidd,Jason Terry,4,4:36,DAL,free throw,,,,,,,2,,2,Dirk Nowitzki,,,foul,made,,,,
Marc Gasol,Mike Conley,O.J. Mayo,Quinton Ross,Rudy Gay,Dirk Nowitzki,Erick Dampier,James Singleton,Jason Kidd,Jason Terry,4,4:13,MEM,shot,,,,,,,,,,Rudy Gay,,,,missed,,running jump,21,11
Marc Gasol,Mike Conley,O.J. Mayo,Quinton Ross,Rudy Gay,Dirk Nowitzki,Erick Dampier,James Singleton,Jason Kidd,Jason Terry,4,4:12,DAL,rebound,,,,,,,,,,Erick Dampier,,,,,,def,,
Marc Gasol,Mike Conley,O.J. Mayo,Quinton Ross,Rudy Gay,Dirk Nowitzki,Erick Dampier,James Singleton,Jason Kidd,Jason Terry,4,4:12,MEM,foul,,,,,,,,Erick Dampier,,Rudy Gay,,,,,,loose ball,,
Marc Gasol,Mike Conley,O.J. Mayo,Quinton Ross,Rudy Gay,Dirk Nowitzki,Erick Dampier,James Singleton,Jason Kidd,Jason Terry,4,4:12,DAL,free throw,,,,,,,1,,2,Erick Dampier,,,foul,missed,,,,
Marc Gasol,Mike Conley,O.J. Mayo,Quinton Ross,Rudy Gay,Dirk Nowitzki,Erick Dampier,James Singleton,Jason Kidd,Jason Terry,4,4:12,DAL,rebound,,,,,,,,,,,,,,,,,,
Marc Gasol,Mike Conley,O.J. Mayo,Quinton Ross,Rudy Gay,Dirk Nowitzki,Erick Dampier,James Singleton,Jason Kidd,Jason Terry,4,4:12,DAL,free throw,,,,,,,2,,2,Erick Dampier,,,foul,made,,,,
Marc Gasol,Mike Conley,O.J. Mayo,Quinton Ross,Rudy Gay,Dirk Nowitzki,Erick Dampier,James Singleton,Jason Kidd,Jason Terry,4,3:53,DAL,foul,,,,,,,,Rudy Gay,,James Singleton,,,,,,shooting,,
Marc Gasol,Mike Conley,O.J. Mayo,Quinton Ross,Rudy Gay,Dirk Nowitzki,Erick Dampier,James Singleton,Jason Kidd,Jason Terry,4,3:53,MEM,free throw,,,,,,,1,,2,Rudy Gay,,,foul,missed,,,,
Marc Gasol,Mike Conley,O.J. Mayo,Quinton Ross,Rudy Gay,Dirk Nowitzki,Erick Dampier,James Singleton,Jason Kidd,Jason Terry,4,3:53,MEM,rebound,,,,,,,,,,,,,,,,,,
Marc Gasol,Mike Conley,O.J. Mayo,Quinton Ross,Rudy Gay,Dirk Nowitzki,Erick Dampier,James Singleton,Jason Kidd,Jason Terry,4,3:53,MEM,free throw,,,,,,,2,,2,Rudy Gay,,,foul,made,,,,
Marc Gasol,Mike Conley,O.J. Mayo,Quinton Ross,Rudy Gay,Dirk Nowitzki,Erick Dampier,James Singleton,Jason Kidd,Jason Terry,4,3:37,DAL,shot,,,,,,,,,,Dirk Nowitzki,2,,,made,,jump,29,23
Marc Gasol,Mike Conley,O.J. Mayo,Quinton Ross,Rudy Gay,Dirk Nowitzki,Erick Dampier,James Singleton,Jason Kidd,Jason Terry,4,3:16,MEM,shot,Rudy Gay,,,,,,,,,O.J. Mayo,2,,,made,,jump,39,19
Marc Gasol,Mike Conley,O.J. Mayo,Quinton Ross,Rudy Gay,Dirk Nowitzki,Erick Dampier,James Singleton,Jason Kidd,Jason Terry,4,2:57,DAL,shot,Dirk Nowitzki,,,,,,,,,Jason Kidd,3,,,made,,3pt,48,19
Marc Gasol,Mike Conley,O.J. Mayo,Quinton Ross,Rudy Gay,Dirk Nowitzki,Erick Dampier,James Singleton,Jason Kidd,Jason Terry,4,2:40,MEM,shot,,,,,,,,,,O.J. Mayo,,,,missed,,3pt,11,29
Marc Gasol,Mike Conley,O.J. Mayo,Quinton Ross,Rudy Gay,Dirk Nowitzki,Erick Dampier,James Singleton,Jason Kidd,Jason Terry,4,2:39,DAL,rebound,,,,,,,,,,Erick Dampier,,,,,,def,,
Marc Gasol,Mike Conley,O.J. Mayo,Quinton Ross,Rudy Gay,Dirk Nowitzki,Erick Dampier,James Singleton,Jason Kidd,Jason Terry,4,2:27,DAL,shot,,,,,,,,,,Jason Kidd,2,,,made,,driving layup,25,6
Marc Gasol,Mike Conley,O.J. Mayo,Quinton Ross,Rudy Gay,Dirk Nowitzki,Erick Dampier,James Singleton,Jason Kidd,Jason Terry,4,2:20,MEM,timeout,,,,,,,,,,,,,,,,regular,,
Marc Gasol,Mike Conley,O.J. Mayo,Quinton Ross,Rudy Gay,Dirk Nowitzki,Erick Dampier,James Singleton,Jason Kidd,Jason Terry,4,2:10,DAL,foul,,,,,,,,Marc Gasol,,Erick Dampier,,,,,,shooting,,
Marc Gasol,Mike Conley,O.J. Mayo,Quinton Ross,Rudy Gay,Dirk Nowitzki,Erick Dampier,James Singleton,Jason Kidd,Jason Terry,4,2:10,MEM,free throw,,,,,,,1,,2,Marc Gasol,,,foul,made,,,,
Marc Gasol,Mike Conley,O.J. Mayo,Quinton Ross,Rudy Gay,Dirk Nowitzki,Erick Dampier,James Singleton,Jason Kidd,Jason Terry,4,2:10,MEM,free throw,,,,,,,2,,2,Marc Gasol,,,foul,made,,,,
Marc Gasol,Mike Conley,O.J. Mayo,Quinton Ross,Rudy Gay,Dirk Nowitzki,Erick Dampier,James Singleton,Jason Kidd,Jason Terry,4,1:54,DAL,shot,Jason Kidd,,,,,,,,,Jason Terry,3,,,made,,3pt,2,11
Marc Gasol,Mike Conley,O.J. Mayo,Quinton Ross,Rudy Gay,Dirk Nowitzki,Erick Dampier,James Singleton,Jason Kidd,Jason Terry,4,1:37,MEM,shot,Marc Gasol,,,,,,,,,Mike Conley,2,,,made,,reverse layup,25,6
Marc Gasol,Mike Conley,O.J. Mayo,Quinton Ross,Rudy Gay,Dirk Nowitzki,Erick Dampier,James Singleton,Jason Kidd,Jason Terry,4,1:37,DAL,foul,,,,,,,,Mike Conley,,Jason Kidd,,,,,,shooting,,
Marc Gasol,Mike Conley,O.J. Mayo,Quinton Ross,Rudy Gay,Brandon Bass,Erick Dampier,James Singleton,Jason Kidd,Jason Terry,4,1:37,DAL,sub,,,,Brandon Bass,,Dirk Nowitzki,,,,,,,,,,,,
Marc Gasol,Mike Conley,O.J. Mayo,Quinton Ross,Rudy Gay,Brandon Bass,Erick Dampier,James Singleton,Jason Terry,Jose Juan Barea,4,1:37,DAL,sub,,,,Jose Juan Barea,,Jason Kidd,,,,,,,,,,,,
Marc Gasol,Mike Conley,O.J. Mayo,Quinton Ross,Rudy Gay,Brandon Bass,Devean George,Erick Dampier,James Singleton,Jose Juan Barea,4,1:37,DAL,sub,,,,Devean George,,Jason Terry,,,,,,,,,,,,
Marc Gasol,Mike Conley,O.J. Mayo,Quinton Ross,Rudy Gay,Brandon Bass,Devean George,Erick Dampier,James Singleton,Jose Juan Barea,4,1:37,MEM,free throw,,,,,,,1,,1,Mike Conley,,,foul,missed,,,,
Marc Gasol,Mike Conley,O.J. Mayo,Quinton Ross,Rudy Gay,Brandon Bass,Devean George,Erick Dampier,James Singleton,Jose Juan Barea,4,1:35,DAL,rebound,,,,,,,,,,Brandon Bass,,,,,,def,,
Marc Gasol,Mike Conley,O.J. Mayo,Quinton Ross,Rudy Gay,Brandon Bass,Devean George,Erick Dampier,James Singleton,Jose Juan Barea,4,1:18,DAL,turnover,,,,,,,,,,Erick Dampier,,,bad pass,,Rudy Gay,,,
Marc Gasol,Mike Conley,O.J. Mayo,Quinton Ross,Rudy Gay,Brandon Bass,Devean George,Erick Dampier,James Singleton,Jose Juan Barea,4,1:11,MEM,turnover,,,,,,,,,,Rudy Gay,,,out of bounds lost ball turnover,,,,,
Darko Milicic,Marc Gasol,Mike Conley,O.J. Mayo,Quinton Ross,Brandon Bass,Devean George,Erick Dampier,James Singleton,Jose Juan Barea,4,1:11,MEM,sub,,,,Darko Milicic,,Rudy Gay,,,,,,,,,,,,
Darko Milicic,Javaris Crittenton,Mike Conley,O.J. Mayo,Quinton Ross,Brandon Bass,Devean George,Erick Dampier,James Singleton,Jose Juan Barea,4,1:11,MEM,sub,,,,Javaris Crittenton,,Marc Gasol,,,,,,,,,,,,
Darko Milicic,Darrell Arthur,Javaris Crittenton,Mike Conley,Quinton Ross,Brandon Bass,Devean George,Erick Dampier,James Singleton,Jose Juan Barea,4,1:11,MEM,sub,,,,Darrell Arthur,,O.J. Mayo,,,,,,,,,,,,
Darko Milicic,Darrell Arthur,Javaris Crittenton,Mike Conley,Quinton Ross,Brandon Bass,Devean George,James Singleton,Jose Juan Barea,Shawne Williams,4,1:11,DAL,sub,,,,Shawne Williams,,Erick Dampier,,,,,,,,,,,,
Darko Milicic,Darrell Arthur,Javaris Crittenton,Marko Jaric,Mike Conley,Brandon Bass,Devean George,James Singleton,Jose Juan Barea,Shawne Williams,4,1:11,MEM,sub,,,,Marko Jaric,,Quinton Ross,,,,,,,,,,,,
Darko Milicic,Darrell Arthur,Javaris Crittenton,Marko Jaric,Quinton Ross,Brandon Bass,Devean George,James Singleton,Jose Juan Barea,Shawne Williams,4,1:11,MEM,sub,,,,Quinton Ross,,Mike Conley,,,,,,,,,,,,
Darko Milicic,Darrell Arthur,Javaris Crittenton,Marko Jaric,Quinton Ross,Brandon Bass,Devean George,James Singleton,Jose Juan Barea,Shawne Williams,4,0:57,DAL,shot,,,,,,,,,,Shawne Williams,,,,missed,,jump,20,24
Darko Milicic,Darrell Arthur,Javaris Crittenton,Marko Jaric,Quinton Ross,Brandon Bass,Devean George,James Singleton,Jose Juan Barea,Shawne Williams,4,0:55,MEM,rebound,,,,,,,,,,Darrell Arthur,,,,,,def,,
Darko Milicic,Darrell Arthur,Javaris Crittenton,Marko Jaric,Quinton Ross,Brandon Bass,Devean George,James Singleton,Jose Juan Barea,Shawne Williams,4,0:45,MEM,shot,,,,,,,,,,Marko Jaric,,,,missed,,layup,25,6
Darko Milicic,Darrell Arthur,Javaris Crittenton,Marko Jaric,Quinton Ross,Brandon Bass,Devean George,James Singleton,Jose Juan Barea,Shawne Williams,4,0:44,DAL,rebound,,,,,,,,,,Brandon Bass,,,,,,def,,
Darko Milicic,Darrell Arthur,Javaris Crittenton,Marko Jaric,Quinton Ross,Brandon Bass,Devean George,James Singleton,Jose Juan Barea,Shawne Williams,4,0:20,DAL,shot,,,,,,,,,,Shawne Williams,,,,missed,,jump,14,22
Darko Milicic,Darrell Arthur,Javaris Crittenton,Marko Jaric,Quinton Ross,Brandon Bass,Devean George,James Singleton,Jose Juan Barea,Shawne Williams,4,0:19,MEM,rebound,,,,,,,,,,Darrell Arthur,,,,,,def,,
