a1,a2,a3,a4,a5,h1,h2,h3,h4,h5,period,time,team,etype,assist,away,block,entered,home,left,num,opponent,outof,player,points,possession,reason,result,steal,type,x,y
Chauncey Billups,Dahntay Jones,J.R. Smith,Kenyon Martin,Nene Hilario,Brandon Roy,Greg Oden,LaMarcus Aldridge,Nicolas Batum,Steve Blake,1,12:00,OFF,jump ball,,Nene Hilario,,,Greg Oden,,,,,,,Greg Oden,,,,,,
Chauncey Billups,Dahntay Jones,J.R. Smith,Kenyon Martin,Nene Hilario,Brandon Roy,Greg Oden,LaMarcus Aldridge,Nicolas Batum,Steve Blake,1,11:35,POR,shot,,,,,,,,,,Greg Oden,,,,missed,,driving hook,25,11
Chauncey Billups,Dahntay Jones,J.R. Smith,Kenyon Martin,Nene Hilario,Brandon Roy,Greg Oden,LaMarcus Aldridge,Nicolas Batum,Steve Blake,1,11:34,DEN,rebound,,,,,,,,,,J.R. Smith,,,,,,def,,
Chauncey Billups,Dahntay Jones,J.R. Smith,Kenyon Martin,Nene Hilario,Brandon Roy,Greg Oden,LaMarcus Aldridge,Nicolas Batum,Steve Blake,1,11:15,DEN,shot,,,,,,,,,,Dahntay Jones,,,,missed,,jump,32,26
Chauncey Billups,Dahntay Jones,J.R. Smith,Kenyon Martin,Nene Hilario,Brandon Roy,Greg Oden,LaMarcus Aldridge,Nicolas Batum,Steve Blake,1,11:15,POR,rebound,,,,,,,,,,Nicolas Batum,,,,,,def,,
Chauncey Billups,Dahntay Jones,J.R. Smith,Kenyon Martin,Nene Hilario,Brandon Roy,Greg Oden,LaMarcus Aldridge,Nicolas Batum,Steve Blake,1,11:04,POR,shot,,,,,,,,,,Steve Blake,,,,missed,,3pt,17,29
Chauncey Billups,Dahntay Jones,J.R. Smith,Kenyon Martin,Nene Hilario,Brandon Roy,Greg Oden,LaMarcus Aldridge,Nicolas Batum,Steve Blake,1,11:02,POR,rebound,,,,,,,,,,LaMarcus Aldridge,,,,,,off,,
Chauncey Billups,Dahntay Jones,J.R. Smith,Kenyon Martin,Nene Hilario,Brandon Roy,Greg Oden,LaMarcus Aldridge,Nicolas Batum,Steve Blake,1,10:50,POR,shot,,,,,,,,,,Brandon Roy,,,,missed,,jump,44,20
Chauncey Billups,Dahntay Jones,J.R. Smith,Kenyon Martin,Nene Hilario,Brandon Roy,Greg Oden,LaMarcus Aldridge,Nicolas Batum,Steve Blake,1,10:48,DEN,rebound,,,,,,,,,,Nene Hilario,,,,,,def,,
Chauncey Billups,Dahntay Jones,J.R. Smith,Kenyon Martin,Nene Hilario,Brandon Roy,Greg Oden,LaMarcus Aldridge,Nicolas Batum,Steve Blake,1,10:37,DEN,shot,,,,,,,,,,Chauncey Billups,,,,missed,,jump,17,11
Chauncey Billups,Dahntay Jones,J.R. Smith,Kenyon Martin,Nene Hilario,Brandon Roy,Greg Oden,LaMarcus Aldridge,Nicolas Batum,Steve Blake,1,10:36,POR,rebound,,,,,,,,,,Greg Oden,,,,,,def,,
Chauncey Billups,Dahntay Jones,J.R. Smith,Kenyon Martin,Nene Hilario,Brandon Roy,Greg Oden,LaMarcus Aldridge,Nicolas Batum,Steve Blake,1,10:22,POR,shot,,,,,,,,,,LaMarcus Aldridge,2,,,made,,turnaround jump,19,10
Chauncey Billups,Dahntay Jones,J.R. Smith,Kenyon Martin,Nene Hilario,Brandon Roy,Greg Oden,LaMarcus Aldridge,Nicolas Batum,Steve Blake,1,10:04,POR,foul,,,,,,,,Kenyon Martin,,LaMarcus Aldridge,,,,,,shooting,,
Chauncey Billups,Dahntay Jones,J.R. Smith,Kenyon Martin,Nene Hilario,Brandon Roy,Greg Oden,LaMarcus Aldridge,Nicolas Batum,Steve Blake,1,10:04,DEN,free throw,,,,,,,1,,2,Kenyon Martin,,,foul,made,,,,
Chauncey Billups,Dahntay Jones,J.R. Smith,Kenyon Martin,Nene Hilario,Brandon Roy,Greg Oden,LaMarcus Aldridge,Nicolas Batum,Steve Blake,1,10:04,DEN,free throw,,,,,,,2,,2,Kenyon Martin,,,foul,made,,,,
Chauncey Billups,Dahntay Jones,J.R. Smith,Kenyon Martin,Nene Hilario,Brandon Roy,Greg Oden,LaMarcus Aldridge,Nicolas Batum,Steve Blake,1,9:40,POR,shot,LaMarcus Aldridge,,,,,,,,,Steve Blake,3,,,made,,3pt,37,27
Chauncey Billups,Dahntay Jones,J.R. Smith,Kenyon Martin,Nene Hilario,Brandon Roy,Greg Oden,LaMarcus Aldridge,Nicolas Batum,Steve Blake,1,9:20,POR,foul,,,,,,,,J.R. Smith,,Greg Oden,,,,,,shooting,,
Chauncey Billups,Dahntay Jones,J.R. Smith,Kenyon Martin,Nene Hilario,Brandon Roy,Greg Oden,LaMarcus Aldridge,Nicolas Batum,Steve Blake,1,9:20,DEN,free throw,,,,,,,1,,2,J.R. Smith,,,foul,made,,,,
Chauncey Billups,Dahntay Jones,J.R. Smith,Kenyon Martin,Nene Hilario,Brandon Roy,Greg Oden,LaMarcus Aldridge,Nicolas Batum,Steve Blake,1,9:20,DEN,free throw,,,,,,,2,,2,J.R. Smith,,,foul,made,,,,
Chauncey Billups,Dahntay Jones,J.R. Smith,Kenyon Martin,Nene Hilario,Brandon Roy,Greg Oden,LaMarcus Aldridge,Nicolas Batum,Steve Blake,1,9:05,POR,shot,,,,,,,,,,LaMarcus Aldridge,,,,missed,,driving hook,29,17
Chauncey Billups,Dahntay Jones,J.R. Smith,Kenyon Martin,Nene Hilario,Brandon Roy,Greg Oden,LaMarcus Aldridge,Nicolas Batum,Steve Blake,1,9:04,DEN,rebound,,,,,,,,,,Nene Hilario,,,,,,def,,
Chauncey Billups,Dahntay Jones,J.R. Smith,Kenyon Martin,Nene Hilario,Brandon Roy,Greg Oden,LaMarcus Aldridge,Nicolas Batum,Steve Blake,1,8:54,DEN,shot,Chauncey Billups,,,,,,,,,Kenyon Martin,2,,,made,,jump,33,26
Chauncey Billups,Dahntay Jones,J.R. Smith,Kenyon Martin,Nene Hilario,Brandon Roy,Greg Oden,LaMarcus Aldridge,Nicolas Batum,Steve Blake,1,8:30,POR,shot,,,,,,,,,,Nicolas Batum,,,,missed,,3pt,44,23
Chauncey Billups,Dahntay Jones,J.R. Smith,Kenyon Martin,Nene Hilario,Brandon Roy,Greg Oden,LaMarcus Aldridge,Nicolas Batum,Steve Blake,1,8:28,DEN,rebound,,,,,,,,,,Chauncey Billups,,,,,,def,,
Chauncey Billups,Dahntay Jones,J.R. Smith,Kenyon Martin,Nene Hilario,Brandon Roy,Greg Oden,LaMarcus Aldridge,Nicolas Batum,Steve Blake,1,8:21,DEN,turnover,,,,,,,,,,J.R. Smith,,,lost ball,,LaMarcus Aldridge,,,
Chauncey Billups,Dahntay Jones,J.R. Smith,Kenyon Martin,Nene Hilario,Brandon Roy,Greg Oden,LaMarcus Aldridge,Nicolas Batum,Steve Blake,1,8:17,POR,shot,Brandon Roy,,,,,,,,,Nicolas Batum,2,,,made,,dunk,25,6
Chauncey Billups,Dahntay Jones,J.R. Smith,Kenyon Martin,Nene Hilario,Brandon Roy,Greg Oden,LaMarcus Aldridge,Nicolas Batum,Steve Blake,1,7:48,DEN,shot,,,,,,,,,,Chauncey Billups,,,,missed,,jump,46,7
Chauncey Billups,Dahntay Jones,J.R. Smith,Kenyon Martin,Nene Hilario,Brandon Roy,Greg Oden,LaMarcus Aldridge,Nicolas Batum,Steve Blake,1,7:46,DEN,rebound,,,,,,,,,,Nene Hilario,,,,,,off,,
Chauncey Billups,Dahntay Jones,J.R. Smith,Kenyon Martin,Nene Hilario,Brandon Roy,Greg Oden,LaMarcus Aldridge,Nicolas Batum,Steve Blake,1,7:40,DEN,shot,,,,,,,,,,Dahntay Jones,,,,missed,,driving layup,25,6
Chauncey Billups,Dahntay Jones,J.R. Smith,Kenyon Martin,Nene Hilario,Brandon Roy,Greg Oden,LaMarcus Aldridge,Nicolas Batum,Steve Blake,1,7:39,DEN,rebound,,,,,,,,,,Nene Hilario,,,,,,off,,
Chauncey Billups,Dahntay Jones,J.R. Smith,Kenyon Martin,Nene Hilario,Brandon Roy,Greg Oden,LaMarcus Aldridge,Nicolas Batum,Steve Blake,1,7:38,DEN,shot,,,,,,,,,,Nene Hilario,2,,,made,,layup,,
Chauncey Billups,Dahntay Jones,J.R. Smith,Kenyon Martin,Nene Hilario,Brandon Roy,Greg Oden,LaMarcus Aldridge,Nicolas Batum,Steve Blake,1,7:17,POR,shot,,,,,,,,,,Steve Blake,,,,missed,,3pt,2,5
Chauncey Billups,Dahntay Jones,J.R. Smith,Kenyon Martin,Nene Hilario,Brandon Roy,Greg Oden,LaMarcus Aldridge,Nicolas Batum,Steve Blake,1,7:17,DEN,rebound,,,,,,,,,,Chauncey Billups,,,,,,def,,
Chauncey Billups,Dahntay Jones,J.R. Smith,Kenyon Martin,Nene Hilario,Brandon Roy,Greg Oden,LaMarcus Aldridge,Nicolas Batum,Steve Blake,1,7:07,DEN,shot,Chauncey Billups,,,,,,,,,Kenyon Martin,2,,,made,,jump,28,26
Chauncey Billups,Dahntay Jones,J.R. Smith,Kenyon Martin,Nene Hilario,Brandon Roy,Greg Oden,LaMarcus Aldridge,Nicolas Batum,Steve Blake,1,6:52,POR,shot,,,,,,,,,,LaMarcus Aldridge,,,,missed,,jump,15,24
Chauncey Billups,Dahntay Jones,J.R. Smith,Kenyon Martin,Nene Hilario,Brandon Roy,Greg Oden,LaMarcus Aldridge,Nicolas Batum,Steve Blake,1,6:51,DEN,rebound,,,,,,,,,,,,,,,,,,
Chauncey Billups,Dahntay Jones,J.R. Smith,Kenyon Martin,Nene Hilario,Brandon Roy,Greg Oden,LaMarcus Aldridge,Nicolas Batum,Steve Blake,1,6:27,DEN,turnover,,,,,,,,,,Dahntay Jones,,,bad pass,,Brandon Roy,,,
Chauncey Billups,Dahntay Jones,J.R. Smith,Kenyon Martin,Nene Hilario,Brandon Roy,Greg Oden,LaMarcus Aldridge,Nicolas Batum,Steve Blake,1,6:21,POR,shot,,,,,,,,,,Brandon Roy,2,,,made,,driving layup,25,6
Chauncey Billups,Dahntay Jones,J.R. Smith,Kenyon Martin,Nene Hilario,Brandon Roy,Greg Oden,LaMarcus Aldridge,Nicolas Batum,Steve Blake,1,6:15,DEN,foul,,,,,,,,Brandon Roy,,Dahntay Jones,,,,,,offensive,,
Chauncey Billups,Dahntay Jones,J.R. Smith,Kenyon Martin,Nene Hilario,Brandon Roy,Greg Oden,LaMarcus Aldridge,Nicolas Batum,Steve Blake,1,6:15,DEN,turnover,,,,,,,,,,Dahntay Jones,,,foul,,,,,
Chauncey Billups,Dahntay Jones,J.R. Smith,Kenyon Martin,Nene Hilario,Brandon Roy,Greg Oden,LaMarcus Aldridge,Nicolas Batum,Steve Blake,1,6:04,POR,shot,,,,,,,,,,Nicolas Batum,,,,missed,,3pt,3,6
Chauncey Billups,Dahntay Jones,J.R. Smith,Kenyon Martin,Nene Hilario,Brandon Roy,Greg Oden,LaMarcus Aldridge,Nicolas Batum,Steve Blake,1,6:03,DEN,rebound,,,,,,,,,,Dahntay Jones,,,,,,def,,
Chauncey Billups,Dahntay Jones,J.R. Smith,Kenyon Martin,Nene Hilario,Brandon Roy,Greg Oden,LaMarcus Aldridge,Nicolas Batum,Steve Blake,1,5:58,DEN,shot,,,,,,,,,,Chauncey Billups,,,,missed,,driving layup,25,6
Chauncey Billups,Dahntay Jones,J.R. Smith,Kenyon Martin,Nene Hilario,Brandon Roy,Greg Oden,LaMarcus Aldridge,Nicolas Batum,Steve Blake,1,5:57,DEN,rebound,,,,,,,,,,Nene Hilario,,,,,,off,,
Chauncey Billups,Dahntay Jones,J.R. Smith,Kenyon Martin,Nene Hilario,Brandon Roy,Greg Oden,LaMarcus Aldridge,Nicolas Batum,Steve Blake,1,5:56,DEN,shot,,,,,,,,,,Nene Hilario,2,,,made,,putback layup,,
Chauncey Billups,Dahntay Jones,J.R. Smith,Kenyon Martin,Nene Hilario,Brandon Roy,Greg Oden,LaMarcus Aldridge,Nicolas Batum,Steve Blake,1,5:31,POR,shot,Nicolas Batum,,,,,,,,,Steve Blake,3,,,made,,3pt,3,5
Chauncey Billups,Dahntay Jones,J.R. Smith,Kenyon Martin,Nene Hilario,Brandon Roy,Greg Oden,LaMarcus Aldridge,Nicolas Batum,Steve Blake,1,5:21,POR,foul,,,,,,,,Nene Hilario,,Greg Oden,,,,,,shooting,,
Chauncey Billups,Dahntay Jones,J.R. Smith,Kenyon Martin,Nene Hilario,Brandon Roy,Greg Oden,LaMarcus Aldridge,Nicolas Batum,Steve Blake,1,5:21,POR,timeout,,,,,,,,,,,,,,,,regular,,
Chauncey Billups,Dahntay Jones,J.R. Smith,Kenyon Martin,Nene Hilario,Brandon Roy,Joel Przybilla,LaMarcus Aldridge,Nicolas Batum,Steve Blake,1,5:21,POR,sub,,,,Joel Przybilla,,Greg Oden,,,,,,,,,,,,
Chauncey Billups,Dahntay Jones,J.R. Smith,Kenyon Martin,Nene Hilario,Brandon Roy,Joel Przybilla,LaMarcus Aldridge,Nicolas Batum,Steve Blake,1,5:21,DEN,free throw,,,,,,,1,,2,Nene Hilario,,,foul,made,,,,
Chauncey Billups,Dahntay Jones,J.R. Smith,Kenyon Martin,Nene Hilario,Brandon Roy,Joel Przybilla,LaMarcus Aldridge,Nicolas Batum,Steve Blake,1,5:21,DEN,free throw,,,,,,,2,,2,Nene Hilario,,,foul,made,,,,
Chauncey Billups,Dahntay Jones,J.R. Smith,Kenyon Martin,Nene Hilario,Brandon Roy,Joel Przybilla,LaMarcus Aldridge,Nicolas Batum,Steve Blake,1,5:00,POR,turnover,,,,,,,,,,LaMarcus Aldridge,,,lost ball,,Kenyon Martin,,,
Chauncey Billups,Dahntay Jones,J.R. Smith,Kenyon Martin,Nene Hilario,Brandon Roy,Joel Przybilla,LaMarcus Aldridge,Nicolas Batum,Steve Blake,1,4:54,DEN,shot,Kenyon Martin,,,,,,,,,Chauncey Billups,3,,,made,,3pt,5,20
Chauncey Billups,Dahntay Jones,J.R. Smith,Kenyon Martin,Nene Hilario,Brandon Roy,Joel Przybilla,LaMarcus Aldridge,Nicolas Batum,Steve Blake,1,4:30,POR,turnover,,,,,,,,,,Brandon Roy,,,bad pass,,,,,
Chauncey Billups,Dahntay Jones,J.R. Smith,Kenyon Martin,Nene Hilario,Brandon Roy,Joel Przybilla,LaMarcus Aldridge,Nicolas Batum,Steve Blake,1,4:16,DEN,shot,,,,,,,,,,Kenyon Martin,,,,missed,,jump,10,20
Chauncey Billups,Dahntay Jones,J.R. Smith,Kenyon Martin,Nene Hilario,Brandon Roy,Joel Przybilla,LaMarcus Aldridge,Nicolas Batum,Steve Blake,1,4:16,POR,rebound,,,,,,,,,,Joel Przybilla,,,,,,def,,
Chauncey Billups,Dahntay Jones,J.R. Smith,Kenyon Martin,Nene Hilario,Brandon Roy,Joel Przybilla,LaMarcus Aldridge,Nicolas Batum,Steve Blake,1,4:08,POR,shot,,,,,,,,,,Brandon Roy,,,,missed,,jump,37,22
Chauncey Billups,Dahntay Jones,J.R. Smith,Kenyon Martin,Nene Hilario,Brandon Roy,Joel Przybilla,LaMarcus Aldridge,Nicolas Batum,Steve Blake,1,4:05,DEN,rebound,,,,,,,,,,Nene Hilario,,,,,,def,,
Chauncey Billups,Dahntay Jones,J.R. Smith,Kenyon Martin,Nene Hilario,Brandon Roy,Joel Przybilla,LaMarcus Aldridge,Nicolas Batum,Steve Blake,1,3:48,DEN,shot,J.R. Smith,,,,,,,,,Kenyon Martin,2,,,made,,dunk,25,6
Chauncey Billups,Dahntay Jones,J.R. Smith,Kenyon Martin,Nene Hilario,Brandon Roy,Joel Przybilla,LaMarcus Aldridge,Nicolas Batum,Steve Blake,1,3:33,DEN,foul,,,,,,,,Brandon Roy,,Dahntay Jones,,,,,,personal,,
Chauncey Billups,J.R. Smith,Kenyon Martin,Linas Kleiza,Nene Hilario,Brandon Roy,Joel Przybilla,LaMarcus Aldridge,Nicolas Batum,Steve Blake,1,3:33,DEN,sub,,,,Linas Kleiza,,Dahntay Jones,,,,,,,,,,,,
Chauncey Billups,J.R. Smith,Kenyon Martin,Linas Kleiza,Nene Hilario,Brandon Roy,Joel Przybilla,LaMarcus Aldridge,Steve Blake,Travis Outlaw,1,3:33,POR,sub,,,,Travis Outlaw,,Nicolas Batum,,,,,,,,,,,,
Chauncey Billups,J.R. Smith,Kenyon Martin,Linas Kleiza,Nene Hilario,Brandon Roy,Joel Przybilla,LaMarcus Aldridge,Steve Blake,Travis Outlaw,1,3:19,POR,shot,,,,,,,,,,LaMarcus Aldridge,,,,missed,,jump,7,7
Chauncey Billups,J.R. Smith,Kenyon Martin,Linas Kleiza,Nene Hilario,Brandon Roy,Joel Przybilla,LaMarcus Aldridge,Steve Blake,Travis Outlaw,1,3:18,POR,rebound,,,,,,,,,,Joel Przybilla,,,,,,off,,
Chauncey Billups,J.R. Smith,Kenyon Martin,Linas Kleiza,Nene Hilario,Brandon Roy,Joel Przybilla,LaMarcus Aldridge,Steve Blake,Travis Outlaw,1,3:15,POR,turnover,,,,,,,,,,Joel Przybilla,,,bad pass,,Chauncey Billups,,,
Chauncey Billups,J.R. Smith,Kenyon Martin,Linas Kleiza,Nene Hilario,Brandon Roy,Joel Przybilla,LaMarcus Aldridge,Steve Blake,Travis Outlaw,1,3:09,DEN,shot,,,,,,,,,,Linas Kleiza,,,,missed,,3pt,6,21
Chauncey Billups,J.R. Smith,Kenyon Martin,Linas Kleiza,Nene Hilario,Brandon Roy,Joel Przybilla,LaMarcus Aldridge,Steve Blake,Travis Outlaw,1,3:08,POR,rebound,,,,,,,,,,Joel Przybilla,,,,,,def,,
Chauncey Billups,J.R. Smith,Kenyon Martin,Linas Kleiza,Nene Hilario,Brandon Roy,Joel Przybilla,LaMarcus Aldridge,Steve Blake,Travis Outlaw,1,3:00,POR,shot,,,,,,,,,,Steve Blake,,,,missed,,3pt,2,6
Chauncey Billups,J.R. Smith,Kenyon Martin,Linas Kleiza,Nene Hilario,Brandon Roy,Joel Przybilla,LaMarcus Aldridge,Steve Blake,Travis Outlaw,1,2:59,DEN,rebound,,,,,,,,,,,,,,,,,,
Chauncey Billups,J.R. Smith,Kenyon Martin,Linas Kleiza,Nene Hilario,Brandon Roy,Joel Przybilla,LaMarcus Aldridge,Steve Blake,Travis Outlaw,1,2:59,DEN,timeout,,,,,,,,,,,,,,,,regular,,
Chauncey Billups,J.R. Smith,Kenyon Martin,Linas Kleiza,Nene Hilario,Brandon Roy,Joel Przybilla,LaMarcus Aldridge,Steve Blake,Travis Outlaw,1,2:50,DEN,turnover,,,,,,,,,,J.R. Smith,,,out of bounds lost ball turnover,,,,,
Chauncey Billups,J.R. Smith,Kenyon Martin,Linas Kleiza,Nene Hilario,Brandon Roy,Joel Przybilla,LaMarcus Aldridge,Steve Blake,Travis Outlaw,1,2:38,POR,shot,Steve Blake,,,,,,,,,LaMarcus Aldridge,2,,,made,,jump,40,19
Chauncey Billups,J.R. Smith,Kenyon Martin,Linas Kleiza,Nene Hilario,Brandon Roy,Joel Przybilla,LaMarcus Aldridge,Steve Blake,Travis Outlaw,1,2:19,POR,foul,,,,,,,,Chauncey Billups,,Travis Outlaw,,,,,,shooting,,
Chauncey Billups,Chris Andersen,J.R. Smith,Kenyon Martin,Linas Kleiza,Brandon Roy,Joel Przybilla,LaMarcus Aldridge,Steve Blake,Travis Outlaw,1,2:19,DEN,sub,,,,Chris Andersen,,Nene Hilario,,,,,,,,,,,,
Anthony Carter,Chauncey Billups,Chris Andersen,Kenyon Martin,Linas Kleiza,Brandon Roy,Joel Przybilla,LaMarcus Aldridge,Steve Blake,Travis Outlaw,1,2:19,DEN,sub,,,,Anthony Carter,,J.R. Smith,,,,,,,,,,,,
Anthony Carter,Chauncey Billups,Chris Andersen,Kenyon Martin,Linas Kleiza,Joel Przybilla,LaMarcus Aldridge,Rudy Fernandez,Steve Blake,Travis Outlaw,1,2:19,POR,sub,,,,Rudy Fernandez,,Brandon Roy,,,,,,,,,,,,
Anthony Carter,Chauncey Billups,Chris Andersen,Kenyon Martin,Linas Kleiza,Joel Przybilla,LaMarcus Aldridge,Rudy Fernandez,Sergio Rodriguez,Travis Outlaw,1,2:19,POR,sub,,,,Sergio Rodriguez,,Steve Blake,,,,,,,,,,,,
Anthony Carter,Chauncey Billups,Chris Andersen,Kenyon Martin,Linas Kleiza,Joel Przybilla,LaMarcus Aldridge,Rudy Fernandez,Sergio Rodriguez,Travis Outlaw,1,2:19,DEN,free throw,,,,,,,1,,2,Chauncey Billups,,,foul,made,,,,
Anthony Carter,Chauncey Billups,Chris Andersen,Kenyon Martin,Linas Kleiza,Joel Przybilla,LaMarcus Aldridge,Rudy Fernandez,Sergio Rodriguez,Travis Outlaw,1,2:19,DEN,free throw,,,,,,,2,,2,Chauncey Billups,,,foul,made,,,,
Anthony Carter,Chauncey Billups,Chris Andersen,Kenyon Martin,Linas Kleiza,Joel Przybilla,LaMarcus Aldridge,Rudy Fernandez,Sergio Rodriguez,Travis Outlaw,1,2:02,POR,shot,,,,,,,,,,Rudy Fernandez,2,,,made,,driving layup,25,6
Anthony Carter,Chauncey Billups,Chris Andersen,Kenyon Martin,Linas Kleiza,Joel Przybilla,LaMarcus Aldridge,Rudy Fernandez,Sergio Rodriguez,Travis Outlaw,1,1:48,DEN,shot,,,,,,,,,,Chris Andersen,,,,missed,,jump bank,21,7
Anthony Carter,Chauncey Billups,Chris Andersen,Kenyon Martin,Linas Kleiza,Joel Przybilla,LaMarcus Aldridge,Rudy Fernandez,Sergio Rodriguez,Travis Outlaw,1,1:47,POR,rebound,,,,,,,,,,LaMarcus Aldridge,,,,,,def,,
Anthony Carter,Chauncey Billups,Chris Andersen,Kenyon Martin,Linas Kleiza,Joel Przybilla,LaMarcus Aldridge,Rudy Fernandez,Sergio Rodriguez,Travis Outlaw,1,1:22,POR,shot,,,,,,,,,,Rudy Fernandez,3,,,made,,3pt,46,23
Anthony Carter,Chauncey Billups,Chris Andersen,Kenyon Martin,Linas Kleiza,Joel Przybilla,LaMarcus Aldridge,Rudy Fernandez,Sergio Rodriguez,Travis Outlaw,1,1:10,DEN,turnover,,,,,,,,,,Anthony Carter,,,lost ball,,Sergio Rodriguez,,,
Anthony Carter,Chauncey Billups,Chris Andersen,Kenyon Martin,Linas Kleiza,Joel Przybilla,LaMarcus Aldridge,Rudy Fernandez,Sergio Rodriguez,Travis Outlaw,1,1:06,POR,shot,Sergio Rodriguez,,,,,,,,,Rudy Fernandez,2,,,made,,layup,25,6
Anthony Carter,Chauncey Billups,Chris Andersen,Kenyon Martin,Linas Kleiza,Joel Przybilla,LaMarcus Aldridge,Rudy Fernandez,Sergio Rodriguez,Travis Outlaw,1,0:48,DEN,shot,Anthony Carter,,,,,,,,,Chris Andersen,2,,,made,,jump,7,8
Anthony Carter,Chauncey Billups,Chris Andersen,Kenyon Martin,Linas Kleiza,Joel Przybilla,LaMarcus Aldridge,Rudy Fernandez,Sergio Rodriguez,Travis Outlaw,1,0:34,POR,shot,Sergio Rodriguez,,,,,,,,,Joel Przybilla,2,,,made,,layup,25,6
Anthony Carter,Chauncey Billups,Chris Andersen,Kenyon Martin,Linas Kleiza,Joel Przybilla,LaMarcus Aldridge,Rudy Fernandez,Sergio Rodriguez,Travis Outlaw,1,0:12,DEN,shot,,,,,,,,,,Kenyon Martin,,,,missed,,jump,31,6
Anthony Carter,Chauncey Billups,Chris Andersen,Kenyon Martin,Linas Kleiza,Joel Przybilla,LaMarcus Aldridge,Rudy Fernandez,Sergio Rodriguez,Travis Outlaw,1,0:12,DEN,shot,,,,,,,,,,Chris Andersen,2,,,made,,putback dunk,25,6
Anthony Carter,Chauncey Billups,Chris Andersen,Kenyon Martin,Linas Kleiza,Joel Przybilla,LaMarcus Aldridge,Rudy Fernandez,Sergio Rodriguez,Travis Outlaw,1,0:12,DEN,rebound,,,,,,,,,,Chris Andersen,,,,,,off,,
Anthony Carter,Chauncey Billups,Chris Andersen,Kenyon Martin,Linas Kleiza,Joel Przybilla,LaMarcus Aldridge,Rudy Fernandez,Sergio Rodriguez,Travis Outlaw,1,0:00,POR,shot,,,,,,,,,,Sergio Rodriguez,2,,,made,,jump,20,27
Anthony Carter,Chauncey Billups,Chris Andersen,Kenyon Martin,Linas Kleiza,Channing Frye,Joel Przybilla,Rudy Fernandez,Sergio Rodriguez,Travis Outlaw,2,11:36,DEN,shot,,,,,,,,,,Kenyon Martin,,,,missed,,3pt,48,6
Anthony Carter,Chauncey Billups,Chris Andersen,Kenyon Martin,Linas Kleiza,Channing Frye,Joel Przybilla,Rudy Fernandez,Sergio Rodriguez,Travis Outlaw,2,11:36,POR,rebound,,,,,,,,,,Joel Przybilla,,,,,,def,,
Anthony Carter,Chauncey Billups,Chris Andersen,Kenyon Martin,Linas Kleiza,Channing Frye,Joel Przybilla,Rudy Fernandez,Sergio Rodriguez,Travis Outlaw,2,11:11,POR,shot,,,,,,,,,,Travis Outlaw,,,,missed,,3pt,48,6
Anthony Carter,Chauncey Billups,Chris Andersen,Kenyon Martin,Linas Kleiza,Channing Frye,Joel Przybilla,Rudy Fernandez,Sergio Rodriguez,Travis Outlaw,2,11:10,POR,rebound,,,,,,,,,,Joel Przybilla,,,,,,off,,
Anthony Carter,Chauncey Billups,Chris Andersen,Kenyon Martin,Linas Kleiza,Channing Frye,Joel Przybilla,Rudy Fernandez,Sergio Rodriguez,Travis Outlaw,2,11:08,POR,shot,,,,,,,,,,Joel Przybilla,2,,,made,,jump bank,31,7
Anthony Carter,Chauncey Billups,Chris Andersen,Kenyon Martin,Linas Kleiza,Channing Frye,Joel Przybilla,Rudy Fernandez,Sergio Rodriguez,Travis Outlaw,2,10:45,DEN,shot,,,,,,,,,,Chauncey Billups,,,,missed,,jump bank,20,8
Anthony Carter,Chauncey Billups,Chris Andersen,Kenyon Martin,Linas Kleiza,Channing Frye,Joel Przybilla,Rudy Fernandez,Sergio Rodriguez,Travis Outlaw,2,10:45,POR,rebound,,,,,,,,,,Channing Frye,,,,,,def,,
Anthony Carter,Chauncey Billups,Chris Andersen,Kenyon Martin,Linas Kleiza,Channing Frye,Joel Przybilla,Rudy Fernandez,Sergio Rodriguez,Travis Outlaw,2,10:21,POR,shot,,,,,,,,,,Travis Outlaw,,,,missed,,jump,10,11
Anthony Carter,Chauncey Billups,Chris Andersen,Kenyon Martin,Linas Kleiza,Channing Frye,Joel Przybilla,Rudy Fernandez,Sergio Rodriguez,Travis Outlaw,2,10:20,DEN,rebound,,,,,,,,,,Chris Andersen,,,,,,def,,
Anthony Carter,Chauncey Billups,Chris Andersen,Kenyon Martin,Linas Kleiza,Channing Frye,Joel Przybilla,Rudy Fernandez,Sergio Rodriguez,Travis Outlaw,2,10:09,DEN,shot,,,,,,,,,,Linas Kleiza,,,,missed,,jump,32,19
Anthony Carter,Chauncey Billups,Chris Andersen,Kenyon Martin,Linas Kleiza,Channing Frye,Joel Przybilla,Rudy Fernandez,Sergio Rodriguez,Travis Outlaw,2,10:09,POR,rebound,,,,,,,,,,Travis Outlaw,,,,,,def,,
Anthony Carter,Chauncey Billups,Chris Andersen,Kenyon Martin,Linas Kleiza,Channing Frye,Joel Przybilla,Rudy Fernandez,Sergio Rodriguez,Travis Outlaw,2,9:59,POR,shot,,,,,,,,,,Sergio Rodriguez,2,,,made,,driving layup,25,6
Anthony Carter,Chauncey Billups,Chris Andersen,Kenyon Martin,Linas Kleiza,Channing Frye,Joel Przybilla,Rudy Fernandez,Sergio Rodriguez,Travis Outlaw,2,9:47,DEN,turnover,,,,,,,,,,Anthony Carter,,,bad pass,,,,,
Anthony Carter,Chris Andersen,Chucky Atkins,Kenyon Martin,Linas Kleiza,Channing Frye,Joel Przybilla,Rudy Fernandez,Sergio Rodriguez,Travis Outlaw,2,9:47,DEN,sub,,,,Chucky Atkins,,Chauncey Billups,,,,,,,,,,,,
Anthony Carter,Chris Andersen,Chucky Atkins,Kenyon Martin,Linas Kleiza,Channing Frye,Joel Przybilla,Rudy Fernandez,Sergio Rodriguez,Travis Outlaw,2,9:34,POR,shot,Sergio Rodriguez,,,,,,,,,Channing Frye,2,,,made,,jump,17,27
Anthony Carter,Chris Andersen,Chucky Atkins,Kenyon Martin,Linas Kleiza,Channing Frye,Joel Przybilla,Rudy Fernandez,Sergio Rodriguez,Travis Outlaw,2,9:28,DEN,timeout,,,,,,,,,,,,,,,,regular,,
Anthony Carter,Chris Andersen,Chucky Atkins,Linas Kleiza,Nene Hilario,Channing Frye,Joel Przybilla,Rudy Fernandez,Sergio Rodriguez,Travis Outlaw,2,9:28,DEN,sub,,,,Nene Hilario,,Kenyon Martin,,,,,,,,,,,,
Anthony Carter,Chris Andersen,Chucky Atkins,Linas Kleiza,Nene Hilario,Channing Frye,Joel Przybilla,Rudy Fernandez,Sergio Rodriguez,Travis Outlaw,2,9:10,POR,foul,,,,,,,,Linas Kleiza,,Joel Przybilla,,,,,,shooting,,
Anthony Carter,Chris Andersen,Chucky Atkins,Linas Kleiza,Nene Hilario,Channing Frye,Joel Przybilla,Rudy Fernandez,Sergio Rodriguez,Travis Outlaw,2,9:10,DEN,free throw,,,,,,,1,,2,Linas Kleiza,,,foul,made,,,,
Anthony Carter,Chris Andersen,Chucky Atkins,Linas Kleiza,Nene Hilario,Channing Frye,Joel Przybilla,Rudy Fernandez,Sergio Rodriguez,Travis Outlaw,2,9:10,DEN,free throw,,,,,,,2,,2,Linas Kleiza,,,foul,made,,,,
Anthony Carter,Chris Andersen,Chucky Atkins,Linas Kleiza,Nene Hilario,Channing Frye,Joel Przybilla,Rudy Fernandez,Sergio Rodriguez,Travis Outlaw,2,8:53,POR,shot,,,,,,,,,,Joel Przybilla,,,,missed,,hook,30,7
Anthony Carter,Chris Andersen,Chucky Atkins,Linas Kleiza,Nene Hilario,Channing Frye,Joel Przybilla,Rudy Fernandez,Sergio Rodriguez,Travis Outlaw,2,8:52,POR,rebound,,,,,,,,,,Joel Przybilla,,,,,,off,,
Anthony Carter,Chris Andersen,Chucky Atkins,Linas Kleiza,Nene Hilario,Channing Frye,Joel Przybilla,Rudy Fernandez,Sergio Rodriguez,Travis Outlaw,2,8:50,POR,shot,,,,,,,,,,Joel Przybilla,,,,missed,,layup,25,6
Anthony Carter,Chris Andersen,Chucky Atkins,Linas Kleiza,Nene Hilario,Channing Frye,Joel Przybilla,Rudy Fernandez,Sergio Rodriguez,Travis Outlaw,2,8:49,DEN,rebound,,,,,,,,,,Nene Hilario,,,,,,def,,
Anthony Carter,Chris Andersen,Chucky Atkins,Linas Kleiza,Nene Hilario,Channing Frye,Joel Przybilla,Rudy Fernandez,Sergio Rodriguez,Travis Outlaw,2,8:41,DEN,turnover,,,,,,,,,,Chucky Atkins,,,bad pass,,Joel Przybilla,,,
Anthony Carter,Chris Andersen,Chucky Atkins,Linas Kleiza,Nene Hilario,Channing Frye,Joel Przybilla,Rudy Fernandez,Sergio Rodriguez,Travis Outlaw,2,8:36,POR,shot,,,,,,,,,,Channing Frye,,,,missed,,alley oop layup,25,6
Anthony Carter,Chris Andersen,Chucky Atkins,Linas Kleiza,Nene Hilario,Channing Frye,Joel Przybilla,Rudy Fernandez,Sergio Rodriguez,Travis Outlaw,2,8:35,DEN,rebound,,,,,,,,,,Linas Kleiza,,,,,,def,,
Anthony Carter,Chris Andersen,Chucky Atkins,Linas Kleiza,Nene Hilario,Channing Frye,Joel Przybilla,Rudy Fernandez,Sergio Rodriguez,Travis Outlaw,2,8:22,DEN,shot,Nene Hilario,,,,,,,,,Chris Andersen,2,,,made,,dunk,25,6
Anthony Carter,Chris Andersen,Chucky Atkins,Linas Kleiza,Nene Hilario,Channing Frye,Joel Przybilla,Rudy Fernandez,Sergio Rodriguez,Travis Outlaw,2,8:00,DEN,foul,,,,,,,,Rudy Fernandez,,Chris Andersen,,,,,,personal,,
Anthony Carter,Chris Andersen,Chucky Atkins,Linas Kleiza,Nene Hilario,Brandon Roy,Channing Frye,Joel Przybilla,Rudy Fernandez,Sergio Rodriguez,2,8:00,POR,sub,,,,Brandon Roy,,Travis Outlaw,,,,,,,,,,,,
Anthony Carter,Chris Andersen,Chucky Atkins,Linas Kleiza,Nene Hilario,Brandon Roy,Channing Frye,Joel Przybilla,Rudy Fernandez,Sergio Rodriguez,2,7:47,POR,shot,,,,,,,,,,Brandon Roy,,,,missed,,jump,36,20
Anthony Carter,Chris Andersen,Chucky Atkins,Linas Kleiza,Nene Hilario,Brandon Roy,Channing Frye,Joel Przybilla,Rudy Fernandez,Sergio Rodriguez,2,7:46,DEN,rebound,,,,,,,,,,,,,,,,,,
Anthony Carter,Chris Andersen,Chucky Atkins,Linas Kleiza,Nene Hilario,Brandon Roy,Channing Frye,Joel Przybilla,Rudy Fernandez,Sergio Rodriguez,2,7:29,DEN,shot,Anthony Carter,,,,,,,,,Linas Kleiza,3,,,made,,3pt,48,6
Anthony Carter,Chris Andersen,Chucky Atkins,Linas Kleiza,Nene Hilario,Brandon Roy,Channing Frye,Joel Przybilla,Rudy Fernandez,Sergio Rodriguez,2,7:14,POR,shot,,,,,,,,,,Rudy Fernandez,,,,missed,,3pt,47,16
Anthony Carter,Chris Andersen,Chucky Atkins,Linas Kleiza,Nene Hilario,Brandon Roy,Channing Frye,Joel Przybilla,Rudy Fernandez,Sergio Rodriguez,2,7:13,DEN,rebound,,,,,,,,,,Anthony Carter,,,,,,def,,
Anthony Carter,Chris Andersen,Chucky Atkins,Linas Kleiza,Nene Hilario,Brandon Roy,Channing Frye,Joel Przybilla,Rudy Fernandez,Sergio Rodriguez,2,7:06,DEN,shot,,,,,,,,,,Anthony Carter,2,,,made,,jump,9,7
Anthony Carter,Chris Andersen,Chucky Atkins,Linas Kleiza,Nene Hilario,Brandon Roy,Channing Frye,Joel Przybilla,Rudy Fernandez,Sergio Rodriguez,2,7:01,POR,timeout,,,,,,,,,,,,,,,,regular,,
Anthony Carter,Chris Andersen,Chucky Atkins,Linas Kleiza,Nene Hilario,Brandon Roy,Channing Frye,Greg Oden,Rudy Fernandez,Sergio Rodriguez,2,7:01,POR,sub,,,,Greg Oden,,Joel Przybilla,,,,,,,,,,,,
Anthony Carter,Chris Andersen,Chucky Atkins,Linas Kleiza,Nene Hilario,Brandon Roy,Greg Oden,LaMarcus Aldridge,Rudy Fernandez,Sergio Rodriguez,2,7:01,POR,sub,,,,LaMarcus Aldridge,,Channing Frye,,,,,,,,,,,,
Anthony Carter,Chris Andersen,Chucky Atkins,Linas Kleiza,Nene Hilario,Brandon Roy,Greg Oden,LaMarcus Aldridge,Rudy Fernandez,Steve Blake,2,7:01,POR,sub,,,,Steve Blake,,Sergio Rodriguez,,,,,,,,,,,,
Anthony Carter,Chris Andersen,Chucky Atkins,Linas Kleiza,Nene Hilario,Brandon Roy,Greg Oden,LaMarcus Aldridge,Rudy Fernandez,Steve Blake,2,6:53,POR,shot,Brandon Roy,,,,,,,,,Rudy Fernandez,3,,,made,,3pt,47,6
Anthony Carter,Chris Andersen,Chucky Atkins,Linas Kleiza,Nene Hilario,Brandon Roy,Greg Oden,LaMarcus Aldridge,Rudy Fernandez,Steve Blake,2,6:29,DEN,shot,,,,,,,,,,Linas Kleiza,,,,missed,,running hook,24,10
Anthony Carter,Chris Andersen,Chucky Atkins,Linas Kleiza,Nene Hilario,Brandon Roy,Greg Oden,LaMarcus Aldridge,Rudy Fernandez,Steve Blake,2,6:28,POR,rebound,,,,,,,,,,Greg Oden,,,,,,def,,
Anthony Carter,Chris Andersen,Chucky Atkins,Linas Kleiza,Nene Hilario,Brandon Roy,Greg Oden,LaMarcus Aldridge,Rudy Fernandez,Steve Blake,2,6:23,POR,shot,,,,,,,,,,Rudy Fernandez,,,,missed,,3pt,5,21
Anthony Carter,Chris Andersen,Chucky Atkins,Linas Kleiza,Nene Hilario,Brandon Roy,Greg Oden,LaMarcus Aldridge,Rudy Fernandez,Steve Blake,2,6:22,POR,shot,,,,,,,,,,Brandon Roy,2,,,made,,layup,25,6
Anthony Carter,Chris Andersen,Chucky Atkins,Linas Kleiza,Nene Hilario,Brandon Roy,Greg Oden,LaMarcus Aldridge,Rudy Fernandez,Steve Blake,2,6:22,POR,rebound,,,,,,,,,,Brandon Roy,,,,,,off,,
Anthony Carter,Chris Andersen,Chucky Atkins,Linas Kleiza,Nene Hilario,Brandon Roy,Greg Oden,LaMarcus Aldridge,Rudy Fernandez,Steve Blake,2,6:14,POR,foul,,,,,,,,Anthony Carter,,Greg Oden,,,,,,personal,,
Chauncey Billups,Chris Andersen,Chucky Atkins,Linas Kleiza,Nene Hilario,Brandon Roy,Greg Oden,LaMarcus Aldridge,Rudy Fernandez,Steve Blake,2,6:14,DEN,sub,,,,Chauncey Billups,,Anthony Carter,,,,,,,,,,,,
Chauncey Billups,Chris Andersen,Chucky Atkins,J.R. Smith,Nene Hilario,Brandon Roy,Greg Oden,LaMarcus Aldridge,Rudy Fernandez,Steve Blake,2,6:14,DEN,sub,,,,J.R. Smith,,Linas Kleiza,,,,,,,,,,,,
Chauncey Billups,Chris Andersen,Chucky Atkins,J.R. Smith,Nene Hilario,Brandon Roy,Joel Przybilla,LaMarcus Aldridge,Rudy Fernandez,Steve Blake,2,6:14,POR,sub,,,,Joel Przybilla,,Greg Oden,,,,,,,,,,,,
Chauncey Billups,Chris Andersen,Chucky Atkins,J.R. Smith,Nene Hilario,Brandon Roy,Joel Przybilla,LaMarcus Aldridge,Rudy Fernandez,Steve Blake,2,6:02,DEN,shot,,,,,,,,,,Chauncey Billups,,,,missed,,3pt,3,16
Chauncey Billups,Chris Andersen,Chucky Atkins,J.R. Smith,Nene Hilario,Brandon Roy,Joel Przybilla,LaMarcus Aldridge,Rudy Fernandez,Steve Blake,2,6:01,POR,rebound,,,,,,,,,,Joel Przybilla,,,,,,def,,
Chauncey Billups,Chris Andersen,Chucky Atkins,J.R. Smith,Nene Hilario,Brandon Roy,Joel Przybilla,LaMarcus Aldridge,Rudy Fernandez,Steve Blake,2,5:46,POR,shot,Brandon Roy,,,,,,,,,LaMarcus Aldridge,2,,,made,,jump,42,19
Chauncey Billups,Chris Andersen,Chucky Atkins,J.R. Smith,Nene Hilario,Brandon Roy,Joel Przybilla,LaMarcus Aldridge,Rudy Fernandez,Steve Blake,2,5:26,DEN,shot,,,,,,,,,,J.R. Smith,,,,missed,,3pt,33,32
Chauncey Billups,Chris Andersen,Chucky Atkins,J.R. Smith,Nene Hilario,Brandon Roy,Joel Przybilla,LaMarcus Aldridge,Rudy Fernandez,Steve Blake,2,5:25,POR,rebound,,,,,,,,,,Joel Przybilla,,,,,,def,,
Chauncey Billups,Chris Andersen,Chucky Atkins,J.R. Smith,Nene Hilario,Brandon Roy,Joel Przybilla,LaMarcus Aldridge,Rudy Fernandez,Steve Blake,2,5:10,POR,shot,LaMarcus Aldridge,,,,,,,,,Steve Blake,3,,,made,,3pt,2,6
Chauncey Billups,Chris Andersen,Chucky Atkins,J.R. Smith,Nene Hilario,Brandon Roy,Joel Przybilla,LaMarcus Aldridge,Rudy Fernandez,Steve Blake,2,5:02,DEN,timeout,,,,,,,,,,,,,,,,short,,
Chauncey Billups,Chris Andersen,Chucky Atkins,J.R. Smith,Nene Hilario,Brandon Roy,Joel Przybilla,LaMarcus Aldridge,Rudy Fernandez,Steve Blake,2,4:43,DEN,shot,,,,,,,,,,Chucky Atkins,,,,missed,,jump,15,21
Chauncey Billups,Chris Andersen,Chucky Atkins,J.R. Smith,Nene Hilario,Brandon Roy,Joel Przybilla,LaMarcus Aldridge,Rudy Fernandez,Steve Blake,2,4:42,POR,rebound,,,,,,,,,,Steve Blake,,,,,,def,,
Chauncey Billups,Chris Andersen,Chucky Atkins,J.R. Smith,Nene Hilario,Brandon Roy,Joel Przybilla,LaMarcus Aldridge,Rudy Fernandez,Steve Blake,2,4:32,POR,shot,Brandon Roy,,,,,,,,,LaMarcus Aldridge,2,,,made,,jump,13,9
Chauncey Billups,Chris Andersen,Chucky Atkins,J.R. Smith,Nene Hilario,Brandon Roy,Joel Przybilla,LaMarcus Aldridge,Rudy Fernandez,Steve Blake,2,4:32,DEN,foul,,,,,,,,LaMarcus Aldridge,,Chris Andersen,,,,,,shooting,,
Chauncey Billups,Chucky Atkins,J.R. Smith,Kenyon Martin,Nene Hilario,Brandon Roy,Joel Przybilla,LaMarcus Aldridge,Rudy Fernandez,Steve Blake,2,4:32,DEN,sub,,,,Kenyon Martin,,Chris Andersen,,,,,,,,,,,,
Chauncey Billups,Chucky Atkins,J.R. Smith,Kenyon Martin,Nene Hilario,Brandon Roy,Joel Przybilla,LaMarcus Aldridge,Rudy Fernandez,Steve Blake,2,4:32,POR,free throw,,,,,,,1,,1,LaMarcus Aldridge,,,foul,made,,,,
Chauncey Billups,Chucky Atkins,J.R. Smith,Kenyon Martin,Nene Hilario,Brandon Roy,Joel Przybilla,LaMarcus Aldridge,Rudy Fernandez,Steve Blake,2,4:19,DEN,turnover,,,,,,,,,,Chauncey Billups,,,out of bounds lost ball turnover,,,,,
Chauncey Billups,Chucky Atkins,J.R. Smith,Kenyon Martin,Nene Hilario,Brandon Roy,Joel Przybilla,LaMarcus Aldridge,Rudy Fernandez,Steve Blake,2,4:03,POR,turnover,,,,,,,,,,Steve Blake,,,bad pass,,Nene Hilario,,,
Chauncey Billups,Chucky Atkins,J.R. Smith,Kenyon Martin,Nene Hilario,Brandon Roy,Joel Przybilla,LaMarcus Aldridge,Rudy Fernandez,Steve Blake,2,4:02,POR,foul,,,,,,,,Chucky Atkins,,Steve Blake,,,,,,personal,,
Chauncey Billups,Chucky Atkins,J.R. Smith,Kenyon Martin,Nene Hilario,Brandon Roy,Joel Przybilla,LaMarcus Aldridge,Rudy Fernandez,Steve Blake,2,3:54,DEN,turnover,,,,,,,,,,Chucky Atkins,,,bad pass,,,,,
Chauncey Billups,Chucky Atkins,J.R. Smith,Kenyon Martin,Nene Hilario,Brandon Roy,Joel Przybilla,LaMarcus Aldridge,Rudy Fernandez,Steve Blake,2,3:32,POR,shot,,,,,,,,,,Rudy Fernandez,,,,missed,,turnaround jump,40,18
Chauncey Billups,Chucky Atkins,J.R. Smith,Kenyon Martin,Nene Hilario,Brandon Roy,Joel Przybilla,LaMarcus Aldridge,Rudy Fernandez,Steve Blake,2,3:31,DEN,rebound,,,,,,,,,,Nene Hilario,,,,,,def,,
Chauncey Billups,Chucky Atkins,J.R. Smith,Kenyon Martin,Nene Hilario,Brandon Roy,Joel Przybilla,LaMarcus Aldridge,Rudy Fernandez,Steve Blake,2,3:25,DEN,turnover,,,,,,,,,,J.R. Smith,,,bad pass,,Rudy Fernandez,,,
Chauncey Billups,Chucky Atkins,J.R. Smith,Kenyon Martin,Nene Hilario,Brandon Roy,Joel Przybilla,LaMarcus Aldridge,Rudy Fernandez,Steve Blake,2,3:24,DEN,foul,,,,,,,,Rudy Fernandez,,Kenyon Martin,,,,,,personal,,
Chauncey Billups,Chucky Atkins,J.R. Smith,Kenyon Martin,Nene Hilario,Brandon Roy,Joel Przybilla,LaMarcus Aldridge,Steve Blake,Travis Outlaw,2,3:24,POR,sub,,,,Travis Outlaw,,Rudy Fernandez,,,,,,,,,,,,
Chauncey Billups,Chucky Atkins,J.R. Smith,Kenyon Martin,Nene Hilario,Brandon Roy,Joel Przybilla,LaMarcus Aldridge,Steve Blake,Travis Outlaw,2,3:05,POR,shot,Steve Blake,,,,,,,,,Joel Przybilla,2,,,made,,layup,25,6
Chauncey Billups,Chucky Atkins,J.R. Smith,Kenyon Martin,Nene Hilario,Brandon Roy,Joel Przybilla,LaMarcus Aldridge,Steve Blake,Travis Outlaw,2,2:44,DEN,shot,,,Travis Outlaw,,,,,,,Kenyon Martin,,,,missed,,driving layup,25,6
Chauncey Billups,Chucky Atkins,J.R. Smith,Kenyon Martin,Nene Hilario,Brandon Roy,Joel Przybilla,LaMarcus Aldridge,Steve Blake,Travis Outlaw,2,2:44,DEN,rebound,,,,,,,,,,,,,,,,,,
Chauncey Billups,Chucky Atkins,J.R. Smith,Kenyon Martin,Nene Hilario,Brandon Roy,Joel Przybilla,LaMarcus Aldridge,Steve Blake,Travis Outlaw,2,2:44,OFF,timeout,,,,,,,,,,,,,,,,official,,
Chauncey Billups,Dahntay Jones,J.R. Smith,Kenyon Martin,Nene Hilario,Brandon Roy,Joel Przybilla,LaMarcus Aldridge,Steve Blake,Travis Outlaw,2,2:44,DEN,sub,,,,Dahntay Jones,,Chucky Atkins,,,,,,,,,,,,
Chauncey Billups,Dahntay Jones,J.R. Smith,Kenyon Martin,Nene Hilario,Brandon Roy,Joel Przybilla,LaMarcus Aldridge,Steve Blake,Travis Outlaw,2,2:40,DEN,shot,,,,,,,,,,Kenyon Martin,,,,missed,,jump,19,15
Chauncey Billups,Dahntay Jones,J.R. Smith,Kenyon Martin,Nene Hilario,Brandon Roy,Joel Przybilla,LaMarcus Aldridge,Steve Blake,Travis Outlaw,2,2:39,POR,rebound,,,,,,,,,,Joel Przybilla,,,,,,def,,
Chauncey Billups,Dahntay Jones,J.R. Smith,Kenyon Martin,Nene Hilario,Brandon Roy,Joel Przybilla,LaMarcus Aldridge,Steve Blake,Travis Outlaw,2,2:18,POR,shot,,,,,,,,,,Travis Outlaw,,,,missed,,3pt,36,28
Chauncey Billups,Dahntay Jones,J.R. Smith,Kenyon Martin,Nene Hilario,Brandon Roy,Joel Przybilla,LaMarcus Aldridge,Steve Blake,Travis Outlaw,2,2:17,DEN,rebound,,,,,,,,,,Kenyon Martin,,,,,,def,,
Chauncey Billups,Dahntay Jones,J.R. Smith,Kenyon Martin,Nene Hilario,Brandon Roy,Joel Przybilla,LaMarcus Aldridge,Steve Blake,Travis Outlaw,2,2:08,DEN,shot,,,,,,,,,,J.R. Smith,2,,,made,,pullup jump,22,21
Chauncey Billups,Dahntay Jones,J.R. Smith,Kenyon Martin,Nene Hilario,Brandon Roy,Joel Przybilla,LaMarcus Aldridge,Steve Blake,Travis Outlaw,2,1:52,DEN,foul,,,,,,,,Brandon Roy,,Dahntay Jones,,,,,,shooting,,
Chauncey Billups,Dahntay Jones,J.R. Smith,Kenyon Martin,Nene Hilario,Brandon Roy,Joel Przybilla,LaMarcus Aldridge,Steve Blake,Travis Outlaw,2,1:52,POR,free throw,,,,,,,1,,2,Brandon Roy,,,foul,made,,,,
Chauncey Billups,J.R. Smith,Kenyon Martin,Linas Kleiza,Nene Hilario,Brandon Roy,Joel Przybilla,LaMarcus Aldridge,Steve Blake,Travis Outlaw,2,1:52,DEN,sub,,,,Linas Kleiza,,Dahntay Jones,,,,,,,,,,,,
Chauncey Billups,J.R. Smith,Kenyon Martin,Linas Kleiza,Nene Hilario,Brandon Roy,Joel Przybilla,LaMarcus Aldridge,Steve Blake,Travis Outlaw,2,1:52,POR,free throw,,,,,,,2,,2,Brandon Roy,,,foul,missed,,,,
Chauncey Billups,J.R. Smith,Kenyon Martin,Linas Kleiza,Nene Hilario,Brandon Roy,Joel Przybilla,LaMarcus Aldridge,Steve Blake,Travis Outlaw,2,1:51,DEN,rebound,,,,,,,,,,Linas Kleiza,,,,,,def,,
Chauncey Billups,J.R. Smith,Kenyon Martin,Linas Kleiza,Nene Hilario,Brandon Roy,Joel Przybilla,LaMarcus Aldridge,Steve Blake,Travis Outlaw,2,1:38,DEN,shot,,,,,,,,,,Chauncey Billups,,,,missed,,fade away jumper,35,8
Chauncey Billups,J.R. Smith,Kenyon Martin,Linas Kleiza,Nene Hilario,Brandon Roy,Joel Przybilla,LaMarcus Aldridge,Steve Blake,Travis Outlaw,2,1:37,DEN,rebound,,,,,,,,,,Kenyon Martin,,,,,,off,,
Chauncey Billups,J.R. Smith,Kenyon Martin,Linas Kleiza,Nene Hilario,Brandon Roy,Joel Przybilla,LaMarcus Aldridge,Steve Blake,Travis Outlaw,2,1:23,DEN,shot,,,Travis Outlaw,,,,,,,Kenyon Martin,,,,missed,,turnaround jump,17,15
Chauncey Billups,J.R. Smith,Kenyon Martin,Linas Kleiza,Nene Hilario,Brandon Roy,Joel Przybilla,LaMarcus Aldridge,Steve Blake,Travis Outlaw,2,1:22,POR,rebound,,,,,,,,,,Travis Outlaw,,,,,,def,,
Chauncey Billups,J.R. Smith,Kenyon Martin,Linas Kleiza,Nene Hilario,Brandon Roy,Joel Przybilla,LaMarcus Aldridge,Steve Blake,Travis Outlaw,2,1:18,POR,turnover,,,,,,,,,,Steve Blake,,,bad pass,,Nene Hilario,,,
Chauncey Billups,J.R. Smith,Kenyon Martin,Linas Kleiza,Nene Hilario,Brandon Roy,Joel Przybilla,LaMarcus Aldridge,Steve Blake,Travis Outlaw,2,1:07,DEN,shot,Chauncey Billups,,,,,,,,,Linas Kleiza,3,,,made,,3pt,8,23
Chauncey Billups,J.R. Smith,Kenyon Martin,Linas Kleiza,Nene Hilario,Brandon Roy,Joel Przybilla,LaMarcus Aldridge,Steve Blake,Travis Outlaw,2,0:51,POR,shot,,,,,,,,,,Steve Blake,,,,missed,,3pt,48,7
Chauncey Billups,J.R. Smith,Kenyon Martin,Linas Kleiza,Nene Hilario,Brandon Roy,Joel Przybilla,LaMarcus Aldridge,Steve Blake,Travis Outlaw,2,0:51,DEN,rebound,,,,,,,,,,J.R. Smith,,,,,,def,,
Chauncey Billups,J.R. Smith,Kenyon Martin,Linas Kleiza,Nene Hilario,Brandon Roy,Joel Przybilla,LaMarcus Aldridge,Steve Blake,Travis Outlaw,2,0:41,POR,foul,,,,,,,,Kenyon Martin,,Steve Blake,,,,,,personal,,
Chauncey Billups,J.R. Smith,Kenyon Martin,Linas Kleiza,Nene Hilario,Brandon Roy,Joel Przybilla,LaMarcus Aldridge,Steve Blake,Travis Outlaw,2,0:31,DEN,shot,,,,,,,,,,Nene Hilario,2,,,made,,fade away jumper,,
Chauncey Billups,J.R. Smith,Kenyon Martin,Linas Kleiza,Nene Hilario,Brandon Roy,Joel Przybilla,LaMarcus Aldridge,Steve Blake,Travis Outlaw,2,0:28,POR,timeout,,,,,,,,,,,,,,,,short,,
Chauncey Billups,J.R. Smith,Kenyon Martin,Linas Kleiza,Nene Hilario,Brandon Roy,Joel Przybilla,LaMarcus Aldridge,Rudy Fernandez,Travis Outlaw,2,0:28,POR,sub,,,,Rudy Fernandez,,Steve Blake,,,,,,,,,,,,
Chauncey Billups,J.R. Smith,Kenyon Martin,Linas Kleiza,Nene Hilario,Brandon Roy,Joel Przybilla,LaMarcus Aldridge,Rudy Fernandez,Travis Outlaw,2,0:24,POR,turnover,,,,,,,,,,Brandon Roy,,,lost ball,,Chauncey Billups,,,
Chauncey Billups,J.R. Smith,Kenyon Martin,Linas Kleiza,Nene Hilario,Brandon Roy,Joel Przybilla,LaMarcus Aldridge,Rudy Fernandez,Travis Outlaw,2,0:24,POR,foul,,,,,,,,Chauncey Billups,,Brandon Roy,,,,,,personal,,
Chauncey Billups,J.R. Smith,Kenyon Martin,Linas Kleiza,Nene Hilario,Brandon Roy,Joel Przybilla,LaMarcus Aldridge,Rudy Fernandez,Travis Outlaw,2,0:24,DEN,free throw,,,,,,,1,,2,Chauncey Billups,,,foul,made,,,,
Chauncey Billups,Dahntay Jones,J.R. Smith,Kenyon Martin,Nene Hilario,Brandon Roy,Joel Przybilla,LaMarcus Aldridge,Rudy Fernandez,Travis Outlaw,2,0:24,DEN,sub,,,,Dahntay Jones,,Linas Kleiza,,,,,,,,,,,,
Anthony Carter,Chauncey Billups,Dahntay Jones,Kenyon Martin,Nene Hilario,Brandon Roy,Joel Przybilla,LaMarcus Aldridge,Rudy Fernandez,Travis Outlaw,2,0:24,DEN,sub,,,,Anthony Carter,,J.R. Smith,,,,,,,,,,,,
Anthony Carter,Chauncey Billups,Dahntay Jones,Kenyon Martin,Nene Hilario,Brandon Roy,Joel Przybilla,LaMarcus Aldridge,Rudy Fernandez,Travis Outlaw,2,0:24,DEN,free throw,,,,,,,2,,2,Chauncey Billups,,,foul,missed,,,,
Anthony Carter,Chauncey Billups,Dahntay Jones,Kenyon Martin,Nene Hilario,Brandon Roy,Joel Przybilla,LaMarcus Aldridge,Rudy Fernandez,Travis Outlaw,2,0:21,DEN,shot,,,,,,,,,,Nene Hilario,,,,missed,,tip,,
Anthony Carter,Chauncey Billups,Dahntay Jones,Kenyon Martin,Nene Hilario,Brandon Roy,Joel Przybilla,LaMarcus Aldridge,Rudy Fernandez,Travis Outlaw,2,0:21,DEN,rebound,,,,,,,,,,Nene Hilario,,,,,,off,,
Anthony Carter,Chauncey Billups,Dahntay Jones,Kenyon Martin,Nene Hilario,Brandon Roy,Joel Przybilla,LaMarcus Aldridge,Rudy Fernandez,Travis Outlaw,2,0:20,POR,rebound,,,,,,,,,,Joel Przybilla,,,,,,def,,
Anthony Carter,Chauncey Billups,Dahntay Jones,Kenyon Martin,Nene Hilario,Brandon Roy,Joel Przybilla,LaMarcus Aldridge,Rudy Fernandez,Travis Outlaw,2,0:00,POR,turnover,,,,,,,,,,Rudy Fernandez,,,bad pass,,Anthony Carter,,,
Chauncey Billups,Dahntay Jones,J.R. Smith,Kenyon Martin,Nene Hilario,Brandon Roy,Greg Oden,LaMarcus Aldridge,Nicolas Batum,Steve Blake,3,11:41,DEN,shot,,,,,,,,,,Kenyon Martin,,,,missed,,jump,23,20
Chauncey Billups,Dahntay Jones,J.R. Smith,Kenyon Martin,Nene Hilario,Brandon Roy,Greg Oden,LaMarcus Aldridge,Nicolas Batum,Steve Blake,3,11:40,DEN,shot,,,,,,,,,,Dahntay Jones,,,,missed,,tip,25,6
Chauncey Billups,Dahntay Jones,J.R. Smith,Kenyon Martin,Nene Hilario,Brandon Roy,Greg Oden,LaMarcus Aldridge,Nicolas Batum,Steve Blake,3,11:40,DEN,rebound,,,,,,,,,,Dahntay Jones,,,,,,off,,
Chauncey Billups,Dahntay Jones,J.R. Smith,Kenyon Martin,Nene Hilario,Brandon Roy,Greg Oden,LaMarcus Aldridge,Nicolas Batum,Steve Blake,3,11:39,DEN,rebound,,,,,,,,,,Nene Hilario,,,,,,off,,
Chauncey Billups,Dahntay Jones,J.R. Smith,Kenyon Martin,Nene Hilario,Brandon Roy,Greg Oden,LaMarcus Aldridge,Nicolas Batum,Steve Blake,3,11:39,POR,foul,,,,,,,,Nene Hilario,,Greg Oden,,,,,,shooting,,
Chauncey Billups,Dahntay Jones,J.R. Smith,Kenyon Martin,Nene Hilario,Brandon Roy,Greg Oden,LaMarcus Aldridge,Nicolas Batum,Steve Blake,3,11:39,DEN,free throw,,,,,,,1,,2,Nene Hilario,,,foul,made,,,,
Chauncey Billups,Dahntay Jones,J.R. Smith,Kenyon Martin,Nene Hilario,Brandon Roy,Joel Przybilla,LaMarcus Aldridge,Nicolas Batum,Steve Blake,3,11:39,POR,sub,,,,Joel Przybilla,,Greg Oden,,,,,,,,,,,,
Chauncey Billups,Dahntay Jones,J.R. Smith,Kenyon Martin,Nene Hilario,Brandon Roy,Joel Przybilla,LaMarcus Aldridge,Nicolas Batum,Steve Blake,3,11:39,DEN,free throw,,,,,,,2,,2,Nene Hilario,,,foul,made,,,,
Chauncey Billups,Dahntay Jones,J.R. Smith,Kenyon Martin,Nene Hilario,Brandon Roy,Joel Przybilla,LaMarcus Aldridge,Nicolas Batum,Steve Blake,3,11:14,POR,shot,,,,,,,,,,Steve Blake,2,,,made,,fade away jumper,25,26
Chauncey Billups,Dahntay Jones,J.R. Smith,Kenyon Martin,Nene Hilario,Brandon Roy,Joel Przybilla,LaMarcus Aldridge,Nicolas Batum,Steve Blake,3,10:55,DEN,shot,,,,,,,,,,J.R. Smith,,,,missed,,3pt,21,30
Chauncey Billups,Dahntay Jones,J.R. Smith,Kenyon Martin,Nene Hilario,Brandon Roy,Joel Przybilla,LaMarcus Aldridge,Nicolas Batum,Steve Blake,3,10:55,DEN,rebound,,,,,,,,,,Nene Hilario,,,,,,off,,
Chauncey Billups,Dahntay Jones,J.R. Smith,Kenyon Martin,Nene Hilario,Brandon Roy,Joel Przybilla,LaMarcus Aldridge,Nicolas Batum,Steve Blake,3,10:51,DEN,turnover,,,,,,,,,,Nene Hilario,,,lost ball,,Steve Blake,,,
Chauncey Billups,Dahntay Jones,J.R. Smith,Kenyon Martin,Nene Hilario,Brandon Roy,Joel Przybilla,LaMarcus Aldridge,Nicolas Batum,Steve Blake,3,10:43,POR,shot,,,,,,,,,,Brandon Roy,,,,missed,,jump,22,21
Chauncey Billups,Dahntay Jones,J.R. Smith,Kenyon Martin,Nene Hilario,Brandon Roy,Joel Przybilla,LaMarcus Aldridge,Nicolas Batum,Steve Blake,3,10:42,POR,rebound,,,,,,,,,,LaMarcus Aldridge,,,,,,off,,
Chauncey Billups,Dahntay Jones,J.R. Smith,Kenyon Martin,Nene Hilario,Brandon Roy,Joel Przybilla,LaMarcus Aldridge,Nicolas Batum,Steve Blake,3,10:41,DEN,foul,,,,,,,,LaMarcus Aldridge,,J.R. Smith,,,,,,shooting,,
Chauncey Billups,Dahntay Jones,J.R. Smith,Kenyon Martin,Nene Hilario,Brandon Roy,Joel Przybilla,LaMarcus Aldridge,Nicolas Batum,Steve Blake,3,10:41,POR,free throw,,,,,,,1,,2,LaMarcus Aldridge,,,foul,made,,,,
Chauncey Billups,Dahntay Jones,J.R. Smith,Kenyon Martin,Nene Hilario,Brandon Roy,Joel Przybilla,LaMarcus Aldridge,Nicolas Batum,Steve Blake,3,10:41,POR,free throw,,,,,,,2,,2,LaMarcus Aldridge,,,foul,made,,,,
Chauncey Billups,Dahntay Jones,J.R. Smith,Kenyon Martin,Nene Hilario,Brandon Roy,Joel Przybilla,LaMarcus Aldridge,Nicolas Batum,Steve Blake,3,10:20,POR,foul,,,,,,,,Kenyon Martin,,Nicolas Batum,,,,,,shooting,,
Chauncey Billups,Dahntay Jones,J.R. Smith,Kenyon Martin,Nene Hilario,Brandon Roy,Joel Przybilla,LaMarcus Aldridge,Nicolas Batum,Steve Blake,3,10:20,DEN,free throw,,,,,,,1,,2,Kenyon Martin,,,foul,missed,,,,
Chauncey Billups,Dahntay Jones,J.R. Smith,Kenyon Martin,Nene Hilario,Brandon Roy,Joel Przybilla,LaMarcus Aldridge,Nicolas Batum,Steve Blake,3,10:20,DEN,rebound,,,,,,,,,,,,,,,,,,
Chauncey Billups,Dahntay Jones,J.R. Smith,Kenyon Martin,Nene Hilario,Brandon Roy,Joel Przybilla,LaMarcus Aldridge,Nicolas Batum,Steve Blake,3,10:20,DEN,free throw,,,,,,,2,,2,Kenyon Martin,,,foul,missed,,,,
Chauncey Billups,Dahntay Jones,J.R. Smith,Kenyon Martin,Nene Hilario,Brandon Roy,Joel Przybilla,LaMarcus Aldridge,Nicolas Batum,Steve Blake,3,10:19,POR,rebound,,,,,,,,,,Joel Przybilla,,,,,,def,,
Chauncey Billups,Dahntay Jones,J.R. Smith,Kenyon Martin,Nene Hilario,Brandon Roy,Joel Przybilla,LaMarcus Aldridge,Nicolas Batum,Steve Blake,3,10:10,DEN,foul,,,,,,,,LaMarcus Aldridge,,Kenyon Martin,,,,,,shooting,,
Chauncey Billups,Dahntay Jones,J.R. Smith,Kenyon Martin,Nene Hilario,Brandon Roy,Joel Przybilla,LaMarcus Aldridge,Nicolas Batum,Steve Blake,3,10:10,POR,free throw,,,,,,,1,,2,LaMarcus Aldridge,,,foul,missed,,,,
Chauncey Billups,Dahntay Jones,J.R. Smith,Kenyon Martin,Nene Hilario,Brandon Roy,Joel Przybilla,LaMarcus Aldridge,Nicolas Batum,Steve Blake,3,10:10,POR,rebound,,,,,,,,,,,,,,,,,,
Chauncey Billups,Dahntay Jones,J.R. Smith,Kenyon Martin,Nene Hilario,Brandon Roy,Joel Przybilla,LaMarcus Aldridge,Nicolas Batum,Steve Blake,3,10:10,POR,free throw,,,,,,,2,,2,LaMarcus Aldridge,,,foul,made,,,,
Chauncey Billups,Dahntay Jones,J.R. Smith,Kenyon Martin,Nene Hilario,Brandon Roy,Joel Przybilla,LaMarcus Aldridge,Nicolas Batum,Steve Blake,3,9:49,DEN,shot,,,,,,,,,,J.R. Smith,,,,missed,,3pt,19,30
Chauncey Billups,Dahntay Jones,J.R. Smith,Kenyon Martin,Nene Hilario,Brandon Roy,Joel Przybilla,LaMarcus Aldridge,Nicolas Batum,Steve Blake,3,9:48,POR,rebound,,,,,,,,,,Joel Przybilla,,,,,,def,,
Chauncey Billups,Dahntay Jones,J.R. Smith,Kenyon Martin,Nene Hilario,Brandon Roy,Joel Przybilla,LaMarcus Aldridge,Nicolas Batum,Steve Blake,3,9:43,POR,turnover,,,,,,,,,,Nicolas Batum,,,step out of bounds turnover,,,,,
Chauncey Billups,Dahntay Jones,J.R. Smith,Kenyon Martin,Nene Hilario,Brandon Roy,Joel Przybilla,LaMarcus Aldridge,Nicolas Batum,Steve Blake,3,9:19,DEN,shot,,,,,,,,,,Kenyon Martin,2,,,made,,driving layup,25,6
Chauncey Billups,Dahntay Jones,J.R. Smith,Kenyon Martin,Nene Hilario,Brandon Roy,Joel Przybilla,LaMarcus Aldridge,Nicolas Batum,Steve Blake,3,9:08,POR,shot,,,,,,,,,,Brandon Roy,,,,missed,,jump,23,11
Chauncey Billups,Dahntay Jones,J.R. Smith,Kenyon Martin,Nene Hilario,Brandon Roy,Joel Przybilla,LaMarcus Aldridge,Nicolas Batum,Steve Blake,3,9:07,DEN,rebound,,,,,,,,,,J.R. Smith,,,,,,def,,
Chauncey Billups,Dahntay Jones,J.R. Smith,Kenyon Martin,Nene Hilario,Brandon Roy,Joel Przybilla,LaMarcus Aldridge,Nicolas Batum,Steve Blake,3,8:59,DEN,shot,,,,,,,,,,Chauncey Billups,2,,,made,,jump,32,18
Chauncey Billups,Dahntay Jones,J.R. Smith,Kenyon Martin,Nene Hilario,Brandon Roy,Joel Przybilla,LaMarcus Aldridge,Nicolas Batum,Steve Blake,3,8:58,POR,timeout,,,,,,,,,,,,,,,,regular,,
Chauncey Billups,Dahntay Jones,J.R. Smith,Kenyon Martin,Nene Hilario,Brandon Roy,Joel Przybilla,LaMarcus Aldridge,Nicolas Batum,Steve Blake,3,8:46,POR,shot,,,,,,,,,,LaMarcus Aldridge,,,,missed,,running hook,25,16
Chauncey Billups,Dahntay Jones,J.R. Smith,Kenyon Martin,Nene Hilario,Brandon Roy,Joel Przybilla,LaMarcus Aldridge,Nicolas Batum,Steve Blake,3,8:44,DEN,rebound,,,,,,,,,,Nene Hilario,,,,,,def,,
Chauncey Billups,Dahntay Jones,J.R. Smith,Kenyon Martin,Nene Hilario,Brandon Roy,Joel Przybilla,LaMarcus Aldridge,Nicolas Batum,Steve Blake,3,8:25,DEN,shot,,,,,,,,,,J.R. Smith,,,,missed,,3pt,47,17
Chauncey Billups,Dahntay Jones,J.R. Smith,Kenyon Martin,Nene Hilario,Brandon Roy,Joel Przybilla,LaMarcus Aldridge,Nicolas Batum,Steve Blake,3,8:25,POR,rebound,,,,,,,,,,Joel Przybilla,,,,,,def,,
Chauncey Billups,Dahntay Jones,J.R. Smith,Kenyon Martin,Nene Hilario,Brandon Roy,Joel Przybilla,LaMarcus Aldridge,Nicolas Batum,Steve Blake,3,8:05,POR,shot,,,,,,,,,,Brandon Roy,2,,,made,,driving layup,25,6
Chauncey Billups,Dahntay Jones,J.R. Smith,Kenyon Martin,Nene Hilario,Brandon Roy,Joel Przybilla,LaMarcus Aldridge,Nicolas Batum,Steve Blake,3,7:39,DEN,shot,,,,,,,,,,Kenyon Martin,,,,missed,,jump,18,22
Chauncey Billups,Dahntay Jones,J.R. Smith,Kenyon Martin,Nene Hilario,Brandon Roy,Joel Przybilla,LaMarcus Aldridge,Nicolas Batum,Steve Blake,3,7:39,DEN,rebound,,,,,,,,,,,,,,,,,,
Chauncey Billups,Dahntay Jones,J.R. Smith,Kenyon Martin,Nene Hilario,Brandon Roy,Joel Przybilla,LaMarcus Aldridge,Nicolas Batum,Steve Blake,3,7:39,POR,foul,,,,,,,,Nene Hilario,,Joel Przybilla,,,,,,loose ball,,
Chauncey Billups,Dahntay Jones,J.R. Smith,Kenyon Martin,Nene Hilario,Brandon Roy,Joel Przybilla,LaMarcus Aldridge,Nicolas Batum,Steve Blake,3,7:31,DEN,shot,,,,,,,,,,Kenyon Martin,,,,missed,,jump,28,9
Chauncey Billups,Dahntay Jones,J.R. Smith,Kenyon Martin,Nene Hilario,Brandon Roy,Joel Przybilla,LaMarcus Aldridge,Nicolas Batum,Steve Blake,3,7:30,POR,rebound,,,,,,,,,,Brandon Roy,,,,,,def,,
Chauncey Billups,Dahntay Jones,J.R. Smith,Kenyon Martin,Nene Hilario,Brandon Roy,Joel Przybilla,LaMarcus Aldridge,Nicolas Batum,Steve Blake,3,7:24,POR,turnover,,,,,,,,,,Steve Blake,,,bad pass,,Kenyon Martin,,,
Chauncey Billups,Dahntay Jones,J.R. Smith,Kenyon Martin,Nene Hilario,Brandon Roy,Joel Przybilla,LaMarcus Aldridge,Nicolas Batum,Steve Blake,3,7:18,POR,foul,,,,,,,,Chauncey Billups,,Steve Blake,,,,,,shooting,,
Chauncey Billups,Dahntay Jones,J.R. Smith,Kenyon Martin,Nene Hilario,Brandon Roy,Joel Przybilla,LaMarcus Aldridge,Nicolas Batum,Steve Blake,3,7:18,DEN,free throw,,,,,,,1,,2,Chauncey Billups,,,foul,made,,,,
Chauncey Billups,Dahntay Jones,J.R. Smith,Kenyon Martin,Nene Hilario,Brandon Roy,Joel Przybilla,LaMarcus Aldridge,Nicolas Batum,Steve Blake,3,7:18,DEN,free throw,,,,,,,2,,2,Chauncey Billups,,,foul,made,,,,
Chauncey Billups,Dahntay Jones,J.R. Smith,Kenyon Martin,Nene Hilario,Brandon Roy,Joel Przybilla,LaMarcus Aldridge,Nicolas Batum,Steve Blake,3,6:54,POR,shot,,,,,,,,,,Steve Blake,,,,missed,,3pt,35,29
Chauncey Billups,Dahntay Jones,J.R. Smith,Kenyon Martin,Nene Hilario,Brandon Roy,Joel Przybilla,LaMarcus Aldridge,Nicolas Batum,Steve Blake,3,6:51,POR,rebound,,,,,,,,,,LaMarcus Aldridge,,,,,,off,,
Chauncey Billups,Dahntay Jones,J.R. Smith,Kenyon Martin,Nene Hilario,Brandon Roy,Joel Przybilla,LaMarcus Aldridge,Nicolas Batum,Steve Blake,3,6:45,POR,turnover,,,,,,,,,,Steve Blake,,,bad pass,,Kenyon Martin,,,
Chauncey Billups,Dahntay Jones,J.R. Smith,Kenyon Martin,Nene Hilario,Brandon Roy,Joel Przybilla,LaMarcus Aldridge,Nicolas Batum,Steve Blake,3,6:40,DEN,shot,,,Brandon Roy,,,,,,,Dahntay Jones,,,,missed,,driving layup,25,6
Chauncey Billups,Dahntay Jones,J.R. Smith,Kenyon Martin,Nene Hilario,Brandon Roy,Joel Przybilla,LaMarcus Aldridge,Nicolas Batum,Steve Blake,3,6:37,POR,rebound,,,,,,,,,,Brandon Roy,,,,,,def,,
Chauncey Billups,Dahntay Jones,J.R. Smith,Kenyon Martin,Nene Hilario,Brandon Roy,Joel Przybilla,LaMarcus Aldridge,Nicolas Batum,Steve Blake,3,6:35,POR,turnover,,,,,,,,,,Nicolas Batum,,,bad pass,,,,,
Chauncey Billups,Dahntay Jones,J.R. Smith,Kenyon Martin,Nene Hilario,Brandon Roy,Joel Przybilla,LaMarcus Aldridge,Steve Blake,Travis Outlaw,3,6:35,POR,sub,,,,Travis Outlaw,,Nicolas Batum,,,,,,,,,,,,
Chauncey Billups,Dahntay Jones,J.R. Smith,Kenyon Martin,Nene Hilario,Brandon Roy,Joel Przybilla,LaMarcus Aldridge,Steve Blake,Travis Outlaw,3,6:18,POR,foul,,,,,,,,Nene Hilario,,Joel Przybilla,,,,,,personal,,
Chauncey Billups,Dahntay Jones,Kenyon Martin,Linas Kleiza,Nene Hilario,Brandon Roy,Joel Przybilla,LaMarcus Aldridge,Steve Blake,Travis Outlaw,3,6:18,DEN,sub,,,,Linas Kleiza,,J.R. Smith,,,,,,,,,,,,
Chauncey Billups,Dahntay Jones,Kenyon Martin,Linas Kleiza,Nene Hilario,Brandon Roy,Joel Przybilla,LaMarcus Aldridge,Steve Blake,Travis Outlaw,3,6:18,DEN,free throw,,,,,,,1,,2,Nene Hilario,,,foul,made,,,,
Chauncey Billups,Dahntay Jones,Kenyon Martin,Linas Kleiza,Nene Hilario,Brandon Roy,Joel Przybilla,LaMarcus Aldridge,Steve Blake,Travis Outlaw,3,6:18,DEN,free throw,,,,,,,2,,2,Nene Hilario,,,foul,made,,,,
Chauncey Billups,Dahntay Jones,Kenyon Martin,Linas Kleiza,Nene Hilario,Brandon Roy,Joel Przybilla,LaMarcus Aldridge,Steve Blake,Travis Outlaw,3,5:57,POR,shot,,,,,,,,,,Travis Outlaw,2,,,made,,driving reverse layup,25,6
Chauncey Billups,Dahntay Jones,Kenyon Martin,Linas Kleiza,Nene Hilario,Brandon Roy,Joel Przybilla,LaMarcus Aldridge,Steve Blake,Travis Outlaw,3,5:39,DEN,shot,,,LaMarcus Aldridge,,,,,,,Dahntay Jones,,,,missed,,jump,18,20
Chauncey Billups,Dahntay Jones,Kenyon Martin,Linas Kleiza,Nene Hilario,Brandon Roy,Joel Przybilla,LaMarcus Aldridge,Steve Blake,Travis Outlaw,3,5:38,POR,rebound,,,,,,,,,,Joel Przybilla,,,,,,def,,
Chauncey Billups,Dahntay Jones,Kenyon Martin,Linas Kleiza,Nene Hilario,Brandon Roy,Joel Przybilla,LaMarcus Aldridge,Steve Blake,Travis Outlaw,3,5:27,POR,shot,,,,,,,,,,Travis Outlaw,2,,,made,,jump,11,22
Chauncey Billups,Dahntay Jones,Kenyon Martin,Linas Kleiza,Nene Hilario,Brandon Roy,Joel Przybilla,LaMarcus Aldridge,Steve Blake,Travis Outlaw,3,5:05,POR,foul,,,,,,,,Chauncey Billups,,Travis Outlaw,,,,,,shooting,,
Chauncey Billups,Chucky Atkins,Kenyon Martin,Linas Kleiza,Nene Hilario,Brandon Roy,Joel Przybilla,LaMarcus Aldridge,Steve Blake,Travis Outlaw,3,5:05,DEN,sub,,,,Chucky Atkins,,Dahntay Jones,,,,,,,,,,,,
Chauncey Billups,Chucky Atkins,Kenyon Martin,Linas Kleiza,Nene Hilario,Brandon Roy,Joel Przybilla,LaMarcus Aldridge,Steve Blake,Travis Outlaw,3,5:05,DEN,free throw,,,,,,,1,,2,Chauncey Billups,,,foul,made,,,,
Chauncey Billups,Chucky Atkins,Kenyon Martin,Linas Kleiza,Nene Hilario,Brandon Roy,Joel Przybilla,LaMarcus Aldridge,Steve Blake,Travis Outlaw,3,5:05,DEN,free throw,,,,,,,2,,2,Chauncey Billups,,,foul,made,,,,
Chauncey Billups,Chucky Atkins,Kenyon Martin,Linas Kleiza,Nene Hilario,Brandon Roy,Joel Przybilla,LaMarcus Aldridge,Steve Blake,Travis Outlaw,3,4:46,POR,shot,,,,,,,,,,Travis Outlaw,,,,missed,,jump,46,6
Chauncey Billups,Chucky Atkins,Kenyon Martin,Linas Kleiza,Nene Hilario,Brandon Roy,Joel Przybilla,LaMarcus Aldridge,Steve Blake,Travis Outlaw,3,4:45,DEN,rebound,,,,,,,,,,Kenyon Martin,,,,,,def,,
Chauncey Billups,Chucky Atkins,Kenyon Martin,Linas Kleiza,Nene Hilario,Brandon Roy,Joel Przybilla,LaMarcus Aldridge,Steve Blake,Travis Outlaw,3,4:38,DEN,shot,Chucky Atkins,,,,,,,,,Nene Hilario,2,,,made,,jump,,
Chauncey Billups,Chucky Atkins,Kenyon Martin,Linas Kleiza,Nene Hilario,Brandon Roy,Joel Przybilla,LaMarcus Aldridge,Steve Blake,Travis Outlaw,3,4:24,DEN,foul,,,,,,,,Brandon Roy,,Chauncey Billups,,,,,,personal,,
Chauncey Billups,Chucky Atkins,Kenyon Martin,Linas Kleiza,Nene Hilario,Brandon Roy,Joel Przybilla,LaMarcus Aldridge,Steve Blake,Travis Outlaw,3,4:23,POR,turnover,,,,,,,,,,Travis Outlaw,,,bad pass,,Nene Hilario,,,
Chauncey Billups,Chucky Atkins,Kenyon Martin,Linas Kleiza,Nene Hilario,Brandon Roy,Joel Przybilla,LaMarcus Aldridge,Steve Blake,Travis Outlaw,3,4:20,DEN,shot,,,,,,,,,,Nene Hilario,2,,,made,,driving dunk,,
Chauncey Billups,Chucky Atkins,Kenyon Martin,Linas Kleiza,Nene Hilario,Brandon Roy,Joel Przybilla,LaMarcus Aldridge,Steve Blake,Travis Outlaw,3,4:18,POR,timeout,,,,,,,,,,,,,,,,regular,,
Chauncey Billups,Chucky Atkins,Kenyon Martin,Linas Kleiza,Nene Hilario,Brandon Roy,Joel Przybilla,LaMarcus Aldridge,Steve Blake,Travis Outlaw,3,3:58,POR,shot,,,,,,,,,,Brandon Roy,,,,missed,,3pt,48,6
Chauncey Billups,Chucky Atkins,Kenyon Martin,Linas Kleiza,Nene Hilario,Brandon Roy,Joel Przybilla,LaMarcus Aldridge,Steve Blake,Travis Outlaw,3,3:57,POR,rebound,,,,,,,,,,Joel Przybilla,,,,,,off,,
Chauncey Billups,Chucky Atkins,Kenyon Martin,Linas Kleiza,Nene Hilario,Brandon Roy,Joel Przybilla,LaMarcus Aldridge,Steve Blake,Travis Outlaw,3,3:44,DEN,foul,,,,,,,,Brandon Roy,,Nene Hilario,,,,,,personal,,
Chauncey Billups,Chris Andersen,Chucky Atkins,Kenyon Martin,Linas Kleiza,Brandon Roy,Joel Przybilla,LaMarcus Aldridge,Steve Blake,Travis Outlaw,3,3:44,DEN,sub,,,,Chris Andersen,,Nene Hilario,,,,,,,,,,,,
Chauncey Billups,Chris Andersen,Chucky Atkins,Kenyon Martin,Linas Kleiza,Brandon Roy,Joel Przybilla,LaMarcus Aldridge,Steve Blake,Travis Outlaw,3,3:29,POR,shot,,,,,,,,,,Steve Blake,,,,missed,,3pt,37,30
Chauncey Billups,Chris Andersen,Chucky Atkins,Kenyon Martin,Linas Kleiza,Brandon Roy,Joel Przybilla,LaMarcus Aldridge,Steve Blake,Travis Outlaw,3,3:27,POR,rebound,,,,,,,,,,,,,,,,,,
Chauncey Billups,Chris Andersen,Chucky Atkins,Kenyon Martin,Linas Kleiza,Brandon Roy,Joel Przybilla,LaMarcus Aldridge,Steve Blake,Travis Outlaw,3,3:27,DEN,timeout,,,,,,,,,,,,,,,,regular,,
Chauncey Billups,Chris Andersen,Chucky Atkins,Kenyon Martin,Linas Kleiza,Brandon Roy,Joel Przybilla,LaMarcus Aldridge,Steve Blake,Travis Outlaw,3,3:12,POR,shot,Brandon Roy,,,,,,,,,Steve Blake,3,,,made,,3pt,6,20
Chauncey Billups,Chris Andersen,Chucky Atkins,Kenyon Martin,Linas Kleiza,Brandon Roy,Joel Przybilla,LaMarcus Aldridge,Steve Blake,Travis Outlaw,3,2:57,DEN,shot,,,,,,,,,,Chauncey Billups,,,,missed,,fade away jumper,22,28
Chauncey Billups,Chris Andersen,Chucky Atkins,Kenyon Martin,Linas Kleiza,Brandon Roy,Joel Przybilla,LaMarcus Aldridge,Steve Blake,Travis Outlaw,3,2:56,POR,rebound,,,,,,,,,,Steve Blake,,,,,,def,,
Chauncey Billups,Chris Andersen,Chucky Atkins,Kenyon Martin,Linas Kleiza,Brandon Roy,Joel Przybilla,LaMarcus Aldridge,Steve Blake,Travis Outlaw,3,2:34,POR,shot,,,,,,,,,,Travis Outlaw,,,,missed,,3pt,2,7
Chauncey Billups,Chris Andersen,Chucky Atkins,Kenyon Martin,Linas Kleiza,Brandon Roy,Joel Przybilla,LaMarcus Aldridge,Steve Blake,Travis Outlaw,3,2:33,DEN,rebound,,,,,,,,,,Chucky Atkins,,,,,,def,,
Chauncey Billups,Chris Andersen,Chucky Atkins,Kenyon Martin,Linas Kleiza,Brandon Roy,Joel Przybilla,LaMarcus Aldridge,Steve Blake,Travis Outlaw,3,2:20,DEN,shot,Chucky Atkins,,,,,,,,,Linas Kleiza,3,,,made,,3pt,3,10
Chauncey Billups,Chris Andersen,Chucky Atkins,Kenyon Martin,Linas Kleiza,Brandon Roy,Joel Przybilla,LaMarcus Aldridge,Steve Blake,Travis Outlaw,3,2:02,POR,turnover,,,,,,,,,,Steve Blake,,,bad pass,,,,,
Chauncey Billups,Chris Andersen,Chucky Atkins,Kenyon Martin,Linas Kleiza,Brandon Roy,Joel Przybilla,LaMarcus Aldridge,Sergio Rodriguez,Travis Outlaw,3,2:02,POR,sub,,,,Sergio Rodriguez,,Steve Blake,,,,,,,,,,,,
Anthony Carter,Chris Andersen,Chucky Atkins,Kenyon Martin,Linas Kleiza,Brandon Roy,Joel Przybilla,LaMarcus Aldridge,Sergio Rodriguez,Travis Outlaw,3,2:02,DEN,sub,,,,Anthony Carter,,Chauncey Billups,,,,,,,,,,,,
Anthony Carter,Chris Andersen,Chucky Atkins,Kenyon Martin,Linas Kleiza,Joel Przybilla,LaMarcus Aldridge,Rudy Fernandez,Sergio Rodriguez,Travis Outlaw,3,2:02,POR,sub,,,,Rudy Fernandez,,Brandon Roy,,,,,,,,,,,,
Anthony Carter,Chris Andersen,Chucky Atkins,Kenyon Martin,Linas Kleiza,Joel Przybilla,LaMarcus Aldridge,Rudy Fernandez,Sergio Rodriguez,Travis Outlaw,3,1:43,DEN,shot,Kenyon Martin,,,,,,,,,Linas Kleiza,3,,,made,,3pt,19,30
Anthony Carter,Chris Andersen,Chucky Atkins,Kenyon Martin,Linas Kleiza,Joel Przybilla,LaMarcus Aldridge,Rudy Fernandez,Sergio Rodriguez,Travis Outlaw,3,1:19,POR,shot,Rudy Fernandez,,,,,,,,,LaMarcus Aldridge,2,,,made,,turnaround jump,19,14
Anthony Carter,Chris Andersen,Chucky Atkins,Kenyon Martin,Linas Kleiza,Joel Przybilla,LaMarcus Aldridge,Rudy Fernandez,Sergio Rodriguez,Travis Outlaw,3,1:03,DEN,shot,,,,,,,,,,Kenyon Martin,,,,missed,,hook,27,12
Anthony Carter,Chris Andersen,Chucky Atkins,Kenyon Martin,Linas Kleiza,Joel Przybilla,LaMarcus Aldridge,Rudy Fernandez,Sergio Rodriguez,Travis Outlaw,3,1:02,POR,rebound,,,,,,,,,,Joel Przybilla,,,,,,def,,
Anthony Carter,Chris Andersen,Chucky Atkins,Kenyon Martin,Linas Kleiza,Joel Przybilla,LaMarcus Aldridge,Rudy Fernandez,Sergio Rodriguez,Travis Outlaw,3,0:58,DEN,foul,,,,,,,,LaMarcus Aldridge,,Anthony Carter,,,,,,shooting,,
Anthony Carter,Chris Andersen,Chucky Atkins,Kenyon Martin,Linas Kleiza,Joel Przybilla,LaMarcus Aldridge,Rudy Fernandez,Sergio Rodriguez,Travis Outlaw,3,0:58,POR,free throw,,,,,,,1,,2,LaMarcus Aldridge,,,foul,made,,,,
Anthony Carter,Chris Andersen,Chucky Atkins,Kenyon Martin,Linas Kleiza,Joel Przybilla,LaMarcus Aldridge,Rudy Fernandez,Sergio Rodriguez,Travis Outlaw,3,0:58,POR,free throw,,,,,,,2,,2,LaMarcus Aldridge,,,foul,made,,,,
Anthony Carter,Chris Andersen,Chucky Atkins,Kenyon Martin,Linas Kleiza,Joel Przybilla,LaMarcus Aldridge,Rudy Fernandez,Sergio Rodriguez,Travis Outlaw,3,0:41,DEN,shot,,,,,,,,,,Anthony Carter,2,,,made,,pullup jump,16,26
Anthony Carter,Chris Andersen,Chucky Atkins,Kenyon Martin,Linas Kleiza,Joel Przybilla,LaMarcus Aldridge,Rudy Fernandez,Sergio Rodriguez,Travis Outlaw,3,0:28,POR,shot,,,Anthony Carter,,,,,,,Travis Outlaw,,,,missed,,jump,33,17
Anthony Carter,Chris Andersen,Chucky Atkins,Kenyon Martin,Linas Kleiza,Joel Przybilla,LaMarcus Aldridge,Rudy Fernandez,Sergio Rodriguez,Travis Outlaw,3,0:28,POR,rebound,,,,,,,,,,Rudy Fernandez,,,,,,off,,
Anthony Carter,Chris Andersen,Chucky Atkins,Kenyon Martin,Linas Kleiza,Joel Przybilla,LaMarcus Aldridge,Rudy Fernandez,Sergio Rodriguez,Travis Outlaw,3,0:28,DEN,foul,,,,,,,,Rudy Fernandez,,Anthony Carter,,,,,,personal,,
Anthony Carter,Chris Andersen,Chucky Atkins,Kenyon Martin,Linas Kleiza,Joel Przybilla,LaMarcus Aldridge,Rudy Fernandez,Sergio Rodriguez,Travis Outlaw,3,0:28,POR,free throw,,,,,,,1,,2,Rudy Fernandez,,,foul,made,,,,
Anthony Carter,Chris Andersen,Chucky Atkins,Kenyon Martin,Linas Kleiza,Joel Przybilla,LaMarcus Aldridge,Rudy Fernandez,Sergio Rodriguez,Travis Outlaw,3,0:28,POR,free throw,,,,,,,2,,2,Rudy Fernandez,,,foul,made,,,,
Anthony Carter,Chris Andersen,Chucky Atkins,Kenyon Martin,Linas Kleiza,Joel Przybilla,LaMarcus Aldridge,Rudy Fernandez,Sergio Rodriguez,Travis Outlaw,3,0:06,DEN,shot,,,,,,,,,,Chucky Atkins,,,,missed,,3pt,46,18
Anthony Carter,Chris Andersen,Chucky Atkins,Kenyon Martin,Linas Kleiza,Joel Przybilla,LaMarcus Aldridge,Rudy Fernandez,Sergio Rodriguez,Travis Outlaw,3,0:06,POR,rebound,,,,,,,,,,LaMarcus Aldridge,,,,,,def,,
Anthony Carter,Chris Andersen,Chucky Atkins,Linas Kleiza,Nene Hilario,Channing Frye,Joel Przybilla,Rudy Fernandez,Sergio Rodriguez,Travis Outlaw,4,11:35,POR,shot,,,,,,,,,,Sergio Rodriguez,,,,missed,,3pt,17,31
Anthony Carter,Chris Andersen,Chucky Atkins,Linas Kleiza,Nene Hilario,Channing Frye,Joel Przybilla,Rudy Fernandez,Sergio Rodriguez,Travis Outlaw,4,11:34,DEN,rebound,,,,,,,,,,Chris Andersen,,,,,,def,,
Anthony Carter,Chris Andersen,Chucky Atkins,Linas Kleiza,Nene Hilario,Channing Frye,Joel Przybilla,Rudy Fernandez,Sergio Rodriguez,Travis Outlaw,4,11:20,DEN,shot,Chucky Atkins,,,,,,,,,Anthony Carter,2,,,made,,jump,16,24
Anthony Carter,Chris Andersen,Chucky Atkins,Linas Kleiza,Nene Hilario,Channing Frye,Joel Przybilla,Rudy Fernandez,Sergio Rodriguez,Travis Outlaw,4,11:05,POR,turnover,,,,,,,,,,Sergio Rodriguez,,,bad pass,,Nene Hilario,,,
Anthony Carter,Chris Andersen,Chucky Atkins,Linas Kleiza,Nene Hilario,Channing Frye,Joel Przybilla,Rudy Fernandez,Sergio Rodriguez,Travis Outlaw,4,10:59,DEN,shot,,,,,,,,,,Chris Andersen,,,,missed,,alley oop layup,25,6
Anthony Carter,Chris Andersen,Chucky Atkins,Linas Kleiza,Nene Hilario,Channing Frye,Joel Przybilla,Rudy Fernandez,Sergio Rodriguez,Travis Outlaw,4,10:59,POR,rebound,,,,,,,,,,Rudy Fernandez,,,,,,def,,
Anthony Carter,Chris Andersen,Chucky Atkins,Linas Kleiza,Nene Hilario,Channing Frye,Joel Przybilla,Rudy Fernandez,Sergio Rodriguez,Travis Outlaw,4,10:55,DEN,foul,,,,,,,,Sergio Rodriguez,,Nene Hilario,,,,,,shooting,,
Anthony Carter,Chris Andersen,Chucky Atkins,Linas Kleiza,Nene Hilario,Channing Frye,Joel Przybilla,Rudy Fernandez,Sergio Rodriguez,Travis Outlaw,4,10:55,POR,free throw,,,,,,,1,,2,Sergio Rodriguez,,,foul,made,,,,
Anthony Carter,Chris Andersen,Chucky Atkins,Linas Kleiza,Nene Hilario,Channing Frye,Joel Przybilla,Rudy Fernandez,Sergio Rodriguez,Travis Outlaw,4,10:55,POR,free throw,,,,,,,2,,2,Sergio Rodriguez,,,foul,made,,,,
Anthony Carter,Chris Andersen,Chucky Atkins,Linas Kleiza,Nene Hilario,Channing Frye,Joel Przybilla,Rudy Fernandez,Sergio Rodriguez,Travis Outlaw,4,10:47,POR,foul,,,,,,,,Anthony Carter,,Sergio Rodriguez,,,,,,shooting,,
Anthony Carter,Chris Andersen,Chucky Atkins,Linas Kleiza,Nene Hilario,Channing Frye,Joel Przybilla,Rudy Fernandez,Sergio Rodriguez,Travis Outlaw,4,10:47,DEN,free throw,,,,,,,1,,2,Anthony Carter,,,foul,made,,,,
Anthony Carter,Chris Andersen,Chucky Atkins,Linas Kleiza,Nene Hilario,Channing Frye,Joel Przybilla,Rudy Fernandez,Sergio Rodriguez,Travis Outlaw,4,10:47,DEN,free throw,,,,,,,2,,2,Anthony Carter,,,foul,made,,,,
Anthony Carter,Chris Andersen,Chucky Atkins,Linas Kleiza,Nene Hilario,Channing Frye,Joel Przybilla,Rudy Fernandez,Sergio Rodriguez,Travis Outlaw,4,10:39,DEN,foul,,,,,,,,Rudy Fernandez,,Chris Andersen,,,,,,personal,,
Anthony Carter,Chris Andersen,Chucky Atkins,Linas Kleiza,Nene Hilario,Channing Frye,Joel Przybilla,Rudy Fernandez,Sergio Rodriguez,Travis Outlaw,4,10:33,POR,shot,,,,,,,,,,Rudy Fernandez,,,,missed,,3pt,3,18
Anthony Carter,Chris Andersen,Chucky Atkins,Linas Kleiza,Nene Hilario,Channing Frye,Joel Przybilla,Rudy Fernandez,Sergio Rodriguez,Travis Outlaw,4,10:32,POR,rebound,,,,,,,,,,Channing Frye,,,,,,off,,
Anthony Carter,Chris Andersen,Chucky Atkins,Linas Kleiza,Nene Hilario,Channing Frye,Joel Przybilla,Rudy Fernandez,Sergio Rodriguez,Travis Outlaw,4,10:27,POR,turnover,,,,,,,,,,Channing Frye,,,bad pass,,Anthony Carter,,,
Anthony Carter,Chris Andersen,Chucky Atkins,Linas Kleiza,Nene Hilario,Channing Frye,Joel Przybilla,Rudy Fernandez,Sergio Rodriguez,Travis Outlaw,4,10:23,DEN,shot,,,,,,,,,,Anthony Carter,2,,,made,,driving layup,25,6
Anthony Carter,Chris Andersen,Chucky Atkins,Linas Kleiza,Nene Hilario,Channing Frye,Joel Przybilla,Rudy Fernandez,Sergio Rodriguez,Travis Outlaw,4,10:03,POR,shot,Rudy Fernandez,,,,,,,,,Channing Frye,3,,,made,,3pt,3,7
Anthony Carter,Chris Andersen,Chucky Atkins,Linas Kleiza,Nene Hilario,Channing Frye,Joel Przybilla,Rudy Fernandez,Sergio Rodriguez,Travis Outlaw,4,9:48,DEN,shot,Nene Hilario,,,,,,,,,Linas Kleiza,3,,,made,,3pt,40,26
Anthony Carter,Chris Andersen,Chucky Atkins,Linas Kleiza,Nene Hilario,Channing Frye,Joel Przybilla,Rudy Fernandez,Sergio Rodriguez,Travis Outlaw,4,9:29,DEN,foul,,,,,,,,Travis Outlaw,,Chucky Atkins,,,,,,personal,,
Anthony Carter,Chris Andersen,Chucky Atkins,Linas Kleiza,Nene Hilario,Brandon Roy,Channing Frye,Joel Przybilla,Rudy Fernandez,Sergio Rodriguez,4,9:29,POR,sub,,,,Brandon Roy,,Travis Outlaw,,,,,,,,,,,,
Anthony Carter,Chris Andersen,Chucky Atkins,Linas Kleiza,Nene Hilario,Brandon Roy,Channing Frye,Greg Oden,Rudy Fernandez,Sergio Rodriguez,4,9:29,POR,sub,,,,Greg Oden,,Joel Przybilla,,,,,,,,,,,,
Anthony Carter,Chris Andersen,Chucky Atkins,Linas Kleiza,Nene Hilario,Brandon Roy,Channing Frye,Greg Oden,Rudy Fernandez,Sergio Rodriguez,4,9:20,POR,shot,,,,,,,,,,Sergio Rodriguez,2,,,made,,driving finger roll layup,25,6
Anthony Carter,Chris Andersen,Chucky Atkins,Linas Kleiza,Nene Hilario,Brandon Roy,Channing Frye,Greg Oden,Rudy Fernandez,Sergio Rodriguez,4,9:13,POR,foul,,,,,,,,Linas Kleiza,,Greg Oden,,,,,,shooting,,
Anthony Carter,Chris Andersen,Chucky Atkins,Linas Kleiza,Nene Hilario,Brandon Roy,Channing Frye,Greg Oden,Rudy Fernandez,Sergio Rodriguez,4,9:13,DEN,free throw,,,,,,,1,,2,Linas Kleiza,,,foul,made,,,,
Anthony Carter,Chris Andersen,Chucky Atkins,Linas Kleiza,Nene Hilario,Brandon Roy,Channing Frye,Joel Przybilla,Rudy Fernandez,Sergio Rodriguez,4,9:13,POR,sub,,,,Joel Przybilla,,Greg Oden,,,,,,,,,,,,
Anthony Carter,Chris Andersen,Chucky Atkins,Linas Kleiza,Nene Hilario,Brandon Roy,Channing Frye,Joel Przybilla,Rudy Fernandez,Sergio Rodriguez,4,9:13,DEN,free throw,,,,,,,2,,2,Linas Kleiza,,,foul,missed,,,,
Anthony Carter,Chris Andersen,Chucky Atkins,Linas Kleiza,Nene Hilario,Brandon Roy,Channing Frye,Joel Przybilla,Rudy Fernandez,Sergio Rodriguez,4,9:12,POR,rebound,,,,,,,,,,Joel Przybilla,,,,,,def,,
Anthony Carter,Chris Andersen,Chucky Atkins,Linas Kleiza,Nene Hilario,Brandon Roy,Channing Frye,Joel Przybilla,Rudy Fernandez,Sergio Rodriguez,4,8:50,POR,shot,,,,,,,,,,Brandon Roy,2,,,made,,pullup jump,36,21
Anthony Carter,Chris Andersen,Chucky Atkins,Linas Kleiza,Nene Hilario,Brandon Roy,Channing Frye,Joel Przybilla,Rudy Fernandez,Sergio Rodriguez,4,8:36,DEN,turnover,,,,,,,,,,Anthony Carter,,,lost ball,,Channing Frye,,,
Anthony Carter,Chris Andersen,Chucky Atkins,Linas Kleiza,Nene Hilario,Brandon Roy,Channing Frye,Joel Przybilla,Rudy Fernandez,Sergio Rodriguez,4,8:28,POR,shot,,,,,,,,,,Rudy Fernandez,,,,missed,,3pt,3,8
Anthony Carter,Chris Andersen,Chucky Atkins,Linas Kleiza,Nene Hilario,Brandon Roy,Channing Frye,Joel Przybilla,Rudy Fernandez,Sergio Rodriguez,4,8:27,DEN,rebound,,,,,,,,,,Linas Kleiza,,,,,,def,,
Anthony Carter,Chris Andersen,Chucky Atkins,Linas Kleiza,Nene Hilario,Brandon Roy,Channing Frye,Joel Przybilla,Rudy Fernandez,Sergio Rodriguez,4,8:21,DEN,shot,,,,,,,,,,Chucky Atkins,,,,missed,,3pt,11,26
Anthony Carter,Chris Andersen,Chucky Atkins,Linas Kleiza,Nene Hilario,Brandon Roy,Channing Frye,Joel Przybilla,Rudy Fernandez,Sergio Rodriguez,4,8:19,DEN,rebound,,,,,,,,,,Nene Hilario,,,,,,off,,
Anthony Carter,Chris Andersen,Chucky Atkins,Linas Kleiza,Nene Hilario,Brandon Roy,Channing Frye,Joel Przybilla,Rudy Fernandez,Sergio Rodriguez,4,8:17,DEN,turnover,,,,,,,,,,Nene Hilario,,,lost ball,,Sergio Rodriguez,,,
Anthony Carter,Chris Andersen,Chucky Atkins,Linas Kleiza,Nene Hilario,Brandon Roy,Channing Frye,Joel Przybilla,Rudy Fernandez,Sergio Rodriguez,4,8:13,POR,shot,Rudy Fernandez,,,,,,,,,Brandon Roy,2,,,made,,alley oop dunk,25,6
Anthony Carter,Chris Andersen,Chucky Atkins,Linas Kleiza,Nene Hilario,Brandon Roy,Channing Frye,Joel Przybilla,Rudy Fernandez,Sergio Rodriguez,4,8:11,DEN,timeout,,,,,,,,,,,,,,,,regular,,
Anthony Carter,Chauncey Billups,Chris Andersen,Chucky Atkins,Nene Hilario,Brandon Roy,Channing Frye,Joel Przybilla,Rudy Fernandez,Sergio Rodriguez,4,8:11,DEN,sub,,,,Chauncey Billups,,Linas Kleiza,,,,,,,,,,,,
Anthony Carter,Chauncey Billups,Chris Andersen,Chucky Atkins,Nene Hilario,Brandon Roy,Channing Frye,Joel Przybilla,Rudy Fernandez,Sergio Rodriguez,4,7:51,DEN,shot,,,,,,,,,,Anthony Carter,,,,missed,,3pt,22,32
Anthony Carter,Chauncey Billups,Chris Andersen,Chucky Atkins,Nene Hilario,Brandon Roy,Channing Frye,Joel Przybilla,Rudy Fernandez,Sergio Rodriguez,4,7:49,DEN,rebound,,,,,,,,,,Chris Andersen,,,,,,off,,
Anthony Carter,Chauncey Billups,Chris Andersen,Chucky Atkins,Nene Hilario,Brandon Roy,Channing Frye,Joel Przybilla,Rudy Fernandez,Sergio Rodriguez,4,7:38,DEN,shot,Anthony Carter,,,,,,,,,Chris Andersen,2,,,made,,jump,29,25
Anthony Carter,Chauncey Billups,Chris Andersen,Chucky Atkins,Nene Hilario,Brandon Roy,Channing Frye,Joel Przybilla,Rudy Fernandez,Sergio Rodriguez,4,7:20,POR,shot,,,,,,,,,,Sergio Rodriguez,,,,missed,,3pt,41,24
Anthony Carter,Chauncey Billups,Chris Andersen,Chucky Atkins,Nene Hilario,Brandon Roy,Channing Frye,Joel Przybilla,Rudy Fernandez,Sergio Rodriguez,4,7:19,DEN,rebound,,,,,,,,,,,,,,,,,,
Anthony Carter,Chauncey Billups,Chris Andersen,Chucky Atkins,Nene Hilario,Brandon Roy,Channing Frye,Joel Przybilla,Rudy Fernandez,Sergio Rodriguez,4,7:19,POR,foul,,,,,,,,Anthony Carter,,Channing Frye,,,,,,loose ball,,
Anthony Carter,Chauncey Billups,Chris Andersen,J.R. Smith,Nene Hilario,Brandon Roy,Channing Frye,Joel Przybilla,Rudy Fernandez,Sergio Rodriguez,4,7:19,DEN,sub,,,,J.R. Smith,,Chucky Atkins,,,,,,,,,,,,
Anthony Carter,Chauncey Billups,Chris Andersen,J.R. Smith,Nene Hilario,Brandon Roy,Channing Frye,Joel Przybilla,Rudy Fernandez,Sergio Rodriguez,4,6:57,DEN,shot,,,,,,,,,,J.R. Smith,2,,,made,,pullup jump,34,21
Anthony Carter,Chauncey Billups,Chris Andersen,J.R. Smith,Nene Hilario,Brandon Roy,Channing Frye,Joel Przybilla,Rudy Fernandez,Sergio Rodriguez,4,6:49,POR,free throw,,,,,,,1,,1,Sergio Rodriguez,,,technical,made,,,,
Anthony Carter,Chauncey Billups,Chris Andersen,J.R. Smith,Nene Hilario,Brandon Roy,Joel Przybilla,LaMarcus Aldridge,Rudy Fernandez,Sergio Rodriguez,4,6:49,POR,sub,,,,LaMarcus Aldridge,,Channing Frye,,,,,,,,,,,,
Anthony Carter,Chauncey Billups,Chris Andersen,J.R. Smith,Nene Hilario,Brandon Roy,Joel Przybilla,LaMarcus Aldridge,Rudy Fernandez,Sergio Rodriguez,4,6:49,POR,timeout,,,,,,,,,,,,,,,,short,,
Anthony Carter,Chauncey Billups,Chris Andersen,J.R. Smith,Nene Hilario,Brandon Roy,Joel Przybilla,LaMarcus Aldridge,Rudy Fernandez,Sergio Rodriguez,4,6:37,DEN,foul,,,,,,,,Rudy Fernandez,,J.R. Smith,,,,,,personal,,
Anthony Carter,Chauncey Billups,Chris Andersen,J.R. Smith,Nene Hilario,Brandon Roy,Joel Przybilla,LaMarcus Aldridge,Rudy Fernandez,Sergio Rodriguez,4,6:22,POR,shot,Sergio Rodriguez,,,,,,,,,Brandon Roy,3,,,made,,3pt,37,28
Anthony Carter,Chauncey Billups,Chris Andersen,J.R. Smith,Nene Hilario,Brandon Roy,Joel Przybilla,LaMarcus Aldridge,Rudy Fernandez,Sergio Rodriguez,4,6:06,DEN,turnover,,,,,,,,,,J.R. Smith,,,lost ball,,Sergio Rodriguez,,,
Anthony Carter,Chauncey Billups,Chris Andersen,J.R. Smith,Nene Hilario,Brandon Roy,Joel Przybilla,LaMarcus Aldridge,Rudy Fernandez,Sergio Rodriguez,4,5:53,DEN,foul,,,,,,,,Brandon Roy,,J.R. Smith,,,,,,personal,,
Anthony Carter,Chauncey Billups,Chris Andersen,J.R. Smith,Nene Hilario,Brandon Roy,Joel Przybilla,LaMarcus Aldridge,Rudy Fernandez,Sergio Rodriguez,4,5:53,OFF,timeout,,,,,,,,,,,,,,,,official,,
Anthony Carter,Chauncey Billups,J.R. Smith,Kenyon Martin,Nene Hilario,Brandon Roy,Joel Przybilla,LaMarcus Aldridge,Rudy Fernandez,Sergio Rodriguez,4,5:53,DEN,sub,,,,Kenyon Martin,,Chris Andersen,,,,,,,,,,,,
Anthony Carter,Chauncey Billups,J.R. Smith,Kenyon Martin,Nene Hilario,Brandon Roy,Joel Przybilla,LaMarcus Aldridge,Rudy Fernandez,Sergio Rodriguez,4,5:53,POR,free throw,,,,,,,1,,2,Brandon Roy,,,foul,made,,,,
Anthony Carter,Chauncey Billups,J.R. Smith,Kenyon Martin,Nene Hilario,Brandon Roy,Joel Przybilla,LaMarcus Aldridge,Rudy Fernandez,Sergio Rodriguez,4,5:53,POR,free throw,,,,,,,2,,2,Brandon Roy,,,foul,made,,,,
Anthony Carter,Chauncey Billups,J.R. Smith,Kenyon Martin,Nene Hilario,Brandon Roy,Joel Przybilla,LaMarcus Aldridge,Rudy Fernandez,Sergio Rodriguez,4,5:41,DEN,shot,,,,,,,,,,Chauncey Billups,2,,,made,,driving reverse layup,25,6
Anthony Carter,Chauncey Billups,J.R. Smith,Kenyon Martin,Nene Hilario,Brandon Roy,Joel Przybilla,LaMarcus Aldridge,Rudy Fernandez,Sergio Rodriguez,4,5:23,POR,shot,,,,,,,,,,Brandon Roy,,,,missed,,running jump,26,10
Anthony Carter,Chauncey Billups,J.R. Smith,Kenyon Martin,Nene Hilario,Brandon Roy,Joel Przybilla,LaMarcus Aldridge,Rudy Fernandez,Sergio Rodriguez,4,5:22,DEN,rebound,,,,,,,,,,Anthony Carter,,,,,,def,,
Anthony Carter,Chauncey Billups,J.R. Smith,Kenyon Martin,Nene Hilario,Brandon Roy,Joel Przybilla,LaMarcus Aldridge,Rudy Fernandez,Sergio Rodriguez,4,5:09,POR,foul,,,,,,,,Nene Hilario,,Joel Przybilla,,,,,,shooting,,
Anthony Carter,Chauncey Billups,J.R. Smith,Kenyon Martin,Nene Hilario,Brandon Roy,Joel Przybilla,LaMarcus Aldridge,Rudy Fernandez,Sergio Rodriguez,4,5:09,DEN,free throw,,,,,,,1,,2,Nene Hilario,,,foul,made,,,,
Anthony Carter,Chauncey Billups,Kenyon Martin,Linas Kleiza,Nene Hilario,Brandon Roy,Joel Przybilla,LaMarcus Aldridge,Rudy Fernandez,Sergio Rodriguez,4,5:09,DEN,sub,,,,Linas Kleiza,,J.R. Smith,,,,,,,,,,,,
Anthony Carter,Chauncey Billups,Kenyon Martin,Linas Kleiza,Nene Hilario,Brandon Roy,Joel Przybilla,LaMarcus Aldridge,Rudy Fernandez,Sergio Rodriguez,4,5:09,DEN,free throw,,,,,,,2,,2,Nene Hilario,,,foul,missed,,,,
Anthony Carter,Chauncey Billups,Kenyon Martin,Linas Kleiza,Nene Hilario,Brandon Roy,Joel Przybilla,LaMarcus Aldridge,Rudy Fernandez,Sergio Rodriguez,4,5:08,DEN,rebound,,,,,,,,,,Linas Kleiza,,,,,,off,,
Anthony Carter,Chauncey Billups,Kenyon Martin,Linas Kleiza,Nene Hilario,Brandon Roy,Joel Przybilla,LaMarcus Aldridge,Rudy Fernandez,Sergio Rodriguez,4,4:55,DEN,shot,,,,,,,,,,Chauncey Billups,,,,missed,,3pt,28,32
Anthony Carter,Chauncey Billups,Kenyon Martin,Linas Kleiza,Nene Hilario,Brandon Roy,Joel Przybilla,LaMarcus Aldridge,Rudy Fernandez,Sergio Rodriguez,4,4:55,POR,rebound,,,,,,,,,,,,,,,,,,
Anthony Carter,Chauncey Billups,Kenyon Martin,Linas Kleiza,Nene Hilario,Brandon Roy,Joel Przybilla,LaMarcus Aldridge,Rudy Fernandez,Steve Blake,4,4:55,POR,sub,,,,Steve Blake,,Sergio Rodriguez,,,,,,,,,,,,
Anthony Carter,Chauncey Billups,Kenyon Martin,Linas Kleiza,Nene Hilario,Brandon Roy,Joel Przybilla,LaMarcus Aldridge,Rudy Fernandez,Steve Blake,4,4:35,POR,shot,,,,,,,,,,LaMarcus Aldridge,2,,,made,,driving layup,25,6
Anthony Carter,Chauncey Billups,Kenyon Martin,Linas Kleiza,Nene Hilario,Brandon Roy,Joel Przybilla,LaMarcus Aldridge,Rudy Fernandez,Steve Blake,4,4:12,POR,foul,,,,,,,,Kenyon Martin,,LaMarcus Aldridge,,,,,,shooting,,
Anthony Carter,Chauncey Billups,Kenyon Martin,Linas Kleiza,Nene Hilario,Brandon Roy,Joel Przybilla,LaMarcus Aldridge,Rudy Fernandez,Steve Blake,4,4:12,DEN,free throw,,,,,,,1,,2,Kenyon Martin,,,foul,made,,,,
Anthony Carter,Chauncey Billups,Kenyon Martin,Linas Kleiza,Nene Hilario,Brandon Roy,Joel Przybilla,LaMarcus Aldridge,Rudy Fernandez,Steve Blake,4,4:12,DEN,free throw,,,,,,,2,,2,Kenyon Martin,,,foul,made,,,,
Anthony Carter,Chauncey Billups,Kenyon Martin,Linas Kleiza,Nene Hilario,Brandon Roy,Joel Przybilla,LaMarcus Aldridge,Rudy Fernandez,Steve Blake,4,3:53,POR,shot,,,,,,,,,,Steve Blake,,,,missed,,3pt,48,6
Anthony Carter,Chauncey Billups,Kenyon Martin,Linas Kleiza,Nene Hilario,Brandon Roy,Joel Przybilla,LaMarcus Aldridge,Rudy Fernandez,Steve Blake,4,3:53,POR,rebound,,,,,,,,,,LaMarcus Aldridge,,,,,,off,,
Anthony Carter,Chauncey Billups,Kenyon Martin,Linas Kleiza,Nene Hilario,Brandon Roy,Joel Przybilla,LaMarcus Aldridge,Rudy Fernandez,Steve Blake,4,3:53,DEN,foul,,,,,,,,LaMarcus Aldridge,,Anthony Carter,,,,,,shooting,,
Anthony Carter,Chauncey Billups,Kenyon Martin,Linas Kleiza,Nene Hilario,Brandon Roy,Joel Przybilla,LaMarcus Aldridge,Steve Blake,Travis Outlaw,4,3:53,POR,sub,,,,Travis Outlaw,,Rudy Fernandez,,,,,,,,,,,,
Anthony Carter,Chauncey Billups,Kenyon Martin,Linas Kleiza,Nene Hilario,Brandon Roy,Joel Przybilla,LaMarcus Aldridge,Steve Blake,Travis Outlaw,4,3:53,POR,free throw,,,,,,,1,,2,LaMarcus Aldridge,,,foul,made,,,,
Anthony Carter,Chauncey Billups,Kenyon Martin,Linas Kleiza,Nene Hilario,Brandon Roy,Joel Przybilla,LaMarcus Aldridge,Steve Blake,Travis Outlaw,4,3:53,POR,free throw,,,,,,,2,,2,LaMarcus Aldridge,,,foul,made,,,,
Anthony Carter,Chauncey Billups,Kenyon Martin,Linas Kleiza,Nene Hilario,Brandon Roy,Joel Przybilla,LaMarcus Aldridge,Steve Blake,Travis Outlaw,4,3:36,DEN,shot,,,,,,,,,,Linas Kleiza,,,,missed,,3pt,17,30
Anthony Carter,Chauncey Billups,Kenyon Martin,Linas Kleiza,Nene Hilario,Brandon Roy,Joel Przybilla,LaMarcus Aldridge,Steve Blake,Travis Outlaw,4,3:34,POR,rebound,,,,,,,,,,Joel Przybilla,,,,,,def,,
Anthony Carter,Chauncey Billups,Kenyon Martin,Linas Kleiza,Nene Hilario,Brandon Roy,Joel Przybilla,LaMarcus Aldridge,Steve Blake,Travis Outlaw,4,3:20,DEN,foul,,,,,,,,Brandon Roy,,Kenyon Martin,,,,,,shooting,,
Anthony Carter,Chauncey Billups,Kenyon Martin,Linas Kleiza,Nene Hilario,Brandon Roy,Joel Przybilla,LaMarcus Aldridge,Steve Blake,Travis Outlaw,4,3:20,POR,free throw,,,,,,,1,,2,Brandon Roy,,,foul,made,,,,
Anthony Carter,Chauncey Billups,Kenyon Martin,Linas Kleiza,Nene Hilario,Brandon Roy,Joel Przybilla,LaMarcus Aldridge,Steve Blake,Travis Outlaw,4,3:20,POR,free throw,,,,,,,2,,2,Brandon Roy,,,foul,made,,,,
Anthony Carter,Chauncey Billups,Kenyon Martin,Linas Kleiza,Nene Hilario,Brandon Roy,Joel Przybilla,LaMarcus Aldridge,Steve Blake,Travis Outlaw,4,2:56,DEN,shot,,,,,,,,,,Chauncey Billups,2,,,made,,jump,5,6
Anthony Carter,Chauncey Billups,Kenyon Martin,Linas Kleiza,Nene Hilario,Brandon Roy,Joel Przybilla,LaMarcus Aldridge,Steve Blake,Travis Outlaw,4,2:42,POR,shot,,,Kenyon Martin,,,,,,,Joel Przybilla,,,,missed,,layup,25,6
Anthony Carter,Chauncey Billups,Kenyon Martin,Linas Kleiza,Nene Hilario,Brandon Roy,Joel Przybilla,LaMarcus Aldridge,Steve Blake,Travis Outlaw,4,2:41,POR,rebound,,,,,,,,,,Joel Przybilla,,,,,,off,,
Anthony Carter,Chauncey Billups,Kenyon Martin,Linas Kleiza,Nene Hilario,Brandon Roy,Joel Przybilla,LaMarcus Aldridge,Steve Blake,Travis Outlaw,4,2:40,DEN,foul,,,,,,,,Joel Przybilla,,Nene Hilario,,,,,,shooting,,
Anthony Carter,Chauncey Billups,Kenyon Martin,Linas Kleiza,Nene Hilario,Brandon Roy,Joel Przybilla,LaMarcus Aldridge,Steve Blake,Travis Outlaw,4,2:40,POR,timeout,,,,,,,,,,,,,,,,regular,,
Anthony Carter,Chauncey Billups,Kenyon Martin,Linas Kleiza,Nene Hilario,Brandon Roy,Joel Przybilla,LaMarcus Aldridge,Steve Blake,Travis Outlaw,4,2:40,POR,free throw,,,,,,,1,,2,Joel Przybilla,,,foul,made,,,,
Anthony Carter,Chauncey Billups,Kenyon Martin,Linas Kleiza,Nene Hilario,Brandon Roy,Joel Przybilla,LaMarcus Aldridge,Steve Blake,Travis Outlaw,4,2:40,POR,free throw,,,,,,,2,,2,Joel Przybilla,,,foul,made,,,,
Anthony Carter,Chauncey Billups,Kenyon Martin,Linas Kleiza,Nene Hilario,Brandon Roy,Joel Przybilla,LaMarcus Aldridge,Steve Blake,Travis Outlaw,4,2:27,DEN,turnover,,,,,,,,,,Kenyon Martin,,,out of bounds lost ball turnover,,,,,
Anthony Carter,Chauncey Billups,Kenyon Martin,Linas Kleiza,Nene Hilario,Brandon Roy,Joel Przybilla,LaMarcus Aldridge,Steve Blake,Travis Outlaw,4,2:01,POR,shot,Brandon Roy,,,,,,,,,Steve Blake,3,,,made,,3pt,29,30
Anthony Carter,Chauncey Billups,Kenyon Martin,Linas Kleiza,Nene Hilario,Brandon Roy,Joel Przybilla,LaMarcus Aldridge,Steve Blake,Travis Outlaw,4,1:54,POR,foul,,,,,,,,Chauncey Billups,,Joel Przybilla,,,,,,shooting,,
Chauncey Billups,J.R. Smith,Kenyon Martin,Linas Kleiza,Nene Hilario,Brandon Roy,Joel Przybilla,LaMarcus Aldridge,Steve Blake,Travis Outlaw,4,1:54,DEN,sub,,,,J.R. Smith,,Anthony Carter,,,,,,,,,,,,
Chauncey Billups,J.R. Smith,Kenyon Martin,Linas Kleiza,Nene Hilario,Brandon Roy,Joel Przybilla,LaMarcus Aldridge,Steve Blake,Travis Outlaw,4,1:54,DEN,free throw,,,,,,,1,,2,Chauncey Billups,,,foul,missed,,,,
Chauncey Billups,J.R. Smith,Kenyon Martin,Linas Kleiza,Nene Hilario,Brandon Roy,Joel Przybilla,LaMarcus Aldridge,Steve Blake,Travis Outlaw,4,1:54,DEN,rebound,,,,,,,,,,,,,,,,,,
Chauncey Billups,J.R. Smith,Kenyon Martin,Linas Kleiza,Nene Hilario,Brandon Roy,Joel Przybilla,LaMarcus Aldridge,Steve Blake,Travis Outlaw,4,1:54,DEN,free throw,,,,,,,2,,2,Chauncey Billups,,,foul,made,,,,
Chauncey Billups,J.R. Smith,Kenyon Martin,Linas Kleiza,Nene Hilario,Brandon Roy,Joel Przybilla,LaMarcus Aldridge,Steve Blake,Travis Outlaw,4,1:32,POR,shot,,,,,,,,,,LaMarcus Aldridge,,,,missed,,jump,47,7
Chauncey Billups,J.R. Smith,Kenyon Martin,Linas Kleiza,Nene Hilario,Brandon Roy,Joel Przybilla,LaMarcus Aldridge,Steve Blake,Travis Outlaw,4,1:32,DEN,rebound,,,,,,,,,,J.R. Smith,,,,,,def,,
Chauncey Billups,J.R. Smith,Kenyon Martin,Linas Kleiza,Nene Hilario,Brandon Roy,Joel Przybilla,LaMarcus Aldridge,Steve Blake,Travis Outlaw,4,1:24,DEN,shot,,,,,,,,,,J.R. Smith,,,,missed,,driving layup,25,6
Chauncey Billups,J.R. Smith,Kenyon Martin,Linas Kleiza,Nene Hilario,Brandon Roy,Joel Przybilla,LaMarcus Aldridge,Steve Blake,Travis Outlaw,4,1:24,DEN,shot,,,,,,,,,,Kenyon Martin,2,,,made,,putback dunk,25,6
Chauncey Billups,J.R. Smith,Kenyon Martin,Linas Kleiza,Nene Hilario,Brandon Roy,Joel Przybilla,LaMarcus Aldridge,Steve Blake,Travis Outlaw,4,1:24,DEN,rebound,,,,,,,,,,Kenyon Martin,,,,,,off,,
Chauncey Billups,J.R. Smith,Kenyon Martin,Linas Kleiza,Nene Hilario,Brandon Roy,Joel Przybilla,LaMarcus Aldridge,Steve Blake,Travis Outlaw,4,1:02,DEN,foul,,,,,,,,Joel Przybilla,,Nene Hilario,,,,,,shooting,,
Chauncey Billups,J.R. Smith,Kenyon Martin,Linas Kleiza,Nene Hilario,Brandon Roy,Joel Przybilla,LaMarcus Aldridge,Steve Blake,Travis Outlaw,4,1:02,POR,free throw,,,,,,,1,,2,Joel Przybilla,,,foul,made,,,,
Chauncey Billups,J.R. Smith,Kenyon Martin,Linas Kleiza,Nene Hilario,Brandon Roy,Joel Przybilla,LaMarcus Aldridge,Steve Blake,Travis Outlaw,4,1:02,POR,free throw,,,,,,,2,,2,Joel Przybilla,,,foul,made,,,,
Chauncey Billups,J.R. Smith,Kenyon Martin,Linas Kleiza,Nene Hilario,Brandon Roy,Joel Przybilla,LaMarcus Aldridge,Steve Blake,Travis Outlaw,4,1:02,DEN,timeout,,,,,,,,,,,,,,,,short,,
Chauncey Billups,Chucky Atkins,J.R. Smith,Linas Kleiza,Nene Hilario,Brandon Roy,Joel Przybilla,LaMarcus Aldridge,Steve Blake,Travis Outlaw,4,1:02,DEN,sub,,,,Chucky Atkins,,Kenyon Martin,,,,,,,,,,,,
Chauncey Billups,Chucky Atkins,J.R. Smith,Linas Kleiza,Nene Hilario,Brandon Roy,Joel Przybilla,LaMarcus Aldridge,Steve Blake,Travis Outlaw,4,0:53,DEN,shot,Chucky Atkins,,,,,,,,,Linas Kleiza,2,,,made,,jump,37,21
Chauncey Billups,Chucky Atkins,J.R. Smith,Linas Kleiza,Nene Hilario,Brandon Roy,Joel Przybilla,LaMarcus Aldridge,Steve Blake,Travis Outlaw,4,0:30,POR,shot,,,,,,,,,,Steve Blake,,,,missed,,running bank,18,9
Chauncey Billups,Chucky Atkins,J.R. Smith,Linas Kleiza,Nene Hilario,Brandon Roy,Joel Przybilla,LaMarcus Aldridge,Steve Blake,Travis Outlaw,4,0:29,POR,rebound,,,,,,,,,,LaMarcus Aldridge,,,,,,off,,
Chauncey Billups,Chucky Atkins,J.R. Smith,Linas Kleiza,Nene Hilario,Brandon Roy,Joel Przybilla,LaMarcus Aldridge,Steve Blake,Travis Outlaw,4,0:29,POR,shot,,,,,,,,,,LaMarcus Aldridge,2,,,made,,putback dunk,25,6
Chauncey Billups,Chucky Atkins,J.R. Smith,Linas Kleiza,Nene Hilario,Brandon Roy,Joel Przybilla,LaMarcus Aldridge,Steve Blake,Travis Outlaw,4,0:29,DEN,timeout,,,,,,,,,,,,,,,,regular,,
Chauncey Billups,Chucky Atkins,J.R. Smith,Linas Kleiza,Nene Hilario,Brandon Roy,Joel Przybilla,LaMarcus Aldridge,Steve Blake,Travis Outlaw,4,0:22,DEN,shot,,,,,,,,,,J.R. Smith,,,,missed,,3pt,46,19
Chauncey Billups,Chucky Atkins,J.R. Smith,Linas Kleiza,Nene Hilario,Brandon Roy,Joel Przybilla,LaMarcus Aldridge,Steve Blake,Travis Outlaw,4,0:19,POR,rebound,,,,,,,,,,LaMarcus Aldridge,,,,,,def,,
Chauncey Billups,Chucky Atkins,J.R. Smith,Linas Kleiza,Nene Hilario,Brandon Roy,Joel Przybilla,LaMarcus Aldridge,Steve Blake,Travis Outlaw,4,0:07,DEN,foul,,,,,,,,Travis Outlaw,,Linas Kleiza,,,,,,shooting,,
Chauncey Billups,Chucky Atkins,J.R. Smith,Linas Kleiza,Nene Hilario,Brandon Roy,Joel Przybilla,LaMarcus Aldridge,Steve Blake,Travis Outlaw,4,0:07,DEN,foul,,,,,,,,,,Chauncey Billups,,,,,,technical,,
Chauncey Billups,Chucky Atkins,J.R. Smith,Linas Kleiza,Nene Hilario,Brandon Roy,Joel Przybilla,LaMarcus Aldridge,Steve Blake,Travis Outlaw,4,0:07,POR,free throw,,,,,,,1,,1,Brandon Roy,,,technical,made,,,,
Chauncey Billups,Chucky Atkins,J.R. Smith,Linas Kleiza,Nene Hilario,Brandon Roy,Joel Przybilla,LaMarcus Aldridge,Steve Blake,Travis Outlaw,4,0:07,POR,free throw,,,,,,,1,,2,Travis Outlaw,,,foul,missed,,,,
Chauncey Billups,Chucky Atkins,J.R. Smith,Linas Kleiza,Nene Hilario,Brandon Roy,Joel Przybilla,LaMarcus Aldridge,Steve Blake,Travis Outlaw,4,0:07,POR,rebound,,,,,,,,,,,,,,,,,,
Chauncey Billups,Chucky Atkins,J.R. Smith,Linas Kleiza,Nene Hilario,Brandon Roy,Joel Przybilla,LaMarcus Aldridge,Steve Blake,Travis Outlaw,4,0:07,POR,free throw,,,,,,,2,,2,Travis Outlaw,,,foul,made,,,,
