a1,a2,a3,a4,a5,h1,h2,h3,h4,h5,period,time,team,etype,assist,away,block,entered,home,left,num,opponent,outof,player,points,possession,reason,result,steal,type,x,y
Brandon Roy,Greg Oden,LaMarcus Aldridge,Nicolas Batum,Steve Blake,Antawn Jamison,Caron Butler,DeShawn Stevenson,Dee Brown,JaVale McGee,1,12:00,OFF,jump ball,,Greg Oden,,,JaVale McGee,,,,,,,Steve Blake,,,,,,
Brandon Roy,Greg Oden,LaMarcus Aldridge,Nicolas Batum,Steve Blake,Antawn Jamison,Caron Butler,DeShawn Stevenson,Dee Brown,JaVale McGee,1,11:47,POR,turnover,,,,,,,,,,Steve Blake,,,bad pass,,JaVale McGee,,,
Brandon Roy,Greg Oden,LaMarcus Aldridge,Nicolas Batum,Steve Blake,Antawn Jamison,Caron Butler,DeShawn Stevenson,Dee Brown,JaVale McGee,1,11:27,WAS,shot,,,,,,,,,,Caron Butler,,,,missed,,3pt,47,18
Brandon Roy,Greg Oden,LaMarcus Aldridge,Nicolas Batum,Steve Blake,Antawn Jamison,Caron Butler,DeShawn Stevenson,Dee Brown,JaVale McGee,1,11:26,POR,rebound,,,,,,,,,,Greg Oden,,,,,,def,,
Brandon Roy,Greg Oden,LaMarcus Aldridge,Nicolas Batum,Steve Blake,Antawn Jamison,Caron Butler,DeShawn Stevenson,Dee Brown,JaVale McGee,1,11:17,POR,shot,,,,,,,,,,Brandon Roy,2,,,made,,jump,38,19
Brandon Roy,Greg Oden,LaMarcus Aldridge,Nicolas Batum,Steve Blake,Antawn Jamison,Caron Butler,DeShawn Stevenson,Dee Brown,JaVale McGee,1,11:00,WAS,shot,,,,,,,,,,Dee Brown,2,,,made,,driving layup,28,7
Brandon Roy,Greg Oden,LaMarcus Aldridge,Nicolas Batum,Steve Blake,Antawn Jamison,Caron Butler,DeShawn Stevenson,Dee Brown,JaVale McGee,1,10:37,POR,shot,,,,,,,,,,Brandon Roy,2,,,made,,jump,21,18
Brandon Roy,Greg Oden,LaMarcus Aldridge,Nicolas Batum,Steve Blake,Antawn Jamison,Caron Butler,DeShawn Stevenson,Dee Brown,JaVale McGee,1,10:17,WAS,shot,,,,,,,,,,Antawn Jamison,2,,,made,,floating jump,25,10
Brandon Roy,Greg Oden,LaMarcus Aldridge,Nicolas Batum,Steve Blake,Antawn Jamison,Caron Butler,DeShawn Stevenson,Dee Brown,JaVale McGee,1,10:01,POR,shot,,,,,,,,,,LaMarcus Aldridge,,,,missed,,jump,20,12
Brandon Roy,Greg Oden,LaMarcus Aldridge,Nicolas Batum,Steve Blake,Antawn Jamison,Caron Butler,DeShawn Stevenson,Dee Brown,JaVale McGee,1,10:00,WAS,rebound,,,,,,,,,,JaVale McGee,,,,,,def,,
Brandon Roy,Greg Oden,LaMarcus Aldridge,Nicolas Batum,Steve Blake,Antawn Jamison,Caron Butler,DeShawn Stevenson,Dee Brown,JaVale McGee,1,9:47,WAS,shot,,,,,,,,,,Antawn Jamison,2,,,made,,floating jump,29,10
Brandon Roy,Greg Oden,LaMarcus Aldridge,Nicolas Batum,Steve Blake,Antawn Jamison,Caron Butler,DeShawn Stevenson,Dee Brown,JaVale McGee,1,9:38,POR,shot,,,,,,,,,,Steve Blake,2,,,made,,layup,25,6
Brandon Roy,Greg Oden,LaMarcus Aldridge,Nicolas Batum,Steve Blake,Antawn Jamison,Caron Butler,DeShawn Stevenson,Dee Brown,JaVale McGee,1,9:38,WAS,violation,,,,,,,,,,JaVale McGee,,,,,,defensive goaltending,,
Brandon Roy,Greg Oden,LaMarcus Aldridge,Nicolas Batum,Steve Blake,Antawn Jamison,Caron Butler,DeShawn Stevenson,Dee Brown,JaVale McGee,1,9:19,WAS,shot,Dee Brown,,,,,,,,,Antawn Jamison,3,,,made,,3pt,47,18
Brandon Roy,Greg Oden,LaMarcus Aldridge,Nicolas Batum,Steve Blake,Antawn Jamison,Caron Butler,DeShawn Stevenson,Dee Brown,JaVale McGee,1,9:03,WAS,foul,,,,,,,,Greg Oden,,JaVale McGee,,,,,,shooting,,
Brandon Roy,Greg Oden,LaMarcus Aldridge,Nicolas Batum,Steve Blake,Antawn Jamison,Caron Butler,DeShawn Stevenson,Dee Brown,JaVale McGee,1,9:03,POR,free throw,,,,,,,1,,2,Greg Oden,,,foul,missed,,,,
Brandon Roy,Greg Oden,LaMarcus Aldridge,Nicolas Batum,Steve Blake,Antawn Jamison,Caron Butler,DeShawn Stevenson,Dee Brown,JaVale McGee,1,9:03,POR,rebound,,,,,,,,,,,,,,,,,,
Brandon Roy,Greg Oden,LaMarcus Aldridge,Nicolas Batum,Steve Blake,Antawn Jamison,Caron Butler,DeShawn Stevenson,Dee Brown,JaVale McGee,1,9:03,POR,free throw,,,,,,,2,,2,Greg Oden,,,foul,made,,,,
Brandon Roy,Greg Oden,LaMarcus Aldridge,Nicolas Batum,Steve Blake,Antawn Jamison,Caron Butler,DeShawn Stevenson,Dee Brown,JaVale McGee,1,8:40,WAS,shot,,,,,,,,,,Caron Butler,,,,missed,,jump,44,13
Brandon Roy,Greg Oden,LaMarcus Aldridge,Nicolas Batum,Steve Blake,Antawn Jamison,Caron Butler,DeShawn Stevenson,Dee Brown,JaVale McGee,1,8:39,POR,rebound,,,,,,,,,,Steve Blake,,,,,,def,,
Brandon Roy,Greg Oden,LaMarcus Aldridge,Nicolas Batum,Steve Blake,Antawn Jamison,Caron Butler,DeShawn Stevenson,Dee Brown,JaVale McGee,1,8:30,POR,shot,,,JaVale McGee,,,,,,,LaMarcus Aldridge,,,,missed,,jump,22,9
Brandon Roy,Greg Oden,LaMarcus Aldridge,Nicolas Batum,Steve Blake,Antawn Jamison,Caron Butler,DeShawn Stevenson,Dee Brown,JaVale McGee,1,8:29,WAS,rebound,,,,,,,,,,Caron Butler,,,,,,def,,
Brandon Roy,Greg Oden,LaMarcus Aldridge,Nicolas Batum,Steve Blake,Antawn Jamison,Caron Butler,DeShawn Stevenson,Dee Brown,JaVale McGee,1,8:20,WAS,shot,,,,,,,,,,JaVale McGee,,,,missed,,jump,24,10
Brandon Roy,Greg Oden,LaMarcus Aldridge,Nicolas Batum,Steve Blake,Antawn Jamison,Caron Butler,DeShawn Stevenson,Dee Brown,JaVale McGee,1,8:19,POR,rebound,,,,,,,,,,Greg Oden,,,,,,def,,
Brandon Roy,Greg Oden,LaMarcus Aldridge,Nicolas Batum,Steve Blake,Antawn Jamison,Caron Butler,DeShawn Stevenson,Dee Brown,JaVale McGee,1,8:10,POR,turnover,,,,,,,,,,Brandon Roy,,,bad pass,,JaVale McGee,,,
Brandon Roy,Greg Oden,LaMarcus Aldridge,Nicolas Batum,Steve Blake,Antawn Jamison,Caron Butler,DeShawn Stevenson,Dee Brown,JaVale McGee,1,8:06,WAS,turnover,,,,,,,,,,Dee Brown,,,bad pass,,Steve Blake,,,
Brandon Roy,Greg Oden,LaMarcus Aldridge,Nicolas Batum,Steve Blake,Antawn Jamison,Caron Butler,DeShawn Stevenson,Dee Brown,JaVale McGee,1,8:00,POR,turnover,,,,,,,,,,Brandon Roy,,,bad pass,,,,,
Brandon Roy,Greg Oden,LaMarcus Aldridge,Nicolas Batum,Steve Blake,Antawn Jamison,Caron Butler,DeShawn Stevenson,Dee Brown,JaVale McGee,1,7:49,WAS,turnover,,,,,,,,,,Antawn Jamison,,,bad pass,,,,,
Brandon Roy,Greg Oden,LaMarcus Aldridge,Nicolas Batum,Steve Blake,Andray Blatche,Antawn Jamison,Caron Butler,DeShawn Stevenson,Dee Brown,1,7:49,WAS,sub,,,,Andray Blatche,,JaVale McGee,,,,,,,,,,,,
Brandon Roy,Greg Oden,LaMarcus Aldridge,Nicolas Batum,Steve Blake,Andray Blatche,Antawn Jamison,Caron Butler,DeShawn Stevenson,Dee Brown,1,7:30,WAS,foul,,,,,,,,Greg Oden,,Andray Blatche,,,,,,shooting,,
Brandon Roy,Greg Oden,LaMarcus Aldridge,Nicolas Batum,Steve Blake,Andray Blatche,Antawn Jamison,Caron Butler,DeShawn Stevenson,Dee Brown,1,7:30,POR,free throw,,,,,,,1,,2,Greg Oden,,,foul,made,,,,
Brandon Roy,Greg Oden,LaMarcus Aldridge,Nicolas Batum,Steve Blake,Andray Blatche,Antawn Jamison,Caron Butler,DeShawn Stevenson,Dee Brown,1,7:30,POR,free throw,,,,,,,2,,2,Greg Oden,,,foul,made,,,,
Brandon Roy,Greg Oden,LaMarcus Aldridge,Nicolas Batum,Steve Blake,Andray Blatche,Antawn Jamison,Caron Butler,DeShawn Stevenson,Dee Brown,1,7:11,WAS,shot,,,,,,,,,,DeShawn Stevenson,2,,,made,,fade away jumper,8,16
Brandon Roy,Greg Oden,LaMarcus Aldridge,Nicolas Batum,Steve Blake,Andray Blatche,Antawn Jamison,Caron Butler,DeShawn Stevenson,Dee Brown,1,6:48,POR,shot,,,,,,,,,,LaMarcus Aldridge,2,,,made,,turnaround jump,41,12
Brandon Roy,Greg Oden,LaMarcus Aldridge,Nicolas Batum,Steve Blake,Andray Blatche,Antawn Jamison,Caron Butler,DeShawn Stevenson,Dee Brown,1,6:29,WAS,turnover,,,,,,,,,,Caron Butler,,,traveling,,,,,
Brandon Roy,Greg Oden,LaMarcus Aldridge,Nicolas Batum,Steve Blake,Andray Blatche,Antawn Jamison,Caron Butler,DeShawn Stevenson,Dee Brown,1,6:09,POR,shot,,,,,,,,,,Steve Blake,,,,missed,,3pt,1,9
Brandon Roy,Greg Oden,LaMarcus Aldridge,Nicolas Batum,Steve Blake,Andray Blatche,Antawn Jamison,Caron Butler,DeShawn Stevenson,Dee Brown,1,6:09,WAS,rebound,,,,,,,,,,,,,,,,,,
Brandon Roy,Greg Oden,LaMarcus Aldridge,Nicolas Batum,Steve Blake,Andray Blatche,Antawn Jamison,Caron Butler,DeShawn Stevenson,Dee Brown,1,5:59,POR,foul,,,,,,,,Antawn Jamison,,LaMarcus Aldridge,,,,,,personal,,
Brandon Roy,Greg Oden,LaMarcus Aldridge,Nicolas Batum,Steve Blake,Andray Blatche,Antawn Jamison,Caron Butler,DeShawn Stevenson,Dee Brown,1,5:59,WAS,timeout,,,,,,,,,,,,,,,,regular,,
Brandon Roy,Greg Oden,LaMarcus Aldridge,Nicolas Batum,Steve Blake,Andray Blatche,Antawn Jamison,Caron Butler,DeShawn Stevenson,Dee Brown,1,5:48,WAS,shot,,,,,,,,,,Andray Blatche,,,,missed,,jump,15,10
Brandon Roy,Greg Oden,LaMarcus Aldridge,Nicolas Batum,Steve Blake,Andray Blatche,Antawn Jamison,Caron Butler,DeShawn Stevenson,Dee Brown,1,5:47,POR,rebound,,,,,,,,,,LaMarcus Aldridge,,,,,,def,,
Brandon Roy,Greg Oden,LaMarcus Aldridge,Nicolas Batum,Steve Blake,Andray Blatche,Antawn Jamison,Caron Butler,DeShawn Stevenson,Dee Brown,1,5:40,POR,turnover,,,,,,,,,,Greg Oden,,,traveling,,,,,
Brandon Roy,Greg Oden,LaMarcus Aldridge,Nicolas Batum,Steve Blake,Andray Blatche,Antawn Jamison,Caron Butler,DeShawn Stevenson,Dee Brown,1,5:24,WAS,shot,,,,,,,,,,Antawn Jamison,,,,missed,,3pt,12,29
Brandon Roy,Greg Oden,LaMarcus Aldridge,Nicolas Batum,Steve Blake,Andray Blatche,Antawn Jamison,Caron Butler,DeShawn Stevenson,Dee Brown,1,5:23,WAS,rebound,,,,,,,,,,Caron Butler,,,,,,off,,
Brandon Roy,Greg Oden,LaMarcus Aldridge,Nicolas Batum,Steve Blake,Andray Blatche,Antawn Jamison,Caron Butler,DeShawn Stevenson,Dee Brown,1,5:14,WAS,shot,,,,,,,,,,Antawn Jamison,,,,missed,,jump,17,9
Brandon Roy,Greg Oden,LaMarcus Aldridge,Nicolas Batum,Steve Blake,Andray Blatche,Antawn Jamison,Caron Butler,DeShawn Stevenson,Dee Brown,1,5:13,POR,rebound,,,,,,,,,,Greg Oden,,,,,,def,,
Brandon Roy,Greg Oden,LaMarcus Aldridge,Nicolas Batum,Steve Blake,Andray Blatche,Antawn Jamison,Caron Butler,DeShawn Stevenson,Dee Brown,1,4:51,POR,shot,,,,,,,,,,Brandon Roy,,,,missed,,3pt,7,25
Brandon Roy,Greg Oden,LaMarcus Aldridge,Nicolas Batum,Steve Blake,Andray Blatche,Antawn Jamison,Caron Butler,DeShawn Stevenson,Dee Brown,1,4:51,WAS,rebound,,,,,,,,,,Dee Brown,,,,,,def,,
Brandon Roy,Greg Oden,LaMarcus Aldridge,Nicolas Batum,Steve Blake,Andray Blatche,Antawn Jamison,Caron Butler,DeShawn Stevenson,Dee Brown,1,4:47,WAS,turnover,,,,,,,,,,Dee Brown,,,lost ball,,Steve Blake,,,
Brandon Roy,Greg Oden,LaMarcus Aldridge,Nicolas Batum,Steve Blake,Andray Blatche,Antawn Jamison,Caron Butler,DeShawn Stevenson,Dee Brown,1,4:42,POR,shot,Steve Blake,,,,,,,,,Greg Oden,2,,,made,,dunk,24,6
Brandon Roy,Greg Oden,LaMarcus Aldridge,Nicolas Batum,Steve Blake,Andray Blatche,Antawn Jamison,Caron Butler,DeShawn Stevenson,Dee Brown,1,4:14,WAS,shot,,,,,,,,,,DeShawn Stevenson,2,,,made,,jump,34,24
Brandon Roy,Greg Oden,LaMarcus Aldridge,Nicolas Batum,Steve Blake,Andray Blatche,Antawn Jamison,Caron Butler,DeShawn Stevenson,Dee Brown,1,4:05,POR,foul,,,,,,,,Dee Brown,,Brandon Roy,,,,,,offensive,,
Brandon Roy,Greg Oden,LaMarcus Aldridge,Nicolas Batum,Steve Blake,Andray Blatche,Antawn Jamison,Caron Butler,DeShawn Stevenson,Dee Brown,1,4:05,POR,turnover,,,,,,,,,,Brandon Roy,,,foul,,,,,
Brandon Roy,Greg Oden,LaMarcus Aldridge,Steve Blake,Travis Outlaw,Andray Blatche,Antawn Jamison,Caron Butler,DeShawn Stevenson,Dee Brown,1,4:05,POR,sub,,,,Travis Outlaw,,Nicolas Batum,,,,,,,,,,,,
Brandon Roy,Greg Oden,LaMarcus Aldridge,Steve Blake,Travis Outlaw,Andray Blatche,Antawn Jamison,Caron Butler,DeShawn Stevenson,Dee Brown,1,3:50,WAS,shot,DeShawn Stevenson,,,,,,,,,Andray Blatche,2,,,made,,driving layup,25,7
Brandon Roy,Greg Oden,LaMarcus Aldridge,Steve Blake,Travis Outlaw,Andray Blatche,Antawn Jamison,Caron Butler,DeShawn Stevenson,Dee Brown,1,3:28,POR,shot,,,,,,,,,,Brandon Roy,,,,missed,,jump,14,11
Brandon Roy,Greg Oden,LaMarcus Aldridge,Steve Blake,Travis Outlaw,Andray Blatche,Antawn Jamison,Caron Butler,DeShawn Stevenson,Dee Brown,1,3:27,POR,rebound,,,,,,,,,,Greg Oden,,,,,,off,,
Brandon Roy,Greg Oden,LaMarcus Aldridge,Steve Blake,Travis Outlaw,Andray Blatche,Antawn Jamison,Caron Butler,DeShawn Stevenson,Dee Brown,1,3:13,POR,shot,Brandon Roy,,,,,,,,,LaMarcus Aldridge,2,,,made,,jump,6,9
Brandon Roy,Greg Oden,LaMarcus Aldridge,Steve Blake,Travis Outlaw,Andray Blatche,Antawn Jamison,Caron Butler,DeShawn Stevenson,Dee Brown,1,2:58,WAS,shot,Antawn Jamison,,,,,,,,,Andray Blatche,2,,,made,,jump,41,4
Brandon Roy,Greg Oden,LaMarcus Aldridge,Steve Blake,Travis Outlaw,Andray Blatche,Antawn Jamison,Caron Butler,DeShawn Stevenson,Dee Brown,1,2:40,POR,turnover,,,,,,,,,,Greg Oden,,,lost ball,,Dee Brown,,,
Brandon Roy,Greg Oden,LaMarcus Aldridge,Steve Blake,Travis Outlaw,Andray Blatche,Antawn Jamison,Caron Butler,DeShawn Stevenson,Dee Brown,1,2:34,WAS,shot,,,,,,,,,,Dee Brown,2,,,made,,driving layup,25,8
Brandon Roy,Greg Oden,LaMarcus Aldridge,Steve Blake,Travis Outlaw,Andray Blatche,Antawn Jamison,Caron Butler,DeShawn Stevenson,Dee Brown,1,2:25,POR,shot,Steve Blake,,,,,,,,,Travis Outlaw,2,,,made,,jump,5,4
Brandon Roy,Greg Oden,LaMarcus Aldridge,Steve Blake,Travis Outlaw,Andray Blatche,Antawn Jamison,Caron Butler,DeShawn Stevenson,Dee Brown,1,2:12,POR,timeout,,,,,,,,,,,,,,,,regular,,
Brandon Roy,Greg Oden,LaMarcus Aldridge,Steve Blake,Travis Outlaw,Andray Blatche,Antawn Jamison,Caron Butler,Dee Brown,Nick Young,1,2:12,WAS,sub,,,,Nick Young,,DeShawn Stevenson,,,,,,,,,,,,
Brandon Roy,LaMarcus Aldridge,Rudy Fernandez,Steve Blake,Travis Outlaw,Andray Blatche,Antawn Jamison,Caron Butler,Dee Brown,Nick Young,1,2:12,POR,sub,,,,Rudy Fernandez,,Greg Oden,,,,,,,,,,,,
Joel Przybilla,LaMarcus Aldridge,Rudy Fernandez,Steve Blake,Travis Outlaw,Andray Blatche,Antawn Jamison,Caron Butler,Dee Brown,Nick Young,1,2:12,POR,sub,,,,Joel Przybilla,,Brandon Roy,,,,,,,,,,,,
Joel Przybilla,LaMarcus Aldridge,Rudy Fernandez,Steve Blake,Travis Outlaw,Andray Blatche,Antawn Jamison,Caron Butler,Dee Brown,Nick Young,1,2:09,WAS,shot,,,,,,,,,,Nick Young,,,,missed,,jump,41,12
Joel Przybilla,LaMarcus Aldridge,Rudy Fernandez,Steve Blake,Travis Outlaw,Andray Blatche,Antawn Jamison,Caron Butler,Dee Brown,Nick Young,1,2:08,WAS,rebound,,,,,,,,,,Antawn Jamison,,,,,,off,,
Joel Przybilla,LaMarcus Aldridge,Rudy Fernandez,Steve Blake,Travis Outlaw,Andray Blatche,Antawn Jamison,Caron Butler,Dee Brown,Nick Young,1,2:04,WAS,shot,,,,,,,,,,Antawn Jamison,2,,,made,,putback layup,26,8
Joel Przybilla,LaMarcus Aldridge,Rudy Fernandez,Steve Blake,Travis Outlaw,Andray Blatche,Antawn Jamison,Caron Butler,Dee Brown,Nick Young,1,1:42,POR,shot,,,,,,,,,,Travis Outlaw,,,,missed,,jump,39,18
Joel Przybilla,LaMarcus Aldridge,Rudy Fernandez,Steve Blake,Travis Outlaw,Andray Blatche,Antawn Jamison,Caron Butler,Dee Brown,Nick Young,1,1:41,WAS,rebound,,,,,,,,,,Nick Young,,,,,,def,,
Joel Przybilla,LaMarcus Aldridge,Rudy Fernandez,Steve Blake,Travis Outlaw,Andray Blatche,Antawn Jamison,Caron Butler,Dee Brown,Nick Young,1,1:28,WAS,shot,,,,,,,,,,Dee Brown,,,,missed,,jump,42,5
Joel Przybilla,LaMarcus Aldridge,Rudy Fernandez,Steve Blake,Travis Outlaw,Andray Blatche,Antawn Jamison,Caron Butler,Dee Brown,Nick Young,1,1:26,WAS,rebound,,,,,,,,,,Andray Blatche,,,,,,off,,
Joel Przybilla,LaMarcus Aldridge,Rudy Fernandez,Steve Blake,Travis Outlaw,Andray Blatche,Antawn Jamison,Caron Butler,Dee Brown,Nick Young,1,1:24,WAS,shot,,,,,,,,,,Andray Blatche,,,,missed,,jump,24,10
Joel Przybilla,LaMarcus Aldridge,Rudy Fernandez,Steve Blake,Travis Outlaw,Andray Blatche,Antawn Jamison,Caron Butler,Dee Brown,Nick Young,1,1:23,WAS,rebound,,,,,,,,,,Andray Blatche,,,,,,off,,
Joel Przybilla,LaMarcus Aldridge,Rudy Fernandez,Steve Blake,Travis Outlaw,Andray Blatche,Antawn Jamison,Caron Butler,Dee Brown,Nick Young,1,1:23,WAS,shot,,,,,,,,,,Andray Blatche,2,,,made,,layup,25,6
Joel Przybilla,LaMarcus Aldridge,Rudy Fernandez,Steve Blake,Travis Outlaw,Andray Blatche,Antawn Jamison,Caron Butler,Dee Brown,Nick Young,1,1:23,POR,violation,,,,,,,,,,Joel Przybilla,,,,,,defensive goaltending,,
Joel Przybilla,LaMarcus Aldridge,Rudy Fernandez,Steve Blake,Travis Outlaw,Andray Blatche,Antawn Jamison,Caron Butler,Dee Brown,Nick Young,1,1:04,POR,shot,,,,,,,,,,Steve Blake,,,,missed,,jump,12,18
Joel Przybilla,LaMarcus Aldridge,Rudy Fernandez,Steve Blake,Travis Outlaw,Andray Blatche,Antawn Jamison,Caron Butler,Dee Brown,Nick Young,1,1:04,POR,rebound,,,,,,,,,,,,,,,,,,
Joel Przybilla,LaMarcus Aldridge,Rudy Fernandez,Steve Blake,Travis Outlaw,Andray Blatche,Antawn Jamison,Caron Butler,Dee Brown,Nick Young,1,1:04,WAS,foul,,,,,,,,Joel Przybilla,,Andray Blatche,,,,,,personal,,
Channing Frye,Joel Przybilla,Rudy Fernandez,Steve Blake,Travis Outlaw,Andray Blatche,Antawn Jamison,Caron Butler,Dee Brown,Nick Young,1,1:04,POR,sub,,,,Channing Frye,,LaMarcus Aldridge,,,,,,,,,,,,
Channing Frye,Joel Przybilla,Rudy Fernandez,Sergio Rodriguez,Travis Outlaw,Andray Blatche,Antawn Jamison,Caron Butler,Dee Brown,Nick Young,1,1:04,POR,sub,,,,Sergio Rodriguez,,Steve Blake,,,,,,,,,,,,
Channing Frye,Joel Przybilla,Rudy Fernandez,Sergio Rodriguez,Travis Outlaw,Andray Blatche,Caron Butler,Darius Songaila,Dee Brown,Nick Young,1,1:04,WAS,sub,,,,Darius Songaila,,Antawn Jamison,,,,,,,,,,,,
Channing Frye,Joel Przybilla,Rudy Fernandez,Sergio Rodriguez,Travis Outlaw,Andray Blatche,Caron Butler,Darius Songaila,Dee Brown,Nick Young,1,0:45,POR,shot,Sergio Rodriguez,,,,,,,,,Channing Frye,2,,,made,,jump,10,17
Channing Frye,Joel Przybilla,Rudy Fernandez,Sergio Rodriguez,Travis Outlaw,Caron Butler,Darius Songaila,Dee Brown,Etan Thomas,Nick Young,1,0:32,WAS,sub,,,,Etan Thomas,,Andray Blatche,,,,,,,,,,,,
Channing Frye,Joel Przybilla,Rudy Fernandez,Sergio Rodriguez,Travis Outlaw,Caron Butler,Darius Songaila,Dee Brown,Etan Thomas,Nick Young,1,0:25,WAS,shot,Dee Brown,,,,,,,,,Nick Young,3,,,made,,3pt,1,12
Channing Frye,Joel Przybilla,Rudy Fernandez,Sergio Rodriguez,Travis Outlaw,Caron Butler,Darius Songaila,Dee Brown,Etan Thomas,Nick Young,1,0:02,POR,turnover,,,,,,,,,,Sergio Rodriguez,,,traveling,,,,,
Channing Frye,Joel Przybilla,Rudy Fernandez,Sergio Rodriguez,Travis Outlaw,Antonio Daniels,Darius Songaila,Dominic McGuire,Etan Thomas,Nick Young,2,11:48,WAS,shot,Darius Songaila,,,,,,,,,Etan Thomas,2,,,made,,turnaround hook,26,11
Channing Frye,Joel Przybilla,Rudy Fernandez,Sergio Rodriguez,Travis Outlaw,Antonio Daniels,Darius Songaila,Dominic McGuire,Etan Thomas,Nick Young,2,11:28,POR,shot,Sergio Rodriguez,,,,,,,,,Travis Outlaw,3,,,made,,3pt,1,6
Channing Frye,Joel Przybilla,Rudy Fernandez,Sergio Rodriguez,Travis Outlaw,Antonio Daniels,Darius Songaila,Dominic McGuire,Etan Thomas,Nick Young,2,11:05,WAS,shot,,,,,,,,,,Dominic McGuire,,,,missed,,jump,8,5
Channing Frye,Joel Przybilla,Rudy Fernandez,Sergio Rodriguez,Travis Outlaw,Antonio Daniels,Darius Songaila,Dominic McGuire,Etan Thomas,Nick Young,2,11:04,POR,rebound,,,,,,,,,,Travis Outlaw,,,,,,def,,
Channing Frye,Joel Przybilla,Rudy Fernandez,Sergio Rodriguez,Travis Outlaw,Antonio Daniels,Darius Songaila,Dominic McGuire,Etan Thomas,Nick Young,2,10:54,POR,shot,,,,,,,,,,Channing Frye,,,,missed,,jump,24,26
Channing Frye,Joel Przybilla,Rudy Fernandez,Sergio Rodriguez,Travis Outlaw,Antonio Daniels,Darius Songaila,Dominic McGuire,Etan Thomas,Nick Young,2,10:52,POR,rebound,,,,,,,,,,Rudy Fernandez,,,,,,off,,
Channing Frye,Joel Przybilla,Rudy Fernandez,Sergio Rodriguez,Travis Outlaw,Antonio Daniels,Darius Songaila,Dominic McGuire,Etan Thomas,Nick Young,2,10:31,POR,shot,,,,,,,,,,Rudy Fernandez,2,,,made,,running bank,25,14
Channing Frye,Joel Przybilla,Rudy Fernandez,Sergio Rodriguez,Travis Outlaw,Antonio Daniels,Darius Songaila,Dominic McGuire,Etan Thomas,Nick Young,2,10:10,WAS,shot,,,,,,,,,,Etan Thomas,,,,missed,,layup,26,6
Channing Frye,Joel Przybilla,Rudy Fernandez,Sergio Rodriguez,Travis Outlaw,Antonio Daniels,Darius Songaila,Dominic McGuire,Etan Thomas,Nick Young,2,10:09,POR,rebound,,,,,,,,,,Rudy Fernandez,,,,,,def,,
Channing Frye,Joel Przybilla,Rudy Fernandez,Sergio Rodriguez,Travis Outlaw,Antonio Daniels,Darius Songaila,Dominic McGuire,Etan Thomas,Nick Young,2,10:04,POR,turnover,,,,,,,,,,Travis Outlaw,,,poss lost ball turnover,,,,,
Channing Frye,Joel Przybilla,Rudy Fernandez,Sergio Rodriguez,Travis Outlaw,Antonio Daniels,Darius Songaila,Dominic McGuire,Etan Thomas,Nick Young,2,9:46,WAS,shot,Antonio Daniels,,,,,,,,,Nick Young,3,,,made,,3pt,48,16
Channing Frye,Joel Przybilla,Rudy Fernandez,Sergio Rodriguez,Travis Outlaw,Antonio Daniels,Darius Songaila,Dominic McGuire,Etan Thomas,Nick Young,2,9:36,POR,shot,Rudy Fernandez,,,,,,,,,Joel Przybilla,2,,,made,,layup,25,6
Channing Frye,Joel Przybilla,Rudy Fernandez,Sergio Rodriguez,Travis Outlaw,Antonio Daniels,Darius Songaila,Dominic McGuire,Etan Thomas,Nick Young,2,9:09,WAS,shot,,,,,,,,,,Nick Young,,,,missed,,3pt,25,32
Channing Frye,Joel Przybilla,Rudy Fernandez,Sergio Rodriguez,Travis Outlaw,Antonio Daniels,Darius Songaila,Dominic McGuire,Etan Thomas,Nick Young,2,9:08,WAS,rebound,,,,,,,,,,Etan Thomas,,,,,,off,,
Channing Frye,Joel Przybilla,Rudy Fernandez,Sergio Rodriguez,Travis Outlaw,Antonio Daniels,Darius Songaila,Dominic McGuire,Etan Thomas,Nick Young,2,9:08,WAS,turnover,,,,,,,,,,,,,shot clock turnover,,,,,
Channing Frye,Joel Przybilla,Rudy Fernandez,Sergio Rodriguez,Travis Outlaw,Antonio Daniels,Darius Songaila,Dominic McGuire,Etan Thomas,Nick Young,2,8:59,POR,shot,,,,,,,,,,Sergio Rodriguez,2,,,made,,jump,11,17
Channing Frye,Joel Przybilla,Rudy Fernandez,Sergio Rodriguez,Travis Outlaw,Antonio Daniels,Darius Songaila,Dominic McGuire,Etan Thomas,Nick Young,2,8:43,POR,foul,,,,,,,,Nick Young,,Rudy Fernandez,,,,,,personal,,
Channing Frye,Joel Przybilla,Rudy Fernandez,Sergio Rodriguez,Travis Outlaw,Antonio Daniels,Darius Songaila,Dominic McGuire,Etan Thomas,Nick Young,2,8:43,OFF,timeout,,,,,,,,,,,,,,,,official,,
Channing Frye,Joel Przybilla,Rudy Fernandez,Sergio Rodriguez,Travis Outlaw,Antawn Jamison,Antonio Daniels,Darius Songaila,Dominic McGuire,Nick Young,2,8:43,WAS,sub,,,,Antawn Jamison,,Etan Thomas,,,,,,,,,,,,
Channing Frye,Joel Przybilla,Rudy Fernandez,Sergio Rodriguez,Travis Outlaw,Antawn Jamison,Antonio Daniels,Darius Songaila,Dominic McGuire,Nick Young,2,8:34,WAS,shot,Antawn Jamison,,,,,,,,,Darius Songaila,2,,,made,,jump,25,26
Channing Frye,Joel Przybilla,Rudy Fernandez,Sergio Rodriguez,Travis Outlaw,Antawn Jamison,Antonio Daniels,Darius Songaila,Dominic McGuire,Nick Young,2,8:16,WAS,foul,,,,,,,,Travis Outlaw,,Dominic McGuire,,,,,,shooting,,
Channing Frye,Joel Przybilla,Rudy Fernandez,Sergio Rodriguez,Travis Outlaw,Antawn Jamison,Antonio Daniels,Darius Songaila,Dominic McGuire,Nick Young,2,8:16,POR,free throw,,,,,,,1,,2,Travis Outlaw,,,foul,missed,,,,
Channing Frye,Joel Przybilla,Rudy Fernandez,Sergio Rodriguez,Travis Outlaw,Antawn Jamison,Antonio Daniels,Darius Songaila,Dominic McGuire,Nick Young,2,8:16,POR,rebound,,,,,,,,,,,,,,,,,,
Channing Frye,Joel Przybilla,Rudy Fernandez,Sergio Rodriguez,Travis Outlaw,Antawn Jamison,Antonio Daniels,Darius Songaila,Dominic McGuire,Nick Young,2,8:16,POR,free throw,,,,,,,2,,2,Travis Outlaw,,,foul,made,,,,
Channing Frye,Joel Przybilla,Rudy Fernandez,Sergio Rodriguez,Travis Outlaw,Antawn Jamison,Antonio Daniels,Darius Songaila,Dominic McGuire,Nick Young,2,7:59,WAS,shot,Antawn Jamison,,,,,,,,,Darius Songaila,2,,,made,,turnaround jump,25,13
Channing Frye,Joel Przybilla,Rudy Fernandez,Sergio Rodriguez,Travis Outlaw,Antawn Jamison,Antonio Daniels,Darius Songaila,Dominic McGuire,Nick Young,2,7:44,POR,shot,Sergio Rodriguez,,,,,,,,,Travis Outlaw,3,,,made,,3pt,49,6
Channing Frye,Joel Przybilla,Rudy Fernandez,Sergio Rodriguez,Travis Outlaw,Antawn Jamison,Antonio Daniels,Darius Songaila,Dominic McGuire,Nick Young,2,7:26,WAS,shot,,,,,,,,,,Nick Young,2,,,made,,jump,20,18
Channing Frye,Joel Przybilla,Rudy Fernandez,Sergio Rodriguez,Travis Outlaw,Antawn Jamison,Antonio Daniels,Darius Songaila,Dominic McGuire,Nick Young,2,7:11,POR,shot,Sergio Rodriguez,,,,,,,,,Channing Frye,2,,,made,,jump,11,22
Channing Frye,Joel Przybilla,Rudy Fernandez,Sergio Rodriguez,Travis Outlaw,Antawn Jamison,Antonio Daniels,Darius Songaila,Dominic McGuire,Nick Young,2,6:45,WAS,shot,,,,,,,,,,Antonio Daniels,,,,missed,,3pt,20,31
Channing Frye,Joel Przybilla,Rudy Fernandez,Sergio Rodriguez,Travis Outlaw,Antawn Jamison,Antonio Daniels,Darius Songaila,Dominic McGuire,Nick Young,2,6:45,POR,rebound,,,,,,,,,,Joel Przybilla,,,,,,def,,
Channing Frye,Joel Przybilla,Rudy Fernandez,Sergio Rodriguez,Travis Outlaw,Antawn Jamison,Antonio Daniels,Darius Songaila,Dominic McGuire,Nick Young,2,6:45,WAS,foul,,,,,,,,Joel Przybilla,,Antawn Jamison,,,,,,loose ball,,
Brandon Roy,Channing Frye,Joel Przybilla,Rudy Fernandez,Sergio Rodriguez,Antawn Jamison,Antonio Daniels,Darius Songaila,Dominic McGuire,Nick Young,2,6:45,POR,sub,,,,Brandon Roy,,Travis Outlaw,,,,,,,,,,,,
Brandon Roy,Channing Frye,Joel Przybilla,Rudy Fernandez,Sergio Rodriguez,Antawn Jamison,Antonio Daniels,Darius Songaila,Dominic McGuire,Nick Young,2,6:30,POR,shot,Sergio Rodriguez,,,,,,,,,Rudy Fernandez,3,,,made,,3pt,2,7
Brandon Roy,Channing Frye,Joel Przybilla,Rudy Fernandez,Sergio Rodriguez,Antawn Jamison,Antonio Daniels,Darius Songaila,Dominic McGuire,Nick Young,2,6:16,WAS,shot,,,,,,,,,,Antawn Jamison,2,,,made,,layup,26,8
Brandon Roy,Channing Frye,Joel Przybilla,Rudy Fernandez,Sergio Rodriguez,Antawn Jamison,Antonio Daniels,Darius Songaila,Dominic McGuire,Nick Young,2,6:16,POR,violation,,,,,,,,,,Channing Frye,,,,,,defensive goaltending,,
Brandon Roy,Channing Frye,Joel Przybilla,Rudy Fernandez,Sergio Rodriguez,Antawn Jamison,Antonio Daniels,Darius Songaila,Dominic McGuire,Nick Young,2,5:59,POR,shot,Channing Frye,,,,,,,,,Brandon Roy,2,,,made,,jump,42,16
Brandon Roy,Channing Frye,Joel Przybilla,Rudy Fernandez,Sergio Rodriguez,Antawn Jamison,Antonio Daniels,Darius Songaila,Dominic McGuire,Nick Young,2,5:59,WAS,turnover,,,,,,,,,,Antonio Daniels,,,bad pass,,,,,
Brandon Roy,Channing Frye,Joel Przybilla,Rudy Fernandez,Sergio Rodriguez,Antawn Jamison,Antonio Daniels,Darius Songaila,Dominic McGuire,Nick Young,2,5:59,WAS,timeout,,,,,,,,,,,,,,,,regular,,
Brandon Roy,Channing Frye,Joel Przybilla,Rudy Fernandez,Sergio Rodriguez,Antawn Jamison,Antonio Daniels,Darius Songaila,JaVale McGee,Nick Young,2,5:59,WAS,sub,,,,JaVale McGee,,Dominic McGuire,,,,,,,,,,,,
Brandon Roy,Channing Frye,Greg Oden,Rudy Fernandez,Sergio Rodriguez,Antawn Jamison,Antonio Daniels,Darius Songaila,JaVale McGee,Nick Young,2,5:59,POR,sub,,,,Greg Oden,,Joel Przybilla,,,,,,,,,,,,
Brandon Roy,Greg Oden,LaMarcus Aldridge,Rudy Fernandez,Sergio Rodriguez,Antawn Jamison,Antonio Daniels,Darius Songaila,JaVale McGee,Nick Young,2,5:59,POR,sub,,,,LaMarcus Aldridge,,Channing Frye,,,,,,,,,,,,
Brandon Roy,Greg Oden,LaMarcus Aldridge,Rudy Fernandez,Sergio Rodriguez,Antawn Jamison,Antonio Daniels,Caron Butler,JaVale McGee,Nick Young,2,5:59,WAS,sub,,,,Caron Butler,,Darius Songaila,,,,,,,,,,,,
Brandon Roy,Greg Oden,LaMarcus Aldridge,Rudy Fernandez,Sergio Rodriguez,Antawn Jamison,Antonio Daniels,Caron Butler,JaVale McGee,Nick Young,2,5:44,POR,shot,Sergio Rodriguez,,,,,,,,,LaMarcus Aldridge,2,,,made,,jump,25,18
Brandon Roy,Greg Oden,LaMarcus Aldridge,Rudy Fernandez,Sergio Rodriguez,Antawn Jamison,Antonio Daniels,Caron Butler,JaVale McGee,Nick Young,2,5:27,WAS,shot,,,,,,,,,,Caron Butler,,,,missed,,jump,16,24
Brandon Roy,Greg Oden,LaMarcus Aldridge,Rudy Fernandez,Sergio Rodriguez,Antawn Jamison,Antonio Daniels,Caron Butler,JaVale McGee,Nick Young,2,5:25,WAS,rebound,,,,,,,,,,JaVale McGee,,,,,,off,,
Brandon Roy,Greg Oden,LaMarcus Aldridge,Rudy Fernandez,Sergio Rodriguez,Antawn Jamison,Antonio Daniels,Caron Butler,JaVale McGee,Nick Young,2,5:19,WAS,shot,,,,,,,,,,Antawn Jamison,,,,missed,,3pt,50,19
Brandon Roy,Greg Oden,LaMarcus Aldridge,Rudy Fernandez,Sergio Rodriguez,Antawn Jamison,Antonio Daniels,Caron Butler,JaVale McGee,Nick Young,2,5:18,POR,rebound,,,,,,,,,,Brandon Roy,,,,,,def,,
Brandon Roy,Greg Oden,LaMarcus Aldridge,Rudy Fernandez,Sergio Rodriguez,Antawn Jamison,Antonio Daniels,Caron Butler,JaVale McGee,Nick Young,2,5:05,POR,shot,,,,,,,,,,Greg Oden,,,,missed,,jump,22,10
Brandon Roy,Greg Oden,LaMarcus Aldridge,Rudy Fernandez,Sergio Rodriguez,Antawn Jamison,Antonio Daniels,Caron Butler,JaVale McGee,Nick Young,2,5:04,WAS,rebound,,,,,,,,,,Caron Butler,,,,,,def,,
Brandon Roy,Greg Oden,LaMarcus Aldridge,Rudy Fernandez,Sergio Rodriguez,Antawn Jamison,Antonio Daniels,Caron Butler,JaVale McGee,Nick Young,2,4:55,WAS,shot,,,,,,,,,,Nick Young,,,,missed,,jump,10,4
Brandon Roy,Greg Oden,LaMarcus Aldridge,Rudy Fernandez,Sergio Rodriguez,Antawn Jamison,Antonio Daniels,Caron Butler,JaVale McGee,Nick Young,2,4:54,POR,rebound,,,,,,,,,,Greg Oden,,,,,,def,,
Brandon Roy,Greg Oden,LaMarcus Aldridge,Rudy Fernandez,Sergio Rodriguez,Antawn Jamison,Antonio Daniels,Caron Butler,JaVale McGee,Nick Young,2,4:42,POR,shot,,,JaVale McGee,,,,,,,Sergio Rodriguez,,,,missed,,layup,24,7
Brandon Roy,Greg Oden,LaMarcus Aldridge,Rudy Fernandez,Sergio Rodriguez,Antawn Jamison,Antonio Daniels,Caron Butler,JaVale McGee,Nick Young,2,4:40,POR,rebound,,,,,,,,,,Greg Oden,,,,,,off,,
Brandon Roy,Greg Oden,LaMarcus Aldridge,Rudy Fernandez,Sergio Rodriguez,Antawn Jamison,Antonio Daniels,Caron Butler,JaVale McGee,Nick Young,2,4:38,POR,shot,,,Caron Butler,,,,,,,Greg Oden,,,,missed,,layup,27,8
Brandon Roy,Greg Oden,LaMarcus Aldridge,Rudy Fernandez,Sergio Rodriguez,Antawn Jamison,Antonio Daniels,Caron Butler,JaVale McGee,Nick Young,2,4:36,WAS,rebound,,,,,,,,,,Nick Young,,,,,,def,,
Brandon Roy,Greg Oden,LaMarcus Aldridge,Rudy Fernandez,Sergio Rodriguez,Antawn Jamison,Antonio Daniels,Caron Butler,JaVale McGee,Nick Young,2,4:32,WAS,turnover,,,,,,,,,,Nick Young,,,lost ball,,Rudy Fernandez,,,
Brandon Roy,Greg Oden,LaMarcus Aldridge,Rudy Fernandez,Sergio Rodriguez,Antawn Jamison,Antonio Daniels,Caron Butler,JaVale McGee,Nick Young,2,4:27,POR,shot,,,,,,,,,,Brandon Roy,,,,missed,,jump,23,10
Brandon Roy,Greg Oden,LaMarcus Aldridge,Rudy Fernandez,Sergio Rodriguez,Antawn Jamison,Antonio Daniels,Caron Butler,JaVale McGee,Nick Young,2,4:25,POR,rebound,,,,,,,,,,Brandon Roy,,,,,,off,,
Brandon Roy,Greg Oden,LaMarcus Aldridge,Rudy Fernandez,Sergio Rodriguez,Antawn Jamison,Antonio Daniels,Caron Butler,JaVale McGee,Nick Young,2,4:22,POR,shot,Brandon Roy,,,,,,,,,Greg Oden,2,,,made,,slam dunk,25,6
Brandon Roy,Greg Oden,LaMarcus Aldridge,Rudy Fernandez,Sergio Rodriguez,Antawn Jamison,Antonio Daniels,Caron Butler,JaVale McGee,Nick Young,2,4:03,WAS,shot,,,,,,,,,,JaVale McGee,,,,missed,,jump,24,10
Brandon Roy,Greg Oden,LaMarcus Aldridge,Rudy Fernandez,Sergio Rodriguez,Antawn Jamison,Antonio Daniels,Caron Butler,JaVale McGee,Nick Young,2,4:02,POR,rebound,,,,,,,,,,LaMarcus Aldridge,,,,,,def,,
Brandon Roy,Greg Oden,LaMarcus Aldridge,Rudy Fernandez,Sergio Rodriguez,Antawn Jamison,Antonio Daniels,Caron Butler,JaVale McGee,Nick Young,2,3:52,WAS,foul,,,,,,,,Greg Oden,,JaVale McGee,,,,,,shooting,,
Brandon Roy,Greg Oden,LaMarcus Aldridge,Rudy Fernandez,Sergio Rodriguez,Antawn Jamison,Caron Butler,DeShawn Stevenson,JaVale McGee,Nick Young,2,3:52,WAS,sub,,,,DeShawn Stevenson,,Antonio Daniels,,,,,,,,,,,,
Brandon Roy,Greg Oden,LaMarcus Aldridge,Sergio Rodriguez,Travis Outlaw,Antawn Jamison,Caron Butler,DeShawn Stevenson,JaVale McGee,Nick Young,2,3:52,POR,sub,,,,Travis Outlaw,,Rudy Fernandez,,,,,,,,,,,,
Brandon Roy,Greg Oden,LaMarcus Aldridge,Sergio Rodriguez,Travis Outlaw,Antawn Jamison,Caron Butler,DeShawn Stevenson,JaVale McGee,Nick Young,2,3:52,POR,free throw,,,,,,,1,,2,Greg Oden,,,foul,made,,,,
Brandon Roy,Greg Oden,LaMarcus Aldridge,Sergio Rodriguez,Travis Outlaw,Antawn Jamison,Caron Butler,DeShawn Stevenson,JaVale McGee,Nick Young,2,3:52,POR,free throw,,,,,,,2,,2,Greg Oden,,,foul,made,,,,
Brandon Roy,Greg Oden,LaMarcus Aldridge,Sergio Rodriguez,Travis Outlaw,Antawn Jamison,Caron Butler,DeShawn Stevenson,JaVale McGee,Nick Young,2,3:34,WAS,shot,Antawn Jamison,,,,,,,,,JaVale McGee,2,,,made,,alley oop layup,24,7
Brandon Roy,Greg Oden,LaMarcus Aldridge,Sergio Rodriguez,Travis Outlaw,Antawn Jamison,Caron Butler,DeShawn Stevenson,JaVale McGee,Nick Young,2,3:15,POR,turnover,,,,,,,,,,Sergio Rodriguez,,,lost ball,,Antawn Jamison,,,
Brandon Roy,Greg Oden,LaMarcus Aldridge,Sergio Rodriguez,Travis Outlaw,Antawn Jamison,Caron Butler,DeShawn Stevenson,JaVale McGee,Nick Young,2,3:08,WAS,shot,,,,,,,,,,Caron Butler,,,,missed,,jump,10,5
Brandon Roy,Greg Oden,LaMarcus Aldridge,Sergio Rodriguez,Travis Outlaw,Antawn Jamison,Caron Butler,DeShawn Stevenson,JaVale McGee,Nick Young,2,3:07,POR,rebound,,,,,,,,,,Travis Outlaw,,,,,,def,,
Brandon Roy,Greg Oden,LaMarcus Aldridge,Sergio Rodriguez,Travis Outlaw,Antawn Jamison,Caron Butler,DeShawn Stevenson,JaVale McGee,Nick Young,2,3:00,POR,foul,,,,,,,,Nick Young,,Brandon Roy,,,,,,offensive,,
Brandon Roy,Greg Oden,LaMarcus Aldridge,Sergio Rodriguez,Travis Outlaw,Antawn Jamison,Caron Butler,DeShawn Stevenson,JaVale McGee,Nick Young,2,3:00,POR,turnover,,,,,,,,,,Brandon Roy,,,foul,,,,,
Brandon Roy,Greg Oden,LaMarcus Aldridge,Steve Blake,Travis Outlaw,Antawn Jamison,Caron Butler,DeShawn Stevenson,JaVale McGee,Nick Young,2,3:00,POR,sub,,,,Steve Blake,,Sergio Rodriguez,,,,,,,,,,,,
Brandon Roy,Greg Oden,LaMarcus Aldridge,Steve Blake,Travis Outlaw,Antawn Jamison,Caron Butler,DeShawn Stevenson,JaVale McGee,Nick Young,2,2:43,WAS,shot,,,Greg Oden,,,,,,,Nick Young,,,,missed,,jump,31,10
Brandon Roy,Greg Oden,LaMarcus Aldridge,Steve Blake,Travis Outlaw,Antawn Jamison,Caron Butler,DeShawn Stevenson,JaVale McGee,Nick Young,2,2:40,POR,rebound,,,,,,,,,,Steve Blake,,,,,,def,,
Brandon Roy,Greg Oden,LaMarcus Aldridge,Steve Blake,Travis Outlaw,Antawn Jamison,Caron Butler,DeShawn Stevenson,JaVale McGee,Nick Young,2,2:29,POR,shot,,,JaVale McGee,,,,,,,LaMarcus Aldridge,,,,missed,,jump,24,9
Brandon Roy,Greg Oden,LaMarcus Aldridge,Steve Blake,Travis Outlaw,Antawn Jamison,Caron Butler,DeShawn Stevenson,JaVale McGee,Nick Young,2,2:27,WAS,rebound,,,,,,,,,,DeShawn Stevenson,,,,,,def,,
Brandon Roy,Greg Oden,LaMarcus Aldridge,Steve Blake,Travis Outlaw,Antawn Jamison,Caron Butler,DeShawn Stevenson,JaVale McGee,Nick Young,2,2:22,WAS,shot,,,,,,,,,,Nick Young,,,,missed,,layup,22,6
Brandon Roy,Greg Oden,LaMarcus Aldridge,Steve Blake,Travis Outlaw,Antawn Jamison,Caron Butler,DeShawn Stevenson,JaVale McGee,Nick Young,2,2:21,POR,rebound,,,,,,,,,,,,,,,,,,
Brandon Roy,Greg Oden,LaMarcus Aldridge,Steve Blake,Travis Outlaw,Antawn Jamison,Caron Butler,DeShawn Stevenson,JaVale McGee,Nick Young,2,2:21,POR,timeout,,,,,,,,,,,,,,,,regular,,
Greg Oden,LaMarcus Aldridge,Rudy Fernandez,Steve Blake,Travis Outlaw,Antawn Jamison,Caron Butler,DeShawn Stevenson,JaVale McGee,Nick Young,2,2:21,POR,sub,,,,Rudy Fernandez,,Brandon Roy,,,,,,,,,,,,
Greg Oden,LaMarcus Aldridge,Rudy Fernandez,Steve Blake,Travis Outlaw,Antawn Jamison,Caron Butler,DeShawn Stevenson,JaVale McGee,Nick Young,2,2:05,POR,shot,,,,,,,,,,Travis Outlaw,,,,missed,,jump,26,13
Greg Oden,LaMarcus Aldridge,Rudy Fernandez,Steve Blake,Travis Outlaw,Antawn Jamison,Caron Butler,DeShawn Stevenson,JaVale McGee,Nick Young,2,2:04,WAS,rebound,,,,,,,,,,JaVale McGee,,,,,,def,,
Greg Oden,LaMarcus Aldridge,Rudy Fernandez,Steve Blake,Travis Outlaw,Antawn Jamison,Caron Butler,DeShawn Stevenson,JaVale McGee,Nick Young,2,1:42,WAS,shot,,,,,,,,,,Antawn Jamison,,,,missed,,jump,41,10
Greg Oden,LaMarcus Aldridge,Rudy Fernandez,Steve Blake,Travis Outlaw,Antawn Jamison,Caron Butler,DeShawn Stevenson,JaVale McGee,Nick Young,2,1:41,POR,rebound,,,,,,,,,,Greg Oden,,,,,,def,,
Greg Oden,LaMarcus Aldridge,Rudy Fernandez,Steve Blake,Travis Outlaw,Antawn Jamison,Caron Butler,DeShawn Stevenson,JaVale McGee,Nick Young,2,1:28,WAS,foul,,,,,,,,Greg Oden,,JaVale McGee,,,,,,personal,,
Greg Oden,LaMarcus Aldridge,Rudy Fernandez,Steve Blake,Travis Outlaw,Antawn Jamison,Caron Butler,Darius Songaila,DeShawn Stevenson,Nick Young,2,1:28,WAS,sub,,,,Darius Songaila,,JaVale McGee,,,,,,,,,,,,
Greg Oden,LaMarcus Aldridge,Rudy Fernandez,Steve Blake,Travis Outlaw,Antawn Jamison,Caron Butler,Darius Songaila,DeShawn Stevenson,Nick Young,2,1:16,POR,shot,,,,,,,,,,Rudy Fernandez,,,,missed,,3pt,23,32
Greg Oden,LaMarcus Aldridge,Rudy Fernandez,Steve Blake,Travis Outlaw,Antawn Jamison,Caron Butler,Darius Songaila,DeShawn Stevenson,Nick Young,2,1:15,WAS,rebound,,,,,,,,,,DeShawn Stevenson,,,,,,def,,
Greg Oden,LaMarcus Aldridge,Rudy Fernandez,Steve Blake,Travis Outlaw,Antawn Jamison,Caron Butler,Darius Songaila,DeShawn Stevenson,Nick Young,2,0:55,WAS,shot,,,,,,,,,,DeShawn Stevenson,,,,missed,,jump,23,28
Greg Oden,LaMarcus Aldridge,Rudy Fernandez,Steve Blake,Travis Outlaw,Antawn Jamison,Caron Butler,Darius Songaila,DeShawn Stevenson,Nick Young,2,0:54,WAS,rebound,,,,,,,,,,Nick Young,,,,,,off,,
Greg Oden,LaMarcus Aldridge,Rudy Fernandez,Steve Blake,Travis Outlaw,Antawn Jamison,Caron Butler,Darius Songaila,DeShawn Stevenson,Nick Young,2,0:47,WAS,shot,,,,,,,,,,Caron Butler,2,,,made,,jump,13,23
Greg Oden,LaMarcus Aldridge,Rudy Fernandez,Steve Blake,Travis Outlaw,Antawn Jamison,Caron Butler,Darius Songaila,DeShawn Stevenson,Nick Young,2,0:25,POR,shot,,,,,,,,,,LaMarcus Aldridge,,,,missed,,jump,21,12
Greg Oden,LaMarcus Aldridge,Rudy Fernandez,Steve Blake,Travis Outlaw,Antawn Jamison,Caron Butler,Darius Songaila,DeShawn Stevenson,Nick Young,2,0:24,POR,rebound,,,,,,,,,,,,,,,,,,
Greg Oden,LaMarcus Aldridge,Rudy Fernandez,Steve Blake,Travis Outlaw,Antawn Jamison,Caron Butler,Darius Songaila,DeShawn Stevenson,Nick Young,2,0:24,POR,timeout,,,,,,,,,,,,,,,,short,,
Greg Oden,LaMarcus Aldridge,Rudy Fernandez,Steve Blake,Travis Outlaw,Antawn Jamison,Caron Butler,Darius Songaila,DeShawn Stevenson,Dominic McGuire,2,0:24,WAS,sub,,,,Dominic McGuire,,Nick Young,,,,,,,,,,,,
Brandon Roy,Greg Oden,LaMarcus Aldridge,Rudy Fernandez,Travis Outlaw,Antawn Jamison,Caron Butler,Darius Songaila,DeShawn Stevenson,Dominic McGuire,2,0:24,POR,sub,,,,Brandon Roy,,Steve Blake,,,,,,,,,,,,
Brandon Roy,Greg Oden,LaMarcus Aldridge,Rudy Fernandez,Travis Outlaw,Antawn Jamison,Caron Butler,Darius Songaila,DeShawn Stevenson,Dominic McGuire,2,0:01,POR,turnover,,,,,,,,,,Greg Oden,,,lost ball,,Darius Songaila,,,
Brandon Roy,Greg Oden,LaMarcus Aldridge,Rudy Fernandez,Travis Outlaw,Antawn Jamison,Caron Butler,Darius Songaila,DeShawn Stevenson,Dominic McGuire,2,0:00,WAS,shot,,,,,,,,,,DeShawn Stevenson,,,,missed,,3pt,35,47
Brandon Roy,Greg Oden,LaMarcus Aldridge,Rudy Fernandez,Travis Outlaw,Antawn Jamison,Caron Butler,Darius Songaila,DeShawn Stevenson,Dominic McGuire,2,0:00,WAS,rebound,,,,,,,,,,,,,,,,,,
Brandon Roy,Greg Oden,LaMarcus Aldridge,Nicolas Batum,Steve Blake,Antawn Jamison,Caron Butler,DeShawn Stevenson,Dee Brown,JaVale McGee,3,11:43,WAS,shot,,,,,,,,,,Caron Butler,2,,,made,,jump,5,4
Brandon Roy,Greg Oden,LaMarcus Aldridge,Nicolas Batum,Steve Blake,Antawn Jamison,Caron Butler,DeShawn Stevenson,Dee Brown,JaVale McGee,3,11:26,POR,shot,,,,,,,,,,LaMarcus Aldridge,,,,missed,,jump,43,5
Brandon Roy,Greg Oden,LaMarcus Aldridge,Nicolas Batum,Steve Blake,Antawn Jamison,Caron Butler,DeShawn Stevenson,Dee Brown,JaVale McGee,3,11:25,WAS,rebound,,,,,,,,,,JaVale McGee,,,,,,def,,
Brandon Roy,Greg Oden,LaMarcus Aldridge,Nicolas Batum,Steve Blake,Antawn Jamison,Caron Butler,DeShawn Stevenson,Dee Brown,JaVale McGee,3,11:11,WAS,turnover,,,,,,,,,,Caron Butler,,,traveling,,,,,
Brandon Roy,Greg Oden,LaMarcus Aldridge,Nicolas Batum,Steve Blake,Antawn Jamison,Caron Butler,DeShawn Stevenson,Dee Brown,JaVale McGee,3,10:46,POR,shot,LaMarcus Aldridge,,,,,,,,,Steve Blake,3,,,made,,3pt,22,32
Brandon Roy,Greg Oden,LaMarcus Aldridge,Nicolas Batum,Steve Blake,Antawn Jamison,Caron Butler,DeShawn Stevenson,Dee Brown,JaVale McGee,3,10:33,WAS,shot,Dee Brown,,,,,,,,,Antawn Jamison,3,,,made,,3pt,46,18
Brandon Roy,Greg Oden,LaMarcus Aldridge,Nicolas Batum,Steve Blake,Antawn Jamison,Caron Butler,DeShawn Stevenson,Dee Brown,JaVale McGee,3,10:16,POR,shot,Steve Blake,,,,,,,,,LaMarcus Aldridge,2,,,made,,jump,13,20
Brandon Roy,Greg Oden,LaMarcus Aldridge,Nicolas Batum,Steve Blake,Antawn Jamison,Caron Butler,DeShawn Stevenson,Dee Brown,JaVale McGee,3,9:55,WAS,shot,,,,,,,,,,DeShawn Stevenson,,,,missed,,3pt,45,21
Brandon Roy,Greg Oden,LaMarcus Aldridge,Nicolas Batum,Steve Blake,Antawn Jamison,Caron Butler,DeShawn Stevenson,Dee Brown,JaVale McGee,3,9:53,POR,rebound,,,,,,,,,,Nicolas Batum,,,,,,def,,
Brandon Roy,Greg Oden,LaMarcus Aldridge,Nicolas Batum,Steve Blake,Antawn Jamison,Caron Butler,DeShawn Stevenson,Dee Brown,JaVale McGee,3,9:38,POR,shot,,,,,,,,,,Brandon Roy,2,,,made,,driving layup,25,6
Brandon Roy,Greg Oden,LaMarcus Aldridge,Nicolas Batum,Steve Blake,Antawn Jamison,Caron Butler,DeShawn Stevenson,Dee Brown,JaVale McGee,3,9:21,WAS,shot,,,,,,,,,,Caron Butler,,,,missed,,jump,9,6
Brandon Roy,Greg Oden,LaMarcus Aldridge,Nicolas Batum,Steve Blake,Antawn Jamison,Caron Butler,DeShawn Stevenson,Dee Brown,JaVale McGee,3,9:20,POR,rebound,,,,,,,,,,Greg Oden,,,,,,def,,
Brandon Roy,Greg Oden,LaMarcus Aldridge,Nicolas Batum,Steve Blake,Antawn Jamison,Caron Butler,DeShawn Stevenson,Dee Brown,JaVale McGee,3,9:16,WAS,foul,,,,,,,,Steve Blake,,Dee Brown,,,,,,shooting,,
Brandon Roy,Greg Oden,LaMarcus Aldridge,Nicolas Batum,Steve Blake,Antawn Jamison,Caron Butler,DeShawn Stevenson,Dee Brown,JaVale McGee,3,9:16,POR,free throw,,,,,,,1,,2,Steve Blake,,,foul,made,,,,
Brandon Roy,Greg Oden,LaMarcus Aldridge,Nicolas Batum,Steve Blake,Antawn Jamison,Caron Butler,DeShawn Stevenson,Dee Brown,JaVale McGee,3,9:16,POR,free throw,,,,,,,2,,2,Steve Blake,,,foul,made,,,,
Brandon Roy,Greg Oden,LaMarcus Aldridge,Nicolas Batum,Steve Blake,Antawn Jamison,Caron Butler,DeShawn Stevenson,Dee Brown,JaVale McGee,3,9:08,POR,foul,,,,,,,,Caron Butler,,Nicolas Batum,,,,,,personal,,
Brandon Roy,Greg Oden,LaMarcus Aldridge,Nicolas Batum,Steve Blake,Antawn Jamison,Caron Butler,DeShawn Stevenson,Dee Brown,JaVale McGee,3,8:50,WAS,shot,,,,,,,,,,JaVale McGee,2,,,made,,jump,39,14
Brandon Roy,Greg Oden,LaMarcus Aldridge,Nicolas Batum,Steve Blake,Antawn Jamison,Caron Butler,DeShawn Stevenson,Dee Brown,JaVale McGee,3,8:33,POR,shot,,,,,,,,,,Steve Blake,,,,missed,,jump,28,14
Brandon Roy,Greg Oden,LaMarcus Aldridge,Nicolas Batum,Steve Blake,Antawn Jamison,Caron Butler,DeShawn Stevenson,Dee Brown,JaVale McGee,3,8:31,WAS,rebound,,,,,,,,,,Dee Brown,,,,,,def,,
Brandon Roy,Greg Oden,LaMarcus Aldridge,Nicolas Batum,Steve Blake,Antawn Jamison,Caron Butler,DeShawn Stevenson,Dee Brown,JaVale McGee,3,8:25,POR,foul,,,,,,,,Dee Brown,,Nicolas Batum,,,,,,personal,,
Brandon Roy,Greg Oden,LaMarcus Aldridge,Nicolas Batum,Steve Blake,Antawn Jamison,Caron Butler,DeShawn Stevenson,Dee Brown,JaVale McGee,3,8:11,WAS,shot,,,,,,,,,,Antawn Jamison,,,,missed,,3pt,44,25
Brandon Roy,Greg Oden,LaMarcus Aldridge,Nicolas Batum,Steve Blake,Antawn Jamison,Caron Butler,DeShawn Stevenson,Dee Brown,JaVale McGee,3,8:10,WAS,rebound,,,,,,,,,,JaVale McGee,,,,,,off,,
Brandon Roy,Greg Oden,LaMarcus Aldridge,Nicolas Batum,Steve Blake,Antawn Jamison,Caron Butler,DeShawn Stevenson,Dee Brown,JaVale McGee,3,8:07,WAS,shot,,,,,,,,,,JaVale McGee,,,,missed,,jump,14,4
Brandon Roy,Greg Oden,LaMarcus Aldridge,Nicolas Batum,Steve Blake,Antawn Jamison,Caron Butler,DeShawn Stevenson,Dee Brown,JaVale McGee,3,8:06,POR,rebound,,,,,,,,,,Greg Oden,,,,,,def,,
Brandon Roy,Greg Oden,LaMarcus Aldridge,Nicolas Batum,Steve Blake,Antawn Jamison,Caron Butler,DeShawn Stevenson,Dee Brown,JaVale McGee,3,8:03,POR,shot,Steve Blake,,,,,,,,,Brandon Roy,2,,,made,,layup,24,8
Brandon Roy,Greg Oden,LaMarcus Aldridge,Nicolas Batum,Steve Blake,Antawn Jamison,Caron Butler,DeShawn Stevenson,Dee Brown,JaVale McGee,3,7:59,WAS,timeout,,,,,,,,,,,,,,,,regular,,
Brandon Roy,Greg Oden,LaMarcus Aldridge,Nicolas Batum,Steve Blake,Antawn Jamison,Caron Butler,Darius Songaila,DeShawn Stevenson,Dee Brown,3,7:59,WAS,sub,,,,Darius Songaila,,JaVale McGee,,,,,,,,,,,,
Brandon Roy,Greg Oden,LaMarcus Aldridge,Nicolas Batum,Steve Blake,Andray Blatche,Antawn Jamison,Caron Butler,Darius Songaila,DeShawn Stevenson,3,7:59,WAS,sub,,,,Andray Blatche,,Dee Brown,,,,,,,,,,,,
Brandon Roy,Greg Oden,LaMarcus Aldridge,Nicolas Batum,Steve Blake,Andray Blatche,Antawn Jamison,Caron Butler,Darius Songaila,DeShawn Stevenson,3,7:43,WAS,shot,Darius Songaila,,,,,,,,,Caron Butler,2,,,made,,jump hook,20,9
Brandon Roy,Greg Oden,LaMarcus Aldridge,Nicolas Batum,Steve Blake,Andray Blatche,Antawn Jamison,Caron Butler,Darius Songaila,DeShawn Stevenson,3,7:16,POR,shot,,,,,,,,,,Brandon Roy,,,,missed,,jump,36,25
Brandon Roy,Greg Oden,LaMarcus Aldridge,Nicolas Batum,Steve Blake,Andray Blatche,Antawn Jamison,Caron Butler,Darius Songaila,DeShawn Stevenson,3,7:15,WAS,rebound,,,,,,,,,,Antawn Jamison,,,,,,def,,
Brandon Roy,Greg Oden,LaMarcus Aldridge,Nicolas Batum,Steve Blake,Andray Blatche,Antawn Jamison,Caron Butler,Darius Songaila,DeShawn Stevenson,3,7:02,POR,foul,,,,,,,,Caron Butler,,LaMarcus Aldridge,,,,,,shooting,,
Brandon Roy,Greg Oden,LaMarcus Aldridge,Nicolas Batum,Steve Blake,Andray Blatche,Antawn Jamison,Caron Butler,Darius Songaila,DeShawn Stevenson,3,7:02,WAS,free throw,,,,,,,1,,2,Caron Butler,,,foul,made,,,,
Brandon Roy,Greg Oden,LaMarcus Aldridge,Nicolas Batum,Steve Blake,Andray Blatche,Antawn Jamison,Caron Butler,Darius Songaila,DeShawn Stevenson,3,7:02,WAS,free throw,,,,,,,2,,2,Caron Butler,,,foul,made,,,,
Brandon Roy,Greg Oden,LaMarcus Aldridge,Nicolas Batum,Steve Blake,Andray Blatche,Antawn Jamison,Caron Butler,Darius Songaila,DeShawn Stevenson,3,6:42,POR,shot,,,,,,,,,,Steve Blake,,,,missed,,3pt,2,5
Brandon Roy,Greg Oden,LaMarcus Aldridge,Nicolas Batum,Steve Blake,Andray Blatche,Antawn Jamison,Caron Butler,Darius Songaila,DeShawn Stevenson,3,6:41,WAS,rebound,,,,,,,,,,DeShawn Stevenson,,,,,,def,,
Brandon Roy,Greg Oden,LaMarcus Aldridge,Nicolas Batum,Steve Blake,Andray Blatche,Antawn Jamison,Caron Butler,Darius Songaila,DeShawn Stevenson,3,6:28,WAS,shot,DeShawn Stevenson,,,,,,,,,Antawn Jamison,2,,,made,,jump,6,5
Brandon Roy,Greg Oden,LaMarcus Aldridge,Nicolas Batum,Steve Blake,Andray Blatche,Antawn Jamison,Caron Butler,Darius Songaila,DeShawn Stevenson,3,6:05,POR,shot,,,,,,,,,,Brandon Roy,,,,missed,,jump,38,11
Brandon Roy,Greg Oden,LaMarcus Aldridge,Nicolas Batum,Steve Blake,Andray Blatche,Antawn Jamison,Caron Butler,Darius Songaila,DeShawn Stevenson,3,6:05,POR,rebound,,,,,,,,,,,,,,,,,,
Brandon Roy,Greg Oden,LaMarcus Aldridge,Nicolas Batum,Steve Blake,Andray Blatche,Antawn Jamison,Caron Butler,Darius Songaila,DeShawn Stevenson,3,5:59,POR,shot,,,,,,,,,,Nicolas Batum,,,,missed,,jump,26,15
Brandon Roy,Greg Oden,LaMarcus Aldridge,Nicolas Batum,Steve Blake,Andray Blatche,Antawn Jamison,Caron Butler,Darius Songaila,DeShawn Stevenson,3,5:57,POR,rebound,,,,,,,,,,LaMarcus Aldridge,,,,,,off,,
Brandon Roy,Greg Oden,LaMarcus Aldridge,Nicolas Batum,Steve Blake,Andray Blatche,Antawn Jamison,Caron Butler,Darius Songaila,DeShawn Stevenson,3,5:52,POR,shot,LaMarcus Aldridge,,,,,,,,,Steve Blake,3,,,made,,3pt,11,27
Brandon Roy,Greg Oden,LaMarcus Aldridge,Nicolas Batum,Steve Blake,Andray Blatche,Antawn Jamison,Caron Butler,Darius Songaila,DeShawn Stevenson,3,5:51,POR,violation,,,,,,,,,,,,,,,,delay of game,,
Brandon Roy,Greg Oden,LaMarcus Aldridge,Nicolas Batum,Steve Blake,Andray Blatche,Antawn Jamison,Caron Butler,Darius Songaila,DeShawn Stevenson,3,5:39,WAS,shot,,,,,,,,,,Caron Butler,2,,,made,,fade away jumper,41,7
Brandon Roy,Greg Oden,LaMarcus Aldridge,Nicolas Batum,Steve Blake,Andray Blatche,Antawn Jamison,Caron Butler,Darius Songaila,DeShawn Stevenson,3,5:25,POR,shot,Steve Blake,,,,,,,,,Greg Oden,2,,,made,,layup,25,5
Brandon Roy,Greg Oden,LaMarcus Aldridge,Nicolas Batum,Steve Blake,Andray Blatche,Antawn Jamison,Caron Butler,Darius Songaila,DeShawn Stevenson,3,5:04,WAS,shot,,,,,,,,,,Andray Blatche,2,,,made,,jump,39,13
Brandon Roy,Greg Oden,LaMarcus Aldridge,Nicolas Batum,Steve Blake,Andray Blatche,Antawn Jamison,Caron Butler,Darius Songaila,DeShawn Stevenson,3,4:44,POR,shot,,,,,,,,,,Brandon Roy,,,,missed,,jump,27,10
Brandon Roy,Greg Oden,LaMarcus Aldridge,Nicolas Batum,Steve Blake,Andray Blatche,Antawn Jamison,Caron Butler,Darius Songaila,DeShawn Stevenson,3,4:43,POR,rebound,,,,,,,,,,Brandon Roy,,,,,,off,,
Brandon Roy,Greg Oden,LaMarcus Aldridge,Nicolas Batum,Steve Blake,Andray Blatche,Antawn Jamison,Caron Butler,Darius Songaila,DeShawn Stevenson,3,4:41,POR,shot,,,,,,,,,,Brandon Roy,,,,missed,,layup,25,7
Brandon Roy,Greg Oden,LaMarcus Aldridge,Nicolas Batum,Steve Blake,Andray Blatche,Antawn Jamison,Caron Butler,Darius Songaila,DeShawn Stevenson,3,4:40,WAS,rebound,,,,,,,,,,Darius Songaila,,,,,,def,,
Brandon Roy,Greg Oden,LaMarcus Aldridge,Nicolas Batum,Steve Blake,Andray Blatche,Antawn Jamison,Caron Butler,Darius Songaila,DeShawn Stevenson,3,4:36,WAS,shot,Darius Songaila,,,,,,,,,Caron Butler,2,,,made,,driving layup,24,6
Brandon Roy,Greg Oden,LaMarcus Aldridge,Nicolas Batum,Steve Blake,Andray Blatche,Antawn Jamison,Caron Butler,Darius Songaila,DeShawn Stevenson,3,4:09,POR,shot,,,,,,,,,,LaMarcus Aldridge,,,,missed,,jump,42,14
Brandon Roy,Greg Oden,LaMarcus Aldridge,Nicolas Batum,Steve Blake,Andray Blatche,Antawn Jamison,Caron Butler,Darius Songaila,DeShawn Stevenson,3,4:08,WAS,rebound,,,,,,,,,,,,,,,,,,
Brandon Roy,Joel Przybilla,LaMarcus Aldridge,Nicolas Batum,Steve Blake,Andray Blatche,Antawn Jamison,Caron Butler,Darius Songaila,DeShawn Stevenson,3,4:08,POR,sub,,,,Joel Przybilla,,Greg Oden,,,,,,,,,,,,
Brandon Roy,Joel Przybilla,LaMarcus Aldridge,Steve Blake,Travis Outlaw,Andray Blatche,Antawn Jamison,Caron Butler,Darius Songaila,DeShawn Stevenson,3,4:08,POR,sub,,,,Travis Outlaw,,Nicolas Batum,,,,,,,,,,,,
Brandon Roy,Joel Przybilla,LaMarcus Aldridge,Steve Blake,Travis Outlaw,Andray Blatche,Antawn Jamison,Caron Butler,Darius Songaila,DeShawn Stevenson,3,3:51,WAS,turnover,,,,,,,,,,Andray Blatche,,,bad pass,,,,,
Brandon Roy,Joel Przybilla,LaMarcus Aldridge,Steve Blake,Travis Outlaw,Andray Blatche,Antawn Jamison,Caron Butler,Darius Songaila,DeShawn Stevenson,3,3:51,POR,timeout,,,,,,,,,,,,,,,,regular,,
Brandon Roy,Joel Przybilla,LaMarcus Aldridge,Steve Blake,Travis Outlaw,Andray Blatche,Antawn Jamison,Caron Butler,Darius Songaila,DeShawn Stevenson,3,3:39,POR,shot,,,,,,,,,,Steve Blake,,,,missed,,3pt,47,20
Brandon Roy,Joel Przybilla,LaMarcus Aldridge,Steve Blake,Travis Outlaw,Andray Blatche,Antawn Jamison,Caron Butler,Darius Songaila,DeShawn Stevenson,3,3:38,WAS,rebound,,,,,,,,,,Caron Butler,,,,,,def,,
Brandon Roy,Joel Przybilla,LaMarcus Aldridge,Steve Blake,Travis Outlaw,Andray Blatche,Antawn Jamison,Caron Butler,Darius Songaila,DeShawn Stevenson,3,3:31,POR,foul,,,,,,,,Andray Blatche,,Travis Outlaw,,,,,,shooting,,
Brandon Roy,Joel Przybilla,LaMarcus Aldridge,Steve Blake,Travis Outlaw,Andray Blatche,Antawn Jamison,Caron Butler,Darius Songaila,DeShawn Stevenson,3,3:31,WAS,free throw,,,,,,,1,,2,Andray Blatche,,,foul,missed,,,,
Brandon Roy,Joel Przybilla,LaMarcus Aldridge,Steve Blake,Travis Outlaw,Andray Blatche,Antawn Jamison,Caron Butler,Darius Songaila,DeShawn Stevenson,3,3:31,WAS,rebound,,,,,,,,,,,,,,,,,,
Brandon Roy,Joel Przybilla,LaMarcus Aldridge,Steve Blake,Travis Outlaw,Andray Blatche,Antawn Jamison,Caron Butler,Darius Songaila,DeShawn Stevenson,3,3:31,WAS,free throw,,,,,,,2,,2,Andray Blatche,,,foul,made,,,,
Brandon Roy,Joel Przybilla,LaMarcus Aldridge,Steve Blake,Travis Outlaw,Andray Blatche,Antawn Jamison,Caron Butler,Darius Songaila,DeShawn Stevenson,3,3:09,POR,shot,,,,,,,,,,LaMarcus Aldridge,,,,missed,,jump,44,16
Brandon Roy,Joel Przybilla,LaMarcus Aldridge,Steve Blake,Travis Outlaw,Andray Blatche,Antawn Jamison,Caron Butler,Darius Songaila,DeShawn Stevenson,3,3:08,WAS,rebound,,,,,,,,,,Caron Butler,,,,,,def,,
Brandon Roy,Joel Przybilla,LaMarcus Aldridge,Steve Blake,Travis Outlaw,Andray Blatche,Antawn Jamison,Caron Butler,Darius Songaila,DeShawn Stevenson,3,2:59,WAS,shot,,,,,,,,,,Antawn Jamison,,,,missed,,3pt,9,26
Brandon Roy,Joel Przybilla,LaMarcus Aldridge,Steve Blake,Travis Outlaw,Andray Blatche,Antawn Jamison,Caron Butler,Darius Songaila,DeShawn Stevenson,3,2:58,POR,rebound,,,,,,,,,,Joel Przybilla,,,,,,def,,
Brandon Roy,Joel Przybilla,LaMarcus Aldridge,Steve Blake,Travis Outlaw,Andray Blatche,Antawn Jamison,Caron Butler,Darius Songaila,DeShawn Stevenson,3,2:48,POR,shot,,,,,,,,,,Brandon Roy,,,,missed,,layup,25,8
Brandon Roy,Joel Przybilla,LaMarcus Aldridge,Steve Blake,Travis Outlaw,Andray Blatche,Antawn Jamison,Caron Butler,Darius Songaila,DeShawn Stevenson,3,2:47,POR,rebound,,,,,,,,,,Joel Przybilla,,,,,,off,,
Brandon Roy,Joel Przybilla,LaMarcus Aldridge,Steve Blake,Travis Outlaw,Andray Blatche,Antawn Jamison,Caron Butler,Darius Songaila,DeShawn Stevenson,3,2:45,POR,shot,,,,,,,,,,Joel Przybilla,2,,,made,,layup,27,7
Brandon Roy,Joel Przybilla,LaMarcus Aldridge,Steve Blake,Travis Outlaw,Andray Blatche,Antawn Jamison,Caron Butler,Darius Songaila,DeShawn Stevenson,3,2:27,WAS,shot,,,,,,,,,,Antawn Jamison,2,,,made,,floating jump,28,12
Brandon Roy,Joel Przybilla,LaMarcus Aldridge,Steve Blake,Travis Outlaw,Andray Blatche,Antawn Jamison,Caron Butler,Darius Songaila,DeShawn Stevenson,3,2:15,POR,shot,Brandon Roy,,,,,,,,,LaMarcus Aldridge,2,,,made,,dunk,25,8
Brandon Roy,Joel Przybilla,LaMarcus Aldridge,Steve Blake,Travis Outlaw,Andray Blatche,Antawn Jamison,Caron Butler,Darius Songaila,DeShawn Stevenson,3,1:48,WAS,shot,,,,,,,,,,Darius Songaila,,,,missed,,jump,41,7
Brandon Roy,Joel Przybilla,LaMarcus Aldridge,Steve Blake,Travis Outlaw,Andray Blatche,Antawn Jamison,Caron Butler,Darius Songaila,DeShawn Stevenson,3,1:47,POR,rebound,,,,,,,,,,Brandon Roy,,,,,,def,,
Brandon Roy,Joel Przybilla,LaMarcus Aldridge,Steve Blake,Travis Outlaw,Andray Blatche,Antawn Jamison,Caron Butler,Darius Songaila,DeShawn Stevenson,3,1:43,POR,shot,Brandon Roy,,,,,,,,,LaMarcus Aldridge,2,,,made,,slam dunk,27,5
Brandon Roy,Joel Przybilla,LaMarcus Aldridge,Steve Blake,Travis Outlaw,Andray Blatche,Antawn Jamison,Caron Butler,Darius Songaila,DeShawn Stevenson,3,1:26,WAS,shot,Antawn Jamison,,,,,,,,,Darius Songaila,2,,,made,,reverse layup,26,5
Brandon Roy,Joel Przybilla,LaMarcus Aldridge,Steve Blake,Travis Outlaw,Andray Blatche,Antawn Jamison,Caron Butler,Darius Songaila,DeShawn Stevenson,3,1:10,WAS,foul,,,,,,,,LaMarcus Aldridge,,Darius Songaila,,,,,,shooting,,
Joel Przybilla,LaMarcus Aldridge,Rudy Fernandez,Steve Blake,Travis Outlaw,Andray Blatche,Antawn Jamison,Caron Butler,Darius Songaila,DeShawn Stevenson,3,1:10,POR,sub,,,,Rudy Fernandez,,Brandon Roy,,,,,,,,,,,,
Channing Frye,LaMarcus Aldridge,Rudy Fernandez,Steve Blake,Travis Outlaw,Andray Blatche,Antawn Jamison,Caron Butler,Darius Songaila,DeShawn Stevenson,3,1:10,POR,sub,,,,Channing Frye,,Joel Przybilla,,,,,,,,,,,,
Channing Frye,LaMarcus Aldridge,Rudy Fernandez,Steve Blake,Travis Outlaw,Andray Blatche,Antawn Jamison,Caron Butler,Darius Songaila,DeShawn Stevenson,3,1:10,POR,free throw,,,,,,,1,,2,LaMarcus Aldridge,,,foul,made,,,,
Channing Frye,LaMarcus Aldridge,Rudy Fernandez,Steve Blake,Travis Outlaw,Andray Blatche,Antawn Jamison,Caron Butler,Darius Songaila,DeShawn Stevenson,3,1:10,POR,free throw,,,,,,,2,,2,LaMarcus Aldridge,,,foul,made,,,,
Channing Frye,LaMarcus Aldridge,Rudy Fernandez,Steve Blake,Travis Outlaw,Andray Blatche,Antawn Jamison,Caron Butler,Darius Songaila,DeShawn Stevenson,3,0:54,WAS,shot,DeShawn Stevenson,,,,,,,,,Caron Butler,2,,,made,,jump,41,16
Channing Frye,LaMarcus Aldridge,Rudy Fernandez,Steve Blake,Travis Outlaw,Andray Blatche,Antawn Jamison,Caron Butler,Darius Songaila,DeShawn Stevenson,3,0:41,POR,shot,Channing Frye,,,,,,,,,Rudy Fernandez,3,,,made,,3pt,2,6
Channing Frye,LaMarcus Aldridge,Rudy Fernandez,Steve Blake,Travis Outlaw,Andray Blatche,Antawn Jamison,Caron Butler,Darius Songaila,DeShawn Stevenson,3,0:30,WAS,turnover,,,,,,,,,,Caron Butler,,,lost ball,,Rudy Fernandez,,,
Channing Frye,LaMarcus Aldridge,Rudy Fernandez,Steve Blake,Travis Outlaw,Andray Blatche,Antawn Jamison,Caron Butler,Darius Songaila,DeShawn Stevenson,3,0:09,POR,shot,,,,,,,,,,Steve Blake,2,,,made,,driving layup,25,6
Channing Frye,LaMarcus Aldridge,Rudy Fernandez,Steve Blake,Travis Outlaw,Andray Blatche,Antawn Jamison,Caron Butler,Darius Songaila,DeShawn Stevenson,3,0:05,POR,foul,,,,,,,,DeShawn Stevenson,,Steve Blake,,,,,,shooting,,
Channing Frye,LaMarcus Aldridge,Rudy Fernandez,Steve Blake,Travis Outlaw,Andray Blatche,Antawn Jamison,Caron Butler,Darius Songaila,DeShawn Stevenson,3,0:05,WAS,free throw,,,,,,,1,,3,DeShawn Stevenson,,,foul,made,,,,
Channing Frye,LaMarcus Aldridge,Rudy Fernandez,Sergio Rodriguez,Travis Outlaw,Andray Blatche,Antawn Jamison,Caron Butler,Darius Songaila,DeShawn Stevenson,3,0:05,POR,sub,,,,Sergio Rodriguez,,Steve Blake,,,,,,,,,,,,
Channing Frye,LaMarcus Aldridge,Rudy Fernandez,Sergio Rodriguez,Travis Outlaw,Andray Blatche,Antawn Jamison,Caron Butler,Darius Songaila,DeShawn Stevenson,3,0:05,WAS,free throw,,,,,,,2,,3,DeShawn Stevenson,,,foul,made,,,,
Channing Frye,LaMarcus Aldridge,Rudy Fernandez,Sergio Rodriguez,Travis Outlaw,Andray Blatche,Antawn Jamison,Darius Songaila,DeShawn Stevenson,Nick Young,3,0:05,WAS,sub,,,,Nick Young,,Caron Butler,,,,,,,,,,,,
Channing Frye,LaMarcus Aldridge,Rudy Fernandez,Sergio Rodriguez,Travis Outlaw,Andray Blatche,Antawn Jamison,Darius Songaila,DeShawn Stevenson,Nick Young,3,0:05,WAS,free throw,,,,,,,3,,3,DeShawn Stevenson,,,foul,made,,,,
Channing Frye,LaMarcus Aldridge,Rudy Fernandez,Sergio Rodriguez,Travis Outlaw,Andray Blatche,Antawn Jamison,Darius Songaila,DeShawn Stevenson,Nick Young,3,0:01,POR,shot,Sergio Rodriguez,,,,,,,,,Rudy Fernandez,2,,,made,,reverse layup,25,7
Channing Frye,LaMarcus Aldridge,Rudy Fernandez,Sergio Rodriguez,Travis Outlaw,Andray Blatche,Antawn Jamison,Darius Songaila,DeShawn Stevenson,Nick Young,3,0:01,WAS,foul,,,,,,,,Rudy Fernandez,,Nick Young,,,,,,shooting,,
Channing Frye,LaMarcus Aldridge,Rudy Fernandez,Sergio Rodriguez,Travis Outlaw,Andray Blatche,Antawn Jamison,Darius Songaila,DeShawn Stevenson,Nick Young,3,0:01,POR,free throw,,,,,,,1,,1,Rudy Fernandez,,,foul,made,,,,
Channing Frye,Joel Przybilla,Rudy Fernandez,Sergio Rodriguez,Travis Outlaw,Andray Blatche,Antawn Jamison,Antonio Daniels,Dominic McGuire,Nick Young,4,11:36,POR,shot,,,,,,,,,,Sergio Rodriguez,,,,missed,,3pt,13,29
Channing Frye,Joel Przybilla,Rudy Fernandez,Sergio Rodriguez,Travis Outlaw,Andray Blatche,Antawn Jamison,Antonio Daniels,Dominic McGuire,Nick Young,4,11:35,WAS,rebound,,,,,,,,,,Nick Young,,,,,,def,,
Channing Frye,Joel Przybilla,Rudy Fernandez,Sergio Rodriguez,Travis Outlaw,Andray Blatche,Antawn Jamison,Antonio Daniels,Dominic McGuire,Nick Young,4,11:24,POR,foul,,,,,,,,Antawn Jamison,,Channing Frye,,,,,,personal,,
Channing Frye,Joel Przybilla,Rudy Fernandez,Sergio Rodriguez,Travis Outlaw,Andray Blatche,Antawn Jamison,Antonio Daniels,Dominic McGuire,Nick Young,4,11:11,WAS,shot,,,,,,,,,,Antawn Jamison,,,,missed,,jump,7,16
Channing Frye,Joel Przybilla,Rudy Fernandez,Sergio Rodriguez,Travis Outlaw,Andray Blatche,Antawn Jamison,Antonio Daniels,Dominic McGuire,Nick Young,4,11:10,WAS,rebound,,,,,,,,,,Dominic McGuire,,,,,,off,,
Channing Frye,Joel Przybilla,Rudy Fernandez,Sergio Rodriguez,Travis Outlaw,Andray Blatche,Antawn Jamison,Antonio Daniels,Dominic McGuire,Nick Young,4,11:03,WAS,shot,Antonio Daniels,,,,,,,,,Andray Blatche,2,,,made,,jump,43,6
Channing Frye,Joel Przybilla,Rudy Fernandez,Sergio Rodriguez,Travis Outlaw,Andray Blatche,Antawn Jamison,Antonio Daniels,Dominic McGuire,Nick Young,4,10:39,POR,shot,,,,,,,,,,Sergio Rodriguez,,,,missed,,jump,16,21
Channing Frye,Joel Przybilla,Rudy Fernandez,Sergio Rodriguez,Travis Outlaw,Andray Blatche,Antawn Jamison,Antonio Daniels,Dominic McGuire,Nick Young,4,10:38,WAS,rebound,,,,,,,,,,Nick Young,,,,,,def,,
Channing Frye,Joel Przybilla,Rudy Fernandez,Sergio Rodriguez,Travis Outlaw,Andray Blatche,Antawn Jamison,Antonio Daniels,Dominic McGuire,Nick Young,4,10:25,WAS,foul,,,,,,,,Rudy Fernandez,,Nick Young,,,,,,offensive,,
Channing Frye,Joel Przybilla,Rudy Fernandez,Sergio Rodriguez,Travis Outlaw,Andray Blatche,Antawn Jamison,Antonio Daniels,Dominic McGuire,Nick Young,4,10:25,WAS,turnover,,,,,,,,,,Nick Young,,,foul,,,,,
Channing Frye,Joel Przybilla,Rudy Fernandez,Sergio Rodriguez,Travis Outlaw,Andray Blatche,Antawn Jamison,Antonio Daniels,Dominic McGuire,Nick Young,4,10:05,POR,shot,,,,,,,,,,Travis Outlaw,,,,missed,,jump,43,9
Channing Frye,Joel Przybilla,Rudy Fernandez,Sergio Rodriguez,Travis Outlaw,Andray Blatche,Antawn Jamison,Antonio Daniels,Dominic McGuire,Nick Young,4,10:04,WAS,rebound,,,,,,,,,,Antawn Jamison,,,,,,def,,
Channing Frye,Joel Przybilla,Rudy Fernandez,Sergio Rodriguez,Travis Outlaw,Andray Blatche,Antawn Jamison,Antonio Daniels,Dominic McGuire,Nick Young,4,9:48,POR,foul,,,,,,,,Antonio Daniels,,Travis Outlaw,,,,,,shooting,,
Channing Frye,Joel Przybilla,Rudy Fernandez,Sergio Rodriguez,Travis Outlaw,Andray Blatche,Antawn Jamison,Antonio Daniels,Dominic McGuire,Nick Young,4,9:48,WAS,free throw,,,,,,,1,,2,Antonio Daniels,,,foul,made,,,,
Channing Frye,Joel Przybilla,Rudy Fernandez,Sergio Rodriguez,Travis Outlaw,Andray Blatche,Antawn Jamison,Antonio Daniels,Dominic McGuire,Nick Young,4,9:48,WAS,free throw,,,,,,,2,,2,Antonio Daniels,,,foul,made,,,,
Channing Frye,Joel Przybilla,Rudy Fernandez,Sergio Rodriguez,Travis Outlaw,Andray Blatche,Antawn Jamison,Antonio Daniels,Dominic McGuire,Nick Young,4,9:30,POR,shot,,,Dominic McGuire,,,,,,,Travis Outlaw,,,,missed,,jump,12,18
Channing Frye,Joel Przybilla,Rudy Fernandez,Sergio Rodriguez,Travis Outlaw,Andray Blatche,Antawn Jamison,Antonio Daniels,Dominic McGuire,Nick Young,4,9:28,WAS,rebound,,,,,,,,,,Antawn Jamison,,,,,,def,,
Channing Frye,Joel Przybilla,Rudy Fernandez,Sergio Rodriguez,Travis Outlaw,Andray Blatche,Antawn Jamison,Antonio Daniels,Dominic McGuire,Nick Young,4,9:14,WAS,shot,Nick Young,,,,,,,,,Antawn Jamison,2,,,made,,jump,7,16
Channing Frye,Joel Przybilla,Rudy Fernandez,Sergio Rodriguez,Travis Outlaw,Andray Blatche,Antawn Jamison,Antonio Daniels,Dominic McGuire,Nick Young,4,9:00,POR,shot,,,,,,,,,,Channing Frye,,,,missed,,jump,14,23
Channing Frye,Joel Przybilla,Rudy Fernandez,Sergio Rodriguez,Travis Outlaw,Andray Blatche,Antawn Jamison,Antonio Daniels,Dominic McGuire,Nick Young,4,8:59,POR,rebound,,,,,,,,,,Joel Przybilla,,,,,,off,,
Channing Frye,Joel Przybilla,Rudy Fernandez,Sergio Rodriguez,Travis Outlaw,Andray Blatche,Antawn Jamison,Antonio Daniels,Dominic McGuire,Nick Young,4,8:54,POR,foul,,,,,,,,Antonio Daniels,,Joel Przybilla,,,,,,offensive,,
Channing Frye,Joel Przybilla,Rudy Fernandez,Sergio Rodriguez,Travis Outlaw,Andray Blatche,Antawn Jamison,Antonio Daniels,Dominic McGuire,Nick Young,4,8:54,POR,turnover,,,,,,,,,,Joel Przybilla,,,foul,,,,,
Channing Frye,Joel Przybilla,Rudy Fernandez,Sergio Rodriguez,Travis Outlaw,Andray Blatche,Antawn Jamison,Antonio Daniels,Dominic McGuire,Nick Young,4,8:54,OFF,timeout,,,,,,,,,,,,,,,,official,,
Brandon Roy,Channing Frye,Joel Przybilla,Rudy Fernandez,Sergio Rodriguez,Andray Blatche,Antawn Jamison,Antonio Daniels,Dominic McGuire,Nick Young,4,8:54,POR,sub,,,,Brandon Roy,,Travis Outlaw,,,,,,,,,,,,
Brandon Roy,Joel Przybilla,LaMarcus Aldridge,Rudy Fernandez,Sergio Rodriguez,Andray Blatche,Antawn Jamison,Antonio Daniels,Dominic McGuire,Nick Young,4,8:54,POR,sub,,,,LaMarcus Aldridge,,Channing Frye,,,,,,,,,,,,
Brandon Roy,Joel Przybilla,LaMarcus Aldridge,Rudy Fernandez,Sergio Rodriguez,Andray Blatche,Antonio Daniels,Caron Butler,Dominic McGuire,Nick Young,4,8:54,WAS,sub,,,,Caron Butler,,Antawn Jamison,,,,,,,,,,,,
Brandon Roy,Joel Przybilla,LaMarcus Aldridge,Rudy Fernandez,Sergio Rodriguez,Andray Blatche,Antonio Daniels,Caron Butler,Dominic McGuire,Nick Young,4,8:43,POR,foul,,,,,,,,Antonio Daniels,,Sergio Rodriguez,,,,,,personal,,
Brandon Roy,Joel Przybilla,LaMarcus Aldridge,Rudy Fernandez,Steve Blake,Andray Blatche,Antonio Daniels,Caron Butler,Dominic McGuire,Nick Young,4,8:43,POR,sub,,,,Steve Blake,,Sergio Rodriguez,,,,,,,,,,,,
Brandon Roy,Greg Oden,LaMarcus Aldridge,Rudy Fernandez,Steve Blake,Andray Blatche,Antonio Daniels,Caron Butler,Dominic McGuire,Nick Young,4,8:43,POR,sub,,,,Greg Oden,,Joel Przybilla,,,,,,,,,,,,
Brandon Roy,Greg Oden,LaMarcus Aldridge,Rudy Fernandez,Steve Blake,Andray Blatche,Antonio Daniels,Caron Butler,Dominic McGuire,Nick Young,4,8:32,WAS,shot,Antonio Daniels,,,,,,,,,Nick Young,3,,,made,,3pt,43,26
Brandon Roy,Greg Oden,LaMarcus Aldridge,Rudy Fernandez,Steve Blake,Andray Blatche,Antonio Daniels,Caron Butler,Dominic McGuire,Nick Young,4,8:12,POR,shot,,,,,,,,,,LaMarcus Aldridge,,,,missed,,jump,25,12
Brandon Roy,Greg Oden,LaMarcus Aldridge,Rudy Fernandez,Steve Blake,Andray Blatche,Antonio Daniels,Caron Butler,Dominic McGuire,Nick Young,4,8:11,WAS,rebound,,,,,,,,,,Dominic McGuire,,,,,,def,,
Brandon Roy,Greg Oden,LaMarcus Aldridge,Rudy Fernandez,Steve Blake,Andray Blatche,Antonio Daniels,Caron Butler,Dominic McGuire,Nick Young,4,8:05,POR,foul,,,,,,,,Caron Butler,,Brandon Roy,,,,,,personal,,
Brandon Roy,Greg Oden,LaMarcus Aldridge,Rudy Fernandez,Steve Blake,Andray Blatche,Antonio Daniels,Caron Butler,Dominic McGuire,Nick Young,4,7:55,WAS,turnover,,,,,,,,,,Andray Blatche,,,lost ball,,Rudy Fernandez,,,
Brandon Roy,Greg Oden,LaMarcus Aldridge,Rudy Fernandez,Steve Blake,Andray Blatche,Antonio Daniels,Caron Butler,Dominic McGuire,Nick Young,4,7:38,POR,shot,,,,,,,,,,Brandon Roy,2,,,made,,jump,38,22
Brandon Roy,Greg Oden,LaMarcus Aldridge,Rudy Fernandez,Steve Blake,Andray Blatche,Antonio Daniels,Caron Butler,Dominic McGuire,Nick Young,4,7:15,WAS,shot,,,,,,,,,,Andray Blatche,,,,missed,,jump,8,15
Brandon Roy,Greg Oden,LaMarcus Aldridge,Rudy Fernandez,Steve Blake,Andray Blatche,Antonio Daniels,Caron Butler,Dominic McGuire,Nick Young,4,7:14,POR,rebound,,,,,,,,,,Steve Blake,,,,,,def,,
Brandon Roy,Greg Oden,LaMarcus Aldridge,Rudy Fernandez,Steve Blake,Andray Blatche,Antonio Daniels,Caron Butler,Dominic McGuire,Nick Young,4,7:00,WAS,foul,,,,,,,,LaMarcus Aldridge,,Caron Butler,,,,,,personal,,
Brandon Roy,Greg Oden,LaMarcus Aldridge,Rudy Fernandez,Steve Blake,Andray Blatche,Antonio Daniels,Caron Butler,Dominic McGuire,Nick Young,4,6:46,POR,shot,Rudy Fernandez,,,,,,,,,Brandon Roy,2,,,made,,layup,25,8
Brandon Roy,Greg Oden,LaMarcus Aldridge,Rudy Fernandez,Steve Blake,Andray Blatche,Antonio Daniels,Caron Butler,Dominic McGuire,Nick Young,4,6:20,WAS,shot,,,,,,,,,,Antonio Daniels,,,,missed,,jump,11,18
Brandon Roy,Greg Oden,LaMarcus Aldridge,Rudy Fernandez,Steve Blake,Andray Blatche,Antonio Daniels,Caron Butler,Dominic McGuire,Nick Young,4,6:19,POR,rebound,,,,,,,,,,Brandon Roy,,,,,,def,,
Brandon Roy,Greg Oden,LaMarcus Aldridge,Rudy Fernandez,Steve Blake,Andray Blatche,Antonio Daniels,Caron Butler,Dominic McGuire,Nick Young,4,6:19,WAS,foul,,,,,,,,Brandon Roy,,Caron Butler,,,,,,personal,,
Brandon Roy,Greg Oden,LaMarcus Aldridge,Rudy Fernandez,Steve Blake,Andray Blatche,Antawn Jamison,Antonio Daniels,Caron Butler,Nick Young,4,6:19,WAS,sub,,,,Antawn Jamison,,Dominic McGuire,,,,,,,,,,,,
Brandon Roy,Greg Oden,LaMarcus Aldridge,Rudy Fernandez,Steve Blake,Antawn Jamison,Antonio Daniels,Caron Butler,JaVale McGee,Nick Young,4,6:19,WAS,sub,,,,JaVale McGee,,Andray Blatche,,,,,,,,,,,,
Brandon Roy,Greg Oden,LaMarcus Aldridge,Rudy Fernandez,Steve Blake,Antawn Jamison,Antonio Daniels,Caron Butler,JaVale McGee,Nick Young,4,6:01,POR,shot,,,,,,,,,,Greg Oden,2,,,made,,dunk,25,6
Brandon Roy,Greg Oden,LaMarcus Aldridge,Rudy Fernandez,Steve Blake,Antawn Jamison,Antonio Daniels,Caron Butler,JaVale McGee,Nick Young,4,5:44,POR,foul,,,,,,,,Antonio Daniels,,LaMarcus Aldridge,,,,,,shooting,,
Brandon Roy,Greg Oden,LaMarcus Aldridge,Rudy Fernandez,Steve Blake,Antawn Jamison,Antonio Daniels,Caron Butler,JaVale McGee,Nick Young,4,5:44,WAS,timeout,,,,,,,,,,,,,,,,regular,,
Brandon Roy,Greg Oden,LaMarcus Aldridge,Rudy Fernandez,Steve Blake,Antawn Jamison,Antonio Daniels,Caron Butler,DeShawn Stevenson,JaVale McGee,4,5:44,WAS,sub,,,,DeShawn Stevenson,,Nick Young,,,,,,,,,,,,
Brandon Roy,Greg Oden,LaMarcus Aldridge,Rudy Fernandez,Steve Blake,Antawn Jamison,Antonio Daniels,Caron Butler,DeShawn Stevenson,JaVale McGee,4,5:44,WAS,free throw,,,,,,,1,,2,Antonio Daniels,,,foul,made,,,,
Brandon Roy,Greg Oden,LaMarcus Aldridge,Rudy Fernandez,Steve Blake,Antawn Jamison,Antonio Daniels,Caron Butler,DeShawn Stevenson,JaVale McGee,4,5:44,WAS,free throw,,,,,,,2,,2,Antonio Daniels,,,foul,made,,,,
Brandon Roy,Greg Oden,LaMarcus Aldridge,Rudy Fernandez,Steve Blake,Antawn Jamison,Antonio Daniels,Caron Butler,DeShawn Stevenson,JaVale McGee,4,5:22,POR,shot,,,,,,,,,,Brandon Roy,,,,missed,,jump,34,19
Brandon Roy,Greg Oden,LaMarcus Aldridge,Rudy Fernandez,Steve Blake,Antawn Jamison,Antonio Daniels,Caron Butler,DeShawn Stevenson,JaVale McGee,4,5:20,POR,rebound,,,,,,,,,,Brandon Roy,,,,,,off,,
Brandon Roy,Greg Oden,LaMarcus Aldridge,Rudy Fernandez,Steve Blake,Antawn Jamison,Antonio Daniels,Caron Butler,DeShawn Stevenson,JaVale McGee,4,5:14,POR,shot,,,,,,,,,,Steve Blake,,,,missed,,3pt,39,27
Brandon Roy,Greg Oden,LaMarcus Aldridge,Rudy Fernandez,Steve Blake,Antawn Jamison,Antonio Daniels,Caron Butler,DeShawn Stevenson,JaVale McGee,4,5:14,POR,rebound,,,,,,,,,,Brandon Roy,,,,,,off,,
Brandon Roy,Greg Oden,LaMarcus Aldridge,Rudy Fernandez,Steve Blake,Antawn Jamison,Antonio Daniels,Caron Butler,DeShawn Stevenson,JaVale McGee,4,5:14,WAS,foul,,,,,,,,Brandon Roy,,Caron Butler,,,,,,personal,,
Brandon Roy,Greg Oden,LaMarcus Aldridge,Rudy Fernandez,Steve Blake,Antawn Jamison,Antonio Daniels,Caron Butler,DeShawn Stevenson,JaVale McGee,4,5:06,WAS,foul,,,,,,,,Brandon Roy,,JaVale McGee,,,,,,shooting,,
Brandon Roy,Greg Oden,LaMarcus Aldridge,Rudy Fernandez,Steve Blake,Antawn Jamison,Antonio Daniels,Caron Butler,DeShawn Stevenson,JaVale McGee,4,5:06,POR,free throw,,,,,,,1,,2,Brandon Roy,,,foul,made,,,,
Brandon Roy,Greg Oden,LaMarcus Aldridge,Rudy Fernandez,Steve Blake,Antawn Jamison,Antonio Daniels,Caron Butler,DeShawn Stevenson,JaVale McGee,4,5:06,POR,free throw,,,,,,,2,,2,Brandon Roy,,,foul,made,,,,
Brandon Roy,Greg Oden,LaMarcus Aldridge,Rudy Fernandez,Steve Blake,Antawn Jamison,Antonio Daniels,Caron Butler,DeShawn Stevenson,JaVale McGee,4,4:44,WAS,shot,,,Rudy Fernandez,,,,,,,Caron Butler,,,,missed,,jump,18,18
Brandon Roy,Greg Oden,LaMarcus Aldridge,Rudy Fernandez,Steve Blake,Antawn Jamison,Antonio Daniels,Caron Butler,DeShawn Stevenson,JaVale McGee,4,4:42,POR,rebound,,,,,,,,,,Steve Blake,,,,,,def,,
Brandon Roy,Greg Oden,LaMarcus Aldridge,Rudy Fernandez,Steve Blake,Antawn Jamison,Antonio Daniels,Caron Butler,DeShawn Stevenson,JaVale McGee,4,4:26,WAS,foul,,,,,,,,Brandon Roy,,DeShawn Stevenson,,,,,,shooting,,
Brandon Roy,Greg Oden,LaMarcus Aldridge,Rudy Fernandez,Steve Blake,Antawn Jamison,Antonio Daniels,Caron Butler,DeShawn Stevenson,JaVale McGee,4,4:26,POR,free throw,,,,,,,1,,2,Brandon Roy,,,foul,made,,,,
Brandon Roy,Greg Oden,LaMarcus Aldridge,Rudy Fernandez,Steve Blake,Antawn Jamison,Antonio Daniels,Caron Butler,DeShawn Stevenson,JaVale McGee,4,4:26,POR,free throw,,,,,,,2,,2,Brandon Roy,,,foul,missed,,,,
Brandon Roy,Greg Oden,LaMarcus Aldridge,Rudy Fernandez,Steve Blake,Antawn Jamison,Antonio Daniels,Caron Butler,DeShawn Stevenson,JaVale McGee,4,4:24,WAS,rebound,,,,,,,,,,JaVale McGee,,,,,,def,,
Brandon Roy,Greg Oden,LaMarcus Aldridge,Rudy Fernandez,Steve Blake,Antawn Jamison,Antonio Daniels,Caron Butler,DeShawn Stevenson,JaVale McGee,4,4:10,POR,foul,,,,,,,,DeShawn Stevenson,,Greg Oden,,,,,,shooting,,
Brandon Roy,Greg Oden,LaMarcus Aldridge,Rudy Fernandez,Steve Blake,Antawn Jamison,Antonio Daniels,Caron Butler,DeShawn Stevenson,JaVale McGee,4,4:10,WAS,free throw,,,,,,,1,,2,DeShawn Stevenson,,,foul,missed,,,,
Brandon Roy,Greg Oden,LaMarcus Aldridge,Rudy Fernandez,Steve Blake,Antawn Jamison,Antonio Daniels,Caron Butler,DeShawn Stevenson,JaVale McGee,4,4:10,WAS,rebound,,,,,,,,,,,,,,,,,,
Brandon Roy,Greg Oden,LaMarcus Aldridge,Rudy Fernandez,Steve Blake,Antawn Jamison,Antonio Daniels,Caron Butler,DeShawn Stevenson,JaVale McGee,4,4:10,WAS,free throw,,,,,,,2,,2,DeShawn Stevenson,,,foul,missed,,,,
Brandon Roy,Greg Oden,LaMarcus Aldridge,Rudy Fernandez,Steve Blake,Antawn Jamison,Antonio Daniels,Caron Butler,DeShawn Stevenson,JaVale McGee,4,4:07,POR,rebound,,,,,,,,,,LaMarcus Aldridge,,,,,,def,,
Brandon Roy,Greg Oden,LaMarcus Aldridge,Rudy Fernandez,Steve Blake,Antawn Jamison,Antonio Daniels,Caron Butler,DeShawn Stevenson,JaVale McGee,4,3:52,POR,shot,,,,,,,,,,LaMarcus Aldridge,,,,missed,,jump,43,14
Brandon Roy,Greg Oden,LaMarcus Aldridge,Rudy Fernandez,Steve Blake,Antawn Jamison,Antonio Daniels,Caron Butler,DeShawn Stevenson,JaVale McGee,4,3:51,POR,rebound,,,,,,,,,,Greg Oden,,,,,,off,,
Brandon Roy,Greg Oden,LaMarcus Aldridge,Rudy Fernandez,Steve Blake,Antawn Jamison,Antonio Daniels,Caron Butler,DeShawn Stevenson,JaVale McGee,4,3:47,POR,shot,,,,,,,,,,Steve Blake,,,,missed,,jump,5,4
Brandon Roy,Greg Oden,LaMarcus Aldridge,Rudy Fernandez,Steve Blake,Antawn Jamison,Antonio Daniels,Caron Butler,DeShawn Stevenson,JaVale McGee,4,3:46,WAS,rebound,,,,,,,,,,JaVale McGee,,,,,,def,,
Brandon Roy,Greg Oden,LaMarcus Aldridge,Rudy Fernandez,Steve Blake,Antawn Jamison,Antonio Daniels,Caron Butler,DeShawn Stevenson,JaVale McGee,4,3:37,WAS,shot,Caron Butler,,,,,,,,,JaVale McGee,2,,,made,,slam dunk,25,7
Brandon Roy,Greg Oden,LaMarcus Aldridge,Rudy Fernandez,Steve Blake,Antawn Jamison,Antonio Daniels,Caron Butler,DeShawn Stevenson,JaVale McGee,4,3:09,POR,shot,,,,,,,,,,Brandon Roy,2,,,made,,turnaround jump,25,16
Brandon Roy,Greg Oden,LaMarcus Aldridge,Rudy Fernandez,Steve Blake,Antawn Jamison,Antonio Daniels,Caron Butler,DeShawn Stevenson,JaVale McGee,4,2:49,POR,foul,,,,,,,,Caron Butler,,Greg Oden,,,,,,shooting,,
Brandon Roy,Greg Oden,LaMarcus Aldridge,Rudy Fernandez,Steve Blake,Antawn Jamison,Antonio Daniels,Caron Butler,DeShawn Stevenson,JaVale McGee,4,2:49,POR,timeout,,,,,,,,,,,,,,,,regular,,
Brandon Roy,Greg Oden,LaMarcus Aldridge,Rudy Fernandez,Steve Blake,Antawn Jamison,Antonio Daniels,Caron Butler,DeShawn Stevenson,JaVale McGee,4,2:49,WAS,free throw,,,,,,,1,,2,Caron Butler,,,foul,made,,,,
Brandon Roy,Greg Oden,LaMarcus Aldridge,Rudy Fernandez,Steve Blake,Antawn Jamison,Antonio Daniels,Caron Butler,DeShawn Stevenson,JaVale McGee,4,2:49,WAS,free throw,,,,,,,2,,2,Caron Butler,,,foul,made,,,,
Brandon Roy,Greg Oden,LaMarcus Aldridge,Rudy Fernandez,Steve Blake,Antawn Jamison,Antonio Daniels,Caron Butler,DeShawn Stevenson,JaVale McGee,4,2:23,POR,shot,,,,,,,,,,Steve Blake,,,,missed,,3pt,2,5
Brandon Roy,Greg Oden,LaMarcus Aldridge,Rudy Fernandez,Steve Blake,Antawn Jamison,Antonio Daniels,Caron Butler,DeShawn Stevenson,JaVale McGee,4,2:22,POR,rebound,,,,,,,,,,Rudy Fernandez,,,,,,off,,
Brandon Roy,Greg Oden,LaMarcus Aldridge,Rudy Fernandez,Steve Blake,Antawn Jamison,Antonio Daniels,Caron Butler,DeShawn Stevenson,JaVale McGee,4,2:19,POR,shot,,,,,,,,,,Rudy Fernandez,2,,,made,,putback layup,27,6
Brandon Roy,Greg Oden,LaMarcus Aldridge,Rudy Fernandez,Steve Blake,Antawn Jamison,Antonio Daniels,Caron Butler,DeShawn Stevenson,JaVale McGee,4,1:59,POR,foul,,,,,,,,DeShawn Stevenson,,LaMarcus Aldridge,,,,,,shooting,,
Brandon Roy,Greg Oden,LaMarcus Aldridge,Rudy Fernandez,Steve Blake,Antawn Jamison,Antonio Daniels,Caron Butler,DeShawn Stevenson,JaVale McGee,4,1:59,WAS,free throw,,,,,,,1,,2,DeShawn Stevenson,,,foul,missed,,,,
Brandon Roy,Greg Oden,LaMarcus Aldridge,Rudy Fernandez,Steve Blake,Antawn Jamison,Antonio Daniels,Caron Butler,DeShawn Stevenson,JaVale McGee,4,1:59,WAS,rebound,,,,,,,,,,,,,,,,,,
Brandon Roy,Greg Oden,LaMarcus Aldridge,Rudy Fernandez,Steve Blake,Antawn Jamison,Antonio Daniels,Caron Butler,DeShawn Stevenson,JaVale McGee,4,1:59,WAS,free throw,,,,,,,2,,2,DeShawn Stevenson,,,foul,made,,,,
Brandon Roy,Greg Oden,LaMarcus Aldridge,Rudy Fernandez,Steve Blake,Antawn Jamison,Antonio Daniels,Caron Butler,DeShawn Stevenson,JaVale McGee,4,1:45,POR,shot,,,,,,,,,,LaMarcus Aldridge,2,,,made,,hook,15,8
Brandon Roy,Greg Oden,LaMarcus Aldridge,Rudy Fernandez,Steve Blake,Antawn Jamison,Antonio Daniels,Caron Butler,DeShawn Stevenson,JaVale McGee,4,1:24,WAS,shot,,,,,,,,,,JaVale McGee,,,,missed,,jump,44,8
Brandon Roy,Greg Oden,LaMarcus Aldridge,Rudy Fernandez,Steve Blake,Antawn Jamison,Antonio Daniels,Caron Butler,DeShawn Stevenson,JaVale McGee,4,1:23,POR,rebound,,,,,,,,,,Rudy Fernandez,,,,,,def,,
Brandon Roy,Greg Oden,LaMarcus Aldridge,Rudy Fernandez,Steve Blake,Antawn Jamison,Antonio Daniels,Caron Butler,DeShawn Stevenson,JaVale McGee,4,1:16,POR,timeout,,,,,,,,,,,,,,,,regular,,
Brandon Roy,Greg Oden,LaMarcus Aldridge,Rudy Fernandez,Steve Blake,Antawn Jamison,Antonio Daniels,Caron Butler,Darius Songaila,DeShawn Stevenson,4,1:16,WAS,sub,,,,Darius Songaila,,JaVale McGee,,,,,,,,,,,,
Brandon Roy,LaMarcus Aldridge,Rudy Fernandez,Steve Blake,Travis Outlaw,Antawn Jamison,Antonio Daniels,Caron Butler,Darius Songaila,DeShawn Stevenson,4,1:16,POR,sub,,,,Travis Outlaw,,Greg Oden,,,,,,,,,,,,
Brandon Roy,LaMarcus Aldridge,Rudy Fernandez,Steve Blake,Travis Outlaw,Antawn Jamison,Antonio Daniels,Caron Butler,Darius Songaila,DeShawn Stevenson,4,1:02,POR,shot,,,,,,,,,,Brandon Roy,,,,missed,,jump,38,16
Brandon Roy,LaMarcus Aldridge,Rudy Fernandez,Steve Blake,Travis Outlaw,Antawn Jamison,Antonio Daniels,Caron Butler,Darius Songaila,DeShawn Stevenson,4,1:01,WAS,rebound,,,,,,,,,,DeShawn Stevenson,,,,,,def,,
Brandon Roy,LaMarcus Aldridge,Rudy Fernandez,Steve Blake,Travis Outlaw,Antawn Jamison,Antonio Daniels,Caron Butler,Darius Songaila,DeShawn Stevenson,4,0:52,WAS,shot,Caron Butler,,,,,,,,,Antawn Jamison,2,,,made,,layup,25,6
Brandon Roy,LaMarcus Aldridge,Rudy Fernandez,Steve Blake,Travis Outlaw,Antawn Jamison,Antonio Daniels,Caron Butler,Darius Songaila,DeShawn Stevenson,4,0:35,POR,shot,,,,,,,,,,Brandon Roy,2,,,made,,driving layup,25,7
Brandon Roy,LaMarcus Aldridge,Rudy Fernandez,Steve Blake,Travis Outlaw,Antawn Jamison,Antonio Daniels,Caron Butler,Darius Songaila,DeShawn Stevenson,4,0:35,WAS,timeout,,,,,,,,,,,,,,,,regular,,
Brandon Roy,Joel Przybilla,LaMarcus Aldridge,Rudy Fernandez,Steve Blake,Antawn Jamison,Antonio Daniels,Caron Butler,Darius Songaila,DeShawn Stevenson,4,0:35,POR,sub,,,,Joel Przybilla,,Travis Outlaw,,,,,,,,,,,,
Brandon Roy,Joel Przybilla,LaMarcus Aldridge,Rudy Fernandez,Steve Blake,Antawn Jamison,Antonio Daniels,Caron Butler,Darius Songaila,DeShawn Stevenson,4,0:29,WAS,shot,Caron Butler,,,,,,,,,Darius Songaila,2,,,made,,jump,41,6
Brandon Roy,Joel Przybilla,LaMarcus Aldridge,Rudy Fernandez,Steve Blake,Antawn Jamison,Antonio Daniels,Caron Butler,Darius Songaila,DeShawn Stevenson,4,0:29,POR,timeout,,,,,,,,,,,,,,,,short,,
Brandon Roy,LaMarcus Aldridge,Rudy Fernandez,Steve Blake,Travis Outlaw,Antawn Jamison,Antonio Daniels,Caron Butler,Darius Songaila,DeShawn Stevenson,4,0:29,POR,sub,,,,Travis Outlaw,,Joel Przybilla,,,,,,,,,,,,
Brandon Roy,LaMarcus Aldridge,Rudy Fernandez,Steve Blake,Travis Outlaw,Antawn Jamison,Antonio Daniels,Caron Butler,Darius Songaila,DeShawn Stevenson,4,0:13,WAS,foul,,,,,,,,Steve Blake,,Darius Songaila,,,,,,shooting,,
Brandon Roy,LaMarcus Aldridge,Rudy Fernandez,Steve Blake,Travis Outlaw,Antawn Jamison,Antonio Daniels,Caron Butler,Darius Songaila,DeShawn Stevenson,4,0:13,POR,free throw,,,,,,,1,,2,Steve Blake,,,foul,made,,,,
Brandon Roy,LaMarcus Aldridge,Rudy Fernandez,Steve Blake,Travis Outlaw,Antawn Jamison,Antonio Daniels,Caron Butler,Darius Songaila,DeShawn Stevenson,4,0:13,POR,free throw,,,,,,,2,,2,Steve Blake,,,foul,made,,,,
Brandon Roy,LaMarcus Aldridge,Rudy Fernandez,Steve Blake,Travis Outlaw,Antawn Jamison,Antonio Daniels,Caron Butler,Darius Songaila,DeShawn Stevenson,4,0:13,WAS,timeout,,,,,,,,,,,,,,,,short,,
Brandon Roy,LaMarcus Aldridge,Rudy Fernandez,Steve Blake,Travis Outlaw,Antawn Jamison,Antonio Daniels,Caron Butler,Darius Songaila,DeShawn Stevenson,4,0:08,WAS,shot,,,,,,,,,,Darius Songaila,,,,missed,,jump,42,6
Brandon Roy,LaMarcus Aldridge,Rudy Fernandez,Steve Blake,Travis Outlaw,Antawn Jamison,Antonio Daniels,Caron Butler,Darius Songaila,DeShawn Stevenson,4,0:07,POR,rebound,,,,,,,,,,Steve Blake,,,,,,def,,
Brandon Roy,LaMarcus Aldridge,Rudy Fernandez,Steve Blake,Travis Outlaw,Antawn Jamison,Antonio Daniels,Caron Butler,Darius Songaila,DeShawn Stevenson,4,0:07,WAS,foul,,,,,,,,Steve Blake,,Caron Butler,,,,,,personal,,
Brandon Roy,LaMarcus Aldridge,Rudy Fernandez,Steve Blake,Travis Outlaw,Antawn Jamison,Antonio Daniels,Caron Butler,Darius Songaila,DeShawn Stevenson,4,0:07,POR,free throw,,,,,,,1,,2,Steve Blake,,,foul,made,,,,
Brandon Roy,LaMarcus Aldridge,Rudy Fernandez,Steve Blake,Travis Outlaw,Antawn Jamison,Antonio Daniels,Caron Butler,Darius Songaila,DeShawn Stevenson,4,0:07,POR,free throw,,,,,,,2,,2,Steve Blake,,,foul,missed,,,,
Brandon Roy,LaMarcus Aldridge,Rudy Fernandez,Steve Blake,Travis Outlaw,Antawn Jamison,Antonio Daniels,Caron Butler,Darius Songaila,DeShawn Stevenson,4,0:07,WAS,rebound,,,,,,,,,,DeShawn Stevenson,,,,,,def,,
Brandon Roy,LaMarcus Aldridge,Rudy Fernandez,Steve Blake,Travis Outlaw,Antawn Jamison,Antonio Daniels,Caron Butler,Darius Songaila,DeShawn Stevenson,4,0:07,WAS,timeout,,,,,,,,,,,,,,,,short,,
Brandon Roy,LaMarcus Aldridge,Rudy Fernandez,Steve Blake,Travis Outlaw,Antawn Jamison,Antonio Daniels,Caron Butler,Darius Songaila,DeShawn Stevenson,4,0:01,WAS,shot,,,,,,,,,,Caron Butler,,,,missed,,3pt,11,28
Brandon Roy,LaMarcus Aldridge,Rudy Fernandez,Steve Blake,Travis Outlaw,Antawn Jamison,Antonio Daniels,Caron Butler,Darius Songaila,DeShawn Stevenson,4,0:00,POR,rebound,,,,,,,,,,Brandon Roy,,,,,,def,,
Brandon Roy,LaMarcus Aldridge,Rudy Fernandez,Steve Blake,Travis Outlaw,Antawn Jamison,Antonio Daniels,Caron Butler,Darius Songaila,DeShawn Stevenson,4,0:00,WAS,foul,,,,,,,,Brandon Roy,,Darius Songaila,,,,,,personal,,
Brandon Roy,LaMarcus Aldridge,Rudy Fernandez,Steve Blake,Travis Outlaw,Antawn Jamison,Antonio Daniels,Caron Butler,Darius Songaila,DeShawn Stevenson,4,0:00,POR,free throw,,,,,,,1,,2,Brandon Roy,,,foul,missed,,,,
Brandon Roy,LaMarcus Aldridge,Rudy Fernandez,Steve Blake,Travis Outlaw,Antawn Jamison,Antonio Daniels,Caron Butler,Darius Songaila,DeShawn Stevenson,4,0:00,POR,rebound,,,,,,,,,,,,,,,,,,
Brandon Roy,LaMarcus Aldridge,Rudy Fernandez,Steve Blake,Travis Outlaw,Antawn Jamison,Antonio Daniels,Caron Butler,Darius Songaila,DeShawn Stevenson,4,0:00,POR,free throw,,,,,,,2,,2,Brandon Roy,,,foul,made,,,,
