a1,a2,a3,a4,a5,h1,h2,h3,h4,h5,period,time,team,etype,assist,away,block,entered,home,left,num,opponent,outof,player,points,possession,reason,result,steal,type,x,y
Andray Blatche,Antawn Jamison,Dominic McGuire,Mike James,Nick Young,Luis Scola,Rafer Alston,Shane Battier,Tracy McGrady,Yao Ming,1,12:00,OFF,jump ball,,Andray Blatche,,,Yao Ming,,,,,,,Tracy McGrady,,,,,,
Andray Blatche,Antawn Jamison,Dominic McGuire,Mike James,Nick Young,Luis Scola,Rafer Alston,Shane Battier,Tracy McGrady,Yao Ming,1,11:48,HOU,shot,,,,,,,,,,Yao Ming,,,,missed,,turnaround jump,15,6
Andray Blatche,Antawn Jamison,Dominic McGuire,Mike James,Nick Young,Luis Scola,Rafer Alston,Shane Battier,Tracy McGrady,Yao Ming,1,11:46,WAS,rebound,,,,,,,,,,Andray Blatche,,,,,,def,,
Andray Blatche,Antawn Jamison,Dominic McGuire,Mike James,Nick Young,Luis Scola,Rafer Alston,Shane Battier,Tracy McGrady,Yao Ming,1,11:31,WAS,shot,Andray Blatche,,,,,,,,,Mike James,2,,,made,,jump,20,24
Andray Blatche,Antawn Jamison,Dominic McGuire,Mike James,Nick Young,Luis Scola,Rafer Alston,Shane Battier,Tracy McGrady,Yao Ming,1,11:15,HOU,shot,,,,,,,,,,Rafer Alston,,,,missed,,3pt,14,29
Andray Blatche,Antawn Jamison,Dominic McGuire,Mike James,Nick Young,Luis Scola,Rafer Alston,Shane Battier,Tracy McGrady,Yao Ming,1,11:13,HOU,rebound,,,,,,,,,,Shane Battier,,,,,,off,,
Andray Blatche,Antawn Jamison,Dominic McGuire,Mike James,Nick Young,Luis Scola,Rafer Alston,Shane Battier,Tracy McGrady,Yao Ming,1,11:00,HOU,shot,Luis Scola,,,,,,,,,Shane Battier,3,,,made,,3pt,1,8
Andray Blatche,Antawn Jamison,Dominic McGuire,Mike James,Nick Young,Luis Scola,Rafer Alston,Shane Battier,Tracy McGrady,Yao Ming,1,10:46,WAS,shot,,,,,,,,,,Andray Blatche,,,,missed,,jump,28,25
Andray Blatche,Antawn Jamison,Dominic McGuire,Mike James,Nick Young,Luis Scola,Rafer Alston,Shane Battier,Tracy McGrady,Yao Ming,1,10:44,HOU,rebound,,,,,,,,,,Yao Ming,,,,,,def,,
Andray Blatche,Antawn Jamison,Dominic McGuire,Mike James,Nick Young,Luis Scola,Rafer Alston,Shane Battier,Tracy McGrady,Yao Ming,1,10:31,HOU,turnover,,,,,,,,,,Yao Ming,,,lost ball,,Dominic McGuire,,,
Andray Blatche,Antawn Jamison,Dominic McGuire,Mike James,Nick Young,Luis Scola,Rafer Alston,Shane Battier,Tracy McGrady,Yao Ming,1,10:23,WAS,shot,Andray Blatche,,,,,,,,,Nick Young,2,,,made,,layup,25,6
Andray Blatche,Antawn Jamison,Dominic McGuire,Mike James,Nick Young,Luis Scola,Rafer Alston,Shane Battier,Tracy McGrady,Yao Ming,1,10:08,HOU,shot,,,,,,,,,,Tracy McGrady,2,,,made,,jump,29,25
Andray Blatche,Antawn Jamison,Dominic McGuire,Mike James,Nick Young,Luis Scola,Rafer Alston,Shane Battier,Tracy McGrady,Yao Ming,1,9:50,WAS,shot,,,,,,,,,,Andray Blatche,,,,missed,,jump,30,23
Andray Blatche,Antawn Jamison,Dominic McGuire,Mike James,Nick Young,Luis Scola,Rafer Alston,Shane Battier,Tracy McGrady,Yao Ming,1,9:49,HOU,rebound,,,,,,,,,,Luis Scola,,,,,,def,,
Andray Blatche,Antawn Jamison,Dominic McGuire,Mike James,Nick Young,Luis Scola,Rafer Alston,Shane Battier,Tracy McGrady,Yao Ming,1,9:38,HOU,shot,,,,,,,,,,Tracy McGrady,,,,missed,,driving layup,25,6
Andray Blatche,Antawn Jamison,Dominic McGuire,Mike James,Nick Young,Luis Scola,Rafer Alston,Shane Battier,Tracy McGrady,Yao Ming,1,9:37,WAS,rebound,,,,,,,,,,Dominic McGuire,,,,,,def,,
Andray Blatche,Antawn Jamison,Dominic McGuire,Mike James,Nick Young,Luis Scola,Rafer Alston,Shane Battier,Tracy McGrady,Yao Ming,1,9:25,WAS,shot,,,,,,,,,,Antawn Jamison,,,,missed,,3pt,34,28
Andray Blatche,Antawn Jamison,Dominic McGuire,Mike James,Nick Young,Luis Scola,Rafer Alston,Shane Battier,Tracy McGrady,Yao Ming,1,9:24,HOU,rebound,,,,,,,,,,Yao Ming,,,,,,def,,
Andray Blatche,Antawn Jamison,Dominic McGuire,Mike James,Nick Young,Luis Scola,Rafer Alston,Shane Battier,Tracy McGrady,Yao Ming,1,9:16,WAS,foul,,,,,,,,Tracy McGrady,,Nick Young,,,,,,personal,,
Andray Blatche,Antawn Jamison,Dominic McGuire,Mike James,Nick Young,Luis Scola,Rafer Alston,Shane Battier,Tracy McGrady,Yao Ming,1,9:01,HOU,shot,,,,,,,,,,Shane Battier,,,,missed,,3pt,48,10
Andray Blatche,Antawn Jamison,Dominic McGuire,Mike James,Nick Young,Luis Scola,Rafer Alston,Shane Battier,Tracy McGrady,Yao Ming,1,9:00,WAS,rebound,,,,,,,,,,Andray Blatche,,,,,,def,,
Andray Blatche,Antawn Jamison,Dominic McGuire,Mike James,Nick Young,Luis Scola,Rafer Alston,Shane Battier,Tracy McGrady,Yao Ming,1,8:48,WAS,shot,,,,,,,,,,Andray Blatche,,,,missed,,running jump,27,12
Andray Blatche,Antawn Jamison,Dominic McGuire,Mike James,Nick Young,Luis Scola,Rafer Alston,Shane Battier,Tracy McGrady,Yao Ming,1,8:47,HOU,rebound,,,,,,,,,,Yao Ming,,,,,,def,,
Andray Blatche,Antawn Jamison,Dominic McGuire,Mike James,Nick Young,Luis Scola,Rafer Alston,Shane Battier,Tracy McGrady,Yao Ming,1,8:38,HOU,shot,,,Dominic McGuire,,,,,,,Luis Scola,,,,missed,,layup,25,6
Andray Blatche,Antawn Jamison,Dominic McGuire,Mike James,Nick Young,Luis Scola,Rafer Alston,Shane Battier,Tracy McGrady,Yao Ming,1,8:37,WAS,rebound,,,,,,,,,,Nick Young,,,,,,def,,
Andray Blatche,Antawn Jamison,Dominic McGuire,Mike James,Nick Young,Luis Scola,Rafer Alston,Shane Battier,Tracy McGrady,Yao Ming,1,8:32,HOU,foul,,,,,,,,Andray Blatche,,Luis Scola,,,,,,shooting,,
Andray Blatche,Antawn Jamison,Dominic McGuire,Mike James,Nick Young,Luis Scola,Rafer Alston,Shane Battier,Tracy McGrady,Yao Ming,1,8:32,WAS,free throw,,,,,,,1,,2,Andray Blatche,,,foul,made,,,,
Andray Blatche,Antawn Jamison,Dominic McGuire,Mike James,Nick Young,Luis Scola,Rafer Alston,Shane Battier,Tracy McGrady,Yao Ming,1,8:32,WAS,free throw,,,,,,,2,,2,Andray Blatche,,,foul,made,,,,
Andray Blatche,Antawn Jamison,Dominic McGuire,Mike James,Nick Young,Luis Scola,Rafer Alston,Shane Battier,Tracy McGrady,Yao Ming,1,8:12,HOU,shot,,,,,,,,,,Tracy McGrady,,,,missed,,driving layup,25,6
Andray Blatche,Antawn Jamison,Dominic McGuire,Mike James,Nick Young,Luis Scola,Rafer Alston,Shane Battier,Tracy McGrady,Yao Ming,1,8:11,HOU,shot,,,,,,,,,,Tracy McGrady,,,,missed,,tip,25,6
Andray Blatche,Antawn Jamison,Dominic McGuire,Mike James,Nick Young,Luis Scola,Rafer Alston,Shane Battier,Tracy McGrady,Yao Ming,1,8:11,HOU,rebound,,,,,,,,,,Tracy McGrady,,,,,,off,,
Andray Blatche,Antawn Jamison,Dominic McGuire,Mike James,Nick Young,Luis Scola,Rafer Alston,Shane Battier,Tracy McGrady,Yao Ming,1,8:10,WAS,rebound,,,,,,,,,,Antawn Jamison,,,,,,def,,
Andray Blatche,Antawn Jamison,Dominic McGuire,Mike James,Nick Young,Luis Scola,Rafer Alston,Shane Battier,Tracy McGrady,Yao Ming,1,8:03,WAS,shot,,,,,,,,,,Nick Young,,,,missed,,jump,35,20
Andray Blatche,Antawn Jamison,Dominic McGuire,Mike James,Nick Young,Luis Scola,Rafer Alston,Shane Battier,Tracy McGrady,Yao Ming,1,8:02,HOU,rebound,,,,,,,,,,Shane Battier,,,,,,def,,
Andray Blatche,Antawn Jamison,Dominic McGuire,Mike James,Nick Young,Luis Scola,Rafer Alston,Shane Battier,Tracy McGrady,Yao Ming,1,7:55,WAS,foul,,,,,,,,Rafer Alston,,Andray Blatche,,,,,,shooting,,
Andray Blatche,Antawn Jamison,Dominic McGuire,Mike James,Nick Young,Luis Scola,Rafer Alston,Shane Battier,Tracy McGrady,Yao Ming,1,7:55,HOU,free throw,,,,,,,1,,2,Rafer Alston,,,foul,made,,,,
Andray Blatche,Antawn Jamison,Dominic McGuire,Mike James,Nick Young,Luis Scola,Rafer Alston,Shane Battier,Tracy McGrady,Yao Ming,1,7:55,HOU,free throw,,,,,,,2,,2,Rafer Alston,,,foul,made,,,,
Andray Blatche,Antawn Jamison,Dominic McGuire,Mike James,Nick Young,Luis Scola,Rafer Alston,Shane Battier,Tracy McGrady,Yao Ming,1,7:45,WAS,shot,Antawn Jamison,,,,,,,,,Mike James,2,,,made,,reverse layup,25,6
Andray Blatche,Antawn Jamison,Dominic McGuire,Mike James,Nick Young,Luis Scola,Rafer Alston,Shane Battier,Tracy McGrady,Yao Ming,1,7:24,WAS,foul,,,,,,,,Yao Ming,,Antawn Jamison,,,,,,shooting,,
Andray Blatche,Antawn Jamison,Dominic McGuire,Mike James,Nick Young,Luis Scola,Rafer Alston,Shane Battier,Tracy McGrady,Yao Ming,1,7:24,HOU,free throw,,,,,,,1,,2,Yao Ming,,,foul,made,,,,
Andray Blatche,Antawn Jamison,Dominic McGuire,Mike James,Nick Young,Luis Scola,Rafer Alston,Shane Battier,Tracy McGrady,Yao Ming,1,7:24,HOU,free throw,,,,,,,2,,2,Yao Ming,,,foul,made,,,,
Andray Blatche,Antawn Jamison,Dominic McGuire,Mike James,Nick Young,Luis Scola,Rafer Alston,Shane Battier,Tracy McGrady,Yao Ming,1,7:11,HOU,foul,,,,,,,,Andray Blatche,,Shane Battier,,,,,,shooting,,
Andray Blatche,Antawn Jamison,Dominic McGuire,Mike James,Nick Young,Luis Scola,Rafer Alston,Shane Battier,Tracy McGrady,Yao Ming,1,7:11,WAS,free throw,,,,,,,1,,2,Andray Blatche,,,foul,made,,,,
Andray Blatche,Antawn Jamison,Dominic McGuire,Mike James,Nick Young,Luis Scola,Rafer Alston,Shane Battier,Tracy McGrady,Yao Ming,1,7:11,WAS,free throw,,,,,,,2,,2,Andray Blatche,,,foul,made,,,,
Andray Blatche,Antawn Jamison,Dominic McGuire,Mike James,Nick Young,Luis Scola,Rafer Alston,Shane Battier,Tracy McGrady,Yao Ming,1,6:52,HOU,turnover,,,,,,,,,,Tracy McGrady,,,bad pass,,Mike James,,,
Andray Blatche,Antawn Jamison,Dominic McGuire,Mike James,Nick Young,Luis Scola,Rafer Alston,Shane Battier,Tracy McGrady,Yao Ming,1,6:49,WAS,shot,,,,,,,,,,Mike James,2,,,made,,reverse layup,25,6
Andray Blatche,Antawn Jamison,Dominic McGuire,Mike James,Nick Young,Luis Scola,Rafer Alston,Shane Battier,Tracy McGrady,Yao Ming,1,6:31,HOU,shot,,,,,,,,,,Rafer Alston,,,,missed,,driving layup,25,6
Andray Blatche,Antawn Jamison,Dominic McGuire,Mike James,Nick Young,Luis Scola,Rafer Alston,Shane Battier,Tracy McGrady,Yao Ming,1,6:29,HOU,shot,,,,,,,,,,Yao Ming,2,,,made,,tip,25,6
Andray Blatche,Antawn Jamison,Dominic McGuire,Mike James,Nick Young,Luis Scola,Rafer Alston,Shane Battier,Tracy McGrady,Yao Ming,1,6:29,HOU,rebound,,,,,,,,,,Yao Ming,,,,,,off,,
Andray Blatche,Antawn Jamison,Dominic McGuire,Mike James,Nick Young,Luis Scola,Rafer Alston,Shane Battier,Tracy McGrady,Yao Ming,1,6:14,WAS,shot,,,,,,,,,,Nick Young,,,,missed,,jump,26,23
Andray Blatche,Antawn Jamison,Dominic McGuire,Mike James,Nick Young,Luis Scola,Rafer Alston,Shane Battier,Tracy McGrady,Yao Ming,1,6:14,WAS,rebound,,,,,,,,,,Andray Blatche,,,,,,off,,
Andray Blatche,Antawn Jamison,Dominic McGuire,Mike James,Nick Young,Luis Scola,Rafer Alston,Shane Battier,Tracy McGrady,Yao Ming,1,6:00,WAS,shot,,,,,,,,,,Antawn Jamison,,,,missed,,3pt,13,27
Andray Blatche,Antawn Jamison,Dominic McGuire,Mike James,Nick Young,Luis Scola,Rafer Alston,Shane Battier,Tracy McGrady,Yao Ming,1,5:59,WAS,rebound,,,,,,,,,,,,,,,,,,
Andray Blatche,Antawn Jamison,Dominic McGuire,Mike James,Nick Young,Luis Scola,Rafer Alston,Shane Battier,Tracy McGrady,Yao Ming,1,5:57,HOU,timeout,,,,,,,,,,,,,,,,regular,,
Andray Blatche,Antawn Jamison,Dominic McGuire,Mike James,Nick Young,Luis Scola,Rafer Alston,Shane Battier,Tracy McGrady,Yao Ming,1,5:44,WAS,shot,,,,,,,,,,Antawn Jamison,,,,missed,,jump,16,21
Andray Blatche,Antawn Jamison,Dominic McGuire,Mike James,Nick Young,Luis Scola,Rafer Alston,Shane Battier,Tracy McGrady,Yao Ming,1,5:43,HOU,rebound,,,,,,,,,,Tracy McGrady,,,,,,def,,
Andray Blatche,Antawn Jamison,Dominic McGuire,Mike James,Nick Young,Luis Scola,Rafer Alston,Shane Battier,Tracy McGrady,Yao Ming,1,5:23,HOU,shot,Tracy McGrady,,,,,,,,,Rafer Alston,3,,,made,,3pt,42,26
Andray Blatche,Antawn Jamison,Dominic McGuire,Mike James,Nick Young,Luis Scola,Rafer Alston,Shane Battier,Tracy McGrady,Yao Ming,1,5:04,WAS,shot,Andray Blatche,,,,,,,,,Nick Young,2,,,made,,driving layup,25,6
Andray Blatche,Antawn Jamison,Dominic McGuire,Mike James,Nick Young,Luis Scola,Rafer Alston,Shane Battier,Tracy McGrady,Yao Ming,1,4:51,HOU,shot,Tracy McGrady,,,,,,,,,Luis Scola,2,,,made,,jump,42,7
Andray Blatche,Antawn Jamison,Dominic McGuire,Mike James,Nick Young,Luis Scola,Rafer Alston,Shane Battier,Tracy McGrady,Yao Ming,1,4:33,WAS,shot,,,,,,,,,,Antawn Jamison,,,,missed,,jump,17,7
Andray Blatche,Antawn Jamison,Dominic McGuire,Mike James,Nick Young,Luis Scola,Rafer Alston,Shane Battier,Tracy McGrady,Yao Ming,1,4:32,HOU,rebound,,,,,,,,,,Shane Battier,,,,,,def,,
Andray Blatche,Antawn Jamison,Dominic McGuire,Mike James,Nick Young,Luis Scola,Rafer Alston,Shane Battier,Tracy McGrady,Yao Ming,1,4:16,HOU,turnover,,,,,,,,,,Luis Scola,,,bad pass,,Dominic McGuire,,,
Andray Blatche,Antawn Jamison,Dominic McGuire,Mike James,Nick Young,Luis Scola,Rafer Alston,Shane Battier,Tracy McGrady,Yao Ming,1,4:10,WAS,shot,,,,,,,,,,Nick Young,,,,missed,,3pt,49,6
Andray Blatche,Antawn Jamison,Dominic McGuire,Mike James,Nick Young,Luis Scola,Rafer Alston,Shane Battier,Tracy McGrady,Yao Ming,1,4:09,HOU,rebound,,,,,,,,,,Luis Scola,,,,,,def,,
Andray Blatche,Antawn Jamison,Dominic McGuire,Mike James,Nick Young,Luis Scola,Rafer Alston,Shane Battier,Tracy McGrady,Yao Ming,1,3:54,HOU,shot,,,,,,,,,,Tracy McGrady,2,,,made,,jump,20,26
Andray Blatche,Antawn Jamison,Dominic McGuire,Mike James,Nick Young,Luis Scola,Rafer Alston,Shane Battier,Tracy McGrady,Yao Ming,1,3:34,WAS,shot,,,,,,,,,,Dominic McGuire,,,,missed,,jump,25,11
Andray Blatche,Antawn Jamison,Dominic McGuire,Mike James,Nick Young,Luis Scola,Rafer Alston,Shane Battier,Tracy McGrady,Yao Ming,1,3:33,HOU,rebound,,,,,,,,,,Tracy McGrady,,,,,,def,,
Andray Blatche,Antawn Jamison,Dominic McGuire,Mike James,Nick Young,Luis Scola,Rafer Alston,Shane Battier,Tracy McGrady,Yao Ming,1,3:17,HOU,shot,,,,,,,,,,Yao Ming,,,,missed,,jump hook,26,12
Andray Blatche,Antawn Jamison,Dominic McGuire,Mike James,Nick Young,Luis Scola,Rafer Alston,Shane Battier,Tracy McGrady,Yao Ming,1,3:16,WAS,rebound,,,,,,,,,,Antawn Jamison,,,,,,def,,
Andray Blatche,Antawn Jamison,Dominic McGuire,Mike James,Nick Young,Luis Scola,Rafer Alston,Shane Battier,Tracy McGrady,Yao Ming,1,3:07,WAS,shot,,,,,,,,,,Mike James,,,,missed,,3pt,16,28
Andray Blatche,Antawn Jamison,Dominic McGuire,Mike James,Nick Young,Luis Scola,Rafer Alston,Shane Battier,Tracy McGrady,Yao Ming,1,3:06,WAS,rebound,,,,,,,,,,Antawn Jamison,,,,,,off,,
Andray Blatche,Antawn Jamison,Dominic McGuire,Mike James,Nick Young,Luis Scola,Rafer Alston,Shane Battier,Tracy McGrady,Yao Ming,1,2:54,WAS,turnover,,,,,,,,,,Nick Young,,,traveling,,,,,
Andray Blatche,Antawn Jamison,Dominic McGuire,Mike James,Nick Young,Luis Scola,Rafer Alston,Shane Battier,Tracy McGrady,Yao Ming,1,2:54,WAS,timeout,,,,,,,,,,,,,,,,regular,,
Andray Blatche,Antawn Jamison,Dominic McGuire,Mike James,Nick Young,Carl Landry,Luis Scola,Rafer Alston,Tracy McGrady,Yao Ming,1,2:54,HOU,sub,,,,Carl Landry,,Shane Battier,,,,,,,,,,,,
Andray Blatche,Antawn Jamison,Dominic McGuire,Mike James,Nick Young,Carl Landry,Luis Scola,Rafer Alston,Ron Artest,Tracy McGrady,1,2:54,HOU,sub,,,,Ron Artest,,Yao Ming,,,,,,,,,,,,
Antawn Jamison,Dominic McGuire,JaVale McGee,Mike James,Nick Young,Carl Landry,Luis Scola,Rafer Alston,Ron Artest,Tracy McGrady,1,2:54,WAS,sub,,,,JaVale McGee,,Andray Blatche,,,,,,,,,,,,
Antawn Jamison,DeShawn Stevenson,Dominic McGuire,JaVale McGee,Mike James,Carl Landry,Luis Scola,Rafer Alston,Ron Artest,Tracy McGrady,1,2:54,WAS,sub,,,,DeShawn Stevenson,,Nick Young,,,,,,,,,,,,
Antawn Jamison,DeShawn Stevenson,Dominic McGuire,JaVale McGee,Mike James,Carl Landry,Luis Scola,Rafer Alston,Ron Artest,Tracy McGrady,1,2:44,HOU,shot,,,,,,,,,,Tracy McGrady,,,,missed,,step back jump,33,23
Antawn Jamison,DeShawn Stevenson,Dominic McGuire,JaVale McGee,Mike James,Carl Landry,Luis Scola,Rafer Alston,Ron Artest,Tracy McGrady,1,2:43,WAS,rebound,,,,,,,,,,Dominic McGuire,,,,,,def,,
Antawn Jamison,DeShawn Stevenson,Dominic McGuire,JaVale McGee,Mike James,Carl Landry,Luis Scola,Rafer Alston,Ron Artest,Tracy McGrady,1,2:24,WAS,shot,,,,,,,,,,Antawn Jamison,2,,,made,,jump,14,18
Antawn Jamison,DeShawn Stevenson,Dominic McGuire,JaVale McGee,Mike James,Carl Landry,Luis Scola,Rafer Alston,Ron Artest,Tracy McGrady,1,2:11,HOU,shot,,,,,,,,,,Rafer Alston,,,,missed,,3pt,17,30
Antawn Jamison,DeShawn Stevenson,Dominic McGuire,JaVale McGee,Mike James,Carl Landry,Luis Scola,Rafer Alston,Ron Artest,Tracy McGrady,1,2:10,WAS,rebound,,,,,,,,,,Dominic McGuire,,,,,,def,,
Antawn Jamison,DeShawn Stevenson,Dominic McGuire,JaVale McGee,Mike James,Carl Landry,Luis Scola,Rafer Alston,Ron Artest,Tracy McGrady,1,1:48,WAS,shot,,,,,,,,,,Antawn Jamison,,,,missed,,jump,36,9
Antawn Jamison,DeShawn Stevenson,Dominic McGuire,JaVale McGee,Mike James,Carl Landry,Luis Scola,Rafer Alston,Ron Artest,Tracy McGrady,1,1:47,HOU,rebound,,,,,,,,,,Ron Artest,,,,,,def,,
Antawn Jamison,DeShawn Stevenson,Dominic McGuire,JaVale McGee,Mike James,Carl Landry,Luis Scola,Rafer Alston,Ron Artest,Tracy McGrady,1,1:39,HOU,shot,,,,,,,,,,Ron Artest,,,,missed,,jump,11,21
Antawn Jamison,DeShawn Stevenson,Dominic McGuire,JaVale McGee,Mike James,Carl Landry,Luis Scola,Rafer Alston,Ron Artest,Tracy McGrady,1,1:38,WAS,rebound,,,,,,,,,,JaVale McGee,,,,,,def,,
Antawn Jamison,DeShawn Stevenson,Dominic McGuire,JaVale McGee,Mike James,Carl Landry,Luis Scola,Rafer Alston,Ron Artest,Tracy McGrady,1,1:28,HOU,foul,,,,,,,,,,Carl Landry,,,,,,defense 3 second,,
Antawn Jamison,DeShawn Stevenson,Dominic McGuire,JaVale McGee,Mike James,Aaron Brooks,Carl Landry,Luis Scola,Ron Artest,Tracy McGrady,1,1:28,HOU,sub,,,,Aaron Brooks,,Rafer Alston,,,,,,,,,,,,
Antawn Jamison,DeShawn Stevenson,Dominic McGuire,JaVale McGee,Mike James,Aaron Brooks,Carl Landry,Luis Scola,Ron Artest,Tracy McGrady,1,1:28,WAS,free throw,,,,,,,1,,1,Antawn Jamison,,,technical,made,,,,
Antawn Jamison,DeShawn Stevenson,Dominic McGuire,JaVale McGee,Mike James,Aaron Brooks,Carl Landry,Luis Scola,Ron Artest,Tracy McGrady,1,1:22,WAS,shot,,,,,,,,,,Mike James,,,,missed,,running bank,16,13
Antawn Jamison,DeShawn Stevenson,Dominic McGuire,JaVale McGee,Mike James,Aaron Brooks,Carl Landry,Luis Scola,Ron Artest,Tracy McGrady,1,1:20,HOU,rebound,,,,,,,,,,Carl Landry,,,,,,def,,
Antawn Jamison,DeShawn Stevenson,Dominic McGuire,JaVale McGee,Mike James,Aaron Brooks,Carl Landry,Luis Scola,Ron Artest,Tracy McGrady,1,1:01,HOU,shot,,,,,,,,,,Tracy McGrady,2,,,made,,turnaround jump,13,9
Antawn Jamison,DeShawn Stevenson,Dominic McGuire,JaVale McGee,Mike James,Aaron Brooks,Carl Landry,Luis Scola,Ron Artest,Tracy McGrady,1,0:42,WAS,shot,DeShawn Stevenson,,,,,,,,,Antawn Jamison,2,,,made,,layup,25,6
Antawn Jamison,DeShawn Stevenson,Dominic McGuire,JaVale McGee,Mike James,Aaron Brooks,Carl Landry,Luis Scola,Ron Artest,Tracy McGrady,1,0:42,HOU,violation,,,,,,,,,,Tracy McGrady,,,,,,defensive goaltending,,
Antawn Jamison,DeShawn Stevenson,Dominic McGuire,JaVale McGee,Mike James,Aaron Brooks,Carl Landry,Luis Scola,Ron Artest,Tracy McGrady,1,0:33,HOU,shot,,,,,,,,,,Tracy McGrady,,,,missed,,reverse layup,25,6
Antawn Jamison,DeShawn Stevenson,Dominic McGuire,JaVale McGee,Mike James,Aaron Brooks,Carl Landry,Luis Scola,Ron Artest,Tracy McGrady,1,0:32,WAS,rebound,,,,,,,,,,JaVale McGee,,,,,,def,,
Antawn Jamison,DeShawn Stevenson,Dominic McGuire,JaVale McGee,Mike James,Aaron Brooks,Carl Landry,Luis Scola,Ron Artest,Tracy McGrady,1,0:24,WAS,shot,,,,,,,,,,Mike James,2,,,made,,running jump,25,11
Antawn Jamison,DeShawn Stevenson,Dominic McGuire,JaVale McGee,Mike James,Aaron Brooks,Carl Landry,Luis Scola,Ron Artest,Tracy McGrady,1,0:24,HOU,foul,,,,,,,,Mike James,,Aaron Brooks,,,,,,shooting,,
Antawn Jamison,DeShawn Stevenson,Dominic McGuire,JaVale McGee,Mike James,Aaron Brooks,Carl Landry,Luis Scola,Ron Artest,Tracy McGrady,1,0:24,WAS,free throw,,,,,,,1,,1,Mike James,,,foul,missed,,,,
Antawn Jamison,DeShawn Stevenson,Dominic McGuire,JaVale McGee,Mike James,Aaron Brooks,Carl Landry,Luis Scola,Ron Artest,Tracy McGrady,1,0:24,HOU,rebound,,,,,,,,,,Luis Scola,,,,,,def,,
Antawn Jamison,DeShawn Stevenson,Dominic McGuire,JaVale McGee,Mike James,Aaron Brooks,Carl Landry,Luis Scola,Ron Artest,Tracy McGrady,1,0:05,WAS,foul,,,,,,,,Luis Scola,,JaVale McGee,,,,,,shooting,,
Antawn Jamison,DeShawn Stevenson,Dominic McGuire,JaVale McGee,Mike James,Aaron Brooks,Carl Landry,Luis Scola,Ron Artest,Tracy McGrady,1,0:05,HOU,free throw,,,,,,,1,,2,Luis Scola,,,foul,made,,,,
Antawn Jamison,DeShawn Stevenson,Dominic McGuire,JaVale McGee,Mike James,Aaron Brooks,Carl Landry,Luis Scola,Ron Artest,Tracy McGrady,1,0:05,HOU,free throw,,,,,,,2,,2,Luis Scola,,,foul,made,,,,
Antawn Jamison,DeShawn Stevenson,Dominic McGuire,JaVale McGee,Mike James,Aaron Brooks,Carl Landry,Luis Scola,Ron Artest,Tracy McGrady,1,0:00,WAS,shot,,,,,,,,,,Mike James,,,,missed,,3pt,7,29
Antawn Jamison,DeShawn Stevenson,Dominic McGuire,JaVale McGee,Mike James,Aaron Brooks,Carl Landry,Luis Scola,Ron Artest,Tracy McGrady,1,0:00,WAS,rebound,,,,,,,,,,,,,,,,,,
Andray Blatche,Darius Songaila,DeShawn Stevenson,Etan Thomas,Nick Young,Aaron Brooks,Brent Barry,Carl Landry,Chuck Hayes,Ron Artest,2,11:44,WAS,shot,DeShawn Stevenson,,,,,,,,,Darius Songaila,2,,,made,,layup,25,6
Andray Blatche,Darius Songaila,DeShawn Stevenson,Etan Thomas,Nick Young,Aaron Brooks,Brent Barry,Carl Landry,Chuck Hayes,Ron Artest,2,11:28,HOU,shot,,,,,,,,,,Ron Artest,,,,missed,,jump,9,15
Andray Blatche,Darius Songaila,DeShawn Stevenson,Etan Thomas,Nick Young,Aaron Brooks,Brent Barry,Carl Landry,Chuck Hayes,Ron Artest,2,11:27,WAS,rebound,,,,,,,,,,Etan Thomas,,,,,,def,,
Andray Blatche,Darius Songaila,DeShawn Stevenson,Etan Thomas,Nick Young,Aaron Brooks,Brent Barry,Carl Landry,Chuck Hayes,Ron Artest,2,11:08,WAS,shot,,,,,,,,,,Darius Songaila,2,,,made,,hook,25,11
Andray Blatche,Darius Songaila,DeShawn Stevenson,Etan Thomas,Nick Young,Aaron Brooks,Brent Barry,Carl Landry,Chuck Hayes,Ron Artest,2,10:44,HOU,shot,,,,,,,,,,Aaron Brooks,,,,missed,,3pt,10,29
Andray Blatche,Darius Songaila,DeShawn Stevenson,Etan Thomas,Nick Young,Aaron Brooks,Brent Barry,Carl Landry,Chuck Hayes,Ron Artest,2,10:43,WAS,rebound,,,,,,,,,,Darius Songaila,,,,,,def,,
Andray Blatche,Darius Songaila,DeShawn Stevenson,Etan Thomas,Nick Young,Aaron Brooks,Brent Barry,Carl Landry,Chuck Hayes,Ron Artest,2,10:23,WAS,shot,Andray Blatche,,,,,,,,,Nick Young,2,,,made,,turnaround fade away,40,12
Andray Blatche,Darius Songaila,DeShawn Stevenson,Etan Thomas,Nick Young,Aaron Brooks,Brent Barry,Carl Landry,Chuck Hayes,Ron Artest,2,10:05,HOU,shot,,,,,,,,,,Aaron Brooks,,,,missed,,3pt,20,32
Andray Blatche,Darius Songaila,DeShawn Stevenson,Etan Thomas,Nick Young,Aaron Brooks,Brent Barry,Carl Landry,Chuck Hayes,Ron Artest,2,10:04,WAS,rebound,,,,,,,,,,Etan Thomas,,,,,,def,,
Andray Blatche,Darius Songaila,DeShawn Stevenson,Etan Thomas,Nick Young,Aaron Brooks,Brent Barry,Carl Landry,Chuck Hayes,Ron Artest,2,9:50,HOU,foul,,,,,,,,Etan Thomas,,Carl Landry,,,,,,personal,,
Andray Blatche,Darius Songaila,DeShawn Stevenson,Etan Thomas,Nick Young,Aaron Brooks,Brent Barry,Carl Landry,Chuck Hayes,Ron Artest,2,9:43,WAS,shot,,,,,,,,,,Nick Young,,,,missed,,jump,11,14
Andray Blatche,Darius Songaila,DeShawn Stevenson,Etan Thomas,Nick Young,Aaron Brooks,Brent Barry,Carl Landry,Chuck Hayes,Ron Artest,2,9:42,HOU,rebound,,,,,,,,,,Aaron Brooks,,,,,,def,,
Andray Blatche,Darius Songaila,DeShawn Stevenson,Etan Thomas,Nick Young,Aaron Brooks,Brent Barry,Carl Landry,Chuck Hayes,Ron Artest,2,9:41,WAS,foul,,,,,,,,Brent Barry,,Nick Young,,,,,,personal,,
Andray Blatche,Darius Songaila,DeShawn Stevenson,Etan Thomas,Nick Young,Aaron Brooks,Brent Barry,Carl Landry,Chuck Hayes,Ron Artest,2,9:29,HOU,shot,Aaron Brooks,,,,,,,,,Carl Landry,2,,,made,,jump,35,20
Andray Blatche,Darius Songaila,DeShawn Stevenson,Etan Thomas,Nick Young,Aaron Brooks,Brent Barry,Carl Landry,Chuck Hayes,Ron Artest,2,9:11,WAS,shot,,,,,,,,,,DeShawn Stevenson,,,,missed,,turnaround jump,37,21
Andray Blatche,Darius Songaila,DeShawn Stevenson,Etan Thomas,Nick Young,Aaron Brooks,Brent Barry,Carl Landry,Chuck Hayes,Ron Artest,2,9:08,HOU,rebound,,,,,,,,,,,,,,,,,,
Andray Blatche,Darius Songaila,DeShawn Stevenson,Etan Thomas,Juan Dixon,Aaron Brooks,Brent Barry,Carl Landry,Chuck Hayes,Ron Artest,2,9:08,WAS,sub,,,,Juan Dixon,,Nick Young,,,,,,,,,,,,
Andray Blatche,Darius Songaila,DeShawn Stevenson,Etan Thomas,Juan Dixon,Aaron Brooks,Brent Barry,Carl Landry,Chuck Hayes,Ron Artest,2,8:50,HOU,turnover,,,,,,,,,,Ron Artest,,,bad pass,,,,,
Andray Blatche,Darius Songaila,DeShawn Stevenson,Etan Thomas,Juan Dixon,Aaron Brooks,Brent Barry,Carl Landry,Chuck Hayes,Ron Artest,2,8:50,OFF,timeout,,,,,,,,,,,,,,,,official,,
Andray Blatche,Darius Songaila,DeShawn Stevenson,Etan Thomas,Juan Dixon,Aaron Brooks,Brent Barry,Carl Landry,Chuck Hayes,Ron Artest,2,8:33,WAS,shot,,,,,,,,,,Andray Blatche,,,,missed,,jump,16,27
Andray Blatche,Darius Songaila,DeShawn Stevenson,Etan Thomas,Juan Dixon,Aaron Brooks,Brent Barry,Carl Landry,Chuck Hayes,Ron Artest,2,8:32,HOU,rebound,,,,,,,,,,,,,,,,,,
Andray Blatche,Darius Songaila,DeShawn Stevenson,Etan Thomas,Juan Dixon,Aaron Brooks,Brent Barry,Carl Landry,Chuck Hayes,Ron Artest,2,8:20,HOU,turnover,,,,,,,,,,Ron Artest,,,discontinue dribble,,,,,
Andray Blatche,Darius Songaila,DeShawn Stevenson,Etan Thomas,Juan Dixon,Aaron Brooks,Brent Barry,Carl Landry,Chuck Hayes,Ron Artest,2,8:07,HOU,foul,,,,,,,,Darius Songaila,,Carl Landry,,,,,,personal,,
Andray Blatche,Darius Songaila,DeShawn Stevenson,Etan Thomas,Juan Dixon,Aaron Brooks,Brent Barry,Carl Landry,Chuck Hayes,Ron Artest,2,8:02,WAS,turnover,,,,,,,,,,Andray Blatche,,,out of bounds lost ball turnover,,,,,
Andray Blatche,Darius Songaila,DeShawn Stevenson,Etan Thomas,Juan Dixon,Aaron Brooks,Brent Barry,Carl Landry,Chuck Hayes,Ron Artest,2,7:51,HOU,turnover,,,,,,,,,,Ron Artest,,,lost ball,,DeShawn Stevenson,,,
Andray Blatche,Darius Songaila,DeShawn Stevenson,Etan Thomas,Juan Dixon,Aaron Brooks,Brent Barry,Carl Landry,Chuck Hayes,Ron Artest,2,7:38,WAS,turnover,,,,,,,,,,Juan Dixon,,,bad pass,,Aaron Brooks,,,
Andray Blatche,Darius Songaila,DeShawn Stevenson,Etan Thomas,Juan Dixon,Aaron Brooks,Brent Barry,Carl Landry,Chuck Hayes,Ron Artest,2,7:20,HOU,shot,,,,,,,,,,Aaron Brooks,,,,missed,,layup,25,6
Andray Blatche,Darius Songaila,DeShawn Stevenson,Etan Thomas,Juan Dixon,Aaron Brooks,Brent Barry,Carl Landry,Chuck Hayes,Ron Artest,2,7:18,WAS,rebound,,,,,,,,,,Etan Thomas,,,,,,def,,
Andray Blatche,Darius Songaila,DeShawn Stevenson,Etan Thomas,Juan Dixon,Aaron Brooks,Brent Barry,Carl Landry,Chuck Hayes,Ron Artest,2,6:55,WAS,shot,,,,,,,,,,DeShawn Stevenson,,,,missed,,3pt,43,24
Andray Blatche,Darius Songaila,DeShawn Stevenson,Etan Thomas,Juan Dixon,Aaron Brooks,Brent Barry,Carl Landry,Chuck Hayes,Ron Artest,2,6:54,HOU,rebound,,,,,,,,,,Brent Barry,,,,,,def,,
Andray Blatche,Darius Songaila,DeShawn Stevenson,Etan Thomas,Juan Dixon,Aaron Brooks,Brent Barry,Carl Landry,Chuck Hayes,Ron Artest,2,6:47,HOU,shot,Brent Barry,,,,,,,,,Ron Artest,3,,,made,,3pt,22,33
Andray Blatche,Darius Songaila,DeShawn Stevenson,Etan Thomas,Juan Dixon,Aaron Brooks,Brent Barry,Carl Landry,Chuck Hayes,Ron Artest,2,6:39,WAS,shot,Juan Dixon,,,,,,,,,Andray Blatche,2,,,made,,layup,25,6
Andray Blatche,Darius Songaila,DeShawn Stevenson,Etan Thomas,Juan Dixon,Aaron Brooks,Brent Barry,Carl Landry,Chuck Hayes,Ron Artest,2,6:27,HOU,turnover,,,,,,,,,,Ron Artest,,,traveling,,,,,
Antawn Jamison,Darius Songaila,DeShawn Stevenson,Etan Thomas,Juan Dixon,Aaron Brooks,Brent Barry,Carl Landry,Chuck Hayes,Ron Artest,2,6:27,WAS,sub,,,,Antawn Jamison,,Andray Blatche,,,,,,,,,,,,
Antawn Jamison,Darius Songaila,DeShawn Stevenson,Etan Thomas,Juan Dixon,Aaron Brooks,Brent Barry,Chuck Hayes,Ron Artest,Yao Ming,2,6:27,HOU,sub,,,,Yao Ming,,Carl Landry,,,,,,,,,,,,
Antawn Jamison,Darius Songaila,DeShawn Stevenson,Etan Thomas,Juan Dixon,Aaron Brooks,Brent Barry,Chuck Hayes,Ron Artest,Yao Ming,2,6:15,WAS,shot,,,,,,,,,,Juan Dixon,3,,,made,,3pt,37,29
Antawn Jamison,Darius Songaila,DeShawn Stevenson,Etan Thomas,Juan Dixon,Aaron Brooks,Brent Barry,Chuck Hayes,Ron Artest,Yao Ming,2,6:09,HOU,turnover,,,,,,,,,,Aaron Brooks,,,out of bounds lost ball turnover,,,,,
Antawn Jamison,Darius Songaila,Etan Thomas,Javaris Crittenton,Juan Dixon,Aaron Brooks,Brent Barry,Chuck Hayes,Ron Artest,Yao Ming,2,6:09,WAS,sub,,,,Javaris Crittenton,,DeShawn Stevenson,,,,,,,,,,,,
Antawn Jamison,Darius Songaila,Etan Thomas,Javaris Crittenton,Juan Dixon,Brent Barry,Chuck Hayes,Rafer Alston,Ron Artest,Yao Ming,2,6:09,HOU,sub,,,,Rafer Alston,,Aaron Brooks,,,,,,,,,,,,
Antawn Jamison,Darius Songaila,Etan Thomas,Javaris Crittenton,Juan Dixon,Brent Barry,Chuck Hayes,Rafer Alston,Shane Battier,Yao Ming,2,6:09,HOU,sub,,,,Shane Battier,,Ron Artest,,,,,,,,,,,,
Antawn Jamison,Darius Songaila,Etan Thomas,Javaris Crittenton,Juan Dixon,Brent Barry,Chuck Hayes,Rafer Alston,Shane Battier,Yao Ming,2,6:01,WAS,shot,,,,,,,,,,Juan Dixon,2,,,made,,driving layup,25,6
Antawn Jamison,Darius Songaila,Etan Thomas,Javaris Crittenton,Juan Dixon,Brent Barry,Chuck Hayes,Rafer Alston,Shane Battier,Yao Ming,2,5:49,HOU,turnover,,,,,,,,,,Yao Ming,,,bad pass,,,,,
Antawn Jamison,Darius Songaila,Etan Thomas,Javaris Crittenton,Juan Dixon,Brent Barry,Chuck Hayes,Rafer Alston,Shane Battier,Yao Ming,2,5:48,HOU,timeout,,,,,,,,,,,,,,,,regular,,
Antawn Jamison,Darius Songaila,Etan Thomas,Javaris Crittenton,Juan Dixon,Brent Barry,Chuck Hayes,Rafer Alston,Shane Battier,Yao Ming,2,5:38,WAS,shot,Antawn Jamison,,,,,,,,,Etan Thomas,2,,,made,,dunk,25,6
Antawn Jamison,Darius Songaila,Etan Thomas,Javaris Crittenton,Juan Dixon,Brent Barry,Chuck Hayes,Rafer Alston,Shane Battier,Yao Ming,2,5:19,HOU,shot,,,,,,,,,,Brent Barry,,,,missed,,3pt,9,24
Antawn Jamison,Darius Songaila,Etan Thomas,Javaris Crittenton,Juan Dixon,Brent Barry,Chuck Hayes,Rafer Alston,Shane Battier,Yao Ming,2,5:19,WAS,rebound,,,,,,,,,,Darius Songaila,,,,,,def,,
Antawn Jamison,Darius Songaila,Etan Thomas,Javaris Crittenton,Juan Dixon,Brent Barry,Chuck Hayes,Rafer Alston,Shane Battier,Yao Ming,2,5:01,WAS,shot,,,,,,,,,,Etan Thomas,,,,missed,,jump,27,21
Antawn Jamison,Darius Songaila,Etan Thomas,Javaris Crittenton,Juan Dixon,Brent Barry,Chuck Hayes,Rafer Alston,Shane Battier,Yao Ming,2,5:00,HOU,rebound,,,,,,,,,,Chuck Hayes,,,,,,def,,
Antawn Jamison,Darius Songaila,Etan Thomas,Javaris Crittenton,Juan Dixon,Brent Barry,Chuck Hayes,Rafer Alston,Shane Battier,Yao Ming,2,4:54,HOU,turnover,,,,,,,,,,Rafer Alston,,,bad pass,,,,,
Antawn Jamison,Darius Songaila,Etan Thomas,Javaris Crittenton,Juan Dixon,Brent Barry,Luis Scola,Rafer Alston,Shane Battier,Yao Ming,2,4:54,HOU,sub,,,,Luis Scola,,Chuck Hayes,,,,,,,,,,,,
Antawn Jamison,Darius Songaila,Etan Thomas,Javaris Crittenton,Juan Dixon,Luis Scola,Rafer Alston,Shane Battier,Tracy McGrady,Yao Ming,2,4:54,HOU,sub,,,,Tracy McGrady,,Brent Barry,,,,,,,,,,,,
Antawn Jamison,Darius Songaila,Etan Thomas,Javaris Crittenton,Juan Dixon,Luis Scola,Rafer Alston,Shane Battier,Tracy McGrady,Yao Ming,2,4:43,WAS,shot,Darius Songaila,,,,,,,,,Antawn Jamison,2,,,made,,layup,25,6
Antawn Jamison,Darius Songaila,Etan Thomas,Javaris Crittenton,Juan Dixon,Luis Scola,Rafer Alston,Shane Battier,Tracy McGrady,Yao Ming,2,4:25,HOU,shot,,,,,,,,,,Rafer Alston,2,,,made,,running jump,26,11
Antawn Jamison,Darius Songaila,Etan Thomas,Javaris Crittenton,Juan Dixon,Luis Scola,Rafer Alston,Shane Battier,Tracy McGrady,Yao Ming,2,4:09,WAS,shot,,,,,,,,,,Antawn Jamison,,,,missed,,3pt,16,29
Antawn Jamison,Darius Songaila,Etan Thomas,Javaris Crittenton,Juan Dixon,Luis Scola,Rafer Alston,Shane Battier,Tracy McGrady,Yao Ming,2,4:08,WAS,rebound,,,,,,,,,,Darius Songaila,,,,,,off,,
Antawn Jamison,Darius Songaila,Etan Thomas,Javaris Crittenton,Juan Dixon,Luis Scola,Rafer Alston,Shane Battier,Tracy McGrady,Yao Ming,2,4:06,WAS,shot,,,,,,,,,,Darius Songaila,,,,missed,,reverse layup,25,6
Antawn Jamison,Darius Songaila,Etan Thomas,Javaris Crittenton,Juan Dixon,Luis Scola,Rafer Alston,Shane Battier,Tracy McGrady,Yao Ming,2,4:05,HOU,rebound,,,,,,,,,,Yao Ming,,,,,,def,,
Antawn Jamison,Darius Songaila,Etan Thomas,Javaris Crittenton,Juan Dixon,Luis Scola,Rafer Alston,Shane Battier,Tracy McGrady,Yao Ming,2,3:50,HOU,shot,,,,,,,,,,Yao Ming,,,,missed,,fade away jumper,22,15
Antawn Jamison,Darius Songaila,Etan Thomas,Javaris Crittenton,Juan Dixon,Luis Scola,Rafer Alston,Shane Battier,Tracy McGrady,Yao Ming,2,3:49,WAS,rebound,,,,,,,,,,Juan Dixon,,,,,,def,,
Antawn Jamison,Darius Songaila,Etan Thomas,Javaris Crittenton,Juan Dixon,Luis Scola,Rafer Alston,Shane Battier,Tracy McGrady,Yao Ming,2,3:45,HOU,foul,,,,,,,,Darius Songaila,,Shane Battier,,,,,,shooting,,
Antawn Jamison,Darius Songaila,Etan Thomas,Javaris Crittenton,Juan Dixon,Luis Scola,Rafer Alston,Shane Battier,Tracy McGrady,Yao Ming,2,3:45,WAS,free throw,,,,,,,1,,2,Darius Songaila,,,foul,made,,,,
Antawn Jamison,Darius Songaila,Etan Thomas,Javaris Crittenton,Juan Dixon,Luis Scola,Rafer Alston,Shane Battier,Tracy McGrady,Yao Ming,2,3:45,WAS,free throw,,,,,,,2,,2,Darius Songaila,,,foul,missed,,,,
Antawn Jamison,Darius Songaila,Etan Thomas,Javaris Crittenton,Juan Dixon,Luis Scola,Rafer Alston,Shane Battier,Tracy McGrady,Yao Ming,2,3:45,HOU,rebound,,,,,,,,,,Shane Battier,,,,,,def,,
Antawn Jamison,Darius Songaila,Etan Thomas,Javaris Crittenton,Juan Dixon,Luis Scola,Rafer Alston,Shane Battier,Tracy McGrady,Yao Ming,2,3:29,HOU,shot,,,,,,,,,,Rafer Alston,,,,missed,,3pt,24,31
Antawn Jamison,Darius Songaila,Etan Thomas,Javaris Crittenton,Juan Dixon,Luis Scola,Rafer Alston,Shane Battier,Tracy McGrady,Yao Ming,2,3:28,HOU,rebound,,,,,,,,,,Yao Ming,,,,,,off,,
Antawn Jamison,Darius Songaila,Etan Thomas,Javaris Crittenton,Juan Dixon,Luis Scola,Rafer Alston,Shane Battier,Tracy McGrady,Yao Ming,2,3:28,WAS,foul,,,,,,,,Yao Ming,,Darius Songaila,,,,,,personal,,
Antawn Jamison,Darius Songaila,Etan Thomas,Javaris Crittenton,Juan Dixon,Luis Scola,Rafer Alston,Shane Battier,Tracy McGrady,Yao Ming,2,3:19,HOU,shot,Tracy McGrady,,,,,,,,,Luis Scola,2,,,made,,layup,25,6
Antawn Jamison,Darius Songaila,Etan Thomas,Javaris Crittenton,Juan Dixon,Luis Scola,Rafer Alston,Shane Battier,Tracy McGrady,Yao Ming,2,3:01,WAS,shot,,,Yao Ming,,,,,,,Darius Songaila,,,,missed,,layup,25,6
Antawn Jamison,Darius Songaila,Etan Thomas,Javaris Crittenton,Juan Dixon,Luis Scola,Rafer Alston,Shane Battier,Tracy McGrady,Yao Ming,2,2:59,HOU,rebound,,,,,,,,,,Rafer Alston,,,,,,def,,
Antawn Jamison,Darius Songaila,Etan Thomas,Javaris Crittenton,Juan Dixon,Luis Scola,Rafer Alston,Shane Battier,Tracy McGrady,Yao Ming,2,2:47,HOU,shot,,,,,,,,,,Yao Ming,,,,missed,,turnaround fade away,36,12
Antawn Jamison,Darius Songaila,Etan Thomas,Javaris Crittenton,Juan Dixon,Luis Scola,Rafer Alston,Shane Battier,Tracy McGrady,Yao Ming,2,2:46,WAS,rebound,,,,,,,,,,Javaris Crittenton,,,,,,def,,
Antawn Jamison,Darius Songaila,Etan Thomas,Javaris Crittenton,Juan Dixon,Luis Scola,Rafer Alston,Shane Battier,Tracy McGrady,Yao Ming,2,2:36,WAS,timeout,,,,,,,,,,,,,,,,regular,,
Antawn Jamison,Darius Songaila,Etan Thomas,Javaris Crittenton,Juan Dixon,Luis Scola,Rafer Alston,Shane Battier,Tracy McGrady,Yao Ming,2,2:36,WAS,turnover,,,,,,,,,,Etan Thomas,,,out of bounds lost ball turnover,,,,,
Antawn Jamison,Darius Songaila,Etan Thomas,Javaris Crittenton,Mike James,Luis Scola,Rafer Alston,Shane Battier,Tracy McGrady,Yao Ming,2,2:36,WAS,sub,,,,Mike James,,Juan Dixon,,,,,,,,,,,,
Antawn Jamison,Darius Songaila,Dominic McGuire,Etan Thomas,Mike James,Luis Scola,Rafer Alston,Shane Battier,Tracy McGrady,Yao Ming,2,2:36,WAS,sub,,,,Dominic McGuire,,Javaris Crittenton,,,,,,,,,,,,
Antawn Jamison,Darius Songaila,Dominic McGuire,Etan Thomas,Mike James,Luis Scola,Rafer Alston,Shane Battier,Tracy McGrady,Yao Ming,2,2:26,HOU,shot,,,,,,,,,,Tracy McGrady,,,,missed,,3pt,25,31
Antawn Jamison,Darius Songaila,Dominic McGuire,Etan Thomas,Mike James,Luis Scola,Rafer Alston,Shane Battier,Tracy McGrady,Yao Ming,2,2:25,WAS,rebound,,,,,,,,,,Antawn Jamison,,,,,,def,,
Antawn Jamison,Darius Songaila,Dominic McGuire,Etan Thomas,Mike James,Luis Scola,Rafer Alston,Shane Battier,Tracy McGrady,Yao Ming,2,2:03,WAS,shot,,,,,,,,,,Darius Songaila,,,,missed,,jump,38,18
Antawn Jamison,Darius Songaila,Dominic McGuire,Etan Thomas,Mike James,Luis Scola,Rafer Alston,Shane Battier,Tracy McGrady,Yao Ming,2,2:02,HOU,rebound,,,,,,,,,,Tracy McGrady,,,,,,def,,
Antawn Jamison,Darius Songaila,Dominic McGuire,Etan Thomas,Mike James,Luis Scola,Rafer Alston,Shane Battier,Tracy McGrady,Yao Ming,2,1:52,HOU,shot,Tracy McGrady,,,,,,,,,Yao Ming,2,,,made,,turnaround jump,31,15
Antawn Jamison,Darius Songaila,Dominic McGuire,Etan Thomas,Mike James,Luis Scola,Rafer Alston,Shane Battier,Tracy McGrady,Yao Ming,2,1:34,HOU,foul,,,,,,,,Antawn Jamison,,Shane Battier,,,,,,shooting,,
Antawn Jamison,Darius Songaila,Dominic McGuire,Etan Thomas,Mike James,Luis Scola,Rafer Alston,Shane Battier,Tracy McGrady,Yao Ming,2,1:34,WAS,free throw,,,,,,,1,,2,Antawn Jamison,,,foul,made,,,,
Antawn Jamison,Darius Songaila,Dominic McGuire,Etan Thomas,Mike James,Luis Scola,Rafer Alston,Ron Artest,Tracy McGrady,Yao Ming,2,1:34,HOU,sub,,,,Ron Artest,,Shane Battier,,,,,,,,,,,,
Antawn Jamison,Darius Songaila,Dominic McGuire,Etan Thomas,Mike James,Luis Scola,Rafer Alston,Ron Artest,Tracy McGrady,Yao Ming,2,1:34,WAS,free throw,,,,,,,2,,2,Antawn Jamison,,,foul,made,,,,
Antawn Jamison,Darius Songaila,Dominic McGuire,Etan Thomas,Mike James,Luis Scola,Rafer Alston,Ron Artest,Tracy McGrady,Yao Ming,2,1:14,HOU,turnover,,,,,,,,,,Ron Artest,,,lost ball,,Darius Songaila,,,
Antawn Jamison,Darius Songaila,Dominic McGuire,Etan Thomas,Mike James,Luis Scola,Rafer Alston,Ron Artest,Tracy McGrady,Yao Ming,2,1:11,WAS,shot,Darius Songaila,,,,,,,,,Mike James,2,,,made,,layup,25,6
Antawn Jamison,Darius Songaila,Dominic McGuire,Etan Thomas,Mike James,Luis Scola,Rafer Alston,Ron Artest,Tracy McGrady,Yao Ming,2,0:53,HOU,shot,,,,,,,,,,Ron Artest,,,,missed,,3pt,16,30
Antawn Jamison,Darius Songaila,Dominic McGuire,Etan Thomas,Mike James,Luis Scola,Rafer Alston,Ron Artest,Tracy McGrady,Yao Ming,2,0:52,WAS,rebound,,,,,,,,,,Dominic McGuire,,,,,,def,,
Antawn Jamison,Darius Songaila,Dominic McGuire,Etan Thomas,Mike James,Luis Scola,Rafer Alston,Ron Artest,Tracy McGrady,Yao Ming,2,0:38,WAS,shot,Darius Songaila,,,,,,,,,Antawn Jamison,2,,,made,,running jump,23,16
Antawn Jamison,Darius Songaila,Dominic McGuire,Etan Thomas,Mike James,Luis Scola,Rafer Alston,Ron Artest,Tracy McGrady,Yao Ming,2,0:25,HOU,shot,,,,,,,,,,Tracy McGrady,,,,missed,,jump,21,27
Antawn Jamison,Darius Songaila,Dominic McGuire,Etan Thomas,Mike James,Luis Scola,Rafer Alston,Ron Artest,Tracy McGrady,Yao Ming,2,0:24,HOU,rebound,,,,,,,,,,Yao Ming,,,,,,off,,
Antawn Jamison,Darius Songaila,Dominic McGuire,Etan Thomas,Mike James,Luis Scola,Rafer Alston,Ron Artest,Tracy McGrady,Yao Ming,2,0:24,WAS,foul,,,,,,,,Yao Ming,,Mike James,,,,,,shooting,,
Antawn Jamison,Darius Songaila,Dominic McGuire,Etan Thomas,Mike James,Luis Scola,Rafer Alston,Ron Artest,Tracy McGrady,Yao Ming,2,0:24,HOU,free throw,,,,,,,1,,2,Yao Ming,,,foul,made,,,,
Andray Blatche,Antawn Jamison,Darius Songaila,Dominic McGuire,Mike James,Luis Scola,Rafer Alston,Ron Artest,Tracy McGrady,Yao Ming,2,0:24,WAS,sub,,,,Andray Blatche,,Etan Thomas,,,,,,,,,,,,
Andray Blatche,Antawn Jamison,Darius Songaila,Dominic McGuire,Mike James,Luis Scola,Rafer Alston,Ron Artest,Tracy McGrady,Yao Ming,2,0:24,HOU,free throw,,,,,,,2,,2,Yao Ming,,,foul,made,,,,
Andray Blatche,Antawn Jamison,Darius Songaila,Dominic McGuire,Mike James,Luis Scola,Rafer Alston,Ron Artest,Tracy McGrady,Yao Ming,2,0:01,WAS,timeout,,,,,,,,,,,,,,,,short,,
Andray Blatche,Antawn Jamison,Darius Songaila,Mike James,Nick Young,Luis Scola,Rafer Alston,Ron Artest,Tracy McGrady,Yao Ming,2,0:01,WAS,sub,,,,Nick Young,,Dominic McGuire,,,,,,,,,,,,
Andray Blatche,Antawn Jamison,Darius Songaila,Mike James,Nick Young,Luis Scola,Rafer Alston,Ron Artest,Tracy McGrady,Yao Ming,2,0:01,WAS,turnover,,,,,,,,,,Andray Blatche,,,bad pass,,Ron Artest,,,
Andray Blatche,Antawn Jamison,Darius Songaila,Mike James,Nick Young,Luis Scola,Rafer Alston,Ron Artest,Tracy McGrady,Yao Ming,2,0:00,WAS,foul,,,,,,,,Ron Artest,,Nick Young,,,,,,shooting,,
Andray Blatche,Antawn Jamison,Darius Songaila,Mike James,Nick Young,Luis Scola,Rafer Alston,Ron Artest,Tracy McGrady,Yao Ming,2,0:00,HOU,free throw,,,,,,,1,,3,Ron Artest,,,foul,missed,,,,
Andray Blatche,Antawn Jamison,Darius Songaila,Mike James,Nick Young,Luis Scola,Rafer Alston,Ron Artest,Tracy McGrady,Yao Ming,2,0:00,HOU,rebound,,,,,,,,,,,,,,,,,,
Andray Blatche,Antawn Jamison,Darius Songaila,Mike James,Nick Young,Luis Scola,Rafer Alston,Ron Artest,Tracy McGrady,Yao Ming,2,0:00,HOU,free throw,,,,,,,2,,3,Ron Artest,,,foul,made,,,,
Andray Blatche,Antawn Jamison,Darius Songaila,Mike James,Nick Young,Luis Scola,Rafer Alston,Ron Artest,Tracy McGrady,Yao Ming,2,0:00,HOU,free throw,,,,,,,3,,3,Ron Artest,,,foul,missed,,,,
Andray Blatche,Antawn Jamison,Darius Songaila,Mike James,Nick Young,Luis Scola,Rafer Alston,Ron Artest,Tracy McGrady,Yao Ming,2,0:00,HOU,rebound,,,,,,,,,,,,,,,,,,
Andray Blatche,Antawn Jamison,Dominic McGuire,Mike James,Nick Young,Luis Scola,Rafer Alston,Shane Battier,Tracy McGrady,Yao Ming,3,11:42,WAS,shot,Dominic McGuire,,,,,,,,,Antawn Jamison,2,,,made,,turnaround jump,43,13
Andray Blatche,Antawn Jamison,Dominic McGuire,Mike James,Nick Young,Luis Scola,Rafer Alston,Shane Battier,Tracy McGrady,Yao Ming,3,11:21,HOU,shot,,,,,,,,,,Yao Ming,,,,missed,,jump,15,12
Andray Blatche,Antawn Jamison,Dominic McGuire,Mike James,Nick Young,Luis Scola,Rafer Alston,Shane Battier,Tracy McGrady,Yao Ming,3,11:20,WAS,rebound,,,,,,,,,,Andray Blatche,,,,,,def,,
Andray Blatche,Antawn Jamison,Dominic McGuire,Mike James,Nick Young,Luis Scola,Rafer Alston,Shane Battier,Tracy McGrady,Yao Ming,3,11:07,WAS,shot,,,,,,,,,,Antawn Jamison,,,,missed,,jump,7,9
Andray Blatche,Antawn Jamison,Dominic McGuire,Mike James,Nick Young,Luis Scola,Rafer Alston,Shane Battier,Tracy McGrady,Yao Ming,3,11:06,HOU,rebound,,,,,,,,,,Shane Battier,,,,,,def,,
Andray Blatche,Antawn Jamison,Dominic McGuire,Mike James,Nick Young,Luis Scola,Rafer Alston,Shane Battier,Tracy McGrady,Yao Ming,3,10:54,HOU,shot,Tracy McGrady,,,,,,,,,Shane Battier,2,,,made,,layup,25,6
Andray Blatche,Antawn Jamison,Dominic McGuire,Mike James,Nick Young,Luis Scola,Rafer Alston,Shane Battier,Tracy McGrady,Yao Ming,3,10:33,WAS,shot,Antawn Jamison,,,,,,,,,Nick Young,2,,,made,,reverse layup,25,6
Andray Blatche,Antawn Jamison,Dominic McGuire,Mike James,Nick Young,Luis Scola,Rafer Alston,Shane Battier,Tracy McGrady,Yao Ming,3,10:18,HOU,shot,Tracy McGrady,,,,,,,,,Luis Scola,2,,,made,,layup,25,6
Andray Blatche,Antawn Jamison,Dominic McGuire,Mike James,Nick Young,Luis Scola,Rafer Alston,Shane Battier,Tracy McGrady,Yao Ming,3,9:58,WAS,shot,,,,,,,,,,Antawn Jamison,,,,missed,,layup,25,6
Andray Blatche,Antawn Jamison,Dominic McGuire,Mike James,Nick Young,Luis Scola,Rafer Alston,Shane Battier,Tracy McGrady,Yao Ming,3,9:57,HOU,rebound,,,,,,,,,,,,,,,,,,
Andray Blatche,Antawn Jamison,Dominic McGuire,Mike James,Nick Young,Luis Scola,Rafer Alston,Shane Battier,Tracy McGrady,Yao Ming,3,9:37,HOU,shot,,,,,,,,,,Tracy McGrady,,,,missed,,jump,36,20
Andray Blatche,Antawn Jamison,Dominic McGuire,Mike James,Nick Young,Luis Scola,Rafer Alston,Shane Battier,Tracy McGrady,Yao Ming,3,9:37,WAS,rebound,,,,,,,,,,Dominic McGuire,,,,,,def,,
Andray Blatche,Antawn Jamison,Dominic McGuire,Mike James,Nick Young,Luis Scola,Rafer Alston,Shane Battier,Tracy McGrady,Yao Ming,3,9:27,WAS,shot,Dominic McGuire,,,,,,,,,Antawn Jamison,2,,,made,,layup,25,6
Andray Blatche,Antawn Jamison,Dominic McGuire,Mike James,Nick Young,Luis Scola,Rafer Alston,Shane Battier,Tracy McGrady,Yao Ming,3,9:10,HOU,shot,,,,,,,,,,Luis Scola,2,,,made,,reverse layup,25,6
Andray Blatche,Antawn Jamison,Dominic McGuire,Mike James,Nick Young,Luis Scola,Rafer Alston,Shane Battier,Tracy McGrady,Yao Ming,3,8:48,WAS,shot,,,,,,,,,,Nick Young,,,,missed,,3pt,4,19
Andray Blatche,Antawn Jamison,Dominic McGuire,Mike James,Nick Young,Luis Scola,Rafer Alston,Shane Battier,Tracy McGrady,Yao Ming,3,8:47,HOU,rebound,,,,,,,,,,Tracy McGrady,,,,,,def,,
Andray Blatche,Antawn Jamison,Dominic McGuire,Mike James,Nick Young,Luis Scola,Rafer Alston,Shane Battier,Tracy McGrady,Yao Ming,3,8:41,HOU,shot,Rafer Alston,,,,,,,,,Luis Scola,2,,,made,,jump,38,19
Andray Blatche,Antawn Jamison,Dominic McGuire,Mike James,Nick Young,Luis Scola,Rafer Alston,Shane Battier,Tracy McGrady,Yao Ming,3,8:33,WAS,timeout,,,,,,,,,,,,,,,,regular,,
Andray Blatche,Antawn Jamison,Dominic McGuire,Mike James,Nick Young,Luis Scola,Rafer Alston,Shane Battier,Tracy McGrady,Yao Ming,3,8:19,WAS,shot,,,,,,,,,,Andray Blatche,2,,,made,,jump,25,24
Andray Blatche,Antawn Jamison,Dominic McGuire,Mike James,Nick Young,Luis Scola,Rafer Alston,Shane Battier,Tracy McGrady,Yao Ming,3,8:01,HOU,shot,Shane Battier,,,,,,,,,Yao Ming,2,,,made,,jump,25,14
Andray Blatche,Antawn Jamison,Dominic McGuire,Mike James,Nick Young,Luis Scola,Rafer Alston,Shane Battier,Tracy McGrady,Yao Ming,3,7:46,HOU,violation,,,,,,,,,,Shane Battier,,,,,,kicked ball,,
Andray Blatche,Antawn Jamison,Dominic McGuire,Mike James,Nick Young,Luis Scola,Rafer Alston,Shane Battier,Tracy McGrady,Yao Ming,3,7:43,HOU,foul,,,,,,,,Mike James,,Luis Scola,,,,,,personal,,
Andray Blatche,Antawn Jamison,Dominic McGuire,Mike James,Nick Young,Luis Scola,Rafer Alston,Shane Battier,Tracy McGrady,Yao Ming,3,7:34,WAS,shot,,,,,,,,,,Mike James,,,,missed,,running jump,31,15
Andray Blatche,Antawn Jamison,Dominic McGuire,Mike James,Nick Young,Luis Scola,Rafer Alston,Shane Battier,Tracy McGrady,Yao Ming,3,7:33,HOU,rebound,,,,,,,,,,Yao Ming,,,,,,def,,
Andray Blatche,Antawn Jamison,Dominic McGuire,Mike James,Nick Young,Luis Scola,Rafer Alston,Shane Battier,Tracy McGrady,Yao Ming,3,7:25,HOU,shot,,,,,,,,,,Tracy McGrady,,,,missed,,jump,8,19
Andray Blatche,Antawn Jamison,Dominic McGuire,Mike James,Nick Young,Luis Scola,Rafer Alston,Shane Battier,Tracy McGrady,Yao Ming,3,7:24,WAS,rebound,,,,,,,,,,Nick Young,,,,,,def,,
Andray Blatche,Antawn Jamison,Dominic McGuire,Mike James,Nick Young,Luis Scola,Rafer Alston,Shane Battier,Tracy McGrady,Yao Ming,3,7:17,WAS,shot,,,,,,,,,,Nick Young,2,,,made,,pullup jump,32,18
Andray Blatche,Antawn Jamison,Dominic McGuire,Mike James,Nick Young,Luis Scola,Rafer Alston,Shane Battier,Tracy McGrady,Yao Ming,3,6:56,HOU,shot,,,,,,,,,,Rafer Alston,,,,missed,,layup,25,6
Andray Blatche,Antawn Jamison,Dominic McGuire,Mike James,Nick Young,Luis Scola,Rafer Alston,Shane Battier,Tracy McGrady,Yao Ming,3,6:55,WAS,rebound,,,,,,,,,,Mike James,,,,,,def,,
Andray Blatche,Antawn Jamison,Dominic McGuire,Mike James,Nick Young,Luis Scola,Rafer Alston,Shane Battier,Tracy McGrady,Yao Ming,3,6:49,WAS,shot,,,Shane Battier,,,,,,,Mike James,,,,missed,,layup,25,6
Andray Blatche,Antawn Jamison,Dominic McGuire,Mike James,Nick Young,Luis Scola,Rafer Alston,Shane Battier,Tracy McGrady,Yao Ming,3,6:48,HOU,rebound,,,,,,,,,,Tracy McGrady,,,,,,def,,
Andray Blatche,Antawn Jamison,Dominic McGuire,Mike James,Nick Young,Luis Scola,Rafer Alston,Shane Battier,Tracy McGrady,Yao Ming,3,6:39,HOU,shot,,,,,,,,,,Tracy McGrady,3,,,made,,3pt,16,29
Andray Blatche,Antawn Jamison,Dominic McGuire,Mike James,Nick Young,Luis Scola,Rafer Alston,Shane Battier,Tracy McGrady,Yao Ming,3,6:17,WAS,shot,Dominic McGuire,,,,,,,,,Andray Blatche,2,,,made,,jump,36,18
Andray Blatche,Antawn Jamison,Dominic McGuire,Mike James,Nick Young,Luis Scola,Rafer Alston,Shane Battier,Tracy McGrady,Yao Ming,3,6:02,WAS,foul,,,,,,,,Tracy McGrady,,Andray Blatche,,,,,,shooting,,
Andray Blatche,Antawn Jamison,Dominic McGuire,Mike James,Nick Young,Luis Scola,Rafer Alston,Shane Battier,Tracy McGrady,Yao Ming,3,6:02,HOU,free throw,,,,,,,1,,2,Tracy McGrady,,,foul,made,,,,
Andray Blatche,Antawn Jamison,Dominic McGuire,Mike James,Nick Young,Luis Scola,Rafer Alston,Shane Battier,Tracy McGrady,Yao Ming,3,6:02,HOU,free throw,,,,,,,2,,2,Tracy McGrady,,,foul,made,,,,
Andray Blatche,Antawn Jamison,Dominic McGuire,Mike James,Nick Young,Luis Scola,Rafer Alston,Shane Battier,Tracy McGrady,Yao Ming,3,5:45,WAS,shot,Dominic McGuire,,,,,,,,,Antawn Jamison,2,,,made,,jump,37,24
Andray Blatche,Antawn Jamison,Dominic McGuire,Mike James,Nick Young,Luis Scola,Rafer Alston,Shane Battier,Tracy McGrady,Yao Ming,3,5:29,HOU,shot,,,,,,,,,,Tracy McGrady,,,,missed,,pullup jump,16,25
Andray Blatche,Antawn Jamison,Dominic McGuire,Mike James,Nick Young,Luis Scola,Rafer Alston,Shane Battier,Tracy McGrady,Yao Ming,3,5:28,WAS,rebound,,,,,,,,,,Antawn Jamison,,,,,,def,,
Andray Blatche,Antawn Jamison,Dominic McGuire,Mike James,Nick Young,Luis Scola,Rafer Alston,Shane Battier,Tracy McGrady,Yao Ming,3,5:14,WAS,turnover,,,,,,,,,,Dominic McGuire,,,bad pass,,,,,
Andray Blatche,Antawn Jamison,Dominic McGuire,Mike James,Nick Young,Luis Scola,Rafer Alston,Shane Battier,Tracy McGrady,Yao Ming,3,4:57,HOU,shot,,,,,,,,,,Yao Ming,,,,missed,,turnaround hook,17,9
Andray Blatche,Antawn Jamison,Dominic McGuire,Mike James,Nick Young,Luis Scola,Rafer Alston,Shane Battier,Tracy McGrady,Yao Ming,3,4:56,WAS,rebound,,,,,,,,,,Antawn Jamison,,,,,,def,,
Andray Blatche,Antawn Jamison,Dominic McGuire,Mike James,Nick Young,Luis Scola,Rafer Alston,Shane Battier,Tracy McGrady,Yao Ming,3,4:46,WAS,shot,Mike James,,,,,,,,,Antawn Jamison,2,,,made,,jump,5,16
Andray Blatche,Antawn Jamison,Dominic McGuire,Mike James,Nick Young,Luis Scola,Rafer Alston,Shane Battier,Tracy McGrady,Yao Ming,3,4:24,HOU,shot,,,,,,,,,,Yao Ming,,,,missed,,jump,27,14
Andray Blatche,Antawn Jamison,Dominic McGuire,Mike James,Nick Young,Luis Scola,Rafer Alston,Shane Battier,Tracy McGrady,Yao Ming,3,4:23,WAS,rebound,,,,,,,,,,Antawn Jamison,,,,,,def,,
Andray Blatche,Antawn Jamison,Dominic McGuire,Mike James,Nick Young,Luis Scola,Rafer Alston,Shane Battier,Tracy McGrady,Yao Ming,3,4:15,WAS,shot,,,,,,,,,,Mike James,,,,missed,,3pt,47,20
Andray Blatche,Antawn Jamison,Dominic McGuire,Mike James,Nick Young,Luis Scola,Rafer Alston,Shane Battier,Tracy McGrady,Yao Ming,3,4:14,HOU,rebound,,,,,,,,,,,,,,,,,,
Andray Blatche,Antawn Jamison,Dominic McGuire,Mike James,Nick Young,Luis Scola,Rafer Alston,Shane Battier,Tracy McGrady,Yao Ming,3,4:14,WAS,foul,,,,,,,,Luis Scola,,Antawn Jamison,,,,,,loose ball,,
Andray Blatche,Antawn Jamison,Dominic McGuire,Mike James,Nick Young,Luis Scola,Rafer Alston,Shane Battier,Tracy McGrady,Yao Ming,3,4:04,HOU,shot,Shane Battier,,,,,,,,,Tracy McGrady,2,,,made,,jump,42,19
Antawn Jamison,Dominic McGuire,Etan Thomas,Mike James,Nick Young,Luis Scola,Rafer Alston,Shane Battier,Tracy McGrady,Yao Ming,3,3:54,WAS,sub,,,,Etan Thomas,,Andray Blatche,,,,,,,,,,,,
Antawn Jamison,Dominic McGuire,Etan Thomas,Mike James,Nick Young,Rafer Alston,Ron Artest,Shane Battier,Tracy McGrady,Yao Ming,3,3:54,HOU,sub,,,,Ron Artest,,Luis Scola,,,,,,,,,,,,
Antawn Jamison,Dominic McGuire,Etan Thomas,Mike James,Nick Young,Rafer Alston,Ron Artest,Shane Battier,Tracy McGrady,Yao Ming,3,3:36,WAS,shot,Nick Young,,,,,,,,,Antawn Jamison,2,,,made,,floating jump,10,9
Antawn Jamison,Dominic McGuire,Etan Thomas,Mike James,Nick Young,Rafer Alston,Ron Artest,Shane Battier,Tracy McGrady,Yao Ming,3,3:23,HOU,shot,Ron Artest,,,,,,,,,Yao Ming,2,,,made,,dunk,25,6
Antawn Jamison,Dominic McGuire,Etan Thomas,Mike James,Nick Young,Rafer Alston,Ron Artest,Shane Battier,Tracy McGrady,Yao Ming,3,3:01,WAS,shot,Dominic McGuire,,,,,,,,,Nick Young,2,,,made,,jump,25,23
Antawn Jamison,Dominic McGuire,Etan Thomas,Mike James,Nick Young,Rafer Alston,Ron Artest,Shane Battier,Tracy McGrady,Yao Ming,3,2:44,HOU,shot,,,,,,,,,,Rafer Alston,2,,,made,,driving layup,25,6
Antawn Jamison,Dominic McGuire,Etan Thomas,Mike James,Nick Young,Rafer Alston,Ron Artest,Shane Battier,Tracy McGrady,Yao Ming,3,2:23,HOU,foul,,,,,,,,Nick Young,,Yao Ming,,,,,,shooting,,
Antawn Jamison,Dominic McGuire,Etan Thomas,Mike James,Nick Young,Rafer Alston,Ron Artest,Shane Battier,Tracy McGrady,Yao Ming,3,2:23,HOU,timeout,,,,,,,,,,,,,,,,regular,,
Andray Blatche,Antawn Jamison,Etan Thomas,Mike James,Nick Young,Rafer Alston,Ron Artest,Shane Battier,Tracy McGrady,Yao Ming,3,2:23,WAS,sub,,,,Andray Blatche,,Dominic McGuire,,,,,,,,,,,,
Andray Blatche,Antawn Jamison,DeShawn Stevenson,Etan Thomas,Nick Young,Rafer Alston,Ron Artest,Shane Battier,Tracy McGrady,Yao Ming,3,2:23,WAS,sub,,,,DeShawn Stevenson,,Mike James,,,,,,,,,,,,
Andray Blatche,Antawn Jamison,DeShawn Stevenson,Etan Thomas,Nick Young,Rafer Alston,Ron Artest,Shane Battier,Tracy McGrady,Yao Ming,3,2:23,WAS,free throw,,,,,,,1,,2,Nick Young,,,foul,made,,,,
Andray Blatche,Antawn Jamison,DeShawn Stevenson,Etan Thomas,Nick Young,Rafer Alston,Ron Artest,Shane Battier,Tracy McGrady,Yao Ming,3,2:23,WAS,free throw,,,,,,,2,,2,Nick Young,,,foul,made,,,,
Andray Blatche,Antawn Jamison,DeShawn Stevenson,Etan Thomas,Nick Young,Rafer Alston,Ron Artest,Shane Battier,Tracy McGrady,Yao Ming,3,2:12,HOU,foul,,,,,,,,Etan Thomas,,Ron Artest,,,,,,offensive,,
Andray Blatche,Antawn Jamison,DeShawn Stevenson,Etan Thomas,Nick Young,Rafer Alston,Ron Artest,Shane Battier,Tracy McGrady,Yao Ming,3,2:12,HOU,turnover,,,,,,,,,,Ron Artest,,,foul,,,,,
Andray Blatche,Antawn Jamison,DeShawn Stevenson,Etan Thomas,Nick Young,Rafer Alston,Ron Artest,Shane Battier,Tracy McGrady,Yao Ming,3,1:59,WAS,turnover,,,,,,,,,,Nick Young,,,bad pass,,Rafer Alston,,,
Andray Blatche,Antawn Jamison,DeShawn Stevenson,Etan Thomas,Nick Young,Rafer Alston,Ron Artest,Shane Battier,Tracy McGrady,Yao Ming,3,1:49,HOU,shot,Tracy McGrady,,,,,,,,,Ron Artest,3,,,made,,3pt,48,15
Andray Blatche,Antawn Jamison,DeShawn Stevenson,Etan Thomas,Nick Young,Rafer Alston,Ron Artest,Shane Battier,Tracy McGrady,Yao Ming,3,1:29,WAS,shot,Andray Blatche,,,,,,,,,Antawn Jamison,2,,,made,,layup,25,6
Andray Blatche,Antawn Jamison,DeShawn Stevenson,Etan Thomas,Nick Young,Rafer Alston,Ron Artest,Shane Battier,Tracy McGrady,Yao Ming,3,1:29,HOU,foul,,,,,,,,Antawn Jamison,,Yao Ming,,,,,,shooting,,
Andray Blatche,Antawn Jamison,DeShawn Stevenson,Etan Thomas,Nick Young,Rafer Alston,Ron Artest,Shane Battier,Tracy McGrady,Yao Ming,3,1:29,WAS,free throw,,,,,,,1,,1,Antawn Jamison,,,foul,made,,,,
Andray Blatche,Antawn Jamison,DeShawn Stevenson,Etan Thomas,Nick Young,Rafer Alston,Ron Artest,Shane Battier,Tracy McGrady,Yao Ming,3,1:19,HOU,shot,,,,,,,,,,Rafer Alston,,,,missed,,driving layup,25,6
Andray Blatche,Antawn Jamison,DeShawn Stevenson,Etan Thomas,Nick Young,Rafer Alston,Ron Artest,Shane Battier,Tracy McGrady,Yao Ming,3,1:18,WAS,rebound,,,,,,,,,,Andray Blatche,,,,,,def,,
Andray Blatche,Antawn Jamison,DeShawn Stevenson,Etan Thomas,Nick Young,Rafer Alston,Ron Artest,Shane Battier,Tracy McGrady,Yao Ming,3,1:06,WAS,shot,,,Yao Ming,,,,,,,Antawn Jamison,,,,missed,,layup,25,6
Andray Blatche,Antawn Jamison,DeShawn Stevenson,Etan Thomas,Nick Young,Rafer Alston,Ron Artest,Shane Battier,Tracy McGrady,Yao Ming,3,1:04,HOU,rebound,,,,,,,,,,Ron Artest,,,,,,def,,
Andray Blatche,Antawn Jamison,DeShawn Stevenson,Etan Thomas,Nick Young,Rafer Alston,Ron Artest,Shane Battier,Tracy McGrady,Yao Ming,3,0:57,HOU,shot,,,,,,,,,,Rafer Alston,,,,missed,,3pt,47,18
Andray Blatche,Antawn Jamison,DeShawn Stevenson,Etan Thomas,Nick Young,Rafer Alston,Ron Artest,Shane Battier,Tracy McGrady,Yao Ming,3,0:56,WAS,rebound,,,,,,,,,,,,,,,,,,
Andray Blatche,Antawn Jamison,DeShawn Stevenson,Etan Thomas,Nick Young,Luis Scola,Rafer Alston,Ron Artest,Tracy McGrady,Yao Ming,3,0:56,HOU,sub,,,,Luis Scola,,Shane Battier,,,,,,,,,,,,
Andray Blatche,Antawn Jamison,DeShawn Stevenson,Etan Thomas,Nick Young,Carl Landry,Luis Scola,Rafer Alston,Ron Artest,Tracy McGrady,3,0:56,HOU,sub,,,,Carl Landry,,Yao Ming,,,,,,,,,,,,
Andray Blatche,Antawn Jamison,DeShawn Stevenson,Etan Thomas,Juan Dixon,Carl Landry,Luis Scola,Rafer Alston,Ron Artest,Tracy McGrady,3,0:56,WAS,sub,,,,Juan Dixon,,Nick Young,,,,,,,,,,,,
Andray Blatche,Antawn Jamison,DeShawn Stevenson,Etan Thomas,Juan Dixon,Carl Landry,Luis Scola,Rafer Alston,Ron Artest,Tracy McGrady,3,0:43,HOU,foul,,,,,,,,Antawn Jamison,,Ron Artest,,,,,,shooting,,
Andray Blatche,Antawn Jamison,DeShawn Stevenson,Etan Thomas,Juan Dixon,Carl Landry,Luis Scola,Rafer Alston,Ron Artest,Tracy McGrady,3,0:43,WAS,free throw,,,,,,,1,,2,Antawn Jamison,,,foul,made,,,,
Andray Blatche,Antawn Jamison,DeShawn Stevenson,Etan Thomas,Juan Dixon,Carl Landry,Luis Scola,Rafer Alston,Ron Artest,Tracy McGrady,3,0:43,WAS,free throw,,,,,,,2,,2,Antawn Jamison,,,foul,made,,,,
Andray Blatche,Antawn Jamison,DeShawn Stevenson,Etan Thomas,Juan Dixon,Carl Landry,Luis Scola,Rafer Alston,Ron Artest,Tracy McGrady,3,0:23,HOU,shot,,,,,,,,,,Carl Landry,,,,missed,,jump,36,9
Andray Blatche,Antawn Jamison,DeShawn Stevenson,Etan Thomas,Juan Dixon,Carl Landry,Luis Scola,Rafer Alston,Ron Artest,Tracy McGrady,3,0:22,HOU,rebound,,,,,,,,,,Ron Artest,,,,,,off,,
Andray Blatche,Antawn Jamison,DeShawn Stevenson,Etan Thomas,Juan Dixon,Carl Landry,Luis Scola,Rafer Alston,Ron Artest,Tracy McGrady,3,0:19,HOU,shot,,,,,,,,,,Ron Artest,2,,,made,,layup,25,6
Andray Blatche,Antawn Jamison,DeShawn Stevenson,Etan Thomas,Juan Dixon,Carl Landry,Luis Scola,Rafer Alston,Ron Artest,Tracy McGrady,3,0:00,WAS,shot,,,,,,,,,,Andray Blatche,,,,missed,,3pt,42,26
Andray Blatche,Antawn Jamison,DeShawn Stevenson,Etan Thomas,Juan Dixon,Carl Landry,Luis Scola,Rafer Alston,Ron Artest,Tracy McGrady,3,0:00,WAS,rebound,,,,,,,,,,,,,,,,,,
Andray Blatche,Darius Songaila,DeShawn Stevenson,Dominic McGuire,Juan Dixon,Aaron Brooks,Brent Barry,Carl Landry,Luis Scola,Ron Artest,4,11:44,HOU,shot,Aaron Brooks,,,,,,,,,Carl Landry,2,,,made,,driving dunk,25,6
Andray Blatche,Darius Songaila,DeShawn Stevenson,Dominic McGuire,Juan Dixon,Aaron Brooks,Brent Barry,Carl Landry,Luis Scola,Ron Artest,4,11:20,WAS,shot,,,,,,,,,,Andray Blatche,2,,,made,,finger roll layup,25,6
Andray Blatche,Darius Songaila,DeShawn Stevenson,Dominic McGuire,Juan Dixon,Aaron Brooks,Brent Barry,Carl Landry,Luis Scola,Ron Artest,4,11:10,WAS,foul,,,,,,,,Ron Artest,,Darius Songaila,,,,,,shooting,,
Andray Blatche,Darius Songaila,DeShawn Stevenson,Dominic McGuire,Juan Dixon,Aaron Brooks,Brent Barry,Carl Landry,Luis Scola,Ron Artest,4,11:10,HOU,free throw,,,,,,,1,,2,Ron Artest,,,foul,made,,,,
Andray Blatche,Darius Songaila,DeShawn Stevenson,Dominic McGuire,Juan Dixon,Aaron Brooks,Brent Barry,Carl Landry,Luis Scola,Ron Artest,4,11:10,HOU,free throw,,,,,,,2,,2,Ron Artest,,,foul,made,,,,
Andray Blatche,Darius Songaila,DeShawn Stevenson,Dominic McGuire,Juan Dixon,Aaron Brooks,Brent Barry,Carl Landry,Luis Scola,Ron Artest,4,10:50,WAS,foul,,,,,,,,Luis Scola,,Dominic McGuire,,,,,,offensive,,
Andray Blatche,Darius Songaila,DeShawn Stevenson,Dominic McGuire,Juan Dixon,Aaron Brooks,Brent Barry,Carl Landry,Luis Scola,Ron Artest,4,10:50,WAS,turnover,,,,,,,,,,Dominic McGuire,,,foul,,,,,
Andray Blatche,Darius Songaila,DeShawn Stevenson,Dominic McGuire,Juan Dixon,Aaron Brooks,Brent Barry,Carl Landry,Luis Scola,Ron Artest,4,10:38,HOU,shot,,,Dominic McGuire,,,,,,,Carl Landry,,,,missed,,layup,25,6
Andray Blatche,Darius Songaila,DeShawn Stevenson,Dominic McGuire,Juan Dixon,Aaron Brooks,Brent Barry,Carl Landry,Luis Scola,Ron Artest,4,10:37,HOU,rebound,,,,,,,,,,,,,,,,,,
Andray Blatche,Darius Songaila,DeShawn Stevenson,Dominic McGuire,Juan Dixon,Aaron Brooks,Brent Barry,Carl Landry,Luis Scola,Ron Artest,4,10:30,HOU,shot,,,,,,,,,,Ron Artest,2,,,made,,step back jump,38,16
Andray Blatche,Darius Songaila,DeShawn Stevenson,Dominic McGuire,Juan Dixon,Aaron Brooks,Brent Barry,Carl Landry,Luis Scola,Ron Artest,4,10:06,WAS,shot,,,,,,,,,,Andray Blatche,,,,missed,,turnaround fade away,27,15
Andray Blatche,Darius Songaila,DeShawn Stevenson,Dominic McGuire,Juan Dixon,Aaron Brooks,Brent Barry,Carl Landry,Luis Scola,Ron Artest,4,10:05,HOU,rebound,,,,,,,,,,Luis Scola,,,,,,def,,
Andray Blatche,Darius Songaila,DeShawn Stevenson,Dominic McGuire,Juan Dixon,Aaron Brooks,Brent Barry,Carl Landry,Luis Scola,Ron Artest,4,9:57,HOU,shot,,,Darius Songaila,,,,,,,Carl Landry,,,,missed,,reverse layup,25,6
Andray Blatche,Darius Songaila,DeShawn Stevenson,Dominic McGuire,Juan Dixon,Aaron Brooks,Brent Barry,Carl Landry,Luis Scola,Ron Artest,4,9:56,HOU,rebound,,,,,,,,,,,,,,,,,,
Andray Blatche,Darius Songaila,DeShawn Stevenson,Dominic McGuire,Juan Dixon,Aaron Brooks,Brent Barry,Carl Landry,Luis Scola,Ron Artest,4,9:51,HOU,shot,Luis Scola,,,,,,,,,Ron Artest,3,,,made,,3pt,38,26
Andray Blatche,Darius Songaila,DeShawn Stevenson,Dominic McGuire,Juan Dixon,Aaron Brooks,Brent Barry,Carl Landry,Luis Scola,Ron Artest,4,9:40,WAS,timeout,,,,,,,,,,,,,,,,regular,,
Andray Blatche,DeShawn Stevenson,Dominic McGuire,Juan Dixon,Mike James,Aaron Brooks,Brent Barry,Carl Landry,Luis Scola,Ron Artest,4,9:40,WAS,sub,,,,Mike James,,Darius Songaila,,,,,,,,,,,,
Andray Blatche,Antawn Jamison,DeShawn Stevenson,Dominic McGuire,Mike James,Aaron Brooks,Brent Barry,Carl Landry,Luis Scola,Ron Artest,4,9:40,WAS,sub,,,,Antawn Jamison,,Juan Dixon,,,,,,,,,,,,
Andray Blatche,Antawn Jamison,DeShawn Stevenson,Dominic McGuire,Mike James,Aaron Brooks,Brent Barry,Carl Landry,Luis Scola,Ron Artest,4,9:35,HOU,foul,,,,,,,,DeShawn Stevenson,,Ron Artest,,,,,,personal,,
Andray Blatche,Antawn Jamison,DeShawn Stevenson,Dominic McGuire,Mike James,Aaron Brooks,Brent Barry,Carl Landry,Luis Scola,Ron Artest,4,9:22,WAS,shot,,,,,,,,,,Andray Blatche,,,,missed,,jump,23,13
Andray Blatche,Antawn Jamison,DeShawn Stevenson,Dominic McGuire,Mike James,Aaron Brooks,Brent Barry,Carl Landry,Luis Scola,Ron Artest,4,9:22,HOU,rebound,,,,,,,,,,Aaron Brooks,,,,,,def,,
Andray Blatche,Antawn Jamison,DeShawn Stevenson,Dominic McGuire,Mike James,Aaron Brooks,Brent Barry,Carl Landry,Luis Scola,Ron Artest,4,9:18,WAS,foul,,,,,,,,Aaron Brooks,,Mike James,,,,,,shooting,,
Andray Blatche,Antawn Jamison,DeShawn Stevenson,Dominic McGuire,Mike James,Aaron Brooks,Brent Barry,Carl Landry,Luis Scola,Ron Artest,4,9:18,HOU,free throw,,,,,,,1,,2,Aaron Brooks,,,foul,made,,,,
Andray Blatche,Antawn Jamison,DeShawn Stevenson,Dominic McGuire,Mike James,Aaron Brooks,Brent Barry,Carl Landry,Luis Scola,Ron Artest,4,9:18,HOU,free throw,,,,,,,2,,2,Aaron Brooks,,,foul,missed,,,,
Andray Blatche,Antawn Jamison,DeShawn Stevenson,Dominic McGuire,Mike James,Aaron Brooks,Brent Barry,Carl Landry,Luis Scola,Ron Artest,4,9:18,HOU,rebound,,,,,,,,,,Carl Landry,,,,,,off,,
Andray Blatche,Antawn Jamison,DeShawn Stevenson,Dominic McGuire,Mike James,Aaron Brooks,Brent Barry,Carl Landry,Luis Scola,Ron Artest,4,9:06,HOU,shot,Ron Artest,,,,,,,,,Brent Barry,3,,,made,,3pt,38,29
Andray Blatche,Antawn Jamison,DeShawn Stevenson,Dominic McGuire,Mike James,Aaron Brooks,Brent Barry,Carl Landry,Luis Scola,Ron Artest,4,8:49,WAS,shot,Dominic McGuire,,,,,,,,,Andray Blatche,2,,,made,,dunk,25,6
Andray Blatche,Antawn Jamison,DeShawn Stevenson,Dominic McGuire,Mike James,Aaron Brooks,Brent Barry,Carl Landry,Luis Scola,Ron Artest,4,8:32,HOU,shot,,,,,,,,,,Ron Artest,,,,missed,,fade away jumper,20,13
Andray Blatche,Antawn Jamison,DeShawn Stevenson,Dominic McGuire,Mike James,Aaron Brooks,Brent Barry,Carl Landry,Luis Scola,Ron Artest,4,8:31,WAS,rebound,,,,,,,,,,Antawn Jamison,,,,,,def,,
Andray Blatche,Antawn Jamison,DeShawn Stevenson,Dominic McGuire,Mike James,Aaron Brooks,Brent Barry,Carl Landry,Luis Scola,Ron Artest,4,8:18,WAS,timeout,,,,,,,,,,,,,,,,short,,
Andray Blatche,Darius Songaila,DeShawn Stevenson,Dominic McGuire,Mike James,Aaron Brooks,Brent Barry,Carl Landry,Luis Scola,Ron Artest,4,8:18,WAS,sub,,,,Darius Songaila,,Antawn Jamison,,,,,,,,,,,,
Andray Blatche,Darius Songaila,DeShawn Stevenson,Dominic McGuire,Mike James,Aaron Brooks,Brent Barry,Carl Landry,Luis Scola,Ron Artest,4,8:12,WAS,foul,,,,,,,,Carl Landry,,Mike James,,,,,,offensive,,
Andray Blatche,Darius Songaila,DeShawn Stevenson,Dominic McGuire,Mike James,Aaron Brooks,Brent Barry,Carl Landry,Luis Scola,Ron Artest,4,8:12,WAS,turnover,,,,,,,,,,Mike James,,,foul,,,,,
Andray Blatche,Darius Songaila,DeShawn Stevenson,Dominic McGuire,Mike James,Aaron Brooks,Brent Barry,Carl Landry,Luis Scola,Ron Artest,4,8:01,WAS,foul,,,,,,,,Ron Artest,,Dominic McGuire,,,,,,shooting,,
Andray Blatche,Darius Songaila,DeShawn Stevenson,Dominic McGuire,Mike James,Aaron Brooks,Brent Barry,Carl Landry,Luis Scola,Ron Artest,4,8:01,HOU,free throw,,,,,,,1,,2,Ron Artest,,,foul,made,,,,
Andray Blatche,Darius Songaila,DeShawn Stevenson,Dominic McGuire,Mike James,Aaron Brooks,Brent Barry,Carl Landry,Luis Scola,Ron Artest,4,8:01,HOU,free throw,,,,,,,2,,2,Ron Artest,,,foul,made,,,,
Andray Blatche,Darius Songaila,DeShawn Stevenson,Dominic McGuire,Mike James,Aaron Brooks,Brent Barry,Carl Landry,Luis Scola,Ron Artest,4,7:39,WAS,shot,,,,,,,,,,Andray Blatche,,,,missed,,jump,24,24
Andray Blatche,Darius Songaila,DeShawn Stevenson,Dominic McGuire,Mike James,Aaron Brooks,Brent Barry,Carl Landry,Luis Scola,Ron Artest,4,7:38,HOU,rebound,,,,,,,,,,Carl Landry,,,,,,def,,
Andray Blatche,Darius Songaila,DeShawn Stevenson,Dominic McGuire,Mike James,Aaron Brooks,Brent Barry,Carl Landry,Luis Scola,Ron Artest,4,7:20,HOU,shot,Brent Barry,,,,,,,,,Luis Scola,2,,,made,,turnaround jump,23,21
Andray Blatche,Darius Songaila,DeShawn Stevenson,Dominic McGuire,Mike James,Aaron Brooks,Brent Barry,Carl Landry,Luis Scola,Ron Artest,4,6:59,WAS,shot,Mike James,,,,,,,,,Darius Songaila,2,,,made,,jump,18,24
Andray Blatche,Darius Songaila,DeShawn Stevenson,Dominic McGuire,Mike James,Aaron Brooks,Brent Barry,Carl Landry,Luis Scola,Ron Artest,4,6:40,HOU,shot,,,Dominic McGuire,,,,,,,Ron Artest,,,,missed,,3pt,48,7
Andray Blatche,Darius Songaila,DeShawn Stevenson,Dominic McGuire,Mike James,Aaron Brooks,Brent Barry,Carl Landry,Luis Scola,Ron Artest,4,6:39,WAS,rebound,,,,,,,,,,Andray Blatche,,,,,,def,,
Andray Blatche,Darius Songaila,DeShawn Stevenson,Dominic McGuire,Mike James,Aaron Brooks,Brent Barry,Carl Landry,Luis Scola,Ron Artest,4,6:23,WAS,shot,,,,,,,,,,Darius Songaila,,,,missed,,layup,25,6
Andray Blatche,Darius Songaila,DeShawn Stevenson,Dominic McGuire,Mike James,Aaron Brooks,Brent Barry,Carl Landry,Luis Scola,Ron Artest,4,6:22,HOU,rebound,,,,,,,,,,Luis Scola,,,,,,def,,
Andray Blatche,Darius Songaila,DeShawn Stevenson,Dominic McGuire,Mike James,Aaron Brooks,Brent Barry,Carl Landry,Luis Scola,Ron Artest,4,6:18,HOU,shot,Aaron Brooks,,,,,,,,,Ron Artest,2,,,made,,driving layup,25,6
Andray Blatche,Darius Songaila,DeShawn Stevenson,Dominic McGuire,Mike James,Aaron Brooks,Brent Barry,Carl Landry,Luis Scola,Ron Artest,4,5:58,WAS,shot,Darius Songaila,,,,,,,,,Mike James,2,,,made,,jump,18,26
Andray Blatche,Darius Songaila,DeShawn Stevenson,Dominic McGuire,Mike James,Aaron Brooks,Brent Barry,Carl Landry,Luis Scola,Ron Artest,4,5:39,HOU,shot,,,,,,,,,,Ron Artest,,,,missed,,3pt,40,26
Andray Blatche,Darius Songaila,DeShawn Stevenson,Dominic McGuire,Mike James,Aaron Brooks,Brent Barry,Carl Landry,Luis Scola,Ron Artest,4,5:38,HOU,rebound,,,,,,,,,,Carl Landry,,,,,,off,,
Andray Blatche,Darius Songaila,DeShawn Stevenson,Dominic McGuire,Mike James,Aaron Brooks,Brent Barry,Carl Landry,Luis Scola,Ron Artest,4,5:36,HOU,shot,,,,,,,,,,Carl Landry,2,,,made,,putback layup,25,6
Andray Blatche,Darius Songaila,DeShawn Stevenson,Dominic McGuire,Mike James,Aaron Brooks,Brent Barry,Carl Landry,Luis Scola,Ron Artest,4,5:20,WAS,shot,,,,,,,,,,Mike James,,,,missed,,layup,25,6
Andray Blatche,Darius Songaila,DeShawn Stevenson,Dominic McGuire,Mike James,Aaron Brooks,Brent Barry,Carl Landry,Luis Scola,Ron Artest,4,5:19,WAS,rebound,,,,,,,,,,Andray Blatche,,,,,,off,,
Andray Blatche,Darius Songaila,DeShawn Stevenson,Dominic McGuire,Mike James,Aaron Brooks,Brent Barry,Carl Landry,Luis Scola,Ron Artest,4,5:18,WAS,shot,,,,,,,,,,Andray Blatche,2,,,made,,layup,25,6
Andray Blatche,Darius Songaila,DeShawn Stevenson,Dominic McGuire,Mike James,Aaron Brooks,Brent Barry,Carl Landry,Luis Scola,Ron Artest,4,4:56,HOU,shot,,,,,,,,,,Aaron Brooks,,,,missed,,3pt,25,31
Andray Blatche,Darius Songaila,DeShawn Stevenson,Dominic McGuire,Mike James,Aaron Brooks,Brent Barry,Carl Landry,Luis Scola,Ron Artest,4,4:56,HOU,rebound,,,,,,,,,,,,,,,,,,
Andray Blatche,Darius Songaila,DeShawn Stevenson,Dominic McGuire,Mike James,Aaron Brooks,Brent Barry,Carl Landry,Luis Scola,Ron Artest,4,4:56,WAS,foul,,,,,,,,Luis Scola,,Andray Blatche,,,,,,loose ball,,
Andray Blatche,Darius Songaila,DeShawn Stevenson,Dominic McGuire,Mike James,Aaron Brooks,Brent Barry,Carl Landry,Luis Scola,Ron Artest,4,4:56,OFF,timeout,,,,,,,,,,,,,,,,official,,
Antawn Jamison,Darius Songaila,DeShawn Stevenson,Dominic McGuire,Mike James,Aaron Brooks,Brent Barry,Carl Landry,Luis Scola,Ron Artest,4,4:56,WAS,sub,,,,Antawn Jamison,,Andray Blatche,,,,,,,,,,,,
Antawn Jamison,Darius Songaila,DeShawn Stevenson,Dominic McGuire,Mike James,Aaron Brooks,Brent Barry,Carl Landry,Luis Scola,Ron Artest,4,4:42,HOU,shot,Brent Barry,,,,,,,,,Luis Scola,2,,,made,,layup,25,6
Antawn Jamison,Darius Songaila,DeShawn Stevenson,Dominic McGuire,Mike James,Aaron Brooks,Brent Barry,Carl Landry,Luis Scola,Ron Artest,4,4:28,HOU,foul,,,,,,,,Antawn Jamison,,Luis Scola,,,,,,personal,,
Antawn Jamison,Darius Songaila,DeShawn Stevenson,Dominic McGuire,Mike James,Aaron Brooks,Brent Barry,Carl Landry,Luis Scola,Ron Artest,4,4:20,WAS,shot,,,,,,,,,,Antawn Jamison,,,,missed,,jump,40,15
Antawn Jamison,Darius Songaila,DeShawn Stevenson,Dominic McGuire,Mike James,Aaron Brooks,Brent Barry,Carl Landry,Luis Scola,Ron Artest,4,4:19,HOU,rebound,,,,,,,,,,Ron Artest,,,,,,def,,
Antawn Jamison,Darius Songaila,DeShawn Stevenson,Dominic McGuire,Mike James,Aaron Brooks,Brent Barry,Carl Landry,Luis Scola,Ron Artest,4,4:02,HOU,shot,,,Antawn Jamison,,,,,,,Carl Landry,,,,missed,,reverse layup,25,6
Antawn Jamison,Darius Songaila,DeShawn Stevenson,Dominic McGuire,Mike James,Aaron Brooks,Brent Barry,Carl Landry,Luis Scola,Ron Artest,4,4:00,WAS,rebound,,,,,,,,,,Darius Songaila,,,,,,def,,
Antawn Jamison,Darius Songaila,DeShawn Stevenson,Dominic McGuire,Mike James,Aaron Brooks,Brent Barry,Carl Landry,Luis Scola,Ron Artest,4,3:52,WAS,shot,,,,,,,,,,Mike James,,,,missed,,driving layup,25,6
Antawn Jamison,Darius Songaila,DeShawn Stevenson,Dominic McGuire,Mike James,Aaron Brooks,Brent Barry,Carl Landry,Luis Scola,Ron Artest,4,3:50,WAS,shot,,,,,,,,,,Antawn Jamison,2,,,made,,tip,25,6
Antawn Jamison,Darius Songaila,DeShawn Stevenson,Dominic McGuire,Mike James,Aaron Brooks,Brent Barry,Carl Landry,Luis Scola,Ron Artest,4,3:50,WAS,rebound,,,,,,,,,,Antawn Jamison,,,,,,off,,
Antawn Jamison,Darius Songaila,DeShawn Stevenson,Dominic McGuire,Mike James,Aaron Brooks,Brent Barry,Carl Landry,Luis Scola,Ron Artest,4,3:29,HOU,shot,,,,,,,,,,Ron Artest,,,,missed,,jump,40,19
Antawn Jamison,Darius Songaila,DeShawn Stevenson,Dominic McGuire,Mike James,Aaron Brooks,Brent Barry,Carl Landry,Luis Scola,Ron Artest,4,3:28,WAS,rebound,,,,,,,,,,Antawn Jamison,,,,,,def,,
Antawn Jamison,Darius Songaila,DeShawn Stevenson,Dominic McGuire,Mike James,Aaron Brooks,Brent Barry,Carl Landry,Luis Scola,Ron Artest,4,3:21,HOU,foul,,,,,,,,Mike James,,Luis Scola,,,,,,personal,,
Antawn Jamison,Darius Songaila,DeShawn Stevenson,Dominic McGuire,Mike James,Aaron Brooks,Brent Barry,Carl Landry,Luis Scola,Ron Artest,4,3:11,HOU,foul,,,,,,,,Antawn Jamison,,Luis Scola,,,,,,shooting,,
Antawn Jamison,Darius Songaila,DeShawn Stevenson,Dominic McGuire,Mike James,Aaron Brooks,Brent Barry,Carl Landry,Luis Scola,Ron Artest,4,3:11,HOU,timeout,,,,,,,,,,,,,,,,regular,,
Antawn Jamison,Darius Songaila,DeShawn Stevenson,Dominic McGuire,Mike James,Aaron Brooks,Brent Barry,Carl Landry,Ron Artest,Yao Ming,4,3:11,HOU,sub,,,,Yao Ming,,Luis Scola,,,,,,,,,,,,
Antawn Jamison,Darius Songaila,DeShawn Stevenson,Dominic McGuire,Mike James,Aaron Brooks,Carl Landry,Ron Artest,Tracy McGrady,Yao Ming,4,3:11,HOU,sub,,,,Tracy McGrady,,Brent Barry,,,,,,,,,,,,
Andray Blatche,Antawn Jamison,DeShawn Stevenson,Dominic McGuire,Mike James,Aaron Brooks,Carl Landry,Ron Artest,Tracy McGrady,Yao Ming,4,3:11,WAS,sub,,,,Andray Blatche,,Darius Songaila,,,,,,,,,,,,
Andray Blatche,Antawn Jamison,DeShawn Stevenson,Dominic McGuire,Mike James,Carl Landry,Rafer Alston,Ron Artest,Tracy McGrady,Yao Ming,4,3:11,HOU,sub,,,,Rafer Alston,,Aaron Brooks,,,,,,,,,,,,
Andray Blatche,Antawn Jamison,DeShawn Stevenson,Dominic McGuire,Mike James,Carl Landry,Rafer Alston,Ron Artest,Tracy McGrady,Yao Ming,4,3:11,WAS,free throw,,,,,,,1,,2,Antawn Jamison,,,foul,made,,,,
Andray Blatche,Antawn Jamison,DeShawn Stevenson,Dominic McGuire,Mike James,Carl Landry,Rafer Alston,Ron Artest,Tracy McGrady,Yao Ming,4,3:11,WAS,free throw,,,,,,,2,,2,Antawn Jamison,,,foul,made,,,,
Andray Blatche,Antawn Jamison,DeShawn Stevenson,Dominic McGuire,Mike James,Carl Landry,Rafer Alston,Ron Artest,Tracy McGrady,Yao Ming,4,2:49,HOU,shot,,,,,,,,,,Tracy McGrady,,,,missed,,jump,26,24
Andray Blatche,Antawn Jamison,DeShawn Stevenson,Dominic McGuire,Mike James,Carl Landry,Rafer Alston,Ron Artest,Tracy McGrady,Yao Ming,4,2:48,WAS,rebound,,,,,,,,,,Dominic McGuire,,,,,,def,,
Andray Blatche,Antawn Jamison,DeShawn Stevenson,Dominic McGuire,Mike James,Carl Landry,Rafer Alston,Ron Artest,Tracy McGrady,Yao Ming,4,2:31,WAS,shot,,,Yao Ming,,,,,,,Mike James,,,,missed,,reverse layup,25,6
Andray Blatche,Antawn Jamison,DeShawn Stevenson,Dominic McGuire,Mike James,Carl Landry,Rafer Alston,Ron Artest,Tracy McGrady,Yao Ming,4,2:30,WAS,shot,,,,,,,,,,Antawn Jamison,,,,missed,,tip,25,6
Andray Blatche,Antawn Jamison,DeShawn Stevenson,Dominic McGuire,Mike James,Carl Landry,Rafer Alston,Ron Artest,Tracy McGrady,Yao Ming,4,2:30,WAS,rebound,,,,,,,,,,Antawn Jamison,,,,,,off,,
Andray Blatche,Antawn Jamison,DeShawn Stevenson,Dominic McGuire,Mike James,Carl Landry,Rafer Alston,Ron Artest,Tracy McGrady,Yao Ming,4,2:29,HOU,rebound,,,,,,,,,,Carl Landry,,,,,,def,,
Andray Blatche,Antawn Jamison,DeShawn Stevenson,Dominic McGuire,Mike James,Carl Landry,Rafer Alston,Ron Artest,Tracy McGrady,Yao Ming,4,2:18,HOU,shot,,,Dominic McGuire,,,,,,,Ron Artest,,,,missed,,layup,25,6
Andray Blatche,Antawn Jamison,DeShawn Stevenson,Dominic McGuire,Mike James,Carl Landry,Rafer Alston,Ron Artest,Tracy McGrady,Yao Ming,4,2:17,HOU,rebound,,,,,,,,,,,,,,,,,,
Andray Blatche,Antawn Jamison,DeShawn Stevenson,Dominic McGuire,Mike James,Carl Landry,Rafer Alston,Ron Artest,Tracy McGrady,Yao Ming,4,2:07,HOU,shot,,,Antawn Jamison,,,,,,,Yao Ming,,,,missed,,jump,24,11
Andray Blatche,Antawn Jamison,DeShawn Stevenson,Dominic McGuire,Mike James,Carl Landry,Rafer Alston,Ron Artest,Tracy McGrady,Yao Ming,4,2:04,WAS,rebound,,,,,,,,,,Antawn Jamison,,,,,,def,,
Andray Blatche,Antawn Jamison,DeShawn Stevenson,Dominic McGuire,Mike James,Carl Landry,Rafer Alston,Ron Artest,Tracy McGrady,Yao Ming,4,1:51,WAS,shot,,,,,,,,,,Antawn Jamison,,,,missed,,jump,36,25
Andray Blatche,Antawn Jamison,DeShawn Stevenson,Dominic McGuire,Mike James,Carl Landry,Rafer Alston,Ron Artest,Tracy McGrady,Yao Ming,4,1:50,HOU,rebound,,,,,,,,,,Carl Landry,,,,,,def,,
Andray Blatche,Antawn Jamison,DeShawn Stevenson,Dominic McGuire,Mike James,Carl Landry,Rafer Alston,Ron Artest,Tracy McGrady,Yao Ming,4,1:36,HOU,shot,,,,,,,,,,Ron Artest,,,,missed,,3pt,13,27
Andray Blatche,Antawn Jamison,DeShawn Stevenson,Dominic McGuire,Mike James,Carl Landry,Rafer Alston,Ron Artest,Tracy McGrady,Yao Ming,4,1:35,WAS,rebound,,,,,,,,,,Andray Blatche,,,,,,def,,
Andray Blatche,Antawn Jamison,DeShawn Stevenson,Dominic McGuire,Mike James,Carl Landry,Rafer Alston,Ron Artest,Tracy McGrady,Yao Ming,4,1:12,WAS,shot,,,,,,,,,,DeShawn Stevenson,2,,,made,,jump,45,15
Andray Blatche,Antawn Jamison,DeShawn Stevenson,Dominic McGuire,Mike James,Carl Landry,Rafer Alston,Ron Artest,Tracy McGrady,Yao Ming,4,0:55,HOU,shot,,,,,,,,,,Yao Ming,,,,missed,,hook,26,13
Andray Blatche,Antawn Jamison,DeShawn Stevenson,Dominic McGuire,Mike James,Carl Landry,Rafer Alston,Ron Artest,Tracy McGrady,Yao Ming,4,0:54,WAS,rebound,,,,,,,,,,Dominic McGuire,,,,,,def,,
Andray Blatche,Antawn Jamison,DeShawn Stevenson,Dominic McGuire,Mike James,Carl Landry,Rafer Alston,Ron Artest,Tracy McGrady,Yao Ming,4,0:39,HOU,foul,,,,,,,,DeShawn Stevenson,,Yao Ming,,,,,,shooting,,
Andray Blatche,Antawn Jamison,DeShawn Stevenson,Dominic McGuire,Mike James,Carl Landry,Rafer Alston,Ron Artest,Tracy McGrady,Yao Ming,4,0:39,WAS,free throw,,,,,,,1,,2,DeShawn Stevenson,,,foul,missed,,,,
Andray Blatche,Antawn Jamison,DeShawn Stevenson,Dominic McGuire,Mike James,Carl Landry,Rafer Alston,Ron Artest,Tracy McGrady,Yao Ming,4,0:39,WAS,rebound,,,,,,,,,,,,,,,,,,
Andray Blatche,Antawn Jamison,DeShawn Stevenson,Dominic McGuire,Mike James,Carl Landry,Rafer Alston,Ron Artest,Tracy McGrady,Yao Ming,4,0:39,WAS,free throw,,,,,,,2,,2,DeShawn Stevenson,,,foul,made,,,,
Andray Blatche,Antawn Jamison,DeShawn Stevenson,Dominic McGuire,Mike James,Carl Landry,Rafer Alston,Ron Artest,Tracy McGrady,Yao Ming,4,0:39,HOU,timeout,,,,,,,,,,,,,,,,regular,,
Andray Blatche,Antawn Jamison,DeShawn Stevenson,Dominic McGuire,Mike James,Rafer Alston,Ron Artest,Shane Battier,Tracy McGrady,Yao Ming,4,0:39,HOU,sub,,,,Shane Battier,,Carl Landry,,,,,,,,,,,,
Andray Blatche,Antawn Jamison,DeShawn Stevenson,Dominic McGuire,Mike James,Rafer Alston,Ron Artest,Shane Battier,Tracy McGrady,Yao Ming,4,0:32,HOU,shot,Rafer Alston,,,,,,,,,Tracy McGrady,2,,,made,,jump,36,24
Andray Blatche,Antawn Jamison,DeShawn Stevenson,Dominic McGuire,Mike James,Rafer Alston,Ron Artest,Shane Battier,Tracy McGrady,Yao Ming,4,0:25,WAS,timeout,,,,,,,,,,,,,,,,regular,,
Andray Blatche,Antawn Jamison,DeShawn Stevenson,Dominic McGuire,Mike James,Carl Landry,Rafer Alston,Ron Artest,Shane Battier,Tracy McGrady,4,0:25,HOU,sub,,,,Carl Landry,,Yao Ming,,,,,,,,,,,,
Andray Blatche,Antawn Jamison,Dominic McGuire,Juan Dixon,Mike James,Carl Landry,Rafer Alston,Ron Artest,Shane Battier,Tracy McGrady,4,0:25,WAS,sub,,,,Juan Dixon,,DeShawn Stevenson,,,,,,,,,,,,
Andray Blatche,Antawn Jamison,Dominic McGuire,Juan Dixon,Mike James,Carl Landry,Rafer Alston,Ron Artest,Shane Battier,Tracy McGrady,4,0:11,WAS,turnover,,,,,,,,,,Dominic McGuire,,,bad pass,,Ron Artest,,,
Andray Blatche,Antawn Jamison,Dominic McGuire,Juan Dixon,Mike James,Carl Landry,Rafer Alston,Ron Artest,Shane Battier,Tracy McGrady,4,0:07,HOU,timeout,,,,,,,,,,,,,,,,short,,
Andray Blatche,Antawn Jamison,Dominic McGuire,Juan Dixon,Mike James,Rafer Alston,Ron Artest,Shane Battier,Tracy McGrady,Yao Ming,4,0:07,HOU,sub,,,,Yao Ming,,Carl Landry,,,,,,,,,,,,
Andray Blatche,Antawn Jamison,DeShawn Stevenson,Dominic McGuire,Mike James,Rafer Alston,Ron Artest,Shane Battier,Tracy McGrady,Yao Ming,4,0:07,WAS,sub,,,,DeShawn Stevenson,,Juan Dixon,,,,,,,,,,,,
Andray Blatche,Antawn Jamison,DeShawn Stevenson,Dominic McGuire,Mike James,Rafer Alston,Ron Artest,Shane Battier,Tracy McGrady,Yao Ming,4,0:01,HOU,shot,,,,,,,,,,Yao Ming,,,,missed,,turnaround jump,16,9
Andray Blatche,Antawn Jamison,DeShawn Stevenson,Dominic McGuire,Mike James,Rafer Alston,Ron Artest,Shane Battier,Tracy McGrady,Yao Ming,4,0:00,WAS,rebound,,,,,,,,,,Dominic McGuire,,,,,,def,,
