a1,a2,a3,a4,a5,h1,h2,h3,h4,h5,period,time,team,etype,assist,away,block,entered,home,left,num,opponent,outof,player,points,possession,reason,result,steal,type,x,y
Brook Lopez,Devin Harris,Trenton Hassell,Vince Carter,Yi Jianlian,Charlie Villanueva,Francisco Elson,Luc Richard Mbah a Moute,Ramon Sessions,Richard Jefferson,1,12:00,OFF,jump ball,,Brook Lopez,,,Francisco Elson,,,,,,,Luc Richard Mbah a Moute,,,,,,
Brook Lopez,Devin Harris,Trenton Hassell,Vince Carter,Yi Jianlian,Charlie Villanueva,Francisco Elson,Luc Richard Mbah a Moute,Ramon Sessions,Richard Jefferson,1,11:41,MIL,shot,Richard Jefferson,,,,,,,,,Charlie Villanueva,2,,,made,,dunk,25,6
Brook Lopez,Devin Harris,Trenton Hassell,Vince Carter,Yi Jianlian,Charlie Villanueva,Francisco Elson,Luc Richard Mbah a Moute,Ramon Sessions,Richard Jefferson,1,11:18,NJN,shot,,,,,,,,,,Vince Carter,,,,missed,,jump,39,6
Brook Lopez,Devin Harris,Trenton Hassell,Vince Carter,Yi Jianlian,Charlie Villanueva,Francisco Elson,Luc Richard Mbah a Moute,Ramon Sessions,Richard Jefferson,1,11:16,MIL,rebound,,,,,,,,,,Charlie Villanueva,,,,,,def,,
Brook Lopez,Devin Harris,Trenton Hassell,Vince Carter,Yi Jianlian,Charlie Villanueva,Francisco Elson,Luc Richard Mbah a Moute,Ramon Sessions,Richard Jefferson,1,11:08,MIL,shot,,,,,,,,,,Luc Richard Mbah a Moute,,,,missed,,jump,44,4
Brook Lopez,Devin Harris,Trenton Hassell,Vince Carter,Yi Jianlian,Charlie Villanueva,Francisco Elson,Luc Richard Mbah a Moute,Ramon Sessions,Richard Jefferson,1,11:07,NJN,rebound,,,,,,,,,,Brook Lopez,,,,,,def,,
Brook Lopez,Devin Harris,Trenton Hassell,Vince Carter,Yi Jianlian,Charlie Villanueva,Francisco Elson,Luc Richard Mbah a Moute,Ramon Sessions,Richard Jefferson,1,10:58,NJN,turnover,,,,,,,,,,Trenton Hassell,,,traveling,,,,,
Brook Lopez,Devin Harris,Trenton Hassell,Vince Carter,Yi Jianlian,Charlie Villanueva,Francisco Elson,Luc Richard Mbah a Moute,Ramon Sessions,Richard Jefferson,1,10:43,MIL,shot,,,,,,,,,,Charlie Villanueva,,,,missed,,jump,41,13
Brook Lopez,Devin Harris,Trenton Hassell,Vince Carter,Yi Jianlian,Charlie Villanueva,Francisco Elson,Luc Richard Mbah a Moute,Ramon Sessions,Richard Jefferson,1,10:42,NJN,rebound,,,,,,,,,,Brook Lopez,,,,,,def,,
Brook Lopez,Devin Harris,Trenton Hassell,Vince Carter,Yi Jianlian,Charlie Villanueva,Francisco Elson,Luc Richard Mbah a Moute,Ramon Sessions,Richard Jefferson,1,10:30,NJN,shot,Vince Carter,,,,,,,,,Trenton Hassell,2,,,made,,jump,43,4
Brook Lopez,Devin Harris,Trenton Hassell,Vince Carter,Yi Jianlian,Charlie Villanueva,Francisco Elson,Luc Richard Mbah a Moute,Ramon Sessions,Richard Jefferson,1,10:15,MIL,shot,,,,,,,,,,Richard Jefferson,,,,missed,,layup,25,6
Brook Lopez,Devin Harris,Trenton Hassell,Vince Carter,Yi Jianlian,Charlie Villanueva,Francisco Elson,Luc Richard Mbah a Moute,Ramon Sessions,Richard Jefferson,1,10:14,NJN,rebound,,,,,,,,,,Yi Jianlian,,,,,,def,,
Brook Lopez,Devin Harris,Trenton Hassell,Vince Carter,Yi Jianlian,Charlie Villanueva,Francisco Elson,Luc Richard Mbah a Moute,Ramon Sessions,Richard Jefferson,1,10:03,NJN,shot,,,,,,,,,,Vince Carter,,,,missed,,3pt,2,6
Brook Lopez,Devin Harris,Trenton Hassell,Vince Carter,Yi Jianlian,Charlie Villanueva,Francisco Elson,Luc Richard Mbah a Moute,Ramon Sessions,Richard Jefferson,1,10:01,MIL,rebound,,,,,,,,,,Ramon Sessions,,,,,,def,,
Brook Lopez,Devin Harris,Trenton Hassell,Vince Carter,Yi Jianlian,Charlie Villanueva,Francisco Elson,Luc Richard Mbah a Moute,Ramon Sessions,Richard Jefferson,1,9:56,MIL,shot,,,,,,,,,,Ramon Sessions,2,,,made,,jump,23,9
Brook Lopez,Devin Harris,Trenton Hassell,Vince Carter,Yi Jianlian,Charlie Villanueva,Francisco Elson,Luc Richard Mbah a Moute,Ramon Sessions,Richard Jefferson,1,9:34,NJN,shot,Devin Harris,,,,,,,,,Yi Jianlian,2,,,made,,jump,7,12
Brook Lopez,Devin Harris,Trenton Hassell,Vince Carter,Yi Jianlian,Charlie Villanueva,Francisco Elson,Luc Richard Mbah a Moute,Ramon Sessions,Richard Jefferson,1,9:15,MIL,shot,Richard Jefferson,,,,,,,,,Charlie Villanueva,2,,,made,,jump,35,9
Brook Lopez,Devin Harris,Trenton Hassell,Vince Carter,Yi Jianlian,Charlie Villanueva,Francisco Elson,Luc Richard Mbah a Moute,Ramon Sessions,Richard Jefferson,1,9:04,NJN,turnover,,,,,,,,,,Vince Carter,,,bad pass,,,,,
Brook Lopez,Devin Harris,Trenton Hassell,Vince Carter,Yi Jianlian,Charlie Villanueva,Francisco Elson,Luc Richard Mbah a Moute,Ramon Sessions,Richard Jefferson,1,8:52,MIL,shot,,,,,,,,,,Richard Jefferson,,,,missed,,jump,11,17
Brook Lopez,Devin Harris,Trenton Hassell,Vince Carter,Yi Jianlian,Charlie Villanueva,Francisco Elson,Luc Richard Mbah a Moute,Ramon Sessions,Richard Jefferson,1,8:51,MIL,rebound,,,,,,,,,,Luc Richard Mbah a Moute,,,,,,off,,
Brook Lopez,Devin Harris,Trenton Hassell,Vince Carter,Yi Jianlian,Charlie Villanueva,Francisco Elson,Luc Richard Mbah a Moute,Ramon Sessions,Richard Jefferson,1,8:48,MIL,shot,,,,,,,,,,Charlie Villanueva,,,,missed,,3pt,46,21
Brook Lopez,Devin Harris,Trenton Hassell,Vince Carter,Yi Jianlian,Charlie Villanueva,Francisco Elson,Luc Richard Mbah a Moute,Ramon Sessions,Richard Jefferson,1,8:47,NJN,rebound,,,,,,,,,,Brook Lopez,,,,,,def,,
Brook Lopez,Devin Harris,Trenton Hassell,Vince Carter,Yi Jianlian,Charlie Villanueva,Francisco Elson,Luc Richard Mbah a Moute,Ramon Sessions,Richard Jefferson,1,8:31,NJN,shot,Trenton Hassell,,,,,,,,,Brook Lopez,2,,,made,,jump,41,5
Brook Lopez,Devin Harris,Trenton Hassell,Vince Carter,Yi Jianlian,Charlie Villanueva,Francisco Elson,Luc Richard Mbah a Moute,Ramon Sessions,Richard Jefferson,1,8:18,MIL,shot,,,,,,,,,,Ramon Sessions,2,,,made,,jump,40,17
Brook Lopez,Devin Harris,Trenton Hassell,Vince Carter,Yi Jianlian,Charlie Villanueva,Francisco Elson,Luc Richard Mbah a Moute,Ramon Sessions,Richard Jefferson,1,8:08,NJN,turnover,,,,,,,,,,Devin Harris,,,bad pass,,Richard Jefferson,,,
Brook Lopez,Devin Harris,Trenton Hassell,Vince Carter,Yi Jianlian,Charlie Villanueva,Francisco Elson,Luc Richard Mbah a Moute,Ramon Sessions,Richard Jefferson,1,8:00,MIL,shot,Richard Jefferson,,,,,,,,,Ramon Sessions,2,,,made,,jump,36,6
Brook Lopez,Devin Harris,Trenton Hassell,Vince Carter,Yi Jianlian,Charlie Villanueva,Francisco Elson,Luc Richard Mbah a Moute,Ramon Sessions,Richard Jefferson,1,7:43,NJN,shot,,,,,,,,,,Brook Lopez,,,,missed,,jump,14,9
Brook Lopez,Devin Harris,Trenton Hassell,Vince Carter,Yi Jianlian,Charlie Villanueva,Francisco Elson,Luc Richard Mbah a Moute,Ramon Sessions,Richard Jefferson,1,7:42,MIL,rebound,,,,,,,,,,Francisco Elson,,,,,,def,,
Brook Lopez,Devin Harris,Trenton Hassell,Vince Carter,Yi Jianlian,Charlie Villanueva,Francisco Elson,Luc Richard Mbah a Moute,Ramon Sessions,Richard Jefferson,1,7:39,NJN,foul,,,,,,,,Richard Jefferson,,Vince Carter,,,,,,shooting,,
Brook Lopez,Devin Harris,Trenton Hassell,Vince Carter,Yi Jianlian,Charlie Villanueva,Francisco Elson,Luc Richard Mbah a Moute,Ramon Sessions,Richard Jefferson,1,7:39,MIL,free throw,,,,,,,1,,2,Richard Jefferson,,,foul,made,,,,
Brook Lopez,Devin Harris,Trenton Hassell,Vince Carter,Yi Jianlian,Charlie Villanueva,Francisco Elson,Luc Richard Mbah a Moute,Ramon Sessions,Richard Jefferson,1,7:39,MIL,free throw,,,,,,,2,,2,Richard Jefferson,,,foul,made,,,,
Brook Lopez,Devin Harris,Trenton Hassell,Vince Carter,Yi Jianlian,Charlie Villanueva,Francisco Elson,Luc Richard Mbah a Moute,Ramon Sessions,Richard Jefferson,1,7:26,MIL,foul,,,,,,,,Devin Harris,,Luc Richard Mbah a Moute,,,,,,shooting,,
Brook Lopez,Devin Harris,Trenton Hassell,Vince Carter,Yi Jianlian,Charlie Villanueva,Francisco Elson,Luc Richard Mbah a Moute,Ramon Sessions,Richard Jefferson,1,7:26,NJN,free throw,,,,,,,1,,2,Devin Harris,,,foul,made,,,,
Brook Lopez,Devin Harris,Trenton Hassell,Vince Carter,Yi Jianlian,Charlie Villanueva,Francisco Elson,Luc Richard Mbah a Moute,Ramon Sessions,Richard Jefferson,1,7:26,NJN,free throw,,,,,,,2,,2,Devin Harris,,,foul,made,,,,
Brook Lopez,Devin Harris,Trenton Hassell,Vince Carter,Yi Jianlian,Charlie Villanueva,Francisco Elson,Luc Richard Mbah a Moute,Ramon Sessions,Richard Jefferson,1,7:14,MIL,shot,,,,,,,,,,Ramon Sessions,,,,missed,,jump,21,13
Brook Lopez,Devin Harris,Trenton Hassell,Vince Carter,Yi Jianlian,Charlie Villanueva,Francisco Elson,Luc Richard Mbah a Moute,Ramon Sessions,Richard Jefferson,1,7:13,MIL,rebound,,,,,,,,,,Ramon Sessions,,,,,,off,,
Brook Lopez,Devin Harris,Trenton Hassell,Vince Carter,Yi Jianlian,Charlie Villanueva,Francisco Elson,Luc Richard Mbah a Moute,Ramon Sessions,Richard Jefferson,1,7:05,MIL,turnover,,,,,,,,,,Ramon Sessions,,,lost ball,,Devin Harris,,,
Brook Lopez,Devin Harris,Trenton Hassell,Vince Carter,Yi Jianlian,Charlie Villanueva,Francisco Elson,Luc Richard Mbah a Moute,Ramon Sessions,Richard Jefferson,1,6:52,NJN,shot,,,,,,,,,,Vince Carter,,,,missed,,3pt,0,6
Brook Lopez,Devin Harris,Trenton Hassell,Vince Carter,Yi Jianlian,Charlie Villanueva,Francisco Elson,Luc Richard Mbah a Moute,Ramon Sessions,Richard Jefferson,1,6:51,NJN,rebound,,,,,,,,,,Vince Carter,,,,,,off,,
Brook Lopez,Devin Harris,Trenton Hassell,Vince Carter,Yi Jianlian,Charlie Villanueva,Francisco Elson,Luc Richard Mbah a Moute,Ramon Sessions,Richard Jefferson,1,6:50,NJN,shot,,,,,,,,,,Vince Carter,,,,missed,,layup,25,6
Brook Lopez,Devin Harris,Trenton Hassell,Vince Carter,Yi Jianlian,Charlie Villanueva,Francisco Elson,Luc Richard Mbah a Moute,Ramon Sessions,Richard Jefferson,1,6:49,NJN,shot,,,,,,,,,,Vince Carter,,,,missed,,tip,25,6
Brook Lopez,Devin Harris,Trenton Hassell,Vince Carter,Yi Jianlian,Charlie Villanueva,Francisco Elson,Luc Richard Mbah a Moute,Ramon Sessions,Richard Jefferson,1,6:49,NJN,rebound,,,,,,,,,,Vince Carter,,,,,,off,,
Brook Lopez,Devin Harris,Trenton Hassell,Vince Carter,Yi Jianlian,Charlie Villanueva,Francisco Elson,Luc Richard Mbah a Moute,Ramon Sessions,Richard Jefferson,1,6:48,MIL,rebound,,,,,,,,,,Luc Richard Mbah a Moute,,,,,,def,,
Brook Lopez,Devin Harris,Trenton Hassell,Vince Carter,Yi Jianlian,Charlie Villanueva,Francisco Elson,Luc Richard Mbah a Moute,Ramon Sessions,Richard Jefferson,1,6:41,MIL,shot,,,,,,,,,,Ramon Sessions,2,,,made,,reverse layup,25,6
Brook Lopez,Devin Harris,Trenton Hassell,Vince Carter,Yi Jianlian,Charlie Villanueva,Francisco Elson,Luc Richard Mbah a Moute,Ramon Sessions,Richard Jefferson,1,6:35,NJN,timeout,,,,,,,,,,,,,,,,regular,,
Brook Lopez,Devin Harris,Trenton Hassell,Vince Carter,Yi Jianlian,Charlie Villanueva,Francisco Elson,Luc Richard Mbah a Moute,Ramon Sessions,Richard Jefferson,1,6:20,NJN,shot,,,,,,,,,,Vince Carter,,,,missed,,3pt,1,6
Brook Lopez,Devin Harris,Trenton Hassell,Vince Carter,Yi Jianlian,Charlie Villanueva,Francisco Elson,Luc Richard Mbah a Moute,Ramon Sessions,Richard Jefferson,1,6:19,MIL,rebound,,,,,,,,,,Charlie Villanueva,,,,,,def,,
Brook Lopez,Devin Harris,Trenton Hassell,Vince Carter,Yi Jianlian,Charlie Villanueva,Francisco Elson,Luc Richard Mbah a Moute,Ramon Sessions,Richard Jefferson,1,5:55,MIL,shot,,,,,,,,,,Richard Jefferson,,,,missed,,3pt,41,26
Brook Lopez,Devin Harris,Trenton Hassell,Vince Carter,Yi Jianlian,Charlie Villanueva,Francisco Elson,Luc Richard Mbah a Moute,Ramon Sessions,Richard Jefferson,1,5:54,NJN,rebound,,,,,,,,,,Vince Carter,,,,,,def,,
Brook Lopez,Devin Harris,Trenton Hassell,Vince Carter,Yi Jianlian,Charlie Villanueva,Francisco Elson,Luc Richard Mbah a Moute,Ramon Sessions,Richard Jefferson,1,5:41,NJN,shot,,,,,,,,,,Devin Harris,,,,missed,,jump,36,16
Brook Lopez,Devin Harris,Trenton Hassell,Vince Carter,Yi Jianlian,Charlie Villanueva,Francisco Elson,Luc Richard Mbah a Moute,Ramon Sessions,Richard Jefferson,1,5:40,MIL,rebound,,,,,,,,,,Ramon Sessions,,,,,,def,,
Brook Lopez,Devin Harris,Trenton Hassell,Vince Carter,Yi Jianlian,Charlie Villanueva,Francisco Elson,Luc Richard Mbah a Moute,Ramon Sessions,Richard Jefferson,1,5:25,MIL,shot,,,Brook Lopez,,,,,,,Charlie Villanueva,,,,missed,,layup,25,6
Brook Lopez,Devin Harris,Trenton Hassell,Vince Carter,Yi Jianlian,Charlie Villanueva,Francisco Elson,Luc Richard Mbah a Moute,Ramon Sessions,Richard Jefferson,1,5:23,NJN,rebound,,,,,,,,,,Trenton Hassell,,,,,,def,,
Brook Lopez,Devin Harris,Trenton Hassell,Vince Carter,Yi Jianlian,Charlie Villanueva,Francisco Elson,Luc Richard Mbah a Moute,Ramon Sessions,Richard Jefferson,1,5:10,NJN,shot,Vince Carter,,,,,,,,,Devin Harris,3,,,made,,3pt,9,25
Brook Lopez,Devin Harris,Trenton Hassell,Vince Carter,Yi Jianlian,Charlie Villanueva,Francisco Elson,Luc Richard Mbah a Moute,Ramon Sessions,Richard Jefferson,1,4:56,MIL,shot,,,,,,,,,,Charlie Villanueva,,,,missed,,layup,25,6
Brook Lopez,Devin Harris,Trenton Hassell,Vince Carter,Yi Jianlian,Charlie Villanueva,Francisco Elson,Luc Richard Mbah a Moute,Ramon Sessions,Richard Jefferson,1,4:55,MIL,rebound,,,,,,,,,,Francisco Elson,,,,,,off,,
Brook Lopez,Devin Harris,Trenton Hassell,Vince Carter,Yi Jianlian,Charlie Villanueva,Francisco Elson,Luc Richard Mbah a Moute,Ramon Sessions,Richard Jefferson,1,4:50,MIL,shot,,,,,,,,,,Luc Richard Mbah a Moute,,,,missed,,jump,14,19
Brook Lopez,Devin Harris,Trenton Hassell,Vince Carter,Yi Jianlian,Charlie Villanueva,Francisco Elson,Luc Richard Mbah a Moute,Ramon Sessions,Richard Jefferson,1,4:49,MIL,rebound,,,,,,,,,,Francisco Elson,,,,,,off,,
Brook Lopez,Devin Harris,Trenton Hassell,Vince Carter,Yi Jianlian,Charlie Villanueva,Francisco Elson,Luc Richard Mbah a Moute,Ramon Sessions,Richard Jefferson,1,4:47,MIL,shot,Francisco Elson,,,,,,,,,Luc Richard Mbah a Moute,2,,,made,,layup,25,6
Brook Lopez,Devin Harris,Trenton Hassell,Vince Carter,Yi Jianlian,Charlie Villanueva,Francisco Elson,Luc Richard Mbah a Moute,Ramon Sessions,Richard Jefferson,1,4:47,NJN,foul,,,,,,,,Luc Richard Mbah a Moute,,Yi Jianlian,,,,,,shooting,,
Brook Lopez,Devin Harris,Trenton Hassell,Vince Carter,Yi Jianlian,Charlie Villanueva,Francisco Elson,Luc Richard Mbah a Moute,Ramon Sessions,Richard Jefferson,1,4:47,MIL,free throw,,,,,,,1,,1,Luc Richard Mbah a Moute,,,foul,made,,,,
Brook Lopez,Devin Harris,Trenton Hassell,Vince Carter,Yi Jianlian,Charlie Villanueva,Francisco Elson,Luc Richard Mbah a Moute,Ramon Sessions,Richard Jefferson,1,4:32,NJN,shot,,,,,,,,,,Yi Jianlian,,,,missed,,3pt,49,9
Brook Lopez,Devin Harris,Trenton Hassell,Vince Carter,Yi Jianlian,Charlie Villanueva,Francisco Elson,Luc Richard Mbah a Moute,Ramon Sessions,Richard Jefferson,1,4:31,MIL,rebound,,,,,,,,,,Luc Richard Mbah a Moute,,,,,,def,,
Brook Lopez,Keyon Dooling,Trenton Hassell,Vince Carter,Yi Jianlian,Charlie Villanueva,Francisco Elson,Luc Richard Mbah a Moute,Ramon Sessions,Richard Jefferson,1,4:23,NJN,sub,,,,Keyon Dooling,,Devin Harris,,,,,,,,,,,,
Brook Lopez,Keyon Dooling,Trenton Hassell,Vince Carter,Yi Jianlian,Charlie Villanueva,Francisco Elson,Luc Richard Mbah a Moute,Ramon Sessions,Richard Jefferson,1,4:13,NJN,foul,,,,,,,,Richard Jefferson,,Trenton Hassell,,,,,,personal,,
Brook Lopez,Keyon Dooling,Trenton Hassell,Vince Carter,Yi Jianlian,Charlie Villanueva,Francisco Elson,Luc Richard Mbah a Moute,Ramon Sessions,Richard Jefferson,1,4:07,MIL,shot,,,,,,,,,,Richard Jefferson,,,,missed,,jump,25,19
Brook Lopez,Keyon Dooling,Trenton Hassell,Vince Carter,Yi Jianlian,Charlie Villanueva,Francisco Elson,Luc Richard Mbah a Moute,Ramon Sessions,Richard Jefferson,1,4:06,MIL,rebound,,,,,,,,,,Francisco Elson,,,,,,off,,
Brook Lopez,Keyon Dooling,Trenton Hassell,Vince Carter,Yi Jianlian,Charlie Villanueva,Francisco Elson,Luc Richard Mbah a Moute,Ramon Sessions,Richard Jefferson,1,3:55,MIL,shot,,,,,,,,,,Ramon Sessions,,,,missed,,jump,10,20
Brook Lopez,Keyon Dooling,Trenton Hassell,Vince Carter,Yi Jianlian,Charlie Villanueva,Francisco Elson,Luc Richard Mbah a Moute,Ramon Sessions,Richard Jefferson,1,3:54,NJN,rebound,,,,,,,,,,Trenton Hassell,,,,,,def,,
Brook Lopez,Keyon Dooling,Trenton Hassell,Vince Carter,Yi Jianlian,Charlie Villanueva,Francisco Elson,Luc Richard Mbah a Moute,Ramon Sessions,Richard Jefferson,1,3:37,NJN,shot,Keyon Dooling,,,,,,,,,Yi Jianlian,2,,,made,,jump,35,23
Brook Lopez,Keyon Dooling,Trenton Hassell,Vince Carter,Yi Jianlian,Charlie Villanueva,Francisco Elson,Luc Richard Mbah a Moute,Ramon Sessions,Richard Jefferson,1,3:25,MIL,turnover,,,,,,,,,,Richard Jefferson,,,lost ball,,Keyon Dooling,,,
Brook Lopez,Keyon Dooling,Trenton Hassell,Vince Carter,Yi Jianlian,Charlie Villanueva,Francisco Elson,Luc Richard Mbah a Moute,Ramon Sessions,Richard Jefferson,1,3:19,NJN,foul,,,,,,,,Francisco Elson,,Yi Jianlian,,,,,,offensive,,
Brook Lopez,Keyon Dooling,Trenton Hassell,Vince Carter,Yi Jianlian,Charlie Villanueva,Francisco Elson,Luc Richard Mbah a Moute,Ramon Sessions,Richard Jefferson,1,3:19,NJN,turnover,,,,,,,,,,Yi Jianlian,,,foul,,,,,
Brook Lopez,Keyon Dooling,Trenton Hassell,Vince Carter,Yi Jianlian,Charlie Bell,Francisco Elson,Luc Richard Mbah a Moute,Ramon Sessions,Richard Jefferson,1,3:19,MIL,sub,,,,Charlie Bell,,Charlie Villanueva,,,,,,,,,,,,
Bobby Simmons,Brook Lopez,Keyon Dooling,Trenton Hassell,Vince Carter,Charlie Bell,Francisco Elson,Luc Richard Mbah a Moute,Ramon Sessions,Richard Jefferson,1,3:19,NJN,sub,,,,Bobby Simmons,,Yi Jianlian,,,,,,,,,,,,
Bobby Simmons,Brook Lopez,Keyon Dooling,Trenton Hassell,Vince Carter,Charlie Bell,Francisco Elson,Luc Richard Mbah a Moute,Ramon Sessions,Richard Jefferson,1,2:59,MIL,shot,,,,,,,,,,Charlie Bell,,,,missed,,3pt,2,7
Bobby Simmons,Brook Lopez,Keyon Dooling,Trenton Hassell,Vince Carter,Charlie Bell,Francisco Elson,Luc Richard Mbah a Moute,Ramon Sessions,Richard Jefferson,1,2:58,NJN,rebound,,,,,,,,,,Trenton Hassell,,,,,,def,,
Bobby Simmons,Brook Lopez,Keyon Dooling,Trenton Hassell,Vince Carter,Charlie Bell,Francisco Elson,Luc Richard Mbah a Moute,Ramon Sessions,Richard Jefferson,1,2:40,NJN,shot,,,,,,,,,,Vince Carter,2,,,made,,jump bank,9,13
Bobby Simmons,Brook Lopez,Keyon Dooling,Trenton Hassell,Vince Carter,Charlie Bell,Francisco Elson,Luc Richard Mbah a Moute,Ramon Sessions,Richard Jefferson,1,2:24,MIL,shot,,,,,,,,,,Francisco Elson,,,,missed,,reverse layup,25,6
Bobby Simmons,Brook Lopez,Keyon Dooling,Trenton Hassell,Vince Carter,Charlie Bell,Francisco Elson,Luc Richard Mbah a Moute,Ramon Sessions,Richard Jefferson,1,2:23,NJN,rebound,,,,,,,,,,Bobby Simmons,,,,,,def,,
Bobby Simmons,Brook Lopez,Keyon Dooling,Trenton Hassell,Vince Carter,Charlie Bell,Francisco Elson,Luc Richard Mbah a Moute,Ramon Sessions,Richard Jefferson,1,2:16,NJN,shot,,,,,,,,,,Vince Carter,,,,missed,,3pt,41,27
Bobby Simmons,Brook Lopez,Keyon Dooling,Trenton Hassell,Vince Carter,Charlie Bell,Francisco Elson,Luc Richard Mbah a Moute,Ramon Sessions,Richard Jefferson,1,2:15,MIL,rebound,,,,,,,,,,,,,,,,,,
Bobby Simmons,Brook Lopez,Keyon Dooling,Trenton Hassell,Vince Carter,Charlie Bell,Francisco Elson,Luc Richard Mbah a Moute,Ramon Sessions,Richard Jefferson,1,2:15,MIL,timeout,,,,,,,,,,,,,,,,regular,,
Bobby Simmons,Brook Lopez,Keyon Dooling,Trenton Hassell,Vince Carter,Charlie Bell,Francisco Elson,Luc Richard Mbah a Moute,Luke Ridnour,Richard Jefferson,1,2:15,MIL,sub,,,,Luke Ridnour,,Ramon Sessions,,,,,,,,,,,,
Bobby Simmons,Brook Lopez,Keyon Dooling,Trenton Hassell,Vince Carter,Charlie Bell,Dan Gadzuric,Luc Richard Mbah a Moute,Luke Ridnour,Richard Jefferson,1,2:15,MIL,sub,,,,Dan Gadzuric,,Francisco Elson,,,,,,,,,,,,
Bobby Simmons,Brook Lopez,Jarvis Hayes,Keyon Dooling,Vince Carter,Charlie Bell,Dan Gadzuric,Luc Richard Mbah a Moute,Luke Ridnour,Richard Jefferson,1,2:15,NJN,sub,,,,Jarvis Hayes,,Trenton Hassell,,,,,,,,,,,,
Bobby Simmons,Brook Lopez,Jarvis Hayes,Keyon Dooling,Vince Carter,Charlie Bell,Dan Gadzuric,Luc Richard Mbah a Moute,Luke Ridnour,Richard Jefferson,1,1:55,MIL,turnover,,,,,,,,,,Charlie Bell,,,bad pass,,Bobby Simmons,,,
Bobby Simmons,Brook Lopez,Jarvis Hayes,Keyon Dooling,Vince Carter,Charlie Bell,Dan Gadzuric,Luc Richard Mbah a Moute,Luke Ridnour,Richard Jefferson,1,1:45,NJN,shot,Bobby Simmons,,,,,,,,,Vince Carter,2,,,made,,layup,25,6
Bobby Simmons,Brook Lopez,Jarvis Hayes,Keyon Dooling,Vince Carter,Charlie Bell,Dan Gadzuric,Luc Richard Mbah a Moute,Luke Ridnour,Richard Jefferson,1,1:26,MIL,shot,Richard Jefferson,,,,,,,,,Luke Ridnour,2,,,made,,layup,25,6
Bobby Simmons,Brook Lopez,Jarvis Hayes,Keyon Dooling,Vince Carter,Charlie Bell,Dan Gadzuric,Luc Richard Mbah a Moute,Luke Ridnour,Richard Jefferson,1,1:06,NJN,shot,,,,,,,,,,Brook Lopez,2,,,made,,jump,18,12
Bobby Simmons,Brook Lopez,Jarvis Hayes,Keyon Dooling,Vince Carter,Charlie Bell,Dan Gadzuric,Luc Richard Mbah a Moute,Luke Ridnour,Richard Jefferson,1,0:51,MIL,shot,,,,,,,,,,Richard Jefferson,,,,missed,,3pt,11,29
Bobby Simmons,Brook Lopez,Jarvis Hayes,Keyon Dooling,Vince Carter,Charlie Bell,Dan Gadzuric,Luc Richard Mbah a Moute,Luke Ridnour,Richard Jefferson,1,0:50,MIL,rebound,,,,,,,,,,Luc Richard Mbah a Moute,,,,,,off,,
Bobby Simmons,Brook Lopez,Jarvis Hayes,Keyon Dooling,Vince Carter,Charlie Bell,Dan Gadzuric,Luc Richard Mbah a Moute,Luke Ridnour,Richard Jefferson,1,0:40,MIL,shot,Luke Ridnour,,,,,,,,,Luc Richard Mbah a Moute,2,,,made,,layup,25,6
Bobby Simmons,Brook Lopez,Jarvis Hayes,Keyon Dooling,Vince Carter,Charlie Bell,Dan Gadzuric,Luc Richard Mbah a Moute,Luke Ridnour,Richard Jefferson,1,0:26,MIL,foul,,,,,,,,Vince Carter,,Charlie Bell,,,,,,personal,,
Bobby Simmons,Brook Lopez,Chris Douglas-Roberts,Jarvis Hayes,Keyon Dooling,Charlie Bell,Dan Gadzuric,Luc Richard Mbah a Moute,Luke Ridnour,Richard Jefferson,1,0:26,NJN,sub,,,,Chris Douglas-Roberts,,Vince Carter,,,,,,,,,,,,
Bobby Simmons,Brook Lopez,Chris Douglas-Roberts,Jarvis Hayes,Keyon Dooling,Charlie Bell,Charlie Villanueva,Dan Gadzuric,Luke Ridnour,Richard Jefferson,1,0:26,MIL,sub,,,,Charlie Villanueva,,Luc Richard Mbah a Moute,,,,,,,,,,,,
Bobby Simmons,Brook Lopez,Chris Douglas-Roberts,Jarvis Hayes,Keyon Dooling,Charlie Bell,Charlie Villanueva,Dan Gadzuric,Luke Ridnour,Richard Jefferson,1,0:12,NJN,shot,,,,,,,,,,Keyon Dooling,,,,missed,,3pt,11,28
Bobby Simmons,Brook Lopez,Chris Douglas-Roberts,Jarvis Hayes,Keyon Dooling,Charlie Bell,Charlie Villanueva,Dan Gadzuric,Luke Ridnour,Richard Jefferson,1,0:10,MIL,rebound,,,,,,,,,,Richard Jefferson,,,,,,def,,
Bobby Simmons,Brook Lopez,Chris Douglas-Roberts,Jarvis Hayes,Keyon Dooling,Charlie Bell,Charlie Villanueva,Dan Gadzuric,Luke Ridnour,Richard Jefferson,1,0:02,NJN,foul,,,,,,,,Luke Ridnour,,Bobby Simmons,,,,,,personal,,
Bobby Simmons,Chris Douglas-Roberts,Jarvis Hayes,Keyon Dooling,Sean Williams,Charlie Bell,Charlie Villanueva,Dan Gadzuric,Luke Ridnour,Richard Jefferson,1,0:02,NJN,sub,,,,Sean Williams,,Brook Lopez,,,,,,,,,,,,
Bobby Simmons,Chris Douglas-Roberts,Jarvis Hayes,Keyon Dooling,Sean Williams,Charlie Bell,Charlie Villanueva,Luke Ridnour,Malik Allen,Richard Jefferson,1,0:02,MIL,sub,,,,Malik Allen,,Dan Gadzuric,,,,,,,,,,,,
Bobby Simmons,Chris Douglas-Roberts,Jarvis Hayes,Keyon Dooling,Sean Williams,Charlie Bell,Charlie Villanueva,Luke Ridnour,Malik Allen,Richard Jefferson,1,0:00,MIL,shot,,,,,,,,,,Charlie Villanueva,,,,missed,,3pt,44,25
Bobby Simmons,Chris Douglas-Roberts,Jarvis Hayes,Keyon Dooling,Sean Williams,Charlie Bell,Charlie Villanueva,Luke Ridnour,Malik Allen,Richard Jefferson,1,0:00,MIL,rebound,,,,,,,,,,,,,,,,,,
Bobby Simmons,Chris Douglas-Roberts,Jarvis Hayes,Keyon Dooling,Sean Williams,Charlie Bell,Charlie Villanueva,Luke Ridnour,Malik Allen,Richard Jefferson,2,11:41,NJN,shot,,,Malik Allen,,,,,,,Sean Williams,,,,missed,,jump,31,7
Bobby Simmons,Chris Douglas-Roberts,Jarvis Hayes,Keyon Dooling,Sean Williams,Charlie Bell,Charlie Villanueva,Luke Ridnour,Malik Allen,Richard Jefferson,2,11:41,NJN,rebound,,,,,,,,,,,,,,,,,,
Bobby Simmons,Chris Douglas-Roberts,Jarvis Hayes,Keyon Dooling,Sean Williams,Charlie Bell,Charlie Villanueva,Luke Ridnour,Malik Allen,Richard Jefferson,2,11:38,NJN,shot,,,,,,,,,,Jarvis Hayes,,,,missed,,jump,41,6
Bobby Simmons,Chris Douglas-Roberts,Jarvis Hayes,Keyon Dooling,Sean Williams,Charlie Bell,Charlie Villanueva,Luke Ridnour,Malik Allen,Richard Jefferson,2,11:37,NJN,rebound,,,,,,,,,,Chris Douglas-Roberts,,,,,,off,,
Bobby Simmons,Chris Douglas-Roberts,Jarvis Hayes,Keyon Dooling,Sean Williams,Charlie Bell,Charlie Villanueva,Luke Ridnour,Malik Allen,Richard Jefferson,2,11:23,NJN,shot,,,,,,,,,,Chris Douglas-Roberts,2,,,made,,layup,25,6
Bobby Simmons,Chris Douglas-Roberts,Jarvis Hayes,Keyon Dooling,Sean Williams,Charlie Bell,Charlie Villanueva,Luke Ridnour,Malik Allen,Richard Jefferson,2,11:04,MIL,shot,Luke Ridnour,,,,,,,,,Charlie Villanueva,2,,,made,,jump,40,15
Bobby Simmons,Chris Douglas-Roberts,Jarvis Hayes,Keyon Dooling,Sean Williams,Charlie Bell,Charlie Villanueva,Luke Ridnour,Malik Allen,Richard Jefferson,2,10:45,NJN,shot,,,,,,,,,,Keyon Dooling,2,,,made,,jump,15,14
Bobby Simmons,Chris Douglas-Roberts,Jarvis Hayes,Keyon Dooling,Sean Williams,Charlie Bell,Charlie Villanueva,Luke Ridnour,Malik Allen,Richard Jefferson,2,10:34,MIL,turnover,,,,,,,,,,Luke Ridnour,,,lost ball,,Keyon Dooling,,,
Bobby Simmons,Chris Douglas-Roberts,Jarvis Hayes,Keyon Dooling,Sean Williams,Charlie Bell,Charlie Villanueva,Luke Ridnour,Malik Allen,Richard Jefferson,2,10:24,NJN,shot,,,,,,,,,,Bobby Simmons,,,,missed,,3pt,36,29
Bobby Simmons,Chris Douglas-Roberts,Jarvis Hayes,Keyon Dooling,Sean Williams,Charlie Bell,Charlie Villanueva,Luke Ridnour,Malik Allen,Richard Jefferson,2,10:23,MIL,rebound,,,,,,,,,,Charlie Villanueva,,,,,,def,,
Bobby Simmons,Chris Douglas-Roberts,Jarvis Hayes,Keyon Dooling,Sean Williams,Charlie Bell,Charlie Villanueva,Luke Ridnour,Malik Allen,Richard Jefferson,2,10:13,MIL,shot,Luke Ridnour,,,,,,,,,Charlie Villanueva,3,,,made,,3pt,46,22
Bobby Simmons,Chris Douglas-Roberts,Jarvis Hayes,Keyon Dooling,Sean Williams,Charlie Bell,Charlie Villanueva,Luke Ridnour,Malik Allen,Richard Jefferson,2,9:52,NJN,shot,Sean Williams,,,,,,,,,Jarvis Hayes,2,,,made,,jump,20,15
Bobby Simmons,Chris Douglas-Roberts,Jarvis Hayes,Keyon Dooling,Sean Williams,Charlie Bell,Charlie Villanueva,Luke Ridnour,Malik Allen,Richard Jefferson,2,9:40,NJN,foul,,,,,,,,Richard Jefferson,,Bobby Simmons,,,,,,shooting,,
Bobby Simmons,Chris Douglas-Roberts,Jarvis Hayes,Keyon Dooling,Sean Williams,Charlie Bell,Charlie Villanueva,Luke Ridnour,Malik Allen,Richard Jefferson,2,9:40,MIL,free throw,,,,,,,1,,2,Richard Jefferson,,,foul,made,,,,
Bobby Simmons,Chris Douglas-Roberts,Jarvis Hayes,Keyon Dooling,Sean Williams,Charlie Bell,Charlie Villanueva,Luke Ridnour,Malik Allen,Richard Jefferson,2,9:40,MIL,free throw,,,,,,,2,,2,Richard Jefferson,,,foul,made,,,,
Bobby Simmons,Chris Douglas-Roberts,Jarvis Hayes,Keyon Dooling,Sean Williams,Charlie Bell,Charlie Villanueva,Luke Ridnour,Malik Allen,Richard Jefferson,2,9:20,NJN,shot,,,,,,,,,,Keyon Dooling,,,,missed,,jump,12,8
Bobby Simmons,Chris Douglas-Roberts,Jarvis Hayes,Keyon Dooling,Sean Williams,Charlie Bell,Charlie Villanueva,Luke Ridnour,Malik Allen,Richard Jefferson,2,9:20,NJN,rebound,,,,,,,,,,Sean Williams,,,,,,off,,
Bobby Simmons,Chris Douglas-Roberts,Jarvis Hayes,Keyon Dooling,Sean Williams,Charlie Bell,Charlie Villanueva,Luke Ridnour,Malik Allen,Richard Jefferson,2,9:20,MIL,foul,,,,,,,,Sean Williams,,Malik Allen,,,,,,loose ball,,
Bobby Simmons,Chris Douglas-Roberts,Jarvis Hayes,Keyon Dooling,Sean Williams,Charlie Bell,Charlie Villanueva,Luc Richard Mbah a Moute,Luke Ridnour,Malik Allen,2,9:20,MIL,sub,,,,Luc Richard Mbah a Moute,,Richard Jefferson,,,,,,,,,,,,
Bobby Simmons,Devin Harris,Jarvis Hayes,Keyon Dooling,Sean Williams,Charlie Bell,Charlie Villanueva,Luc Richard Mbah a Moute,Luke Ridnour,Malik Allen,2,9:20,NJN,sub,,,,Devin Harris,,Chris Douglas-Roberts,,,,,,,,,,,,
Bobby Simmons,Devin Harris,Jarvis Hayes,Keyon Dooling,Sean Williams,Charlie Bell,Charlie Villanueva,Luc Richard Mbah a Moute,Luke Ridnour,Malik Allen,2,9:14,NJN,shot,,,,,,,,,,Devin Harris,,,,missed,,jump,32,7
Bobby Simmons,Devin Harris,Jarvis Hayes,Keyon Dooling,Sean Williams,Charlie Bell,Charlie Villanueva,Luc Richard Mbah a Moute,Luke Ridnour,Malik Allen,2,9:14,OFF,jump ball,,Sean Williams,,,Luc Richard Mbah a Moute,,,,,,,Devin Harris,,,,,,
Bobby Simmons,Devin Harris,Jarvis Hayes,Keyon Dooling,Sean Williams,Charlie Bell,Charlie Villanueva,Luc Richard Mbah a Moute,Luke Ridnour,Malik Allen,2,9:14,NJN,rebound,,,,,,,,,,,,,,,,,,
Bobby Simmons,Devin Harris,Jarvis Hayes,Keyon Dooling,Sean Williams,Charlie Bell,Charlie Villanueva,Luc Richard Mbah a Moute,Luke Ridnour,Malik Allen,2,9:02,NJN,shot,,,,,,,,,,Jarvis Hayes,,,,missed,,jump,41,19
Bobby Simmons,Devin Harris,Jarvis Hayes,Keyon Dooling,Sean Williams,Charlie Bell,Charlie Villanueva,Luc Richard Mbah a Moute,Luke Ridnour,Malik Allen,2,9:00,MIL,rebound,,,,,,,,,,Luke Ridnour,,,,,,def,,
Bobby Simmons,Devin Harris,Jarvis Hayes,Keyon Dooling,Sean Williams,Charlie Bell,Charlie Villanueva,Luc Richard Mbah a Moute,Luke Ridnour,Malik Allen,2,8:41,MIL,shot,,,,,,,,,,Luke Ridnour,,,,missed,,jump,42,5
Bobby Simmons,Devin Harris,Jarvis Hayes,Keyon Dooling,Sean Williams,Charlie Bell,Charlie Villanueva,Luc Richard Mbah a Moute,Luke Ridnour,Malik Allen,2,8:40,NJN,rebound,,,,,,,,,,Jarvis Hayes,,,,,,def,,
Bobby Simmons,Devin Harris,Jarvis Hayes,Keyon Dooling,Sean Williams,Charlie Bell,Charlie Villanueva,Luc Richard Mbah a Moute,Luke Ridnour,Malik Allen,2,8:37,OFF,timeout,,,,,,,,,,,,,,,,official,,
Bobby Simmons,Devin Harris,Jarvis Hayes,Keyon Dooling,Sean Williams,Charlie Bell,Charlie Villanueva,Luc Richard Mbah a Moute,Luke Ridnour,Malik Allen,2,8:17,NJN,shot,,,,,,,,,,Devin Harris,,,,missed,,jump,32,21
Bobby Simmons,Devin Harris,Jarvis Hayes,Keyon Dooling,Sean Williams,Charlie Bell,Charlie Villanueva,Luc Richard Mbah a Moute,Luke Ridnour,Malik Allen,2,8:16,MIL,rebound,,,,,,,,,,Luc Richard Mbah a Moute,,,,,,def,,
Bobby Simmons,Devin Harris,Jarvis Hayes,Keyon Dooling,Sean Williams,Charlie Bell,Charlie Villanueva,Luc Richard Mbah a Moute,Luke Ridnour,Malik Allen,2,7:55,MIL,shot,Charlie Bell,,,,,,,,,Charlie Villanueva,3,,,made,,3pt,2,11
Bobby Simmons,Devin Harris,Jarvis Hayes,Keyon Dooling,Sean Williams,Charlie Bell,Charlie Villanueva,Luc Richard Mbah a Moute,Luke Ridnour,Malik Allen,2,7:42,NJN,turnover,,,,,,,,,,Jarvis Hayes,,,lost ball,,Luc Richard Mbah a Moute,,,
Devin Harris,Jarvis Hayes,Keyon Dooling,Sean Williams,Yi Jianlian,Charlie Bell,Charlie Villanueva,Luc Richard Mbah a Moute,Luke Ridnour,Malik Allen,2,7:38,NJN,sub,,,,Yi Jianlian,,Bobby Simmons,,,,,,,,,,,,
Devin Harris,Jarvis Hayes,Keyon Dooling,Sean Williams,Yi Jianlian,Charlie Bell,Charlie Villanueva,Luc Richard Mbah a Moute,Luke Ridnour,Malik Allen,2,7:32,MIL,shot,,,,,,,,,,Charlie Bell,,,,missed,,3pt,1,6
Devin Harris,Jarvis Hayes,Keyon Dooling,Sean Williams,Yi Jianlian,Charlie Bell,Charlie Villanueva,Luc Richard Mbah a Moute,Luke Ridnour,Malik Allen,2,7:31,MIL,rebound,,,,,,,,,,,,,,,,,,
Devin Harris,Jarvis Hayes,Keyon Dooling,Sean Williams,Yi Jianlian,Charlie Bell,Charlie Villanueva,Luc Richard Mbah a Moute,Luke Ridnour,Malik Allen,2,7:26,MIL,shot,Luc Richard Mbah a Moute,,,,,,,,,Malik Allen,2,,,made,,jump,13,14
Devin Harris,Jarvis Hayes,Keyon Dooling,Sean Williams,Yi Jianlian,Charlie Bell,Charlie Villanueva,Luc Richard Mbah a Moute,Luke Ridnour,Malik Allen,2,7:22,NJN,timeout,,,,,,,,,,,,,,,,regular,,
Devin Harris,Jarvis Hayes,Sean Williams,Vince Carter,Yi Jianlian,Charlie Bell,Charlie Villanueva,Luc Richard Mbah a Moute,Luke Ridnour,Malik Allen,2,7:22,NJN,sub,,,,Vince Carter,,Keyon Dooling,,,,,,,,,,,,
Brook Lopez,Devin Harris,Jarvis Hayes,Vince Carter,Yi Jianlian,Charlie Bell,Charlie Villanueva,Luc Richard Mbah a Moute,Luke Ridnour,Malik Allen,2,7:22,NJN,sub,,,,Brook Lopez,,Sean Williams,,,,,,,,,,,,
Brook Lopez,Devin Harris,Jarvis Hayes,Vince Carter,Yi Jianlian,Charlie Bell,Charlie Villanueva,Luc Richard Mbah a Moute,Luke Ridnour,Malik Allen,2,7:07,NJN,shot,Devin Harris,,,,,,,,,Jarvis Hayes,3,,,made,,3pt,47,21
Brook Lopez,Devin Harris,Jarvis Hayes,Vince Carter,Yi Jianlian,Charlie Bell,Charlie Villanueva,Luc Richard Mbah a Moute,Luke Ridnour,Malik Allen,2,6:43,MIL,shot,,,,,,,,,,Luke Ridnour,,,,missed,,jump,13,22
Brook Lopez,Devin Harris,Jarvis Hayes,Vince Carter,Yi Jianlian,Charlie Bell,Charlie Villanueva,Luc Richard Mbah a Moute,Luke Ridnour,Malik Allen,2,6:42,NJN,rebound,,,,,,,,,,Devin Harris,,,,,,def,,
Brook Lopez,Devin Harris,Jarvis Hayes,Vince Carter,Yi Jianlian,Charlie Bell,Charlie Villanueva,Luc Richard Mbah a Moute,Luke Ridnour,Malik Allen,2,6:30,NJN,turnover,,,,,,,,,,Jarvis Hayes,,,bad pass,,Charlie Villanueva,,,
Brook Lopez,Devin Harris,Jarvis Hayes,Vince Carter,Yi Jianlian,Charlie Bell,Charlie Villanueva,Luc Richard Mbah a Moute,Luke Ridnour,Malik Allen,2,6:22,MIL,shot,,,,,,,,,,Charlie Villanueva,,,,missed,,3pt,14,31
Brook Lopez,Devin Harris,Jarvis Hayes,Vince Carter,Yi Jianlian,Charlie Bell,Charlie Villanueva,Luc Richard Mbah a Moute,Luke Ridnour,Malik Allen,2,6:21,MIL,rebound,,,,,,,,,,Malik Allen,,,,,,off,,
Brook Lopez,Devin Harris,Jarvis Hayes,Vince Carter,Yi Jianlian,Charlie Bell,Charlie Villanueva,Luc Richard Mbah a Moute,Luke Ridnour,Malik Allen,2,6:06,MIL,shot,,,Yi Jianlian,,,,,,,Charlie Bell,,,,missed,,layup,25,6
Brook Lopez,Devin Harris,Jarvis Hayes,Vince Carter,Yi Jianlian,Charlie Bell,Charlie Villanueva,Luc Richard Mbah a Moute,Luke Ridnour,Malik Allen,2,6:04,NJN,rebound,,,,,,,,,,Yi Jianlian,,,,,,def,,
Brook Lopez,Devin Harris,Jarvis Hayes,Vince Carter,Yi Jianlian,Charlie Bell,Charlie Villanueva,Luc Richard Mbah a Moute,Luke Ridnour,Malik Allen,2,5:50,NJN,shot,,,,,,,,,,Yi Jianlian,,,,missed,,3pt,49,6
Brook Lopez,Devin Harris,Jarvis Hayes,Vince Carter,Yi Jianlian,Charlie Bell,Charlie Villanueva,Luc Richard Mbah a Moute,Luke Ridnour,Malik Allen,2,5:49,MIL,rebound,,,,,,,,,,Luc Richard Mbah a Moute,,,,,,def,,
Brook Lopez,Devin Harris,Jarvis Hayes,Vince Carter,Yi Jianlian,Charlie Bell,Charlie Villanueva,Luc Richard Mbah a Moute,Luke Ridnour,Malik Allen,2,5:29,MIL,shot,Luke Ridnour,,,,,,,,,Luc Richard Mbah a Moute,2,,,made,,layup,25,6
Brook Lopez,Devin Harris,Jarvis Hayes,Vince Carter,Yi Jianlian,Charlie Bell,Charlie Villanueva,Luc Richard Mbah a Moute,Luke Ridnour,Malik Allen,2,5:09,MIL,foul,,,,,,,,Vince Carter,,Luc Richard Mbah a Moute,,,,,,shooting,,
Brook Lopez,Devin Harris,Jarvis Hayes,Vince Carter,Yi Jianlian,Charlie Bell,Charlie Villanueva,Luc Richard Mbah a Moute,Malik Allen,Ramon Sessions,2,5:09,MIL,sub,,,,Ramon Sessions,,Luke Ridnour,,,,,,,,,,,,
Brook Lopez,Devin Harris,Jarvis Hayes,Vince Carter,Yi Jianlian,Charlie Bell,Charlie Villanueva,Luc Richard Mbah a Moute,Malik Allen,Ramon Sessions,2,5:09,NJN,free throw,,,,,,,1,,2,Vince Carter,,,foul,made,,,,
Brook Lopez,Devin Harris,Jarvis Hayes,Vince Carter,Yi Jianlian,Charlie Bell,Charlie Villanueva,Malik Allen,Ramon Sessions,Richard Jefferson,2,5:09,MIL,sub,,,,Richard Jefferson,,Luc Richard Mbah a Moute,,,,,,,,,,,,
Brook Lopez,Devin Harris,Jarvis Hayes,Vince Carter,Yi Jianlian,Charlie Bell,Charlie Villanueva,Malik Allen,Ramon Sessions,Richard Jefferson,2,5:09,NJN,free throw,,,,,,,2,,2,Vince Carter,,,foul,made,,,,
Brook Lopez,Devin Harris,Jarvis Hayes,Vince Carter,Yi Jianlian,Charlie Bell,Charlie Villanueva,Malik Allen,Ramon Sessions,Richard Jefferson,2,4:57,MIL,turnover,,,,,,,,,,Charlie Bell,,,lost ball,,Brook Lopez,,,
Brook Lopez,Devin Harris,Jarvis Hayes,Vince Carter,Yi Jianlian,Charlie Bell,Charlie Villanueva,Malik Allen,Ramon Sessions,Richard Jefferson,2,4:53,NJN,shot,Devin Harris,,,,,,,,,Jarvis Hayes,2,,,made,,layup,25,6
Brook Lopez,Devin Harris,Jarvis Hayes,Vince Carter,Yi Jianlian,Charlie Bell,Charlie Villanueva,Malik Allen,Ramon Sessions,Richard Jefferson,2,4:39,MIL,turnover,,,,,,,,,,Charlie Bell,,,bad pass,,Jarvis Hayes,,,
Brook Lopez,Devin Harris,Jarvis Hayes,Vince Carter,Yi Jianlian,Charlie Bell,Charlie Villanueva,Malik Allen,Ramon Sessions,Richard Jefferson,2,4:31,NJN,shot,,,,,,,,,,Jarvis Hayes,,,,missed,,3pt,48,13
Brook Lopez,Devin Harris,Jarvis Hayes,Vince Carter,Yi Jianlian,Charlie Bell,Charlie Villanueva,Malik Allen,Ramon Sessions,Richard Jefferson,2,4:29,MIL,rebound,,,,,,,,,,Charlie Bell,,,,,,def,,
Brook Lopez,Devin Harris,Jarvis Hayes,Vince Carter,Yi Jianlian,Charlie Bell,Charlie Villanueva,Malik Allen,Ramon Sessions,Richard Jefferson,2,4:15,MIL,shot,,,Yi Jianlian,,,,,,,Ramon Sessions,,,,missed,,layup,25,6
Brook Lopez,Devin Harris,Jarvis Hayes,Vince Carter,Yi Jianlian,Charlie Bell,Charlie Villanueva,Malik Allen,Ramon Sessions,Richard Jefferson,2,4:15,NJN,rebound,,,,,,,,,,,,,,,,,,
Brook Lopez,Devin Harris,Jarvis Hayes,Vince Carter,Yi Jianlian,Charlie Bell,Charlie Villanueva,Malik Allen,Ramon Sessions,Richard Jefferson,2,3:55,MIL,foul,,,,,,,,Yi Jianlian,,Richard Jefferson,,,,,,personal,,
Brook Lopez,Devin Harris,Jarvis Hayes,Vince Carter,Yi Jianlian,Charlie Villanueva,Keith Bogans,Malik Allen,Ramon Sessions,Richard Jefferson,2,3:55,MIL,sub,,,,Keith Bogans,,Charlie Bell,,,,,,,,,,,,
Brook Lopez,Devin Harris,Jarvis Hayes,Vince Carter,Yi Jianlian,Charlie Villanueva,Keith Bogans,Malik Allen,Ramon Sessions,Richard Jefferson,2,3:48,NJN,shot,,,,,,,,,,Jarvis Hayes,,,,missed,,3pt,49,4
Brook Lopez,Devin Harris,Jarvis Hayes,Vince Carter,Yi Jianlian,Charlie Villanueva,Keith Bogans,Malik Allen,Ramon Sessions,Richard Jefferson,2,3:47,NJN,rebound,,,,,,,,,,,,,,,,,,
Brook Lopez,Devin Harris,Trenton Hassell,Vince Carter,Yi Jianlian,Charlie Villanueva,Keith Bogans,Malik Allen,Ramon Sessions,Richard Jefferson,2,3:44,NJN,sub,,,,Trenton Hassell,,Jarvis Hayes,,,,,,,,,,,,
Brook Lopez,Devin Harris,Trenton Hassell,Vince Carter,Yi Jianlian,Charlie Villanueva,Keith Bogans,Malik Allen,Ramon Sessions,Richard Jefferson,2,3:27,NJN,shot,,,Charlie Villanueva,,,,,,,Brook Lopez,,,,missed,,jump,22,8
Brook Lopez,Devin Harris,Trenton Hassell,Vince Carter,Yi Jianlian,Charlie Villanueva,Keith Bogans,Malik Allen,Ramon Sessions,Richard Jefferson,2,3:26,MIL,rebound,,,,,,,,,,Charlie Villanueva,,,,,,def,,
Brook Lopez,Devin Harris,Trenton Hassell,Vince Carter,Yi Jianlian,Charlie Villanueva,Keith Bogans,Malik Allen,Ramon Sessions,Richard Jefferson,2,3:16,MIL,shot,,,,,,,,,,Richard Jefferson,2,,,made,,jump,17,9
Brook Lopez,Devin Harris,Trenton Hassell,Vince Carter,Yi Jianlian,Charlie Villanueva,Keith Bogans,Malik Allen,Ramon Sessions,Richard Jefferson,2,3:01,NJN,shot,Vince Carter,,,,,,,,,Brook Lopez,2,,,made,,dunk,25,6
Brook Lopez,Devin Harris,Trenton Hassell,Vince Carter,Yi Jianlian,Charlie Villanueva,Keith Bogans,Malik Allen,Ramon Sessions,Richard Jefferson,2,2:49,NJN,foul,,,,,,,,Ramon Sessions,,Devin Harris,,,,,,personal,,
Brook Lopez,Devin Harris,Trenton Hassell,Vince Carter,Yi Jianlian,Charlie Villanueva,Keith Bogans,Malik Allen,Ramon Sessions,Richard Jefferson,2,2:49,MIL,timeout,,,,,,,,,,,,,,,,regular,,
Brook Lopez,Devin Harris,Trenton Hassell,Vince Carter,Yi Jianlian,Charlie Villanueva,Francisco Elson,Keith Bogans,Ramon Sessions,Richard Jefferson,2,2:49,MIL,sub,,,,Francisco Elson,,Malik Allen,,,,,,,,,,,,
Brook Lopez,Devin Harris,Trenton Hassell,Vince Carter,Yi Jianlian,Charlie Villanueva,Francisco Elson,Keith Bogans,Ramon Sessions,Richard Jefferson,2,2:36,MIL,shot,,,,,,,,,,Richard Jefferson,2,,,made,,reverse layup,25,6
Brook Lopez,Devin Harris,Trenton Hassell,Vince Carter,Yi Jianlian,Charlie Villanueva,Francisco Elson,Keith Bogans,Ramon Sessions,Richard Jefferson,2,2:14,NJN,shot,,,,,,,,,,Devin Harris,,,,missed,,3pt,15,30
Brook Lopez,Devin Harris,Trenton Hassell,Vince Carter,Yi Jianlian,Charlie Villanueva,Francisco Elson,Keith Bogans,Ramon Sessions,Richard Jefferson,2,2:14,NJN,rebound,,,,,,,,,,Brook Lopez,,,,,,off,,
Brook Lopez,Devin Harris,Trenton Hassell,Vince Carter,Yi Jianlian,Charlie Villanueva,Francisco Elson,Keith Bogans,Ramon Sessions,Richard Jefferson,2,2:14,MIL,foul,,,,,,,,Brook Lopez,,Francisco Elson,,,,,,loose ball,,
Brook Lopez,Devin Harris,Trenton Hassell,Vince Carter,Yi Jianlian,Charlie Villanueva,Francisco Elson,Keith Bogans,Ramon Sessions,Richard Jefferson,2,2:08,NJN,shot,Yi Jianlian,,,,,,,,,Brook Lopez,2,,,made,,layup,25,6
Brook Lopez,Devin Harris,Trenton Hassell,Vince Carter,Yi Jianlian,Charlie Villanueva,Francisco Elson,Keith Bogans,Ramon Sessions,Richard Jefferson,2,2:08,MIL,foul,,,,,,,,Brook Lopez,,Francisco Elson,,,,,,shooting,,
Brook Lopez,Devin Harris,Trenton Hassell,Vince Carter,Yi Jianlian,Charlie Villanueva,Dan Gadzuric,Keith Bogans,Ramon Sessions,Richard Jefferson,2,2:08,MIL,sub,,,,Dan Gadzuric,,Francisco Elson,,,,,,,,,,,,
Brook Lopez,Devin Harris,Trenton Hassell,Vince Carter,Yi Jianlian,Charlie Villanueva,Dan Gadzuric,Keith Bogans,Ramon Sessions,Richard Jefferson,2,2:08,NJN,free throw,,,,,,,1,,1,Brook Lopez,,,foul,missed,,,,
Brook Lopez,Devin Harris,Trenton Hassell,Vince Carter,Yi Jianlian,Charlie Villanueva,Dan Gadzuric,Keith Bogans,Ramon Sessions,Richard Jefferson,2,2:06,MIL,rebound,,,,,,,,,,Richard Jefferson,,,,,,def,,
Brook Lopez,Devin Harris,Trenton Hassell,Vince Carter,Yi Jianlian,Charlie Villanueva,Dan Gadzuric,Keith Bogans,Ramon Sessions,Richard Jefferson,2,1:49,MIL,shot,,,,,,,,,,Ramon Sessions,,,,missed,,jump,25,21
Brook Lopez,Devin Harris,Trenton Hassell,Vince Carter,Yi Jianlian,Charlie Villanueva,Dan Gadzuric,Keith Bogans,Ramon Sessions,Richard Jefferson,2,1:48,NJN,rebound,,,,,,,,,,Devin Harris,,,,,,def,,
Brook Lopez,Devin Harris,Trenton Hassell,Vince Carter,Yi Jianlian,Charlie Villanueva,Dan Gadzuric,Keith Bogans,Ramon Sessions,Richard Jefferson,2,1:44,NJN,shot,Devin Harris,,,,,,,,,Brook Lopez,2,,,made,,dunk,25,6
Brook Lopez,Devin Harris,Trenton Hassell,Vince Carter,Yi Jianlian,Charlie Villanueva,Dan Gadzuric,Keith Bogans,Ramon Sessions,Richard Jefferson,2,1:29,MIL,shot,,,Yi Jianlian,,,,,,,Dan Gadzuric,,,,missed,,layup,25,6
Brook Lopez,Devin Harris,Trenton Hassell,Vince Carter,Yi Jianlian,Charlie Villanueva,Dan Gadzuric,Keith Bogans,Ramon Sessions,Richard Jefferson,2,1:27,MIL,rebound,,,,,,,,,,Ramon Sessions,,,,,,off,,
Brook Lopez,Devin Harris,Trenton Hassell,Vince Carter,Yi Jianlian,Charlie Villanueva,Dan Gadzuric,Keith Bogans,Ramon Sessions,Richard Jefferson,2,1:22,MIL,shot,,,,,,,,,,Richard Jefferson,,,,missed,,3pt,25,31
Brook Lopez,Devin Harris,Trenton Hassell,Vince Carter,Yi Jianlian,Charlie Villanueva,Dan Gadzuric,Keith Bogans,Ramon Sessions,Richard Jefferson,2,1:22,MIL,rebound,,,,,,,,,,Ramon Sessions,,,,,,off,,
Brook Lopez,Devin Harris,Trenton Hassell,Vince Carter,Yi Jianlian,Charlie Villanueva,Dan Gadzuric,Keith Bogans,Ramon Sessions,Richard Jefferson,2,1:22,MIL,shot,,,,,,,,,,Ramon Sessions,2,,,made,,layup,25,6
Brook Lopez,Devin Harris,Trenton Hassell,Vince Carter,Yi Jianlian,Charlie Villanueva,Dan Gadzuric,Keith Bogans,Ramon Sessions,Richard Jefferson,2,1:22,NJN,foul,,,,,,,,Ramon Sessions,,Yi Jianlian,,,,,,shooting,,
Bobby Simmons,Brook Lopez,Devin Harris,Trenton Hassell,Vince Carter,Charlie Villanueva,Dan Gadzuric,Keith Bogans,Ramon Sessions,Richard Jefferson,2,1:22,NJN,sub,,,,Bobby Simmons,,Yi Jianlian,,,,,,,,,,,,
Bobby Simmons,Brook Lopez,Devin Harris,Trenton Hassell,Vince Carter,Charlie Villanueva,Dan Gadzuric,Keith Bogans,Ramon Sessions,Richard Jefferson,2,1:22,MIL,free throw,,,,,,,1,,1,Ramon Sessions,,,foul,made,,,,
Bobby Simmons,Brook Lopez,Devin Harris,Trenton Hassell,Vince Carter,Charlie Villanueva,Dan Gadzuric,Keith Bogans,Ramon Sessions,Richard Jefferson,2,1:05,NJN,shot,,,,,,,,,,Devin Harris,,,,missed,,3pt,49,8
Bobby Simmons,Brook Lopez,Devin Harris,Trenton Hassell,Vince Carter,Charlie Villanueva,Dan Gadzuric,Keith Bogans,Ramon Sessions,Richard Jefferson,2,1:04,MIL,rebound,,,,,,,,,,Charlie Villanueva,,,,,,def,,
Bobby Simmons,Brook Lopez,Devin Harris,Trenton Hassell,Vince Carter,Charlie Villanueva,Dan Gadzuric,Keith Bogans,Ramon Sessions,Richard Jefferson,2,0:57,MIL,shot,,,,,,,,,,Charlie Villanueva,,,,missed,,3pt,22,32
Bobby Simmons,Brook Lopez,Devin Harris,Trenton Hassell,Vince Carter,Charlie Villanueva,Dan Gadzuric,Keith Bogans,Ramon Sessions,Richard Jefferson,2,0:56,NJN,rebound,,,,,,,,,,Trenton Hassell,,,,,,def,,
Bobby Simmons,Brook Lopez,Devin Harris,Trenton Hassell,Vince Carter,Charlie Villanueva,Dan Gadzuric,Keith Bogans,Ramon Sessions,Richard Jefferson,2,0:53,MIL,foul,,,,,,,,Devin Harris,,Richard Jefferson,,,,,,personal,,
Bobby Simmons,Brook Lopez,Devin Harris,Trenton Hassell,Vince Carter,Charlie Villanueva,Dan Gadzuric,Keith Bogans,Ramon Sessions,Richard Jefferson,2,0:53,NJN,free throw,,,,,,,1,,2,Devin Harris,,,foul,made,,,,
Bobby Simmons,Brook Lopez,Devin Harris,Trenton Hassell,Vince Carter,Charlie Bell,Charlie Villanueva,Dan Gadzuric,Keith Bogans,Ramon Sessions,2,0:53,MIL,sub,,,,Charlie Bell,,Richard Jefferson,,,,,,,,,,,,
Bobby Simmons,Brook Lopez,Devin Harris,Trenton Hassell,Vince Carter,Charlie Bell,Charlie Villanueva,Dan Gadzuric,Keith Bogans,Ramon Sessions,2,0:53,NJN,free throw,,,,,,,2,,2,Devin Harris,,,foul,missed,,,,
Bobby Simmons,Brook Lopez,Devin Harris,Trenton Hassell,Vince Carter,Charlie Bell,Charlie Villanueva,Dan Gadzuric,Keith Bogans,Ramon Sessions,2,0:52,NJN,rebound,,,,,,,,,,Bobby Simmons,,,,,,off,,
Bobby Simmons,Brook Lopez,Devin Harris,Trenton Hassell,Vince Carter,Charlie Bell,Charlie Villanueva,Dan Gadzuric,Keith Bogans,Ramon Sessions,2,0:39,NJN,shot,,,,,,,,,,Vince Carter,,,,missed,,3pt,11,28
Bobby Simmons,Brook Lopez,Devin Harris,Trenton Hassell,Vince Carter,Charlie Bell,Charlie Villanueva,Dan Gadzuric,Keith Bogans,Ramon Sessions,2,0:38,MIL,rebound,,,,,,,,,,Ramon Sessions,,,,,,def,,
Bobby Simmons,Brook Lopez,Devin Harris,Trenton Hassell,Vince Carter,Charlie Bell,Charlie Villanueva,Dan Gadzuric,Keith Bogans,Ramon Sessions,2,0:30,MIL,shot,,,,,,,,,,Keith Bogans,,,,missed,,3pt,47,19
Bobby Simmons,Brook Lopez,Devin Harris,Trenton Hassell,Vince Carter,Charlie Bell,Charlie Villanueva,Dan Gadzuric,Keith Bogans,Ramon Sessions,2,0:29,NJN,rebound,,,,,,,,,,Trenton Hassell,,,,,,def,,
Bobby Simmons,Brook Lopez,Devin Harris,Trenton Hassell,Vince Carter,Charlie Bell,Charlie Villanueva,Dan Gadzuric,Keith Bogans,Ramon Sessions,2,0:12,NJN,timeout,,,,,,,,,,,,,,,,short,,
Bobby Simmons,Brook Lopez,Devin Harris,Trenton Hassell,Vince Carter,Charlie Bell,Charlie Villanueva,Dan Gadzuric,Keith Bogans,Ramon Sessions,2,0:07,NJN,shot,,,Charlie Villanueva,,,,,,,Devin Harris,,,,missed,,layup,25,6
Bobby Simmons,Brook Lopez,Devin Harris,Trenton Hassell,Vince Carter,Charlie Bell,Charlie Villanueva,Dan Gadzuric,Keith Bogans,Ramon Sessions,2,0:07,NJN,rebound,,,,,,,,,,,,,,,,,,
Bobby Simmons,Brook Lopez,Devin Harris,Trenton Hassell,Vince Carter,Charlie Bell,Charlie Villanueva,Dan Gadzuric,Keith Bogans,Ramon Sessions,2,0:04,NJN,shot,,,,,,,,,,Vince Carter,,,,missed,,jump,43,3
Bobby Simmons,Brook Lopez,Devin Harris,Trenton Hassell,Vince Carter,Charlie Bell,Charlie Villanueva,Dan Gadzuric,Keith Bogans,Ramon Sessions,2,0:03,MIL,rebound,,,,,,,,,,Charlie Villanueva,,,,,,def,,
Bobby Simmons,Brook Lopez,Devin Harris,Trenton Hassell,Vince Carter,Charlie Bell,Charlie Villanueva,Dan Gadzuric,Keith Bogans,Ramon Sessions,2,0:00,MIL,shot,Charlie Villanueva,,,,,,,,,Keith Bogans,3,,,made,,3pt,12,29
Brook Lopez,Devin Harris,Trenton Hassell,Vince Carter,Yi Jianlian,Charlie Villanueva,Francisco Elson,Luc Richard Mbah a Moute,Ramon Sessions,Richard Jefferson,3,11:34,NJN,shot,,,,,,,,,,Vince Carter,,,,missed,,3pt,20,33
Brook Lopez,Devin Harris,Trenton Hassell,Vince Carter,Yi Jianlian,Charlie Villanueva,Francisco Elson,Luc Richard Mbah a Moute,Ramon Sessions,Richard Jefferson,3,11:33,MIL,rebound,,,,,,,,,,Ramon Sessions,,,,,,def,,
Brook Lopez,Devin Harris,Trenton Hassell,Vince Carter,Yi Jianlian,Charlie Villanueva,Francisco Elson,Luc Richard Mbah a Moute,Ramon Sessions,Richard Jefferson,3,11:13,MIL,shot,Luc Richard Mbah a Moute,,,,,,,,,Francisco Elson,2,,,made,,dunk,25,6
Brook Lopez,Devin Harris,Trenton Hassell,Vince Carter,Yi Jianlian,Charlie Villanueva,Francisco Elson,Luc Richard Mbah a Moute,Ramon Sessions,Richard Jefferson,3,10:47,NJN,shot,,,,,,,,,,Vince Carter,2,,,made,,jump,42,6
Brook Lopez,Devin Harris,Trenton Hassell,Vince Carter,Yi Jianlian,Charlie Villanueva,Francisco Elson,Luc Richard Mbah a Moute,Ramon Sessions,Richard Jefferson,3,10:36,NJN,foul,,,,,,,,Charlie Villanueva,,Yi Jianlian,,,,,,personal,,
Bobby Simmons,Brook Lopez,Devin Harris,Trenton Hassell,Vince Carter,Charlie Villanueva,Francisco Elson,Luc Richard Mbah a Moute,Ramon Sessions,Richard Jefferson,3,10:36,NJN,sub,,,,Bobby Simmons,,Yi Jianlian,,,,,,,,,,,,
Bobby Simmons,Brook Lopez,Devin Harris,Trenton Hassell,Vince Carter,Charlie Villanueva,Francisco Elson,Luc Richard Mbah a Moute,Ramon Sessions,Richard Jefferson,3,10:24,MIL,shot,Luc Richard Mbah a Moute,,,,,,,,,Francisco Elson,2,,,made,,jump,34,21
Bobby Simmons,Brook Lopez,Devin Harris,Trenton Hassell,Vince Carter,Charlie Villanueva,Francisco Elson,Luc Richard Mbah a Moute,Ramon Sessions,Richard Jefferson,3,10:06,NJN,turnover,,,,,,,,,,Bobby Simmons,,,bad pass,,Francisco Elson,,,
Bobby Simmons,Brook Lopez,Devin Harris,Trenton Hassell,Vince Carter,Charlie Villanueva,Francisco Elson,Luc Richard Mbah a Moute,Ramon Sessions,Richard Jefferson,3,9:55,MIL,shot,,,Devin Harris,,,,,,,Ramon Sessions,,,,missed,,layup,25,6
Bobby Simmons,Brook Lopez,Devin Harris,Trenton Hassell,Vince Carter,Charlie Villanueva,Francisco Elson,Luc Richard Mbah a Moute,Ramon Sessions,Richard Jefferson,3,9:53,NJN,rebound,,,,,,,,,,Devin Harris,,,,,,def,,
Bobby Simmons,Brook Lopez,Devin Harris,Trenton Hassell,Vince Carter,Charlie Villanueva,Francisco Elson,Luc Richard Mbah a Moute,Ramon Sessions,Richard Jefferson,3,9:48,NJN,shot,,,,,,,,,,Devin Harris,,,,missed,,3pt,44,25
Bobby Simmons,Brook Lopez,Devin Harris,Trenton Hassell,Vince Carter,Charlie Villanueva,Francisco Elson,Luc Richard Mbah a Moute,Ramon Sessions,Richard Jefferson,3,9:47,MIL,rebound,,,,,,,,,,Francisco Elson,,,,,,def,,
Bobby Simmons,Brook Lopez,Devin Harris,Trenton Hassell,Vince Carter,Charlie Villanueva,Francisco Elson,Luc Richard Mbah a Moute,Ramon Sessions,Richard Jefferson,3,9:38,MIL,shot,,,,,,,,,,Charlie Villanueva,,,,missed,,jump,34,5
Bobby Simmons,Brook Lopez,Devin Harris,Trenton Hassell,Vince Carter,Charlie Villanueva,Francisco Elson,Luc Richard Mbah a Moute,Ramon Sessions,Richard Jefferson,3,9:37,NJN,rebound,,,,,,,,,,Brook Lopez,,,,,,def,,
Bobby Simmons,Brook Lopez,Devin Harris,Trenton Hassell,Vince Carter,Charlie Villanueva,Francisco Elson,Luc Richard Mbah a Moute,Ramon Sessions,Richard Jefferson,3,9:27,NJN,shot,,,,,,,,,,Vince Carter,,,,missed,,jump,42,6
Bobby Simmons,Brook Lopez,Devin Harris,Trenton Hassell,Vince Carter,Charlie Villanueva,Francisco Elson,Luc Richard Mbah a Moute,Ramon Sessions,Richard Jefferson,3,9:26,MIL,rebound,,,,,,,,,,Charlie Villanueva,,,,,,def,,
Bobby Simmons,Brook Lopez,Devin Harris,Trenton Hassell,Vince Carter,Charlie Villanueva,Francisco Elson,Luc Richard Mbah a Moute,Ramon Sessions,Richard Jefferson,3,9:08,NJN,foul,,,,,,,,Ramon Sessions,,Devin Harris,,,,,,shooting,,
Bobby Simmons,Brook Lopez,Devin Harris,Trenton Hassell,Vince Carter,Charlie Villanueva,Francisco Elson,Luc Richard Mbah a Moute,Ramon Sessions,Richard Jefferson,3,9:08,MIL,free throw,,,,,,,1,,2,Ramon Sessions,,,foul,made,,,,
Bobby Simmons,Brook Lopez,Devin Harris,Trenton Hassell,Vince Carter,Charlie Villanueva,Francisco Elson,Luc Richard Mbah a Moute,Ramon Sessions,Richard Jefferson,3,9:08,MIL,free throw,,,,,,,2,,2,Ramon Sessions,,,foul,made,,,,
Bobby Simmons,Brook Lopez,Devin Harris,Trenton Hassell,Vince Carter,Charlie Villanueva,Francisco Elson,Luc Richard Mbah a Moute,Ramon Sessions,Richard Jefferson,3,8:50,NJN,shot,,,,,,,,,,Vince Carter,2,,,made,,jump,16,14
Bobby Simmons,Brook Lopez,Devin Harris,Trenton Hassell,Vince Carter,Charlie Villanueva,Francisco Elson,Luc Richard Mbah a Moute,Ramon Sessions,Richard Jefferson,3,8:31,MIL,shot,,,,,,,,,,Richard Jefferson,2,,,made,,jump,40,14
Bobby Simmons,Brook Lopez,Devin Harris,Trenton Hassell,Vince Carter,Charlie Villanueva,Francisco Elson,Luc Richard Mbah a Moute,Ramon Sessions,Richard Jefferson,3,8:17,MIL,foul,,,,,,,,Vince Carter,,Francisco Elson,,,,,,shooting,,
Bobby Simmons,Brook Lopez,Devin Harris,Trenton Hassell,Vince Carter,Charlie Villanueva,Francisco Elson,Luc Richard Mbah a Moute,Ramon Sessions,Richard Jefferson,3,8:17,NJN,free throw,,,,,,,1,,2,Vince Carter,,,foul,made,,,,
Bobby Simmons,Brook Lopez,Devin Harris,Trenton Hassell,Vince Carter,Charlie Villanueva,Francisco Elson,Luc Richard Mbah a Moute,Ramon Sessions,Richard Jefferson,3,8:17,NJN,free throw,,,,,,,2,,2,Vince Carter,,,foul,made,,,,
Bobby Simmons,Brook Lopez,Devin Harris,Trenton Hassell,Vince Carter,Charlie Villanueva,Francisco Elson,Luc Richard Mbah a Moute,Ramon Sessions,Richard Jefferson,3,8:04,MIL,shot,,,,,,,,,,Ramon Sessions,,,,missed,,jump,16,12
Bobby Simmons,Brook Lopez,Devin Harris,Trenton Hassell,Vince Carter,Charlie Villanueva,Francisco Elson,Luc Richard Mbah a Moute,Ramon Sessions,Richard Jefferson,3,8:03,NJN,rebound,,,,,,,,,,Trenton Hassell,,,,,,def,,
Bobby Simmons,Brook Lopez,Devin Harris,Trenton Hassell,Vince Carter,Charlie Villanueva,Francisco Elson,Luc Richard Mbah a Moute,Ramon Sessions,Richard Jefferson,3,7:56,NJN,foul,,,,,,,,Francisco Elson,,Vince Carter,,,,,,offensive,,
Bobby Simmons,Brook Lopez,Devin Harris,Trenton Hassell,Vince Carter,Charlie Villanueva,Francisco Elson,Luc Richard Mbah a Moute,Ramon Sessions,Richard Jefferson,3,7:56,NJN,turnover,,,,,,,,,,Vince Carter,,,foul,,,,,
Bobby Simmons,Brook Lopez,Devin Harris,Trenton Hassell,Vince Carter,Charlie Villanueva,Francisco Elson,Luc Richard Mbah a Moute,Ramon Sessions,Richard Jefferson,3,7:48,MIL,shot,,,,,,,,,,Charlie Villanueva,,,,missed,,jump,16,8
Bobby Simmons,Brook Lopez,Devin Harris,Trenton Hassell,Vince Carter,Charlie Villanueva,Francisco Elson,Luc Richard Mbah a Moute,Ramon Sessions,Richard Jefferson,3,7:47,NJN,rebound,,,,,,,,,,Bobby Simmons,,,,,,def,,
Bobby Simmons,Brook Lopez,Devin Harris,Trenton Hassell,Vince Carter,Charlie Villanueva,Francisco Elson,Luc Richard Mbah a Moute,Ramon Sessions,Richard Jefferson,3,7:29,NJN,shot,,,,,,,,,,Bobby Simmons,,,,missed,,jump,10,10
Bobby Simmons,Brook Lopez,Devin Harris,Trenton Hassell,Vince Carter,Charlie Villanueva,Francisco Elson,Luc Richard Mbah a Moute,Ramon Sessions,Richard Jefferson,3,7:27,MIL,rebound,,,,,,,,,,Ramon Sessions,,,,,,def,,
Bobby Simmons,Brook Lopez,Devin Harris,Trenton Hassell,Vince Carter,Charlie Villanueva,Francisco Elson,Luc Richard Mbah a Moute,Ramon Sessions,Richard Jefferson,3,7:21,MIL,shot,,,,,,,,,,Richard Jefferson,,,,missed,,3pt,41,26
Bobby Simmons,Brook Lopez,Devin Harris,Trenton Hassell,Vince Carter,Charlie Villanueva,Francisco Elson,Luc Richard Mbah a Moute,Ramon Sessions,Richard Jefferson,3,7:20,MIL,rebound,,,,,,,,,,Francisco Elson,,,,,,off,,
Bobby Simmons,Brook Lopez,Devin Harris,Trenton Hassell,Vince Carter,Charlie Villanueva,Francisco Elson,Luc Richard Mbah a Moute,Ramon Sessions,Richard Jefferson,3,7:19,MIL,shot,,,,,,,,,,Francisco Elson,2,,,made,,dunk,25,6
Bobby Simmons,Brook Lopez,Devin Harris,Trenton Hassell,Vince Carter,Charlie Villanueva,Francisco Elson,Luc Richard Mbah a Moute,Ramon Sessions,Richard Jefferson,3,7:16,NJN,timeout,,,,,,,,,,,,,,,,regular,,
Bobby Simmons,Brook Lopez,Devin Harris,Ryan Anderson,Vince Carter,Charlie Villanueva,Francisco Elson,Luc Richard Mbah a Moute,Ramon Sessions,Richard Jefferson,3,7:16,NJN,sub,,,,Ryan Anderson,,Trenton Hassell,,,,,,,,,,,,
Bobby Simmons,Brook Lopez,Devin Harris,Ryan Anderson,Vince Carter,Charlie Villanueva,Francisco Elson,Luc Richard Mbah a Moute,Ramon Sessions,Richard Jefferson,3,6:54,NJN,shot,Vince Carter,,,,,,,,,Brook Lopez,2,,,made,,jump,29,12
Bobby Simmons,Brook Lopez,Devin Harris,Ryan Anderson,Vince Carter,Charlie Villanueva,Francisco Elson,Luc Richard Mbah a Moute,Ramon Sessions,Richard Jefferson,3,6:54,MIL,foul,,,,,,,,Brook Lopez,,Francisco Elson,,,,,,shooting,,
Bobby Simmons,Brook Lopez,Devin Harris,Ryan Anderson,Vince Carter,Charlie Villanueva,Dan Gadzuric,Luc Richard Mbah a Moute,Ramon Sessions,Richard Jefferson,3,6:54,MIL,sub,,,,Dan Gadzuric,,Francisco Elson,,,,,,,,,,,,
Bobby Simmons,Brook Lopez,Devin Harris,Ryan Anderson,Vince Carter,Charlie Villanueva,Dan Gadzuric,Luc Richard Mbah a Moute,Ramon Sessions,Richard Jefferson,3,6:54,NJN,free throw,,,,,,,1,,1,Brook Lopez,,,foul,made,,,,
Bobby Simmons,Brook Lopez,Devin Harris,Ryan Anderson,Vince Carter,Charlie Villanueva,Dan Gadzuric,Luc Richard Mbah a Moute,Ramon Sessions,Richard Jefferson,3,6:44,NJN,foul,,,,,,,,Richard Jefferson,,Bobby Simmons,,,,,,personal,,
Bobby Simmons,Brook Lopez,Devin Harris,Ryan Anderson,Vince Carter,Charlie Villanueva,Dan Gadzuric,Luc Richard Mbah a Moute,Ramon Sessions,Richard Jefferson,3,6:28,MIL,shot,,,,,,,,,,Dan Gadzuric,,,,missed,,jump,38,21
Bobby Simmons,Brook Lopez,Devin Harris,Ryan Anderson,Vince Carter,Charlie Villanueva,Dan Gadzuric,Luc Richard Mbah a Moute,Ramon Sessions,Richard Jefferson,3,6:27,NJN,rebound,,,,,,,,,,Bobby Simmons,,,,,,def,,
Bobby Simmons,Brook Lopez,Devin Harris,Ryan Anderson,Vince Carter,Charlie Villanueva,Dan Gadzuric,Luc Richard Mbah a Moute,Ramon Sessions,Richard Jefferson,3,6:17,MIL,foul,,,,,,,,Brook Lopez,,Richard Jefferson,,,,,,shooting,,
Bobby Simmons,Brook Lopez,Devin Harris,Ryan Anderson,Vince Carter,Charlie Villanueva,Dan Gadzuric,Luc Richard Mbah a Moute,Ramon Sessions,Richard Jefferson,3,6:17,NJN,free throw,,,,,,,1,,2,Brook Lopez,,,foul,made,,,,
Bobby Simmons,Brook Lopez,Devin Harris,Ryan Anderson,Vince Carter,Charlie Villanueva,Dan Gadzuric,Luc Richard Mbah a Moute,Ramon Sessions,Richard Jefferson,3,6:17,NJN,free throw,,,,,,,2,,2,Brook Lopez,,,foul,made,,,,
Bobby Simmons,Brook Lopez,Devin Harris,Ryan Anderson,Vince Carter,Charlie Villanueva,Dan Gadzuric,Luc Richard Mbah a Moute,Ramon Sessions,Richard Jefferson,3,6:08,MIL,shot,,,,,,,,,,Ramon Sessions,,,,missed,,layup,25,6
Bobby Simmons,Brook Lopez,Devin Harris,Ryan Anderson,Vince Carter,Charlie Villanueva,Dan Gadzuric,Luc Richard Mbah a Moute,Ramon Sessions,Richard Jefferson,3,6:07,NJN,rebound,,,,,,,,,,Brook Lopez,,,,,,def,,
Bobby Simmons,Brook Lopez,Devin Harris,Ryan Anderson,Vince Carter,Charlie Villanueva,Dan Gadzuric,Luc Richard Mbah a Moute,Ramon Sessions,Richard Jefferson,3,5:55,MIL,foul,,,,,,,,Devin Harris,,Ramon Sessions,,,,,,personal,,
Bobby Simmons,Brook Lopez,Devin Harris,Ryan Anderson,Vince Carter,Charlie Villanueva,Dan Gadzuric,Luc Richard Mbah a Moute,Ramon Sessions,Richard Jefferson,3,5:46,NJN,turnover,,,,,,,,,,Devin Harris,,,lost ball,,Dan Gadzuric,,,
Bobby Simmons,Brook Lopez,Devin Harris,Ryan Anderson,Vince Carter,Charlie Villanueva,Dan Gadzuric,Luc Richard Mbah a Moute,Ramon Sessions,Richard Jefferson,3,5:43,NJN,foul,,,,,,,,Richard Jefferson,,Vince Carter,,,,,,shooting,,
Bobby Simmons,Brook Lopez,Devin Harris,Ryan Anderson,Vince Carter,Charlie Villanueva,Dan Gadzuric,Luc Richard Mbah a Moute,Ramon Sessions,Richard Jefferson,3,5:43,NJN,foul,,,,,,,,,,Devin Harris,,,,,,technical,,
Bobby Simmons,Brook Lopez,Devin Harris,Ryan Anderson,Vince Carter,Charlie Villanueva,Dan Gadzuric,Luc Richard Mbah a Moute,Ramon Sessions,Richard Jefferson,3,5:43,MIL,free throw,,,,,,,1,,1,Richard Jefferson,,,technical,made,,,,
Bobby Simmons,Brook Lopez,Devin Harris,Ryan Anderson,Vince Carter,Charlie Villanueva,Dan Gadzuric,Luc Richard Mbah a Moute,Ramon Sessions,Richard Jefferson,3,5:43,MIL,free throw,,,,,,,1,,2,Richard Jefferson,,,foul,made,,,,
Bobby Simmons,Brook Lopez,Devin Harris,Ryan Anderson,Vince Carter,Charlie Villanueva,Dan Gadzuric,Luc Richard Mbah a Moute,Ramon Sessions,Richard Jefferson,3,5:43,MIL,free throw,,,,,,,2,,2,Richard Jefferson,,,foul,made,,,,
Bobby Simmons,Brook Lopez,Devin Harris,Ryan Anderson,Vince Carter,Charlie Villanueva,Dan Gadzuric,Luc Richard Mbah a Moute,Ramon Sessions,Richard Jefferson,3,5:22,NJN,shot,,,,,,,,,,Vince Carter,,,,missed,,layup,25,6
Bobby Simmons,Brook Lopez,Devin Harris,Ryan Anderson,Vince Carter,Charlie Villanueva,Dan Gadzuric,Luc Richard Mbah a Moute,Ramon Sessions,Richard Jefferson,3,5:20,NJN,shot,,,,,,,,,,Brook Lopez,2,,,made,,dunk,25,6
Bobby Simmons,Brook Lopez,Devin Harris,Ryan Anderson,Vince Carter,Charlie Villanueva,Dan Gadzuric,Luc Richard Mbah a Moute,Ramon Sessions,Richard Jefferson,3,5:20,NJN,rebound,,,,,,,,,,Brook Lopez,,,,,,off,,
Bobby Simmons,Brook Lopez,Devin Harris,Ryan Anderson,Vince Carter,Charlie Villanueva,Dan Gadzuric,Luc Richard Mbah a Moute,Ramon Sessions,Richard Jefferson,3,5:12,MIL,foul,,,,,,,,Vince Carter,,Ramon Sessions,,,,,,offensive,,
Bobby Simmons,Brook Lopez,Devin Harris,Ryan Anderson,Vince Carter,Charlie Villanueva,Dan Gadzuric,Luc Richard Mbah a Moute,Ramon Sessions,Richard Jefferson,3,5:12,MIL,turnover,,,,,,,,,,Ramon Sessions,,,foul,,,,,
Bobby Simmons,Brook Lopez,Keyon Dooling,Ryan Anderson,Vince Carter,Charlie Villanueva,Dan Gadzuric,Luc Richard Mbah a Moute,Ramon Sessions,Richard Jefferson,3,5:12,NJN,sub,,,,Keyon Dooling,,Devin Harris,,,,,,,,,,,,
Bobby Simmons,Brook Lopez,Keyon Dooling,Ryan Anderson,Vince Carter,Charlie Villanueva,Dan Gadzuric,Luc Richard Mbah a Moute,Ramon Sessions,Richard Jefferson,3,4:55,NJN,shot,,,,,,,,,,Keyon Dooling,,,,missed,,3pt,42,25
Bobby Simmons,Brook Lopez,Keyon Dooling,Ryan Anderson,Vince Carter,Charlie Villanueva,Dan Gadzuric,Luc Richard Mbah a Moute,Ramon Sessions,Richard Jefferson,3,4:54,MIL,rebound,,,,,,,,,,Dan Gadzuric,,,,,,def,,
Bobby Simmons,Brook Lopez,Keyon Dooling,Ryan Anderson,Vince Carter,Charlie Villanueva,Dan Gadzuric,Luc Richard Mbah a Moute,Ramon Sessions,Richard Jefferson,3,4:54,NJN,foul,,,,,,,,Dan Gadzuric,,Ryan Anderson,,,,,,loose ball,,
Bobby Simmons,Brook Lopez,Keyon Dooling,Ryan Anderson,Vince Carter,Charlie Villanueva,Dan Gadzuric,Luc Richard Mbah a Moute,Ramon Sessions,Richard Jefferson,3,4:54,MIL,free throw,,,,,,,1,,2,Dan Gadzuric,,,foul,missed,,,,
Bobby Simmons,Brook Lopez,Keyon Dooling,Ryan Anderson,Vince Carter,Charlie Villanueva,Dan Gadzuric,Luc Richard Mbah a Moute,Ramon Sessions,Richard Jefferson,3,4:54,MIL,rebound,,,,,,,,,,,,,,,,,,
Bobby Simmons,Brook Lopez,Keyon Dooling,Ryan Anderson,Vince Carter,Charlie Villanueva,Dan Gadzuric,Luc Richard Mbah a Moute,Ramon Sessions,Richard Jefferson,3,4:54,MIL,free throw,,,,,,,2,,2,Dan Gadzuric,,,foul,missed,,,,
Bobby Simmons,Brook Lopez,Keyon Dooling,Ryan Anderson,Vince Carter,Charlie Villanueva,Dan Gadzuric,Luc Richard Mbah a Moute,Ramon Sessions,Richard Jefferson,3,4:53,NJN,rebound,,,,,,,,,,Brook Lopez,,,,,,def,,
Bobby Simmons,Brook Lopez,Keyon Dooling,Ryan Anderson,Vince Carter,Charlie Villanueva,Dan Gadzuric,Luc Richard Mbah a Moute,Ramon Sessions,Richard Jefferson,3,4:37,MIL,foul,,,,,,,,Ryan Anderson,,Dan Gadzuric,,,,,,personal,,
Bobby Simmons,Brook Lopez,Keyon Dooling,Ryan Anderson,Vince Carter,Charlie Villanueva,Dan Gadzuric,Luc Richard Mbah a Moute,Ramon Sessions,Richard Jefferson,3,4:37,NJN,free throw,,,,,,,1,,2,Ryan Anderson,,,foul,made,,,,
Bobby Simmons,Brook Lopez,Keyon Dooling,Ryan Anderson,Vince Carter,Charlie Villanueva,Dan Gadzuric,Luc Richard Mbah a Moute,Ramon Sessions,Richard Jefferson,3,4:37,NJN,free throw,,,,,,,2,,2,Ryan Anderson,,,foul,made,,,,
Bobby Simmons,Brook Lopez,Keyon Dooling,Ryan Anderson,Vince Carter,Charlie Villanueva,Dan Gadzuric,Luc Richard Mbah a Moute,Ramon Sessions,Richard Jefferson,3,4:26,MIL,shot,,,,,,,,,,Ramon Sessions,,,,missed,,jump,31,8
Bobby Simmons,Brook Lopez,Keyon Dooling,Ryan Anderson,Vince Carter,Charlie Villanueva,Dan Gadzuric,Luc Richard Mbah a Moute,Ramon Sessions,Richard Jefferson,3,4:25,NJN,rebound,,,,,,,,,,Brook Lopez,,,,,,def,,
Bobby Simmons,Brook Lopez,Keyon Dooling,Ryan Anderson,Vince Carter,Charlie Villanueva,Dan Gadzuric,Luc Richard Mbah a Moute,Ramon Sessions,Richard Jefferson,3,4:12,NJN,turnover,,,,,,,,,,Brook Lopez,,,bad pass,,Ramon Sessions,,,
Bobby Simmons,Brook Lopez,Keyon Dooling,Ryan Anderson,Vince Carter,Charlie Villanueva,Dan Gadzuric,Luc Richard Mbah a Moute,Ramon Sessions,Richard Jefferson,3,4:06,MIL,shot,,,,,,,,,,Richard Jefferson,,,,missed,,layup,25,6
Bobby Simmons,Brook Lopez,Keyon Dooling,Ryan Anderson,Vince Carter,Charlie Villanueva,Dan Gadzuric,Luc Richard Mbah a Moute,Ramon Sessions,Richard Jefferson,3,4:05,MIL,shot,,,,,,,,,,Charlie Villanueva,,,,missed,,tip,25,6
Bobby Simmons,Brook Lopez,Keyon Dooling,Ryan Anderson,Vince Carter,Charlie Villanueva,Dan Gadzuric,Luc Richard Mbah a Moute,Ramon Sessions,Richard Jefferson,3,4:05,MIL,rebound,,,,,,,,,,Charlie Villanueva,,,,,,off,,
Bobby Simmons,Brook Lopez,Keyon Dooling,Ryan Anderson,Vince Carter,Charlie Villanueva,Dan Gadzuric,Luc Richard Mbah a Moute,Ramon Sessions,Richard Jefferson,3,4:04,NJN,rebound,,,,,,,,,,Ryan Anderson,,,,,,def,,
Bobby Simmons,Brook Lopez,Keyon Dooling,Ryan Anderson,Vince Carter,Charlie Villanueva,Dan Gadzuric,Luc Richard Mbah a Moute,Ramon Sessions,Richard Jefferson,3,3:48,NJN,shot,Bobby Simmons,,,,,,,,,Brook Lopez,2,,,made,,jump,30,7
Bobby Simmons,Brook Lopez,Keyon Dooling,Ryan Anderson,Vince Carter,Charlie Villanueva,Dan Gadzuric,Luc Richard Mbah a Moute,Ramon Sessions,Richard Jefferson,3,3:25,MIL,shot,Dan Gadzuric,,,,,,,,,Charlie Villanueva,3,,,made,,3pt,41,27
Bobby Simmons,Brook Lopez,Keyon Dooling,Ryan Anderson,Vince Carter,Charlie Villanueva,Dan Gadzuric,Luc Richard Mbah a Moute,Ramon Sessions,Richard Jefferson,3,3:07,NJN,shot,,,,,,,,,,Vince Carter,,,,missed,,jump,13,18
Bobby Simmons,Brook Lopez,Keyon Dooling,Ryan Anderson,Vince Carter,Charlie Villanueva,Dan Gadzuric,Luc Richard Mbah a Moute,Ramon Sessions,Richard Jefferson,3,3:06,MIL,rebound,,,,,,,,,,Charlie Villanueva,,,,,,def,,
Bobby Simmons,Brook Lopez,Keyon Dooling,Ryan Anderson,Vince Carter,Charlie Villanueva,Dan Gadzuric,Luc Richard Mbah a Moute,Ramon Sessions,Richard Jefferson,3,2:57,MIL,shot,,,,,,,,,,Ramon Sessions,2,,,made,,layup,25,6
Bobby Simmons,Brook Lopez,Keyon Dooling,Ryan Anderson,Vince Carter,Charlie Villanueva,Dan Gadzuric,Luc Richard Mbah a Moute,Ramon Sessions,Richard Jefferson,3,2:37,NJN,shot,,,,,,,,,,Vince Carter,,,,missed,,layup,25,6
Bobby Simmons,Brook Lopez,Keyon Dooling,Ryan Anderson,Vince Carter,Charlie Villanueva,Dan Gadzuric,Luc Richard Mbah a Moute,Ramon Sessions,Richard Jefferson,3,2:36,MIL,rebound,,,,,,,,,,Charlie Villanueva,,,,,,def,,
Bobby Simmons,Brook Lopez,Keyon Dooling,Ryan Anderson,Vince Carter,Charlie Villanueva,Dan Gadzuric,Luc Richard Mbah a Moute,Ramon Sessions,Richard Jefferson,3,2:31,MIL,timeout,,,,,,,,,,,,,,,,regular,,
Bobby Simmons,Brook Lopez,Keyon Dooling,Ryan Anderson,Vince Carter,Charlie Villanueva,Dan Gadzuric,Luc Richard Mbah a Moute,Luke Ridnour,Richard Jefferson,3,2:31,MIL,sub,,,,Luke Ridnour,,Ramon Sessions,,,,,,,,,,,,
Bobby Simmons,Keyon Dooling,Ryan Anderson,Sean Williams,Vince Carter,Charlie Villanueva,Dan Gadzuric,Luc Richard Mbah a Moute,Luke Ridnour,Richard Jefferson,3,2:31,NJN,sub,,,,Sean Williams,,Brook Lopez,,,,,,,,,,,,
Jarvis Hayes,Keyon Dooling,Ryan Anderson,Sean Williams,Vince Carter,Charlie Villanueva,Dan Gadzuric,Luc Richard Mbah a Moute,Luke Ridnour,Richard Jefferson,3,2:31,NJN,sub,,,,Jarvis Hayes,,Bobby Simmons,,,,,,,,,,,,
Jarvis Hayes,Keyon Dooling,Ryan Anderson,Sean Williams,Vince Carter,Charlie Villanueva,Dan Gadzuric,Luc Richard Mbah a Moute,Luke Ridnour,Richard Jefferson,3,2:15,MIL,shot,Luke Ridnour,,,,,,,,,Dan Gadzuric,2,,,made,,jump,15,14
Jarvis Hayes,Keyon Dooling,Ryan Anderson,Sean Williams,Vince Carter,Charlie Villanueva,Dan Gadzuric,Luc Richard Mbah a Moute,Luke Ridnour,Richard Jefferson,3,1:57,NJN,shot,Vince Carter,,,,,,,,,Ryan Anderson,3,,,made,,3pt,48,5
Jarvis Hayes,Keyon Dooling,Ryan Anderson,Sean Williams,Vince Carter,Charlie Villanueva,Dan Gadzuric,Luc Richard Mbah a Moute,Luke Ridnour,Richard Jefferson,3,1:42,NJN,foul,,,,,,,,Richard Jefferson,,Sean Williams,,,,,,shooting,,
Jarvis Hayes,Keyon Dooling,Ryan Anderson,Sean Williams,Vince Carter,Charlie Villanueva,Dan Gadzuric,Luc Richard Mbah a Moute,Luke Ridnour,Richard Jefferson,3,1:42,MIL,free throw,,,,,,,1,,2,Richard Jefferson,,,foul,made,,,,
Jarvis Hayes,Keyon Dooling,Ryan Anderson,Sean Williams,Vince Carter,Charlie Villanueva,Dan Gadzuric,Keith Bogans,Luke Ridnour,Richard Jefferson,3,1:42,MIL,sub,,,,Keith Bogans,,Luc Richard Mbah a Moute,,,,,,,,,,,,
Jarvis Hayes,Keyon Dooling,Ryan Anderson,Sean Williams,Vince Carter,Charlie Villanueva,Dan Gadzuric,Keith Bogans,Luke Ridnour,Richard Jefferson,3,1:42,MIL,free throw,,,,,,,2,,2,Richard Jefferson,,,foul,made,,,,
Jarvis Hayes,Keyon Dooling,Ryan Anderson,Sean Williams,Vince Carter,Charlie Villanueva,Dan Gadzuric,Keith Bogans,Luke Ridnour,Richard Jefferson,3,1:20,NJN,shot,,,,,,,,,,Sean Williams,,,,missed,,jump,35,20
Jarvis Hayes,Keyon Dooling,Ryan Anderson,Sean Williams,Vince Carter,Charlie Villanueva,Dan Gadzuric,Keith Bogans,Luke Ridnour,Richard Jefferson,3,1:18,MIL,rebound,,,,,,,,,,Charlie Villanueva,,,,,,def,,
Jarvis Hayes,Keyon Dooling,Ryan Anderson,Sean Williams,Vince Carter,Charlie Villanueva,Dan Gadzuric,Keith Bogans,Luke Ridnour,Richard Jefferson,3,0:55,MIL,shot,,,,,,,,,,Keith Bogans,,,,missed,,3pt,1,16
Jarvis Hayes,Keyon Dooling,Ryan Anderson,Sean Williams,Vince Carter,Charlie Villanueva,Dan Gadzuric,Keith Bogans,Luke Ridnour,Richard Jefferson,3,0:53,MIL,shot,,,,,,,,,,Luke Ridnour,,,,missed,,jump,32,6
Jarvis Hayes,Keyon Dooling,Ryan Anderson,Sean Williams,Vince Carter,Charlie Villanueva,Dan Gadzuric,Keith Bogans,Luke Ridnour,Richard Jefferson,3,0:53,MIL,rebound,,,,,,,,,,Luke Ridnour,,,,,,off,,
Jarvis Hayes,Keyon Dooling,Ryan Anderson,Sean Williams,Vince Carter,Charlie Villanueva,Dan Gadzuric,Keith Bogans,Luke Ridnour,Richard Jefferson,3,0:52,MIL,rebound,,,,,,,,,,Dan Gadzuric,,,,,,off,,
Jarvis Hayes,Keyon Dooling,Ryan Anderson,Sean Williams,Vince Carter,Charlie Villanueva,Dan Gadzuric,Keith Bogans,Luke Ridnour,Richard Jefferson,3,0:50,MIL,shot,,,,,,,,,,Charlie Villanueva,,,,missed,,3pt,35,28
Jarvis Hayes,Keyon Dooling,Ryan Anderson,Sean Williams,Vince Carter,Charlie Villanueva,Dan Gadzuric,Keith Bogans,Luke Ridnour,Richard Jefferson,3,0:47,NJN,rebound,,,,,,,,,,Jarvis Hayes,,,,,,def,,
Jarvis Hayes,Keyon Dooling,Ryan Anderson,Sean Williams,Vince Carter,Charlie Villanueva,Dan Gadzuric,Keith Bogans,Luke Ridnour,Richard Jefferson,3,0:24,MIL,foul,,,,,,,,Ryan Anderson,,Dan Gadzuric,,,,,,shooting,,
Jarvis Hayes,Keyon Dooling,Ryan Anderson,Sean Williams,Vince Carter,Charlie Villanueva,Dan Gadzuric,Keith Bogans,Luke Ridnour,Richard Jefferson,3,0:24,NJN,free throw,,,,,,,1,,2,Ryan Anderson,,,foul,made,,,,
Devin Harris,Jarvis Hayes,Keyon Dooling,Ryan Anderson,Sean Williams,Charlie Villanueva,Dan Gadzuric,Keith Bogans,Luke Ridnour,Richard Jefferson,3,0:24,NJN,sub,,,,Devin Harris,,Vince Carter,,,,,,,,,,,,
Devin Harris,Jarvis Hayes,Keyon Dooling,Ryan Anderson,Sean Williams,Charlie Villanueva,Dan Gadzuric,Keith Bogans,Luke Ridnour,Richard Jefferson,3,0:24,NJN,free throw,,,,,,,2,,2,Ryan Anderson,,,foul,made,,,,
Devin Harris,Jarvis Hayes,Keyon Dooling,Ryan Anderson,Sean Williams,Charlie Villanueva,Dan Gadzuric,Keith Bogans,Luke Ridnour,Richard Jefferson,3,0:01,MIL,shot,,,,,,,,,,Richard Jefferson,,,,missed,,layup,25,6
Devin Harris,Jarvis Hayes,Keyon Dooling,Ryan Anderson,Sean Williams,Charlie Villanueva,Dan Gadzuric,Keith Bogans,Luke Ridnour,Richard Jefferson,3,0:00,MIL,shot,,,,,,,,,,Richard Jefferson,,,,missed,,tip,25,6
Devin Harris,Jarvis Hayes,Keyon Dooling,Ryan Anderson,Sean Williams,Charlie Villanueva,Dan Gadzuric,Keith Bogans,Luke Ridnour,Richard Jefferson,3,0:00,MIL,rebound,,,,,,,,,,Richard Jefferson,,,,,,off,,
Devin Harris,Jarvis Hayes,Keyon Dooling,Ryan Anderson,Sean Williams,Charlie Villanueva,Dan Gadzuric,Keith Bogans,Luke Ridnour,Richard Jefferson,3,0:00,NJN,rebound,,,,,,,,,,Ryan Anderson,,,,,,def,,
Devin Harris,Jarvis Hayes,Keyon Dooling,Ryan Anderson,Sean Williams,Charlie Villanueva,Dan Gadzuric,Keith Bogans,Luke Ridnour,Richard Jefferson,4,11:47,MIL,turnover,,,,,,,,,,Richard Jefferson,,,bad pass,,Keyon Dooling,,,
Devin Harris,Jarvis Hayes,Keyon Dooling,Ryan Anderson,Sean Williams,Charlie Villanueva,Dan Gadzuric,Keith Bogans,Luke Ridnour,Richard Jefferson,4,11:42,NJN,shot,,,,,,,,,,Keyon Dooling,2,,,made,,dunk,25,6
Devin Harris,Jarvis Hayes,Keyon Dooling,Ryan Anderson,Sean Williams,Charlie Villanueva,Dan Gadzuric,Keith Bogans,Luke Ridnour,Richard Jefferson,4,11:21,MIL,shot,Keith Bogans,,,,,,,,,Luke Ridnour,3,,,made,,3pt,10,29
Devin Harris,Jarvis Hayes,Keyon Dooling,Ryan Anderson,Sean Williams,Charlie Villanueva,Dan Gadzuric,Keith Bogans,Luke Ridnour,Richard Jefferson,4,11:04,NJN,shot,Devin Harris,,,,,,,,,Ryan Anderson,3,,,made,,3pt,46,21
Devin Harris,Jarvis Hayes,Keyon Dooling,Ryan Anderson,Sean Williams,Charlie Villanueva,Dan Gadzuric,Keith Bogans,Luke Ridnour,Richard Jefferson,4,10:49,MIL,turnover,,,,,,,,,,Richard Jefferson,,,lost ball,,Devin Harris,,,
Devin Harris,Jarvis Hayes,Keyon Dooling,Ryan Anderson,Sean Williams,Charlie Villanueva,Dan Gadzuric,Keith Bogans,Luke Ridnour,Richard Jefferson,4,10:45,NJN,shot,Devin Harris,,,,,,,,,Ryan Anderson,2,,,made,,layup,25,6
Devin Harris,Jarvis Hayes,Keyon Dooling,Ryan Anderson,Sean Williams,Charlie Villanueva,Dan Gadzuric,Keith Bogans,Luke Ridnour,Richard Jefferson,4,10:45,MIL,foul,,,,,,,,Ryan Anderson,,Luke Ridnour,,,,,,shooting,,
Brook Lopez,Devin Harris,Jarvis Hayes,Keyon Dooling,Ryan Anderson,Charlie Villanueva,Dan Gadzuric,Keith Bogans,Luke Ridnour,Richard Jefferson,4,10:45,NJN,sub,,,,Brook Lopez,,Sean Williams,,,,,,,,,,,,
Brook Lopez,Devin Harris,Jarvis Hayes,Keyon Dooling,Ryan Anderson,Charlie Villanueva,Dan Gadzuric,Keith Bogans,Luke Ridnour,Richard Jefferson,4,10:45,NJN,free throw,,,,,,,1,,1,Ryan Anderson,,,foul,made,,,,
Brook Lopez,Devin Harris,Jarvis Hayes,Keyon Dooling,Ryan Anderson,Charlie Villanueva,Dan Gadzuric,Keith Bogans,Luke Ridnour,Richard Jefferson,4,10:33,MIL,turnover,,,,,,,,,,Keith Bogans,,,bad pass,,Devin Harris,,,
Brook Lopez,Devin Harris,Jarvis Hayes,Keyon Dooling,Ryan Anderson,Charlie Villanueva,Dan Gadzuric,Keith Bogans,Luke Ridnour,Richard Jefferson,4,10:30,NJN,shot,,,,,,,,,,Devin Harris,2,,,made,,layup,25,6
Brook Lopez,Devin Harris,Jarvis Hayes,Keyon Dooling,Ryan Anderson,Charlie Villanueva,Dan Gadzuric,Keith Bogans,Luke Ridnour,Richard Jefferson,4,10:29,MIL,timeout,,,,,,,,,,,,,,,,regular,,
Brook Lopez,Devin Harris,Jarvis Hayes,Keyon Dooling,Ryan Anderson,Charlie Villanueva,Keith Bogans,Luke Ridnour,Malik Allen,Richard Jefferson,4,10:29,MIL,sub,,,,Malik Allen,,Dan Gadzuric,,,,,,,,,,,,
Brook Lopez,Devin Harris,Jarvis Hayes,Keyon Dooling,Ryan Anderson,Charlie Villanueva,Keith Bogans,Luke Ridnour,Malik Allen,Richard Jefferson,4,10:17,MIL,turnover,,,,,,,,,,Luke Ridnour,,,bad pass,,Ryan Anderson,,,
Brook Lopez,Devin Harris,Jarvis Hayes,Keyon Dooling,Ryan Anderson,Charlie Villanueva,Keith Bogans,Luke Ridnour,Malik Allen,Richard Jefferson,4,9:57,NJN,shot,,,Malik Allen,,,,,,,Devin Harris,,,,missed,,layup,25,6
Brook Lopez,Devin Harris,Jarvis Hayes,Keyon Dooling,Ryan Anderson,Charlie Villanueva,Keith Bogans,Luke Ridnour,Malik Allen,Richard Jefferson,4,9:54,MIL,rebound,,,,,,,,,,Malik Allen,,,,,,def,,
Brook Lopez,Devin Harris,Jarvis Hayes,Keyon Dooling,Ryan Anderson,Charlie Villanueva,Keith Bogans,Luke Ridnour,Malik Allen,Richard Jefferson,4,9:41,MIL,shot,,,,,,,,,,Keith Bogans,,,,missed,,3pt,,
Brook Lopez,Devin Harris,Jarvis Hayes,Keyon Dooling,Ryan Anderson,Charlie Villanueva,Keith Bogans,Luke Ridnour,Malik Allen,Richard Jefferson,4,9:40,NJN,rebound,,,,,,,,,,Brook Lopez,,,,,,def,,
Brook Lopez,Devin Harris,Jarvis Hayes,Keyon Dooling,Ryan Anderson,Charlie Villanueva,Keith Bogans,Luke Ridnour,Malik Allen,Richard Jefferson,4,9:21,NJN,foul,,,,,,,,Malik Allen,,Ryan Anderson,,,,,,offensive,,
Brook Lopez,Devin Harris,Jarvis Hayes,Keyon Dooling,Ryan Anderson,Charlie Villanueva,Keith Bogans,Luke Ridnour,Malik Allen,Richard Jefferson,4,9:21,NJN,turnover,,,,,,,,,,Ryan Anderson,,,foul,,,,,
Brook Lopez,Devin Harris,Jarvis Hayes,Keyon Dooling,Ryan Anderson,Charlie Villanueva,Keith Bogans,Luke Ridnour,Malik Allen,Richard Jefferson,4,9:08,MIL,shot,Malik Allen,,,,,,,,,Luke Ridnour,2,,,made,,jump,29,18
Brook Lopez,Devin Harris,Jarvis Hayes,Keyon Dooling,Ryan Anderson,Charlie Villanueva,Keith Bogans,Luke Ridnour,Malik Allen,Richard Jefferson,4,8:56,MIL,foul,,,,,,,,Keyon Dooling,,Malik Allen,,,,,,shooting,,
Brook Lopez,Devin Harris,Jarvis Hayes,Keyon Dooling,Ryan Anderson,Charlie Villanueva,Keith Bogans,Luke Ridnour,Malik Allen,Richard Jefferson,4,8:56,NJN,free throw,,,,,,,1,,2,Keyon Dooling,,,foul,made,,,,
Brook Lopez,Devin Harris,Jarvis Hayes,Keyon Dooling,Ryan Anderson,Charlie Villanueva,Keith Bogans,Luke Ridnour,Malik Allen,Richard Jefferson,4,8:56,NJN,free throw,,,,,,,2,,2,Keyon Dooling,,,foul,made,,,,
Brook Lopez,Devin Harris,Jarvis Hayes,Keyon Dooling,Ryan Anderson,Charlie Villanueva,Keith Bogans,Luke Ridnour,Malik Allen,Richard Jefferson,4,8:40,MIL,shot,,,,,,,,,,Richard Jefferson,,,,missed,,3pt,49,5
Brook Lopez,Devin Harris,Jarvis Hayes,Keyon Dooling,Ryan Anderson,Charlie Villanueva,Keith Bogans,Luke Ridnour,Malik Allen,Richard Jefferson,4,8:38,NJN,rebound,,,,,,,,,,Jarvis Hayes,,,,,,def,,
Brook Lopez,Devin Harris,Jarvis Hayes,Keyon Dooling,Ryan Anderson,Charlie Villanueva,Keith Bogans,Luke Ridnour,Malik Allen,Richard Jefferson,4,8:27,NJN,shot,,,,,,,,,,Brook Lopez,,,,missed,,jump,39,20
Brook Lopez,Devin Harris,Jarvis Hayes,Keyon Dooling,Ryan Anderson,Charlie Villanueva,Keith Bogans,Luke Ridnour,Malik Allen,Richard Jefferson,4,8:26,MIL,rebound,,,,,,,,,,Keith Bogans,,,,,,def,,
Brook Lopez,Devin Harris,Jarvis Hayes,Keyon Dooling,Ryan Anderson,Charlie Villanueva,Keith Bogans,Luke Ridnour,Malik Allen,Richard Jefferson,4,8:15,MIL,shot,,,,,,,,,,Malik Allen,,,,missed,,jump,15,13
Brook Lopez,Devin Harris,Jarvis Hayes,Keyon Dooling,Ryan Anderson,Charlie Villanueva,Keith Bogans,Luke Ridnour,Malik Allen,Richard Jefferson,4,8:14,NJN,rebound,,,,,,,,,,Keyon Dooling,,,,,,def,,
Brook Lopez,Devin Harris,Jarvis Hayes,Keyon Dooling,Ryan Anderson,Charlie Villanueva,Keith Bogans,Luke Ridnour,Malik Allen,Richard Jefferson,4,8:01,NJN,turnover,,,,,,,,,,Devin Harris,,,lost ball,,Luke Ridnour,,,
Brook Lopez,Devin Harris,Jarvis Hayes,Keyon Dooling,Ryan Anderson,Charlie Villanueva,Keith Bogans,Luke Ridnour,Malik Allen,Richard Jefferson,4,7:56,MIL,shot,Keith Bogans,,,,,,,,,Charlie Villanueva,2,,,made,,layup,25,6
Brook Lopez,Devin Harris,Jarvis Hayes,Keyon Dooling,Ryan Anderson,Charlie Villanueva,Keith Bogans,Luke Ridnour,Malik Allen,Richard Jefferson,4,7:33,NJN,turnover,,,,,,,,,,Brook Lopez,,,lost ball,,Luke Ridnour,,,
Brook Lopez,Devin Harris,Jarvis Hayes,Keyon Dooling,Ryan Anderson,Charlie Villanueva,Keith Bogans,Luke Ridnour,Malik Allen,Richard Jefferson,4,7:29,MIL,shot,,,,,,,,,,Luke Ridnour,,,,missed,,jump,29,9
Brook Lopez,Devin Harris,Jarvis Hayes,Keyon Dooling,Ryan Anderson,Charlie Villanueva,Keith Bogans,Luke Ridnour,Malik Allen,Richard Jefferson,4,7:27,MIL,rebound,,,,,,,,,,Luke Ridnour,,,,,,off,,
Brook Lopez,Devin Harris,Jarvis Hayes,Keyon Dooling,Ryan Anderson,Charlie Villanueva,Keith Bogans,Luke Ridnour,Malik Allen,Richard Jefferson,4,7:24,MIL,shot,,,,,,,,,,Richard Jefferson,,,,missed,,3pt,4,19
Brook Lopez,Devin Harris,Jarvis Hayes,Keyon Dooling,Ryan Anderson,Charlie Villanueva,Keith Bogans,Luke Ridnour,Malik Allen,Richard Jefferson,4,7:23,NJN,rebound,,,,,,,,,,Keyon Dooling,,,,,,def,,
Brook Lopez,Devin Harris,Jarvis Hayes,Keyon Dooling,Ryan Anderson,Charlie Villanueva,Keith Bogans,Luke Ridnour,Malik Allen,Richard Jefferson,4,7:07,NJN,shot,,,,,,,,,,Devin Harris,,,,missed,,jump,25,24
Brook Lopez,Devin Harris,Jarvis Hayes,Keyon Dooling,Ryan Anderson,Charlie Villanueva,Keith Bogans,Luke Ridnour,Malik Allen,Richard Jefferson,4,7:06,MIL,rebound,,,,,,,,,,Charlie Villanueva,,,,,,def,,
Brook Lopez,Devin Harris,Jarvis Hayes,Keyon Dooling,Ryan Anderson,Charlie Villanueva,Keith Bogans,Luke Ridnour,Malik Allen,Richard Jefferson,4,6:47,MIL,shot,,,,,,,,,,Keith Bogans,,,,missed,,layup,25,6
Brook Lopez,Devin Harris,Jarvis Hayes,Keyon Dooling,Ryan Anderson,Charlie Villanueva,Keith Bogans,Luke Ridnour,Malik Allen,Richard Jefferson,4,6:46,NJN,rebound,,,,,,,,,,Jarvis Hayes,,,,,,def,,
Brook Lopez,Devin Harris,Jarvis Hayes,Keyon Dooling,Ryan Anderson,Charlie Villanueva,Keith Bogans,Luke Ridnour,Malik Allen,Richard Jefferson,4,6:40,NJN,shot,,,,,,,,,,Devin Harris,,,,missed,,3pt,42,26
Brook Lopez,Devin Harris,Jarvis Hayes,Keyon Dooling,Ryan Anderson,Charlie Villanueva,Keith Bogans,Luke Ridnour,Malik Allen,Richard Jefferson,4,6:38,NJN,rebound,,,,,,,,,,Devin Harris,,,,,,off,,
Brook Lopez,Devin Harris,Jarvis Hayes,Keyon Dooling,Ryan Anderson,Charlie Villanueva,Keith Bogans,Luke Ridnour,Malik Allen,Richard Jefferson,4,6:34,NJN,turnover,,,,,,,,,,Devin Harris,,,out of bounds lost ball turnover,,,,,
Brook Lopez,Devin Harris,Jarvis Hayes,Keyon Dooling,Vince Carter,Charlie Villanueva,Keith Bogans,Luke Ridnour,Malik Allen,Richard Jefferson,4,6:34,NJN,sub,,,,Vince Carter,,Ryan Anderson,,,,,,,,,,,,
Brook Lopez,Devin Harris,Jarvis Hayes,Keyon Dooling,Vince Carter,Charlie Villanueva,Luke Ridnour,Malik Allen,Ramon Sessions,Richard Jefferson,4,6:34,MIL,sub,,,,Ramon Sessions,,Keith Bogans,,,,,,,,,,,,
Brook Lopez,Devin Harris,Jarvis Hayes,Keyon Dooling,Vince Carter,Charlie Villanueva,Luke Ridnour,Malik Allen,Ramon Sessions,Richard Jefferson,4,6:21,MIL,shot,,,Brook Lopez,,,,,,,Richard Jefferson,,,,missed,,jump,18,7
Brook Lopez,Devin Harris,Jarvis Hayes,Keyon Dooling,Vince Carter,Charlie Villanueva,Luke Ridnour,Malik Allen,Ramon Sessions,Richard Jefferson,4,6:20,MIL,rebound,,,,,,,,,,Charlie Villanueva,,,,,,off,,
Brook Lopez,Devin Harris,Jarvis Hayes,Keyon Dooling,Vince Carter,Charlie Villanueva,Luke Ridnour,Malik Allen,Ramon Sessions,Richard Jefferson,4,6:19,MIL,shot,,,,,,,,,,Charlie Villanueva,2,,,made,,layup,25,6
Brook Lopez,Devin Harris,Jarvis Hayes,Keyon Dooling,Vince Carter,Charlie Villanueva,Luke Ridnour,Malik Allen,Ramon Sessions,Richard Jefferson,4,6:06,NJN,shot,,,,,,,,,,Vince Carter,,,,missed,,jump,17,12
Brook Lopez,Devin Harris,Jarvis Hayes,Keyon Dooling,Vince Carter,Charlie Villanueva,Luke Ridnour,Malik Allen,Ramon Sessions,Richard Jefferson,4,6:05,MIL,rebound,,,,,,,,,,Richard Jefferson,,,,,,def,,
Brook Lopez,Devin Harris,Jarvis Hayes,Keyon Dooling,Vince Carter,Charlie Villanueva,Luke Ridnour,Malik Allen,Ramon Sessions,Richard Jefferson,4,5:43,MIL,shot,,,,,,,,,,Ramon Sessions,2,,,made,,layup,25,6
Brook Lopez,Devin Harris,Jarvis Hayes,Keyon Dooling,Vince Carter,Charlie Villanueva,Luke Ridnour,Malik Allen,Ramon Sessions,Richard Jefferson,4,5:42,NJN,timeout,,,,,,,,,,,,,,,,regular,,
Brook Lopez,Devin Harris,Jarvis Hayes,Keyon Dooling,Vince Carter,Charlie Villanueva,Luke Ridnour,Malik Allen,Ramon Sessions,Richard Jefferson,4,5:27,NJN,shot,Devin Harris,,,,,,,,,Brook Lopez,2,,,made,,layup,25,6
Brook Lopez,Devin Harris,Jarvis Hayes,Keyon Dooling,Vince Carter,Charlie Villanueva,Luke Ridnour,Malik Allen,Ramon Sessions,Richard Jefferson,4,5:27,MIL,foul,,,,,,,,Brook Lopez,,Malik Allen,,,,,,shooting,,
Brook Lopez,Devin Harris,Jarvis Hayes,Keyon Dooling,Vince Carter,Charlie Villanueva,Luke Ridnour,Malik Allen,Ramon Sessions,Richard Jefferson,4,5:27,NJN,free throw,,,,,,,1,,1,Brook Lopez,,,foul,made,,,,
Brook Lopez,Devin Harris,Jarvis Hayes,Keyon Dooling,Vince Carter,Charlie Villanueva,Luke Ridnour,Malik Allen,Ramon Sessions,Richard Jefferson,4,5:15,MIL,shot,Ramon Sessions,,,,,,,,,Luke Ridnour,3,,,made,,3pt,23,33
Brook Lopez,Devin Harris,Jarvis Hayes,Keyon Dooling,Vince Carter,Charlie Villanueva,Luke Ridnour,Malik Allen,Ramon Sessions,Richard Jefferson,4,4:51,NJN,shot,,,,,,,,,,Jarvis Hayes,,,,missed,,jump,16,26
Brook Lopez,Devin Harris,Jarvis Hayes,Keyon Dooling,Vince Carter,Charlie Villanueva,Luke Ridnour,Malik Allen,Ramon Sessions,Richard Jefferson,4,4:50,MIL,rebound,,,,,,,,,,Luke Ridnour,,,,,,def,,
Brook Lopez,Devin Harris,Jarvis Hayes,Keyon Dooling,Vince Carter,Charlie Villanueva,Luke Ridnour,Malik Allen,Ramon Sessions,Richard Jefferson,4,4:46,MIL,shot,Luke Ridnour,,,,,,,,,Richard Jefferson,2,,,made,,layup,25,6
Brook Lopez,Devin Harris,Jarvis Hayes,Keyon Dooling,Vince Carter,Charlie Villanueva,Luke Ridnour,Malik Allen,Ramon Sessions,Richard Jefferson,4,4:46,NJN,foul,,,,,,,,Richard Jefferson,,Brook Lopez,,,,,,shooting,,
Brook Lopez,Devin Harris,Jarvis Hayes,Keyon Dooling,Vince Carter,Charlie Villanueva,Luke Ridnour,Malik Allen,Ramon Sessions,Richard Jefferson,4,4:46,MIL,free throw,,,,,,,1,,1,Richard Jefferson,,,foul,made,,,,
Brook Lopez,Devin Harris,Jarvis Hayes,Keyon Dooling,Vince Carter,Charlie Villanueva,Luke Ridnour,Malik Allen,Ramon Sessions,Richard Jefferson,4,4:28,NJN,shot,,,Ramon Sessions,,,,,,,Devin Harris,,,,missed,,layup,25,6
Brook Lopez,Devin Harris,Jarvis Hayes,Keyon Dooling,Vince Carter,Charlie Villanueva,Luke Ridnour,Malik Allen,Ramon Sessions,Richard Jefferson,4,4:26,MIL,rebound,,,,,,,,,,Malik Allen,,,,,,def,,
Brook Lopez,Devin Harris,Jarvis Hayes,Keyon Dooling,Vince Carter,Charlie Villanueva,Luke Ridnour,Malik Allen,Ramon Sessions,Richard Jefferson,4,4:18,MIL,shot,,,,,,,,,,Charlie Villanueva,,,,missed,,3pt,8,26
Brook Lopez,Devin Harris,Jarvis Hayes,Keyon Dooling,Vince Carter,Charlie Villanueva,Luke Ridnour,Malik Allen,Ramon Sessions,Richard Jefferson,4,4:17,NJN,rebound,,,,,,,,,,,,,,,,,,
Brook Lopez,Devin Harris,Jarvis Hayes,Keyon Dooling,Vince Carter,Charlie Villanueva,Luke Ridnour,Malik Allen,Ramon Sessions,Richard Jefferson,4,4:02,NJN,shot,Devin Harris,,,,,,,,,Vince Carter,3,,,made,,3pt,47,8
Brook Lopez,Devin Harris,Jarvis Hayes,Keyon Dooling,Vince Carter,Charlie Villanueva,Luke Ridnour,Malik Allen,Ramon Sessions,Richard Jefferson,4,3:47,MIL,shot,,,,,,,,,,Ramon Sessions,,,,missed,,jump,24,11
Brook Lopez,Devin Harris,Jarvis Hayes,Keyon Dooling,Vince Carter,Charlie Villanueva,Luke Ridnour,Malik Allen,Ramon Sessions,Richard Jefferson,4,3:45,MIL,rebound,,,,,,,,,,Charlie Villanueva,,,,,,off,,
Brook Lopez,Devin Harris,Jarvis Hayes,Keyon Dooling,Vince Carter,Charlie Villanueva,Luke Ridnour,Malik Allen,Ramon Sessions,Richard Jefferson,4,3:43,MIL,turnover,,,,,,,,,,Charlie Villanueva,,,bad pass,,Devin Harris,,,
Brook Lopez,Devin Harris,Jarvis Hayes,Keyon Dooling,Vince Carter,Charlie Villanueva,Luke Ridnour,Malik Allen,Ramon Sessions,Richard Jefferson,4,3:34,NJN,shot,Devin Harris,,,,,,,,,Jarvis Hayes,3,,,made,,3pt,48,5
Brook Lopez,Devin Harris,Jarvis Hayes,Keyon Dooling,Vince Carter,Charlie Villanueva,Luke Ridnour,Malik Allen,Ramon Sessions,Richard Jefferson,4,3:16,MIL,shot,Richard Jefferson,,,,,,,,,Malik Allen,2,,,made,,jump,11,6
Brook Lopez,Devin Harris,Jarvis Hayes,Keyon Dooling,Vince Carter,Charlie Villanueva,Luke Ridnour,Malik Allen,Ramon Sessions,Richard Jefferson,4,2:55,NJN,shot,,,,,,,,,,Devin Harris,2,,,made,,layup,25,6
Brook Lopez,Devin Harris,Jarvis Hayes,Keyon Dooling,Vince Carter,Charlie Villanueva,Luke Ridnour,Malik Allen,Ramon Sessions,Richard Jefferson,4,2:36,MIL,shot,,,Brook Lopez,,,,,,,Richard Jefferson,,,,missed,,layup,25,6
Brook Lopez,Devin Harris,Jarvis Hayes,Keyon Dooling,Vince Carter,Charlie Villanueva,Luke Ridnour,Malik Allen,Ramon Sessions,Richard Jefferson,4,2:36,NJN,rebound,,,,,,,,,,,,,,,,,,
Brook Lopez,Devin Harris,Jarvis Hayes,Keyon Dooling,Vince Carter,Charlie Villanueva,Luke Ridnour,Malik Allen,Ramon Sessions,Richard Jefferson,4,2:36,OFF,timeout,,,,,,,,,,,,,,,,official,,
Brook Lopez,Devin Harris,Jarvis Hayes,Keyon Dooling,Vince Carter,Charlie Villanueva,Luke Ridnour,Malik Allen,Ramon Sessions,Richard Jefferson,4,2:19,NJN,shot,Devin Harris,,,,,,,,,Keyon Dooling,3,,,made,,3pt,2,7
Brook Lopez,Devin Harris,Jarvis Hayes,Keyon Dooling,Vince Carter,Charlie Villanueva,Luke Ridnour,Malik Allen,Ramon Sessions,Richard Jefferson,4,2:06,MIL,shot,,,,,,,,,,Luke Ridnour,,,,missed,,jump,19,9
Brook Lopez,Devin Harris,Jarvis Hayes,Keyon Dooling,Vince Carter,Charlie Villanueva,Luke Ridnour,Malik Allen,Ramon Sessions,Richard Jefferson,4,2:05,NJN,rebound,,,,,,,,,,Brook Lopez,,,,,,def,,
Brook Lopez,Devin Harris,Jarvis Hayes,Keyon Dooling,Vince Carter,Charlie Villanueva,Luke Ridnour,Malik Allen,Ramon Sessions,Richard Jefferson,4,1:44,NJN,shot,Devin Harris,,,,,,,,,Keyon Dooling,3,,,made,,3pt,2,17
Brook Lopez,Devin Harris,Jarvis Hayes,Keyon Dooling,Vince Carter,Charlie Villanueva,Luke Ridnour,Malik Allen,Ramon Sessions,Richard Jefferson,4,1:44,MIL,timeout,,,,,,,,,,,,,,,,short,,
Brook Lopez,Devin Harris,Jarvis Hayes,Keyon Dooling,Vince Carter,Charlie Villanueva,Luke Ridnour,Malik Allen,Ramon Sessions,Richard Jefferson,4,1:34,MIL,shot,Charlie Villanueva,,,,,,,,,Ramon Sessions,2,,,made,,running jump,31,10
Brook Lopez,Devin Harris,Jarvis Hayes,Keyon Dooling,Vince Carter,Charlie Villanueva,Luke Ridnour,Malik Allen,Ramon Sessions,Richard Jefferson,4,1:17,NJN,shot,,,,,,,,,,Jarvis Hayes,,,,missed,,3pt,45,23
Brook Lopez,Devin Harris,Jarvis Hayes,Keyon Dooling,Vince Carter,Charlie Villanueva,Luke Ridnour,Malik Allen,Ramon Sessions,Richard Jefferson,4,1:16,MIL,rebound,,,,,,,,,,Richard Jefferson,,,,,,def,,
Brook Lopez,Devin Harris,Jarvis Hayes,Keyon Dooling,Vince Carter,Charlie Villanueva,Luke Ridnour,Malik Allen,Ramon Sessions,Richard Jefferson,4,1:06,MIL,shot,,,,,,,,,,Charlie Villanueva,,,,missed,,jump,18,14
Brook Lopez,Devin Harris,Jarvis Hayes,Keyon Dooling,Vince Carter,Charlie Villanueva,Luke Ridnour,Malik Allen,Ramon Sessions,Richard Jefferson,4,1:05,NJN,rebound,,,,,,,,,,Jarvis Hayes,,,,,,def,,
Brook Lopez,Devin Harris,Jarvis Hayes,Keyon Dooling,Vince Carter,Charlie Villanueva,Luke Ridnour,Malik Allen,Ramon Sessions,Richard Jefferson,4,0:51,NJN,turnover,,,,,,,,,,Devin Harris,,,out of bounds lost ball turnover,,,,,
Brook Lopez,Devin Harris,Jarvis Hayes,Keyon Dooling,Vince Carter,Charlie Villanueva,Luke Ridnour,Malik Allen,Ramon Sessions,Richard Jefferson,4,0:42,MIL,shot,,,,,,,,,,Malik Allen,,,,missed,,jump,24,18
Brook Lopez,Devin Harris,Jarvis Hayes,Keyon Dooling,Vince Carter,Charlie Villanueva,Luke Ridnour,Malik Allen,Ramon Sessions,Richard Jefferson,4,0:41,MIL,rebound,,,,,,,,,,Luke Ridnour,,,,,,off,,
Brook Lopez,Devin Harris,Jarvis Hayes,Keyon Dooling,Vince Carter,Charlie Villanueva,Luke Ridnour,Malik Allen,Ramon Sessions,Richard Jefferson,4,0:31,MIL,shot,Richard Jefferson,,,,,,,,,Charlie Villanueva,2,,,made,,jump,35,11
Brook Lopez,Devin Harris,Jarvis Hayes,Keyon Dooling,Vince Carter,Charlie Villanueva,Luke Ridnour,Malik Allen,Ramon Sessions,Richard Jefferson,4,0:31,NJN,timeout,,,,,,,,,,,,,,,,regular,,
Brook Lopez,Devin Harris,Jarvis Hayes,Keyon Dooling,Vince Carter,Luc Richard Mbah a Moute,Luke Ridnour,Malik Allen,Ramon Sessions,Richard Jefferson,4,0:31,MIL,sub,,,,Luc Richard Mbah a Moute,,Charlie Villanueva,,,,,,,,,,,,
Brook Lopez,Devin Harris,Jarvis Hayes,Keyon Dooling,Vince Carter,Charlie Bell,Luc Richard Mbah a Moute,Malik Allen,Ramon Sessions,Richard Jefferson,4,0:31,MIL,sub,,,,Charlie Bell,,Luke Ridnour,,,,,,,,,,,,
Brook Lopez,Devin Harris,Jarvis Hayes,Keyon Dooling,Vince Carter,Charlie Bell,Luc Richard Mbah a Moute,Malik Allen,Ramon Sessions,Richard Jefferson,4,0:18,NJN,shot,Vince Carter,,,,,,,,,Jarvis Hayes,3,,,made,,3pt,49,8
Brook Lopez,Devin Harris,Jarvis Hayes,Keyon Dooling,Vince Carter,Charlie Bell,Luc Richard Mbah a Moute,Malik Allen,Ramon Sessions,Richard Jefferson,4,0:18,MIL,timeout,,,,,,,,,,,,,,,,regular,,
Brook Lopez,Devin Harris,Jarvis Hayes,Keyon Dooling,Vince Carter,Charlie Villanueva,Luc Richard Mbah a Moute,Malik Allen,Ramon Sessions,Richard Jefferson,4,0:18,MIL,sub,,,,Charlie Villanueva,,Charlie Bell,,,,,,,,,,,,
Brook Lopez,Devin Harris,Jarvis Hayes,Keyon Dooling,Vince Carter,Charlie Villanueva,Luke Ridnour,Malik Allen,Ramon Sessions,Richard Jefferson,4,0:18,MIL,sub,,,,Luke Ridnour,,Luc Richard Mbah a Moute,,,,,,,,,,,,
Devin Harris,Jarvis Hayes,Keyon Dooling,Trenton Hassell,Vince Carter,Charlie Villanueva,Luke Ridnour,Malik Allen,Ramon Sessions,Richard Jefferson,4,0:18,NJN,sub,,,,Trenton Hassell,,Brook Lopez,,,,,,,,,,,,
Devin Harris,Jarvis Hayes,Keyon Dooling,Trenton Hassell,Vince Carter,Charlie Villanueva,Luke Ridnour,Malik Allen,Ramon Sessions,Richard Jefferson,4,0:10,MIL,shot,,,,,,,,,,Malik Allen,,,,missed,,jump,21,7
Devin Harris,Jarvis Hayes,Keyon Dooling,Trenton Hassell,Vince Carter,Charlie Villanueva,Luke Ridnour,Malik Allen,Ramon Sessions,Richard Jefferson,4,0:09,MIL,rebound,,,,,,,,,,Charlie Villanueva,,,,,,off,,
Devin Harris,Jarvis Hayes,Keyon Dooling,Trenton Hassell,Vince Carter,Charlie Villanueva,Luke Ridnour,Malik Allen,Ramon Sessions,Richard Jefferson,4,0:09,NJN,foul,,,,,,,,Charlie Villanueva,,Trenton Hassell,,,,,,shooting,,
Brook Lopez,Devin Harris,Jarvis Hayes,Keyon Dooling,Vince Carter,Charlie Villanueva,Luke Ridnour,Malik Allen,Ramon Sessions,Richard Jefferson,4,0:09,NJN,sub,,,,Brook Lopez,,Trenton Hassell,,,,,,,,,,,,
Brook Lopez,Devin Harris,Jarvis Hayes,Keyon Dooling,Vince Carter,Charlie Villanueva,Luc Richard Mbah a Moute,Luke Ridnour,Ramon Sessions,Richard Jefferson,4,0:09,MIL,sub,,,,Luc Richard Mbah a Moute,,Malik Allen,,,,,,,,,,,,
Brook Lopez,Devin Harris,Jarvis Hayes,Keyon Dooling,Vince Carter,Charlie Villanueva,Luc Richard Mbah a Moute,Luke Ridnour,Ramon Sessions,Richard Jefferson,4,0:09,MIL,free throw,,,,,,,1,,2,Charlie Villanueva,,,foul,made,,,,
Brook Lopez,Devin Harris,Jarvis Hayes,Keyon Dooling,Vince Carter,Charlie Villanueva,Luc Richard Mbah a Moute,Luke Ridnour,Ramon Sessions,Richard Jefferson,4,0:09,MIL,free throw,,,,,,,2,,2,Charlie Villanueva,,,foul,made,,,,
Brook Lopez,Devin Harris,Jarvis Hayes,Keyon Dooling,Vince Carter,Charlie Villanueva,Luc Richard Mbah a Moute,Luke Ridnour,Ramon Sessions,Richard Jefferson,4,0:08,MIL,foul,,,,,,,,Devin Harris,,Luc Richard Mbah a Moute,,,,,,personal,,
Brook Lopez,Devin Harris,Jarvis Hayes,Keyon Dooling,Vince Carter,Charlie Villanueva,Luc Richard Mbah a Moute,Luke Ridnour,Ramon Sessions,Richard Jefferson,4,0:07,MIL,foul,,,,,,,,Devin Harris,,Ramon Sessions,,,,,,personal,,
Devin Harris,Jarvis Hayes,Keyon Dooling,Trenton Hassell,Vince Carter,Charlie Villanueva,Luc Richard Mbah a Moute,Luke Ridnour,Ramon Sessions,Richard Jefferson,4,0:07,NJN,sub,,,,Trenton Hassell,,Brook Lopez,,,,,,,,,,,,
Devin Harris,Jarvis Hayes,Keyon Dooling,Trenton Hassell,Vince Carter,Charlie Villanueva,Luc Richard Mbah a Moute,Luke Ridnour,Ramon Sessions,Richard Jefferson,4,0:07,NJN,free throw,,,,,,,1,,2,Devin Harris,,,foul,made,,,,
Devin Harris,Jarvis Hayes,Keyon Dooling,Trenton Hassell,Vince Carter,Charlie Villanueva,Luc Richard Mbah a Moute,Malik Allen,Ramon Sessions,Richard Jefferson,4,0:07,MIL,sub,,,,Malik Allen,,Luke Ridnour,,,,,,,,,,,,
Devin Harris,Jarvis Hayes,Keyon Dooling,Trenton Hassell,Vince Carter,Charlie Villanueva,Luc Richard Mbah a Moute,Malik Allen,Ramon Sessions,Richard Jefferson,4,0:07,NJN,free throw,,,,,,,2,,2,Devin Harris,,,foul,made,,,,
Devin Harris,Jarvis Hayes,Keyon Dooling,Trenton Hassell,Vince Carter,Charlie Villanueva,Luc Richard Mbah a Moute,Malik Allen,Ramon Sessions,Richard Jefferson,4,0:07,MIL,timeout,,,,,,,,,,,,,,,,short,,
Devin Harris,Jarvis Hayes,Keyon Dooling,Trenton Hassell,Vince Carter,Charlie Villanueva,Luke Ridnour,Malik Allen,Ramon Sessions,Richard Jefferson,4,0:07,MIL,sub,,,,Luke Ridnour,,Luc Richard Mbah a Moute,,,,,,,,,,,,
Devin Harris,Jarvis Hayes,Keyon Dooling,Trenton Hassell,Vince Carter,Charlie Villanueva,Luke Ridnour,Malik Allen,Ramon Sessions,Richard Jefferson,4,0:04,NJN,foul,,,,,,,,Richard Jefferson,,Jarvis Hayes,,,,,,personal,,
Brook Lopez,Devin Harris,Jarvis Hayes,Keyon Dooling,Vince Carter,Charlie Villanueva,Luke Ridnour,Malik Allen,Ramon Sessions,Richard Jefferson,4,0:04,NJN,sub,,,,Brook Lopez,,Trenton Hassell,,,,,,,,,,,,
Brook Lopez,Devin Harris,Jarvis Hayes,Keyon Dooling,Vince Carter,Charlie Villanueva,Luke Ridnour,Malik Allen,Ramon Sessions,Richard Jefferson,4,0:04,MIL,free throw,,,,,,,1,,2,Richard Jefferson,,,foul,made,,,,
Brook Lopez,Devin Harris,Jarvis Hayes,Keyon Dooling,Vince Carter,Charlie Villanueva,Luc Richard Mbah a Moute,Luke Ridnour,Ramon Sessions,Richard Jefferson,4,0:04,MIL,sub,,,,Luc Richard Mbah a Moute,,Malik Allen,,,,,,,,,,,,
Brook Lopez,Devin Harris,Jarvis Hayes,Keyon Dooling,Vince Carter,Charlie Villanueva,Luc Richard Mbah a Moute,Luke Ridnour,Ramon Sessions,Richard Jefferson,4,0:04,MIL,free throw,,,,,,,2,,2,Richard Jefferson,,,foul,made,,,,
Brook Lopez,Devin Harris,Jarvis Hayes,Keyon Dooling,Vince Carter,Charlie Villanueva,Luc Richard Mbah a Moute,Luke Ridnour,Ramon Sessions,Richard Jefferson,4,0:04,NJN,timeout,,,,,,,,,,,,,,,,short,,
Brook Lopez,Devin Harris,Jarvis Hayes,Keyon Dooling,Vince Carter,Charlie Villanueva,Luc Richard Mbah a Moute,Luke Ridnour,Ramon Sessions,Richard Jefferson,4,0:03,MIL,foul,,,,,,,,Devin Harris,,Ramon Sessions,,,,,,personal,,
Brook Lopez,Devin Harris,Jarvis Hayes,Keyon Dooling,Vince Carter,Charlie Villanueva,Luc Richard Mbah a Moute,Luke Ridnour,Ramon Sessions,Richard Jefferson,4,0:03,NJN,free throw,,,,,,,1,,2,Devin Harris,,,foul,made,,,,
Brook Lopez,Devin Harris,Jarvis Hayes,Keyon Dooling,Vince Carter,Charlie Villanueva,Luc Richard Mbah a Moute,Luke Ridnour,Ramon Sessions,Richard Jefferson,4,0:03,NJN,free throw,,,,,,,2,,2,Devin Harris,,,foul,made,,,,
Devin Harris,Jarvis Hayes,Keyon Dooling,Trenton Hassell,Vince Carter,Charlie Villanueva,Luc Richard Mbah a Moute,Luke Ridnour,Ramon Sessions,Richard Jefferson,4,0:03,NJN,sub,,,,Trenton Hassell,,Brook Lopez,,,,,,,,,,,,
Devin Harris,Jarvis Hayes,Keyon Dooling,Trenton Hassell,Vince Carter,Charlie Villanueva,Luc Richard Mbah a Moute,Luke Ridnour,Ramon Sessions,Richard Jefferson,4,0:02,NJN,foul,,,,,,,,Charlie Villanueva,,Trenton Hassell,,,,,,personal,,
Devin Harris,Jarvis Hayes,Keyon Dooling,Trenton Hassell,Vince Carter,Charlie Villanueva,Francisco Elson,Luc Richard Mbah a Moute,Luke Ridnour,Richard Jefferson,4,0:02,MIL,sub,,,,Francisco Elson,,Ramon Sessions,,,,,,,,,,,,
Devin Harris,Jarvis Hayes,Keyon Dooling,Trenton Hassell,Vince Carter,Charlie Villanueva,Francisco Elson,Luc Richard Mbah a Moute,Luke Ridnour,Richard Jefferson,4,0:02,MIL,free throw,,,,,,,1,,2,Charlie Villanueva,,,foul,made,,,,
Devin Harris,Jarvis Hayes,Keyon Dooling,Trenton Hassell,Vince Carter,Charlie Villanueva,Francisco Elson,Luc Richard Mbah a Moute,Luke Ridnour,Richard Jefferson,4,0:02,MIL,free throw,,,,,,,2,,2,Charlie Villanueva,,,foul,missed,,,,
Devin Harris,Jarvis Hayes,Keyon Dooling,Trenton Hassell,Vince Carter,Charlie Villanueva,Francisco Elson,Luc Richard Mbah a Moute,Luke Ridnour,Richard Jefferson,4,0:02,NJN,rebound,,,,,,,,,,Brook Lopez,,,,,,def,,
Brook Lopez,Devin Harris,Jarvis Hayes,Keyon Dooling,Vince Carter,Charlie Villanueva,Francisco Elson,Luc Richard Mbah a Moute,Luke Ridnour,Richard Jefferson,4,0:02,NJN,sub,,,,Brook Lopez,,Trenton Hassell,,,,,,,,,,,,
Brook Lopez,Devin Harris,Jarvis Hayes,Keyon Dooling,Vince Carter,Charlie Villanueva,Francisco Elson,Luc Richard Mbah a Moute,Luke Ridnour,Richard Jefferson,4,0:01,MIL,foul,,,,,,,,Brook Lopez,,Luke Ridnour,,,,,,personal,,
Brook Lopez,Devin Harris,Jarvis Hayes,Keyon Dooling,Vince Carter,Charlie Villanueva,Francisco Elson,Luc Richard Mbah a Moute,Luke Ridnour,Richard Jefferson,4,0:01,NJN,free throw,,,,,,,1,,2,Brook Lopez,,,foul,made,,,,
Brook Lopez,Devin Harris,Jarvis Hayes,Keyon Dooling,Vince Carter,Charlie Villanueva,Francisco Elson,Luc Richard Mbah a Moute,Luke Ridnour,Richard Jefferson,4,0:01,NJN,free throw,,,,,,,2,,2,Brook Lopez,,,foul,made,,,,
