a1,a2,a3,a4,a5,h1,h2,h3,h4,h5,period,time,team,etype,assist,away,block,entered,home,left,num,opponent,outof,player,points,possession,reason,result,steal,type,x,y
Al Harrington,Chris Duhon,David Lee,Jared Jeffries,Quentin Richardson,Danny Granger,Jeff Foster,Mike Dunleavy,T.J. Ford,Troy Murphy,1,12:00,OFF,jump ball,,Jared Jeffries,,,Jeff Foster,,,,,,,Troy Murphy,,,,,,
Al Harrington,Chris Duhon,David Lee,Jared Jeffries,Quentin Richardson,Danny Granger,Jeff Foster,Mike Dunleavy,T.J. Ford,Troy Murphy,1,11:50,IND,foul,,,,,,,,Jared Jeffries,,Jeff Foster,,,,,,offensive,,
Al Harrington,Chris Duhon,David Lee,Jared Jeffries,Quentin Richardson,Danny Granger,Jeff Foster,Mike Dunleavy,T.J. Ford,Troy Murphy,1,11:50,IND,turnover,,,,,,,,,,Jeff Foster,,,foul,,,,,
Al Harrington,Chris Duhon,David Lee,Jared Jeffries,Quentin Richardson,Danny Granger,Jeff Foster,Mike Dunleavy,T.J. Ford,Troy Murphy,1,11:38,NYK,shot,,,,,,,,,,David Lee,2,,,made,,jump,13,19
Al Harrington,Chris Duhon,David Lee,Jared Jeffries,Quentin Richardson,Danny Granger,Jeff Foster,Mike Dunleavy,T.J. Ford,Troy Murphy,1,11:26,IND,shot,,,,,,,,,,Mike Dunleavy,,,,missed,,3pt,1,8
Al Harrington,Chris Duhon,David Lee,Jared Jeffries,Quentin Richardson,Danny Granger,Jeff Foster,Mike Dunleavy,T.J. Ford,Troy Murphy,1,11:24,IND,rebound,,,,,,,,,,,,,,,,,,
Al Harrington,Chris Duhon,David Lee,Jared Jeffries,Quentin Richardson,Danny Granger,Jeff Foster,Mike Dunleavy,T.J. Ford,Troy Murphy,1,11:12,IND,shot,,,,,,,,,,Danny Granger,,,,missed,,jump,21,27
Al Harrington,Chris Duhon,David Lee,Jared Jeffries,Quentin Richardson,Danny Granger,Jeff Foster,Mike Dunleavy,T.J. Ford,Troy Murphy,1,11:11,NYK,rebound,,,,,,,,,,Jared Jeffries,,,,,,def,,
Al Harrington,Chris Duhon,David Lee,Jared Jeffries,Quentin Richardson,Danny Granger,Jeff Foster,Mike Dunleavy,T.J. Ford,Troy Murphy,1,11:02,NYK,shot,,,,,,,,,,Al Harrington,,,,missed,,3pt,48,13
Al Harrington,Chris Duhon,David Lee,Jared Jeffries,Quentin Richardson,Danny Granger,Jeff Foster,Mike Dunleavy,T.J. Ford,Troy Murphy,1,11:01,IND,rebound,,,,,,,,,,Danny Granger,,,,,,def,,
Al Harrington,Chris Duhon,David Lee,Jared Jeffries,Quentin Richardson,Danny Granger,Jeff Foster,Mike Dunleavy,T.J. Ford,Troy Murphy,1,10:52,IND,shot,T.J. Ford,,,,,,,,,Danny Granger,3,,,made,,3pt,33,30
Al Harrington,Chris Duhon,David Lee,Jared Jeffries,Quentin Richardson,Danny Granger,Jeff Foster,Mike Dunleavy,T.J. Ford,Troy Murphy,1,10:43,IND,foul,,,,,,,,David Lee,,Troy Murphy,,,,,,shooting,,
Al Harrington,Chris Duhon,David Lee,Jared Jeffries,Quentin Richardson,Danny Granger,Jeff Foster,Mike Dunleavy,T.J. Ford,Troy Murphy,1,10:43,NYK,free throw,,,,,,,1,,2,David Lee,,,foul,missed,,,,
Al Harrington,Chris Duhon,David Lee,Jared Jeffries,Quentin Richardson,Danny Granger,Jeff Foster,Mike Dunleavy,T.J. Ford,Troy Murphy,1,10:43,NYK,rebound,,,,,,,,,,,,,,,,,,
Al Harrington,Chris Duhon,David Lee,Jared Jeffries,Quentin Richardson,Danny Granger,Jeff Foster,Mike Dunleavy,T.J. Ford,Troy Murphy,1,10:43,NYK,free throw,,,,,,,2,,2,David Lee,,,foul,made,,,,
Al Harrington,Chris Duhon,David Lee,Jared Jeffries,Quentin Richardson,Danny Granger,Jeff Foster,Mike Dunleavy,T.J. Ford,Troy Murphy,1,10:31,IND,shot,,,,,,,,,,T.J. Ford,,,,missed,,pullup jump,25,12
Al Harrington,Chris Duhon,David Lee,Jared Jeffries,Quentin Richardson,Danny Granger,Jeff Foster,Mike Dunleavy,T.J. Ford,Troy Murphy,1,10:30,IND,rebound,,,,,,,,,,Jeff Foster,,,,,,off,,
Al Harrington,Chris Duhon,David Lee,Jared Jeffries,Quentin Richardson,Danny Granger,Jeff Foster,Mike Dunleavy,T.J. Ford,Troy Murphy,1,10:30,NYK,foul,,,,,,,,Jeff Foster,,Jared Jeffries,,,,,,shooting,,
Al Harrington,Chris Duhon,David Lee,Jared Jeffries,Quentin Richardson,Danny Granger,Jeff Foster,Mike Dunleavy,T.J. Ford,Troy Murphy,1,10:30,IND,free throw,,,,,,,1,,2,Jeff Foster,,,foul,made,,,,
Al Harrington,Chris Duhon,David Lee,Jared Jeffries,Quentin Richardson,Danny Granger,Jeff Foster,Mike Dunleavy,T.J. Ford,Troy Murphy,1,10:30,IND,free throw,,,,,,,2,,2,Jeff Foster,,,foul,missed,,,,
Al Harrington,Chris Duhon,David Lee,Jared Jeffries,Quentin Richardson,Danny Granger,Jeff Foster,Mike Dunleavy,T.J. Ford,Troy Murphy,1,10:30,NYK,rebound,,,,,,,,,,David Lee,,,,,,def,,
Al Harrington,Chris Duhon,David Lee,Jared Jeffries,Quentin Richardson,Danny Granger,Jeff Foster,Mike Dunleavy,T.J. Ford,Troy Murphy,1,10:19,NYK,shot,,,,,,,,,,Quentin Richardson,,,,missed,,jump,34,27
Al Harrington,Chris Duhon,David Lee,Jared Jeffries,Quentin Richardson,Danny Granger,Jeff Foster,Mike Dunleavy,T.J. Ford,Troy Murphy,1,10:18,NYK,rebound,,,,,,,,,,Jared Jeffries,,,,,,off,,
Al Harrington,Chris Duhon,David Lee,Jared Jeffries,Quentin Richardson,Danny Granger,Jeff Foster,Mike Dunleavy,T.J. Ford,Troy Murphy,1,10:03,NYK,shot,,,,,,,,,,Quentin Richardson,,,,missed,,3pt,4,21
Al Harrington,Chris Duhon,David Lee,Jared Jeffries,Quentin Richardson,Danny Granger,Jeff Foster,Mike Dunleavy,T.J. Ford,Troy Murphy,1,10:02,IND,rebound,,,,,,,,,,Troy Murphy,,,,,,def,,
Al Harrington,Chris Duhon,David Lee,Jared Jeffries,Quentin Richardson,Danny Granger,Jeff Foster,Mike Dunleavy,T.J. Ford,Troy Murphy,1,9:37,IND,shot,,,,,,,,,,Mike Dunleavy,,,,missed,,3pt,45,21
Al Harrington,Chris Duhon,David Lee,Jared Jeffries,Quentin Richardson,Danny Granger,Jeff Foster,Mike Dunleavy,T.J. Ford,Troy Murphy,1,9:36,NYK,rebound,,,,,,,,,,Quentin Richardson,,,,,,def,,
Al Harrington,Chris Duhon,David Lee,Jared Jeffries,Quentin Richardson,Danny Granger,Jeff Foster,Mike Dunleavy,T.J. Ford,Troy Murphy,1,9:28,NYK,shot,,,,,,,,,,Al Harrington,2,,,made,,driving finger roll layup,24,9
Al Harrington,Chris Duhon,David Lee,Jared Jeffries,Quentin Richardson,Danny Granger,Jeff Foster,Mike Dunleavy,T.J. Ford,Troy Murphy,1,9:19,IND,shot,,,,,,,,,,T.J. Ford,,,,missed,,jump,16,16
Al Harrington,Chris Duhon,David Lee,Jared Jeffries,Quentin Richardson,Danny Granger,Jeff Foster,Mike Dunleavy,T.J. Ford,Troy Murphy,1,9:18,NYK,rebound,,,,,,,,,,David Lee,,,,,,def,,
Al Harrington,Chris Duhon,David Lee,Jared Jeffries,Quentin Richardson,Danny Granger,Jeff Foster,Mike Dunleavy,T.J. Ford,Troy Murphy,1,9:12,NYK,shot,,,,,,,,,,Al Harrington,2,,,made,,jump,37,10
Al Harrington,Chris Duhon,David Lee,Jared Jeffries,Quentin Richardson,Danny Granger,Jeff Foster,Mike Dunleavy,T.J. Ford,Troy Murphy,1,8:53,IND,shot,Danny Granger,,,,,,,,,Jeff Foster,2,,,made,,layup,24,6
Al Harrington,Chris Duhon,David Lee,Jared Jeffries,Quentin Richardson,Danny Granger,Jeff Foster,Mike Dunleavy,T.J. Ford,Troy Murphy,1,8:44,NYK,shot,,,,,,,,,,Chris Duhon,2,,,made,,floating jump,35,13
Al Harrington,Chris Duhon,David Lee,Jared Jeffries,Quentin Richardson,Danny Granger,Jeff Foster,Mike Dunleavy,T.J. Ford,Troy Murphy,1,8:31,IND,shot,,,,,,,,,,T.J. Ford,2,,,made,,layup,25,7
Al Harrington,Chris Duhon,David Lee,Jared Jeffries,Quentin Richardson,Danny Granger,Jeff Foster,Mike Dunleavy,T.J. Ford,Troy Murphy,1,8:26,NYK,turnover,,,,,,,,,,Al Harrington,,,discontinue dribble,,,,,
Al Harrington,Chris Duhon,David Lee,Jared Jeffries,Quentin Richardson,Danny Granger,Jeff Foster,Mike Dunleavy,T.J. Ford,Troy Murphy,1,8:14,IND,shot,,,,,,,,,,Danny Granger,,,,missed,,step back jump,19,24
Al Harrington,Chris Duhon,David Lee,Jared Jeffries,Quentin Richardson,Danny Granger,Jeff Foster,Mike Dunleavy,T.J. Ford,Troy Murphy,1,8:12,IND,rebound,,,,,,,,,,Troy Murphy,,,,,,off,,
Al Harrington,Chris Duhon,David Lee,Jared Jeffries,Quentin Richardson,Danny Granger,Jeff Foster,Mike Dunleavy,T.J. Ford,Troy Murphy,1,8:09,IND,shot,,,,,,,,,,Danny Granger,,,,missed,,jump,16,21
Al Harrington,Chris Duhon,David Lee,Jared Jeffries,Quentin Richardson,Danny Granger,Jeff Foster,Mike Dunleavy,T.J. Ford,Troy Murphy,1,8:08,NYK,rebound,,,,,,,,,,Jared Jeffries,,,,,,def,,
Al Harrington,Chris Duhon,David Lee,Jared Jeffries,Quentin Richardson,Danny Granger,Jeff Foster,Mike Dunleavy,T.J. Ford,Troy Murphy,1,8:02,NYK,shot,,,,,,,,,,Chris Duhon,3,,,made,,3pt,38,27
Al Harrington,Chris Duhon,David Lee,Jared Jeffries,Quentin Richardson,Danny Granger,Jeff Foster,Mike Dunleavy,T.J. Ford,Troy Murphy,1,7:47,IND,shot,,,,,,,,,,Troy Murphy,,,,missed,,3pt,6,23
Al Harrington,Chris Duhon,David Lee,Jared Jeffries,Quentin Richardson,Danny Granger,Jeff Foster,Mike Dunleavy,T.J. Ford,Troy Murphy,1,7:46,NYK,rebound,,,,,,,,,,Quentin Richardson,,,,,,def,,
Al Harrington,Chris Duhon,David Lee,Jared Jeffries,Quentin Richardson,Danny Granger,Jeff Foster,Mike Dunleavy,T.J. Ford,Troy Murphy,1,7:41,NYK,shot,Jared Jeffries,,,,,,,,,Al Harrington,2,,,made,,driving finger roll layup,24,7
Al Harrington,Chris Duhon,David Lee,Jared Jeffries,Quentin Richardson,Danny Granger,Jeff Foster,Mike Dunleavy,T.J. Ford,Troy Murphy,1,7:23,IND,shot,,,Jared Jeffries,,,,,,,Danny Granger,,,,missed,,jump,27,8
Al Harrington,Chris Duhon,David Lee,Jared Jeffries,Quentin Richardson,Danny Granger,Jeff Foster,Mike Dunleavy,T.J. Ford,Troy Murphy,1,7:21,IND,rebound,,,,,,,,,,Danny Granger,,,,,,off,,
Al Harrington,Chris Duhon,David Lee,Jared Jeffries,Quentin Richardson,Danny Granger,Jeff Foster,Mike Dunleavy,T.J. Ford,Troy Murphy,1,7:19,IND,shot,,,,,,,,,,Danny Granger,,,,missed,,layup,25,9
Al Harrington,Chris Duhon,David Lee,Jared Jeffries,Quentin Richardson,Danny Granger,Jeff Foster,Mike Dunleavy,T.J. Ford,Troy Murphy,1,7:17,IND,shot,,,,,,,,,,Jeff Foster,2,,,made,,tip,24,9
Al Harrington,Chris Duhon,David Lee,Jared Jeffries,Quentin Richardson,Danny Granger,Jeff Foster,Mike Dunleavy,T.J. Ford,Troy Murphy,1,7:17,IND,rebound,,,,,,,,,,Jeff Foster,,,,,,off,,
Al Harrington,Chris Duhon,David Lee,Jared Jeffries,Quentin Richardson,Danny Granger,Jeff Foster,Mike Dunleavy,T.J. Ford,Troy Murphy,1,7:08,NYK,shot,,,,,,,,,,Al Harrington,,,,missed,,3pt,9,26
Al Harrington,Chris Duhon,David Lee,Jared Jeffries,Quentin Richardson,Danny Granger,Jeff Foster,Mike Dunleavy,T.J. Ford,Troy Murphy,1,7:07,IND,rebound,,,,,,,,,,Danny Granger,,,,,,def,,
Al Harrington,Chris Duhon,David Lee,Jared Jeffries,Quentin Richardson,Danny Granger,Jeff Foster,Mike Dunleavy,T.J. Ford,Troy Murphy,1,6:59,IND,turnover,,,,,,,,,,T.J. Ford,,,lost ball,,Al Harrington,,,
Al Harrington,Chris Duhon,David Lee,Jared Jeffries,Quentin Richardson,Danny Granger,Jeff Foster,Mike Dunleavy,T.J. Ford,Troy Murphy,1,6:43,NYK,shot,,,,,,,,,,Jared Jeffries,,,,missed,,3pt,1,8
Al Harrington,Chris Duhon,David Lee,Jared Jeffries,Quentin Richardson,Danny Granger,Jeff Foster,Mike Dunleavy,T.J. Ford,Troy Murphy,1,6:41,IND,rebound,,,,,,,,,,,,,,,,,,
Al Harrington,Chris Duhon,David Lee,Jared Jeffries,Quentin Richardson,Danny Granger,Jeff Foster,Mike Dunleavy,T.J. Ford,Troy Murphy,1,6:19,IND,shot,,,,,,,,,,T.J. Ford,2,,,made,,driving layup,23,6
Al Harrington,Chris Duhon,David Lee,Jared Jeffries,Quentin Richardson,Danny Granger,Jeff Foster,Mike Dunleavy,T.J. Ford,Troy Murphy,1,6:04,NYK,shot,Quentin Richardson,,,,,,,,,Al Harrington,2,,,made,,layup,23,6
Al Harrington,Chris Duhon,David Lee,Jared Jeffries,Quentin Richardson,Danny Granger,Jeff Foster,Mike Dunleavy,T.J. Ford,Troy Murphy,1,5:52,IND,turnover,,,,,,,,,,Mike Dunleavy,,,bad pass,,David Lee,,,
Al Harrington,Chris Duhon,David Lee,Jared Jeffries,Quentin Richardson,Danny Granger,Jeff Foster,Mike Dunleavy,T.J. Ford,Troy Murphy,1,5:45,NYK,shot,,,,,,,,,,Chris Duhon,,,,missed,,3pt,17,31
Al Harrington,Chris Duhon,David Lee,Jared Jeffries,Quentin Richardson,Danny Granger,Jeff Foster,Mike Dunleavy,T.J. Ford,Troy Murphy,1,5:43,IND,rebound,,,,,,,,,,Danny Granger,,,,,,def,,
Al Harrington,Chris Duhon,David Lee,Jared Jeffries,Quentin Richardson,Danny Granger,Jeff Foster,Mike Dunleavy,T.J. Ford,Troy Murphy,1,5:37,IND,shot,,,,,,,,,,Danny Granger,,,,missed,,jump,21,18
Al Harrington,Chris Duhon,David Lee,Jared Jeffries,Quentin Richardson,Danny Granger,Jeff Foster,Mike Dunleavy,T.J. Ford,Troy Murphy,1,5:36,NYK,rebound,,,,,,,,,,David Lee,,,,,,def,,
Al Harrington,Chris Duhon,David Lee,Jared Jeffries,Quentin Richardson,Danny Granger,Jeff Foster,Mike Dunleavy,T.J. Ford,Troy Murphy,1,5:31,NYK,turnover,,,,,,,,,,Al Harrington,,,bad pass,,T.J. Ford,,,
Al Harrington,Chris Duhon,David Lee,Jared Jeffries,Quentin Richardson,Danny Granger,Jeff Foster,Mike Dunleavy,T.J. Ford,Troy Murphy,1,5:25,IND,shot,,,,,,,,,,T.J. Ford,2,,,made,,driving layup,25,8
Al Harrington,Chris Duhon,David Lee,Jared Jeffries,Quentin Richardson,Danny Granger,Jeff Foster,Mike Dunleavy,T.J. Ford,Troy Murphy,1,5:06,NYK,shot,,,,,,,,,,Al Harrington,,,,missed,,step back jump,17,24
Al Harrington,Chris Duhon,David Lee,Jared Jeffries,Quentin Richardson,Danny Granger,Jeff Foster,Mike Dunleavy,T.J. Ford,Troy Murphy,1,5:06,IND,rebound,,,,,,,,,,Troy Murphy,,,,,,def,,
Al Harrington,Chris Duhon,David Lee,Jared Jeffries,Quentin Richardson,Danny Granger,Jeff Foster,Mike Dunleavy,T.J. Ford,Troy Murphy,1,5:00,IND,timeout,,,,,,,,,,,,,,,,regular,,
Chris Duhon,David Lee,Jared Jeffries,Quentin Richardson,Wilson Chandler,Danny Granger,Jeff Foster,Mike Dunleavy,T.J. Ford,Troy Murphy,1,5:00,NYK,sub,,,,Wilson Chandler,,Al Harrington,,,,,,,,,,,,
Chris Duhon,David Lee,Jared Jeffries,Nate Robinson,Wilson Chandler,Danny Granger,Jeff Foster,Mike Dunleavy,T.J. Ford,Troy Murphy,1,5:00,NYK,sub,,,,Nate Robinson,,Quentin Richardson,,,,,,,,,,,,
Chris Duhon,David Lee,Jared Jeffries,Nate Robinson,Wilson Chandler,Jarrett Jack,Jeff Foster,Mike Dunleavy,T.J. Ford,Troy Murphy,1,5:00,IND,sub,,,,Jarrett Jack,,Danny Granger,,,,,,,,,,,,
Chris Duhon,David Lee,Jared Jeffries,Nate Robinson,Wilson Chandler,Jarrett Jack,Mike Dunleavy,Rasho Nesterovic,T.J. Ford,Troy Murphy,1,5:00,IND,sub,,,,Rasho Nesterovic,,Jeff Foster,,,,,,,,,,,,
Chris Duhon,David Lee,Jared Jeffries,Nate Robinson,Wilson Chandler,Jarrett Jack,Mike Dunleavy,Rasho Nesterovic,T.J. Ford,Troy Murphy,1,4:53,IND,shot,Troy Murphy,,,,,,,,,Mike Dunleavy,2,,,made,,jump,34,26
Chris Duhon,David Lee,Jared Jeffries,Nate Robinson,Wilson Chandler,Jarrett Jack,Mike Dunleavy,Rasho Nesterovic,T.J. Ford,Troy Murphy,1,4:38,NYK,shot,,,,,,,,,,Wilson Chandler,,,,missed,,turnaround fade away,9,8
Chris Duhon,David Lee,Jared Jeffries,Nate Robinson,Wilson Chandler,Jarrett Jack,Mike Dunleavy,Rasho Nesterovic,T.J. Ford,Troy Murphy,1,4:37,NYK,rebound,,,,,,,,,,Jared Jeffries,,,,,,off,,
Chris Duhon,David Lee,Jared Jeffries,Nate Robinson,Wilson Chandler,Jarrett Jack,Mike Dunleavy,Rasho Nesterovic,T.J. Ford,Troy Murphy,1,4:31,NYK,shot,,,,,,,,,,David Lee,2,,,made,,pullup jump,25,15
Chris Duhon,David Lee,Jared Jeffries,Nate Robinson,Wilson Chandler,Jarrett Jack,Mike Dunleavy,Rasho Nesterovic,T.J. Ford,Troy Murphy,1,4:17,IND,turnover,,,,,,,,,,Jarrett Jack,,,traveling,,,,,
Chris Duhon,David Lee,Jared Jeffries,Nate Robinson,Wilson Chandler,Jarrett Jack,Mike Dunleavy,Rasho Nesterovic,T.J. Ford,Troy Murphy,1,4:09,NYK,foul,,,,,,,,Mike Dunleavy,,David Lee,,,,,,offensive,,
Chris Duhon,David Lee,Jared Jeffries,Nate Robinson,Wilson Chandler,Jarrett Jack,Mike Dunleavy,Rasho Nesterovic,T.J. Ford,Troy Murphy,1,4:09,NYK,turnover,,,,,,,,,,David Lee,,,foul,,,,,
Chris Duhon,David Lee,Jared Jeffries,Nate Robinson,Wilson Chandler,Jarrett Jack,Mike Dunleavy,Rasho Nesterovic,T.J. Ford,Troy Murphy,1,3:54,IND,shot,,,,,,,,,,Jarrett Jack,2,,,made,,jump,27,28
Chris Duhon,David Lee,Jared Jeffries,Nate Robinson,Wilson Chandler,Jarrett Jack,Mike Dunleavy,Rasho Nesterovic,T.J. Ford,Troy Murphy,1,3:41,IND,foul,,,,,,,,David Lee,,Rasho Nesterovic,,,,,,shooting,,
Chris Duhon,David Lee,Jared Jeffries,Nate Robinson,Wilson Chandler,Jarrett Jack,Mike Dunleavy,Rasho Nesterovic,T.J. Ford,Troy Murphy,1,3:41,NYK,free throw,,,,,,,1,,2,David Lee,,,foul,made,,,,
Chris Duhon,David Lee,Jared Jeffries,Nate Robinson,Wilson Chandler,Jarrett Jack,Maceo Baston,Mike Dunleavy,Rasho Nesterovic,T.J. Ford,1,3:41,IND,sub,,,,Maceo Baston,,Troy Murphy,,,,,,,,,,,,
Chris Duhon,David Lee,Jared Jeffries,Nate Robinson,Wilson Chandler,Jarrett Jack,Maceo Baston,Mike Dunleavy,Rasho Nesterovic,Travis Diener,1,3:41,IND,sub,,,,Travis Diener,,T.J. Ford,,,,,,,,,,,,
Chris Duhon,David Lee,Jared Jeffries,Nate Robinson,Wilson Chandler,Jarrett Jack,Maceo Baston,Mike Dunleavy,Rasho Nesterovic,Travis Diener,1,3:41,NYK,free throw,,,,,,,2,,2,David Lee,,,foul,made,,,,
Chris Duhon,David Lee,Jared Jeffries,Nate Robinson,Wilson Chandler,Jarrett Jack,Maceo Baston,Mike Dunleavy,Rasho Nesterovic,Travis Diener,1,3:20,IND,shot,,,,,,,,,,Maceo Baston,2,,,made,,jump,24,18
Chris Duhon,David Lee,Jared Jeffries,Nate Robinson,Wilson Chandler,Jarrett Jack,Maceo Baston,Mike Dunleavy,Rasho Nesterovic,Travis Diener,1,3:11,NYK,shot,Jared Jeffries,,,,,,,,,Chris Duhon,3,,,made,,3pt,49,7
Chris Duhon,David Lee,Jared Jeffries,Nate Robinson,Wilson Chandler,Jarrett Jack,Maceo Baston,Mike Dunleavy,Rasho Nesterovic,Travis Diener,1,2:58,IND,shot,,,,,,,,,,Rasho Nesterovic,2,,,made,,reverse layup,26,6
Chris Duhon,David Lee,Jared Jeffries,Nate Robinson,Wilson Chandler,Jarrett Jack,Maceo Baston,Mike Dunleavy,Rasho Nesterovic,Travis Diener,1,2:46,NYK,shot,Chris Duhon,,,,,,,,,Jared Jeffries,2,,,made,,jump,10,20
Chris Duhon,David Lee,Jared Jeffries,Nate Robinson,Wilson Chandler,Jarrett Jack,Maceo Baston,Mike Dunleavy,Rasho Nesterovic,Travis Diener,1,2:33,IND,turnover,,,,,,,,,,Travis Diener,,,bad pass,,Nate Robinson,,,
Chris Duhon,David Lee,Jared Jeffries,Nate Robinson,Wilson Chandler,Jarrett Jack,Maceo Baston,Mike Dunleavy,Rasho Nesterovic,Travis Diener,1,2:29,NYK,shot,,,,,,,,,,Nate Robinson,2,,,made,,layup,22,7
Chris Duhon,David Lee,Jared Jeffries,Nate Robinson,Wilson Chandler,Jarrett Jack,Maceo Baston,Mike Dunleavy,Rasho Nesterovic,Travis Diener,1,2:04,IND,shot,,,,,,,,,,Rasho Nesterovic,,,,missed,,turnaround jump,25,12
Chris Duhon,David Lee,Jared Jeffries,Nate Robinson,Wilson Chandler,Jarrett Jack,Maceo Baston,Mike Dunleavy,Rasho Nesterovic,Travis Diener,1,2:03,NYK,rebound,,,,,,,,,,Jared Jeffries,,,,,,def,,
Chris Duhon,David Lee,Jared Jeffries,Nate Robinson,Wilson Chandler,Jarrett Jack,Maceo Baston,Mike Dunleavy,Rasho Nesterovic,Travis Diener,1,1:51,NYK,shot,,,Travis Diener,,,,,,,Jared Jeffries,,,,missed,,layup,26,9
Chris Duhon,David Lee,Jared Jeffries,Nate Robinson,Wilson Chandler,Jarrett Jack,Maceo Baston,Mike Dunleavy,Rasho Nesterovic,Travis Diener,1,1:51,NYK,rebound,,,,,,,,,,,,,,,,,,
Chris Duhon,David Lee,Jared Jeffries,Nate Robinson,Wilson Chandler,Jarrett Jack,Maceo Baston,Mike Dunleavy,Rasho Nesterovic,Travis Diener,1,1:51,NYK,timeout,,,,,,,,,,,,,,,,regular,,
Chris Duhon,David Lee,Jared Jeffries,Nate Robinson,Wilson Chandler,Danny Granger,Jarrett Jack,Maceo Baston,Rasho Nesterovic,Travis Diener,1,1:51,IND,sub,,,,Danny Granger,,Mike Dunleavy,,,,,,,,,,,,
Chris Duhon,David Lee,Nate Robinson,Tim Thomas,Wilson Chandler,Danny Granger,Jarrett Jack,Maceo Baston,Rasho Nesterovic,Travis Diener,1,1:51,NYK,sub,,,,Tim Thomas,,Jared Jeffries,,,,,,,,,,,,
Chris Duhon,David Lee,Nate Robinson,Tim Thomas,Wilson Chandler,Danny Granger,Jarrett Jack,Maceo Baston,Rasho Nesterovic,Travis Diener,1,1:45,NYK,shot,,,,,,,,,,Tim Thomas,,,,missed,,jump,6,7
Chris Duhon,David Lee,Nate Robinson,Tim Thomas,Wilson Chandler,Danny Granger,Jarrett Jack,Maceo Baston,Rasho Nesterovic,Travis Diener,1,1:44,IND,rebound,,,,,,,,,,Jarrett Jack,,,,,,def,,
Chris Duhon,David Lee,Nate Robinson,Tim Thomas,Wilson Chandler,Danny Granger,Jarrett Jack,Maceo Baston,Rasho Nesterovic,Travis Diener,1,1:36,IND,shot,,,,,,,,,,Danny Granger,,,,missed,,3pt,37,29
Chris Duhon,David Lee,Nate Robinson,Tim Thomas,Wilson Chandler,Danny Granger,Jarrett Jack,Maceo Baston,Rasho Nesterovic,Travis Diener,1,1:35,IND,shot,,,,,,,,,,Rasho Nesterovic,,,,missed,,tip,24,8
Chris Duhon,David Lee,Nate Robinson,Tim Thomas,Wilson Chandler,Danny Granger,Jarrett Jack,Maceo Baston,Rasho Nesterovic,Travis Diener,1,1:35,IND,rebound,,,,,,,,,,Rasho Nesterovic,,,,,,off,,
Chris Duhon,David Lee,Nate Robinson,Tim Thomas,Wilson Chandler,Danny Granger,Jarrett Jack,Maceo Baston,Rasho Nesterovic,Travis Diener,1,1:34,NYK,rebound,,,,,,,,,,David Lee,,,,,,def,,
Chris Duhon,David Lee,Nate Robinson,Tim Thomas,Wilson Chandler,Danny Granger,Jarrett Jack,Maceo Baston,Rasho Nesterovic,Travis Diener,1,1:24,NYK,shot,,,Danny Granger,,,,,,,David Lee,,,,missed,,layup,24,8
Chris Duhon,David Lee,Nate Robinson,Tim Thomas,Wilson Chandler,Danny Granger,Jarrett Jack,Maceo Baston,Rasho Nesterovic,Travis Diener,1,1:23,IND,rebound,,,,,,,,,,Travis Diener,,,,,,def,,
Chris Duhon,David Lee,Nate Robinson,Tim Thomas,Wilson Chandler,Danny Granger,Jarrett Jack,Maceo Baston,Rasho Nesterovic,Travis Diener,1,1:17,IND,shot,Travis Diener,,,,,,,,,Rasho Nesterovic,2,,,made,,dunk,23,8
Chris Duhon,David Lee,Nate Robinson,Tim Thomas,Wilson Chandler,Danny Granger,Jarrett Jack,Maceo Baston,Rasho Nesterovic,Travis Diener,1,1:01,NYK,shot,,,,,,,,,,Wilson Chandler,,,,missed,,jump,25,26
Chris Duhon,David Lee,Nate Robinson,Tim Thomas,Wilson Chandler,Danny Granger,Jarrett Jack,Maceo Baston,Rasho Nesterovic,Travis Diener,1,1:00,IND,rebound,,,,,,,,,,Danny Granger,,,,,,def,,
Chris Duhon,David Lee,Nate Robinson,Tim Thomas,Wilson Chandler,Danny Granger,Jarrett Jack,Maceo Baston,Rasho Nesterovic,Travis Diener,1,0:54,IND,shot,,,,,,,,,,Jarrett Jack,2,,,made,,jump,35,22
Chris Duhon,David Lee,Nate Robinson,Tim Thomas,Wilson Chandler,Danny Granger,Jarrett Jack,Maceo Baston,Rasho Nesterovic,Travis Diener,1,0:39,NYK,shot,Chris Duhon,,,,,,,,,David Lee,2,,,made,,driving layup,23,6
Chris Duhon,David Lee,Nate Robinson,Tim Thomas,Wilson Chandler,Danny Granger,Jarrett Jack,Maceo Baston,Rasho Nesterovic,Travis Diener,1,0:39,IND,foul,,,,,,,,David Lee,,Rasho Nesterovic,,,,,,shooting,,
Chris Duhon,David Lee,Nate Robinson,Tim Thomas,Wilson Chandler,Danny Granger,Jarrett Jack,Maceo Baston,Rasho Nesterovic,Travis Diener,1,0:39,NYK,free throw,,,,,,,1,,1,David Lee,,,foul,missed,,,,
Chris Duhon,David Lee,Nate Robinson,Tim Thomas,Wilson Chandler,Danny Granger,Jarrett Jack,Maceo Baston,Rasho Nesterovic,Travis Diener,1,0:39,IND,rebound,,,,,,,,,,Maceo Baston,,,,,,def,,
Chris Duhon,David Lee,Nate Robinson,Tim Thomas,Wilson Chandler,Danny Granger,Jarrett Jack,Maceo Baston,Rasho Nesterovic,Travis Diener,1,0:25,IND,shot,,,,,,,,,,Jarrett Jack,2,,,made,,jump,5,10
Chris Duhon,David Lee,Nate Robinson,Tim Thomas,Wilson Chandler,Danny Granger,Jarrett Jack,Maceo Baston,Rasho Nesterovic,Travis Diener,1,0:03,NYK,shot,,,,,,,,,,Wilson Chandler,,,,missed,,jump,6,8
Chris Duhon,David Lee,Nate Robinson,Tim Thomas,Wilson Chandler,Danny Granger,Jarrett Jack,Maceo Baston,Rasho Nesterovic,Travis Diener,1,0:00,NYK,rebound,,,,,,,,,,David Lee,,,,,,off,,
Al Harrington,Danilo Gallinari,Nate Robinson,Tim Thomas,Wilson Chandler,Danny Granger,Jarrett Jack,Jeff Foster,Maceo Baston,Travis Diener,2,11:52,IND,foul,,,,,,,,Nate Robinson,,Danny Granger,,,,,,shooting,,
Al Harrington,Danilo Gallinari,Nate Robinson,Tim Thomas,Wilson Chandler,Danny Granger,Jarrett Jack,Jeff Foster,Maceo Baston,Travis Diener,2,11:52,NYK,free throw,,,,,,,1,,2,Nate Robinson,,,foul,missed,,,,
Al Harrington,Danilo Gallinari,Nate Robinson,Tim Thomas,Wilson Chandler,Danny Granger,Jarrett Jack,Jeff Foster,Maceo Baston,Travis Diener,2,11:52,NYK,rebound,,,,,,,,,,,,,,,,,,
Al Harrington,Danilo Gallinari,Nate Robinson,Tim Thomas,Wilson Chandler,Danny Granger,Jarrett Jack,Jeff Foster,Maceo Baston,Travis Diener,2,11:52,NYK,free throw,,,,,,,2,,2,Nate Robinson,,,foul,made,,,,
Al Harrington,Danilo Gallinari,Nate Robinson,Tim Thomas,Wilson Chandler,Danny Granger,Jarrett Jack,Jeff Foster,Maceo Baston,Travis Diener,2,11:40,IND,shot,,,,,,,,,,Jarrett Jack,2,,,made,,jump,26,25
Al Harrington,Danilo Gallinari,Nate Robinson,Tim Thomas,Wilson Chandler,Danny Granger,Jarrett Jack,Jeff Foster,Maceo Baston,Travis Diener,2,11:32,NYK,foul,,,,,,,,Jarrett Jack,,Nate Robinson,,,,,,offensive,,
Al Harrington,Danilo Gallinari,Nate Robinson,Tim Thomas,Wilson Chandler,Danny Granger,Jarrett Jack,Jeff Foster,Maceo Baston,Travis Diener,2,11:32,NYK,turnover,,,,,,,,,,Nate Robinson,,,foul,,,,,
Al Harrington,Danilo Gallinari,Nate Robinson,Tim Thomas,Wilson Chandler,Danny Granger,Jarrett Jack,Jeff Foster,Maceo Baston,Travis Diener,2,11:18,IND,shot,Travis Diener,,,,,,,,,Danny Granger,3,,,made,,3pt,18,30
Al Harrington,Danilo Gallinari,Nate Robinson,Tim Thomas,Wilson Chandler,Danny Granger,Jarrett Jack,Jeff Foster,Maceo Baston,Travis Diener,2,11:07,NYK,turnover,,,,,,,,,,Al Harrington,,,traveling,,,,,
Al Harrington,Danilo Gallinari,Nate Robinson,Tim Thomas,Wilson Chandler,Danny Granger,Jarrett Jack,Jeff Foster,Maceo Baston,Travis Diener,2,10:57,IND,turnover,,,,,,,,,,Danny Granger,,,out of bounds lost ball turnover,,,,,
Al Harrington,Danilo Gallinari,Nate Robinson,Tim Thomas,Wilson Chandler,Danny Granger,Jarrett Jack,Jeff Foster,Maceo Baston,Travis Diener,2,10:46,NYK,turnover,,,,,,,,,,Al Harrington,,,bad pass,,Jarrett Jack,,,
Al Harrington,Danilo Gallinari,Nate Robinson,Tim Thomas,Wilson Chandler,Danny Granger,Jarrett Jack,Jeff Foster,Maceo Baston,Travis Diener,2,10:39,IND,turnover,,,,,,,,,,Danny Granger,,,bad pass,,Tim Thomas,,,
Al Harrington,Danilo Gallinari,Nate Robinson,Tim Thomas,Wilson Chandler,Danny Granger,Jarrett Jack,Jeff Foster,Maceo Baston,Travis Diener,2,10:27,NYK,shot,Nate Robinson,,,,,,,,,Al Harrington,2,,,made,,layup,23,7
Al Harrington,Danilo Gallinari,Nate Robinson,Tim Thomas,Wilson Chandler,Danny Granger,Jarrett Jack,Jeff Foster,Maceo Baston,Travis Diener,2,10:06,IND,shot,,,,,,,,,,Jarrett Jack,,,,missed,,jump,18,27
Al Harrington,Danilo Gallinari,Nate Robinson,Tim Thomas,Wilson Chandler,Danny Granger,Jarrett Jack,Jeff Foster,Maceo Baston,Travis Diener,2,10:05,NYK,rebound,,,,,,,,,,Nate Robinson,,,,,,def,,
Al Harrington,Danilo Gallinari,Nate Robinson,Tim Thomas,Wilson Chandler,Danny Granger,Jarrett Jack,Jeff Foster,Maceo Baston,Travis Diener,2,9:55,IND,foul,,,,,,,,Tim Thomas,,Jarrett Jack,,,,,,personal,,
Al Harrington,Danilo Gallinari,Nate Robinson,Tim Thomas,Wilson Chandler,Danny Granger,Jarrett Jack,Jeff Foster,Travis Diener,Troy Murphy,2,9:55,IND,sub,,,,Troy Murphy,,Maceo Baston,,,,,,,,,,,,
Al Harrington,Danilo Gallinari,Nate Robinson,Tim Thomas,Wilson Chandler,Danny Granger,Jarrett Jack,Jeff Foster,T.J. Ford,Troy Murphy,2,9:55,IND,sub,,,,T.J. Ford,,Travis Diener,,,,,,,,,,,,
Al Harrington,Danilo Gallinari,Nate Robinson,Tim Thomas,Wilson Chandler,Danny Granger,Jeff Foster,Mike Dunleavy,T.J. Ford,Troy Murphy,2,9:55,IND,sub,,,,Mike Dunleavy,,Jarrett Jack,,,,,,,,,,,,
Al Harrington,Danilo Gallinari,Nate Robinson,Tim Thomas,Wilson Chandler,Danny Granger,Jeff Foster,Mike Dunleavy,T.J. Ford,Troy Murphy,2,9:50,NYK,shot,Nate Robinson,,,,,,,,,Wilson Chandler,2,,,made,,running jump,24,11
Al Harrington,Danilo Gallinari,Nate Robinson,Tim Thomas,Wilson Chandler,Danny Granger,Jeff Foster,Mike Dunleavy,T.J. Ford,Troy Murphy,2,9:32,IND,shot,,,,,,,,,,Mike Dunleavy,,,,missed,,turnaround fade away,16,16
Al Harrington,Danilo Gallinari,Nate Robinson,Tim Thomas,Wilson Chandler,Danny Granger,Jeff Foster,Mike Dunleavy,T.J. Ford,Troy Murphy,2,9:32,NYK,rebound,,,,,,,,,,,,,,,,,,
Al Harrington,Danilo Gallinari,Nate Robinson,Tim Thomas,Wilson Chandler,Danny Granger,Jeff Foster,Mike Dunleavy,T.J. Ford,Troy Murphy,2,9:22,NYK,shot,,,,,,,,,,Al Harrington,,,,missed,,3pt,27,32
Al Harrington,Danilo Gallinari,Nate Robinson,Tim Thomas,Wilson Chandler,Danny Granger,Jeff Foster,Mike Dunleavy,T.J. Ford,Troy Murphy,2,9:21,IND,rebound,,,,,,,,,,Troy Murphy,,,,,,def,,
Al Harrington,Danilo Gallinari,Nate Robinson,Tim Thomas,Wilson Chandler,Danny Granger,Jeff Foster,Mike Dunleavy,T.J. Ford,Troy Murphy,2,9:13,IND,shot,,,,,,,,,,Troy Murphy,,,,missed,,3pt,22,32
Al Harrington,Danilo Gallinari,Nate Robinson,Tim Thomas,Wilson Chandler,Danny Granger,Jeff Foster,Mike Dunleavy,T.J. Ford,Troy Murphy,2,9:12,NYK,rebound,,,,,,,,,,Wilson Chandler,,,,,,def,,
Al Harrington,Danilo Gallinari,Nate Robinson,Tim Thomas,Wilson Chandler,Danny Granger,Jeff Foster,Mike Dunleavy,T.J. Ford,Troy Murphy,2,9:02,NYK,shot,Tim Thomas,,,,,,,,,Danilo Gallinari,3,,,made,,3pt,48,7
Al Harrington,Danilo Gallinari,Nate Robinson,Tim Thomas,Wilson Chandler,Danny Granger,Jeff Foster,Mike Dunleavy,T.J. Ford,Troy Murphy,2,8:45,NYK,foul,,,,,,,,Danny Granger,,Danilo Gallinari,,,,,,personal,,
Al Harrington,Danilo Gallinari,Nate Robinson,Tim Thomas,Wilson Chandler,Danny Granger,Jeff Foster,Mike Dunleavy,T.J. Ford,Troy Murphy,2,8:45,OFF,timeout,,,,,,,,,,,,,,,,official,,
Al Harrington,Danilo Gallinari,Nate Robinson,Tim Thomas,Wilson Chandler,Danny Granger,Jeff Foster,Mike Dunleavy,T.J. Ford,Troy Murphy,2,8:30,IND,turnover,,,,,,,,,,Danny Granger,,,bad pass,,Danilo Gallinari,,,
Al Harrington,Danilo Gallinari,Nate Robinson,Tim Thomas,Wilson Chandler,Danny Granger,Jeff Foster,Mike Dunleavy,T.J. Ford,Troy Murphy,2,8:24,NYK,shot,Wilson Chandler,,,,,,,,,Nate Robinson,3,,,made,,3pt,1,7
Al Harrington,Danilo Gallinari,Nate Robinson,Tim Thomas,Wilson Chandler,Danny Granger,Jeff Foster,Mike Dunleavy,T.J. Ford,Troy Murphy,2,7:58,IND,shot,,,,,,,,,,T.J. Ford,,,,missed,,layup,24,7
Al Harrington,Danilo Gallinari,Nate Robinson,Tim Thomas,Wilson Chandler,Danny Granger,Jeff Foster,Mike Dunleavy,T.J. Ford,Troy Murphy,2,7:57,NYK,rebound,,,,,,,,,,Danilo Gallinari,,,,,,def,,
Al Harrington,Danilo Gallinari,Nate Robinson,Tim Thomas,Wilson Chandler,Danny Granger,Jeff Foster,Mike Dunleavy,T.J. Ford,Troy Murphy,2,7:48,NYK,shot,Tim Thomas,,,,,,,,,Wilson Chandler,3,,,made,,3pt,48,12
Al Harrington,Danilo Gallinari,Nate Robinson,Tim Thomas,Wilson Chandler,Danny Granger,Jeff Foster,Mike Dunleavy,T.J. Ford,Troy Murphy,2,7:28,IND,shot,,,,,,,,,,Danny Granger,2,,,made,,driving jump,26,11
Al Harrington,Danilo Gallinari,Nate Robinson,Tim Thomas,Wilson Chandler,Danny Granger,Jeff Foster,Mike Dunleavy,T.J. Ford,Troy Murphy,2,7:13,NYK,shot,,,,,,,,,,Danilo Gallinari,,,,missed,,3pt,11,27
Al Harrington,Danilo Gallinari,Nate Robinson,Tim Thomas,Wilson Chandler,Danny Granger,Jeff Foster,Mike Dunleavy,T.J. Ford,Troy Murphy,2,7:12,IND,rebound,,,,,,,,,,Mike Dunleavy,,,,,,def,,
Al Harrington,Danilo Gallinari,Nate Robinson,Tim Thomas,Wilson Chandler,Danny Granger,Jeff Foster,Mike Dunleavy,T.J. Ford,Troy Murphy,2,7:06,IND,shot,,,,,,,,,,Mike Dunleavy,,,,missed,,jump,23,11
Al Harrington,Danilo Gallinari,Nate Robinson,Tim Thomas,Wilson Chandler,Danny Granger,Jeff Foster,Mike Dunleavy,T.J. Ford,Troy Murphy,2,7:05,IND,shot,,,,,,,,,,Jeff Foster,,,,missed,,tip,28,8
Al Harrington,Danilo Gallinari,Nate Robinson,Tim Thomas,Wilson Chandler,Danny Granger,Jeff Foster,Mike Dunleavy,T.J. Ford,Troy Murphy,2,7:05,IND,rebound,,,,,,,,,,Jeff Foster,,,,,,off,,
Al Harrington,Danilo Gallinari,Nate Robinson,Tim Thomas,Wilson Chandler,Danny Granger,Jeff Foster,Mike Dunleavy,T.J. Ford,Troy Murphy,2,7:04,NYK,rebound,,,,,,,,,,Al Harrington,,,,,,def,,
Al Harrington,Danilo Gallinari,Nate Robinson,Tim Thomas,Wilson Chandler,Danny Granger,Jeff Foster,Mike Dunleavy,T.J. Ford,Troy Murphy,2,6:54,IND,foul,,,,,,,,Nate Robinson,,Jeff Foster,,,,,,personal,,
Al Harrington,Danilo Gallinari,Nate Robinson,Tim Thomas,Wilson Chandler,Danny Granger,Maceo Baston,Mike Dunleavy,T.J. Ford,Troy Murphy,2,6:54,IND,sub,,,,Maceo Baston,,Jeff Foster,,,,,,,,,,,,
Danilo Gallinari,Nate Robinson,Quentin Richardson,Tim Thomas,Wilson Chandler,Danny Granger,Maceo Baston,Mike Dunleavy,T.J. Ford,Troy Murphy,2,6:54,NYK,sub,,,,Quentin Richardson,,Al Harrington,,,,,,,,,,,,
Danilo Gallinari,Nate Robinson,Quentin Richardson,Tim Thomas,Wilson Chandler,Danny Granger,Maceo Baston,Mike Dunleavy,T.J. Ford,Troy Murphy,2,6:47,NYK,shot,,,,,,,,,,Tim Thomas,,,,missed,,pullup jump,13,18
Danilo Gallinari,Nate Robinson,Quentin Richardson,Tim Thomas,Wilson Chandler,Danny Granger,Maceo Baston,Mike Dunleavy,T.J. Ford,Troy Murphy,2,6:46,IND,rebound,,,,,,,,,,Troy Murphy,,,,,,def,,
Danilo Gallinari,Nate Robinson,Quentin Richardson,Tim Thomas,Wilson Chandler,Danny Granger,Maceo Baston,Mike Dunleavy,T.J. Ford,Troy Murphy,2,6:40,IND,turnover,,,,,,,,,,Mike Dunleavy,,,traveling,,,,,
Danilo Gallinari,Nate Robinson,Quentin Richardson,Tim Thomas,Wilson Chandler,Danny Granger,Maceo Baston,Mike Dunleavy,T.J. Ford,Troy Murphy,2,6:22,NYK,shot,,,,,,,,,,Quentin Richardson,,,,missed,,turnaround fade away,36,7
Danilo Gallinari,Nate Robinson,Quentin Richardson,Tim Thomas,Wilson Chandler,Danny Granger,Maceo Baston,Mike Dunleavy,T.J. Ford,Troy Murphy,2,6:21,IND,rebound,,,,,,,,,,Troy Murphy,,,,,,def,,
Danilo Gallinari,Nate Robinson,Quentin Richardson,Tim Thomas,Wilson Chandler,Danny Granger,Maceo Baston,Mike Dunleavy,T.J. Ford,Troy Murphy,2,6:15,IND,shot,,,,,,,,,,T.J. Ford,2,,,made,,driving layup,27,8
Danilo Gallinari,Nate Robinson,Quentin Richardson,Tim Thomas,Wilson Chandler,Danny Granger,Maceo Baston,Mike Dunleavy,T.J. Ford,Troy Murphy,2,6:00,NYK,shot,,,,,,,,,,Nate Robinson,2,,,made,,pullup jump,29,24
Danilo Gallinari,Nate Robinson,Quentin Richardson,Tim Thomas,Wilson Chandler,Danny Granger,Maceo Baston,Mike Dunleavy,T.J. Ford,Troy Murphy,2,5:46,IND,shot,,,Nate Robinson,,,,,,,T.J. Ford,,,,missed,,jump,24,9
Danilo Gallinari,Nate Robinson,Quentin Richardson,Tim Thomas,Wilson Chandler,Danny Granger,Maceo Baston,Mike Dunleavy,T.J. Ford,Troy Murphy,2,5:45,NYK,rebound,,,,,,,,,,Wilson Chandler,,,,,,def,,
Danilo Gallinari,Nate Robinson,Quentin Richardson,Tim Thomas,Wilson Chandler,Danny Granger,Maceo Baston,Mike Dunleavy,T.J. Ford,Troy Murphy,2,5:41,NYK,shot,Wilson Chandler,,,,,,,,,Danilo Gallinari,3,,,made,,3pt,37,28
Danilo Gallinari,Nate Robinson,Quentin Richardson,Tim Thomas,Wilson Chandler,Danny Granger,Maceo Baston,Mike Dunleavy,T.J. Ford,Troy Murphy,2,5:31,IND,timeout,,,,,,,,,,,,,,,,regular,,
Danilo Gallinari,Nate Robinson,Quentin Richardson,Tim Thomas,Wilson Chandler,Maceo Baston,Mike Dunleavy,Roy Hibbert,T.J. Ford,Troy Murphy,2,5:31,IND,sub,,,,Roy Hibbert,,Danny Granger,,,,,,,,,,,,
Danilo Gallinari,Nate Robinson,Quentin Richardson,Tim Thomas,Wilson Chandler,Jarrett Jack,Mike Dunleavy,Roy Hibbert,T.J. Ford,Troy Murphy,2,5:31,IND,sub,,,,Jarrett Jack,,Maceo Baston,,,,,,,,,,,,
Chris Duhon,Danilo Gallinari,Quentin Richardson,Tim Thomas,Wilson Chandler,Jarrett Jack,Mike Dunleavy,Roy Hibbert,T.J. Ford,Troy Murphy,2,5:31,NYK,sub,,,,Chris Duhon,,Nate Robinson,,,,,,,,,,,,
Chris Duhon,Danilo Gallinari,David Lee,Quentin Richardson,Wilson Chandler,Jarrett Jack,Mike Dunleavy,Roy Hibbert,T.J. Ford,Troy Murphy,2,5:31,NYK,sub,,,,David Lee,,Tim Thomas,,,,,,,,,,,,
Chris Duhon,Danilo Gallinari,David Lee,Quentin Richardson,Wilson Chandler,Jarrett Jack,Mike Dunleavy,Roy Hibbert,T.J. Ford,Troy Murphy,2,5:25,NYK,foul,,,,,,,,Roy Hibbert,,David Lee,,,,,,personal,,
Chris Duhon,Danilo Gallinari,David Lee,Quentin Richardson,Wilson Chandler,Jarrett Jack,Mike Dunleavy,Roy Hibbert,T.J. Ford,Troy Murphy,2,5:15,IND,turnover,,,,,,,,,,Mike Dunleavy,,,bad pass,,Danilo Gallinari,,,
Chris Duhon,Danilo Gallinari,David Lee,Quentin Richardson,Wilson Chandler,Jarrett Jack,Mike Dunleavy,Roy Hibbert,T.J. Ford,Troy Murphy,2,4:53,IND,foul,,,,,,,,Wilson Chandler,,Roy Hibbert,,,,,,shooting,,
Chris Duhon,Danilo Gallinari,David Lee,Quentin Richardson,Wilson Chandler,Jarrett Jack,Mike Dunleavy,Roy Hibbert,T.J. Ford,Troy Murphy,2,4:53,NYK,free throw,,,,,,,1,,2,Wilson Chandler,,,foul,made,,,,
Chris Duhon,Danilo Gallinari,David Lee,Quentin Richardson,Wilson Chandler,Jarrett Jack,Mike Dunleavy,Roy Hibbert,T.J. Ford,Troy Murphy,2,4:53,NYK,free throw,,,,,,,2,,2,Wilson Chandler,,,foul,made,,,,
Chris Duhon,Danilo Gallinari,David Lee,Quentin Richardson,Wilson Chandler,Jarrett Jack,Mike Dunleavy,Roy Hibbert,T.J. Ford,Troy Murphy,2,4:41,IND,shot,,,,,,,,,,Roy Hibbert,,,,missed,,jump hook,28,10
Chris Duhon,Danilo Gallinari,David Lee,Quentin Richardson,Wilson Chandler,Jarrett Jack,Mike Dunleavy,Roy Hibbert,T.J. Ford,Troy Murphy,2,4:40,NYK,rebound,,,,,,,,,,Quentin Richardson,,,,,,def,,
Chris Duhon,Danilo Gallinari,David Lee,Quentin Richardson,Wilson Chandler,Jarrett Jack,Mike Dunleavy,Roy Hibbert,T.J. Ford,Troy Murphy,2,4:31,NYK,shot,Wilson Chandler,,,,,,,,,Quentin Richardson,3,,,made,,3pt,19,30
Chris Duhon,Danilo Gallinari,David Lee,Quentin Richardson,Wilson Chandler,Jarrett Jack,Mike Dunleavy,Roy Hibbert,T.J. Ford,Troy Murphy,2,4:18,IND,shot,,,Quentin Richardson,,,,,,,Jarrett Jack,,,,missed,,jump,28,7
Chris Duhon,Danilo Gallinari,David Lee,Quentin Richardson,Wilson Chandler,Jarrett Jack,Mike Dunleavy,Roy Hibbert,T.J. Ford,Troy Murphy,2,4:18,IND,rebound,,,,,,,,,,,,,,,,,,
Chris Duhon,Danilo Gallinari,David Lee,Quentin Richardson,Wilson Chandler,Jarrett Jack,Mike Dunleavy,Roy Hibbert,T.J. Ford,Troy Murphy,2,4:11,NYK,foul,,,,,,,,Roy Hibbert,,Wilson Chandler,,,,,,shooting,,
Chris Duhon,Danilo Gallinari,David Lee,Quentin Richardson,Wilson Chandler,Jarrett Jack,Mike Dunleavy,Roy Hibbert,T.J. Ford,Troy Murphy,2,4:11,IND,free throw,,,,,,,1,,2,Roy Hibbert,,,foul,missed,,,,
Chris Duhon,Danilo Gallinari,David Lee,Quentin Richardson,Wilson Chandler,Jarrett Jack,Mike Dunleavy,Roy Hibbert,T.J. Ford,Troy Murphy,2,4:11,IND,rebound,,,,,,,,,,,,,,,,,,
Chris Duhon,Danilo Gallinari,David Lee,Quentin Richardson,Wilson Chandler,Danny Granger,Jarrett Jack,Mike Dunleavy,Roy Hibbert,T.J. Ford,2,4:11,IND,sub,,,,Danny Granger,,Troy Murphy,,,,,,,,,,,,
Chris Duhon,Danilo Gallinari,David Lee,Quentin Richardson,Wilson Chandler,Danny Granger,Jarrett Jack,Mike Dunleavy,Roy Hibbert,T.J. Ford,2,4:11,IND,free throw,,,,,,,2,,2,Roy Hibbert,,,foul,made,,,,
Chris Duhon,Danilo Gallinari,David Lee,Quentin Richardson,Wilson Chandler,Danny Granger,Jarrett Jack,Mike Dunleavy,Roy Hibbert,T.J. Ford,2,3:56,NYK,shot,,,,,,,,,,David Lee,,,,missed,,jump,8,11
Chris Duhon,Danilo Gallinari,David Lee,Quentin Richardson,Wilson Chandler,Danny Granger,Jarrett Jack,Mike Dunleavy,Roy Hibbert,T.J. Ford,2,3:55,NYK,shot,,,,,,,,,,Wilson Chandler,2,,,made,,putback dunk,25,7
Chris Duhon,Danilo Gallinari,David Lee,Quentin Richardson,Wilson Chandler,Danny Granger,Jarrett Jack,Mike Dunleavy,Roy Hibbert,T.J. Ford,2,3:55,NYK,rebound,,,,,,,,,,Wilson Chandler,,,,,,off,,
Chris Duhon,Danilo Gallinari,David Lee,Quentin Richardson,Wilson Chandler,Danny Granger,Jarrett Jack,Mike Dunleavy,Roy Hibbert,T.J. Ford,2,3:44,IND,shot,Jarrett Jack,,,,,,,,,Mike Dunleavy,3,,,made,,3pt,41,26
Chris Duhon,Danilo Gallinari,David Lee,Quentin Richardson,Wilson Chandler,Danny Granger,Jarrett Jack,Mike Dunleavy,Roy Hibbert,T.J. Ford,2,3:30,NYK,shot,,,,,,,,,,Danilo Gallinari,,,,missed,,jump,8,11
Chris Duhon,Danilo Gallinari,David Lee,Quentin Richardson,Wilson Chandler,Danny Granger,Jarrett Jack,Mike Dunleavy,Roy Hibbert,T.J. Ford,2,3:29,IND,rebound,,,,,,,,,,Danny Granger,,,,,,def,,
Chris Duhon,Danilo Gallinari,David Lee,Quentin Richardson,Wilson Chandler,Danny Granger,Jarrett Jack,Mike Dunleavy,Roy Hibbert,T.J. Ford,2,3:21,IND,shot,Jarrett Jack,,,,,,,,,Mike Dunleavy,3,,,made,,3pt,13,28
Chris Duhon,Danilo Gallinari,David Lee,Quentin Richardson,Wilson Chandler,Danny Granger,Jarrett Jack,Mike Dunleavy,Roy Hibbert,T.J. Ford,2,3:20,NYK,timeout,,,,,,,,,,,,,,,,regular,,
Al Harrington,Chris Duhon,David Lee,Quentin Richardson,Wilson Chandler,Danny Granger,Jarrett Jack,Mike Dunleavy,Roy Hibbert,T.J. Ford,2,3:20,NYK,sub,,,,Al Harrington,,Danilo Gallinari,,,,,,,,,,,,
Al Harrington,Chris Duhon,David Lee,Nate Robinson,Quentin Richardson,Danny Granger,Jarrett Jack,Mike Dunleavy,Roy Hibbert,T.J. Ford,2,3:20,NYK,sub,,,,Nate Robinson,,Wilson Chandler,,,,,,,,,,,,
Al Harrington,Chris Duhon,David Lee,Nate Robinson,Quentin Richardson,Danny Granger,Jarrett Jack,Mike Dunleavy,Roy Hibbert,T.J. Ford,2,3:12,IND,foul,,,,,,,,David Lee,,Mike Dunleavy,,,,,,personal,,
Al Harrington,Chris Duhon,David Lee,Nate Robinson,Quentin Richardson,Danny Granger,Jarrett Jack,Mike Dunleavy,Roy Hibbert,T.J. Ford,2,3:12,NYK,free throw,,,,,,,1,,2,David Lee,,,foul,made,,,,
Al Harrington,Chris Duhon,David Lee,Nate Robinson,Quentin Richardson,Danny Granger,Jarrett Jack,Mike Dunleavy,Roy Hibbert,T.J. Ford,2,3:12,NYK,free throw,,,,,,,2,,2,David Lee,,,foul,made,,,,
Al Harrington,Chris Duhon,David Lee,Nate Robinson,Quentin Richardson,Danny Granger,Jarrett Jack,Mike Dunleavy,Roy Hibbert,T.J. Ford,2,3:02,IND,shot,,,,,,,,,,T.J. Ford,,,,missed,,layup,27,7
Al Harrington,Chris Duhon,David Lee,Nate Robinson,Quentin Richardson,Danny Granger,Jarrett Jack,Mike Dunleavy,Roy Hibbert,T.J. Ford,2,3:01,NYK,rebound,,,,,,,,,,David Lee,,,,,,def,,
Al Harrington,Chris Duhon,David Lee,Nate Robinson,Quentin Richardson,Danny Granger,Jarrett Jack,Mike Dunleavy,Roy Hibbert,T.J. Ford,2,2:54,NYK,shot,Chris Duhon,,,,,,,,,Quentin Richardson,3,,,made,,3pt,1,14
Al Harrington,Chris Duhon,David Lee,Nate Robinson,Quentin Richardson,Danny Granger,Jarrett Jack,Mike Dunleavy,Roy Hibbert,T.J. Ford,2,2:38,IND,shot,,,Chris Duhon,,,,,,,Roy Hibbert,,,,missed,,layup,24,8
Al Harrington,Chris Duhon,David Lee,Nate Robinson,Quentin Richardson,Danny Granger,Jarrett Jack,Mike Dunleavy,Roy Hibbert,T.J. Ford,2,2:36,NYK,rebound,,,,,,,,,,Al Harrington,,,,,,def,,
Al Harrington,Chris Duhon,David Lee,Nate Robinson,Quentin Richardson,Danny Granger,Jarrett Jack,Mike Dunleavy,Roy Hibbert,T.J. Ford,2,2:32,NYK,shot,Nate Robinson,,,,,,,,,Quentin Richardson,3,,,made,,3pt,48,17
Al Harrington,Chris Duhon,David Lee,Nate Robinson,Quentin Richardson,Danny Granger,Jarrett Jack,Mike Dunleavy,Roy Hibbert,T.J. Ford,2,2:13,IND,shot,Jarrett Jack,,,,,,,,,Mike Dunleavy,2,,,made,,jump,3,13
Al Harrington,Chris Duhon,David Lee,Nate Robinson,Quentin Richardson,Danny Granger,Jarrett Jack,Mike Dunleavy,Roy Hibbert,T.J. Ford,2,2:07,IND,foul,,,,,,,,Chris Duhon,,Roy Hibbert,,,,,,personal,,
Al Harrington,Chris Duhon,David Lee,Nate Robinson,Quentin Richardson,Danny Granger,Jarrett Jack,Mike Dunleavy,Roy Hibbert,T.J. Ford,2,2:07,NYK,free throw,,,,,,,1,,2,Chris Duhon,,,foul,made,,,,
Al Harrington,Chris Duhon,David Lee,Nate Robinson,Quentin Richardson,Danny Granger,Jarrett Jack,Mike Dunleavy,T.J. Ford,Troy Murphy,2,2:07,IND,sub,,,,Troy Murphy,,Roy Hibbert,,,,,,,,,,,,
Al Harrington,Chris Duhon,David Lee,Nate Robinson,Quentin Richardson,Danny Granger,Jarrett Jack,Mike Dunleavy,T.J. Ford,Troy Murphy,2,2:07,NYK,free throw,,,,,,,2,,2,Chris Duhon,,,foul,missed,,,,
Al Harrington,Chris Duhon,David Lee,Nate Robinson,Quentin Richardson,Danny Granger,Jarrett Jack,Mike Dunleavy,T.J. Ford,Troy Murphy,2,2:06,IND,rebound,,,,,,,,,,Troy Murphy,,,,,,def,,
Al Harrington,Chris Duhon,David Lee,Nate Robinson,Quentin Richardson,Danny Granger,Jarrett Jack,Mike Dunleavy,T.J. Ford,Troy Murphy,2,1:55,IND,shot,T.J. Ford,,,,,,,,,Troy Murphy,2,,,made,,alley oop layup,20,7
Al Harrington,Chris Duhon,David Lee,Nate Robinson,Quentin Richardson,Danny Granger,Jarrett Jack,Mike Dunleavy,T.J. Ford,Troy Murphy,2,1:40,NYK,shot,,,,,,,,,,Nate Robinson,,,,missed,,3pt,11,27
Al Harrington,Chris Duhon,David Lee,Nate Robinson,Quentin Richardson,Danny Granger,Jarrett Jack,Mike Dunleavy,T.J. Ford,Troy Murphy,2,1:40,IND,rebound,,,,,,,,,,Troy Murphy,,,,,,def,,
Al Harrington,Chris Duhon,David Lee,Nate Robinson,Quentin Richardson,Danny Granger,Jarrett Jack,Mike Dunleavy,T.J. Ford,Troy Murphy,2,1:29,IND,shot,,,,,,,,,,Jarrett Jack,,,,missed,,3pt,48,6
Al Harrington,Chris Duhon,David Lee,Nate Robinson,Quentin Richardson,Danny Granger,Jarrett Jack,Mike Dunleavy,T.J. Ford,Troy Murphy,2,1:28,IND,rebound,,,,,,,,,,Mike Dunleavy,,,,,,off,,
Al Harrington,Chris Duhon,David Lee,Nate Robinson,Quentin Richardson,Danny Granger,Jarrett Jack,Mike Dunleavy,T.J. Ford,Troy Murphy,2,1:26,IND,shot,,,,,,,,,,Mike Dunleavy,,,,missed,,jump,28,14
Al Harrington,Chris Duhon,David Lee,Nate Robinson,Quentin Richardson,Danny Granger,Jarrett Jack,Mike Dunleavy,T.J. Ford,Troy Murphy,2,1:25,IND,rebound,,,,,,,,,,Mike Dunleavy,,,,,,off,,
Al Harrington,Chris Duhon,David Lee,Nate Robinson,Quentin Richardson,Danny Granger,Jarrett Jack,Mike Dunleavy,T.J. Ford,Troy Murphy,2,1:22,IND,shot,Mike Dunleavy,,,,,,,,,T.J. Ford,2,,,made,,jump,25,11
Al Harrington,Chris Duhon,David Lee,Nate Robinson,Quentin Richardson,Danny Granger,Jarrett Jack,Mike Dunleavy,T.J. Ford,Troy Murphy,2,1:06,NYK,shot,,,,,,,,,,Nate Robinson,,,,missed,,jump,41,6
Al Harrington,Chris Duhon,David Lee,Nate Robinson,Quentin Richardson,Danny Granger,Jarrett Jack,Mike Dunleavy,T.J. Ford,Troy Murphy,2,1:05,IND,rebound,,,,,,,,,,Troy Murphy,,,,,,def,,
Al Harrington,Chris Duhon,David Lee,Nate Robinson,Quentin Richardson,Danny Granger,Jarrett Jack,Mike Dunleavy,T.J. Ford,Troy Murphy,2,1:05,NYK,foul,,,,,,,,Troy Murphy,,Nate Robinson,,,,,,loose ball,,
Al Harrington,Chris Duhon,David Lee,Nate Robinson,Quentin Richardson,Danny Granger,Jarrett Jack,Mike Dunleavy,T.J. Ford,Troy Murphy,2,0:53,IND,shot,T.J. Ford,,,,,,,,,Danny Granger,3,,,made,,3pt,43,24
Al Harrington,Chris Duhon,David Lee,Nate Robinson,Quentin Richardson,Danny Granger,Jarrett Jack,Mike Dunleavy,T.J. Ford,Troy Murphy,2,0:42,NYK,shot,Chris Duhon,,,,,,,,,Quentin Richardson,3,,,made,,3pt,8,26
Al Harrington,Chris Duhon,David Lee,Nate Robinson,Quentin Richardson,Danny Granger,Jarrett Jack,Mike Dunleavy,T.J. Ford,Troy Murphy,2,0:36,IND,shot,,,,,,,,,,Jarrett Jack,,,,missed,,driving jump,23,10
Al Harrington,Chris Duhon,David Lee,Nate Robinson,Quentin Richardson,Danny Granger,Jarrett Jack,Mike Dunleavy,T.J. Ford,Troy Murphy,2,0:35,NYK,rebound,,,,,,,,,,Al Harrington,,,,,,def,,
Al Harrington,Chris Duhon,David Lee,Nate Robinson,Quentin Richardson,Danny Granger,Jarrett Jack,Mike Dunleavy,T.J. Ford,Troy Murphy,2,0:17,NYK,shot,,,Danny Granger,,,,,,,Quentin Richardson,,,,missed,,reverse layup,24,7
Al Harrington,Chris Duhon,David Lee,Nate Robinson,Quentin Richardson,Danny Granger,Jarrett Jack,Mike Dunleavy,T.J. Ford,Troy Murphy,2,0:15,IND,rebound,,,,,,,,,,Mike Dunleavy,,,,,,def,,
Al Harrington,Chris Duhon,David Lee,Nate Robinson,Quentin Richardson,Danny Granger,Jarrett Jack,Mike Dunleavy,T.J. Ford,Troy Murphy,2,0:02,NYK,foul,,,,,,,,Danny Granger,,Al Harrington,,,,,,shooting,,
Al Harrington,Chris Duhon,David Lee,Nate Robinson,Quentin Richardson,Danny Granger,Jarrett Jack,Mike Dunleavy,T.J. Ford,Troy Murphy,2,0:02,IND,free throw,,,,,,,1,,2,Danny Granger,,,foul,made,,,,
Al Harrington,Chris Duhon,David Lee,Nate Robinson,Quentin Richardson,Danny Granger,Jarrett Jack,T.J. Ford,Travis Diener,Troy Murphy,2,0:02,IND,sub,,,,Travis Diener,,Mike Dunleavy,,,,,,,,,,,,
Al Harrington,Chris Duhon,David Lee,Nate Robinson,Quentin Richardson,Danny Granger,Jarrett Jack,T.J. Ford,Travis Diener,Troy Murphy,2,0:02,IND,free throw,,,,,,,2,,2,Danny Granger,,,foul,made,,,,
Al Harrington,Chris Duhon,David Lee,Quentin Richardson,Wilson Chandler,Danny Granger,Jarrett Jack,Mike Dunleavy,T.J. Ford,Troy Murphy,3,11:50,NYK,shot,Chris Duhon,,,,,,,,,David Lee,2,,,made,,layup,23,8
Al Harrington,Chris Duhon,David Lee,Quentin Richardson,Wilson Chandler,Danny Granger,Jarrett Jack,Mike Dunleavy,T.J. Ford,Troy Murphy,3,11:26,IND,shot,,,,,,,,,,Danny Granger,,,,missed,,3pt,20,31
Al Harrington,Chris Duhon,David Lee,Quentin Richardson,Wilson Chandler,Danny Granger,Jarrett Jack,Mike Dunleavy,T.J. Ford,Troy Murphy,3,11:25,NYK,rebound,,,,,,,,,,David Lee,,,,,,def,,
Al Harrington,Chris Duhon,David Lee,Quentin Richardson,Wilson Chandler,Danny Granger,Jarrett Jack,Mike Dunleavy,T.J. Ford,Troy Murphy,3,11:16,NYK,shot,David Lee,,,,,,,,,Al Harrington,3,,,made,,3pt,39,26
Al Harrington,Chris Duhon,David Lee,Quentin Richardson,Wilson Chandler,Danny Granger,Jarrett Jack,Mike Dunleavy,T.J. Ford,Troy Murphy,3,11:02,IND,shot,,,,,,,,,,T.J. Ford,,,,missed,,3pt,48,6
Al Harrington,Chris Duhon,David Lee,Quentin Richardson,Wilson Chandler,Danny Granger,Jarrett Jack,Mike Dunleavy,T.J. Ford,Troy Murphy,3,11:01,NYK,rebound,,,,,,,,,,David Lee,,,,,,def,,
Al Harrington,Chris Duhon,David Lee,Quentin Richardson,Wilson Chandler,Danny Granger,Jarrett Jack,Mike Dunleavy,T.J. Ford,Troy Murphy,3,10:50,NYK,shot,,,,,,,,,,Al Harrington,,,,missed,,jump,21,8
Al Harrington,Chris Duhon,David Lee,Quentin Richardson,Wilson Chandler,Danny Granger,Jarrett Jack,Mike Dunleavy,T.J. Ford,Troy Murphy,3,10:49,NYK,shot,,,,,,,,,,Al Harrington,2,,,made,,tip,24,8
Al Harrington,Chris Duhon,David Lee,Quentin Richardson,Wilson Chandler,Danny Granger,Jarrett Jack,Mike Dunleavy,T.J. Ford,Troy Murphy,3,10:49,NYK,rebound,,,,,,,,,,Al Harrington,,,,,,off,,
Al Harrington,Chris Duhon,David Lee,Quentin Richardson,Wilson Chandler,Danny Granger,Jarrett Jack,Mike Dunleavy,T.J. Ford,Troy Murphy,3,10:35,IND,shot,,,,,,,,,,T.J. Ford,2,,,made,,jump bank,19,9
Al Harrington,Chris Duhon,David Lee,Quentin Richardson,Wilson Chandler,Danny Granger,Jarrett Jack,Mike Dunleavy,T.J. Ford,Troy Murphy,3,10:35,NYK,foul,,,,,,,,T.J. Ford,,Wilson Chandler,,,,,,shooting,,
Al Harrington,Chris Duhon,David Lee,Quentin Richardson,Wilson Chandler,Danny Granger,Jarrett Jack,Mike Dunleavy,T.J. Ford,Troy Murphy,3,10:35,IND,free throw,,,,,,,1,,1,T.J. Ford,,,foul,made,,,,
Al Harrington,Chris Duhon,David Lee,Quentin Richardson,Wilson Chandler,Danny Granger,Jarrett Jack,Mike Dunleavy,T.J. Ford,Troy Murphy,3,10:28,NYK,turnover,,,,,,,,,,David Lee,,,bad pass,,,,,
Al Harrington,Chris Duhon,David Lee,Quentin Richardson,Wilson Chandler,Danny Granger,Jarrett Jack,Mike Dunleavy,T.J. Ford,Troy Murphy,3,10:19,IND,shot,,,,,,,,,,Mike Dunleavy,,,,missed,,jump hook,22,11
Al Harrington,Chris Duhon,David Lee,Quentin Richardson,Wilson Chandler,Danny Granger,Jarrett Jack,Mike Dunleavy,T.J. Ford,Troy Murphy,3,10:18,NYK,rebound,,,,,,,,,,Wilson Chandler,,,,,,def,,
Al Harrington,Chris Duhon,David Lee,Quentin Richardson,Wilson Chandler,Danny Granger,Jarrett Jack,Mike Dunleavy,T.J. Ford,Troy Murphy,3,10:10,IND,foul,,,,,,,,David Lee,,Troy Murphy,,,,,,shooting,,
Al Harrington,Chris Duhon,David Lee,Quentin Richardson,Wilson Chandler,Danny Granger,Jarrett Jack,Mike Dunleavy,T.J. Ford,Troy Murphy,3,10:10,NYK,free throw,,,,,,,1,,2,David Lee,,,foul,made,,,,
Al Harrington,Chris Duhon,David Lee,Quentin Richardson,Wilson Chandler,Danny Granger,Jarrett Jack,Mike Dunleavy,T.J. Ford,Troy Murphy,3,10:10,NYK,free throw,,,,,,,2,,2,David Lee,,,foul,made,,,,
Al Harrington,Chris Duhon,David Lee,Quentin Richardson,Wilson Chandler,Danny Granger,Jarrett Jack,Mike Dunleavy,T.J. Ford,Troy Murphy,3,9:56,IND,shot,Mike Dunleavy,,,,,,,,,Troy Murphy,2,,,made,,layup,26,7
Al Harrington,Chris Duhon,David Lee,Quentin Richardson,Wilson Chandler,Danny Granger,Jarrett Jack,Mike Dunleavy,T.J. Ford,Troy Murphy,3,9:38,NYK,shot,,,,,,,,,,Chris Duhon,,,,missed,,jump,37,20
Al Harrington,Chris Duhon,David Lee,Quentin Richardson,Wilson Chandler,Danny Granger,Jarrett Jack,Mike Dunleavy,T.J. Ford,Troy Murphy,3,9:35,NYK,rebound,,,,,,,,,,Chris Duhon,,,,,,off,,
Al Harrington,Chris Duhon,David Lee,Quentin Richardson,Wilson Chandler,Danny Granger,Jarrett Jack,Mike Dunleavy,T.J. Ford,Troy Murphy,3,9:29,NYK,turnover,,,,,,,,,,Chris Duhon,,,bad pass,,Jarrett Jack,,,
Al Harrington,Chris Duhon,David Lee,Quentin Richardson,Wilson Chandler,Danny Granger,Jarrett Jack,Mike Dunleavy,T.J. Ford,Troy Murphy,3,9:22,IND,shot,,,,,,,,,,Jarrett Jack,,,,missed,,jump,19,27
Al Harrington,Chris Duhon,David Lee,Quentin Richardson,Wilson Chandler,Danny Granger,Jarrett Jack,Mike Dunleavy,T.J. Ford,Troy Murphy,3,9:21,NYK,rebound,,,,,,,,,,David Lee,,,,,,def,,
Al Harrington,Chris Duhon,David Lee,Quentin Richardson,Wilson Chandler,Danny Granger,Jarrett Jack,Mike Dunleavy,T.J. Ford,Troy Murphy,3,9:13,NYK,shot,Wilson Chandler,,,,,,,,,Al Harrington,3,,,made,,3pt,44,22
Al Harrington,Chris Duhon,David Lee,Quentin Richardson,Wilson Chandler,Danny Granger,Jarrett Jack,Mike Dunleavy,T.J. Ford,Troy Murphy,3,9:06,NYK,foul,,,,,,,,T.J. Ford,,Wilson Chandler,,,,,,shooting,,
Al Harrington,Chris Duhon,David Lee,Quentin Richardson,Wilson Chandler,Danny Granger,Jarrett Jack,Mike Dunleavy,T.J. Ford,Troy Murphy,3,9:06,IND,free throw,,,,,,,1,,2,T.J. Ford,,,foul,made,,,,
Al Harrington,Chris Duhon,David Lee,Quentin Richardson,Wilson Chandler,Danny Granger,Jarrett Jack,Jeff Foster,Mike Dunleavy,T.J. Ford,3,9:06,IND,sub,,,,Jeff Foster,,Troy Murphy,,,,,,,,,,,,
Al Harrington,Chris Duhon,David Lee,Quentin Richardson,Wilson Chandler,Danny Granger,Jarrett Jack,Jeff Foster,Stephen Graham,T.J. Ford,3,9:06,IND,sub,,,,Stephen Graham,,Mike Dunleavy,,,,,,,,,,,,
Al Harrington,Chris Duhon,David Lee,Quentin Richardson,Wilson Chandler,Danny Granger,Jarrett Jack,Jeff Foster,Stephen Graham,T.J. Ford,3,9:06,IND,free throw,,,,,,,2,,2,T.J. Ford,,,foul,made,,,,
Al Harrington,Chris Duhon,David Lee,Quentin Richardson,Wilson Chandler,Danny Granger,Jarrett Jack,Jeff Foster,Stephen Graham,T.J. Ford,3,9:01,NYK,shot,,,,,,,,,,Al Harrington,,,,missed,,driving layup,25,7
Al Harrington,Chris Duhon,David Lee,Quentin Richardson,Wilson Chandler,Danny Granger,Jarrett Jack,Jeff Foster,Stephen Graham,T.J. Ford,3,9:00,IND,rebound,,,,,,,,,,Danny Granger,,,,,,def,,
Al Harrington,Chris Duhon,David Lee,Quentin Richardson,Wilson Chandler,Danny Granger,Jarrett Jack,Jeff Foster,Stephen Graham,T.J. Ford,3,8:53,IND,shot,,,,,,,,,,T.J. Ford,2,,,made,,layup,26,10
Al Harrington,Chris Duhon,David Lee,Quentin Richardson,Wilson Chandler,Danny Granger,Jarrett Jack,Jeff Foster,Stephen Graham,T.J. Ford,3,8:41,NYK,shot,Quentin Richardson,,,,,,,,,David Lee,2,,,made,,slam dunk,25,7
Al Harrington,Chris Duhon,David Lee,Quentin Richardson,Wilson Chandler,Danny Granger,Jarrett Jack,Jeff Foster,Stephen Graham,T.J. Ford,3,8:39,IND,timeout,,,,,,,,,,,,,,,,regular,,
Al Harrington,Chris Duhon,David Lee,Quentin Richardson,Wilson Chandler,Jarrett Jack,Jeff Foster,Mike Dunleavy,Stephen Graham,T.J. Ford,3,8:39,IND,sub,,,,Mike Dunleavy,,Danny Granger,,,,,,,,,,,,
Al Harrington,Chris Duhon,David Lee,Quentin Richardson,Wilson Chandler,Jarrett Jack,Jeff Foster,Mike Dunleavy,Stephen Graham,T.J. Ford,3,8:32,IND,shot,,,,,,,,,,Mike Dunleavy,,,,missed,,3pt,41,25
Al Harrington,Chris Duhon,David Lee,Quentin Richardson,Wilson Chandler,Jarrett Jack,Jeff Foster,Mike Dunleavy,Stephen Graham,T.J. Ford,3,8:31,NYK,rebound,,,,,,,,,,Wilson Chandler,,,,,,def,,
Al Harrington,Chris Duhon,David Lee,Quentin Richardson,Wilson Chandler,Jarrett Jack,Jeff Foster,Mike Dunleavy,Stephen Graham,T.J. Ford,3,8:16,NYK,shot,,,,,,,,,,David Lee,,,,missed,,jump,38,18
Al Harrington,Chris Duhon,David Lee,Quentin Richardson,Wilson Chandler,Jarrett Jack,Jeff Foster,Mike Dunleavy,Stephen Graham,T.J. Ford,3,8:14,IND,rebound,,,,,,,,,,Stephen Graham,,,,,,def,,
Al Harrington,Chris Duhon,David Lee,Quentin Richardson,Wilson Chandler,Jarrett Jack,Jeff Foster,Mike Dunleavy,Stephen Graham,T.J. Ford,3,8:08,IND,shot,,,,,,,,,,Jarrett Jack,,,,missed,,jump,34,25
Al Harrington,Chris Duhon,David Lee,Quentin Richardson,Wilson Chandler,Jarrett Jack,Jeff Foster,Mike Dunleavy,Stephen Graham,T.J. Ford,3,8:06,IND,rebound,,,,,,,,,,Stephen Graham,,,,,,off,,
Al Harrington,Chris Duhon,David Lee,Quentin Richardson,Wilson Chandler,Jarrett Jack,Jeff Foster,Mike Dunleavy,Stephen Graham,T.J. Ford,3,7:57,IND,shot,,,,,,,,,,Stephen Graham,2,,,made,,jump,31,26
Al Harrington,Chris Duhon,David Lee,Quentin Richardson,Wilson Chandler,Jarrett Jack,Jeff Foster,Mike Dunleavy,Stephen Graham,T.J. Ford,3,7:40,NYK,shot,,,,,,,,,,Al Harrington,,,,missed,,3pt,48,8
Al Harrington,Chris Duhon,David Lee,Quentin Richardson,Wilson Chandler,Jarrett Jack,Jeff Foster,Mike Dunleavy,Stephen Graham,T.J. Ford,3,7:39,IND,rebound,,,,,,,,,,Mike Dunleavy,,,,,,def,,
Al Harrington,Chris Duhon,David Lee,Quentin Richardson,Wilson Chandler,Jarrett Jack,Jeff Foster,Mike Dunleavy,Stephen Graham,T.J. Ford,3,7:29,IND,shot,,,,,,,,,,Stephen Graham,2,,,made,,pullup jump,13,22
Al Harrington,Chris Duhon,David Lee,Quentin Richardson,Wilson Chandler,Jarrett Jack,Jeff Foster,Mike Dunleavy,Stephen Graham,T.J. Ford,3,7:11,NYK,shot,Chris Duhon,,,,,,,,,Quentin Richardson,3,,,made,,3pt,47,19
Al Harrington,Chris Duhon,David Lee,Quentin Richardson,Wilson Chandler,Jarrett Jack,Jeff Foster,Mike Dunleavy,Stephen Graham,T.J. Ford,3,6:51,IND,shot,,,,,,,,,,Stephen Graham,,,,missed,,layup,24,8
Al Harrington,Chris Duhon,David Lee,Quentin Richardson,Wilson Chandler,Jarrett Jack,Jeff Foster,Mike Dunleavy,Stephen Graham,T.J. Ford,3,6:50,IND,rebound,,,,,,,,,,Jeff Foster,,,,,,off,,
Al Harrington,Chris Duhon,David Lee,Quentin Richardson,Wilson Chandler,Jarrett Jack,Jeff Foster,Mike Dunleavy,Stephen Graham,T.J. Ford,3,6:44,IND,shot,,,,,,,,,,Stephen Graham,,,,missed,,reverse layup,27,6
Al Harrington,Chris Duhon,David Lee,Quentin Richardson,Wilson Chandler,Jarrett Jack,Jeff Foster,Mike Dunleavy,Stephen Graham,T.J. Ford,3,6:44,NYK,rebound,,,,,,,,,,David Lee,,,,,,def,,
Al Harrington,Chris Duhon,David Lee,Quentin Richardson,Wilson Chandler,Jarrett Jack,Jeff Foster,Mike Dunleavy,Stephen Graham,T.J. Ford,3,6:35,NYK,shot,,,Mike Dunleavy,,,,,,,Wilson Chandler,,,,missed,,jump,26,10
Al Harrington,Chris Duhon,David Lee,Quentin Richardson,Wilson Chandler,Jarrett Jack,Jeff Foster,Mike Dunleavy,Stephen Graham,T.J. Ford,3,6:33,IND,rebound,,,,,,,,,,T.J. Ford,,,,,,def,,
Al Harrington,Chris Duhon,David Lee,Quentin Richardson,Wilson Chandler,Jarrett Jack,Jeff Foster,Mike Dunleavy,Stephen Graham,T.J. Ford,3,6:30,IND,shot,T.J. Ford,,,,,,,,,Mike Dunleavy,2,,,made,,driving finger roll layup,23,9
Al Harrington,Chris Duhon,David Lee,Quentin Richardson,Wilson Chandler,Jarrett Jack,Jeff Foster,Mike Dunleavy,Stephen Graham,T.J. Ford,3,6:14,NYK,shot,,,,,,,,,,Quentin Richardson,,,,missed,,3pt,49,7
Al Harrington,Chris Duhon,David Lee,Quentin Richardson,Wilson Chandler,Jarrett Jack,Jeff Foster,Mike Dunleavy,Stephen Graham,T.J. Ford,3,6:13,IND,rebound,,,,,,,,,,Mike Dunleavy,,,,,,def,,
Al Harrington,Chris Duhon,David Lee,Quentin Richardson,Wilson Chandler,Jarrett Jack,Jeff Foster,Mike Dunleavy,Stephen Graham,T.J. Ford,3,6:04,IND,shot,Mike Dunleavy,,,,,,,,,Stephen Graham,3,,,made,,3pt,5,22
Al Harrington,Chris Duhon,David Lee,Quentin Richardson,Wilson Chandler,Jarrett Jack,Jeff Foster,Mike Dunleavy,Stephen Graham,T.J. Ford,3,6:02,NYK,timeout,,,,,,,,,,,,,,,,regular,,
Al Harrington,Chris Duhon,David Lee,Quentin Richardson,Tim Thomas,Jarrett Jack,Jeff Foster,Mike Dunleavy,Stephen Graham,T.J. Ford,3,6:02,NYK,sub,,,,Tim Thomas,,Wilson Chandler,,,,,,,,,,,,
Al Harrington,Chris Duhon,David Lee,Nate Robinson,Tim Thomas,Jarrett Jack,Jeff Foster,Mike Dunleavy,Stephen Graham,T.J. Ford,3,6:02,NYK,sub,,,,Nate Robinson,,Quentin Richardson,,,,,,,,,,,,
Al Harrington,Chris Duhon,David Lee,Nate Robinson,Tim Thomas,Jarrett Jack,Jeff Foster,Mike Dunleavy,Stephen Graham,T.J. Ford,3,5:43,NYK,shot,Nate Robinson,,,,,,,,,David Lee,2,,,made,,turnaround bank,30,9
Al Harrington,Chris Duhon,David Lee,Nate Robinson,Tim Thomas,Jarrett Jack,Jeff Foster,Mike Dunleavy,Stephen Graham,T.J. Ford,3,5:29,IND,shot,,,,,,,,,,Mike Dunleavy,,,,missed,,turnaround jump,39,7
Al Harrington,Chris Duhon,David Lee,Nate Robinson,Tim Thomas,Jarrett Jack,Jeff Foster,Mike Dunleavy,Stephen Graham,T.J. Ford,3,5:28,NYK,rebound,,,,,,,,,,Tim Thomas,,,,,,def,,
Al Harrington,Chris Duhon,David Lee,Nate Robinson,Tim Thomas,Jarrett Jack,Jeff Foster,Mike Dunleavy,Stephen Graham,T.J. Ford,3,5:18,NYK,shot,,,,,,,,,,Nate Robinson,,,,missed,,driving layup,22,8
Al Harrington,Chris Duhon,David Lee,Nate Robinson,Tim Thomas,Jarrett Jack,Jeff Foster,Mike Dunleavy,Stephen Graham,T.J. Ford,3,5:17,IND,rebound,,,,,,,,,,Stephen Graham,,,,,,def,,
Al Harrington,Chris Duhon,David Lee,Nate Robinson,Tim Thomas,Jarrett Jack,Jeff Foster,Mike Dunleavy,Stephen Graham,T.J. Ford,3,5:11,IND,shot,,,,,,,,,,T.J. Ford,,,,missed,,driving layup,26,8
Al Harrington,Chris Duhon,David Lee,Nate Robinson,Tim Thomas,Jarrett Jack,Jeff Foster,Mike Dunleavy,Stephen Graham,T.J. Ford,3,5:10,NYK,rebound,,,,,,,,,,David Lee,,,,,,def,,
Al Harrington,Chris Duhon,David Lee,Nate Robinson,Tim Thomas,Jarrett Jack,Jeff Foster,Mike Dunleavy,Stephen Graham,T.J. Ford,3,5:04,NYK,turnover,,,,,,,,,,Chris Duhon,,,bad pass,,,,,
Al Harrington,Chris Duhon,David Lee,Nate Robinson,Tim Thomas,Jarrett Jack,Jeff Foster,Mike Dunleavy,Stephen Graham,T.J. Ford,3,4:53,IND,shot,,,,,,,,,,Mike Dunleavy,,,,missed,,3pt,47,18
Al Harrington,Chris Duhon,David Lee,Nate Robinson,Tim Thomas,Jarrett Jack,Jeff Foster,Mike Dunleavy,Stephen Graham,T.J. Ford,3,4:52,NYK,rebound,,,,,,,,,,David Lee,,,,,,def,,
Al Harrington,Chris Duhon,David Lee,Nate Robinson,Tim Thomas,Jarrett Jack,Jeff Foster,Mike Dunleavy,Stephen Graham,T.J. Ford,3,4:28,NYK,turnover,,,,,,,,,,,,,shot clock turnover,,,,,
Al Harrington,Chris Duhon,David Lee,Nate Robinson,Tim Thomas,Jarrett Jack,Jeff Foster,Mike Dunleavy,Stephen Graham,T.J. Ford,3,4:18,IND,shot,,,,,,,,,,T.J. Ford,2,,,made,,pullup jump,30,18
Al Harrington,Chris Duhon,David Lee,Nate Robinson,Tim Thomas,Jarrett Jack,Jeff Foster,Mike Dunleavy,Stephen Graham,T.J. Ford,3,4:00,NYK,shot,,,,,,,,,,Al Harrington,2,,,made,,pullup jump,34,13
Al Harrington,Chris Duhon,David Lee,Nate Robinson,Tim Thomas,Jarrett Jack,Jeff Foster,Mike Dunleavy,Stephen Graham,T.J. Ford,3,3:52,IND,shot,T.J. Ford,,,,,,,,,Stephen Graham,3,,,made,,3pt,31,31
Al Harrington,Chris Duhon,David Lee,Nate Robinson,Tim Thomas,Jarrett Jack,Jeff Foster,Mike Dunleavy,Stephen Graham,T.J. Ford,3,3:40,NYK,shot,,,,,,,,,,Al Harrington,,,,missed,,3pt,2,11
Al Harrington,Chris Duhon,David Lee,Nate Robinson,Tim Thomas,Jarrett Jack,Jeff Foster,Mike Dunleavy,Stephen Graham,T.J. Ford,3,3:38,NYK,rebound,,,,,,,,,,Tim Thomas,,,,,,off,,
Al Harrington,Chris Duhon,David Lee,Nate Robinson,Tim Thomas,Jarrett Jack,Jeff Foster,Mike Dunleavy,Stephen Graham,T.J. Ford,3,3:22,NYK,shot,,,,,,,,,,Nate Robinson,2,,,made,,jump,45,6
Al Harrington,Chris Duhon,David Lee,Nate Robinson,Tim Thomas,Jarrett Jack,Jeff Foster,Mike Dunleavy,Stephen Graham,Travis Diener,3,3:11,IND,sub,,,,Travis Diener,,T.J. Ford,,,,,,,,,,,,
Al Harrington,Chris Duhon,David Lee,Nate Robinson,Tim Thomas,Danny Granger,Jeff Foster,Mike Dunleavy,Stephen Graham,Travis Diener,3,3:11,IND,sub,,,,Danny Granger,,Jarrett Jack,,,,,,,,,,,,
Al Harrington,Chris Duhon,David Lee,Nate Robinson,Tim Thomas,Danny Granger,Jeff Foster,Mike Dunleavy,Stephen Graham,Travis Diener,3,3:11,NYK,foul,,,,,,,,Jeff Foster,,David Lee,,,,,,inbound,,
Al Harrington,Chris Duhon,David Lee,Nate Robinson,Tim Thomas,Danny Granger,Jeff Foster,Mike Dunleavy,Stephen Graham,Travis Diener,3,3:11,IND,free throw,,,,,,,1,,2,Jeff Foster,,,foul,made,,,,
Al Harrington,Chris Duhon,David Lee,Nate Robinson,Tim Thomas,Danny Granger,Jeff Foster,Stephen Graham,Travis Diener,Troy Murphy,3,3:11,IND,sub,,,,Troy Murphy,,Mike Dunleavy,,,,,,,,,,,,
Al Harrington,Chris Duhon,David Lee,Nate Robinson,Tim Thomas,Danny Granger,Jeff Foster,Stephen Graham,Travis Diener,Troy Murphy,3,3:11,IND,free throw,,,,,,,2,,2,Jeff Foster,,,foul,made,,,,
Al Harrington,Chris Duhon,David Lee,Nate Robinson,Tim Thomas,Danny Granger,Jeff Foster,Stephen Graham,Travis Diener,Troy Murphy,3,2:58,NYK,shot,,,,,,,,,,Chris Duhon,2,,,made,,floating jump,22,17
Al Harrington,Chris Duhon,David Lee,Nate Robinson,Tim Thomas,Danny Granger,Jeff Foster,Stephen Graham,Travis Diener,Troy Murphy,3,2:47,IND,shot,,,,,,,,,,Danny Granger,2,,,made,,driving layup,25,8
Al Harrington,Chris Duhon,David Lee,Nate Robinson,Tim Thomas,Danny Granger,Jeff Foster,Stephen Graham,Travis Diener,Troy Murphy,3,2:47,NYK,foul,,,,,,,,Danny Granger,,Chris Duhon,,,,,,shooting,,
Al Harrington,Chris Duhon,Danilo Gallinari,Nate Robinson,Tim Thomas,Danny Granger,Jeff Foster,Stephen Graham,Travis Diener,Troy Murphy,3,2:47,NYK,sub,,,,Danilo Gallinari,,David Lee,,,,,,,,,,,,
Al Harrington,Chris Duhon,Danilo Gallinari,Nate Robinson,Tim Thomas,Danny Granger,Jeff Foster,Stephen Graham,Travis Diener,Troy Murphy,3,2:47,IND,free throw,,,,,,,1,,1,Danny Granger,,,foul,made,,,,
Al Harrington,Chris Duhon,Danilo Gallinari,Nate Robinson,Tim Thomas,Danny Granger,Jeff Foster,Stephen Graham,Travis Diener,Troy Murphy,3,2:34,NYK,shot,,,,,,,,,,Al Harrington,2,,,made,,turnaround fade away,44,8
Al Harrington,Chris Duhon,Danilo Gallinari,Nate Robinson,Tim Thomas,Danny Granger,Jeff Foster,Stephen Graham,Travis Diener,Troy Murphy,3,2:32,IND,turnover,,,,,,,,,,Stephen Graham,,,inbound turnover,,,,,
Al Harrington,Chris Duhon,Danilo Gallinari,Nate Robinson,Tim Thomas,Danny Granger,Jeff Foster,Stephen Graham,Travis Diener,Troy Murphy,3,2:18,NYK,shot,,,,,,,,,,Danilo Gallinari,,,,missed,,3pt,48,7
Al Harrington,Chris Duhon,Danilo Gallinari,Nate Robinson,Tim Thomas,Danny Granger,Jeff Foster,Stephen Graham,Travis Diener,Troy Murphy,3,2:16,IND,rebound,,,,,,,,,,Stephen Graham,,,,,,def,,
Al Harrington,Chris Duhon,Danilo Gallinari,Nate Robinson,Tim Thomas,Danny Granger,Jeff Foster,Stephen Graham,Travis Diener,Troy Murphy,3,2:09,IND,shot,,,,,,,,,,Travis Diener,,,,missed,,3pt,21,31
Al Harrington,Chris Duhon,Danilo Gallinari,Nate Robinson,Tim Thomas,Danny Granger,Jeff Foster,Stephen Graham,Travis Diener,Troy Murphy,3,2:07,NYK,rebound,,,,,,,,,,Tim Thomas,,,,,,def,,
Al Harrington,Chris Duhon,Danilo Gallinari,Nate Robinson,Tim Thomas,Danny Granger,Jeff Foster,Stephen Graham,Travis Diener,Troy Murphy,3,1:47,NYK,shot,,,Danny Granger,,,,,,,Al Harrington,,,,missed,,layup,27,6
Al Harrington,Chris Duhon,Danilo Gallinari,Nate Robinson,Tim Thomas,Danny Granger,Jeff Foster,Stephen Graham,Travis Diener,Troy Murphy,3,1:44,NYK,rebound,,,,,,,,,,Al Harrington,,,,,,off,,
Al Harrington,Chris Duhon,Danilo Gallinari,Nate Robinson,Tim Thomas,Danny Granger,Jeff Foster,Stephen Graham,Travis Diener,Troy Murphy,3,1:43,NYK,turnover,,,,,,,,,,,,,shot clock turnover,,,,,
Al Harrington,Chris Duhon,Danilo Gallinari,Nate Robinson,Tim Thomas,Danny Granger,Jeff Foster,Stephen Graham,Travis Diener,Troy Murphy,3,1:26,IND,turnover,,,,,,,,,,Danny Granger,,,bad pass,,Danilo Gallinari,,,
Al Harrington,Chris Duhon,Danilo Gallinari,Nate Robinson,Tim Thomas,Danny Granger,Jeff Foster,Stephen Graham,Travis Diener,Troy Murphy,3,1:13,NYK,shot,,,,,,,,,,Al Harrington,2,,,made,,pullup jump,43,6
Al Harrington,Chris Duhon,Danilo Gallinari,Nate Robinson,Tim Thomas,Danny Granger,Jeff Foster,Stephen Graham,Travis Diener,Troy Murphy,3,0:54,NYK,foul,,,,,,,,Troy Murphy,,Al Harrington,,,,,,personal,,
Al Harrington,Chris Duhon,Danilo Gallinari,Nate Robinson,Tim Thomas,Danny Granger,Jeff Foster,Stephen Graham,Travis Diener,Troy Murphy,3,0:54,IND,free throw,,,,,,,1,,2,Troy Murphy,,,foul,made,,,,
Al Harrington,Chris Duhon,Danilo Gallinari,Nate Robinson,Tim Thomas,Danny Granger,Mike Dunleavy,Stephen Graham,Travis Diener,Troy Murphy,3,0:54,IND,sub,,,,Mike Dunleavy,,Jeff Foster,,,,,,,,,,,,
Al Harrington,Chris Duhon,Danilo Gallinari,Nate Robinson,Tim Thomas,Danny Granger,Mike Dunleavy,Stephen Graham,Travis Diener,Troy Murphy,3,0:54,IND,free throw,,,,,,,2,,2,Troy Murphy,,,foul,made,,,,
Al Harrington,Chris Duhon,Danilo Gallinari,Nate Robinson,Tim Thomas,Danny Granger,Mike Dunleavy,Stephen Graham,Travis Diener,Troy Murphy,3,0:46,NYK,shot,,,,,,,,,,Nate Robinson,3,,,made,,3pt,13,27
Al Harrington,Chris Duhon,Danilo Gallinari,Nate Robinson,Tim Thomas,Danny Granger,Mike Dunleavy,Stephen Graham,Travis Diener,Troy Murphy,3,0:38,NYK,foul,,,,,,,,Stephen Graham,,Chris Duhon,,,,,,personal,,
Al Harrington,Chris Duhon,Danilo Gallinari,Nate Robinson,Tim Thomas,Danny Granger,Mike Dunleavy,Stephen Graham,Travis Diener,Troy Murphy,3,0:38,IND,free throw,,,,,,,1,,2,Stephen Graham,,,foul,made,,,,
Al Harrington,Chris Duhon,Danilo Gallinari,Nate Robinson,Tim Thomas,Danny Granger,Mike Dunleavy,Stephen Graham,Travis Diener,Troy Murphy,3,0:38,IND,free throw,,,,,,,2,,2,Stephen Graham,,,foul,made,,,,
Al Harrington,Chris Duhon,Danilo Gallinari,Nate Robinson,Tim Thomas,Danny Granger,Mike Dunleavy,Stephen Graham,Travis Diener,Troy Murphy,3,0:31,NYK,shot,,,,,,,,,,Nate Robinson,,,,missed,,alley oop layup,29,7
Al Harrington,Chris Duhon,Danilo Gallinari,Nate Robinson,Tim Thomas,Danny Granger,Mike Dunleavy,Stephen Graham,Travis Diener,Troy Murphy,3,0:29,NYK,rebound,,,,,,,,,,Nate Robinson,,,,,,off,,
Al Harrington,Chris Duhon,Danilo Gallinari,Nate Robinson,Tim Thomas,Danny Granger,Mike Dunleavy,Stephen Graham,Travis Diener,Troy Murphy,3,0:27,IND,foul,,,,,,,,Nate Robinson,,Danny Granger,,,,,,personal,,
Al Harrington,Chris Duhon,Danilo Gallinari,Nate Robinson,Tim Thomas,Danny Granger,Mike Dunleavy,Stephen Graham,Travis Diener,Troy Murphy,3,0:11,NYK,shot,,,Stephen Graham,,,,,,,Chris Duhon,,,,missed,,driving jump,24,9
Al Harrington,Chris Duhon,Danilo Gallinari,Nate Robinson,Tim Thomas,Danny Granger,Mike Dunleavy,Stephen Graham,Travis Diener,Troy Murphy,3,0:09,NYK,rebound,,,,,,,,,,,,,,,,,,
Al Harrington,Chris Duhon,Danilo Gallinari,Nate Robinson,Tim Thomas,Danny Granger,Mike Dunleavy,Stephen Graham,Travis Diener,Troy Murphy,3,0:05,NYK,shot,,,,,,,,,,Nate Robinson,,,,missed,,3pt,9,25
Al Harrington,Chris Duhon,Danilo Gallinari,Nate Robinson,Tim Thomas,Danny Granger,Mike Dunleavy,Stephen Graham,Travis Diener,Troy Murphy,3,0:05,NYK,rebound,,,,,,,,,,,,,,,,,,
Al Harrington,Chris Duhon,Danilo Gallinari,Nate Robinson,Tim Thomas,Danny Granger,Mike Dunleavy,Stephen Graham,Travis Diener,Troy Murphy,3,0:05,NYK,turnover,,,,,,,,,,,,,shot clock turnover,,,,,
Al Harrington,Chris Duhon,Danilo Gallinari,Nate Robinson,Tim Thomas,Danny Granger,Mike Dunleavy,Stephen Graham,Travis Diener,Troy Murphy,3,0:01,IND,shot,,,,,,,,,,Mike Dunleavy,,,,missed,,layup,27,7
Al Harrington,Chris Duhon,Danilo Gallinari,Nate Robinson,Tim Thomas,Danny Granger,Mike Dunleavy,Stephen Graham,Travis Diener,Troy Murphy,3,0:01,IND,shot,,,,,,,,,,Troy Murphy,,,,missed,,tip,23,7
Al Harrington,Chris Duhon,Danilo Gallinari,Nate Robinson,Tim Thomas,Danny Granger,Mike Dunleavy,Stephen Graham,Travis Diener,Troy Murphy,3,0:01,IND,rebound,,,,,,,,,,Troy Murphy,,,,,,off,,
Al Harrington,Chris Duhon,Danilo Gallinari,Nate Robinson,Tim Thomas,Danny Granger,Mike Dunleavy,Stephen Graham,Travis Diener,Troy Murphy,3,0:01,IND,rebound,,,,,,,,,,Troy Murphy,,,,,,off,,
Al Harrington,Chris Duhon,Danilo Gallinari,Nate Robinson,Tim Thomas,Danny Granger,Mike Dunleavy,Stephen Graham,Travis Diener,Troy Murphy,3,0:00,IND,shot,,,,,,,,,,Troy Murphy,,,,missed,,tip,25,7
Al Harrington,Chris Duhon,Danilo Gallinari,Nate Robinson,Tim Thomas,Danny Granger,Mike Dunleavy,Stephen Graham,Travis Diener,Troy Murphy,3,0:00,IND,rebound,,,,,,,,,,,,,,,,,,
Danilo Gallinari,David Lee,Nate Robinson,Tim Thomas,Wilson Chandler,Danny Granger,Jarrett Jack,Mike Dunleavy,T.J. Ford,Troy Murphy,4,11:49,IND,shot,,,,,,,,,,Mike Dunleavy,,,,missed,,jump,29,23
Danilo Gallinari,David Lee,Nate Robinson,Tim Thomas,Wilson Chandler,Danny Granger,Jarrett Jack,Mike Dunleavy,T.J. Ford,Troy Murphy,4,11:48,NYK,rebound,,,,,,,,,,Wilson Chandler,,,,,,def,,
Danilo Gallinari,David Lee,Nate Robinson,Tim Thomas,Wilson Chandler,Danny Granger,Jarrett Jack,Mike Dunleavy,T.J. Ford,Troy Murphy,4,11:32,NYK,shot,,,,,,,,,,Wilson Chandler,,,,missed,,3pt,39,28
Danilo Gallinari,David Lee,Nate Robinson,Tim Thomas,Wilson Chandler,Danny Granger,Jarrett Jack,Mike Dunleavy,T.J. Ford,Troy Murphy,4,11:32,NYK,rebound,,,,,,,,,,,,,,,,,,
Danilo Gallinari,David Lee,Nate Robinson,Tim Thomas,Wilson Chandler,Danny Granger,Jarrett Jack,Mike Dunleavy,T.J. Ford,Troy Murphy,4,11:32,IND,foul,,,,,,,,Danilo Gallinari,,T.J. Ford,,,,,,personal,,
Danilo Gallinari,David Lee,Nate Robinson,Tim Thomas,Wilson Chandler,Danny Granger,Jarrett Jack,Mike Dunleavy,T.J. Ford,Troy Murphy,4,11:18,NYK,shot,Nate Robinson,,,,,,,,,Tim Thomas,2,,,made,,turnaround fade away,39,9
Danilo Gallinari,David Lee,Nate Robinson,Tim Thomas,Wilson Chandler,Danny Granger,Jarrett Jack,Mike Dunleavy,T.J. Ford,Troy Murphy,4,11:04,IND,shot,,,,,,,,,,Jarrett Jack,,,,missed,,jump,23,8
Danilo Gallinari,David Lee,Nate Robinson,Tim Thomas,Wilson Chandler,Danny Granger,Jarrett Jack,Mike Dunleavy,T.J. Ford,Troy Murphy,4,11:03,NYK,rebound,,,,,,,,,,David Lee,,,,,,def,,
Danilo Gallinari,David Lee,Nate Robinson,Tim Thomas,Wilson Chandler,Danny Granger,Jarrett Jack,Mike Dunleavy,T.J. Ford,Troy Murphy,4,10:55,NYK,foul,,,,,,,,Mike Dunleavy,,Nate Robinson,,,,,,offensive,,
Danilo Gallinari,David Lee,Nate Robinson,Tim Thomas,Wilson Chandler,Danny Granger,Jarrett Jack,Mike Dunleavy,T.J. Ford,Troy Murphy,4,10:55,NYK,turnover,,,,,,,,,,Nate Robinson,,,foul,,,,,
Danilo Gallinari,David Lee,Nate Robinson,Tim Thomas,Wilson Chandler,Danny Granger,Jarrett Jack,Mike Dunleavy,T.J. Ford,Troy Murphy,4,10:44,IND,shot,,,,,,,,,,Jarrett Jack,,,,missed,,3pt,0,7
Danilo Gallinari,David Lee,Nate Robinson,Tim Thomas,Wilson Chandler,Danny Granger,Jarrett Jack,Mike Dunleavy,T.J. Ford,Troy Murphy,4,10:43,NYK,rebound,,,,,,,,,,Danilo Gallinari,,,,,,def,,
Danilo Gallinari,David Lee,Nate Robinson,Tim Thomas,Wilson Chandler,Danny Granger,Jarrett Jack,Mike Dunleavy,T.J. Ford,Troy Murphy,4,10:33,NYK,shot,Wilson Chandler,,,,,,,,,David Lee,2,,,made,,driving finger roll layup,25,10
Danilo Gallinari,David Lee,Nate Robinson,Tim Thomas,Wilson Chandler,Danny Granger,Jarrett Jack,Mike Dunleavy,T.J. Ford,Troy Murphy,4,10:18,IND,shot,,,,,,,,,,Jarrett Jack,2,,,made,,running jump,25,12
Danilo Gallinari,David Lee,Nate Robinson,Tim Thomas,Wilson Chandler,Danny Granger,Jarrett Jack,Mike Dunleavy,T.J. Ford,Troy Murphy,4,10:03,NYK,turnover,,,,,,,,,,Danilo Gallinari,,,traveling,,,,,
Danilo Gallinari,David Lee,Nate Robinson,Tim Thomas,Wilson Chandler,Danny Granger,Jarrett Jack,Mike Dunleavy,T.J. Ford,Troy Murphy,4,9:44,IND,shot,,,,,,,,,,Mike Dunleavy,,,,missed,,3pt,3,18
Danilo Gallinari,David Lee,Nate Robinson,Tim Thomas,Wilson Chandler,Danny Granger,Jarrett Jack,Mike Dunleavy,T.J. Ford,Troy Murphy,4,9:42,NYK,rebound,,,,,,,,,,Nate Robinson,,,,,,def,,
Danilo Gallinari,David Lee,Nate Robinson,Tim Thomas,Wilson Chandler,Danny Granger,Jarrett Jack,Mike Dunleavy,T.J. Ford,Troy Murphy,4,9:22,NYK,shot,,,,,,,,,,Wilson Chandler,2,,,made,,turnaround jump,40,8
Danilo Gallinari,David Lee,Nate Robinson,Tim Thomas,Wilson Chandler,Danny Granger,Jarrett Jack,Mike Dunleavy,T.J. Ford,Troy Murphy,4,9:13,NYK,foul,,,,,,,,Danny Granger,,Tim Thomas,,,,,,personal,,
Danilo Gallinari,David Lee,Nate Robinson,Tim Thomas,Wilson Chandler,Danny Granger,Jarrett Jack,Stephen Graham,T.J. Ford,Troy Murphy,4,9:13,IND,sub,,,,Stephen Graham,,Mike Dunleavy,,,,,,,,,,,,
Danilo Gallinari,David Lee,Nate Robinson,Tim Thomas,Wilson Chandler,Danny Granger,Jarrett Jack,Jeff Foster,Stephen Graham,T.J. Ford,4,9:13,IND,sub,,,,Jeff Foster,,Troy Murphy,,,,,,,,,,,,
Danilo Gallinari,David Lee,Nate Robinson,Tim Thomas,Wilson Chandler,Danny Granger,Jarrett Jack,Jeff Foster,Stephen Graham,T.J. Ford,4,8:58,IND,shot,,,,,,,,,,Jarrett Jack,,,,missed,,jump,25,12
Danilo Gallinari,David Lee,Nate Robinson,Tim Thomas,Wilson Chandler,Danny Granger,Jarrett Jack,Jeff Foster,Stephen Graham,T.J. Ford,4,8:57,IND,shot,,,,,,,,,,Jeff Foster,,,,missed,,tip,25,7
Danilo Gallinari,David Lee,Nate Robinson,Tim Thomas,Wilson Chandler,Danny Granger,Jarrett Jack,Jeff Foster,Stephen Graham,T.J. Ford,4,8:57,IND,rebound,,,,,,,,,,Jeff Foster,,,,,,off,,
Danilo Gallinari,David Lee,Nate Robinson,Tim Thomas,Wilson Chandler,Danny Granger,Jarrett Jack,Jeff Foster,Stephen Graham,T.J. Ford,4,8:55,IND,rebound,,,,,,,,,,T.J. Ford,,,,,,off,,
Danilo Gallinari,David Lee,Nate Robinson,Tim Thomas,Wilson Chandler,Danny Granger,Jarrett Jack,Jeff Foster,Stephen Graham,T.J. Ford,4,8:52,NYK,foul,,,,,,,,Stephen Graham,,Nate Robinson,,,,,,shooting,,
Danilo Gallinari,David Lee,Nate Robinson,Tim Thomas,Wilson Chandler,Danny Granger,Jarrett Jack,Jeff Foster,Stephen Graham,T.J. Ford,4,8:52,OFF,timeout,,,,,,,,,,,,,,,,official,,
Danilo Gallinari,David Lee,Nate Robinson,Tim Thomas,Wilson Chandler,Danny Granger,Jarrett Jack,Jeff Foster,Stephen Graham,T.J. Ford,4,8:52,IND,free throw,,,,,,,1,,2,Stephen Graham,,,foul,made,,,,
Danilo Gallinari,David Lee,Nate Robinson,Tim Thomas,Wilson Chandler,Danny Granger,Jarrett Jack,Jeff Foster,Stephen Graham,T.J. Ford,4,8:52,IND,free throw,,,,,,,2,,2,Stephen Graham,,,foul,made,,,,
Danilo Gallinari,David Lee,Nate Robinson,Tim Thomas,Wilson Chandler,Danny Granger,Jarrett Jack,Jeff Foster,Stephen Graham,T.J. Ford,4,8:37,NYK,shot,,,,,,,,,,David Lee,,,,missed,,jump,33,23
Danilo Gallinari,David Lee,Nate Robinson,Tim Thomas,Wilson Chandler,Danny Granger,Jarrett Jack,Jeff Foster,Stephen Graham,T.J. Ford,4,8:36,IND,rebound,,,,,,,,,,Stephen Graham,,,,,,def,,
Danilo Gallinari,David Lee,Nate Robinson,Tim Thomas,Wilson Chandler,Danny Granger,Jarrett Jack,Jeff Foster,Stephen Graham,T.J. Ford,4,8:28,IND,shot,,,,,,,,,,Stephen Graham,,,,missed,,pullup jump,12,23
Danilo Gallinari,David Lee,Nate Robinson,Tim Thomas,Wilson Chandler,Danny Granger,Jarrett Jack,Jeff Foster,Stephen Graham,T.J. Ford,4,8:26,NYK,rebound,,,,,,,,,,Tim Thomas,,,,,,def,,
Danilo Gallinari,David Lee,Nate Robinson,Tim Thomas,Wilson Chandler,Danny Granger,Jarrett Jack,Jeff Foster,Stephen Graham,T.J. Ford,4,8:02,NYK,shot,,,Danny Granger,,,,,,,David Lee,,,,missed,,layup,25,8
Danilo Gallinari,David Lee,Nate Robinson,Tim Thomas,Wilson Chandler,Danny Granger,Jarrett Jack,Jeff Foster,Stephen Graham,T.J. Ford,4,8:01,IND,rebound,,,,,,,,,,Jeff Foster,,,,,,def,,
Danilo Gallinari,David Lee,Nate Robinson,Tim Thomas,Wilson Chandler,Danny Granger,Jarrett Jack,Jeff Foster,Stephen Graham,T.J. Ford,4,7:58,NYK,foul,,,,,,,,T.J. Ford,,Nate Robinson,,,,,,shooting,,
Danilo Gallinari,David Lee,Nate Robinson,Tim Thomas,Wilson Chandler,Danny Granger,Jarrett Jack,Jeff Foster,Stephen Graham,T.J. Ford,4,7:58,IND,free throw,,,,,,,1,,2,T.J. Ford,,,foul,made,,,,
Chris Duhon,Danilo Gallinari,David Lee,Tim Thomas,Wilson Chandler,Danny Granger,Jarrett Jack,Jeff Foster,Stephen Graham,T.J. Ford,4,7:58,NYK,sub,,,,Chris Duhon,,Nate Robinson,,,,,,,,,,,,
Al Harrington,Chris Duhon,David Lee,Tim Thomas,Wilson Chandler,Danny Granger,Jarrett Jack,Jeff Foster,Stephen Graham,T.J. Ford,4,7:58,NYK,sub,,,,Al Harrington,,Danilo Gallinari,,,,,,,,,,,,
Al Harrington,Chris Duhon,David Lee,Tim Thomas,Wilson Chandler,Danny Granger,Jarrett Jack,Jeff Foster,Stephen Graham,T.J. Ford,4,7:58,IND,free throw,,,,,,,2,,2,T.J. Ford,,,foul,missed,,,,
Al Harrington,Chris Duhon,David Lee,Tim Thomas,Wilson Chandler,Danny Granger,Jarrett Jack,Jeff Foster,Stephen Graham,T.J. Ford,4,7:58,NYK,rebound,,,,,,,,,,David Lee,,,,,,def,,
Al Harrington,Chris Duhon,David Lee,Tim Thomas,Wilson Chandler,Danny Granger,Jarrett Jack,Jeff Foster,Stephen Graham,T.J. Ford,4,7:46,NYK,shot,,,,,,,,,,Wilson Chandler,,,,missed,,3pt,2,7
Al Harrington,Chris Duhon,David Lee,Tim Thomas,Wilson Chandler,Danny Granger,Jarrett Jack,Jeff Foster,Stephen Graham,T.J. Ford,4,7:46,IND,rebound,,,,,,,,,,T.J. Ford,,,,,,def,,
Al Harrington,Chris Duhon,David Lee,Tim Thomas,Wilson Chandler,Danny Granger,Jarrett Jack,Jeff Foster,Stephen Graham,T.J. Ford,4,7:39,IND,shot,,,,,,,,,,T.J. Ford,2,,,made,,driving layup,23,7
Al Harrington,Chris Duhon,David Lee,Tim Thomas,Wilson Chandler,Danny Granger,Jarrett Jack,Jeff Foster,Stephen Graham,T.J. Ford,4,7:24,NYK,shot,,,,,,,,,,Al Harrington,,,,missed,,3pt,12,27
Al Harrington,Chris Duhon,David Lee,Tim Thomas,Wilson Chandler,Danny Granger,Jarrett Jack,Jeff Foster,Stephen Graham,T.J. Ford,4,7:21,NYK,rebound,,,,,,,,,,,,,,,,,,
Al Harrington,Chris Duhon,David Lee,Quentin Richardson,Wilson Chandler,Danny Granger,Jarrett Jack,Jeff Foster,Stephen Graham,T.J. Ford,4,7:21,NYK,sub,,,,Quentin Richardson,,Tim Thomas,,,,,,,,,,,,
Al Harrington,Chris Duhon,David Lee,Quentin Richardson,Wilson Chandler,Danny Granger,Jarrett Jack,Jeff Foster,Stephen Graham,T.J. Ford,4,7:10,NYK,shot,Quentin Richardson,,,,,,,,,Wilson Chandler,2,,,made,,turnaround jump,19,12
Al Harrington,Chris Duhon,David Lee,Quentin Richardson,Wilson Chandler,Danny Granger,Jarrett Jack,Jeff Foster,Stephen Graham,T.J. Ford,4,6:57,IND,shot,,,,,,,,,,T.J. Ford,,,,missed,,driving jump,21,7
Al Harrington,Chris Duhon,David Lee,Quentin Richardson,Wilson Chandler,Danny Granger,Jarrett Jack,Jeff Foster,Stephen Graham,T.J. Ford,4,6:56,NYK,rebound,,,,,,,,,,David Lee,,,,,,def,,
Al Harrington,Chris Duhon,David Lee,Quentin Richardson,Wilson Chandler,Danny Granger,Jarrett Jack,Jeff Foster,Stephen Graham,T.J. Ford,4,6:50,NYK,shot,,,,,,,,,,Quentin Richardson,,,,missed,,3pt,6,24
Al Harrington,Chris Duhon,David Lee,Quentin Richardson,Wilson Chandler,Danny Granger,Jarrett Jack,Jeff Foster,Stephen Graham,T.J. Ford,4,6:49,IND,rebound,,,,,,,,,,T.J. Ford,,,,,,def,,
Al Harrington,Chris Duhon,David Lee,Quentin Richardson,Wilson Chandler,Danny Granger,Jarrett Jack,Jeff Foster,Stephen Graham,T.J. Ford,4,6:46,IND,shot,,,,,,,,,,T.J. Ford,2,,,made,,driving layup,22,8
Al Harrington,Chris Duhon,David Lee,Quentin Richardson,Wilson Chandler,Danny Granger,Jarrett Jack,Jeff Foster,Stephen Graham,T.J. Ford,4,6:46,NYK,foul,,,,,,,,T.J. Ford,,Chris Duhon,,,,,,shooting,,
Al Harrington,Chris Duhon,David Lee,Quentin Richardson,Wilson Chandler,Danny Granger,Jarrett Jack,Jeff Foster,Stephen Graham,T.J. Ford,4,6:46,IND,free throw,,,,,,,1,,1,T.J. Ford,,,foul,made,,,,
Al Harrington,Chris Duhon,David Lee,Quentin Richardson,Wilson Chandler,Danny Granger,Jarrett Jack,Jeff Foster,Stephen Graham,T.J. Ford,4,6:37,NYK,shot,Quentin Richardson,,,,,,,,,Wilson Chandler,2,,,made,,alley oop layup,23,8
Al Harrington,Chris Duhon,David Lee,Quentin Richardson,Wilson Chandler,Danny Granger,Jarrett Jack,Jeff Foster,Stephen Graham,T.J. Ford,4,6:21,IND,shot,,,,,,,,,,T.J. Ford,,,,missed,,jump,12,21
Al Harrington,Chris Duhon,David Lee,Quentin Richardson,Wilson Chandler,Danny Granger,Jarrett Jack,Jeff Foster,Stephen Graham,T.J. Ford,4,6:20,NYK,rebound,,,,,,,,,,Quentin Richardson,,,,,,def,,
Al Harrington,Chris Duhon,David Lee,Quentin Richardson,Wilson Chandler,Danny Granger,Jarrett Jack,Jeff Foster,Stephen Graham,T.J. Ford,4,6:00,NYK,shot,,,,,,,,,,David Lee,,,,missed,,jump,25,12
Al Harrington,Chris Duhon,David Lee,Quentin Richardson,Wilson Chandler,Danny Granger,Jarrett Jack,Jeff Foster,Stephen Graham,T.J. Ford,4,5:59,IND,rebound,,,,,,,,,,Jeff Foster,,,,,,def,,
Al Harrington,Chris Duhon,David Lee,Quentin Richardson,Wilson Chandler,Danny Granger,Jarrett Jack,Jeff Foster,Stephen Graham,T.J. Ford,4,5:47,NYK,foul,,,,,,,,T.J. Ford,,Wilson Chandler,,,,,,shooting,,
Al Harrington,Chris Duhon,David Lee,Quentin Richardson,Wilson Chandler,Danny Granger,Jarrett Jack,Jeff Foster,Stephen Graham,T.J. Ford,4,5:47,IND,timeout,,,,,,,,,,,,,,,,regular,,
Al Harrington,Chris Duhon,David Lee,Quentin Richardson,Wilson Chandler,Danny Granger,Jarrett Jack,Jeff Foster,Mike Dunleavy,T.J. Ford,4,5:47,IND,sub,,,,Mike Dunleavy,,Stephen Graham,,,,,,,,,,,,
Al Harrington,Chris Duhon,David Lee,Quentin Richardson,Wilson Chandler,Danny Granger,Jarrett Jack,Jeff Foster,Mike Dunleavy,T.J. Ford,4,5:47,IND,free throw,,,,,,,1,,2,T.J. Ford,,,foul,made,,,,
Al Harrington,Chris Duhon,David Lee,Quentin Richardson,Wilson Chandler,Danny Granger,Jarrett Jack,Jeff Foster,Mike Dunleavy,T.J. Ford,4,5:47,IND,free throw,,,,,,,2,,2,T.J. Ford,,,foul,missed,,,,
Al Harrington,Chris Duhon,David Lee,Quentin Richardson,Wilson Chandler,Danny Granger,Jarrett Jack,Jeff Foster,Mike Dunleavy,T.J. Ford,4,5:47,NYK,rebound,,,,,,,,,,Wilson Chandler,,,,,,def,,
Al Harrington,Chris Duhon,David Lee,Quentin Richardson,Wilson Chandler,Danny Granger,Jarrett Jack,Jeff Foster,Mike Dunleavy,T.J. Ford,4,5:24,NYK,shot,,,,,,,,,,Chris Duhon,,,,missed,,3pt,19,31
Al Harrington,Chris Duhon,David Lee,Quentin Richardson,Wilson Chandler,Danny Granger,Jarrett Jack,Jeff Foster,Mike Dunleavy,T.J. Ford,4,5:22,NYK,rebound,,,,,,,,,,David Lee,,,,,,off,,
Al Harrington,Chris Duhon,David Lee,Quentin Richardson,Wilson Chandler,Danny Granger,Jarrett Jack,Jeff Foster,Mike Dunleavy,T.J. Ford,4,5:07,NYK,shot,Chris Duhon,,,,,,,,,Al Harrington,2,,,made,,layup,23,8
Al Harrington,Chris Duhon,David Lee,Quentin Richardson,Wilson Chandler,Danny Granger,Jarrett Jack,Jeff Foster,Mike Dunleavy,T.J. Ford,4,4:49,IND,shot,,,,,,,,,,Danny Granger,,,,missed,,3pt,25,32
Al Harrington,Chris Duhon,David Lee,Quentin Richardson,Wilson Chandler,Danny Granger,Jarrett Jack,Jeff Foster,Mike Dunleavy,T.J. Ford,4,4:48,IND,shot,,,,,,,,,,Jeff Foster,,,,missed,,tip,24,7
Al Harrington,Chris Duhon,David Lee,Quentin Richardson,Wilson Chandler,Danny Granger,Jarrett Jack,Jeff Foster,Mike Dunleavy,T.J. Ford,4,4:48,IND,rebound,,,,,,,,,,Jeff Foster,,,,,,off,,
Al Harrington,Chris Duhon,David Lee,Quentin Richardson,Wilson Chandler,Danny Granger,Jarrett Jack,Jeff Foster,Mike Dunleavy,T.J. Ford,4,4:47,NYK,rebound,,,,,,,,,,Wilson Chandler,,,,,,def,,
Al Harrington,Chris Duhon,David Lee,Quentin Richardson,Wilson Chandler,Danny Granger,Jarrett Jack,Jeff Foster,Mike Dunleavy,T.J. Ford,4,4:23,NYK,shot,,,,,,,,,,David Lee,,,,missed,,turnaround jump,42,8
Al Harrington,Chris Duhon,David Lee,Quentin Richardson,Wilson Chandler,Danny Granger,Jarrett Jack,Jeff Foster,Mike Dunleavy,T.J. Ford,4,4:22,IND,rebound,,,,,,,,,,Mike Dunleavy,,,,,,def,,
Al Harrington,Chris Duhon,David Lee,Quentin Richardson,Wilson Chandler,Danny Granger,Jarrett Jack,Jeff Foster,Mike Dunleavy,T.J. Ford,4,4:12,IND,shot,,,,,,,,,,Danny Granger,,,,missed,,3pt,35,29
Al Harrington,Chris Duhon,David Lee,Quentin Richardson,Wilson Chandler,Danny Granger,Jarrett Jack,Jeff Foster,Mike Dunleavy,T.J. Ford,4,4:11,NYK,rebound,,,,,,,,,,David Lee,,,,,,def,,
Al Harrington,Chris Duhon,David Lee,Quentin Richardson,Wilson Chandler,Danny Granger,Jarrett Jack,Jeff Foster,Mike Dunleavy,T.J. Ford,4,3:55,NYK,turnover,,,,,,,,,,Chris Duhon,,,bad pass,,,,,
Al Harrington,Chris Duhon,David Lee,Quentin Richardson,Wilson Chandler,Danny Granger,Jarrett Jack,Jeff Foster,Mike Dunleavy,T.J. Ford,4,3:33,IND,shot,,,,,,,,,,Mike Dunleavy,2,,,made,,running bank,21,9
Al Harrington,Chris Duhon,David Lee,Quentin Richardson,Wilson Chandler,Danny Granger,Jarrett Jack,Jeff Foster,Mike Dunleavy,T.J. Ford,4,3:18,IND,foul,,,,,,,,Chris Duhon,,T.J. Ford,,,,,,personal,,
Al Harrington,Chris Duhon,David Lee,Quentin Richardson,Wilson Chandler,Danny Granger,Jarrett Jack,Jeff Foster,Mike Dunleavy,T.J. Ford,4,3:12,NYK,shot,,,,,,,,,,Wilson Chandler,,,,missed,,jump,25,11
Al Harrington,Chris Duhon,David Lee,Quentin Richardson,Wilson Chandler,Danny Granger,Jarrett Jack,Jeff Foster,Mike Dunleavy,T.J. Ford,4,3:11,IND,rebound,,,,,,,,,,Jarrett Jack,,,,,,def,,
Al Harrington,Chris Duhon,David Lee,Quentin Richardson,Wilson Chandler,Danny Granger,Jarrett Jack,Jeff Foster,Mike Dunleavy,T.J. Ford,4,3:05,IND,shot,Jarrett Jack,,,,,,,,,Danny Granger,3,,,made,,3pt,32,30
Al Harrington,Chris Duhon,David Lee,Quentin Richardson,Wilson Chandler,Danny Granger,Jarrett Jack,Jeff Foster,Mike Dunleavy,T.J. Ford,4,2:55,NYK,timeout,,,,,,,,,,,,,,,,regular,,
Al Harrington,Chris Duhon,David Lee,Nate Robinson,Wilson Chandler,Danny Granger,Jarrett Jack,Jeff Foster,Mike Dunleavy,T.J. Ford,4,2:55,NYK,sub,,,,Nate Robinson,,Quentin Richardson,,,,,,,,,,,,
Al Harrington,Chris Duhon,David Lee,Nate Robinson,Wilson Chandler,Danny Granger,Jarrett Jack,Jeff Foster,Mike Dunleavy,T.J. Ford,4,2:45,NYK,shot,Wilson Chandler,,,,,,,,,Al Harrington,3,,,made,,3pt,17,31
Al Harrington,Chris Duhon,David Lee,Nate Robinson,Wilson Chandler,Danny Granger,Jarrett Jack,Jeff Foster,Mike Dunleavy,T.J. Ford,4,2:24,IND,shot,,,,,,,,,,T.J. Ford,2,,,made,,driving layup,25,7
Al Harrington,Chris Duhon,David Lee,Nate Robinson,Wilson Chandler,Danny Granger,Jarrett Jack,Jeff Foster,Mike Dunleavy,T.J. Ford,4,2:06,NYK,shot,Al Harrington,,,,,,,,,David Lee,2,,,made,,jump,27,13
Al Harrington,Chris Duhon,David Lee,Nate Robinson,Wilson Chandler,Danny Granger,Jarrett Jack,Jeff Foster,Mike Dunleavy,T.J. Ford,4,1:54,IND,shot,,,,,,,,,,T.J. Ford,2,,,made,,jump,23,12
Al Harrington,Chris Duhon,David Lee,Nate Robinson,Wilson Chandler,Danny Granger,Jarrett Jack,Jeff Foster,Mike Dunleavy,T.J. Ford,4,1:35,NYK,shot,,,,,,,,,,Al Harrington,,,,missed,,3pt,15,29
Al Harrington,Chris Duhon,David Lee,Nate Robinson,Wilson Chandler,Danny Granger,Jarrett Jack,Jeff Foster,Mike Dunleavy,T.J. Ford,4,1:34,IND,rebound,,,,,,,,,,Jeff Foster,,,,,,def,,
Al Harrington,Chris Duhon,David Lee,Nate Robinson,Wilson Chandler,Danny Granger,Jarrett Jack,Jeff Foster,Mike Dunleavy,T.J. Ford,4,1:24,IND,shot,,,,,,,,,,Jarrett Jack,,,,missed,,3pt,48,8
Al Harrington,Chris Duhon,David Lee,Nate Robinson,Wilson Chandler,Danny Granger,Jarrett Jack,Jeff Foster,Mike Dunleavy,T.J. Ford,4,1:23,NYK,rebound,,,,,,,,,,Al Harrington,,,,,,def,,
Al Harrington,Chris Duhon,David Lee,Nate Robinson,Wilson Chandler,Danny Granger,Jarrett Jack,Jeff Foster,Mike Dunleavy,T.J. Ford,4,0:59,NYK,shot,,,,,,,,,,Al Harrington,,,,missed,,jump,14,12
Al Harrington,Chris Duhon,David Lee,Nate Robinson,Wilson Chandler,Danny Granger,Jarrett Jack,Jeff Foster,Mike Dunleavy,T.J. Ford,4,0:58,IND,rebound,,,,,,,,,,Danny Granger,,,,,,def,,
Al Harrington,Chris Duhon,David Lee,Nate Robinson,Wilson Chandler,Danny Granger,Jarrett Jack,Jeff Foster,Mike Dunleavy,T.J. Ford,4,0:54,IND,shot,,,,,,,,,,T.J. Ford,2,,,made,,layup,22,7
Al Harrington,Chris Duhon,David Lee,Nate Robinson,Wilson Chandler,Danny Granger,Jarrett Jack,Jeff Foster,Mike Dunleavy,T.J. Ford,4,0:54,NYK,timeout,,,,,,,,,,,,,,,,regular,,
Al Harrington,Chris Duhon,David Lee,Nate Robinson,Wilson Chandler,Danny Granger,Jarrett Jack,Jeff Foster,Mike Dunleavy,T.J. Ford,4,0:48,NYK,shot,Nate Robinson,,,,,,,,,Al Harrington,2,,,made,,dunk,25,6
Al Harrington,Chris Duhon,David Lee,Nate Robinson,Wilson Chandler,Danny Granger,Jarrett Jack,Jeff Foster,Mike Dunleavy,T.J. Ford,4,0:40,IND,shot,,,,,,,,,,Danny Granger,,,,missed,,3pt,25,33
Al Harrington,Chris Duhon,David Lee,Nate Robinson,Wilson Chandler,Danny Granger,Jarrett Jack,Jeff Foster,Mike Dunleavy,T.J. Ford,4,0:39,NYK,rebound,,,,,,,,,,Al Harrington,,,,,,def,,
Al Harrington,Chris Duhon,David Lee,Nate Robinson,Wilson Chandler,Danny Granger,Jarrett Jack,Jeff Foster,Mike Dunleavy,T.J. Ford,4,0:38,IND,foul,,,,,,,,Al Harrington,,Jarrett Jack,,,,,,personal,,
Al Harrington,Chris Duhon,David Lee,Nate Robinson,Wilson Chandler,Danny Granger,Jarrett Jack,Jeff Foster,Mike Dunleavy,T.J. Ford,4,0:36,IND,foul,,,,,,,,Nate Robinson,,T.J. Ford,,,,,,personal,,
Al Harrington,Chris Duhon,David Lee,Nate Robinson,Wilson Chandler,Danny Granger,Jarrett Jack,Jeff Foster,Mike Dunleavy,T.J. Ford,4,0:36,NYK,free throw,,,,,,,1,,2,Nate Robinson,,,foul,missed,,,,
Al Harrington,Chris Duhon,David Lee,Nate Robinson,Wilson Chandler,Danny Granger,Jarrett Jack,Jeff Foster,Mike Dunleavy,T.J. Ford,4,0:36,NYK,rebound,,,,,,,,,,,,,,,,,,
Al Harrington,Chris Duhon,David Lee,Nate Robinson,Wilson Chandler,Danny Granger,Jarrett Jack,Jeff Foster,Mike Dunleavy,T.J. Ford,4,0:36,NYK,free throw,,,,,,,2,,2,Nate Robinson,,,foul,made,,,,
Al Harrington,Chris Duhon,David Lee,Nate Robinson,Wilson Chandler,Danny Granger,Jarrett Jack,Jeff Foster,Mike Dunleavy,T.J. Ford,4,0:29,NYK,foul,,,,,,,,T.J. Ford,,Wilson Chandler,,,,,,shooting,,
Al Harrington,Chris Duhon,David Lee,Nate Robinson,Wilson Chandler,Danny Granger,Jarrett Jack,Jeff Foster,Mike Dunleavy,T.J. Ford,4,0:29,IND,free throw,,,,,,,1,,2,T.J. Ford,,,foul,made,,,,
Al Harrington,Chris Duhon,David Lee,Nate Robinson,Wilson Chandler,Danny Granger,Jarrett Jack,Jeff Foster,Mike Dunleavy,T.J. Ford,4,0:29,IND,free throw,,,,,,,2,,2,T.J. Ford,,,foul,made,,,,
Al Harrington,Chris Duhon,David Lee,Nate Robinson,Wilson Chandler,Danny Granger,Jarrett Jack,Jeff Foster,Mike Dunleavy,T.J. Ford,4,0:27,IND,foul,,,,,,,,Chris Duhon,,T.J. Ford,,,,,,personal,,
Al Harrington,Chris Duhon,David Lee,Nate Robinson,Wilson Chandler,Danny Granger,Jarrett Jack,Jeff Foster,Mike Dunleavy,T.J. Ford,4,0:27,NYK,free throw,,,,,,,1,,2,Chris Duhon,,,foul,made,,,,
Al Harrington,Chris Duhon,David Lee,Nate Robinson,Wilson Chandler,Jarrett Jack,Jeff Foster,Mike Dunleavy,Stephen Graham,T.J. Ford,4,0:27,IND,sub,,,,Stephen Graham,,Danny Granger,,,,,,,,,,,,
Al Harrington,Chris Duhon,David Lee,Nate Robinson,Wilson Chandler,Jarrett Jack,Jeff Foster,Mike Dunleavy,Stephen Graham,T.J. Ford,4,0:27,NYK,free throw,,,,,,,2,,2,Chris Duhon,,,foul,made,,,,
Al Harrington,Chris Duhon,David Lee,Nate Robinson,Wilson Chandler,Jarrett Jack,Jeff Foster,Mike Dunleavy,Stephen Graham,T.J. Ford,4,0:23,IND,shot,,,,,,,,,,T.J. Ford,2,,,made,,driving layup,27,9
Al Harrington,Chris Duhon,David Lee,Nate Robinson,Wilson Chandler,Jarrett Jack,Jeff Foster,Mike Dunleavy,Stephen Graham,T.J. Ford,4,0:21,IND,foul,,,,,,,,Wilson Chandler,,Stephen Graham,,,,,,personal,,
Al Harrington,Chris Duhon,David Lee,Nate Robinson,Wilson Chandler,Jarrett Jack,Jeff Foster,Mike Dunleavy,Stephen Graham,T.J. Ford,4,0:21,NYK,free throw,,,,,,,1,,2,Wilson Chandler,,,foul,made,,,,
Al Harrington,Chris Duhon,David Lee,Nate Robinson,Wilson Chandler,Jarrett Jack,Jeff Foster,Mike Dunleavy,Stephen Graham,T.J. Ford,4,0:21,NYK,free throw,,,,,,,2,,2,Wilson Chandler,,,foul,missed,,,,
Al Harrington,Chris Duhon,David Lee,Nate Robinson,Wilson Chandler,Jarrett Jack,Jeff Foster,Mike Dunleavy,Stephen Graham,T.J. Ford,4,0:21,IND,rebound,,,,,,,,,,Jeff Foster,,,,,,def,,
Al Harrington,Chris Duhon,David Lee,Nate Robinson,Wilson Chandler,Jarrett Jack,Jeff Foster,Mike Dunleavy,Stephen Graham,T.J. Ford,4,0:10,IND,shot,,,,,,,,,,Stephen Graham,,,,missed,,jump,42,15
Al Harrington,Chris Duhon,David Lee,Nate Robinson,Wilson Chandler,Jarrett Jack,Jeff Foster,Mike Dunleavy,Stephen Graham,T.J. Ford,4,0:09,NYK,rebound,,,,,,,,,,Al Harrington,,,,,,def,,
