a1,a2,a3,a4,a5,h1,h2,h3,h4,h5,period,time,team,etype,assist,away,block,entered,home,left,num,opponent,outof,player,points,possession,reason,result,steal,type,x,y
Al Horford,Joe Johnson,Josh Smith,Marvin Williams,Mike Bibby,Andray Blatche,Antawn Jamison,Darius Songaila,Dominic McGuire,Mike James,1,12:00,OFF,jump ball,,Al Horford,,,Andray Blatche,,,,,,,Al Horford,,,,,,
Al Horford,Joe Johnson,Josh Smith,Marvin Williams,Mike Bibby,Andray Blatche,Antawn Jamison,Darius Songaila,Dominic McGuire,Mike James,1,11:41,ATL,shot,,,,,,,,,,Joe Johnson,,,,missed,,jump,41,12
Al Horford,Joe Johnson,Josh Smith,Marvin Williams,Mike Bibby,Andray Blatche,Antawn Jamison,Darius Songaila,Dominic McGuire,Mike James,1,11:39,ATL,rebound,,,,,,,,,,Al Horford,,,,,,off,,
Al Horford,Joe Johnson,Josh Smith,Marvin Williams,Mike Bibby,Andray Blatche,Antawn Jamison,Darius Songaila,Dominic McGuire,Mike James,1,11:36,ATL,shot,,,,,,,,,,Al Horford,2,,,made,,layup,23,7
Al Horford,Joe Johnson,Josh Smith,Marvin Williams,Mike Bibby,Andray Blatche,Antawn Jamison,Darius Songaila,Dominic McGuire,Mike James,1,11:22,WAS,shot,,,,,,,,,,Antawn Jamison,,,,missed,,layup,24,9
Al Horford,Joe Johnson,Josh Smith,Marvin Williams,Mike Bibby,Andray Blatche,Antawn Jamison,Darius Songaila,Dominic McGuire,Mike James,1,11:21,ATL,rebound,,,,,,,,,,Joe Johnson,,,,,,def,,
Al Horford,Joe Johnson,Josh Smith,Marvin Williams,Mike Bibby,Andray Blatche,Antawn Jamison,Darius Songaila,Dominic McGuire,Mike James,1,11:17,ATL,shot,Joe Johnson,,,,,,,,,Josh Smith,2,,,made,,slam dunk,26,6
Al Horford,Joe Johnson,Josh Smith,Marvin Williams,Mike Bibby,Andray Blatche,Antawn Jamison,Darius Songaila,Dominic McGuire,Mike James,1,11:00,WAS,shot,Antawn Jamison,,,,,,,,,Andray Blatche,2,,,made,,jump,14,18
Al Horford,Joe Johnson,Josh Smith,Marvin Williams,Mike Bibby,Andray Blatche,Antawn Jamison,Darius Songaila,Dominic McGuire,Mike James,1,10:32,ATL,shot,Joe Johnson,,,,,,,,,Josh Smith,2,,,made,,running hook,36,8
Al Horford,Joe Johnson,Josh Smith,Marvin Williams,Mike Bibby,Andray Blatche,Antawn Jamison,Darius Songaila,Dominic McGuire,Mike James,1,10:13,WAS,shot,Antawn Jamison,,,,,,,,,Andray Blatche,2,,,made,,jump,37,18
Al Horford,Joe Johnson,Josh Smith,Marvin Williams,Mike Bibby,Andray Blatche,Antawn Jamison,Darius Songaila,Dominic McGuire,Mike James,1,9:58,ATL,turnover,,,,,,,,,,Josh Smith,,,bad pass,,Darius Songaila,,,
Al Horford,Joe Johnson,Josh Smith,Marvin Williams,Mike Bibby,Andray Blatche,Antawn Jamison,Darius Songaila,Dominic McGuire,Mike James,1,9:53,WAS,turnover,,,,,,,,,,Andray Blatche,,,out of bounds lost ball turnover,,,,,
Al Horford,Joe Johnson,Josh Smith,Marvin Williams,Mike Bibby,Andray Blatche,Antawn Jamison,Darius Songaila,Dominic McGuire,Mike James,1,9:32,ATL,shot,,,,,,,,,,Marvin Williams,,,,missed,,3pt,25,32
Al Horford,Joe Johnson,Josh Smith,Marvin Williams,Mike Bibby,Andray Blatche,Antawn Jamison,Darius Songaila,Dominic McGuire,Mike James,1,9:31,WAS,rebound,,,,,,,,,,Mike James,,,,,,def,,
Al Horford,Joe Johnson,Josh Smith,Marvin Williams,Mike Bibby,Andray Blatche,Antawn Jamison,Darius Songaila,Dominic McGuire,Mike James,1,9:21,ATL,foul,,,,,,,,Antawn Jamison,,Al Horford,,,,,,shooting,,
Al Horford,Joe Johnson,Josh Smith,Marvin Williams,Mike Bibby,Andray Blatche,Antawn Jamison,Darius Songaila,Dominic McGuire,Mike James,1,9:21,WAS,free throw,,,,,,,1,,2,Antawn Jamison,,,foul,made,,,,
Al Horford,Joe Johnson,Josh Smith,Marvin Williams,Mike Bibby,Andray Blatche,Antawn Jamison,Darius Songaila,Dominic McGuire,Mike James,1,9:21,WAS,free throw,,,,,,,2,,2,Antawn Jamison,,,foul,made,,,,
Al Horford,Joe Johnson,Josh Smith,Marvin Williams,Mike Bibby,Andray Blatche,Antawn Jamison,Darius Songaila,Dominic McGuire,Mike James,1,8:56,ATL,shot,,,,,,,,,,Mike Bibby,,,,missed,,jump,33,23
Al Horford,Joe Johnson,Josh Smith,Marvin Williams,Mike Bibby,Andray Blatche,Antawn Jamison,Darius Songaila,Dominic McGuire,Mike James,1,8:55,ATL,rebound,,,,,,,,,,Josh Smith,,,,,,off,,
Al Horford,Joe Johnson,Josh Smith,Marvin Williams,Mike Bibby,Andray Blatche,Antawn Jamison,Darius Songaila,Dominic McGuire,Mike James,1,8:52,ATL,turnover,,,,,,,,,,Josh Smith,,,poss lost ball turnover,,,,,
Al Horford,Joe Johnson,Josh Smith,Marvin Williams,Mike Bibby,Andray Blatche,Antawn Jamison,Darius Songaila,Dominic McGuire,Mike James,1,8:25,WAS,shot,,,,,,,,,,Antawn Jamison,,,,missed,,jump,11,5
Al Horford,Joe Johnson,Josh Smith,Marvin Williams,Mike Bibby,Andray Blatche,Antawn Jamison,Darius Songaila,Dominic McGuire,Mike James,1,8:24,ATL,rebound,,,,,,,,,,Joe Johnson,,,,,,def,,
Al Horford,Joe Johnson,Josh Smith,Marvin Williams,Mike Bibby,Andray Blatche,Antawn Jamison,Darius Songaila,Dominic McGuire,Mike James,1,8:14,ATL,shot,,,,,,,,,,Marvin Williams,,,,missed,,3pt,48,6
Al Horford,Joe Johnson,Josh Smith,Marvin Williams,Mike Bibby,Andray Blatche,Antawn Jamison,Darius Songaila,Dominic McGuire,Mike James,1,8:12,WAS,rebound,,,,,,,,,,Mike James,,,,,,def,,
Al Horford,Joe Johnson,Josh Smith,Marvin Williams,Mike Bibby,Andray Blatche,Antawn Jamison,Darius Songaila,Dominic McGuire,Mike James,1,8:05,WAS,shot,,,,,,,,,,Mike James,,,,missed,,3pt,38,27
Al Horford,Joe Johnson,Josh Smith,Marvin Williams,Mike Bibby,Andray Blatche,Antawn Jamison,Darius Songaila,Dominic McGuire,Mike James,1,8:04,ATL,rebound,,,,,,,,,,Marvin Williams,,,,,,def,,
Al Horford,Joe Johnson,Josh Smith,Marvin Williams,Mike Bibby,Andray Blatche,Antawn Jamison,Darius Songaila,Dominic McGuire,Mike James,1,7:39,ATL,shot,Joe Johnson,,,,,,,,,Josh Smith,2,,,made,,jump,26,28
Al Horford,Joe Johnson,Josh Smith,Marvin Williams,Mike Bibby,Andray Blatche,Antawn Jamison,Darius Songaila,Dominic McGuire,Mike James,1,7:18,WAS,shot,Antawn Jamison,,,,,,,,,Andray Blatche,2,,,made,,running bank,26,12
Al Horford,Joe Johnson,Josh Smith,Marvin Williams,Mike Bibby,Andray Blatche,Antawn Jamison,Darius Songaila,Dominic McGuire,Mike James,1,6:57,ATL,shot,,,,,,,,,,Al Horford,2,,,made,,turnaround fade away,35,5
Al Horford,Joe Johnson,Josh Smith,Marvin Williams,Mike Bibby,Andray Blatche,Antawn Jamison,Darius Songaila,Dominic McGuire,Mike James,1,6:43,WAS,shot,Dominic McGuire,,,,,,,,,Darius Songaila,2,,,made,,reverse layup,26,5
Al Horford,Joe Johnson,Josh Smith,Marvin Williams,Mike Bibby,Andray Blatche,Antawn Jamison,Darius Songaila,Dominic McGuire,Mike James,1,6:31,ATL,shot,,,,,,,,,,Mike Bibby,,,,missed,,jump,41,13
Al Horford,Joe Johnson,Josh Smith,Marvin Williams,Mike Bibby,Andray Blatche,Antawn Jamison,Darius Songaila,Dominic McGuire,Mike James,1,6:30,WAS,rebound,,,,,,,,,,Antawn Jamison,,,,,,def,,
Al Horford,Joe Johnson,Josh Smith,Marvin Williams,Mike Bibby,Andray Blatche,Antawn Jamison,Darius Songaila,Dominic McGuire,Mike James,1,6:25,WAS,turnover,,,,,,,,,,Mike James,,,bad pass,,,,,
Al Horford,Joe Johnson,Josh Smith,Marvin Williams,Mike Bibby,Andray Blatche,Antawn Jamison,Darius Songaila,Dominic McGuire,Mike James,1,6:04,ATL,shot,,,,,,,,,,Joe Johnson,,,,missed,,jump,26,27
Al Horford,Joe Johnson,Josh Smith,Marvin Williams,Mike Bibby,Andray Blatche,Antawn Jamison,Darius Songaila,Dominic McGuire,Mike James,1,6:03,WAS,rebound,,,,,,,,,,Andray Blatche,,,,,,def,,
Al Horford,Joe Johnson,Josh Smith,Marvin Williams,Mike Bibby,Andray Blatche,Antawn Jamison,Darius Songaila,Dominic McGuire,Mike James,1,5:52,WAS,shot,,,,,,,,,,Antawn Jamison,,,,missed,,jump,10,6
Al Horford,Joe Johnson,Josh Smith,Marvin Williams,Mike Bibby,Andray Blatche,Antawn Jamison,Darius Songaila,Dominic McGuire,Mike James,1,5:51,WAS,rebound,,,,,,,,,,Darius Songaila,,,,,,off,,
Al Horford,Joe Johnson,Josh Smith,Marvin Williams,Mike Bibby,Andray Blatche,Antawn Jamison,Darius Songaila,Dominic McGuire,Mike James,1,5:47,WAS,turnover,,,,,,,,,,Darius Songaila,,,bad pass,,Josh Smith,,,
Al Horford,Joe Johnson,Josh Smith,Marvin Williams,Mike Bibby,Andray Blatche,Antawn Jamison,Darius Songaila,Dominic McGuire,Mike James,1,5:33,ATL,shot,Joe Johnson,,,,,,,,,Marvin Williams,2,,,made,,running hook,26,13
Al Horford,Joe Johnson,Josh Smith,Marvin Williams,Mike Bibby,Andray Blatche,Antawn Jamison,Darius Songaila,Dominic McGuire,Mike James,1,5:27,WAS,timeout,,,,,,,,,,,,,,,,regular,,
Al Horford,Joe Johnson,Josh Smith,Maurice Evans,Mike Bibby,Andray Blatche,Antawn Jamison,Darius Songaila,Dominic McGuire,Mike James,1,5:27,ATL,sub,,,,Maurice Evans,,Marvin Williams,,,,,,,,,,,,
Al Horford,Joe Johnson,Josh Smith,Maurice Evans,Mike Bibby,Andray Blatche,Antawn Jamison,Darius Songaila,Dominic McGuire,Mike James,1,5:15,WAS,shot,,,,,,,,,,Dominic McGuire,,,,missed,,layup,26,7
Al Horford,Joe Johnson,Josh Smith,Maurice Evans,Mike Bibby,Andray Blatche,Antawn Jamison,Darius Songaila,Dominic McGuire,Mike James,1,5:14,ATL,rebound,,,,,,,,,,Mike Bibby,,,,,,def,,
Al Horford,Joe Johnson,Josh Smith,Maurice Evans,Mike Bibby,Andray Blatche,Antawn Jamison,Darius Songaila,Dominic McGuire,Mike James,1,4:58,ATL,shot,,,,,,,,,,Al Horford,,,,missed,,layup,22,6
Al Horford,Joe Johnson,Josh Smith,Maurice Evans,Mike Bibby,Andray Blatche,Antawn Jamison,Darius Songaila,Dominic McGuire,Mike James,1,4:57,WAS,rebound,,,,,,,,,,Andray Blatche,,,,,,def,,
Al Horford,Joe Johnson,Josh Smith,Maurice Evans,Mike Bibby,Andray Blatche,Antawn Jamison,Darius Songaila,Dominic McGuire,Mike James,1,4:39,WAS,shot,,,,,,,,,,Darius Songaila,,,,missed,,layup,26,6
Al Horford,Joe Johnson,Josh Smith,Maurice Evans,Mike Bibby,Andray Blatche,Antawn Jamison,Darius Songaila,Dominic McGuire,Mike James,1,4:38,ATL,rebound,,,,,,,,,,Mike Bibby,,,,,,def,,
Al Horford,Joe Johnson,Josh Smith,Maurice Evans,Mike Bibby,Andray Blatche,Antawn Jamison,Darius Songaila,Dominic McGuire,Mike James,1,4:13,ATL,shot,Joe Johnson,,,,,,,,,Mike Bibby,3,,,made,,3pt,49,5
Al Horford,Joe Johnson,Josh Smith,Maurice Evans,Mike Bibby,Andray Blatche,Antawn Jamison,Darius Songaila,Dominic McGuire,Mike James,1,3:52,ATL,foul,,,,,,,,Antawn Jamison,,Maurice Evans,,,,,,shooting,,
Al Horford,Joe Johnson,Josh Smith,Maurice Evans,Mike Bibby,Andray Blatche,Antawn Jamison,Darius Songaila,Dominic McGuire,Mike James,1,3:52,WAS,free throw,,,,,,,1,,2,Antawn Jamison,,,foul,made,,,,
Al Horford,Joe Johnson,Josh Smith,Maurice Evans,Mike Bibby,Andray Blatche,Antawn Jamison,Dominic McGuire,JaVale McGee,Mike James,1,3:52,WAS,sub,,,,JaVale McGee,,Darius Songaila,,,,,,,,,,,,
Al Horford,Joe Johnson,Josh Smith,Maurice Evans,Mike Bibby,Andray Blatche,Antawn Jamison,Dominic McGuire,JaVale McGee,Mike James,1,3:52,WAS,free throw,,,,,,,2,,2,Antawn Jamison,,,foul,made,,,,
Al Horford,Joe Johnson,Josh Smith,Maurice Evans,Mike Bibby,Andray Blatche,Antawn Jamison,Dominic McGuire,JaVale McGee,Mike James,1,3:29,ATL,shot,Joe Johnson,,,,,,,,,Josh Smith,2,,,made,,layup,24,5
Al Horford,Joe Johnson,Josh Smith,Maurice Evans,Mike Bibby,Andray Blatche,Antawn Jamison,Dominic McGuire,JaVale McGee,Mike James,1,3:29,WAS,foul,,,,,,,,Josh Smith,,Andray Blatche,,,,,,shooting,,
Al Horford,Joe Johnson,Josh Smith,Maurice Evans,Mike Bibby,Andray Blatche,Antawn Jamison,Dominic McGuire,JaVale McGee,Mike James,1,3:29,ATL,free throw,,,,,,,1,,1,Josh Smith,,,foul,missed,,,,
Al Horford,Joe Johnson,Josh Smith,Maurice Evans,Mike Bibby,Andray Blatche,Antawn Jamison,Dominic McGuire,JaVale McGee,Mike James,1,3:28,WAS,rebound,,,,,,,,,,JaVale McGee,,,,,,def,,
Al Horford,Joe Johnson,Josh Smith,Maurice Evans,Mike Bibby,Andray Blatche,Antawn Jamison,Dominic McGuire,JaVale McGee,Mike James,1,3:14,WAS,shot,Dominic McGuire,,,,,,,,,Antawn Jamison,2,,,made,,reverse layup,26,7
Al Horford,Joe Johnson,Josh Smith,Maurice Evans,Mike Bibby,Andray Blatche,Antawn Jamison,Dominic McGuire,JaVale McGee,Mike James,1,2:58,ATL,shot,,,,,,,,,,Mike Bibby,,,,missed,,3pt,49,6
Al Horford,Joe Johnson,Josh Smith,Maurice Evans,Mike Bibby,Andray Blatche,Antawn Jamison,Dominic McGuire,JaVale McGee,Mike James,1,2:57,WAS,rebound,,,,,,,,,,JaVale McGee,,,,,,def,,
Al Horford,Joe Johnson,Josh Smith,Maurice Evans,Mike Bibby,Andray Blatche,Antawn Jamison,Dominic McGuire,JaVale McGee,Mike James,1,2:49,WAS,shot,,,Josh Smith,,,,,,,Antawn Jamison,,,,missed,,layup,25,6
Al Horford,Joe Johnson,Josh Smith,Maurice Evans,Mike Bibby,Andray Blatche,Antawn Jamison,Dominic McGuire,JaVale McGee,Mike James,1,2:47,ATL,rebound,,,,,,,,,,Al Horford,,,,,,def,,
Al Horford,Joe Johnson,Josh Smith,Maurice Evans,Mike Bibby,Andray Blatche,Antawn Jamison,Dominic McGuire,JaVale McGee,Mike James,1,2:39,ATL,shot,Mike Bibby,,,,,,,,,Al Horford,2,,,made,,dunk,24,7
Al Horford,Joe Johnson,Josh Smith,Maurice Evans,Mike Bibby,Andray Blatche,Antawn Jamison,Dominic McGuire,JaVale McGee,Mike James,1,2:19,WAS,shot,,,,,,,,,,Mike James,,,,missed,,3pt,45,22
Al Horford,Joe Johnson,Josh Smith,Maurice Evans,Mike Bibby,Andray Blatche,Antawn Jamison,Dominic McGuire,JaVale McGee,Mike James,1,2:18,WAS,rebound,,,,,,,,,,Antawn Jamison,,,,,,off,,
Al Horford,Joe Johnson,Josh Smith,Maurice Evans,Mike Bibby,Andray Blatche,Antawn Jamison,Dominic McGuire,JaVale McGee,Mike James,1,2:17,ATL,foul,,,,,,,,Antawn Jamison,,Maurice Evans,,,,,,personal,,
Al Horford,Joe Johnson,Josh Smith,Maurice Evans,Mike Bibby,Andray Blatche,Antawn Jamison,Dominic McGuire,JaVale McGee,Mike James,1,2:17,ATL,timeout,,,,,,,,,,,,,,,,regular,,
Joe Johnson,Josh Smith,Maurice Evans,Mike Bibby,Zaza Pachulia,Andray Blatche,Antawn Jamison,Dominic McGuire,JaVale McGee,Mike James,1,2:17,ATL,sub,,,,Zaza Pachulia,,Al Horford,,,,,,,,,,,,
Joe Johnson,Josh Smith,Maurice Evans,Mike Bibby,Zaza Pachulia,Andray Blatche,Antawn Jamison,Dominic McGuire,JaVale McGee,Mike James,1,2:08,WAS,shot,,,,,,,,,,Andray Blatche,2,,,made,,jump,37,19
Joe Johnson,Josh Smith,Maurice Evans,Mike Bibby,Zaza Pachulia,Andray Blatche,Antawn Jamison,Dominic McGuire,JaVale McGee,Mike James,1,1:47,ATL,shot,,,,,,,,,,Joe Johnson,3,,,made,,3pt,29,32
Joe Johnson,Josh Smith,Maurice Evans,Mike Bibby,Zaza Pachulia,Andray Blatche,Antawn Jamison,Dominic McGuire,JaVale McGee,Mike James,1,1:26,WAS,shot,Dominic McGuire,,,,,,,,,Antawn Jamison,2,,,made,,jump,5,6
Joe Johnson,Josh Smith,Maurice Evans,Mike Bibby,Zaza Pachulia,Andray Blatche,Antawn Jamison,Dominic McGuire,JaVale McGee,Mike James,1,1:10,ATL,shot,,,,,,,,,,Joe Johnson,,,,missed,,jump,20,9
Joe Johnson,Josh Smith,Maurice Evans,Mike Bibby,Zaza Pachulia,Andray Blatche,Antawn Jamison,Dominic McGuire,JaVale McGee,Mike James,1,1:09,WAS,rebound,,,,,,,,,,Andray Blatche,,,,,,def,,
Joe Johnson,Josh Smith,Maurice Evans,Mike Bibby,Zaza Pachulia,Andray Blatche,Antawn Jamison,Dominic McGuire,JaVale McGee,Mike James,1,0:54,WAS,shot,,,,,,,,,,JaVale McGee,,,,missed,,jump,20,7
Joe Johnson,Josh Smith,Maurice Evans,Mike Bibby,Zaza Pachulia,Andray Blatche,Antawn Jamison,Dominic McGuire,JaVale McGee,Mike James,1,0:53,ATL,rebound,,,,,,,,,,Joe Johnson,,,,,,def,,
Joe Johnson,Josh Smith,Maurice Evans,Mike Bibby,Zaza Pachulia,Andray Blatche,Antawn Jamison,Dominic McGuire,JaVale McGee,Mike James,1,0:44,ATL,shot,,,,,,,,,,Maurice Evans,,,,missed,,3pt,48,7
Joe Johnson,Josh Smith,Maurice Evans,Mike Bibby,Zaza Pachulia,Andray Blatche,Antawn Jamison,Dominic McGuire,JaVale McGee,Mike James,1,0:43,WAS,rebound,,,,,,,,,,Antawn Jamison,,,,,,def,,
Joe Johnson,Josh Smith,Maurice Evans,Mike Bibby,Zaza Pachulia,Andray Blatche,Antawn Jamison,Dominic McGuire,JaVale McGee,Mike James,1,0:36,WAS,shot,Dominic McGuire,,,,,,,,,JaVale McGee,2,,,made,,jump,9,6
Joe Johnson,Josh Smith,Maurice Evans,Mike Bibby,Zaza Pachulia,Andray Blatche,Antawn Jamison,Dominic McGuire,JaVale McGee,Mike James,1,0:20,WAS,foul,,,,,,,,Zaza Pachulia,,JaVale McGee,,,,,,shooting,,
Joe Johnson,Josh Smith,Maurice Evans,Ronald Murray,Zaza Pachulia,Andray Blatche,Antawn Jamison,Dominic McGuire,JaVale McGee,Mike James,1,0:20,ATL,sub,,,,Ronald Murray,,Mike Bibby,,,,,,,,,,,,
Joe Johnson,Josh Smith,Maurice Evans,Ronald Murray,Zaza Pachulia,Andray Blatche,Antawn Jamison,Dominic McGuire,JaVale McGee,Mike James,1,0:20,ATL,free throw,,,,,,,1,,2,Zaza Pachulia,,,foul,made,,,,
Joe Johnson,Josh Smith,Marvin Williams,Ronald Murray,Zaza Pachulia,Andray Blatche,Antawn Jamison,Dominic McGuire,JaVale McGee,Mike James,1,0:20,ATL,sub,,,,Marvin Williams,,Maurice Evans,,,,,,,,,,,,
Joe Johnson,Josh Smith,Marvin Williams,Ronald Murray,Zaza Pachulia,Andray Blatche,Antawn Jamison,Dominic McGuire,JaVale McGee,Mike James,1,0:20,ATL,free throw,,,,,,,2,,2,Zaza Pachulia,,,foul,made,,,,
Joe Johnson,Josh Smith,Marvin Williams,Ronald Murray,Zaza Pachulia,Andray Blatche,Antawn Jamison,Dominic McGuire,JaVale McGee,Mike James,1,0:06,WAS,shot,,,,,,,,,,Mike James,2,,,made,,pullup jump,23,26
Joe Johnson,Josh Smith,Marvin Williams,Ronald Murray,Zaza Pachulia,Andray Blatche,Antawn Jamison,Dominic McGuire,JaVale McGee,Mike James,1,0:02,ATL,turnover,,,,,,,,,,Marvin Williams,,,lost ball,,Mike James,,,
Joe Johnson,Josh Smith,Marvin Williams,Ronald Murray,Zaza Pachulia,Andray Blatche,Antawn Jamison,Dominic McGuire,JaVale McGee,Mike James,1,0:00,WAS,shot,,,,,,,,,,Mike James,,,,missed,,3pt,10,39
Joe Johnson,Josh Smith,Marvin Williams,Ronald Murray,Zaza Pachulia,Andray Blatche,Antawn Jamison,Dominic McGuire,JaVale McGee,Mike James,1,0:00,WAS,rebound,,,,,,,,,,,,,,,,,,
Al Horford,Joe Johnson,Marvin Williams,Ronald Murray,Zaza Pachulia,Darius Songaila,Dominic McGuire,JaVale McGee,Javaris Crittenton,Nick Young,2,11:42,WAS,shot,,,,,,,,,,Nick Young,,,,missed,,jump,22,27
Al Horford,Joe Johnson,Marvin Williams,Ronald Murray,Zaza Pachulia,Darius Songaila,Dominic McGuire,JaVale McGee,Javaris Crittenton,Nick Young,2,11:41,ATL,rebound,,,,,,,,,,Zaza Pachulia,,,,,,def,,
Al Horford,Joe Johnson,Marvin Williams,Ronald Murray,Zaza Pachulia,Darius Songaila,Dominic McGuire,JaVale McGee,Javaris Crittenton,Nick Young,2,11:23,ATL,shot,,,,,,,,,,Marvin Williams,2,,,made,,turnaround hook,23,9
Al Horford,Joe Johnson,Marvin Williams,Ronald Murray,Zaza Pachulia,Darius Songaila,Dominic McGuire,JaVale McGee,Javaris Crittenton,Nick Young,2,11:00,WAS,shot,,,,,,,,,,Dominic McGuire,,,,missed,,jump,10,7
Al Horford,Joe Johnson,Marvin Williams,Ronald Murray,Zaza Pachulia,Darius Songaila,Dominic McGuire,JaVale McGee,Javaris Crittenton,Nick Young,2,10:59,ATL,rebound,,,,,,,,,,Joe Johnson,,,,,,def,,
Al Horford,Joe Johnson,Marvin Williams,Ronald Murray,Zaza Pachulia,Darius Songaila,Dominic McGuire,JaVale McGee,Javaris Crittenton,Nick Young,2,10:51,ATL,shot,Joe Johnson,,,,,,,,,Al Horford,2,,,made,,jump,9,9
Al Horford,Joe Johnson,Marvin Williams,Ronald Murray,Zaza Pachulia,Darius Songaila,Dominic McGuire,JaVale McGee,Javaris Crittenton,Nick Young,2,10:29,WAS,turnover,,,,,,,,,,Nick Young,,,lost ball,,Marvin Williams,,,
Al Horford,Joe Johnson,Marvin Williams,Ronald Murray,Zaza Pachulia,Darius Songaila,Dominic McGuire,JaVale McGee,Javaris Crittenton,Nick Young,2,10:24,ATL,shot,,,,,,,,,,Ronald Murray,,,,missed,,3pt,24,31
Al Horford,Joe Johnson,Marvin Williams,Ronald Murray,Zaza Pachulia,Darius Songaila,Dominic McGuire,JaVale McGee,Javaris Crittenton,Nick Young,2,10:22,WAS,rebound,,,,,,,,,,JaVale McGee,,,,,,def,,
Al Horford,Joe Johnson,Marvin Williams,Ronald Murray,Zaza Pachulia,Darius Songaila,Dominic McGuire,JaVale McGee,Javaris Crittenton,Nick Young,2,10:16,WAS,shot,JaVale McGee,,,,,,,,,Javaris Crittenton,2,,,made,,layup,25,6
Al Horford,Joe Johnson,Marvin Williams,Ronald Murray,Zaza Pachulia,Darius Songaila,Dominic McGuire,JaVale McGee,Javaris Crittenton,Nick Young,2,10:02,ATL,shot,Joe Johnson,,,,,,,,,Marvin Williams,3,,,made,,3pt,39,28
Al Horford,Joe Johnson,Marvin Williams,Ronald Murray,Zaza Pachulia,Darius Songaila,Dominic McGuire,JaVale McGee,Javaris Crittenton,Nick Young,2,9:53,WAS,timeout,,,,,,,,,,,,,,,,regular,,
Al Horford,Marvin Williams,Mike Bibby,Ronald Murray,Zaza Pachulia,Darius Songaila,Dominic McGuire,JaVale McGee,Javaris Crittenton,Nick Young,2,9:53,ATL,sub,,,,Mike Bibby,,Joe Johnson,,,,,,,,,,,,
Al Horford,Marvin Williams,Mike Bibby,Ronald Murray,Zaza Pachulia,Darius Songaila,Dominic McGuire,JaVale McGee,Javaris Crittenton,Nick Young,2,9:40,WAS,shot,,,,,,,,,,Darius Songaila,,,,missed,,jump,38,21
Al Horford,Marvin Williams,Mike Bibby,Ronald Murray,Zaza Pachulia,Darius Songaila,Dominic McGuire,JaVale McGee,Javaris Crittenton,Nick Young,2,9:38,ATL,rebound,,,,,,,,,,Al Horford,,,,,,def,,
Al Horford,Marvin Williams,Mike Bibby,Ronald Murray,Zaza Pachulia,Darius Songaila,Dominic McGuire,JaVale McGee,Javaris Crittenton,Nick Young,2,9:18,ATL,shot,,,JaVale McGee,,,,,,,Al Horford,,,,missed,,jump,37,8
Al Horford,Marvin Williams,Mike Bibby,Ronald Murray,Zaza Pachulia,Darius Songaila,Dominic McGuire,JaVale McGee,Javaris Crittenton,Nick Young,2,9:17,WAS,rebound,,,,,,,,,,Dominic McGuire,,,,,,def,,
Al Horford,Marvin Williams,Mike Bibby,Ronald Murray,Zaza Pachulia,Darius Songaila,Dominic McGuire,JaVale McGee,Javaris Crittenton,Nick Young,2,9:11,WAS,shot,Dominic McGuire,,,,,,,,,Javaris Crittenton,2,,,made,,dunk,24,5
Al Horford,Marvin Williams,Mike Bibby,Ronald Murray,Zaza Pachulia,Darius Songaila,Dominic McGuire,JaVale McGee,Javaris Crittenton,Nick Young,2,8:51,ATL,shot,,,JaVale McGee,,,,,,,Al Horford,,,,missed,,jump,18,8
Al Horford,Marvin Williams,Mike Bibby,Ronald Murray,Zaza Pachulia,Darius Songaila,Dominic McGuire,JaVale McGee,Javaris Crittenton,Nick Young,2,8:49,WAS,rebound,,,,,,,,,,Dominic McGuire,,,,,,def,,
Al Horford,Marvin Williams,Mike Bibby,Ronald Murray,Zaza Pachulia,Darius Songaila,Dominic McGuire,JaVale McGee,Javaris Crittenton,Nick Young,2,8:44,WAS,shot,,,,,,,,,,Darius Songaila,,,,missed,,layup,25,7
Al Horford,Marvin Williams,Mike Bibby,Ronald Murray,Zaza Pachulia,Darius Songaila,Dominic McGuire,JaVale McGee,Javaris Crittenton,Nick Young,2,8:43,ATL,rebound,,,,,,,,,,Zaza Pachulia,,,,,,def,,
Al Horford,Marvin Williams,Mike Bibby,Ronald Murray,Zaza Pachulia,Darius Songaila,Dominic McGuire,JaVale McGee,Javaris Crittenton,Nick Young,2,8:42,WAS,foul,,,,,,,,Zaza Pachulia,,Darius Songaila,,,,,,personal,,
Al Horford,Marvin Williams,Mike Bibby,Ronald Murray,Zaza Pachulia,Antawn Jamison,Darius Songaila,JaVale McGee,Javaris Crittenton,Nick Young,2,8:42,WAS,sub,,,,Antawn Jamison,,Dominic McGuire,,,,,,,,,,,,
Al Horford,Marvin Williams,Mike Bibby,Ronald Murray,Zaza Pachulia,Antawn Jamison,Darius Songaila,JaVale McGee,Javaris Crittenton,Nick Young,2,8:27,ATL,shot,Mike Bibby,,,,,,,,,Ronald Murray,2,,,made,,finger roll layup,26,5
Al Horford,Marvin Williams,Mike Bibby,Ronald Murray,Zaza Pachulia,Antawn Jamison,Darius Songaila,JaVale McGee,Javaris Crittenton,Nick Young,2,8:03,WAS,shot,,,,,,,,,,Darius Songaila,,,,missed,,layup,23,5
Al Horford,Marvin Williams,Mike Bibby,Ronald Murray,Zaza Pachulia,Antawn Jamison,Darius Songaila,JaVale McGee,Javaris Crittenton,Nick Young,2,8:02,ATL,rebound,,,,,,,,,,Zaza Pachulia,,,,,,def,,
Al Horford,Marvin Williams,Mike Bibby,Ronald Murray,Zaza Pachulia,Antawn Jamison,Darius Songaila,JaVale McGee,Javaris Crittenton,Nick Young,2,7:47,ATL,shot,,,,,,,,,,Al Horford,,,,missed,,jump,20,17
Al Horford,Marvin Williams,Mike Bibby,Ronald Murray,Zaza Pachulia,Antawn Jamison,Darius Songaila,JaVale McGee,Javaris Crittenton,Nick Young,2,7:45,WAS,rebound,,,,,,,,,,Antawn Jamison,,,,,,def,,
Al Horford,Marvin Williams,Mike Bibby,Ronald Murray,Zaza Pachulia,Antawn Jamison,Darius Songaila,JaVale McGee,Javaris Crittenton,Nick Young,2,7:28,WAS,shot,,,,,,,,,,Antawn Jamison,,,,missed,,jump,14,6
Al Horford,Marvin Williams,Mike Bibby,Ronald Murray,Zaza Pachulia,Antawn Jamison,Darius Songaila,JaVale McGee,Javaris Crittenton,Nick Young,2,7:27,ATL,rebound,,,,,,,,,,Zaza Pachulia,,,,,,def,,
Al Horford,Marvin Williams,Mike Bibby,Ronald Murray,Zaza Pachulia,Antawn Jamison,Darius Songaila,JaVale McGee,Javaris Crittenton,Nick Young,2,7:22,WAS,foul,,,,,,,,Zaza Pachulia,,Javaris Crittenton,,,,,,shooting,,
Al Horford,Marvin Williams,Mike Bibby,Ronald Murray,Zaza Pachulia,Antawn Jamison,Darius Songaila,JaVale McGee,Javaris Crittenton,Nick Young,2,7:22,ATL,free throw,,,,,,,1,,2,Zaza Pachulia,,,foul,made,,,,
Al Horford,Marvin Williams,Mike Bibby,Ronald Murray,Zaza Pachulia,Antawn Jamison,Darius Songaila,JaVale McGee,Mike James,Nick Young,2,7:22,WAS,sub,,,,Mike James,,Javaris Crittenton,,,,,,,,,,,,
Al Horford,Marvin Williams,Mike Bibby,Ronald Murray,Zaza Pachulia,Antawn Jamison,Darius Songaila,JaVale McGee,Mike James,Nick Young,2,7:22,ATL,free throw,,,,,,,2,,2,Zaza Pachulia,,,foul,made,,,,
Al Horford,Marvin Williams,Mike Bibby,Ronald Murray,Zaza Pachulia,Antawn Jamison,Darius Songaila,JaVale McGee,Mike James,Nick Young,2,7:00,WAS,shot,,,,,,,,,,Mike James,2,,,made,,pullup jump,17,24
Al Horford,Marvin Williams,Mike Bibby,Ronald Murray,Zaza Pachulia,Antawn Jamison,Darius Songaila,JaVale McGee,Mike James,Nick Young,2,6:39,WAS,foul,,,,,,,,Ronald Murray,,Nick Young,,,,,,personal,,
Al Horford,Marvin Williams,Mike Bibby,Ronald Murray,Zaza Pachulia,Andray Blatche,Antawn Jamison,JaVale McGee,Mike James,Nick Young,2,6:39,WAS,sub,,,,Andray Blatche,,Darius Songaila,,,,,,,,,,,,
Al Horford,Josh Smith,Marvin Williams,Mike Bibby,Ronald Murray,Andray Blatche,Antawn Jamison,JaVale McGee,Mike James,Nick Young,2,6:39,ATL,sub,,,,Josh Smith,,Zaza Pachulia,,,,,,,,,,,,
Al Horford,Josh Smith,Marvin Williams,Mike Bibby,Ronald Murray,Andray Blatche,Antawn Jamison,JaVale McGee,Mike James,Nick Young,2,6:34,ATL,shot,Al Horford,,,,,,,,,Mike Bibby,2,,,made,,jump,22,25
Al Horford,Josh Smith,Marvin Williams,Mike Bibby,Ronald Murray,Andray Blatche,Antawn Jamison,JaVale McGee,Mike James,Nick Young,2,6:05,ATL,foul,,,,,,,,Mike James,,Josh Smith,,,,,,shooting,,
Al Horford,Josh Smith,Marvin Williams,Mike Bibby,Ronald Murray,Andray Blatche,Antawn Jamison,JaVale McGee,Mike James,Nick Young,2,6:05,WAS,free throw,,,,,,,1,,2,Mike James,,,foul,made,,,,
Al Horford,Josh Smith,Marvin Williams,Mike Bibby,Ronald Murray,Andray Blatche,Antawn Jamison,JaVale McGee,Mike James,Nick Young,2,6:05,WAS,free throw,,,,,,,2,,2,Mike James,,,foul,missed,,,,
Al Horford,Josh Smith,Marvin Williams,Mike Bibby,Ronald Murray,Andray Blatche,Antawn Jamison,JaVale McGee,Mike James,Nick Young,2,6:04,ATL,rebound,,,,,,,,,,Josh Smith,,,,,,def,,
Al Horford,Josh Smith,Marvin Williams,Mike Bibby,Ronald Murray,Andray Blatche,Antawn Jamison,JaVale McGee,Mike James,Nick Young,2,5:50,ATL,shot,,,,,,,,,,Mike Bibby,,,,missed,,jump,17,25
Al Horford,Josh Smith,Marvin Williams,Mike Bibby,Ronald Murray,Andray Blatche,Antawn Jamison,JaVale McGee,Mike James,Nick Young,2,5:49,ATL,rebound,,,,,,,,,,Marvin Williams,,,,,,off,,
Al Horford,Josh Smith,Marvin Williams,Mike Bibby,Ronald Murray,Andray Blatche,Antawn Jamison,JaVale McGee,Mike James,Nick Young,2,5:46,WAS,foul,,,,,,,,Josh Smith,,Andray Blatche,,,,,,shooting,,
Al Horford,Josh Smith,Marvin Williams,Mike Bibby,Ronald Murray,Andray Blatche,Antawn Jamison,JaVale McGee,Mike James,Nick Young,2,5:46,OFF,timeout,,,,,,,,,,,,,,,,official,,
Al Horford,Josh Smith,Marvin Williams,Mike Bibby,Ronald Murray,Andray Blatche,Antawn Jamison,JaVale McGee,Javaris Crittenton,Mike James,2,5:46,WAS,sub,,,,Javaris Crittenton,,Nick Young,,,,,,,,,,,,
Al Horford,Josh Smith,Marvin Williams,Mike Bibby,Ronald Murray,Antawn Jamison,Dominic McGuire,JaVale McGee,Javaris Crittenton,Mike James,2,5:46,WAS,sub,,,,Dominic McGuire,,Andray Blatche,,,,,,,,,,,,
Al Horford,Joe Johnson,Josh Smith,Mike Bibby,Ronald Murray,Antawn Jamison,Dominic McGuire,JaVale McGee,Javaris Crittenton,Mike James,2,5:46,ATL,sub,,,,Joe Johnson,,Marvin Williams,,,,,,,,,,,,
Al Horford,Joe Johnson,Josh Smith,Mike Bibby,Ronald Murray,Antawn Jamison,Dominic McGuire,JaVale McGee,Javaris Crittenton,Mike James,2,5:46,ATL,free throw,,,,,,,1,,2,Josh Smith,,,foul,missed,,,,
Al Horford,Joe Johnson,Josh Smith,Mike Bibby,Ronald Murray,Antawn Jamison,Dominic McGuire,JaVale McGee,Javaris Crittenton,Mike James,2,5:46,ATL,rebound,,,,,,,,,,,,,,,,,,
Al Horford,Joe Johnson,Josh Smith,Mike Bibby,Ronald Murray,Antawn Jamison,Dominic McGuire,JaVale McGee,Javaris Crittenton,Mike James,2,5:46,ATL,free throw,,,,,,,2,,2,Josh Smith,,,foul,made,,,,
Al Horford,Joe Johnson,Josh Smith,Mike Bibby,Ronald Murray,Antawn Jamison,Dominic McGuire,JaVale McGee,Javaris Crittenton,Mike James,2,5:31,WAS,shot,Javaris Crittenton,,,,,,,,,JaVale McGee,2,,,made,,dunk,28,6
Al Horford,Joe Johnson,Josh Smith,Mike Bibby,Ronald Murray,Antawn Jamison,Dominic McGuire,JaVale McGee,Javaris Crittenton,Mike James,2,5:16,ATL,turnover,,,,,,,,,,Al Horford,,,palming turnover,,,,,
Al Horford,Joe Johnson,Josh Smith,Mike Bibby,Ronald Murray,Antawn Jamison,Dominic McGuire,JaVale McGee,Javaris Crittenton,Mike James,2,4:52,WAS,turnover,,,,,,,,,,Mike James,,,bad pass,,Mike Bibby,,,
Al Horford,Joe Johnson,Josh Smith,Mike Bibby,Ronald Murray,Antawn Jamison,Dominic McGuire,JaVale McGee,Javaris Crittenton,Mike James,2,4:37,ATL,turnover,,,,,,,,,,Josh Smith,,,bad pass,,Dominic McGuire,,,
Al Horford,Joe Johnson,Josh Smith,Mike Bibby,Ronald Murray,Antawn Jamison,Dominic McGuire,JaVale McGee,Javaris Crittenton,Mike James,2,4:33,WAS,shot,Dominic McGuire,,,,,,,,,Javaris Crittenton,2,,,made,,driving dunk,25,6
Al Horford,Joe Johnson,Josh Smith,Mike Bibby,Ronald Murray,Antawn Jamison,Dominic McGuire,JaVale McGee,Javaris Crittenton,Mike James,2,4:12,WAS,foul,,,,,,,,Joe Johnson,,Dominic McGuire,,,,,,personal,,
Al Horford,Joe Johnson,Josh Smith,Mike Bibby,Ronald Murray,Antawn Jamison,Dominic McGuire,JaVale McGee,Javaris Crittenton,Mike James,2,4:12,ATL,free throw,,,,,,,1,,2,Joe Johnson,,,foul,made,,,,
Al Horford,Joe Johnson,Josh Smith,Mike Bibby,Ronald Murray,Antawn Jamison,Dominic McGuire,JaVale McGee,Javaris Crittenton,Mike James,2,4:12,ATL,free throw,,,,,,,2,,2,Joe Johnson,,,foul,made,,,,
Al Horford,Joe Johnson,Josh Smith,Mike Bibby,Ronald Murray,Antawn Jamison,Dominic McGuire,JaVale McGee,Javaris Crittenton,Mike James,2,3:58,WAS,shot,Dominic McGuire,,,,,,,,,Antawn Jamison,2,,,made,,reverse layup,25,6
Al Horford,Joe Johnson,Josh Smith,Mike Bibby,Ronald Murray,Antawn Jamison,Dominic McGuire,JaVale McGee,Javaris Crittenton,Mike James,2,3:36,ATL,shot,,,,,,,,,,Josh Smith,,,,missed,,jump,32,8
Al Horford,Joe Johnson,Josh Smith,Mike Bibby,Ronald Murray,Antawn Jamison,Dominic McGuire,JaVale McGee,Javaris Crittenton,Mike James,2,3:35,ATL,rebound,,,,,,,,,,Al Horford,,,,,,off,,
Al Horford,Joe Johnson,Josh Smith,Mike Bibby,Ronald Murray,Antawn Jamison,Dominic McGuire,JaVale McGee,Javaris Crittenton,Mike James,2,3:33,ATL,shot,,,,,,,,,,Al Horford,2,,,made,,layup,25,6
Al Horford,Joe Johnson,Josh Smith,Mike Bibby,Ronald Murray,Antawn Jamison,Dominic McGuire,JaVale McGee,Javaris Crittenton,Mike James,2,3:13,WAS,shot,Mike James,,,,,,,,,JaVale McGee,2,,,made,,slam dunk,24,6
Al Horford,Joe Johnson,Josh Smith,Mike Bibby,Ronald Murray,Antawn Jamison,Dominic McGuire,JaVale McGee,Javaris Crittenton,Mike James,2,3:13,ATL,foul,,,,,,,,JaVale McGee,,Mike Bibby,,,,,,shooting,,
Al Horford,Joe Johnson,Josh Smith,Marvin Williams,Mike Bibby,Antawn Jamison,Dominic McGuire,JaVale McGee,Javaris Crittenton,Mike James,2,3:13,ATL,sub,,,,Marvin Williams,,Ronald Murray,,,,,,,,,,,,
Al Horford,Joe Johnson,Josh Smith,Marvin Williams,Mike Bibby,Antawn Jamison,Dominic McGuire,JaVale McGee,Javaris Crittenton,Mike James,2,3:13,WAS,free throw,,,,,,,1,,1,JaVale McGee,,,foul,made,,,,
Al Horford,Joe Johnson,Josh Smith,Marvin Williams,Mike Bibby,Antawn Jamison,Dominic McGuire,JaVale McGee,Javaris Crittenton,Mike James,2,2:56,WAS,foul,,,,,,,,,,JaVale McGee,,,,,,defense 3 second,,
Al Horford,Joe Johnson,Josh Smith,Marvin Williams,Mike Bibby,Antawn Jamison,Dominic McGuire,JaVale McGee,Javaris Crittenton,Mike James,2,2:56,ATL,timeout,,,,,,,,,,,,,,,,regular,,
Al Horford,Joe Johnson,Josh Smith,Marvin Williams,Mike Bibby,Antawn Jamison,Dominic McGuire,JaVale McGee,Javaris Crittenton,Mike James,2,2:56,ATL,free throw,,,,,,,1,,1,Joe Johnson,,,technical,made,,,,
Al Horford,Joe Johnson,Josh Smith,Marvin Williams,Mike Bibby,Antawn Jamison,Dominic McGuire,JaVale McGee,Javaris Crittenton,Mike James,2,2:49,ATL,shot,,,,,,,,,,Joe Johnson,,,,missed,,3pt,45,23
Al Horford,Joe Johnson,Josh Smith,Marvin Williams,Mike Bibby,Antawn Jamison,Dominic McGuire,JaVale McGee,Javaris Crittenton,Mike James,2,2:47,WAS,rebound,,,,,,,,,,JaVale McGee,,,,,,def,,
Al Horford,Joe Johnson,Josh Smith,Marvin Williams,Mike Bibby,Antawn Jamison,Dominic McGuire,JaVale McGee,Javaris Crittenton,Mike James,2,2:29,WAS,shot,,,,,,,,,,Antawn Jamison,,,,missed,,layup,27,6
Al Horford,Joe Johnson,Josh Smith,Marvin Williams,Mike Bibby,Antawn Jamison,Dominic McGuire,JaVale McGee,Javaris Crittenton,Mike James,2,2:27,WAS,rebound,,,,,,,,,,Javaris Crittenton,,,,,,off,,
Al Horford,Joe Johnson,Josh Smith,Marvin Williams,Mike Bibby,Antawn Jamison,Dominic McGuire,JaVale McGee,Javaris Crittenton,Mike James,2,2:23,WAS,shot,,,,,,,,,,Javaris Crittenton,2,,,made,,tip,26,7
Al Horford,Joe Johnson,Josh Smith,Marvin Williams,Mike Bibby,Antawn Jamison,Dominic McGuire,JaVale McGee,Javaris Crittenton,Mike James,2,2:07,ATL,shot,,,,,,,,,,Josh Smith,,,,missed,,jump,35,6
Al Horford,Joe Johnson,Josh Smith,Marvin Williams,Mike Bibby,Antawn Jamison,Dominic McGuire,JaVale McGee,Javaris Crittenton,Mike James,2,2:06,WAS,rebound,,,,,,,,,,Javaris Crittenton,,,,,,def,,
Al Horford,Joe Johnson,Josh Smith,Marvin Williams,Mike Bibby,Antawn Jamison,Dominic McGuire,JaVale McGee,Javaris Crittenton,Mike James,2,2:01,WAS,shot,,,,,,,,,,JaVale McGee,,,,missed,,layup,23,4
Al Horford,Joe Johnson,Josh Smith,Marvin Williams,Mike Bibby,Antawn Jamison,Dominic McGuire,JaVale McGee,Javaris Crittenton,Mike James,2,2:00,ATL,rebound,,,,,,,,,,,,,,,,,,
Al Horford,Joe Johnson,Josh Smith,Marvin Williams,Mike Bibby,Antawn Jamison,Dominic McGuire,JaVale McGee,Javaris Crittenton,Mike James,2,1:45,ATL,shot,,,,,,,,,,Mike Bibby,,,,missed,,jump,42,16
Al Horford,Joe Johnson,Josh Smith,Marvin Williams,Mike Bibby,Antawn Jamison,Dominic McGuire,JaVale McGee,Javaris Crittenton,Mike James,2,1:44,WAS,rebound,,,,,,,,,,Javaris Crittenton,,,,,,def,,
Al Horford,Joe Johnson,Josh Smith,Marvin Williams,Mike Bibby,Antawn Jamison,Dominic McGuire,JaVale McGee,Javaris Crittenton,Mike James,2,1:39,WAS,shot,,,,,,,,,,Javaris Crittenton,,,,missed,,layup,27,7
Al Horford,Joe Johnson,Josh Smith,Marvin Williams,Mike Bibby,Antawn Jamison,Dominic McGuire,JaVale McGee,Javaris Crittenton,Mike James,2,1:38,WAS,rebound,,,,,,,,,,Mike James,,,,,,off,,
Al Horford,Joe Johnson,Josh Smith,Marvin Williams,Mike Bibby,Antawn Jamison,Dominic McGuire,JaVale McGee,Javaris Crittenton,Mike James,2,1:38,WAS,shot,,,,,,,,,,Mike James,2,,,made,,tip,24,8
Al Horford,Joe Johnson,Josh Smith,Marvin Williams,Mike Bibby,Antawn Jamison,Dominic McGuire,JaVale McGee,Javaris Crittenton,Mike James,2,1:16,ATL,turnover,,,,,,,,,,Joe Johnson,,,poss lost ball turnover,,,,,
Al Horford,Joe Johnson,Josh Smith,Marvin Williams,Mike Bibby,Antawn Jamison,Dominic McGuire,JaVale McGee,Javaris Crittenton,Mike James,2,1:02,WAS,shot,Dominic McGuire,,,,,,,,,Antawn Jamison,3,,,made,,3pt,10,28
Al Horford,Joe Johnson,Josh Smith,Marvin Williams,Mike Bibby,Antawn Jamison,Dominic McGuire,JaVale McGee,Javaris Crittenton,Mike James,2,0:48,ATL,shot,,,,,,,,,,Marvin Williams,,,,missed,,jump,27,9
Al Horford,Joe Johnson,Josh Smith,Marvin Williams,Mike Bibby,Antawn Jamison,Dominic McGuire,JaVale McGee,Javaris Crittenton,Mike James,2,0:47,WAS,rebound,,,,,,,,,,,,,,,,,,
Al Horford,Joe Johnson,Josh Smith,Marvin Williams,Mike Bibby,Antawn Jamison,Dominic McGuire,JaVale McGee,Javaris Crittenton,Mike James,2,0:42,ATL,foul,,,,,,,,JaVale McGee,,Al Horford,,,,,,personal,,
Al Horford,Joe Johnson,Josh Smith,Marvin Williams,Mike Bibby,Antawn Jamison,Dominic McGuire,JaVale McGee,Javaris Crittenton,Mike James,2,0:25,WAS,shot,,,,,,,,,,Antawn Jamison,,,,missed,,jump,23,9
Al Horford,Joe Johnson,Josh Smith,Marvin Williams,Mike Bibby,Antawn Jamison,Dominic McGuire,JaVale McGee,Javaris Crittenton,Mike James,2,0:24,WAS,rebound,,,,,,,,,,Antawn Jamison,,,,,,off,,
Al Horford,Joe Johnson,Josh Smith,Marvin Williams,Mike Bibby,Antawn Jamison,Dominic McGuire,JaVale McGee,Javaris Crittenton,Mike James,2,0:21,WAS,shot,,,Josh Smith,,,,,,,Antawn Jamison,,,,missed,,layup,23,7
Al Horford,Joe Johnson,Josh Smith,Marvin Williams,Mike Bibby,Antawn Jamison,Dominic McGuire,JaVale McGee,Javaris Crittenton,Mike James,2,0:19,ATL,rebound,,,,,,,,,,Mike Bibby,,,,,,def,,
Al Horford,Joe Johnson,Josh Smith,Marvin Williams,Mike Bibby,Antawn Jamison,Dominic McGuire,JaVale McGee,Javaris Crittenton,Mike James,2,0:05,ATL,shot,Joe Johnson,,,,,,,,,Marvin Williams,3,,,made,,3pt,1,9
Al Horford,Joe Johnson,Josh Smith,Marvin Williams,Mike Bibby,Antawn Jamison,Dominic McGuire,JaVale McGee,Javaris Crittenton,Mike James,2,0:01,WAS,shot,,,,,,,,,,Mike James,,,,missed,,jump,21,26
Al Horford,Joe Johnson,Josh Smith,Marvin Williams,Mike Bibby,Antawn Jamison,Dominic McGuire,JaVale McGee,Javaris Crittenton,Mike James,2,0:00,WAS,rebound,,,,,,,,,,Antawn Jamison,,,,,,off,,
Al Horford,Joe Johnson,Josh Smith,Marvin Williams,Mike Bibby,Andray Blatche,Antawn Jamison,Darius Songaila,Dominic McGuire,Mike James,3,11:40,WAS,shot,,,,,,,,,,Mike James,,,,missed,,jump,28,9
Al Horford,Joe Johnson,Josh Smith,Marvin Williams,Mike Bibby,Andray Blatche,Antawn Jamison,Darius Songaila,Dominic McGuire,Mike James,3,11:39,WAS,rebound,,,,,,,,,,Antawn Jamison,,,,,,off,,
Al Horford,Joe Johnson,Josh Smith,Marvin Williams,Mike Bibby,Andray Blatche,Antawn Jamison,Darius Songaila,Dominic McGuire,Mike James,3,11:36,WAS,turnover,,,,,,,,,,Antawn Jamison,,,bad pass,,Joe Johnson,,,
Al Horford,Joe Johnson,Josh Smith,Marvin Williams,Mike Bibby,Andray Blatche,Antawn Jamison,Darius Songaila,Dominic McGuire,Mike James,3,11:26,ATL,shot,,,,,,,,,,Josh Smith,,,,missed,,layup,25,8
Al Horford,Joe Johnson,Josh Smith,Marvin Williams,Mike Bibby,Andray Blatche,Antawn Jamison,Darius Songaila,Dominic McGuire,Mike James,3,11:25,WAS,rebound,,,,,,,,,,Darius Songaila,,,,,,def,,
Al Horford,Joe Johnson,Josh Smith,Marvin Williams,Mike Bibby,Andray Blatche,Antawn Jamison,Darius Songaila,Dominic McGuire,Mike James,3,11:07,WAS,turnover,,,,,,,,,,Dominic McGuire,,,bad pass,,Joe Johnson,,,
Al Horford,Joe Johnson,Josh Smith,Marvin Williams,Mike Bibby,Andray Blatche,Antawn Jamison,Darius Songaila,Dominic McGuire,Mike James,3,11:02,ATL,shot,Marvin Williams,,,,,,,,,Josh Smith,2,,,made,,running dunk,25,6
Al Horford,Joe Johnson,Josh Smith,Marvin Williams,Mike Bibby,Andray Blatche,Antawn Jamison,Darius Songaila,Dominic McGuire,Mike James,3,10:39,WAS,shot,Andray Blatche,,,,,,,,,Darius Songaila,2,,,made,,layup,23,5
Al Horford,Joe Johnson,Josh Smith,Marvin Williams,Mike Bibby,Andray Blatche,Antawn Jamison,Darius Songaila,Dominic McGuire,Mike James,3,10:20,ATL,shot,Mike Bibby,,,,,,,,,Joe Johnson,2,,,made,,jump,28,25
Al Horford,Joe Johnson,Josh Smith,Marvin Williams,Mike Bibby,Andray Blatche,Antawn Jamison,Darius Songaila,Dominic McGuire,Mike James,3,9:52,WAS,shot,,,,,,,,,,Antawn Jamison,,,,missed,,jump,17,9
Al Horford,Joe Johnson,Josh Smith,Marvin Williams,Mike Bibby,Andray Blatche,Antawn Jamison,Darius Songaila,Dominic McGuire,Mike James,3,9:51,ATL,rebound,,,,,,,,,,Joe Johnson,,,,,,def,,
Al Horford,Joe Johnson,Josh Smith,Marvin Williams,Mike Bibby,Andray Blatche,Antawn Jamison,Darius Songaila,Dominic McGuire,Mike James,3,9:42,ATL,shot,Al Horford,,,,,,,,,Marvin Williams,3,,,made,,3pt,23,31
Al Horford,Joe Johnson,Josh Smith,Marvin Williams,Mike Bibby,Andray Blatche,Antawn Jamison,Darius Songaila,Dominic McGuire,Mike James,3,9:33,WAS,timeout,,,,,,,,,,,,,,,,regular,,
Al Horford,Joe Johnson,Josh Smith,Marvin Williams,Mike Bibby,Andray Blatche,Antawn Jamison,Darius Songaila,Dominic McGuire,Mike James,3,9:20,WAS,shot,,,Al Horford,,,,,,,Andray Blatche,,,,missed,,jump,21,7
Al Horford,Joe Johnson,Josh Smith,Marvin Williams,Mike Bibby,Andray Blatche,Antawn Jamison,Darius Songaila,Dominic McGuire,Mike James,3,9:19,ATL,rebound,,,,,,,,,,Mike Bibby,,,,,,def,,
Al Horford,Joe Johnson,Josh Smith,Marvin Williams,Mike Bibby,Andray Blatche,Antawn Jamison,Darius Songaila,Dominic McGuire,Mike James,3,9:04,ATL,foul,,,,,,,,Dominic McGuire,,Al Horford,,,,,,offensive,,
Al Horford,Joe Johnson,Josh Smith,Marvin Williams,Mike Bibby,Andray Blatche,Antawn Jamison,Darius Songaila,Dominic McGuire,Mike James,3,9:04,ATL,turnover,,,,,,,,,,Al Horford,,,foul,,,,,
Al Horford,Joe Johnson,Josh Smith,Marvin Williams,Mike Bibby,Andray Blatche,Antawn Jamison,Darius Songaila,Dominic McGuire,Mike James,3,8:43,WAS,shot,,,,,,,,,,Antawn Jamison,2,,,made,,jump,19,5
Al Horford,Joe Johnson,Josh Smith,Marvin Williams,Mike Bibby,Andray Blatche,Antawn Jamison,Darius Songaila,Dominic McGuire,Mike James,3,8:25,ATL,shot,,,,,,,,,,Mike Bibby,,,,missed,,jump,27,25
Al Horford,Joe Johnson,Josh Smith,Marvin Williams,Mike Bibby,Andray Blatche,Antawn Jamison,Darius Songaila,Dominic McGuire,Mike James,3,8:24,WAS,rebound,,,,,,,,,,Antawn Jamison,,,,,,def,,
Al Horford,Joe Johnson,Josh Smith,Marvin Williams,Mike Bibby,Andray Blatche,Antawn Jamison,Darius Songaila,Dominic McGuire,Mike James,3,8:08,WAS,shot,Antawn Jamison,,,,,,,,,Darius Songaila,2,,,made,,jump,25,27
Al Horford,Joe Johnson,Josh Smith,Marvin Williams,Mike Bibby,Andray Blatche,Antawn Jamison,Darius Songaila,Dominic McGuire,Mike James,3,7:51,ATL,shot,Joe Johnson,,,,,,,,,Marvin Williams,2,,,made,,floating jump,13,6
Al Horford,Joe Johnson,Josh Smith,Marvin Williams,Mike Bibby,Andray Blatche,Antawn Jamison,Darius Songaila,Dominic McGuire,Mike James,3,7:35,WAS,shot,,,,,,,,,,Antawn Jamison,,,,missed,,jump,42,6
Al Horford,Joe Johnson,Josh Smith,Marvin Williams,Mike Bibby,Andray Blatche,Antawn Jamison,Darius Songaila,Dominic McGuire,Mike James,3,7:34,WAS,rebound,,,,,,,,,,Mike James,,,,,,off,,
Al Horford,Joe Johnson,Josh Smith,Marvin Williams,Mike Bibby,Andray Blatche,Antawn Jamison,Darius Songaila,Dominic McGuire,Mike James,3,7:31,WAS,shot,,,,,,,,,,Mike James,,,,missed,,layup,26,5
Al Horford,Joe Johnson,Josh Smith,Marvin Williams,Mike Bibby,Andray Blatche,Antawn Jamison,Darius Songaila,Dominic McGuire,Mike James,3,7:30,ATL,rebound,,,,,,,,,,Josh Smith,,,,,,def,,
Al Horford,Joe Johnson,Josh Smith,Marvin Williams,Mike Bibby,Andray Blatche,Antawn Jamison,Darius Songaila,Dominic McGuire,Mike James,3,7:26,ATL,shot,,,,,,,,,,Mike Bibby,,,,missed,,jump,9,6
Al Horford,Joe Johnson,Josh Smith,Marvin Williams,Mike Bibby,Andray Blatche,Antawn Jamison,Darius Songaila,Dominic McGuire,Mike James,3,7:25,ATL,rebound,,,,,,,,,,,,,,,,,,
Al Horford,Joe Johnson,Josh Smith,Marvin Williams,Mike Bibby,Andray Blatche,Antawn Jamison,Darius Songaila,Dominic McGuire,Mike James,3,7:17,ATL,shot,,,Darius Songaila,,,,,,,Josh Smith,,,,missed,,jump,31,7
Al Horford,Joe Johnson,Josh Smith,Marvin Williams,Mike Bibby,Andray Blatche,Antawn Jamison,Darius Songaila,Dominic McGuire,Mike James,3,7:16,ATL,rebound,,,,,,,,,,Al Horford,,,,,,off,,
Al Horford,Joe Johnson,Josh Smith,Marvin Williams,Mike Bibby,Andray Blatche,Antawn Jamison,Darius Songaila,Dominic McGuire,Mike James,3,7:15,ATL,shot,,,Andray Blatche,,,,,,,Al Horford,,,,missed,,layup,21,7
Al Horford,Joe Johnson,Josh Smith,Marvin Williams,Mike Bibby,Andray Blatche,Antawn Jamison,Darius Songaila,Dominic McGuire,Mike James,3,7:12,WAS,rebound,,,,,,,,,,Dominic McGuire,,,,,,def,,
Al Horford,Joe Johnson,Josh Smith,Marvin Williams,Mike Bibby,Andray Blatche,Antawn Jamison,Darius Songaila,Dominic McGuire,Mike James,3,7:04,WAS,shot,Dominic McGuire,,,,,,,,,Darius Songaila,2,,,made,,layup,25,7
Al Horford,Joe Johnson,Josh Smith,Marvin Williams,Mike Bibby,Andray Blatche,Antawn Jamison,Darius Songaila,Dominic McGuire,Mike James,3,6:45,WAS,foul,,,,,,,,Al Horford,,Darius Songaila,,,,,,shooting,,
Al Horford,Joe Johnson,Josh Smith,Marvin Williams,Mike Bibby,Andray Blatche,Antawn Jamison,Darius Songaila,Dominic McGuire,Mike James,3,6:45,ATL,free throw,,,,,,,1,,2,Al Horford,,,foul,made,,,,
Al Horford,Joe Johnson,Josh Smith,Marvin Williams,Mike Bibby,Andray Blatche,Antawn Jamison,Darius Songaila,Dominic McGuire,Mike James,3,6:45,ATL,free throw,,,,,,,2,,2,Al Horford,,,foul,made,,,,
Al Horford,Joe Johnson,Josh Smith,Marvin Williams,Mike Bibby,Andray Blatche,Antawn Jamison,Darius Songaila,Dominic McGuire,Mike James,3,6:27,WAS,shot,,,,,,,,,,Andray Blatche,,,,missed,,jump,33,13
Al Horford,Joe Johnson,Josh Smith,Marvin Williams,Mike Bibby,Andray Blatche,Antawn Jamison,Darius Songaila,Dominic McGuire,Mike James,3,6:26,ATL,rebound,,,,,,,,,,Mike Bibby,,,,,,def,,
Al Horford,Joe Johnson,Josh Smith,Marvin Williams,Mike Bibby,Andray Blatche,Antawn Jamison,Darius Songaila,Dominic McGuire,Mike James,3,6:18,ATL,shot,,,,,,,,,,Josh Smith,,,,missed,,jump,12,22
Al Horford,Joe Johnson,Josh Smith,Marvin Williams,Mike Bibby,Andray Blatche,Antawn Jamison,Darius Songaila,Dominic McGuire,Mike James,3,6:17,WAS,rebound,,,,,,,,,,Dominic McGuire,,,,,,def,,
Al Horford,Joe Johnson,Josh Smith,Marvin Williams,Mike Bibby,Andray Blatche,Antawn Jamison,Darius Songaila,Dominic McGuire,Mike James,3,6:07,WAS,turnover,,,,,,,,,,Darius Songaila,,,bad pass,,Al Horford,,,
Al Horford,Joe Johnson,Josh Smith,Marvin Williams,Mike Bibby,Andray Blatche,Antawn Jamison,Darius Songaila,Dominic McGuire,Mike James,3,6:03,ATL,turnover,,,,,,,,,,Al Horford,,,bad pass,,Andray Blatche,,,
Al Horford,Joe Johnson,Josh Smith,Marvin Williams,Mike Bibby,Andray Blatche,Antawn Jamison,Darius Songaila,Dominic McGuire,Mike James,3,5:58,WAS,shot,,,,,,,,,,Andray Blatche,2,,,made,,dunk,25,6
Al Horford,Joe Johnson,Josh Smith,Marvin Williams,Mike Bibby,Andray Blatche,Antawn Jamison,Darius Songaila,Dominic McGuire,Mike James,3,5:39,ATL,shot,,,,,,,,,,Joe Johnson,2,,,made,,jump,8,11
Al Horford,Joe Johnson,Josh Smith,Marvin Williams,Mike Bibby,Andray Blatche,Antawn Jamison,Darius Songaila,Dominic McGuire,Mike James,3,5:14,WAS,shot,,,,,,,,,,Dominic McGuire,2,,,made,,jump,14,21
Al Horford,Joe Johnson,Josh Smith,Marvin Williams,Mike Bibby,Andray Blatche,Antawn Jamison,Darius Songaila,Dominic McGuire,Mike James,3,4:56,ATL,shot,,,,,,,,,,Al Horford,2,,,made,,turnaround fade away,42,8
Al Horford,Joe Johnson,Josh Smith,Marvin Williams,Mike Bibby,Andray Blatche,Antawn Jamison,Darius Songaila,Dominic McGuire,Mike James,3,4:33,WAS,shot,,,,,,,,,,Andray Blatche,,,,missed,,jump,33,11
Al Horford,Joe Johnson,Josh Smith,Marvin Williams,Mike Bibby,Andray Blatche,Antawn Jamison,Darius Songaila,Dominic McGuire,Mike James,3,4:31,ATL,rebound,,,,,,,,,,Josh Smith,,,,,,def,,
Al Horford,Joe Johnson,Josh Smith,Marvin Williams,Mike Bibby,Andray Blatche,Antawn Jamison,Darius Songaila,Dominic McGuire,Mike James,3,4:25,ATL,foul,,,,,,,,Andray Blatche,,Josh Smith,,,,,,offensive,,
Al Horford,Joe Johnson,Josh Smith,Marvin Williams,Mike Bibby,Andray Blatche,Antawn Jamison,Darius Songaila,Dominic McGuire,Mike James,3,4:25,ATL,turnover,,,,,,,,,,Josh Smith,,,foul,,,,,
Al Horford,Joe Johnson,Josh Smith,Marvin Williams,Mike Bibby,Andray Blatche,Antawn Jamison,Dominic McGuire,JaVale McGee,Mike James,3,4:25,WAS,sub,,,,JaVale McGee,,Darius Songaila,,,,,,,,,,,,
Al Horford,Joe Johnson,Marvin Williams,Mike Bibby,Zaza Pachulia,Andray Blatche,Antawn Jamison,Dominic McGuire,JaVale McGee,Mike James,3,4:25,ATL,sub,,,,Zaza Pachulia,,Josh Smith,,,,,,,,,,,,
Al Horford,Joe Johnson,Marvin Williams,Mike Bibby,Zaza Pachulia,Andray Blatche,Antawn Jamison,Dominic McGuire,JaVale McGee,Mike James,3,4:10,WAS,shot,Mike James,,,,,,,,,Antawn Jamison,2,,,made,,floating jump,22,10
Al Horford,Joe Johnson,Marvin Williams,Mike Bibby,Zaza Pachulia,Andray Blatche,Antawn Jamison,Dominic McGuire,JaVale McGee,Mike James,3,3:56,ATL,shot,,,,,,,,,,Joe Johnson,,,,missed,,3pt,7,25
Al Horford,Joe Johnson,Marvin Williams,Mike Bibby,Zaza Pachulia,Andray Blatche,Antawn Jamison,Dominic McGuire,JaVale McGee,Mike James,3,3:53,WAS,rebound,,,,,,,,,,JaVale McGee,,,,,,def,,
Al Horford,Joe Johnson,Marvin Williams,Mike Bibby,Zaza Pachulia,Andray Blatche,Antawn Jamison,Dominic McGuire,JaVale McGee,Mike James,3,3:48,WAS,shot,Mike James,,,,,,,,,Antawn Jamison,2,,,made,,running layup,25,6
Al Horford,Joe Johnson,Marvin Williams,Mike Bibby,Zaza Pachulia,Andray Blatche,Antawn Jamison,Dominic McGuire,JaVale McGee,Mike James,3,3:19,ATL,shot,Al Horford,,,,,,,,,Marvin Williams,2,,,made,,jump,6,17
Al Horford,Joe Johnson,Marvin Williams,Mike Bibby,Zaza Pachulia,Andray Blatche,Antawn Jamison,Dominic McGuire,JaVale McGee,Mike James,3,2:59,WAS,shot,,,Marvin Williams,,,,,,,Antawn Jamison,,,,missed,,layup,23,5
Al Horford,Joe Johnson,Marvin Williams,Mike Bibby,Zaza Pachulia,Andray Blatche,Antawn Jamison,Dominic McGuire,JaVale McGee,Mike James,3,2:57,ATL,rebound,,,,,,,,,,Al Horford,,,,,,def,,
Al Horford,Joe Johnson,Marvin Williams,Mike Bibby,Zaza Pachulia,Andray Blatche,Antawn Jamison,Dominic McGuire,JaVale McGee,Mike James,3,2:46,ATL,shot,,,,,,,,,,Mike Bibby,2,,,made,,floating jump,20,10
Al Horford,Joe Johnson,Marvin Williams,Mike Bibby,Zaza Pachulia,Andray Blatche,Antawn Jamison,Dominic McGuire,JaVale McGee,Mike James,3,2:28,WAS,shot,,,,,,,,,,Mike James,,,,missed,,jump,17,22
Al Horford,Joe Johnson,Marvin Williams,Mike Bibby,Zaza Pachulia,Andray Blatche,Antawn Jamison,Dominic McGuire,JaVale McGee,Mike James,3,2:28,ATL,rebound,,,,,,,,,,Joe Johnson,,,,,,def,,
Al Horford,Joe Johnson,Marvin Williams,Mike Bibby,Zaza Pachulia,Andray Blatche,Antawn Jamison,Dominic McGuire,JaVale McGee,Mike James,3,2:26,WAS,foul,,,,,,,,Joe Johnson,,Andray Blatche,,,,,,personal,,
Al Horford,Joe Johnson,Marvin Williams,Mike Bibby,Zaza Pachulia,Andray Blatche,Antawn Jamison,Dominic McGuire,JaVale McGee,Mike James,3,2:26,ATL,timeout,,,,,,,,,,,,,,,,regular,,
Al Horford,Joe Johnson,Marvin Williams,Mike Bibby,Zaza Pachulia,Andray Blatche,Antawn Jamison,JaVale McGee,Javaris Crittenton,Mike James,3,2:26,WAS,sub,,,,Javaris Crittenton,,Dominic McGuire,,,,,,,,,,,,
Al Horford,Joe Johnson,Maurice Evans,Mike Bibby,Zaza Pachulia,Andray Blatche,Antawn Jamison,JaVale McGee,Javaris Crittenton,Mike James,3,2:26,ATL,sub,,,,Maurice Evans,,Marvin Williams,,,,,,,,,,,,
Al Horford,Joe Johnson,Maurice Evans,Ronald Murray,Zaza Pachulia,Andray Blatche,Antawn Jamison,JaVale McGee,Javaris Crittenton,Mike James,3,2:26,ATL,sub,,,,Ronald Murray,,Mike Bibby,,,,,,,,,,,,
Al Horford,Joe Johnson,Maurice Evans,Ronald Murray,Zaza Pachulia,Andray Blatche,Antawn Jamison,JaVale McGee,Javaris Crittenton,Mike James,3,2:06,ATL,shot,,,,,,,,,,Al Horford,2,,,made,,turnaround bank,36,11
Al Horford,Joe Johnson,Maurice Evans,Ronald Murray,Zaza Pachulia,Andray Blatche,Antawn Jamison,JaVale McGee,Javaris Crittenton,Mike James,3,1:44,WAS,shot,,,,,,,,,,Andray Blatche,,,,missed,,jump,13,11
Al Horford,Joe Johnson,Maurice Evans,Ronald Murray,Zaza Pachulia,Andray Blatche,Antawn Jamison,JaVale McGee,Javaris Crittenton,Mike James,3,1:43,ATL,rebound,,,,,,,,,,Ronald Murray,,,,,,def,,
Al Horford,Joe Johnson,Maurice Evans,Ronald Murray,Zaza Pachulia,Andray Blatche,Antawn Jamison,JaVale McGee,Javaris Crittenton,Mike James,3,1:32,ATL,shot,,,,,,,,,,Ronald Murray,,,,missed,,jump,32,9
Al Horford,Joe Johnson,Maurice Evans,Ronald Murray,Zaza Pachulia,Andray Blatche,Antawn Jamison,JaVale McGee,Javaris Crittenton,Mike James,3,1:31,WAS,rebound,,,,,,,,,,Javaris Crittenton,,,,,,def,,
Al Horford,Joe Johnson,Maurice Evans,Ronald Murray,Zaza Pachulia,Andray Blatche,Antawn Jamison,JaVale McGee,Javaris Crittenton,Mike James,3,1:26,WAS,shot,,,,,,,,,,Javaris Crittenton,,,,missed,,layup,25,4
Al Horford,Joe Johnson,Maurice Evans,Ronald Murray,Zaza Pachulia,Andray Blatche,Antawn Jamison,JaVale McGee,Javaris Crittenton,Mike James,3,1:25,WAS,rebound,,,,,,,,,,Andray Blatche,,,,,,off,,
Al Horford,Joe Johnson,Maurice Evans,Ronald Murray,Zaza Pachulia,Andray Blatche,Antawn Jamison,JaVale McGee,Javaris Crittenton,Mike James,3,1:23,WAS,shot,,,,,,,,,,Andray Blatche,2,,,made,,layup,24,5
Al Horford,Joe Johnson,Maurice Evans,Ronald Murray,Zaza Pachulia,Andray Blatche,Antawn Jamison,JaVale McGee,Javaris Crittenton,Mike James,3,1:00,ATL,shot,Joe Johnson,,,,,,,,,Zaza Pachulia,2,,,made,,layup,25,6
Al Horford,Joe Johnson,Maurice Evans,Ronald Murray,Zaza Pachulia,Andray Blatche,Antawn Jamison,JaVale McGee,Javaris Crittenton,Mike James,3,0:49,ATL,foul,,,,,,,,Andray Blatche,,Zaza Pachulia,,,,,,personal,,
Al Horford,Joe Johnson,Maurice Evans,Ronald Murray,Zaza Pachulia,Andray Blatche,Antawn Jamison,JaVale McGee,Javaris Crittenton,Nick Young,3,0:49,WAS,sub,,,,Nick Young,,Mike James,,,,,,,,,,,,
Al Horford,Joe Johnson,Maurice Evans,Ronald Murray,Zaza Pachulia,Andray Blatche,Antawn Jamison,JaVale McGee,Javaris Crittenton,Nick Young,3,0:36,WAS,shot,,,,,,,,,,Nick Young,,,,missed,,3pt,14,30
Al Horford,Joe Johnson,Maurice Evans,Ronald Murray,Zaza Pachulia,Andray Blatche,Antawn Jamison,JaVale McGee,Javaris Crittenton,Nick Young,3,0:35,ATL,rebound,,,,,,,,,,Zaza Pachulia,,,,,,def,,
Al Horford,Joe Johnson,Maurice Evans,Ronald Murray,Zaza Pachulia,Andray Blatche,Antawn Jamison,JaVale McGee,Javaris Crittenton,Nick Young,3,0:28,ATL,shot,,,,,,,,,,Ronald Murray,2,,,made,,driving slam dunk,24,6
Al Horford,Joe Johnson,Maurice Evans,Ronald Murray,Zaza Pachulia,Andray Blatche,Antawn Jamison,JaVale McGee,Javaris Crittenton,Nick Young,3,0:04,WAS,shot,,,,,,,,,,Nick Young,,,,missed,,jump,7,9
Al Horford,Joe Johnson,Maurice Evans,Ronald Murray,Zaza Pachulia,Andray Blatche,Antawn Jamison,JaVale McGee,Javaris Crittenton,Nick Young,3,0:04,WAS,rebound,,,,,,,,,,,,,,,,,,
Al Horford,Joe Johnson,Maurice Evans,Ronald Murray,Zaza Pachulia,Andray Blatche,Antawn Jamison,JaVale McGee,Javaris Crittenton,Nick Young,3,0:04,WAS,turnover,,,,,,,,,,,,,shot clock turnover,,,,,
Al Horford,Joe Johnson,Maurice Evans,Ronald Murray,Zaza Pachulia,Andray Blatche,Antawn Jamison,JaVale McGee,Javaris Crittenton,Nick Young,3,0:01,ATL,shot,,,,,,,,,,Ronald Murray,,,,missed,,3pt,15,32
Al Horford,Joe Johnson,Maurice Evans,Ronald Murray,Zaza Pachulia,Andray Blatche,Antawn Jamison,JaVale McGee,Javaris Crittenton,Nick Young,3,0:00,ATL,rebound,,,,,,,,,,,,,,,,,,
Al Horford,Marvin Williams,Maurice Evans,Ronald Murray,Zaza Pachulia,Darius Songaila,Dominic McGuire,JaVale McGee,Javaris Crittenton,Nick Young,4,11:45,ATL,shot,,,Dominic McGuire,,,,,,,Marvin Williams,,,,missed,,jump,17,8
Al Horford,Marvin Williams,Maurice Evans,Ronald Murray,Zaza Pachulia,Darius Songaila,Dominic McGuire,JaVale McGee,Javaris Crittenton,Nick Young,4,11:42,WAS,rebound,,,,,,,,,,Nick Young,,,,,,def,,
Al Horford,Marvin Williams,Maurice Evans,Ronald Murray,Zaza Pachulia,Darius Songaila,Dominic McGuire,JaVale McGee,Javaris Crittenton,Nick Young,4,11:37,WAS,shot,,,Ronald Murray,,,,,,,Nick Young,,,,missed,,jump,14,7
Al Horford,Marvin Williams,Maurice Evans,Ronald Murray,Zaza Pachulia,Darius Songaila,Dominic McGuire,JaVale McGee,Javaris Crittenton,Nick Young,4,11:35,ATL,rebound,,,,,,,,,,Ronald Murray,,,,,,def,,
Al Horford,Marvin Williams,Maurice Evans,Ronald Murray,Zaza Pachulia,Darius Songaila,Dominic McGuire,JaVale McGee,Javaris Crittenton,Nick Young,4,11:16,ATL,shot,Ronald Murray,,,,,,,,,Marvin Williams,2,,,made,,jump,16,13
Al Horford,Marvin Williams,Maurice Evans,Ronald Murray,Zaza Pachulia,Darius Songaila,Dominic McGuire,JaVale McGee,Javaris Crittenton,Nick Young,4,10:55,WAS,shot,,,,,,,,,,Javaris Crittenton,,,,missed,,jump,41,20
Al Horford,Marvin Williams,Maurice Evans,Ronald Murray,Zaza Pachulia,Darius Songaila,Dominic McGuire,JaVale McGee,Javaris Crittenton,Nick Young,4,10:54,ATL,rebound,,,,,,,,,,Al Horford,,,,,,def,,
Al Horford,Marvin Williams,Maurice Evans,Ronald Murray,Zaza Pachulia,Darius Songaila,Dominic McGuire,JaVale McGee,Javaris Crittenton,Nick Young,4,10:38,ATL,shot,,,,,,,,,,Marvin Williams,2,,,made,,jump,10,14
Al Horford,Marvin Williams,Maurice Evans,Ronald Murray,Zaza Pachulia,Darius Songaila,Dominic McGuire,JaVale McGee,Javaris Crittenton,Nick Young,4,10:29,WAS,timeout,,,,,,,,,,,,,,,,short,,
Al Horford,Marvin Williams,Maurice Evans,Ronald Murray,Zaza Pachulia,Darius Songaila,Dominic McGuire,JaVale McGee,Javaris Crittenton,Nick Young,4,10:17,ATL,foul,,,,,,,,Javaris Crittenton,,Ronald Murray,,,,,,personal,,
Al Horford,Marvin Williams,Maurice Evans,Ronald Murray,Zaza Pachulia,Darius Songaila,Dominic McGuire,JaVale McGee,Javaris Crittenton,Nick Young,4,10:02,ATL,foul,,,,,,,,Darius Songaila,,Ronald Murray,,,,,,shooting,,
Al Horford,Marvin Williams,Maurice Evans,Ronald Murray,Zaza Pachulia,Darius Songaila,Dominic McGuire,JaVale McGee,Javaris Crittenton,Nick Young,4,10:02,WAS,free throw,,,,,,,1,,2,Darius Songaila,,,foul,made,,,,
Al Horford,Marvin Williams,Maurice Evans,Ronald Murray,Zaza Pachulia,Darius Songaila,Dominic McGuire,JaVale McGee,Javaris Crittenton,Nick Young,4,10:02,WAS,free throw,,,,,,,2,,2,Darius Songaila,,,foul,made,,,,
Al Horford,Marvin Williams,Maurice Evans,Ronald Murray,Zaza Pachulia,Darius Songaila,Dominic McGuire,JaVale McGee,Javaris Crittenton,Nick Young,4,9:51,WAS,foul,,,,,,,,Marvin Williams,,Dominic McGuire,,,,,,personal,,
Al Horford,Marvin Williams,Maurice Evans,Ronald Murray,Zaza Pachulia,Antawn Jamison,Darius Songaila,Dominic McGuire,JaVale McGee,Javaris Crittenton,4,9:51,WAS,sub,,,,Antawn Jamison,,Nick Young,,,,,,,,,,,,
Al Horford,Marvin Williams,Maurice Evans,Ronald Murray,Zaza Pachulia,Antawn Jamison,Darius Songaila,Dominic McGuire,JaVale McGee,Javaris Crittenton,4,9:44,ATL,shot,,,,,,,,,,Ronald Murray,,,,missed,,jump,38,6
Al Horford,Marvin Williams,Maurice Evans,Ronald Murray,Zaza Pachulia,Antawn Jamison,Darius Songaila,Dominic McGuire,JaVale McGee,Javaris Crittenton,4,9:43,WAS,rebound,,,,,,,,,,JaVale McGee,,,,,,def,,
Al Horford,Marvin Williams,Maurice Evans,Ronald Murray,Zaza Pachulia,Antawn Jamison,Darius Songaila,Dominic McGuire,JaVale McGee,Javaris Crittenton,4,9:23,WAS,shot,,,Al Horford,,,,,,,JaVale McGee,,,,missed,,jump,33,5
Al Horford,Marvin Williams,Maurice Evans,Ronald Murray,Zaza Pachulia,Antawn Jamison,Darius Songaila,Dominic McGuire,JaVale McGee,Javaris Crittenton,4,9:21,ATL,rebound,,,,,,,,,,Marvin Williams,,,,,,def,,
Al Horford,Marvin Williams,Maurice Evans,Ronald Murray,Zaza Pachulia,Antawn Jamison,Darius Songaila,Dominic McGuire,JaVale McGee,Javaris Crittenton,4,9:17,ATL,shot,Al Horford,,,,,,,,,Zaza Pachulia,2,,,made,,layup,25,5
Al Horford,Marvin Williams,Maurice Evans,Ronald Murray,Zaza Pachulia,Antawn Jamison,Darius Songaila,Dominic McGuire,JaVale McGee,Javaris Crittenton,4,9:02,WAS,shot,Javaris Crittenton,,,,,,,,,Darius Songaila,2,,,made,,jump,18,24
Al Horford,Marvin Williams,Maurice Evans,Ronald Murray,Zaza Pachulia,Antawn Jamison,Darius Songaila,Dominic McGuire,JaVale McGee,Javaris Crittenton,4,8:51,WAS,foul,,,,,,,,Marvin Williams,,Antawn Jamison,,,,,,shooting,,
Al Horford,Marvin Williams,Maurice Evans,Ronald Murray,Zaza Pachulia,Antawn Jamison,Darius Songaila,Dominic McGuire,JaVale McGee,Javaris Crittenton,4,8:51,OFF,timeout,,,,,,,,,,,,,,,,official,,
Al Horford,Marvin Williams,Maurice Evans,Ronald Murray,Zaza Pachulia,Antawn Jamison,Darius Songaila,Dominic McGuire,JaVale McGee,Mike James,4,8:51,WAS,sub,,,,Mike James,,Javaris Crittenton,,,,,,,,,,,,
Al Horford,Marvin Williams,Maurice Evans,Ronald Murray,Zaza Pachulia,Antawn Jamison,Darius Songaila,Dominic McGuire,JaVale McGee,Mike James,4,8:51,ATL,free throw,,,,,,,1,,2,Marvin Williams,,,foul,missed,,,,
Al Horford,Marvin Williams,Maurice Evans,Ronald Murray,Zaza Pachulia,Antawn Jamison,Darius Songaila,Dominic McGuire,JaVale McGee,Mike James,4,8:51,ATL,rebound,,,,,,,,,,,,,,,,,,
Al Horford,Marvin Williams,Maurice Evans,Ronald Murray,Zaza Pachulia,Antawn Jamison,Darius Songaila,Dominic McGuire,JaVale McGee,Mike James,4,8:51,ATL,free throw,,,,,,,2,,2,Marvin Williams,,,foul,made,,,,
Al Horford,Marvin Williams,Maurice Evans,Ronald Murray,Zaza Pachulia,Antawn Jamison,Darius Songaila,Dominic McGuire,JaVale McGee,Mike James,4,8:36,ATL,foul,,,,,,,,Antawn Jamison,,Marvin Williams,,,,,,shooting,,
Al Horford,Marvin Williams,Maurice Evans,Ronald Murray,Zaza Pachulia,Antawn Jamison,Darius Songaila,Dominic McGuire,JaVale McGee,Mike James,4,8:36,WAS,free throw,,,,,,,1,,2,Antawn Jamison,,,foul,missed,,,,
Al Horford,Marvin Williams,Maurice Evans,Ronald Murray,Zaza Pachulia,Antawn Jamison,Darius Songaila,Dominic McGuire,JaVale McGee,Mike James,4,8:36,WAS,rebound,,,,,,,,,,,,,,,,,,
Al Horford,Marvin Williams,Maurice Evans,Ronald Murray,Zaza Pachulia,Antawn Jamison,Darius Songaila,Dominic McGuire,JaVale McGee,Mike James,4,8:36,WAS,free throw,,,,,,,2,,2,Antawn Jamison,,,foul,missed,,,,
Al Horford,Marvin Williams,Maurice Evans,Ronald Murray,Zaza Pachulia,Antawn Jamison,Darius Songaila,Dominic McGuire,JaVale McGee,Mike James,4,8:34,ATL,rebound,,,,,,,,,,Marvin Williams,,,,,,def,,
Al Horford,Marvin Williams,Maurice Evans,Ronald Murray,Zaza Pachulia,Antawn Jamison,Darius Songaila,Dominic McGuire,JaVale McGee,Mike James,4,8:15,ATL,turnover,,,,,,,,,,Ronald Murray,,,bad pass,,,,,
Al Horford,Joe Johnson,Marvin Williams,Ronald Murray,Zaza Pachulia,Antawn Jamison,Darius Songaila,Dominic McGuire,JaVale McGee,Mike James,4,8:15,ATL,sub,,,,Joe Johnson,,Maurice Evans,,,,,,,,,,,,
Al Horford,Joe Johnson,Marvin Williams,Ronald Murray,Zaza Pachulia,Antawn Jamison,Darius Songaila,Dominic McGuire,JaVale McGee,Mike James,4,8:02,WAS,turnover,,,,,,,,,,Antawn Jamison,,,bad pass,,Marvin Williams,,,
Al Horford,Joe Johnson,Marvin Williams,Ronald Murray,Zaza Pachulia,Antawn Jamison,Darius Songaila,Dominic McGuire,JaVale McGee,Mike James,4,7:58,ATL,shot,,,,,,,,,,Marvin Williams,2,,,made,,running layup,24,5
Al Horford,Joe Johnson,Marvin Williams,Ronald Murray,Zaza Pachulia,Antawn Jamison,Darius Songaila,Dominic McGuire,JaVale McGee,Mike James,4,7:58,WAS,foul,,,,,,,,Marvin Williams,,Antawn Jamison,,,,,,shooting,,
Al Horford,Joe Johnson,Marvin Williams,Mike Bibby,Zaza Pachulia,Antawn Jamison,Darius Songaila,Dominic McGuire,JaVale McGee,Mike James,4,7:58,ATL,sub,,,,Mike Bibby,,Ronald Murray,,,,,,,,,,,,
Al Horford,Joe Johnson,Marvin Williams,Mike Bibby,Zaza Pachulia,Antawn Jamison,Darius Songaila,Dominic McGuire,JaVale McGee,Mike James,4,7:58,ATL,free throw,,,,,,,1,,1,Marvin Williams,,,foul,made,,,,
Al Horford,Joe Johnson,Marvin Williams,Mike Bibby,Zaza Pachulia,Antawn Jamison,Darius Songaila,Dominic McGuire,JaVale McGee,Mike James,4,7:35,WAS,shot,,,,,,,,,,Mike James,2,,,made,,jump,17,26
Al Horford,Joe Johnson,Marvin Williams,Mike Bibby,Zaza Pachulia,Antawn Jamison,Darius Songaila,Dominic McGuire,JaVale McGee,Mike James,4,7:17,WAS,foul,,,,,,,,Zaza Pachulia,,JaVale McGee,,,,,,shooting,,
Al Horford,Joe Johnson,Marvin Williams,Mike Bibby,Zaza Pachulia,Antawn Jamison,Darius Songaila,Dominic McGuire,JaVale McGee,Mike James,4,7:17,ATL,free throw,,,,,,,1,,2,Zaza Pachulia,,,foul,made,,,,
Joe Johnson,Josh Smith,Marvin Williams,Mike Bibby,Zaza Pachulia,Antawn Jamison,Darius Songaila,Dominic McGuire,JaVale McGee,Mike James,4,7:17,ATL,sub,,,,Josh Smith,,Al Horford,,,,,,,,,,,,
Joe Johnson,Josh Smith,Marvin Williams,Mike Bibby,Zaza Pachulia,Antawn Jamison,Darius Songaila,JaVale McGee,Mike James,Nick Young,4,7:17,WAS,sub,,,,Nick Young,,Dominic McGuire,,,,,,,,,,,,
Joe Johnson,Josh Smith,Marvin Williams,Mike Bibby,Zaza Pachulia,Andray Blatche,Antawn Jamison,JaVale McGee,Mike James,Nick Young,4,7:17,WAS,sub,,,,Andray Blatche,,Darius Songaila,,,,,,,,,,,,
Joe Johnson,Josh Smith,Marvin Williams,Mike Bibby,Zaza Pachulia,Andray Blatche,Antawn Jamison,JaVale McGee,Mike James,Nick Young,4,7:17,ATL,free throw,,,,,,,2,,2,Zaza Pachulia,,,foul,made,,,,
Joe Johnson,Josh Smith,Marvin Williams,Mike Bibby,Zaza Pachulia,Andray Blatche,Antawn Jamison,JaVale McGee,Mike James,Nick Young,4,7:08,WAS,shot,,,,,,,,,,Mike James,,,,missed,,jump,16,22
Joe Johnson,Josh Smith,Marvin Williams,Mike Bibby,Zaza Pachulia,Andray Blatche,Antawn Jamison,JaVale McGee,Mike James,Nick Young,4,7:07,WAS,rebound,,,,,,,,,,,,,,,,,,
Joe Johnson,Josh Smith,Marvin Williams,Mike Bibby,Zaza Pachulia,Andray Blatche,Antawn Jamison,JaVale McGee,Mike James,Nick Young,4,6:58,ATL,foul,,,,,,,,Nick Young,,Joe Johnson,,,,,,personal,,
Joe Johnson,Josh Smith,Marvin Williams,Mike Bibby,Zaza Pachulia,Andray Blatche,Antawn Jamison,JaVale McGee,Mike James,Nick Young,4,6:54,WAS,turnover,,,,,,,,,,Mike James,,,double dribble,,,,,
Joe Johnson,Josh Smith,Marvin Williams,Mike Bibby,Zaza Pachulia,Andray Blatche,Antawn Jamison,JaVale McGee,Mike James,Nick Young,4,6:31,ATL,shot,,,,,,,,,,Joe Johnson,2,,,made,,turnaround jump,31,15
Joe Johnson,Josh Smith,Marvin Williams,Mike Bibby,Zaza Pachulia,Andray Blatche,Antawn Jamison,JaVale McGee,Mike James,Nick Young,4,6:17,WAS,shot,,,,,,,,,,JaVale McGee,2,,,made,,slam dunk,24,6
Joe Johnson,Josh Smith,Marvin Williams,Mike Bibby,Zaza Pachulia,Andray Blatche,Antawn Jamison,JaVale McGee,Mike James,Nick Young,4,5:54,ATL,shot,,,,,,,,,,Joe Johnson,2,,,made,,running jump,23,10
Joe Johnson,Josh Smith,Marvin Williams,Mike Bibby,Zaza Pachulia,Andray Blatche,Antawn Jamison,JaVale McGee,Mike James,Nick Young,4,5:42,WAS,shot,Andray Blatche,,,,,,,,,JaVale McGee,2,,,made,,running hook,23,9
Joe Johnson,Josh Smith,Marvin Williams,Mike Bibby,Zaza Pachulia,Andray Blatche,Antawn Jamison,JaVale McGee,Mike James,Nick Young,4,5:42,ATL,foul,,,,,,,,JaVale McGee,,Josh Smith,,,,,,shooting,,
Joe Johnson,Josh Smith,Marvin Williams,Mike Bibby,Zaza Pachulia,Andray Blatche,Antawn Jamison,JaVale McGee,Mike James,Nick Young,4,5:42,WAS,timeout,,,,,,,,,,,,,,,,regular,,
Al Horford,Joe Johnson,Josh Smith,Marvin Williams,Mike Bibby,Andray Blatche,Antawn Jamison,JaVale McGee,Mike James,Nick Young,4,5:42,ATL,sub,,,,Al Horford,,Zaza Pachulia,,,,,,,,,,,,
Al Horford,Joe Johnson,Josh Smith,Marvin Williams,Mike Bibby,Andray Blatche,Antawn Jamison,JaVale McGee,Mike James,Nick Young,4,5:42,WAS,free throw,,,,,,,1,,1,JaVale McGee,,,foul,made,,,,
Al Horford,Joe Johnson,Josh Smith,Marvin Williams,Mike Bibby,Andray Blatche,Antawn Jamison,JaVale McGee,Mike James,Nick Young,4,5:27,ATL,shot,Al Horford,,,,,,,,,Josh Smith,2,,,made,,hook,34,8
Al Horford,Joe Johnson,Josh Smith,Marvin Williams,Mike Bibby,Andray Blatche,Antawn Jamison,JaVale McGee,Mike James,Nick Young,4,5:05,WAS,shot,Andray Blatche,,,,,,,,,Nick Young,3,,,made,,3pt,45,24
Al Horford,Joe Johnson,Josh Smith,Marvin Williams,Mike Bibby,Andray Blatche,Antawn Jamison,JaVale McGee,Mike James,Nick Young,4,4:46,ATL,shot,,,,,,,,,,Mike Bibby,,,,missed,,3pt,14,32
Al Horford,Joe Johnson,Josh Smith,Marvin Williams,Mike Bibby,Andray Blatche,Antawn Jamison,JaVale McGee,Mike James,Nick Young,4,4:45,WAS,rebound,,,,,,,,,,Antawn Jamison,,,,,,def,,
Al Horford,Joe Johnson,Josh Smith,Marvin Williams,Mike Bibby,Andray Blatche,Antawn Jamison,JaVale McGee,Mike James,Nick Young,4,4:34,ATL,foul,,,,,,,,Antawn Jamison,,Josh Smith,,,,,,personal,,
Al Horford,Joe Johnson,Josh Smith,Marvin Williams,Mike Bibby,Andray Blatche,Antawn Jamison,JaVale McGee,Mike James,Nick Young,4,4:34,WAS,free throw,,,,,,,1,,2,Antawn Jamison,,,foul,made,,,,
Al Horford,Joe Johnson,Josh Smith,Marvin Williams,Mike Bibby,Andray Blatche,Antawn Jamison,JaVale McGee,Mike James,Nick Young,4,4:34,WAS,free throw,,,,,,,2,,2,Antawn Jamison,,,foul,made,,,,
Al Horford,Joe Johnson,Josh Smith,Marvin Williams,Mike Bibby,Andray Blatche,Antawn Jamison,JaVale McGee,Mike James,Nick Young,4,4:20,WAS,foul,,,,,,,,Joe Johnson,,Nick Young,,,,,,shooting,,
Al Horford,Joe Johnson,Josh Smith,Marvin Williams,Mike Bibby,Andray Blatche,Antawn Jamison,JaVale McGee,Mike James,Nick Young,4,4:20,ATL,free throw,,,,,,,1,,2,Joe Johnson,,,foul,made,,,,
Al Horford,Joe Johnson,Josh Smith,Marvin Williams,Mike Bibby,Andray Blatche,Antawn Jamison,JaVale McGee,Mike James,Nick Young,4,4:20,ATL,free throw,,,,,,,2,,2,Joe Johnson,,,foul,made,,,,
Al Horford,Joe Johnson,Josh Smith,Marvin Williams,Mike Bibby,Andray Blatche,Antawn Jamison,JaVale McGee,Mike James,Nick Young,4,4:09,WAS,shot,,,,,,,,,,Antawn Jamison,,,,missed,,jump,37,24
Al Horford,Joe Johnson,Josh Smith,Marvin Williams,Mike Bibby,Andray Blatche,Antawn Jamison,JaVale McGee,Mike James,Nick Young,4,4:07,ATL,rebound,,,,,,,,,,Al Horford,,,,,,def,,
Al Horford,Joe Johnson,Josh Smith,Marvin Williams,Mike Bibby,Andray Blatche,Antawn Jamison,JaVale McGee,Mike James,Nick Young,4,3:50,ATL,shot,Joe Johnson,,,,,,,,,Marvin Williams,3,,,made,,3pt,2,12
Al Horford,Joe Johnson,Josh Smith,Marvin Williams,Mike Bibby,Andray Blatche,Antawn Jamison,JaVale McGee,Mike James,Nick Young,4,3:42,WAS,timeout,,,,,,,,,,,,,,,,regular,,
Al Horford,Joe Johnson,Josh Smith,Marvin Williams,Mike Bibby,Andray Blatche,Antawn Jamison,JaVale McGee,Javaris Crittenton,Mike James,4,3:42,WAS,sub,,,,Javaris Crittenton,,Nick Young,,,,,,,,,,,,
Al Horford,Joe Johnson,Josh Smith,Marvin Williams,Mike Bibby,Antawn Jamison,Dominic McGuire,JaVale McGee,Javaris Crittenton,Mike James,4,3:42,WAS,sub,,,,Dominic McGuire,,Andray Blatche,,,,,,,,,,,,
Al Horford,Joe Johnson,Josh Smith,Marvin Williams,Mike Bibby,Antawn Jamison,Dominic McGuire,JaVale McGee,Javaris Crittenton,Mike James,4,3:20,WAS,shot,,,,,,,,,,Dominic McGuire,2,,,made,,jump,41,12
Al Horford,Joe Johnson,Josh Smith,Marvin Williams,Mike Bibby,Antawn Jamison,Dominic McGuire,JaVale McGee,Javaris Crittenton,Mike James,4,2:55,ATL,turnover,,,,,,,,,,Mike Bibby,,,bad pass,,Dominic McGuire,,,
Al Horford,Joe Johnson,Josh Smith,Marvin Williams,Mike Bibby,Antawn Jamison,Dominic McGuire,JaVale McGee,Javaris Crittenton,Mike James,4,2:50,WAS,turnover,,,,,,,,,,Dominic McGuire,,,bad pass,,Mike Bibby,,,
Al Horford,Joe Johnson,Josh Smith,Marvin Williams,Mike Bibby,Antawn Jamison,Dominic McGuire,JaVale McGee,Javaris Crittenton,Mike James,4,2:37,ATL,shot,,,JaVale McGee,,,,,,,Josh Smith,,,,missed,,jump,32,9
Al Horford,Joe Johnson,Josh Smith,Marvin Williams,Mike Bibby,Antawn Jamison,Dominic McGuire,JaVale McGee,Javaris Crittenton,Mike James,4,2:35,ATL,rebound,,,,,,,,,,Josh Smith,,,,,,off,,
Al Horford,Joe Johnson,Josh Smith,Marvin Williams,Mike Bibby,Antawn Jamison,Dominic McGuire,JaVale McGee,Javaris Crittenton,Mike James,4,2:34,WAS,foul,,,,,,,,Josh Smith,,JaVale McGee,,,,,,shooting,,
Al Horford,Joe Johnson,Josh Smith,Marvin Williams,Mike Bibby,Antawn Jamison,Dominic McGuire,JaVale McGee,Javaris Crittenton,Mike James,4,2:34,ATL,free throw,,,,,,,1,,2,Josh Smith,,,foul,missed,,,,
Al Horford,Joe Johnson,Josh Smith,Marvin Williams,Mike Bibby,Antawn Jamison,Dominic McGuire,JaVale McGee,Javaris Crittenton,Mike James,4,2:34,ATL,rebound,,,,,,,,,,,,,,,,,,
Acie Law,Al Horford,Joe Johnson,Josh Smith,Marvin Williams,Antawn Jamison,Dominic McGuire,JaVale McGee,Javaris Crittenton,Mike James,4,2:34,ATL,sub,,,,Acie Law,,Mike Bibby,,,,,,,,,,,,
Acie Law,Joe Johnson,Josh Smith,Marvin Williams,Solomon Jones,Antawn Jamison,Dominic McGuire,JaVale McGee,Javaris Crittenton,Mike James,4,2:34,ATL,sub,,,,Solomon Jones,,Al Horford,,,,,,,,,,,,
Acie Law,Joe Johnson,Josh Smith,Marvin Williams,Solomon Jones,Antawn Jamison,Dominic McGuire,JaVale McGee,Javaris Crittenton,Mike James,4,2:34,ATL,free throw,,,,,,,2,,2,Josh Smith,,,foul,missed,,,,
Acie Law,Joe Johnson,Josh Smith,Marvin Williams,Solomon Jones,Antawn Jamison,Dominic McGuire,JaVale McGee,Javaris Crittenton,Mike James,4,2:33,WAS,rebound,,,,,,,,,,JaVale McGee,,,,,,def,,
Acie Law,Joe Johnson,Josh Smith,Marvin Williams,Solomon Jones,Antawn Jamison,Dominic McGuire,JaVale McGee,Javaris Crittenton,Mike James,4,2:17,WAS,shot,,,,,,,,,,Dominic McGuire,,,,missed,,layup,25,5
Acie Law,Joe Johnson,Josh Smith,Marvin Williams,Solomon Jones,Antawn Jamison,Dominic McGuire,JaVale McGee,Javaris Crittenton,Mike James,4,2:16,WAS,rebound,,,,,,,,,,Javaris Crittenton,,,,,,off,,
Acie Law,Joe Johnson,Josh Smith,Marvin Williams,Solomon Jones,Antawn Jamison,Dominic McGuire,JaVale McGee,Javaris Crittenton,Mike James,4,2:13,WAS,shot,,,,,,,,,,Javaris Crittenton,2,,,made,,jump,40,14
Acie Law,Joe Johnson,Josh Smith,Marvin Williams,Solomon Jones,Antawn Jamison,Dominic McGuire,JaVale McGee,Javaris Crittenton,Mike James,4,1:47,ATL,shot,,,,,,,,,,Joe Johnson,,,,missed,,jump,42,9
Acie Law,Joe Johnson,Josh Smith,Marvin Williams,Solomon Jones,Antawn Jamison,Dominic McGuire,JaVale McGee,Javaris Crittenton,Mike James,4,1:46,WAS,rebound,,,,,,,,,,JaVale McGee,,,,,,def,,
Acie Law,Joe Johnson,Josh Smith,Marvin Williams,Solomon Jones,Antawn Jamison,Dominic McGuire,JaVale McGee,Javaris Crittenton,Mike James,4,1:40,WAS,shot,,,,,,,,,,Javaris Crittenton,,,,missed,,layup,26,6
Acie Law,Joe Johnson,Josh Smith,Marvin Williams,Solomon Jones,Antawn Jamison,Dominic McGuire,JaVale McGee,Javaris Crittenton,Mike James,4,1:40,WAS,rebound,,,,,,,,,,Dominic McGuire,,,,,,off,,
Acie Law,Joe Johnson,Josh Smith,Marvin Williams,Solomon Jones,Antawn Jamison,Dominic McGuire,JaVale McGee,Javaris Crittenton,Mike James,4,1:37,WAS,shot,,,Acie Law,,,,,,,Dominic McGuire,,,,missed,,layup,25,7
Acie Law,Joe Johnson,Josh Smith,Marvin Williams,Solomon Jones,Antawn Jamison,Dominic McGuire,JaVale McGee,Javaris Crittenton,Mike James,4,1:35,WAS,rebound,,,,,,,,,,Dominic McGuire,,,,,,off,,
Acie Law,Joe Johnson,Josh Smith,Marvin Williams,Solomon Jones,Antawn Jamison,Dominic McGuire,JaVale McGee,Javaris Crittenton,Mike James,4,1:33,WAS,shot,,,,,,,,,,Dominic McGuire,2,,,made,,layup,26,6
Acie Law,Joe Johnson,Josh Smith,Marvin Williams,Solomon Jones,Antawn Jamison,Dominic McGuire,JaVale McGee,Javaris Crittenton,Mike James,4,1:33,WAS,foul,,,,,,,,Acie Law,,Javaris Crittenton,,,,,,personal,,
Acie Law,Joe Johnson,Josh Smith,Marvin Williams,Solomon Jones,Antawn Jamison,Dominic McGuire,JaVale McGee,Javaris Crittenton,Mike James,4,1:33,ATL,free throw,,,,,,,1,,2,Acie Law,,,foul,made,,,,
Acie Law,Joe Johnson,Josh Smith,Marvin Williams,Solomon Jones,Antawn Jamison,Dominic McGuire,JaVale McGee,Javaris Crittenton,Mike James,4,1:33,ATL,free throw,,,,,,,2,,2,Acie Law,,,foul,made,,,,
Acie Law,Joe Johnson,Josh Smith,Marvin Williams,Solomon Jones,Antawn Jamison,Dominic McGuire,JaVale McGee,Javaris Crittenton,Mike James,4,1:24,WAS,turnover,,,,,,,,,,Antawn Jamison,,,traveling,,,,,
Acie Law,Joe Johnson,Josh Smith,Marvin Williams,Solomon Jones,Antawn Jamison,Dominic McGuire,JaVale McGee,Javaris Crittenton,Mike James,4,1:01,ATL,shot,Joe Johnson,,,,,,,,,Solomon Jones,2,,,made,,layup,26,4
Acie Law,Joe Johnson,Josh Smith,Marvin Williams,Solomon Jones,Antawn Jamison,Dominic McGuire,JaVale McGee,Javaris Crittenton,Mike James,4,0:54,WAS,shot,Javaris Crittenton,,,,,,,,,JaVale McGee,2,,,made,,reverse slam dunk,25,6
Acie Law,Joe Johnson,Josh Smith,Marvin Williams,Solomon Jones,Antawn Jamison,Dominic McGuire,JaVale McGee,Javaris Crittenton,Mike James,4,0:54,ATL,timeout,,,,,,,,,,,,,,,,short,,
Acie Law,Joe Johnson,Josh Smith,Marvin Williams,Solomon Jones,Antawn Jamison,JaVale McGee,Javaris Crittenton,Mike James,Nick Young,4,0:54,WAS,sub,,,,Nick Young,,Dominic McGuire,,,,,,,,,,,,
Acie Law,Josh Smith,Mario West,Marvin Williams,Solomon Jones,Antawn Jamison,JaVale McGee,Javaris Crittenton,Mike James,Nick Young,4,0:54,ATL,sub,,,,Mario West,,Joe Johnson,,,,,,,,,,,,
Acie Law,Mario West,Marvin Williams,Maurice Evans,Solomon Jones,Antawn Jamison,JaVale McGee,Javaris Crittenton,Mike James,Nick Young,4,0:54,ATL,sub,,,,Maurice Evans,,Josh Smith,,,,,,,,,,,,
Acie Law,Mario West,Marvin Williams,Maurice Evans,Solomon Jones,Antawn Jamison,JaVale McGee,Javaris Crittenton,Mike James,Nick Young,4,0:31,WAS,foul,,,,,,,,Solomon Jones,,JaVale McGee,,,,,,shooting,,
Acie Law,Mario West,Marvin Williams,Maurice Evans,Solomon Jones,Antawn Jamison,JaVale McGee,Javaris Crittenton,Mike James,Nick Young,4,0:31,ATL,free throw,,,,,,,1,,2,Solomon Jones,,,foul,missed,,,,
Acie Law,Mario West,Marvin Williams,Maurice Evans,Solomon Jones,Antawn Jamison,JaVale McGee,Javaris Crittenton,Mike James,Nick Young,4,0:31,ATL,rebound,,,,,,,,,,,,,,,,,,
Acie Law,Mario West,Marvin Williams,Maurice Evans,Solomon Jones,Antawn Jamison,JaVale McGee,Javaris Crittenton,Mike James,Nick Young,4,0:31,ATL,free throw,,,,,,,2,,2,Solomon Jones,,,foul,missed,,,,
Acie Law,Mario West,Marvin Williams,Maurice Evans,Solomon Jones,Antawn Jamison,JaVale McGee,Javaris Crittenton,Mike James,Nick Young,4,0:29,WAS,rebound,,,,,,,,,,JaVale McGee,,,,,,def,,
Acie Law,Mario West,Marvin Williams,Maurice Evans,Solomon Jones,Antawn Jamison,JaVale McGee,Javaris Crittenton,Mike James,Nick Young,4,0:21,WAS,shot,,,,,,,,,,Mike James,,,,missed,,3pt,5,24
Acie Law,Mario West,Marvin Williams,Maurice Evans,Solomon Jones,Antawn Jamison,JaVale McGee,Javaris Crittenton,Mike James,Nick Young,4,0:20,WAS,rebound,,,,,,,,,,,,,,,,,,
Acie Law,Mario West,Marvin Williams,Maurice Evans,Solomon Jones,Antawn Jamison,JaVale McGee,Javaris Crittenton,Mike James,Nick Young,4,0:18,ATL,foul,,,,,,,,Antawn Jamison,,Marvin Williams,,,,,,shooting,,
Acie Law,Mario West,Marvin Williams,Maurice Evans,Solomon Jones,Antawn Jamison,JaVale McGee,Javaris Crittenton,Mike James,Nick Young,4,0:18,WAS,free throw,,,,,,,1,,2,Antawn Jamison,,,foul,made,,,,
Acie Law,Mario West,Maurice Evans,Randolph Morris,Solomon Jones,Antawn Jamison,JaVale McGee,Javaris Crittenton,Mike James,Nick Young,4,0:18,ATL,sub,,,,Randolph Morris,,Marvin Williams,,,,,,,,,,,,
Acie Law,Mario West,Maurice Evans,Randolph Morris,Solomon Jones,Antawn Jamison,JaVale McGee,Javaris Crittenton,Mike James,Nick Young,4,0:18,WAS,free throw,,,,,,,2,,2,Antawn Jamison,,,foul,made,,,,
