a1,a2,a3,a4,a5,h1,h2,h3,h4,h5,period,time,team,etype,assist,away,block,entered,home,left,num,opponent,outof,player,points,possession,reason,result,steal,type,x,y
Manu Ginobili,Matt Bonner,Michael Finley,Tim Duncan,Tony Parker,Darnell Jackson,Delonte West,LeBron James,Mo Williams,Zydrunas Ilgauskas,1,12:00,OFF,jump ball,,Tim Duncan,,,Zydrunas Ilgauskas,,,,,,,Delonte West,,,,,,
Manu Ginobili,Matt Bonner,Michael Finley,Tim Duncan,Tony Parker,Darnell Jackson,Delonte West,LeBron James,Mo Williams,Zydrunas Ilgauskas,1,11:43,CLE,shot,,,,,,,,,,LeBron James,,,,missed,,jump,41,19
Manu Ginobili,Matt Bonner,Michael Finley,Tim Duncan,Tony Parker,Darnell Jackson,Delonte West,LeBron James,Mo Williams,Zydrunas Ilgauskas,1,11:41,SAS,rebound,,,,,,,,,,Manu Ginobili,,,,,,def,,
Manu Ginobili,Matt Bonner,Michael Finley,Tim Duncan,Tony Parker,Darnell Jackson,Delonte West,LeBron James,Mo Williams,Zydrunas Ilgauskas,1,11:27,SAS,shot,Manu Ginobili,,,,,,,,,Tim Duncan,2,,,made,,layup,24,5
Manu Ginobili,Matt Bonner,Michael Finley,Tim Duncan,Tony Parker,Darnell Jackson,Delonte West,LeBron James,Mo Williams,Zydrunas Ilgauskas,1,11:05,CLE,shot,,,,,,,,,,Zydrunas Ilgauskas,,,,missed,,jump,44,12
Manu Ginobili,Matt Bonner,Michael Finley,Tim Duncan,Tony Parker,Darnell Jackson,Delonte West,LeBron James,Mo Williams,Zydrunas Ilgauskas,1,11:04,SAS,rebound,,,,,,,,,,Tim Duncan,,,,,,def,,
Manu Ginobili,Matt Bonner,Michael Finley,Tim Duncan,Tony Parker,Darnell Jackson,Delonte West,LeBron James,Mo Williams,Zydrunas Ilgauskas,1,10:51,SAS,shot,,,,,,,,,,Manu Ginobili,,,,missed,,3pt,40,27
Manu Ginobili,Matt Bonner,Michael Finley,Tim Duncan,Tony Parker,Darnell Jackson,Delonte West,LeBron James,Mo Williams,Zydrunas Ilgauskas,1,10:49,CLE,rebound,,,,,,,,,,Zydrunas Ilgauskas,,,,,,def,,
Manu Ginobili,Matt Bonner,Michael Finley,Tim Duncan,Tony Parker,Darnell Jackson,Delonte West,LeBron James,Mo Williams,Zydrunas Ilgauskas,1,10:31,CLE,shot,,,,,,,,,,Delonte West,2,,,made,,jump,18,22
Manu Ginobili,Matt Bonner,Michael Finley,Tim Duncan,Tony Parker,Darnell Jackson,Delonte West,LeBron James,Mo Williams,Zydrunas Ilgauskas,1,10:11,SAS,shot,,,,,,,,,,Tony Parker,2,,,made,,running jump,18,11
Manu Ginobili,Matt Bonner,Michael Finley,Tim Duncan,Tony Parker,Darnell Jackson,Delonte West,LeBron James,Mo Williams,Zydrunas Ilgauskas,1,10:11,CLE,foul,,,,,,,,Tony Parker,,Mo Williams,,,,,,shooting,,
Manu Ginobili,Matt Bonner,Michael Finley,Tim Duncan,Tony Parker,Darnell Jackson,Delonte West,LeBron James,Mo Williams,Zydrunas Ilgauskas,1,10:11,SAS,free throw,,,,,,,1,,1,Tony Parker,,,foul,made,,,,
Manu Ginobili,Matt Bonner,Michael Finley,Tim Duncan,Tony Parker,Darnell Jackson,Delonte West,LeBron James,Mo Williams,Zydrunas Ilgauskas,1,9:49,CLE,shot,,,,,,,,,,Delonte West,,,,missed,,jump,13,20
Manu Ginobili,Matt Bonner,Michael Finley,Tim Duncan,Tony Parker,Darnell Jackson,Delonte West,LeBron James,Mo Williams,Zydrunas Ilgauskas,1,9:49,SAS,rebound,,,,,,,,,,,,,,,,,,
Manu Ginobili,Matt Bonner,Michael Finley,Tim Duncan,Tony Parker,Darnell Jackson,Delonte West,LeBron James,Mo Williams,Zydrunas Ilgauskas,1,9:37,CLE,foul,,,,,,,,Tim Duncan,,Darnell Jackson,,,,,,shooting,,
Manu Ginobili,Matt Bonner,Michael Finley,Tim Duncan,Tony Parker,Darnell Jackson,Delonte West,LeBron James,Mo Williams,Zydrunas Ilgauskas,1,9:37,SAS,free throw,,,,,,,1,,2,Tim Duncan,,,foul,made,,,,
Manu Ginobili,Matt Bonner,Michael Finley,Tim Duncan,Tony Parker,Darnell Jackson,Delonte West,LeBron James,Mo Williams,Zydrunas Ilgauskas,1,9:37,SAS,free throw,,,,,,,2,,2,Tim Duncan,,,foul,made,,,,
Manu Ginobili,Matt Bonner,Michael Finley,Tim Duncan,Tony Parker,Darnell Jackson,Delonte West,LeBron James,Mo Williams,Zydrunas Ilgauskas,1,9:34,SAS,foul,,,,,,,,Darnell Jackson,,Matt Bonner,,,,,,shooting,,
Manu Ginobili,Matt Bonner,Michael Finley,Tim Duncan,Tony Parker,Darnell Jackson,Delonte West,LeBron James,Mo Williams,Zydrunas Ilgauskas,1,9:34,CLE,free throw,,,,,,,1,,2,Darnell Jackson,,,foul,made,,,,
Manu Ginobili,Matt Bonner,Michael Finley,Tim Duncan,Tony Parker,Darnell Jackson,Delonte West,LeBron James,Mo Williams,Zydrunas Ilgauskas,1,9:34,CLE,free throw,,,,,,,2,,2,Darnell Jackson,,,foul,made,,,,
Manu Ginobili,Matt Bonner,Michael Finley,Tim Duncan,Tony Parker,Darnell Jackson,Delonte West,LeBron James,Mo Williams,Zydrunas Ilgauskas,1,9:24,SAS,shot,,,,,,,,,,Michael Finley,,,,missed,,jump,42,9
Manu Ginobili,Matt Bonner,Michael Finley,Tim Duncan,Tony Parker,Darnell Jackson,Delonte West,LeBron James,Mo Williams,Zydrunas Ilgauskas,1,9:23,SAS,shot,,,,,,,,,,Matt Bonner,2,,,made,,tip,25,5
Manu Ginobili,Matt Bonner,Michael Finley,Tim Duncan,Tony Parker,Darnell Jackson,Delonte West,LeBron James,Mo Williams,Zydrunas Ilgauskas,1,9:23,SAS,rebound,,,,,,,,,,Matt Bonner,,,,,,off,,
Manu Ginobili,Matt Bonner,Michael Finley,Tim Duncan,Tony Parker,Darnell Jackson,Delonte West,LeBron James,Mo Williams,Zydrunas Ilgauskas,1,9:04,CLE,shot,,,,,,,,,,Delonte West,,,,missed,,running layup,24,7
Manu Ginobili,Matt Bonner,Michael Finley,Tim Duncan,Tony Parker,Darnell Jackson,Delonte West,LeBron James,Mo Williams,Zydrunas Ilgauskas,1,9:03,CLE,rebound,,,,,,,,,,Darnell Jackson,,,,,,off,,
Manu Ginobili,Matt Bonner,Michael Finley,Tim Duncan,Tony Parker,Darnell Jackson,Delonte West,LeBron James,Mo Williams,Zydrunas Ilgauskas,1,9:01,CLE,shot,,,,,,,,,,Darnell Jackson,,,,missed,,tip,25,6
Manu Ginobili,Matt Bonner,Michael Finley,Tim Duncan,Tony Parker,Darnell Jackson,Delonte West,LeBron James,Mo Williams,Zydrunas Ilgauskas,1,8:57,SAS,rebound,,,,,,,,,,Tim Duncan,,,,,,def,,
Manu Ginobili,Matt Bonner,Michael Finley,Tim Duncan,Tony Parker,Darnell Jackson,Delonte West,LeBron James,Mo Williams,Zydrunas Ilgauskas,1,8:46,SAS,shot,,,,,,,,,,Matt Bonner,,,,missed,,running jump,20,9
Manu Ginobili,Matt Bonner,Michael Finley,Tim Duncan,Tony Parker,Darnell Jackson,Delonte West,LeBron James,Mo Williams,Zydrunas Ilgauskas,1,8:44,CLE,rebound,,,,,,,,,,Delonte West,,,,,,def,,
Manu Ginobili,Matt Bonner,Michael Finley,Tim Duncan,Tony Parker,Darnell Jackson,Delonte West,LeBron James,Mo Williams,Zydrunas Ilgauskas,1,8:42,SAS,foul,,,,,,,,LeBron James,,Tim Duncan,,,,,,shooting,,
Manu Ginobili,Matt Bonner,Michael Finley,Tim Duncan,Tony Parker,Darnell Jackson,Delonte West,LeBron James,Mo Williams,Zydrunas Ilgauskas,1,8:42,CLE,free throw,,,,,,,1,,2,LeBron James,,,foul,made,,,,
Manu Ginobili,Matt Bonner,Michael Finley,Tim Duncan,Tony Parker,Darnell Jackson,Delonte West,LeBron James,Mo Williams,Zydrunas Ilgauskas,1,8:42,CLE,free throw,,,,,,,2,,2,LeBron James,,,foul,made,,,,
Manu Ginobili,Matt Bonner,Michael Finley,Tim Duncan,Tony Parker,Darnell Jackson,Delonte West,LeBron James,Mo Williams,Zydrunas Ilgauskas,1,8:25,SAS,shot,,,Zydrunas Ilgauskas,,,,,,,Tim Duncan,,,,missed,,jump,29,25
Manu Ginobili,Matt Bonner,Michael Finley,Tim Duncan,Tony Parker,Darnell Jackson,Delonte West,LeBron James,Mo Williams,Zydrunas Ilgauskas,1,8:24,CLE,rebound,,,,,,,,,,LeBron James,,,,,,def,,
Manu Ginobili,Matt Bonner,Michael Finley,Tim Duncan,Tony Parker,Darnell Jackson,Delonte West,LeBron James,Mo Williams,Zydrunas Ilgauskas,1,8:13,CLE,turnover,,,,,,,,,,LeBron James,,,lost ball,,Manu Ginobili,,,
Manu Ginobili,Matt Bonner,Michael Finley,Tim Duncan,Tony Parker,Darnell Jackson,Delonte West,LeBron James,Mo Williams,Zydrunas Ilgauskas,1,8:08,SAS,shot,Michael Finley,,,,,,,,,Tony Parker,2,,,made,,layup,25,7
Manu Ginobili,Matt Bonner,Michael Finley,Tim Duncan,Tony Parker,Darnell Jackson,Delonte West,LeBron James,Mo Williams,Zydrunas Ilgauskas,1,7:51,CLE,shot,,,,,,,,,,LeBron James,2,,,made,,jump,41,15
Manu Ginobili,Matt Bonner,Michael Finley,Tim Duncan,Tony Parker,Darnell Jackson,Delonte West,LeBron James,Mo Williams,Zydrunas Ilgauskas,1,7:26,SAS,shot,,,,,,,,,,Tim Duncan,,,,missed,,jump bank,41,17
Manu Ginobili,Matt Bonner,Michael Finley,Tim Duncan,Tony Parker,Darnell Jackson,Delonte West,LeBron James,Mo Williams,Zydrunas Ilgauskas,1,7:24,CLE,rebound,,,,,,,,,,Delonte West,,,,,,def,,
Manu Ginobili,Matt Bonner,Michael Finley,Tim Duncan,Tony Parker,Darnell Jackson,Delonte West,LeBron James,Mo Williams,Zydrunas Ilgauskas,1,7:16,CLE,shot,,,,,,,,,,Mo Williams,,,,missed,,3pt,38,29
Manu Ginobili,Matt Bonner,Michael Finley,Tim Duncan,Tony Parker,Darnell Jackson,Delonte West,LeBron James,Mo Williams,Zydrunas Ilgauskas,1,7:15,CLE,rebound,,,,,,,,,,Darnell Jackson,,,,,,off,,
Manu Ginobili,Matt Bonner,Michael Finley,Tim Duncan,Tony Parker,Darnell Jackson,Delonte West,LeBron James,Mo Williams,Zydrunas Ilgauskas,1,7:04,CLE,shot,,,,,,,,,,LeBron James,2,,,made,,jump hook,26,14
Manu Ginobili,Matt Bonner,Michael Finley,Tim Duncan,Tony Parker,Darnell Jackson,Delonte West,LeBron James,Mo Williams,Zydrunas Ilgauskas,1,6:49,SAS,turnover,,,,,,,,,,Michael Finley,,,bad pass,,,,,
Manu Ginobili,Matt Bonner,Michael Finley,Tim Duncan,Tony Parker,Darnell Jackson,Delonte West,LeBron James,Mo Williams,Zydrunas Ilgauskas,1,6:40,CLE,shot,Mo Williams,,,,,,,,,LeBron James,2,,,made,,layup,26,7
Manu Ginobili,Matt Bonner,Michael Finley,Tim Duncan,Tony Parker,Darnell Jackson,Delonte West,LeBron James,Mo Williams,Zydrunas Ilgauskas,1,6:23,SAS,shot,Tony Parker,,,,,,,,,Matt Bonner,3,,,made,,3pt,49,6
Manu Ginobili,Matt Bonner,Michael Finley,Tim Duncan,Tony Parker,Darnell Jackson,Delonte West,LeBron James,Mo Williams,Zydrunas Ilgauskas,1,6:03,CLE,shot,,,,,,,,,,LeBron James,2,,,made,,jump,41,16
Manu Ginobili,Matt Bonner,Michael Finley,Tim Duncan,Tony Parker,Darnell Jackson,Delonte West,LeBron James,Mo Williams,Zydrunas Ilgauskas,1,5:52,CLE,foul,,,,,,,,Tony Parker,,Darnell Jackson,,,,,,shooting,,
Manu Ginobili,Matt Bonner,Michael Finley,Tim Duncan,Tony Parker,Darnell Jackson,Delonte West,LeBron James,Mo Williams,Zydrunas Ilgauskas,1,5:52,CLE,timeout,,,,,,,,,,,,,,,,regular,,
Manu Ginobili,Matt Bonner,Michael Finley,Tim Duncan,Tony Parker,Darnell Jackson,Delonte West,LeBron James,Mo Williams,Zydrunas Ilgauskas,1,5:52,SAS,free throw,,,,,,,1,,2,Tony Parker,,,foul,missed,,,,
Manu Ginobili,Matt Bonner,Michael Finley,Tim Duncan,Tony Parker,Darnell Jackson,Delonte West,LeBron James,Mo Williams,Zydrunas Ilgauskas,1,5:52,SAS,rebound,,,,,,,,,,,,,,,,,,
Manu Ginobili,Matt Bonner,Michael Finley,Tim Duncan,Tony Parker,Darnell Jackson,Delonte West,LeBron James,Mo Williams,Zydrunas Ilgauskas,1,5:52,SAS,free throw,,,,,,,2,,2,Tony Parker,,,foul,made,,,,
Manu Ginobili,Matt Bonner,Michael Finley,Tim Duncan,Tony Parker,Darnell Jackson,Delonte West,LeBron James,Mo Williams,Zydrunas Ilgauskas,1,5:29,CLE,shot,,,,,,,,,,LeBron James,2,,,made,,jump bank,41,15
Manu Ginobili,Matt Bonner,Michael Finley,Tim Duncan,Tony Parker,Darnell Jackson,Delonte West,LeBron James,Mo Williams,Zydrunas Ilgauskas,1,5:17,SAS,shot,,,,,,,,,,Michael Finley,,,,missed,,3pt,2,12
Manu Ginobili,Matt Bonner,Michael Finley,Tim Duncan,Tony Parker,Darnell Jackson,Delonte West,LeBron James,Mo Williams,Zydrunas Ilgauskas,1,5:16,SAS,rebound,,,,,,,,,,Manu Ginobili,,,,,,off,,
Manu Ginobili,Matt Bonner,Michael Finley,Tim Duncan,Tony Parker,Delonte West,Joe Smith,LeBron James,Mo Williams,Zydrunas Ilgauskas,1,5:12,CLE,sub,,,,Joe Smith,,Darnell Jackson,,,,,,,,,,,,
Manu Ginobili,Matt Bonner,Michael Finley,Tim Duncan,Tony Parker,Daniel Gibson,Joe Smith,LeBron James,Mo Williams,Zydrunas Ilgauskas,1,5:12,CLE,sub,,,,Daniel Gibson,,Delonte West,,,,,,,,,,,,
Manu Ginobili,Matt Bonner,Michael Finley,Tim Duncan,Tony Parker,Daniel Gibson,Joe Smith,LeBron James,Mo Williams,Zydrunas Ilgauskas,1,5:12,OFF,jump ball,,Michael Finley,,,LeBron James,,,,,,,Zydrunas Ilgauskas,,,,,,
Manu Ginobili,Matt Bonner,Michael Finley,Tim Duncan,Tony Parker,Daniel Gibson,Joe Smith,LeBron James,Mo Williams,Zydrunas Ilgauskas,1,5:12,SAS,turnover,,,,,,,,,,Michael Finley,,,lost ball,,LeBron James,,,
Manu Ginobili,Matt Bonner,Michael Finley,Tim Duncan,Tony Parker,Daniel Gibson,Joe Smith,LeBron James,Mo Williams,Zydrunas Ilgauskas,1,4:54,CLE,shot,,,,,,,,,,LeBron James,2,,,made,,turnaround fade away,14,16
Manu Ginobili,Matt Bonner,Michael Finley,Tim Duncan,Tony Parker,Daniel Gibson,Joe Smith,LeBron James,Mo Williams,Zydrunas Ilgauskas,1,4:29,SAS,shot,,,,,,,,,,Tony Parker,2,,,made,,jump,8,13
Manu Ginobili,Matt Bonner,Michael Finley,Tim Duncan,Tony Parker,Daniel Gibson,Joe Smith,LeBron James,Mo Williams,Zydrunas Ilgauskas,1,4:14,CLE,shot,LeBron James,,,,,,,,,Mo Williams,3,,,made,,3pt,38,27
Manu Ginobili,Matt Bonner,Michael Finley,Tim Duncan,Tony Parker,Daniel Gibson,Joe Smith,LeBron James,Mo Williams,Zydrunas Ilgauskas,1,4:03,SAS,timeout,,,,,,,,,,,,,,,,regular,,
Manu Ginobili,Matt Bonner,Roger Mason,Tim Duncan,Tony Parker,Daniel Gibson,Joe Smith,LeBron James,Mo Williams,Zydrunas Ilgauskas,1,4:03,SAS,sub,,,,Roger Mason,,Michael Finley,,,,,,,,,,,,
Kurt Thomas,Manu Ginobili,Roger Mason,Tim Duncan,Tony Parker,Daniel Gibson,Joe Smith,LeBron James,Mo Williams,Zydrunas Ilgauskas,1,4:03,SAS,sub,,,,Kurt Thomas,,Matt Bonner,,,,,,,,,,,,
Kurt Thomas,Manu Ginobili,Roger Mason,Tim Duncan,Tony Parker,Daniel Gibson,Joe Smith,LeBron James,Mo Williams,Zydrunas Ilgauskas,1,3:55,SAS,shot,,,,,,,,,,Manu Ginobili,2,,,made,,driving layup,25,8
Kurt Thomas,Manu Ginobili,Roger Mason,Tim Duncan,Tony Parker,Daniel Gibson,Joe Smith,LeBron James,Mo Williams,Zydrunas Ilgauskas,1,3:40,SAS,foul,,,,,,,,LeBron James,,Manu Ginobili,,,,,,shooting,,
Kurt Thomas,Manu Ginobili,Roger Mason,Tim Duncan,Tony Parker,Daniel Gibson,Joe Smith,LeBron James,Mo Williams,Wally Szczerbiak,1,3:40,CLE,sub,,,,Wally Szczerbiak,,Zydrunas Ilgauskas,,,,,,,,,,,,
Kurt Thomas,Manu Ginobili,Roger Mason,Tim Duncan,Tony Parker,Daniel Gibson,Joe Smith,LeBron James,Sasha Pavlovic,Wally Szczerbiak,1,3:40,CLE,sub,,,,Sasha Pavlovic,,Mo Williams,,,,,,,,,,,,
Kurt Thomas,Manu Ginobili,Roger Mason,Tim Duncan,Tony Parker,Daniel Gibson,Joe Smith,LeBron James,Sasha Pavlovic,Wally Szczerbiak,1,3:40,CLE,free throw,,,,,,,1,,2,LeBron James,,,foul,made,,,,
Kurt Thomas,Manu Ginobili,Roger Mason,Tim Duncan,Tony Parker,Daniel Gibson,Joe Smith,LeBron James,Sasha Pavlovic,Wally Szczerbiak,1,3:40,CLE,free throw,,,,,,,2,,2,LeBron James,,,foul,made,,,,
Kurt Thomas,Manu Ginobili,Roger Mason,Tim Duncan,Tony Parker,Daniel Gibson,Joe Smith,LeBron James,Sasha Pavlovic,Wally Szczerbiak,1,3:25,SAS,shot,,,,,,,,,,Tony Parker,,,,missed,,driving layup,25,9
Kurt Thomas,Manu Ginobili,Roger Mason,Tim Duncan,Tony Parker,Daniel Gibson,Joe Smith,LeBron James,Sasha Pavlovic,Wally Szczerbiak,1,3:24,CLE,rebound,,,,,,,,,,LeBron James,,,,,,def,,
Kurt Thomas,Manu Ginobili,Roger Mason,Tim Duncan,Tony Parker,Daniel Gibson,Joe Smith,LeBron James,Sasha Pavlovic,Wally Szczerbiak,1,3:16,CLE,shot,,,,,,,,,,Sasha Pavlovic,,,,missed,,3pt,42,26
Kurt Thomas,Manu Ginobili,Roger Mason,Tim Duncan,Tony Parker,Daniel Gibson,Joe Smith,LeBron James,Sasha Pavlovic,Wally Szczerbiak,1,3:15,SAS,rebound,,,,,,,,,,Tim Duncan,,,,,,def,,
Kurt Thomas,Manu Ginobili,Roger Mason,Tim Duncan,Tony Parker,Daniel Gibson,Joe Smith,LeBron James,Sasha Pavlovic,Wally Szczerbiak,1,2:55,SAS,shot,Roger Mason,,,,,,,,,Tim Duncan,2,,,made,,jump hook,27,15
Kurt Thomas,Manu Ginobili,Roger Mason,Tim Duncan,Tony Parker,Daniel Gibson,Joe Smith,LeBron James,Sasha Pavlovic,Wally Szczerbiak,1,2:34,CLE,shot,,,,,,,,,,LeBron James,,,,missed,,jump,5,15
Kurt Thomas,Manu Ginobili,Roger Mason,Tim Duncan,Tony Parker,Daniel Gibson,Joe Smith,LeBron James,Sasha Pavlovic,Wally Szczerbiak,1,2:33,SAS,rebound,,,,,,,,,,Kurt Thomas,,,,,,def,,
Kurt Thomas,Manu Ginobili,Roger Mason,Tim Duncan,Tony Parker,Daniel Gibson,Joe Smith,LeBron James,Sasha Pavlovic,Wally Szczerbiak,1,2:17,SAS,foul,,,,,,,,Wally Szczerbiak,,Kurt Thomas,,,,,,offensive,,
Kurt Thomas,Manu Ginobili,Roger Mason,Tim Duncan,Tony Parker,Daniel Gibson,Joe Smith,LeBron James,Sasha Pavlovic,Wally Szczerbiak,1,2:17,SAS,turnover,,,,,,,,,,Kurt Thomas,,,foul,,,,,
Kurt Thomas,Manu Ginobili,Roger Mason,Tim Duncan,Tony Parker,Daniel Gibson,Joe Smith,LeBron James,Sasha Pavlovic,Wally Szczerbiak,1,1:57,CLE,shot,,,,,,,,,,Daniel Gibson,,,,missed,,running layup,24,6
Kurt Thomas,Manu Ginobili,Roger Mason,Tim Duncan,Tony Parker,Daniel Gibson,Joe Smith,LeBron James,Sasha Pavlovic,Wally Szczerbiak,1,1:55,SAS,rebound,,,,,,,,,,Kurt Thomas,,,,,,def,,
Kurt Thomas,Manu Ginobili,Roger Mason,Tim Duncan,Tony Parker,Daniel Gibson,Joe Smith,LeBron James,Sasha Pavlovic,Wally Szczerbiak,1,1:39,SAS,shot,,,,,,,,,,Manu Ginobili,,,,missed,,3pt,49,13
Kurt Thomas,Manu Ginobili,Roger Mason,Tim Duncan,Tony Parker,Daniel Gibson,Joe Smith,LeBron James,Sasha Pavlovic,Wally Szczerbiak,1,1:37,CLE,rebound,,,,,,,,,,Wally Szczerbiak,,,,,,def,,
Kurt Thomas,Manu Ginobili,Roger Mason,Tim Duncan,Tony Parker,Daniel Gibson,Joe Smith,LeBron James,Sasha Pavlovic,Wally Szczerbiak,1,1:28,SAS,foul,,,,,,,,LeBron James,,Roger Mason,,,,,,shooting,,
Drew Gooden,Kurt Thomas,Manu Ginobili,Roger Mason,Tony Parker,Daniel Gibson,Joe Smith,LeBron James,Sasha Pavlovic,Wally Szczerbiak,1,1:28,SAS,sub,,,,Drew Gooden,,Tim Duncan,,,,,,,,,,,,
Drew Gooden,Kurt Thomas,Michael Finley,Roger Mason,Tony Parker,Daniel Gibson,Joe Smith,LeBron James,Sasha Pavlovic,Wally Szczerbiak,1,1:28,SAS,sub,,,,Michael Finley,,Manu Ginobili,,,,,,,,,,,,
Drew Gooden,Kurt Thomas,Michael Finley,Roger Mason,Tony Parker,Daniel Gibson,Joe Smith,LeBron James,Sasha Pavlovic,Wally Szczerbiak,1,1:28,CLE,free throw,,,,,,,1,,2,LeBron James,,,foul,made,,,,
Drew Gooden,Kurt Thomas,Michael Finley,Roger Mason,Tony Parker,Daniel Gibson,Joe Smith,LeBron James,Sasha Pavlovic,Wally Szczerbiak,1,1:28,CLE,free throw,,,,,,,2,,2,LeBron James,,,foul,made,,,,
Drew Gooden,Kurt Thomas,Michael Finley,Roger Mason,Tony Parker,Daniel Gibson,Joe Smith,LeBron James,Sasha Pavlovic,Wally Szczerbiak,1,1:16,SAS,shot,,,,,,,,,,Tony Parker,2,,,made,,layup,25,6
Drew Gooden,Kurt Thomas,Michael Finley,Roger Mason,Tony Parker,Daniel Gibson,Joe Smith,LeBron James,Sasha Pavlovic,Wally Szczerbiak,1,1:16,CLE,foul,,,,,,,,Tony Parker,,Daniel Gibson,,,,,,shooting,,
Drew Gooden,Kurt Thomas,Michael Finley,Roger Mason,Tony Parker,Daniel Gibson,Joe Smith,LeBron James,Sasha Pavlovic,Wally Szczerbiak,1,1:16,SAS,free throw,,,,,,,1,,1,Tony Parker,,,foul,made,,,,
Drew Gooden,Kurt Thomas,Michael Finley,Roger Mason,Tony Parker,Daniel Gibson,Joe Smith,LeBron James,Sasha Pavlovic,Wally Szczerbiak,1,1:03,SAS,foul,,,,,,,,Joe Smith,,Tony Parker,,,,,,personal,,
Drew Gooden,Kurt Thomas,Michael Finley,Roger Mason,Tony Parker,Daniel Gibson,Joe Smith,LeBron James,Sasha Pavlovic,Wally Szczerbiak,1,1:03,CLE,free throw,,,,,,,1,,2,Joe Smith,,,foul,made,,,,
Drew Gooden,Kurt Thomas,Michael Finley,Roger Mason,Tony Parker,Daniel Gibson,Joe Smith,LeBron James,Sasha Pavlovic,Wally Szczerbiak,1,1:03,CLE,free throw,,,,,,,2,,2,Joe Smith,,,foul,missed,,,,
Drew Gooden,Kurt Thomas,Michael Finley,Roger Mason,Tony Parker,Daniel Gibson,Joe Smith,LeBron James,Sasha Pavlovic,Wally Szczerbiak,1,1:02,CLE,rebound,,,,,,,,,,Wally Szczerbiak,,,,,,off,,
Drew Gooden,Kurt Thomas,Michael Finley,Roger Mason,Tony Parker,Daniel Gibson,Joe Smith,LeBron James,Sasha Pavlovic,Wally Szczerbiak,1,0:49,CLE,shot,,,,,,,,,,LeBron James,,,,missed,,3pt,48,16
Drew Gooden,Kurt Thomas,Michael Finley,Roger Mason,Tony Parker,Daniel Gibson,Joe Smith,LeBron James,Sasha Pavlovic,Wally Szczerbiak,1,0:49,CLE,rebound,,,,,,,,,,,,,,,,,,
Drew Gooden,Kurt Thomas,Michael Finley,Roger Mason,Tony Parker,Daniel Gibson,Joe Smith,LeBron James,Sasha Pavlovic,Wally Szczerbiak,1,0:40,CLE,shot,Wally Szczerbiak,,,,,,,,,Joe Smith,2,,,made,,layup,25,7
Drew Gooden,Kurt Thomas,Michael Finley,Roger Mason,Tony Parker,Daniel Gibson,Joe Smith,LeBron James,Sasha Pavlovic,Wally Szczerbiak,1,0:31,SAS,shot,,,,,,,,,,Tony Parker,2,,,made,,jump,29,25
Drew Gooden,Kurt Thomas,Michael Finley,Roger Mason,Tony Parker,Daniel Gibson,Joe Smith,LeBron James,Sasha Pavlovic,Wally Szczerbiak,1,0:13,CLE,foul,,,,,,,,Kurt Thomas,,Sasha Pavlovic,,,,,,offensive,,
Drew Gooden,Kurt Thomas,Michael Finley,Roger Mason,Tony Parker,Daniel Gibson,Joe Smith,LeBron James,Sasha Pavlovic,Wally Szczerbiak,1,0:13,CLE,turnover,,,,,,,,,,Sasha Pavlovic,,,foul,,,,,
Drew Gooden,Kurt Thomas,Michael Finley,Roger Mason,Tony Parker,Daniel Gibson,Joe Smith,LeBron James,Sasha Pavlovic,Wally Szczerbiak,1,0:03,CLE,foul,,,,,,,,Tony Parker,,Daniel Gibson,,,,,,personal,,
Drew Gooden,Kurt Thomas,Michael Finley,Roger Mason,Tony Parker,Daniel Gibson,Joe Smith,LeBron James,Sasha Pavlovic,Wally Szczerbiak,1,0:03,SAS,free throw,,,,,,,1,,2,Tony Parker,,,foul,made,,,,
Drew Gooden,George Hill,Michael Finley,Roger Mason,Tony Parker,Daniel Gibson,Joe Smith,LeBron James,Sasha Pavlovic,Wally Szczerbiak,1,0:03,SAS,sub,,,,George Hill,,Kurt Thomas,,,,,,,,,,,,
Drew Gooden,George Hill,Michael Finley,Roger Mason,Tony Parker,Daniel Gibson,Joe Smith,LeBron James,Sasha Pavlovic,Wally Szczerbiak,1,0:03,SAS,free throw,,,,,,,2,,2,Tony Parker,,,foul,missed,,,,
Drew Gooden,George Hill,Michael Finley,Roger Mason,Tony Parker,Daniel Gibson,Joe Smith,LeBron James,Sasha Pavlovic,Wally Szczerbiak,1,0:01,CLE,rebound,,,,,,,,,,LeBron James,,,,,,def,,
Drew Gooden,Jacque Vaughn,Kurt Thomas,Manu Ginobili,Roger Mason,Daniel Gibson,Delonte West,Joe Smith,Mo Williams,Zydrunas Ilgauskas,2,11:45,CLE,foul,,,,,,,,Manu Ginobili,,Joe Smith,,,,,,personal,,
Drew Gooden,Jacque Vaughn,Kurt Thomas,Manu Ginobili,Roger Mason,Daniel Gibson,Delonte West,Joe Smith,Mo Williams,Zydrunas Ilgauskas,2,11:39,SAS,shot,,,,,,,,,,Manu Ginobili,,,,missed,,3pt,35,29
Drew Gooden,Jacque Vaughn,Kurt Thomas,Manu Ginobili,Roger Mason,Daniel Gibson,Delonte West,Joe Smith,Mo Williams,Zydrunas Ilgauskas,2,11:38,SAS,rebound,,,,,,,,,,Drew Gooden,,,,,,off,,
Drew Gooden,Jacque Vaughn,Kurt Thomas,Manu Ginobili,Roger Mason,Daniel Gibson,Delonte West,Joe Smith,Mo Williams,Zydrunas Ilgauskas,2,11:23,SAS,shot,,,Joe Smith,,,,,,,Manu Ginobili,,,,missed,,layup,24,7
Drew Gooden,Jacque Vaughn,Kurt Thomas,Manu Ginobili,Roger Mason,Daniel Gibson,Delonte West,Joe Smith,Mo Williams,Zydrunas Ilgauskas,2,11:21,CLE,rebound,,,,,,,,,,Zydrunas Ilgauskas,,,,,,def,,
Drew Gooden,Jacque Vaughn,Kurt Thomas,Manu Ginobili,Roger Mason,Daniel Gibson,Delonte West,Joe Smith,Mo Williams,Zydrunas Ilgauskas,2,11:21,SAS,foul,,,,,,,,Zydrunas Ilgauskas,,Manu Ginobili,,,,,,personal,,
Drew Gooden,Jacque Vaughn,Manu Ginobili,Roger Mason,Tim Duncan,Daniel Gibson,Delonte West,Joe Smith,Mo Williams,Zydrunas Ilgauskas,2,11:21,SAS,sub,,,,Tim Duncan,,Kurt Thomas,,,,,,,,,,,,
Drew Gooden,Jacque Vaughn,Manu Ginobili,Roger Mason,Tim Duncan,Daniel Gibson,Delonte West,Joe Smith,Mo Williams,Zydrunas Ilgauskas,2,10:59,CLE,shot,Mo Williams,,,,,,,,,Joe Smith,2,,,made,,jump,25,12
Drew Gooden,Jacque Vaughn,Manu Ginobili,Roger Mason,Tim Duncan,Daniel Gibson,Delonte West,Joe Smith,Mo Williams,Zydrunas Ilgauskas,2,10:39,SAS,shot,,,,,,,,,,Tim Duncan,,,,missed,,jump bank,11,10
Drew Gooden,Jacque Vaughn,Manu Ginobili,Roger Mason,Tim Duncan,Daniel Gibson,Delonte West,Joe Smith,Mo Williams,Zydrunas Ilgauskas,2,10:37,CLE,rebound,,,,,,,,,,Joe Smith,,,,,,def,,
Drew Gooden,Jacque Vaughn,Manu Ginobili,Roger Mason,Tim Duncan,Daniel Gibson,Delonte West,Joe Smith,Mo Williams,Zydrunas Ilgauskas,2,10:19,CLE,shot,,,,,,,,,,Mo Williams,,,,missed,,3pt,48,11
Drew Gooden,Jacque Vaughn,Manu Ginobili,Roger Mason,Tim Duncan,Daniel Gibson,Delonte West,Joe Smith,Mo Williams,Zydrunas Ilgauskas,2,10:18,CLE,rebound,,,,,,,,,,Zydrunas Ilgauskas,,,,,,off,,
Drew Gooden,Jacque Vaughn,Manu Ginobili,Roger Mason,Tim Duncan,Daniel Gibson,Delonte West,Joe Smith,Mo Williams,Zydrunas Ilgauskas,2,10:04,CLE,shot,,,,,,,,,,Delonte West,,,,missed,,jump bank,27,16
Drew Gooden,Jacque Vaughn,Manu Ginobili,Roger Mason,Tim Duncan,Daniel Gibson,Delonte West,Joe Smith,Mo Williams,Zydrunas Ilgauskas,2,10:03,CLE,rebound,,,,,,,,,,Joe Smith,,,,,,off,,
Drew Gooden,Jacque Vaughn,Manu Ginobili,Roger Mason,Tim Duncan,Daniel Gibson,Delonte West,Joe Smith,Mo Williams,Zydrunas Ilgauskas,2,10:02,CLE,shot,,,,,,,,,,Joe Smith,,,,missed,,tip,25,6
Drew Gooden,Jacque Vaughn,Manu Ginobili,Roger Mason,Tim Duncan,Daniel Gibson,Delonte West,Joe Smith,Mo Williams,Zydrunas Ilgauskas,2,10:00,SAS,rebound,,,,,,,,,,Tim Duncan,,,,,,def,,
Drew Gooden,Jacque Vaughn,Manu Ginobili,Roger Mason,Tim Duncan,Daniel Gibson,Delonte West,Joe Smith,Mo Williams,Zydrunas Ilgauskas,2,9:52,SAS,shot,,,,,,,,,,Tim Duncan,,,,missed,,layup,26,9
Drew Gooden,Jacque Vaughn,Manu Ginobili,Roger Mason,Tim Duncan,Daniel Gibson,Delonte West,Joe Smith,Mo Williams,Zydrunas Ilgauskas,2,9:50,CLE,rebound,,,,,,,,,,Zydrunas Ilgauskas,,,,,,def,,
Drew Gooden,Jacque Vaughn,Manu Ginobili,Roger Mason,Tim Duncan,Daniel Gibson,Delonte West,Joe Smith,Mo Williams,Zydrunas Ilgauskas,2,9:38,SAS,foul,,,,,,,,Delonte West,,Drew Gooden,,,,,,personal,,
Drew Gooden,Jacque Vaughn,Manu Ginobili,Roger Mason,Tim Duncan,Daniel Gibson,Delonte West,Joe Smith,Mo Williams,Zydrunas Ilgauskas,2,9:31,CLE,shot,,,,,,,,,,Mo Williams,2,,,made,,jump,12,24
Drew Gooden,Jacque Vaughn,Manu Ginobili,Roger Mason,Tim Duncan,Daniel Gibson,Delonte West,Joe Smith,Mo Williams,Zydrunas Ilgauskas,2,9:13,SAS,shot,,,,,,,,,,Manu Ginobili,,,,missed,,3pt,49,9
Drew Gooden,Jacque Vaughn,Manu Ginobili,Roger Mason,Tim Duncan,Daniel Gibson,Delonte West,Joe Smith,Mo Williams,Zydrunas Ilgauskas,2,9:12,CLE,rebound,,,,,,,,,,Zydrunas Ilgauskas,,,,,,def,,
Drew Gooden,Jacque Vaughn,Manu Ginobili,Roger Mason,Tim Duncan,Daniel Gibson,Delonte West,Joe Smith,Mo Williams,Zydrunas Ilgauskas,2,9:03,CLE,shot,,,,,,,,,,Mo Williams,2,,,made,,jump,16,15
Drew Gooden,Jacque Vaughn,Manu Ginobili,Roger Mason,Tim Duncan,Daniel Gibson,Delonte West,Joe Smith,Mo Williams,Zydrunas Ilgauskas,2,8:58,SAS,timeout,,,,,,,,,,,,,,,,regular,,
Drew Gooden,Jacque Vaughn,Michael Finley,Roger Mason,Tim Duncan,Daniel Gibson,Delonte West,Joe Smith,Mo Williams,Zydrunas Ilgauskas,2,8:58,SAS,sub,,,,Michael Finley,,Manu Ginobili,,,,,,,,,,,,
Drew Gooden,Jacque Vaughn,Michael Finley,Roger Mason,Tim Duncan,Daniel Gibson,Delonte West,Joe Smith,Mo Williams,Zydrunas Ilgauskas,2,8:48,SAS,turnover,,,,,,,,,,Michael Finley,,,lost ball,,Delonte West,,,
Drew Gooden,Jacque Vaughn,Michael Finley,Roger Mason,Tim Duncan,Daniel Gibson,Delonte West,Joe Smith,Mo Williams,Zydrunas Ilgauskas,2,8:44,CLE,shot,Zydrunas Ilgauskas,,,,,,,,,Delonte West,2,,,made,,driving dunk,25,7
Drew Gooden,Jacque Vaughn,Michael Finley,Roger Mason,Tim Duncan,Daniel Gibson,Delonte West,Joe Smith,Mo Williams,Zydrunas Ilgauskas,2,8:24,SAS,shot,,,,,,,,,,Roger Mason,,,,missed,,jump,7,13
Drew Gooden,Jacque Vaughn,Michael Finley,Roger Mason,Tim Duncan,Daniel Gibson,Delonte West,Joe Smith,Mo Williams,Zydrunas Ilgauskas,2,8:23,CLE,rebound,,,,,,,,,,Daniel Gibson,,,,,,def,,
Drew Gooden,Jacque Vaughn,Michael Finley,Roger Mason,Tim Duncan,Daniel Gibson,Delonte West,Joe Smith,Mo Williams,Zydrunas Ilgauskas,2,8:04,CLE,shot,,,Tim Duncan,,,,,,,Zydrunas Ilgauskas,,,,missed,,dunk,26,6
Drew Gooden,Jacque Vaughn,Michael Finley,Roger Mason,Tim Duncan,Daniel Gibson,Delonte West,Joe Smith,Mo Williams,Zydrunas Ilgauskas,2,8:02,SAS,rebound,,,,,,,,,,Michael Finley,,,,,,def,,
Drew Gooden,Jacque Vaughn,Michael Finley,Roger Mason,Tim Duncan,Daniel Gibson,Delonte West,Joe Smith,Mo Williams,Zydrunas Ilgauskas,2,7:42,SAS,shot,,,,,,,,,,Jacque Vaughn,,,,missed,,jump,46,8
Drew Gooden,Jacque Vaughn,Michael Finley,Roger Mason,Tim Duncan,Daniel Gibson,Delonte West,Joe Smith,Mo Williams,Zydrunas Ilgauskas,2,7:41,CLE,rebound,,,,,,,,,,Joe Smith,,,,,,def,,
Drew Gooden,Jacque Vaughn,Michael Finley,Roger Mason,Tim Duncan,Daniel Gibson,Delonte West,Joe Smith,Mo Williams,Zydrunas Ilgauskas,2,7:33,CLE,shot,,,,,,,,,,Delonte West,2,,,made,,jump,36,22
Drew Gooden,Jacque Vaughn,Michael Finley,Roger Mason,Tim Duncan,Daniel Gibson,Delonte West,Joe Smith,Mo Williams,Zydrunas Ilgauskas,2,7:13,SAS,shot,,,,,,,,,,Roger Mason,,,,missed,,3pt,26,31
Drew Gooden,Jacque Vaughn,Michael Finley,Roger Mason,Tim Duncan,Daniel Gibson,Delonte West,Joe Smith,Mo Williams,Zydrunas Ilgauskas,2,7:10,SAS,rebound,,,,,,,,,,Tim Duncan,,,,,,off,,
Drew Gooden,Jacque Vaughn,Michael Finley,Roger Mason,Tim Duncan,Daniel Gibson,Delonte West,Joe Smith,Mo Williams,Zydrunas Ilgauskas,2,6:58,CLE,foul,,,,,,,,Roger Mason,,Joe Smith,,,,,,shooting,,
Drew Gooden,Jacque Vaughn,Michael Finley,Roger Mason,Tim Duncan,Daniel Gibson,Delonte West,Joe Smith,Mo Williams,Zydrunas Ilgauskas,2,6:58,SAS,free throw,,,,,,,1,,2,Roger Mason,,,foul,made,,,,
Drew Gooden,Jacque Vaughn,Michael Finley,Roger Mason,Tim Duncan,Daniel Gibson,Darnell Jackson,Delonte West,Mo Williams,Zydrunas Ilgauskas,2,6:58,CLE,sub,,,,Darnell Jackson,,Joe Smith,,,,,,,,,,,,
Drew Gooden,Jacque Vaughn,Matt Bonner,Michael Finley,Roger Mason,Daniel Gibson,Darnell Jackson,Delonte West,Mo Williams,Zydrunas Ilgauskas,2,6:58,SAS,sub,,,,Matt Bonner,,Tim Duncan,,,,,,,,,,,,
Drew Gooden,Matt Bonner,Michael Finley,Roger Mason,Tony Parker,Daniel Gibson,Darnell Jackson,Delonte West,Mo Williams,Zydrunas Ilgauskas,2,6:58,SAS,sub,,,,Tony Parker,,Jacque Vaughn,,,,,,,,,,,,
Drew Gooden,Matt Bonner,Michael Finley,Roger Mason,Tony Parker,Daniel Gibson,Darnell Jackson,Delonte West,Mo Williams,Zydrunas Ilgauskas,2,6:58,SAS,free throw,,,,,,,2,,2,Roger Mason,,,foul,made,,,,
Drew Gooden,Matt Bonner,Michael Finley,Roger Mason,Tony Parker,Daniel Gibson,Darnell Jackson,Delonte West,Mo Williams,Zydrunas Ilgauskas,2,6:37,CLE,shot,,,,,,,,,,Mo Williams,2,,,made,,running jump,27,13
Drew Gooden,Matt Bonner,Michael Finley,Roger Mason,Tony Parker,Daniel Gibson,Darnell Jackson,Delonte West,Mo Williams,Zydrunas Ilgauskas,2,6:30,CLE,foul,,,,,,,,Drew Gooden,,Zydrunas Ilgauskas,,,,,,personal,,
Bruce Bowen,Drew Gooden,Matt Bonner,Michael Finley,Tony Parker,Daniel Gibson,Darnell Jackson,Delonte West,Mo Williams,Zydrunas Ilgauskas,2,6:30,SAS,sub,,,,Bruce Bowen,,Roger Mason,,,,,,,,,,,,
Bruce Bowen,Drew Gooden,Matt Bonner,Michael Finley,Tony Parker,Daniel Gibson,Darnell Jackson,Delonte West,LeBron James,Zydrunas Ilgauskas,2,6:30,CLE,sub,,,,LeBron James,,Mo Williams,,,,,,,,,,,,
Bruce Bowen,Drew Gooden,Matt Bonner,Michael Finley,Tony Parker,Daniel Gibson,Darnell Jackson,Delonte West,LeBron James,Zydrunas Ilgauskas,2,6:15,SAS,shot,Tony Parker,,,,,,,,,Drew Gooden,2,,,made,,driving dunk,25,5
Bruce Bowen,Drew Gooden,Matt Bonner,Michael Finley,Tony Parker,Daniel Gibson,Darnell Jackson,Delonte West,LeBron James,Zydrunas Ilgauskas,2,6:00,CLE,shot,,,,,,,,,,Daniel Gibson,,,,missed,,3pt,16,29
Bruce Bowen,Drew Gooden,Matt Bonner,Michael Finley,Tony Parker,Daniel Gibson,Darnell Jackson,Delonte West,LeBron James,Zydrunas Ilgauskas,2,5:59,SAS,rebound,,,,,,,,,,Michael Finley,,,,,,def,,
Bruce Bowen,Drew Gooden,Matt Bonner,Michael Finley,Tony Parker,Daniel Gibson,Darnell Jackson,Delonte West,LeBron James,Zydrunas Ilgauskas,2,5:46,SAS,shot,,,,,,,,,,Drew Gooden,,,,missed,,jump,41,12
Bruce Bowen,Drew Gooden,Matt Bonner,Michael Finley,Tony Parker,Daniel Gibson,Darnell Jackson,Delonte West,LeBron James,Zydrunas Ilgauskas,2,5:44,CLE,rebound,,,,,,,,,,Zydrunas Ilgauskas,,,,,,def,,
Bruce Bowen,Drew Gooden,Matt Bonner,Michael Finley,Tony Parker,Daniel Gibson,Darnell Jackson,Delonte West,LeBron James,Zydrunas Ilgauskas,2,5:33,CLE,shot,,,,,,,,,,Delonte West,2,,,made,,jump,15,13
Bruce Bowen,Drew Gooden,Matt Bonner,Michael Finley,Tony Parker,Daniel Gibson,Darnell Jackson,Delonte West,LeBron James,Zydrunas Ilgauskas,2,5:17,SAS,shot,,,,,,,,,,Tony Parker,,,,missed,,jump,39,22
Bruce Bowen,Drew Gooden,Matt Bonner,Michael Finley,Tony Parker,Daniel Gibson,Darnell Jackson,Delonte West,LeBron James,Zydrunas Ilgauskas,2,5:16,CLE,rebound,,,,,,,,,,Delonte West,,,,,,def,,
Bruce Bowen,Drew Gooden,Matt Bonner,Michael Finley,Tony Parker,Daniel Gibson,Darnell Jackson,Delonte West,LeBron James,Zydrunas Ilgauskas,2,4:58,SAS,violation,,,,,,,,,,Drew Gooden,,,,,,kicked ball,,
Bruce Bowen,Drew Gooden,Matt Bonner,Michael Finley,Tony Parker,Daniel Gibson,Darnell Jackson,Delonte West,LeBron James,Zydrunas Ilgauskas,2,4:58,OFF,timeout,,,,,,,,,,,,,,,,official,,
Bruce Bowen,Drew Gooden,Ime Udoka,Michael Finley,Tony Parker,Daniel Gibson,Darnell Jackson,Delonte West,LeBron James,Zydrunas Ilgauskas,2,4:58,SAS,sub,,,,Ime Udoka,,Matt Bonner,,,,,,,,,,,,
Bruce Bowen,Drew Gooden,Ime Udoka,Michael Finley,Tony Parker,Daniel Gibson,Darnell Jackson,Delonte West,LeBron James,Wally Szczerbiak,2,4:58,CLE,sub,,,,Wally Szczerbiak,,Zydrunas Ilgauskas,,,,,,,,,,,,
Bruce Bowen,Drew Gooden,Ime Udoka,Michael Finley,Tony Parker,Daniel Gibson,Darnell Jackson,Delonte West,LeBron James,Wally Szczerbiak,2,4:48,SAS,foul,,,,,,,,LeBron James,,Tony Parker,,,,,,shooting,,
Bruce Bowen,Drew Gooden,Ime Udoka,Michael Finley,Tony Parker,Daniel Gibson,Darnell Jackson,Delonte West,LeBron James,Wally Szczerbiak,2,4:48,CLE,free throw,,,,,,,1,,2,LeBron James,,,foul,made,,,,
Bruce Bowen,Drew Gooden,Ime Udoka,Michael Finley,Tony Parker,Daniel Gibson,Darnell Jackson,Delonte West,LeBron James,Wally Szczerbiak,2,4:48,CLE,free throw,,,,,,,2,,2,LeBron James,,,foul,made,,,,
Bruce Bowen,Drew Gooden,Ime Udoka,Michael Finley,Tony Parker,Daniel Gibson,Darnell Jackson,Delonte West,LeBron James,Wally Szczerbiak,2,4:30,SAS,shot,,,,,,,,,,Drew Gooden,2,,,made,,reverse layup,25,6
Bruce Bowen,Drew Gooden,Ime Udoka,Michael Finley,Tony Parker,Daniel Gibson,Darnell Jackson,Delonte West,LeBron James,Wally Szczerbiak,2,4:09,CLE,shot,,,,,,,,,,LeBron James,2,,,made,,running bank,22,9
Bruce Bowen,Drew Gooden,Ime Udoka,Michael Finley,Tony Parker,Daniel Gibson,Darnell Jackson,Delonte West,LeBron James,Wally Szczerbiak,2,3:55,SAS,shot,,,,,,,,,,Ime Udoka,,,,missed,,3pt,2,7
Bruce Bowen,Drew Gooden,Ime Udoka,Michael Finley,Tony Parker,Daniel Gibson,Darnell Jackson,Delonte West,LeBron James,Wally Szczerbiak,2,3:54,CLE,rebound,,,,,,,,,,Darnell Jackson,,,,,,def,,
Bruce Bowen,Drew Gooden,Ime Udoka,Michael Finley,Tony Parker,Daniel Gibson,Darnell Jackson,Delonte West,LeBron James,Wally Szczerbiak,2,3:45,SAS,foul,,,,,,,,,,Drew Gooden,,,,,,defense 3 second,,
Bruce Bowen,Drew Gooden,Ime Udoka,Michael Finley,Tony Parker,Daniel Gibson,Darnell Jackson,Delonte West,LeBron James,Wally Szczerbiak,2,3:45,CLE,free throw,,,,,,,1,,1,Wally Szczerbiak,,,technical,missed,,,,
Bruce Bowen,Drew Gooden,Ime Udoka,Michael Finley,Tony Parker,Daniel Gibson,Darnell Jackson,Delonte West,LeBron James,Wally Szczerbiak,2,3:45,CLE,rebound,,,,,,,,,,,,,,,,,,
Bruce Bowen,Drew Gooden,Ime Udoka,Michael Finley,Tony Parker,Daniel Gibson,Darnell Jackson,Delonte West,LeBron James,Wally Szczerbiak,2,3:32,CLE,shot,,,,,,,,,,Darnell Jackson,,,,missed,,alley oop dunk,25,7
Bruce Bowen,Drew Gooden,Ime Udoka,Michael Finley,Tony Parker,Daniel Gibson,Darnell Jackson,Delonte West,LeBron James,Wally Szczerbiak,2,3:29,SAS,rebound,,,,,,,,,,Michael Finley,,,,,,def,,
Bruce Bowen,Drew Gooden,Ime Udoka,Michael Finley,Tony Parker,Daniel Gibson,Darnell Jackson,Delonte West,LeBron James,Wally Szczerbiak,2,3:21,SAS,shot,Tony Parker,,,,,,,,,Bruce Bowen,2,,,made,,jump,4,7
Bruce Bowen,Drew Gooden,Ime Udoka,Michael Finley,Tony Parker,Daniel Gibson,Darnell Jackson,Delonte West,LeBron James,Wally Szczerbiak,2,3:05,CLE,shot,,,,,,,,,,Wally Szczerbiak,,,,missed,,3pt,16,30
Bruce Bowen,Drew Gooden,Ime Udoka,Michael Finley,Tony Parker,Daniel Gibson,Darnell Jackson,Delonte West,LeBron James,Wally Szczerbiak,2,3:04,SAS,rebound,,,,,,,,,,Drew Gooden,,,,,,def,,
Bruce Bowen,Drew Gooden,Ime Udoka,Michael Finley,Tony Parker,Daniel Gibson,Darnell Jackson,Delonte West,LeBron James,Wally Szczerbiak,2,3:00,CLE,foul,,,,,,,,Tony Parker,,Daniel Gibson,,,,,,shooting,,
Bruce Bowen,Drew Gooden,Ime Udoka,Michael Finley,Tony Parker,Daniel Gibson,Darnell Jackson,Delonte West,LeBron James,Wally Szczerbiak,2,3:00,SAS,free throw,,,,,,,1,,2,Tony Parker,,,foul,missed,,,,
Bruce Bowen,Drew Gooden,Ime Udoka,Michael Finley,Tony Parker,Daniel Gibson,Darnell Jackson,Delonte West,LeBron James,Wally Szczerbiak,2,3:00,SAS,rebound,,,,,,,,,,,,,,,,,,
Bruce Bowen,Drew Gooden,Ime Udoka,Michael Finley,Tony Parker,Daniel Gibson,Delonte West,LeBron James,Mo Williams,Wally Szczerbiak,2,3:00,CLE,sub,,,,Mo Williams,,Darnell Jackson,,,,,,,,,,,,
Bruce Bowen,Drew Gooden,Ime Udoka,Michael Finley,Tony Parker,Delonte West,LeBron James,Mo Williams,Wally Szczerbiak,Zydrunas Ilgauskas,2,3:00,CLE,sub,,,,Zydrunas Ilgauskas,,Daniel Gibson,,,,,,,,,,,,
Bruce Bowen,Drew Gooden,Ime Udoka,Michael Finley,Tony Parker,Delonte West,Joe Smith,LeBron James,Mo Williams,Zydrunas Ilgauskas,2,3:00,CLE,sub,,,,Joe Smith,,Wally Szczerbiak,,,,,,,,,,,,
Bruce Bowen,Drew Gooden,Ime Udoka,Michael Finley,Tony Parker,Delonte West,Joe Smith,LeBron James,Mo Williams,Zydrunas Ilgauskas,2,3:00,SAS,free throw,,,,,,,2,,2,Tony Parker,,,foul,made,,,,
Bruce Bowen,Drew Gooden,Ime Udoka,Michael Finley,Tony Parker,Delonte West,Joe Smith,LeBron James,Mo Williams,Zydrunas Ilgauskas,2,2:37,CLE,shot,,,,,,,,,,LeBron James,2,,,made,,jump,38,24
Bruce Bowen,Drew Gooden,Ime Udoka,Michael Finley,Tony Parker,Delonte West,Joe Smith,LeBron James,Mo Williams,Zydrunas Ilgauskas,2,2:14,SAS,shot,,,,,,,,,,Drew Gooden,2,,,made,,fade away jumper,25,12
Bruce Bowen,Drew Gooden,Ime Udoka,Michael Finley,Tony Parker,Delonte West,Joe Smith,LeBron James,Mo Williams,Zydrunas Ilgauskas,2,1:48,CLE,shot,Mo Williams,,,,,,,,,Zydrunas Ilgauskas,2,,,made,,hook,21,10
Bruce Bowen,Drew Gooden,Ime Udoka,Michael Finley,Tony Parker,Delonte West,Joe Smith,LeBron James,Mo Williams,Zydrunas Ilgauskas,2,1:33,SAS,shot,,,,,,,,,,Tony Parker,,,,missed,,jump,18,26
Bruce Bowen,Drew Gooden,Ime Udoka,Michael Finley,Tony Parker,Delonte West,Joe Smith,LeBron James,Mo Williams,Zydrunas Ilgauskas,2,1:32,CLE,rebound,,,,,,,,,,Joe Smith,,,,,,def,,
Bruce Bowen,Drew Gooden,Ime Udoka,Michael Finley,Tony Parker,Delonte West,Joe Smith,LeBron James,Mo Williams,Zydrunas Ilgauskas,2,1:16,SAS,foul,,,,,,,,Joe Smith,,Bruce Bowen,,,,,,personal,,
Bruce Bowen,Drew Gooden,Ime Udoka,Michael Finley,Tony Parker,Delonte West,Joe Smith,LeBron James,Mo Williams,Zydrunas Ilgauskas,2,1:16,CLE,timeout,,,,,,,,,,,,,,,,regular,,
Bruce Bowen,Drew Gooden,Ime Udoka,Michael Finley,Tony Parker,Delonte West,Joe Smith,LeBron James,Mo Williams,Zydrunas Ilgauskas,2,1:11,CLE,shot,Zydrunas Ilgauskas,,,,,,,,,LeBron James,2,,,made,,alley oop dunk,25,6
Bruce Bowen,Drew Gooden,Ime Udoka,Michael Finley,Tony Parker,Delonte West,Joe Smith,LeBron James,Mo Williams,Zydrunas Ilgauskas,2,0:57,SAS,turnover,,,,,,,,,,Drew Gooden,,,bad pass,,Mo Williams,,,
Bruce Bowen,Drew Gooden,Ime Udoka,Michael Finley,Tony Parker,Delonte West,Joe Smith,LeBron James,Mo Williams,Zydrunas Ilgauskas,2,0:49,CLE,shot,,,,,,,,,,Joe Smith,,,,missed,,jump,38,23
Bruce Bowen,Drew Gooden,Ime Udoka,Michael Finley,Tony Parker,Delonte West,Joe Smith,LeBron James,Mo Williams,Zydrunas Ilgauskas,2,0:49,SAS,rebound,,,,,,,,,,Michael Finley,,,,,,def,,
Bruce Bowen,Drew Gooden,Ime Udoka,Michael Finley,Tony Parker,Delonte West,Joe Smith,LeBron James,Mo Williams,Zydrunas Ilgauskas,2,0:49,CLE,foul,,,,,,,,Michael Finley,,Zydrunas Ilgauskas,,,,,,personal,,
Bruce Bowen,Drew Gooden,Ime Udoka,Michael Finley,Tony Parker,Delonte West,Joe Smith,LeBron James,Mo Williams,Zydrunas Ilgauskas,2,0:49,SAS,free throw,,,,,,,1,,2,Michael Finley,,,foul,made,,,,
Bruce Bowen,Drew Gooden,Ime Udoka,Michael Finley,Tony Parker,Delonte West,Joe Smith,LeBron James,Mo Williams,Wally Szczerbiak,2,0:49,CLE,sub,,,,Wally Szczerbiak,,Zydrunas Ilgauskas,,,,,,,,,,,,
Bruce Bowen,Drew Gooden,Ime Udoka,Michael Finley,Tony Parker,Delonte West,Joe Smith,LeBron James,Mo Williams,Wally Szczerbiak,2,0:49,SAS,free throw,,,,,,,2,,2,Michael Finley,,,foul,made,,,,
Bruce Bowen,Drew Gooden,Ime Udoka,Michael Finley,Tony Parker,Delonte West,Joe Smith,LeBron James,Mo Williams,Wally Szczerbiak,2,0:41,CLE,turnover,,,,,,,,,,LeBron James,,,lost ball,,Tony Parker,,,
Bruce Bowen,Drew Gooden,Ime Udoka,Michael Finley,Tony Parker,Delonte West,Joe Smith,LeBron James,Mo Williams,Wally Szczerbiak,2,0:37,SAS,shot,,,,,,,,,,Tony Parker,2,,,made,,driving layup,24,7
Bruce Bowen,Drew Gooden,Ime Udoka,Michael Finley,Tony Parker,Delonte West,Joe Smith,LeBron James,Mo Williams,Wally Szczerbiak,2,0:18,CLE,shot,Wally Szczerbiak,,,,,,,,,Mo Williams,3,,,made,,3pt,3,10
Bruce Bowen,Drew Gooden,Ime Udoka,Michael Finley,Tony Parker,Delonte West,Joe Smith,LeBron James,Mo Williams,Wally Szczerbiak,2,0:01,SAS,shot,,,,,,,,,,Tony Parker,,,,missed,,jump,34,24
Bruce Bowen,Drew Gooden,Ime Udoka,Michael Finley,Tony Parker,Delonte West,Joe Smith,LeBron James,Mo Williams,Wally Szczerbiak,2,0:00,CLE,rebound,,,,,,,,,,Mo Williams,,,,,,def,,
Manu Ginobili,Matt Bonner,Michael Finley,Tim Duncan,Tony Parker,Darnell Jackson,Delonte West,LeBron James,Mo Williams,Zydrunas Ilgauskas,3,11:39,SAS,shot,,,,,,,,,,Tony Parker,2,,,made,,layup,25,6
Manu Ginobili,Matt Bonner,Michael Finley,Tim Duncan,Tony Parker,Darnell Jackson,Delonte West,LeBron James,Mo Williams,Zydrunas Ilgauskas,3,11:17,SAS,foul,,,,,,,,LeBron James,,Matt Bonner,,,,,,personal,,
Manu Ginobili,Matt Bonner,Michael Finley,Tim Duncan,Tony Parker,Darnell Jackson,Delonte West,LeBron James,Mo Williams,Zydrunas Ilgauskas,3,11:05,CLE,shot,LeBron James,,,,,,,,,Delonte West,2,,,made,,running jump,11,10
Manu Ginobili,Matt Bonner,Michael Finley,Tim Duncan,Tony Parker,Darnell Jackson,Delonte West,LeBron James,Mo Williams,Zydrunas Ilgauskas,3,10:51,SAS,shot,Manu Ginobili,,,,,,,,,Michael Finley,3,,,made,,3pt,2,15
Manu Ginobili,Matt Bonner,Michael Finley,Tim Duncan,Tony Parker,Darnell Jackson,Delonte West,LeBron James,Mo Williams,Zydrunas Ilgauskas,3,10:40,SAS,foul,,,,,,,,LeBron James,,Matt Bonner,,,,,,personal,,
Manu Ginobili,Matt Bonner,Michael Finley,Tim Duncan,Tony Parker,Darnell Jackson,Delonte West,LeBron James,Mo Williams,Zydrunas Ilgauskas,3,10:24,CLE,turnover,,,,,,,,,,Darnell Jackson,,,traveling,,,,,
Drew Gooden,Manu Ginobili,Michael Finley,Tim Duncan,Tony Parker,Darnell Jackson,Delonte West,LeBron James,Mo Williams,Zydrunas Ilgauskas,3,10:24,SAS,sub,,,,Drew Gooden,,Matt Bonner,,,,,,,,,,,,
Drew Gooden,Manu Ginobili,Michael Finley,Tim Duncan,Tony Parker,Darnell Jackson,Delonte West,LeBron James,Mo Williams,Zydrunas Ilgauskas,3,10:16,CLE,foul,,,,,,,,Tony Parker,,Mo Williams,,,,,,personal,,
Drew Gooden,Manu Ginobili,Michael Finley,Tim Duncan,Tony Parker,Darnell Jackson,Delonte West,LeBron James,Mo Williams,Zydrunas Ilgauskas,3,10:01,SAS,shot,Manu Ginobili,,,,,,,,,Drew Gooden,2,,,made,,jump hook,16,9
Drew Gooden,Manu Ginobili,Michael Finley,Tim Duncan,Tony Parker,Darnell Jackson,Delonte West,LeBron James,Mo Williams,Zydrunas Ilgauskas,3,9:37,CLE,shot,Delonte West,,,,,,,,,Mo Williams,3,,,made,,3pt,48,7
Drew Gooden,Manu Ginobili,Michael Finley,Tim Duncan,Tony Parker,Darnell Jackson,Delonte West,LeBron James,Mo Williams,Zydrunas Ilgauskas,3,9:14,SAS,shot,Tony Parker,,,,,,,,,Drew Gooden,2,,,made,,jump,17,23
Drew Gooden,Manu Ginobili,Michael Finley,Tim Duncan,Tony Parker,Darnell Jackson,Delonte West,LeBron James,Mo Williams,Zydrunas Ilgauskas,3,8:58,CLE,shot,,,,,,,,,,LeBron James,2,,,made,,running reverse layup,25,6
Drew Gooden,Manu Ginobili,Michael Finley,Tim Duncan,Tony Parker,Darnell Jackson,Delonte West,LeBron James,Mo Williams,Zydrunas Ilgauskas,3,8:44,SAS,shot,,,,,,,,,,Drew Gooden,,,,missed,,fade away jumper,25,16
Drew Gooden,Manu Ginobili,Michael Finley,Tim Duncan,Tony Parker,Darnell Jackson,Delonte West,LeBron James,Mo Williams,Zydrunas Ilgauskas,3,8:43,CLE,rebound,,,,,,,,,,Zydrunas Ilgauskas,,,,,,def,,
Drew Gooden,Manu Ginobili,Michael Finley,Tim Duncan,Tony Parker,Darnell Jackson,Delonte West,LeBron James,Mo Williams,Zydrunas Ilgauskas,3,8:34,CLE,shot,,,,,,,,,,Mo Williams,,,,missed,,jump,11,9
Drew Gooden,Manu Ginobili,Michael Finley,Tim Duncan,Tony Parker,Darnell Jackson,Delonte West,LeBron James,Mo Williams,Zydrunas Ilgauskas,3,8:32,SAS,rebound,,,,,,,,,,Manu Ginobili,,,,,,def,,
Drew Gooden,Manu Ginobili,Michael Finley,Tim Duncan,Tony Parker,Darnell Jackson,Delonte West,LeBron James,Mo Williams,Zydrunas Ilgauskas,3,8:25,SAS,shot,,,,,,,,,,Manu Ginobili,2,,,made,,driving layup,26,6
Drew Gooden,Manu Ginobili,Michael Finley,Tim Duncan,Tony Parker,Darnell Jackson,Delonte West,LeBron James,Mo Williams,Zydrunas Ilgauskas,3,7:58,CLE,shot,,,,,,,,,,Delonte West,,,,missed,,jump,20,27
Drew Gooden,Manu Ginobili,Michael Finley,Tim Duncan,Tony Parker,Darnell Jackson,Delonte West,LeBron James,Mo Williams,Zydrunas Ilgauskas,3,7:57,SAS,rebound,,,,,,,,,,,,,,,,,,
Drew Gooden,Manu Ginobili,Michael Finley,Tim Duncan,Tony Parker,Darnell Jackson,Delonte West,LeBron James,Mo Williams,Zydrunas Ilgauskas,3,7:44,SAS,shot,Tim Duncan,,,,,,,,,Drew Gooden,2,,,made,,slam dunk,24,6
Drew Gooden,Manu Ginobili,Michael Finley,Tim Duncan,Tony Parker,Darnell Jackson,Delonte West,LeBron James,Mo Williams,Zydrunas Ilgauskas,3,7:30,CLE,turnover,,,,,,,,,,Zydrunas Ilgauskas,,,bad pass,,Manu Ginobili,,,
Drew Gooden,Manu Ginobili,Michael Finley,Tim Duncan,Tony Parker,Darnell Jackson,Delonte West,LeBron James,Mo Williams,Zydrunas Ilgauskas,3,7:24,SAS,shot,,,Darnell Jackson,,,,,,,Tony Parker,,,,missed,,layup,25,7
Drew Gooden,Manu Ginobili,Michael Finley,Tim Duncan,Tony Parker,Darnell Jackson,Delonte West,LeBron James,Mo Williams,Zydrunas Ilgauskas,3,7:21,SAS,shot,,,,,,,,,,Drew Gooden,2,,,made,,putback layup,25,6
Drew Gooden,Manu Ginobili,Michael Finley,Tim Duncan,Tony Parker,Darnell Jackson,Delonte West,LeBron James,Mo Williams,Zydrunas Ilgauskas,3,7:21,SAS,rebound,,,,,,,,,,Drew Gooden,,,,,,off,,
Drew Gooden,Manu Ginobili,Michael Finley,Tim Duncan,Tony Parker,Darnell Jackson,Delonte West,LeBron James,Mo Williams,Zydrunas Ilgauskas,3,7:03,CLE,shot,LeBron James,,,,,,,,,Mo Williams,3,,,made,,3pt,48,7
Drew Gooden,Manu Ginobili,Michael Finley,Tim Duncan,Tony Parker,Darnell Jackson,Delonte West,LeBron James,Mo Williams,Zydrunas Ilgauskas,3,6:39,SAS,turnover,,,,,,,,,,Tony Parker,,,bad pass,,Mo Williams,,,
Drew Gooden,Manu Ginobili,Michael Finley,Tim Duncan,Tony Parker,Darnell Jackson,Delonte West,LeBron James,Mo Williams,Zydrunas Ilgauskas,3,6:31,CLE,shot,,,,,,,,,,Mo Williams,2,,,made,,jump,8,9
Drew Gooden,Manu Ginobili,Michael Finley,Tim Duncan,Tony Parker,Darnell Jackson,Delonte West,LeBron James,Mo Williams,Zydrunas Ilgauskas,3,6:29,SAS,timeout,,,,,,,,,,,,,,,,regular,,
Drew Gooden,Manu Ginobili,Michael Finley,Tim Duncan,Tony Parker,Darnell Jackson,Delonte West,LeBron James,Mo Williams,Zydrunas Ilgauskas,3,6:10,SAS,shot,,,,,,,,,,Manu Ginobili,,,,missed,,3pt,29,30
Drew Gooden,Manu Ginobili,Michael Finley,Tim Duncan,Tony Parker,Darnell Jackson,Delonte West,LeBron James,Mo Williams,Zydrunas Ilgauskas,3,6:09,CLE,rebound,,,,,,,,,,LeBron James,,,,,,def,,
Drew Gooden,Manu Ginobili,Michael Finley,Tim Duncan,Tony Parker,Darnell Jackson,Delonte West,LeBron James,Mo Williams,Zydrunas Ilgauskas,3,5:47,CLE,shot,,,,,,,,,,LeBron James,,,,missed,,jump,5,13
Drew Gooden,Manu Ginobili,Michael Finley,Tim Duncan,Tony Parker,Darnell Jackson,Delonte West,LeBron James,Mo Williams,Zydrunas Ilgauskas,3,5:46,SAS,rebound,,,,,,,,,,Tim Duncan,,,,,,def,,
Drew Gooden,Manu Ginobili,Michael Finley,Tim Duncan,Tony Parker,Darnell Jackson,Delonte West,LeBron James,Mo Williams,Zydrunas Ilgauskas,3,5:33,SAS,shot,Manu Ginobili,,,,,,,,,Michael Finley,3,,,made,,3pt,2,7
Drew Gooden,Manu Ginobili,Michael Finley,Tim Duncan,Tony Parker,Darnell Jackson,Delonte West,LeBron James,Mo Williams,Zydrunas Ilgauskas,3,5:14,CLE,shot,,,,,,,,,,Mo Williams,,,,missed,,jump,4,7
Drew Gooden,Manu Ginobili,Michael Finley,Tim Duncan,Tony Parker,Darnell Jackson,Delonte West,LeBron James,Mo Williams,Zydrunas Ilgauskas,3,5:12,SAS,rebound,,,,,,,,,,Tim Duncan,,,,,,def,,
Drew Gooden,Manu Ginobili,Michael Finley,Tim Duncan,Tony Parker,Darnell Jackson,Delonte West,LeBron James,Mo Williams,Zydrunas Ilgauskas,3,5:08,SAS,shot,,,,,,,,,,Michael Finley,,,,missed,,3pt,10,26
Drew Gooden,Manu Ginobili,Michael Finley,Tim Duncan,Tony Parker,Darnell Jackson,Delonte West,LeBron James,Mo Williams,Zydrunas Ilgauskas,3,5:06,CLE,rebound,,,,,,,,,,Mo Williams,,,,,,def,,
Drew Gooden,Manu Ginobili,Michael Finley,Tim Duncan,Tony Parker,Darnell Jackson,Delonte West,LeBron James,Mo Williams,Zydrunas Ilgauskas,3,4:57,CLE,shot,,,,,,,,,,Mo Williams,,,,missed,,jump,46,12
Drew Gooden,Manu Ginobili,Michael Finley,Tim Duncan,Tony Parker,Darnell Jackson,Delonte West,LeBron James,Mo Williams,Zydrunas Ilgauskas,3,4:56,CLE,rebound,,,,,,,,,,Darnell Jackson,,,,,,off,,
Drew Gooden,Manu Ginobili,Michael Finley,Tim Duncan,Tony Parker,Darnell Jackson,Delonte West,LeBron James,Mo Williams,Zydrunas Ilgauskas,3,4:54,SAS,foul,,,,,,,,Delonte West,,Manu Ginobili,,,,,,personal,,
Drew Gooden,Manu Ginobili,Michael Finley,Tim Duncan,Tony Parker,Delonte West,Joe Smith,LeBron James,Mo Williams,Zydrunas Ilgauskas,3,4:54,CLE,sub,,,,Joe Smith,,Darnell Jackson,,,,,,,,,,,,
Drew Gooden,Manu Ginobili,Michael Finley,Tim Duncan,Tony Parker,Daniel Gibson,Joe Smith,LeBron James,Mo Williams,Zydrunas Ilgauskas,3,4:54,CLE,sub,,,,Daniel Gibson,,Delonte West,,,,,,,,,,,,
Drew Gooden,Manu Ginobili,Michael Finley,Tim Duncan,Tony Parker,Daniel Gibson,Joe Smith,LeBron James,Mo Williams,Zydrunas Ilgauskas,3,4:35,CLE,shot,,,,,,,,,,Daniel Gibson,,,,missed,,3pt,2,9
Drew Gooden,Manu Ginobili,Michael Finley,Tim Duncan,Tony Parker,Daniel Gibson,Joe Smith,LeBron James,Mo Williams,Zydrunas Ilgauskas,3,4:34,SAS,rebound,,,,,,,,,,Manu Ginobili,,,,,,def,,
Drew Gooden,Manu Ginobili,Michael Finley,Tim Duncan,Tony Parker,Daniel Gibson,Joe Smith,LeBron James,Mo Williams,Zydrunas Ilgauskas,3,4:29,SAS,shot,,,,,,,,,,Drew Gooden,,,,missed,,jump,37,6
Drew Gooden,Manu Ginobili,Michael Finley,Tim Duncan,Tony Parker,Daniel Gibson,Joe Smith,LeBron James,Mo Williams,Zydrunas Ilgauskas,3,4:27,CLE,rebound,,,,,,,,,,Zydrunas Ilgauskas,,,,,,def,,
Drew Gooden,Manu Ginobili,Michael Finley,Tim Duncan,Tony Parker,Daniel Gibson,Joe Smith,LeBron James,Mo Williams,Zydrunas Ilgauskas,3,4:22,SAS,foul,,,,,,,,Mo Williams,,Tony Parker,,,,,,personal,,
Bruce Bowen,Drew Gooden,Manu Ginobili,Tim Duncan,Tony Parker,Daniel Gibson,Joe Smith,LeBron James,Mo Williams,Zydrunas Ilgauskas,3,4:22,SAS,sub,,,,Bruce Bowen,,Michael Finley,,,,,,,,,,,,
Bruce Bowen,Drew Gooden,Kurt Thomas,Manu Ginobili,Tony Parker,Daniel Gibson,Joe Smith,LeBron James,Mo Williams,Zydrunas Ilgauskas,3,4:22,SAS,sub,,,,Kurt Thomas,,Tim Duncan,,,,,,,,,,,,
Bruce Bowen,Drew Gooden,Kurt Thomas,Manu Ginobili,Tony Parker,Daniel Gibson,Joe Smith,LeBron James,Mo Williams,Zydrunas Ilgauskas,3,4:10,CLE,shot,LeBron James,,,,,,,,,Zydrunas Ilgauskas,2,,,made,,jump,41,16
Bruce Bowen,Drew Gooden,Kurt Thomas,Manu Ginobili,Tony Parker,Daniel Gibson,Joe Smith,LeBron James,Mo Williams,Zydrunas Ilgauskas,3,3:47,SAS,shot,,,,,,,,,,Drew Gooden,,,,missed,,jump,46,9
Bruce Bowen,Drew Gooden,Kurt Thomas,Manu Ginobili,Tony Parker,Daniel Gibson,Joe Smith,LeBron James,Mo Williams,Zydrunas Ilgauskas,3,3:46,CLE,rebound,,,,,,,,,,LeBron James,,,,,,def,,
Bruce Bowen,Drew Gooden,Kurt Thomas,Manu Ginobili,Tony Parker,Daniel Gibson,Joe Smith,LeBron James,Mo Williams,Zydrunas Ilgauskas,3,3:36,CLE,shot,,,,,,,,,,LeBron James,,,,missed,,3pt,34,29
Bruce Bowen,Drew Gooden,Kurt Thomas,Manu Ginobili,Tony Parker,Daniel Gibson,Joe Smith,LeBron James,Mo Williams,Zydrunas Ilgauskas,3,3:35,SAS,rebound,,,,,,,,,,Tony Parker,,,,,,def,,
Bruce Bowen,Drew Gooden,Kurt Thomas,Manu Ginobili,Tony Parker,Daniel Gibson,Joe Smith,LeBron James,Mo Williams,Zydrunas Ilgauskas,3,3:28,SAS,turnover,,,,,,,,,,Tony Parker,,,lost ball,,Joe Smith,,,
Bruce Bowen,Drew Gooden,Kurt Thomas,Manu Ginobili,Tony Parker,Daniel Gibson,Joe Smith,LeBron James,Mo Williams,Zydrunas Ilgauskas,3,3:24,CLE,shot,Joe Smith,,,,,,,,,LeBron James,2,,,made,,slam dunk,24,6
Bruce Bowen,Drew Gooden,Kurt Thomas,Manu Ginobili,Tony Parker,Daniel Gibson,Joe Smith,LeBron James,Mo Williams,Zydrunas Ilgauskas,3,3:02,SAS,shot,,,,,,,,,,Manu Ginobili,,,,missed,,3pt,8,25
Bruce Bowen,Drew Gooden,Kurt Thomas,Manu Ginobili,Tony Parker,Daniel Gibson,Joe Smith,LeBron James,Mo Williams,Zydrunas Ilgauskas,3,3:01,CLE,rebound,,,,,,,,,,LeBron James,,,,,,def,,
Bruce Bowen,Drew Gooden,Kurt Thomas,Manu Ginobili,Tony Parker,Daniel Gibson,Joe Smith,LeBron James,Mo Williams,Zydrunas Ilgauskas,3,2:58,SAS,foul,,,,,,,,Zydrunas Ilgauskas,,Manu Ginobili,,,,,,shooting,,
Bruce Bowen,Drew Gooden,Kurt Thomas,Manu Ginobili,Tony Parker,Daniel Gibson,Joe Smith,LeBron James,Mo Williams,Zydrunas Ilgauskas,3,2:58,CLE,timeout,,,,,,,,,,,,,,,,regular,,
Bruce Bowen,Drew Gooden,Kurt Thomas,Manu Ginobili,Tony Parker,Daniel Gibson,Joe Smith,LeBron James,Wally Szczerbiak,Zydrunas Ilgauskas,3,2:58,CLE,sub,,,,Wally Szczerbiak,,Mo Williams,,,,,,,,,,,,
Bruce Bowen,Drew Gooden,Kurt Thomas,Matt Bonner,Tony Parker,Daniel Gibson,Joe Smith,LeBron James,Wally Szczerbiak,Zydrunas Ilgauskas,3,2:58,SAS,sub,,,,Matt Bonner,,Manu Ginobili,,,,,,,,,,,,
Bruce Bowen,Ime Udoka,Kurt Thomas,Matt Bonner,Tony Parker,Daniel Gibson,Joe Smith,LeBron James,Wally Szczerbiak,Zydrunas Ilgauskas,3,2:58,SAS,sub,,,,Ime Udoka,,Drew Gooden,,,,,,,,,,,,
Bruce Bowen,Ime Udoka,Kurt Thomas,Matt Bonner,Tony Parker,Daniel Gibson,Joe Smith,LeBron James,Wally Szczerbiak,Zydrunas Ilgauskas,3,2:58,CLE,free throw,,,,,,,1,,2,Zydrunas Ilgauskas,,,foul,made,,,,
Bruce Bowen,Ime Udoka,Kurt Thomas,Matt Bonner,Tony Parker,Daniel Gibson,Joe Smith,LeBron James,Wally Szczerbiak,Zydrunas Ilgauskas,3,2:58,CLE,free throw,,,,,,,2,,2,Zydrunas Ilgauskas,,,foul,made,,,,
Bruce Bowen,Ime Udoka,Kurt Thomas,Matt Bonner,Tony Parker,Daniel Gibson,Joe Smith,LeBron James,Wally Szczerbiak,Zydrunas Ilgauskas,3,2:47,SAS,turnover,,,,,,,,,,Ime Udoka,,,illegal screen turnover,,,,,
Bruce Bowen,Ime Udoka,Kurt Thomas,Matt Bonner,Tony Parker,Daniel Gibson,Joe Smith,LeBron James,Sasha Pavlovic,Wally Szczerbiak,3,2:47,CLE,sub,,,,Sasha Pavlovic,,Zydrunas Ilgauskas,,,,,,,,,,,,
Bruce Bowen,Ime Udoka,Kurt Thomas,Matt Bonner,Tony Parker,Daniel Gibson,Joe Smith,LeBron James,Sasha Pavlovic,Wally Szczerbiak,3,2:33,CLE,shot,LeBron James,,,,,,,,,Joe Smith,2,,,made,,jump,44,8
Bruce Bowen,Ime Udoka,Kurt Thomas,Matt Bonner,Tony Parker,Daniel Gibson,Joe Smith,LeBron James,Sasha Pavlovic,Wally Szczerbiak,3,2:11,SAS,shot,,,,,,,,,,Bruce Bowen,,,,missed,,jump,14,19
Bruce Bowen,Ime Udoka,Kurt Thomas,Matt Bonner,Tony Parker,Daniel Gibson,Joe Smith,LeBron James,Sasha Pavlovic,Wally Szczerbiak,3,2:10,SAS,rebound,,,,,,,,,,Kurt Thomas,,,,,,off,,
Bruce Bowen,Ime Udoka,Kurt Thomas,Matt Bonner,Tony Parker,Daniel Gibson,Joe Smith,LeBron James,Sasha Pavlovic,Wally Szczerbiak,3,1:55,SAS,shot,,,,,,,,,,Tony Parker,,,,missed,,driving layup,24,6
Bruce Bowen,Ime Udoka,Kurt Thomas,Matt Bonner,Tony Parker,Daniel Gibson,Joe Smith,LeBron James,Sasha Pavlovic,Wally Szczerbiak,3,1:55,CLE,rebound,,,,,,,,,,,,,,,,,,
Bruce Bowen,Ime Udoka,Kurt Thomas,Matt Bonner,Tony Parker,Daniel Gibson,Joe Smith,LeBron James,Sasha Pavlovic,Wally Szczerbiak,3,1:34,CLE,shot,,,,,,,,,,Daniel Gibson,,,,missed,,3pt,2,13
Bruce Bowen,Ime Udoka,Kurt Thomas,Matt Bonner,Tony Parker,Daniel Gibson,Joe Smith,LeBron James,Sasha Pavlovic,Wally Szczerbiak,3,1:33,SAS,rebound,,,,,,,,,,Ime Udoka,,,,,,def,,
Bruce Bowen,Ime Udoka,Kurt Thomas,Matt Bonner,Tony Parker,Daniel Gibson,Joe Smith,LeBron James,Sasha Pavlovic,Wally Szczerbiak,3,1:19,CLE,foul,,,,,,,,Tony Parker,,LeBron James,,,,,,shooting,,
Bruce Bowen,Ime Udoka,Kurt Thomas,Matt Bonner,Tony Parker,Daniel Gibson,Joe Smith,LeBron James,Sasha Pavlovic,Wally Szczerbiak,3,1:19,SAS,free throw,,,,,,,1,,2,Tony Parker,,,foul,made,,,,
Bruce Bowen,Ime Udoka,Kurt Thomas,Matt Bonner,Tony Parker,Daniel Gibson,Joe Smith,LeBron James,Sasha Pavlovic,Wally Szczerbiak,3,1:19,SAS,free throw,,,,,,,2,,2,Tony Parker,,,foul,missed,,,,
Bruce Bowen,Ime Udoka,Kurt Thomas,Matt Bonner,Tony Parker,Daniel Gibson,Joe Smith,LeBron James,Sasha Pavlovic,Wally Szczerbiak,3,1:17,CLE,rebound,,,,,,,,,,Wally Szczerbiak,,,,,,def,,
Bruce Bowen,Ime Udoka,Kurt Thomas,Matt Bonner,Tony Parker,Daniel Gibson,Joe Smith,LeBron James,Sasha Pavlovic,Wally Szczerbiak,3,0:57,CLE,shot,,,,,,,,,,LeBron James,3,,,made,,3pt,8,30
Bruce Bowen,Ime Udoka,Kurt Thomas,Matt Bonner,Tony Parker,Daniel Gibson,Joe Smith,LeBron James,Sasha Pavlovic,Wally Szczerbiak,3,0:45,SAS,shot,,,,,,,,,,Ime Udoka,,,,missed,,3pt,2,9
Bruce Bowen,Ime Udoka,Kurt Thomas,Matt Bonner,Tony Parker,Daniel Gibson,Joe Smith,LeBron James,Sasha Pavlovic,Wally Szczerbiak,3,0:45,SAS,rebound,,,,,,,,,,,,,,,,,,
Bruce Bowen,Ime Udoka,Kurt Thomas,Matt Bonner,Tony Parker,Daniel Gibson,Joe Smith,LeBron James,Sasha Pavlovic,Wally Szczerbiak,3,0:44,CLE,foul,,,,,,,,Ime Udoka,,Wally Szczerbiak,,,,,,personal,,
Bruce Bowen,Ime Udoka,Kurt Thomas,Matt Bonner,Tony Parker,Daniel Gibson,Joe Smith,LeBron James,Sasha Pavlovic,Wally Szczerbiak,3,0:44,SAS,free throw,,,,,,,1,,2,Ime Udoka,,,foul,made,,,,
Bruce Bowen,Ime Udoka,Kurt Thomas,Matt Bonner,Tony Parker,Daniel Gibson,Joe Smith,LeBron James,Sasha Pavlovic,Wally Szczerbiak,3,0:44,SAS,free throw,,,,,,,2,,2,Ime Udoka,,,foul,made,,,,
Bruce Bowen,Ime Udoka,Kurt Thomas,Matt Bonner,Tony Parker,Daniel Gibson,Joe Smith,LeBron James,Sasha Pavlovic,Wally Szczerbiak,3,0:22,CLE,shot,,,,,,,,,,Wally Szczerbiak,,,,missed,,jump,4,8
Bruce Bowen,Ime Udoka,Kurt Thomas,Matt Bonner,Tony Parker,Daniel Gibson,Joe Smith,LeBron James,Sasha Pavlovic,Wally Szczerbiak,3,0:20,CLE,shot,,,,,,,,,,Sasha Pavlovic,,,,missed,,tip,26,6
Bruce Bowen,Ime Udoka,Kurt Thomas,Matt Bonner,Tony Parker,Daniel Gibson,Joe Smith,LeBron James,Sasha Pavlovic,Wally Szczerbiak,3,0:20,CLE,rebound,,,,,,,,,,Sasha Pavlovic,,,,,,off,,
Bruce Bowen,Ime Udoka,Kurt Thomas,Matt Bonner,Tony Parker,Daniel Gibson,Joe Smith,LeBron James,Sasha Pavlovic,Wally Szczerbiak,3,0:19,SAS,rebound,,,,,,,,,,Kurt Thomas,,,,,,def,,
Bruce Bowen,Ime Udoka,Kurt Thomas,Matt Bonner,Tony Parker,Daniel Gibson,Joe Smith,LeBron James,Sasha Pavlovic,Wally Szczerbiak,3,0:00,SAS,shot,,,,,,,,,,Matt Bonner,,,,missed,,running jump,27,16
Bruce Bowen,Ime Udoka,Kurt Thomas,Matt Bonner,Tony Parker,Daniel Gibson,Joe Smith,LeBron James,Sasha Pavlovic,Wally Szczerbiak,3,0:00,SAS,rebound,,,,,,,,,,,,,,,,,,
Bruce Bowen,Jacque Vaughn,Kurt Thomas,Matt Bonner,Roger Mason,Daniel Gibson,Delonte West,Joe Smith,Mo Williams,Zydrunas Ilgauskas,4,11:40,CLE,shot,,,,,,,,,,Daniel Gibson,,,,missed,,jump,43,17
Bruce Bowen,Jacque Vaughn,Kurt Thomas,Matt Bonner,Roger Mason,Daniel Gibson,Delonte West,Joe Smith,Mo Williams,Zydrunas Ilgauskas,4,11:39,SAS,rebound,,,,,,,,,,Kurt Thomas,,,,,,def,,
Bruce Bowen,Jacque Vaughn,Kurt Thomas,Matt Bonner,Roger Mason,Daniel Gibson,Delonte West,Joe Smith,Mo Williams,Zydrunas Ilgauskas,4,11:27,CLE,foul,,,,,,,,Jacque Vaughn,,Joe Smith,,,,,,personal,,
Bruce Bowen,Jacque Vaughn,Kurt Thomas,Matt Bonner,Roger Mason,Daniel Gibson,Delonte West,Joe Smith,Mo Williams,Zydrunas Ilgauskas,4,11:16,SAS,shot,,,,,,,,,,Roger Mason,,,,missed,,jump,18,22
Bruce Bowen,Jacque Vaughn,Kurt Thomas,Matt Bonner,Roger Mason,Daniel Gibson,Delonte West,Joe Smith,Mo Williams,Zydrunas Ilgauskas,4,11:15,CLE,rebound,,,,,,,,,,Mo Williams,,,,,,def,,
Bruce Bowen,Jacque Vaughn,Kurt Thomas,Matt Bonner,Roger Mason,Daniel Gibson,Delonte West,Joe Smith,Mo Williams,Zydrunas Ilgauskas,4,11:05,CLE,shot,,,Roger Mason,,,,,,,Mo Williams,,,,missed,,jump,21,11
George Hill,Jacque Vaughn,Kurt Thomas,Matt Bonner,Roger Mason,Daniel Gibson,Delonte West,Joe Smith,Mo Williams,Zydrunas Ilgauskas,4,11:05,SAS,sub,,,,George Hill,,Bruce Bowen,,,,,,,,,,,,
George Hill,Jacque Vaughn,Kurt Thomas,Matt Bonner,Roger Mason,Daniel Gibson,Delonte West,Joe Smith,Mo Williams,Zydrunas Ilgauskas,4,11:05,SAS,rebound,,,,,,,,,,,,,,,,,,
George Hill,Jacque Vaughn,Kurt Thomas,Matt Bonner,Roger Mason,Daniel Gibson,Delonte West,Joe Smith,Mo Williams,Zydrunas Ilgauskas,4,11:05,OFF,jump ball,,Roger Mason,,,Mo Williams,,,,,,,Matt Bonner,,,,,,
George Hill,Jacque Vaughn,Kurt Thomas,Matt Bonner,Roger Mason,Daniel Gibson,Delonte West,Joe Smith,Mo Williams,Zydrunas Ilgauskas,4,10:54,SAS,shot,Jacque Vaughn,,,,,,,,,Matt Bonner,3,,,made,,3pt,21,31
George Hill,Jacque Vaughn,Kurt Thomas,Matt Bonner,Roger Mason,Daniel Gibson,Delonte West,Joe Smith,Mo Williams,Zydrunas Ilgauskas,4,10:39,CLE,shot,,,,,,,,,,Zydrunas Ilgauskas,,,,missed,,jump,41,20
George Hill,Jacque Vaughn,Kurt Thomas,Matt Bonner,Roger Mason,Daniel Gibson,Delonte West,Joe Smith,Mo Williams,Zydrunas Ilgauskas,4,10:38,CLE,rebound,,,,,,,,,,Joe Smith,,,,,,off,,
George Hill,Jacque Vaughn,Kurt Thomas,Matt Bonner,Roger Mason,Daniel Gibson,Delonte West,Joe Smith,Mo Williams,Zydrunas Ilgauskas,4,10:38,SAS,foul,,,,,,,,Joe Smith,,Matt Bonner,,,,,,personal,,
George Hill,Jacque Vaughn,Kurt Thomas,Matt Bonner,Roger Mason,Daniel Gibson,Delonte West,Joe Smith,Mo Williams,Zydrunas Ilgauskas,4,10:29,CLE,turnover,,,,,,,,,,Delonte West,,,bad pass,,Jacque Vaughn,,,
George Hill,Jacque Vaughn,Kurt Thomas,Matt Bonner,Roger Mason,Daniel Gibson,Delonte West,Joe Smith,Mo Williams,Zydrunas Ilgauskas,4,10:22,SAS,foul,,,,,,,,Daniel Gibson,,Matt Bonner,,,,,,offensive,,
George Hill,Jacque Vaughn,Kurt Thomas,Matt Bonner,Roger Mason,Daniel Gibson,Delonte West,Joe Smith,Mo Williams,Zydrunas Ilgauskas,4,10:22,SAS,turnover,,,,,,,,,,Matt Bonner,,,foul,,,,,
George Hill,Jacque Vaughn,Kurt Thomas,Matt Bonner,Roger Mason,Daniel Gibson,Delonte West,Joe Smith,Mo Williams,Zydrunas Ilgauskas,4,10:08,CLE,shot,,,,,,,,,,Zydrunas Ilgauskas,2,,,made,,fade away jumper,42,8
George Hill,Jacque Vaughn,Kurt Thomas,Matt Bonner,Roger Mason,Daniel Gibson,Delonte West,Joe Smith,Mo Williams,Zydrunas Ilgauskas,4,9:53,CLE,foul,,,,,,,,Matt Bonner,,Joe Smith,,,,,,personal,,
George Hill,Jacque Vaughn,Kurt Thomas,Matt Bonner,Roger Mason,Daniel Gibson,Delonte West,Joe Smith,Mo Williams,Zydrunas Ilgauskas,4,9:39,SAS,shot,,,,,,,,,,Roger Mason,,,,missed,,jump,45,11
George Hill,Jacque Vaughn,Kurt Thomas,Matt Bonner,Roger Mason,Daniel Gibson,Delonte West,Joe Smith,Mo Williams,Zydrunas Ilgauskas,4,9:38,CLE,rebound,,,,,,,,,,Mo Williams,,,,,,def,,
George Hill,Jacque Vaughn,Kurt Thomas,Matt Bonner,Roger Mason,Daniel Gibson,Delonte West,Joe Smith,Mo Williams,Zydrunas Ilgauskas,4,9:32,CLE,shot,,,,,,,,,,Mo Williams,2,,,made,,jump bank,40,13
George Hill,Jacque Vaughn,Kurt Thomas,Matt Bonner,Roger Mason,Daniel Gibson,Delonte West,Joe Smith,Mo Williams,Zydrunas Ilgauskas,4,9:14,SAS,turnover,,,,,,,,,,Jacque Vaughn,,,bad pass,,Joe Smith,,,
Drew Gooden,George Hill,Jacque Vaughn,Kurt Thomas,Roger Mason,Daniel Gibson,Delonte West,Joe Smith,Mo Williams,Zydrunas Ilgauskas,4,9:10,SAS,sub,,,,Drew Gooden,,Matt Bonner,,,,,,,,,,,,
Drew Gooden,George Hill,Jacque Vaughn,Kurt Thomas,Roger Mason,Daniel Gibson,Delonte West,LeBron James,Mo Williams,Zydrunas Ilgauskas,4,9:10,CLE,sub,,,,LeBron James,,Joe Smith,,,,,,,,,,,,
Drew Gooden,George Hill,Jacque Vaughn,Kurt Thomas,Roger Mason,Daniel Gibson,Delonte West,LeBron James,Mo Williams,Zydrunas Ilgauskas,4,8:58,CLE,shot,,,,,,,,,,LeBron James,,,,missed,,jump,36,27
Drew Gooden,George Hill,Jacque Vaughn,Kurt Thomas,Roger Mason,Daniel Gibson,Delonte West,LeBron James,Mo Williams,Zydrunas Ilgauskas,4,8:57,SAS,rebound,,,,,,,,,,Roger Mason,,,,,,def,,
Drew Gooden,George Hill,Jacque Vaughn,Kurt Thomas,Roger Mason,Daniel Gibson,Delonte West,LeBron James,Mo Williams,Zydrunas Ilgauskas,4,8:47,SAS,shot,Roger Mason,,,,,,,,,Jacque Vaughn,2,,,made,,jump,15,19
Drew Gooden,George Hill,Jacque Vaughn,Kurt Thomas,Roger Mason,Daniel Gibson,Delonte West,LeBron James,Mo Williams,Zydrunas Ilgauskas,4,8:27,CLE,turnover,,,,,,,,,,Delonte West,,,bad pass,,Kurt Thomas,,,
Drew Gooden,George Hill,Jacque Vaughn,Kurt Thomas,Roger Mason,Daniel Gibson,Delonte West,LeBron James,Mo Williams,Zydrunas Ilgauskas,4,8:20,SAS,shot,George Hill,,,,,,,,,Roger Mason,2,,,made,,jump,9,20
Drew Gooden,George Hill,Jacque Vaughn,Kurt Thomas,Roger Mason,Daniel Gibson,Delonte West,LeBron James,Mo Williams,Zydrunas Ilgauskas,4,8:20,CLE,foul,,,,,,,,Drew Gooden,,Daniel Gibson,,,,,,loose ball,,
Drew Gooden,George Hill,Jacque Vaughn,Kurt Thomas,Roger Mason,Daniel Gibson,Delonte West,LeBron James,Mo Williams,Zydrunas Ilgauskas,4,8:20,OFF,timeout,,,,,,,,,,,,,,,,official,,
Drew Gooden,George Hill,Jacque Vaughn,Roger Mason,Tony Parker,Daniel Gibson,Delonte West,LeBron James,Mo Williams,Zydrunas Ilgauskas,4,8:20,SAS,sub,,,,Tony Parker,,Kurt Thomas,,,,,,,,,,,,
Bruce Bowen,Drew Gooden,Jacque Vaughn,Roger Mason,Tony Parker,Daniel Gibson,Delonte West,LeBron James,Mo Williams,Zydrunas Ilgauskas,4,8:20,SAS,sub,,,,Bruce Bowen,,George Hill,,,,,,,,,,,,
Bruce Bowen,Drew Gooden,Roger Mason,Tim Duncan,Tony Parker,Daniel Gibson,Delonte West,LeBron James,Mo Williams,Zydrunas Ilgauskas,4,8:20,SAS,sub,,,,Tim Duncan,,Jacque Vaughn,,,,,,,,,,,,
Bruce Bowen,Drew Gooden,Roger Mason,Tim Duncan,Tony Parker,Delonte West,LeBron James,Mo Williams,Wally Szczerbiak,Zydrunas Ilgauskas,4,8:20,CLE,sub,,,,Wally Szczerbiak,,Daniel Gibson,,,,,,,,,,,,
Bruce Bowen,Drew Gooden,Roger Mason,Tim Duncan,Tony Parker,Delonte West,LeBron James,Mo Williams,Wally Szczerbiak,Zydrunas Ilgauskas,4,8:20,SAS,free throw,,,,,,,1,,1,Drew Gooden,,,foul,made,,,,
Bruce Bowen,Drew Gooden,Roger Mason,Tim Duncan,Tony Parker,Delonte West,LeBron James,Mo Williams,Wally Szczerbiak,Zydrunas Ilgauskas,4,7:56,CLE,shot,,,,,,,,,,Delonte West,2,,,made,,step back jump,17,25
Bruce Bowen,Drew Gooden,Roger Mason,Tim Duncan,Tony Parker,Delonte West,LeBron James,Mo Williams,Wally Szczerbiak,Zydrunas Ilgauskas,4,7:38,SAS,shot,,,,,,,,,,Roger Mason,2,,,made,,jump,15,26
Bruce Bowen,Drew Gooden,Roger Mason,Tim Duncan,Tony Parker,Delonte West,LeBron James,Mo Williams,Wally Szczerbiak,Zydrunas Ilgauskas,4,7:17,CLE,turnover,,,,,,,,,,Zydrunas Ilgauskas,,,3 second violation,,,,,
Bruce Bowen,Drew Gooden,Roger Mason,Tim Duncan,Tony Parker,Delonte West,Joe Smith,LeBron James,Mo Williams,Zydrunas Ilgauskas,4,7:17,CLE,sub,,,,Joe Smith,,Wally Szczerbiak,,,,,,,,,,,,
Bruce Bowen,Drew Gooden,Roger Mason,Tim Duncan,Tony Parker,Delonte West,Joe Smith,LeBron James,Mo Williams,Zydrunas Ilgauskas,4,7:07,SAS,shot,,,,,,,,,,Tony Parker,2,,,made,,jump,33,22
Bruce Bowen,Drew Gooden,Roger Mason,Tim Duncan,Tony Parker,Delonte West,Joe Smith,LeBron James,Mo Williams,Zydrunas Ilgauskas,4,6:40,CLE,shot,,,,,,,,,,LeBron James,2,,,made,,jump,8,20
Bruce Bowen,Drew Gooden,Roger Mason,Tim Duncan,Tony Parker,Delonte West,Joe Smith,LeBron James,Mo Williams,Zydrunas Ilgauskas,4,6:21,CLE,foul,,,,,,,,Drew Gooden,,Joe Smith,,,,,,personal,,
Bruce Bowen,Drew Gooden,Roger Mason,Tim Duncan,Tony Parker,Darnell Jackson,Delonte West,LeBron James,Mo Williams,Zydrunas Ilgauskas,4,6:21,CLE,sub,,,,Darnell Jackson,,Joe Smith,,,,,,,,,,,,
Bruce Bowen,Drew Gooden,Roger Mason,Tim Duncan,Tony Parker,Darnell Jackson,Delonte West,LeBron James,Mo Williams,Zydrunas Ilgauskas,4,6:14,SAS,shot,,,,,,,,,,Tim Duncan,,,,missed,,jump hook,32,15
Bruce Bowen,Drew Gooden,Roger Mason,Tim Duncan,Tony Parker,Darnell Jackson,Delonte West,LeBron James,Mo Williams,Zydrunas Ilgauskas,4,6:12,CLE,rebound,,,,,,,,,,Delonte West,,,,,,def,,
Bruce Bowen,Drew Gooden,Roger Mason,Tim Duncan,Tony Parker,Darnell Jackson,Delonte West,LeBron James,Mo Williams,Zydrunas Ilgauskas,4,6:07,SAS,foul,,,,,,,,Darnell Jackson,,Drew Gooden,,,,,,shooting,,
Bruce Bowen,Drew Gooden,Roger Mason,Tim Duncan,Tony Parker,Darnell Jackson,Delonte West,LeBron James,Mo Williams,Zydrunas Ilgauskas,4,6:07,CLE,free throw,,,,,,,1,,2,Darnell Jackson,,,foul,missed,,,,
Bruce Bowen,Drew Gooden,Roger Mason,Tim Duncan,Tony Parker,Darnell Jackson,Delonte West,LeBron James,Mo Williams,Zydrunas Ilgauskas,4,6:07,CLE,rebound,,,,,,,,,,,,,,,,,,
Bruce Bowen,Drew Gooden,Roger Mason,Tim Duncan,Tony Parker,Darnell Jackson,Delonte West,LeBron James,Mo Williams,Zydrunas Ilgauskas,4,6:07,CLE,free throw,,,,,,,2,,2,Darnell Jackson,,,foul,missed,,,,
Bruce Bowen,Drew Gooden,Roger Mason,Tim Duncan,Tony Parker,Darnell Jackson,Delonte West,LeBron James,Mo Williams,Zydrunas Ilgauskas,4,6:05,SAS,rebound,,,,,,,,,,Drew Gooden,,,,,,def,,
Bruce Bowen,Drew Gooden,Roger Mason,Tim Duncan,Tony Parker,Darnell Jackson,Delonte West,LeBron James,Mo Williams,Zydrunas Ilgauskas,4,5:51,SAS,shot,,,,,,,,,,Bruce Bowen,,,,missed,,layup,25,6
Bruce Bowen,Drew Gooden,Roger Mason,Tim Duncan,Tony Parker,Darnell Jackson,Delonte West,LeBron James,Mo Williams,Zydrunas Ilgauskas,4,5:50,CLE,rebound,,,,,,,,,,Zydrunas Ilgauskas,,,,,,def,,
Bruce Bowen,Drew Gooden,Roger Mason,Tim Duncan,Tony Parker,Darnell Jackson,Delonte West,LeBron James,Mo Williams,Zydrunas Ilgauskas,4,5:40,CLE,shot,Mo Williams,,,,,,,,,Delonte West,3,,,made,,3pt,2,9
Bruce Bowen,Drew Gooden,Roger Mason,Tim Duncan,Tony Parker,Darnell Jackson,Delonte West,LeBron James,Mo Williams,Zydrunas Ilgauskas,4,5:38,SAS,timeout,,,,,,,,,,,,,,,,regular,,
Bruce Bowen,Drew Gooden,Roger Mason,Tim Duncan,Tony Parker,Darnell Jackson,Delonte West,LeBron James,Mo Williams,Zydrunas Ilgauskas,4,5:27,SAS,shot,,,,,,,,,,Roger Mason,,,,missed,,jump,6,10
Bruce Bowen,Drew Gooden,Roger Mason,Tim Duncan,Tony Parker,Darnell Jackson,Delonte West,LeBron James,Mo Williams,Zydrunas Ilgauskas,4,5:26,CLE,rebound,,,,,,,,,,Mo Williams,,,,,,def,,
Bruce Bowen,Drew Gooden,Roger Mason,Tim Duncan,Tony Parker,Darnell Jackson,Delonte West,LeBron James,Mo Williams,Zydrunas Ilgauskas,4,5:09,CLE,shot,LeBron James,,,,,,,,,Delonte West,3,,,made,,3pt,2,7
Bruce Bowen,Drew Gooden,Roger Mason,Tim Duncan,Tony Parker,Darnell Jackson,Delonte West,LeBron James,Mo Williams,Zydrunas Ilgauskas,4,4:48,SAS,shot,,,,,,,,,,Drew Gooden,,,,missed,,jump hook,17,9
Bruce Bowen,Drew Gooden,Roger Mason,Tim Duncan,Tony Parker,Darnell Jackson,Delonte West,LeBron James,Mo Williams,Zydrunas Ilgauskas,4,4:45,CLE,rebound,,,,,,,,,,LeBron James,,,,,,def,,
Bruce Bowen,Drew Gooden,Roger Mason,Tim Duncan,Tony Parker,Darnell Jackson,Delonte West,LeBron James,Mo Williams,Zydrunas Ilgauskas,4,4:40,CLE,shot,,,,,,,,,,LeBron James,,,,missed,,3pt,9,30
Bruce Bowen,Drew Gooden,Roger Mason,Tim Duncan,Tony Parker,Darnell Jackson,Delonte West,LeBron James,Mo Williams,Zydrunas Ilgauskas,4,4:39,SAS,rebound,,,,,,,,,,,,,,,,,,
Bruce Bowen,Drew Gooden,Roger Mason,Tim Duncan,Tony Parker,Darnell Jackson,Delonte West,LeBron James,Mo Williams,Zydrunas Ilgauskas,4,4:23,SAS,shot,,,,,,,,,,Bruce Bowen,,,,missed,,jump,30,24
Bruce Bowen,Drew Gooden,Roger Mason,Tim Duncan,Tony Parker,Darnell Jackson,Delonte West,LeBron James,Mo Williams,Zydrunas Ilgauskas,4,4:22,CLE,rebound,,,,,,,,,,Zydrunas Ilgauskas,,,,,,def,,
Bruce Bowen,Drew Gooden,Roger Mason,Tim Duncan,Tony Parker,Darnell Jackson,Delonte West,LeBron James,Mo Williams,Zydrunas Ilgauskas,4,4:15,SAS,foul,,,,,,,,Mo Williams,,Tony Parker,,,,,,personal,,
Bruce Bowen,Drew Gooden,Matt Bonner,Roger Mason,Tony Parker,Darnell Jackson,Delonte West,LeBron James,Mo Williams,Zydrunas Ilgauskas,4,4:15,SAS,sub,,,,Matt Bonner,,Tim Duncan,,,,,,,,,,,,
Bruce Bowen,Drew Gooden,Matt Bonner,Roger Mason,Tony Parker,Darnell Jackson,Delonte West,LeBron James,Mo Williams,Zydrunas Ilgauskas,4,3:59,CLE,shot,,,,,,,,,,LeBron James,3,,,made,,3pt,49,6
Bruce Bowen,Drew Gooden,Matt Bonner,Roger Mason,Tony Parker,Darnell Jackson,Delonte West,LeBron James,Mo Williams,Zydrunas Ilgauskas,4,3:44,SAS,shot,,,,,,,,,,Tony Parker,,,,missed,,jump,39,22
Bruce Bowen,Drew Gooden,Matt Bonner,Roger Mason,Tony Parker,Darnell Jackson,Delonte West,LeBron James,Mo Williams,Zydrunas Ilgauskas,4,3:44,CLE,rebound,,,,,,,,,,Delonte West,,,,,,def,,
Bruce Bowen,Drew Gooden,Matt Bonner,Roger Mason,Tony Parker,Darnell Jackson,Delonte West,LeBron James,Mo Williams,Zydrunas Ilgauskas,4,3:21,CLE,shot,,,,,,,,,,Delonte West,,,,missed,,jump,29,15
Bruce Bowen,Drew Gooden,Matt Bonner,Roger Mason,Tony Parker,Darnell Jackson,Delonte West,LeBron James,Mo Williams,Zydrunas Ilgauskas,4,3:19,SAS,rebound,,,,,,,,,,Drew Gooden,,,,,,def,,
Bruce Bowen,Drew Gooden,Matt Bonner,Roger Mason,Tony Parker,Darnell Jackson,Delonte West,LeBron James,Mo Williams,Zydrunas Ilgauskas,4,3:10,SAS,shot,,,,,,,,,,Tony Parker,2,,,made,,driving layup,25,5
Bruce Bowen,Drew Gooden,Matt Bonner,Roger Mason,Tony Parker,Darnell Jackson,Delonte West,LeBron James,Mo Williams,Zydrunas Ilgauskas,4,2:57,SAS,foul,,,,,,,,Delonte West,,Tony Parker,,,,,,personal,,
Bruce Bowen,Drew Gooden,Matt Bonner,Roger Mason,Tony Parker,Darnell Jackson,Delonte West,LeBron James,Mo Williams,Zydrunas Ilgauskas,4,2:57,CLE,timeout,,,,,,,,,,,,,,,,regular,,
Bruce Bowen,Drew Gooden,George Hill,Roger Mason,Tony Parker,Darnell Jackson,Delonte West,LeBron James,Mo Williams,Zydrunas Ilgauskas,4,2:57,SAS,sub,,,,George Hill,,Matt Bonner,,,,,,,,,,,,
Bruce Bowen,Drew Gooden,George Hill,Jacque Vaughn,Roger Mason,Darnell Jackson,Delonte West,LeBron James,Mo Williams,Zydrunas Ilgauskas,4,2:57,SAS,sub,,,,Jacque Vaughn,,Tony Parker,,,,,,,,,,,,
Bruce Bowen,George Hill,Ime Udoka,Jacque Vaughn,Roger Mason,Darnell Jackson,Delonte West,LeBron James,Mo Williams,Zydrunas Ilgauskas,4,2:57,SAS,sub,,,,Ime Udoka,,Drew Gooden,,,,,,,,,,,,
George Hill,Ime Udoka,Jacque Vaughn,Kurt Thomas,Roger Mason,Darnell Jackson,Delonte West,LeBron James,Mo Williams,Zydrunas Ilgauskas,4,2:57,SAS,sub,,,,Kurt Thomas,,Bruce Bowen,,,,,,,,,,,,
George Hill,Ime Udoka,Jacque Vaughn,Kurt Thomas,Roger Mason,Darnell Jackson,Delonte West,Mo Williams,Wally Szczerbiak,Zydrunas Ilgauskas,4,2:57,CLE,sub,,,,Wally Szczerbiak,,LeBron James,,,,,,,,,,,,
George Hill,Ime Udoka,Jacque Vaughn,Kurt Thomas,Roger Mason,Darnell Jackson,Delonte West,J.J. Hickson,Mo Williams,Wally Szczerbiak,4,2:57,CLE,sub,,,,J.J. Hickson,,Zydrunas Ilgauskas,,,,,,,,,,,,
George Hill,Ime Udoka,Jacque Vaughn,Kurt Thomas,Roger Mason,Daniel Gibson,Darnell Jackson,Delonte West,J.J. Hickson,Wally Szczerbiak,4,2:57,CLE,sub,,,,Daniel Gibson,,Mo Williams,,,,,,,,,,,,
George Hill,Ime Udoka,Jacque Vaughn,Kurt Thomas,Roger Mason,Daniel Gibson,Darnell Jackson,Delonte West,J.J. Hickson,Wally Szczerbiak,4,2:50,CLE,shot,,,,,,,,,,Delonte West,2,,,made,,driving layup,26,6
George Hill,Ime Udoka,Jacque Vaughn,Kurt Thomas,Roger Mason,Daniel Gibson,Darnell Jackson,Delonte West,J.J. Hickson,Wally Szczerbiak,4,2:32,SAS,shot,,,,,,,,,,Ime Udoka,,,,missed,,layup,26,7
George Hill,Ime Udoka,Jacque Vaughn,Kurt Thomas,Roger Mason,Daniel Gibson,Darnell Jackson,Delonte West,J.J. Hickson,Wally Szczerbiak,4,2:31,CLE,rebound,,,,,,,,,,J.J. Hickson,,,,,,def,,
George Hill,Ime Udoka,Jacque Vaughn,Kurt Thomas,Roger Mason,Daniel Gibson,Darnell Jackson,Delonte West,J.J. Hickson,Wally Szczerbiak,4,2:25,SAS,violation,,,,,,,,,,George Hill,,,,,,kicked ball,,
George Hill,Ime Udoka,Jacque Vaughn,Kurt Thomas,Roger Mason,Daniel Gibson,Darnell Jackson,Delonte West,J.J. Hickson,Wally Szczerbiak,4,2:20,SAS,foul,,,,,,,,Darnell Jackson,,Ime Udoka,,,,,,shooting,,
George Hill,Ime Udoka,Jacque Vaughn,Kurt Thomas,Roger Mason,Daniel Gibson,Darnell Jackson,Delonte West,J.J. Hickson,Wally Szczerbiak,4,2:20,CLE,free throw,,,,,,,1,,2,Darnell Jackson,,,foul,made,,,,
George Hill,Ime Udoka,Jacque Vaughn,Kurt Thomas,Roger Mason,Daniel Gibson,Darnell Jackson,Delonte West,J.J. Hickson,Wally Szczerbiak,4,2:20,CLE,free throw,,,,,,,2,,2,Darnell Jackson,,,foul,made,,,,
George Hill,Ime Udoka,Jacque Vaughn,Kurt Thomas,Roger Mason,Daniel Gibson,Darnell Jackson,Delonte West,J.J. Hickson,Wally Szczerbiak,4,2:07,SAS,shot,,,,,,,,,,Kurt Thomas,,,,missed,,jump,42,11
George Hill,Ime Udoka,Jacque Vaughn,Kurt Thomas,Roger Mason,Daniel Gibson,Darnell Jackson,Delonte West,J.J. Hickson,Wally Szczerbiak,4,2:05,CLE,rebound,,,,,,,,,,Darnell Jackson,,,,,,def,,
George Hill,Ime Udoka,Jacque Vaughn,Kurt Thomas,Roger Mason,Daniel Gibson,Darnell Jackson,Delonte West,J.J. Hickson,Wally Szczerbiak,4,1:47,CLE,shot,,,,,,,,,,Delonte West,2,,,made,,jump,39,13
George Hill,Ime Udoka,Jacque Vaughn,Kurt Thomas,Roger Mason,Daniel Gibson,Darnell Jackson,Delonte West,J.J. Hickson,Wally Szczerbiak,4,1:30,SAS,shot,,,,,,,,,,George Hill,,,,missed,,jump,42,9
George Hill,Ime Udoka,Jacque Vaughn,Kurt Thomas,Roger Mason,Daniel Gibson,Darnell Jackson,Delonte West,J.J. Hickson,Wally Szczerbiak,4,1:28,SAS,rebound,,,,,,,,,,George Hill,,,,,,off,,
George Hill,Ime Udoka,Jacque Vaughn,Kurt Thomas,Roger Mason,Daniel Gibson,Darnell Jackson,Delonte West,J.J. Hickson,Wally Szczerbiak,4,1:15,SAS,shot,,,,,,,,,,Ime Udoka,,,,missed,,3pt,2,7
George Hill,Ime Udoka,Jacque Vaughn,Kurt Thomas,Roger Mason,Daniel Gibson,Darnell Jackson,Delonte West,J.J. Hickson,Wally Szczerbiak,4,1:14,CLE,rebound,,,,,,,,,,Delonte West,,,,,,def,,
George Hill,Ime Udoka,Jacque Vaughn,Kurt Thomas,Roger Mason,Daniel Gibson,Darnell Jackson,Delonte West,J.J. Hickson,Wally Szczerbiak,4,1:07,CLE,turnover,,,,,,,,,,Delonte West,,,bad pass,,,,,
George Hill,Ime Udoka,Jacque Vaughn,Kurt Thomas,Roger Mason,Daniel Gibson,Darnell Jackson,J.J. Hickson,Tarence Kinsey,Wally Szczerbiak,4,1:07,CLE,sub,,,,Tarence Kinsey,,Delonte West,,,,,,,,,,,,
George Hill,Ime Udoka,Jacque Vaughn,Kurt Thomas,Roger Mason,Daniel Gibson,Darnell Jackson,J.J. Hickson,Tarence Kinsey,Wally Szczerbiak,4,0:49,SAS,shot,,,,,,,,,,Roger Mason,2,,,made,,driving finger roll layup,26,8
George Hill,Ime Udoka,Jacque Vaughn,Kurt Thomas,Roger Mason,Daniel Gibson,Darnell Jackson,J.J. Hickson,Tarence Kinsey,Wally Szczerbiak,4,0:44,CLE,turnover,,,,,,,,,,Wally Szczerbiak,,,bad pass,,Roger Mason,,,
George Hill,Ime Udoka,Jacque Vaughn,Kurt Thomas,Roger Mason,Daniel Gibson,Darnell Jackson,J.J. Hickson,Tarence Kinsey,Wally Szczerbiak,4,0:38,SAS,shot,,,,,,,,,,Roger Mason,,,,missed,,jump,36,22
George Hill,Ime Udoka,Jacque Vaughn,Kurt Thomas,Roger Mason,Daniel Gibson,Darnell Jackson,J.J. Hickson,Tarence Kinsey,Wally Szczerbiak,4,0:37,SAS,rebound,,,,,,,,,,Kurt Thomas,,,,,,off,,
George Hill,Ime Udoka,Jacque Vaughn,Kurt Thomas,Roger Mason,Daniel Gibson,Darnell Jackson,J.J. Hickson,Tarence Kinsey,Wally Szczerbiak,4,0:27,SAS,shot,,,,,,,,,,Ime Udoka,,,,missed,,layup,25,7
George Hill,Ime Udoka,Jacque Vaughn,Kurt Thomas,Roger Mason,Daniel Gibson,Darnell Jackson,J.J. Hickson,Tarence Kinsey,Wally Szczerbiak,4,0:24,SAS,shot,,,,,,,,,,Kurt Thomas,,,,missed,,layup,25,5
George Hill,Ime Udoka,Jacque Vaughn,Kurt Thomas,Roger Mason,Daniel Gibson,Darnell Jackson,J.J. Hickson,Tarence Kinsey,Wally Szczerbiak,4,0:24,SAS,rebound,,,,,,,,,,Kurt Thomas,,,,,,off,,
George Hill,Ime Udoka,Jacque Vaughn,Kurt Thomas,Roger Mason,Daniel Gibson,Darnell Jackson,J.J. Hickson,Tarence Kinsey,Wally Szczerbiak,4,0:24,SAS,shot,,,,,,,,,,Kurt Thomas,,,,missed,,layup,25,5
George Hill,Ime Udoka,Jacque Vaughn,Kurt Thomas,Roger Mason,Daniel Gibson,Darnell Jackson,J.J. Hickson,Tarence Kinsey,Wally Szczerbiak,4,0:24,SAS,rebound,,,,,,,,,,Kurt Thomas,,,,,,off,,
George Hill,Ime Udoka,Jacque Vaughn,Kurt Thomas,Roger Mason,Daniel Gibson,Darnell Jackson,J.J. Hickson,Tarence Kinsey,Wally Szczerbiak,4,0:24,SAS,shot,,,,,,,,,,Kurt Thomas,2,,,made,,layup,25,6
George Hill,Ime Udoka,Jacque Vaughn,Kurt Thomas,Roger Mason,Daniel Gibson,Darnell Jackson,J.J. Hickson,Tarence Kinsey,Wally Szczerbiak,4,0:24,SAS,rebound,,,,,,,,,,Kurt Thomas,,,,,,off,,
George Hill,Ime Udoka,Jacque Vaughn,Kurt Thomas,Roger Mason,Daniel Gibson,Darnell Jackson,J.J. Hickson,Tarence Kinsey,Wally Szczerbiak,4,0:00,CLE,turnover,,,,,,,,,,,,,shot clock turnover,,,,,
