a1,a2,a3,a4,a5,h1,h2,h3,h4,h5,period,time,team,etype,assist,away,block,entered,home,left,num,opponent,outof,player,points,possession,reason,result,steal,type,x,y
Courtney Lee,Dwight Howard,Hedo Turkoglu,Rafer Alston,Rashard Lewis,Anderson Varejao,Delonte West,LeBron James,Mo Williams,Zydrunas Ilgauskas,1,12:00,OFF,jump ball,,Dwight Howard,,,Zydrunas Ilgauskas,,,,,,,Mo Williams,,,,,,
Courtney Lee,Dwight Howard,Hedo Turkoglu,Rafer Alston,Rashard Lewis,Anderson Varejao,Delonte West,LeBron James,Mo Williams,Zydrunas Ilgauskas,1,11:37,CLE,shot,,,,,,,,,,Anderson Varejao,,,,missed,,fade away jumper,30,11
Courtney Lee,Dwight Howard,Hedo Turkoglu,Rafer Alston,Rashard Lewis,Anderson Varejao,Delonte West,LeBron James,Mo Williams,Zydrunas Ilgauskas,1,11:36,ORL,rebound,,,,,,,,,,Rafer Alston,,,,,,def,,
Courtney Lee,Dwight Howard,Hedo Turkoglu,Rafer Alston,Rashard Lewis,Anderson Varejao,Delonte West,LeBron James,Mo Williams,Zydrunas Ilgauskas,1,11:23,ORL,shot,,,,,,,,,,Rashard Lewis,,,,missed,,jump,7,5
Courtney Lee,Dwight Howard,Hedo Turkoglu,Rafer Alston,Rashard Lewis,Anderson Varejao,Delonte West,LeBron James,Mo Williams,Zydrunas Ilgauskas,1,11:22,CLE,rebound,,,,,,,,,,Mo Williams,,,,,,def,,
Courtney Lee,Dwight Howard,Hedo Turkoglu,Rafer Alston,Rashard Lewis,Anderson Varejao,Delonte West,LeBron James,Mo Williams,Zydrunas Ilgauskas,1,11:15,CLE,shot,LeBron James,,,,,,,,,Zydrunas Ilgauskas,2,,,made,,jump,37,20
Courtney Lee,Dwight Howard,Hedo Turkoglu,Rafer Alston,Rashard Lewis,Anderson Varejao,Delonte West,LeBron James,Mo Williams,Zydrunas Ilgauskas,1,11:04,ORL,shot,,,,,,,,,,Rafer Alston,,,,missed,,3pt,10,26
Courtney Lee,Dwight Howard,Hedo Turkoglu,Rafer Alston,Rashard Lewis,Anderson Varejao,Delonte West,LeBron James,Mo Williams,Zydrunas Ilgauskas,1,11:03,CLE,rebound,,,,,,,,,,Zydrunas Ilgauskas,,,,,,def,,
Courtney Lee,Dwight Howard,Hedo Turkoglu,Rafer Alston,Rashard Lewis,Anderson Varejao,Delonte West,LeBron James,Mo Williams,Zydrunas Ilgauskas,1,10:58,CLE,shot,,,,,,,,,,LeBron James,2,,,made,,jump,25,24
Courtney Lee,Dwight Howard,Hedo Turkoglu,Rafer Alston,Rashard Lewis,Anderson Varejao,Delonte West,LeBron James,Mo Williams,Zydrunas Ilgauskas,1,10:41,ORL,shot,,,,,,,,,,Courtney Lee,,,,missed,,turnaround jump,17,17
Courtney Lee,Dwight Howard,Hedo Turkoglu,Rafer Alston,Rashard Lewis,Anderson Varejao,Delonte West,LeBron James,Mo Williams,Zydrunas Ilgauskas,1,10:39,CLE,rebound,,,,,,,,,,Zydrunas Ilgauskas,,,,,,def,,
Courtney Lee,Dwight Howard,Hedo Turkoglu,Rafer Alston,Rashard Lewis,Anderson Varejao,Delonte West,LeBron James,Mo Williams,Zydrunas Ilgauskas,1,10:32,CLE,shot,,,,,,,,,,LeBron James,,,,missed,,jump,40,23
Courtney Lee,Dwight Howard,Hedo Turkoglu,Rafer Alston,Rashard Lewis,Anderson Varejao,Delonte West,LeBron James,Mo Williams,Zydrunas Ilgauskas,1,10:31,ORL,rebound,,,,,,,,,,Hedo Turkoglu,,,,,,def,,
Courtney Lee,Dwight Howard,Hedo Turkoglu,Rafer Alston,Rashard Lewis,Anderson Varejao,Delonte West,LeBron James,Mo Williams,Zydrunas Ilgauskas,1,10:19,ORL,shot,Dwight Howard,,,,,,,,,Courtney Lee,2,,,made,,dunk,26,6
Courtney Lee,Dwight Howard,Hedo Turkoglu,Rafer Alston,Rashard Lewis,Anderson Varejao,Delonte West,LeBron James,Mo Williams,Zydrunas Ilgauskas,1,9:58,CLE,shot,,,Dwight Howard,,,,,,,Delonte West,,,,missed,,layup,27,7
Courtney Lee,Dwight Howard,Hedo Turkoglu,Rafer Alston,Rashard Lewis,Anderson Varejao,Delonte West,LeBron James,Mo Williams,Zydrunas Ilgauskas,1,9:58,CLE,rebound,,,,,,,,,,,,,,,,,,
Courtney Lee,Dwight Howard,Hedo Turkoglu,Rafer Alston,Rashard Lewis,Anderson Varejao,Delonte West,LeBron James,Mo Williams,Zydrunas Ilgauskas,1,9:54,CLE,shot,,,,,,,,,,Zydrunas Ilgauskas,,,,missed,,jump,45,10
Courtney Lee,Dwight Howard,Hedo Turkoglu,Rafer Alston,Rashard Lewis,Anderson Varejao,Delonte West,LeBron James,Mo Williams,Zydrunas Ilgauskas,1,9:53,CLE,rebound,,,,,,,,,,Anderson Varejao,,,,,,off,,
Courtney Lee,Dwight Howard,Hedo Turkoglu,Rafer Alston,Rashard Lewis,Anderson Varejao,Delonte West,LeBron James,Mo Williams,Zydrunas Ilgauskas,1,9:35,CLE,shot,,,,,,,,,,Mo Williams,,,,missed,,3pt,15,31
Courtney Lee,Dwight Howard,Hedo Turkoglu,Rafer Alston,Rashard Lewis,Anderson Varejao,Delonte West,LeBron James,Mo Williams,Zydrunas Ilgauskas,1,9:34,CLE,rebound,,,,,,,,,,Delonte West,,,,,,off,,
Courtney Lee,Dwight Howard,Hedo Turkoglu,Rafer Alston,Rashard Lewis,Anderson Varejao,Delonte West,LeBron James,Mo Williams,Zydrunas Ilgauskas,1,9:32,CLE,shot,,,,,,,,,,Delonte West,2,,,made,,putback layup,25,7
Courtney Lee,Dwight Howard,Hedo Turkoglu,Rafer Alston,Rashard Lewis,Anderson Varejao,Delonte West,LeBron James,Mo Williams,Zydrunas Ilgauskas,1,9:19,ORL,shot,,,,,,,,,,Courtney Lee,,,,missed,,3pt,2,9
Courtney Lee,Dwight Howard,Hedo Turkoglu,Rafer Alston,Rashard Lewis,Anderson Varejao,Delonte West,LeBron James,Mo Williams,Zydrunas Ilgauskas,1,9:18,CLE,rebound,,,,,,,,,,Zydrunas Ilgauskas,,,,,,def,,
Courtney Lee,Dwight Howard,Hedo Turkoglu,Rafer Alston,Rashard Lewis,Anderson Varejao,Delonte West,LeBron James,Mo Williams,Zydrunas Ilgauskas,1,9:03,CLE,shot,Mo Williams,,,,,,,,,Anderson Varejao,2,,,made,,jump,13,20
Courtney Lee,Dwight Howard,Hedo Turkoglu,Rafer Alston,Rashard Lewis,Anderson Varejao,Delonte West,LeBron James,Mo Williams,Zydrunas Ilgauskas,1,8:36,ORL,shot,Rashard Lewis,,,,,,,,,Courtney Lee,3,,,made,,3pt,34,28
Courtney Lee,Dwight Howard,Hedo Turkoglu,Rafer Alston,Rashard Lewis,Anderson Varejao,Delonte West,LeBron James,Mo Williams,Zydrunas Ilgauskas,1,8:14,CLE,shot,,,,,,,,,,Delonte West,2,,,made,,jump,18,22
Courtney Lee,Dwight Howard,Hedo Turkoglu,Rafer Alston,Rashard Lewis,Anderson Varejao,Delonte West,LeBron James,Mo Williams,Zydrunas Ilgauskas,1,8:07,ORL,turnover,,,,,,,,,,Rafer Alston,,,bad pass,,Mo Williams,,,
Courtney Lee,Dwight Howard,Hedo Turkoglu,Rafer Alston,Rashard Lewis,Anderson Varejao,Delonte West,LeBron James,Mo Williams,Zydrunas Ilgauskas,1,8:01,CLE,shot,,,,,,,,,,Mo Williams,2,,,made,,layup,26,6
Courtney Lee,Dwight Howard,Hedo Turkoglu,Rafer Alston,Rashard Lewis,Anderson Varejao,Delonte West,LeBron James,Mo Williams,Zydrunas Ilgauskas,1,7:50,ORL,shot,Dwight Howard,,,,,,,,,Rafer Alston,2,,,made,,reverse layup,24,7
Courtney Lee,Dwight Howard,Hedo Turkoglu,Rafer Alston,Rashard Lewis,Anderson Varejao,Delonte West,LeBron James,Mo Williams,Zydrunas Ilgauskas,1,7:23,CLE,shot,Mo Williams,,,,,,,,,LeBron James,2,,,made,,jump,41,22
Courtney Lee,Dwight Howard,Hedo Turkoglu,Rafer Alston,Rashard Lewis,Anderson Varejao,Delonte West,LeBron James,Mo Williams,Zydrunas Ilgauskas,1,7:06,ORL,shot,,,,,,,,,,Dwight Howard,2,,,made,,running hook,19,12
Courtney Lee,Dwight Howard,Hedo Turkoglu,Rafer Alston,Rashard Lewis,Anderson Varejao,Delonte West,LeBron James,Mo Williams,Zydrunas Ilgauskas,1,6:32,CLE,shot,,,,,,,,,,Delonte West,2,,,made,,jump,9,8
Courtney Lee,Dwight Howard,Hedo Turkoglu,Rafer Alston,Rashard Lewis,Anderson Varejao,Delonte West,LeBron James,Mo Williams,Zydrunas Ilgauskas,1,6:19,ORL,shot,,,,,,,,,,Hedo Turkoglu,,,,missed,,running jump,21,11
Courtney Lee,Dwight Howard,Hedo Turkoglu,Rafer Alston,Rashard Lewis,Anderson Varejao,Delonte West,LeBron James,Mo Williams,Zydrunas Ilgauskas,1,6:18,CLE,rebound,,,,,,,,,,Anderson Varejao,,,,,,def,,
Courtney Lee,Dwight Howard,Hedo Turkoglu,Rafer Alston,Rashard Lewis,Anderson Varejao,Delonte West,LeBron James,Mo Williams,Zydrunas Ilgauskas,1,6:10,CLE,shot,,,,,,,,,,Delonte West,,,,missed,,3pt,39,27
Courtney Lee,Dwight Howard,Hedo Turkoglu,Rafer Alston,Rashard Lewis,Anderson Varejao,Delonte West,LeBron James,Mo Williams,Zydrunas Ilgauskas,1,6:09,ORL,rebound,,,,,,,,,,Hedo Turkoglu,,,,,,def,,
Courtney Lee,Dwight Howard,Hedo Turkoglu,Rafer Alston,Rashard Lewis,Anderson Varejao,Delonte West,LeBron James,Mo Williams,Zydrunas Ilgauskas,1,6:08,CLE,foul,,,,,,,,Hedo Turkoglu,,Delonte West,,,,,,personal,,
Courtney Lee,Dwight Howard,Hedo Turkoglu,Rafer Alston,Rashard Lewis,Anderson Varejao,Delonte West,LeBron James,Mo Williams,Zydrunas Ilgauskas,1,6:08,ORL,timeout,,,,,,,,,,,,,,,,regular,,
Courtney Lee,Dwight Howard,Mickael Pietrus,Rafer Alston,Rashard Lewis,Anderson Varejao,Delonte West,LeBron James,Mo Williams,Zydrunas Ilgauskas,1,6:08,ORL,sub,,,,Mickael Pietrus,,Hedo Turkoglu,,,,,,,,,,,,
Courtney Lee,Dwight Howard,Mickael Pietrus,Rafer Alston,Rashard Lewis,Anderson Varejao,Delonte West,LeBron James,Mo Williams,Zydrunas Ilgauskas,1,5:56,ORL,shot,,,,,,,,,,Rashard Lewis,,,,missed,,3pt,41,25
Courtney Lee,Dwight Howard,Mickael Pietrus,Rafer Alston,Rashard Lewis,Anderson Varejao,Delonte West,LeBron James,Mo Williams,Zydrunas Ilgauskas,1,5:55,CLE,rebound,,,,,,,,,,LeBron James,,,,,,def,,
Courtney Lee,Dwight Howard,Mickael Pietrus,Rafer Alston,Rashard Lewis,Anderson Varejao,Delonte West,LeBron James,Mo Williams,Zydrunas Ilgauskas,1,5:50,ORL,foul,,,,,,,,LeBron James,,Courtney Lee,,,,,,shooting,,
Courtney Lee,Dwight Howard,Mickael Pietrus,Rafer Alston,Rashard Lewis,Anderson Varejao,Delonte West,LeBron James,Mo Williams,Zydrunas Ilgauskas,1,5:50,CLE,free throw,,,,,,,1,,2,LeBron James,,,foul,made,,,,
Courtney Lee,Dwight Howard,Mickael Pietrus,Rafer Alston,Rashard Lewis,Anderson Varejao,Delonte West,LeBron James,Mo Williams,Zydrunas Ilgauskas,1,5:50,CLE,free throw,,,,,,,2,,2,LeBron James,,,foul,made,,,,
Courtney Lee,Dwight Howard,Mickael Pietrus,Rafer Alston,Rashard Lewis,Anderson Varejao,Delonte West,LeBron James,Mo Williams,Zydrunas Ilgauskas,1,5:37,ORL,shot,,,,,,,,,,Rafer Alston,,,,missed,,jump,35,25
Courtney Lee,Dwight Howard,Mickael Pietrus,Rafer Alston,Rashard Lewis,Anderson Varejao,Delonte West,LeBron James,Mo Williams,Zydrunas Ilgauskas,1,5:36,CLE,rebound,,,,,,,,,,LeBron James,,,,,,def,,
Courtney Lee,Dwight Howard,Mickael Pietrus,Rafer Alston,Rashard Lewis,Anderson Varejao,Delonte West,LeBron James,Mo Williams,Zydrunas Ilgauskas,1,5:29,CLE,shot,,,,,,,,,,LeBron James,,,,missed,,jump,21,13
Courtney Lee,Dwight Howard,Mickael Pietrus,Rafer Alston,Rashard Lewis,Anderson Varejao,Delonte West,LeBron James,Mo Williams,Zydrunas Ilgauskas,1,5:27,CLE,rebound,,,,,,,,,,Zydrunas Ilgauskas,,,,,,off,,
Courtney Lee,Dwight Howard,Mickael Pietrus,Rafer Alston,Rashard Lewis,Anderson Varejao,Delonte West,LeBron James,Mo Williams,Zydrunas Ilgauskas,1,5:25,CLE,shot,,,,,,,,,,Zydrunas Ilgauskas,,,,missed,,jump,21,9
Courtney Lee,Dwight Howard,Mickael Pietrus,Rafer Alston,Rashard Lewis,Anderson Varejao,Delonte West,LeBron James,Mo Williams,Zydrunas Ilgauskas,1,5:23,ORL,rebound,,,,,,,,,,Rafer Alston,,,,,,def,,
Courtney Lee,Dwight Howard,Mickael Pietrus,Rafer Alston,Rashard Lewis,Anderson Varejao,Delonte West,LeBron James,Mo Williams,Zydrunas Ilgauskas,1,5:22,ORL,turnover,,,,,,,,,,Rafer Alston,,,bad pass,,Anderson Varejao,,,
Courtney Lee,Dwight Howard,Mickael Pietrus,Rafer Alston,Rashard Lewis,Anderson Varejao,Delonte West,LeBron James,Mo Williams,Zydrunas Ilgauskas,1,5:18,CLE,turnover,,,,,,,,,,Anderson Varejao,,,lost ball,,Rafer Alston,,,
Courtney Lee,Dwight Howard,Mickael Pietrus,Rafer Alston,Rashard Lewis,Anderson Varejao,Delonte West,LeBron James,Mo Williams,Zydrunas Ilgauskas,1,5:15,ORL,shot,Rafer Alston,,,,,,,,,Rashard Lewis,2,,,made,,dunk,24,5
Courtney Lee,Dwight Howard,Mickael Pietrus,Rafer Alston,Rashard Lewis,Anderson Varejao,Delonte West,LeBron James,Mo Williams,Zydrunas Ilgauskas,1,4:59,CLE,shot,,,,,,,,,,Zydrunas Ilgauskas,,,,missed,,jump,45,6
Courtney Lee,Dwight Howard,Mickael Pietrus,Rafer Alston,Rashard Lewis,Anderson Varejao,Delonte West,LeBron James,Mo Williams,Zydrunas Ilgauskas,1,4:58,CLE,rebound,,,,,,,,,,LeBron James,,,,,,off,,
Courtney Lee,Dwight Howard,Mickael Pietrus,Rafer Alston,Rashard Lewis,Anderson Varejao,Delonte West,LeBron James,Mo Williams,Zydrunas Ilgauskas,1,4:56,CLE,shot,,,,,,,,,,LeBron James,2,,,made,,putback layup,25,6
Courtney Lee,Dwight Howard,Mickael Pietrus,Rafer Alston,Rashard Lewis,Anderson Varejao,Delonte West,LeBron James,Mo Williams,Zydrunas Ilgauskas,1,4:37,ORL,turnover,,,,,,,,,,Dwight Howard,,,bad pass,,LeBron James,,,
Courtney Lee,Dwight Howard,Mickael Pietrus,Rafer Alston,Rashard Lewis,Anderson Varejao,Delonte West,LeBron James,Mo Williams,Zydrunas Ilgauskas,1,4:30,CLE,shot,LeBron James,,,,,,,,,Anderson Varejao,2,,,made,,reverse layup,25,6
Courtney Lee,Dwight Howard,Mickael Pietrus,Rafer Alston,Rashard Lewis,Anderson Varejao,Delonte West,LeBron James,Mo Williams,Zydrunas Ilgauskas,1,4:11,ORL,shot,,,,,,,,,,Rashard Lewis,,,,missed,,3pt,14,29
Courtney Lee,Dwight Howard,Mickael Pietrus,Rafer Alston,Rashard Lewis,Anderson Varejao,Delonte West,LeBron James,Mo Williams,Zydrunas Ilgauskas,1,4:10,CLE,rebound,,,,,,,,,,Anderson Varejao,,,,,,def,,
Courtney Lee,Dwight Howard,Mickael Pietrus,Rafer Alston,Rashard Lewis,Anderson Varejao,Delonte West,LeBron James,Mo Williams,Zydrunas Ilgauskas,1,3:58,CLE,turnover,,,,,,,,,,LeBron James,,,bad pass,,Courtney Lee,,,
Courtney Lee,Dwight Howard,Mickael Pietrus,Rafer Alston,Rashard Lewis,Anderson Varejao,Delonte West,LeBron James,Mo Williams,Zydrunas Ilgauskas,1,3:53,ORL,shot,,,,,,,,,,Courtney Lee,2,,,made,,layup,25,5
Courtney Lee,Dwight Howard,Mickael Pietrus,Rafer Alston,Rashard Lewis,Anderson Varejao,Delonte West,LeBron James,Mo Williams,Zydrunas Ilgauskas,1,3:28,CLE,shot,,,,,,,,,,Mo Williams,,,,missed,,jump,37,18
Courtney Lee,Dwight Howard,Mickael Pietrus,Rafer Alston,Rashard Lewis,Anderson Varejao,Delonte West,LeBron James,Mo Williams,Zydrunas Ilgauskas,1,3:26,ORL,rebound,,,,,,,,,,Dwight Howard,,,,,,def,,
Courtney Lee,Dwight Howard,Mickael Pietrus,Rafer Alston,Rashard Lewis,Anderson Varejao,Delonte West,LeBron James,Mo Williams,Zydrunas Ilgauskas,1,3:18,ORL,shot,,,,,,,,,,Rafer Alston,2,,,made,,driving layup,24,6
Courtney Lee,Dwight Howard,Mickael Pietrus,Rafer Alston,Rashard Lewis,Anderson Varejao,Delonte West,LeBron James,Mo Williams,Zydrunas Ilgauskas,1,3:10,CLE,timeout,,,,,,,,,,,,,,,,regular,,
Courtney Lee,Dwight Howard,Mickael Pietrus,Rafer Alston,Tony Battie,Anderson Varejao,Delonte West,LeBron James,Mo Williams,Zydrunas Ilgauskas,1,3:10,ORL,sub,,,,Tony Battie,,Rashard Lewis,,,,,,,,,,,,
Dwight Howard,Hedo Turkoglu,Mickael Pietrus,Rafer Alston,Tony Battie,Anderson Varejao,Delonte West,LeBron James,Mo Williams,Zydrunas Ilgauskas,1,3:10,ORL,sub,,,,Hedo Turkoglu,,Courtney Lee,,,,,,,,,,,,
Dwight Howard,Hedo Turkoglu,Mickael Pietrus,Rafer Alston,Tony Battie,Anderson Varejao,Delonte West,LeBron James,Mo Williams,Sasha Pavlovic,1,3:10,CLE,sub,,,,Sasha Pavlovic,,Zydrunas Ilgauskas,,,,,,,,,,,,
Dwight Howard,Hedo Turkoglu,Mickael Pietrus,Rafer Alston,Tony Battie,Anderson Varejao,Delonte West,Joe Smith,LeBron James,Sasha Pavlovic,1,3:10,CLE,sub,,,,Joe Smith,,Mo Williams,,,,,,,,,,,,
Dwight Howard,Hedo Turkoglu,Mickael Pietrus,Rafer Alston,Tony Battie,Anderson Varejao,Delonte West,Joe Smith,LeBron James,Sasha Pavlovic,1,3:06,CLE,shot,Anderson Varejao,,,,,,,,,LeBron James,2,,,made,,layup,25,8
Dwight Howard,Hedo Turkoglu,Mickael Pietrus,Rafer Alston,Tony Battie,Anderson Varejao,Delonte West,Joe Smith,LeBron James,Sasha Pavlovic,1,3:06,ORL,foul,,,,,,,,LeBron James,,Mickael Pietrus,,,,,,shooting,,
Dwight Howard,Hedo Turkoglu,Mickael Pietrus,Rafer Alston,Tony Battie,Anderson Varejao,Delonte West,Joe Smith,LeBron James,Sasha Pavlovic,1,3:06,CLE,free throw,,,,,,,1,,1,LeBron James,,,foul,made,,,,
Dwight Howard,Hedo Turkoglu,Mickael Pietrus,Rafer Alston,Tony Battie,Anderson Varejao,Delonte West,Joe Smith,LeBron James,Sasha Pavlovic,1,2:42,ORL,shot,Hedo Turkoglu,,,,,,,,,Rafer Alston,2,,,made,,jump,10,23
Dwight Howard,Hedo Turkoglu,Mickael Pietrus,Rafer Alston,Tony Battie,Anderson Varejao,Delonte West,Joe Smith,LeBron James,Sasha Pavlovic,1,2:27,CLE,turnover,,,,,,,,,,LeBron James,,,bad pass,,,,,
Dwight Howard,Hedo Turkoglu,Mickael Pietrus,Rafer Alston,Tony Battie,Anderson Varejao,Delonte West,Joe Smith,LeBron James,Sasha Pavlovic,1,2:10,ORL,shot,,,,,,,,,,Hedo Turkoglu,2,,,made,,driving layup,24,6
Dwight Howard,Hedo Turkoglu,Mickael Pietrus,Rafer Alston,Tony Battie,Anderson Varejao,Delonte West,Joe Smith,LeBron James,Sasha Pavlovic,1,1:55,CLE,shot,,,,,,,,,,Joe Smith,,,,missed,,jump,41,18
Dwight Howard,Hedo Turkoglu,Mickael Pietrus,Rafer Alston,Tony Battie,Anderson Varejao,Delonte West,Joe Smith,LeBron James,Sasha Pavlovic,1,1:54,ORL,rebound,,,,,,,,,,Dwight Howard,,,,,,def,,
Dwight Howard,Hedo Turkoglu,Mickael Pietrus,Rafer Alston,Tony Battie,Anderson Varejao,Delonte West,Joe Smith,LeBron James,Sasha Pavlovic,1,1:42,ORL,shot,,,,,,,,,,Hedo Turkoglu,,,,missed,,3pt,39,27
Dwight Howard,Hedo Turkoglu,Mickael Pietrus,Rafer Alston,Tony Battie,Anderson Varejao,Delonte West,Joe Smith,LeBron James,Sasha Pavlovic,1,1:41,ORL,rebound,,,,,,,,,,Dwight Howard,,,,,,off,,
Dwight Howard,Hedo Turkoglu,Mickael Pietrus,Rafer Alston,Tony Battie,Anderson Varejao,Delonte West,Joe Smith,LeBron James,Sasha Pavlovic,1,1:39,ORL,shot,,,Anderson Varejao,,,,,,,Dwight Howard,,,,missed,,jump,32,6
Dwight Howard,Hedo Turkoglu,Mickael Pietrus,Rafer Alston,Tony Battie,Anderson Varejao,Delonte West,Joe Smith,LeBron James,Sasha Pavlovic,1,1:39,ORL,rebound,,,,,,,,,,Dwight Howard,,,,,,off,,
Dwight Howard,Hedo Turkoglu,Mickael Pietrus,Rafer Alston,Tony Battie,Anderson Varejao,Delonte West,Joe Smith,LeBron James,Sasha Pavlovic,1,1:39,CLE,foul,,,,,,,,Dwight Howard,,Anderson Varejao,,,,,,shooting,,
Anthony Johnson,Dwight Howard,Hedo Turkoglu,Mickael Pietrus,Tony Battie,Anderson Varejao,Delonte West,Joe Smith,LeBron James,Sasha Pavlovic,1,1:39,ORL,sub,,,,Anthony Johnson,,Rafer Alston,,,,,,,,,,,,
Anthony Johnson,Dwight Howard,Hedo Turkoglu,Mickael Pietrus,Tony Battie,Delonte West,Joe Smith,LeBron James,Sasha Pavlovic,Wally Szczerbiak,1,1:39,CLE,sub,,,,Wally Szczerbiak,,Anderson Varejao,,,,,,,,,,,,
Anthony Johnson,Dwight Howard,Hedo Turkoglu,Mickael Pietrus,Tony Battie,Delonte West,Joe Smith,LeBron James,Sasha Pavlovic,Wally Szczerbiak,1,1:39,ORL,free throw,,,,,,,1,,2,Dwight Howard,,,foul,made,,,,
Anthony Johnson,Dwight Howard,Hedo Turkoglu,Mickael Pietrus,Tony Battie,Delonte West,Joe Smith,LeBron James,Sasha Pavlovic,Wally Szczerbiak,1,1:39,ORL,free throw,,,,,,,2,,2,Dwight Howard,,,foul,missed,,,,
Anthony Johnson,Dwight Howard,Hedo Turkoglu,Mickael Pietrus,Tony Battie,Delonte West,Joe Smith,LeBron James,Sasha Pavlovic,Wally Szczerbiak,1,1:37,CLE,rebound,,,,,,,,,,LeBron James,,,,,,def,,
Anthony Johnson,Dwight Howard,Hedo Turkoglu,Mickael Pietrus,Tony Battie,Delonte West,Joe Smith,LeBron James,Sasha Pavlovic,Wally Szczerbiak,1,1:24,CLE,shot,Wally Szczerbiak,,,,,,,,,LeBron James,3,,,made,,3pt,46,19
Anthony Johnson,Dwight Howard,Hedo Turkoglu,Mickael Pietrus,Tony Battie,Delonte West,Joe Smith,LeBron James,Sasha Pavlovic,Wally Szczerbiak,1,1:11,ORL,shot,,,,,,,,,,Dwight Howard,,,,missed,,hook,15,8
Anthony Johnson,Dwight Howard,Hedo Turkoglu,Mickael Pietrus,Tony Battie,Delonte West,Joe Smith,LeBron James,Sasha Pavlovic,Wally Szczerbiak,1,1:08,CLE,rebound,,,,,,,,,,Wally Szczerbiak,,,,,,def,,
Anthony Johnson,Dwight Howard,Hedo Turkoglu,Mickael Pietrus,Tony Battie,Delonte West,Joe Smith,LeBron James,Sasha Pavlovic,Wally Szczerbiak,1,0:59,CLE,shot,,,,,,,,,,LeBron James,,,,missed,,turnaround bank,10,12
Anthony Johnson,Dwight Howard,Hedo Turkoglu,Mickael Pietrus,Tony Battie,Delonte West,Joe Smith,LeBron James,Sasha Pavlovic,Wally Szczerbiak,1,0:57,ORL,rebound,,,,,,,,,,Tony Battie,,,,,,def,,
Anthony Johnson,Dwight Howard,Hedo Turkoglu,Mickael Pietrus,Tony Battie,Delonte West,Joe Smith,LeBron James,Sasha Pavlovic,Wally Szczerbiak,1,0:49,ORL,shot,,,,,,,,,,Tony Battie,,,,missed,,jump,7,14
Anthony Johnson,Dwight Howard,Hedo Turkoglu,Mickael Pietrus,Tony Battie,Delonte West,Joe Smith,LeBron James,Sasha Pavlovic,Wally Szczerbiak,1,0:48,CLE,rebound,,,,,,,,,,LeBron James,,,,,,def,,
Anthony Johnson,Dwight Howard,Hedo Turkoglu,Mickael Pietrus,Tony Battie,Delonte West,Joe Smith,LeBron James,Sasha Pavlovic,Wally Szczerbiak,1,0:37,CLE,shot,,,,,,,,,,Sasha Pavlovic,,,,missed,,3pt,42,25
Anthony Johnson,Dwight Howard,Hedo Turkoglu,Mickael Pietrus,Tony Battie,Delonte West,Joe Smith,LeBron James,Sasha Pavlovic,Wally Szczerbiak,1,0:35,ORL,rebound,,,,,,,,,,Dwight Howard,,,,,,def,,
Anthony Johnson,Dwight Howard,Hedo Turkoglu,Mickael Pietrus,Tony Battie,Delonte West,Joe Smith,LeBron James,Sasha Pavlovic,Wally Szczerbiak,1,0:26,ORL,shot,,,,,,,,,,Anthony Johnson,,,,missed,,jump,19,16
Anthony Johnson,Dwight Howard,Hedo Turkoglu,Mickael Pietrus,Tony Battie,Delonte West,Joe Smith,LeBron James,Sasha Pavlovic,Wally Szczerbiak,1,0:25,ORL,rebound,,,,,,,,,,,,,,,,,,
Anthony Johnson,Dwight Howard,Hedo Turkoglu,Mickael Pietrus,Tony Battie,Delonte West,Joe Smith,LeBron James,Sasha Pavlovic,Wally Szczerbiak,1,0:02,ORL,shot,,,,,,,,,,Hedo Turkoglu,3,,,made,,3pt,37,27
Anthony Johnson,Dwight Howard,Hedo Turkoglu,Mickael Pietrus,Tony Battie,Delonte West,Joe Smith,LeBron James,Sasha Pavlovic,Wally Szczerbiak,1,0:00,CLE,foul,,,,,,,,Mickael Pietrus,,LeBron James,,,,,,offensive,,
Anthony Johnson,Dwight Howard,Hedo Turkoglu,Mickael Pietrus,Tony Battie,Delonte West,Joe Smith,LeBron James,Sasha Pavlovic,Wally Szczerbiak,1,0:00,CLE,turnover,,,,,,,,,,LeBron James,,,foul,,,,,
Anthony Johnson,Dwight Howard,Hedo Turkoglu,Mickael Pietrus,Tony Battie,Delonte West,Joe Smith,LeBron James,Sasha Pavlovic,Zydrunas Ilgauskas,1,0:00,CLE,sub,,,,Zydrunas Ilgauskas,,Wally Szczerbiak,,,,,,,,,,,,
Anthony Johnson,Dwight Howard,Hedo Turkoglu,Mickael Pietrus,Rashard Lewis,Delonte West,Joe Smith,LeBron James,Sasha Pavlovic,Zydrunas Ilgauskas,1,0:00,ORL,sub,,,,Rashard Lewis,,Tony Battie,,,,,,,,,,,,
Anthony Johnson,Dwight Howard,Hedo Turkoglu,Mickael Pietrus,Rashard Lewis,Delonte West,LeBron James,Sasha Pavlovic,Tarence Kinsey,Zydrunas Ilgauskas,1,0:00,CLE,sub,,,,Tarence Kinsey,,Joe Smith,,,,,,,,,,,,
Anthony Johnson,Dwight Howard,Hedo Turkoglu,Mickael Pietrus,Rashard Lewis,Delonte West,LeBron James,Sasha Pavlovic,Tarence Kinsey,Zydrunas Ilgauskas,1,0:00,ORL,turnover,,,,,,,,,,Hedo Turkoglu,,,bad pass,,LeBron James,,,
Anthony Johnson,Hedo Turkoglu,Marcin Gortat,Mickael Pietrus,Tony Battie,Darnell Jackson,Joe Smith,Mo Williams,Sasha Pavlovic,Wally Szczerbiak,2,11:50,ORL,turnover,,,,,,,,,,Anthony Johnson,,,out of bounds lost ball turnover,,,,,
Anthony Johnson,Hedo Turkoglu,Marcin Gortat,Mickael Pietrus,Tony Battie,Darnell Jackson,Joe Smith,Mo Williams,Sasha Pavlovic,Wally Szczerbiak,2,11:32,CLE,shot,,,,,,,,,,Wally Szczerbiak,2,,,made,,jump hook,30,13
Anthony Johnson,Hedo Turkoglu,Marcin Gortat,Mickael Pietrus,Tony Battie,Darnell Jackson,Joe Smith,Mo Williams,Sasha Pavlovic,Wally Szczerbiak,2,11:18,CLE,foul,,,,,,,,Hedo Turkoglu,,Darnell Jackson,,,,,,shooting,,
Anthony Johnson,Hedo Turkoglu,Marcin Gortat,Mickael Pietrus,Tony Battie,Darnell Jackson,Joe Smith,Mo Williams,Sasha Pavlovic,Wally Szczerbiak,2,11:18,ORL,free throw,,,,,,,1,,2,Hedo Turkoglu,,,foul,made,,,,
Anthony Johnson,Hedo Turkoglu,Marcin Gortat,Mickael Pietrus,Tony Battie,Darnell Jackson,Joe Smith,Mo Williams,Sasha Pavlovic,Wally Szczerbiak,2,11:18,ORL,free throw,,,,,,,2,,2,Hedo Turkoglu,,,foul,made,,,,
Anthony Johnson,Hedo Turkoglu,Marcin Gortat,Mickael Pietrus,Tony Battie,Darnell Jackson,Joe Smith,Mo Williams,Sasha Pavlovic,Wally Szczerbiak,2,11:03,ORL,foul,,,,,,,,Darnell Jackson,,Hedo Turkoglu,,,,,,shooting,,
Anthony Johnson,Hedo Turkoglu,Marcin Gortat,Mickael Pietrus,Tony Battie,Darnell Jackson,Joe Smith,Mo Williams,Sasha Pavlovic,Wally Szczerbiak,2,11:03,CLE,free throw,,,,,,,1,,2,Darnell Jackson,,,foul,missed,,,,
Anthony Johnson,Hedo Turkoglu,Marcin Gortat,Mickael Pietrus,Tony Battie,Darnell Jackson,Joe Smith,Mo Williams,Sasha Pavlovic,Wally Szczerbiak,2,11:03,CLE,rebound,,,,,,,,,,,,,,,,,,
Anthony Johnson,Hedo Turkoglu,Marcin Gortat,Mickael Pietrus,Tony Battie,Darnell Jackson,Joe Smith,Mo Williams,Sasha Pavlovic,Wally Szczerbiak,2,11:03,CLE,free throw,,,,,,,2,,2,Darnell Jackson,,,foul,made,,,,
Anthony Johnson,Hedo Turkoglu,Marcin Gortat,Mickael Pietrus,Tony Battie,Darnell Jackson,Joe Smith,Mo Williams,Sasha Pavlovic,Wally Szczerbiak,2,10:45,ORL,shot,Hedo Turkoglu,,,,,,,,,Anthony Johnson,3,,,made,,3pt,38,27
Anthony Johnson,Hedo Turkoglu,Marcin Gortat,Mickael Pietrus,Tony Battie,Darnell Jackson,Joe Smith,Mo Williams,Sasha Pavlovic,Wally Szczerbiak,2,10:28,CLE,shot,,,,,,,,,,Sasha Pavlovic,,,,missed,,3pt,22,30
Anthony Johnson,Hedo Turkoglu,Marcin Gortat,Mickael Pietrus,Tony Battie,Darnell Jackson,Joe Smith,Mo Williams,Sasha Pavlovic,Wally Szczerbiak,2,10:27,ORL,rebound,,,,,,,,,,Mickael Pietrus,,,,,,def,,
Anthony Johnson,Hedo Turkoglu,Marcin Gortat,Mickael Pietrus,Tony Battie,Darnell Jackson,Joe Smith,Mo Williams,Sasha Pavlovic,Wally Szczerbiak,2,10:10,ORL,shot,,,,,,,,,,Marcin Gortat,,,,missed,,turnaround jump,17,13
Anthony Johnson,Hedo Turkoglu,Marcin Gortat,Mickael Pietrus,Tony Battie,Darnell Jackson,Joe Smith,Mo Williams,Sasha Pavlovic,Wally Szczerbiak,2,10:08,ORL,shot,,,,,,,,,,Tony Battie,,,,missed,,tip,25,6
Anthony Johnson,Hedo Turkoglu,Marcin Gortat,Mickael Pietrus,Tony Battie,Darnell Jackson,Joe Smith,Mo Williams,Sasha Pavlovic,Wally Szczerbiak,2,10:08,ORL,rebound,,,,,,,,,,Tony Battie,,,,,,off,,
Anthony Johnson,Hedo Turkoglu,Marcin Gortat,Mickael Pietrus,Tony Battie,Darnell Jackson,Joe Smith,Mo Williams,Sasha Pavlovic,Wally Szczerbiak,2,10:07,CLE,rebound,,,,,,,,,,Darnell Jackson,,,,,,def,,
Anthony Johnson,Hedo Turkoglu,Marcin Gortat,Mickael Pietrus,Tony Battie,Darnell Jackson,Joe Smith,Mo Williams,Sasha Pavlovic,Wally Szczerbiak,2,10:00,CLE,shot,,,,,,,,,,Mo Williams,2,,,made,,running jump,18,11
Anthony Johnson,Hedo Turkoglu,Marcin Gortat,Mickael Pietrus,Tony Battie,Darnell Jackson,Joe Smith,Mo Williams,Sasha Pavlovic,Wally Szczerbiak,2,9:54,ORL,foul,,,,,,,,Mo Williams,,Anthony Johnson,,,,,,offensive,,
Anthony Johnson,Hedo Turkoglu,Marcin Gortat,Mickael Pietrus,Tony Battie,Darnell Jackson,Joe Smith,Mo Williams,Sasha Pavlovic,Wally Szczerbiak,2,9:54,ORL,turnover,,,,,,,,,,Anthony Johnson,,,foul,,,,,
Anthony Johnson,Hedo Turkoglu,Marcin Gortat,Mickael Pietrus,Tony Battie,Darnell Jackson,Joe Smith,Mo Williams,Sasha Pavlovic,Wally Szczerbiak,2,9:41,CLE,shot,,,,,,,,,,Mo Williams,2,,,made,,jump,28,25
Anthony Johnson,Hedo Turkoglu,Marcin Gortat,Mickael Pietrus,Tony Battie,Darnell Jackson,Joe Smith,Mo Williams,Sasha Pavlovic,Wally Szczerbiak,2,9:26,ORL,shot,,,,,,,,,,Tony Battie,,,,missed,,jump,32,22
Anthony Johnson,Hedo Turkoglu,Marcin Gortat,Mickael Pietrus,Tony Battie,Darnell Jackson,Joe Smith,Mo Williams,Sasha Pavlovic,Wally Szczerbiak,2,9:25,CLE,rebound,,,,,,,,,,Joe Smith,,,,,,def,,
Anthony Johnson,Hedo Turkoglu,Marcin Gortat,Mickael Pietrus,Tony Battie,Darnell Jackson,Joe Smith,Mo Williams,Sasha Pavlovic,Wally Szczerbiak,2,9:16,CLE,turnover,,,,,,,,,,Sasha Pavlovic,,,lost ball,,Tony Battie,,,
Anthony Johnson,Hedo Turkoglu,Marcin Gortat,Mickael Pietrus,Tony Battie,Darnell Jackson,Joe Smith,Mo Williams,Sasha Pavlovic,Wally Szczerbiak,2,9:08,ORL,shot,Hedo Turkoglu,,,,,,,,,Mickael Pietrus,3,,,made,,3pt,3,9
Anthony Johnson,Hedo Turkoglu,Marcin Gortat,Mickael Pietrus,Tony Battie,Darnell Jackson,Joe Smith,Mo Williams,Sasha Pavlovic,Wally Szczerbiak,2,8:49,CLE,shot,,,,,,,,,,Wally Szczerbiak,,,,missed,,3pt,12,28
Anthony Johnson,Hedo Turkoglu,Marcin Gortat,Mickael Pietrus,Tony Battie,Darnell Jackson,Joe Smith,Mo Williams,Sasha Pavlovic,Wally Szczerbiak,2,8:48,ORL,rebound,,,,,,,,,,Marcin Gortat,,,,,,def,,
Anthony Johnson,Hedo Turkoglu,Marcin Gortat,Mickael Pietrus,Tony Battie,Darnell Jackson,Joe Smith,Mo Williams,Sasha Pavlovic,Wally Szczerbiak,2,8:38,ORL,shot,Anthony Johnson,,,,,,,,,Mickael Pietrus,3,,,made,,3pt,48,8
Anthony Johnson,Hedo Turkoglu,Marcin Gortat,Mickael Pietrus,Tony Battie,Darnell Jackson,Joe Smith,Mo Williams,Sasha Pavlovic,Wally Szczerbiak,2,8:36,CLE,timeout,,,,,,,,,,,,,,,,regular,,
Anthony Johnson,Hedo Turkoglu,Marcin Gortat,Mickael Pietrus,Tony Battie,Darnell Jackson,Joe Smith,Mo Williams,Sasha Pavlovic,Wally Szczerbiak,2,8:16,CLE,shot,,,,,,,,,,Mo Williams,2,,,made,,jump,16,23
Anthony Johnson,Hedo Turkoglu,Marcin Gortat,Mickael Pietrus,Tony Battie,Anderson Varejao,Joe Smith,Mo Williams,Sasha Pavlovic,Wally Szczerbiak,2,8:00,CLE,sub,,,,Anderson Varejao,,Darnell Jackson,,,,,,,,,,,,
Anthony Johnson,Hedo Turkoglu,Marcin Gortat,Mickael Pietrus,Tony Battie,Anderson Varejao,Joe Smith,Mo Williams,Sasha Pavlovic,Wally Szczerbiak,2,7:51,ORL,shot,Anthony Johnson,,,,,,,,,Tony Battie,2,,,made,,jump,30,25
Anthony Johnson,Hedo Turkoglu,Marcin Gortat,Mickael Pietrus,Tony Battie,Anderson Varejao,Joe Smith,Mo Williams,Sasha Pavlovic,Wally Szczerbiak,2,7:27,CLE,shot,Wally Szczerbiak,,,,,,,,,Mo Williams,3,,,made,,3pt,7,22
Anthony Johnson,Hedo Turkoglu,Marcin Gortat,Mickael Pietrus,Tony Battie,Anderson Varejao,Joe Smith,Mo Williams,Sasha Pavlovic,Wally Szczerbiak,2,7:14,ORL,turnover,,,,,,,,,,Hedo Turkoglu,,,bad pass,,Joe Smith,,,
Anthony Johnson,Hedo Turkoglu,Marcin Gortat,Mickael Pietrus,Tony Battie,Anderson Varejao,Joe Smith,Mo Williams,Sasha Pavlovic,Wally Szczerbiak,2,7:09,ORL,foul,,,,,,,,Mo Williams,,Anthony Johnson,,,,,,personal,,
Anthony Johnson,Hedo Turkoglu,Marcin Gortat,Mickael Pietrus,Rashard Lewis,Anderson Varejao,Joe Smith,Mo Williams,Sasha Pavlovic,Wally Szczerbiak,2,7:09,ORL,sub,,,,Rashard Lewis,,Tony Battie,,,,,,,,,,,,
Hedo Turkoglu,Marcin Gortat,Mickael Pietrus,Rafer Alston,Rashard Lewis,Anderson Varejao,Joe Smith,Mo Williams,Sasha Pavlovic,Wally Szczerbiak,2,7:09,ORL,sub,,,,Rafer Alston,,Anthony Johnson,,,,,,,,,,,,
Hedo Turkoglu,Marcin Gortat,Mickael Pietrus,Rafer Alston,Rashard Lewis,Anderson Varejao,Joe Smith,Mo Williams,Sasha Pavlovic,Wally Szczerbiak,2,7:00,CLE,shot,,,,,,,,,,Mo Williams,,,,missed,,3pt,41,25
Hedo Turkoglu,Marcin Gortat,Mickael Pietrus,Rafer Alston,Rashard Lewis,Anderson Varejao,Joe Smith,Mo Williams,Sasha Pavlovic,Wally Szczerbiak,2,6:59,ORL,rebound,,,,,,,,,,Marcin Gortat,,,,,,def,,
Hedo Turkoglu,Marcin Gortat,Mickael Pietrus,Rafer Alston,Rashard Lewis,Anderson Varejao,Joe Smith,Mo Williams,Sasha Pavlovic,Wally Szczerbiak,2,6:41,ORL,shot,,,,,,,,,,Rashard Lewis,,,,missed,,turnaround jump,10,6
Hedo Turkoglu,Marcin Gortat,Mickael Pietrus,Rafer Alston,Rashard Lewis,Anderson Varejao,Joe Smith,Mo Williams,Sasha Pavlovic,Wally Szczerbiak,2,6:40,ORL,rebound,,,,,,,,,,,,,,,,,,
Hedo Turkoglu,Marcin Gortat,Mickael Pietrus,Rafer Alston,Rashard Lewis,Anderson Varejao,Joe Smith,LeBron James,Mo Williams,Wally Szczerbiak,2,6:40,CLE,sub,,,,LeBron James,,Sasha Pavlovic,,,,,,,,,,,,
Hedo Turkoglu,Marcin Gortat,Mickael Pietrus,Rafer Alston,Rashard Lewis,Anderson Varejao,Joe Smith,LeBron James,Mo Williams,Wally Szczerbiak,2,6:24,ORL,shot,,,,,,,,,,Rafer Alston,,,,missed,,3pt,10,27
Hedo Turkoglu,Marcin Gortat,Mickael Pietrus,Rafer Alston,Rashard Lewis,Anderson Varejao,Joe Smith,LeBron James,Mo Williams,Wally Szczerbiak,2,6:23,CLE,rebound,,,,,,,,,,LeBron James,,,,,,def,,
Hedo Turkoglu,Marcin Gortat,Mickael Pietrus,Rafer Alston,Rashard Lewis,Anderson Varejao,Joe Smith,LeBron James,Mo Williams,Wally Szczerbiak,2,6:09,CLE,shot,,,,,,,,,,Anderson Varejao,,,,missed,,jump,32,14
Hedo Turkoglu,Marcin Gortat,Mickael Pietrus,Rafer Alston,Rashard Lewis,Anderson Varejao,Joe Smith,LeBron James,Mo Williams,Wally Szczerbiak,2,6:09,CLE,rebound,,,,,,,,,,,,,,,,,,
Hedo Turkoglu,Marcin Gortat,Mickael Pietrus,Rafer Alston,Rashard Lewis,Anderson Varejao,Joe Smith,LeBron James,Mo Williams,Wally Szczerbiak,2,6:09,ORL,foul,,,,,,,,Joe Smith,,Marcin Gortat,,,,,,loose ball,,
Hedo Turkoglu,Marcin Gortat,Mickael Pietrus,Rafer Alston,Rashard Lewis,Anderson Varejao,Delonte West,Joe Smith,LeBron James,Mo Williams,2,6:09,CLE,sub,,,,Delonte West,,Wally Szczerbiak,,,,,,,,,,,,
Hedo Turkoglu,Marcin Gortat,Mickael Pietrus,Rafer Alston,Rashard Lewis,Anderson Varejao,Delonte West,Joe Smith,LeBron James,Mo Williams,2,6:04,CLE,shot,Anderson Varejao,,,,,,,,,LeBron James,2,,,made,,alley oop dunk,26,6
Hedo Turkoglu,Marcin Gortat,Mickael Pietrus,Rafer Alston,Rashard Lewis,Anderson Varejao,Delonte West,Joe Smith,LeBron James,Mo Williams,2,5:57,ORL,timeout,,,,,,,,,,,,,,,,regular,,
Courtney Lee,Marcin Gortat,Mickael Pietrus,Rafer Alston,Rashard Lewis,Anderson Varejao,Delonte West,Joe Smith,LeBron James,Mo Williams,2,5:57,ORL,sub,,,,Courtney Lee,,Hedo Turkoglu,,,,,,,,,,,,
Courtney Lee,Dwight Howard,Mickael Pietrus,Rafer Alston,Rashard Lewis,Anderson Varejao,Delonte West,Joe Smith,LeBron James,Mo Williams,2,5:57,ORL,sub,,,,Dwight Howard,,Marcin Gortat,,,,,,,,,,,,
Courtney Lee,Dwight Howard,Mickael Pietrus,Rafer Alston,Rashard Lewis,Anderson Varejao,Delonte West,Joe Smith,LeBron James,Zydrunas Ilgauskas,2,5:57,CLE,sub,,,,Zydrunas Ilgauskas,,Mo Williams,,,,,,,,,,,,
Courtney Lee,Dwight Howard,Mickael Pietrus,Rafer Alston,Rashard Lewis,Anderson Varejao,Delonte West,LeBron James,Wally Szczerbiak,Zydrunas Ilgauskas,2,5:57,CLE,sub,,,,Wally Szczerbiak,,Joe Smith,,,,,,,,,,,,
Courtney Lee,Dwight Howard,Mickael Pietrus,Rafer Alston,Rashard Lewis,Anderson Varejao,Delonte West,LeBron James,Wally Szczerbiak,Zydrunas Ilgauskas,2,5:48,ORL,shot,,,,,,,,,,Rafer Alston,2,,,made,,driving layup,24,6
Courtney Lee,Dwight Howard,Mickael Pietrus,Rafer Alston,Rashard Lewis,Anderson Varejao,Delonte West,LeBron James,Wally Szczerbiak,Zydrunas Ilgauskas,2,5:25,CLE,shot,Wally Szczerbiak,,,,,,,,,Delonte West,2,,,made,,jump,8,7
Courtney Lee,Dwight Howard,Mickael Pietrus,Rafer Alston,Rashard Lewis,Anderson Varejao,Delonte West,LeBron James,Wally Szczerbiak,Zydrunas Ilgauskas,2,5:12,ORL,shot,,,,,,,,,,Dwight Howard,,,,missed,,jump,20,8
Courtney Lee,Dwight Howard,Mickael Pietrus,Rafer Alston,Rashard Lewis,Anderson Varejao,Delonte West,LeBron James,Wally Szczerbiak,Zydrunas Ilgauskas,2,5:10,CLE,rebound,,,,,,,,,,Zydrunas Ilgauskas,,,,,,def,,
Courtney Lee,Dwight Howard,Mickael Pietrus,Rafer Alston,Rashard Lewis,Anderson Varejao,Delonte West,LeBron James,Wally Szczerbiak,Zydrunas Ilgauskas,2,5:00,CLE,turnover,,,,,,,,,,LeBron James,,,bad pass,,Rafer Alston,,,
Courtney Lee,Dwight Howard,Mickael Pietrus,Rafer Alston,Rashard Lewis,Anderson Varejao,Delonte West,LeBron James,Wally Szczerbiak,Zydrunas Ilgauskas,2,4:53,ORL,shot,Rafer Alston,,,,,,,,,Mickael Pietrus,2,,,made,,dunk,26,6
Courtney Lee,Dwight Howard,Mickael Pietrus,Rafer Alston,Rashard Lewis,Anderson Varejao,Delonte West,LeBron James,Wally Szczerbiak,Zydrunas Ilgauskas,2,4:23,CLE,shot,Wally Szczerbiak,,,,,,,,,Anderson Varejao,2,,,made,,jump,16,20
Courtney Lee,Dwight Howard,Mickael Pietrus,Rafer Alston,Rashard Lewis,Anderson Varejao,Delonte West,LeBron James,Wally Szczerbiak,Zydrunas Ilgauskas,2,3:52,ORL,shot,,,,,,,,,,Courtney Lee,2,,,made,,floating jump,26,14
Courtney Lee,Dwight Howard,Mickael Pietrus,Rafer Alston,Rashard Lewis,Anderson Varejao,Delonte West,LeBron James,Wally Szczerbiak,Zydrunas Ilgauskas,2,3:26,CLE,shot,,,,,,,,,,LeBron James,3,,,made,,3pt,42,28
Courtney Lee,Dwight Howard,Mickael Pietrus,Rafer Alston,Rashard Lewis,Anderson Varejao,Delonte West,LeBron James,Wally Szczerbiak,Zydrunas Ilgauskas,2,3:12,ORL,shot,,,,,,,,,,Rashard Lewis,,,,missed,,running jump,20,10
Courtney Lee,Dwight Howard,Mickael Pietrus,Rafer Alston,Rashard Lewis,Anderson Varejao,Delonte West,LeBron James,Wally Szczerbiak,Zydrunas Ilgauskas,2,3:08,ORL,shot,,,,,,,,,,Dwight Howard,2,,,made,,putback dunk,26,6
Courtney Lee,Dwight Howard,Mickael Pietrus,Rafer Alston,Rashard Lewis,Anderson Varejao,Delonte West,LeBron James,Wally Szczerbiak,Zydrunas Ilgauskas,2,3:08,ORL,rebound,,,,,,,,,,Dwight Howard,,,,,,off,,
Courtney Lee,Dwight Howard,Mickael Pietrus,Rafer Alston,Rashard Lewis,Anderson Varejao,Delonte West,LeBron James,Wally Szczerbiak,Zydrunas Ilgauskas,2,2:51,ORL,foul,,,,,,,,LeBron James,,Rafer Alston,,,,,,personal,,
Courtney Lee,Dwight Howard,Mickael Pietrus,Rafer Alston,Rashard Lewis,Anderson Varejao,Delonte West,LeBron James,Wally Szczerbiak,Zydrunas Ilgauskas,2,2:51,OFF,timeout,,,,,,,,,,,,,,,,official,,
Courtney Lee,Dwight Howard,Hedo Turkoglu,Rafer Alston,Rashard Lewis,Anderson Varejao,Delonte West,LeBron James,Wally Szczerbiak,Zydrunas Ilgauskas,2,2:51,ORL,sub,,,,Hedo Turkoglu,,Mickael Pietrus,,,,,,,,,,,,
Courtney Lee,Dwight Howard,Hedo Turkoglu,Rafer Alston,Rashard Lewis,Anderson Varejao,Delonte West,LeBron James,Mo Williams,Zydrunas Ilgauskas,2,2:51,CLE,sub,,,,Mo Williams,,Wally Szczerbiak,,,,,,,,,,,,
Courtney Lee,Dwight Howard,Hedo Turkoglu,Rafer Alston,Rashard Lewis,Anderson Varejao,Delonte West,LeBron James,Mo Williams,Zydrunas Ilgauskas,2,2:47,CLE,shot,,,,,,,,,,LeBron James,,,,missed,,3pt,26,32
Courtney Lee,Dwight Howard,Hedo Turkoglu,Rafer Alston,Rashard Lewis,Anderson Varejao,Delonte West,LeBron James,Mo Williams,Zydrunas Ilgauskas,2,2:46,CLE,rebound,,,,,,,,,,Anderson Varejao,,,,,,off,,
Courtney Lee,Dwight Howard,Hedo Turkoglu,Rafer Alston,Rashard Lewis,Anderson Varejao,Delonte West,LeBron James,Mo Williams,Zydrunas Ilgauskas,2,2:36,CLE,shot,,,,,,,,,,LeBron James,,,,missed,,jump,18,23
Courtney Lee,Dwight Howard,Hedo Turkoglu,Rafer Alston,Rashard Lewis,Anderson Varejao,Delonte West,LeBron James,Mo Williams,Zydrunas Ilgauskas,2,2:34,CLE,rebound,,,,,,,,,,Zydrunas Ilgauskas,,,,,,off,,
Courtney Lee,Dwight Howard,Hedo Turkoglu,Rafer Alston,Rashard Lewis,Anderson Varejao,Delonte West,LeBron James,Mo Williams,Zydrunas Ilgauskas,2,2:31,CLE,shot,,,Dwight Howard,,,,,,,Zydrunas Ilgauskas,,,,missed,,layup,25,5
Courtney Lee,Dwight Howard,Hedo Turkoglu,Rafer Alston,Rashard Lewis,Anderson Varejao,Delonte West,LeBron James,Mo Williams,Zydrunas Ilgauskas,2,2:29,CLE,rebound,,,,,,,,,,Mo Williams,,,,,,off,,
Courtney Lee,Dwight Howard,Hedo Turkoglu,Rafer Alston,Rashard Lewis,Anderson Varejao,Delonte West,LeBron James,Mo Williams,Zydrunas Ilgauskas,2,2:21,CLE,shot,,,,,,,,,,LeBron James,,,,missed,,jump,4,14
Courtney Lee,Dwight Howard,Hedo Turkoglu,Rafer Alston,Rashard Lewis,Anderson Varejao,Delonte West,LeBron James,Mo Williams,Zydrunas Ilgauskas,2,2:20,ORL,rebound,,,,,,,,,,Dwight Howard,,,,,,def,,
Courtney Lee,Dwight Howard,Hedo Turkoglu,Rafer Alston,Rashard Lewis,Anderson Varejao,Delonte West,LeBron James,Mo Williams,Zydrunas Ilgauskas,2,2:10,ORL,shot,Hedo Turkoglu,,,,,,,,,Dwight Howard,2,,,made,,slam dunk,25,6
Courtney Lee,Dwight Howard,Hedo Turkoglu,Rafer Alston,Rashard Lewis,Anderson Varejao,Delonte West,LeBron James,Mo Williams,Zydrunas Ilgauskas,2,1:49,CLE,shot,,,,,,,,,,Mo Williams,,,,missed,,jump,18,6
Courtney Lee,Dwight Howard,Hedo Turkoglu,Rafer Alston,Rashard Lewis,Anderson Varejao,Delonte West,LeBron James,Mo Williams,Zydrunas Ilgauskas,2,1:48,CLE,rebound,,,,,,,,,,,,,,,,,,
Courtney Lee,Dwight Howard,Hedo Turkoglu,Rafer Alston,Rashard Lewis,Anderson Varejao,Delonte West,LeBron James,Mo Williams,Zydrunas Ilgauskas,2,1:48,ORL,foul,,,,,,,,Zydrunas Ilgauskas,,Hedo Turkoglu,,,,,,personal,,
Courtney Lee,Dwight Howard,Hedo Turkoglu,Rafer Alston,Rashard Lewis,Anderson Varejao,Delonte West,LeBron James,Mo Williams,Zydrunas Ilgauskas,2,1:48,CLE,free throw,,,,,,,1,,2,Zydrunas Ilgauskas,,,foul,made,,,,
Courtney Lee,Dwight Howard,Mickael Pietrus,Rafer Alston,Rashard Lewis,Anderson Varejao,Delonte West,LeBron James,Mo Williams,Zydrunas Ilgauskas,2,1:48,ORL,sub,,,,Mickael Pietrus,,Hedo Turkoglu,,,,,,,,,,,,
Courtney Lee,Dwight Howard,Mickael Pietrus,Rafer Alston,Rashard Lewis,Anderson Varejao,Delonte West,LeBron James,Mo Williams,Zydrunas Ilgauskas,2,1:48,CLE,free throw,,,,,,,2,,2,Zydrunas Ilgauskas,,,foul,made,,,,
Courtney Lee,Dwight Howard,Mickael Pietrus,Rafer Alston,Rashard Lewis,Anderson Varejao,Delonte West,LeBron James,Mo Williams,Zydrunas Ilgauskas,2,1:35,ORL,shot,Courtney Lee,,,,,,,,,Dwight Howard,2,,,made,,jump hook,23,12
Courtney Lee,Dwight Howard,Mickael Pietrus,Rafer Alston,Rashard Lewis,Anderson Varejao,Delonte West,LeBron James,Mo Williams,Zydrunas Ilgauskas,2,1:35,CLE,foul,,,,,,,,Dwight Howard,,Zydrunas Ilgauskas,,,,,,shooting,,
Courtney Lee,Dwight Howard,Mickael Pietrus,Rafer Alston,Rashard Lewis,Anderson Varejao,Delonte West,LeBron James,Mo Williams,Zydrunas Ilgauskas,2,1:35,ORL,free throw,,,,,,,1,,1,Dwight Howard,,,foul,missed,,,,
Courtney Lee,Dwight Howard,Mickael Pietrus,Rafer Alston,Rashard Lewis,Anderson Varejao,Delonte West,LeBron James,Mo Williams,Zydrunas Ilgauskas,2,1:34,CLE,rebound,,,,,,,,,,LeBron James,,,,,,def,,
Courtney Lee,Dwight Howard,Mickael Pietrus,Rafer Alston,Rashard Lewis,Anderson Varejao,Delonte West,LeBron James,Mo Williams,Zydrunas Ilgauskas,2,1:25,CLE,shot,LeBron James,,,,,,,,,Anderson Varejao,2,,,made,,dunk,26,6
Courtney Lee,Dwight Howard,Mickael Pietrus,Rafer Alston,Rashard Lewis,Anderson Varejao,Delonte West,LeBron James,Mo Williams,Zydrunas Ilgauskas,2,1:13,ORL,shot,,,,,,,,,,Rashard Lewis,,,,missed,,3pt,37,28
Courtney Lee,Dwight Howard,Mickael Pietrus,Rafer Alston,Rashard Lewis,Anderson Varejao,Delonte West,LeBron James,Mo Williams,Zydrunas Ilgauskas,2,1:13,CLE,rebound,,,,,,,,,,,,,,,,,,
Courtney Lee,Dwight Howard,Mickael Pietrus,Rafer Alston,Rashard Lewis,Anderson Varejao,Delonte West,LeBron James,Mo Williams,Zydrunas Ilgauskas,2,1:00,CLE,turnover,,,,,,,,,,Anderson Varejao,,,lost ball,,Rafer Alston,,,
Courtney Lee,Dwight Howard,Mickael Pietrus,Rafer Alston,Rashard Lewis,Anderson Varejao,Delonte West,LeBron James,Mo Williams,Zydrunas Ilgauskas,2,0:55,ORL,shot,,,LeBron James,,,,,,,Rafer Alston,,,,missed,,layup,24,5
Courtney Lee,Dwight Howard,Mickael Pietrus,Rafer Alston,Rashard Lewis,Anderson Varejao,Delonte West,LeBron James,Mo Williams,Zydrunas Ilgauskas,2,0:55,CLE,rebound,,,,,,,,,,,,,,,,,,
Courtney Lee,Dwight Howard,Mickael Pietrus,Rafer Alston,Rashard Lewis,Anderson Varejao,Delonte West,LeBron James,Mo Williams,Zydrunas Ilgauskas,2,0:38,CLE,turnover,,,,,,,,,,Zydrunas Ilgauskas,,,lost ball,,Rashard Lewis,,,
Courtney Lee,Dwight Howard,Mickael Pietrus,Rafer Alston,Rashard Lewis,Anderson Varejao,Delonte West,LeBron James,Mo Williams,Zydrunas Ilgauskas,2,0:34,ORL,foul,,,,,,,,Mo Williams,,Dwight Howard,,,,,,offensive,,
Courtney Lee,Dwight Howard,Mickael Pietrus,Rafer Alston,Rashard Lewis,Anderson Varejao,Delonte West,LeBron James,Mo Williams,Zydrunas Ilgauskas,2,0:34,ORL,turnover,,,,,,,,,,Dwight Howard,,,foul,,,,,
Courtney Lee,Dwight Howard,Mickael Pietrus,Rafer Alston,Rashard Lewis,Anderson Varejao,Delonte West,LeBron James,Mo Williams,Zydrunas Ilgauskas,2,0:13,CLE,shot,,,Dwight Howard,,,,,,,Mo Williams,,,,missed,,jump,36,12
Courtney Lee,Dwight Howard,Mickael Pietrus,Rafer Alston,Rashard Lewis,Anderson Varejao,Delonte West,LeBron James,Mo Williams,Zydrunas Ilgauskas,2,0:09,ORL,rebound,,,,,,,,,,Mickael Pietrus,,,,,,def,,
Courtney Lee,Dwight Howard,Mickael Pietrus,Rafer Alston,Rashard Lewis,Anderson Varejao,Delonte West,LeBron James,Mo Williams,Zydrunas Ilgauskas,2,0:08,ORL,shot,Mickael Pietrus,,,,,,,,,Courtney Lee,2,,,made,,jump,6,9
Courtney Lee,Dwight Howard,Mickael Pietrus,Rafer Alston,Rashard Lewis,Anderson Varejao,Delonte West,LeBron James,Mo Williams,Zydrunas Ilgauskas,2,0:00,CLE,shot,,,Dwight Howard,,,,,,,LeBron James,,,,missed,,jump,23,13
Courtney Lee,Dwight Howard,Mickael Pietrus,Rafer Alston,Rashard Lewis,Anderson Varejao,Delonte West,LeBron James,Mo Williams,Zydrunas Ilgauskas,2,0:00,ORL,rebound,,,,,,,,,,Rafer Alston,,,,,,def,,
Courtney Lee,Dwight Howard,Hedo Turkoglu,Rafer Alston,Rashard Lewis,Anderson Varejao,Delonte West,LeBron James,Mo Williams,Zydrunas Ilgauskas,3,11:43,ORL,shot,Hedo Turkoglu,,,,,,,,,Rafer Alston,3,,,made,,3pt,48,11
Courtney Lee,Dwight Howard,Hedo Turkoglu,Rafer Alston,Rashard Lewis,Anderson Varejao,Delonte West,LeBron James,Mo Williams,Zydrunas Ilgauskas,3,11:30,CLE,turnover,,,,,,,,,,Mo Williams,,,lost ball,,Rafer Alston,,,
Courtney Lee,Dwight Howard,Hedo Turkoglu,Rafer Alston,Rashard Lewis,Anderson Varejao,Delonte West,LeBron James,Mo Williams,Zydrunas Ilgauskas,3,11:28,CLE,foul,,,,,,,,Rafer Alston,,Mo Williams,,,,,,shooting,,
Courtney Lee,Dwight Howard,Hedo Turkoglu,Rafer Alston,Rashard Lewis,Anderson Varejao,Delonte West,LeBron James,Mo Williams,Zydrunas Ilgauskas,3,11:28,ORL,free throw,,,,,,,1,,2,Rafer Alston,,,foul,made,,,,
Courtney Lee,Dwight Howard,Hedo Turkoglu,Rafer Alston,Rashard Lewis,Anderson Varejao,Delonte West,LeBron James,Mo Williams,Zydrunas Ilgauskas,3,11:28,ORL,free throw,,,,,,,2,,2,Rafer Alston,,,foul,made,,,,
Courtney Lee,Dwight Howard,Hedo Turkoglu,Rafer Alston,Rashard Lewis,Anderson Varejao,Delonte West,LeBron James,Mo Williams,Zydrunas Ilgauskas,3,11:13,CLE,shot,,,,,,,,,,Zydrunas Ilgauskas,2,,,made,,turnaround jump,41,9
Courtney Lee,Dwight Howard,Hedo Turkoglu,Rafer Alston,Rashard Lewis,Anderson Varejao,Delonte West,LeBron James,Mo Williams,Zydrunas Ilgauskas,3,11:05,ORL,shot,,,,,,,,,,Courtney Lee,,,,missed,,jump,20,16
Courtney Lee,Dwight Howard,Hedo Turkoglu,Rafer Alston,Rashard Lewis,Anderson Varejao,Delonte West,LeBron James,Mo Williams,Zydrunas Ilgauskas,3,11:04,CLE,rebound,,,,,,,,,,LeBron James,,,,,,def,,
Courtney Lee,Dwight Howard,Hedo Turkoglu,Rafer Alston,Rashard Lewis,Anderson Varejao,Delonte West,LeBron James,Mo Williams,Zydrunas Ilgauskas,3,10:54,CLE,shot,LeBron James,,,,,,,,,Zydrunas Ilgauskas,2,,,made,,jump,14,23
Courtney Lee,Dwight Howard,Hedo Turkoglu,Rafer Alston,Rashard Lewis,Anderson Varejao,Delonte West,LeBron James,Mo Williams,Zydrunas Ilgauskas,3,10:43,ORL,turnover,,,,,,,,,,Courtney Lee,,,lost ball,,Delonte West,,,
Courtney Lee,Dwight Howard,Hedo Turkoglu,Rafer Alston,Rashard Lewis,Anderson Varejao,Delonte West,LeBron James,Mo Williams,Zydrunas Ilgauskas,3,10:42,ORL,foul,,,,,,,,LeBron James,,Hedo Turkoglu,,,,,,personal,,
Courtney Lee,Dwight Howard,Hedo Turkoglu,Rafer Alston,Rashard Lewis,Anderson Varejao,Delonte West,LeBron James,Mo Williams,Zydrunas Ilgauskas,3,10:20,CLE,shot,,,,,,,,,,Anderson Varejao,,,,missed,,fade away jumper,17,10
Courtney Lee,Dwight Howard,Hedo Turkoglu,Rafer Alston,Rashard Lewis,Anderson Varejao,Delonte West,LeBron James,Mo Williams,Zydrunas Ilgauskas,3,10:19,ORL,rebound,,,,,,,,,,Dwight Howard,,,,,,def,,
Courtney Lee,Dwight Howard,Hedo Turkoglu,Rafer Alston,Rashard Lewis,Anderson Varejao,Delonte West,LeBron James,Mo Williams,Zydrunas Ilgauskas,3,10:09,ORL,shot,,,,,,,,,,Hedo Turkoglu,3,,,made,,3pt,41,24
Courtney Lee,Dwight Howard,Hedo Turkoglu,Rafer Alston,Rashard Lewis,Anderson Varejao,Delonte West,LeBron James,Mo Williams,Zydrunas Ilgauskas,3,9:47,CLE,shot,,,,,,,,,,Zydrunas Ilgauskas,,,,missed,,jump,4,14
Courtney Lee,Dwight Howard,Hedo Turkoglu,Rafer Alston,Rashard Lewis,Anderson Varejao,Delonte West,LeBron James,Mo Williams,Zydrunas Ilgauskas,3,9:46,ORL,rebound,,,,,,,,,,Dwight Howard,,,,,,def,,
Courtney Lee,Dwight Howard,Hedo Turkoglu,Rafer Alston,Rashard Lewis,Anderson Varejao,Delonte West,LeBron James,Mo Williams,Zydrunas Ilgauskas,3,9:34,ORL,shot,Rashard Lewis,,,,,,,,,Rafer Alston,3,,,made,,3pt,14,28
Courtney Lee,Dwight Howard,Hedo Turkoglu,Rafer Alston,Rashard Lewis,Anderson Varejao,Delonte West,LeBron James,Mo Williams,Zydrunas Ilgauskas,3,9:15,CLE,shot,,,,,,,,,,Mo Williams,,,,missed,,3pt,25,32
Courtney Lee,Dwight Howard,Hedo Turkoglu,Rafer Alston,Rashard Lewis,Anderson Varejao,Delonte West,LeBron James,Mo Williams,Zydrunas Ilgauskas,3,9:14,ORL,rebound,,,,,,,,,,,,,,,,,,
Courtney Lee,Dwight Howard,Hedo Turkoglu,Rafer Alston,Rashard Lewis,Anderson Varejao,Delonte West,LeBron James,Mo Williams,Zydrunas Ilgauskas,3,8:57,ORL,turnover,,,,,,,,,,Rafer Alston,,,bad pass,,Delonte West,,,
Courtney Lee,Dwight Howard,Hedo Turkoglu,Rafer Alston,Rashard Lewis,Anderson Varejao,Delonte West,LeBron James,Mo Williams,Zydrunas Ilgauskas,3,8:49,CLE,shot,,,,,,,,,,Mo Williams,,,,missed,,3pt,2,8
Courtney Lee,Dwight Howard,Hedo Turkoglu,Rafer Alston,Rashard Lewis,Anderson Varejao,Delonte West,LeBron James,Mo Williams,Zydrunas Ilgauskas,3,8:48,CLE,rebound,,,,,,,,,,LeBron James,,,,,,off,,
Courtney Lee,Dwight Howard,Hedo Turkoglu,Rafer Alston,Rashard Lewis,Anderson Varejao,Delonte West,LeBron James,Mo Williams,Zydrunas Ilgauskas,3,8:47,ORL,violation,,,,,,,,,,Hedo Turkoglu,,,,,,kicked ball,,
Courtney Lee,Dwight Howard,Hedo Turkoglu,Rafer Alston,Rashard Lewis,Anderson Varejao,Delonte West,LeBron James,Mo Williams,Zydrunas Ilgauskas,3,8:43,CLE,shot,LeBron James,,,,,,,,,Mo Williams,2,,,made,,jump,43,10
Courtney Lee,Dwight Howard,Hedo Turkoglu,Rafer Alston,Rashard Lewis,Anderson Varejao,Delonte West,LeBron James,Mo Williams,Zydrunas Ilgauskas,3,8:27,ORL,shot,,,,,,,,,,Rashard Lewis,,,,missed,,3pt,48,8
Courtney Lee,Dwight Howard,Hedo Turkoglu,Rafer Alston,Rashard Lewis,Anderson Varejao,Delonte West,LeBron James,Mo Williams,Zydrunas Ilgauskas,3,8:26,CLE,rebound,,,,,,,,,,Zydrunas Ilgauskas,,,,,,def,,
Courtney Lee,Dwight Howard,Hedo Turkoglu,Rafer Alston,Rashard Lewis,Anderson Varejao,Delonte West,LeBron James,Mo Williams,Zydrunas Ilgauskas,3,8:15,CLE,shot,,,Dwight Howard,,,,,,,Mo Williams,,,,missed,,layup,23,7
Courtney Lee,Dwight Howard,Hedo Turkoglu,Rafer Alston,Rashard Lewis,Anderson Varejao,Delonte West,LeBron James,Mo Williams,Zydrunas Ilgauskas,3,8:13,ORL,rebound,,,,,,,,,,Hedo Turkoglu,,,,,,def,,
Courtney Lee,Dwight Howard,Hedo Turkoglu,Rafer Alston,Rashard Lewis,Anderson Varejao,Delonte West,LeBron James,Mo Williams,Zydrunas Ilgauskas,3,8:08,ORL,shot,Hedo Turkoglu,,,,,,,,,Rashard Lewis,2,,,made,,dunk,24,7
Courtney Lee,Dwight Howard,Hedo Turkoglu,Rafer Alston,Rashard Lewis,Anderson Varejao,Delonte West,LeBron James,Mo Williams,Zydrunas Ilgauskas,3,8:06,CLE,timeout,,,,,,,,,,,,,,,,regular,,
Courtney Lee,Dwight Howard,Hedo Turkoglu,Rafer Alston,Rashard Lewis,Anderson Varejao,Delonte West,LeBron James,Mo Williams,Zydrunas Ilgauskas,3,7:46,CLE,shot,,,,,,,,,,Zydrunas Ilgauskas,,,,missed,,layup,25,7
Courtney Lee,Dwight Howard,Hedo Turkoglu,Rafer Alston,Rashard Lewis,Anderson Varejao,Delonte West,LeBron James,Mo Williams,Zydrunas Ilgauskas,3,7:45,ORL,rebound,,,,,,,,,,Rashard Lewis,,,,,,def,,
Courtney Lee,Dwight Howard,Hedo Turkoglu,Rafer Alston,Rashard Lewis,Anderson Varejao,Delonte West,LeBron James,Mo Williams,Zydrunas Ilgauskas,3,7:33,ORL,shot,,,,,,,,,,Dwight Howard,2,,,made,,running hook,26,13
Courtney Lee,Dwight Howard,Hedo Turkoglu,Rafer Alston,Rashard Lewis,Anderson Varejao,Delonte West,LeBron James,Mo Williams,Zydrunas Ilgauskas,3,7:10,CLE,shot,,,,,,,,,,Anderson Varejao,,,,missed,,jump,41,12
Courtney Lee,Dwight Howard,Hedo Turkoglu,Rafer Alston,Rashard Lewis,Anderson Varejao,Delonte West,LeBron James,Mo Williams,Zydrunas Ilgauskas,3,7:09,ORL,rebound,,,,,,,,,,Rashard Lewis,,,,,,def,,
Courtney Lee,Dwight Howard,Hedo Turkoglu,Rafer Alston,Rashard Lewis,Anderson Varejao,Delonte West,LeBron James,Mo Williams,Zydrunas Ilgauskas,3,6:52,ORL,shot,,,,,,,,,,Hedo Turkoglu,,,,missed,,turnaround jump,42,9
Courtney Lee,Dwight Howard,Hedo Turkoglu,Rafer Alston,Rashard Lewis,Anderson Varejao,Delonte West,LeBron James,Mo Williams,Zydrunas Ilgauskas,3,6:51,CLE,rebound,,,,,,,,,,LeBron James,,,,,,def,,
Courtney Lee,Dwight Howard,Hedo Turkoglu,Rafer Alston,Rashard Lewis,Anderson Varejao,Delonte West,LeBron James,Mo Williams,Zydrunas Ilgauskas,3,6:45,ORL,foul,,,,,,,,LeBron James,,Dwight Howard,,,,,,shooting,,
Courtney Lee,Dwight Howard,Hedo Turkoglu,Rafer Alston,Rashard Lewis,Anderson Varejao,Delonte West,LeBron James,Mo Williams,Wally Szczerbiak,3,6:45,CLE,sub,,,,Wally Szczerbiak,,Zydrunas Ilgauskas,,,,,,,,,,,,
Courtney Lee,Dwight Howard,Hedo Turkoglu,Rafer Alston,Rashard Lewis,Anderson Varejao,Delonte West,LeBron James,Mo Williams,Wally Szczerbiak,3,6:45,CLE,free throw,,,,,,,1,,2,LeBron James,,,foul,made,,,,
Courtney Lee,Dwight Howard,Hedo Turkoglu,Rafer Alston,Rashard Lewis,Anderson Varejao,Delonte West,LeBron James,Mo Williams,Wally Szczerbiak,3,6:45,CLE,free throw,,,,,,,2,,2,LeBron James,,,foul,missed,,,,
Courtney Lee,Dwight Howard,Hedo Turkoglu,Rafer Alston,Rashard Lewis,Anderson Varejao,Delonte West,LeBron James,Mo Williams,Wally Szczerbiak,3,6:43,ORL,rebound,,,,,,,,,,Rashard Lewis,,,,,,def,,
Courtney Lee,Dwight Howard,Hedo Turkoglu,Rafer Alston,Rashard Lewis,Anderson Varejao,Delonte West,LeBron James,Mo Williams,Wally Szczerbiak,3,6:19,ORL,shot,,,,,,,,,,Hedo Turkoglu,,,,missed,,3pt,26,34
Courtney Lee,Dwight Howard,Hedo Turkoglu,Rafer Alston,Rashard Lewis,Anderson Varejao,Delonte West,LeBron James,Mo Williams,Wally Szczerbiak,3,6:17,CLE,rebound,,,,,,,,,,Anderson Varejao,,,,,,def,,
Courtney Lee,Dwight Howard,Hedo Turkoglu,Rafer Alston,Rashard Lewis,Anderson Varejao,Delonte West,LeBron James,Mo Williams,Wally Szczerbiak,3,6:07,CLE,shot,,,,,,,,,,LeBron James,2,,,made,,jump,6,15
Courtney Lee,Dwight Howard,Hedo Turkoglu,Rafer Alston,Rashard Lewis,Anderson Varejao,Delonte West,LeBron James,Mo Williams,Wally Szczerbiak,3,5:53,CLE,foul,,,,,,,,Rashard Lewis,,Wally Szczerbiak,,,,,,personal,,
Courtney Lee,Dwight Howard,Hedo Turkoglu,Rafer Alston,Rashard Lewis,Anderson Varejao,Delonte West,LeBron James,Mo Williams,Wally Szczerbiak,3,5:49,ORL,shot,,,,,,,,,,Courtney Lee,,,,missed,,3pt,2,11
Courtney Lee,Dwight Howard,Hedo Turkoglu,Rafer Alston,Rashard Lewis,Anderson Varejao,Delonte West,LeBron James,Mo Williams,Wally Szczerbiak,3,5:48,CLE,rebound,,,,,,,,,,Mo Williams,,,,,,def,,
Courtney Lee,Dwight Howard,Hedo Turkoglu,Rafer Alston,Rashard Lewis,Anderson Varejao,Delonte West,LeBron James,Mo Williams,Wally Szczerbiak,3,5:35,CLE,turnover,,,,,,,,,,Mo Williams,,,poss lost ball turnover,,Rafer Alston,,,
Courtney Lee,Dwight Howard,Hedo Turkoglu,Rafer Alston,Rashard Lewis,Anderson Varejao,Delonte West,LeBron James,Mo Williams,Wally Szczerbiak,3,5:29,ORL,shot,,,,,,,,,,Rashard Lewis,,,,missed,,layup,26,8
Courtney Lee,Dwight Howard,Hedo Turkoglu,Rafer Alston,Rashard Lewis,Anderson Varejao,Delonte West,LeBron James,Mo Williams,Wally Szczerbiak,3,5:27,ORL,shot,,,,,,,,,,Hedo Turkoglu,,,,missed,,tip,24,6
Courtney Lee,Dwight Howard,Hedo Turkoglu,Rafer Alston,Rashard Lewis,Anderson Varejao,Delonte West,LeBron James,Mo Williams,Wally Szczerbiak,3,5:27,ORL,rebound,,,,,,,,,,Hedo Turkoglu,,,,,,off,,
Courtney Lee,Dwight Howard,Hedo Turkoglu,Rafer Alston,Rashard Lewis,Anderson Varejao,Delonte West,LeBron James,Mo Williams,Wally Szczerbiak,3,5:23,ORL,shot,,,,,,,,,,Hedo Turkoglu,2,,,made,,tip,25,7
Courtney Lee,Dwight Howard,Hedo Turkoglu,Rafer Alston,Rashard Lewis,Anderson Varejao,Delonte West,LeBron James,Mo Williams,Wally Szczerbiak,3,5:23,ORL,rebound,,,,,,,,,,Hedo Turkoglu,,,,,,off,,
Courtney Lee,Dwight Howard,Hedo Turkoglu,Rafer Alston,Rashard Lewis,Anderson Varejao,Delonte West,LeBron James,Mo Williams,Wally Szczerbiak,3,5:03,CLE,shot,LeBron James,,,,,,,,,Anderson Varejao,2,,,made,,dunk,24,6
Courtney Lee,Dwight Howard,Hedo Turkoglu,Rafer Alston,Rashard Lewis,Anderson Varejao,Delonte West,LeBron James,Mo Williams,Wally Szczerbiak,3,4:37,ORL,shot,,,,,,,,,,Rafer Alston,,,,missed,,3pt,42,24
Courtney Lee,Dwight Howard,Hedo Turkoglu,Rafer Alston,Rashard Lewis,Anderson Varejao,Delonte West,LeBron James,Mo Williams,Wally Szczerbiak,3,4:36,ORL,rebound,,,,,,,,,,Dwight Howard,,,,,,off,,
Courtney Lee,Dwight Howard,Hedo Turkoglu,Rafer Alston,Rashard Lewis,Anderson Varejao,Delonte West,LeBron James,Mo Williams,Wally Szczerbiak,3,4:36,CLE,foul,,,,,,,,Dwight Howard,,Anderson Varejao,,,,,,shooting,,
Courtney Lee,Dwight Howard,Mickael Pietrus,Rafer Alston,Rashard Lewis,Anderson Varejao,Delonte West,LeBron James,Mo Williams,Wally Szczerbiak,3,4:36,ORL,sub,,,,Mickael Pietrus,,Hedo Turkoglu,,,,,,,,,,,,
Courtney Lee,Dwight Howard,Mickael Pietrus,Rafer Alston,Rashard Lewis,Anderson Varejao,Delonte West,LeBron James,Mo Williams,Wally Szczerbiak,3,4:36,ORL,free throw,,,,,,,1,,2,Dwight Howard,,,foul,made,,,,
Courtney Lee,Dwight Howard,Mickael Pietrus,Rafer Alston,Rashard Lewis,Anderson Varejao,Delonte West,LeBron James,Mo Williams,Wally Szczerbiak,3,4:36,ORL,free throw,,,,,,,2,,2,Dwight Howard,,,foul,made,,,,
Courtney Lee,Dwight Howard,Mickael Pietrus,Rafer Alston,Rashard Lewis,Anderson Varejao,Delonte West,LeBron James,Mo Williams,Wally Szczerbiak,3,4:13,CLE,shot,,,,,,,,,,LeBron James,,,,missed,,jump,5,13
Courtney Lee,Dwight Howard,Mickael Pietrus,Rafer Alston,Rashard Lewis,Anderson Varejao,Delonte West,LeBron James,Mo Williams,Wally Szczerbiak,3,4:12,ORL,rebound,,,,,,,,,,,,,,,,,,
Courtney Lee,Dwight Howard,Mickael Pietrus,Rafer Alston,Rashard Lewis,Anderson Varejao,Delonte West,LeBron James,Mo Williams,Wally Szczerbiak,3,3:50,ORL,timeout,,,,,,,,,,,,,,,,regular,,
Anthony Johnson,Courtney Lee,Dwight Howard,Mickael Pietrus,Rashard Lewis,Anderson Varejao,Delonte West,LeBron James,Mo Williams,Wally Szczerbiak,3,3:50,ORL,sub,,,,Anthony Johnson,,Rafer Alston,,,,,,,,,,,,
Anthony Johnson,Courtney Lee,Dwight Howard,Mickael Pietrus,Rashard Lewis,Anderson Varejao,Delonte West,LeBron James,Mo Williams,Wally Szczerbiak,3,3:46,ORL,shot,Dwight Howard,,,,,,,,,Courtney Lee,2,,,made,,jump,46,11
Anthony Johnson,Courtney Lee,Dwight Howard,Mickael Pietrus,Rashard Lewis,Anderson Varejao,Delonte West,LeBron James,Mo Williams,Wally Szczerbiak,3,3:30,CLE,shot,Delonte West,,,,,,,,,Anderson Varejao,2,,,made,,driving dunk,25,7
Anthony Johnson,Courtney Lee,Dwight Howard,Mickael Pietrus,Rashard Lewis,Anderson Varejao,Delonte West,LeBron James,Mo Williams,Wally Szczerbiak,3,3:19,CLE,foul,,,,,,,,Dwight Howard,,Anderson Varejao,,,,,,personal,,
Anthony Johnson,Courtney Lee,Dwight Howard,Mickael Pietrus,Rashard Lewis,Anderson Varejao,Delonte West,LeBron James,Mo Williams,Wally Szczerbiak,3,3:06,ORL,turnover,,,,,,,,,,Mickael Pietrus,,,lost ball,,LeBron James,,,
Anthony Johnson,Courtney Lee,Dwight Howard,Mickael Pietrus,Rashard Lewis,Anderson Varejao,Delonte West,LeBron James,Mo Williams,Wally Szczerbiak,3,2:58,CLE,shot,,,,,,,,,,Delonte West,,,,missed,,3pt,21,31
Anthony Johnson,Courtney Lee,Dwight Howard,Mickael Pietrus,Rashard Lewis,Anderson Varejao,Delonte West,LeBron James,Mo Williams,Wally Szczerbiak,3,2:57,ORL,rebound,,,,,,,,,,Dwight Howard,,,,,,def,,
Anthony Johnson,Courtney Lee,Dwight Howard,Mickael Pietrus,Rashard Lewis,Anderson Varejao,Delonte West,LeBron James,Mo Williams,Wally Szczerbiak,3,2:51,ORL,shot,Anthony Johnson,,,,,,,,,Courtney Lee,2,,,made,,driving layup,24,7
Anthony Johnson,Courtney Lee,Dwight Howard,Mickael Pietrus,Rashard Lewis,Anderson Varejao,Delonte West,LeBron James,Mo Williams,Wally Szczerbiak,3,2:23,CLE,shot,,,,,,,,,,LeBron James,,,,missed,,3pt,25,35
Anthony Johnson,Courtney Lee,Dwight Howard,Mickael Pietrus,Rashard Lewis,Anderson Varejao,Delonte West,LeBron James,Mo Williams,Wally Szczerbiak,3,2:22,ORL,rebound,,,,,,,,,,Rashard Lewis,,,,,,def,,
Anthony Johnson,Courtney Lee,Dwight Howard,Mickael Pietrus,Rashard Lewis,Anderson Varejao,Delonte West,LeBron James,Mo Williams,Wally Szczerbiak,3,2:11,ORL,turnover,,,,,,,,,,Dwight Howard,,,bad pass,,,,,
Anthony Johnson,Courtney Lee,Dwight Howard,Mickael Pietrus,Rashard Lewis,Anderson Varejao,Delonte West,LeBron James,Sasha Pavlovic,Wally Szczerbiak,3,2:11,CLE,sub,,,,Sasha Pavlovic,,Mo Williams,,,,,,,,,,,,
Anthony Johnson,Courtney Lee,Dwight Howard,Mickael Pietrus,Rashard Lewis,Delonte West,LeBron James,Sasha Pavlovic,Wally Szczerbiak,Zydrunas Ilgauskas,3,2:11,CLE,sub,,,,Zydrunas Ilgauskas,,Anderson Varejao,,,,,,,,,,,,
Anthony Johnson,Courtney Lee,Dwight Howard,Mickael Pietrus,Rashard Lewis,Delonte West,LeBron James,Sasha Pavlovic,Wally Szczerbiak,Zydrunas Ilgauskas,3,1:53,CLE,shot,,,,,,,,,,Delonte West,,,,missed,,jump,39,16
Anthony Johnson,Courtney Lee,Dwight Howard,Mickael Pietrus,Rashard Lewis,Delonte West,LeBron James,Sasha Pavlovic,Wally Szczerbiak,Zydrunas Ilgauskas,3,1:52,ORL,rebound,,,,,,,,,,Courtney Lee,,,,,,def,,
Anthony Johnson,Courtney Lee,Dwight Howard,Mickael Pietrus,Rashard Lewis,Delonte West,LeBron James,Sasha Pavlovic,Wally Szczerbiak,Zydrunas Ilgauskas,3,1:43,CLE,violation,,,,,,,,,,LeBron James,,,,,,kicked ball,,
Anthony Johnson,Dwight Howard,Mickael Pietrus,Rashard Lewis,Tony Battie,Delonte West,LeBron James,Sasha Pavlovic,Wally Szczerbiak,Zydrunas Ilgauskas,3,1:43,ORL,sub,,,,Tony Battie,,Courtney Lee,,,,,,,,,,,,
Anthony Johnson,Dwight Howard,Hedo Turkoglu,Mickael Pietrus,Tony Battie,Delonte West,LeBron James,Sasha Pavlovic,Wally Szczerbiak,Zydrunas Ilgauskas,3,1:43,ORL,sub,,,,Hedo Turkoglu,,Rashard Lewis,,,,,,,,,,,,
Anthony Johnson,Dwight Howard,Hedo Turkoglu,Mickael Pietrus,Tony Battie,Delonte West,LeBron James,Sasha Pavlovic,Wally Szczerbiak,Zydrunas Ilgauskas,3,1:39,CLE,foul,,,,,,,,Hedo Turkoglu,,Sasha Pavlovic,,,,,,personal,,
Anthony Johnson,Dwight Howard,Hedo Turkoglu,Mickael Pietrus,Tony Battie,Delonte West,LeBron James,Sasha Pavlovic,Wally Szczerbiak,Zydrunas Ilgauskas,3,1:39,ORL,free throw,,,,,,,1,,2,Hedo Turkoglu,,,foul,made,,,,
Anthony Johnson,Dwight Howard,Hedo Turkoglu,Mickael Pietrus,Tony Battie,Delonte West,LeBron James,Sasha Pavlovic,Wally Szczerbiak,Zydrunas Ilgauskas,3,1:39,ORL,free throw,,,,,,,2,,2,Hedo Turkoglu,,,foul,made,,,,
Anthony Johnson,Dwight Howard,Hedo Turkoglu,Mickael Pietrus,Tony Battie,Delonte West,LeBron James,Sasha Pavlovic,Wally Szczerbiak,Zydrunas Ilgauskas,3,1:26,CLE,shot,Wally Szczerbiak,,,,,,,,,LeBron James,2,,,made,,jump,45,15
Anthony Johnson,Dwight Howard,Hedo Turkoglu,Mickael Pietrus,Tony Battie,Delonte West,LeBron James,Sasha Pavlovic,Wally Szczerbiak,Zydrunas Ilgauskas,3,1:11,ORL,shot,,,Zydrunas Ilgauskas,,,,,,,Hedo Turkoglu,,,,missed,,jump,27,9
Anthony Johnson,Dwight Howard,Hedo Turkoglu,Mickael Pietrus,Tony Battie,Delonte West,LeBron James,Sasha Pavlovic,Wally Szczerbiak,Zydrunas Ilgauskas,3,1:10,CLE,rebound,,,,,,,,,,Wally Szczerbiak,,,,,,def,,
Anthony Johnson,Dwight Howard,Hedo Turkoglu,Mickael Pietrus,Tony Battie,Delonte West,LeBron James,Sasha Pavlovic,Wally Szczerbiak,Zydrunas Ilgauskas,3,0:57,CLE,shot,,,,,,,,,,Zydrunas Ilgauskas,,,,missed,,jump,12,21
Anthony Johnson,Dwight Howard,Hedo Turkoglu,Mickael Pietrus,Tony Battie,Delonte West,LeBron James,Sasha Pavlovic,Wally Szczerbiak,Zydrunas Ilgauskas,3,0:56,ORL,rebound,,,,,,,,,,Tony Battie,,,,,,def,,
Anthony Johnson,Dwight Howard,Hedo Turkoglu,Mickael Pietrus,Tony Battie,Delonte West,LeBron James,Sasha Pavlovic,Wally Szczerbiak,Zydrunas Ilgauskas,3,0:40,ORL,shot,,,,,,,,,,Tony Battie,,,,missed,,layup,27,7
Anthony Johnson,Dwight Howard,Hedo Turkoglu,Mickael Pietrus,Tony Battie,Delonte West,LeBron James,Sasha Pavlovic,Wally Szczerbiak,Zydrunas Ilgauskas,3,0:39,CLE,rebound,,,,,,,,,,Zydrunas Ilgauskas,,,,,,def,,
Anthony Johnson,Dwight Howard,Hedo Turkoglu,Mickael Pietrus,Tony Battie,Delonte West,LeBron James,Sasha Pavlovic,Wally Szczerbiak,Zydrunas Ilgauskas,3,0:21,CLE,shot,,,,,,,,,,LeBron James,2,,,made,,jump,45,14
Anthony Johnson,Dwight Howard,Hedo Turkoglu,Mickael Pietrus,Tony Battie,Delonte West,LeBron James,Sasha Pavlovic,Wally Szczerbiak,Zydrunas Ilgauskas,3,0:03,ORL,turnover,,,,,,,,,,Hedo Turkoglu,,,bad pass,,,,,
Anthony Johnson,Dwight Howard,Hedo Turkoglu,Mickael Pietrus,Tony Battie,Delonte West,LeBron James,Mo Williams,Sasha Pavlovic,Zydrunas Ilgauskas,3,0:03,CLE,sub,,,,Mo Williams,,Wally Szczerbiak,,,,,,,,,,,,
Anthony Johnson,Dwight Howard,Hedo Turkoglu,Mickael Pietrus,Rafer Alston,Delonte West,LeBron James,Mo Williams,Sasha Pavlovic,Zydrunas Ilgauskas,3,0:03,ORL,sub,,,,Rafer Alston,,Tony Battie,,,,,,,,,,,,
Anthony Johnson,Dwight Howard,Hedo Turkoglu,Mickael Pietrus,Rafer Alston,Delonte West,LeBron James,Mo Williams,Sasha Pavlovic,Zydrunas Ilgauskas,3,0:00,CLE,shot,Sasha Pavlovic,,,,,,,,,LeBron James,2,,,made,,layup,25,6
Anthony Johnson,Hedo Turkoglu,Marcin Gortat,Mickael Pietrus,Tony Battie,Joe Smith,LeBron James,Mo Williams,Sasha Pavlovic,Zydrunas Ilgauskas,4,11:46,CLE,shot,Mo Williams,,,,,,,,,LeBron James,3,,,made,,3pt,49,14
Anthony Johnson,Hedo Turkoglu,Marcin Gortat,Mickael Pietrus,Tony Battie,Joe Smith,LeBron James,Mo Williams,Sasha Pavlovic,Zydrunas Ilgauskas,4,11:24,ORL,shot,Tony Battie,,,,,,,,,Mickael Pietrus,3,,,made,,3pt,37,28
Anthony Johnson,Hedo Turkoglu,Marcin Gortat,Mickael Pietrus,Tony Battie,Joe Smith,LeBron James,Mo Williams,Sasha Pavlovic,Zydrunas Ilgauskas,4,11:06,ORL,foul,,,,,,,,LeBron James,,Mickael Pietrus,,,,,,shooting,,
Anthony Johnson,Hedo Turkoglu,Marcin Gortat,Mickael Pietrus,Tony Battie,Joe Smith,LeBron James,Mo Williams,Sasha Pavlovic,Zydrunas Ilgauskas,4,11:06,CLE,free throw,,,,,,,1,,3,LeBron James,,,foul,made,,,,
Anthony Johnson,Hedo Turkoglu,Marcin Gortat,Mickael Pietrus,Tony Battie,Joe Smith,LeBron James,Mo Williams,Sasha Pavlovic,Zydrunas Ilgauskas,4,11:06,CLE,free throw,,,,,,,2,,3,LeBron James,,,foul,made,,,,
Anthony Johnson,Hedo Turkoglu,Marcin Gortat,Mickael Pietrus,Tony Battie,Joe Smith,LeBron James,Mo Williams,Sasha Pavlovic,Zydrunas Ilgauskas,4,11:06,CLE,free throw,,,,,,,3,,3,LeBron James,,,foul,made,,,,
Anthony Johnson,Hedo Turkoglu,Marcin Gortat,Mickael Pietrus,Tony Battie,Joe Smith,LeBron James,Mo Williams,Sasha Pavlovic,Zydrunas Ilgauskas,4,10:44,ORL,shot,,,,,,,,,,Anthony Johnson,,,,missed,,jump,26,17
Anthony Johnson,Hedo Turkoglu,Marcin Gortat,Mickael Pietrus,Tony Battie,Joe Smith,LeBron James,Mo Williams,Sasha Pavlovic,Zydrunas Ilgauskas,4,10:42,CLE,rebound,,,,,,,,,,Zydrunas Ilgauskas,,,,,,def,,
Anthony Johnson,Hedo Turkoglu,Marcin Gortat,Mickael Pietrus,Tony Battie,Joe Smith,LeBron James,Mo Williams,Sasha Pavlovic,Zydrunas Ilgauskas,4,10:33,CLE,turnover,,,,,,,,,,Joe Smith,,,bad pass,,Anthony Johnson,,,
Anthony Johnson,Hedo Turkoglu,Marcin Gortat,Mickael Pietrus,Tony Battie,Joe Smith,LeBron James,Mo Williams,Sasha Pavlovic,Zydrunas Ilgauskas,4,10:20,ORL,shot,,,,,,,,,,Mickael Pietrus,,,,missed,,3pt,49,10
Anthony Johnson,Hedo Turkoglu,Marcin Gortat,Mickael Pietrus,Tony Battie,Joe Smith,LeBron James,Mo Williams,Sasha Pavlovic,Zydrunas Ilgauskas,4,10:19,CLE,rebound,,,,,,,,,,Zydrunas Ilgauskas,,,,,,def,,
Anthony Johnson,Hedo Turkoglu,Marcin Gortat,Mickael Pietrus,Tony Battie,Joe Smith,LeBron James,Mo Williams,Sasha Pavlovic,Zydrunas Ilgauskas,4,9:57,CLE,shot,,,,,,,,,,LeBron James,,,,missed,,jump,13,24
Anthony Johnson,Hedo Turkoglu,Marcin Gortat,Mickael Pietrus,Tony Battie,Joe Smith,LeBron James,Mo Williams,Sasha Pavlovic,Zydrunas Ilgauskas,4,9:56,CLE,rebound,,,,,,,,,,Joe Smith,,,,,,off,,
Anthony Johnson,Hedo Turkoglu,Marcin Gortat,Mickael Pietrus,Tony Battie,Joe Smith,LeBron James,Mo Williams,Sasha Pavlovic,Zydrunas Ilgauskas,4,9:51,CLE,shot,,,,,,,,,,Joe Smith,2,,,made,,layup,25,7
Anthony Johnson,Hedo Turkoglu,Marcin Gortat,Mickael Pietrus,Tony Battie,Joe Smith,LeBron James,Mo Williams,Sasha Pavlovic,Zydrunas Ilgauskas,4,9:33,ORL,turnover,,,,,,,,,,Hedo Turkoglu,,,bad pass,,LeBron James,,,
Anthony Johnson,Hedo Turkoglu,Marcin Gortat,Mickael Pietrus,Tony Battie,Joe Smith,LeBron James,Mo Williams,Sasha Pavlovic,Zydrunas Ilgauskas,4,9:28,ORL,foul,,,,,,,,Mo Williams,,Tony Battie,,,,,,shooting,,
Anthony Johnson,Hedo Turkoglu,Marcin Gortat,Mickael Pietrus,Tony Battie,Joe Smith,LeBron James,Mo Williams,Sasha Pavlovic,Zydrunas Ilgauskas,4,9:28,CLE,free throw,,,,,,,1,,2,Mo Williams,,,foul,missed,,,,
Anthony Johnson,Hedo Turkoglu,Marcin Gortat,Mickael Pietrus,Tony Battie,Joe Smith,LeBron James,Mo Williams,Sasha Pavlovic,Zydrunas Ilgauskas,4,9:28,CLE,rebound,,,,,,,,,,,,,,,,,,
Anthony Johnson,Hedo Turkoglu,Marcin Gortat,Mickael Pietrus,Rafer Alston,Joe Smith,LeBron James,Mo Williams,Sasha Pavlovic,Zydrunas Ilgauskas,4,9:28,ORL,sub,,,,Rafer Alston,,Tony Battie,,,,,,,,,,,,
Hedo Turkoglu,Marcin Gortat,Mickael Pietrus,Rafer Alston,Rashard Lewis,Joe Smith,LeBron James,Mo Williams,Sasha Pavlovic,Zydrunas Ilgauskas,4,9:28,ORL,sub,,,,Rashard Lewis,,Anthony Johnson,,,,,,,,,,,,
Dwight Howard,Hedo Turkoglu,Mickael Pietrus,Rafer Alston,Rashard Lewis,Joe Smith,LeBron James,Mo Williams,Sasha Pavlovic,Zydrunas Ilgauskas,4,9:28,ORL,sub,,,,Dwight Howard,,Marcin Gortat,,,,,,,,,,,,
Dwight Howard,Hedo Turkoglu,Mickael Pietrus,Rafer Alston,Rashard Lewis,Joe Smith,LeBron James,Mo Williams,Sasha Pavlovic,Zydrunas Ilgauskas,4,9:28,CLE,free throw,,,,,,,2,,2,Mo Williams,,,foul,missed,,,,
Dwight Howard,Hedo Turkoglu,Mickael Pietrus,Rafer Alston,Rashard Lewis,Joe Smith,LeBron James,Mo Williams,Sasha Pavlovic,Zydrunas Ilgauskas,4,9:27,ORL,timeout,,,,,,,,,,,,,,,,regular,,
Dwight Howard,Hedo Turkoglu,Mickael Pietrus,Rafer Alston,Rashard Lewis,Joe Smith,LeBron James,Mo Williams,Sasha Pavlovic,Zydrunas Ilgauskas,4,9:27,ORL,rebound,,,,,,,,,,Hedo Turkoglu,,,,,,def,,
Dwight Howard,Hedo Turkoglu,Mickael Pietrus,Rafer Alston,Rashard Lewis,Joe Smith,LeBron James,Mo Williams,Sasha Pavlovic,Zydrunas Ilgauskas,4,9:14,CLE,foul,,,,,,,,Rafer Alston,,Mo Williams,,,,,,shooting,,
Dwight Howard,Hedo Turkoglu,Mickael Pietrus,Rafer Alston,Rashard Lewis,Joe Smith,LeBron James,Mo Williams,Sasha Pavlovic,Zydrunas Ilgauskas,4,9:14,ORL,free throw,,,,,,,1,,2,Rafer Alston,,,foul,made,,,,
Dwight Howard,Hedo Turkoglu,Mickael Pietrus,Rafer Alston,Rashard Lewis,Joe Smith,LeBron James,Mo Williams,Sasha Pavlovic,Zydrunas Ilgauskas,4,9:14,ORL,free throw,,,,,,,2,,2,Rafer Alston,,,foul,made,,,,
Dwight Howard,Hedo Turkoglu,Mickael Pietrus,Rafer Alston,Rashard Lewis,Joe Smith,LeBron James,Mo Williams,Sasha Pavlovic,Zydrunas Ilgauskas,4,8:58,CLE,turnover,,,,,,,,,,LeBron James,,,out of bounds lost ball turnover,,,,,
Dwight Howard,Hedo Turkoglu,Mickael Pietrus,Rafer Alston,Rashard Lewis,Joe Smith,LeBron James,Mo Williams,Sasha Pavlovic,Zydrunas Ilgauskas,4,8:44,ORL,shot,,,,,,,,,,Rashard Lewis,,,,missed,,3pt,12,27
Dwight Howard,Hedo Turkoglu,Mickael Pietrus,Rafer Alston,Rashard Lewis,Joe Smith,LeBron James,Mo Williams,Sasha Pavlovic,Zydrunas Ilgauskas,4,8:43,ORL,rebound,,,,,,,,,,Mickael Pietrus,,,,,,off,,
Dwight Howard,Hedo Turkoglu,Mickael Pietrus,Rafer Alston,Rashard Lewis,Joe Smith,LeBron James,Mo Williams,Sasha Pavlovic,Zydrunas Ilgauskas,4,8:31,ORL,shot,,,,,,,,,,Mickael Pietrus,,,,missed,,3pt,14,28
Dwight Howard,Hedo Turkoglu,Mickael Pietrus,Rafer Alston,Rashard Lewis,Joe Smith,LeBron James,Mo Williams,Sasha Pavlovic,Zydrunas Ilgauskas,4,8:30,ORL,rebound,,,,,,,,,,Mickael Pietrus,,,,,,off,,
Dwight Howard,Hedo Turkoglu,Mickael Pietrus,Rafer Alston,Rashard Lewis,Joe Smith,LeBron James,Mo Williams,Sasha Pavlovic,Zydrunas Ilgauskas,4,8:10,ORL,turnover,,,,,,,,,,Rashard Lewis,,,lost ball,,Sasha Pavlovic,,,
Dwight Howard,Hedo Turkoglu,Mickael Pietrus,Rafer Alston,Rashard Lewis,Joe Smith,LeBron James,Mo Williams,Sasha Pavlovic,Zydrunas Ilgauskas,4,8:01,CLE,shot,,,,,,,,,,LeBron James,2,,,made,,slam dunk,25,5
Dwight Howard,Hedo Turkoglu,Mickael Pietrus,Rafer Alston,Rashard Lewis,Joe Smith,LeBron James,Mo Williams,Sasha Pavlovic,Zydrunas Ilgauskas,4,7:40,ORL,violation,,,,,,,,,,,,,,,,delay of game,,
Dwight Howard,Hedo Turkoglu,Mickael Pietrus,Rafer Alston,Rashard Lewis,Joe Smith,LeBron James,Mo Williams,Sasha Pavlovic,Zydrunas Ilgauskas,4,7:40,OFF,jump ball,,Dwight Howard,,,Zydrunas Ilgauskas,,,,,,,Mickael Pietrus,,,,,,
Dwight Howard,Hedo Turkoglu,Mickael Pietrus,Rafer Alston,Rashard Lewis,Joe Smith,LeBron James,Mo Williams,Sasha Pavlovic,Zydrunas Ilgauskas,4,7:33,ORL,shot,Mickael Pietrus,,,,,,,,,Rafer Alston,3,,,made,,3pt,48,10
Dwight Howard,Hedo Turkoglu,Mickael Pietrus,Rafer Alston,Rashard Lewis,Joe Smith,LeBron James,Mo Williams,Sasha Pavlovic,Zydrunas Ilgauskas,4,7:18,CLE,shot,,,,,,,,,,Mo Williams,2,,,made,,jump,14,21
Dwight Howard,Hedo Turkoglu,Mickael Pietrus,Rafer Alston,Rashard Lewis,Joe Smith,LeBron James,Mo Williams,Sasha Pavlovic,Zydrunas Ilgauskas,4,7:11,ORL,timeout,,,,,,,,,,,,,,,,short,,
Dwight Howard,Hedo Turkoglu,Mickael Pietrus,Rafer Alston,Rashard Lewis,Joe Smith,LeBron James,Mo Williams,Sasha Pavlovic,Zydrunas Ilgauskas,4,6:57,ORL,shot,,,,,,,,,,Rafer Alston,,,,missed,,jump,14,19
Dwight Howard,Hedo Turkoglu,Mickael Pietrus,Rafer Alston,Rashard Lewis,Joe Smith,LeBron James,Mo Williams,Sasha Pavlovic,Zydrunas Ilgauskas,4,6:56,CLE,rebound,,,,,,,,,,Sasha Pavlovic,,,,,,def,,
Dwight Howard,Hedo Turkoglu,Mickael Pietrus,Rafer Alston,Rashard Lewis,Joe Smith,LeBron James,Mo Williams,Sasha Pavlovic,Zydrunas Ilgauskas,4,6:46,CLE,shot,,,,,,,,,,LeBron James,,,,missed,,jump,17,18
Dwight Howard,Hedo Turkoglu,Mickael Pietrus,Rafer Alston,Rashard Lewis,Joe Smith,LeBron James,Mo Williams,Sasha Pavlovic,Zydrunas Ilgauskas,4,6:45,ORL,rebound,,,,,,,,,,Dwight Howard,,,,,,def,,
Dwight Howard,Hedo Turkoglu,Mickael Pietrus,Rafer Alston,Rashard Lewis,Joe Smith,LeBron James,Mo Williams,Sasha Pavlovic,Zydrunas Ilgauskas,4,6:31,ORL,shot,,,,,,,,,,Hedo Turkoglu,2,,,made,,running jump,13,9
Dwight Howard,Hedo Turkoglu,Mickael Pietrus,Rafer Alston,Rashard Lewis,Joe Smith,LeBron James,Mo Williams,Sasha Pavlovic,Zydrunas Ilgauskas,4,6:09,ORL,foul,,,,,,,,LeBron James,,Rafer Alston,,,,,,personal,,
Dwight Howard,Hedo Turkoglu,Mickael Pietrus,Rafer Alston,Rashard Lewis,Delonte West,Joe Smith,LeBron James,Mo Williams,Zydrunas Ilgauskas,4,6:09,CLE,sub,,,,Delonte West,,Sasha Pavlovic,,,,,,,,,,,,
Courtney Lee,Dwight Howard,Hedo Turkoglu,Rafer Alston,Rashard Lewis,Delonte West,Joe Smith,LeBron James,Mo Williams,Zydrunas Ilgauskas,4,6:09,ORL,sub,,,,Courtney Lee,,Mickael Pietrus,,,,,,,,,,,,
Courtney Lee,Dwight Howard,Hedo Turkoglu,Rafer Alston,Rashard Lewis,Delonte West,Joe Smith,LeBron James,Mo Williams,Zydrunas Ilgauskas,4,6:01,CLE,shot,LeBron James,,,,,,,,,Mo Williams,3,,,made,,3pt,48,12
Courtney Lee,Dwight Howard,Hedo Turkoglu,Rafer Alston,Rashard Lewis,Delonte West,Joe Smith,LeBron James,Mo Williams,Zydrunas Ilgauskas,4,5:50,ORL,shot,,,,,,,,,,Rashard Lewis,,,,missed,,3pt,30,32
Courtney Lee,Dwight Howard,Hedo Turkoglu,Rafer Alston,Rashard Lewis,Delonte West,Joe Smith,LeBron James,Mo Williams,Zydrunas Ilgauskas,4,5:49,CLE,rebound,,,,,,,,,,Zydrunas Ilgauskas,,,,,,def,,
Courtney Lee,Dwight Howard,Hedo Turkoglu,Rafer Alston,Rashard Lewis,Delonte West,Joe Smith,LeBron James,Mo Williams,Zydrunas Ilgauskas,4,5:38,CLE,shot,,,,,,,,,,Mo Williams,,,,missed,,floating jump,21,12
Courtney Lee,Dwight Howard,Hedo Turkoglu,Rafer Alston,Rashard Lewis,Delonte West,Joe Smith,LeBron James,Mo Williams,Zydrunas Ilgauskas,4,5:34,ORL,rebound,,,,,,,,,,Dwight Howard,,,,,,def,,
Courtney Lee,Dwight Howard,Hedo Turkoglu,Rafer Alston,Rashard Lewis,Delonte West,Joe Smith,LeBron James,Mo Williams,Zydrunas Ilgauskas,4,5:17,ORL,shot,Hedo Turkoglu,,,,,,,,,Courtney Lee,2,,,made,,jump,18,26
Courtney Lee,Dwight Howard,Hedo Turkoglu,Rafer Alston,Rashard Lewis,Delonte West,Joe Smith,LeBron James,Mo Williams,Zydrunas Ilgauskas,4,4:56,CLE,shot,,,,,,,,,,LeBron James,2,,,made,,running jump,23,12
Courtney Lee,Dwight Howard,Hedo Turkoglu,Rafer Alston,Rashard Lewis,Delonte West,Joe Smith,LeBron James,Mo Williams,Zydrunas Ilgauskas,4,4:44,ORL,shot,Rafer Alston,,,,,,,,,Rashard Lewis,2,,,made,,jump,19,22
Courtney Lee,Dwight Howard,Hedo Turkoglu,Rafer Alston,Rashard Lewis,Delonte West,Joe Smith,LeBron James,Mo Williams,Zydrunas Ilgauskas,4,4:37,CLE,timeout,,,,,,,,,,,,,,,,regular,,
Courtney Lee,Dwight Howard,Hedo Turkoglu,Rafer Alston,Rashard Lewis,Anderson Varejao,Delonte West,Joe Smith,LeBron James,Mo Williams,4,4:37,CLE,sub,,,,Anderson Varejao,,Zydrunas Ilgauskas,,,,,,,,,,,,
Courtney Lee,Dwight Howard,Hedo Turkoglu,Rafer Alston,Rashard Lewis,Anderson Varejao,Delonte West,Joe Smith,LeBron James,Mo Williams,4,4:30,CLE,turnover,,,,,,,,,,LeBron James,,,out of bounds lost ball turnover,,,,,
Courtney Lee,Dwight Howard,Hedo Turkoglu,Rafer Alston,Rashard Lewis,Anderson Varejao,Delonte West,Joe Smith,LeBron James,Mo Williams,4,4:09,ORL,shot,,,,,,,,,,Rafer Alston,,,,missed,,3pt,40,26
Courtney Lee,Dwight Howard,Hedo Turkoglu,Rafer Alston,Rashard Lewis,Anderson Varejao,Delonte West,Joe Smith,LeBron James,Mo Williams,4,4:07,CLE,rebound,,,,,,,,,,Joe Smith,,,,,,def,,
Courtney Lee,Dwight Howard,Hedo Turkoglu,Rafer Alston,Rashard Lewis,Anderson Varejao,Delonte West,Joe Smith,LeBron James,Mo Williams,4,3:54,CLE,shot,,,,,,,,,,Mo Williams,,,,missed,,jump,29,29
Courtney Lee,Dwight Howard,Hedo Turkoglu,Rafer Alston,Rashard Lewis,Anderson Varejao,Delonte West,Joe Smith,LeBron James,Mo Williams,4,3:53,ORL,rebound,,,,,,,,,,Courtney Lee,,,,,,def,,
Courtney Lee,Dwight Howard,Hedo Turkoglu,Rafer Alston,Rashard Lewis,Anderson Varejao,Delonte West,Joe Smith,LeBron James,Mo Williams,4,3:32,ORL,shot,,,,,,,,,,Rafer Alston,2,,,made,,layup,25,6
Courtney Lee,Dwight Howard,Hedo Turkoglu,Rafer Alston,Rashard Lewis,Anderson Varejao,Delonte West,Joe Smith,LeBron James,Mo Williams,4,3:16,CLE,shot,,,,,,,,,,LeBron James,,,,missed,,3pt,49,16
Courtney Lee,Dwight Howard,Hedo Turkoglu,Rafer Alston,Rashard Lewis,Anderson Varejao,Delonte West,Joe Smith,LeBron James,Mo Williams,4,3:15,CLE,rebound,,,,,,,,,,Anderson Varejao,,,,,,off,,
Courtney Lee,Dwight Howard,Hedo Turkoglu,Rafer Alston,Rashard Lewis,Anderson Varejao,Delonte West,Joe Smith,LeBron James,Mo Williams,4,2:57,CLE,shot,,,Dwight Howard,,,,,,,Joe Smith,,,,missed,,jump,22,12
Courtney Lee,Dwight Howard,Hedo Turkoglu,Rafer Alston,Rashard Lewis,Anderson Varejao,Delonte West,Joe Smith,LeBron James,Mo Williams,4,2:55,ORL,rebound,,,,,,,,,,Dwight Howard,,,,,,def,,
Courtney Lee,Dwight Howard,Hedo Turkoglu,Rafer Alston,Rashard Lewis,Anderson Varejao,Delonte West,Joe Smith,LeBron James,Mo Williams,4,2:46,ORL,shot,,,,,,,,,,Hedo Turkoglu,,,,missed,,fade away jumper,41,10
Courtney Lee,Dwight Howard,Hedo Turkoglu,Rafer Alston,Rashard Lewis,Anderson Varejao,Delonte West,Joe Smith,LeBron James,Mo Williams,4,2:43,CLE,rebound,,,,,,,,,,LeBron James,,,,,,def,,
Courtney Lee,Dwight Howard,Hedo Turkoglu,Rafer Alston,Rashard Lewis,Anderson Varejao,Delonte West,Joe Smith,LeBron James,Mo Williams,4,2:37,CLE,shot,,,,,,,,,,Mo Williams,,,,missed,,3pt,3,7
Courtney Lee,Dwight Howard,Hedo Turkoglu,Rafer Alston,Rashard Lewis,Anderson Varejao,Delonte West,Joe Smith,LeBron James,Mo Williams,4,2:36,ORL,rebound,,,,,,,,,,Dwight Howard,,,,,,def,,
Courtney Lee,Dwight Howard,Hedo Turkoglu,Rafer Alston,Rashard Lewis,Anderson Varejao,Delonte West,Joe Smith,LeBron James,Mo Williams,4,2:12,ORL,shot,,,,,,,,,,Rafer Alston,,,,missed,,jump,38,23
Courtney Lee,Dwight Howard,Hedo Turkoglu,Rafer Alston,Rashard Lewis,Anderson Varejao,Delonte West,Joe Smith,LeBron James,Mo Williams,4,2:11,CLE,rebound,,,,,,,,,,Joe Smith,,,,,,def,,
Courtney Lee,Dwight Howard,Hedo Turkoglu,Rafer Alston,Rashard Lewis,Anderson Varejao,Delonte West,Joe Smith,LeBron James,Mo Williams,4,1:59,CLE,shot,LeBron James,,,,,,,,,Mo Williams,3,,,made,,3pt,12,27
Courtney Lee,Dwight Howard,Hedo Turkoglu,Rafer Alston,Rashard Lewis,Anderson Varejao,Delonte West,Joe Smith,LeBron James,Mo Williams,4,1:59,ORL,timeout,,,,,,,,,,,,,,,,regular,,
Courtney Lee,Dwight Howard,Hedo Turkoglu,Rafer Alston,Rashard Lewis,Anderson Varejao,Delonte West,LeBron James,Mo Williams,Zydrunas Ilgauskas,4,1:59,CLE,sub,,,,Zydrunas Ilgauskas,,Joe Smith,,,,,,,,,,,,
Courtney Lee,Dwight Howard,Hedo Turkoglu,Rafer Alston,Rashard Lewis,Anderson Varejao,Delonte West,LeBron James,Mo Williams,Zydrunas Ilgauskas,4,1:51,ORL,shot,,,,,,,,,,Rashard Lewis,,,,missed,,3pt,17,30
Courtney Lee,Dwight Howard,Hedo Turkoglu,Rafer Alston,Rashard Lewis,Anderson Varejao,Delonte West,LeBron James,Mo Williams,Zydrunas Ilgauskas,4,1:50,CLE,rebound,,,,,,,,,,LeBron James,,,,,,def,,
Courtney Lee,Dwight Howard,Hedo Turkoglu,Rafer Alston,Rashard Lewis,Anderson Varejao,Delonte West,LeBron James,Mo Williams,Zydrunas Ilgauskas,4,1:30,CLE,shot,,,,,,,,,,Delonte West,,,,missed,,3pt,49,7
Courtney Lee,Dwight Howard,Hedo Turkoglu,Rafer Alston,Rashard Lewis,Anderson Varejao,Delonte West,LeBron James,Mo Williams,Zydrunas Ilgauskas,4,1:29,ORL,rebound,,,,,,,,,,Rafer Alston,,,,,,def,,
Courtney Lee,Dwight Howard,Hedo Turkoglu,Rafer Alston,Rashard Lewis,Anderson Varejao,Delonte West,LeBron James,Mo Williams,Zydrunas Ilgauskas,4,1:24,ORL,shot,Rafer Alston,,,,,,,,,Courtney Lee,2,,,made,,layup,25,5
Courtney Lee,Dwight Howard,Hedo Turkoglu,Rafer Alston,Rashard Lewis,Anderson Varejao,Delonte West,LeBron James,Mo Williams,Zydrunas Ilgauskas,4,1:02,CLE,shot,,,,,,,,,,Delonte West,,,,missed,,3pt,2,8
Courtney Lee,Dwight Howard,Hedo Turkoglu,Rafer Alston,Rashard Lewis,Anderson Varejao,Delonte West,LeBron James,Mo Williams,Zydrunas Ilgauskas,4,1:01,CLE,rebound,,,,,,,,,,Anderson Varejao,,,,,,off,,
Courtney Lee,Dwight Howard,Hedo Turkoglu,Rafer Alston,Rashard Lewis,Anderson Varejao,Delonte West,LeBron James,Mo Williams,Zydrunas Ilgauskas,4,0:47,CLE,shot,,,,,,,,,,LeBron James,3,,,made,,3pt,42,26
Courtney Lee,Dwight Howard,Hedo Turkoglu,Rafer Alston,Rashard Lewis,Anderson Varejao,Delonte West,LeBron James,Mo Williams,Zydrunas Ilgauskas,4,0:30,ORL,turnover,,,,,,,,,,Dwight Howard,,,3 second violation,,,,,
Courtney Lee,Dwight Howard,Hedo Turkoglu,Rafer Alston,Rashard Lewis,Anderson Varejao,Delonte West,LeBron James,Mo Williams,Zydrunas Ilgauskas,4,0:30,CLE,timeout,,,,,,,,,,,,,,,,regular,,
Courtney Lee,Dwight Howard,Hedo Turkoglu,Rafer Alston,Rashard Lewis,Delonte West,LeBron James,Mo Williams,Sasha Pavlovic,Zydrunas Ilgauskas,4,0:30,CLE,sub,,,,Sasha Pavlovic,,Anderson Varejao,,,,,,,,,,,,
Courtney Lee,Dwight Howard,Hedo Turkoglu,Rafer Alston,Rashard Lewis,Delonte West,LeBron James,Mo Williams,Sasha Pavlovic,Zydrunas Ilgauskas,4,0:08,ORL,foul,,,,,,,,LeBron James,,Courtney Lee,,,,,,shooting,,
Courtney Lee,Dwight Howard,Hedo Turkoglu,Rafer Alston,Rashard Lewis,Delonte West,LeBron James,Mo Williams,Sasha Pavlovic,Zydrunas Ilgauskas,4,0:08,CLE,free throw,,,,,,,1,,2,LeBron James,,,foul,made,,,,
Courtney Lee,Dwight Howard,Hedo Turkoglu,Rafer Alston,Rashard Lewis,Anderson Varejao,Delonte West,LeBron James,Mo Williams,Sasha Pavlovic,4,0:08,CLE,sub,,,,Anderson Varejao,,Zydrunas Ilgauskas,,,,,,,,,,,,
Courtney Lee,Dwight Howard,Hedo Turkoglu,Rafer Alston,Rashard Lewis,Anderson Varejao,Delonte West,LeBron James,Mo Williams,Sasha Pavlovic,4,0:08,CLE,free throw,,,,,,,2,,2,LeBron James,,,foul,made,,,,
Courtney Lee,Dwight Howard,Hedo Turkoglu,Rafer Alston,Rashard Lewis,Anderson Varejao,Delonte West,LeBron James,Mo Williams,Sasha Pavlovic,4,0:08,ORL,timeout,,,,,,,,,,,,,,,,short,,
Courtney Lee,Dwight Howard,Hedo Turkoglu,Rafer Alston,Rashard Lewis,Anderson Varejao,Delonte West,LeBron James,Mo Williams,Sasha Pavlovic,4,0:01,ORL,shot,,,,,,,,,,Rashard Lewis,,,,missed,,3pt,3,16
Courtney Lee,Dwight Howard,Hedo Turkoglu,Rafer Alston,Rashard Lewis,Anderson Varejao,Delonte West,LeBron James,Mo Williams,Sasha Pavlovic,4,0:00,CLE,rebound,,,,,,,,,,Mo Williams,,,,,,def,,
