a1,a2,a3,a4,a5,h1,h2,h3,h4,h5,period,time,team,etype,assist,away,block,entered,home,left,num,opponent,outof,player,points,possession,reason,result,steal,type,x,y
Andre Iguodala,Andre Miller,Samuel Dalembert,Thaddeus Young,Willie Green,Danny Granger,Jarrett Jack,Roy Hibbert,T.J. Ford,Troy Murphy,1,12:00,OFF,jump ball,,Samuel Dalembert,,,Roy Hibbert,,,,,,,Thaddeus Young,,,,,,
Andre Iguodala,Andre Miller,Samuel Dalembert,Thaddeus Young,Willie Green,Danny Granger,Jarrett Jack,Roy Hibbert,T.J. Ford,Troy Murphy,1,11:44,PHI,shot,,,,,,,,,,Willie Green,,,,missed,,jump,14,22
Andre Iguodala,Andre Miller,Samuel Dalembert,Thaddeus Young,Willie Green,Danny Granger,Jarrett Jack,Roy Hibbert,T.J. Ford,Troy Murphy,1,11:41,IND,rebound,,,,,,,,,,Troy Murphy,,,,,,def,,
Andre Iguodala,Andre Miller,Samuel Dalembert,Thaddeus Young,Willie Green,Danny Granger,Jarrett Jack,Roy Hibbert,T.J. Ford,Troy Murphy,1,11:31,IND,shot,,,,,,,,,,Jarrett Jack,2,,,made,,jump,43,9
Andre Iguodala,Andre Miller,Samuel Dalembert,Thaddeus Young,Willie Green,Danny Granger,Jarrett Jack,Roy Hibbert,T.J. Ford,Troy Murphy,1,11:09,PHI,shot,,,,,,,,,,Andre Miller,2,,,made,,turnaround bank,12,8
Andre Iguodala,Andre Miller,Samuel Dalembert,Thaddeus Young,Willie Green,Danny Granger,Jarrett Jack,Roy Hibbert,T.J. Ford,Troy Murphy,1,11:03,PHI,foul,,,,,,,,T.J. Ford,,Willie Green,,,,,,shooting,,
Andre Iguodala,Andre Miller,Samuel Dalembert,Thaddeus Young,Willie Green,Danny Granger,Jarrett Jack,Roy Hibbert,T.J. Ford,Troy Murphy,1,11:03,IND,free throw,,,,,,,1,,2,T.J. Ford,,,foul,made,,,,
Andre Iguodala,Andre Miller,Samuel Dalembert,Thaddeus Young,Willie Green,Danny Granger,Jarrett Jack,Roy Hibbert,T.J. Ford,Troy Murphy,1,11:03,IND,free throw,,,,,,,2,,2,T.J. Ford,,,foul,made,,,,
Andre Iguodala,Andre Miller,Samuel Dalembert,Thaddeus Young,Willie Green,Danny Granger,Jarrett Jack,Roy Hibbert,T.J. Ford,Troy Murphy,1,10:48,IND,violation,,,,,,,,,,Jarrett Jack,,,,,,kicked ball,,
Andre Iguodala,Andre Miller,Samuel Dalembert,Thaddeus Young,Willie Green,Danny Granger,Jarrett Jack,Roy Hibbert,T.J. Ford,Troy Murphy,1,10:42,PHI,shot,,,,,,,,,,Andre Iguodala,,,,missed,,turnaround fade away,24,16
Andre Iguodala,Andre Miller,Samuel Dalembert,Thaddeus Young,Willie Green,Danny Granger,Jarrett Jack,Roy Hibbert,T.J. Ford,Troy Murphy,1,10:41,IND,rebound,,,,,,,,,,Roy Hibbert,,,,,,def,,
Andre Iguodala,Andre Miller,Samuel Dalembert,Thaddeus Young,Willie Green,Danny Granger,Jarrett Jack,Roy Hibbert,T.J. Ford,Troy Murphy,1,10:23,IND,shot,T.J. Ford,,,,,,,,,Jarrett Jack,2,,,made,,floating jump,24,12
Andre Iguodala,Andre Miller,Samuel Dalembert,Thaddeus Young,Willie Green,Danny Granger,Jarrett Jack,Roy Hibbert,T.J. Ford,Troy Murphy,1,10:08,PHI,shot,,,,,,,,,,Willie Green,,,,missed,,jump,33,21
Andre Iguodala,Andre Miller,Samuel Dalembert,Thaddeus Young,Willie Green,Danny Granger,Jarrett Jack,Roy Hibbert,T.J. Ford,Troy Murphy,1,10:07,IND,rebound,,,,,,,,,,T.J. Ford,,,,,,def,,
Andre Iguodala,Andre Miller,Samuel Dalembert,Thaddeus Young,Willie Green,Danny Granger,Jarrett Jack,Roy Hibbert,T.J. Ford,Troy Murphy,1,9:54,IND,shot,,,,,,,,,,Roy Hibbert,,,,missed,,jump,23,11
Andre Iguodala,Andre Miller,Samuel Dalembert,Thaddeus Young,Willie Green,Danny Granger,Jarrett Jack,Roy Hibbert,T.J. Ford,Troy Murphy,1,9:53,IND,rebound,,,,,,,,,,Troy Murphy,,,,,,off,,
Andre Iguodala,Andre Miller,Samuel Dalembert,Thaddeus Young,Willie Green,Danny Granger,Jarrett Jack,Roy Hibbert,T.J. Ford,Troy Murphy,1,9:49,IND,shot,,,,,,,,,,T.J. Ford,,,,missed,,3pt,41,28
Andre Iguodala,Andre Miller,Samuel Dalembert,Thaddeus Young,Willie Green,Danny Granger,Jarrett Jack,Roy Hibbert,T.J. Ford,Troy Murphy,1,9:47,IND,rebound,,,,,,,,,,Roy Hibbert,,,,,,off,,
Andre Iguodala,Andre Miller,Samuel Dalembert,Thaddeus Young,Willie Green,Danny Granger,Jarrett Jack,Roy Hibbert,T.J. Ford,Troy Murphy,1,9:46,IND,shot,,,,,,,,,,Roy Hibbert,2,,,made,,layup,24,6
Andre Iguodala,Andre Miller,Samuel Dalembert,Thaddeus Young,Willie Green,Danny Granger,Jarrett Jack,Roy Hibbert,T.J. Ford,Troy Murphy,1,9:19,PHI,shot,,,,,,,,,,Andre Miller,,,,missed,,jump,11,17
Andre Iguodala,Andre Miller,Samuel Dalembert,Thaddeus Young,Willie Green,Danny Granger,Jarrett Jack,Roy Hibbert,T.J. Ford,Troy Murphy,1,9:18,PHI,rebound,,,,,,,,,,Thaddeus Young,,,,,,off,,
Andre Iguodala,Andre Miller,Samuel Dalembert,Thaddeus Young,Willie Green,Danny Granger,Jarrett Jack,Roy Hibbert,T.J. Ford,Troy Murphy,1,9:05,PHI,shot,,,,,,,,,,Andre Miller,,,,missed,,jump,17,15
Andre Iguodala,Andre Miller,Samuel Dalembert,Thaddeus Young,Willie Green,Danny Granger,Jarrett Jack,Roy Hibbert,T.J. Ford,Troy Murphy,1,9:04,PHI,rebound,,,,,,,,,,Samuel Dalembert,,,,,,off,,
Andre Iguodala,Andre Miller,Samuel Dalembert,Thaddeus Young,Willie Green,Danny Granger,Jarrett Jack,Roy Hibbert,T.J. Ford,Troy Murphy,1,9:00,PHI,shot,,,,,,,,,,Samuel Dalembert,,,,missed,,jump,6,6
Andre Iguodala,Andre Miller,Samuel Dalembert,Thaddeus Young,Willie Green,Danny Granger,Jarrett Jack,Roy Hibbert,T.J. Ford,Troy Murphy,1,8:59,IND,rebound,,,,,,,,,,T.J. Ford,,,,,,def,,
Andre Iguodala,Andre Miller,Samuel Dalembert,Thaddeus Young,Willie Green,Danny Granger,Jarrett Jack,Roy Hibbert,T.J. Ford,Troy Murphy,1,8:54,IND,shot,,,,,,,,,,T.J. Ford,2,,,made,,driving layup,25,6
Andre Iguodala,Andre Miller,Samuel Dalembert,Thaddeus Young,Willie Green,Danny Granger,Jarrett Jack,Roy Hibbert,T.J. Ford,Troy Murphy,1,8:39,PHI,turnover,,,,,,,,,,Andre Miller,,,out of bounds lost ball turnover,,,,,
Andre Iguodala,Andre Miller,Samuel Dalembert,Thaddeus Young,Willie Green,Danny Granger,Jarrett Jack,Roy Hibbert,T.J. Ford,Troy Murphy,1,8:27,IND,shot,Danny Granger,,,,,,,,,Roy Hibbert,2,,,made,,slam dunk,26,7
Andre Iguodala,Andre Miller,Samuel Dalembert,Thaddeus Young,Willie Green,Danny Granger,Jarrett Jack,Roy Hibbert,T.J. Ford,Troy Murphy,1,8:19,PHI,timeout,,,,,,,,,,,,,,,,regular,,
Andre Iguodala,Andre Miller,Samuel Dalembert,Thaddeus Young,Willie Green,Danny Granger,Jarrett Jack,Roy Hibbert,T.J. Ford,Troy Murphy,1,8:01,PHI,shot,,,,,,,,,,Willie Green,2,,,made,,driving layup,25,9
Andre Iguodala,Andre Miller,Samuel Dalembert,Thaddeus Young,Willie Green,Danny Granger,Jarrett Jack,Roy Hibbert,T.J. Ford,Troy Murphy,1,8:01,IND,foul,,,,,,,,Willie Green,,Roy Hibbert,,,,,,shooting,,
Andre Iguodala,Andre Miller,Samuel Dalembert,Thaddeus Young,Willie Green,Danny Granger,Jarrett Jack,Roy Hibbert,T.J. Ford,Troy Murphy,1,8:01,PHI,free throw,,,,,,,1,,1,Willie Green,,,foul,missed,,,,
Andre Iguodala,Andre Miller,Samuel Dalembert,Thaddeus Young,Willie Green,Danny Granger,Jarrett Jack,Roy Hibbert,T.J. Ford,Troy Murphy,1,8:01,IND,rebound,,,,,,,,,,Troy Murphy,,,,,,def,,
Andre Iguodala,Andre Miller,Samuel Dalembert,Thaddeus Young,Willie Green,Danny Granger,Jarrett Jack,Roy Hibbert,T.J. Ford,Troy Murphy,1,7:55,IND,shot,,,,,,,,,,Roy Hibbert,,,,missed,,jump,31,10
Andre Iguodala,Andre Miller,Samuel Dalembert,Thaddeus Young,Willie Green,Danny Granger,Jarrett Jack,Roy Hibbert,T.J. Ford,Troy Murphy,1,7:54,IND,rebound,,,,,,,,,,T.J. Ford,,,,,,off,,
Andre Iguodala,Andre Miller,Samuel Dalembert,Thaddeus Young,Willie Green,Danny Granger,Jarrett Jack,Roy Hibbert,T.J. Ford,Troy Murphy,1,7:52,IND,shot,,,,,,,,,,T.J. Ford,,,,missed,,putback dunk,26,6
Andre Iguodala,Andre Miller,Samuel Dalembert,Thaddeus Young,Willie Green,Danny Granger,Jarrett Jack,Roy Hibbert,T.J. Ford,Troy Murphy,1,7:52,IND,rebound,,,,,,,,,,Roy Hibbert,,,,,,off,,
Andre Iguodala,Andre Miller,Samuel Dalembert,Thaddeus Young,Willie Green,Danny Granger,Jarrett Jack,Roy Hibbert,T.J. Ford,Troy Murphy,1,7:52,IND,shot,,,,,,,,,,Roy Hibbert,2,,,made,,layup,27,6
Andre Iguodala,Andre Miller,Samuel Dalembert,Thaddeus Young,Willie Green,Danny Granger,Jarrett Jack,Roy Hibbert,T.J. Ford,Troy Murphy,1,7:52,PHI,foul,,,,,,,,Roy Hibbert,,Samuel Dalembert,,,,,,shooting,,
Andre Iguodala,Andre Miller,Samuel Dalembert,Thaddeus Young,Willie Green,Danny Granger,Jarrett Jack,Roy Hibbert,T.J. Ford,Troy Murphy,1,7:52,IND,free throw,,,,,,,1,,1,Roy Hibbert,,,foul,made,,,,
Andre Iguodala,Andre Miller,Samuel Dalembert,Thaddeus Young,Willie Green,Danny Granger,Jarrett Jack,Roy Hibbert,T.J. Ford,Troy Murphy,1,7:39,PHI,shot,,,,,,,,,,Andre Miller,,,,missed,,jump,23,12
Andre Iguodala,Andre Miller,Samuel Dalembert,Thaddeus Young,Willie Green,Danny Granger,Jarrett Jack,Roy Hibbert,T.J. Ford,Troy Murphy,1,7:38,IND,rebound,,,,,,,,,,Roy Hibbert,,,,,,def,,
Andre Iguodala,Andre Miller,Samuel Dalembert,Thaddeus Young,Willie Green,Danny Granger,Jarrett Jack,Roy Hibbert,T.J. Ford,Troy Murphy,1,7:31,IND,shot,T.J. Ford,,,,,,,,,Jarrett Jack,2,,,made,,jump,13,19
Andre Iguodala,Andre Miller,Samuel Dalembert,Thaddeus Young,Willie Green,Danny Granger,Jarrett Jack,Roy Hibbert,T.J. Ford,Troy Murphy,1,7:11,PHI,shot,Samuel Dalembert,,,,,,,,,Andre Iguodala,2,,,made,,reverse dunk,24,6
Andre Iguodala,Andre Miller,Samuel Dalembert,Thaddeus Young,Willie Green,Danny Granger,Jarrett Jack,Roy Hibbert,T.J. Ford,Troy Murphy,1,6:43,IND,shot,,,,,,,,,,Jarrett Jack,,,,missed,,3pt,25,31
Andre Iguodala,Andre Miller,Samuel Dalembert,Thaddeus Young,Willie Green,Danny Granger,Jarrett Jack,Roy Hibbert,T.J. Ford,Troy Murphy,1,6:41,PHI,rebound,,,,,,,,,,Andre Miller,,,,,,def,,
Andre Iguodala,Andre Miller,Samuel Dalembert,Thaddeus Young,Willie Green,Danny Granger,Jarrett Jack,Roy Hibbert,T.J. Ford,Troy Murphy,1,6:35,PHI,turnover,,,,,,,,,,Willie Green,,,bad pass,,,,,
Andre Iguodala,Andre Miller,Samuel Dalembert,Thaddeus Young,Willie Green,Danny Granger,Jarrett Jack,Roy Hibbert,T.J. Ford,Troy Murphy,1,6:22,IND,shot,,,,,,,,,,Danny Granger,,,,missed,,driving layup,24,5
Andre Iguodala,Andre Miller,Samuel Dalembert,Thaddeus Young,Willie Green,Danny Granger,Jarrett Jack,Roy Hibbert,T.J. Ford,Troy Murphy,1,6:21,PHI,rebound,,,,,,,,,,,,,,,,,,
Andre Iguodala,Andre Miller,Samuel Dalembert,Thaddeus Young,Willie Green,Danny Granger,Jarrett Jack,Roy Hibbert,T.J. Ford,Troy Murphy,1,6:06,PHI,shot,Andre Iguodala,,,,,,,,,Samuel Dalembert,2,,,made,,jump,16,21
Andre Iguodala,Andre Miller,Samuel Dalembert,Thaddeus Young,Willie Green,Danny Granger,Jarrett Jack,Roy Hibbert,T.J. Ford,Troy Murphy,1,5:47,IND,shot,,,,,,,,,,Danny Granger,,,,missed,,3pt,17,29
Andre Iguodala,Andre Miller,Samuel Dalembert,Thaddeus Young,Willie Green,Danny Granger,Jarrett Jack,Roy Hibbert,T.J. Ford,Troy Murphy,1,5:47,PHI,rebound,,,,,,,,,,Samuel Dalembert,,,,,,def,,
Andre Iguodala,Andre Miller,Samuel Dalembert,Thaddeus Young,Willie Green,Danny Granger,Jarrett Jack,Roy Hibbert,T.J. Ford,Troy Murphy,1,5:37,PHI,turnover,,,,,,,,,,Andre Iguodala,,,bad pass,,,,,
Andre Iguodala,Andre Miller,Samuel Dalembert,Thaddeus Young,Willie Green,Danny Granger,Jarrett Jack,Roy Hibbert,T.J. Ford,Troy Murphy,1,5:18,IND,shot,T.J. Ford,,,,,,,,,Roy Hibbert,2,,,made,,layup,26,7
Andre Iguodala,Andre Miller,Samuel Dalembert,Thaddeus Young,Willie Green,Danny Granger,Jarrett Jack,Roy Hibbert,T.J. Ford,Troy Murphy,1,4:59,PHI,shot,Andre Iguodala,,,,,,,,,Thaddeus Young,3,,,made,,3pt,32,31
Andre Iguodala,Andre Miller,Samuel Dalembert,Thaddeus Young,Willie Green,Danny Granger,Jarrett Jack,Roy Hibbert,T.J. Ford,Troy Murphy,1,4:50,IND,shot,,,,,,,,,,T.J. Ford,,,,missed,,layup,25,7
Andre Iguodala,Andre Miller,Samuel Dalembert,Thaddeus Young,Willie Green,Danny Granger,Jarrett Jack,Roy Hibbert,T.J. Ford,Troy Murphy,1,4:49,PHI,rebound,,,,,,,,,,Samuel Dalembert,,,,,,def,,
Andre Iguodala,Andre Miller,Samuel Dalembert,Thaddeus Young,Willie Green,Danny Granger,Jarrett Jack,Roy Hibbert,T.J. Ford,Troy Murphy,1,4:47,IND,foul,,,,,,,,Andre Miller,,Jarrett Jack,,,,,,personal,,
Andre Iguodala,Andre Miller,Samuel Dalembert,Thaddeus Young,Willie Green,Danny Granger,Jarrett Jack,Roy Hibbert,T.J. Ford,Troy Murphy,1,4:44,PHI,turnover,,,,,,,,,,Willie Green,,,lost ball,,Jarrett Jack,,,
Andre Iguodala,Andre Miller,Samuel Dalembert,Thaddeus Young,Willie Green,Danny Granger,Jarrett Jack,Roy Hibbert,T.J. Ford,Troy Murphy,1,4:40,IND,shot,Jarrett Jack,,,,,,,,,Danny Granger,2,,,made,,slam dunk,23,6
Andre Iguodala,Andre Miller,Samuel Dalembert,Thaddeus Young,Willie Green,Danny Granger,Jarrett Jack,Roy Hibbert,T.J. Ford,Troy Murphy,1,4:24,PHI,shot,Andre Iguodala,,,,,,,,,Samuel Dalembert,2,,,made,,alley oop dunk,26,5
Andre Iguodala,Andre Miller,Samuel Dalembert,Thaddeus Young,Willie Green,Danny Granger,Jarrett Jack,Roy Hibbert,T.J. Ford,Troy Murphy,1,4:06,PHI,foul,,,,,,,,Danny Granger,,Andre Iguodala,,,,,,personal,,
Andre Iguodala,Andre Miller,Samuel Dalembert,Thaddeus Young,Willie Green,Danny Granger,Jarrett Jack,Roy Hibbert,T.J. Ford,Troy Murphy,1,3:59,IND,turnover,,,,,,,,,,Roy Hibbert,,,traveling,,,,,
Andre Iguodala,Andre Miller,Samuel Dalembert,Thaddeus Young,Willie Green,Danny Granger,Jarrett Jack,Roy Hibbert,T.J. Ford,Troy Murphy,1,3:46,IND,foul,,,,,,,,Andre Iguodala,,Danny Granger,,,,,,shooting,,
Andre Iguodala,Andre Miller,Samuel Dalembert,Thaddeus Young,Willie Green,Danny Granger,Jarrett Jack,Roy Hibbert,T.J. Ford,Troy Murphy,1,3:46,PHI,free throw,,,,,,,1,,2,Andre Iguodala,,,foul,made,,,,
Andre Iguodala,Andre Miller,Samuel Dalembert,Thaddeus Young,Willie Green,Danny Granger,Jarrett Jack,Maceo Baston,Roy Hibbert,T.J. Ford,1,3:46,IND,sub,,,,Maceo Baston,,Troy Murphy,,,,,,,,,,,,
Andre Iguodala,Andre Miller,Samuel Dalembert,Thaddeus Young,Willie Green,Jarrett Jack,Maceo Baston,Marquis Daniels,Roy Hibbert,T.J. Ford,1,3:46,IND,sub,,,,Marquis Daniels,,Danny Granger,,,,,,,,,,,,
Andre Iguodala,Andre Miller,Samuel Dalembert,Thaddeus Young,Willie Green,Jarrett Jack,Maceo Baston,Marquis Daniels,Roy Hibbert,T.J. Ford,1,3:46,PHI,free throw,,,,,,,2,,2,Andre Iguodala,,,foul,made,,,,
Andre Iguodala,Andre Miller,Samuel Dalembert,Thaddeus Young,Willie Green,Jarrett Jack,Maceo Baston,Marquis Daniels,Roy Hibbert,T.J. Ford,1,3:22,IND,shot,,,Andre Miller,,,,,,,T.J. Ford,,,,missed,,layup,29,7
Andre Iguodala,Andre Miller,Samuel Dalembert,Thaddeus Young,Willie Green,Jarrett Jack,Maceo Baston,Marquis Daniels,Roy Hibbert,T.J. Ford,1,3:22,IND,rebound,,,,,,,,,,,,,,,,,,
Andre Iguodala,Andre Miller,Samuel Dalembert,Thaddeus Young,Willie Green,Jarrett Jack,Maceo Baston,Marquis Daniels,Roy Hibbert,T.J. Ford,1,3:22,IND,turnover,,,,,,,,,,,,,shot clock turnover,,,,,
Andre Iguodala,Andre Miller,Samuel Dalembert,Thaddeus Young,Willie Green,Jarrett Jack,Maceo Baston,Marquis Daniels,Roy Hibbert,T.J. Ford,1,3:07,PHI,shot,,,,,,,,,,Andre Iguodala,,,,missed,,jump,34,7
Andre Iguodala,Andre Miller,Samuel Dalembert,Thaddeus Young,Willie Green,Jarrett Jack,Maceo Baston,Marquis Daniels,Roy Hibbert,T.J. Ford,1,3:06,IND,rebound,,,,,,,,,,Marquis Daniels,,,,,,def,,
Andre Iguodala,Andre Miller,Samuel Dalembert,Thaddeus Young,Willie Green,Jarrett Jack,Maceo Baston,Marquis Daniels,Roy Hibbert,T.J. Ford,1,2:48,IND,turnover,,,,,,,,,,Marquis Daniels,,,bad pass,,Thaddeus Young,,,
Andre Iguodala,Andre Miller,Samuel Dalembert,Thaddeus Young,Willie Green,Jarrett Jack,Maceo Baston,Marquis Daniels,Roy Hibbert,T.J. Ford,1,2:43,PHI,shot,,,,,,,,,,Willie Green,,,,missed,,layup,23,6
Andre Iguodala,Andre Miller,Samuel Dalembert,Thaddeus Young,Willie Green,Jarrett Jack,Maceo Baston,Marquis Daniels,Roy Hibbert,T.J. Ford,1,2:42,PHI,rebound,,,,,,,,,,Andre Miller,,,,,,off,,
Andre Iguodala,Andre Miller,Samuel Dalembert,Thaddeus Young,Willie Green,Jarrett Jack,Maceo Baston,Marquis Daniels,Roy Hibbert,T.J. Ford,1,2:37,PHI,shot,,,,,,,,,,Andre Miller,,,,missed,,jump,33,9
Andre Iguodala,Andre Miller,Samuel Dalembert,Thaddeus Young,Willie Green,Jarrett Jack,Maceo Baston,Marquis Daniels,Roy Hibbert,T.J. Ford,1,2:36,PHI,rebound,,,,,,,,,,Andre Miller,,,,,,off,,
Andre Iguodala,Andre Miller,Samuel Dalembert,Thaddeus Young,Willie Green,Jarrett Jack,Maceo Baston,Marquis Daniels,Roy Hibbert,T.J. Ford,1,2:27,IND,foul,,,,,,,,Willie Green,,Roy Hibbert,,,,,,shooting,,
Andre Iguodala,Andre Miller,Samuel Dalembert,Thaddeus Young,Willie Green,Jarrett Jack,Maceo Baston,Marquis Daniels,Roy Hibbert,T.J. Ford,1,2:27,IND,timeout,,,,,,,,,,,,,,,,regular,,
Andre Iguodala,Andre Miller,Samuel Dalembert,Thaddeus Young,Willie Green,Jarrett Jack,Maceo Baston,Marquis Daniels,T.J. Ford,Travis Diener,1,2:27,IND,sub,,,,Travis Diener,,Roy Hibbert,,,,,,,,,,,,
Andre Iguodala,Andre Miller,Samuel Dalembert,Thaddeus Young,Willie Green,Jarrett Jack,Maceo Baston,Marquis Daniels,Rasho Nesterovic,Travis Diener,1,2:27,IND,sub,,,,Rasho Nesterovic,,T.J. Ford,,,,,,,,,,,,
Andre Iguodala,Andre Miller,Samuel Dalembert,Thaddeus Young,Willie Green,Jarrett Jack,Maceo Baston,Marquis Daniels,Rasho Nesterovic,Travis Diener,1,2:27,PHI,free throw,,,,,,,1,,2,Willie Green,,,foul,made,,,,
Andre Iguodala,Andre Miller,Samuel Dalembert,Thaddeus Young,Willie Green,Jarrett Jack,Maceo Baston,Marquis Daniels,Rasho Nesterovic,Travis Diener,1,2:27,PHI,free throw,,,,,,,2,,2,Willie Green,,,foul,missed,,,,
Andre Iguodala,Andre Miller,Samuel Dalembert,Thaddeus Young,Willie Green,Jarrett Jack,Maceo Baston,Marquis Daniels,Rasho Nesterovic,Travis Diener,1,2:26,IND,rebound,,,,,,,,,,Marquis Daniels,,,,,,def,,
Andre Iguodala,Andre Miller,Samuel Dalembert,Thaddeus Young,Willie Green,Jarrett Jack,Maceo Baston,Marquis Daniels,Rasho Nesterovic,Travis Diener,1,2:06,IND,shot,Jarrett Jack,,,,,,,,,Rasho Nesterovic,2,,,made,,layup,23,7
Andre Iguodala,Andre Miller,Samuel Dalembert,Thaddeus Young,Willie Green,Jarrett Jack,Maceo Baston,Marquis Daniels,Rasho Nesterovic,Travis Diener,1,1:44,PHI,shot,,,,,,,,,,Willie Green,2,,,made,,step back jump,25,24
Andre Iguodala,Andre Miller,Samuel Dalembert,Thaddeus Young,Willie Green,Jarrett Jack,Maceo Baston,Marquis Daniels,Rasho Nesterovic,Travis Diener,1,1:35,IND,shot,Travis Diener,,,,,,,,,Jarrett Jack,3,,,made,,3pt,2,6
Andre Iguodala,Andre Miller,Samuel Dalembert,Thaddeus Young,Willie Green,Jarrett Jack,Maceo Baston,Marquis Daniels,Rasho Nesterovic,Travis Diener,1,1:16,PHI,turnover,,,,,,,,,,Samuel Dalembert,,,lost ball,,Marquis Daniels,,,
Andre Iguodala,Andre Miller,Samuel Dalembert,Thaddeus Young,Willie Green,Jarrett Jack,Maceo Baston,Marquis Daniels,Rasho Nesterovic,Travis Diener,1,1:10,IND,turnover,,,,,,,,,,Marquis Daniels,,,lost ball,,Willie Green,,,
Andre Iguodala,Andre Miller,Samuel Dalembert,Thaddeus Young,Willie Green,Jarrett Jack,Maceo Baston,Marquis Daniels,Rasho Nesterovic,Travis Diener,1,1:05,PHI,shot,,,,,,,,,,Thaddeus Young,,,,missed,,jump,31,21
Andre Iguodala,Andre Miller,Samuel Dalembert,Thaddeus Young,Willie Green,Jarrett Jack,Maceo Baston,Marquis Daniels,Rasho Nesterovic,Travis Diener,1,1:04,IND,rebound,,,,,,,,,,Maceo Baston,,,,,,def,,
Andre Iguodala,Andre Miller,Samuel Dalembert,Thaddeus Young,Willie Green,Jarrett Jack,Maceo Baston,Marquis Daniels,Rasho Nesterovic,Travis Diener,1,0:47,IND,shot,Travis Diener,,,,,,,,,Rasho Nesterovic,2,,,made,,jump hook,20,9
Andre Iguodala,Andre Miller,Samuel Dalembert,Thaddeus Young,Willie Green,Jarrett Jack,Maceo Baston,Marquis Daniels,Rasho Nesterovic,Travis Diener,1,0:28,PHI,shot,,,,,,,,,,Andre Iguodala,,,,missed,,jump,18,25
Andre Iguodala,Andre Miller,Samuel Dalembert,Thaddeus Young,Willie Green,Jarrett Jack,Maceo Baston,Marquis Daniels,Rasho Nesterovic,Travis Diener,1,0:27,IND,rebound,,,,,,,,,,,,,,,,,,
Andre Iguodala,Andre Miller,Reggie Evans,Samuel Dalembert,Thaddeus Young,Jarrett Jack,Maceo Baston,Marquis Daniels,Rasho Nesterovic,Travis Diener,1,0:27,PHI,sub,,,,Reggie Evans,,Willie Green,,,,,,,,,,,,
Andre Iguodala,Reggie Evans,Royal Ivey,Samuel Dalembert,Thaddeus Young,Jarrett Jack,Maceo Baston,Marquis Daniels,Rasho Nesterovic,Travis Diener,1,0:27,PHI,sub,,,,Royal Ivey,,Andre Miller,,,,,,,,,,,,
Andre Iguodala,Lou Williams,Reggie Evans,Royal Ivey,Thaddeus Young,Jarrett Jack,Maceo Baston,Marquis Daniels,Rasho Nesterovic,Travis Diener,1,0:27,PHI,sub,,,,Lou Williams,,Samuel Dalembert,,,,,,,,,,,,
Andre Iguodala,Lou Williams,Reggie Evans,Royal Ivey,Thaddeus Young,Brandon Rush,Maceo Baston,Marquis Daniels,Rasho Nesterovic,Travis Diener,1,0:27,IND,sub,,,,Brandon Rush,,Jarrett Jack,,,,,,,,,,,,
Andre Iguodala,Lou Williams,Reggie Evans,Royal Ivey,Thaddeus Young,Brandon Rush,Marquis Daniels,Rasho Nesterovic,Travis Diener,Troy Murphy,1,0:27,IND,sub,,,,Troy Murphy,,Maceo Baston,,,,,,,,,,,,
Andre Iguodala,Lou Williams,Reggie Evans,Royal Ivey,Thaddeus Young,Brandon Rush,Marquis Daniels,Rasho Nesterovic,Travis Diener,Troy Murphy,1,0:07,IND,turnover,,,,,,,,,,Travis Diener,,,lost ball,,Lou Williams,,,
Andre Iguodala,Lou Williams,Reggie Evans,Royal Ivey,Thaddeus Young,Brandon Rush,Marquis Daniels,Rasho Nesterovic,Travis Diener,Troy Murphy,1,0:00,PHI,shot,,,,,,,,,,Thaddeus Young,,,,missed,,jump,33,8
Andre Iguodala,Lou Williams,Reggie Evans,Royal Ivey,Thaddeus Young,Brandon Rush,Marquis Daniels,Rasho Nesterovic,Travis Diener,Troy Murphy,1,0:00,IND,rebound,,,,,,,,,,Marquis Daniels,,,,,,def,,
Andre Iguodala,Lou Williams,Reggie Evans,Royal Ivey,Thaddeus Young,Brandon Rush,Maceo Baston,Marquis Daniels,Rasho Nesterovic,Travis Diener,2,11:46,PHI,violation,,,,,,,,,,Andre Iguodala,,,,,,kicked ball,,
Andre Iguodala,Lou Williams,Reggie Evans,Royal Ivey,Thaddeus Young,Brandon Rush,Maceo Baston,Marquis Daniels,Rasho Nesterovic,Travis Diener,2,11:37,IND,shot,,,,,,,,,,Marquis Daniels,,,,missed,,jump,15,8
Andre Iguodala,Lou Williams,Reggie Evans,Royal Ivey,Thaddeus Young,Brandon Rush,Maceo Baston,Marquis Daniels,Rasho Nesterovic,Travis Diener,2,11:36,IND,rebound,,,,,,,,,,Maceo Baston,,,,,,off,,
Andre Iguodala,Lou Williams,Reggie Evans,Royal Ivey,Thaddeus Young,Brandon Rush,Maceo Baston,Marquis Daniels,Rasho Nesterovic,Travis Diener,2,11:34,IND,shot,,,Reggie Evans,,,,,,,Maceo Baston,,,,missed,,layup,24,9
Andre Iguodala,Lou Williams,Reggie Evans,Royal Ivey,Thaddeus Young,Brandon Rush,Maceo Baston,Marquis Daniels,Rasho Nesterovic,Travis Diener,2,11:32,PHI,rebound,,,,,,,,,,Lou Williams,,,,,,def,,
Andre Iguodala,Lou Williams,Reggie Evans,Royal Ivey,Thaddeus Young,Brandon Rush,Maceo Baston,Marquis Daniels,Rasho Nesterovic,Travis Diener,2,11:14,PHI,shot,,,,,,,,,,Lou Williams,,,,missed,,jump,25,11
Andre Iguodala,Lou Williams,Reggie Evans,Royal Ivey,Thaddeus Young,Brandon Rush,Maceo Baston,Marquis Daniels,Rasho Nesterovic,Travis Diener,2,11:13,PHI,rebound,,,,,,,,,,Reggie Evans,,,,,,off,,
Andre Iguodala,Lou Williams,Reggie Evans,Royal Ivey,Thaddeus Young,Brandon Rush,Maceo Baston,Marquis Daniels,Rasho Nesterovic,Travis Diener,2,11:13,PHI,shot,,,Marquis Daniels,,,,,,,Reggie Evans,,,,missed,,layup,24,8
Andre Iguodala,Lou Williams,Reggie Evans,Royal Ivey,Thaddeus Young,Brandon Rush,Maceo Baston,Marquis Daniels,Rasho Nesterovic,Travis Diener,2,11:13,PHI,rebound,,,,,,,,,,,,,,,,,,
Andre Iguodala,Lou Williams,Reggie Evans,Royal Ivey,Thaddeus Young,Brandon Rush,Maceo Baston,Marquis Daniels,Rasho Nesterovic,Travis Diener,2,11:02,PHI,shot,,,,,,,,,,Lou Williams,2,,,made,,pullup jump,40,5
Andre Iguodala,Lou Williams,Reggie Evans,Royal Ivey,Thaddeus Young,Brandon Rush,Maceo Baston,Marquis Daniels,Rasho Nesterovic,Travis Diener,2,10:42,IND,shot,,,,,,,,,,Travis Diener,2,,,made,,pullup jump,14,22
Andre Iguodala,Lou Williams,Reggie Evans,Royal Ivey,Thaddeus Young,Brandon Rush,Maceo Baston,Marquis Daniels,Rasho Nesterovic,Travis Diener,2,10:27,PHI,shot,,,,,,,,,,Thaddeus Young,,,,missed,,3pt,37,27
Andre Iguodala,Lou Williams,Reggie Evans,Royal Ivey,Thaddeus Young,Brandon Rush,Maceo Baston,Marquis Daniels,Rasho Nesterovic,Travis Diener,2,10:26,IND,rebound,,,,,,,,,,Travis Diener,,,,,,def,,
Andre Iguodala,Lou Williams,Reggie Evans,Royal Ivey,Thaddeus Young,Brandon Rush,Maceo Baston,Marquis Daniels,Rasho Nesterovic,Travis Diener,2,10:18,IND,shot,,,,,,,,,,Rasho Nesterovic,,,,missed,,jump,33,26
Andre Iguodala,Lou Williams,Reggie Evans,Royal Ivey,Thaddeus Young,Brandon Rush,Maceo Baston,Marquis Daniels,Rasho Nesterovic,Travis Diener,2,10:17,PHI,rebound,,,,,,,,,,Thaddeus Young,,,,,,def,,
Andre Iguodala,Lou Williams,Reggie Evans,Royal Ivey,Thaddeus Young,Brandon Rush,Maceo Baston,Marquis Daniels,Rasho Nesterovic,Travis Diener,2,10:04,PHI,shot,,,,,,,,,,Thaddeus Young,2,,,made,,layup,27,7
Andre Iguodala,Lou Williams,Reggie Evans,Royal Ivey,Thaddeus Young,Brandon Rush,Maceo Baston,Marquis Daniels,Rasho Nesterovic,Travis Diener,2,9:50,IND,shot,,,,,,,,,,Travis Diener,2,,,made,,jump,24,28
Andre Iguodala,Lou Williams,Reggie Evans,Royal Ivey,Thaddeus Young,Brandon Rush,Maceo Baston,Marquis Daniels,Rasho Nesterovic,Travis Diener,2,9:29,PHI,shot,,,,,,,,,,Andre Iguodala,,,,missed,,jump,11,16
Andre Iguodala,Lou Williams,Reggie Evans,Royal Ivey,Thaddeus Young,Brandon Rush,Maceo Baston,Marquis Daniels,Rasho Nesterovic,Travis Diener,2,9:28,PHI,rebound,,,,,,,,,,Thaddeus Young,,,,,,off,,
Andre Iguodala,Lou Williams,Reggie Evans,Royal Ivey,Thaddeus Young,Brandon Rush,Maceo Baston,Marquis Daniels,Rasho Nesterovic,Travis Diener,2,9:13,PHI,shot,,,,,,,,,,Royal Ivey,,,,missed,,running jump,18,14
Andre Iguodala,Lou Williams,Reggie Evans,Royal Ivey,Thaddeus Young,Brandon Rush,Maceo Baston,Marquis Daniels,Rasho Nesterovic,Travis Diener,2,9:11,PHI,rebound,,,,,,,,,,,,,,,,,,
Andre Iguodala,Lou Williams,Reggie Evans,Royal Ivey,Thaddeus Young,Brandon Rush,Maceo Baston,Marquis Daniels,Rasho Nesterovic,Travis Diener,2,9:08,PHI,shot,,,,,,,,,,Andre Iguodala,,,,missed,,jump,41,18
Andre Iguodala,Lou Williams,Reggie Evans,Royal Ivey,Thaddeus Young,Brandon Rush,Maceo Baston,Marquis Daniels,Rasho Nesterovic,Travis Diener,2,9:07,PHI,rebound,,,,,,,,,,Reggie Evans,,,,,,off,,
Andre Iguodala,Lou Williams,Reggie Evans,Royal Ivey,Thaddeus Young,Brandon Rush,Maceo Baston,Marquis Daniels,Rasho Nesterovic,Travis Diener,2,9:03,IND,foul,,,,,,,,Reggie Evans,,Travis Diener,,,,,,personal,,
Andre Iguodala,Lou Williams,Reggie Evans,Royal Ivey,Thaddeus Young,Brandon Rush,Maceo Baston,Marquis Daniels,Rasho Nesterovic,Travis Diener,2,8:57,PHI,shot,,,Rasho Nesterovic,,,,,,,Royal Ivey,,,,missed,,layup,26,7
Andre Iguodala,Lou Williams,Reggie Evans,Royal Ivey,Thaddeus Young,Brandon Rush,Maceo Baston,Marquis Daniels,Rasho Nesterovic,Travis Diener,2,8:54,IND,rebound,,,,,,,,,,Maceo Baston,,,,,,def,,
Andre Iguodala,Lou Williams,Reggie Evans,Royal Ivey,Thaddeus Young,Brandon Rush,Maceo Baston,Marquis Daniels,Rasho Nesterovic,Travis Diener,2,8:52,OFF,timeout,,,,,,,,,,,,,,,,official,,
Andre Iguodala,Lou Williams,Reggie Evans,Royal Ivey,Thaddeus Young,Brandon Rush,Marquis Daniels,Rasho Nesterovic,Travis Diener,Troy Murphy,2,8:52,IND,sub,,,,Troy Murphy,,Maceo Baston,,,,,,,,,,,,
Andre Iguodala,Lou Williams,Reggie Evans,Royal Ivey,Thaddeus Young,Danny Granger,Marquis Daniels,Rasho Nesterovic,Travis Diener,Troy Murphy,2,8:52,IND,sub,,,,Danny Granger,,Brandon Rush,,,,,,,,,,,,
Andre Iguodala,Lou Williams,Marreese Speights,Reggie Evans,Royal Ivey,Danny Granger,Marquis Daniels,Rasho Nesterovic,Travis Diener,Troy Murphy,2,8:52,PHI,sub,,,,Marreese Speights,,Thaddeus Young,,,,,,,,,,,,
Andre Iguodala,Lou Williams,Marreese Speights,Reggie Evans,Royal Ivey,Danny Granger,Marquis Daniels,Rasho Nesterovic,Travis Diener,Troy Murphy,2,8:41,IND,shot,Travis Diener,,,,,,,,,Danny Granger,3,,,made,,3pt,38,28
Andre Iguodala,Lou Williams,Marreese Speights,Reggie Evans,Royal Ivey,Danny Granger,Marquis Daniels,Rasho Nesterovic,Travis Diener,Troy Murphy,2,8:27,PHI,shot,,,,,,,,,,Marreese Speights,,,,missed,,jump,38,18
Andre Iguodala,Lou Williams,Marreese Speights,Reggie Evans,Royal Ivey,Danny Granger,Marquis Daniels,Rasho Nesterovic,Travis Diener,Troy Murphy,2,8:26,IND,rebound,,,,,,,,,,Troy Murphy,,,,,,def,,
Andre Iguodala,Lou Williams,Marreese Speights,Reggie Evans,Royal Ivey,Danny Granger,Marquis Daniels,Rasho Nesterovic,Travis Diener,Troy Murphy,2,8:18,IND,shot,,,,,,,,,,Troy Murphy,,,,missed,,3pt,32,31
Andre Iguodala,Lou Williams,Marreese Speights,Reggie Evans,Royal Ivey,Danny Granger,Marquis Daniels,Rasho Nesterovic,Travis Diener,Troy Murphy,2,8:17,IND,rebound,,,,,,,,,,Travis Diener,,,,,,off,,
Andre Iguodala,Lou Williams,Marreese Speights,Reggie Evans,Royal Ivey,Danny Granger,Marquis Daniels,Rasho Nesterovic,Travis Diener,Troy Murphy,2,8:10,PHI,foul,,,,,,,,Troy Murphy,,Marreese Speights,,,,,,personal,,
Andre Iguodala,Lou Williams,Marreese Speights,Reggie Evans,Royal Ivey,Danny Granger,Marquis Daniels,Rasho Nesterovic,Travis Diener,Troy Murphy,2,8:06,IND,shot,,,,,,,,,,Danny Granger,2,,,made,,jump,16,23
Andre Iguodala,Lou Williams,Marreese Speights,Reggie Evans,Royal Ivey,Danny Granger,Marquis Daniels,Rasho Nesterovic,Travis Diener,Troy Murphy,2,7:52,PHI,shot,,,,,,,,,,Lou Williams,,,,missed,,jump,18,25
Andre Iguodala,Lou Williams,Marreese Speights,Reggie Evans,Royal Ivey,Danny Granger,Marquis Daniels,Rasho Nesterovic,Travis Diener,Troy Murphy,2,7:51,IND,rebound,,,,,,,,,,Travis Diener,,,,,,def,,
Andre Iguodala,Lou Williams,Marreese Speights,Reggie Evans,Royal Ivey,Danny Granger,Marquis Daniels,Rasho Nesterovic,Travis Diener,Troy Murphy,2,7:39,IND,foul,,,,,,,,Royal Ivey,,Troy Murphy,,,,,,offensive,,
Andre Iguodala,Lou Williams,Marreese Speights,Reggie Evans,Royal Ivey,Danny Granger,Marquis Daniels,Rasho Nesterovic,Travis Diener,Troy Murphy,2,7:39,IND,turnover,,,,,,,,,,Troy Murphy,,,foul,,,,,
Andre Iguodala,Lou Williams,Marreese Speights,Reggie Evans,Royal Ivey,Danny Granger,Jarrett Jack,Rasho Nesterovic,Travis Diener,Troy Murphy,2,7:39,IND,sub,,,,Jarrett Jack,,Marquis Daniels,,,,,,,,,,,,
Andre Iguodala,Lou Williams,Marreese Speights,Reggie Evans,Royal Ivey,Danny Granger,Jarrett Jack,Rasho Nesterovic,Travis Diener,Troy Murphy,2,7:26,PHI,shot,Andre Iguodala,,,,,,,,,Reggie Evans,2,,,made,,dunk,25,6
Andre Iguodala,Lou Williams,Marreese Speights,Reggie Evans,Royal Ivey,Danny Granger,Jarrett Jack,Rasho Nesterovic,Travis Diener,Troy Murphy,2,7:06,PHI,foul,,,,,,,,Troy Murphy,,Marreese Speights,,,,,,shooting,,
Andre Iguodala,Lou Williams,Marreese Speights,Reggie Evans,Royal Ivey,Danny Granger,Jarrett Jack,Rasho Nesterovic,Travis Diener,Troy Murphy,2,7:06,IND,free throw,,,,,,,1,,2,Troy Murphy,,,foul,made,,,,
Andre Iguodala,Lou Williams,Marreese Speights,Reggie Evans,Royal Ivey,Danny Granger,Jarrett Jack,Rasho Nesterovic,Travis Diener,Troy Murphy,2,7:06,IND,free throw,,,,,,,2,,2,Troy Murphy,,,foul,missed,,,,
Andre Iguodala,Lou Williams,Marreese Speights,Reggie Evans,Royal Ivey,Danny Granger,Jarrett Jack,Rasho Nesterovic,Travis Diener,Troy Murphy,2,7:05,PHI,rebound,,,,,,,,,,Reggie Evans,,,,,,def,,
Andre Iguodala,Lou Williams,Marreese Speights,Reggie Evans,Royal Ivey,Danny Granger,Jarrett Jack,Rasho Nesterovic,Travis Diener,Troy Murphy,2,6:52,PHI,shot,,,,,,,,,,Royal Ivey,,,,missed,,3pt,38,28
Andre Iguodala,Lou Williams,Marreese Speights,Reggie Evans,Royal Ivey,Danny Granger,Jarrett Jack,Rasho Nesterovic,Travis Diener,Troy Murphy,2,6:51,IND,rebound,,,,,,,,,,Danny Granger,,,,,,def,,
Andre Iguodala,Donyell Marshall,Lou Williams,Reggie Evans,Royal Ivey,Danny Granger,Jarrett Jack,Rasho Nesterovic,Travis Diener,Troy Murphy,2,6:46,PHI,sub,,,,Donyell Marshall,,Marreese Speights,,,,,,,,,,,,
Andre Iguodala,Donyell Marshall,Lou Williams,Reggie Evans,Royal Ivey,Danny Granger,Jarrett Jack,Rasho Nesterovic,Travis Diener,Troy Murphy,2,6:44,IND,turnover,,,,,,,,,,Troy Murphy,,,lost ball,,Royal Ivey,,,
Andre Iguodala,Donyell Marshall,Lou Williams,Reggie Evans,Royal Ivey,Danny Granger,Jarrett Jack,Rasho Nesterovic,Travis Diener,Troy Murphy,2,6:39,PHI,shot,,,,,,,,,,Andre Iguodala,2,,,made,,driving layup,27,6
Andre Iguodala,Donyell Marshall,Lou Williams,Reggie Evans,Royal Ivey,Danny Granger,Jarrett Jack,Rasho Nesterovic,Travis Diener,Troy Murphy,2,6:33,IND,shot,,,,,,,,,,Danny Granger,2,,,made,,driving finger roll layup,26,6
Andre Iguodala,Donyell Marshall,Lou Williams,Reggie Evans,Royal Ivey,Danny Granger,Jarrett Jack,Rasho Nesterovic,Travis Diener,Troy Murphy,2,6:33,PHI,foul,,,,,,,,Danny Granger,,Donyell Marshall,,,,,,shooting,,
Andre Iguodala,Donyell Marshall,Lou Williams,Reggie Evans,Royal Ivey,Danny Granger,Jarrett Jack,Rasho Nesterovic,Travis Diener,Troy Murphy,2,6:33,IND,free throw,,,,,,,1,,1,Danny Granger,,,foul,made,,,,
Andre Iguodala,Donyell Marshall,Lou Williams,Reggie Evans,Royal Ivey,Danny Granger,Jarrett Jack,Rasho Nesterovic,Travis Diener,Troy Murphy,2,6:21,IND,foul,,,,,,,,Lou Williams,,Rasho Nesterovic,,,,,,shooting,,
Andre Iguodala,Donyell Marshall,Lou Williams,Reggie Evans,Royal Ivey,Danny Granger,Jarrett Jack,Rasho Nesterovic,Travis Diener,Troy Murphy,2,6:21,PHI,free throw,,,,,,,1,,2,Lou Williams,,,foul,missed,,,,
Andre Iguodala,Donyell Marshall,Lou Williams,Reggie Evans,Royal Ivey,Danny Granger,Jarrett Jack,Rasho Nesterovic,Travis Diener,Troy Murphy,2,6:21,PHI,rebound,,,,,,,,,,,,,,,,,,
Donyell Marshall,Lou Williams,Reggie Evans,Royal Ivey,Thaddeus Young,Danny Granger,Jarrett Jack,Rasho Nesterovic,Travis Diener,Troy Murphy,2,6:21,PHI,sub,,,,Thaddeus Young,,Andre Iguodala,,,,,,,,,,,,
Donyell Marshall,Lou Williams,Reggie Evans,Royal Ivey,Thaddeus Young,Danny Granger,Jarrett Jack,Rasho Nesterovic,Travis Diener,Troy Murphy,2,6:21,PHI,free throw,,,,,,,2,,2,Lou Williams,,,foul,made,,,,
Donyell Marshall,Lou Williams,Reggie Evans,Royal Ivey,Thaddeus Young,Danny Granger,Jarrett Jack,Rasho Nesterovic,Travis Diener,Troy Murphy,2,6:15,IND,timeout,,,,,,,,,,,,,,,,regular,,
Donyell Marshall,Lou Williams,Reggie Evans,Royal Ivey,Thaddeus Young,Danny Granger,Jarrett Jack,Rasho Nesterovic,T.J. Ford,Troy Murphy,2,6:15,IND,sub,,,,T.J. Ford,,Travis Diener,,,,,,,,,,,,
Donyell Marshall,Lou Williams,Reggie Evans,Royal Ivey,Thaddeus Young,Danny Granger,Jarrett Jack,Roy Hibbert,T.J. Ford,Troy Murphy,2,6:15,IND,sub,,,,Roy Hibbert,,Rasho Nesterovic,,,,,,,,,,,,
Andre Miller,Donyell Marshall,Lou Williams,Reggie Evans,Thaddeus Young,Danny Granger,Jarrett Jack,Roy Hibbert,T.J. Ford,Troy Murphy,2,6:15,PHI,sub,,,,Andre Miller,,Royal Ivey,,,,,,,,,,,,
Andre Miller,Donyell Marshall,Lou Williams,Reggie Evans,Thaddeus Young,Danny Granger,Jarrett Jack,Roy Hibbert,T.J. Ford,Troy Murphy,2,6:08,IND,shot,T.J. Ford,,,,,,,,,Troy Murphy,2,,,made,,jump,13,26
Andre Miller,Donyell Marshall,Lou Williams,Reggie Evans,Thaddeus Young,Danny Granger,Jarrett Jack,Roy Hibbert,T.J. Ford,Troy Murphy,2,5:48,PHI,shot,,,,,,,,,,Donyell Marshall,,,,missed,,3pt,48,5
Andre Miller,Donyell Marshall,Lou Williams,Reggie Evans,Thaddeus Young,Danny Granger,Jarrett Jack,Roy Hibbert,T.J. Ford,Troy Murphy,2,5:47,IND,rebound,,,,,,,,,,Danny Granger,,,,,,def,,
Andre Miller,Donyell Marshall,Lou Williams,Reggie Evans,Thaddeus Young,Danny Granger,Jarrett Jack,Roy Hibbert,T.J. Ford,Troy Murphy,2,5:35,IND,shot,,,,,,,,,,Troy Murphy,2,,,made,,jump bank,7,8
Andre Miller,Donyell Marshall,Lou Williams,Reggie Evans,Thaddeus Young,Danny Granger,Jarrett Jack,Roy Hibbert,T.J. Ford,Troy Murphy,2,5:16,PHI,shot,,,Danny Granger,,,,,,,Reggie Evans,,,,missed,,layup,26,7
Andre Miller,Donyell Marshall,Lou Williams,Reggie Evans,Thaddeus Young,Danny Granger,Jarrett Jack,Roy Hibbert,T.J. Ford,Troy Murphy,2,5:15,IND,rebound,,,,,,,,,,Danny Granger,,,,,,def,,
Andre Miller,Donyell Marshall,Lou Williams,Reggie Evans,Thaddeus Young,Danny Granger,Jarrett Jack,Roy Hibbert,T.J. Ford,Troy Murphy,2,5:03,IND,shot,,,,,,,,,,Danny Granger,,,,missed,,3pt,26,31
Andre Miller,Donyell Marshall,Lou Williams,Reggie Evans,Thaddeus Young,Danny Granger,Jarrett Jack,Roy Hibbert,T.J. Ford,Troy Murphy,2,5:02,IND,rebound,,,,,,,,,,Jarrett Jack,,,,,,off,,
Andre Miller,Donyell Marshall,Lou Williams,Reggie Evans,Thaddeus Young,Danny Granger,Jarrett Jack,Roy Hibbert,T.J. Ford,Troy Murphy,2,4:53,IND,shot,,,,,,,,,,T.J. Ford,,,,missed,,jump,15,8
Andre Miller,Donyell Marshall,Lou Williams,Reggie Evans,Thaddeus Young,Danny Granger,Jarrett Jack,Roy Hibbert,T.J. Ford,Troy Murphy,2,4:52,PHI,rebound,,,,,,,,,,Reggie Evans,,,,,,def,,
Andre Miller,Donyell Marshall,Lou Williams,Reggie Evans,Thaddeus Young,Danny Granger,Jarrett Jack,Roy Hibbert,T.J. Ford,Troy Murphy,2,4:39,PHI,shot,Andre Miller,,,,,,,,,Lou Williams,2,,,made,,jump,24,25
Andre Miller,Donyell Marshall,Lou Williams,Reggie Evans,Thaddeus Young,Danny Granger,Jarrett Jack,Roy Hibbert,T.J. Ford,Troy Murphy,2,4:22,IND,shot,,,,,,,,,,Roy Hibbert,,,,missed,,jump,21,10
Andre Miller,Donyell Marshall,Lou Williams,Reggie Evans,Thaddeus Young,Danny Granger,Jarrett Jack,Roy Hibbert,T.J. Ford,Troy Murphy,2,4:22,IND,rebound,,,,,,,,,,,,,,,,,,
Andre Miller,Donyell Marshall,Lou Williams,Reggie Evans,Thaddeus Young,Danny Granger,Jarrett Jack,Roy Hibbert,T.J. Ford,Troy Murphy,2,4:19,IND,shot,Danny Granger,,,,,,,,,Troy Murphy,2,,,made,,jump,6,7
Andre Miller,Donyell Marshall,Lou Williams,Reggie Evans,Thaddeus Young,Danny Granger,Jarrett Jack,Roy Hibbert,T.J. Ford,Troy Murphy,2,4:03,PHI,turnover,,,,,,,,,,Lou Williams,,,bad pass,,T.J. Ford,,,
Andre Miller,Donyell Marshall,Lou Williams,Reggie Evans,Thaddeus Young,Danny Granger,Jarrett Jack,Roy Hibbert,T.J. Ford,Troy Murphy,2,3:58,IND,shot,,,,,,,,,,T.J. Ford,2,,,made,,layup,23,6
Andre Miller,Donyell Marshall,Lou Williams,Reggie Evans,Thaddeus Young,Danny Granger,Jarrett Jack,Roy Hibbert,T.J. Ford,Troy Murphy,2,3:52,PHI,timeout,,,,,,,,,,,,,,,,regular,,
Andre Miller,Donyell Marshall,Lou Williams,Samuel Dalembert,Thaddeus Young,Danny Granger,Jarrett Jack,Roy Hibbert,T.J. Ford,Troy Murphy,2,3:52,PHI,sub,,,,Samuel Dalembert,,Reggie Evans,,,,,,,,,,,,
Andre Iguodala,Andre Miller,Lou Williams,Samuel Dalembert,Thaddeus Young,Danny Granger,Jarrett Jack,Roy Hibbert,T.J. Ford,Troy Murphy,2,3:52,PHI,sub,,,,Andre Iguodala,,Donyell Marshall,,,,,,,,,,,,
Andre Iguodala,Andre Miller,Lou Williams,Samuel Dalembert,Thaddeus Young,Danny Granger,Jarrett Jack,Roy Hibbert,T.J. Ford,Troy Murphy,2,3:40,PHI,shot,Andre Iguodala,,,,,,,,,Thaddeus Young,2,,,made,,jump,25,25
Andre Iguodala,Andre Miller,Lou Williams,Samuel Dalembert,Thaddeus Young,Danny Granger,Jarrett Jack,Roy Hibbert,T.J. Ford,Troy Murphy,2,3:22,IND,shot,,,,,,,,,,Troy Murphy,,,,missed,,jump,24,21
Andre Iguodala,Andre Miller,Lou Williams,Samuel Dalembert,Thaddeus Young,Danny Granger,Jarrett Jack,Roy Hibbert,T.J. Ford,Troy Murphy,2,3:21,PHI,rebound,,,,,,,,,,Samuel Dalembert,,,,,,def,,
Andre Iguodala,Andre Miller,Lou Williams,Samuel Dalembert,Thaddeus Young,Danny Granger,Jarrett Jack,Roy Hibbert,T.J. Ford,Troy Murphy,2,3:06,PHI,shot,Andre Miller,,,,,,,,,Andre Iguodala,2,,,made,,jump,11,19
Andre Iguodala,Andre Miller,Lou Williams,Samuel Dalembert,Thaddeus Young,Danny Granger,Jarrett Jack,Roy Hibbert,T.J. Ford,Troy Murphy,2,2:53,IND,shot,,,,,,,,,,Roy Hibbert,,,,missed,,layup,24,6
Andre Iguodala,Andre Miller,Lou Williams,Samuel Dalembert,Thaddeus Young,Danny Granger,Jarrett Jack,Roy Hibbert,T.J. Ford,Troy Murphy,2,2:52,PHI,rebound,,,,,,,,,,Samuel Dalembert,,,,,,def,,
Andre Iguodala,Andre Miller,Lou Williams,Samuel Dalembert,Thaddeus Young,Danny Granger,Jarrett Jack,Roy Hibbert,T.J. Ford,Troy Murphy,2,2:46,PHI,shot,Andre Iguodala,,,,,,,,,Thaddeus Young,2,,,made,,reverse layup,26,6
Andre Iguodala,Andre Miller,Lou Williams,Samuel Dalembert,Thaddeus Young,Danny Granger,Jarrett Jack,Roy Hibbert,T.J. Ford,Troy Murphy,2,2:39,IND,timeout,,,,,,,,,,,,,,,,short,,
Andre Iguodala,Andre Miller,Lou Williams,Samuel Dalembert,Thaddeus Young,Danny Granger,Jarrett Jack,Roy Hibbert,T.J. Ford,Troy Murphy,2,2:31,PHI,foul,,,,,,,,Danny Granger,,Samuel Dalembert,,,,,,shooting,,
Andre Iguodala,Andre Miller,Lou Williams,Samuel Dalembert,Thaddeus Young,Danny Granger,Jarrett Jack,Roy Hibbert,T.J. Ford,Troy Murphy,2,2:31,IND,free throw,,,,,,,1,,2,Danny Granger,,,foul,made,,,,
Andre Iguodala,Andre Miller,Lou Williams,Reggie Evans,Thaddeus Young,Danny Granger,Jarrett Jack,Roy Hibbert,T.J. Ford,Troy Murphy,2,2:31,PHI,sub,,,,Reggie Evans,,Samuel Dalembert,,,,,,,,,,,,
Andre Iguodala,Andre Miller,Lou Williams,Reggie Evans,Thaddeus Young,Danny Granger,Jarrett Jack,Roy Hibbert,T.J. Ford,Troy Murphy,2,2:31,IND,free throw,,,,,,,2,,2,Danny Granger,,,foul,missed,,,,
Andre Iguodala,Andre Miller,Lou Williams,Reggie Evans,Thaddeus Young,Danny Granger,Jarrett Jack,Roy Hibbert,T.J. Ford,Troy Murphy,2,2:31,PHI,rebound,,,,,,,,,,Reggie Evans,,,,,,def,,
Andre Iguodala,Andre Miller,Lou Williams,Reggie Evans,Thaddeus Young,Danny Granger,Jarrett Jack,Roy Hibbert,T.J. Ford,Troy Murphy,2,2:13,IND,foul,,,,,,,,Thaddeus Young,,T.J. Ford,,,,,,personal,,
Andre Iguodala,Andre Miller,Lou Williams,Reggie Evans,Thaddeus Young,Danny Granger,Jarrett Jack,Roy Hibbert,T.J. Ford,Troy Murphy,2,1:57,PHI,shot,,,,,,,,,,Lou Williams,2,,,made,,fade away jumper,38,22
Andre Iguodala,Andre Miller,Lou Williams,Reggie Evans,Thaddeus Young,Danny Granger,Jarrett Jack,Roy Hibbert,T.J. Ford,Troy Murphy,2,1:49,IND,shot,,,,,,,,,,Danny Granger,,,,missed,,layup,22,8
Andre Iguodala,Andre Miller,Lou Williams,Reggie Evans,Thaddeus Young,Danny Granger,Jarrett Jack,Roy Hibbert,T.J. Ford,Troy Murphy,2,1:48,PHI,rebound,,,,,,,,,,Thaddeus Young,,,,,,def,,
Andre Iguodala,Andre Miller,Lou Williams,Reggie Evans,Thaddeus Young,Danny Granger,Jarrett Jack,Roy Hibbert,T.J. Ford,Troy Murphy,2,1:43,PHI,shot,Andre Miller,,,,,,,,,Lou Williams,2,,,made,,layup,25,7
Andre Iguodala,Andre Miller,Lou Williams,Reggie Evans,Thaddeus Young,Danny Granger,Jarrett Jack,Roy Hibbert,T.J. Ford,Troy Murphy,2,1:43,IND,violation,,,,,,,,,,Roy Hibbert,,,,,,defensive goaltending,,
Andre Iguodala,Andre Miller,Lou Williams,Reggie Evans,Thaddeus Young,Danny Granger,Jarrett Jack,Roy Hibbert,T.J. Ford,Troy Murphy,2,1:43,IND,foul,,,,,,,,Lou Williams,,Troy Murphy,,,,,,shooting,,
Andre Iguodala,Andre Miller,Lou Williams,Reggie Evans,Thaddeus Young,Danny Granger,Jarrett Jack,Roy Hibbert,T.J. Ford,Troy Murphy,2,1:43,PHI,free throw,,,,,,,1,,1,Lou Williams,,,foul,missed,,,,
Andre Iguodala,Andre Miller,Lou Williams,Reggie Evans,Thaddeus Young,Danny Granger,Jarrett Jack,Roy Hibbert,T.J. Ford,Troy Murphy,2,1:42,IND,rebound,,,,,,,,,,Troy Murphy,,,,,,def,,
Andre Iguodala,Andre Miller,Lou Williams,Reggie Evans,Thaddeus Young,Danny Granger,Jarrett Jack,Roy Hibbert,T.J. Ford,Troy Murphy,2,1:21,IND,turnover,,,,,,,,,,T.J. Ford,,,bad pass,,Andre Iguodala,,,
Andre Iguodala,Andre Miller,Lou Williams,Reggie Evans,Thaddeus Young,Danny Granger,Jarrett Jack,Roy Hibbert,T.J. Ford,Troy Murphy,2,1:17,PHI,shot,,,,,,,,,,Andre Iguodala,2,,,made,,slam dunk,24,8
Andre Iguodala,Andre Miller,Lou Williams,Reggie Evans,Thaddeus Young,Danny Granger,Jarrett Jack,Roy Hibbert,T.J. Ford,Troy Murphy,2,0:59,IND,turnover,,,,,,,,,,Roy Hibbert,,,bad pass,,Andre Iguodala,,,
Andre Iguodala,Andre Miller,Lou Williams,Reggie Evans,Thaddeus Young,Danny Granger,Jarrett Jack,Roy Hibbert,T.J. Ford,Troy Murphy,2,0:59,IND,foul,,,,,,,,Reggie Evans,,Danny Granger,,,,,,personal,,
Andre Iguodala,Andre Miller,Lou Williams,Reggie Evans,Thaddeus Young,Danny Granger,Jarrett Jack,Roy Hibbert,T.J. Ford,Troy Murphy,2,0:59,PHI,free throw,,,,,,,1,,2,Reggie Evans,,,foul,made,,,,
Andre Iguodala,Andre Miller,Lou Williams,Reggie Evans,Thaddeus Young,Jarrett Jack,Marquis Daniels,Roy Hibbert,T.J. Ford,Troy Murphy,2,0:59,IND,sub,,,,Marquis Daniels,,Danny Granger,,,,,,,,,,,,
Andre Iguodala,Andre Miller,Lou Williams,Reggie Evans,Thaddeus Young,Brandon Rush,Jarrett Jack,Marquis Daniels,Roy Hibbert,T.J. Ford,2,0:59,IND,sub,,,,Brandon Rush,,Troy Murphy,,,,,,,,,,,,
Andre Iguodala,Andre Miller,Lou Williams,Reggie Evans,Thaddeus Young,Brandon Rush,Jarrett Jack,Marquis Daniels,Roy Hibbert,T.J. Ford,2,0:59,PHI,free throw,,,,,,,2,,2,Reggie Evans,,,foul,made,,,,
Andre Iguodala,Andre Miller,Lou Williams,Reggie Evans,Thaddeus Young,Brandon Rush,Jarrett Jack,Marquis Daniels,Roy Hibbert,T.J. Ford,2,0:51,PHI,foul,,,,,,,,Jarrett Jack,,Andre Iguodala,,,,,,personal,,
Andre Iguodala,Andre Miller,Lou Williams,Reggie Evans,Thaddeus Young,Brandon Rush,Jarrett Jack,Marquis Daniels,Roy Hibbert,T.J. Ford,2,0:51,IND,free throw,,,,,,,1,,2,Jarrett Jack,,,foul,missed,,,,
Andre Iguodala,Andre Miller,Lou Williams,Reggie Evans,Thaddeus Young,Brandon Rush,Jarrett Jack,Marquis Daniels,Roy Hibbert,T.J. Ford,2,0:51,IND,rebound,,,,,,,,,,,,,,,,,,
Andre Iguodala,Andre Miller,Lou Williams,Reggie Evans,Thaddeus Young,Brandon Rush,Jarrett Jack,Maceo Baston,Marquis Daniels,T.J. Ford,2,0:51,IND,sub,,,,Maceo Baston,,Roy Hibbert,,,,,,,,,,,,
Andre Miller,Lou Williams,Reggie Evans,Royal Ivey,Thaddeus Young,Brandon Rush,Jarrett Jack,Maceo Baston,Marquis Daniels,T.J. Ford,2,0:51,PHI,sub,,,,Royal Ivey,,Andre Iguodala,,,,,,,,,,,,
Andre Miller,Lou Williams,Reggie Evans,Royal Ivey,Thaddeus Young,Brandon Rush,Jarrett Jack,Maceo Baston,Marquis Daniels,T.J. Ford,2,0:51,IND,free throw,,,,,,,2,,2,Jarrett Jack,,,foul,made,,,,
Andre Miller,Lou Williams,Reggie Evans,Royal Ivey,Thaddeus Young,Brandon Rush,Jarrett Jack,Maceo Baston,Marquis Daniels,T.J. Ford,2,0:45,PHI,shot,,,,,,,,,,Lou Williams,,,,missed,,3pt,13,30
Andre Miller,Lou Williams,Reggie Evans,Royal Ivey,Thaddeus Young,Brandon Rush,Jarrett Jack,Maceo Baston,Marquis Daniels,T.J. Ford,2,0:44,PHI,rebound,,,,,,,,,,Reggie Evans,,,,,,off,,
Andre Miller,Lou Williams,Reggie Evans,Royal Ivey,Thaddeus Young,Brandon Rush,Jarrett Jack,Maceo Baston,Marquis Daniels,T.J. Ford,2,0:43,IND,foul,,,,,,,,Reggie Evans,,Maceo Baston,,,,,,shooting,,
Andre Miller,Lou Williams,Reggie Evans,Royal Ivey,Thaddeus Young,Brandon Rush,Jarrett Jack,Maceo Baston,Marquis Daniels,T.J. Ford,2,0:43,PHI,free throw,,,,,,,1,,2,Reggie Evans,,,foul,missed,,,,
Andre Miller,Lou Williams,Reggie Evans,Royal Ivey,Thaddeus Young,Brandon Rush,Jarrett Jack,Maceo Baston,Marquis Daniels,T.J. Ford,2,0:43,PHI,rebound,,,,,,,,,,,,,,,,,,
Andre Miller,Lou Williams,Reggie Evans,Royal Ivey,Thaddeus Young,Brandon Rush,Jarrett Jack,Marquis Daniels,Rasho Nesterovic,T.J. Ford,2,0:43,IND,sub,,,,Rasho Nesterovic,,Maceo Baston,,,,,,,,,,,,
Andre Miller,Lou Williams,Reggie Evans,Royal Ivey,Thaddeus Young,Brandon Rush,Jarrett Jack,Marquis Daniels,Rasho Nesterovic,T.J. Ford,2,0:43,PHI,free throw,,,,,,,2,,2,Reggie Evans,,,foul,made,,,,
Andre Miller,Lou Williams,Reggie Evans,Royal Ivey,Thaddeus Young,Brandon Rush,Jarrett Jack,Marquis Daniels,Rasho Nesterovic,T.J. Ford,2,0:31,IND,shot,,,,,,,,,,Marquis Daniels,2,,,made,,driving layup,23,7
Andre Miller,Lou Williams,Reggie Evans,Royal Ivey,Thaddeus Young,Brandon Rush,Jarrett Jack,Marquis Daniels,Rasho Nesterovic,T.J. Ford,2,0:09,PHI,shot,,,,,,,,,,Lou Williams,,,,missed,,jump,19,10
Andre Miller,Lou Williams,Reggie Evans,Royal Ivey,Thaddeus Young,Brandon Rush,Jarrett Jack,Marquis Daniels,Rasho Nesterovic,T.J. Ford,2,0:08,IND,rebound,,,,,,,,,,T.J. Ford,,,,,,def,,
Andre Miller,Lou Williams,Reggie Evans,Royal Ivey,Thaddeus Young,Brandon Rush,Jarrett Jack,Marquis Daniels,Rasho Nesterovic,T.J. Ford,2,0:03,IND,shot,T.J. Ford,,,,,,,,,Marquis Daniels,2,,,made,,layup,28,5
Andre Miller,Lou Williams,Reggie Evans,Royal Ivey,Thaddeus Young,Brandon Rush,Jarrett Jack,Marquis Daniels,Rasho Nesterovic,T.J. Ford,2,0:00,PHI,shot,,,,,,,,,,Andre Miller,,,,missed,,3pt,6,47
Andre Miller,Lou Williams,Reggie Evans,Royal Ivey,Thaddeus Young,Brandon Rush,Jarrett Jack,Marquis Daniels,Rasho Nesterovic,T.J. Ford,2,0:00,PHI,rebound,,,,,,,,,,,,,,,,,,
Andre Iguodala,Andre Miller,Samuel Dalembert,Thaddeus Young,Willie Green,Danny Granger,Jarrett Jack,Roy Hibbert,T.J. Ford,Troy Murphy,3,11:40,IND,turnover,,,,,,,,,,Roy Hibbert,,,3 second violation,,,,,
Andre Iguodala,Andre Miller,Samuel Dalembert,Thaddeus Young,Willie Green,Danny Granger,Jarrett Jack,Roy Hibbert,T.J. Ford,Troy Murphy,3,11:23,PHI,shot,,,,,,,,,,Andre Iguodala,2,,,made,,jump,33,22
Andre Iguodala,Andre Miller,Samuel Dalembert,Thaddeus Young,Willie Green,Danny Granger,Jarrett Jack,Roy Hibbert,T.J. Ford,Troy Murphy,3,11:06,PHI,foul,,,,,,,,Troy Murphy,,Andre Miller,,,,,,personal,,
Andre Iguodala,Andre Miller,Samuel Dalembert,Thaddeus Young,Willie Green,Danny Granger,Jarrett Jack,Roy Hibbert,T.J. Ford,Troy Murphy,3,10:58,IND,shot,,,,,,,,,,T.J. Ford,,,,missed,,jump,24,11
Andre Iguodala,Andre Miller,Samuel Dalembert,Thaddeus Young,Willie Green,Danny Granger,Jarrett Jack,Roy Hibbert,T.J. Ford,Troy Murphy,3,10:57,PHI,rebound,,,,,,,,,,,,,,,,,,
Andre Iguodala,Andre Miller,Samuel Dalembert,Thaddeus Young,Willie Green,Danny Granger,Jarrett Jack,Roy Hibbert,T.J. Ford,Troy Murphy,3,10:44,PHI,turnover,,,,,,,,,,Andre Iguodala,,,traveling,,,,,
Andre Iguodala,Andre Miller,Samuel Dalembert,Thaddeus Young,Willie Green,Danny Granger,Jarrett Jack,Roy Hibbert,T.J. Ford,Troy Murphy,3,10:32,IND,shot,,,,,,,,,,Troy Murphy,2,,,made,,reverse dunk,25,6
Andre Iguodala,Andre Miller,Samuel Dalembert,Thaddeus Young,Willie Green,Danny Granger,Jarrett Jack,Roy Hibbert,T.J. Ford,Troy Murphy,3,10:17,PHI,shot,,,,,,,,,,Andre Iguodala,2,,,made,,reverse layup,23,8
Andre Iguodala,Andre Miller,Samuel Dalembert,Thaddeus Young,Willie Green,Danny Granger,Jarrett Jack,Roy Hibbert,T.J. Ford,Troy Murphy,3,9:59,IND,shot,,,,,,,,,,Roy Hibbert,2,,,made,,hook,24,11
Andre Iguodala,Andre Miller,Samuel Dalembert,Thaddeus Young,Willie Green,Danny Granger,Jarrett Jack,Roy Hibbert,T.J. Ford,Troy Murphy,3,9:39,PHI,shot,,,,,,,,,,Thaddeus Young,,,,missed,,layup,25,7
Andre Iguodala,Andre Miller,Samuel Dalembert,Thaddeus Young,Willie Green,Danny Granger,Jarrett Jack,Roy Hibbert,T.J. Ford,Troy Murphy,3,9:38,PHI,rebound,,,,,,,,,,Samuel Dalembert,,,,,,off,,
Andre Iguodala,Andre Miller,Samuel Dalembert,Thaddeus Young,Willie Green,Danny Granger,Jarrett Jack,Roy Hibbert,T.J. Ford,Troy Murphy,3,9:38,IND,foul,,,,,,,,Samuel Dalembert,,Troy Murphy,,,,,,personal,,
Andre Iguodala,Andre Miller,Samuel Dalembert,Thaddeus Young,Willie Green,Danny Granger,Jarrett Jack,Roy Hibbert,T.J. Ford,Troy Murphy,3,9:29,IND,foul,,,,,,,,Andre Miller,,Roy Hibbert,,,,,,shooting,,
Andre Iguodala,Andre Miller,Samuel Dalembert,Thaddeus Young,Willie Green,Danny Granger,Jarrett Jack,Roy Hibbert,T.J. Ford,Troy Murphy,3,9:29,PHI,free throw,,,,,,,1,,2,Andre Miller,,,foul,made,,,,
Andre Iguodala,Andre Miller,Samuel Dalembert,Thaddeus Young,Willie Green,Danny Granger,Jarrett Jack,Roy Hibbert,T.J. Ford,Troy Murphy,3,9:29,PHI,free throw,,,,,,,2,,2,Andre Miller,,,foul,made,,,,
Andre Iguodala,Andre Miller,Samuel Dalembert,Thaddeus Young,Willie Green,Danny Granger,Jarrett Jack,Roy Hibbert,T.J. Ford,Troy Murphy,3,9:06,IND,shot,,,,,,,,,,Roy Hibbert,2,,,made,,layup,25,6
Andre Iguodala,Andre Miller,Samuel Dalembert,Thaddeus Young,Willie Green,Danny Granger,Jarrett Jack,Roy Hibbert,T.J. Ford,Troy Murphy,3,9:06,PHI,foul,,,,,,,,Roy Hibbert,,Samuel Dalembert,,,,,,shooting,,
Andre Iguodala,Andre Miller,Samuel Dalembert,Thaddeus Young,Willie Green,Danny Granger,Jarrett Jack,Roy Hibbert,T.J. Ford,Troy Murphy,3,9:06,IND,free throw,,,,,,,1,,1,Roy Hibbert,,,foul,made,,,,
Andre Iguodala,Andre Miller,Samuel Dalembert,Thaddeus Young,Willie Green,Danny Granger,Jarrett Jack,Roy Hibbert,T.J. Ford,Troy Murphy,3,8:56,PHI,shot,Andre Miller,,,,,,,,,Willie Green,2,,,made,,jump,43,6
Andre Iguodala,Andre Miller,Samuel Dalembert,Thaddeus Young,Willie Green,Danny Granger,Jarrett Jack,Roy Hibbert,T.J. Ford,Troy Murphy,3,8:43,IND,shot,,,,,,,,,,T.J. Ford,2,,,made,,pullup jump,17,15
Andre Iguodala,Andre Miller,Samuel Dalembert,Thaddeus Young,Willie Green,Danny Granger,Jarrett Jack,Roy Hibbert,T.J. Ford,Troy Murphy,3,8:30,PHI,shot,Andre Iguodala,,,,,,,,,Samuel Dalembert,2,,,made,,alley oop layup,23,6
Andre Iguodala,Andre Miller,Samuel Dalembert,Thaddeus Young,Willie Green,Danny Granger,Jarrett Jack,Roy Hibbert,T.J. Ford,Troy Murphy,3,8:04,IND,shot,,,Samuel Dalembert,,,,,,,Troy Murphy,,,,missed,,layup,25,5
Andre Iguodala,Andre Miller,Samuel Dalembert,Thaddeus Young,Willie Green,Danny Granger,Jarrett Jack,Roy Hibbert,T.J. Ford,Troy Murphy,3,8:03,PHI,rebound,,,,,,,,,,Thaddeus Young,,,,,,def,,
Andre Iguodala,Andre Miller,Samuel Dalembert,Thaddeus Young,Willie Green,Danny Granger,Jarrett Jack,Roy Hibbert,T.J. Ford,Troy Murphy,3,7:59,PHI,shot,Andre Iguodala,,,,,,,,,Thaddeus Young,2,,,made,,slam dunk,24,7
Andre Iguodala,Andre Miller,Samuel Dalembert,Thaddeus Young,Willie Green,Danny Granger,Jarrett Jack,Roy Hibbert,T.J. Ford,Troy Murphy,3,7:33,IND,shot,,,,,,,,,,Danny Granger,,,,missed,,jump,15,9
Andre Iguodala,Andre Miller,Samuel Dalembert,Thaddeus Young,Willie Green,Danny Granger,Jarrett Jack,Roy Hibbert,T.J. Ford,Troy Murphy,3,7:32,IND,rebound,,,,,,,,,,Roy Hibbert,,,,,,off,,
Andre Iguodala,Andre Miller,Samuel Dalembert,Thaddeus Young,Willie Green,Danny Granger,Jarrett Jack,Roy Hibbert,T.J. Ford,Troy Murphy,3,7:30,IND,shot,,,,,,,,,,Roy Hibbert,,,,missed,,jump,25,9
Andre Iguodala,Andre Miller,Samuel Dalembert,Thaddeus Young,Willie Green,Danny Granger,Jarrett Jack,Roy Hibbert,T.J. Ford,Troy Murphy,3,7:29,PHI,rebound,,,,,,,,,,Samuel Dalembert,,,,,,def,,
Andre Iguodala,Andre Miller,Samuel Dalembert,Thaddeus Young,Willie Green,Danny Granger,Jarrett Jack,Roy Hibbert,T.J. Ford,Troy Murphy,3,7:22,PHI,shot,,,,,,,,,,Andre Miller,,,,missed,,jump,16,21
Andre Iguodala,Andre Miller,Samuel Dalembert,Thaddeus Young,Willie Green,Danny Granger,Jarrett Jack,Roy Hibbert,T.J. Ford,Troy Murphy,3,7:21,IND,rebound,,,,,,,,,,Danny Granger,,,,,,def,,
Andre Iguodala,Andre Miller,Samuel Dalembert,Thaddeus Young,Willie Green,Danny Granger,Jarrett Jack,Roy Hibbert,T.J. Ford,Troy Murphy,3,7:15,PHI,foul,,,,,,,,T.J. Ford,,Thaddeus Young,,,,,,shooting,,
Andre Iguodala,Andre Miller,Samuel Dalembert,Thaddeus Young,Willie Green,Danny Granger,Jarrett Jack,Roy Hibbert,T.J. Ford,Troy Murphy,3,7:15,IND,free throw,,,,,,,1,,2,T.J. Ford,,,foul,made,,,,
Andre Iguodala,Andre Miller,Samuel Dalembert,Thaddeus Young,Willie Green,Jarrett Jack,Marquis Daniels,Roy Hibbert,T.J. Ford,Troy Murphy,3,7:15,IND,sub,,,,Marquis Daniels,,Danny Granger,,,,,,,,,,,,
Andre Iguodala,Andre Miller,Samuel Dalembert,Thaddeus Young,Willie Green,Jarrett Jack,Marquis Daniels,Rasho Nesterovic,T.J. Ford,Troy Murphy,3,7:15,IND,sub,,,,Rasho Nesterovic,,Roy Hibbert,,,,,,,,,,,,
Andre Iguodala,Andre Miller,Samuel Dalembert,Thaddeus Young,Willie Green,Jarrett Jack,Marquis Daniels,Rasho Nesterovic,T.J. Ford,Troy Murphy,3,7:15,IND,free throw,,,,,,,2,,2,T.J. Ford,,,foul,made,,,,
Andre Iguodala,Andre Miller,Samuel Dalembert,Thaddeus Young,Willie Green,Jarrett Jack,Marquis Daniels,Rasho Nesterovic,T.J. Ford,Troy Murphy,3,7:00,PHI,shot,,,,,,,,,,Andre Miller,,,,missed,,jump,10,7
Andre Iguodala,Andre Miller,Samuel Dalembert,Thaddeus Young,Willie Green,Jarrett Jack,Marquis Daniels,Rasho Nesterovic,T.J. Ford,Troy Murphy,3,6:59,IND,rebound,,,,,,,,,,Troy Murphy,,,,,,def,,
Andre Iguodala,Andre Miller,Samuel Dalembert,Thaddeus Young,Willie Green,Jarrett Jack,Marquis Daniels,Rasho Nesterovic,T.J. Ford,Troy Murphy,3,6:44,IND,shot,,,,,,,,,,T.J. Ford,,,,missed,,3pt,48,5
Andre Iguodala,Andre Miller,Samuel Dalembert,Thaddeus Young,Willie Green,Jarrett Jack,Marquis Daniels,Rasho Nesterovic,T.J. Ford,Troy Murphy,3,6:43,PHI,rebound,,,,,,,,,,,,,,,,,,
Andre Iguodala,Andre Miller,Samuel Dalembert,Thaddeus Young,Willie Green,Jarrett Jack,Marquis Daniels,Rasho Nesterovic,T.J. Ford,Troy Murphy,3,6:42,IND,foul,,,,,,,,Samuel Dalembert,,Rasho Nesterovic,,,,,,loose ball,,
Andre Iguodala,Andre Miller,Samuel Dalembert,Thaddeus Young,Willie Green,Jarrett Jack,Marquis Daniels,Rasho Nesterovic,T.J. Ford,Troy Murphy,3,6:29,PHI,shot,Andre Miller,,,,,,,,,Willie Green,2,,,made,,jump,24,21
Andre Iguodala,Andre Miller,Samuel Dalembert,Thaddeus Young,Willie Green,Jarrett Jack,Marquis Daniels,Rasho Nesterovic,T.J. Ford,Troy Murphy,3,6:08,IND,shot,,,,,,,,,,Marquis Daniels,,,,missed,,jump,36,24
Andre Iguodala,Andre Miller,Samuel Dalembert,Thaddeus Young,Willie Green,Jarrett Jack,Marquis Daniels,Rasho Nesterovic,T.J. Ford,Troy Murphy,3,6:07,PHI,rebound,,,,,,,,,,Andre Miller,,,,,,def,,
Andre Iguodala,Andre Miller,Samuel Dalembert,Thaddeus Young,Willie Green,Jarrett Jack,Marquis Daniels,Rasho Nesterovic,T.J. Ford,Troy Murphy,3,6:00,PHI,shot,Willie Green,,,,,,,,,Thaddeus Young,2,,,made,,reverse layup,25,6
Andre Iguodala,Andre Miller,Samuel Dalembert,Thaddeus Young,Willie Green,Jarrett Jack,Marquis Daniels,Rasho Nesterovic,T.J. Ford,Troy Murphy,3,5:58,IND,timeout,,,,,,,,,,,,,,,,regular,,
Andre Iguodala,Andre Miller,Samuel Dalembert,Thaddeus Young,Willie Green,Jarrett Jack,Marquis Daniels,Rasho Nesterovic,Travis Diener,Troy Murphy,3,5:58,IND,sub,,,,Travis Diener,,T.J. Ford,,,,,,,,,,,,
Andre Iguodala,Andre Miller,Samuel Dalembert,Thaddeus Young,Willie Green,Danny Granger,Jarrett Jack,Marquis Daniels,Rasho Nesterovic,Travis Diener,3,5:58,IND,sub,,,,Danny Granger,,Troy Murphy,,,,,,,,,,,,
Andre Iguodala,Andre Miller,Samuel Dalembert,Thaddeus Young,Willie Green,Danny Granger,Jarrett Jack,Marquis Daniels,Rasho Nesterovic,Travis Diener,3,5:44,IND,shot,,,,,,,,,,Jarrett Jack,,,,missed,,3pt,40,27
Andre Iguodala,Andre Miller,Samuel Dalembert,Thaddeus Young,Willie Green,Danny Granger,Jarrett Jack,Marquis Daniels,Rasho Nesterovic,Travis Diener,3,5:43,PHI,rebound,,,,,,,,,,Samuel Dalembert,,,,,,def,,
Andre Iguodala,Andre Miller,Samuel Dalembert,Thaddeus Young,Willie Green,Danny Granger,Jarrett Jack,Marquis Daniels,Rasho Nesterovic,Travis Diener,3,5:21,PHI,shot,,,,,,,,,,Thaddeus Young,,,,missed,,3pt,17,30
Andre Iguodala,Andre Miller,Samuel Dalembert,Thaddeus Young,Willie Green,Danny Granger,Jarrett Jack,Marquis Daniels,Rasho Nesterovic,Travis Diener,3,5:20,IND,rebound,,,,,,,,,,Jarrett Jack,,,,,,def,,
Andre Iguodala,Andre Miller,Samuel Dalembert,Thaddeus Young,Willie Green,Danny Granger,Jarrett Jack,Marquis Daniels,Rasho Nesterovic,Travis Diener,3,5:09,IND,shot,,,,,,,,,,Jarrett Jack,2,,,made,,driving layup,25,7
Andre Iguodala,Andre Miller,Samuel Dalembert,Thaddeus Young,Willie Green,Danny Granger,Jarrett Jack,Marquis Daniels,Rasho Nesterovic,Travis Diener,3,4:57,PHI,shot,,,,,,,,,,Willie Green,,,,missed,,jump,16,21
Andre Iguodala,Andre Miller,Samuel Dalembert,Thaddeus Young,Willie Green,Danny Granger,Jarrett Jack,Marquis Daniels,Rasho Nesterovic,Travis Diener,3,4:56,IND,rebound,,,,,,,,,,Danny Granger,,,,,,def,,
Andre Iguodala,Andre Miller,Samuel Dalembert,Thaddeus Young,Willie Green,Danny Granger,Jarrett Jack,Marquis Daniels,Rasho Nesterovic,Travis Diener,3,4:43,IND,shot,,,,,,,,,,Danny Granger,,,,missed,,jump,10,10
Andre Iguodala,Andre Miller,Samuel Dalembert,Thaddeus Young,Willie Green,Danny Granger,Jarrett Jack,Marquis Daniels,Rasho Nesterovic,Travis Diener,3,4:42,IND,rebound,,,,,,,,,,Marquis Daniels,,,,,,off,,
Andre Iguodala,Andre Miller,Samuel Dalembert,Thaddeus Young,Willie Green,Danny Granger,Jarrett Jack,Marquis Daniels,Rasho Nesterovic,Travis Diener,3,4:42,IND,shot,,,,,,,,,,Marquis Daniels,,,,missed,,tip,25,9
Andre Iguodala,Andre Miller,Samuel Dalembert,Thaddeus Young,Willie Green,Danny Granger,Jarrett Jack,Marquis Daniels,Rasho Nesterovic,Travis Diener,3,4:40,IND,rebound,,,,,,,,,,,,,,,,,,
Andre Iguodala,Andre Miller,Samuel Dalembert,Thaddeus Young,Willie Green,Danny Granger,Jarrett Jack,Marquis Daniels,Rasho Nesterovic,Travis Diener,3,4:34,IND,shot,,,,,,,,,,Jarrett Jack,,,,missed,,jump,36,24
Andre Iguodala,Andre Miller,Samuel Dalembert,Thaddeus Young,Willie Green,Danny Granger,Jarrett Jack,Marquis Daniels,Rasho Nesterovic,Travis Diener,3,4:33,PHI,rebound,,,,,,,,,,Andre Iguodala,,,,,,def,,
Andre Iguodala,Andre Miller,Samuel Dalembert,Thaddeus Young,Willie Green,Danny Granger,Jarrett Jack,Marquis Daniels,Rasho Nesterovic,Travis Diener,3,4:26,PHI,shot,,,,,,,,,,Willie Green,,,,missed,,3pt,33,30
Andre Iguodala,Andre Miller,Samuel Dalembert,Thaddeus Young,Willie Green,Danny Granger,Jarrett Jack,Marquis Daniels,Rasho Nesterovic,Travis Diener,3,4:25,IND,rebound,,,,,,,,,,Marquis Daniels,,,,,,def,,
Andre Iguodala,Andre Miller,Samuel Dalembert,Thaddeus Young,Willie Green,Danny Granger,Jarrett Jack,Marquis Daniels,Rasho Nesterovic,Travis Diener,3,4:07,IND,shot,,,,,,,,,,Marquis Daniels,2,,,made,,jump,27,18
Andre Iguodala,Andre Miller,Samuel Dalembert,Thaddeus Young,Willie Green,Danny Granger,Jarrett Jack,Marquis Daniels,Rasho Nesterovic,Travis Diener,3,3:38,PHI,shot,,,,,,,,,,Willie Green,,,,missed,,3pt,10,27
Andre Iguodala,Andre Miller,Samuel Dalembert,Thaddeus Young,Willie Green,Danny Granger,Jarrett Jack,Marquis Daniels,Rasho Nesterovic,Travis Diener,3,3:37,PHI,rebound,,,,,,,,,,Thaddeus Young,,,,,,off,,
Andre Iguodala,Andre Miller,Samuel Dalembert,Thaddeus Young,Willie Green,Danny Granger,Jarrett Jack,Marquis Daniels,Rasho Nesterovic,Travis Diener,3,3:34,PHI,shot,,,,,,,,,,Thaddeus Young,,,,missed,,layup,27,7
Andre Iguodala,Andre Miller,Samuel Dalembert,Thaddeus Young,Willie Green,Danny Granger,Jarrett Jack,Marquis Daniels,Rasho Nesterovic,Travis Diener,3,3:33,PHI,rebound,,,,,,,,,,Andre Miller,,,,,,off,,
Andre Iguodala,Andre Miller,Samuel Dalembert,Thaddeus Young,Willie Green,Danny Granger,Jarrett Jack,Marquis Daniels,Rasho Nesterovic,Travis Diener,3,3:24,PHI,shot,,,Danny Granger,,,,,,,Willie Green,,,,missed,,layup,27,6
Andre Iguodala,Andre Miller,Samuel Dalembert,Thaddeus Young,Willie Green,Danny Granger,Jarrett Jack,Marquis Daniels,Rasho Nesterovic,Travis Diener,3,3:22,IND,rebound,,,,,,,,,,Travis Diener,,,,,,def,,
Andre Iguodala,Andre Miller,Samuel Dalembert,Thaddeus Young,Willie Green,Danny Granger,Jarrett Jack,Marquis Daniels,Rasho Nesterovic,Travis Diener,3,3:19,PHI,foul,,,,,,,,Danny Granger,,Andre Miller,,,,,,personal,,
Andre Iguodala,Andre Miller,Samuel Dalembert,Thaddeus Young,Willie Green,Danny Granger,Jarrett Jack,Marquis Daniels,Rasho Nesterovic,Travis Diener,3,3:19,IND,foul,,,,,,,,,,Danny Granger,,,,,,technical,,
Andre Iguodala,Andre Miller,Samuel Dalembert,Thaddeus Young,Willie Green,Danny Granger,Jarrett Jack,Marquis Daniels,Rasho Nesterovic,Travis Diener,3,3:19,PHI,free throw,,,,,,,1,,1,Andre Miller,,,technical,missed,,,,
Andre Iguodala,Andre Miller,Samuel Dalembert,Thaddeus Young,Willie Green,Danny Granger,Jarrett Jack,Marquis Daniels,Rasho Nesterovic,Travis Diener,3,3:19,IND,rebound,,,,,,,,,,,,,,,,,,
Andre Iguodala,Andre Miller,Samuel Dalembert,Thaddeus Young,Willie Green,Danny Granger,Jarrett Jack,Marquis Daniels,Rasho Nesterovic,Travis Diener,3,3:07,PHI,foul,,,,,,,,,,Andre Miller,,,,,,defense 3 second,,
Andre Iguodala,Andre Miller,Samuel Dalembert,Thaddeus Young,Willie Green,Danny Granger,Jarrett Jack,Marquis Daniels,Rasho Nesterovic,Travis Diener,3,3:07,IND,free throw,,,,,,,1,,1,Danny Granger,,,technical,made,,,,
Andre Iguodala,Andre Miller,Samuel Dalembert,Thaddeus Young,Willie Green,Brandon Rush,Danny Granger,Marquis Daniels,Rasho Nesterovic,Travis Diener,3,3:07,IND,sub,,,,Brandon Rush,,Jarrett Jack,,,,,,,,,,,,
Andre Iguodala,Andre Miller,Samuel Dalembert,Thaddeus Young,Willie Green,Brandon Rush,Danny Granger,Marquis Daniels,Rasho Nesterovic,Travis Diener,3,2:55,IND,shot,,,,,,,,,,Travis Diener,,,,missed,,3pt,11,29
Andre Iguodala,Andre Miller,Samuel Dalembert,Thaddeus Young,Willie Green,Brandon Rush,Danny Granger,Marquis Daniels,Rasho Nesterovic,Travis Diener,3,2:54,PHI,rebound,,,,,,,,,,Andre Iguodala,,,,,,def,,
Andre Iguodala,Andre Miller,Samuel Dalembert,Thaddeus Young,Willie Green,Brandon Rush,Danny Granger,Marquis Daniels,Rasho Nesterovic,Travis Diener,3,2:41,PHI,shot,,,,,,,,,,Andre Miller,2,,,made,,layup,27,8
Andre Iguodala,Andre Miller,Samuel Dalembert,Thaddeus Young,Willie Green,Brandon Rush,Danny Granger,Marquis Daniels,Rasho Nesterovic,Travis Diener,3,2:20,IND,shot,,,,,,,,,,Marquis Daniels,,,,missed,,layup,23,7
Andre Iguodala,Andre Miller,Samuel Dalembert,Thaddeus Young,Willie Green,Brandon Rush,Danny Granger,Marquis Daniels,Rasho Nesterovic,Travis Diener,3,2:19,PHI,rebound,,,,,,,,,,Thaddeus Young,,,,,,def,,
Andre Iguodala,Andre Miller,Samuel Dalembert,Thaddeus Young,Willie Green,Brandon Rush,Danny Granger,Marquis Daniels,Rasho Nesterovic,Travis Diener,3,2:14,PHI,shot,,,,,,,,,,Willie Green,,,,missed,,slam dunk,25,4
Andre Iguodala,Andre Miller,Samuel Dalembert,Thaddeus Young,Willie Green,Brandon Rush,Danny Granger,Marquis Daniels,Rasho Nesterovic,Travis Diener,3,2:13,PHI,rebound,,,,,,,,,,Andre Iguodala,,,,,,off,,
Andre Iguodala,Andre Miller,Samuel Dalembert,Thaddeus Young,Willie Green,Brandon Rush,Danny Granger,Marquis Daniels,Rasho Nesterovic,Travis Diener,3,2:12,PHI,shot,,,Danny Granger,,,,,,,Andre Iguodala,,,,missed,,layup,22,6
Andre Iguodala,Andre Miller,Samuel Dalembert,Thaddeus Young,Willie Green,Brandon Rush,Danny Granger,Marquis Daniels,Rasho Nesterovic,Travis Diener,3,2:10,IND,rebound,,,,,,,,,,Rasho Nesterovic,,,,,,def,,
Andre Iguodala,Andre Miller,Samuel Dalembert,Thaddeus Young,Willie Green,Brandon Rush,Danny Granger,Marquis Daniels,Rasho Nesterovic,Travis Diener,3,2:06,IND,shot,,,,,,,,,,Brandon Rush,,,,missed,,layup,26,8
Andre Iguodala,Andre Miller,Samuel Dalembert,Thaddeus Young,Willie Green,Brandon Rush,Danny Granger,Marquis Daniels,Rasho Nesterovic,Travis Diener,3,2:05,PHI,rebound,,,,,,,,,,Thaddeus Young,,,,,,def,,
Andre Iguodala,Andre Miller,Samuel Dalembert,Thaddeus Young,Willie Green,Brandon Rush,Danny Granger,Marquis Daniels,Rasho Nesterovic,Travis Diener,3,1:49,PHI,shot,,,,,,,,,,Samuel Dalembert,,,,missed,,jump,37,18
Andre Iguodala,Andre Miller,Samuel Dalembert,Thaddeus Young,Willie Green,Brandon Rush,Danny Granger,Marquis Daniels,Rasho Nesterovic,Travis Diener,3,1:48,IND,rebound,,,,,,,,,,Travis Diener,,,,,,def,,
Andre Iguodala,Andre Miller,Samuel Dalembert,Thaddeus Young,Willie Green,Brandon Rush,Danny Granger,Marquis Daniels,Rasho Nesterovic,Travis Diener,3,1:42,IND,shot,Travis Diener,,,,,,,,,Danny Granger,2,,,made,,jump,43,13
Andre Iguodala,Andre Miller,Samuel Dalembert,Thaddeus Young,Willie Green,Brandon Rush,Danny Granger,Marquis Daniels,Rasho Nesterovic,Travis Diener,3,1:33,PHI,timeout,,,,,,,,,,,,,,,,regular,,
Andre Iguodala,Andre Miller,Samuel Dalembert,Thaddeus Young,Willie Green,Brandon Rush,Danny Granger,Marquis Daniels,Rasho Nesterovic,Travis Diener,3,1:33,PHI,foul,,,,,,,,,,Andre Iguodala,,,,,,technical,,
Andre Iguodala,Andre Miller,Lou Williams,Samuel Dalembert,Thaddeus Young,Brandon Rush,Danny Granger,Marquis Daniels,Rasho Nesterovic,Travis Diener,3,1:33,PHI,sub,,,,Lou Williams,,Willie Green,,,,,,,,,,,,
Andre Iguodala,Andre Miller,Lou Williams,Samuel Dalembert,Thaddeus Young,Brandon Rush,Danny Granger,Marquis Daniels,Rasho Nesterovic,Travis Diener,3,1:33,IND,free throw,,,,,,,1,,1,Danny Granger,,,technical,made,,,,
Andre Iguodala,Andre Miller,Lou Williams,Samuel Dalembert,Thaddeus Young,Brandon Rush,Danny Granger,Marquis Daniels,Rasho Nesterovic,Travis Diener,3,1:17,PHI,shot,,,Brandon Rush,,,,,,,Andre Miller,,,,missed,,jump,28,6
Andre Iguodala,Andre Miller,Lou Williams,Samuel Dalembert,Thaddeus Young,Brandon Rush,Danny Granger,Marquis Daniels,Rasho Nesterovic,Travis Diener,3,1:15,PHI,rebound,,,,,,,,,,Samuel Dalembert,,,,,,off,,
Andre Iguodala,Andre Miller,Lou Williams,Samuel Dalembert,Thaddeus Young,Brandon Rush,Danny Granger,Marquis Daniels,Rasho Nesterovic,Travis Diener,3,1:14,PHI,turnover,,,,,,,,,,,,,shot clock turnover,,,,,
Andre Iguodala,Andre Miller,Lou Williams,Samuel Dalembert,Thaddeus Young,Brandon Rush,Danny Granger,Marquis Daniels,Rasho Nesterovic,Travis Diener,3,0:58,IND,turnover,,,,,,,,,,Rasho Nesterovic,,,3 second violation,,,,,
Andre Iguodala,Andre Miller,Lou Williams,Samuel Dalembert,Thaddeus Young,Brandon Rush,Danny Granger,Marquis Daniels,Rasho Nesterovic,Travis Diener,3,0:48,PHI,shot,,,,,,,,,,Andre Iguodala,,,,missed,,jump,37,21
Andre Iguodala,Andre Miller,Lou Williams,Samuel Dalembert,Thaddeus Young,Brandon Rush,Danny Granger,Marquis Daniels,Rasho Nesterovic,Travis Diener,3,0:47,IND,rebound,,,,,,,,,,Travis Diener,,,,,,def,,
Andre Iguodala,Andre Miller,Lou Williams,Samuel Dalembert,Thaddeus Young,Brandon Rush,Danny Granger,Marquis Daniels,Rasho Nesterovic,Travis Diener,3,0:41,IND,shot,,,,,,,,,,Danny Granger,3,,,made,,3pt,35,29
Andre Iguodala,Andre Miller,Lou Williams,Samuel Dalembert,Thaddeus Young,Brandon Rush,Danny Granger,Marquis Daniels,Rasho Nesterovic,Travis Diener,3,0:28,PHI,shot,,,,,,,,,,Andre Iguodala,,,,missed,,layup,25,5
Andre Iguodala,Andre Miller,Lou Williams,Samuel Dalembert,Thaddeus Young,Brandon Rush,Danny Granger,Marquis Daniels,Rasho Nesterovic,Travis Diener,3,0:27,IND,rebound,,,,,,,,,,Danny Granger,,,,,,def,,
Andre Iguodala,Andre Miller,Lou Williams,Samuel Dalembert,Thaddeus Young,Brandon Rush,Danny Granger,Marquis Daniels,Rasho Nesterovic,Travis Diener,3,0:05,IND,shot,Travis Diener,,,,,,,,,Marquis Daniels,2,,,made,,jump bank,24,11
Andre Iguodala,Andre Miller,Lou Williams,Samuel Dalembert,Thaddeus Young,Brandon Rush,Danny Granger,Marquis Daniels,Rasho Nesterovic,Travis Diener,3,0:05,PHI,foul,,,,,,,,Marquis Daniels,,Samuel Dalembert,,,,,,shooting,,
Andre Iguodala,Andre Miller,Lou Williams,Royal Ivey,Thaddeus Young,Brandon Rush,Danny Granger,Marquis Daniels,Rasho Nesterovic,Travis Diener,3,0:05,PHI,sub,,,,Royal Ivey,,Samuel Dalembert,,,,,,,,,,,,
Andre Iguodala,Andre Miller,Lou Williams,Royal Ivey,Thaddeus Young,Brandon Rush,Danny Granger,Jarrett Jack,Marquis Daniels,Travis Diener,3,0:05,IND,sub,,,,Jarrett Jack,,Rasho Nesterovic,,,,,,,,,,,,
Andre Iguodala,Andre Miller,Lou Williams,Royal Ivey,Thaddeus Young,Brandon Rush,Danny Granger,Jarrett Jack,Marquis Daniels,Travis Diener,3,0:05,IND,free throw,,,,,,,1,,1,Marquis Daniels,,,foul,made,,,,
Andre Iguodala,Andre Miller,Lou Williams,Royal Ivey,Thaddeus Young,Brandon Rush,Danny Granger,Jarrett Jack,Marquis Daniels,Travis Diener,3,0:03,IND,foul,,,,,,,,Andre Miller,,Travis Diener,,,,,,personal,,
Andre Iguodala,Andre Miller,Lou Williams,Royal Ivey,Thaddeus Young,Brandon Rush,Danny Granger,Jarrett Jack,Marquis Daniels,Travis Diener,3,0:00,IND,foul,,,,,,,,Andre Iguodala,,Marquis Daniels,,,,,,shooting,,
Andre Iguodala,Andre Miller,Lou Williams,Royal Ivey,Thaddeus Young,Brandon Rush,Danny Granger,Jarrett Jack,Rasho Nesterovic,Travis Diener,3,0:00,IND,sub,,,,Rasho Nesterovic,,Marquis Daniels,,,,,,,,,,,,
Andre Iguodala,Lou Williams,Reggie Evans,Royal Ivey,Thaddeus Young,Brandon Rush,Danny Granger,Jarrett Jack,Rasho Nesterovic,Travis Diener,3,0:00,PHI,sub,,,,Reggie Evans,,Andre Miller,,,,,,,,,,,,
Andre Iguodala,Lou Williams,Reggie Evans,Royal Ivey,Thaddeus Young,Brandon Rush,Danny Granger,Jarrett Jack,Rasho Nesterovic,Travis Diener,3,0:00,PHI,free throw,,,,,,,1,,2,Andre Iguodala,,,foul,made,,,,
Andre Iguodala,Lou Williams,Reggie Evans,Royal Ivey,Thaddeus Young,Brandon Rush,Danny Granger,Jarrett Jack,Rasho Nesterovic,Travis Diener,3,0:00,PHI,free throw,,,,,,,2,,2,Andre Iguodala,,,foul,missed,,,,
Andre Iguodala,Lou Williams,Reggie Evans,Royal Ivey,Thaddeus Young,Brandon Rush,Danny Granger,Jarrett Jack,Rasho Nesterovic,Travis Diener,3,0:00,IND,rebound,,,,,,,,,,Danny Granger,,,,,,def,,
Andre Iguodala,Lou Williams,Reggie Evans,Royal Ivey,Thaddeus Young,Brandon Rush,Danny Granger,Marquis Daniels,Rasho Nesterovic,Travis Diener,4,11:43,PHI,shot,,,,,,,,,,Andre Iguodala,,,,missed,,jump,9,8
Andre Iguodala,Lou Williams,Reggie Evans,Royal Ivey,Thaddeus Young,Brandon Rush,Danny Granger,Marquis Daniels,Rasho Nesterovic,Travis Diener,4,11:42,IND,rebound,,,,,,,,,,Travis Diener,,,,,,def,,
Andre Iguodala,Lou Williams,Reggie Evans,Royal Ivey,Thaddeus Young,Brandon Rush,Danny Granger,Marquis Daniels,Rasho Nesterovic,Travis Diener,4,11:35,IND,shot,,,,,,,,,,Danny Granger,,,,missed,,3pt,27,31
Andre Iguodala,Lou Williams,Reggie Evans,Royal Ivey,Thaddeus Young,Brandon Rush,Danny Granger,Marquis Daniels,Rasho Nesterovic,Travis Diener,4,11:34,PHI,rebound,,,,,,,,,,Andre Iguodala,,,,,,def,,
Andre Iguodala,Lou Williams,Reggie Evans,Royal Ivey,Thaddeus Young,Brandon Rush,Danny Granger,Marquis Daniels,Rasho Nesterovic,Travis Diener,4,11:28,PHI,shot,,,,,,,,,,Lou Williams,2,,,made,,driving layup,23,6
Andre Iguodala,Lou Williams,Reggie Evans,Royal Ivey,Thaddeus Young,Brandon Rush,Danny Granger,Marquis Daniels,Rasho Nesterovic,Travis Diener,4,11:09,PHI,foul,,,,,,,,Rasho Nesterovic,,Reggie Evans,,,,,,personal,,
Andre Iguodala,Lou Williams,Reggie Evans,Royal Ivey,Thaddeus Young,Brandon Rush,Danny Granger,Marquis Daniels,Rasho Nesterovic,Travis Diener,4,10:58,IND,shot,,,,,,,,,,Marquis Daniels,,,,missed,,jump,25,14
Andre Iguodala,Lou Williams,Reggie Evans,Royal Ivey,Thaddeus Young,Brandon Rush,Danny Granger,Marquis Daniels,Rasho Nesterovic,Travis Diener,4,10:57,PHI,rebound,,,,,,,,,,Reggie Evans,,,,,,def,,
Andre Iguodala,Lou Williams,Reggie Evans,Royal Ivey,Thaddeus Young,Brandon Rush,Danny Granger,Marquis Daniels,Rasho Nesterovic,Travis Diener,4,10:37,PHI,shot,Royal Ivey,,,,,,,,,Andre Iguodala,2,,,made,,jump,44,17
Andre Iguodala,Lou Williams,Reggie Evans,Royal Ivey,Thaddeus Young,Brandon Rush,Danny Granger,Marquis Daniels,Rasho Nesterovic,Travis Diener,4,10:24,IND,shot,Danny Granger,,,,,,,,,Rasho Nesterovic,2,,,made,,layup,23,6
Andre Iguodala,Lou Williams,Reggie Evans,Royal Ivey,Thaddeus Young,Brandon Rush,Danny Granger,Marquis Daniels,Rasho Nesterovic,Travis Diener,4,10:13,PHI,shot,,,Danny Granger,,,,,,,Lou Williams,,,,missed,,layup,24,6
Andre Iguodala,Lou Williams,Reggie Evans,Royal Ivey,Thaddeus Young,Brandon Rush,Danny Granger,Marquis Daniels,Rasho Nesterovic,Travis Diener,4,10:12,PHI,rebound,,,,,,,,,,Thaddeus Young,,,,,,off,,
Andre Iguodala,Lou Williams,Reggie Evans,Royal Ivey,Thaddeus Young,Brandon Rush,Danny Granger,Marquis Daniels,Rasho Nesterovic,Travis Diener,4,10:10,PHI,shot,,,,,,,,,,Thaddeus Young,,,,missed,,layup,24,6
Andre Iguodala,Lou Williams,Reggie Evans,Royal Ivey,Thaddeus Young,Brandon Rush,Danny Granger,Marquis Daniels,Rasho Nesterovic,Travis Diener,4,10:09,IND,rebound,,,,,,,,,,Danny Granger,,,,,,def,,
Andre Iguodala,Lou Williams,Reggie Evans,Royal Ivey,Thaddeus Young,Brandon Rush,Danny Granger,Marquis Daniels,Rasho Nesterovic,Travis Diener,4,10:04,IND,shot,Danny Granger,,,,,,,,,Marquis Daniels,2,,,made,,finger roll layup,24,8
Andre Iguodala,Lou Williams,Reggie Evans,Royal Ivey,Thaddeus Young,Brandon Rush,Danny Granger,Marquis Daniels,Rasho Nesterovic,Travis Diener,4,10:04,PHI,foul,,,,,,,,Marquis Daniels,,Royal Ivey,,,,,,shooting,,
Andre Iguodala,Lou Williams,Reggie Evans,Royal Ivey,Willie Green,Brandon Rush,Danny Granger,Marquis Daniels,Rasho Nesterovic,Travis Diener,4,10:04,PHI,sub,,,,Willie Green,,Thaddeus Young,,,,,,,,,,,,
Andre Iguodala,Lou Williams,Reggie Evans,Royal Ivey,Willie Green,Brandon Rush,Danny Granger,Marquis Daniels,Rasho Nesterovic,Travis Diener,4,10:04,IND,free throw,,,,,,,1,,1,Marquis Daniels,,,foul,missed,,,,
Andre Iguodala,Lou Williams,Reggie Evans,Royal Ivey,Willie Green,Brandon Rush,Danny Granger,Marquis Daniels,Rasho Nesterovic,Travis Diener,4,10:04,PHI,rebound,,,,,,,,,,Willie Green,,,,,,def,,
Andre Iguodala,Lou Williams,Reggie Evans,Royal Ivey,Willie Green,Brandon Rush,Danny Granger,Marquis Daniels,Rasho Nesterovic,Travis Diener,4,9:48,PHI,shot,,,,,,,,,,Willie Green,,,,missed,,jump,32,25
Andre Iguodala,Lou Williams,Reggie Evans,Royal Ivey,Willie Green,Brandon Rush,Danny Granger,Marquis Daniels,Rasho Nesterovic,Travis Diener,4,9:47,IND,rebound,,,,,,,,,,Rasho Nesterovic,,,,,,def,,
Andre Iguodala,Lou Williams,Reggie Evans,Royal Ivey,Willie Green,Brandon Rush,Danny Granger,Marquis Daniels,Rasho Nesterovic,Travis Diener,4,9:37,IND,turnover,,,,,,,,,,Danny Granger,,,out of bounds lost ball turnover,,,,,
Andre Iguodala,Lou Williams,Reggie Evans,Royal Ivey,Willie Green,Brandon Rush,Danny Granger,Marquis Daniels,Rasho Nesterovic,Travis Diener,4,9:18,IND,foul,,,,,,,,Reggie Evans,,Rasho Nesterovic,,,,,,shooting,,
Andre Iguodala,Lou Williams,Reggie Evans,Royal Ivey,Willie Green,Brandon Rush,Danny Granger,Marquis Daniels,Rasho Nesterovic,Travis Diener,4,9:18,PHI,free throw,,,,,,,1,,2,Reggie Evans,,,foul,missed,,,,
Andre Iguodala,Lou Williams,Reggie Evans,Royal Ivey,Willie Green,Brandon Rush,Danny Granger,Marquis Daniels,Rasho Nesterovic,Travis Diener,4,9:18,PHI,rebound,,,,,,,,,,,,,,,,,,
Andre Iguodala,Lou Williams,Reggie Evans,Royal Ivey,Willie Green,Brandon Rush,Jarrett Jack,Marquis Daniels,Rasho Nesterovic,Travis Diener,4,9:18,IND,sub,,,,Jarrett Jack,,Danny Granger,,,,,,,,,,,,
Andre Iguodala,Lou Williams,Reggie Evans,Royal Ivey,Willie Green,Brandon Rush,Jarrett Jack,Marquis Daniels,Rasho Nesterovic,Travis Diener,4,9:18,PHI,free throw,,,,,,,2,,2,Reggie Evans,,,foul,made,,,,
Andre Iguodala,Lou Williams,Reggie Evans,Royal Ivey,Willie Green,Brandon Rush,Jarrett Jack,Marquis Daniels,Rasho Nesterovic,Travis Diener,4,9:11,IND,turnover,,,,,,,,,,Travis Diener,,,lost ball,,Royal Ivey,,,
Andre Iguodala,Lou Williams,Reggie Evans,Royal Ivey,Willie Green,Brandon Rush,Jarrett Jack,Marquis Daniels,Rasho Nesterovic,Travis Diener,4,9:07,PHI,shot,Royal Ivey,,,,,,,,,Lou Williams,2,,,made,,slam dunk,26,5
Andre Iguodala,Lou Williams,Reggie Evans,Royal Ivey,Willie Green,Brandon Rush,Jarrett Jack,Marquis Daniels,Rasho Nesterovic,Travis Diener,4,8:49,IND,shot,Marquis Daniels,,,,,,,,,Rasho Nesterovic,2,,,made,,jump,24,26
Andre Iguodala,Lou Williams,Reggie Evans,Royal Ivey,Willie Green,Brandon Rush,Jarrett Jack,Marquis Daniels,Rasho Nesterovic,Travis Diener,4,8:38,PHI,turnover,,,,,,,,,,Lou Williams,,,bad pass,,Rasho Nesterovic,,,
Andre Iguodala,Lou Williams,Reggie Evans,Royal Ivey,Willie Green,Brandon Rush,Jarrett Jack,Marquis Daniels,Rasho Nesterovic,Travis Diener,4,8:31,IND,shot,,,,,,,,,,Brandon Rush,,,,missed,,3pt,40,27
Andre Iguodala,Lou Williams,Reggie Evans,Royal Ivey,Willie Green,Brandon Rush,Jarrett Jack,Marquis Daniels,Rasho Nesterovic,Travis Diener,4,8:30,PHI,rebound,,,,,,,,,,Willie Green,,,,,,def,,
Andre Iguodala,Lou Williams,Reggie Evans,Royal Ivey,Willie Green,Brandon Rush,Jarrett Jack,Marquis Daniels,Rasho Nesterovic,Travis Diener,4,8:24,PHI,shot,,,Rasho Nesterovic,,,,,,,Royal Ivey,,,,missed,,layup,26,7
Andre Iguodala,Lou Williams,Reggie Evans,Royal Ivey,Willie Green,Brandon Rush,Jarrett Jack,Marquis Daniels,Rasho Nesterovic,Travis Diener,4,8:22,PHI,rebound,,,,,,,,,,Reggie Evans,,,,,,off,,
Andre Iguodala,Lou Williams,Reggie Evans,Royal Ivey,Willie Green,Brandon Rush,Jarrett Jack,Marquis Daniels,Rasho Nesterovic,Travis Diener,4,8:20,PHI,shot,,,,,,,,,,Reggie Evans,,,,missed,,layup,25,6
Andre Iguodala,Lou Williams,Reggie Evans,Royal Ivey,Willie Green,Brandon Rush,Jarrett Jack,Marquis Daniels,Rasho Nesterovic,Travis Diener,4,8:20,IND,rebound,,,,,,,,,,Jarrett Jack,,,,,,def,,
Andre Iguodala,Lou Williams,Reggie Evans,Royal Ivey,Willie Green,Brandon Rush,Jarrett Jack,Marquis Daniels,Rasho Nesterovic,Travis Diener,4,8:09,IND,shot,,,,,,,,,,Marquis Daniels,,,,missed,,jump,28,11
Andre Iguodala,Lou Williams,Reggie Evans,Royal Ivey,Willie Green,Brandon Rush,Jarrett Jack,Marquis Daniels,Rasho Nesterovic,Travis Diener,4,8:08,PHI,rebound,,,,,,,,,,Reggie Evans,,,,,,def,,
Andre Iguodala,Lou Williams,Reggie Evans,Royal Ivey,Willie Green,Brandon Rush,Jarrett Jack,Marquis Daniels,Rasho Nesterovic,Travis Diener,4,7:45,PHI,turnover,,,,,,,,,,Reggie Evans,,,traveling,,,,,
Andre Iguodala,Lou Williams,Reggie Evans,Royal Ivey,Willie Green,Brandon Rush,Jarrett Jack,Marquis Daniels,Rasho Nesterovic,Travis Diener,4,7:45,OFF,timeout,,,,,,,,,,,,,,,,official,,
Andre Miller,Lou Williams,Reggie Evans,Royal Ivey,Willie Green,Brandon Rush,Jarrett Jack,Marquis Daniels,Rasho Nesterovic,Travis Diener,4,7:45,PHI,sub,,,,Andre Miller,,Andre Iguodala,,,,,,,,,,,,
Andre Miller,Lou Williams,Reggie Evans,Thaddeus Young,Willie Green,Brandon Rush,Jarrett Jack,Marquis Daniels,Rasho Nesterovic,Travis Diener,4,7:45,PHI,sub,,,,Thaddeus Young,,Royal Ivey,,,,,,,,,,,,
Andre Miller,Lou Williams,Reggie Evans,Thaddeus Young,Willie Green,Brandon Rush,Jarrett Jack,Marquis Daniels,Rasho Nesterovic,T.J. Ford,4,7:45,IND,sub,,,,T.J. Ford,,Travis Diener,,,,,,,,,,,,
Andre Miller,Lou Williams,Reggie Evans,Thaddeus Young,Willie Green,Brandon Rush,Danny Granger,Jarrett Jack,Rasho Nesterovic,T.J. Ford,4,7:45,IND,sub,,,,Danny Granger,,Marquis Daniels,,,,,,,,,,,,
Andre Miller,Lou Williams,Reggie Evans,Thaddeus Young,Willie Green,Brandon Rush,Danny Granger,Jarrett Jack,Rasho Nesterovic,T.J. Ford,4,7:26,IND,shot,,,,,,,,,,Danny Granger,,,,missed,,jump,35,24
Andre Miller,Lou Williams,Reggie Evans,Thaddeus Young,Willie Green,Brandon Rush,Danny Granger,Jarrett Jack,Rasho Nesterovic,T.J. Ford,4,7:25,PHI,rebound,,,,,,,,,,Lou Williams,,,,,,def,,
Andre Miller,Lou Williams,Reggie Evans,Thaddeus Young,Willie Green,Brandon Rush,Danny Granger,Jarrett Jack,Rasho Nesterovic,T.J. Ford,4,7:18,PHI,shot,Andre Miller,,,,,,,,,Willie Green,2,,,made,,driving finger roll layup,26,7
Andre Miller,Lou Williams,Reggie Evans,Thaddeus Young,Willie Green,Brandon Rush,Danny Granger,Jarrett Jack,Rasho Nesterovic,T.J. Ford,4,7:04,OFF,jump ball,,Willie Green,,,Jarrett Jack,,,,,,,Reggie Evans,,,,,,
Andre Miller,Lou Williams,Reggie Evans,Thaddeus Young,Willie Green,Brandon Rush,Danny Granger,Jarrett Jack,Rasho Nesterovic,T.J. Ford,4,7:04,IND,turnover,,,,,,,,,,Rasho Nesterovic,,,lost ball,,Reggie Evans,,,
Andre Miller,Lou Williams,Reggie Evans,Thaddeus Young,Willie Green,Brandon Rush,Danny Granger,Jarrett Jack,Rasho Nesterovic,T.J. Ford,4,6:46,IND,foul,,,,,,,,Lou Williams,,Rasho Nesterovic,,,,,,shooting,,
Andre Miller,Lou Williams,Reggie Evans,Thaddeus Young,Willie Green,Brandon Rush,Danny Granger,Jarrett Jack,Rasho Nesterovic,T.J. Ford,4,6:46,PHI,free throw,,,,,,,1,,2,Lou Williams,,,foul,made,,,,
Andre Miller,Lou Williams,Reggie Evans,Thaddeus Young,Willie Green,Danny Granger,Jarrett Jack,Marquis Daniels,Rasho Nesterovic,T.J. Ford,4,6:46,IND,sub,,,,Marquis Daniels,,Brandon Rush,,,,,,,,,,,,
Andre Miller,Lou Williams,Reggie Evans,Thaddeus Young,Willie Green,Danny Granger,Jarrett Jack,Marquis Daniels,T.J. Ford,Troy Murphy,4,6:46,IND,sub,,,,Troy Murphy,,Rasho Nesterovic,,,,,,,,,,,,
Andre Miller,Lou Williams,Reggie Evans,Thaddeus Young,Willie Green,Danny Granger,Jarrett Jack,Marquis Daniels,T.J. Ford,Troy Murphy,4,6:46,PHI,free throw,,,,,,,2,,2,Lou Williams,,,foul,made,,,,
Andre Miller,Lou Williams,Reggie Evans,Thaddeus Young,Willie Green,Danny Granger,Jarrett Jack,Marquis Daniels,T.J. Ford,Troy Murphy,4,6:35,IND,foul,,,,,,,,Andre Miller,,Troy Murphy,,,,,,offensive,,
Andre Miller,Lou Williams,Reggie Evans,Thaddeus Young,Willie Green,Danny Granger,Jarrett Jack,Marquis Daniels,T.J. Ford,Troy Murphy,4,6:35,IND,turnover,,,,,,,,,,Troy Murphy,,,foul,,,,,
Andre Miller,Lou Williams,Reggie Evans,Thaddeus Young,Willie Green,Danny Granger,Jarrett Jack,Marquis Daniels,T.J. Ford,Troy Murphy,4,6:24,PHI,shot,,,,,,,,,,Lou Williams,,,,missed,,jump,23,26
Andre Miller,Lou Williams,Reggie Evans,Thaddeus Young,Willie Green,Danny Granger,Jarrett Jack,Marquis Daniels,T.J. Ford,Troy Murphy,4,6:23,PHI,rebound,,,,,,,,,,Reggie Evans,,,,,,off,,
Andre Miller,Lou Williams,Reggie Evans,Thaddeus Young,Willie Green,Danny Granger,Jarrett Jack,Marquis Daniels,T.J. Ford,Troy Murphy,4,6:13,IND,foul,,,,,,,,Reggie Evans,,Jarrett Jack,,,,,,shooting,,
Andre Miller,Lou Williams,Reggie Evans,Thaddeus Young,Willie Green,Danny Granger,Jarrett Jack,Marquis Daniels,T.J. Ford,Troy Murphy,4,6:13,PHI,free throw,,,,,,,1,,2,Reggie Evans,,,foul,made,,,,
Andre Miller,Lou Williams,Reggie Evans,Thaddeus Young,Willie Green,Danny Granger,Jarrett Jack,Marquis Daniels,T.J. Ford,Troy Murphy,4,6:13,PHI,free throw,,,,,,,2,,2,Reggie Evans,,,foul,made,,,,
Andre Miller,Lou Williams,Reggie Evans,Thaddeus Young,Willie Green,Danny Granger,Jarrett Jack,Marquis Daniels,T.J. Ford,Troy Murphy,4,5:59,PHI,foul,,,,,,,,Danny Granger,,Thaddeus Young,,,,,,personal,,
Andre Miller,Lou Williams,Reggie Evans,Thaddeus Young,Willie Green,Danny Granger,Jarrett Jack,Marquis Daniels,T.J. Ford,Troy Murphy,4,5:59,IND,timeout,,,,,,,,,,,,,,,,regular,,
Andre Miller,Lou Williams,Reggie Evans,Thaddeus Young,Willie Green,Danny Granger,Jarrett Jack,Marquis Daniels,T.J. Ford,Troy Murphy,4,5:52,IND,shot,,,,,,,,,,Danny Granger,,,,missed,,3pt,24,31
Andre Miller,Lou Williams,Reggie Evans,Thaddeus Young,Willie Green,Danny Granger,Jarrett Jack,Marquis Daniels,T.J. Ford,Troy Murphy,4,5:51,PHI,rebound,,,,,,,,,,Reggie Evans,,,,,,def,,
Andre Miller,Lou Williams,Reggie Evans,Thaddeus Young,Willie Green,Danny Granger,Jarrett Jack,Marquis Daniels,T.J. Ford,Troy Murphy,4,5:31,IND,foul,,,,,,,,Willie Green,,Danny Granger,,,,,,shooting,,
Andre Miller,Lou Williams,Reggie Evans,Thaddeus Young,Willie Green,Danny Granger,Jarrett Jack,Marquis Daniels,T.J. Ford,Troy Murphy,4,5:31,PHI,free throw,,,,,,,1,,2,Willie Green,,,foul,made,,,,
Andre Iguodala,Andre Miller,Reggie Evans,Thaddeus Young,Willie Green,Danny Granger,Jarrett Jack,Marquis Daniels,T.J. Ford,Troy Murphy,4,5:31,PHI,sub,,,,Andre Iguodala,,Lou Williams,,,,,,,,,,,,
Andre Iguodala,Andre Miller,Reggie Evans,Thaddeus Young,Willie Green,Danny Granger,Jarrett Jack,Marquis Daniels,T.J. Ford,Troy Murphy,4,5:31,PHI,free throw,,,,,,,2,,2,Willie Green,,,foul,made,,,,
Andre Iguodala,Andre Miller,Reggie Evans,Thaddeus Young,Willie Green,Danny Granger,Jarrett Jack,Marquis Daniels,T.J. Ford,Troy Murphy,4,5:17,IND,shot,,,,,,,,,,T.J. Ford,,,,missed,,layup,25,7
Andre Iguodala,Andre Miller,Reggie Evans,Thaddeus Young,Willie Green,Danny Granger,Jarrett Jack,Marquis Daniels,T.J. Ford,Troy Murphy,4,5:16,PHI,rebound,,,,,,,,,,Andre Iguodala,,,,,,def,,
Andre Iguodala,Andre Miller,Reggie Evans,Thaddeus Young,Willie Green,Danny Granger,Jarrett Jack,Marquis Daniels,T.J. Ford,Troy Murphy,4,5:00,PHI,shot,,,,,,,,,,Willie Green,2,,,made,,layup,24,6
Andre Iguodala,Andre Miller,Reggie Evans,Thaddeus Young,Willie Green,Danny Granger,Jarrett Jack,Marquis Daniels,T.J. Ford,Troy Murphy,4,5:00,IND,timeout,,,,,,,,,,,,,,,,short,,
Andre Iguodala,Andre Miller,Reggie Evans,Thaddeus Young,Willie Green,Danny Granger,Jarrett Jack,Marquis Daniels,T.J. Ford,Troy Murphy,4,4:53,IND,shot,T.J. Ford,,,,,,,,,Troy Murphy,3,,,made,,3pt,15,30
Andre Iguodala,Andre Miller,Reggie Evans,Thaddeus Young,Willie Green,Danny Granger,Jarrett Jack,Marquis Daniels,T.J. Ford,Troy Murphy,4,4:28,PHI,shot,,,,,,,,,,Andre Iguodala,,,,missed,,jump,23,10
Andre Iguodala,Andre Miller,Reggie Evans,Thaddeus Young,Willie Green,Danny Granger,Jarrett Jack,Marquis Daniels,T.J. Ford,Troy Murphy,4,4:27,IND,rebound,,,,,,,,,,Marquis Daniels,,,,,,def,,
Andre Iguodala,Andre Miller,Reggie Evans,Thaddeus Young,Willie Green,Danny Granger,Jarrett Jack,Marquis Daniels,T.J. Ford,Troy Murphy,4,4:21,IND,turnover,,,,,,,,,,Jarrett Jack,,,lost ball,,Thaddeus Young,,,
Andre Iguodala,Andre Miller,Reggie Evans,Thaddeus Young,Willie Green,Danny Granger,Jarrett Jack,Marquis Daniels,T.J. Ford,Troy Murphy,4,4:18,PHI,shot,,,,,,,,,,Andre Iguodala,2,,,made,,running jump,31,12
Andre Iguodala,Andre Miller,Reggie Evans,Thaddeus Young,Willie Green,Danny Granger,Jarrett Jack,Marquis Daniels,T.J. Ford,Troy Murphy,4,4:18,IND,foul,,,,,,,,Andre Iguodala,,Marquis Daniels,,,,,,shooting,,
Andre Iguodala,Andre Miller,Reggie Evans,Thaddeus Young,Willie Green,Danny Granger,Jarrett Jack,Marquis Daniels,T.J. Ford,Troy Murphy,4,4:18,PHI,free throw,,,,,,,1,,1,Andre Iguodala,,,foul,made,,,,
Andre Iguodala,Andre Miller,Reggie Evans,Thaddeus Young,Willie Green,Danny Granger,Jarrett Jack,Marquis Daniels,T.J. Ford,Troy Murphy,4,4:03,IND,shot,,,,,,,,,,Danny Granger,,,,missed,,3pt,14,29
Andre Iguodala,Andre Miller,Reggie Evans,Thaddeus Young,Willie Green,Danny Granger,Jarrett Jack,Marquis Daniels,T.J. Ford,Troy Murphy,4,4:02,IND,rebound,,,,,,,,,,Jarrett Jack,,,,,,off,,
Andre Iguodala,Andre Miller,Reggie Evans,Thaddeus Young,Willie Green,Danny Granger,Jarrett Jack,Marquis Daniels,T.J. Ford,Troy Murphy,4,3:44,IND,shot,Jarrett Jack,,,,,,,,,Troy Murphy,2,,,made,,jump,39,19
Andre Iguodala,Andre Miller,Reggie Evans,Thaddeus Young,Willie Green,Danny Granger,Jarrett Jack,Marquis Daniels,T.J. Ford,Troy Murphy,4,3:19,PHI,shot,,,,,,,,,,Willie Green,,,,missed,,3pt,42,24
Andre Iguodala,Andre Miller,Reggie Evans,Thaddeus Young,Willie Green,Danny Granger,Jarrett Jack,Marquis Daniels,T.J. Ford,Troy Murphy,4,3:18,IND,rebound,,,,,,,,,,Jarrett Jack,,,,,,def,,
Andre Iguodala,Andre Miller,Reggie Evans,Thaddeus Young,Willie Green,Danny Granger,Jarrett Jack,Marquis Daniels,T.J. Ford,Troy Murphy,4,3:11,IND,shot,,,,,,,,,,Danny Granger,2,,,made,,layup,23,7
Andre Iguodala,Andre Miller,Reggie Evans,Thaddeus Young,Willie Green,Danny Granger,Jarrett Jack,Marquis Daniels,T.J. Ford,Troy Murphy,4,3:10,PHI,timeout,,,,,,,,,,,,,,,,regular,,
Andre Iguodala,Andre Miller,Lou Williams,Reggie Evans,Thaddeus Young,Danny Granger,Jarrett Jack,Marquis Daniels,T.J. Ford,Troy Murphy,4,3:10,PHI,sub,,,,Lou Williams,,Willie Green,,,,,,,,,,,,
Andre Iguodala,Andre Miller,Lou Williams,Reggie Evans,Thaddeus Young,Danny Granger,Jarrett Jack,Marquis Daniels,T.J. Ford,Troy Murphy,4,2:54,PHI,shot,,,,,,,,,,Lou Williams,,,,missed,,3pt,48,16
Andre Iguodala,Andre Miller,Lou Williams,Reggie Evans,Thaddeus Young,Danny Granger,Jarrett Jack,Marquis Daniels,T.J. Ford,Troy Murphy,4,2:53,PHI,rebound,,,,,,,,,,Lou Williams,,,,,,off,,
Andre Iguodala,Andre Miller,Lou Williams,Reggie Evans,Thaddeus Young,Danny Granger,Jarrett Jack,Marquis Daniels,T.J. Ford,Troy Murphy,4,2:50,PHI,shot,,,,,,,,,,Lou Williams,,,,missed,,3pt,48,3
Andre Iguodala,Andre Miller,Lou Williams,Reggie Evans,Thaddeus Young,Danny Granger,Jarrett Jack,Marquis Daniels,T.J. Ford,Troy Murphy,4,2:49,IND,rebound,,,,,,,,,,Danny Granger,,,,,,def,,
Andre Iguodala,Andre Miller,Lou Williams,Reggie Evans,Thaddeus Young,Danny Granger,Jarrett Jack,Marquis Daniels,T.J. Ford,Troy Murphy,4,2:44,IND,turnover,,,,,,,,,,Danny Granger,,,lost ball,,Thaddeus Young,,,
Andre Iguodala,Andre Miller,Lou Williams,Reggie Evans,Thaddeus Young,Danny Granger,Jarrett Jack,Marquis Daniels,T.J. Ford,Troy Murphy,4,2:44,IND,foul,,,,,,,,Thaddeus Young,,Danny Granger,,,,,,shooting,,
Andre Iguodala,Andre Miller,Lou Williams,Reggie Evans,Thaddeus Young,Danny Granger,Jarrett Jack,Marquis Daniels,T.J. Ford,Troy Murphy,4,2:44,PHI,free throw,,,,,,,1,,2,Thaddeus Young,,,foul,missed,,,,
Andre Iguodala,Andre Miller,Lou Williams,Reggie Evans,Thaddeus Young,Danny Granger,Jarrett Jack,Marquis Daniels,T.J. Ford,Troy Murphy,4,2:44,PHI,rebound,,,,,,,,,,,,,,,,,,
Andre Iguodala,Andre Miller,Lou Williams,Reggie Evans,Thaddeus Young,Danny Granger,Jarrett Jack,Marquis Daniels,T.J. Ford,Troy Murphy,4,2:44,PHI,free throw,,,,,,,2,,2,Thaddeus Young,,,foul,missed,,,,
Andre Iguodala,Andre Miller,Lou Williams,Reggie Evans,Thaddeus Young,Danny Granger,Jarrett Jack,Marquis Daniels,T.J. Ford,Troy Murphy,4,2:43,IND,rebound,,,,,,,,,,Danny Granger,,,,,,def,,
Andre Iguodala,Andre Miller,Lou Williams,Reggie Evans,Thaddeus Young,Danny Granger,Jarrett Jack,Marquis Daniels,T.J. Ford,Troy Murphy,4,2:28,IND,turnover,,,,,,,,,,Danny Granger,,,lost ball,,Andre Miller,,,
Andre Iguodala,Andre Miller,Lou Williams,Reggie Evans,Thaddeus Young,Danny Granger,Jarrett Jack,Marquis Daniels,T.J. Ford,Troy Murphy,4,2:25,IND,foul,,,,,,,,Thaddeus Young,,T.J. Ford,,,,,,shooting,,
Andre Iguodala,Andre Miller,Lou Williams,Reggie Evans,Thaddeus Young,Danny Granger,Jarrett Jack,Marquis Daniels,T.J. Ford,Troy Murphy,4,2:25,PHI,free throw,,,,,,,1,,1,Thaddeus Young,,,foul,made,,,,
Andre Iguodala,Andre Miller,Donyell Marshall,Lou Williams,Thaddeus Young,Danny Granger,Jarrett Jack,Marquis Daniels,T.J. Ford,Troy Murphy,4,2:25,PHI,sub,,,,Donyell Marshall,,Reggie Evans,,,,,,,,,,,,
Andre Iguodala,Andre Miller,Donyell Marshall,Lou Williams,Thaddeus Young,Danny Granger,Jarrett Jack,Marquis Daniels,T.J. Ford,Troy Murphy,4,2:25,PHI,shot,Andre Iguodala,,,,,,,,,Thaddeus Young,2,,,made,,layup,24,6
Andre Iguodala,Andre Miller,Donyell Marshall,Lou Williams,Thaddeus Young,Danny Granger,Jarrett Jack,Marquis Daniels,T.J. Ford,Troy Murphy,4,2:25,IND,violation,,,,,,,,,,Danny Granger,,,,,,defensive goaltending,,
Andre Iguodala,Andre Miller,Donyell Marshall,Lou Williams,Thaddeus Young,Danny Granger,Jarrett Jack,Marquis Daniels,T.J. Ford,Troy Murphy,4,2:14,IND,shot,,,,,,,,,,T.J. Ford,2,,,made,,driving layup,24,6
Andre Iguodala,Andre Miller,Donyell Marshall,Lou Williams,Thaddeus Young,Danny Granger,Jarrett Jack,Marquis Daniels,T.J. Ford,Troy Murphy,4,2:03,PHI,shot,,,,,,,,,,Lou Williams,,,,missed,,3pt,36,30
Andre Iguodala,Andre Miller,Donyell Marshall,Lou Williams,Thaddeus Young,Danny Granger,Jarrett Jack,Marquis Daniels,T.J. Ford,Troy Murphy,4,2:02,IND,rebound,,,,,,,,,,,,,,,,,,
Andre Iguodala,Andre Miller,Donyell Marshall,Lou Williams,Thaddeus Young,Danny Granger,Jarrett Jack,Marquis Daniels,T.J. Ford,Troy Murphy,4,1:41,IND,shot,T.J. Ford,,,,,,,,,Troy Murphy,3,,,made,,3pt,26,33
Andre Iguodala,Andre Miller,Donyell Marshall,Lou Williams,Thaddeus Young,Danny Granger,Jarrett Jack,Marquis Daniels,T.J. Ford,Troy Murphy,4,1:31,PHI,shot,,,,,,,,,,Donyell Marshall,,,,missed,,3pt,48,5
Andre Iguodala,Andre Miller,Donyell Marshall,Lou Williams,Thaddeus Young,Danny Granger,Jarrett Jack,Marquis Daniels,T.J. Ford,Troy Murphy,4,1:29,IND,rebound,,,,,,,,,,Jarrett Jack,,,,,,def,,
Andre Iguodala,Andre Miller,Donyell Marshall,Lou Williams,Thaddeus Young,Danny Granger,Jarrett Jack,Marquis Daniels,T.J. Ford,Troy Murphy,4,1:05,IND,shot,,,,,,,,,,Marquis Daniels,,,,missed,,layup,23,7
Andre Iguodala,Andre Miller,Donyell Marshall,Lou Williams,Thaddeus Young,Danny Granger,Jarrett Jack,Marquis Daniels,T.J. Ford,Troy Murphy,4,1:04,IND,rebound,,,,,,,,,,Troy Murphy,,,,,,off,,
Andre Iguodala,Andre Miller,Donyell Marshall,Lou Williams,Thaddeus Young,Danny Granger,Jarrett Jack,Marquis Daniels,T.J. Ford,Troy Murphy,4,1:04,PHI,timeout,,,,,,,,,,,,,,,,regular,,
Andre Iguodala,Donyell Marshall,Lou Williams,Royal Ivey,Thaddeus Young,Danny Granger,Jarrett Jack,Marquis Daniels,T.J. Ford,Troy Murphy,4,1:04,PHI,sub,,,,Royal Ivey,,Andre Miller,,,,,,,,,,,,
Andre Iguodala,Donyell Marshall,Lou Williams,Royal Ivey,Thaddeus Young,Danny Granger,Jarrett Jack,Marquis Daniels,T.J. Ford,Troy Murphy,4,1:04,IND,turnover,,,,,,,,,,Troy Murphy,,,out of bounds lost ball turnover,,,,,
Andre Iguodala,Donyell Marshall,Lou Williams,Royal Ivey,Thaddeus Young,Danny Granger,Jarrett Jack,Marquis Daniels,T.J. Ford,Troy Murphy,4,0:57,PHI,shot,,,,,,,,,,Lou Williams,2,,,made,,driving layup,24,6
Andre Iguodala,Donyell Marshall,Lou Williams,Royal Ivey,Thaddeus Young,Danny Granger,Jarrett Jack,Marquis Daniels,T.J. Ford,Troy Murphy,4,0:36,IND,shot,,,,,,,,,,T.J. Ford,2,,,made,,jump,24,21
Andre Iguodala,Donyell Marshall,Lou Williams,Royal Ivey,Thaddeus Young,Danny Granger,Jarrett Jack,Marquis Daniels,T.J. Ford,Troy Murphy,4,0:29,PHI,shot,Lou Williams,,,,,,,,,Donyell Marshall,3,,,made,,3pt,29,30
Andre Iguodala,Donyell Marshall,Lou Williams,Royal Ivey,Thaddeus Young,Danny Granger,Jarrett Jack,Marquis Daniels,T.J. Ford,Troy Murphy,4,0:05,IND,shot,,,,,,,,,,T.J. Ford,,,,missed,,jump,13,20
Andre Iguodala,Donyell Marshall,Lou Williams,Royal Ivey,Thaddeus Young,Danny Granger,Jarrett Jack,Marquis Daniels,T.J. Ford,Troy Murphy,4,0:04,PHI,rebound,,,,,,,,,,Donyell Marshall,,,,,,def,,
