a1,a2,a3,a4,a5,h1,h2,h3,h4,h5,period,time,team,etype,assist,away,block,entered,home,left,num,opponent,outof,player,points,possession,reason,result,steal,type,x,y
Al Thornton,Baron Davis,Eric Gordon,Marcus Camby,Zach Randolph,Darko Milicic,Marc Gasol,Mike Conley,O.J. Mayo,Rudy Gay,1,12:00,OFF,jump ball,,Marcus Camby,,,Darko Milicic,,,,,,,Memphis,,,,,,
Al Thornton,Baron Davis,Eric Gordon,Marcus Camby,Zach Randolph,Darko Milicic,Marc Gasol,Mike Conley,O.J. Mayo,Rudy Gay,1,12:00,LAC,violation,,,,,,,,,,Marcus Camby,,,,,,jump ball,,
Al Thornton,Baron Davis,Eric Gordon,Marcus Camby,Zach Randolph,Darko Milicic,Marc Gasol,Mike Conley,O.J. Mayo,Rudy Gay,1,11:51,MEM,turnover,,,,,,,,,,Rudy Gay,,,step out of bounds turnover,,,,,
Al Thornton,Baron Davis,Eric Gordon,Marcus Camby,Zach Randolph,Darko Milicic,Marc Gasol,Mike Conley,O.J. Mayo,Rudy Gay,1,11:40,LAC,shot,Baron Davis,,,,,,,,,Zach Randolph,2,,,made,,jump,39,20
Al Thornton,Baron Davis,Eric Gordon,Marcus Camby,Zach Randolph,Darko Milicic,Marc Gasol,Mike Conley,O.J. Mayo,Rudy Gay,1,11:19,MEM,shot,,,,,,,,,,Rudy Gay,2,,,made,,pullup jump,23,18
Al Thornton,Baron Davis,Eric Gordon,Marcus Camby,Zach Randolph,Darko Milicic,Marc Gasol,Mike Conley,O.J. Mayo,Rudy Gay,1,11:03,MEM,foul,,,,,,,,Baron Davis,,Mike Conley,,,,,,personal,,
Al Thornton,Baron Davis,Eric Gordon,Marcus Camby,Zach Randolph,Darko Milicic,Marc Gasol,Mike Conley,O.J. Mayo,Rudy Gay,1,10:48,LAC,shot,,,,,,,,,,Baron Davis,,,,missed,,step back jump,44,13
Al Thornton,Baron Davis,Eric Gordon,Marcus Camby,Zach Randolph,Darko Milicic,Marc Gasol,Mike Conley,O.J. Mayo,Rudy Gay,1,10:45,MEM,rebound,,,,,,,,,,Rudy Gay,,,,,,def,,
Al Thornton,Baron Davis,Eric Gordon,Marcus Camby,Zach Randolph,Darko Milicic,Marc Gasol,Mike Conley,O.J. Mayo,Rudy Gay,1,10:36,MEM,shot,,,,,,,,,,Marc Gasol,,,,missed,,jump,20,12
Al Thornton,Baron Davis,Eric Gordon,Marcus Camby,Zach Randolph,Darko Milicic,Marc Gasol,Mike Conley,O.J. Mayo,Rudy Gay,1,10:34,LAC,rebound,,,,,,,,,,Baron Davis,,,,,,def,,
Al Thornton,Baron Davis,Eric Gordon,Marcus Camby,Zach Randolph,Darko Milicic,Marc Gasol,Mike Conley,O.J. Mayo,Rudy Gay,1,10:30,MEM,foul,,,,,,,,Marcus Camby,,O.J. Mayo,,,,,,shooting,,
Al Thornton,Baron Davis,Eric Gordon,Marcus Camby,Zach Randolph,Darko Milicic,Marc Gasol,Mike Conley,O.J. Mayo,Rudy Gay,1,10:30,LAC,free throw,,,,,,,1,,2,Marcus Camby,,,foul,missed,,,,
Al Thornton,Baron Davis,Eric Gordon,Marcus Camby,Zach Randolph,Darko Milicic,Marc Gasol,Mike Conley,O.J. Mayo,Rudy Gay,1,10:30,LAC,rebound,,,,,,,,,,,,,,,,,,
Al Thornton,Baron Davis,Eric Gordon,Marcus Camby,Zach Randolph,Darko Milicic,Marc Gasol,Mike Conley,O.J. Mayo,Rudy Gay,1,10:30,LAC,free throw,,,,,,,2,,2,Marcus Camby,,,foul,made,,,,
Al Thornton,Baron Davis,Eric Gordon,Marcus Camby,Zach Randolph,Darko Milicic,Marc Gasol,Mike Conley,O.J. Mayo,Rudy Gay,1,10:18,MEM,turnover,,,,,,,,,,Rudy Gay,,,lost ball,,Al Thornton,,,
Al Thornton,Baron Davis,Eric Gordon,Marcus Camby,Zach Randolph,Darko Milicic,Marc Gasol,Mike Conley,O.J. Mayo,Rudy Gay,1,10:18,MEM,foul,,,,,,,,Al Thornton,,Rudy Gay,,,,,,loose ball,,
Al Thornton,Baron Davis,Eric Gordon,Marcus Camby,Zach Randolph,Darko Milicic,Marc Gasol,Mike Conley,O.J. Mayo,Rudy Gay,1,10:06,LAC,shot,,,,,,,,,,Baron Davis,,,,missed,,jump bank,24,11
Al Thornton,Baron Davis,Eric Gordon,Marcus Camby,Zach Randolph,Darko Milicic,Marc Gasol,Mike Conley,O.J. Mayo,Rudy Gay,1,10:03,MEM,rebound,,,,,,,,,,Mike Conley,,,,,,def,,
Al Thornton,Baron Davis,Eric Gordon,Marcus Camby,Zach Randolph,Darko Milicic,Marc Gasol,Mike Conley,O.J. Mayo,Rudy Gay,1,9:58,MEM,shot,,,,,,,,,,O.J. Mayo,,,,missed,,jump,41,17
Al Thornton,Baron Davis,Eric Gordon,Marcus Camby,Zach Randolph,Darko Milicic,Marc Gasol,Mike Conley,O.J. Mayo,Rudy Gay,1,9:57,LAC,rebound,,,,,,,,,,Marcus Camby,,,,,,def,,
Al Thornton,Baron Davis,Eric Gordon,Marcus Camby,Zach Randolph,Darko Milicic,Marc Gasol,Mike Conley,O.J. Mayo,Rudy Gay,1,9:48,LAC,shot,,,,,,,,,,Al Thornton,2,,,made,,reverse dunk,25,6
Al Thornton,Baron Davis,Eric Gordon,Marcus Camby,Zach Randolph,Darko Milicic,Marc Gasol,Mike Conley,O.J. Mayo,Rudy Gay,1,9:26,MEM,shot,,,,,,,,,,Darko Milicic,2,,,made,,jump,20,11
Al Thornton,Baron Davis,Eric Gordon,Marcus Camby,Zach Randolph,Darko Milicic,Marc Gasol,Mike Conley,O.J. Mayo,Rudy Gay,1,9:06,LAC,shot,,,,,,,,,,Zach Randolph,,,,missed,,3pt,20,31
Al Thornton,Baron Davis,Eric Gordon,Marcus Camby,Zach Randolph,Darko Milicic,Marc Gasol,Mike Conley,O.J. Mayo,Rudy Gay,1,9:05,MEM,rebound,,,,,,,,,,O.J. Mayo,,,,,,def,,
Al Thornton,Baron Davis,Eric Gordon,Marcus Camby,Zach Randolph,Darko Milicic,Marc Gasol,Mike Conley,O.J. Mayo,Rudy Gay,1,8:54,MEM,shot,,,,,,,,,,Darko Milicic,2,,,made,,layup,25,6
Al Thornton,Baron Davis,Eric Gordon,Marcus Camby,Zach Randolph,Darko Milicic,Marc Gasol,Mike Conley,O.J. Mayo,Rudy Gay,1,8:37,MEM,foul,,,,,,,,Baron Davis,,Darko Milicic,,,,,,personal,,
Al Thornton,Baron Davis,Eric Gordon,Marcus Camby,Zach Randolph,Darko Milicic,Marc Gasol,Mike Conley,O.J. Mayo,Rudy Gay,1,8:30,LAC,shot,,,,,,,,,,Zach Randolph,2,,,made,,driving layup,25,6
Al Thornton,Baron Davis,Eric Gordon,Marcus Camby,Zach Randolph,Darko Milicic,Marc Gasol,Mike Conley,O.J. Mayo,Rudy Gay,1,8:30,MEM,foul,,,,,,,,Zach Randolph,,Darko Milicic,,,,,,shooting,,
Al Thornton,Baron Davis,Eric Gordon,Marcus Camby,Zach Randolph,Darko Milicic,Marc Gasol,Mike Conley,O.J. Mayo,Rudy Gay,1,8:30,LAC,free throw,,,,,,,1,,1,Zach Randolph,,,foul,made,,,,
Al Thornton,Baron Davis,Eric Gordon,Marcus Camby,Zach Randolph,Darko Milicic,Marc Gasol,Mike Conley,O.J. Mayo,Rudy Gay,1,8:18,MEM,shot,,,,,,,,,,Mike Conley,,,,missed,,jump,36,22
Al Thornton,Baron Davis,Eric Gordon,Marcus Camby,Zach Randolph,Darko Milicic,Marc Gasol,Mike Conley,O.J. Mayo,Rudy Gay,1,8:17,MEM,rebound,,,,,,,,,,Darko Milicic,,,,,,off,,
Al Thornton,Baron Davis,Eric Gordon,Marcus Camby,Zach Randolph,Darko Milicic,Marc Gasol,Mike Conley,O.J. Mayo,Rudy Gay,1,8:14,MEM,shot,,,,,,,,,,Mike Conley,,,,missed,,3pt,39,28
Al Thornton,Baron Davis,Eric Gordon,Marcus Camby,Zach Randolph,Darko Milicic,Marc Gasol,Mike Conley,O.J. Mayo,Rudy Gay,1,8:13,LAC,rebound,,,,,,,,,,Marcus Camby,,,,,,def,,
Al Thornton,Baron Davis,Eric Gordon,Marcus Camby,Zach Randolph,Darko Milicic,Marc Gasol,Mike Conley,O.J. Mayo,Rudy Gay,1,8:07,LAC,turnover,,,,,,,,,,Marcus Camby,,,lost ball,,Mike Conley,,,
Al Thornton,Baron Davis,Eric Gordon,Marcus Camby,Zach Randolph,Darko Milicic,Marc Gasol,Mike Conley,O.J. Mayo,Rudy Gay,1,8:03,MEM,shot,Mike Conley,,,,,,,,,O.J. Mayo,2,,,made,,alley oop dunk,25,6
Al Thornton,Baron Davis,Eric Gordon,Marcus Camby,Zach Randolph,Darko Milicic,Marc Gasol,Mike Conley,O.J. Mayo,Rudy Gay,1,7:58,MEM,foul,,,,,,,,Eric Gordon,,Darko Milicic,,,,,,shooting,,
Al Thornton,Baron Davis,Eric Gordon,Marcus Camby,Zach Randolph,Hakim Warrick,Marc Gasol,Mike Conley,O.J. Mayo,Rudy Gay,1,7:58,MEM,sub,,,,Hakim Warrick,,Darko Milicic,,,,,,,,,,,,
Al Thornton,Baron Davis,Eric Gordon,Marcus Camby,Zach Randolph,Hakim Warrick,Marc Gasol,Mike Conley,O.J. Mayo,Rudy Gay,1,7:58,LAC,free throw,,,,,,,1,,2,Eric Gordon,,,foul,made,,,,
Al Thornton,Baron Davis,Eric Gordon,Marcus Camby,Zach Randolph,Hakim Warrick,Marc Gasol,Mike Conley,O.J. Mayo,Rudy Gay,1,7:58,LAC,free throw,,,,,,,2,,2,Eric Gordon,,,foul,made,,,,
Al Thornton,Baron Davis,Eric Gordon,Marcus Camby,Zach Randolph,Hakim Warrick,Marc Gasol,Mike Conley,O.J. Mayo,Rudy Gay,1,7:44,MEM,turnover,,,,,,,,,,O.J. Mayo,,,lost ball,,Al Thornton,,,
Al Thornton,Baron Davis,Eric Gordon,Marcus Camby,Zach Randolph,Hakim Warrick,Marc Gasol,Mike Conley,O.J. Mayo,Rudy Gay,1,7:35,LAC,shot,,,,,,,,,,Marcus Camby,,,,missed,,jump,25,26
Al Thornton,Baron Davis,Eric Gordon,Marcus Camby,Zach Randolph,Hakim Warrick,Marc Gasol,Mike Conley,O.J. Mayo,Rudy Gay,1,7:34,MEM,rebound,,,,,,,,,,O.J. Mayo,,,,,,def,,
Al Thornton,Baron Davis,Eric Gordon,Marcus Camby,Zach Randolph,Hakim Warrick,Marc Gasol,Mike Conley,O.J. Mayo,Rudy Gay,1,7:21,MEM,shot,,,,,,,,,,Hakim Warrick,,,,missed,,3pt,48,8
Al Thornton,Baron Davis,Eric Gordon,Marcus Camby,Zach Randolph,Hakim Warrick,Marc Gasol,Mike Conley,O.J. Mayo,Rudy Gay,1,7:20,LAC,rebound,,,,,,,,,,Al Thornton,,,,,,def,,
Al Thornton,Baron Davis,Eric Gordon,Marcus Camby,Zach Randolph,Hakim Warrick,Marc Gasol,Mike Conley,O.J. Mayo,Rudy Gay,1,7:03,LAC,shot,,,,,,,,,,Marcus Camby,2,,,made,,running jump,18,14
Al Thornton,Baron Davis,Eric Gordon,Marcus Camby,Zach Randolph,Hakim Warrick,Marc Gasol,Mike Conley,O.J. Mayo,Rudy Gay,1,6:58,MEM,timeout,,,,,,,,,,,,,,,,regular,,
Al Thornton,Baron Davis,Eric Gordon,Marcus Camby,Zach Randolph,Hakim Warrick,Marc Gasol,Mike Conley,O.J. Mayo,Rudy Gay,1,6:49,MEM,turnover,,,,,,,,,,Marc Gasol,,,traveling,,,,,
Al Thornton,Baron Davis,Eric Gordon,Marcus Camby,Zach Randolph,Hakim Warrick,Marc Gasol,Mike Conley,O.J. Mayo,Rudy Gay,1,6:29,LAC,shot,,,,,,,,,,Zach Randolph,,,,missed,,jump,46,9
Al Thornton,Baron Davis,Eric Gordon,Marcus Camby,Zach Randolph,Hakim Warrick,Marc Gasol,Mike Conley,O.J. Mayo,Rudy Gay,1,6:28,MEM,rebound,,,,,,,,,,O.J. Mayo,,,,,,def,,
Al Thornton,Baron Davis,Eric Gordon,Marcus Camby,Zach Randolph,Hakim Warrick,Marc Gasol,Mike Conley,O.J. Mayo,Rudy Gay,1,6:24,LAC,foul,,,,,,,,Hakim Warrick,,Baron Davis,,,,,,shooting,,
Al Thornton,Baron Davis,Eric Gordon,Marcus Camby,Zach Randolph,Hakim Warrick,Marc Gasol,Mike Conley,O.J. Mayo,Rudy Gay,1,6:24,MEM,free throw,,,,,,,1,,2,Hakim Warrick,,,foul,made,,,,
Al Thornton,Baron Davis,Eric Gordon,Marcus Camby,Zach Randolph,Hakim Warrick,Marc Gasol,Mike Conley,O.J. Mayo,Rudy Gay,1,6:24,MEM,free throw,,,,,,,2,,2,Hakim Warrick,,,foul,made,,,,
Al Thornton,Baron Davis,Eric Gordon,Marcus Camby,Zach Randolph,Hakim Warrick,Marc Gasol,Mike Conley,O.J. Mayo,Rudy Gay,1,6:04,LAC,turnover,,,,,,,,,,Marcus Camby,,,out of bounds lost ball turnover,,,,,
Al Thornton,Baron Davis,Eric Gordon,Marcus Camby,Zach Randolph,Hakim Warrick,Marc Gasol,Mike Conley,O.J. Mayo,Rudy Gay,1,5:51,MEM,shot,,,,,,,,,,Mike Conley,,,,missed,,3pt,32,30
Al Thornton,Baron Davis,Eric Gordon,Marcus Camby,Zach Randolph,Hakim Warrick,Marc Gasol,Mike Conley,O.J. Mayo,Rudy Gay,1,5:50,LAC,rebound,,,,,,,,,,Marcus Camby,,,,,,def,,
Al Thornton,Baron Davis,Eric Gordon,Marcus Camby,Zach Randolph,Hakim Warrick,Marc Gasol,Mike Conley,O.J. Mayo,Rudy Gay,1,5:37,LAC,shot,,,,,,,,,,Baron Davis,,,,missed,,reverse layup,25,6
Al Thornton,Baron Davis,Eric Gordon,Marcus Camby,Zach Randolph,Hakim Warrick,Marc Gasol,Mike Conley,O.J. Mayo,Rudy Gay,1,5:35,LAC,shot,,,,,,,,,,Zach Randolph,2,,,made,,layup,25,6
Al Thornton,Baron Davis,Eric Gordon,Marcus Camby,Zach Randolph,Hakim Warrick,Marc Gasol,Mike Conley,O.J. Mayo,Rudy Gay,1,5:35,LAC,rebound,,,,,,,,,,Zach Randolph,,,,,,off,,
Al Thornton,Baron Davis,Eric Gordon,Marcus Camby,Zach Randolph,Hakim Warrick,Marc Gasol,Mike Conley,O.J. Mayo,Rudy Gay,1,5:30,MEM,turnover,,,,,,,,,,Mike Conley,,,traveling,,,,,
Al Thornton,Baron Davis,Eric Gordon,Marcus Camby,Zach Randolph,Hakim Warrick,Marc Gasol,Mike Conley,O.J. Mayo,Rudy Gay,1,5:19,LAC,shot,,,,,,,,,,Marcus Camby,,,,missed,,layup,25,6
Al Thornton,Baron Davis,Eric Gordon,Marcus Camby,Zach Randolph,Hakim Warrick,Marc Gasol,Mike Conley,O.J. Mayo,Rudy Gay,1,5:17,LAC,shot,,,,,,,,,,Zach Randolph,,,,missed,,layup,25,6
Al Thornton,Baron Davis,Eric Gordon,Marcus Camby,Zach Randolph,Hakim Warrick,Marc Gasol,Mike Conley,O.J. Mayo,Rudy Gay,1,5:17,LAC,rebound,,,,,,,,,,Zach Randolph,,,,,,off,,
Al Thornton,Baron Davis,Eric Gordon,Marcus Camby,Zach Randolph,Hakim Warrick,Marc Gasol,Mike Conley,O.J. Mayo,Rudy Gay,1,5:16,MEM,rebound,,,,,,,,,,Hakim Warrick,,,,,,def,,
Al Thornton,Baron Davis,Eric Gordon,Marcus Camby,Zach Randolph,Hakim Warrick,Marc Gasol,Mike Conley,O.J. Mayo,Rudy Gay,1,5:11,LAC,foul,,,,,,,,Marc Gasol,,Zach Randolph,,,,,,personal,,
Al Thornton,Baron Davis,Eric Gordon,Marcus Camby,Zach Randolph,Hakim Warrick,Marc Gasol,Mike Conley,O.J. Mayo,Rudy Gay,1,5:01,MEM,shot,,,,,,,,,,Hakim Warrick,,,,missed,,jump,38,21
Al Thornton,Baron Davis,Eric Gordon,Marcus Camby,Zach Randolph,Hakim Warrick,Marc Gasol,Mike Conley,O.J. Mayo,Rudy Gay,1,4:58,LAC,rebound,,,,,,,,,,Marcus Camby,,,,,,def,,
Al Thornton,Baron Davis,Eric Gordon,Marcus Camby,Zach Randolph,Hakim Warrick,Marc Gasol,Mike Conley,O.J. Mayo,Rudy Gay,1,4:48,LAC,shot,,,,,,,,,,Baron Davis,2,,,made,,driving layup,25,6
Al Thornton,Baron Davis,Eric Gordon,Marcus Camby,Zach Randolph,Hakim Warrick,Marc Gasol,Mike Conley,O.J. Mayo,Rudy Gay,1,4:33,LAC,foul,,,,,,,,Rudy Gay,,Al Thornton,,,,,,shooting,,
Al Thornton,Baron Davis,Eric Gordon,Marcus Camby,Zach Randolph,Hakim Warrick,Marc Gasol,Mike Conley,O.J. Mayo,Rudy Gay,1,4:33,MEM,free throw,,,,,,,1,,2,Rudy Gay,,,foul,made,,,,
Al Thornton,Eric Gordon,Fred Jones,Marcus Camby,Zach Randolph,Hakim Warrick,Marc Gasol,Mike Conley,O.J. Mayo,Rudy Gay,1,4:33,LAC,sub,,,,Fred Jones,,Baron Davis,,,,,,,,,,,,
Al Thornton,Eric Gordon,Fred Jones,Marcus Camby,Zach Randolph,Hakim Warrick,Marc Gasol,Mike Conley,O.J. Mayo,Rudy Gay,1,4:33,MEM,free throw,,,,,,,2,,2,Rudy Gay,,,foul,made,,,,
Al Thornton,Eric Gordon,Fred Jones,Marcus Camby,Zach Randolph,Hakim Warrick,Marc Gasol,Mike Conley,O.J. Mayo,Rudy Gay,1,4:17,LAC,shot,,,,,,,,,,Zach Randolph,2,,,made,,jump,14,12
Al Thornton,Eric Gordon,Fred Jones,Marcus Camby,Zach Randolph,Hakim Warrick,Marc Gasol,Mike Conley,O.J. Mayo,Rudy Gay,1,3:55,MEM,shot,,,,,,,,,,Rudy Gay,,,,missed,,floating jump,9,5
Al Thornton,Eric Gordon,Fred Jones,Marcus Camby,Zach Randolph,Hakim Warrick,Marc Gasol,Mike Conley,O.J. Mayo,Rudy Gay,1,3:53,LAC,rebound,,,,,,,,,,Zach Randolph,,,,,,def,,
Al Thornton,Eric Gordon,Fred Jones,Marcus Camby,Zach Randolph,Hakim Warrick,Marc Gasol,Mike Conley,O.J. Mayo,Rudy Gay,1,3:47,LAC,shot,,,,,,,,,,Zach Randolph,2,,,made,,pullup jump,23,19
Al Thornton,Eric Gordon,Fred Jones,Marcus Camby,Zach Randolph,Hakim Warrick,Marc Gasol,Mike Conley,O.J. Mayo,Rudy Gay,1,3:32,MEM,shot,Marc Gasol,,,,,,,,,Rudy Gay,2,,,made,,dunk,25,6
Al Thornton,Eric Gordon,Fred Jones,Marcus Camby,Zach Randolph,Hakim Warrick,Marc Gasol,Mike Conley,O.J. Mayo,Rudy Gay,1,3:07,LAC,shot,,,,,,,,,,Eric Gordon,2,,,made,,reverse layup,25,6
Al Thornton,Eric Gordon,Fred Jones,Marcus Camby,Zach Randolph,Hakim Warrick,Marc Gasol,Mike Conley,O.J. Mayo,Rudy Gay,1,2:56,MEM,shot,,,,,,,,,,Mike Conley,2,,,made,,layup,25,6
Al Thornton,Eric Gordon,Fred Jones,Marcus Camby,Zach Randolph,Hakim Warrick,Marc Gasol,Mike Conley,O.J. Mayo,Rudy Gay,1,2:48,LAC,shot,Fred Jones,,,,,,,,,Eric Gordon,3,,,made,,3pt,10,28
Al Thornton,Eric Gordon,Fred Jones,Marcus Camby,Zach Randolph,Hakim Warrick,Marc Gasol,Mike Conley,O.J. Mayo,Rudy Gay,1,2:33,LAC,foul,,,,,,,,O.J. Mayo,,Eric Gordon,,,,,,personal,,
Al Thornton,Eric Gordon,Fred Jones,Marcus Camby,Zach Randolph,Hakim Warrick,Marc Gasol,Mike Conley,O.J. Mayo,Rudy Gay,1,2:33,LAC,timeout,,,,,,,,,,,,,,,,regular,,
Al Thornton,Eric Gordon,Fred Jones,Marcus Camby,Zach Randolph,Darius Miles,Hakim Warrick,Mike Conley,O.J. Mayo,Rudy Gay,1,2:33,MEM,sub,,,,Darius Miles,,Marc Gasol,,,,,,,,,,,,
Al Thornton,Eric Gordon,Fred Jones,Marcus Camby,Zach Randolph,Darius Miles,Hakim Warrick,Marko Jaric,O.J. Mayo,Rudy Gay,1,2:33,MEM,sub,,,,Marko Jaric,,Mike Conley,,,,,,,,,,,,
Al Thornton,Eric Gordon,Fred Jones,Steve Novak,Zach Randolph,Darius Miles,Hakim Warrick,Marko Jaric,O.J. Mayo,Rudy Gay,1,2:33,LAC,sub,,,,Steve Novak,,Marcus Camby,,,,,,,,,,,,
Al Thornton,Eric Gordon,Fred Jones,Steve Novak,Zach Randolph,Darius Miles,Hakim Warrick,Marko Jaric,O.J. Mayo,Rudy Gay,1,2:19,MEM,shot,,,,,,,,,,Hakim Warrick,,,,missed,,jump,24,11
Al Thornton,Eric Gordon,Fred Jones,Steve Novak,Zach Randolph,Darius Miles,Hakim Warrick,Marko Jaric,O.J. Mayo,Rudy Gay,1,2:18,LAC,rebound,,,,,,,,,,Zach Randolph,,,,,,def,,
Al Thornton,Eric Gordon,Fred Jones,Steve Novak,Zach Randolph,Darius Miles,Hakim Warrick,Marko Jaric,O.J. Mayo,Rudy Gay,1,2:12,LAC,shot,,,,,,,,,,Steve Novak,,,,missed,,jump,17,27
Al Thornton,Eric Gordon,Fred Jones,Steve Novak,Zach Randolph,Darius Miles,Hakim Warrick,Marko Jaric,O.J. Mayo,Rudy Gay,1,2:10,MEM,rebound,,,,,,,,,,O.J. Mayo,,,,,,def,,
Al Thornton,Eric Gordon,Fred Jones,Steve Novak,Zach Randolph,Darius Miles,Hakim Warrick,Marko Jaric,O.J. Mayo,Rudy Gay,1,2:00,MEM,shot,,,,,,,,,,Hakim Warrick,,,,missed,,jump,27,10
Al Thornton,Eric Gordon,Fred Jones,Steve Novak,Zach Randolph,Darius Miles,Hakim Warrick,Marko Jaric,O.J. Mayo,Rudy Gay,1,1:58,MEM,rebound,,,,,,,,,,Hakim Warrick,,,,,,off,,
Al Thornton,Eric Gordon,Fred Jones,Steve Novak,Zach Randolph,Darius Miles,Hakim Warrick,Marko Jaric,O.J. Mayo,Rudy Gay,1,1:56,MEM,shot,,,,,,,,,,Hakim Warrick,,,,missed,,layup,25,6
Al Thornton,Eric Gordon,Fred Jones,Steve Novak,Zach Randolph,Darius Miles,Hakim Warrick,Marko Jaric,O.J. Mayo,Rudy Gay,1,1:53,LAC,rebound,,,,,,,,,,Zach Randolph,,,,,,def,,
Al Thornton,Eric Gordon,Fred Jones,Steve Novak,Zach Randolph,Darius Miles,Hakim Warrick,Marko Jaric,O.J. Mayo,Rudy Gay,1,1:39,MEM,foul,,,,,,,,Zach Randolph,,Darius Miles,,,,,,personal,,
Al Thornton,Eric Gordon,Fred Jones,Steve Novak,Zach Randolph,Darius Miles,Hakim Warrick,Marko Jaric,O.J. Mayo,Rudy Gay,1,1:39,LAC,free throw,,,,,,,1,,2,Zach Randolph,,,foul,made,,,,
Al Thornton,Eric Gordon,Fred Jones,Steve Novak,Zach Randolph,Darius Miles,Hakim Warrick,Marko Jaric,O.J. Mayo,Rudy Gay,1,1:39,LAC,free throw,,,,,,,2,,2,Zach Randolph,,,foul,made,,,,
Al Thornton,Eric Gordon,Fred Jones,Steve Novak,Zach Randolph,Darius Miles,Hakim Warrick,Marko Jaric,O.J. Mayo,Rudy Gay,1,1:27,LAC,foul,,,,,,,,Marko Jaric,,Fred Jones,,,,,,personal,,
Al Thornton,Eric Gordon,Fred Jones,Steve Novak,Zach Randolph,Darius Miles,Hakim Warrick,Marko Jaric,O.J. Mayo,Rudy Gay,1,1:27,MEM,free throw,,,,,,,1,,2,Marko Jaric,,,foul,made,,,,
Al Thornton,Eric Gordon,Fred Jones,Steve Novak,Zach Randolph,Darius Miles,Hakim Warrick,Marko Jaric,O.J. Mayo,Rudy Gay,1,1:27,MEM,free throw,,,,,,,2,,2,Marko Jaric,,,foul,made,,,,
Al Thornton,Eric Gordon,Fred Jones,Steve Novak,Zach Randolph,Darius Miles,Hakim Warrick,Marko Jaric,O.J. Mayo,Rudy Gay,1,1:17,MEM,violation,,,,,,,,,,Marko Jaric,,,,,,kicked ball,,
Al Thornton,Eric Gordon,Fred Jones,Steve Novak,Zach Randolph,Darius Miles,Greg Buckner,Hakim Warrick,Marko Jaric,O.J. Mayo,1,1:17,MEM,sub,,,,Greg Buckner,,Rudy Gay,,,,,,,,,,,,
Al Thornton,Eric Gordon,Fred Jones,Steve Novak,Zach Randolph,Darius Miles,Greg Buckner,Hakim Warrick,Marko Jaric,O.J. Mayo,1,1:09,LAC,shot,Fred Jones,,,,,,,,,Eric Gordon,3,,,made,,3pt,39,29
Al Thornton,Eric Gordon,Fred Jones,Steve Novak,Zach Randolph,Darius Miles,Greg Buckner,Hakim Warrick,Marko Jaric,O.J. Mayo,1,0:59,LAC,foul,,,,,,,,Greg Buckner,,Al Thornton,,,,,,personal,,
Al Thornton,Eric Gordon,Fred Jones,Steve Novak,Zach Randolph,Darius Miles,Greg Buckner,Hakim Warrick,Marko Jaric,O.J. Mayo,1,0:59,MEM,free throw,,,,,,,1,,2,Greg Buckner,,,foul,made,,,,
Eric Gordon,Fred Jones,Ricky Davis,Steve Novak,Zach Randolph,Darius Miles,Greg Buckner,Hakim Warrick,Marko Jaric,O.J. Mayo,1,0:59,LAC,sub,,,,Ricky Davis,,Al Thornton,,,,,,,,,,,,
Eric Gordon,Fred Jones,Ricky Davis,Steve Novak,Zach Randolph,Darius Miles,Greg Buckner,Hakim Warrick,Marko Jaric,O.J. Mayo,1,0:59,MEM,free throw,,,,,,,2,,2,Greg Buckner,,,foul,made,,,,
Eric Gordon,Fred Jones,Ricky Davis,Steve Novak,Zach Randolph,Darius Miles,Greg Buckner,Hakim Warrick,Marko Jaric,O.J. Mayo,1,0:44,MEM,foul,,,,,,,,Zach Randolph,,Darius Miles,,,,,,shooting,,
Eric Gordon,Fred Jones,Ricky Davis,Steve Novak,Zach Randolph,Darius Miles,Greg Buckner,Hakim Warrick,Marko Jaric,O.J. Mayo,1,0:44,LAC,free throw,,,,,,,1,,2,Zach Randolph,,,foul,missed,,,,
Eric Gordon,Fred Jones,Ricky Davis,Steve Novak,Zach Randolph,Darius Miles,Greg Buckner,Hakim Warrick,Marko Jaric,O.J. Mayo,1,0:44,LAC,rebound,,,,,,,,,,,,,,,,,,
Eric Gordon,Fred Jones,Ricky Davis,Steve Novak,Zach Randolph,Darius Miles,Greg Buckner,Hakim Warrick,Marko Jaric,O.J. Mayo,1,0:44,LAC,free throw,,,,,,,2,,2,Zach Randolph,,,foul,made,,,,
Eric Gordon,Fred Jones,Ricky Davis,Steve Novak,Zach Randolph,Darius Miles,Greg Buckner,Hakim Warrick,Marko Jaric,O.J. Mayo,1,0:38,LAC,foul,,,,,,,,O.J. Mayo,,Fred Jones,,,,,,personal,,
Eric Gordon,Fred Jones,Ricky Davis,Steve Novak,Zach Randolph,Darius Miles,Greg Buckner,Hakim Warrick,Marko Jaric,O.J. Mayo,1,0:38,MEM,free throw,,,,,,,1,,2,O.J. Mayo,,,foul,missed,,,,
Eric Gordon,Fred Jones,Ricky Davis,Steve Novak,Zach Randolph,Darius Miles,Greg Buckner,Hakim Warrick,Marko Jaric,O.J. Mayo,1,0:38,MEM,rebound,,,,,,,,,,,,,,,,,,
Eric Gordon,Fred Jones,Ricky Davis,Steve Novak,Zach Randolph,Darius Miles,Greg Buckner,Hakim Warrick,Marko Jaric,O.J. Mayo,1,0:38,MEM,free throw,,,,,,,2,,2,O.J. Mayo,,,foul,missed,,,,
Eric Gordon,Fred Jones,Ricky Davis,Steve Novak,Zach Randolph,Darius Miles,Greg Buckner,Hakim Warrick,Marko Jaric,O.J. Mayo,1,0:36,LAC,rebound,,,,,,,,,,Zach Randolph,,,,,,def,,
Eric Gordon,Fred Jones,Ricky Davis,Steve Novak,Zach Randolph,Darius Miles,Greg Buckner,Hakim Warrick,Marko Jaric,O.J. Mayo,1,0:24,LAC,shot,,,,,,,,,,Eric Gordon,2,,,made,,driving layup,25,6
Eric Gordon,Fred Jones,Ricky Davis,Steve Novak,Zach Randolph,Darius Miles,Greg Buckner,Hakim Warrick,Marko Jaric,O.J. Mayo,1,0:04,MEM,shot,,,,,,,,,,Marko Jaric,,,,missed,,jump,20,16
Eric Gordon,Fred Jones,Ricky Davis,Steve Novak,Zach Randolph,Darius Miles,Greg Buckner,Hakim Warrick,Marko Jaric,O.J. Mayo,1,0:03,MEM,shot,,,,,,,,,,Darius Miles,,,,missed,,tip,25,6
Eric Gordon,Fred Jones,Ricky Davis,Steve Novak,Zach Randolph,Darius Miles,Greg Buckner,Hakim Warrick,Marko Jaric,O.J. Mayo,1,0:03,MEM,rebound,,,,,,,,,,Darius Miles,,,,,,off,,
Eric Gordon,Fred Jones,Ricky Davis,Steve Novak,Zach Randolph,Darius Miles,Greg Buckner,Hakim Warrick,Marko Jaric,O.J. Mayo,1,0:02,LAC,rebound,,,,,,,,,,Steve Novak,,,,,,def,,
Eric Gordon,Fred Jones,Ricky Davis,Steve Novak,Zach Randolph,Darius Miles,Greg Buckner,Hakim Warrick,Marko Jaric,O.J. Mayo,1,0:02,LAC,turnover,,,,,,,,,,Steve Novak,,,bad pass,,Marko Jaric,,,
Eric Gordon,Fred Jones,Ricky Davis,Steve Novak,Zach Randolph,Darius Miles,Greg Buckner,Hakim Warrick,Marko Jaric,O.J. Mayo,1,0:01,MEM,shot,,,,,,,,,,Marko Jaric,,,,missed,,jump,43,11
Eric Gordon,Fred Jones,Ricky Davis,Steve Novak,Zach Randolph,Darius Miles,Greg Buckner,Hakim Warrick,Marko Jaric,O.J. Mayo,1,0:00,MEM,rebound,,,,,,,,,,,,,,,,,,
Baron Davis,DeAndre Jordan,Fred Jones,Ricky Davis,Steve Novak,Darius Miles,Greg Buckner,Hakim Warrick,Marko Jaric,Rudy Gay,2,11:45,LAC,shot,Baron Davis,,,,,,,,,Steve Novak,2,,,made,,jump,11,22
Baron Davis,DeAndre Jordan,Fred Jones,Ricky Davis,Steve Novak,Darius Miles,Greg Buckner,Hakim Warrick,Marko Jaric,Rudy Gay,2,11:23,MEM,shot,Marko Jaric,,,,,,,,,Greg Buckner,3,,,made,,3pt,2,7
Baron Davis,DeAndre Jordan,Fred Jones,Ricky Davis,Steve Novak,Darius Miles,Greg Buckner,Hakim Warrick,Marko Jaric,Rudy Gay,2,10:59,LAC,shot,,,,,,,,,,Ricky Davis,,,,missed,,jump,25,27
Baron Davis,DeAndre Jordan,Fred Jones,Ricky Davis,Steve Novak,Darius Miles,Greg Buckner,Hakim Warrick,Marko Jaric,Rudy Gay,2,10:57,LAC,rebound,,,,,,,,,,Fred Jones,,,,,,off,,
Baron Davis,DeAndre Jordan,Fred Jones,Ricky Davis,Steve Novak,Darius Miles,Greg Buckner,Hakim Warrick,Marko Jaric,Rudy Gay,2,10:53,LAC,turnover,,,,,,,,,,Steve Novak,,,bad pass,,Darius Miles,,,
Baron Davis,DeAndre Jordan,Fred Jones,Ricky Davis,Steve Novak,Darius Miles,Greg Buckner,Hakim Warrick,Marko Jaric,Rudy Gay,2,10:49,MEM,shot,,,,,,,,,,Darius Miles,2,,,made,,layup,25,6
Baron Davis,DeAndre Jordan,Fred Jones,Ricky Davis,Steve Novak,Darius Miles,Greg Buckner,Hakim Warrick,Marko Jaric,Rudy Gay,2,10:37,LAC,shot,,,,,,,,,,Steve Novak,,,,missed,,3pt,12,28
Baron Davis,DeAndre Jordan,Fred Jones,Ricky Davis,Steve Novak,Darius Miles,Greg Buckner,Hakim Warrick,Marko Jaric,Rudy Gay,2,10:36,MEM,rebound,,,,,,,,,,Darius Miles,,,,,,def,,
Baron Davis,DeAndre Jordan,Fred Jones,Ricky Davis,Steve Novak,Darius Miles,Greg Buckner,Hakim Warrick,Marko Jaric,Rudy Gay,2,10:28,MEM,shot,,,,,,,,,,Marko Jaric,,,,missed,,3pt,24,30
Baron Davis,DeAndre Jordan,Fred Jones,Ricky Davis,Steve Novak,Darius Miles,Greg Buckner,Hakim Warrick,Marko Jaric,Rudy Gay,2,10:27,LAC,rebound,,,,,,,,,,DeAndre Jordan,,,,,,def,,
Baron Davis,DeAndre Jordan,Fred Jones,Ricky Davis,Steve Novak,Darius Miles,Greg Buckner,Hakim Warrick,Marko Jaric,Rudy Gay,2,10:20,LAC,foul,,,,,,,,Marko Jaric,,DeAndre Jordan,,,,,,offensive,,
Baron Davis,DeAndre Jordan,Fred Jones,Ricky Davis,Steve Novak,Darius Miles,Greg Buckner,Hakim Warrick,Marko Jaric,Rudy Gay,2,10:20,LAC,turnover,,,,,,,,,,DeAndre Jordan,,,foul,,,,,
Baron Davis,DeAndre Jordan,Fred Jones,Ricky Davis,Steve Novak,Greg Buckner,Hakim Warrick,Marc Gasol,Marko Jaric,Rudy Gay,2,10:20,MEM,sub,,,,Marc Gasol,,Darius Miles,,,,,,,,,,,,
Baron Davis,DeAndre Jordan,Fred Jones,Ricky Davis,Steve Novak,Greg Buckner,Hakim Warrick,Marc Gasol,Marko Jaric,Rudy Gay,2,9:59,MEM,shot,Greg Buckner,,,,,,,,,Rudy Gay,2,,,made,,slam dunk,25,6
Baron Davis,DeAndre Jordan,Fred Jones,Ricky Davis,Steve Novak,Greg Buckner,Hakim Warrick,Marc Gasol,Marko Jaric,Rudy Gay,2,9:37,LAC,shot,,,,,,,,,,Ricky Davis,,,,missed,,3pt,2,7
Baron Davis,DeAndre Jordan,Fred Jones,Ricky Davis,Steve Novak,Greg Buckner,Hakim Warrick,Marc Gasol,Marko Jaric,Rudy Gay,2,9:36,MEM,rebound,,,,,,,,,,Marko Jaric,,,,,,def,,
Baron Davis,DeAndre Jordan,Fred Jones,Ricky Davis,Steve Novak,Greg Buckner,Hakim Warrick,Marc Gasol,Marko Jaric,Rudy Gay,2,9:19,MEM,shot,Marko Jaric,,,,,,,,,Greg Buckner,3,,,made,,3pt,49,7
Baron Davis,DeAndre Jordan,Fred Jones,Ricky Davis,Steve Novak,Greg Buckner,Hakim Warrick,Marc Gasol,Marko Jaric,Rudy Gay,2,9:14,LAC,shot,Baron Davis,,,,,,,,,Ricky Davis,2,,,made,,layup,25,6
Baron Davis,DeAndre Jordan,Fred Jones,Ricky Davis,Steve Novak,Greg Buckner,Hakim Warrick,Marc Gasol,Marko Jaric,Rudy Gay,2,8:57,LAC,foul,,,,,,,,Marc Gasol,,DeAndre Jordan,,,,,,personal,,
Baron Davis,DeAndre Jordan,Fred Jones,Ricky Davis,Steve Novak,Greg Buckner,Hakim Warrick,Marc Gasol,Marko Jaric,Rudy Gay,2,8:57,OFF,timeout,,,,,,,,,,,,,,,,official,,
Baron Davis,DeAndre Jordan,Fred Jones,Ricky Davis,Steve Novak,Greg Buckner,Hakim Warrick,Marc Gasol,Marko Jaric,Rudy Gay,2,8:42,MEM,turnover,,,,,,,,,,,,,shot clock turnover,,,,,
Baron Davis,DeAndre Jordan,Fred Jones,Ricky Davis,Steve Novak,Greg Buckner,Hakim Warrick,Marc Gasol,Marko Jaric,Rudy Gay,2,8:29,LAC,shot,Baron Davis,,,,,,,,,DeAndre Jordan,2,,,made,,slam dunk,25,6
Baron Davis,DeAndre Jordan,Fred Jones,Ricky Davis,Steve Novak,Greg Buckner,Hakim Warrick,Marc Gasol,Marko Jaric,Rudy Gay,2,8:07,MEM,shot,,,,,,,,,,Rudy Gay,2,,,made,,pullup jump,32,16
Baron Davis,DeAndre Jordan,Fred Jones,Ricky Davis,Steve Novak,Greg Buckner,Hakim Warrick,Marc Gasol,Marko Jaric,Rudy Gay,2,7:53,MEM,foul,,,,,,,,Baron Davis,,Marko Jaric,,,,,,personal,,
Baron Davis,DeAndre Jordan,Fred Jones,Ricky Davis,Steve Novak,Greg Buckner,Hakim Warrick,Marc Gasol,Mike Conley,Rudy Gay,2,7:53,MEM,sub,,,,Mike Conley,,Marko Jaric,,,,,,,,,,,,
Baron Davis,DeAndre Jordan,Fred Jones,Ricky Davis,Steve Novak,Greg Buckner,Marc Gasol,Mike Conley,O.J. Mayo,Rudy Gay,2,7:53,MEM,sub,,,,O.J. Mayo,,Hakim Warrick,,,,,,,,,,,,
Baron Davis,DeAndre Jordan,Fred Jones,Ricky Davis,Steve Novak,Greg Buckner,Marc Gasol,Mike Conley,O.J. Mayo,Rudy Gay,2,7:42,LAC,shot,Baron Davis,,,,,,,,,Ricky Davis,3,,,made,,3pt,42,25
Baron Davis,DeAndre Jordan,Fred Jones,Ricky Davis,Steve Novak,Greg Buckner,Marc Gasol,Mike Conley,O.J. Mayo,Rudy Gay,2,7:22,LAC,foul,,,,,,,,Marc Gasol,,DeAndre Jordan,,,,,,shooting,,
Baron Davis,DeAndre Jordan,Fred Jones,Ricky Davis,Steve Novak,Greg Buckner,Marc Gasol,Mike Conley,O.J. Mayo,Rudy Gay,2,7:22,MEM,free throw,,,,,,,1,,2,Marc Gasol,,,foul,missed,,,,
Baron Davis,DeAndre Jordan,Fred Jones,Ricky Davis,Steve Novak,Greg Buckner,Marc Gasol,Mike Conley,O.J. Mayo,Rudy Gay,2,7:22,MEM,rebound,,,,,,,,,,,,,,,,,,
Baron Davis,Fred Jones,Marcus Camby,Ricky Davis,Steve Novak,Greg Buckner,Marc Gasol,Mike Conley,O.J. Mayo,Rudy Gay,2,7:22,LAC,sub,,,,Marcus Camby,,DeAndre Jordan,,,,,,,,,,,,
Baron Davis,Eric Gordon,Marcus Camby,Ricky Davis,Steve Novak,Greg Buckner,Marc Gasol,Mike Conley,O.J. Mayo,Rudy Gay,2,7:22,LAC,sub,,,,Eric Gordon,,Fred Jones,,,,,,,,,,,,
Baron Davis,Eric Gordon,Marcus Camby,Ricky Davis,Steve Novak,Greg Buckner,Marc Gasol,Mike Conley,O.J. Mayo,Rudy Gay,2,7:22,MEM,free throw,,,,,,,2,,2,Marc Gasol,,,foul,made,,,,
Baron Davis,Eric Gordon,Marcus Camby,Ricky Davis,Steve Novak,Greg Buckner,Marc Gasol,Mike Conley,O.J. Mayo,Rudy Gay,2,7:03,LAC,shot,,,,,,,,,,Baron Davis,,,,missed,,fade away jumper,35,11
Baron Davis,Eric Gordon,Marcus Camby,Ricky Davis,Steve Novak,Greg Buckner,Marc Gasol,Mike Conley,O.J. Mayo,Rudy Gay,2,7:01,MEM,rebound,,,,,,,,,,Rudy Gay,,,,,,def,,
Baron Davis,Eric Gordon,Marcus Camby,Ricky Davis,Steve Novak,Greg Buckner,Marc Gasol,Mike Conley,O.J. Mayo,Rudy Gay,2,6:56,MEM,shot,,,Baron Davis,,,,,,,O.J. Mayo,,,,missed,,layup,25,6
Baron Davis,Eric Gordon,Marcus Camby,Ricky Davis,Steve Novak,Greg Buckner,Marc Gasol,Mike Conley,O.J. Mayo,Rudy Gay,2,6:54,MEM,rebound,,,,,,,,,,Marc Gasol,,,,,,off,,
Baron Davis,Eric Gordon,Marcus Camby,Ricky Davis,Steve Novak,Greg Buckner,Marc Gasol,Mike Conley,O.J. Mayo,Rudy Gay,2,6:54,LAC,foul,,,,,,,,Marc Gasol,,Marcus Camby,,,,,,personal,,
Baron Davis,Eric Gordon,Marcus Camby,Ricky Davis,Steve Novak,Greg Buckner,Marc Gasol,Mike Conley,O.J. Mayo,Rudy Gay,2,6:40,MEM,shot,,,,,,,,,,Greg Buckner,2,,,made,,reverse layup,25,6
Baron Davis,Eric Gordon,Marcus Camby,Ricky Davis,Steve Novak,Greg Buckner,Marc Gasol,Mike Conley,O.J. Mayo,Rudy Gay,2,6:24,LAC,shot,Baron Davis,,,,,,,,,Marcus Camby,2,,,made,,jump,24,26
Baron Davis,Eric Gordon,Marcus Camby,Ricky Davis,Steve Novak,Greg Buckner,Marc Gasol,Mike Conley,O.J. Mayo,Rudy Gay,2,6:07,MEM,shot,,,,,,,,,,Greg Buckner,,,,missed,,3pt,39,28
Baron Davis,Eric Gordon,Marcus Camby,Ricky Davis,Steve Novak,Greg Buckner,Marc Gasol,Mike Conley,O.J. Mayo,Rudy Gay,2,6:06,LAC,rebound,,,,,,,,,,,,,,,,,,
Baron Davis,Eric Gordon,Marcus Camby,Ricky Davis,Steve Novak,Greg Buckner,Marc Gasol,Mike Conley,O.J. Mayo,Rudy Gay,2,5:57,MEM,foul,,,,,,,,Baron Davis,,Mike Conley,,,,,,shooting,,
Baron Davis,Eric Gordon,Marcus Camby,Ricky Davis,Steve Novak,Greg Buckner,Marc Gasol,Mike Conley,O.J. Mayo,Rudy Gay,2,5:57,MEM,timeout,,,,,,,,,,,,,,,,regular,,
Baron Davis,Eric Gordon,Marcus Camby,Ricky Davis,Steve Novak,Marc Gasol,Mike Conley,O.J. Mayo,Quinton Ross,Rudy Gay,2,5:57,MEM,sub,,,,Quinton Ross,,Greg Buckner,,,,,,,,,,,,
Baron Davis,Eric Gordon,Marcus Camby,Ricky Davis,Zach Randolph,Marc Gasol,Mike Conley,O.J. Mayo,Quinton Ross,Rudy Gay,2,5:57,LAC,sub,,,,Zach Randolph,,Steve Novak,,,,,,,,,,,,
Baron Davis,Eric Gordon,Marcus Camby,Ricky Davis,Zach Randolph,Marc Gasol,Mike Conley,O.J. Mayo,Quinton Ross,Rudy Gay,2,5:57,LAC,free throw,,,,,,,1,,2,Baron Davis,,,foul,missed,,,,
Baron Davis,Eric Gordon,Marcus Camby,Ricky Davis,Zach Randolph,Marc Gasol,Mike Conley,O.J. Mayo,Quinton Ross,Rudy Gay,2,5:57,LAC,rebound,,,,,,,,,,,,,,,,,,
Baron Davis,Eric Gordon,Marcus Camby,Ricky Davis,Zach Randolph,Marc Gasol,Mike Conley,O.J. Mayo,Quinton Ross,Rudy Gay,2,5:57,LAC,free throw,,,,,,,2,,2,Baron Davis,,,foul,missed,,,,
Baron Davis,Eric Gordon,Marcus Camby,Ricky Davis,Zach Randolph,Marc Gasol,Mike Conley,O.J. Mayo,Quinton Ross,Rudy Gay,2,5:56,MEM,rebound,,,,,,,,,,Rudy Gay,,,,,,def,,
Baron Davis,Eric Gordon,Marcus Camby,Ricky Davis,Zach Randolph,Marc Gasol,Mike Conley,O.J. Mayo,Quinton Ross,Rudy Gay,2,5:42,MEM,shot,,,,,,,,,,O.J. Mayo,,,,missed,,jump,18,25
Baron Davis,Eric Gordon,Marcus Camby,Ricky Davis,Zach Randolph,Marc Gasol,Mike Conley,O.J. Mayo,Quinton Ross,Rudy Gay,2,5:41,LAC,rebound,,,,,,,,,,Marcus Camby,,,,,,def,,
Baron Davis,Eric Gordon,Marcus Camby,Ricky Davis,Zach Randolph,Marc Gasol,Mike Conley,O.J. Mayo,Quinton Ross,Rudy Gay,2,5:37,MEM,foul,,,,,,,,Eric Gordon,,Quinton Ross,,,,,,shooting,,
Baron Davis,Eric Gordon,Marcus Camby,Ricky Davis,Zach Randolph,Marc Gasol,Mike Conley,O.J. Mayo,Quinton Ross,Rudy Gay,2,5:37,LAC,free throw,,,,,,,1,,2,Eric Gordon,,,foul,made,,,,
Al Thornton,Baron Davis,Eric Gordon,Ricky Davis,Zach Randolph,Marc Gasol,Mike Conley,O.J. Mayo,Quinton Ross,Rudy Gay,2,5:37,LAC,sub,,,,Al Thornton,,Marcus Camby,,,,,,,,,,,,
Al Thornton,Baron Davis,Eric Gordon,Ricky Davis,Zach Randolph,Marc Gasol,Mike Conley,O.J. Mayo,Quinton Ross,Rudy Gay,2,5:37,LAC,free throw,,,,,,,2,,2,Eric Gordon,,,foul,made,,,,
Al Thornton,Baron Davis,Eric Gordon,Ricky Davis,Zach Randolph,Marc Gasol,Mike Conley,O.J. Mayo,Quinton Ross,Rudy Gay,2,5:21,MEM,shot,,,,,,,,,,Rudy Gay,,,,missed,,layup,25,6
Al Thornton,Baron Davis,Eric Gordon,Ricky Davis,Zach Randolph,Marc Gasol,Mike Conley,O.J. Mayo,Quinton Ross,Rudy Gay,2,5:21,LAC,rebound,,,,,,,,,,Baron Davis,,,,,,def,,
Al Thornton,Baron Davis,Eric Gordon,Ricky Davis,Zach Randolph,Marc Gasol,Mike Conley,O.J. Mayo,Quinton Ross,Rudy Gay,2,5:21,MEM,foul,,,,,,,,Baron Davis,,Marc Gasol,,,,,,loose ball,,
Al Thornton,Baron Davis,Eric Gordon,Ricky Davis,Zach Randolph,Marc Gasol,Mike Conley,O.J. Mayo,Quinton Ross,Rudy Gay,2,5:07,LAC,shot,Baron Davis,,,,,,,,,Zach Randolph,2,,,made,,layup,25,6
Al Thornton,Baron Davis,Eric Gordon,Ricky Davis,Zach Randolph,Marc Gasol,Mike Conley,O.J. Mayo,Quinton Ross,Rudy Gay,2,4:53,LAC,foul,,,,,,,,Marc Gasol,,Baron Davis,,,,,,personal,,
Al Thornton,Baron Davis,Eric Gordon,Ricky Davis,Zach Randolph,Marc Gasol,Mike Conley,O.J. Mayo,Quinton Ross,Rudy Gay,2,4:45,MEM,shot,,,,,,,,,,Mike Conley,2,,,made,,layup,25,6
Al Thornton,Baron Davis,Eric Gordon,Ricky Davis,Zach Randolph,Marc Gasol,Mike Conley,O.J. Mayo,Quinton Ross,Rudy Gay,2,4:33,LAC,shot,,,,,,,,,,Baron Davis,,,,missed,,3pt,17,30
Al Thornton,Baron Davis,Eric Gordon,Ricky Davis,Zach Randolph,Marc Gasol,Mike Conley,O.J. Mayo,Quinton Ross,Rudy Gay,2,4:31,LAC,rebound,,,,,,,,,,,,,,,,,,
Al Thornton,Baron Davis,Eric Gordon,Ricky Davis,Zach Randolph,Marc Gasol,Mike Conley,O.J. Mayo,Quinton Ross,Rudy Gay,2,4:25,LAC,shot,,,Marc Gasol,,,,,,,Zach Randolph,,,,missed,,layup,25,6
Al Thornton,Baron Davis,Eric Gordon,Ricky Davis,Zach Randolph,Marc Gasol,Mike Conley,O.J. Mayo,Quinton Ross,Rudy Gay,2,4:23,MEM,rebound,,,,,,,,,,Mike Conley,,,,,,def,,
Al Thornton,Baron Davis,Eric Gordon,Ricky Davis,Zach Randolph,Marc Gasol,Mike Conley,O.J. Mayo,Quinton Ross,Rudy Gay,2,4:17,MEM,shot,,,,,,,,,,O.J. Mayo,,,,missed,,3pt,47,20
Al Thornton,Baron Davis,Eric Gordon,Ricky Davis,Zach Randolph,Marc Gasol,Mike Conley,O.J. Mayo,Quinton Ross,Rudy Gay,2,4:16,LAC,rebound,,,,,,,,,,Al Thornton,,,,,,def,,
Al Thornton,Baron Davis,Eric Gordon,Ricky Davis,Zach Randolph,Marc Gasol,Mike Conley,O.J. Mayo,Quinton Ross,Rudy Gay,2,4:07,LAC,shot,Eric Gordon,,,,,,,,,Ricky Davis,3,,,made,,3pt,43,25
Al Thornton,Baron Davis,Eric Gordon,Ricky Davis,Zach Randolph,Marc Gasol,Mike Conley,O.J. Mayo,Quinton Ross,Rudy Gay,2,3:58,MEM,timeout,,,,,,,,,,,,,,,,short,,
Al Thornton,Baron Davis,Eric Gordon,Ricky Davis,Zach Randolph,Greg Buckner,Marc Gasol,Mike Conley,O.J. Mayo,Rudy Gay,2,3:58,MEM,sub,,,,Greg Buckner,,Quinton Ross,,,,,,,,,,,,
Al Thornton,Baron Davis,Eric Gordon,Ricky Davis,Zach Randolph,Greg Buckner,Marc Gasol,Mike Conley,O.J. Mayo,Rudy Gay,2,3:50,LAC,foul,,,,,,,,Mike Conley,,Baron Davis,,,,,,personal,,
Al Thornton,Baron Davis,Eric Gordon,Ricky Davis,Zach Randolph,Greg Buckner,Marc Gasol,Mike Conley,O.J. Mayo,Rudy Gay,2,3:50,MEM,free throw,,,,,,,1,,2,Mike Conley,,,foul,made,,,,
Al Thornton,Eric Gordon,Fred Jones,Ricky Davis,Zach Randolph,Greg Buckner,Marc Gasol,Mike Conley,O.J. Mayo,Rudy Gay,2,3:50,LAC,sub,,,,Fred Jones,,Baron Davis,,,,,,,,,,,,
Al Thornton,Eric Gordon,Fred Jones,Ricky Davis,Zach Randolph,Greg Buckner,Marc Gasol,Mike Conley,O.J. Mayo,Rudy Gay,2,3:50,MEM,free throw,,,,,,,2,,2,Mike Conley,,,foul,made,,,,
Al Thornton,Eric Gordon,Fred Jones,Ricky Davis,Zach Randolph,Greg Buckner,Marc Gasol,Mike Conley,O.J. Mayo,Rudy Gay,2,3:38,MEM,foul,,,,,,,,Eric Gordon,,O.J. Mayo,,,,,,personal,,
Al Thornton,Eric Gordon,Fred Jones,Ricky Davis,Zach Randolph,Greg Buckner,Marc Gasol,Mike Conley,O.J. Mayo,Rudy Gay,2,3:38,LAC,free throw,,,,,,,1,,2,Eric Gordon,,,foul,made,,,,
Al Thornton,Eric Gordon,Fred Jones,Ricky Davis,Zach Randolph,Greg Buckner,Marc Gasol,Mike Conley,O.J. Mayo,Rudy Gay,2,3:38,LAC,free throw,,,,,,,2,,2,Eric Gordon,,,foul,made,,,,
Al Thornton,Eric Gordon,Fred Jones,Ricky Davis,Zach Randolph,Greg Buckner,Marc Gasol,Mike Conley,O.J. Mayo,Rudy Gay,2,3:26,MEM,shot,,,,,,,,,,Mike Conley,2,,,made,,layup,25,6
Al Thornton,Eric Gordon,Fred Jones,Ricky Davis,Zach Randolph,Greg Buckner,Marc Gasol,Mike Conley,O.J. Mayo,Rudy Gay,2,3:09,MEM,foul,,,,,,,,Zach Randolph,,Marc Gasol,,,,,,personal,,
Al Thornton,Eric Gordon,Fred Jones,Ricky Davis,Zach Randolph,Greg Buckner,Marc Gasol,Mike Conley,O.J. Mayo,Rudy Gay,2,3:09,LAC,free throw,,,,,,,1,,2,Zach Randolph,,,foul,missed,,,,
Al Thornton,Eric Gordon,Fred Jones,Ricky Davis,Zach Randolph,Greg Buckner,Marc Gasol,Mike Conley,O.J. Mayo,Rudy Gay,2,3:09,LAC,rebound,,,,,,,,,,,,,,,,,,
Al Thornton,Eric Gordon,Fred Jones,Ricky Davis,Zach Randolph,Greg Buckner,Marc Gasol,Mike Conley,O.J. Mayo,Rudy Gay,2,3:09,LAC,free throw,,,,,,,2,,2,Zach Randolph,,,foul,missed,,,,
Al Thornton,Eric Gordon,Fred Jones,Ricky Davis,Zach Randolph,Greg Buckner,Marc Gasol,Mike Conley,O.J. Mayo,Rudy Gay,2,3:07,LAC,rebound,,,,,,,,,,Zach Randolph,,,,,,off,,
Al Thornton,Eric Gordon,Fred Jones,Ricky Davis,Zach Randolph,Greg Buckner,Marc Gasol,Mike Conley,O.J. Mayo,Rudy Gay,2,2:49,LAC,shot,Al Thornton,,,,,,,,,Ricky Davis,3,,,made,,3pt,13,29
Al Thornton,Eric Gordon,Fred Jones,Ricky Davis,Zach Randolph,Greg Buckner,Marc Gasol,Mike Conley,O.J. Mayo,Rudy Gay,2,2:32,MEM,turnover,,,,,,,,,,Mike Conley,,,bad pass,,Eric Gordon,,,
Al Thornton,Eric Gordon,Fred Jones,Ricky Davis,Zach Randolph,Greg Buckner,Marc Gasol,Mike Conley,O.J. Mayo,Rudy Gay,2,2:26,LAC,shot,,,,,,,,,,Ricky Davis,,,,missed,,3pt,2,6
Al Thornton,Eric Gordon,Fred Jones,Ricky Davis,Zach Randolph,Greg Buckner,Marc Gasol,Mike Conley,O.J. Mayo,Rudy Gay,2,2:25,MEM,rebound,,,,,,,,,,Marc Gasol,,,,,,def,,
Al Thornton,Eric Gordon,Fred Jones,Ricky Davis,Zach Randolph,Greg Buckner,Marc Gasol,Mike Conley,O.J. Mayo,Rudy Gay,2,2:21,LAC,foul,,,,,,,,O.J. Mayo,,Eric Gordon,,,,,,shooting,,
Al Thornton,Eric Gordon,Fred Jones,Ricky Davis,Zach Randolph,Greg Buckner,Marc Gasol,Mike Conley,O.J. Mayo,Rudy Gay,2,2:21,LAC,timeout,,,,,,,,,,,,,,,,regular,,
Al Thornton,Eric Gordon,Fred Jones,Ricky Davis,Zach Randolph,Greg Buckner,Marc Gasol,Marko Jaric,O.J. Mayo,Rudy Gay,2,2:21,MEM,sub,,,,Marko Jaric,,Mike Conley,,,,,,,,,,,,
Al Thornton,Eric Gordon,Fred Jones,Ricky Davis,Zach Randolph,Hakim Warrick,Marc Gasol,Marko Jaric,O.J. Mayo,Rudy Gay,2,2:21,MEM,sub,,,,Hakim Warrick,,Greg Buckner,,,,,,,,,,,,
Al Thornton,Eric Gordon,Fred Jones,Ricky Davis,Zach Randolph,Hakim Warrick,Marc Gasol,Marko Jaric,O.J. Mayo,Rudy Gay,2,2:21,MEM,free throw,,,,,,,1,,2,O.J. Mayo,,,foul,made,,,,
Al Thornton,Eric Gordon,Fred Jones,Ricky Davis,Zach Randolph,Hakim Warrick,Marc Gasol,Marko Jaric,O.J. Mayo,Rudy Gay,2,2:21,MEM,free throw,,,,,,,2,,2,O.J. Mayo,,,foul,made,,,,
Al Thornton,Eric Gordon,Fred Jones,Ricky Davis,Zach Randolph,Hakim Warrick,Marc Gasol,Marko Jaric,O.J. Mayo,Rudy Gay,2,2:09,MEM,foul,,,,,,,,Zach Randolph,,Marc Gasol,,,,,,shooting,,
Al Thornton,Eric Gordon,Fred Jones,Ricky Davis,Zach Randolph,Hakim Warrick,Marc Gasol,Marko Jaric,O.J. Mayo,Rudy Gay,2,2:09,LAC,free throw,,,,,,,1,,2,Zach Randolph,,,foul,made,,,,
Al Thornton,Eric Gordon,Fred Jones,Ricky Davis,Zach Randolph,Hakim Warrick,Marc Gasol,Marko Jaric,O.J. Mayo,Rudy Gay,2,2:09,LAC,free throw,,,,,,,2,,2,Zach Randolph,,,foul,missed,,,,
Al Thornton,Eric Gordon,Fred Jones,Ricky Davis,Zach Randolph,Hakim Warrick,Marc Gasol,Marko Jaric,O.J. Mayo,Rudy Gay,2,2:08,MEM,rebound,,,,,,,,,,Marc Gasol,,,,,,def,,
Al Thornton,Eric Gordon,Fred Jones,Ricky Davis,Zach Randolph,Hakim Warrick,Marc Gasol,Marko Jaric,O.J. Mayo,Rudy Gay,2,1:57,LAC,foul,,,,,,,,Rudy Gay,,Ricky Davis,,,,,,personal,,
Al Thornton,Eric Gordon,Fred Jones,Ricky Davis,Zach Randolph,Hakim Warrick,Marc Gasol,Marko Jaric,O.J. Mayo,Rudy Gay,2,1:57,MEM,free throw,,,,,,,1,,2,Rudy Gay,,,foul,made,,,,
Al Thornton,Eric Gordon,Fred Jones,Ricky Davis,Zach Randolph,Darius Miles,Hakim Warrick,Marko Jaric,O.J. Mayo,Rudy Gay,2,1:57,MEM,sub,,,,Darius Miles,,Marc Gasol,,,,,,,,,,,,
Al Thornton,Eric Gordon,Fred Jones,Ricky Davis,Zach Randolph,Darius Miles,Hakim Warrick,Marko Jaric,O.J. Mayo,Rudy Gay,2,1:57,MEM,free throw,,,,,,,2,,2,Rudy Gay,,,foul,made,,,,
Al Thornton,Eric Gordon,Fred Jones,Ricky Davis,Zach Randolph,Darius Miles,Hakim Warrick,Marko Jaric,O.J. Mayo,Rudy Gay,2,1:41,LAC,shot,,,,,,,,,,Zach Randolph,,,,missed,,jump,8,14
Al Thornton,Eric Gordon,Fred Jones,Ricky Davis,Zach Randolph,Darius Miles,Hakim Warrick,Marko Jaric,O.J. Mayo,Rudy Gay,2,1:40,MEM,rebound,,,,,,,,,,Rudy Gay,,,,,,def,,
Al Thornton,Eric Gordon,Fred Jones,Ricky Davis,Zach Randolph,Darius Miles,Hakim Warrick,Marko Jaric,O.J. Mayo,Rudy Gay,2,1:25,MEM,shot,,,,,,,,,,Darius Miles,2,,,made,,layup,25,6
Al Thornton,Eric Gordon,Fred Jones,Ricky Davis,Zach Randolph,Darius Miles,Hakim Warrick,Marko Jaric,O.J. Mayo,Rudy Gay,2,1:20,MEM,foul,,,,,,,,Eric Gordon,,O.J. Mayo,,,,,,shooting,,
Al Thornton,Eric Gordon,Fred Jones,Ricky Davis,Zach Randolph,Darius Miles,Hakim Warrick,Marko Jaric,O.J. Mayo,Rudy Gay,2,1:20,LAC,free throw,,,,,,,1,,2,Eric Gordon,,,foul,made,,,,
Al Thornton,Eric Gordon,Fred Jones,Ricky Davis,Zach Randolph,Darius Miles,Greg Buckner,Hakim Warrick,Marko Jaric,Rudy Gay,2,1:20,MEM,sub,,,,Greg Buckner,,O.J. Mayo,,,,,,,,,,,,
Al Thornton,Eric Gordon,Fred Jones,Ricky Davis,Zach Randolph,Darius Miles,Greg Buckner,Hakim Warrick,Marko Jaric,Rudy Gay,2,1:20,LAC,free throw,,,,,,,2,,2,Eric Gordon,,,foul,made,,,,
Al Thornton,Eric Gordon,Fred Jones,Ricky Davis,Zach Randolph,Darius Miles,Greg Buckner,Hakim Warrick,Marko Jaric,Rudy Gay,2,1:07,MEM,shot,Darius Miles,,,,,,,,,Hakim Warrick,2,,,made,,dunk,25,6
Al Thornton,Eric Gordon,Fred Jones,Ricky Davis,Zach Randolph,Darius Miles,Greg Buckner,Hakim Warrick,Marko Jaric,Rudy Gay,2,0:49,LAC,shot,Fred Jones,,,,,,,,,Eric Gordon,3,,,made,,3pt,3,21
Al Thornton,Eric Gordon,Fred Jones,Ricky Davis,Zach Randolph,Darius Miles,Greg Buckner,Hakim Warrick,Marko Jaric,Rudy Gay,2,0:35,MEM,shot,,,,,,,,,,Darius Miles,,,,missed,,jump,13,21
Al Thornton,Eric Gordon,Fred Jones,Ricky Davis,Zach Randolph,Darius Miles,Greg Buckner,Hakim Warrick,Marko Jaric,Rudy Gay,2,0:34,LAC,rebound,,,,,,,,,,Al Thornton,,,,,,def,,
Al Thornton,Eric Gordon,Fred Jones,Ricky Davis,Zach Randolph,Darius Miles,Greg Buckner,Hakim Warrick,Marko Jaric,Rudy Gay,2,0:27,LAC,shot,Eric Gordon,,,,,,,,,Ricky Davis,3,,,made,,3pt,48,7
Al Thornton,Eric Gordon,Fred Jones,Ricky Davis,Zach Randolph,Darius Miles,Greg Buckner,Hakim Warrick,Marko Jaric,Rudy Gay,2,0:04,MEM,shot,,,,,,,,,,Rudy Gay,,,,missed,,3pt,4,22
Al Thornton,Eric Gordon,Fred Jones,Ricky Davis,Zach Randolph,Darius Miles,Greg Buckner,Hakim Warrick,Marko Jaric,Rudy Gay,2,0:03,LAC,rebound,,,,,,,,,,Zach Randolph,,,,,,def,,
Al Thornton,Eric Gordon,Fred Jones,Ricky Davis,Zach Randolph,Darius Miles,Greg Buckner,Hakim Warrick,Marko Jaric,Rudy Gay,2,0:00,LAC,shot,,,,,,,,,,Zach Randolph,3,,,made,,3pt,8,52
Al Thornton,Baron Davis,Eric Gordon,Marcus Camby,Zach Randolph,Hakim Warrick,Marc Gasol,Mike Conley,O.J. Mayo,Rudy Gay,3,11:44,LAC,shot,,,,,,,,,,Al Thornton,2,,,made,,jump,19,11
Al Thornton,Baron Davis,Eric Gordon,Marcus Camby,Zach Randolph,Hakim Warrick,Marc Gasol,Mike Conley,O.J. Mayo,Rudy Gay,3,11:29,MEM,shot,,,,,,,,,,Mike Conley,,,,missed,,jump,13,12
Al Thornton,Baron Davis,Eric Gordon,Marcus Camby,Zach Randolph,Hakim Warrick,Marc Gasol,Mike Conley,O.J. Mayo,Rudy Gay,3,11:27,LAC,rebound,,,,,,,,,,Marcus Camby,,,,,,def,,
Al Thornton,Baron Davis,Eric Gordon,Marcus Camby,Zach Randolph,Hakim Warrick,Marc Gasol,Mike Conley,O.J. Mayo,Rudy Gay,3,11:18,LAC,turnover,,,,,,,,,,Marcus Camby,,,bad pass,,Marc Gasol,,,
Al Thornton,Baron Davis,Eric Gordon,Marcus Camby,Zach Randolph,Hakim Warrick,Marc Gasol,Mike Conley,O.J. Mayo,Rudy Gay,3,11:15,MEM,turnover,,,,,,,,,,Marc Gasol,,,bad pass,,Zach Randolph,,,
Al Thornton,Baron Davis,Eric Gordon,Marcus Camby,Zach Randolph,Hakim Warrick,Marc Gasol,Mike Conley,O.J. Mayo,Rudy Gay,3,11:01,LAC,turnover,,,,,,,,,,Zach Randolph,,,3 second violation,,,,,
Al Thornton,Baron Davis,Eric Gordon,Marcus Camby,Zach Randolph,Hakim Warrick,Marc Gasol,Mike Conley,O.J. Mayo,Rudy Gay,3,10:50,MEM,shot,,,Marcus Camby,,,,,,,Hakim Warrick,,,,missed,,layup,25,6
Al Thornton,Baron Davis,Eric Gordon,Marcus Camby,Zach Randolph,Hakim Warrick,Marc Gasol,Mike Conley,O.J. Mayo,Rudy Gay,3,10:50,MEM,rebound,,,,,,,,,,,,,,,,,,
Al Thornton,Baron Davis,Eric Gordon,Marcus Camby,Zach Randolph,Hakim Warrick,Marc Gasol,Mike Conley,O.J. Mayo,Rudy Gay,3,10:44,MEM,shot,,,,,,,,,,Rudy Gay,,,,missed,,jump,25,10
Al Thornton,Baron Davis,Eric Gordon,Marcus Camby,Zach Randolph,Hakim Warrick,Marc Gasol,Mike Conley,O.J. Mayo,Rudy Gay,3,10:42,LAC,rebound,,,,,,,,,,Al Thornton,,,,,,def,,
Al Thornton,Baron Davis,Eric Gordon,Marcus Camby,Zach Randolph,Hakim Warrick,Marc Gasol,Mike Conley,O.J. Mayo,Rudy Gay,3,10:35,LAC,turnover,,,,,,,,,,,,,8 second violation,,,,,
Al Thornton,Baron Davis,Eric Gordon,Marcus Camby,Zach Randolph,Hakim Warrick,Marc Gasol,Mike Conley,O.J. Mayo,Rudy Gay,3,10:21,LAC,foul,,,,,,,,Mike Conley,,Marcus Camby,,,,,,shooting,,
Al Thornton,Baron Davis,Eric Gordon,Marcus Camby,Zach Randolph,Hakim Warrick,Marc Gasol,Mike Conley,O.J. Mayo,Rudy Gay,3,10:21,MEM,free throw,,,,,,,1,,2,Mike Conley,,,foul,made,,,,
Al Thornton,Baron Davis,Eric Gordon,Marcus Camby,Zach Randolph,Hakim Warrick,Marc Gasol,Mike Conley,O.J. Mayo,Rudy Gay,3,10:21,MEM,free throw,,,,,,,2,,2,Mike Conley,,,foul,made,,,,
Al Thornton,Baron Davis,Eric Gordon,Marcus Camby,Zach Randolph,Hakim Warrick,Marc Gasol,Mike Conley,O.J. Mayo,Rudy Gay,3,10:08,LAC,shot,,,,,,,,,,Al Thornton,,,,missed,,jump,39,21
Al Thornton,Baron Davis,Eric Gordon,Marcus Camby,Zach Randolph,Hakim Warrick,Marc Gasol,Mike Conley,O.J. Mayo,Rudy Gay,3,10:07,LAC,rebound,,,,,,,,,,,,,,,,,,
Al Thornton,Baron Davis,Eric Gordon,Marcus Camby,Zach Randolph,Hakim Warrick,Marc Gasol,Mike Conley,O.J. Mayo,Rudy Gay,3,10:02,LAC,shot,,,,,,,,,,Eric Gordon,2,,,made,,jump,11,20
Al Thornton,Baron Davis,Eric Gordon,Marcus Camby,Zach Randolph,Hakim Warrick,Marc Gasol,Mike Conley,O.J. Mayo,Rudy Gay,3,9:45,LAC,foul,,,,,,,,Rudy Gay,,Marcus Camby,,,,,,shooting,,
Al Thornton,Baron Davis,Eric Gordon,Marcus Camby,Zach Randolph,Hakim Warrick,Marc Gasol,Mike Conley,O.J. Mayo,Rudy Gay,3,9:45,MEM,free throw,,,,,,,1,,2,Rudy Gay,,,foul,made,,,,
Al Thornton,Baron Davis,Eric Gordon,Marcus Camby,Zach Randolph,Hakim Warrick,Marc Gasol,Mike Conley,O.J. Mayo,Rudy Gay,3,9:45,MEM,free throw,,,,,,,2,,2,Rudy Gay,,,foul,made,,,,
Al Thornton,Baron Davis,Eric Gordon,Marcus Camby,Zach Randolph,Hakim Warrick,Marc Gasol,Mike Conley,O.J. Mayo,Rudy Gay,3,9:35,LAC,foul,,,,,,,,Marc Gasol,,Baron Davis,,,,,,offensive,,
Al Thornton,Baron Davis,Eric Gordon,Marcus Camby,Zach Randolph,Hakim Warrick,Marc Gasol,Mike Conley,O.J. Mayo,Rudy Gay,3,9:35,LAC,turnover,,,,,,,,,,Baron Davis,,,foul,,,,,
Al Thornton,Eric Gordon,Fred Jones,Marcus Camby,Zach Randolph,Hakim Warrick,Marc Gasol,Mike Conley,O.J. Mayo,Rudy Gay,3,9:35,LAC,sub,,,,Fred Jones,,Baron Davis,,,,,,,,,,,,
Al Thornton,Eric Gordon,Fred Jones,Marcus Camby,Zach Randolph,Hakim Warrick,Marc Gasol,Mike Conley,O.J. Mayo,Rudy Gay,3,9:35,LAC,foul,,,,,,,,Marc Gasol,,Baron Davis,,,,,,technical,,
Al Thornton,Eric Gordon,Fred Jones,Marcus Camby,Zach Randolph,Hakim Warrick,Marc Gasol,Mike Conley,O.J. Mayo,Rudy Gay,3,9:35,MEM,free throw,,,,,,,1,,1,O.J. Mayo,,,technical,made,,,,
Al Thornton,Eric Gordon,Fred Jones,Marcus Camby,Zach Randolph,Hakim Warrick,Marc Gasol,Mike Conley,O.J. Mayo,Rudy Gay,3,9:19,MEM,shot,,,Al Thornton,,,,,,,Hakim Warrick,,,,missed,,layup,25,6
Al Thornton,Eric Gordon,Fred Jones,Marcus Camby,Zach Randolph,Hakim Warrick,Marc Gasol,Mike Conley,O.J. Mayo,Rudy Gay,3,9:17,LAC,rebound,,,,,,,,,,Fred Jones,,,,,,def,,
Al Thornton,Eric Gordon,Fred Jones,Marcus Camby,Zach Randolph,Hakim Warrick,Marc Gasol,Mike Conley,O.J. Mayo,Rudy Gay,3,9:06,LAC,shot,,,,,,,,,,Eric Gordon,,,,missed,,3pt,30,31
Al Thornton,Eric Gordon,Fred Jones,Marcus Camby,Zach Randolph,Hakim Warrick,Marc Gasol,Mike Conley,O.J. Mayo,Rudy Gay,3,9:04,MEM,rebound,,,,,,,,,,Rudy Gay,,,,,,def,,
Al Thornton,Eric Gordon,Fred Jones,Marcus Camby,Zach Randolph,Hakim Warrick,Marc Gasol,Mike Conley,O.J. Mayo,Rudy Gay,3,8:57,MEM,shot,,,,,,,,,,O.J. Mayo,3,,,made,,3pt,39,28
Al Thornton,Eric Gordon,Fred Jones,Marcus Camby,Zach Randolph,Hakim Warrick,Marc Gasol,Mike Conley,O.J. Mayo,Rudy Gay,3,8:49,LAC,timeout,,,,,,,,,,,,,,,,regular,,
Al Thornton,Eric Gordon,Fred Jones,Marcus Camby,Zach Randolph,Hakim Warrick,Marc Gasol,Mike Conley,O.J. Mayo,Rudy Gay,3,8:39,LAC,shot,,,,,,,,,,Zach Randolph,2,,,made,,fade away bank,21,10
Al Thornton,Eric Gordon,Fred Jones,Marcus Camby,Zach Randolph,Hakim Warrick,Marc Gasol,Mike Conley,O.J. Mayo,Rudy Gay,3,8:20,LAC,foul,,,,,,,,Hakim Warrick,,Marcus Camby,,,,,,shooting,,
Al Thornton,Eric Gordon,Fred Jones,Marcus Camby,Zach Randolph,Hakim Warrick,Marc Gasol,Mike Conley,O.J. Mayo,Rudy Gay,3,8:20,MEM,free throw,,,,,,,1,,2,Hakim Warrick,,,foul,made,,,,
Al Thornton,Eric Gordon,Fred Jones,Marcus Camby,Zach Randolph,Darko Milicic,Hakim Warrick,Mike Conley,O.J. Mayo,Rudy Gay,3,8:20,MEM,sub,,,,Darko Milicic,,Marc Gasol,,,,,,,,,,,,
Al Thornton,Eric Gordon,Fred Jones,Ricky Davis,Zach Randolph,Darko Milicic,Hakim Warrick,Mike Conley,O.J. Mayo,Rudy Gay,3,8:20,LAC,sub,,,,Ricky Davis,,Marcus Camby,,,,,,,,,,,,
Al Thornton,Eric Gordon,Fred Jones,Ricky Davis,Zach Randolph,Darko Milicic,Hakim Warrick,Mike Conley,O.J. Mayo,Rudy Gay,3,8:20,MEM,free throw,,,,,,,2,,2,Hakim Warrick,,,foul,made,,,,
Al Thornton,Eric Gordon,Fred Jones,Ricky Davis,Zach Randolph,Darko Milicic,Hakim Warrick,Mike Conley,O.J. Mayo,Rudy Gay,3,7:59,LAC,shot,,,,,,,,,,Ricky Davis,,,,missed,,3pt,36,30
Al Thornton,Eric Gordon,Fred Jones,Ricky Davis,Zach Randolph,Darko Milicic,Hakim Warrick,Mike Conley,O.J. Mayo,Rudy Gay,3,7:57,LAC,rebound,,,,,,,,,,Eric Gordon,,,,,,off,,
Al Thornton,Eric Gordon,Fred Jones,Ricky Davis,Zach Randolph,Darko Milicic,Hakim Warrick,Mike Conley,O.J. Mayo,Rudy Gay,3,7:47,LAC,shot,Eric Gordon,,,,,,,,,Ricky Davis,3,,,made,,3pt,48,6
Al Thornton,Eric Gordon,Fred Jones,Ricky Davis,Zach Randolph,Darko Milicic,Hakim Warrick,Mike Conley,O.J. Mayo,Rudy Gay,3,7:25,LAC,foul,,,,,,,,Mike Conley,,Fred Jones,,,,,,shooting,,
Al Thornton,Eric Gordon,Fred Jones,Ricky Davis,Zach Randolph,Darko Milicic,Hakim Warrick,Mike Conley,O.J. Mayo,Rudy Gay,3,7:25,MEM,free throw,,,,,,,1,,2,Mike Conley,,,foul,missed,,,,
Al Thornton,Eric Gordon,Fred Jones,Ricky Davis,Zach Randolph,Darko Milicic,Hakim Warrick,Mike Conley,O.J. Mayo,Rudy Gay,3,7:25,MEM,rebound,,,,,,,,,,,,,,,,,,
Al Thornton,Eric Gordon,Fred Jones,Ricky Davis,Zach Randolph,Darko Milicic,Hakim Warrick,Mike Conley,O.J. Mayo,Rudy Gay,3,7:25,MEM,free throw,,,,,,,2,,2,Mike Conley,,,foul,made,,,,
Al Thornton,Eric Gordon,Fred Jones,Ricky Davis,Zach Randolph,Darko Milicic,Hakim Warrick,Mike Conley,O.J. Mayo,Rudy Gay,3,7:08,MEM,foul,,,,,,,,Al Thornton,,Hakim Warrick,,,,,,personal,,
Al Thornton,Eric Gordon,Fred Jones,Ricky Davis,Zach Randolph,Darko Milicic,Hakim Warrick,Mike Conley,O.J. Mayo,Rudy Gay,3,6:56,LAC,shot,,,,,,,,,,Fred Jones,,,,missed,,3pt,9,27
Al Thornton,Eric Gordon,Fred Jones,Ricky Davis,Zach Randolph,Darko Milicic,Hakim Warrick,Mike Conley,O.J. Mayo,Rudy Gay,3,6:54,MEM,rebound,,,,,,,,,,Darko Milicic,,,,,,def,,
Al Thornton,Eric Gordon,Fred Jones,Ricky Davis,Zach Randolph,Darko Milicic,Hakim Warrick,Mike Conley,O.J. Mayo,Rudy Gay,3,6:38,MEM,shot,,,,,,,,,,Darko Milicic,2,,,made,,jump,21,11
Al Thornton,Eric Gordon,Fred Jones,Ricky Davis,Zach Randolph,Darko Milicic,Hakim Warrick,Mike Conley,O.J. Mayo,Rudy Gay,3,6:19,LAC,shot,,,,,,,,,,Zach Randolph,2,,,made,,jump,31,27
Al Thornton,Eric Gordon,Fred Jones,Ricky Davis,Zach Randolph,Darko Milicic,Hakim Warrick,Mike Conley,O.J. Mayo,Rudy Gay,3,6:03,MEM,shot,,,,,,,,,,Darko Milicic,2,,,made,,turnaround hook,32,12
Al Thornton,Eric Gordon,Fred Jones,Ricky Davis,Zach Randolph,Darko Milicic,Hakim Warrick,Mike Conley,O.J. Mayo,Rudy Gay,3,5:48,LAC,shot,,,Hakim Warrick,,,,,,,Eric Gordon,,,,missed,,layup,25,6
Al Thornton,Eric Gordon,Fred Jones,Ricky Davis,Zach Randolph,Darko Milicic,Hakim Warrick,Mike Conley,O.J. Mayo,Rudy Gay,3,5:47,MEM,rebound,,,,,,,,,,O.J. Mayo,,,,,,def,,
Al Thornton,Eric Gordon,Fred Jones,Ricky Davis,Zach Randolph,Darko Milicic,Hakim Warrick,Mike Conley,O.J. Mayo,Rudy Gay,3,5:43,MEM,shot,,,,,,,,,,O.J. Mayo,2,,,made,,layup,25,6
Al Thornton,Eric Gordon,Fred Jones,Ricky Davis,Zach Randolph,Darko Milicic,Hakim Warrick,Mike Conley,O.J. Mayo,Rudy Gay,3,5:34,LAC,timeout,,,,,,,,,,,,,,,,short,,
Al Thornton,Eric Gordon,Fred Jones,Ricky Davis,Zach Randolph,Darko Milicic,Hakim Warrick,Mike Conley,O.J. Mayo,Rudy Gay,3,5:23,LAC,shot,Zach Randolph,,,,,,,,,Fred Jones,3,,,made,,3pt,28,32
Al Thornton,Eric Gordon,Fred Jones,Ricky Davis,Zach Randolph,Darko Milicic,Hakim Warrick,Mike Conley,O.J. Mayo,Rudy Gay,3,5:04,MEM,shot,,,,,,,,,,Rudy Gay,2,,,made,,slam dunk,25,6
Al Thornton,Eric Gordon,Fred Jones,Ricky Davis,Zach Randolph,Darko Milicic,Hakim Warrick,Mike Conley,O.J. Mayo,Rudy Gay,3,4:42,LAC,shot,,,,,,,,,,Zach Randolph,3,,,made,,3pt,13,30
Al Thornton,Eric Gordon,Fred Jones,Ricky Davis,Zach Randolph,Darko Milicic,Hakim Warrick,Mike Conley,O.J. Mayo,Rudy Gay,3,4:27,LAC,foul,,,,,,,,Darko Milicic,,Zach Randolph,,,,,,shooting,,
Al Thornton,Eric Gordon,Fred Jones,Ricky Davis,Zach Randolph,Darko Milicic,Hakim Warrick,Mike Conley,O.J. Mayo,Rudy Gay,3,4:27,MEM,free throw,,,,,,,1,,2,Darko Milicic,,,foul,missed,,,,
Al Thornton,Eric Gordon,Fred Jones,Ricky Davis,Zach Randolph,Darko Milicic,Hakim Warrick,Mike Conley,O.J. Mayo,Rudy Gay,3,4:27,MEM,rebound,,,,,,,,,,,,,,,,,,
Al Thornton,Eric Gordon,Fred Jones,Ricky Davis,Zach Randolph,Darko Milicic,Hakim Warrick,Mike Conley,O.J. Mayo,Rudy Gay,3,4:27,MEM,free throw,,,,,,,2,,2,Darko Milicic,,,foul,made,,,,
Al Thornton,Eric Gordon,Fred Jones,Ricky Davis,Zach Randolph,Darko Milicic,Hakim Warrick,Mike Conley,O.J. Mayo,Rudy Gay,3,4:08,LAC,shot,Ricky Davis,,,,,,,,,Al Thornton,3,,,made,,3pt,37,29
Al Thornton,Eric Gordon,Fred Jones,Ricky Davis,Zach Randolph,Darko Milicic,Hakim Warrick,Mike Conley,O.J. Mayo,Rudy Gay,3,3:51,LAC,foul,,,,,,,,Rudy Gay,,Al Thornton,,,,,,shooting,,
Al Thornton,Eric Gordon,Fred Jones,Ricky Davis,Zach Randolph,Darko Milicic,Hakim Warrick,Mike Conley,O.J. Mayo,Rudy Gay,3,3:51,MEM,free throw,,,,,,,1,,2,Rudy Gay,,,foul,made,,,,
Al Thornton,Eric Gordon,Fred Jones,Ricky Davis,Zach Randolph,Darko Milicic,Hakim Warrick,Mike Conley,O.J. Mayo,Rudy Gay,3,3:51,MEM,free throw,,,,,,,2,,2,Rudy Gay,,,foul,missed,,,,
Al Thornton,Eric Gordon,Fred Jones,Ricky Davis,Zach Randolph,Darko Milicic,Hakim Warrick,Mike Conley,O.J. Mayo,Rudy Gay,3,3:49,LAC,rebound,,,,,,,,,,Al Thornton,,,,,,def,,
Al Thornton,Eric Gordon,Fred Jones,Ricky Davis,Zach Randolph,Darko Milicic,Hakim Warrick,Mike Conley,O.J. Mayo,Rudy Gay,3,3:34,LAC,shot,,,Darko Milicic,,,,,,,Al Thornton,,,,missed,,layup,25,6
Al Thornton,Eric Gordon,Fred Jones,Ricky Davis,Zach Randolph,Darko Milicic,Hakim Warrick,Mike Conley,O.J. Mayo,Rudy Gay,3,3:34,LAC,rebound,,,,,,,,,,,,,,,,,,
Al Thornton,Eric Gordon,Fred Jones,Ricky Davis,Zach Randolph,Darko Milicic,Hakim Warrick,Mike Conley,O.J. Mayo,Rudy Gay,3,3:33,MEM,foul,,,,,,,,Fred Jones,,Mike Conley,,,,,,shooting,,
Al Thornton,Eric Gordon,Fred Jones,Ricky Davis,Zach Randolph,Darko Milicic,Hakim Warrick,Mike Conley,O.J. Mayo,Rudy Gay,3,3:33,LAC,free throw,,,,,,,1,,2,Fred Jones,,,foul,made,,,,
Al Thornton,Eric Gordon,Fred Jones,Ricky Davis,Zach Randolph,Darko Milicic,Greg Buckner,Mike Conley,O.J. Mayo,Rudy Gay,3,3:33,MEM,sub,,,,Greg Buckner,,Hakim Warrick,,,,,,,,,,,,
Al Thornton,Eric Gordon,Fred Jones,Ricky Davis,Zach Randolph,Darko Milicic,Greg Buckner,Mike Conley,O.J. Mayo,Rudy Gay,3,3:33,LAC,free throw,,,,,,,2,,2,Fred Jones,,,foul,made,,,,
Al Thornton,Eric Gordon,Fred Jones,Ricky Davis,Zach Randolph,Darko Milicic,Greg Buckner,Mike Conley,O.J. Mayo,Rudy Gay,3,3:17,MEM,shot,,,,,,,,,,Rudy Gay,2,,,made,,reverse layup,25,6
Al Thornton,Eric Gordon,Fred Jones,Ricky Davis,Zach Randolph,Darko Milicic,Greg Buckner,Mike Conley,O.J. Mayo,Rudy Gay,3,2:51,LAC,shot,Zach Randolph,,,,,,,,,Ricky Davis,3,,,made,,3pt,31,31
Al Thornton,Eric Gordon,Fred Jones,Ricky Davis,Zach Randolph,Darko Milicic,Greg Buckner,Mike Conley,O.J. Mayo,Rudy Gay,3,2:45,MEM,timeout,,,,,,,,,,,,,,,,regular,,
Al Thornton,Eric Gordon,Fred Jones,Ricky Davis,Zach Randolph,Darko Milicic,Greg Buckner,Mike Conley,O.J. Mayo,Rudy Gay,3,2:38,MEM,shot,Mike Conley,,,,,,,,,Rudy Gay,2,,,made,,alley oop dunk,25,6
Al Thornton,Eric Gordon,Fred Jones,Ricky Davis,Zach Randolph,Darko Milicic,Greg Buckner,Mike Conley,O.J. Mayo,Rudy Gay,3,2:14,LAC,shot,,,,,,,,,,Zach Randolph,2,,,made,,turnaround bank,31,10
Al Thornton,Eric Gordon,Fred Jones,Ricky Davis,Zach Randolph,Darko Milicic,Greg Buckner,Mike Conley,O.J. Mayo,Rudy Gay,3,1:53,LAC,foul,,,,,,,,Rudy Gay,,Zach Randolph,,,,,,shooting,,
Al Thornton,Eric Gordon,Fred Jones,Ricky Davis,Zach Randolph,Greg Buckner,Marc Gasol,Mike Conley,O.J. Mayo,Rudy Gay,3,1:53,MEM,sub,,,,Marc Gasol,,Darko Milicic,,,,,,,,,,,,
Al Thornton,Eric Gordon,Fred Jones,Ricky Davis,Zach Randolph,Greg Buckner,Marc Gasol,Mike Conley,O.J. Mayo,Rudy Gay,3,1:53,MEM,free throw,,,,,,,1,,2,Rudy Gay,,,foul,missed,,,,
Al Thornton,Eric Gordon,Fred Jones,Ricky Davis,Zach Randolph,Greg Buckner,Marc Gasol,Mike Conley,O.J. Mayo,Rudy Gay,3,1:53,MEM,rebound,,,,,,,,,,,,,,,,,,
Al Thornton,Eric Gordon,Fred Jones,Ricky Davis,Zach Randolph,Greg Buckner,Marc Gasol,Mike Conley,O.J. Mayo,Rudy Gay,3,1:53,MEM,free throw,,,,,,,2,,2,Rudy Gay,,,foul,missed,,,,
Al Thornton,Eric Gordon,Fred Jones,Ricky Davis,Zach Randolph,Greg Buckner,Marc Gasol,Mike Conley,O.J. Mayo,Rudy Gay,3,1:51,LAC,rebound,,,,,,,,,,Zach Randolph,,,,,,def,,
Al Thornton,Eric Gordon,Fred Jones,Ricky Davis,Zach Randolph,Greg Buckner,Marc Gasol,Mike Conley,O.J. Mayo,Rudy Gay,3,1:27,LAC,shot,,,,,,,,,,Ricky Davis,2,,,made,,jump,27,16
Al Thornton,Eric Gordon,Fred Jones,Ricky Davis,Zach Randolph,Greg Buckner,Marc Gasol,Mike Conley,O.J. Mayo,Rudy Gay,3,1:06,MEM,shot,Mike Conley,,,,,,,,,Greg Buckner,3,,,made,,3pt,11,27
Al Thornton,Eric Gordon,Fred Jones,Ricky Davis,Zach Randolph,Greg Buckner,Marc Gasol,Mike Conley,O.J. Mayo,Rudy Gay,3,0:44,LAC,shot,Zach Randolph,,,,,,,,,Fred Jones,3,,,made,,3pt,9,28
Al Thornton,Eric Gordon,Fred Jones,Ricky Davis,Zach Randolph,Greg Buckner,Marc Gasol,Mike Conley,O.J. Mayo,Rudy Gay,3,0:30,MEM,shot,,,,,,,,,,Greg Buckner,,,,missed,,running layup,25,6
Al Thornton,Eric Gordon,Fred Jones,Ricky Davis,Zach Randolph,Greg Buckner,Marc Gasol,Mike Conley,O.J. Mayo,Rudy Gay,3,0:30,LAC,rebound,,,,,,,,,,,,,,,,,,
Al Thornton,Eric Gordon,Fred Jones,Ricky Davis,Zach Randolph,Greg Buckner,Marc Gasol,Mike Conley,O.J. Mayo,Rudy Gay,3,0:19,LAC,turnover,,,,,,,,,,Eric Gordon,,,bad pass,,Rudy Gay,,,
Al Thornton,Eric Gordon,Fred Jones,Ricky Davis,Zach Randolph,Greg Buckner,Marc Gasol,Mike Conley,O.J. Mayo,Rudy Gay,3,0:16,MEM,turnover,,,,,,,,,,Mike Conley,,,bad pass,,Eric Gordon,,,
Al Thornton,Eric Gordon,Fred Jones,Ricky Davis,Zach Randolph,Greg Buckner,Marc Gasol,Mike Conley,O.J. Mayo,Rudy Gay,3,0:02,LAC,shot,,,,,,,,,,Ricky Davis,2,,,made,,jump,21,26
Al Thornton,Baron Davis,Fred Jones,Marcus Camby,Ricky Davis,Greg Buckner,Marc Gasol,Marko Jaric,Quinton Ross,Rudy Gay,4,11:46,MEM,shot,,,,,,,,,,Rudy Gay,2,,,made,,layup,25,6
Al Thornton,Baron Davis,Fred Jones,Marcus Camby,Ricky Davis,Greg Buckner,Marc Gasol,Marko Jaric,Quinton Ross,Rudy Gay,4,11:46,LAC,foul,,,,,,,,Rudy Gay,,Ricky Davis,,,,,,shooting,,
Al Thornton,Baron Davis,Fred Jones,Marcus Camby,Ricky Davis,Greg Buckner,Marc Gasol,Marko Jaric,Quinton Ross,Rudy Gay,4,11:46,MEM,free throw,,,,,,,1,,1,Rudy Gay,,,foul,made,,,,
Al Thornton,Baron Davis,Fred Jones,Marcus Camby,Ricky Davis,Greg Buckner,Marc Gasol,Marko Jaric,Quinton Ross,Rudy Gay,4,11:35,LAC,shot,,,,,,,,,,Ricky Davis,,,,missed,,3pt,39,28
Al Thornton,Baron Davis,Fred Jones,Marcus Camby,Ricky Davis,Greg Buckner,Marc Gasol,Marko Jaric,Quinton Ross,Rudy Gay,4,11:34,MEM,rebound,,,,,,,,,,Greg Buckner,,,,,,def,,
Al Thornton,Baron Davis,Fred Jones,Marcus Camby,Ricky Davis,Greg Buckner,Marc Gasol,Marko Jaric,Quinton Ross,Rudy Gay,4,11:24,MEM,shot,,,,,,,,,,Marko Jaric,,,,missed,,layup,25,6
Al Thornton,Baron Davis,Fred Jones,Marcus Camby,Ricky Davis,Greg Buckner,Marc Gasol,Marko Jaric,Quinton Ross,Rudy Gay,4,11:22,LAC,rebound,,,,,,,,,,Marcus Camby,,,,,,def,,
Al Thornton,Baron Davis,Fred Jones,Marcus Camby,Ricky Davis,Greg Buckner,Marc Gasol,Marko Jaric,Quinton Ross,Rudy Gay,4,11:07,LAC,shot,,,,,,,,,,Baron Davis,2,,,made,,step back jump,8,15
Al Thornton,Baron Davis,Fred Jones,Marcus Camby,Ricky Davis,Greg Buckner,Marc Gasol,Marko Jaric,Quinton Ross,Rudy Gay,4,10:46,MEM,shot,,,,,,,,,,Marko Jaric,,,,missed,,jump,43,18
Al Thornton,Baron Davis,Fred Jones,Marcus Camby,Ricky Davis,Greg Buckner,Marc Gasol,Marko Jaric,Quinton Ross,Rudy Gay,4,10:45,LAC,rebound,,,,,,,,,,Baron Davis,,,,,,def,,
Al Thornton,Baron Davis,Fred Jones,Marcus Camby,Ricky Davis,Greg Buckner,Marc Gasol,Marko Jaric,Quinton Ross,Rudy Gay,4,10:38,MEM,foul,,,,,,,,Al Thornton,,Greg Buckner,,,,,,personal,,
Al Thornton,Baron Davis,Fred Jones,Marcus Camby,Ricky Davis,Greg Buckner,Marc Gasol,Marko Jaric,Quinton Ross,Rudy Gay,4,10:30,LAC,shot,,,,,,,,,,Marcus Camby,,,,missed,,jump,24,27
Al Thornton,Baron Davis,Fred Jones,Marcus Camby,Ricky Davis,Greg Buckner,Marc Gasol,Marko Jaric,Quinton Ross,Rudy Gay,4,10:29,MEM,rebound,,,,,,,,,,Marko Jaric,,,,,,def,,
Al Thornton,Baron Davis,Fred Jones,Marcus Camby,Ricky Davis,Greg Buckner,Marc Gasol,Marko Jaric,Quinton Ross,Rudy Gay,4,10:14,MEM,shot,,,,,,,,,,Greg Buckner,,,,missed,,layup,25,6
Al Thornton,Baron Davis,Fred Jones,Marcus Camby,Ricky Davis,Greg Buckner,Marc Gasol,Marko Jaric,Quinton Ross,Rudy Gay,4,10:12,MEM,shot,,,,,,,,,,Marc Gasol,2,,,made,,putback layup,25,6
Al Thornton,Baron Davis,Fred Jones,Marcus Camby,Ricky Davis,Greg Buckner,Marc Gasol,Marko Jaric,Quinton Ross,Rudy Gay,4,10:12,MEM,rebound,,,,,,,,,,Marc Gasol,,,,,,off,,
Al Thornton,Baron Davis,Fred Jones,Marcus Camby,Ricky Davis,Greg Buckner,Marc Gasol,Marko Jaric,Quinton Ross,Rudy Gay,4,9:49,LAC,shot,Baron Davis,,,,,,,,,Al Thornton,2,,,made,,layup,25,6
Al Thornton,Baron Davis,Fred Jones,Marcus Camby,Ricky Davis,Greg Buckner,Marc Gasol,Marko Jaric,Quinton Ross,Rudy Gay,4,9:27,MEM,shot,,,,,,,,,,Marko Jaric,2,,,made,,jump,13,24
Al Thornton,Baron Davis,Fred Jones,Marcus Camby,Ricky Davis,Greg Buckner,Marc Gasol,Marko Jaric,Quinton Ross,Rudy Gay,4,9:06,LAC,shot,,,,,,,,,,Al Thornton,,,,missed,,3pt,24,32
Al Thornton,Baron Davis,Fred Jones,Marcus Camby,Ricky Davis,Greg Buckner,Marc Gasol,Marko Jaric,Quinton Ross,Rudy Gay,4,9:05,MEM,rebound,,,,,,,,,,Marc Gasol,,,,,,def,,
Al Thornton,Baron Davis,Fred Jones,Marcus Camby,Ricky Davis,Greg Buckner,Marc Gasol,Marko Jaric,Quinton Ross,Rudy Gay,4,8:48,MEM,shot,,,,,,,,,,Rudy Gay,2,,,made,,jump,24,12
Al Thornton,Baron Davis,Fred Jones,Marcus Camby,Ricky Davis,Greg Buckner,Marc Gasol,Marko Jaric,Quinton Ross,Rudy Gay,4,8:29,LAC,shot,,,,,,,,,,Baron Davis,,,,missed,,driving layup,25,6
Al Thornton,Baron Davis,Fred Jones,Marcus Camby,Ricky Davis,Greg Buckner,Marc Gasol,Marko Jaric,Quinton Ross,Rudy Gay,4,8:27,MEM,rebound,,,,,,,,,,Quinton Ross,,,,,,def,,
Al Thornton,Baron Davis,Fred Jones,Marcus Camby,Ricky Davis,Greg Buckner,Marc Gasol,Marko Jaric,Quinton Ross,Rudy Gay,4,8:18,MEM,turnover,,,,,,,,,,Greg Buckner,,,lost ball,,Fred Jones,,,
Al Thornton,Baron Davis,Fred Jones,Marcus Camby,Ricky Davis,Greg Buckner,Marc Gasol,Marko Jaric,Quinton Ross,Rudy Gay,4,8:03,MEM,foul,,,,,,,,Al Thornton,,Quinton Ross,,,,,,personal,,
Al Thornton,Baron Davis,Fred Jones,Marcus Camby,Ricky Davis,Greg Buckner,Marc Gasol,Marko Jaric,Quinton Ross,Rudy Gay,4,8:03,OFF,timeout,,,,,,,,,,,,,,,,official,,
Al Thornton,Baron Davis,Eric Gordon,Marcus Camby,Ricky Davis,Greg Buckner,Marc Gasol,Marko Jaric,Quinton Ross,Rudy Gay,4,8:03,LAC,sub,,,,Eric Gordon,,Fred Jones,,,,,,,,,,,,
Al Thornton,Baron Davis,Eric Gordon,Marcus Camby,Ricky Davis,Darko Milicic,Greg Buckner,Marko Jaric,Quinton Ross,Rudy Gay,4,8:03,MEM,sub,,,,Darko Milicic,,Marc Gasol,,,,,,,,,,,,
Al Thornton,Baron Davis,Eric Gordon,Marcus Camby,Ricky Davis,Darko Milicic,Greg Buckner,O.J. Mayo,Quinton Ross,Rudy Gay,4,8:03,MEM,sub,,,,O.J. Mayo,,Marko Jaric,,,,,,,,,,,,
Al Thornton,Baron Davis,Eric Gordon,Marcus Camby,Ricky Davis,Darko Milicic,Greg Buckner,Mike Conley,O.J. Mayo,Rudy Gay,4,8:03,MEM,sub,,,,Mike Conley,,Quinton Ross,,,,,,,,,,,,
Al Thornton,Baron Davis,Eric Gordon,Marcus Camby,Ricky Davis,Darko Milicic,Greg Buckner,Mike Conley,O.J. Mayo,Rudy Gay,4,7:54,LAC,turnover,,,,,,,,,,Al Thornton,,,lost ball,,O.J. Mayo,,,
Al Thornton,Baron Davis,Eric Gordon,Marcus Camby,Ricky Davis,Darko Milicic,Greg Buckner,Mike Conley,O.J. Mayo,Rudy Gay,4,7:54,LAC,foul,,,,,,,,O.J. Mayo,,Ricky Davis,,,,,,personal,,
Al Thornton,Baron Davis,Eric Gordon,Marcus Camby,Ricky Davis,Darko Milicic,Greg Buckner,Hakim Warrick,Mike Conley,O.J. Mayo,4,7:54,MEM,sub,,,,Hakim Warrick,,Rudy Gay,,,,,,,,,,,,
Al Thornton,Baron Davis,Eric Gordon,Marcus Camby,Ricky Davis,Darko Milicic,Greg Buckner,Hakim Warrick,Mike Conley,O.J. Mayo,4,7:43,MEM,shot,,,,,,,,,,Darko Milicic,,,,missed,,layup,25,6
Al Thornton,Baron Davis,Eric Gordon,Marcus Camby,Ricky Davis,Darko Milicic,Greg Buckner,Hakim Warrick,Mike Conley,O.J. Mayo,4,7:42,LAC,rebound,,,,,,,,,,Ricky Davis,,,,,,def,,
Al Thornton,Baron Davis,Eric Gordon,Marcus Camby,Ricky Davis,Darko Milicic,Greg Buckner,Hakim Warrick,Mike Conley,O.J. Mayo,4,7:27,LAC,shot,,,,,,,,,,Eric Gordon,,,,missed,,3pt,2,15
Al Thornton,Baron Davis,Eric Gordon,Marcus Camby,Ricky Davis,Darko Milicic,Greg Buckner,Hakim Warrick,Mike Conley,O.J. Mayo,4,7:25,MEM,rebound,,,,,,,,,,Darko Milicic,,,,,,def,,
Al Thornton,Baron Davis,Eric Gordon,Marcus Camby,Ricky Davis,Darko Milicic,Greg Buckner,Hakim Warrick,Mike Conley,O.J. Mayo,4,7:15,MEM,shot,,,,,,,,,,Darko Milicic,,,,missed,,turnaround jump,23,14
Al Thornton,Baron Davis,Eric Gordon,Marcus Camby,Ricky Davis,Darko Milicic,Greg Buckner,Hakim Warrick,Mike Conley,O.J. Mayo,4,7:13,LAC,rebound,,,,,,,,,,Marcus Camby,,,,,,def,,
Al Thornton,Baron Davis,Eric Gordon,Marcus Camby,Ricky Davis,Darko Milicic,Greg Buckner,Hakim Warrick,Mike Conley,O.J. Mayo,4,7:03,LAC,shot,,,,,,,,,,Baron Davis,2,,,made,,turnaround bank,21,9
Al Thornton,Baron Davis,Eric Gordon,Marcus Camby,Ricky Davis,Darko Milicic,Greg Buckner,Hakim Warrick,Mike Conley,O.J. Mayo,4,7:03,MEM,foul,,,,,,,,Baron Davis,,Mike Conley,,,,,,shooting,,
Baron Davis,Eric Gordon,Marcus Camby,Ricky Davis,Zach Randolph,Darko Milicic,Greg Buckner,Hakim Warrick,Mike Conley,O.J. Mayo,4,7:03,LAC,sub,,,,Zach Randolph,,Al Thornton,,,,,,,,,,,,
Baron Davis,Eric Gordon,Marcus Camby,Ricky Davis,Zach Randolph,Darko Milicic,Greg Buckner,Hakim Warrick,Mike Conley,O.J. Mayo,4,7:03,LAC,free throw,,,,,,,1,,1,Baron Davis,,,foul,missed,,,,
Baron Davis,Eric Gordon,Marcus Camby,Ricky Davis,Zach Randolph,Darko Milicic,Greg Buckner,Hakim Warrick,Mike Conley,O.J. Mayo,4,7:01,MEM,rebound,,,,,,,,,,Greg Buckner,,,,,,def,,
Baron Davis,Eric Gordon,Marcus Camby,Ricky Davis,Zach Randolph,Darko Milicic,Greg Buckner,Hakim Warrick,Mike Conley,O.J. Mayo,4,6:50,MEM,shot,,,,,,,,,,O.J. Mayo,,,,missed,,pullup jump,26,28
Baron Davis,Eric Gordon,Marcus Camby,Ricky Davis,Zach Randolph,Darko Milicic,Greg Buckner,Hakim Warrick,Mike Conley,O.J. Mayo,4,6:47,LAC,rebound,,,,,,,,,,Marcus Camby,,,,,,def,,
Baron Davis,Eric Gordon,Marcus Camby,Ricky Davis,Zach Randolph,Darko Milicic,Greg Buckner,Hakim Warrick,Mike Conley,O.J. Mayo,4,6:41,MEM,foul,,,,,,,,Baron Davis,,Darko Milicic,,,,,,shooting,,
Baron Davis,Eric Gordon,Marcus Camby,Ricky Davis,Zach Randolph,Darko Milicic,Greg Buckner,Hakim Warrick,Mike Conley,O.J. Mayo,4,6:41,LAC,free throw,,,,,,,1,,2,Baron Davis,,,foul,made,,,,
Baron Davis,Eric Gordon,Marcus Camby,Steve Novak,Zach Randolph,Darko Milicic,Greg Buckner,Hakim Warrick,Mike Conley,O.J. Mayo,4,6:41,LAC,sub,,,,Steve Novak,,Ricky Davis,,,,,,,,,,,,
Baron Davis,Eric Gordon,Marcus Camby,Steve Novak,Zach Randolph,Darko Milicic,Greg Buckner,Hakim Warrick,Mike Conley,O.J. Mayo,4,6:41,MEM,timeout,,,,,,,,,,,,,,,,regular,,
Baron Davis,Eric Gordon,Marcus Camby,Steve Novak,Zach Randolph,Greg Buckner,Hakim Warrick,Mike Conley,O.J. Mayo,Quinton Ross,4,6:41,MEM,sub,,,,Quinton Ross,,Darko Milicic,,,,,,,,,,,,
Baron Davis,Eric Gordon,Marcus Camby,Steve Novak,Zach Randolph,Greg Buckner,Hakim Warrick,Mike Conley,O.J. Mayo,Quinton Ross,4,6:41,LAC,free throw,,,,,,,2,,2,Baron Davis,,,foul,made,,,,
Baron Davis,Eric Gordon,Marcus Camby,Steve Novak,Zach Randolph,Greg Buckner,Hakim Warrick,Mike Conley,O.J. Mayo,Quinton Ross,4,6:33,MEM,shot,,,,,,,,,,Mike Conley,2,,,made,,driving layup,25,6
Baron Davis,Eric Gordon,Marcus Camby,Steve Novak,Zach Randolph,Greg Buckner,Hakim Warrick,Mike Conley,O.J. Mayo,Quinton Ross,4,6:08,LAC,turnover,,,,,,,,,,Zach Randolph,,,lost ball,,Quinton Ross,,,
Baron Davis,Eric Gordon,Marcus Camby,Steve Novak,Zach Randolph,Greg Buckner,Hakim Warrick,Mike Conley,O.J. Mayo,Quinton Ross,4,6:01,MEM,shot,,,,,,,,,,O.J. Mayo,,,,missed,,fade away jumper,9,13
Baron Davis,Eric Gordon,Marcus Camby,Steve Novak,Zach Randolph,Greg Buckner,Hakim Warrick,Mike Conley,O.J. Mayo,Quinton Ross,4,5:59,LAC,rebound,,,,,,,,,,Marcus Camby,,,,,,def,,
Baron Davis,Eric Gordon,Marcus Camby,Steve Novak,Zach Randolph,Greg Buckner,Hakim Warrick,Mike Conley,O.J. Mayo,Quinton Ross,4,5:53,LAC,shot,,,Greg Buckner,,,,,,,Eric Gordon,,,,missed,,layup,25,6
Baron Davis,Eric Gordon,Marcus Camby,Steve Novak,Zach Randolph,Greg Buckner,Hakim Warrick,Mike Conley,O.J. Mayo,Quinton Ross,4,5:53,LAC,rebound,,,,,,,,,,,,,,,,,,
Baron Davis,Eric Gordon,Marcus Camby,Steve Novak,Zach Randolph,Greg Buckner,Hakim Warrick,Mike Conley,O.J. Mayo,Quinton Ross,4,5:42,LAC,shot,Marcus Camby,,,,,,,,,Steve Novak,2,,,made,,jump,46,8
Baron Davis,Eric Gordon,Marcus Camby,Steve Novak,Zach Randolph,Greg Buckner,Hakim Warrick,Mike Conley,O.J. Mayo,Quinton Ross,4,5:23,MEM,turnover,,,,,,,,,,O.J. Mayo,,,traveling,,,,,
Baron Davis,Eric Gordon,Marcus Camby,Steve Novak,Zach Randolph,Greg Buckner,Hakim Warrick,Mike Conley,O.J. Mayo,Quinton Ross,4,5:08,LAC,turnover,,,,,,,,,,Eric Gordon,,,lost ball,,Mike Conley,,,
Baron Davis,Eric Gordon,Marcus Camby,Steve Novak,Zach Randolph,Greg Buckner,Hakim Warrick,Mike Conley,O.J. Mayo,Quinton Ross,4,5:01,MEM,shot,Greg Buckner,,,,,,,,,Mike Conley,3,,,made,,3pt,48,8
Baron Davis,Eric Gordon,Marcus Camby,Steve Novak,Zach Randolph,Greg Buckner,Hakim Warrick,Mike Conley,O.J. Mayo,Quinton Ross,4,4:48,MEM,foul,,,,,,,,Zach Randolph,,Quinton Ross,,,,,,shooting,,
Baron Davis,Eric Gordon,Marcus Camby,Steve Novak,Zach Randolph,Greg Buckner,Hakim Warrick,Mike Conley,O.J. Mayo,Quinton Ross,4,4:48,LAC,free throw,,,,,,,1,,2,Zach Randolph,,,foul,missed,,,,
Baron Davis,Eric Gordon,Marcus Camby,Steve Novak,Zach Randolph,Greg Buckner,Hakim Warrick,Mike Conley,O.J. Mayo,Quinton Ross,4,4:48,LAC,rebound,,,,,,,,,,,,,,,,,,
Baron Davis,Eric Gordon,Marcus Camby,Steve Novak,Zach Randolph,Greg Buckner,Hakim Warrick,Mike Conley,O.J. Mayo,Quinton Ross,4,4:48,LAC,free throw,,,,,,,2,,2,Zach Randolph,,,foul,missed,,,,
Baron Davis,Eric Gordon,Marcus Camby,Steve Novak,Zach Randolph,Greg Buckner,Hakim Warrick,Mike Conley,O.J. Mayo,Quinton Ross,4,4:47,MEM,rebound,,,,,,,,,,Quinton Ross,,,,,,def,,
Baron Davis,Eric Gordon,Marcus Camby,Steve Novak,Zach Randolph,Greg Buckner,Hakim Warrick,Mike Conley,O.J. Mayo,Quinton Ross,4,4:33,MEM,shot,,,,,,,,,,Mike Conley,2,,,made,,layup,25,6
Baron Davis,Eric Gordon,Marcus Camby,Steve Novak,Zach Randolph,Greg Buckner,Hakim Warrick,Mike Conley,O.J. Mayo,Quinton Ross,4,4:10,LAC,shot,,,,,,,,,,Zach Randolph,,,,missed,,jump,28,14
Baron Davis,Eric Gordon,Marcus Camby,Steve Novak,Zach Randolph,Greg Buckner,Hakim Warrick,Mike Conley,O.J. Mayo,Quinton Ross,4,4:08,LAC,shot,,,,,,,,,,Marcus Camby,2,,,made,,tip,25,6
Baron Davis,Eric Gordon,Marcus Camby,Steve Novak,Zach Randolph,Greg Buckner,Hakim Warrick,Mike Conley,O.J. Mayo,Quinton Ross,4,4:08,LAC,rebound,,,,,,,,,,Marcus Camby,,,,,,off,,
Baron Davis,Eric Gordon,Marcus Camby,Steve Novak,Zach Randolph,Greg Buckner,Hakim Warrick,Mike Conley,O.J. Mayo,Quinton Ross,4,3:52,MEM,shot,,,,,,,,,,Greg Buckner,,,,missed,,3pt,41,26
Baron Davis,Eric Gordon,Marcus Camby,Steve Novak,Zach Randolph,Greg Buckner,Hakim Warrick,Mike Conley,O.J. Mayo,Quinton Ross,4,3:50,MEM,rebound,,,,,,,,,,Quinton Ross,,,,,,off,,
Baron Davis,Eric Gordon,Marcus Camby,Steve Novak,Zach Randolph,Greg Buckner,Hakim Warrick,Mike Conley,O.J. Mayo,Quinton Ross,4,3:44,MEM,shot,,,,,,,,,,Mike Conley,,,,missed,,3pt,20,31
Baron Davis,Eric Gordon,Marcus Camby,Steve Novak,Zach Randolph,Greg Buckner,Hakim Warrick,Mike Conley,O.J. Mayo,Quinton Ross,4,3:42,LAC,rebound,,,,,,,,,,Zach Randolph,,,,,,def,,
Baron Davis,Eric Gordon,Marcus Camby,Steve Novak,Zach Randolph,Greg Buckner,Hakim Warrick,Mike Conley,O.J. Mayo,Quinton Ross,4,3:30,LAC,shot,,,,,,,,,,Baron Davis,2,,,made,,fade away jumper,42,6
Baron Davis,Eric Gordon,Marcus Camby,Steve Novak,Zach Randolph,Greg Buckner,Hakim Warrick,Mike Conley,O.J. Mayo,Quinton Ross,4,3:09,MEM,shot,,,,,,,,,,Quinton Ross,2,,,made,,fade away jumper,24,13
Baron Davis,Eric Gordon,Marcus Camby,Steve Novak,Zach Randolph,Greg Buckner,Hakim Warrick,Mike Conley,O.J. Mayo,Quinton Ross,4,2:50,LAC,shot,Marcus Camby,,,,,,,,,Zach Randolph,3,,,made,,3pt,8,26
Baron Davis,Eric Gordon,Marcus Camby,Steve Novak,Zach Randolph,Greg Buckner,Hakim Warrick,Mike Conley,O.J. Mayo,Quinton Ross,4,2:48,MEM,timeout,,,,,,,,,,,,,,,,short,,
Baron Davis,Eric Gordon,Marcus Camby,Steve Novak,Zach Randolph,Greg Buckner,Hakim Warrick,Mike Conley,O.J. Mayo,Quinton Ross,4,2:48,LAC,timeout,,,,,,,,,,,,,,,,regular,,
Baron Davis,Eric Gordon,Marcus Camby,Steve Novak,Zach Randolph,Darko Milicic,Greg Buckner,Hakim Warrick,Mike Conley,Quinton Ross,4,2:48,MEM,sub,,,,Darko Milicic,,O.J. Mayo,,,,,,,,,,,,
Baron Davis,Eric Gordon,Marcus Camby,Steve Novak,Zach Randolph,Darius Miles,Darko Milicic,Greg Buckner,Hakim Warrick,Quinton Ross,4,2:48,MEM,sub,,,,Darius Miles,,Mike Conley,,,,,,,,,,,,
Baron Davis,Eric Gordon,Marcus Camby,Steve Novak,Zach Randolph,Darius Miles,Darko Milicic,Hakim Warrick,Marko Jaric,Quinton Ross,4,2:48,MEM,sub,,,,Marko Jaric,,Greg Buckner,,,,,,,,,,,,
Al Thornton,Baron Davis,Eric Gordon,Steve Novak,Zach Randolph,Darius Miles,Darko Milicic,Hakim Warrick,Marko Jaric,Quinton Ross,4,2:48,LAC,sub,,,,Al Thornton,,Marcus Camby,,,,,,,,,,,,
Al Thornton,Eric Gordon,Fred Jones,Steve Novak,Zach Randolph,Darius Miles,Darko Milicic,Hakim Warrick,Marko Jaric,Quinton Ross,4,2:48,LAC,sub,,,,Fred Jones,,Baron Davis,,,,,,,,,,,,
Al Thornton,Eric Gordon,Fred Jones,Steve Novak,Zach Randolph,Darius Miles,Darko Milicic,Hakim Warrick,Marko Jaric,Quinton Ross,4,2:41,MEM,shot,Quinton Ross,,,,,,,,,Marko Jaric,2,,,made,,jump,36,23
Al Thornton,Eric Gordon,Fred Jones,Steve Novak,Zach Randolph,Darius Miles,Darko Milicic,Hakim Warrick,Marko Jaric,Quinton Ross,4,2:14,LAC,shot,Eric Gordon,,,,,,,,,Zach Randolph,3,,,made,,3pt,1,12
Al Thornton,Eric Gordon,Fred Jones,Steve Novak,Zach Randolph,Darius Miles,Darko Milicic,Hakim Warrick,Marko Jaric,Quinton Ross,4,2:00,MEM,shot,,,,,,,,,,Darius Miles,2,,,made,,layup,25,6
Al Thornton,Eric Gordon,Fred Jones,Steve Novak,Zach Randolph,Darius Miles,Darko Milicic,Hakim Warrick,Marko Jaric,Quinton Ross,4,2:00,LAC,violation,,,,,,,,,,Zach Randolph,,,,,,defensive goaltending,,
Al Thornton,Eric Gordon,Fred Jones,Steve Novak,Zach Randolph,Darius Miles,Darko Milicic,Hakim Warrick,Marko Jaric,Quinton Ross,4,1:44,LAC,shot,,,,,,,,,,Al Thornton,,,,missed,,3pt,49,8
Al Thornton,Eric Gordon,Fred Jones,Steve Novak,Zach Randolph,Darius Miles,Darko Milicic,Hakim Warrick,Marko Jaric,Quinton Ross,4,1:43,MEM,rebound,,,,,,,,,,Quinton Ross,,,,,,def,,
Al Thornton,Eric Gordon,Fred Jones,Steve Novak,Zach Randolph,Darius Miles,Darko Milicic,Hakim Warrick,Marko Jaric,Quinton Ross,4,1:37,MEM,shot,,,,,,,,,,Marko Jaric,2,,,made,,layup,25,6
Al Thornton,Eric Gordon,Fred Jones,Steve Novak,Zach Randolph,Darius Miles,Darko Milicic,Hakim Warrick,Marko Jaric,Quinton Ross,4,1:22,LAC,shot,,,,,,,,,,Steve Novak,,,,missed,,3pt,48,6
Al Thornton,Eric Gordon,Fred Jones,Steve Novak,Zach Randolph,Darius Miles,Darko Milicic,Hakim Warrick,Marko Jaric,Quinton Ross,4,1:21,MEM,rebound,,,,,,,,,,Darko Milicic,,,,,,def,,
Al Thornton,Eric Gordon,Fred Jones,Steve Novak,Zach Randolph,Darius Miles,Darko Milicic,Hakim Warrick,Marko Jaric,Quinton Ross,4,1:14,LAC,foul,,,,,,,,Marko Jaric,,Fred Jones,,,,,,personal,,
Al Thornton,DeAndre Jordan,Eric Gordon,Fred Jones,Steve Novak,Darius Miles,Darko Milicic,Hakim Warrick,Marko Jaric,Quinton Ross,4,1:14,LAC,sub,,,,DeAndre Jordan,,Zach Randolph,,,,,,,,,,,,
Al Thornton,DeAndre Jordan,Fred Jones,Jason Hart,Steve Novak,Darius Miles,Darko Milicic,Hakim Warrick,Marko Jaric,Quinton Ross,4,1:14,LAC,sub,,,,Jason Hart,,Eric Gordon,,,,,,,,,,,,
Cheikh Samb,DeAndre Jordan,Fred Jones,Jason Hart,Steve Novak,Darius Miles,Darko Milicic,Hakim Warrick,Marko Jaric,Quinton Ross,4,1:14,LAC,sub,,,,Cheikh Samb,,Al Thornton,,,,,,,,,,,,
Cheikh Samb,DeAndre Jordan,Fred Jones,Jason Hart,Steve Novak,Darius Miles,Darko Milicic,Hakim Warrick,Marko Jaric,Quinton Ross,4,1:10,MEM,shot,,,,,,,,,,Marko Jaric,,,,missed,,jump,17,26
Cheikh Samb,DeAndre Jordan,Fred Jones,Jason Hart,Steve Novak,Darius Miles,Darko Milicic,Hakim Warrick,Marko Jaric,Quinton Ross,4,1:08,LAC,rebound,,,,,,,,,,Cheikh Samb,,,,,,def,,
Cheikh Samb,DeAndre Jordan,Fred Jones,Jason Hart,Steve Novak,Darius Miles,Darko Milicic,Hakim Warrick,Marko Jaric,Quinton Ross,4,0:51,LAC,shot,Jason Hart,,,,,,,,,Steve Novak,2,,,made,,fade away jumper,5,7
Cheikh Samb,DeAndre Jordan,Fred Jones,Jason Hart,Steve Novak,Darius Miles,Darko Milicic,Hakim Warrick,Marko Jaric,Quinton Ross,4,0:43,MEM,shot,,,,,,,,,,Darius Miles,,,,missed,,layup,25,6
Cheikh Samb,DeAndre Jordan,Fred Jones,Jason Hart,Steve Novak,Darius Miles,Darko Milicic,Hakim Warrick,Marko Jaric,Quinton Ross,4,0:42,MEM,shot,,,,,,,,,,Darius Miles,2,,,made,,tip,25,6
Cheikh Samb,DeAndre Jordan,Fred Jones,Jason Hart,Steve Novak,Darius Miles,Darko Milicic,Hakim Warrick,Marko Jaric,Quinton Ross,4,0:42,MEM,rebound,,,,,,,,,,Darius Miles,,,,,,off,,
Cheikh Samb,DeAndre Jordan,Fred Jones,Jason Hart,Steve Novak,Darius Miles,Darko Milicic,Hakim Warrick,Marko Jaric,Quinton Ross,4,0:20,LAC,shot,Fred Jones,,,,,,,,,Jason Hart,2,,,made,,jump,32,27
Cheikh Samb,DeAndre Jordan,Fred Jones,Jason Hart,Steve Novak,Darius Miles,Darko Milicic,Hakim Warrick,Marko Jaric,Quinton Ross,4,0:06,MEM,shot,Darius Miles,,,,,,,,,Hakim Warrick,2,,,made,,reverse layup,25,6
