a1,a2,a3,a4,a5,h1,h2,h3,h4,h5,period,time,team,etype,assist,away,block,entered,home,left,num,opponent,outof,player,points,possession,reason,result,steal,type,x,y
Dwyane Wade,Jamario Moon,Jermaine O'Neal,Mario Chalmers,Udonis Haslem,Antoine Wright,Dirk Nowitzki,Erick Dampier,Jason Kidd,Josh Howard,1,12:00,OFF,jump ball,,Jermaine O'Neal,,,Erick Dampier,,,,,,,Mario Chalmers,,,,,,
Dwyane Wade,Jamario Moon,Jermaine O'Neal,Mario Chalmers,Udonis Haslem,Antoine Wright,Dirk Nowitzki,Erick Dampier,Jason Kidd,Josh Howard,1,11:45,MIA,shot,,,,,,,,,,Jamario Moon,,,,missed,,turnaround jump,30,8
Dwyane Wade,Jamario Moon,Jermaine O'Neal,Mario Chalmers,Udonis Haslem,Antoine Wright,Dirk Nowitzki,Erick Dampier,Jason Kidd,Josh Howard,1,11:42,DAL,rebound,,,,,,,,,,Jason Kidd,,,,,,def,,
Dwyane Wade,Jamario Moon,Jermaine O'Neal,Mario Chalmers,Udonis Haslem,Antoine Wright,Dirk Nowitzki,Erick Dampier,Jason Kidd,Josh Howard,1,11:35,DAL,shot,,,,,,,,,,Josh Howard,2,,,made,,jump,33,21
Dwyane Wade,Jamario Moon,Jermaine O'Neal,Mario Chalmers,Udonis Haslem,Antoine Wright,Dirk Nowitzki,Erick Dampier,Jason Kidd,Josh Howard,1,11:13,MIA,shot,,,,,,,,,,Jermaine O'Neal,2,,,made,,jump,24,13
Dwyane Wade,Jamario Moon,Jermaine O'Neal,Mario Chalmers,Udonis Haslem,Antoine Wright,Dirk Nowitzki,Erick Dampier,Jason Kidd,Josh Howard,1,10:57,DAL,shot,,,,,,,,,,Dirk Nowitzki,,,,missed,,jump,11,19
Dwyane Wade,Jamario Moon,Jermaine O'Neal,Mario Chalmers,Udonis Haslem,Antoine Wright,Dirk Nowitzki,Erick Dampier,Jason Kidd,Josh Howard,1,10:54,MIA,rebound,,,,,,,,,,Jamario Moon,,,,,,def,,
Dwyane Wade,Jamario Moon,Jermaine O'Neal,Mario Chalmers,Udonis Haslem,Antoine Wright,Dirk Nowitzki,Erick Dampier,Jason Kidd,Josh Howard,1,10:41,MIA,shot,Jermaine O'Neal,,,,,,,,,Dwyane Wade,2,,,made,,reverse dunk,25,6
Dwyane Wade,Jamario Moon,Jermaine O'Neal,Mario Chalmers,Udonis Haslem,Antoine Wright,Dirk Nowitzki,Erick Dampier,Jason Kidd,Josh Howard,1,10:25,DAL,shot,Jason Kidd,,,,,,,,,Dirk Nowitzki,2,,,made,,fade away jumper,12,7
Dwyane Wade,Jamario Moon,Jermaine O'Neal,Mario Chalmers,Udonis Haslem,Antoine Wright,Dirk Nowitzki,Erick Dampier,Jason Kidd,Josh Howard,1,10:05,MIA,shot,,,Erick Dampier,,,,,,,Jermaine O'Neal,,,,missed,,driving layup,25,6
Dwyane Wade,Jamario Moon,Jermaine O'Neal,Mario Chalmers,Udonis Haslem,Antoine Wright,Dirk Nowitzki,Erick Dampier,Jason Kidd,Josh Howard,1,10:03,DAL,rebound,,,,,,,,,,Erick Dampier,,,,,,def,,
Dwyane Wade,Jamario Moon,Jermaine O'Neal,Mario Chalmers,Udonis Haslem,Antoine Wright,Dirk Nowitzki,Erick Dampier,Jason Kidd,Josh Howard,1,9:54,DAL,turnover,,,,,,,,,,Josh Howard,,,bad pass,,Jamario Moon,,,
Dwyane Wade,Jamario Moon,Jermaine O'Neal,Mario Chalmers,Udonis Haslem,Antoine Wright,Dirk Nowitzki,Erick Dampier,Jason Kidd,Josh Howard,1,9:38,MIA,shot,Jermaine O'Neal,,,,,,,,,Dwyane Wade,2,,,made,,turnaround jump,32,8
Dwyane Wade,Jamario Moon,Jermaine O'Neal,Mario Chalmers,Udonis Haslem,Antoine Wright,Dirk Nowitzki,Erick Dampier,Jason Kidd,Josh Howard,1,9:25,DAL,shot,,,,,,,,,,Josh Howard,,,,missed,,driving layup,25,6
Dwyane Wade,Jamario Moon,Jermaine O'Neal,Mario Chalmers,Udonis Haslem,Antoine Wright,Dirk Nowitzki,Erick Dampier,Jason Kidd,Josh Howard,1,9:23,MIA,rebound,,,,,,,,,,Mario Chalmers,,,,,,def,,
Dwyane Wade,Jamario Moon,Jermaine O'Neal,Mario Chalmers,Udonis Haslem,Antoine Wright,Dirk Nowitzki,Erick Dampier,Jason Kidd,Josh Howard,1,9:18,MIA,shot,Dwyane Wade,,,,,,,,,Mario Chalmers,3,,,made,,3pt,31,29
Dwyane Wade,Jamario Moon,Jermaine O'Neal,Mario Chalmers,Udonis Haslem,Antoine Wright,Dirk Nowitzki,Erick Dampier,Jason Kidd,Josh Howard,1,9:01,DAL,shot,,,,,,,,,,Dirk Nowitzki,2,,,made,,turnaround jump,15,14
Dwyane Wade,Jamario Moon,Jermaine O'Neal,Mario Chalmers,Udonis Haslem,Antoine Wright,Dirk Nowitzki,Erick Dampier,Jason Kidd,Josh Howard,1,8:42,MIA,shot,,,,,,,,,,Jermaine O'Neal,,,,missed,,jump,11,10
Dwyane Wade,Jamario Moon,Jermaine O'Neal,Mario Chalmers,Udonis Haslem,Antoine Wright,Dirk Nowitzki,Erick Dampier,Jason Kidd,Josh Howard,1,8:40,DAL,rebound,,,,,,,,,,Josh Howard,,,,,,def,,
Dwyane Wade,Jamario Moon,Jermaine O'Neal,Mario Chalmers,Udonis Haslem,Antoine Wright,Dirk Nowitzki,Erick Dampier,Jason Kidd,Josh Howard,1,8:34,DAL,shot,Jason Kidd,,,,,,,,,Erick Dampier,2,,,made,,layup,25,6
Dwyane Wade,Jamario Moon,Jermaine O'Neal,Mario Chalmers,Udonis Haslem,Antoine Wright,Dirk Nowitzki,Erick Dampier,Jason Kidd,Josh Howard,1,8:34,MIA,foul,,,,,,,,Erick Dampier,,Jermaine O'Neal,,,,,,shooting,,
Dwyane Wade,Jamario Moon,Jermaine O'Neal,Mario Chalmers,Udonis Haslem,Antoine Wright,Dirk Nowitzki,Erick Dampier,Jason Kidd,Josh Howard,1,8:34,DAL,free throw,,,,,,,1,,1,Erick Dampier,,,foul,missed,,,,
Dwyane Wade,Jamario Moon,Jermaine O'Neal,Mario Chalmers,Udonis Haslem,Antoine Wright,Dirk Nowitzki,Erick Dampier,Jason Kidd,Josh Howard,1,8:33,DAL,rebound,,,,,,,,,,Dirk Nowitzki,,,,,,off,,
Dwyane Wade,Jamario Moon,Jermaine O'Neal,Mario Chalmers,Udonis Haslem,Antoine Wright,Dirk Nowitzki,Erick Dampier,Jason Kidd,Josh Howard,1,8:30,DAL,shot,,,,,,,,,,Dirk Nowitzki,,,,missed,,jump,19,19
Dwyane Wade,Jamario Moon,Jermaine O'Neal,Mario Chalmers,Udonis Haslem,Antoine Wright,Dirk Nowitzki,Erick Dampier,Jason Kidd,Josh Howard,1,8:29,MIA,rebound,,,,,,,,,,Udonis Haslem,,,,,,def,,
Dwyane Wade,Jamario Moon,Jermaine O'Neal,Mario Chalmers,Udonis Haslem,Antoine Wright,Dirk Nowitzki,Erick Dampier,Jason Kidd,Josh Howard,1,8:19,MIA,shot,,,,,,,,,,Udonis Haslem,,,,missed,,jump,37,19
Dwyane Wade,Jamario Moon,Jermaine O'Neal,Mario Chalmers,Udonis Haslem,Antoine Wright,Dirk Nowitzki,Erick Dampier,Jason Kidd,Josh Howard,1,8:17,DAL,rebound,,,,,,,,,,Dirk Nowitzki,,,,,,def,,
Dwyane Wade,Jamario Moon,Jermaine O'Neal,Mario Chalmers,Udonis Haslem,Antoine Wright,Dirk Nowitzki,Erick Dampier,Jason Kidd,Josh Howard,1,8:12,DAL,shot,,,,,,,,,,Antoine Wright,,,,missed,,driving reverse layup,25,6
Dwyane Wade,Jamario Moon,Jermaine O'Neal,Mario Chalmers,Udonis Haslem,Antoine Wright,Dirk Nowitzki,Erick Dampier,Jason Kidd,Josh Howard,1,8:09,MIA,rebound,,,,,,,,,,Jermaine O'Neal,,,,,,def,,
Dwyane Wade,Jamario Moon,Jermaine O'Neal,Mario Chalmers,Udonis Haslem,Antoine Wright,Dirk Nowitzki,Erick Dampier,Jason Kidd,Josh Howard,1,8:02,MIA,shot,,,,,,,,,,Mario Chalmers,3,,,made,,3pt,14,28
Dwyane Wade,Jamario Moon,Jermaine O'Neal,Mario Chalmers,Udonis Haslem,Antoine Wright,Dirk Nowitzki,Erick Dampier,Jason Kidd,Josh Howard,1,7:41,DAL,shot,,,,,,,,,,Josh Howard,2,,,made,,layup,25,6
Dwyane Wade,Jamario Moon,Jermaine O'Neal,Mario Chalmers,Udonis Haslem,Antoine Wright,Dirk Nowitzki,Erick Dampier,Jason Kidd,Josh Howard,1,7:18,MIA,shot,Mario Chalmers,,,,,,,,,Jamario Moon,3,,,made,,3pt,33,29
Dwyane Wade,Jamario Moon,Jermaine O'Neal,Mario Chalmers,Udonis Haslem,Antoine Wright,Dirk Nowitzki,Erick Dampier,Jason Kidd,Josh Howard,1,6:53,DAL,shot,Jason Kidd,,,,,,,,,Erick Dampier,2,,,made,,layup,25,6
Dwyane Wade,Jamario Moon,Jermaine O'Neal,Mario Chalmers,Udonis Haslem,Antoine Wright,Dirk Nowitzki,Erick Dampier,Jason Kidd,Josh Howard,1,6:28,MIA,shot,Jamario Moon,,,,,,,,,Jermaine O'Neal,2,,,made,,driving layup,25,6
Dwyane Wade,Jamario Moon,Jermaine O'Neal,Mario Chalmers,Udonis Haslem,Antoine Wright,Dirk Nowitzki,Erick Dampier,Jason Kidd,Josh Howard,1,6:12,MIA,foul,,,,,,,,Dirk Nowitzki,,Udonis Haslem,,,,,,shooting,,
Dwyane Wade,Jamario Moon,Jermaine O'Neal,Mario Chalmers,Udonis Haslem,Antoine Wright,Dirk Nowitzki,Erick Dampier,Jason Kidd,Josh Howard,1,6:12,DAL,free throw,,,,,,,1,,2,Dirk Nowitzki,,,foul,made,,,,
Dwyane Wade,Jamario Moon,Jermaine O'Neal,Mario Chalmers,Udonis Haslem,Antoine Wright,Dirk Nowitzki,Erick Dampier,Jason Kidd,Josh Howard,1,6:12,DAL,free throw,,,,,,,2,,2,Dirk Nowitzki,,,foul,made,,,,
Dwyane Wade,Jamario Moon,Jermaine O'Neal,Mario Chalmers,Udonis Haslem,Antoine Wright,Dirk Nowitzki,Erick Dampier,Jason Kidd,Josh Howard,1,5:57,MIA,shot,,,,,,,,,,Jamario Moon,,,,missed,,3pt,10,26
Dwyane Wade,Jamario Moon,Jermaine O'Neal,Mario Chalmers,Udonis Haslem,Antoine Wright,Dirk Nowitzki,Erick Dampier,Jason Kidd,Josh Howard,1,5:55,MIA,rebound,,,,,,,,,,Jermaine O'Neal,,,,,,off,,
Dwyane Wade,Jamario Moon,Jermaine O'Neal,Mario Chalmers,Udonis Haslem,Antoine Wright,Dirk Nowitzki,Erick Dampier,Jason Kidd,Josh Howard,1,5:52,MIA,shot,,,Erick Dampier,,,,,,,Jermaine O'Neal,,,,missed,,layup,25,6
Dwyane Wade,Jamario Moon,Jermaine O'Neal,Mario Chalmers,Udonis Haslem,Antoine Wright,Dirk Nowitzki,Erick Dampier,Jason Kidd,Josh Howard,1,5:52,DAL,rebound,,,,,,,,,,Dirk Nowitzki,,,,,,def,,
Dwyane Wade,Jamario Moon,Jermaine O'Neal,Mario Chalmers,Udonis Haslem,Antoine Wright,Dirk Nowitzki,Erick Dampier,Jason Kidd,Josh Howard,1,5:40,DAL,shot,,,,,,,,,,Josh Howard,2,,,made,,floating jump,34,7
Dwyane Wade,Jamario Moon,Jermaine O'Neal,Mario Chalmers,Udonis Haslem,Antoine Wright,Dirk Nowitzki,Erick Dampier,Jason Kidd,Josh Howard,1,5:31,MIA,timeout,,,,,,,,,,,,,,,,regular,,
Dwyane Wade,Jamario Moon,Jermaine O'Neal,Mario Chalmers,Udonis Haslem,Antoine Wright,Dirk Nowitzki,Erick Dampier,Jason Kidd,Josh Howard,1,5:22,MIA,shot,,,Josh Howard,,,,,,,Dwyane Wade,,,,missed,,driving layup,25,6
Dwyane Wade,Jamario Moon,Jermaine O'Neal,Mario Chalmers,Udonis Haslem,Antoine Wright,Dirk Nowitzki,Erick Dampier,Jason Kidd,Josh Howard,1,5:20,DAL,rebound,,,,,,,,,,Dirk Nowitzki,,,,,,def,,
Dwyane Wade,Jamario Moon,Jermaine O'Neal,Mario Chalmers,Udonis Haslem,Antoine Wright,Erick Dampier,James Singleton,Jason Kidd,Josh Howard,1,5:14,DAL,sub,,,,James Singleton,,Dirk Nowitzki,,,,,,,,,,,,
Dwyane Wade,Jamario Moon,Jermaine O'Neal,Mario Chalmers,Udonis Haslem,Erick Dampier,James Singleton,Jason Kidd,Jason Terry,Josh Howard,1,5:14,DAL,sub,,,,Jason Terry,,Antoine Wright,,,,,,,,,,,,
Dwyane Wade,Jamario Moon,Jermaine O'Neal,Mario Chalmers,Udonis Haslem,Erick Dampier,James Singleton,Jason Kidd,Jason Terry,Josh Howard,1,4:59,DAL,shot,,,,,,,,,,Josh Howard,2,,,made,,jump,33,26
Dwyane Wade,Jamario Moon,Jermaine O'Neal,Mario Chalmers,Udonis Haslem,Erick Dampier,James Singleton,Jason Kidd,Jason Terry,Josh Howard,1,4:42,MIA,turnover,,,,,,,,,,Mario Chalmers,,,lost ball,,Jason Terry,,,
Dwyane Wade,Jamario Moon,Jermaine O'Neal,Mario Chalmers,Udonis Haslem,Erick Dampier,James Singleton,Jason Kidd,Jason Terry,Josh Howard,1,4:30,DAL,shot,Jason Kidd,,,,,,,,,Jason Terry,3,,,made,,3pt,44,20
Dwyane Wade,Jamario Moon,Jermaine O'Neal,Mario Chalmers,Udonis Haslem,Erick Dampier,James Singleton,Jason Kidd,Jason Terry,Josh Howard,1,4:09,MIA,turnover,,,,,,,,,,Jermaine O'Neal,,,traveling,,,,,
Dwyane Wade,Jamario Moon,Jermaine O'Neal,Mario Chalmers,Michael Beasley,Erick Dampier,James Singleton,Jason Kidd,Jason Terry,Josh Howard,1,4:09,MIA,sub,,,,Michael Beasley,,Udonis Haslem,,,,,,,,,,,,
Daequan Cook,Dwyane Wade,Jamario Moon,Jermaine O'Neal,Michael Beasley,Erick Dampier,James Singleton,Jason Kidd,Jason Terry,Josh Howard,1,4:09,MIA,sub,,,,Daequan Cook,,Mario Chalmers,,,,,,,,,,,,
Daequan Cook,Dwyane Wade,Jamario Moon,Jermaine O'Neal,Michael Beasley,Erick Dampier,James Singleton,Jason Kidd,Jason Terry,Josh Howard,1,3:53,DAL,shot,,,,,,,,,,Josh Howard,,,,missed,,driving layup,25,6
Daequan Cook,Dwyane Wade,Jamario Moon,Jermaine O'Neal,Michael Beasley,Erick Dampier,James Singleton,Jason Kidd,Jason Terry,Josh Howard,1,3:51,MIA,rebound,,,,,,,,,,Jamario Moon,,,,,,def,,
Daequan Cook,Dwyane Wade,Jamario Moon,Jermaine O'Neal,Michael Beasley,Erick Dampier,James Singleton,Jason Kidd,Jason Terry,Josh Howard,1,3:46,DAL,foul,,,,,,,,Dwyane Wade,,Jason Kidd,,,,,,personal,,
Daequan Cook,Dwyane Wade,Jamaal Magloire,Jamario Moon,Michael Beasley,Erick Dampier,James Singleton,Jason Kidd,Jason Terry,Josh Howard,1,3:46,MIA,sub,,,,Jamaal Magloire,,Jermaine O'Neal,,,,,,,,,,,,
Daequan Cook,Dwyane Wade,Jamaal Magloire,Jamario Moon,Michael Beasley,Erick Dampier,James Singleton,Jason Kidd,Jason Terry,Josh Howard,1,3:38,MIA,shot,,,,,,,,,,Michael Beasley,,,,missed,,jump,34,24
Daequan Cook,Dwyane Wade,Jamaal Magloire,Jamario Moon,Michael Beasley,Erick Dampier,James Singleton,Jason Kidd,Jason Terry,Josh Howard,1,3:36,DAL,rebound,,,,,,,,,,Josh Howard,,,,,,def,,
Daequan Cook,Dwyane Wade,Jamaal Magloire,Jamario Moon,Michael Beasley,Erick Dampier,James Singleton,Jason Kidd,Jason Terry,Josh Howard,1,3:23,DAL,turnover,,,,,,,,,,Jason Kidd,,,bad pass,,Michael Beasley,,,
Daequan Cook,Dwyane Wade,Jamaal Magloire,Jamario Moon,Michael Beasley,Erick Dampier,James Singleton,Jason Kidd,Jason Terry,Josh Howard,1,3:17,MIA,shot,Dwyane Wade,,,,,,,,,Daequan Cook,3,,,made,,3pt,12,29
Daequan Cook,Dwyane Wade,Jamaal Magloire,Jamario Moon,Michael Beasley,Erick Dampier,James Singleton,Jason Kidd,Jason Terry,Josh Howard,1,3:00,DAL,shot,,,,,,,,,,Jason Kidd,,,,missed,,3pt,47,17
Daequan Cook,Dwyane Wade,Jamaal Magloire,Jamario Moon,Michael Beasley,Erick Dampier,James Singleton,Jason Kidd,Jason Terry,Josh Howard,1,2:58,MIA,rebound,,,,,,,,,,Michael Beasley,,,,,,def,,
Daequan Cook,Dwyane Wade,Jamaal Magloire,Jamario Moon,Michael Beasley,Erick Dampier,James Singleton,Jason Kidd,Jason Terry,Josh Howard,1,2:55,MIA,shot,,,,,,,,,,Dwyane Wade,2,,,made,,running jump,16,7
Daequan Cook,Dwyane Wade,Jamaal Magloire,Jamario Moon,Michael Beasley,Erick Dampier,James Singleton,Jason Kidd,Jason Terry,Josh Howard,1,2:55,DAL,foul,,,,,,,,Dwyane Wade,,Jason Terry,,,,,,shooting,,
Daequan Cook,Dwyane Wade,Jamaal Magloire,Jamario Moon,Michael Beasley,Erick Dampier,James Singleton,Jason Kidd,Jason Terry,Josh Howard,1,2:55,DAL,timeout,,,,,,,,,,,,,,,,regular,,
Daequan Cook,Dwyane Wade,Jamaal Magloire,Jamario Moon,Michael Beasley,James Singleton,Jason Kidd,Jason Terry,Josh Howard,Ryan Hollins,1,2:55,DAL,sub,,,,Ryan Hollins,,Erick Dampier,,,,,,,,,,,,
Daequan Cook,Dwyane Wade,Jamaal Magloire,Jamario Moon,Michael Beasley,James Singleton,Jason Kidd,Jason Terry,Josh Howard,Ryan Hollins,1,2:55,MIA,free throw,,,,,,,1,,1,Dwyane Wade,,,foul,made,,,,
Daequan Cook,Dwyane Wade,Jamaal Magloire,Jamario Moon,Michael Beasley,James Singleton,Jason Kidd,Jason Terry,Josh Howard,Ryan Hollins,1,2:42,DAL,shot,,,,,,,,,,Jason Terry,,,,missed,,jump,8,17
Daequan Cook,Dwyane Wade,Jamaal Magloire,Jamario Moon,Michael Beasley,James Singleton,Jason Kidd,Jason Terry,Josh Howard,Ryan Hollins,1,2:40,MIA,rebound,,,,,,,,,,Jamaal Magloire,,,,,,def,,
Daequan Cook,Dwyane Wade,Jamaal Magloire,Jamario Moon,Michael Beasley,James Singleton,Jason Kidd,Jason Terry,Josh Howard,Ryan Hollins,1,2:25,MIA,turnover,,,,,,,,,,Dwyane Wade,,,lost ball,,Jason Kidd,,,
Daequan Cook,Dwyane Wade,Jamaal Magloire,Jamario Moon,Michael Beasley,James Singleton,Jason Kidd,Jason Terry,Josh Howard,Ryan Hollins,1,2:16,DAL,shot,,,,,,,,,,Josh Howard,,,,missed,,3pt,14,28
Daequan Cook,Dwyane Wade,Jamaal Magloire,Jamario Moon,Michael Beasley,James Singleton,Jason Kidd,Jason Terry,Josh Howard,Ryan Hollins,1,2:13,MIA,rebound,,,,,,,,,,Jamario Moon,,,,,,def,,
Daequan Cook,Dwyane Wade,Jamaal Magloire,Jamario Moon,Michael Beasley,James Singleton,Jason Kidd,Jason Terry,Josh Howard,Ryan Hollins,1,1:59,MIA,shot,,,,,,,,,,Michael Beasley,,,,missed,,driving layup,25,6
Daequan Cook,Dwyane Wade,Jamaal Magloire,Jamario Moon,Michael Beasley,James Singleton,Jason Kidd,Jason Terry,Josh Howard,Ryan Hollins,1,1:58,DAL,rebound,,,,,,,,,,Josh Howard,,,,,,def,,
Daequan Cook,Dwyane Wade,Jamaal Magloire,Jamario Moon,Michael Beasley,James Singleton,Jason Kidd,Jason Terry,Josh Howard,Ryan Hollins,1,1:41,DAL,shot,,,,,,,,,,James Singleton,,,,missed,,3pt,2,6
Daequan Cook,Dwyane Wade,Jamaal Magloire,Jamario Moon,Michael Beasley,James Singleton,Jason Kidd,Jason Terry,Josh Howard,Ryan Hollins,1,1:39,DAL,rebound,,,,,,,,,,James Singleton,,,,,,off,,
Daequan Cook,Dwyane Wade,Jamaal Magloire,Jamario Moon,Michael Beasley,James Singleton,Jason Kidd,Jason Terry,Josh Howard,Ryan Hollins,1,1:35,DAL,shot,James Singleton,,,,,,,,,Josh Howard,3,,,made,,3pt,18,30
Daequan Cook,Dwyane Wade,Jamaal Magloire,Jamario Moon,Michael Beasley,James Singleton,Jason Kidd,Jason Terry,Josh Howard,Ryan Hollins,1,1:18,MIA,shot,,,,,,,,,,Dwyane Wade,,,,missed,,running jump,21,9
Daequan Cook,Dwyane Wade,Jamaal Magloire,Jamario Moon,Michael Beasley,James Singleton,Jason Kidd,Jason Terry,Josh Howard,Ryan Hollins,1,1:18,MIA,rebound,,,,,,,,,,Jamaal Magloire,,,,,,off,,
Daequan Cook,Dwyane Wade,Jamaal Magloire,Jamario Moon,Michael Beasley,James Singleton,Jason Kidd,Jason Terry,Josh Howard,Ryan Hollins,1,1:18,DAL,foul,,,,,,,,Jamaal Magloire,,James Singleton,,,,,,personal,,
Daequan Cook,Dwyane Wade,Jamaal Magloire,Jamario Moon,Michael Beasley,Dirk Nowitzki,Jason Kidd,Jason Terry,Josh Howard,Ryan Hollins,1,1:18,DAL,sub,,,,Dirk Nowitzki,,James Singleton,,,,,,,,,,,,
Daequan Cook,Dwyane Wade,Jamaal Magloire,Jamario Moon,Michael Beasley,Dirk Nowitzki,Jason Terry,Jose Juan Barea,Josh Howard,Ryan Hollins,1,1:18,DAL,sub,,,,Jose Juan Barea,,Jason Kidd,,,,,,,,,,,,
Daequan Cook,Dwyane Wade,Jamaal Magloire,Jamario Moon,Michael Beasley,Antoine Wright,Dirk Nowitzki,Jason Terry,Jose Juan Barea,Ryan Hollins,1,1:18,DAL,sub,,,,Antoine Wright,,Josh Howard,,,,,,,,,,,,
Daequan Cook,Dwyane Wade,Jamaal Magloire,James Jones,Michael Beasley,Antoine Wright,Dirk Nowitzki,Jason Terry,Jose Juan Barea,Ryan Hollins,1,1:18,MIA,sub,,,,James Jones,,Jamario Moon,,,,,,,,,,,,
Daequan Cook,Dwyane Wade,Jamaal Magloire,James Jones,Michael Beasley,Antoine Wright,Dirk Nowitzki,Jason Terry,Jose Juan Barea,Ryan Hollins,1,1:11,MIA,shot,Dwyane Wade,,,,,,,,,Jamaal Magloire,2,,,made,,slam dunk,25,6
Daequan Cook,Dwyane Wade,Jamaal Magloire,James Jones,Michael Beasley,Antoine Wright,Dirk Nowitzki,Jason Terry,Jose Juan Barea,Ryan Hollins,1,0:50,MIA,foul,,,,,,,,Dirk Nowitzki,,Michael Beasley,,,,,,shooting,,
Daequan Cook,Dwyane Wade,Jamaal Magloire,James Jones,Michael Beasley,Antoine Wright,Dirk Nowitzki,Jason Terry,Jose Juan Barea,Ryan Hollins,1,0:50,DAL,free throw,,,,,,,1,,2,Dirk Nowitzki,,,foul,made,,,,
Daequan Cook,Dwyane Wade,Jamaal Magloire,James Jones,Michael Beasley,Antoine Wright,Dirk Nowitzki,Jason Terry,Jose Juan Barea,Ryan Hollins,1,0:50,DAL,free throw,,,,,,,2,,2,Dirk Nowitzki,,,foul,made,,,,
Daequan Cook,Dwyane Wade,Jamaal Magloire,James Jones,Michael Beasley,Antoine Wright,Dirk Nowitzki,Jason Terry,Jose Juan Barea,Ryan Hollins,1,0:36,MIA,shot,Jamaal Magloire,,,,,,,,,Michael Beasley,2,,,made,,fade away jumper,17,8
Daequan Cook,Dwyane Wade,Jamaal Magloire,James Jones,Michael Beasley,Antoine Wright,Dirk Nowitzki,Jason Terry,Jose Juan Barea,Ryan Hollins,1,0:23,DAL,turnover,,,,,,,,,,Dirk Nowitzki,,,bad pass,,Dwyane Wade,,,
Daequan Cook,Dwyane Wade,Jamaal Magloire,James Jones,Michael Beasley,Antoine Wright,Dirk Nowitzki,Jason Terry,Jose Juan Barea,Ryan Hollins,1,0:00,MIA,turnover,,,,,,,,,,Dwyane Wade,,,bad pass,,Jason Terry,,,
Daequan Cook,Dwyane Wade,Jamaal Magloire,James Jones,Michael Beasley,Antoine Wright,Dirk Nowitzki,Jason Terry,Jose Juan Barea,Ryan Hollins,1,0:00,DAL,shot,,,,,,,,,,Jason Terry,,,,missed,,3pt,25,38
Daequan Cook,Dwyane Wade,Jamaal Magloire,James Jones,Michael Beasley,Antoine Wright,Dirk Nowitzki,Jason Terry,Jose Juan Barea,Ryan Hollins,1,0:00,MIA,rebound,,,,,,,,,,,,,,,,,,
Chris Quinn,Daequan Cook,Jamaal Magloire,James Jones,Michael Beasley,Antoine Wright,Dirk Nowitzki,Jason Terry,Jose Juan Barea,Ryan Hollins,2,11:45,MIA,foul,,,,,,,,Jose Juan Barea,,Chris Quinn,,,,,,personal,,
Chris Quinn,Daequan Cook,Jamaal Magloire,James Jones,Michael Beasley,Antoine Wright,Dirk Nowitzki,Jason Terry,Jose Juan Barea,Ryan Hollins,2,11:38,DAL,shot,,,,,,,,,,Antoine Wright,,,,missed,,3pt,48,7
Chris Quinn,Daequan Cook,Jamaal Magloire,James Jones,Michael Beasley,Antoine Wright,Dirk Nowitzki,Jason Terry,Jose Juan Barea,Ryan Hollins,2,11:35,MIA,rebound,,,,,,,,,,Daequan Cook,,,,,,def,,
Chris Quinn,Daequan Cook,Jamaal Magloire,James Jones,Michael Beasley,Antoine Wright,Dirk Nowitzki,Jason Terry,Jose Juan Barea,Ryan Hollins,2,11:32,MIA,turnover,,,,,,,,,,Daequan Cook,,,lost ball,,Antoine Wright,,,
Chris Quinn,Daequan Cook,Jamaal Magloire,James Jones,Michael Beasley,Antoine Wright,Dirk Nowitzki,Jason Terry,Jose Juan Barea,Ryan Hollins,2,11:23,MIA,foul,,,,,,,,Antoine Wright,,Chris Quinn,,,,,,personal,,
Chris Quinn,Daequan Cook,Jamaal Magloire,James Jones,Michael Beasley,Antoine Wright,Dirk Nowitzki,Jason Terry,Jose Juan Barea,Ryan Hollins,2,11:08,DAL,shot,Dirk Nowitzki,,,,,,,,,Jose Juan Barea,3,,,made,,3pt,14,30
Chris Quinn,Daequan Cook,Jamaal Magloire,James Jones,Michael Beasley,Antoine Wright,Dirk Nowitzki,Jason Terry,Jose Juan Barea,Ryan Hollins,2,10:48,MIA,shot,,,,,,,,,,Michael Beasley,2,,,made,,running jump,17,8
Chris Quinn,Daequan Cook,Jamaal Magloire,James Jones,Michael Beasley,Antoine Wright,Dirk Nowitzki,Jason Terry,Jose Juan Barea,Ryan Hollins,2,10:33,DAL,shot,Jose Juan Barea,,,,,,,,,Jason Terry,2,,,made,,running reverse layup,25,6
Chris Quinn,Daequan Cook,Jamaal Magloire,James Jones,Michael Beasley,Antoine Wright,Dirk Nowitzki,Jason Terry,Jose Juan Barea,Ryan Hollins,2,10:06,MIA,shot,,,,,,,,,,Daequan Cook,,,,missed,,3pt,47,6
Chris Quinn,Daequan Cook,Jamaal Magloire,James Jones,Michael Beasley,Antoine Wright,Dirk Nowitzki,Jason Terry,Jose Juan Barea,Ryan Hollins,2,10:04,DAL,rebound,,,,,,,,,,Ryan Hollins,,,,,,def,,
Chris Quinn,Daequan Cook,Jamaal Magloire,James Jones,Michael Beasley,Antoine Wright,Dirk Nowitzki,Jason Terry,Jose Juan Barea,Ryan Hollins,2,9:54,DAL,shot,,,,,,,,,,Jose Juan Barea,2,,,made,,jump,8,7
Chris Quinn,Daequan Cook,Jamaal Magloire,James Jones,Michael Beasley,Antoine Wright,Dirk Nowitzki,Jason Terry,Jose Juan Barea,Ryan Hollins,2,9:28,MIA,shot,,,,,,,,,,James Jones,,,,missed,,3pt,47,12
Chris Quinn,Daequan Cook,Jamaal Magloire,James Jones,Michael Beasley,Antoine Wright,Dirk Nowitzki,Jason Terry,Jose Juan Barea,Ryan Hollins,2,9:25,MIA,rebound,,,,,,,,,,Jamaal Magloire,,,,,,off,,
Chris Quinn,Daequan Cook,Jamaal Magloire,James Jones,Michael Beasley,Antoine Wright,Dirk Nowitzki,Jason Terry,Jose Juan Barea,Ryan Hollins,2,9:10,MIA,shot,Chris Quinn,,,,,,,,,Daequan Cook,2,,,made,,jump,11,24
Chris Quinn,Daequan Cook,Jamaal Magloire,James Jones,Michael Beasley,Antoine Wright,Dirk Nowitzki,Jason Terry,Jose Juan Barea,Ryan Hollins,2,8:48,OFF,timeout,,,,,,,,,,,,,,,,official,,
Chris Quinn,Daequan Cook,Jamaal Magloire,James Jones,Michael Beasley,Antoine Wright,Dirk Nowitzki,Jason Terry,Jose Juan Barea,Ryan Hollins,2,8:44,MIA,foul,,,,,,,,Dirk Nowitzki,,Jamaal Magloire,,,,,,shooting,,
Chris Quinn,Daequan Cook,Jamaal Magloire,James Jones,Michael Beasley,Antoine Wright,Dirk Nowitzki,Jason Terry,Jose Juan Barea,Ryan Hollins,2,8:44,DAL,free throw,,,,,,,1,,2,Dirk Nowitzki,,,foul,made,,,,
Daequan Cook,Jamaal Magloire,James Jones,Mario Chalmers,Michael Beasley,Antoine Wright,Dirk Nowitzki,Jason Terry,Jose Juan Barea,Ryan Hollins,2,8:44,MIA,sub,,,,Mario Chalmers,,Chris Quinn,,,,,,,,,,,,
Daequan Cook,Jamaal Magloire,James Jones,Mario Chalmers,Michael Beasley,Antoine Wright,Dirk Nowitzki,Jason Terry,Jose Juan Barea,Ryan Hollins,2,8:44,DAL,free throw,,,,,,,2,,2,Dirk Nowitzki,,,foul,made,,,,
Daequan Cook,Jamaal Magloire,James Jones,Mario Chalmers,Michael Beasley,Antoine Wright,Dirk Nowitzki,Jason Terry,Jose Juan Barea,Ryan Hollins,2,8:39,DAL,foul,,,,,,,,Mario Chalmers,,Jose Juan Barea,,,,,,personal,,
Daequan Cook,Jamaal Magloire,James Jones,Mario Chalmers,Michael Beasley,Antoine Wright,Dirk Nowitzki,Jason Terry,Jose Juan Barea,Ryan Hollins,2,8:19,MIA,shot,,,,,,,,,,Mario Chalmers,2,,,made,,floating jump,24,12
Daequan Cook,Jamaal Magloire,James Jones,Mario Chalmers,Michael Beasley,Antoine Wright,Dirk Nowitzki,Jason Terry,Jose Juan Barea,Ryan Hollins,2,8:09,MIA,foul,,,,,,,,Ryan Hollins,,Daequan Cook,,,,,,personal,,
Daequan Cook,Jamaal Magloire,James Jones,Mario Chalmers,Michael Beasley,Antoine Wright,Dirk Nowitzki,Jason Terry,Jose Juan Barea,Ryan Hollins,2,7:54,DAL,shot,,,,,,,,,,Antoine Wright,,,,missed,,3pt,2,7
Daequan Cook,Jamaal Magloire,James Jones,Mario Chalmers,Michael Beasley,Antoine Wright,Dirk Nowitzki,Jason Terry,Jose Juan Barea,Ryan Hollins,2,7:54,DAL,rebound,,,,,,,,,,Ryan Hollins,,,,,,off,,
Daequan Cook,Jamaal Magloire,James Jones,Mario Chalmers,Michael Beasley,Antoine Wright,Dirk Nowitzki,Jason Terry,Jose Juan Barea,Ryan Hollins,2,7:54,MIA,foul,,,,,,,,Ryan Hollins,,Jamaal Magloire,,,,,,loose ball,,
Daequan Cook,Jamaal Magloire,James Jones,Mario Chalmers,Michael Beasley,Antoine Wright,Dirk Nowitzki,Jason Terry,Jose Juan Barea,Ryan Hollins,2,7:54,DAL,free throw,,,,,,,1,,2,Ryan Hollins,,,foul,made,,,,
Daequan Cook,James Jones,Jermaine O'Neal,Mario Chalmers,Michael Beasley,Antoine Wright,Dirk Nowitzki,Jason Terry,Jose Juan Barea,Ryan Hollins,2,7:54,MIA,sub,,,,Jermaine O'Neal,,Jamaal Magloire,,,,,,,,,,,,
Daequan Cook,James Jones,Jermaine O'Neal,Mario Chalmers,Michael Beasley,Antoine Wright,Dirk Nowitzki,Jason Terry,Jose Juan Barea,Ryan Hollins,2,7:54,DAL,free throw,,,,,,,2,,2,Ryan Hollins,,,foul,made,,,,
Daequan Cook,James Jones,Jermaine O'Neal,Mario Chalmers,Michael Beasley,Antoine Wright,Dirk Nowitzki,Jason Terry,Jose Juan Barea,Ryan Hollins,2,7:41,MIA,shot,Mario Chalmers,,,,,,,,,Jermaine O'Neal,2,,,made,,jump,30,15
Daequan Cook,James Jones,Jermaine O'Neal,Mario Chalmers,Michael Beasley,Antoine Wright,Dirk Nowitzki,Jason Terry,Jose Juan Barea,Ryan Hollins,2,7:27,DAL,turnover,,,,,,,,,,Jose Juan Barea,,,bad pass,,Michael Beasley,,,
Daequan Cook,James Jones,Jermaine O'Neal,Mario Chalmers,Michael Beasley,Antoine Wright,Dirk Nowitzki,Jason Terry,Jose Juan Barea,Ryan Hollins,2,7:20,MIA,shot,,,,,,,,,,Michael Beasley,,,,missed,,3pt,16,29
Daequan Cook,James Jones,Jermaine O'Neal,Mario Chalmers,Michael Beasley,Antoine Wright,Dirk Nowitzki,Jason Terry,Jose Juan Barea,Ryan Hollins,2,7:19,DAL,rebound,,,,,,,,,,,,,,,,,,
Daequan Cook,James Jones,Jermaine O'Neal,Mario Chalmers,Michael Beasley,Antoine Wright,Dirk Nowitzki,Jason Terry,Jose Juan Barea,Ryan Hollins,2,7:08,DAL,shot,,,,,,,,,,Dirk Nowitzki,2,,,made,,turnaround jump,35,16
Daequan Cook,James Jones,Jermaine O'Neal,Mario Chalmers,Michael Beasley,Antoine Wright,Dirk Nowitzki,Jason Terry,Jose Juan Barea,Ryan Hollins,2,6:47,DAL,foul,,,,,,,,Michael Beasley,,Ryan Hollins,,,,,,shooting,,
Daequan Cook,James Jones,Jermaine O'Neal,Mario Chalmers,Michael Beasley,Antoine Wright,Dirk Nowitzki,Jason Terry,Jose Juan Barea,Ryan Hollins,2,6:47,MIA,free throw,,,,,,,1,,2,Michael Beasley,,,foul,made,,,,
Daequan Cook,James Jones,Jermaine O'Neal,Mario Chalmers,Michael Beasley,Dirk Nowitzki,Jason Kidd,Jason Terry,Jose Juan Barea,Ryan Hollins,2,6:47,DAL,sub,,,,Jason Kidd,,Antoine Wright,,,,,,,,,,,,
Daequan Cook,James Jones,Jermaine O'Neal,Mario Chalmers,Michael Beasley,Dirk Nowitzki,Erick Dampier,Jason Kidd,Jason Terry,Jose Juan Barea,2,6:47,DAL,sub,,,,Erick Dampier,,Ryan Hollins,,,,,,,,,,,,
Daequan Cook,James Jones,Jermaine O'Neal,Mario Chalmers,Michael Beasley,Dirk Nowitzki,Erick Dampier,Jason Kidd,Jason Terry,Jose Juan Barea,2,6:47,MIA,free throw,,,,,,,2,,2,Michael Beasley,,,foul,made,,,,
Daequan Cook,James Jones,Jermaine O'Neal,Mario Chalmers,Michael Beasley,Dirk Nowitzki,Erick Dampier,Jason Kidd,Jason Terry,Jose Juan Barea,2,6:28,DAL,shot,,,James Jones,,,,,,,Dirk Nowitzki,,,,missed,,turnaround jump,21,11
Daequan Cook,James Jones,Jermaine O'Neal,Mario Chalmers,Michael Beasley,Dirk Nowitzki,Erick Dampier,Jason Kidd,Jason Terry,Jose Juan Barea,2,6:25,MIA,rebound,,,,,,,,,,James Jones,,,,,,def,,
Daequan Cook,James Jones,Jermaine O'Neal,Mario Chalmers,Michael Beasley,Dirk Nowitzki,Erick Dampier,Jason Kidd,Jason Terry,Jose Juan Barea,2,6:14,DAL,foul,,,,,,,,Michael Beasley,,Dirk Nowitzki,,,,,,shooting,,
Daequan Cook,James Jones,Jermaine O'Neal,Mario Chalmers,Michael Beasley,Dirk Nowitzki,Erick Dampier,Jason Kidd,Jason Terry,Jose Juan Barea,2,6:14,DAL,timeout,,,,,,,,,,,,,,,,regular,,
Daequan Cook,James Jones,Jermaine O'Neal,Mario Chalmers,Michael Beasley,Brandon Bass,Erick Dampier,Jason Kidd,Jason Terry,Jose Juan Barea,2,6:14,DAL,sub,,,,Brandon Bass,,Dirk Nowitzki,,,,,,,,,,,,
Daequan Cook,Dwyane Wade,Jermaine O'Neal,Mario Chalmers,Michael Beasley,Brandon Bass,Erick Dampier,Jason Kidd,Jason Terry,Jose Juan Barea,2,6:14,MIA,sub,,,,Dwyane Wade,,James Jones,,,,,,,,,,,,
Daequan Cook,Dwyane Wade,Jermaine O'Neal,Mario Chalmers,Michael Beasley,Antoine Wright,Brandon Bass,Erick Dampier,Jason Kidd,Jason Terry,2,6:14,DAL,sub,,,,Antoine Wright,,Jose Juan Barea,,,,,,,,,,,,
Daequan Cook,Dwyane Wade,Jermaine O'Neal,Mario Chalmers,Michael Beasley,Antoine Wright,Brandon Bass,Erick Dampier,Jason Kidd,Jason Terry,2,6:14,MIA,free throw,,,,,,,1,,2,Michael Beasley,,,foul,made,,,,
Daequan Cook,Dwyane Wade,Jermaine O'Neal,Mario Chalmers,Michael Beasley,Antoine Wright,Brandon Bass,Erick Dampier,Jason Kidd,Jason Terry,2,6:14,MIA,free throw,,,,,,,2,,2,Michael Beasley,,,foul,made,,,,
Daequan Cook,Dwyane Wade,Jermaine O'Neal,Mario Chalmers,Michael Beasley,Antoine Wright,Brandon Bass,Erick Dampier,Jason Kidd,Jason Terry,2,5:59,DAL,shot,Jason Kidd,,,,,,,,,Brandon Bass,2,,,made,,jump,39,9
Daequan Cook,Dwyane Wade,Jermaine O'Neal,Mario Chalmers,Michael Beasley,Antoine Wright,Brandon Bass,Erick Dampier,Jason Kidd,Jason Terry,2,5:44,MIA,shot,,,,,,,,,,Daequan Cook,,,,missed,,3pt,14,29
Daequan Cook,Dwyane Wade,Jermaine O'Neal,Mario Chalmers,Michael Beasley,Antoine Wright,Brandon Bass,Erick Dampier,Jason Kidd,Jason Terry,2,5:42,MIA,rebound,,,,,,,,,,Mario Chalmers,,,,,,off,,
Daequan Cook,Dwyane Wade,Jermaine O'Neal,Mario Chalmers,Michael Beasley,Antoine Wright,Brandon Bass,Erick Dampier,Jason Kidd,Jason Terry,2,5:36,MIA,shot,,,,,,,,,,Jermaine O'Neal,,,,missed,,jump,15,16
Daequan Cook,Dwyane Wade,Jermaine O'Neal,Mario Chalmers,Michael Beasley,Antoine Wright,Brandon Bass,Erick Dampier,Jason Kidd,Jason Terry,2,5:34,MIA,shot,,,,,,,,,,Dwyane Wade,2,,,made,,putback dunk,25,6
Daequan Cook,Dwyane Wade,Jermaine O'Neal,Mario Chalmers,Michael Beasley,Antoine Wright,Brandon Bass,Erick Dampier,Jason Kidd,Jason Terry,2,5:34,MIA,rebound,,,,,,,,,,Dwyane Wade,,,,,,off,,
Daequan Cook,Dwyane Wade,Jermaine O'Neal,Mario Chalmers,Michael Beasley,Antoine Wright,Brandon Bass,Erick Dampier,Jason Kidd,Jason Terry,2,5:26,DAL,shot,,,,,,,,,,Erick Dampier,,,,missed,,driving layup,25,6
Daequan Cook,Dwyane Wade,Jermaine O'Neal,Mario Chalmers,Michael Beasley,Antoine Wright,Brandon Bass,Erick Dampier,Jason Kidd,Jason Terry,2,5:24,MIA,rebound,,,,,,,,,,Michael Beasley,,,,,,def,,
Daequan Cook,Dwyane Wade,Jermaine O'Neal,Mario Chalmers,Michael Beasley,Antoine Wright,Brandon Bass,Erick Dampier,Jason Kidd,Jason Terry,2,5:09,MIA,shot,,,,,,,,,,Dwyane Wade,,,,missed,,jump,7,8
Daequan Cook,Dwyane Wade,Jermaine O'Neal,Mario Chalmers,Michael Beasley,Antoine Wright,Brandon Bass,Erick Dampier,Jason Kidd,Jason Terry,2,5:07,DAL,rebound,,,,,,,,,,Brandon Bass,,,,,,def,,
Daequan Cook,Dwyane Wade,Jermaine O'Neal,Mario Chalmers,Michael Beasley,Antoine Wright,Brandon Bass,Erick Dampier,Jason Kidd,Jason Terry,2,4:51,DAL,shot,Jason Kidd,,,,,,,,,Antoine Wright,3,,,made,,3pt,47,9
Daequan Cook,Dwyane Wade,Jermaine O'Neal,Mario Chalmers,Michael Beasley,Antoine Wright,Brandon Bass,Erick Dampier,Jason Kidd,Jason Terry,2,4:23,MIA,shot,,,,,,,,,,Jermaine O'Neal,,,,missed,,turnaround fade away,14,10
Daequan Cook,Dwyane Wade,Jermaine O'Neal,Mario Chalmers,Michael Beasley,Antoine Wright,Brandon Bass,Erick Dampier,Jason Kidd,Jason Terry,2,4:22,DAL,rebound,,,,,,,,,,Brandon Bass,,,,,,def,,
Daequan Cook,Dwyane Wade,Jermaine O'Neal,Mario Chalmers,Michael Beasley,Antoine Wright,Brandon Bass,Erick Dampier,Jason Kidd,Jason Terry,2,4:03,DAL,shot,,,,,,,,,,Brandon Bass,,,,missed,,jump,36,21
Daequan Cook,Dwyane Wade,Jermaine O'Neal,Mario Chalmers,Michael Beasley,Antoine Wright,Brandon Bass,Erick Dampier,Jason Kidd,Jason Terry,2,4:01,MIA,rebound,,,,,,,,,,,,,,,,,,
Daequan Cook,Dwyane Wade,Jermaine O'Neal,Mario Chalmers,Udonis Haslem,Antoine Wright,Brandon Bass,Erick Dampier,Jason Kidd,Jason Terry,2,4:00,MIA,sub,,,,Udonis Haslem,,Michael Beasley,,,,,,,,,,,,
Daequan Cook,Dwyane Wade,Jermaine O'Neal,Mario Chalmers,Udonis Haslem,Antoine Wright,Brandon Bass,Erick Dampier,Jason Kidd,Jason Terry,2,3:45,MIA,shot,,,,,,,,,,Mario Chalmers,,,,missed,,3pt,48,14
Daequan Cook,Dwyane Wade,Jermaine O'Neal,Mario Chalmers,Udonis Haslem,Antoine Wright,Brandon Bass,Erick Dampier,Jason Kidd,Jason Terry,2,3:43,DAL,rebound,,,,,,,,,,Antoine Wright,,,,,,def,,
Daequan Cook,Dwyane Wade,Jermaine O'Neal,Mario Chalmers,Udonis Haslem,Antoine Wright,Brandon Bass,Erick Dampier,Jason Kidd,Jason Terry,2,3:37,DAL,shot,,,,,,,,,,Jason Terry,,,,missed,,jump,32,12
Daequan Cook,Dwyane Wade,Jermaine O'Neal,Mario Chalmers,Udonis Haslem,Antoine Wright,Brandon Bass,Erick Dampier,Jason Kidd,Jason Terry,2,3:35,MIA,rebound,,,,,,,,,,Udonis Haslem,,,,,,def,,
Daequan Cook,Dwyane Wade,Jermaine O'Neal,Mario Chalmers,Udonis Haslem,Antoine Wright,Brandon Bass,Erick Dampier,Jason Kidd,Jason Terry,2,3:24,MIA,shot,,,,,,,,,,Jermaine O'Neal,,,,missed,,layup,25,6
Daequan Cook,Dwyane Wade,Jermaine O'Neal,Mario Chalmers,Udonis Haslem,Antoine Wright,Brandon Bass,Erick Dampier,Jason Kidd,Jason Terry,2,3:23,MIA,shot,,,,,,,,,,Jermaine O'Neal,,,,missed,,putback layup,25,6
Daequan Cook,Dwyane Wade,Jermaine O'Neal,Mario Chalmers,Udonis Haslem,Antoine Wright,Brandon Bass,Erick Dampier,Jason Kidd,Jason Terry,2,3:23,MIA,rebound,,,,,,,,,,Jermaine O'Neal,,,,,,off,,
Daequan Cook,Dwyane Wade,Jermaine O'Neal,Mario Chalmers,Udonis Haslem,Antoine Wright,Brandon Bass,Erick Dampier,Jason Kidd,Jason Terry,2,3:22,DAL,rebound,,,,,,,,,,Brandon Bass,,,,,,def,,
Daequan Cook,Dwyane Wade,Jermaine O'Neal,Mario Chalmers,Udonis Haslem,Antoine Wright,Brandon Bass,Erick Dampier,Jason Kidd,Jason Terry,2,3:11,DAL,shot,,,,,,,,,,Erick Dampier,,,,missed,,jump,16,6
Daequan Cook,Dwyane Wade,Jermaine O'Neal,Mario Chalmers,Udonis Haslem,Antoine Wright,Brandon Bass,Erick Dampier,Jason Kidd,Jason Terry,2,3:09,MIA,rebound,,,,,,,,,,Mario Chalmers,,,,,,def,,
Daequan Cook,Dwyane Wade,Jermaine O'Neal,Mario Chalmers,Udonis Haslem,Antoine Wright,Brandon Bass,Erick Dampier,Jason Kidd,Jason Terry,2,2:51,DAL,foul,,,,,,,,Jermaine O'Neal,,Brandon Bass,,,,,,shooting,,
Daequan Cook,Dwyane Wade,Jermaine O'Neal,Mario Chalmers,Udonis Haslem,Antoine Wright,Brandon Bass,Erick Dampier,Jason Kidd,Jason Terry,2,2:51,MIA,timeout,,,,,,,,,,,,,,,,regular,,
Daequan Cook,Dwyane Wade,Jermaine O'Neal,Mario Chalmers,Udonis Haslem,Antoine Wright,Brandon Bass,Erick Dampier,Jason Kidd,Jason Terry,2,2:51,MIA,free throw,,,,,,,1,,2,Jermaine O'Neal,,,foul,made,,,,
Daequan Cook,Dwyane Wade,Jermaine O'Neal,Mario Chalmers,Udonis Haslem,Antoine Wright,Brandon Bass,Erick Dampier,Jason Kidd,Jason Terry,2,2:51,MIA,free throw,,,,,,,2,,2,Jermaine O'Neal,,,foul,missed,,,,
Daequan Cook,Dwyane Wade,Jermaine O'Neal,Mario Chalmers,Udonis Haslem,Antoine Wright,Brandon Bass,Erick Dampier,Jason Kidd,Jason Terry,2,2:50,DAL,rebound,,,,,,,,,,Erick Dampier,,,,,,def,,
Daequan Cook,Dwyane Wade,Jermaine O'Neal,Mario Chalmers,Udonis Haslem,Antoine Wright,Brandon Bass,Erick Dampier,Jason Kidd,Jason Terry,2,2:35,DAL,shot,,,,,,,,,,Brandon Bass,,,,missed,,jump,40,9
Daequan Cook,Dwyane Wade,Jermaine O'Neal,Mario Chalmers,Udonis Haslem,Antoine Wright,Brandon Bass,Erick Dampier,Jason Kidd,Jason Terry,2,2:33,DAL,rebound,,,,,,,,,,Erick Dampier,,,,,,off,,
Daequan Cook,Dwyane Wade,Jermaine O'Neal,Mario Chalmers,Udonis Haslem,Antoine Wright,Brandon Bass,Erick Dampier,Jason Kidd,Jason Terry,2,2:19,DAL,turnover,,,,,,,,,,Jason Kidd,,,lost ball,,Daequan Cook,,,
Daequan Cook,Dwyane Wade,Jermaine O'Neal,Mario Chalmers,Udonis Haslem,Antoine Wright,Brandon Bass,Erick Dampier,Jason Kidd,Jason Terry,2,2:13,MIA,shot,,,,,,,,,,Udonis Haslem,,,,missed,,jump,42,8
Daequan Cook,Dwyane Wade,Jermaine O'Neal,Mario Chalmers,Udonis Haslem,Antoine Wright,Brandon Bass,Erick Dampier,Jason Kidd,Jason Terry,2,2:10,DAL,rebound,,,,,,,,,,Jason Kidd,,,,,,def,,
Daequan Cook,Dwyane Wade,Jermaine O'Neal,Mario Chalmers,Udonis Haslem,Antoine Wright,Brandon Bass,Erick Dampier,Jason Kidd,Jason Terry,2,2:07,DAL,shot,,,,,,,,,,Jason Terry,,,,missed,,3pt,41,24
Daequan Cook,Dwyane Wade,Jermaine O'Neal,Mario Chalmers,Udonis Haslem,Antoine Wright,Brandon Bass,Erick Dampier,Jason Kidd,Jason Terry,2,2:05,MIA,rebound,,,,,,,,,,Jermaine O'Neal,,,,,,def,,
Daequan Cook,Dwyane Wade,Jermaine O'Neal,Mario Chalmers,Udonis Haslem,Antoine Wright,Brandon Bass,Erick Dampier,Jason Kidd,Jason Terry,2,1:41,MIA,shot,,,,,,,,,,Mario Chalmers,,,,missed,,jump,5,10
Daequan Cook,Dwyane Wade,Jermaine O'Neal,Mario Chalmers,Udonis Haslem,Antoine Wright,Brandon Bass,Erick Dampier,Jason Kidd,Jason Terry,2,1:39,MIA,rebound,,,,,,,,,,Jermaine O'Neal,,,,,,off,,
Daequan Cook,Dwyane Wade,Jermaine O'Neal,Mario Chalmers,Udonis Haslem,Antoine Wright,Brandon Bass,Erick Dampier,Jason Kidd,Jason Terry,2,1:24,MIA,shot,,,,,,,,,,Jermaine O'Neal,,,,missed,,turnaround jump,32,9
Daequan Cook,Dwyane Wade,Jermaine O'Neal,Mario Chalmers,Udonis Haslem,Antoine Wright,Brandon Bass,Erick Dampier,Jason Kidd,Jason Terry,2,1:21,DAL,rebound,,,,,,,,,,Brandon Bass,,,,,,def,,
Daequan Cook,Dwyane Wade,Jermaine O'Neal,Mario Chalmers,Udonis Haslem,Antoine Wright,Brandon Bass,Erick Dampier,Jason Kidd,Jason Terry,2,1:15,DAL,shot,,,,,,,,,,Jason Terry,,,,missed,,jump,5,6
Daequan Cook,Dwyane Wade,Jermaine O'Neal,Mario Chalmers,Udonis Haslem,Antoine Wright,Brandon Bass,Erick Dampier,Jason Kidd,Jason Terry,2,1:13,MIA,rebound,,,,,,,,,,Udonis Haslem,,,,,,def,,
Daequan Cook,Dwyane Wade,Jermaine O'Neal,Mario Chalmers,Udonis Haslem,Antoine Wright,Brandon Bass,Erick Dampier,Jason Kidd,Jason Terry,2,1:07,MIA,shot,Mario Chalmers,,,,,,,,,Daequan Cook,3,,,made,,3pt,48,7
Daequan Cook,Dwyane Wade,Jermaine O'Neal,Mario Chalmers,Udonis Haslem,Antoine Wright,Brandon Bass,Erick Dampier,Jason Kidd,Jason Terry,2,1:03,DAL,timeout,,,,,,,,,,,,,,,,short,,
Daequan Cook,Dwyane Wade,Jermaine O'Neal,Mario Chalmers,Udonis Haslem,Antoine Wright,Dirk Nowitzki,Erick Dampier,Jason Kidd,Jason Terry,2,1:03,DAL,sub,,,,Dirk Nowitzki,,Brandon Bass,,,,,,,,,,,,
Daequan Cook,Dwyane Wade,Jermaine O'Neal,Mario Chalmers,Udonis Haslem,Antoine Wright,Dirk Nowitzki,Erick Dampier,Jason Kidd,Jason Terry,2,0:44,DAL,shot,Jason Kidd,,,,,,,,,Dirk Nowitzki,2,,,made,,turnaround jump,35,19
Daequan Cook,Dwyane Wade,Jermaine O'Neal,Mario Chalmers,Udonis Haslem,Antoine Wright,Dirk Nowitzki,Erick Dampier,Jason Kidd,Jason Terry,2,0:29,MIA,shot,,,,,,,,,,Dwyane Wade,,,,missed,,layup,25,6
Daequan Cook,Dwyane Wade,Jermaine O'Neal,Mario Chalmers,Udonis Haslem,Antoine Wright,Dirk Nowitzki,Erick Dampier,Jason Kidd,Jason Terry,2,0:29,MIA,shot,,,,,,,,,,Jermaine O'Neal,2,,,made,,putback layup,25,6
Daequan Cook,Dwyane Wade,Jermaine O'Neal,Mario Chalmers,Udonis Haslem,Antoine Wright,Dirk Nowitzki,Erick Dampier,Jason Kidd,Jason Terry,2,0:29,MIA,rebound,,,,,,,,,,Jermaine O'Neal,,,,,,off,,
Daequan Cook,Dwyane Wade,Jermaine O'Neal,Mario Chalmers,Udonis Haslem,Antoine Wright,Dirk Nowitzki,Erick Dampier,Jason Kidd,Jason Terry,2,0:09,DAL,shot,,,,,,,,,,Jason Terry,,,,missed,,3pt,2,6
Daequan Cook,Dwyane Wade,Jermaine O'Neal,Mario Chalmers,Udonis Haslem,Antoine Wright,Dirk Nowitzki,Erick Dampier,Jason Kidd,Jason Terry,2,0:06,DAL,rebound,,,,,,,,,,Jason Terry,,,,,,off,,
Daequan Cook,Dwyane Wade,Jermaine O'Neal,Mario Chalmers,Udonis Haslem,Antoine Wright,Dirk Nowitzki,Erick Dampier,Jason Kidd,Jason Terry,2,0:02,DAL,shot,,,,,,,,,,Jason Terry,,,,missed,,3pt,2,7
Daequan Cook,Dwyane Wade,Jermaine O'Neal,Mario Chalmers,Udonis Haslem,Antoine Wright,Dirk Nowitzki,Erick Dampier,Jason Kidd,Jason Terry,2,0:00,MIA,rebound,,,,,,,,,,Udonis Haslem,,,,,,def,,
Dwyane Wade,Jamario Moon,Jermaine O'Neal,Mario Chalmers,Udonis Haslem,Antoine Wright,Dirk Nowitzki,Erick Dampier,Jason Kidd,Josh Howard,3,11:37,DAL,shot,,,Dwyane Wade,,,,,,,Antoine Wright,,,,missed,,jump,17,15
Dwyane Wade,Jamario Moon,Jermaine O'Neal,Mario Chalmers,Udonis Haslem,Antoine Wright,Dirk Nowitzki,Erick Dampier,Jason Kidd,Josh Howard,3,11:34,MIA,rebound,,,,,,,,,,Jamario Moon,,,,,,def,,
Dwyane Wade,Jamario Moon,Jermaine O'Neal,Mario Chalmers,Udonis Haslem,Antoine Wright,Dirk Nowitzki,Erick Dampier,Jason Kidd,Josh Howard,3,11:28,MIA,shot,Dwyane Wade,,,,,,,,,Mario Chalmers,3,,,made,,3pt,14,28
Dwyane Wade,Jamario Moon,Jermaine O'Neal,Mario Chalmers,Udonis Haslem,Antoine Wright,Dirk Nowitzki,Erick Dampier,Jason Kidd,Josh Howard,3,11:27,DAL,timeout,,,,,,,,,,,,,,,,short,,
Dwyane Wade,Jamario Moon,Jermaine O'Neal,Mario Chalmers,Udonis Haslem,Antoine Wright,Dirk Nowitzki,Erick Dampier,Jason Kidd,Josh Howard,3,11:06,DAL,shot,,,,,,,,,,Jason Kidd,,,,missed,,3pt,37,27
Dwyane Wade,Jamario Moon,Jermaine O'Neal,Mario Chalmers,Udonis Haslem,Antoine Wright,Dirk Nowitzki,Erick Dampier,Jason Kidd,Josh Howard,3,11:04,MIA,rebound,,,,,,,,,,Udonis Haslem,,,,,,def,,
Dwyane Wade,Jamario Moon,Jermaine O'Neal,Mario Chalmers,Udonis Haslem,Antoine Wright,Dirk Nowitzki,Erick Dampier,Jason Kidd,Josh Howard,3,10:54,MIA,shot,,,,,,,,,,Dwyane Wade,,,,missed,,driving layup,25,6
Dwyane Wade,Jamario Moon,Jermaine O'Neal,Mario Chalmers,Udonis Haslem,Antoine Wright,Dirk Nowitzki,Erick Dampier,Jason Kidd,Josh Howard,3,10:52,DAL,rebound,,,,,,,,,,Jason Kidd,,,,,,def,,
Dwyane Wade,Jamario Moon,Jermaine O'Neal,Mario Chalmers,Udonis Haslem,Antoine Wright,Dirk Nowitzki,Erick Dampier,Jason Kidd,Josh Howard,3,10:48,MIA,foul,,,,,,,,Antoine Wright,,Jamario Moon,,,,,,personal,,
Dwyane Wade,Jamario Moon,Jermaine O'Neal,Mario Chalmers,Udonis Haslem,Antoine Wright,Dirk Nowitzki,Erick Dampier,Jason Kidd,Josh Howard,3,10:35,DAL,shot,,,,,,,,,,Josh Howard,,,,missed,,turnaround jump,15,8
Dwyane Wade,Jamario Moon,Jermaine O'Neal,Mario Chalmers,Udonis Haslem,Antoine Wright,Dirk Nowitzki,Erick Dampier,Jason Kidd,Josh Howard,3,10:33,MIA,rebound,,,,,,,,,,Jermaine O'Neal,,,,,,def,,
Dwyane Wade,Jamario Moon,Jermaine O'Neal,Mario Chalmers,Udonis Haslem,Antoine Wright,Dirk Nowitzki,Erick Dampier,Jason Kidd,Josh Howard,3,10:13,DAL,foul,,,,,,,,Mario Chalmers,,Erick Dampier,,,,,,shooting,,
Dwyane Wade,Jamario Moon,Jermaine O'Neal,Mario Chalmers,Udonis Haslem,Antoine Wright,Dirk Nowitzki,Erick Dampier,Jason Kidd,Josh Howard,3,10:13,MIA,free throw,,,,,,,1,,2,Mario Chalmers,,,foul,missed,,,,
Dwyane Wade,Jamario Moon,Jermaine O'Neal,Mario Chalmers,Udonis Haslem,Antoine Wright,Dirk Nowitzki,Erick Dampier,Jason Kidd,Josh Howard,3,10:13,MIA,rebound,,,,,,,,,,,,,,,,,,
Dwyane Wade,Jamario Moon,Jermaine O'Neal,Mario Chalmers,Udonis Haslem,Antoine Wright,Dirk Nowitzki,Erick Dampier,Jason Kidd,Josh Howard,3,10:13,MIA,free throw,,,,,,,2,,2,Mario Chalmers,,,foul,made,,,,
Dwyane Wade,Jamario Moon,Jermaine O'Neal,Mario Chalmers,Udonis Haslem,Antoine Wright,Dirk Nowitzki,Erick Dampier,Jason Kidd,Josh Howard,3,10:05,MIA,foul,,,,,,,,Antoine Wright,,Udonis Haslem,,,,,,personal,,
Dwyane Wade,Jamario Moon,Jermaine O'Neal,Mario Chalmers,Udonis Haslem,Antoine Wright,Dirk Nowitzki,Erick Dampier,Jason Kidd,Josh Howard,3,9:55,DAL,foul,,,,,,,,Jamario Moon,,Erick Dampier,,,,,,offensive,,
Dwyane Wade,Jamario Moon,Jermaine O'Neal,Mario Chalmers,Udonis Haslem,Antoine Wright,Dirk Nowitzki,Erick Dampier,Jason Kidd,Josh Howard,3,9:55,DAL,turnover,,,,,,,,,,Erick Dampier,,,foul,,,,,
Dwyane Wade,Jamario Moon,Jermaine O'Neal,Mario Chalmers,Udonis Haslem,Antoine Wright,Dirk Nowitzki,Erick Dampier,Jason Kidd,Josh Howard,3,9:33,MIA,shot,,,,,,,,,,Jermaine O'Neal,,,,missed,,turnaround jump,40,9
Dwyane Wade,Jamario Moon,Jermaine O'Neal,Mario Chalmers,Udonis Haslem,Antoine Wright,Dirk Nowitzki,Erick Dampier,Jason Kidd,Josh Howard,3,9:31,DAL,rebound,,,,,,,,,,Dirk Nowitzki,,,,,,def,,
Dwyane Wade,Jamario Moon,Jermaine O'Neal,Mario Chalmers,Udonis Haslem,Antoine Wright,Dirk Nowitzki,Erick Dampier,Jason Kidd,Josh Howard,3,9:22,MIA,foul,,,,,,,,Josh Howard,,Mario Chalmers,,,,,,shooting,,
Dwyane Wade,Jamario Moon,Jermaine O'Neal,Mario Chalmers,Udonis Haslem,Antoine Wright,Dirk Nowitzki,Erick Dampier,Jason Kidd,Josh Howard,3,9:22,DAL,free throw,,,,,,,1,,2,Josh Howard,,,foul,made,,,,
Dwyane Wade,Jamario Moon,Jermaine O'Neal,Mario Chalmers,Udonis Haslem,Antoine Wright,Dirk Nowitzki,Erick Dampier,Jason Kidd,Josh Howard,3,9:22,DAL,free throw,,,,,,,2,,2,Josh Howard,,,foul,made,,,,
Dwyane Wade,Jamario Moon,Jermaine O'Neal,Mario Chalmers,Udonis Haslem,Antoine Wright,Dirk Nowitzki,Erick Dampier,Jason Kidd,Josh Howard,3,9:11,DAL,foul,,,,,,,,Dwyane Wade,,Antoine Wright,,,,,,personal,,
Dwyane Wade,Jamario Moon,Jermaine O'Neal,Mario Chalmers,Udonis Haslem,Antoine Wright,Dirk Nowitzki,Erick Dampier,Jason Kidd,Josh Howard,3,9:05,MIA,shot,Mario Chalmers,,,,,,,,,Dwyane Wade,2,,,made,,jump,24,26
Dwyane Wade,Jamario Moon,Jermaine O'Neal,Mario Chalmers,Udonis Haslem,Antoine Wright,Dirk Nowitzki,Erick Dampier,Jason Kidd,Josh Howard,3,8:49,DAL,shot,,,,,,,,,,Josh Howard,,,,missed,,jump,12,24
Dwyane Wade,Jamario Moon,Jermaine O'Neal,Mario Chalmers,Udonis Haslem,Antoine Wright,Dirk Nowitzki,Erick Dampier,Jason Kidd,Josh Howard,3,8:47,MIA,rebound,,,,,,,,,,Dwyane Wade,,,,,,def,,
Dwyane Wade,Jamario Moon,Jermaine O'Neal,Mario Chalmers,Udonis Haslem,Antoine Wright,Dirk Nowitzki,Erick Dampier,Jason Kidd,Josh Howard,3,8:40,DAL,foul,,,,,,,,Dwyane Wade,,Jason Kidd,,,,,,shooting,,
Dwyane Wade,Jamario Moon,Jermaine O'Neal,Mario Chalmers,Udonis Haslem,Antoine Wright,Dirk Nowitzki,Erick Dampier,Jason Kidd,Josh Howard,3,8:40,MIA,free throw,,,,,,,1,,2,Dwyane Wade,,,foul,made,,,,
Dwyane Wade,Jamario Moon,Jermaine O'Neal,Mario Chalmers,Udonis Haslem,Antoine Wright,Dirk Nowitzki,Erick Dampier,Jason Kidd,Josh Howard,3,8:40,MIA,free throw,,,,,,,2,,2,Dwyane Wade,,,foul,made,,,,
Dwyane Wade,Jamario Moon,Jermaine O'Neal,Mario Chalmers,Udonis Haslem,Antoine Wright,Dirk Nowitzki,Erick Dampier,Jason Kidd,Josh Howard,3,8:25,DAL,shot,,,,,,,,,,Antoine Wright,,,,missed,,jump,11,6
Dwyane Wade,Jamario Moon,Jermaine O'Neal,Mario Chalmers,Udonis Haslem,Antoine Wright,Dirk Nowitzki,Erick Dampier,Jason Kidd,Josh Howard,3,8:23,MIA,rebound,,,,,,,,,,Udonis Haslem,,,,,,def,,
Dwyane Wade,Jamario Moon,Jermaine O'Neal,Mario Chalmers,Udonis Haslem,Antoine Wright,Dirk Nowitzki,Erick Dampier,Jason Kidd,Josh Howard,3,8:10,MIA,shot,,,,,,,,,,Dwyane Wade,,,,missed,,jump,38,24
Dwyane Wade,Jamario Moon,Jermaine O'Neal,Mario Chalmers,Udonis Haslem,Antoine Wright,Dirk Nowitzki,Erick Dampier,Jason Kidd,Josh Howard,3,8:09,DAL,rebound,,,,,,,,,,Jason Kidd,,,,,,def,,
Dwyane Wade,Jamario Moon,Jermaine O'Neal,Mario Chalmers,Udonis Haslem,Antoine Wright,Dirk Nowitzki,Erick Dampier,Jason Kidd,Josh Howard,3,8:06,DAL,turnover,,,,,,,,,,Jason Kidd,,,bad pass,,,,,
Dwyane Wade,Jamario Moon,Jermaine O'Neal,Mario Chalmers,Udonis Haslem,Antoine Wright,Dirk Nowitzki,Erick Dampier,Jason Kidd,Josh Howard,3,7:52,MIA,shot,Dwyane Wade,,,,,,,,,Udonis Haslem,2,,,made,,jump,19,22
Dwyane Wade,Jamario Moon,Jermaine O'Neal,Mario Chalmers,Udonis Haslem,Antoine Wright,Dirk Nowitzki,Erick Dampier,Jason Kidd,Josh Howard,3,7:49,DAL,timeout,,,,,,,,,,,,,,,,regular,,
Dwyane Wade,Jamario Moon,Jermaine O'Neal,Mario Chalmers,Udonis Haslem,Dirk Nowitzki,Erick Dampier,Jason Kidd,Jason Terry,Josh Howard,3,7:49,DAL,sub,,,,Jason Terry,,Antoine Wright,,,,,,,,,,,,
Dwyane Wade,Jamario Moon,Jermaine O'Neal,Mario Chalmers,Udonis Haslem,Dirk Nowitzki,Erick Dampier,Jason Kidd,Jason Terry,Josh Howard,3,7:34,DAL,turnover,,,,,,,,,,Jason Terry,,,bad pass,,Udonis Haslem,,,
Dwyane Wade,Jamario Moon,Jermaine O'Neal,Mario Chalmers,Udonis Haslem,Dirk Nowitzki,Erick Dampier,Jason Kidd,Jason Terry,Josh Howard,3,7:15,MIA,shot,,,,,,,,,,Jermaine O'Neal,,,,missed,,jump,32,19
Dwyane Wade,Jamario Moon,Jermaine O'Neal,Mario Chalmers,Udonis Haslem,Dirk Nowitzki,Erick Dampier,Jason Kidd,Jason Terry,Josh Howard,3,7:13,DAL,rebound,,,,,,,,,,Erick Dampier,,,,,,def,,
Dwyane Wade,Jamario Moon,Jermaine O'Neal,Mario Chalmers,Udonis Haslem,Dirk Nowitzki,Erick Dampier,Jason Kidd,Jason Terry,Josh Howard,3,7:02,DAL,shot,,,,,,,,,,Dirk Nowitzki,,,,missed,,turnaround jump,9,8
Dwyane Wade,Jamario Moon,Jermaine O'Neal,Mario Chalmers,Udonis Haslem,Dirk Nowitzki,Erick Dampier,Jason Kidd,Jason Terry,Josh Howard,3,6:59,MIA,rebound,,,,,,,,,,Mario Chalmers,,,,,,def,,
Dwyane Wade,Jamario Moon,Jermaine O'Neal,Mario Chalmers,Udonis Haslem,Dirk Nowitzki,Erick Dampier,Jason Kidd,Jason Terry,Josh Howard,3,6:46,DAL,foul,,,,,,,,Jermaine O'Neal,,Dirk Nowitzki,,,,,,shooting,,
Dwyane Wade,Jamario Moon,Jermaine O'Neal,Mario Chalmers,Udonis Haslem,Dirk Nowitzki,Erick Dampier,Jason Kidd,Jason Terry,Josh Howard,3,6:46,MIA,free throw,,,,,,,1,,2,Jermaine O'Neal,,,foul,missed,,,,
Dwyane Wade,Jamario Moon,Jermaine O'Neal,Mario Chalmers,Udonis Haslem,Dirk Nowitzki,Erick Dampier,Jason Kidd,Jason Terry,Josh Howard,3,6:46,MIA,rebound,,,,,,,,,,,,,,,,,,
Dwyane Wade,Jamario Moon,Jermaine O'Neal,Mario Chalmers,Udonis Haslem,Dirk Nowitzki,Erick Dampier,Jason Kidd,Jason Terry,Josh Howard,3,6:46,MIA,free throw,,,,,,,2,,2,Jermaine O'Neal,,,foul,made,,,,
Dwyane Wade,Jamario Moon,Jermaine O'Neal,Mario Chalmers,Udonis Haslem,Dirk Nowitzki,Erick Dampier,Jason Kidd,Jason Terry,Josh Howard,3,6:26,DAL,shot,Jason Kidd,,,,,,,,,Dirk Nowitzki,2,,,made,,jump,45,15
Dwyane Wade,Jamario Moon,Jermaine O'Neal,Mario Chalmers,Udonis Haslem,Dirk Nowitzki,Erick Dampier,Jason Kidd,Jason Terry,Josh Howard,3,6:05,DAL,foul,,,,,,,,Mario Chalmers,,Jason Terry,,,,,,personal,,
Dwyane Wade,Jamario Moon,Jermaine O'Neal,Mario Chalmers,Udonis Haslem,Dirk Nowitzki,Erick Dampier,Jason Kidd,Jason Terry,Josh Howard,3,6:05,MIA,free throw,,,,,,,1,,2,Mario Chalmers,,,foul,made,,,,
Dwyane Wade,Jamario Moon,Jermaine O'Neal,Mario Chalmers,Udonis Haslem,Dirk Nowitzki,Erick Dampier,Jason Kidd,Jason Terry,Josh Howard,3,6:05,MIA,free throw,,,,,,,2,,2,Mario Chalmers,,,foul,made,,,,
Dwyane Wade,Jamario Moon,Jermaine O'Neal,Mario Chalmers,Udonis Haslem,Dirk Nowitzki,Erick Dampier,Jason Kidd,Jason Terry,Josh Howard,3,5:56,MIA,foul,,,,,,,,Erick Dampier,,Jamario Moon,,,,,,shooting,,
Dwyane Wade,Jamario Moon,Jermaine O'Neal,Mario Chalmers,Udonis Haslem,Dirk Nowitzki,Erick Dampier,Jason Kidd,Jason Terry,Josh Howard,3,5:56,DAL,free throw,,,,,,,1,,2,Erick Dampier,,,foul,missed,,,,
Dwyane Wade,Jamario Moon,Jermaine O'Neal,Mario Chalmers,Udonis Haslem,Dirk Nowitzki,Erick Dampier,Jason Kidd,Jason Terry,Josh Howard,3,5:56,DAL,rebound,,,,,,,,,,,,,,,,,,
Dwyane Wade,Jamario Moon,Jermaine O'Neal,Mario Chalmers,Udonis Haslem,Dirk Nowitzki,Erick Dampier,Jason Kidd,Jason Terry,Josh Howard,3,5:56,DAL,free throw,,,,,,,2,,2,Erick Dampier,,,foul,made,,,,
Dwyane Wade,Jamario Moon,Jermaine O'Neal,Mario Chalmers,Udonis Haslem,Dirk Nowitzki,Erick Dampier,Jason Kidd,Jason Terry,Josh Howard,3,5:36,DAL,foul,,,,,,,,Jermaine O'Neal,,Dirk Nowitzki,,,,,,shooting,,
Dwyane Wade,Jamario Moon,Jermaine O'Neal,Mario Chalmers,Udonis Haslem,Dirk Nowitzki,Erick Dampier,Jason Kidd,Jason Terry,Josh Howard,3,5:36,MIA,free throw,,,,,,,1,,2,Jermaine O'Neal,,,foul,made,,,,
Dwyane Wade,Jamario Moon,Jermaine O'Neal,Mario Chalmers,Udonis Haslem,Dirk Nowitzki,Erick Dampier,Jason Kidd,Jason Terry,Josh Howard,3,5:36,MIA,free throw,,,,,,,2,,2,Jermaine O'Neal,,,foul,made,,,,
Dwyane Wade,Jamario Moon,Jermaine O'Neal,Mario Chalmers,Udonis Haslem,Dirk Nowitzki,Erick Dampier,Jason Kidd,Jason Terry,Josh Howard,3,5:15,DAL,shot,,,,,,,,,,Josh Howard,2,,,made,,floating jump,19,15
Dwyane Wade,Jamario Moon,Jermaine O'Neal,Mario Chalmers,Udonis Haslem,Dirk Nowitzki,Erick Dampier,Jason Kidd,Jason Terry,Josh Howard,3,5:15,MIA,foul,,,,,,,,Josh Howard,,Jamario Moon,,,,,,shooting,,
Dwyane Wade,Jamario Moon,Jermaine O'Neal,Mario Chalmers,Udonis Haslem,Brandon Bass,Dirk Nowitzki,Jason Kidd,Jason Terry,Josh Howard,3,5:15,DAL,sub,,,,Brandon Bass,,Erick Dampier,,,,,,,,,,,,
Dwyane Wade,Jamario Moon,Jermaine O'Neal,Mario Chalmers,Udonis Haslem,Brandon Bass,Dirk Nowitzki,Jason Kidd,Jason Terry,Josh Howard,3,5:15,DAL,free throw,,,,,,,1,,1,Josh Howard,,,foul,made,,,,
Dwyane Wade,Jamario Moon,Jermaine O'Neal,Mario Chalmers,Udonis Haslem,Brandon Bass,Dirk Nowitzki,Jason Kidd,Jason Terry,Josh Howard,3,5:00,MIA,shot,Mario Chalmers,,,,,,,,,Udonis Haslem,2,,,made,,jump,35,20
Dwyane Wade,Jamario Moon,Jermaine O'Neal,Mario Chalmers,Udonis Haslem,Brandon Bass,Dirk Nowitzki,Jason Kidd,Jason Terry,Josh Howard,3,4:38,DAL,shot,Jason Kidd,,,,,,,,,Dirk Nowitzki,2,,,made,,fade away jumper,35,6
Dwyane Wade,Jamario Moon,Jermaine O'Neal,Mario Chalmers,Udonis Haslem,Brandon Bass,Dirk Nowitzki,Jason Kidd,Jason Terry,Josh Howard,3,4:19,MIA,shot,Jamario Moon,,,,,,,,,Dwyane Wade,2,,,made,,driving slam dunk,25,6
Dwyane Wade,Jamario Moon,Jermaine O'Neal,Mario Chalmers,Udonis Haslem,Brandon Bass,Dirk Nowitzki,Jason Kidd,Jason Terry,Josh Howard,3,4:08,DAL,shot,,,,,,,,,,Jason Terry,2,,,made,,pullup jump,30,11
Dwyane Wade,Jamario Moon,Jermaine O'Neal,Mario Chalmers,Udonis Haslem,Brandon Bass,Dirk Nowitzki,Jason Kidd,Jason Terry,Josh Howard,3,3:47,MIA,shot,,,Josh Howard,,,,,,,Jermaine O'Neal,,,,missed,,jump,29,10
Dwyane Wade,Jamario Moon,Jermaine O'Neal,Mario Chalmers,Udonis Haslem,Brandon Bass,Dirk Nowitzki,Jason Kidd,Jason Terry,Josh Howard,3,3:45,DAL,rebound,,,,,,,,,,Josh Howard,,,,,,def,,
Dwyane Wade,Jamario Moon,Jermaine O'Neal,Mario Chalmers,Udonis Haslem,Brandon Bass,Dirk Nowitzki,Jason Kidd,Jason Terry,Josh Howard,3,3:39,DAL,shot,Josh Howard,,,,,,,,,Brandon Bass,2,,,made,,slam dunk,25,6
Dwyane Wade,Jamario Moon,Jermaine O'Neal,Mario Chalmers,Udonis Haslem,Brandon Bass,Dirk Nowitzki,Jason Kidd,Jason Terry,Josh Howard,3,3:38,MIA,timeout,,,,,,,,,,,,,,,,regular,,
Dwyane Wade,Jamario Moon,Mario Chalmers,Michael Beasley,Udonis Haslem,Brandon Bass,Dirk Nowitzki,Jason Kidd,Jason Terry,Josh Howard,3,3:38,MIA,sub,,,,Michael Beasley,,Jermaine O'Neal,,,,,,,,,,,,
Daequan Cook,Dwyane Wade,Jamario Moon,Michael Beasley,Udonis Haslem,Brandon Bass,Dirk Nowitzki,Jason Kidd,Jason Terry,Josh Howard,3,3:38,MIA,sub,,,,Daequan Cook,,Mario Chalmers,,,,,,,,,,,,
Daequan Cook,Dwyane Wade,Jamario Moon,Michael Beasley,Udonis Haslem,Brandon Bass,Dirk Nowitzki,Jason Kidd,Jason Terry,Josh Howard,3,3:26,MIA,shot,,,,,,,,,,Dwyane Wade,,,,missed,,jump,13,20
Daequan Cook,Dwyane Wade,Jamario Moon,Michael Beasley,Udonis Haslem,Brandon Bass,Dirk Nowitzki,Jason Kidd,Jason Terry,Josh Howard,3,3:23,DAL,rebound,,,,,,,,,,Josh Howard,,,,,,def,,
Daequan Cook,Dwyane Wade,Jamario Moon,Michael Beasley,Udonis Haslem,Brandon Bass,Dirk Nowitzki,Jason Kidd,Jason Terry,Josh Howard,3,3:13,DAL,turnover,,,,,,,,,,Josh Howard,,,bad pass,,Michael Beasley,,,
Daequan Cook,Dwyane Wade,Jamario Moon,Michael Beasley,Udonis Haslem,Brandon Bass,Dirk Nowitzki,Jason Kidd,Jason Terry,Josh Howard,3,3:04,DAL,foul,,,,,,,,Jamario Moon,,Josh Howard,,,,,,personal,,
Daequan Cook,Dwyane Wade,Jamario Moon,Michael Beasley,Udonis Haslem,Brandon Bass,Dirk Nowitzki,Jason Kidd,Jason Terry,Josh Howard,3,3:04,MIA,free throw,,,,,,,1,,2,Jamario Moon,,,foul,made,,,,
Daequan Cook,Dwyane Wade,Jamario Moon,Michael Beasley,Udonis Haslem,Brandon Bass,Dirk Nowitzki,Jason Kidd,Jason Terry,Josh Howard,3,3:04,MIA,free throw,,,,,,,2,,2,Jamario Moon,,,foul,made,,,,
Daequan Cook,Dwyane Wade,Jamario Moon,Michael Beasley,Udonis Haslem,Brandon Bass,Dirk Nowitzki,Jason Kidd,Jason Terry,Josh Howard,3,2:52,DAL,shot,,,,,,,,,,Jason Terry,2,,,made,,jump,8,7
Daequan Cook,Dwyane Wade,Jamario Moon,Michael Beasley,Udonis Haslem,Brandon Bass,Dirk Nowitzki,Jason Kidd,Jason Terry,Josh Howard,3,2:31,MIA,shot,,,,,,,,,,Michael Beasley,2,,,made,,jump,36,10
Daequan Cook,Dwyane Wade,Jamario Moon,Michael Beasley,Udonis Haslem,Brandon Bass,Dirk Nowitzki,Jason Kidd,Jason Terry,Josh Howard,3,2:11,MIA,foul,,,,,,,,Josh Howard,,Jamario Moon,,,,,,personal,,
Daequan Cook,Dwyane Wade,Jamario Moon,Michael Beasley,Udonis Haslem,Brandon Bass,Dirk Nowitzki,Jason Kidd,Jason Terry,Josh Howard,3,2:11,DAL,free throw,,,,,,,1,,2,Josh Howard,,,foul,made,,,,
Daequan Cook,Dwyane Wade,Jamario Moon,Michael Beasley,Udonis Haslem,Brandon Bass,Dirk Nowitzki,Jason Kidd,Jason Terry,Josh Howard,3,2:11,DAL,free throw,,,,,,,2,,2,Josh Howard,,,foul,made,,,,
Daequan Cook,Dwyane Wade,Jamario Moon,Michael Beasley,Udonis Haslem,Brandon Bass,Dirk Nowitzki,Jason Kidd,Jason Terry,Josh Howard,3,2:04,DAL,foul,,,,,,,,Dwyane Wade,,Jason Kidd,,,,,,shooting,,
Daequan Cook,Dwyane Wade,Jamario Moon,Michael Beasley,Udonis Haslem,Brandon Bass,Dirk Nowitzki,Jason Kidd,Jason Terry,Josh Howard,3,2:04,MIA,free throw,,,,,,,1,,2,Dwyane Wade,,,foul,missed,,,,
Daequan Cook,Dwyane Wade,Jamario Moon,Michael Beasley,Udonis Haslem,Brandon Bass,Dirk Nowitzki,Jason Kidd,Jason Terry,Josh Howard,3,2:04,MIA,rebound,,,,,,,,,,,,,,,,,,
Daequan Cook,Dwyane Wade,Jamario Moon,Michael Beasley,Udonis Haslem,Brandon Bass,Dirk Nowitzki,Jason Kidd,Jason Terry,Josh Howard,3,2:04,MIA,free throw,,,,,,,2,,2,Dwyane Wade,,,foul,made,,,,
Daequan Cook,Dwyane Wade,Jamario Moon,Michael Beasley,Udonis Haslem,Brandon Bass,Dirk Nowitzki,Jason Kidd,Jason Terry,Josh Howard,3,1:45,DAL,shot,Jason Kidd,,,,,,,,,Brandon Bass,2,,,made,,slam dunk,25,6
Daequan Cook,Dwyane Wade,Jamario Moon,Michael Beasley,Udonis Haslem,Brandon Bass,Dirk Nowitzki,Jason Kidd,Jason Terry,Josh Howard,3,1:27,MIA,turnover,,,,,,,,,,Dwyane Wade,,,bad pass,,Josh Howard,,,
Daequan Cook,Dwyane Wade,Jamario Moon,Michael Beasley,Udonis Haslem,Brandon Bass,Dirk Nowitzki,Jason Kidd,Jason Terry,Josh Howard,3,1:10,MIA,foul,,,,,,,,Dirk Nowitzki,,Daequan Cook,,,,,,shooting,,
Daequan Cook,Dwyane Wade,James Jones,Michael Beasley,Udonis Haslem,Brandon Bass,Dirk Nowitzki,Jason Kidd,Jason Terry,Josh Howard,3,1:10,MIA,sub,,,,James Jones,,Jamario Moon,,,,,,,,,,,,
Daequan Cook,Dwyane Wade,James Jones,Michael Beasley,Udonis Haslem,Brandon Bass,Dirk Nowitzki,Jason Kidd,Jason Terry,Josh Howard,3,1:10,DAL,free throw,,,,,,,1,,2,Dirk Nowitzki,,,foul,made,,,,
Daequan Cook,Dwyane Wade,James Jones,Michael Beasley,Udonis Haslem,Brandon Bass,Dirk Nowitzki,Jason Kidd,Jason Terry,Josh Howard,3,1:10,DAL,free throw,,,,,,,2,,2,Dirk Nowitzki,,,foul,made,,,,
Daequan Cook,Dwyane Wade,James Jones,Michael Beasley,Udonis Haslem,Brandon Bass,Dirk Nowitzki,Jason Kidd,Jason Terry,Josh Howard,3,0:50,MIA,shot,Dwyane Wade,,,,,,,,,Udonis Haslem,2,,,made,,jump,19,18
Daequan Cook,Dwyane Wade,James Jones,Michael Beasley,Udonis Haslem,Brandon Bass,Dirk Nowitzki,Jason Kidd,Jason Terry,Josh Howard,3,0:40,DAL,shot,Jason Terry,,,,,,,,,Dirk Nowitzki,3,,,made,,3pt,3,17
Daequan Cook,Dwyane Wade,James Jones,Michael Beasley,Udonis Haslem,Brandon Bass,Dirk Nowitzki,Jason Kidd,Jason Terry,Josh Howard,3,0:31,MIA,shot,,,,,,,,,,Dwyane Wade,,,,missed,,jump,16,21
Daequan Cook,Dwyane Wade,James Jones,Michael Beasley,Udonis Haslem,Brandon Bass,Dirk Nowitzki,Jason Kidd,Jason Terry,Josh Howard,3,0:29,DAL,rebound,,,,,,,,,,Dirk Nowitzki,,,,,,def,,
Daequan Cook,Dwyane Wade,James Jones,Michael Beasley,Udonis Haslem,Brandon Bass,Dirk Nowitzki,Jason Kidd,Jason Terry,Josh Howard,3,0:07,DAL,shot,,,,,,,,,,Jason Terry,,,,missed,,jump,6,7
Daequan Cook,Dwyane Wade,James Jones,Michael Beasley,Udonis Haslem,Brandon Bass,Dirk Nowitzki,Jason Kidd,Jason Terry,Josh Howard,3,0:05,MIA,rebound,,,,,,,,,,Daequan Cook,,,,,,def,,
Daequan Cook,Dwyane Wade,James Jones,Michael Beasley,Udonis Haslem,Brandon Bass,Dirk Nowitzki,Jason Kidd,Jason Terry,Josh Howard,3,0:00,MIA,shot,,,,,,,,,,Daequan Cook,,,,missed,,3pt,40,60
Daequan Cook,Dwyane Wade,James Jones,Michael Beasley,Udonis Haslem,Brandon Bass,Dirk Nowitzki,Jason Kidd,Jason Terry,Josh Howard,3,0:00,MIA,rebound,,,,,,,,,,,,,,,,,,
Daequan Cook,James Jones,Mario Chalmers,Michael Beasley,Udonis Haslem,Antoine Wright,Brandon Bass,Dirk Nowitzki,Jason Terry,Jose Juan Barea,4,11:47,MIA,shot,,,,,,,,,,Michael Beasley,2,,,made,,jump,18,8
Daequan Cook,James Jones,Mario Chalmers,Michael Beasley,Udonis Haslem,Antoine Wright,Brandon Bass,Dirk Nowitzki,Jason Terry,Jose Juan Barea,4,11:20,DAL,shot,Antoine Wright,,,,,,,,,Brandon Bass,2,,,made,,driving layup,25,6
Daequan Cook,James Jones,Mario Chalmers,Michael Beasley,Udonis Haslem,Antoine Wright,Brandon Bass,Dirk Nowitzki,Jason Terry,Jose Juan Barea,4,11:01,MIA,shot,,,,,,,,,,Michael Beasley,2,,,made,,driving layup,25,6
Daequan Cook,James Jones,Mario Chalmers,Michael Beasley,Udonis Haslem,Antoine Wright,Brandon Bass,Dirk Nowitzki,Jason Terry,Jose Juan Barea,4,11:01,DAL,foul,,,,,,,,Michael Beasley,,Brandon Bass,,,,,,shooting,,
Daequan Cook,James Jones,Mario Chalmers,Michael Beasley,Udonis Haslem,Antoine Wright,Brandon Bass,Dirk Nowitzki,Jason Terry,Jose Juan Barea,4,11:01,MIA,free throw,,,,,,,1,,1,Michael Beasley,,,foul,made,,,,
Daequan Cook,James Jones,Mario Chalmers,Michael Beasley,Udonis Haslem,Antoine Wright,Brandon Bass,Dirk Nowitzki,Jason Terry,Jose Juan Barea,4,10:49,DAL,shot,Jose Juan Barea,,,,,,,,,Antoine Wright,3,,,made,,3pt,47,18
Daequan Cook,James Jones,Mario Chalmers,Michael Beasley,Udonis Haslem,Antoine Wright,Brandon Bass,Dirk Nowitzki,Jason Terry,Jose Juan Barea,4,10:32,MIA,shot,,,,,,,,,,Michael Beasley,,,,missed,,jump,20,8
Daequan Cook,James Jones,Mario Chalmers,Michael Beasley,Udonis Haslem,Antoine Wright,Brandon Bass,Dirk Nowitzki,Jason Terry,Jose Juan Barea,4,10:30,MIA,shot,,,,,,,,,,Mario Chalmers,,,,missed,,layup,25,6
Daequan Cook,James Jones,Mario Chalmers,Michael Beasley,Udonis Haslem,Antoine Wright,Brandon Bass,Dirk Nowitzki,Jason Terry,Jose Juan Barea,4,10:30,MIA,rebound,,,,,,,,,,Mario Chalmers,,,,,,off,,
Daequan Cook,James Jones,Mario Chalmers,Michael Beasley,Udonis Haslem,Antoine Wright,Brandon Bass,Dirk Nowitzki,Jason Terry,Jose Juan Barea,4,10:28,DAL,rebound,,,,,,,,,,Jose Juan Barea,,,,,,def,,
Daequan Cook,James Jones,Mario Chalmers,Michael Beasley,Udonis Haslem,Antoine Wright,Brandon Bass,Dirk Nowitzki,Jason Terry,Jose Juan Barea,4,10:22,DAL,shot,Jose Juan Barea,,,,,,,,,Dirk Nowitzki,3,,,made,,3pt,25,31
Daequan Cook,James Jones,Mario Chalmers,Michael Beasley,Udonis Haslem,Antoine Wright,Brandon Bass,Dirk Nowitzki,Jason Terry,Jose Juan Barea,4,10:21,MIA,timeout,,,,,,,,,,,,,,,,regular,,
Daequan Cook,James Jones,Mario Chalmers,Michael Beasley,Udonis Haslem,Antoine Wright,Brandon Bass,Dirk Nowitzki,Jason Terry,Jose Juan Barea,4,10:10,DAL,foul,,,,,,,,Mario Chalmers,,Jose Juan Barea,,,,,,shooting,,
Daequan Cook,James Jones,Mario Chalmers,Michael Beasley,Udonis Haslem,Antoine Wright,Brandon Bass,Dirk Nowitzki,Jason Terry,Jose Juan Barea,4,10:10,MIA,free throw,,,,,,,1,,2,Mario Chalmers,,,foul,made,,,,
Daequan Cook,James Jones,Mario Chalmers,Michael Beasley,Udonis Haslem,Antoine Wright,Brandon Bass,Dirk Nowitzki,Jason Terry,Jose Juan Barea,4,10:10,MIA,free throw,,,,,,,2,,2,Mario Chalmers,,,foul,made,,,,
Daequan Cook,James Jones,Mario Chalmers,Michael Beasley,Udonis Haslem,Antoine Wright,Brandon Bass,Dirk Nowitzki,Jason Terry,Jose Juan Barea,4,9:58,MIA,foul,,,,,,,,Brandon Bass,,Udonis Haslem,,,,,,shooting,,
Daequan Cook,James Jones,Mario Chalmers,Michael Beasley,Udonis Haslem,Antoine Wright,Brandon Bass,Dirk Nowitzki,Jason Terry,Jose Juan Barea,4,9:58,DAL,free throw,,,,,,,1,,2,Brandon Bass,,,foul,made,,,,
Daequan Cook,James Jones,Mario Chalmers,Michael Beasley,Udonis Haslem,Antoine Wright,Brandon Bass,Dirk Nowitzki,Jason Terry,Jose Juan Barea,4,9:58,DAL,free throw,,,,,,,2,,2,Brandon Bass,,,foul,made,,,,
Daequan Cook,James Jones,Mario Chalmers,Michael Beasley,Udonis Haslem,Antoine Wright,Brandon Bass,Dirk Nowitzki,Jason Terry,Jose Juan Barea,4,9:46,MIA,turnover,,,,,,,,,,Mario Chalmers,,,bad pass,,,,,
Daequan Cook,James Jones,Mario Chalmers,Michael Beasley,Udonis Haslem,Antoine Wright,Brandon Bass,Dirk Nowitzki,Jason Terry,Jose Juan Barea,4,9:32,DAL,turnover,,,,,,,,,,Jason Terry,,,bad pass,,Daequan Cook,,,
Daequan Cook,James Jones,Mario Chalmers,Michael Beasley,Udonis Haslem,Antoine Wright,Brandon Bass,Dirk Nowitzki,Jason Terry,Jose Juan Barea,4,9:22,MIA,shot,,,,,,,,,,Udonis Haslem,,,,missed,,jump,29,25
Daequan Cook,James Jones,Mario Chalmers,Michael Beasley,Udonis Haslem,Antoine Wright,Brandon Bass,Dirk Nowitzki,Jason Terry,Jose Juan Barea,4,9:20,DAL,rebound,,,,,,,,,,Jose Juan Barea,,,,,,def,,
Daequan Cook,James Jones,Mario Chalmers,Michael Beasley,Udonis Haslem,Antoine Wright,Brandon Bass,Dirk Nowitzki,Jason Terry,Jose Juan Barea,4,9:13,DAL,turnover,,,,,,,,,,Jose Juan Barea,,,lost ball,,Mario Chalmers,,,
Daequan Cook,James Jones,Mario Chalmers,Michael Beasley,Udonis Haslem,Antoine Wright,Brandon Bass,Dirk Nowitzki,Jason Terry,Jose Juan Barea,4,8:50,DAL,foul,,,,,,,,Mario Chalmers,,Jason Terry,,,,,,shooting,,
Daequan Cook,James Jones,Mario Chalmers,Michael Beasley,Udonis Haslem,Antoine Wright,Brandon Bass,Dirk Nowitzki,Jason Terry,Jose Juan Barea,4,8:50,MIA,free throw,,,,,,,1,,3,Mario Chalmers,,,foul,made,,,,
Daequan Cook,Dwyane Wade,Mario Chalmers,Michael Beasley,Udonis Haslem,Antoine Wright,Brandon Bass,Dirk Nowitzki,Jason Terry,Jose Juan Barea,4,8:50,MIA,sub,,,,Dwyane Wade,,James Jones,,,,,,,,,,,,
Daequan Cook,Dwyane Wade,Mario Chalmers,Michael Beasley,Udonis Haslem,Antoine Wright,Brandon Bass,Dirk Nowitzki,Jason Kidd,Jose Juan Barea,4,8:50,DAL,sub,,,,Jason Kidd,,Jason Terry,,,,,,,,,,,,
Daequan Cook,Dwyane Wade,Mario Chalmers,Michael Beasley,Udonis Haslem,Antoine Wright,Brandon Bass,Dirk Nowitzki,Jason Kidd,Jose Juan Barea,4,8:50,MIA,free throw,,,,,,,2,,3,Mario Chalmers,,,foul,missed,,,,
Daequan Cook,Dwyane Wade,Mario Chalmers,Michael Beasley,Udonis Haslem,Antoine Wright,Brandon Bass,Dirk Nowitzki,Jason Kidd,Jose Juan Barea,4,8:50,MIA,rebound,,,,,,,,,,,,,,,,,,
Daequan Cook,Dwyane Wade,Mario Chalmers,Michael Beasley,Udonis Haslem,Antoine Wright,Brandon Bass,Dirk Nowitzki,Jason Kidd,Jose Juan Barea,4,8:50,MIA,free throw,,,,,,,3,,3,Mario Chalmers,,,foul,made,,,,
Daequan Cook,Dwyane Wade,Mario Chalmers,Michael Beasley,Udonis Haslem,Antoine Wright,Brandon Bass,Dirk Nowitzki,Jason Kidd,Jose Juan Barea,4,8:30,DAL,shot,,,,,,,,,,Jose Juan Barea,2,,,made,,turnaround fade away,29,14
Daequan Cook,Dwyane Wade,Mario Chalmers,Michael Beasley,Udonis Haslem,Antoine Wright,Brandon Bass,Dirk Nowitzki,Jason Kidd,Jose Juan Barea,4,8:08,MIA,shot,,,,,,,,,,Dwyane Wade,2,,,made,,driving reverse layup,25,6
Daequan Cook,Dwyane Wade,Mario Chalmers,Michael Beasley,Udonis Haslem,Antoine Wright,Brandon Bass,Dirk Nowitzki,Jason Kidd,Jose Juan Barea,4,7:44,DAL,shot,,,,,,,,,,Antoine Wright,,,,missed,,driving layup,25,6
Daequan Cook,Dwyane Wade,Mario Chalmers,Michael Beasley,Udonis Haslem,Antoine Wright,Brandon Bass,Dirk Nowitzki,Jason Kidd,Jose Juan Barea,4,7:44,DAL,rebound,,,,,,,,,,,,,,,,,,
Daequan Cook,Dwyane Wade,Mario Chalmers,Michael Beasley,Udonis Haslem,Antoine Wright,Brandon Bass,Dirk Nowitzki,Jason Kidd,Jose Juan Barea,4,7:42,DAL,shot,Jason Kidd,,,,,,,,,Jose Juan Barea,2,,,made,,driving reverse layup,25,6
Daequan Cook,Dwyane Wade,Mario Chalmers,Michael Beasley,Udonis Haslem,Antoine Wright,Brandon Bass,Dirk Nowitzki,Jason Kidd,Jose Juan Barea,4,7:19,MIA,shot,,,,,,,,,,Daequan Cook,2,,,made,,turnaround bank,24,10
Daequan Cook,Dwyane Wade,Mario Chalmers,Michael Beasley,Udonis Haslem,Antoine Wright,Brandon Bass,Dirk Nowitzki,Jason Kidd,Jose Juan Barea,4,7:04,MIA,foul,,,,,,,,Dirk Nowitzki,,Udonis Haslem,,,,,,personal,,
Daequan Cook,Dwyane Wade,Mario Chalmers,Michael Beasley,Udonis Haslem,Antoine Wright,Brandon Bass,Dirk Nowitzki,Jason Kidd,Jose Juan Barea,4,7:01,DAL,shot,,,,,,,,,,Dirk Nowitzki,,,,missed,,3pt,2,6
Daequan Cook,Dwyane Wade,Mario Chalmers,Michael Beasley,Udonis Haslem,Antoine Wright,Brandon Bass,Dirk Nowitzki,Jason Kidd,Jose Juan Barea,4,6:59,DAL,rebound,,,,,,,,,,Brandon Bass,,,,,,off,,
Daequan Cook,Dwyane Wade,Mario Chalmers,Michael Beasley,Udonis Haslem,Antoine Wright,Brandon Bass,Dirk Nowitzki,Jason Kidd,Jose Juan Barea,4,6:54,DAL,shot,,,,,,,,,,Dirk Nowitzki,,,,missed,,3pt,2,9
Daequan Cook,Dwyane Wade,Mario Chalmers,Michael Beasley,Udonis Haslem,Antoine Wright,Brandon Bass,Dirk Nowitzki,Jason Kidd,Jose Juan Barea,4,6:52,MIA,rebound,,,,,,,,,,Daequan Cook,,,,,,def,,
Daequan Cook,Dwyane Wade,Mario Chalmers,Michael Beasley,Udonis Haslem,Antoine Wright,Brandon Bass,Dirk Nowitzki,Jason Kidd,Jose Juan Barea,4,6:41,MIA,shot,,,,,,,,,,Dwyane Wade,2,,,made,,driving reverse layup,25,6
Daequan Cook,Dwyane Wade,Mario Chalmers,Michael Beasley,Udonis Haslem,Antoine Wright,Brandon Bass,Dirk Nowitzki,Jason Kidd,Jose Juan Barea,4,6:41,DAL,foul,,,,,,,,Dwyane Wade,,Jason Kidd,,,,,,shooting,,
Daequan Cook,Dwyane Wade,Mario Chalmers,Michael Beasley,Udonis Haslem,Antoine Wright,Brandon Bass,Dirk Nowitzki,Jason Kidd,Jose Juan Barea,4,6:41,DAL,timeout,,,,,,,,,,,,,,,,regular,,
Daequan Cook,Dwyane Wade,Mario Chalmers,Michael Beasley,Udonis Haslem,Brandon Bass,Dirk Nowitzki,Jason Kidd,Jose Juan Barea,Josh Howard,4,6:41,DAL,sub,,,,Josh Howard,,Antoine Wright,,,,,,,,,,,,
Daequan Cook,Dwyane Wade,Mario Chalmers,Michael Beasley,Udonis Haslem,Brandon Bass,Dirk Nowitzki,Jason Kidd,Jose Juan Barea,Josh Howard,4,6:41,MIA,free throw,,,,,,,1,,1,Dwyane Wade,,,foul,made,,,,
Daequan Cook,Dwyane Wade,Mario Chalmers,Michael Beasley,Udonis Haslem,Brandon Bass,Dirk Nowitzki,Jason Kidd,Jose Juan Barea,Josh Howard,4,6:27,DAL,shot,,,,,,,,,,Jose Juan Barea,,,,missed,,3pt,7,23
Daequan Cook,Dwyane Wade,Mario Chalmers,Michael Beasley,Udonis Haslem,Brandon Bass,Dirk Nowitzki,Jason Kidd,Jose Juan Barea,Josh Howard,4,6:25,MIA,rebound,,,,,,,,,,Michael Beasley,,,,,,def,,
Daequan Cook,Dwyane Wade,Mario Chalmers,Michael Beasley,Udonis Haslem,Brandon Bass,Dirk Nowitzki,Jason Kidd,Jose Juan Barea,Josh Howard,4,6:02,MIA,shot,,,,,,,,,,Michael Beasley,,,,missed,,3pt,2,7
Daequan Cook,Dwyane Wade,Mario Chalmers,Michael Beasley,Udonis Haslem,Brandon Bass,Dirk Nowitzki,Jason Kidd,Jose Juan Barea,Josh Howard,4,6:01,DAL,rebound,,,,,,,,,,Brandon Bass,,,,,,def,,
Daequan Cook,Dwyane Wade,Mario Chalmers,Michael Beasley,Udonis Haslem,Brandon Bass,Dirk Nowitzki,Jason Kidd,Jose Juan Barea,Josh Howard,4,5:54,MIA,foul,,,,,,,,Josh Howard,,Dwyane Wade,,,,,,shooting,,
Daequan Cook,Dwyane Wade,Mario Chalmers,Michael Beasley,Udonis Haslem,Brandon Bass,Dirk Nowitzki,Jason Kidd,Jason Terry,Josh Howard,4,5:54,DAL,sub,,,,Jason Terry,,Jose Juan Barea,,,,,,,,,,,,
Daequan Cook,Dwyane Wade,Mario Chalmers,Michael Beasley,Udonis Haslem,Brandon Bass,Dirk Nowitzki,Jason Kidd,Jason Terry,Josh Howard,4,5:54,DAL,free throw,,,,,,,1,,2,Josh Howard,,,foul,made,,,,
Daequan Cook,Dwyane Wade,Mario Chalmers,Michael Beasley,Udonis Haslem,Brandon Bass,Dirk Nowitzki,Jason Kidd,Jason Terry,Josh Howard,4,5:54,DAL,free throw,,,,,,,2,,2,Josh Howard,,,foul,made,,,,
Daequan Cook,Dwyane Wade,Mario Chalmers,Michael Beasley,Udonis Haslem,Brandon Bass,Dirk Nowitzki,Jason Kidd,Jason Terry,Josh Howard,4,5:42,MIA,shot,,,,,,,,,,Dwyane Wade,2,,,made,,jump,15,20
Daequan Cook,Dwyane Wade,Mario Chalmers,Michael Beasley,Udonis Haslem,Brandon Bass,Dirk Nowitzki,Jason Kidd,Jason Terry,Josh Howard,4,5:27,DAL,shot,Jason Terry,,,,,,,,,Jason Kidd,3,,,made,,3pt,34,29
Daequan Cook,Dwyane Wade,Mario Chalmers,Michael Beasley,Udonis Haslem,Brandon Bass,Dirk Nowitzki,Jason Kidd,Jason Terry,Josh Howard,4,5:03,MIA,shot,,,,,,,,,,Dwyane Wade,,,,missed,,jump,17,20
Daequan Cook,Dwyane Wade,Mario Chalmers,Michael Beasley,Udonis Haslem,Brandon Bass,Dirk Nowitzki,Jason Kidd,Jason Terry,Josh Howard,4,4:59,DAL,rebound,,,,,,,,,,Josh Howard,,,,,,def,,
Daequan Cook,Dwyane Wade,Mario Chalmers,Michael Beasley,Udonis Haslem,Brandon Bass,Dirk Nowitzki,Jason Kidd,Jason Terry,Josh Howard,4,4:53,DAL,shot,Josh Howard,,,,,,,,,Jason Terry,3,,,made,,3pt,35,28
Daequan Cook,Dwyane Wade,Mario Chalmers,Michael Beasley,Udonis Haslem,Brandon Bass,Dirk Nowitzki,Jason Kidd,Jason Terry,Josh Howard,4,4:34,MIA,turnover,,,,,,,,,,Dwyane Wade,,,bad pass,,Josh Howard,,,
Daequan Cook,Dwyane Wade,Mario Chalmers,Michael Beasley,Udonis Haslem,Brandon Bass,Dirk Nowitzki,Jason Kidd,Jason Terry,Josh Howard,4,4:23,DAL,shot,,,,,,,,,,Josh Howard,,,,missed,,3pt,32,29
Daequan Cook,Dwyane Wade,Mario Chalmers,Michael Beasley,Udonis Haslem,Brandon Bass,Dirk Nowitzki,Jason Kidd,Jason Terry,Josh Howard,4,4:21,DAL,rebound,,,,,,,,,,Brandon Bass,,,,,,off,,
Daequan Cook,Dwyane Wade,Mario Chalmers,Michael Beasley,Udonis Haslem,Brandon Bass,Dirk Nowitzki,Jason Kidd,Jason Terry,Josh Howard,4,4:14,DAL,shot,,,,,,,,,,Jason Kidd,,,,missed,,3pt,2,8
Daequan Cook,Dwyane Wade,Mario Chalmers,Michael Beasley,Udonis Haslem,Brandon Bass,Dirk Nowitzki,Jason Kidd,Jason Terry,Josh Howard,4,4:12,MIA,rebound,,,,,,,,,,Udonis Haslem,,,,,,def,,
Daequan Cook,Dwyane Wade,Mario Chalmers,Michael Beasley,Udonis Haslem,Brandon Bass,Dirk Nowitzki,Jason Kidd,Jason Terry,Josh Howard,4,3:50,MIA,turnover,,,,,,,,,,Michael Beasley,,,bad pass,,Josh Howard,,,
Daequan Cook,Dwyane Wade,Mario Chalmers,Michael Beasley,Udonis Haslem,Brandon Bass,Dirk Nowitzki,Jason Kidd,Jason Terry,Josh Howard,4,3:50,MIA,foul,,,,,,,,Josh Howard,,Mario Chalmers,,,,,,personal,,
Daequan Cook,Dwyane Wade,Mario Chalmers,Michael Beasley,Udonis Haslem,Brandon Bass,Dirk Nowitzki,Jason Kidd,Jason Terry,Josh Howard,4,3:40,DAL,shot,,,,,,,,,,Jason Terry,,,,missed,,jump,16,7
Daequan Cook,Dwyane Wade,Mario Chalmers,Michael Beasley,Udonis Haslem,Brandon Bass,Dirk Nowitzki,Jason Kidd,Jason Terry,Josh Howard,4,3:38,MIA,rebound,,,,,,,,,,Michael Beasley,,,,,,def,,
Daequan Cook,Dwyane Wade,Mario Chalmers,Michael Beasley,Udonis Haslem,Brandon Bass,Dirk Nowitzki,Jason Kidd,Jason Terry,Josh Howard,4,3:16,MIA,shot,Michael Beasley,,,,,,,,,Daequan Cook,3,,,made,,3pt,2,7
Daequan Cook,Dwyane Wade,Mario Chalmers,Michael Beasley,Udonis Haslem,Brandon Bass,Dirk Nowitzki,Jason Kidd,Jason Terry,Josh Howard,4,2:50,DAL,shot,,,,,,,,,,Dirk Nowitzki,2,,,made,,driving layup,25,6
Daequan Cook,Dwyane Wade,Mario Chalmers,Michael Beasley,Udonis Haslem,Brandon Bass,Dirk Nowitzki,Jason Kidd,Jason Terry,Josh Howard,4,2:50,MIA,violation,,,,,,,,,,Michael Beasley,,,,,,defensive goaltending,,
Daequan Cook,Dwyane Wade,Mario Chalmers,Michael Beasley,Udonis Haslem,Brandon Bass,Dirk Nowitzki,Jason Kidd,Jason Terry,Josh Howard,4,2:36,MIA,shot,,,Brandon Bass,,,,,,,Dwyane Wade,,,,missed,,driving layup,25,6
Daequan Cook,Dwyane Wade,Mario Chalmers,Michael Beasley,Udonis Haslem,Brandon Bass,Dirk Nowitzki,Jason Kidd,Jason Terry,Josh Howard,4,2:35,MIA,rebound,,,,,,,,,,Mario Chalmers,,,,,,off,,
Daequan Cook,Dwyane Wade,Mario Chalmers,Michael Beasley,Udonis Haslem,Brandon Bass,Dirk Nowitzki,Jason Kidd,Jason Terry,Josh Howard,4,2:35,DAL,foul,,,,,,,,Michael Beasley,,Dirk Nowitzki,,,,,,shooting,,
Daequan Cook,Dwyane Wade,Mario Chalmers,Michael Beasley,Udonis Haslem,Brandon Bass,Dirk Nowitzki,Jason Kidd,Jason Terry,Josh Howard,4,2:35,OFF,timeout,,,,,,,,,,,,,,,,official,,
Daequan Cook,Dwyane Wade,Mario Chalmers,Michael Beasley,Udonis Haslem,Brandon Bass,Dirk Nowitzki,Jason Kidd,Jason Terry,Josh Howard,4,2:35,MIA,free throw,,,,,,,1,,2,Michael Beasley,,,foul,missed,,,,
Daequan Cook,Dwyane Wade,Mario Chalmers,Michael Beasley,Udonis Haslem,Brandon Bass,Dirk Nowitzki,Jason Kidd,Jason Terry,Josh Howard,4,2:35,MIA,rebound,,,,,,,,,,,,,,,,,,
Daequan Cook,Dwyane Wade,Mario Chalmers,Michael Beasley,Udonis Haslem,Brandon Bass,Dirk Nowitzki,Jason Kidd,Jason Terry,Josh Howard,4,2:35,MIA,free throw,,,,,,,2,,2,Michael Beasley,,,foul,missed,,,,
Daequan Cook,Dwyane Wade,Mario Chalmers,Michael Beasley,Udonis Haslem,Brandon Bass,Dirk Nowitzki,Jason Kidd,Jason Terry,Josh Howard,4,2:34,DAL,rebound,,,,,,,,,,Josh Howard,,,,,,def,,
Daequan Cook,Dwyane Wade,Mario Chalmers,Michael Beasley,Udonis Haslem,Brandon Bass,Dirk Nowitzki,Jason Kidd,Jason Terry,Josh Howard,4,2:14,MIA,foul,,,,,,,,Dirk Nowitzki,,Udonis Haslem,,,,,,shooting,,
Daequan Cook,Dwyane Wade,Mario Chalmers,Michael Beasley,Udonis Haslem,Brandon Bass,Dirk Nowitzki,Jason Kidd,Jason Terry,Josh Howard,4,2:14,DAL,free throw,,,,,,,1,,2,Dirk Nowitzki,,,foul,made,,,,
Daequan Cook,Dwyane Wade,Mario Chalmers,Michael Beasley,Udonis Haslem,Brandon Bass,Dirk Nowitzki,Jason Kidd,Jason Terry,Josh Howard,4,2:14,DAL,free throw,,,,,,,2,,2,Dirk Nowitzki,,,foul,made,,,,
Daequan Cook,Dwyane Wade,Mario Chalmers,Michael Beasley,Udonis Haslem,Brandon Bass,Dirk Nowitzki,Jason Kidd,Jason Terry,Josh Howard,4,1:57,MIA,shot,,,,,,,,,,Mario Chalmers,,,,missed,,driving layup,25,6
Daequan Cook,Dwyane Wade,Mario Chalmers,Michael Beasley,Udonis Haslem,Brandon Bass,Dirk Nowitzki,Jason Kidd,Jason Terry,Josh Howard,4,1:56,DAL,rebound,,,,,,,,,,Brandon Bass,,,,,,def,,
Daequan Cook,Dwyane Wade,Mario Chalmers,Michael Beasley,Udonis Haslem,Brandon Bass,Dirk Nowitzki,Jason Kidd,Jason Terry,Josh Howard,4,1:33,DAL,shot,,,,,,,,,,Dirk Nowitzki,,,,missed,,3pt,10,30
Daequan Cook,Dwyane Wade,Mario Chalmers,Michael Beasley,Udonis Haslem,Brandon Bass,Dirk Nowitzki,Jason Kidd,Jason Terry,Josh Howard,4,1:32,DAL,rebound,,,,,,,,,,,,,,,,,,
Daequan Cook,Dwyane Wade,Mario Chalmers,Michael Beasley,Udonis Haslem,Brandon Bass,Dirk Nowitzki,Jason Kidd,Jason Terry,Josh Howard,4,1:32,DAL,turnover,,,,,,,,,,,,,shot clock turnover,,,,,
Daequan Cook,Dwyane Wade,Mario Chalmers,Michael Beasley,Udonis Haslem,Brandon Bass,Dirk Nowitzki,Jason Kidd,Jason Terry,Josh Howard,4,1:16,MIA,shot,,,,,,,,,,Michael Beasley,,,,missed,,jump,45,15
Daequan Cook,Dwyane Wade,Mario Chalmers,Michael Beasley,Udonis Haslem,Brandon Bass,Dirk Nowitzki,Jason Kidd,Jason Terry,Josh Howard,4,1:14,DAL,rebound,,,,,,,,,,Josh Howard,,,,,,def,,
Daequan Cook,Dwyane Wade,Mario Chalmers,Michael Beasley,Udonis Haslem,Brandon Bass,Dirk Nowitzki,Jason Kidd,Jason Terry,Josh Howard,4,0:55,DAL,shot,,,,,,,,,,Dirk Nowitzki,,,,missed,,jump,27,26
Daequan Cook,Dwyane Wade,Mario Chalmers,Michael Beasley,Udonis Haslem,Brandon Bass,Dirk Nowitzki,Jason Kidd,Jason Terry,Josh Howard,4,0:52,MIA,rebound,,,,,,,,,,Dwyane Wade,,,,,,def,,
Daequan Cook,Dwyane Wade,Mario Chalmers,Michael Beasley,Udonis Haslem,Brandon Bass,Dirk Nowitzki,Jason Kidd,Jason Terry,Josh Howard,4,0:40,MIA,timeout,,,,,,,,,,,,,,,,regular,,
Daequan Cook,Dwyane Wade,Mario Chalmers,Michael Beasley,Udonis Haslem,Brandon Bass,Dirk Nowitzki,Jason Kidd,Jason Terry,Josh Howard,4,0:33,DAL,foul,,,,,,,,Michael Beasley,,Brandon Bass,,,,,,shooting,,
Daequan Cook,Dwyane Wade,Mario Chalmers,Michael Beasley,Udonis Haslem,Brandon Bass,Dirk Nowitzki,Jason Kidd,Jason Terry,Josh Howard,4,0:33,MIA,free throw,,,,,,,1,,2,Michael Beasley,,,foul,made,,,,
Daequan Cook,Dwyane Wade,Mario Chalmers,Michael Beasley,Udonis Haslem,Brandon Bass,Dirk Nowitzki,Jason Kidd,Jason Terry,Josh Howard,4,0:33,MIA,free throw,,,,,,,2,,2,Michael Beasley,,,foul,made,,,,
Daequan Cook,Dwyane Wade,Mario Chalmers,Michael Beasley,Udonis Haslem,Brandon Bass,Dirk Nowitzki,Jason Kidd,Jason Terry,Josh Howard,4,0:10,DAL,shot,,,,,,,,,,Jason Kidd,,,,missed,,3pt,40,26
Daequan Cook,Dwyane Wade,Mario Chalmers,Michael Beasley,Udonis Haslem,Brandon Bass,Dirk Nowitzki,Jason Kidd,Jason Terry,Josh Howard,4,0:08,MIA,rebound,,,,,,,,,,Daequan Cook,,,,,,def,,
Daequan Cook,Dwyane Wade,Mario Chalmers,Michael Beasley,Udonis Haslem,Brandon Bass,Dirk Nowitzki,Jason Kidd,Jason Terry,Josh Howard,4,0:02,MIA,foul,,,,,,,,Josh Howard,,Mario Chalmers,,,,,,offensive,,
Daequan Cook,Dwyane Wade,Mario Chalmers,Michael Beasley,Udonis Haslem,Brandon Bass,Dirk Nowitzki,Jason Kidd,Jason Terry,Josh Howard,4,0:02,MIA,turnover,,,,,,,,,,Mario Chalmers,,,foul,,,,,
Daequan Cook,Dwyane Wade,Mario Chalmers,Michael Beasley,Udonis Haslem,Brandon Bass,Dirk Nowitzki,Jason Kidd,Jason Terry,Josh Howard,4,0:02,DAL,timeout,,,,,,,,,,,,,,,,regular,,
Daequan Cook,Dwyane Wade,Mario Chalmers,Michael Beasley,Udonis Haslem,Brandon Bass,Dirk Nowitzki,Jason Kidd,Jason Terry,Jose Juan Barea,4,0:02,DAL,sub,,,,Jose Juan Barea,,Josh Howard,,,,,,,,,,,,
Daequan Cook,Dwyane Wade,Jamario Moon,Mario Chalmers,Michael Beasley,Brandon Bass,Dirk Nowitzki,Jason Kidd,Jason Terry,Jose Juan Barea,4,0:02,MIA,sub,,,,Jamario Moon,,Udonis Haslem,,,,,,,,,,,,
Daequan Cook,Dwyane Wade,Jamario Moon,Mario Chalmers,Michael Beasley,Brandon Bass,Dirk Nowitzki,Jason Kidd,Jason Terry,Jose Juan Barea,4,0:01,MIA,foul,,,,,,,,Jason Terry,,Dwyane Wade,,,,,,personal,,
Daequan Cook,Dwyane Wade,Jamario Moon,Mario Chalmers,Michael Beasley,Brandon Bass,Dirk Nowitzki,Jason Kidd,Jason Terry,Jose Juan Barea,4,0:01,DAL,free throw,,,,,,,1,,2,Jason Terry,,,foul,missed,,,,
Daequan Cook,Dwyane Wade,Jamario Moon,Mario Chalmers,Michael Beasley,Brandon Bass,Dirk Nowitzki,Jason Kidd,Jason Terry,Jose Juan Barea,4,0:01,DAL,rebound,,,,,,,,,,,,,,,,,,
Daequan Cook,Dwyane Wade,Mario Chalmers,Michael Beasley,Udonis Haslem,Brandon Bass,Dirk Nowitzki,Jason Kidd,Jason Terry,Jose Juan Barea,4,0:01,MIA,sub,,,,Udonis Haslem,,Jamario Moon,,,,,,,,,,,,
Daequan Cook,Dwyane Wade,Mario Chalmers,Michael Beasley,Udonis Haslem,Brandon Bass,Dirk Nowitzki,Jason Kidd,Jason Terry,Jose Juan Barea,4,0:01,DAL,free throw,,,,,,,2,,2,Jason Terry,,,foul,made,,,,
Daequan Cook,Dwyane Wade,Mario Chalmers,Michael Beasley,Udonis Haslem,Brandon Bass,Dirk Nowitzki,Jason Kidd,Jason Terry,Jose Juan Barea,4,0:01,MIA,timeout,,,,,,,,,,,,,,,,short,,
Daequan Cook,Dwyane Wade,Mario Chalmers,Michael Beasley,Udonis Haslem,Brandon Bass,Dirk Nowitzki,Jason Kidd,Jason Terry,Ryan Hollins,4,0:01,DAL,sub,,,,Ryan Hollins,,Jose Juan Barea,,,,,,,,,,,,
Daequan Cook,Dwyane Wade,Mario Chalmers,Michael Beasley,Udonis Haslem,Antoine Wright,Dirk Nowitzki,Jason Kidd,Jason Terry,Ryan Hollins,4,0:01,DAL,sub,,,,Antoine Wright,,Brandon Bass,,,,,,,,,,,,
Daequan Cook,Dwyane Wade,James Jones,Mario Chalmers,Udonis Haslem,Antoine Wright,Dirk Nowitzki,Jason Kidd,Jason Terry,Ryan Hollins,4,0:01,MIA,sub,,,,James Jones,,Michael Beasley,,,,,,,,,,,,
Daequan Cook,Dwyane Wade,James Jones,Mario Chalmers,Udonis Haslem,Antoine Wright,Dirk Nowitzki,Jason Kidd,Jason Terry,Ryan Hollins,4,0:01,DAL,timeout,,,,,,,,,,,,,,,,short,,
Daequan Cook,Dwyane Wade,James Jones,Mario Chalmers,Michael Beasley,Antoine Wright,Dirk Nowitzki,Jason Kidd,Jason Terry,Ryan Hollins,4,0:01,MIA,sub,,,,Michael Beasley,,Udonis Haslem,,,,,,,,,,,,
Daequan Cook,Dwyane Wade,James Jones,Mario Chalmers,Michael Beasley,Antoine Wright,Dirk Nowitzki,Jason Kidd,Jason Terry,Ryan Hollins,4,0:00,MIA,shot,,,,,,,,,,Dwyane Wade,,,,missed,,3pt,48,7
Daequan Cook,Dwyane Wade,James Jones,Mario Chalmers,Michael Beasley,Antoine Wright,Dirk Nowitzki,Jason Kidd,Jason Terry,Ryan Hollins,4,0:00,MIA,rebound,,,,,,,,,,,,,,,,,,
