a1,a2,a3,a4,a5,h1,h2,h3,h4,h5,period,time,team,etype,assist,away,block,entered,home,left,num,opponent,outof,player,points,possession,reason,result,steal,type,x,y
Andrea Bargnani,Anthony Parker,Chris Bosh,Jamario Moon,Joey Graham,Joe Johnson,Josh Smith,Maurice Evans,Mike Bibby,Zaza Pachulia,1,12:00,OFF,jump ball,,Chris Bosh,,,Josh Smith,,,,,,,Mike Bibby,,,,,,
Andrea Bargnani,Anthony Parker,Chris Bosh,Jamario Moon,Joey Graham,Joe Johnson,Josh Smith,Maurice Evans,Mike Bibby,Zaza Pachulia,1,11:46,ATL,turnover,,,,,,,,,,Joe Johnson,,,bad pass,,Joey Graham,,,
Andrea Bargnani,Anthony Parker,Chris Bosh,Jamario Moon,Joey Graham,Joe Johnson,Josh Smith,Maurice Evans,Mike Bibby,Zaza Pachulia,1,11:36,TOR,shot,Jamario Moon,,,,,,,,,Andrea Bargnani,2,,,made,,jump,17,24
Andrea Bargnani,Anthony Parker,Chris Bosh,Jamario Moon,Joey Graham,Joe Johnson,Josh Smith,Maurice Evans,Mike Bibby,Zaza Pachulia,1,11:17,ATL,shot,Joe Johnson,,,,,,,,,Mike Bibby,2,,,made,,jump,5,11
Andrea Bargnani,Anthony Parker,Chris Bosh,Jamario Moon,Joey Graham,Joe Johnson,Josh Smith,Maurice Evans,Mike Bibby,Zaza Pachulia,1,10:53,TOR,shot,,,,,,,,,,Anthony Parker,,,,missed,,3pt,45,24
Andrea Bargnani,Anthony Parker,Chris Bosh,Jamario Moon,Joey Graham,Joe Johnson,Josh Smith,Maurice Evans,Mike Bibby,Zaza Pachulia,1,10:51,ATL,rebound,,,,,,,,,,Josh Smith,,,,,,def,,
Andrea Bargnani,Anthony Parker,Chris Bosh,Jamario Moon,Joey Graham,Joe Johnson,Josh Smith,Maurice Evans,Mike Bibby,Zaza Pachulia,1,10:36,ATL,shot,,,,,,,,,,Josh Smith,,,,missed,,driving layup,29,9
Andrea Bargnani,Anthony Parker,Chris Bosh,Jamario Moon,Joey Graham,Joe Johnson,Josh Smith,Maurice Evans,Mike Bibby,Zaza Pachulia,1,10:35,TOR,rebound,,,,,,,,,,Chris Bosh,,,,,,def,,
Andrea Bargnani,Anthony Parker,Chris Bosh,Jamario Moon,Joey Graham,Joe Johnson,Josh Smith,Maurice Evans,Mike Bibby,Zaza Pachulia,1,10:20,TOR,shot,Chris Bosh,,,,,,,,,Joey Graham,2,,,made,,turnaround jump,14,9
Andrea Bargnani,Anthony Parker,Chris Bosh,Jamario Moon,Joey Graham,Joe Johnson,Josh Smith,Maurice Evans,Mike Bibby,Zaza Pachulia,1,10:02,ATL,shot,Maurice Evans,,,,,,,,,Mike Bibby,3,,,made,,3pt,48,11
Andrea Bargnani,Anthony Parker,Chris Bosh,Jamario Moon,Joey Graham,Joe Johnson,Josh Smith,Maurice Evans,Mike Bibby,Zaza Pachulia,1,9:43,ATL,foul,,,,,,,,Jamario Moon,,Mike Bibby,,,,,,personal,,
Andrea Bargnani,Anthony Parker,Chris Bosh,Jamario Moon,Joey Graham,Joe Johnson,Josh Smith,Maurice Evans,Mike Bibby,Zaza Pachulia,1,9:29,TOR,shot,,,,,,,,,,Andrea Bargnani,,,,missed,,3pt,13,31
Andrea Bargnani,Anthony Parker,Chris Bosh,Jamario Moon,Joey Graham,Joe Johnson,Josh Smith,Maurice Evans,Mike Bibby,Zaza Pachulia,1,9:28,TOR,rebound,,,,,,,,,,Anthony Parker,,,,,,off,,
Andrea Bargnani,Anthony Parker,Chris Bosh,Jamario Moon,Joey Graham,Joe Johnson,Josh Smith,Maurice Evans,Mike Bibby,Zaza Pachulia,1,9:22,TOR,shot,,,,,,,,,,Joey Graham,,,,missed,,jump,28,9
Andrea Bargnani,Anthony Parker,Chris Bosh,Jamario Moon,Joey Graham,Joe Johnson,Josh Smith,Maurice Evans,Mike Bibby,Zaza Pachulia,1,9:21,ATL,rebound,,,,,,,,,,Joe Johnson,,,,,,def,,
Andrea Bargnani,Anthony Parker,Chris Bosh,Jamario Moon,Joey Graham,Joe Johnson,Josh Smith,Maurice Evans,Mike Bibby,Zaza Pachulia,1,9:13,ATL,shot,,,,,,,,,,Josh Smith,,,,missed,,jump,6,16
Andrea Bargnani,Anthony Parker,Chris Bosh,Jamario Moon,Joey Graham,Joe Johnson,Josh Smith,Maurice Evans,Mike Bibby,Zaza Pachulia,1,9:11,TOR,rebound,,,,,,,,,,Andrea Bargnani,,,,,,def,,
Andrea Bargnani,Anthony Parker,Chris Bosh,Jamario Moon,Joey Graham,Joe Johnson,Josh Smith,Maurice Evans,Mike Bibby,Zaza Pachulia,1,9:04,TOR,shot,Anthony Parker,,,,,,,,,Andrea Bargnani,2,,,made,,jump,14,22
Andrea Bargnani,Anthony Parker,Chris Bosh,Jamario Moon,Joey Graham,Joe Johnson,Josh Smith,Maurice Evans,Mike Bibby,Zaza Pachulia,1,8:50,ATL,turnover,,,,,,,,,,Zaza Pachulia,,,bad pass,,Anthony Parker,,,
Andrea Bargnani,Anthony Parker,Chris Bosh,Jamario Moon,Joey Graham,Joe Johnson,Josh Smith,Maurice Evans,Mike Bibby,Zaza Pachulia,1,8:44,TOR,turnover,,,,,,,,,,Jamario Moon,,,bad pass,,Zaza Pachulia,,,
Andrea Bargnani,Anthony Parker,Chris Bosh,Jamario Moon,Joey Graham,Joe Johnson,Josh Smith,Maurice Evans,Mike Bibby,Zaza Pachulia,1,8:39,ATL,shot,,,,,,,,,,Mike Bibby,2,,,made,,running layup,25,11
Andrea Bargnani,Anthony Parker,Chris Bosh,Jamario Moon,Joey Graham,Joe Johnson,Josh Smith,Maurice Evans,Mike Bibby,Zaza Pachulia,1,8:21,TOR,shot,Anthony Parker,,,,,,,,,Jamario Moon,2,,,made,,turnaround jump,43,10
Andrea Bargnani,Anthony Parker,Chris Bosh,Jamario Moon,Joey Graham,Joe Johnson,Josh Smith,Maurice Evans,Mike Bibby,Zaza Pachulia,1,8:05,ATL,shot,Josh Smith,,,,,,,,,Joe Johnson,2,,,made,,layup,27,6
Andrea Bargnani,Anthony Parker,Chris Bosh,Jamario Moon,Joey Graham,Joe Johnson,Josh Smith,Maurice Evans,Mike Bibby,Zaza Pachulia,1,7:48,TOR,shot,,,,,,,,,,Chris Bosh,2,,,made,,driving layup,26,7
Andrea Bargnani,Anthony Parker,Chris Bosh,Jamario Moon,Joey Graham,Joe Johnson,Josh Smith,Maurice Evans,Mike Bibby,Zaza Pachulia,1,7:43,ATL,turnover,,,,,,,,,,Mike Bibby,,,bad pass,,Joey Graham,,,
Andrea Bargnani,Anthony Parker,Chris Bosh,Jamario Moon,Joey Graham,Joe Johnson,Josh Smith,Maurice Evans,Mike Bibby,Zaza Pachulia,1,7:39,TOR,turnover,,,,,,,,,,Joey Graham,,,bad pass,,,,,
Andrea Bargnani,Anthony Parker,Chris Bosh,Jamario Moon,Joey Graham,Joe Johnson,Josh Smith,Maurice Evans,Mike Bibby,Zaza Pachulia,1,7:27,TOR,foul,,,,,,,,Mike Bibby,,Joey Graham,,,,,,personal,,
Andrea Bargnani,Anthony Parker,Chris Bosh,Jamario Moon,Joey Graham,Joe Johnson,Josh Smith,Maurice Evans,Mike Bibby,Zaza Pachulia,1,7:19,ATL,shot,,,,,,,,,,Joe Johnson,,,,missed,,fade away jumper,10,20
Andrea Bargnani,Anthony Parker,Chris Bosh,Jamario Moon,Joey Graham,Joe Johnson,Josh Smith,Maurice Evans,Mike Bibby,Zaza Pachulia,1,7:18,TOR,rebound,,,,,,,,,,Chris Bosh,,,,,,def,,
Andrea Bargnani,Anthony Parker,Chris Bosh,Jamario Moon,Joey Graham,Joe Johnson,Josh Smith,Maurice Evans,Mike Bibby,Zaza Pachulia,1,7:06,ATL,foul,,,,,,,,Andrea Bargnani,,Zaza Pachulia,,,,,,shooting,,
Andrea Bargnani,Anthony Parker,Chris Bosh,Jamario Moon,Joey Graham,Joe Johnson,Josh Smith,Maurice Evans,Mike Bibby,Zaza Pachulia,1,7:06,TOR,free throw,,,,,,,1,,2,Andrea Bargnani,,,foul,made,,,,
Andrea Bargnani,Anthony Parker,Chris Bosh,Jamario Moon,Joey Graham,Joe Johnson,Josh Smith,Maurice Evans,Mike Bibby,Zaza Pachulia,1,7:06,TOR,free throw,,,,,,,2,,2,Andrea Bargnani,,,foul,made,,,,
Andrea Bargnani,Anthony Parker,Chris Bosh,Jamario Moon,Joey Graham,Joe Johnson,Josh Smith,Maurice Evans,Mike Bibby,Zaza Pachulia,1,6:58,TOR,foul,,,,,,,,Mike Bibby,,Anthony Parker,,,,,,personal,,
Andrea Bargnani,Anthony Parker,Chris Bosh,Jamario Moon,Joey Graham,Joe Johnson,Josh Smith,Maurice Evans,Mike Bibby,Zaza Pachulia,1,6:44,ATL,shot,,,,,,,,,,Joe Johnson,3,,,made,,3pt,5,25
Andrea Bargnani,Anthony Parker,Chris Bosh,Jamario Moon,Joey Graham,Joe Johnson,Josh Smith,Maurice Evans,Mike Bibby,Zaza Pachulia,1,6:32,ATL,foul,,,,,,,,Anthony Parker,,Josh Smith,,,,,,personal,,
Andrea Bargnani,Anthony Parker,Chris Bosh,Jamario Moon,Joey Graham,Joe Johnson,Josh Smith,Maurice Evans,Mike Bibby,Zaza Pachulia,1,6:24,TOR,shot,,,,,,,,,,Chris Bosh,,,,missed,,running hook,24,14
Andrea Bargnani,Anthony Parker,Chris Bosh,Jamario Moon,Joey Graham,Joe Johnson,Josh Smith,Maurice Evans,Mike Bibby,Zaza Pachulia,1,6:22,TOR,shot,,,,,,,,,,Chris Bosh,2,,,made,,putback layup,25,6
Andrea Bargnani,Anthony Parker,Chris Bosh,Jamario Moon,Joey Graham,Joe Johnson,Josh Smith,Maurice Evans,Mike Bibby,Zaza Pachulia,1,6:22,TOR,rebound,,,,,,,,,,Chris Bosh,,,,,,off,,
Andrea Bargnani,Anthony Parker,Chris Bosh,Jamario Moon,Joey Graham,Joe Johnson,Josh Smith,Maurice Evans,Mike Bibby,Zaza Pachulia,1,6:11,ATL,shot,,,,,,,,,,Zaza Pachulia,,,,missed,,jump,21,7
Andrea Bargnani,Anthony Parker,Chris Bosh,Jamario Moon,Joey Graham,Joe Johnson,Josh Smith,Maurice Evans,Mike Bibby,Zaza Pachulia,1,6:10,TOR,rebound,,,,,,,,,,Anthony Parker,,,,,,def,,
Andrea Bargnani,Anthony Parker,Chris Bosh,Jamario Moon,Joey Graham,Joe Johnson,Josh Smith,Maurice Evans,Mike Bibby,Zaza Pachulia,1,6:07,TOR,shot,Anthony Parker,,,,,,,,,Joey Graham,2,,,made,,running dunk,25,6
Andrea Bargnani,Anthony Parker,Chris Bosh,Jamario Moon,Joey Graham,Joe Johnson,Josh Smith,Maurice Evans,Mike Bibby,Zaza Pachulia,1,5:43,ATL,shot,,,,,,,,,,Joe Johnson,,,,missed,,running jump,21,13
Andrea Bargnani,Anthony Parker,Chris Bosh,Jamario Moon,Joey Graham,Joe Johnson,Josh Smith,Maurice Evans,Mike Bibby,Zaza Pachulia,1,5:42,ATL,rebound,,,,,,,,,,Josh Smith,,,,,,off,,
Andrea Bargnani,Anthony Parker,Chris Bosh,Jamario Moon,Joey Graham,Joe Johnson,Josh Smith,Maurice Evans,Mike Bibby,Zaza Pachulia,1,5:38,ATL,shot,Josh Smith,,,,,,,,,Joe Johnson,3,,,made,,3pt,1,16
Andrea Bargnani,Anthony Parker,Chris Bosh,Jamario Moon,Joey Graham,Joe Johnson,Josh Smith,Maurice Evans,Mike Bibby,Zaza Pachulia,1,5:20,TOR,shot,Chris Bosh,,,,,,,,,Andrea Bargnani,2,,,made,,running layup,25,6
Andrea Bargnani,Anthony Parker,Chris Bosh,Jamario Moon,Joey Graham,Joe Johnson,Josh Smith,Maurice Evans,Mike Bibby,Zaza Pachulia,1,5:00,ATL,shot,,,Anthony Parker,,,,,,,Zaza Pachulia,,,,missed,,running layup,27,6
Andrea Bargnani,Anthony Parker,Chris Bosh,Jamario Moon,Joey Graham,Joe Johnson,Josh Smith,Maurice Evans,Mike Bibby,Zaza Pachulia,1,4:58,TOR,rebound,,,,,,,,,,Chris Bosh,,,,,,def,,
Andrea Bargnani,Anthony Parker,Chris Bosh,Jamario Moon,Joey Graham,Joe Johnson,Josh Smith,Maurice Evans,Mike Bibby,Zaza Pachulia,1,4:52,TOR,shot,,,,,,,,,,Jamario Moon,,,,missed,,3pt,0,15
Andrea Bargnani,Anthony Parker,Chris Bosh,Jamario Moon,Joey Graham,Joe Johnson,Josh Smith,Maurice Evans,Mike Bibby,Zaza Pachulia,1,4:50,TOR,rebound,,,,,,,,,,Chris Bosh,,,,,,off,,
Andrea Bargnani,Anthony Parker,Chris Bosh,Jamario Moon,Joey Graham,Joe Johnson,Josh Smith,Maurice Evans,Mike Bibby,Zaza Pachulia,1,4:36,ATL,foul,,,,,,,,Chris Bosh,,Zaza Pachulia,,,,,,shooting,,
Andrea Bargnani,Anthony Parker,Chris Bosh,Jamario Moon,Joey Graham,Joe Johnson,Josh Smith,Maurice Evans,Mike Bibby,Zaza Pachulia,1,4:36,ATL,timeout,,,,,,,,,,,,,,,,regular,,
Andrea Bargnani,Anthony Parker,Chris Bosh,Jamario Moon,Joey Graham,Joe Johnson,Josh Smith,Maurice Evans,Mike Bibby,Solomon Jones,1,4:36,ATL,sub,,,,Solomon Jones,,Zaza Pachulia,,,,,,,,,,,,
Andrea Bargnani,Anthony Parker,Chris Bosh,Jamario Moon,Joey Graham,Joe Johnson,Josh Smith,Maurice Evans,Mike Bibby,Solomon Jones,1,4:36,TOR,free throw,,,,,,,1,,2,Chris Bosh,,,foul,made,,,,
Andrea Bargnani,Anthony Parker,Chris Bosh,Jamario Moon,Joey Graham,Joe Johnson,Josh Smith,Maurice Evans,Mike Bibby,Solomon Jones,1,4:36,TOR,free throw,,,,,,,2,,2,Chris Bosh,,,foul,made,,,,
Andrea Bargnani,Anthony Parker,Chris Bosh,Jamario Moon,Joey Graham,Joe Johnson,Josh Smith,Maurice Evans,Mike Bibby,Solomon Jones,1,4:20,ATL,shot,,,,,,,,,,Josh Smith,,,,missed,,driving layup,23,7
Andrea Bargnani,Anthony Parker,Chris Bosh,Jamario Moon,Joey Graham,Joe Johnson,Josh Smith,Maurice Evans,Mike Bibby,Solomon Jones,1,4:18,ATL,rebound,,,,,,,,,,Mike Bibby,,,,,,off,,
Andrea Bargnani,Anthony Parker,Chris Bosh,Jamario Moon,Joey Graham,Joe Johnson,Josh Smith,Maurice Evans,Mike Bibby,Solomon Jones,1,4:17,TOR,foul,,,,,,,,Mike Bibby,,Joey Graham,,,,,,personal,,
Andrea Bargnani,Anthony Parker,Chris Bosh,Jamario Moon,Joey Graham,Joe Johnson,Josh Smith,Maurice Evans,Mike Bibby,Solomon Jones,1,4:08,ATL,shot,,,Anthony Parker,,,,,,,Josh Smith,,,,missed,,running jump,31,9
Andrea Bargnani,Anthony Parker,Chris Bosh,Jamario Moon,Joey Graham,Joe Johnson,Josh Smith,Maurice Evans,Mike Bibby,Solomon Jones,1,4:08,ATL,rebound,,,,,,,,,,,,,,,,,,
Andrea Bargnani,Anthony Parker,Chris Bosh,Jamario Moon,Jason Kapono,Joe Johnson,Josh Smith,Maurice Evans,Mike Bibby,Solomon Jones,1,4:08,TOR,sub,,,,Jason Kapono,,Joey Graham,,,,,,,,,,,,
Andrea Bargnani,Anthony Parker,Chris Bosh,Jamario Moon,Jason Kapono,Joe Johnson,Josh Smith,Maurice Evans,Mike Bibby,Solomon Jones,1,4:06,TOR,foul,,,,,,,,Joe Johnson,,Jamario Moon,,,,,,personal,,
Andrea Bargnani,Anthony Parker,Chris Bosh,Jamario Moon,Jason Kapono,Joe Johnson,Josh Smith,Maurice Evans,Mike Bibby,Solomon Jones,1,3:59,ATL,turnover,,,,,,,,,,Josh Smith,,,3 second violation,,,,,
Andrea Bargnani,Anthony Parker,Chris Bosh,Jamario Moon,Jason Kapono,Joe Johnson,Josh Smith,Maurice Evans,Mike Bibby,Solomon Jones,1,3:38,TOR,shot,,,Solomon Jones,,,,,,,Chris Bosh,,,,missed,,turnaround jump,19,13
Andrea Bargnani,Anthony Parker,Chris Bosh,Jamario Moon,Jason Kapono,Joe Johnson,Josh Smith,Maurice Evans,Mike Bibby,Solomon Jones,1,3:37,ATL,rebound,,,,,,,,,,Maurice Evans,,,,,,def,,
Andrea Bargnani,Anthony Parker,Chris Bosh,Jamario Moon,Jason Kapono,Joe Johnson,Josh Smith,Maurice Evans,Mike Bibby,Solomon Jones,1,3:32,ATL,shot,,,,,,,,,,Mike Bibby,,,,missed,,3pt,40,30
Andrea Bargnani,Anthony Parker,Chris Bosh,Jamario Moon,Jason Kapono,Joe Johnson,Josh Smith,Maurice Evans,Mike Bibby,Solomon Jones,1,3:31,TOR,rebound,,,,,,,,,,,,,,,,,,
Andrea Bargnani,Anthony Parker,Chris Bosh,Jamario Moon,Jason Kapono,Joe Johnson,Josh Smith,Maurice Evans,Mike Bibby,Solomon Jones,1,3:19,TOR,shot,,,,,,,,,,Anthony Parker,,,,missed,,jump,10,15
Andrea Bargnani,Anthony Parker,Chris Bosh,Jamario Moon,Jason Kapono,Joe Johnson,Josh Smith,Maurice Evans,Mike Bibby,Solomon Jones,1,3:18,ATL,rebound,,,,,,,,,,Josh Smith,,,,,,def,,
Andrea Bargnani,Anthony Parker,Chris Bosh,Jamario Moon,Jason Kapono,Joe Johnson,Josh Smith,Maurice Evans,Mike Bibby,Solomon Jones,1,3:10,ATL,shot,,,,,,,,,,Maurice Evans,,,,missed,,3pt,49,11
Andrea Bargnani,Anthony Parker,Chris Bosh,Jamario Moon,Jason Kapono,Joe Johnson,Josh Smith,Maurice Evans,Mike Bibby,Solomon Jones,1,3:09,TOR,rebound,,,,,,,,,,Chris Bosh,,,,,,def,,
Andrea Bargnani,Anthony Parker,Chris Bosh,Jamario Moon,Jason Kapono,Joe Johnson,Josh Smith,Maurice Evans,Mike Bibby,Solomon Jones,1,2:50,TOR,shot,,,,,,,,,,Andrea Bargnani,,,,missed,,3pt,33,32
Andrea Bargnani,Anthony Parker,Chris Bosh,Jamario Moon,Jason Kapono,Joe Johnson,Josh Smith,Maurice Evans,Mike Bibby,Solomon Jones,1,2:45,ATL,rebound,,,,,,,,,,Mike Bibby,,,,,,def,,
Andrea Bargnani,Anthony Parker,Chris Bosh,Jamario Moon,Jason Kapono,Joe Johnson,Josh Smith,Maurice Evans,Mike Bibby,Solomon Jones,1,2:44,ATL,turnover,,,,,,,,,,Mike Bibby,,,bad pass,,Jamario Moon,,,
Andrea Bargnani,Anthony Parker,Chris Bosh,Jamario Moon,Jason Kapono,Joe Johnson,Josh Smith,Maurice Evans,Mike Bibby,Solomon Jones,1,2:34,ATL,foul,,,,,,,,Chris Bosh,,Solomon Jones,,,,,,shooting,,
Andrea Bargnani,Anthony Parker,Chris Bosh,Jamario Moon,Jason Kapono,Joe Johnson,Josh Smith,Maurice Evans,Mike Bibby,Solomon Jones,1,2:34,TOR,timeout,,,,,,,,,,,,,,,,regular,,
Anthony Parker,Chris Bosh,Jake Voskuhl,Jamario Moon,Jason Kapono,Joe Johnson,Josh Smith,Maurice Evans,Mike Bibby,Solomon Jones,1,2:34,TOR,sub,,,,Jake Voskuhl,,Andrea Bargnani,,,,,,,,,,,,
Anthony Parker,Chris Bosh,Jake Voskuhl,Jamario Moon,Jason Kapono,Joe Johnson,Josh Smith,Mike Bibby,Ronald Murray,Solomon Jones,1,2:34,ATL,sub,,,,Ronald Murray,,Maurice Evans,,,,,,,,,,,,
Anthony Parker,Chris Bosh,Jake Voskuhl,Jamario Moon,Jason Kapono,Joe Johnson,Josh Smith,Mike Bibby,Ronald Murray,Solomon Jones,1,2:34,TOR,free throw,,,,,,,1,,2,Chris Bosh,,,foul,made,,,,
Anthony Parker,Chris Bosh,Jake Voskuhl,Jamario Moon,Jason Kapono,Joe Johnson,Josh Smith,Mike Bibby,Ronald Murray,Solomon Jones,1,2:34,TOR,free throw,,,,,,,2,,2,Chris Bosh,,,foul,made,,,,
Anthony Parker,Chris Bosh,Jake Voskuhl,Jamario Moon,Jason Kapono,Joe Johnson,Josh Smith,Mike Bibby,Ronald Murray,Solomon Jones,1,2:19,ATL,shot,Mike Bibby,,,,,,,,,Josh Smith,2,,,made,,alley oop dunk,25,6
Anthony Parker,Chris Bosh,Jake Voskuhl,Jamario Moon,Jason Kapono,Joe Johnson,Josh Smith,Mike Bibby,Ronald Murray,Solomon Jones,1,2:01,TOR,turnover,,,,,,,,,,Anthony Parker,,,bad pass,,Mike Bibby,,,
Anthony Parker,Chris Bosh,Jake Voskuhl,Jamario Moon,Jason Kapono,Joe Johnson,Josh Smith,Mike Bibby,Ronald Murray,Solomon Jones,1,1:58,ATL,shot,Mike Bibby,,,,,,,,,Ronald Murray,2,,,made,,running layup,25,6
Anthony Parker,Chris Bosh,Jake Voskuhl,Jamario Moon,Jason Kapono,Joe Johnson,Josh Smith,Mike Bibby,Ronald Murray,Solomon Jones,1,1:37,TOR,shot,,,,,,,,,,Anthony Parker,2,,,made,,jump,38,19
Anthony Parker,Chris Bosh,Jake Voskuhl,Jamario Moon,Jason Kapono,Joe Johnson,Josh Smith,Mike Bibby,Ronald Murray,Solomon Jones,1,1:31,ATL,shot,Mike Bibby,,,,,,,,,Josh Smith,2,,,made,,alley oop dunk,25,6
Anthony Parker,Chris Bosh,Jake Voskuhl,Jamario Moon,Jason Kapono,Joe Johnson,Josh Smith,Mike Bibby,Ronald Murray,Solomon Jones,1,1:14,TOR,turnover,,,,,,,,,,Anthony Parker,,,discontinue dribble,,,,,
Chris Bosh,Jake Voskuhl,Jamario Moon,Jason Kapono,Roko Ukic,Joe Johnson,Josh Smith,Mike Bibby,Ronald Murray,Solomon Jones,1,1:14,TOR,sub,,,,Roko Ukic,,Anthony Parker,,,,,,,,,,,,
Chris Bosh,Jake Voskuhl,Jamario Moon,Jason Kapono,Roko Ukic,Josh Smith,Mike Bibby,Ronald Murray,Solomon Jones,Thomas Gardner,1,1:14,ATL,sub,,,,Thomas Gardner,,Joe Johnson,,,,,,,,,,,,
Chris Bosh,Jake Voskuhl,Jamario Moon,Jason Kapono,Roko Ukic,Josh Smith,Mike Bibby,Ronald Murray,Solomon Jones,Thomas Gardner,1,0:59,TOR,foul,,,,,,,,Ronald Murray,,Jason Kapono,,,,,,personal,,
Chris Bosh,Jake Voskuhl,Jamario Moon,Jason Kapono,Roko Ukic,Josh Smith,Mike Bibby,Ronald Murray,Solomon Jones,Thomas Gardner,1,0:59,ATL,free throw,,,,,,,1,,2,Ronald Murray,,,foul,made,,,,
Chris Bosh,Jake Voskuhl,Jamario Moon,Jason Kapono,Roko Ukic,Josh Smith,Mike Bibby,Ronald Murray,Solomon Jones,Thomas Gardner,1,0:59,ATL,free throw,,,,,,,2,,2,Ronald Murray,,,foul,made,,,,
Chris Bosh,Jake Voskuhl,Jamario Moon,Jason Kapono,Roko Ukic,Josh Smith,Mike Bibby,Ronald Murray,Solomon Jones,Thomas Gardner,1,0:35,TOR,shot,,,,,,,,,,Roko Ukic,,,,missed,,turnaround jump,33,11
Chris Bosh,Jake Voskuhl,Jamario Moon,Jason Kapono,Roko Ukic,Josh Smith,Mike Bibby,Ronald Murray,Solomon Jones,Thomas Gardner,1,0:33,ATL,rebound,,,,,,,,,,,,,,,,,,
Chris Bosh,Jake Voskuhl,Jamario Moon,Jason Kapono,Roko Ukic,Josh Smith,Mike Bibby,Ronald Murray,Solomon Jones,Thomas Gardner,1,0:26,ATL,shot,,,,,,,,,,Mike Bibby,,,,missed,,jump,39,18
Chris Bosh,Jake Voskuhl,Jamario Moon,Jason Kapono,Roko Ukic,Josh Smith,Mike Bibby,Ronald Murray,Solomon Jones,Thomas Gardner,1,0:23,TOR,rebound,,,,,,,,,,,,,,,,,,
Chris Bosh,Jake Voskuhl,Jamario Moon,Jason Kapono,Roko Ukic,Josh Smith,Mike Bibby,Ronald Murray,Solomon Jones,Thomas Gardner,1,0:02,TOR,turnover,,,,,,,,,,Roko Ukic,,,lost ball,,Ronald Murray,,,
Chris Bosh,Jake Voskuhl,Jamario Moon,Jason Kapono,Roko Ukic,Josh Smith,Mike Bibby,Ronald Murray,Solomon Jones,Thomas Gardner,1,0:00,ATL,shot,,,,,,,,,,Ronald Murray,,,,missed,,3pt,25,33
Chris Bosh,Jake Voskuhl,Jamario Moon,Jason Kapono,Roko Ukic,Josh Smith,Mike Bibby,Ronald Murray,Solomon Jones,Thomas Gardner,1,0:00,ATL,rebound,,,,,,,,,,,,,,,,,,
Andrea Bargnani,Jake Voskuhl,Jason Kapono,Joey Graham,Roko Ukic,Acie Law,Josh Smith,Ronald Murray,Solomon Jones,Thomas Gardner,2,11:36,TOR,shot,,,,,,,,,,Jake Voskuhl,,,,missed,,jump,6,9
Andrea Bargnani,Jake Voskuhl,Jason Kapono,Joey Graham,Roko Ukic,Acie Law,Josh Smith,Ronald Murray,Solomon Jones,Thomas Gardner,2,11:35,ATL,rebound,,,,,,,,,,Thomas Gardner,,,,,,def,,
Andrea Bargnani,Jake Voskuhl,Jason Kapono,Joey Graham,Roko Ukic,Acie Law,Josh Smith,Ronald Murray,Solomon Jones,Thomas Gardner,2,11:22,ATL,shot,,,,,,,,,,Ronald Murray,,,,missed,,3pt,48,10
Andrea Bargnani,Jake Voskuhl,Jason Kapono,Joey Graham,Roko Ukic,Acie Law,Josh Smith,Ronald Murray,Solomon Jones,Thomas Gardner,2,11:21,TOR,rebound,,,,,,,,,,Jason Kapono,,,,,,def,,
Andrea Bargnani,Jake Voskuhl,Jason Kapono,Joey Graham,Roko Ukic,Acie Law,Josh Smith,Ronald Murray,Solomon Jones,Thomas Gardner,2,11:11,TOR,shot,,,,,,,,,,Roko Ukic,2,,,made,,driving layup,22,7
Andrea Bargnani,Jake Voskuhl,Jason Kapono,Joey Graham,Roko Ukic,Acie Law,Josh Smith,Ronald Murray,Solomon Jones,Thomas Gardner,2,10:55,ATL,shot,,,,,,,,,,Thomas Gardner,,,,missed,,3pt,4,25
Andrea Bargnani,Jake Voskuhl,Jason Kapono,Joey Graham,Roko Ukic,Acie Law,Josh Smith,Ronald Murray,Solomon Jones,Thomas Gardner,2,10:54,ATL,rebound,,,,,,,,,,,,,,,,,,
Andrea Bargnani,Jake Voskuhl,Jason Kapono,Joey Graham,Roko Ukic,Acie Law,Josh Smith,Ronald Murray,Solomon Jones,Thomas Gardner,2,10:54,TOR,foul,,,,,,,,Solomon Jones,,Jake Voskuhl,,,,,,loose ball,,
Andrea Bargnani,Jake Voskuhl,Jason Kapono,Joey Graham,Roko Ukic,Acie Law,Josh Smith,Ronald Murray,Solomon Jones,Thomas Gardner,2,10:45,TOR,foul,,,,,,,,,,Jason Kapono,,,,,,defense 3 second,,
Andrea Bargnani,Jake Voskuhl,Jason Kapono,Joey Graham,Roko Ukic,Acie Law,Josh Smith,Ronald Murray,Solomon Jones,Thomas Gardner,2,10:45,ATL,free throw,,,,,,,1,,1,Ronald Murray,,,technical,made,,,,
Andrea Bargnani,Jake Voskuhl,Jason Kapono,Joey Graham,Roko Ukic,Acie Law,Josh Smith,Ronald Murray,Solomon Jones,Thomas Gardner,2,10:37,ATL,shot,,,,,,,,,,Acie Law,,,,missed,,jump,35,24
Andrea Bargnani,Jake Voskuhl,Jason Kapono,Joey Graham,Roko Ukic,Acie Law,Josh Smith,Ronald Murray,Solomon Jones,Thomas Gardner,2,10:35,TOR,rebound,,,,,,,,,,Jake Voskuhl,,,,,,def,,
Andrea Bargnani,Jake Voskuhl,Jason Kapono,Joey Graham,Roko Ukic,Acie Law,Josh Smith,Ronald Murray,Solomon Jones,Thomas Gardner,2,10:28,TOR,shot,,,,,,,,,,Andrea Bargnani,,,,missed,,3pt,34,32
Andrea Bargnani,Jake Voskuhl,Jason Kapono,Joey Graham,Roko Ukic,Acie Law,Josh Smith,Ronald Murray,Solomon Jones,Thomas Gardner,2,10:26,ATL,rebound,,,,,,,,,,Josh Smith,,,,,,def,,
Andrea Bargnani,Jake Voskuhl,Jason Kapono,Joey Graham,Roko Ukic,Acie Law,Josh Smith,Ronald Murray,Solomon Jones,Thomas Gardner,2,10:26,TOR,foul,,,,,,,,Josh Smith,,Joey Graham,,,,,,personal,,
Andrea Bargnani,Anthony Parker,Jake Voskuhl,Jason Kapono,Roko Ukic,Acie Law,Josh Smith,Ronald Murray,Solomon Jones,Thomas Gardner,2,10:26,TOR,sub,,,,Anthony Parker,,Joey Graham,,,,,,,,,,,,
Andrea Bargnani,Anthony Parker,Jake Voskuhl,Jason Kapono,Roko Ukic,Acie Law,Joe Johnson,Ronald Murray,Solomon Jones,Thomas Gardner,2,10:26,ATL,sub,,,,Joe Johnson,,Josh Smith,,,,,,,,,,,,
Andrea Bargnani,Anthony Parker,Jake Voskuhl,Jason Kapono,Roko Ukic,Acie Law,Joe Johnson,Ronald Murray,Solomon Jones,Thomas Gardner,2,10:12,ATL,turnover,,,,,,,,,,Acie Law,,,bad pass,,Jason Kapono,,,
Andrea Bargnani,Anthony Parker,Jake Voskuhl,Jason Kapono,Roko Ukic,Acie Law,Joe Johnson,Ronald Murray,Solomon Jones,Thomas Gardner,2,10:02,TOR,shot,Anthony Parker,,,,,,,,,Andrea Bargnani,2,,,made,,turnaround jump,25,17
Andrea Bargnani,Anthony Parker,Jake Voskuhl,Jason Kapono,Roko Ukic,Acie Law,Joe Johnson,Ronald Murray,Solomon Jones,Thomas Gardner,2,9:57,ATL,timeout,,,,,,,,,,,,,,,,short,,
Andrea Bargnani,Anthony Parker,Jake Voskuhl,Jason Kapono,Roko Ukic,Joe Johnson,Maurice Evans,Ronald Murray,Solomon Jones,Thomas Gardner,2,9:57,ATL,sub,,,,Maurice Evans,,Acie Law,,,,,,,,,,,,
Andrea Bargnani,Anthony Parker,Jake Voskuhl,Jason Kapono,Roko Ukic,Joe Johnson,Maurice Evans,Ronald Murray,Solomon Jones,Thomas Gardner,2,9:45,ATL,shot,,,,,,,,,,Joe Johnson,2,,,made,,fade away jumper,36,19
Andrea Bargnani,Anthony Parker,Jake Voskuhl,Jason Kapono,Roko Ukic,Joe Johnson,Maurice Evans,Ronald Murray,Solomon Jones,Thomas Gardner,2,9:26,TOR,shot,Roko Ukic,,,,,,,,,Jason Kapono,2,,,made,,jump,44,8
Andrea Bargnani,Anthony Parker,Jake Voskuhl,Jason Kapono,Roko Ukic,Joe Johnson,Maurice Evans,Ronald Murray,Solomon Jones,Thomas Gardner,2,9:12,ATL,shot,,,,,,,,,,Joe Johnson,,,,missed,,3pt,48,12
Andrea Bargnani,Anthony Parker,Jake Voskuhl,Jason Kapono,Roko Ukic,Joe Johnson,Maurice Evans,Ronald Murray,Solomon Jones,Thomas Gardner,2,9:10,TOR,rebound,,,,,,,,,,Andrea Bargnani,,,,,,def,,
Andrea Bargnani,Anthony Parker,Jake Voskuhl,Jason Kapono,Roko Ukic,Joe Johnson,Maurice Evans,Ronald Murray,Solomon Jones,Thomas Gardner,2,8:57,TOR,shot,,,Ronald Murray,,,,,,,Roko Ukic,,,,missed,,jump,29,8
Andrea Bargnani,Anthony Parker,Jake Voskuhl,Jason Kapono,Roko Ukic,Joe Johnson,Maurice Evans,Ronald Murray,Solomon Jones,Thomas Gardner,2,8:55,TOR,rebound,,,,,,,,,,Andrea Bargnani,,,,,,off,,
Andrea Bargnani,Anthony Parker,Jake Voskuhl,Jason Kapono,Roko Ukic,Joe Johnson,Maurice Evans,Ronald Murray,Solomon Jones,Thomas Gardner,2,8:53,TOR,shot,,,,,,,,,,Andrea Bargnani,,,,missed,,jump,26,22
Andrea Bargnani,Anthony Parker,Jake Voskuhl,Jason Kapono,Roko Ukic,Joe Johnson,Maurice Evans,Ronald Murray,Solomon Jones,Thomas Gardner,2,8:52,ATL,rebound,,,,,,,,,,Thomas Gardner,,,,,,def,,
Andrea Bargnani,Anthony Parker,Jake Voskuhl,Jason Kapono,Roko Ukic,Joe Johnson,Maurice Evans,Ronald Murray,Solomon Jones,Thomas Gardner,2,8:47,ATL,shot,,,,,,,,,,Joe Johnson,,,,missed,,jump,21,10
Andrea Bargnani,Anthony Parker,Jake Voskuhl,Jason Kapono,Roko Ukic,Joe Johnson,Maurice Evans,Ronald Murray,Solomon Jones,Thomas Gardner,2,8:45,TOR,rebound,,,,,,,,,,Jason Kapono,,,,,,def,,
Andrea Bargnani,Anthony Parker,Jake Voskuhl,Jason Kapono,Roko Ukic,Joe Johnson,Maurice Evans,Ronald Murray,Solomon Jones,Thomas Gardner,2,8:36,ATL,foul,,,,,,,,Andrea Bargnani,,Ronald Murray,,,,,,personal,,
Andrea Bargnani,Anthony Parker,Jake Voskuhl,Jason Kapono,Roko Ukic,Joe Johnson,Maurice Evans,Ronald Murray,Solomon Jones,Thomas Gardner,2,8:36,OFF,timeout,,,,,,,,,,,,,,,,official,,
Andrea Bargnani,Anthony Parker,Jake Voskuhl,Jason Kapono,Roko Ukic,Joe Johnson,Maurice Evans,Ronald Murray,Solomon Jones,Thomas Gardner,2,8:25,TOR,shot,,,,,,,,,,Jason Kapono,,,,missed,,jump,40,19
Andrea Bargnani,Anthony Parker,Jake Voskuhl,Jason Kapono,Roko Ukic,Joe Johnson,Maurice Evans,Ronald Murray,Solomon Jones,Thomas Gardner,2,8:23,ATL,rebound,,,,,,,,,,Solomon Jones,,,,,,def,,
Andrea Bargnani,Anthony Parker,Jake Voskuhl,Jason Kapono,Roko Ukic,Joe Johnson,Maurice Evans,Ronald Murray,Solomon Jones,Thomas Gardner,2,8:10,ATL,turnover,,,,,,,,,,Solomon Jones,,,lost ball,,Jason Kapono,,,
Andrea Bargnani,Anthony Parker,Jake Voskuhl,Jason Kapono,Roko Ukic,Joe Johnson,Maurice Evans,Ronald Murray,Solomon Jones,Thomas Gardner,2,7:53,TOR,shot,,,,,,,,,,Jake Voskuhl,,,,missed,,turnaround jump,34,7
Andrea Bargnani,Anthony Parker,Jake Voskuhl,Jason Kapono,Roko Ukic,Joe Johnson,Maurice Evans,Ronald Murray,Solomon Jones,Thomas Gardner,2,7:51,ATL,rebound,,,,,,,,,,Ronald Murray,,,,,,def,,
Andrea Bargnani,Anthony Parker,Jake Voskuhl,Jason Kapono,Roko Ukic,Joe Johnson,Maurice Evans,Ronald Murray,Solomon Jones,Thomas Gardner,2,7:40,ATL,shot,,,,,,,,,,Thomas Gardner,,,,missed,,3pt,25,34
Andrea Bargnani,Anthony Parker,Jake Voskuhl,Jason Kapono,Roko Ukic,Joe Johnson,Maurice Evans,Ronald Murray,Solomon Jones,Thomas Gardner,2,7:40,TOR,rebound,,,,,,,,,,,,,,,,,,
Andrea Bargnani,Anthony Parker,Jake Voskuhl,Jason Kapono,Roko Ukic,Joe Johnson,Maurice Evans,Ronald Murray,Solomon Jones,Thomas Gardner,2,7:24,TOR,shot,,,,,,,,,,Jason Kapono,2,,,made,,jump,16,23
Andrea Bargnani,Anthony Parker,Jake Voskuhl,Jason Kapono,Roko Ukic,Joe Johnson,Maurice Evans,Ronald Murray,Solomon Jones,Thomas Gardner,2,7:15,ATL,timeout,,,,,,,,,,,,,,,,regular,,
Andrea Bargnani,Anthony Parker,Jake Voskuhl,Jason Kapono,Roko Ukic,Joe Johnson,Maurice Evans,Mike Bibby,Ronald Murray,Solomon Jones,2,7:15,ATL,sub,,,,Mike Bibby,,Thomas Gardner,,,,,,,,,,,,
Andrea Bargnani,Anthony Parker,Jake Voskuhl,Jason Kapono,Roko Ukic,Joe Johnson,Josh Smith,Maurice Evans,Mike Bibby,Ronald Murray,2,7:15,ATL,sub,,,,Josh Smith,,Solomon Jones,,,,,,,,,,,,
Andrea Bargnani,Anthony Parker,Chris Bosh,Jason Kapono,Roko Ukic,Joe Johnson,Josh Smith,Maurice Evans,Mike Bibby,Ronald Murray,2,7:15,TOR,sub,,,,Chris Bosh,,Jake Voskuhl,,,,,,,,,,,,
Andrea Bargnani,Anthony Parker,Chris Bosh,Jason Kapono,Roko Ukic,Joe Johnson,Josh Smith,Maurice Evans,Mike Bibby,Ronald Murray,2,7:01,ATL,shot,,,,,,,,,,Ronald Murray,,,,missed,,3pt,0,11
Andrea Bargnani,Anthony Parker,Chris Bosh,Jason Kapono,Roko Ukic,Joe Johnson,Josh Smith,Maurice Evans,Mike Bibby,Ronald Murray,2,6:59,TOR,rebound,,,,,,,,,,Anthony Parker,,,,,,def,,
Andrea Bargnani,Anthony Parker,Chris Bosh,Jason Kapono,Roko Ukic,Joe Johnson,Josh Smith,Maurice Evans,Mike Bibby,Ronald Murray,2,6:39,TOR,shot,Jason Kapono,,,,,,,,,Chris Bosh,2,,,made,,running layup,28,7
Andrea Bargnani,Anthony Parker,Chris Bosh,Jason Kapono,Roko Ukic,Joe Johnson,Josh Smith,Maurice Evans,Mike Bibby,Ronald Murray,2,6:20,ATL,shot,Maurice Evans,,,,,,,,,Joe Johnson,3,,,made,,3pt,1,12
Andrea Bargnani,Anthony Parker,Chris Bosh,Jason Kapono,Roko Ukic,Joe Johnson,Josh Smith,Maurice Evans,Mike Bibby,Ronald Murray,2,6:03,TOR,shot,,,,,,,,,,Chris Bosh,,,,missed,,fade away jumper,17,15
Andrea Bargnani,Anthony Parker,Chris Bosh,Jason Kapono,Roko Ukic,Joe Johnson,Josh Smith,Maurice Evans,Mike Bibby,Ronald Murray,2,6:01,ATL,rebound,,,,,,,,,,Josh Smith,,,,,,def,,
Andrea Bargnani,Anthony Parker,Chris Bosh,Jason Kapono,Roko Ukic,Joe Johnson,Josh Smith,Maurice Evans,Mike Bibby,Ronald Murray,2,5:45,TOR,foul,,,,,,,,Ronald Murray,,Andrea Bargnani,,,,,,personal,,
Andrea Bargnani,Anthony Parker,Chris Bosh,Jason Kapono,Roko Ukic,Joe Johnson,Josh Smith,Maurice Evans,Mike Bibby,Ronald Murray,2,5:38,ATL,shot,Mike Bibby,,,,,,,,,Josh Smith,2,,,made,,dunk,25,6
Andrea Bargnani,Anthony Parker,Chris Bosh,Jason Kapono,Roko Ukic,Joe Johnson,Josh Smith,Maurice Evans,Mike Bibby,Ronald Murray,2,5:16,TOR,shot,,,,,,,,,,Jason Kapono,,,,missed,,3pt,48,8
Andrea Bargnani,Anthony Parker,Chris Bosh,Jason Kapono,Roko Ukic,Joe Johnson,Josh Smith,Maurice Evans,Mike Bibby,Ronald Murray,2,5:15,ATL,rebound,,,,,,,,,,Joe Johnson,,,,,,def,,
Andrea Bargnani,Anthony Parker,Chris Bosh,Jason Kapono,Roko Ukic,Joe Johnson,Josh Smith,Maurice Evans,Mike Bibby,Ronald Murray,2,5:09,ATL,shot,,,,,,,,,,Ronald Murray,,,,missed,,3pt,5,24
Andrea Bargnani,Anthony Parker,Chris Bosh,Jason Kapono,Roko Ukic,Joe Johnson,Josh Smith,Maurice Evans,Mike Bibby,Ronald Murray,2,5:08,TOR,rebound,,,,,,,,,,Chris Bosh,,,,,,def,,
Andrea Bargnani,Anthony Parker,Chris Bosh,Jason Kapono,Roko Ukic,Joe Johnson,Josh Smith,Maurice Evans,Mike Bibby,Ronald Murray,2,4:57,ATL,foul,,,,,,,,Andrea Bargnani,,Joe Johnson,,,,,,personal,,
Andrea Bargnani,Anthony Parker,Chris Bosh,Jamario Moon,Roko Ukic,Joe Johnson,Josh Smith,Maurice Evans,Mike Bibby,Ronald Murray,2,4:57,TOR,sub,,,,Jamario Moon,,Jason Kapono,,,,,,,,,,,,
Andrea Bargnani,Anthony Parker,Chris Bosh,Jamario Moon,Roko Ukic,Joe Johnson,Josh Smith,Maurice Evans,Mike Bibby,Ronald Murray,2,4:52,TOR,shot,Roko Ukic,,,,,,,,,Anthony Parker,2,,,made,,jump,39,18
Andrea Bargnani,Anthony Parker,Chris Bosh,Jamario Moon,Roko Ukic,Joe Johnson,Josh Smith,Maurice Evans,Mike Bibby,Ronald Murray,2,4:45,ATL,shot,,,,,,,,,,Mike Bibby,2,,,made,,running layup,23,8
Andrea Bargnani,Anthony Parker,Chris Bosh,Jamario Moon,Roko Ukic,Joe Johnson,Josh Smith,Maurice Evans,Mike Bibby,Ronald Murray,2,4:45,TOR,foul,,,,,,,,Mike Bibby,,Roko Ukic,,,,,,shooting,,
Andrea Bargnani,Anthony Parker,Chris Bosh,Jamario Moon,Roko Ukic,Joe Johnson,Josh Smith,Maurice Evans,Mike Bibby,Ronald Murray,2,4:45,ATL,free throw,,,,,,,1,,1,Mike Bibby,,,foul,missed,,,,
Andrea Bargnani,Anthony Parker,Chris Bosh,Jamario Moon,Roko Ukic,Joe Johnson,Josh Smith,Maurice Evans,Mike Bibby,Ronald Murray,2,4:44,TOR,rebound,,,,,,,,,,Anthony Parker,,,,,,def,,
Andrea Bargnani,Anthony Parker,Chris Bosh,Jamario Moon,Roko Ukic,Joe Johnson,Josh Smith,Maurice Evans,Mike Bibby,Ronald Murray,2,4:28,TOR,shot,,,,,,,,,,Chris Bosh,,,,missed,,running hook,28,10
Andrea Bargnani,Anthony Parker,Chris Bosh,Jamario Moon,Roko Ukic,Joe Johnson,Josh Smith,Maurice Evans,Mike Bibby,Ronald Murray,2,4:27,ATL,rebound,,,,,,,,,,Josh Smith,,,,,,def,,
Andrea Bargnani,Anthony Parker,Chris Bosh,Jamario Moon,Roko Ukic,Joe Johnson,Josh Smith,Maurice Evans,Mike Bibby,Ronald Murray,2,4:17,ATL,shot,,,,,,,,,,Joe Johnson,,,,missed,,jump,34,23
Andrea Bargnani,Anthony Parker,Chris Bosh,Jamario Moon,Roko Ukic,Joe Johnson,Josh Smith,Maurice Evans,Mike Bibby,Ronald Murray,2,4:16,TOR,rebound,,,,,,,,,,Andrea Bargnani,,,,,,def,,
Andrea Bargnani,Anthony Parker,Chris Bosh,Jamario Moon,Roko Ukic,Joe Johnson,Josh Smith,Maurice Evans,Mike Bibby,Ronald Murray,2,4:06,TOR,shot,,,,,,,,,,Roko Ukic,2,,,made,,driving layup,28,7
Andrea Bargnani,Anthony Parker,Chris Bosh,Jamario Moon,Roko Ukic,Joe Johnson,Josh Smith,Maurice Evans,Mike Bibby,Ronald Murray,2,3:57,ATL,shot,,,,,,,,,,Ronald Murray,2,,,made,,driving layup,28,8
Andrea Bargnani,Anthony Parker,Chris Bosh,Jamario Moon,Roko Ukic,Joe Johnson,Josh Smith,Maurice Evans,Mike Bibby,Ronald Murray,2,3:42,ATL,foul,,,,,,,,Andrea Bargnani,,Ronald Murray,,,,,,personal,,
Andrea Bargnani,Anthony Parker,Chris Bosh,Jamario Moon,Roko Ukic,Joe Johnson,Josh Smith,Maurice Evans,Mike Bibby,Solomon Jones,2,3:42,ATL,sub,,,,Solomon Jones,,Ronald Murray,,,,,,,,,,,,
Andrea Bargnani,Anthony Parker,Chris Bosh,Jamario Moon,Roko Ukic,Joe Johnson,Josh Smith,Maurice Evans,Mike Bibby,Solomon Jones,2,3:37,ATL,foul,,,,,,,,Chris Bosh,,Solomon Jones,,,,,,shooting,,
Andrea Bargnani,Anthony Parker,Chris Bosh,Jamario Moon,Roko Ukic,Joe Johnson,Josh Smith,Maurice Evans,Mike Bibby,Solomon Jones,2,3:37,TOR,free throw,,,,,,,1,,2,Chris Bosh,,,foul,made,,,,
Andrea Bargnani,Anthony Parker,Chris Bosh,Jamario Moon,Roko Ukic,Joe Johnson,Josh Smith,Maurice Evans,Mike Bibby,Solomon Jones,2,3:37,TOR,free throw,,,,,,,2,,2,Chris Bosh,,,foul,made,,,,
Andrea Bargnani,Anthony Parker,Chris Bosh,Jamario Moon,Roko Ukic,Joe Johnson,Josh Smith,Maurice Evans,Mike Bibby,Solomon Jones,2,3:16,ATL,shot,Joe Johnson,,,,,,,,,Josh Smith,2,,,made,,jump,9,19
Andrea Bargnani,Anthony Parker,Chris Bosh,Jamario Moon,Roko Ukic,Joe Johnson,Josh Smith,Maurice Evans,Mike Bibby,Solomon Jones,2,3:14,TOR,timeout,,,,,,,,,,,,,,,,regular,,
Andrea Bargnani,Anthony Parker,Chris Bosh,Jamario Moon,Roko Ukic,Joe Johnson,Josh Smith,Maurice Evans,Mike Bibby,Solomon Jones,2,3:01,ATL,foul,,,,,,,,Chris Bosh,,Solomon Jones,,,,,,shooting,,
Andrea Bargnani,Anthony Parker,Chris Bosh,Jamario Moon,Roko Ukic,Joe Johnson,Josh Smith,Maurice Evans,Mike Bibby,Solomon Jones,2,3:01,TOR,free throw,,,,,,,1,,2,Chris Bosh,,,foul,made,,,,
Andrea Bargnani,Anthony Parker,Chris Bosh,Jamario Moon,Roko Ukic,Joe Johnson,Josh Smith,Maurice Evans,Mike Bibby,Ronald Murray,2,3:01,ATL,sub,,,,Ronald Murray,,Solomon Jones,,,,,,,,,,,,
Andrea Bargnani,Anthony Parker,Chris Bosh,Jamario Moon,Roko Ukic,Joe Johnson,Josh Smith,Maurice Evans,Mike Bibby,Ronald Murray,2,3:01,TOR,free throw,,,,,,,2,,2,Chris Bosh,,,foul,missed,,,,
Andrea Bargnani,Anthony Parker,Chris Bosh,Jamario Moon,Roko Ukic,Joe Johnson,Josh Smith,Maurice Evans,Mike Bibby,Ronald Murray,2,3:00,ATL,rebound,,,,,,,,,,Joe Johnson,,,,,,def,,
Andrea Bargnani,Anthony Parker,Chris Bosh,Jamario Moon,Roko Ukic,Joe Johnson,Josh Smith,Maurice Evans,Mike Bibby,Ronald Murray,2,2:50,TOR,foul,,,,,,,,Josh Smith,,Chris Bosh,,,,,,personal,,
Andrea Bargnani,Anthony Parker,Chris Bosh,Jamario Moon,Roko Ukic,Joe Johnson,Josh Smith,Maurice Evans,Mike Bibby,Ronald Murray,2,2:50,ATL,free throw,,,,,,,1,,2,Josh Smith,,,foul,made,,,,
Andrea Bargnani,Anthony Parker,Chris Bosh,Jamario Moon,Roko Ukic,Joe Johnson,Josh Smith,Maurice Evans,Mike Bibby,Ronald Murray,2,2:50,ATL,free throw,,,,,,,2,,2,Josh Smith,,,foul,missed,,,,
Andrea Bargnani,Anthony Parker,Chris Bosh,Jamario Moon,Roko Ukic,Joe Johnson,Josh Smith,Maurice Evans,Mike Bibby,Ronald Murray,2,2:49,TOR,rebound,,,,,,,,,,Andrea Bargnani,,,,,,def,,
Andrea Bargnani,Anthony Parker,Chris Bosh,Jamario Moon,Roko Ukic,Joe Johnson,Josh Smith,Maurice Evans,Mike Bibby,Ronald Murray,2,2:40,TOR,shot,,,,,,,,,,Roko Ukic,2,,,made,,driving layup,23,6
Andrea Bargnani,Anthony Parker,Chris Bosh,Jamario Moon,Roko Ukic,Joe Johnson,Josh Smith,Maurice Evans,Mike Bibby,Ronald Murray,2,2:15,ATL,shot,,,,,,,,,,Ronald Murray,,,,missed,,3pt,3,22
Andrea Bargnani,Anthony Parker,Chris Bosh,Jamario Moon,Roko Ukic,Joe Johnson,Josh Smith,Maurice Evans,Mike Bibby,Ronald Murray,2,2:14,TOR,rebound,,,,,,,,,,Chris Bosh,,,,,,def,,
Andrea Bargnani,Anthony Parker,Chris Bosh,Jamario Moon,Roko Ukic,Joe Johnson,Josh Smith,Maurice Evans,Mike Bibby,Ronald Murray,2,2:01,ATL,foul,,,,,,,,Andrea Bargnani,,Maurice Evans,,,,,,personal,,
Andrea Bargnani,Anthony Parker,Chris Bosh,Jamario Moon,Roko Ukic,Joe Johnson,Josh Smith,Maurice Evans,Mike Bibby,Ronald Murray,2,2:01,TOR,free throw,,,,,,,1,,2,Andrea Bargnani,,,foul,made,,,,
Andrea Bargnani,Anthony Parker,Chris Bosh,Jamario Moon,Roko Ukic,Joe Johnson,Josh Smith,Maurice Evans,Mike Bibby,Ronald Murray,2,2:01,TOR,free throw,,,,,,,2,,2,Andrea Bargnani,,,foul,made,,,,
Andrea Bargnani,Anthony Parker,Chris Bosh,Jamario Moon,Roko Ukic,Joe Johnson,Josh Smith,Maurice Evans,Mike Bibby,Ronald Murray,2,1:36,ATL,shot,,,,,,,,,,Josh Smith,,,,missed,,turnaround jump,28,9
Andrea Bargnani,Anthony Parker,Chris Bosh,Jamario Moon,Roko Ukic,Joe Johnson,Josh Smith,Maurice Evans,Mike Bibby,Ronald Murray,2,1:34,TOR,rebound,,,,,,,,,,Anthony Parker,,,,,,def,,
Andrea Bargnani,Anthony Parker,Chris Bosh,Jamario Moon,Roko Ukic,Joe Johnson,Josh Smith,Maurice Evans,Mike Bibby,Ronald Murray,2,1:27,TOR,shot,,,,,,,,,,Chris Bosh,,,,missed,,hook,26,12
Andrea Bargnani,Anthony Parker,Chris Bosh,Jamario Moon,Roko Ukic,Joe Johnson,Josh Smith,Maurice Evans,Mike Bibby,Ronald Murray,2,1:25,ATL,rebound,,,,,,,,,,Josh Smith,,,,,,def,,
Andrea Bargnani,Anthony Parker,Chris Bosh,Jamario Moon,Roko Ukic,Joe Johnson,Josh Smith,Maurice Evans,Mike Bibby,Ronald Murray,2,1:20,ATL,shot,,,,,,,,,,Josh Smith,2,,,made,,driving layup,25,6
Andrea Bargnani,Anthony Parker,Chris Bosh,Jamario Moon,Roko Ukic,Joe Johnson,Josh Smith,Maurice Evans,Mike Bibby,Ronald Murray,2,0:59,TOR,shot,,,,,,,,,,Chris Bosh,2,,,made,,driving layup,27,8
Andrea Bargnani,Anthony Parker,Chris Bosh,Jamario Moon,Roko Ukic,Joe Johnson,Josh Smith,Maurice Evans,Mike Bibby,Ronald Murray,2,0:53,ATL,turnover,,,,,,,,,,Mike Bibby,,,lost ball,,Jamario Moon,,,
Andrea Bargnani,Anthony Parker,Chris Bosh,Jamario Moon,Roko Ukic,Joe Johnson,Josh Smith,Maurice Evans,Mike Bibby,Ronald Murray,2,0:50,TOR,shot,Chris Bosh,,,,,,,,,Jamario Moon,2,,,made,,running dunk,25,6
Andrea Bargnani,Anthony Parker,Chris Bosh,Jamario Moon,Roko Ukic,Joe Johnson,Josh Smith,Maurice Evans,Mike Bibby,Ronald Murray,2,0:39,ATL,shot,,,,,,,,,,Maurice Evans,,,,missed,,3pt,46,22
Andrea Bargnani,Anthony Parker,Chris Bosh,Jamario Moon,Roko Ukic,Joe Johnson,Josh Smith,Maurice Evans,Mike Bibby,Ronald Murray,2,0:38,TOR,rebound,,,,,,,,,,Anthony Parker,,,,,,def,,
Andrea Bargnani,Anthony Parker,Chris Bosh,Jamario Moon,Roko Ukic,Joe Johnson,Josh Smith,Maurice Evans,Mike Bibby,Ronald Murray,2,0:31,TOR,shot,Anthony Parker,,,,,,,,,Andrea Bargnani,2,,,made,,turnaround jump,29,12
Andrea Bargnani,Anthony Parker,Chris Bosh,Jamario Moon,Roko Ukic,Joe Johnson,Josh Smith,Maurice Evans,Mike Bibby,Ronald Murray,2,0:07,ATL,shot,,,,,,,,,,Joe Johnson,,,,missed,,3pt,2,20
Andrea Bargnani,Anthony Parker,Chris Bosh,Jamario Moon,Roko Ukic,Joe Johnson,Josh Smith,Maurice Evans,Mike Bibby,Ronald Murray,2,0:05,TOR,rebound,,,,,,,,,,Andrea Bargnani,,,,,,def,,
Andrea Bargnani,Anthony Parker,Chris Bosh,Jamario Moon,Roko Ukic,Joe Johnson,Josh Smith,Maurice Evans,Mike Bibby,Ronald Murray,2,0:05,TOR,turnover,,,,,,,,,,Andrea Bargnani,,,bad pass,,,,,
Andrea Bargnani,Anthony Parker,Chris Bosh,Jamario Moon,Roko Ukic,Joe Johnson,Josh Smith,Maurice Evans,Mike Bibby,Ronald Murray,2,0:01,TOR,foul,,,,,,,,Joe Johnson,,Jamario Moon,,,,,,shooting,,
Andrea Bargnani,Anthony Parker,Chris Bosh,Jamario Moon,Roko Ukic,Joe Johnson,Josh Smith,Maurice Evans,Mike Bibby,Ronald Murray,2,0:01,ATL,free throw,,,,,,,1,,2,Joe Johnson,,,foul,made,,,,
Andrea Bargnani,Anthony Parker,Chris Bosh,Jamario Moon,Roko Ukic,Joe Johnson,Josh Smith,Maurice Evans,Mike Bibby,Ronald Murray,2,0:01,ATL,free throw,,,,,,,2,,2,Joe Johnson,,,foul,made,,,,
Andrea Bargnani,Anthony Parker,Chris Bosh,Jamario Moon,Roko Ukic,Joe Johnson,Josh Smith,Maurice Evans,Mike Bibby,Ronald Murray,2,0:00,TOR,shot,,,,,,,,,,Anthony Parker,,,,missed,,3pt,2,44
Andrea Bargnani,Anthony Parker,Chris Bosh,Jamario Moon,Roko Ukic,Joe Johnson,Josh Smith,Maurice Evans,Mike Bibby,Ronald Murray,2,0:00,TOR,rebound,,,,,,,,,,,,,,,,,,
Andrea Bargnani,Anthony Parker,Chris Bosh,Jamario Moon,Joey Graham,Joe Johnson,Josh Smith,Maurice Evans,Mike Bibby,Zaza Pachulia,3,11:40,TOR,shot,,,,,,,,,,Jamario Moon,,,,missed,,fade away jumper,7,15
Andrea Bargnani,Anthony Parker,Chris Bosh,Jamario Moon,Joey Graham,Joe Johnson,Josh Smith,Maurice Evans,Mike Bibby,Zaza Pachulia,3,11:38,ATL,rebound,,,,,,,,,,Zaza Pachulia,,,,,,def,,
Andrea Bargnani,Anthony Parker,Chris Bosh,Jamario Moon,Joey Graham,Joe Johnson,Josh Smith,Maurice Evans,Mike Bibby,Zaza Pachulia,3,11:21,ATL,shot,,,,,,,,,,Maurice Evans,,,,missed,,3pt,1,15
Andrea Bargnani,Anthony Parker,Chris Bosh,Jamario Moon,Joey Graham,Joe Johnson,Josh Smith,Maurice Evans,Mike Bibby,Zaza Pachulia,3,11:19,OFF,jump ball,,Andrea Bargnani,,,Zaza Pachulia,,,,,,,Josh Smith,,,,,,
Andrea Bargnani,Anthony Parker,Chris Bosh,Jamario Moon,Joey Graham,Joe Johnson,Josh Smith,Maurice Evans,Mike Bibby,Zaza Pachulia,3,11:19,ATL,rebound,,,,,,,,,,,,,,,,,,
Andrea Bargnani,Anthony Parker,Chris Bosh,Jamario Moon,Joey Graham,Joe Johnson,Josh Smith,Maurice Evans,Mike Bibby,Zaza Pachulia,3,11:06,ATL,foul,,,,,,,,Jamario Moon,,Zaza Pachulia,,,,,,offensive,,
Andrea Bargnani,Anthony Parker,Chris Bosh,Jamario Moon,Joey Graham,Joe Johnson,Josh Smith,Maurice Evans,Mike Bibby,Zaza Pachulia,3,11:06,ATL,turnover,,,,,,,,,,Zaza Pachulia,,,foul,,,,,
Andrea Bargnani,Anthony Parker,Chris Bosh,Jamario Moon,Joey Graham,Joe Johnson,Josh Smith,Maurice Evans,Mike Bibby,Zaza Pachulia,3,10:46,TOR,shot,,,,,,,,,,Andrea Bargnani,,,,missed,,running jump,19,11
Andrea Bargnani,Anthony Parker,Chris Bosh,Jamario Moon,Joey Graham,Joe Johnson,Josh Smith,Maurice Evans,Mike Bibby,Zaza Pachulia,3,10:45,ATL,rebound,,,,,,,,,,Josh Smith,,,,,,def,,
Andrea Bargnani,Anthony Parker,Chris Bosh,Jamario Moon,Joey Graham,Joe Johnson,Josh Smith,Maurice Evans,Mike Bibby,Zaza Pachulia,3,10:34,ATL,shot,Josh Smith,,,,,,,,,Mike Bibby,3,,,made,,3pt,45,24
Andrea Bargnani,Anthony Parker,Chris Bosh,Jamario Moon,Joey Graham,Joe Johnson,Josh Smith,Maurice Evans,Mike Bibby,Zaza Pachulia,3,10:09,TOR,shot,,,,,,,,,,Andrea Bargnani,,,,missed,,jump,14,22
Andrea Bargnani,Anthony Parker,Chris Bosh,Jamario Moon,Joey Graham,Joe Johnson,Josh Smith,Maurice Evans,Mike Bibby,Zaza Pachulia,3,10:07,ATL,rebound,,,,,,,,,,Maurice Evans,,,,,,def,,
Andrea Bargnani,Anthony Parker,Chris Bosh,Jamario Moon,Joey Graham,Joe Johnson,Josh Smith,Maurice Evans,Mike Bibby,Zaza Pachulia,3,10:01,ATL,shot,,,,,,,,,,Mike Bibby,2,,,made,,jump,40,20
Andrea Bargnani,Anthony Parker,Chris Bosh,Jamario Moon,Joey Graham,Joe Johnson,Josh Smith,Maurice Evans,Mike Bibby,Zaza Pachulia,3,9:47,TOR,shot,,,,,,,,,,Anthony Parker,2,,,made,,fade away jumper,6,10
Andrea Bargnani,Anthony Parker,Chris Bosh,Jamario Moon,Joey Graham,Joe Johnson,Josh Smith,Maurice Evans,Mike Bibby,Zaza Pachulia,3,9:35,ATL,shot,,,,,,,,,,Maurice Evans,,,,missed,,3pt,34,33
Andrea Bargnani,Anthony Parker,Chris Bosh,Jamario Moon,Joey Graham,Joe Johnson,Josh Smith,Maurice Evans,Mike Bibby,Zaza Pachulia,3,9:33,TOR,rebound,,,,,,,,,,Chris Bosh,,,,,,def,,
Andrea Bargnani,Anthony Parker,Chris Bosh,Jamario Moon,Joey Graham,Joe Johnson,Josh Smith,Maurice Evans,Mike Bibby,Zaza Pachulia,3,9:29,TOR,turnover,,,,,,,,,,Anthony Parker,,,bad pass,,,,,
Andrea Bargnani,Anthony Parker,Chris Bosh,Jamario Moon,Joey Graham,Joe Johnson,Josh Smith,Maurice Evans,Mike Bibby,Zaza Pachulia,3,9:09,ATL,shot,,,,,,,,,,Joe Johnson,,,,missed,,jump,36,24
Andrea Bargnani,Anthony Parker,Chris Bosh,Jamario Moon,Joey Graham,Joe Johnson,Josh Smith,Maurice Evans,Mike Bibby,Zaza Pachulia,3,9:07,TOR,rebound,,,,,,,,,,Joey Graham,,,,,,def,,
Andrea Bargnani,Anthony Parker,Chris Bosh,Jamario Moon,Joey Graham,Joe Johnson,Josh Smith,Maurice Evans,Mike Bibby,Zaza Pachulia,3,8:54,ATL,foul,,,,,,,,Chris Bosh,,Zaza Pachulia,,,,,,shooting,,
Andrea Bargnani,Anthony Parker,Chris Bosh,Jamario Moon,Joey Graham,Joe Johnson,Josh Smith,Maurice Evans,Mike Bibby,Zaza Pachulia,3,8:54,TOR,free throw,,,,,,,1,,2,Chris Bosh,,,foul,made,,,,
Andrea Bargnani,Anthony Parker,Chris Bosh,Jamario Moon,Joey Graham,Joe Johnson,Josh Smith,Maurice Evans,Mike Bibby,Solomon Jones,3,8:54,ATL,sub,,,,Solomon Jones,,Zaza Pachulia,,,,,,,,,,,,
Andrea Bargnani,Anthony Parker,Chris Bosh,Jamario Moon,Joey Graham,Joe Johnson,Josh Smith,Maurice Evans,Mike Bibby,Solomon Jones,3,8:54,TOR,free throw,,,,,,,2,,2,Chris Bosh,,,foul,missed,,,,
Andrea Bargnani,Anthony Parker,Chris Bosh,Jamario Moon,Joey Graham,Joe Johnson,Josh Smith,Maurice Evans,Mike Bibby,Solomon Jones,3,8:53,ATL,rebound,,,,,,,,,,Josh Smith,,,,,,def,,
Andrea Bargnani,Anthony Parker,Chris Bosh,Jamario Moon,Joey Graham,Joe Johnson,Josh Smith,Maurice Evans,Mike Bibby,Solomon Jones,3,8:34,ATL,shot,,,,,,,,,,Josh Smith,,,,missed,,jump,19,26
Andrea Bargnani,Anthony Parker,Chris Bosh,Jamario Moon,Joey Graham,Joe Johnson,Josh Smith,Maurice Evans,Mike Bibby,Solomon Jones,3,8:30,TOR,rebound,,,,,,,,,,Jamario Moon,,,,,,def,,
Andrea Bargnani,Anthony Parker,Chris Bosh,Jamario Moon,Joey Graham,Joe Johnson,Josh Smith,Maurice Evans,Mike Bibby,Solomon Jones,3,8:26,TOR,shot,,,,,,,,,,Anthony Parker,2,,,made,,driving layup,25,6
Andrea Bargnani,Anthony Parker,Chris Bosh,Jamario Moon,Joey Graham,Joe Johnson,Josh Smith,Maurice Evans,Mike Bibby,Solomon Jones,3,8:26,ATL,timeout,,,,,,,,,,,,,,,,regular,,
Andrea Bargnani,Anthony Parker,Chris Bosh,Jamario Moon,Joey Graham,Joe Johnson,Josh Smith,Mike Bibby,Ronald Murray,Solomon Jones,3,8:26,ATL,sub,,,,Ronald Murray,,Maurice Evans,,,,,,,,,,,,
Andrea Bargnani,Anthony Parker,Chris Bosh,Jamario Moon,Joey Graham,Joe Johnson,Josh Smith,Mike Bibby,Ronald Murray,Solomon Jones,3,8:05,ATL,shot,,,,,,,,,,Mike Bibby,2,,,made,,jump,21,25
Andrea Bargnani,Anthony Parker,Chris Bosh,Jamario Moon,Joey Graham,Joe Johnson,Josh Smith,Mike Bibby,Ronald Murray,Solomon Jones,3,7:44,TOR,shot,Anthony Parker,,,,,,,,,Andrea Bargnani,2,,,made,,jump,28,25
Andrea Bargnani,Anthony Parker,Chris Bosh,Jamario Moon,Joey Graham,Joe Johnson,Josh Smith,Mike Bibby,Ronald Murray,Solomon Jones,3,7:26,ATL,shot,Solomon Jones,,,,,,,,,Josh Smith,2,,,made,,running layup,25,6
Andrea Bargnani,Anthony Parker,Chris Bosh,Jamario Moon,Joey Graham,Joe Johnson,Josh Smith,Mike Bibby,Ronald Murray,Solomon Jones,3,7:06,TOR,shot,,,,,,,,,,Joey Graham,,,,missed,,jump,27,14
Andrea Bargnani,Anthony Parker,Chris Bosh,Jamario Moon,Joey Graham,Joe Johnson,Josh Smith,Mike Bibby,Ronald Murray,Solomon Jones,3,7:04,TOR,shot,,,,,,,,,,Chris Bosh,,,,missed,,tip,25,6
Andrea Bargnani,Anthony Parker,Chris Bosh,Jamario Moon,Joey Graham,Joe Johnson,Josh Smith,Mike Bibby,Ronald Murray,Solomon Jones,3,7:04,TOR,rebound,,,,,,,,,,Chris Bosh,,,,,,off,,
Andrea Bargnani,Anthony Parker,Chris Bosh,Jamario Moon,Joey Graham,Joe Johnson,Josh Smith,Mike Bibby,Ronald Murray,Solomon Jones,3,7:04,ATL,rebound,,,,,,,,,,,,,,,,,,
Andrea Bargnani,Anthony Parker,Chris Bosh,Jamario Moon,Joey Graham,Joe Johnson,Josh Smith,Mike Bibby,Ronald Murray,Solomon Jones,3,6:49,ATL,shot,,,,,,,,,,Mike Bibby,,,,missed,,3pt,13,32
Andrea Bargnani,Anthony Parker,Chris Bosh,Jamario Moon,Joey Graham,Joe Johnson,Josh Smith,Mike Bibby,Ronald Murray,Solomon Jones,3,6:48,TOR,rebound,,,,,,,,,,Joey Graham,,,,,,def,,
Andrea Bargnani,Anthony Parker,Chris Bosh,Jamario Moon,Joey Graham,Joe Johnson,Josh Smith,Mike Bibby,Ronald Murray,Solomon Jones,3,6:34,TOR,shot,,,,,,,,,,Andrea Bargnani,,,,missed,,running hook,19,11
Andrea Bargnani,Anthony Parker,Chris Bosh,Jamario Moon,Joey Graham,Joe Johnson,Josh Smith,Mike Bibby,Ronald Murray,Solomon Jones,3,6:33,TOR,rebound,,,,,,,,,,,,,,,,,,
Andrea Bargnani,Anthony Parker,Chris Bosh,Jamario Moon,Joey Graham,Joe Johnson,Josh Smith,Mike Bibby,Ronald Murray,Solomon Jones,3,6:24,TOR,turnover,,,,,,,,,,Anthony Parker,,,bad pass,,Josh Smith,,,
Andrea Bargnani,Anthony Parker,Chris Bosh,Jamario Moon,Joey Graham,Joe Johnson,Josh Smith,Mike Bibby,Ronald Murray,Solomon Jones,3,6:20,ATL,shot,,,,,,,,,,Mike Bibby,,,,missed,,running layup,25,6
Andrea Bargnani,Anthony Parker,Chris Bosh,Jamario Moon,Joey Graham,Joe Johnson,Josh Smith,Mike Bibby,Ronald Murray,Solomon Jones,3,6:18,TOR,rebound,,,,,,,,,,Jamario Moon,,,,,,def,,
Andrea Bargnani,Anthony Parker,Chris Bosh,Jamario Moon,Joey Graham,Joe Johnson,Josh Smith,Mike Bibby,Ronald Murray,Solomon Jones,3,6:14,TOR,shot,,,,,,,,,,Anthony Parker,,,,missed,,3pt,43,28
Andrea Bargnani,Anthony Parker,Chris Bosh,Jamario Moon,Joey Graham,Joe Johnson,Josh Smith,Mike Bibby,Ronald Murray,Solomon Jones,3,6:12,OFF,jump ball,,Chris Bosh,,,Solomon Jones,,,,,,,Ronald Murray,,,,,,
Andrea Bargnani,Anthony Parker,Chris Bosh,Jamario Moon,Joey Graham,Joe Johnson,Josh Smith,Mike Bibby,Ronald Murray,Solomon Jones,3,6:12,ATL,rebound,,,,,,,,,,,,,,,,,,
Andrea Bargnani,Anthony Parker,Chris Bosh,Jamario Moon,Joey Graham,Joe Johnson,Josh Smith,Mike Bibby,Ronald Murray,Solomon Jones,3,6:04,ATL,shot,Ronald Murray,,,,,,,,,Joe Johnson,2,,,made,,jump,14,11
Andrea Bargnani,Anthony Parker,Chris Bosh,Jamario Moon,Joey Graham,Joe Johnson,Josh Smith,Mike Bibby,Ronald Murray,Solomon Jones,3,5:44,TOR,shot,,,,,,,,,,Joey Graham,,,,missed,,reverse layup,29,9
Andrea Bargnani,Anthony Parker,Chris Bosh,Jamario Moon,Joey Graham,Joe Johnson,Josh Smith,Mike Bibby,Ronald Murray,Solomon Jones,3,5:42,ATL,rebound,,,,,,,,,,Solomon Jones,,,,,,def,,
Andrea Bargnani,Anthony Parker,Chris Bosh,Jamario Moon,Joey Graham,Joe Johnson,Josh Smith,Mike Bibby,Ronald Murray,Solomon Jones,3,5:32,ATL,shot,,,,,,,,,,Josh Smith,,,,missed,,jump,7,12
Andrea Bargnani,Anthony Parker,Chris Bosh,Jamario Moon,Joey Graham,Joe Johnson,Josh Smith,Mike Bibby,Ronald Murray,Solomon Jones,3,5:30,TOR,rebound,,,,,,,,,,Andrea Bargnani,,,,,,def,,
Andrea Bargnani,Anthony Parker,Chris Bosh,Jamario Moon,Joey Graham,Joe Johnson,Josh Smith,Mike Bibby,Ronald Murray,Solomon Jones,3,5:19,ATL,foul,,,,,,,,Chris Bosh,,Josh Smith,,,,,,personal,,
Andrea Bargnani,Anthony Parker,Chris Bosh,Jamario Moon,Joey Graham,Joe Johnson,Josh Smith,Mike Bibby,Ronald Murray,Solomon Jones,3,5:07,TOR,shot,,,,,,,,,,Jamario Moon,,,,missed,,3pt,35,33
Andrea Bargnani,Anthony Parker,Chris Bosh,Jamario Moon,Joey Graham,Joe Johnson,Josh Smith,Mike Bibby,Ronald Murray,Solomon Jones,3,5:06,ATL,rebound,,,,,,,,,,Joe Johnson,,,,,,def,,
Andrea Bargnani,Anthony Parker,Chris Bosh,Jamario Moon,Joey Graham,Joe Johnson,Josh Smith,Mike Bibby,Ronald Murray,Solomon Jones,3,4:53,ATL,shot,Ronald Murray,,,,,,,,,Josh Smith,2,,,made,,jump,29,9
Andrea Bargnani,Anthony Parker,Chris Bosh,Jamario Moon,Joey Graham,Joe Johnson,Josh Smith,Mike Bibby,Ronald Murray,Solomon Jones,3,4:33,TOR,shot,,,,,,,,,,Joey Graham,,,,missed,,jump,8,15
Andrea Bargnani,Anthony Parker,Chris Bosh,Jamario Moon,Joey Graham,Joe Johnson,Josh Smith,Mike Bibby,Ronald Murray,Solomon Jones,3,4:32,ATL,rebound,,,,,,,,,,Josh Smith,,,,,,def,,
Andrea Bargnani,Anthony Parker,Chris Bosh,Jamario Moon,Joey Graham,Joe Johnson,Josh Smith,Mike Bibby,Ronald Murray,Solomon Jones,3,4:18,ATL,turnover,,,,,,,,,,Ronald Murray,,,out of bounds lost ball turnover,,,,,
Andrea Bargnani,Anthony Parker,Chris Bosh,Jamario Moon,Joey Graham,Joe Johnson,Josh Smith,Mike Bibby,Ronald Murray,Solomon Jones,3,4:18,TOR,timeout,,,,,,,,,,,,,,,,regular,,
Andrea Bargnani,Anthony Parker,Jake Voskuhl,Jamario Moon,Joey Graham,Joe Johnson,Josh Smith,Mike Bibby,Ronald Murray,Solomon Jones,3,4:18,TOR,sub,,,,Jake Voskuhl,,Chris Bosh,,,,,,,,,,,,
Andrea Bargnani,Anthony Parker,Jake Voskuhl,Jamario Moon,Jason Kapono,Joe Johnson,Josh Smith,Mike Bibby,Ronald Murray,Solomon Jones,3,4:18,TOR,sub,,,,Jason Kapono,,Joey Graham,,,,,,,,,,,,
Andrea Bargnani,Anthony Parker,Jake Voskuhl,Jamario Moon,Jason Kapono,Joe Johnson,Josh Smith,Mike Bibby,Ronald Murray,Solomon Jones,3,4:05,TOR,shot,,,,,,,,,,Andrea Bargnani,,,,missed,,running reverse layup,27,7
Andrea Bargnani,Anthony Parker,Jake Voskuhl,Jamario Moon,Jason Kapono,Joe Johnson,Josh Smith,Mike Bibby,Ronald Murray,Solomon Jones,3,4:05,ATL,rebound,,,,,,,,,,Solomon Jones,,,,,,def,,
Andrea Bargnani,Anthony Parker,Jake Voskuhl,Jamario Moon,Jason Kapono,Joe Johnson,Josh Smith,Mike Bibby,Ronald Murray,Solomon Jones,3,4:01,ATL,turnover,,,,,,,,,,Ronald Murray,,,bad pass,,Jamario Moon,,,
Andrea Bargnani,Anthony Parker,Jake Voskuhl,Jamario Moon,Jason Kapono,Joe Johnson,Josh Smith,Mike Bibby,Ronald Murray,Solomon Jones,3,3:56,TOR,shot,,,,,,,,,,Jason Kapono,,,,missed,,3pt,8,27
Andrea Bargnani,Anthony Parker,Jake Voskuhl,Jamario Moon,Jason Kapono,Joe Johnson,Josh Smith,Mike Bibby,Ronald Murray,Solomon Jones,3,3:53,TOR,rebound,,,,,,,,,,Andrea Bargnani,,,,,,off,,
Andrea Bargnani,Anthony Parker,Jake Voskuhl,Jamario Moon,Jason Kapono,Joe Johnson,Josh Smith,Mike Bibby,Ronald Murray,Solomon Jones,3,3:50,TOR,shot,,,,,,,,,,Andrea Bargnani,2,,,made,,jump,21,14
Andrea Bargnani,Anthony Parker,Jake Voskuhl,Jamario Moon,Jason Kapono,Joe Johnson,Josh Smith,Mike Bibby,Ronald Murray,Solomon Jones,3,3:26,ATL,shot,,,,,,,,,,Joe Johnson,2,,,made,,driving layup,22,7
Andrea Bargnani,Anthony Parker,Jake Voskuhl,Jamario Moon,Jason Kapono,Joe Johnson,Josh Smith,Mike Bibby,Ronald Murray,Solomon Jones,3,3:12,TOR,shot,,,,,,,,,,Andrea Bargnani,,,,missed,,jump,10,18
Andrea Bargnani,Anthony Parker,Jake Voskuhl,Jamario Moon,Jason Kapono,Joe Johnson,Josh Smith,Mike Bibby,Ronald Murray,Solomon Jones,3,3:11,ATL,rebound,,,,,,,,,,Ronald Murray,,,,,,def,,
Andrea Bargnani,Anthony Parker,Jake Voskuhl,Jamario Moon,Jason Kapono,Joe Johnson,Josh Smith,Mike Bibby,Ronald Murray,Solomon Jones,3,2:56,ATL,turnover,,,,,,,,,,Mike Bibby,,,lost ball,,Jamario Moon,,,
Andrea Bargnani,Anthony Parker,Jake Voskuhl,Jamario Moon,Jason Kapono,Joe Johnson,Josh Smith,Mike Bibby,Ronald Murray,Solomon Jones,3,2:47,TOR,shot,,,,,,,,,,Andrea Bargnani,,,,missed,,jump,16,18
Andrea Bargnani,Anthony Parker,Jake Voskuhl,Jamario Moon,Jason Kapono,Joe Johnson,Josh Smith,Mike Bibby,Ronald Murray,Solomon Jones,3,2:46,TOR,rebound,,,,,,,,,,,,,,,,,,
Andrea Bargnani,Anthony Parker,Jake Voskuhl,Jamario Moon,Jason Kapono,Joe Johnson,Josh Smith,Mike Bibby,Ronald Murray,Solomon Jones,3,2:43,TOR,shot,Anthony Parker,,,,,,,,,Jason Kapono,2,,,made,,jump,9,18
Andrea Bargnani,Anthony Parker,Jake Voskuhl,Jamario Moon,Jason Kapono,Joe Johnson,Josh Smith,Mike Bibby,Ronald Murray,Solomon Jones,3,2:25,ATL,shot,Mike Bibby,,,,,,,,,Josh Smith,2,,,made,,driving layup,22,7
Andrea Bargnani,Anthony Parker,Jake Voskuhl,Jamario Moon,Jason Kapono,Joe Johnson,Josh Smith,Mike Bibby,Ronald Murray,Solomon Jones,3,2:06,TOR,shot,,,,,,,,,,Jason Kapono,,,,missed,,jump,6,12
Andrea Bargnani,Anthony Parker,Jake Voskuhl,Jamario Moon,Jason Kapono,Joe Johnson,Josh Smith,Mike Bibby,Ronald Murray,Solomon Jones,3,2:05,TOR,rebound,,,,,,,,,,Jake Voskuhl,,,,,,off,,
Andrea Bargnani,Anthony Parker,Jake Voskuhl,Jamario Moon,Jason Kapono,Joe Johnson,Josh Smith,Mike Bibby,Ronald Murray,Solomon Jones,3,2:02,TOR,shot,,,,,,,,,,Jason Kapono,,,,missed,,jump,6,10
Andrea Bargnani,Anthony Parker,Jake Voskuhl,Jamario Moon,Jason Kapono,Joe Johnson,Josh Smith,Mike Bibby,Ronald Murray,Solomon Jones,3,2:00,ATL,rebound,,,,,,,,,,Solomon Jones,,,,,,def,,
Andrea Bargnani,Anthony Parker,Jake Voskuhl,Jamario Moon,Jason Kapono,Joe Johnson,Josh Smith,Mike Bibby,Ronald Murray,Solomon Jones,3,1:54,ATL,shot,,,,,,,,,,Mike Bibby,2,,,made,,jump,13,23
Andrea Bargnani,Anthony Parker,Jake Voskuhl,Jamario Moon,Jason Kapono,Joe Johnson,Josh Smith,Mike Bibby,Ronald Murray,Solomon Jones,3,1:27,TOR,shot,,,,,,,,,,Jason Kapono,,,,missed,,3pt,37,30
Andrea Bargnani,Anthony Parker,Jake Voskuhl,Jamario Moon,Jason Kapono,Joe Johnson,Josh Smith,Mike Bibby,Ronald Murray,Solomon Jones,3,1:26,ATL,rebound,,,,,,,,,,Mike Bibby,,,,,,def,,
Andrea Bargnani,Anthony Parker,Jake Voskuhl,Jamario Moon,Jason Kapono,Joe Johnson,Josh Smith,Mike Bibby,Ronald Murray,Solomon Jones,3,1:16,TOR,foul,,,,,,,,Josh Smith,,Andrea Bargnani,,,,,,personal,,
Andrea Bargnani,Jake Voskuhl,Jamario Moon,Jason Kapono,Roko Ukic,Joe Johnson,Josh Smith,Mike Bibby,Ronald Murray,Solomon Jones,3,1:16,TOR,sub,,,,Roko Ukic,,Anthony Parker,,,,,,,,,,,,
Andrea Bargnani,Jake Voskuhl,Jamario Moon,Jason Kapono,Roko Ukic,Joe Johnson,Mario West,Mike Bibby,Ronald Murray,Solomon Jones,3,1:16,ATL,sub,,,,Mario West,,Josh Smith,,,,,,,,,,,,
Andrea Bargnani,Jake Voskuhl,Jamario Moon,Jason Kapono,Roko Ukic,Joe Johnson,Mario West,Mike Bibby,Ronald Murray,Solomon Jones,3,1:08,ATL,shot,,,,,,,,,,Joe Johnson,,,,missed,,3pt,12,32
Andrea Bargnani,Jake Voskuhl,Jamario Moon,Jason Kapono,Roko Ukic,Joe Johnson,Mario West,Mike Bibby,Ronald Murray,Solomon Jones,3,1:05,TOR,rebound,,,,,,,,,,Roko Ukic,,,,,,def,,
Andrea Bargnani,Jake Voskuhl,Jamario Moon,Jason Kapono,Roko Ukic,Joe Johnson,Mario West,Mike Bibby,Ronald Murray,Solomon Jones,3,0:46,TOR,shot,,,,,,,,,,Roko Ukic,2,,,made,,fade away jumper,33,9
Andrea Bargnani,Jake Voskuhl,Jamario Moon,Jason Kapono,Roko Ukic,Joe Johnson,Mario West,Mike Bibby,Ronald Murray,Solomon Jones,3,0:27,TOR,foul,,,,,,,,,,Jake Voskuhl,,,,,,defense 3 second,,
Andrea Bargnani,Jake Voskuhl,Jamario Moon,Jason Kapono,Roko Ukic,Joe Johnson,Mario West,Mike Bibby,Ronald Murray,Solomon Jones,3,0:27,ATL,free throw,,,,,,,1,,1,Joe Johnson,,,technical,made,,,,
Andrea Bargnani,Jake Voskuhl,Jamario Moon,Jason Kapono,Roko Ukic,Joe Johnson,Mario West,Mike Bibby,Ronald Murray,Solomon Jones,3,0:27,ATL,timeout,,,,,,,,,,,,,,,,short,,
Andrea Bargnani,Jake Voskuhl,Jamario Moon,Jason Kapono,Roko Ukic,Joe Johnson,Mario West,Mike Bibby,Randolph Morris,Ronald Murray,3,0:27,ATL,sub,,,,Randolph Morris,,Solomon Jones,,,,,,,,,,,,
Andrea Bargnani,Jake Voskuhl,Jamario Moon,Jason Kapono,Roko Ukic,Joe Johnson,Mario West,Mike Bibby,Randolph Morris,Ronald Murray,3,0:13,ATL,shot,,,,,,,,,,Joe Johnson,,,,missed,,running jump,17,9
Andrea Bargnani,Jake Voskuhl,Jamario Moon,Jason Kapono,Roko Ukic,Joe Johnson,Mario West,Mike Bibby,Randolph Morris,Ronald Murray,3,0:11,ATL,shot,,,,,,,,,,Randolph Morris,,,,missed,,tip,25,6
Andrea Bargnani,Jake Voskuhl,Jamario Moon,Jason Kapono,Roko Ukic,Joe Johnson,Mario West,Mike Bibby,Randolph Morris,Ronald Murray,3,0:11,ATL,rebound,,,,,,,,,,Randolph Morris,,,,,,off,,
Andrea Bargnani,Jake Voskuhl,Jamario Moon,Jason Kapono,Roko Ukic,Joe Johnson,Mario West,Mike Bibby,Randolph Morris,Ronald Murray,3,0:10,TOR,rebound,,,,,,,,,,Jake Voskuhl,,,,,,def,,
Andrea Bargnani,Jake Voskuhl,Jamario Moon,Jason Kapono,Roko Ukic,Joe Johnson,Mario West,Mike Bibby,Randolph Morris,Ronald Murray,3,0:03,ATL,foul,,,,,,,,Roko Ukic,,Mario West,,,,,,personal,,
Andrea Bargnani,Jake Voskuhl,Jamario Moon,Jason Kapono,Roko Ukic,Joe Johnson,Mario West,Mike Bibby,Randolph Morris,Ronald Murray,3,0:01,TOR,shot,,,,,,,,,,Jake Voskuhl,,,,missed,,jump,9,11
Andrea Bargnani,Jake Voskuhl,Jamario Moon,Jason Kapono,Roko Ukic,Joe Johnson,Mario West,Mike Bibby,Randolph Morris,Ronald Murray,3,0:00,TOR,rebound,,,,,,,,,,Jake Voskuhl,,,,,,off,,
Chris Bosh,Jamario Moon,Jason Kapono,Joey Graham,Roko Ukic,Joe Johnson,Josh Smith,Mario West,Mike Bibby,Ronald Murray,4,11:50,TOR,foul,,,,,,,,Josh Smith,,Joey Graham,,,,,,shooting,,
Chris Bosh,Jamario Moon,Jason Kapono,Joey Graham,Roko Ukic,Joe Johnson,Josh Smith,Mario West,Mike Bibby,Ronald Murray,4,11:50,ATL,free throw,,,,,,,1,,2,Josh Smith,,,foul,made,,,,
Chris Bosh,Jamario Moon,Jason Kapono,Joey Graham,Roko Ukic,Joe Johnson,Josh Smith,Mario West,Mike Bibby,Ronald Murray,4,11:50,ATL,free throw,,,,,,,2,,2,Josh Smith,,,foul,made,,,,
Chris Bosh,Jamario Moon,Jason Kapono,Joey Graham,Roko Ukic,Joe Johnson,Josh Smith,Mario West,Mike Bibby,Ronald Murray,4,11:40,TOR,turnover,,,,,,,,,,Roko Ukic,,,discontinue dribble,,,,,
Chris Bosh,Jamario Moon,Jason Kapono,Joey Graham,Roko Ukic,Joe Johnson,Josh Smith,Mario West,Mike Bibby,Ronald Murray,4,11:24,ATL,shot,,,,,,,,,,Josh Smith,,,,missed,,jump,20,25
Chris Bosh,Jamario Moon,Jason Kapono,Joey Graham,Roko Ukic,Joe Johnson,Josh Smith,Mario West,Mike Bibby,Ronald Murray,4,11:22,TOR,rebound,,,,,,,,,,Roko Ukic,,,,,,def,,
Chris Bosh,Jamario Moon,Jason Kapono,Joey Graham,Roko Ukic,Joe Johnson,Josh Smith,Mario West,Mike Bibby,Ronald Murray,4,11:06,TOR,shot,,,,,,,,,,Jamario Moon,,,,missed,,jump,41,10
Chris Bosh,Jamario Moon,Jason Kapono,Joey Graham,Roko Ukic,Joe Johnson,Josh Smith,Mario West,Mike Bibby,Ronald Murray,4,11:05,ATL,rebound,,,,,,,,,,Ronald Murray,,,,,,def,,
Chris Bosh,Jamario Moon,Jason Kapono,Joey Graham,Roko Ukic,Joe Johnson,Josh Smith,Mario West,Mike Bibby,Ronald Murray,4,10:53,ATL,shot,,,,,,,,,,Josh Smith,,,,missed,,hook,24,13
Chris Bosh,Jamario Moon,Jason Kapono,Joey Graham,Roko Ukic,Joe Johnson,Josh Smith,Mario West,Mike Bibby,Ronald Murray,4,10:50,TOR,rebound,,,,,,,,,,Jason Kapono,,,,,,def,,
Chris Bosh,Jamario Moon,Jason Kapono,Joey Graham,Roko Ukic,Joe Johnson,Josh Smith,Mario West,Mike Bibby,Ronald Murray,4,10:45,TOR,shot,Roko Ukic,,,,,,,,,Jason Kapono,3,,,made,,3pt,43,27
Chris Bosh,Jamario Moon,Jason Kapono,Joey Graham,Roko Ukic,Joe Johnson,Josh Smith,Mario West,Mike Bibby,Ronald Murray,4,10:21,ATL,shot,,,,,,,,,,Joe Johnson,,,,missed,,running jump,28,11
Chris Bosh,Jamario Moon,Jason Kapono,Joey Graham,Roko Ukic,Joe Johnson,Josh Smith,Mario West,Mike Bibby,Ronald Murray,4,10:20,ATL,rebound,,,,,,,,,,Josh Smith,,,,,,off,,
Chris Bosh,Jamario Moon,Jason Kapono,Joey Graham,Roko Ukic,Joe Johnson,Josh Smith,Mario West,Mike Bibby,Ronald Murray,4,10:19,ATL,shot,,,,,,,,,,Josh Smith,2,,,made,,putback layup,25,6
Chris Bosh,Jamario Moon,Jason Kapono,Joey Graham,Roko Ukic,Joe Johnson,Josh Smith,Mario West,Mike Bibby,Ronald Murray,4,10:02,TOR,shot,,,,,,,,,,Chris Bosh,,,,missed,,jump,25,10
Chris Bosh,Jamario Moon,Jason Kapono,Joey Graham,Roko Ukic,Joe Johnson,Josh Smith,Mario West,Mike Bibby,Ronald Murray,4,10:00,ATL,rebound,,,,,,,,,,Ronald Murray,,,,,,def,,
Chris Bosh,Jamario Moon,Jason Kapono,Joey Graham,Roko Ukic,Joe Johnson,Josh Smith,Mario West,Mike Bibby,Ronald Murray,4,9:55,ATL,shot,,,,,,,,,,Ronald Murray,,,,missed,,running layup,27,7
Chris Bosh,Jamario Moon,Jason Kapono,Joey Graham,Roko Ukic,Joe Johnson,Josh Smith,Mario West,Mike Bibby,Ronald Murray,4,9:54,TOR,rebound,,,,,,,,,,,,,,,,,,
Chris Bosh,Jamario Moon,Jason Kapono,Joey Graham,Roko Ukic,Joe Johnson,Josh Smith,Mario West,Mike Bibby,Ronald Murray,4,9:49,ATL,foul,,,,,,,,Roko Ukic,,Mike Bibby,,,,,,personal,,
Chris Bosh,Jamario Moon,Jason Kapono,Joey Graham,Roko Ukic,Joe Johnson,Josh Smith,Maurice Evans,Mike Bibby,Ronald Murray,4,9:49,ATL,sub,,,,Maurice Evans,,Mario West,,,,,,,,,,,,
Chris Bosh,Jamario Moon,Jason Kapono,Joey Graham,Roko Ukic,Joe Johnson,Josh Smith,Maurice Evans,Mike Bibby,Ronald Murray,4,9:38,TOR,turnover,,,,,,,,,,Chris Bosh,,,traveling,,,,,
Chris Bosh,Jamario Moon,Jason Kapono,Joey Graham,Roko Ukic,Joe Johnson,Josh Smith,Maurice Evans,Mike Bibby,Ronald Murray,4,9:23,ATL,shot,,,,,,,,,,Ronald Murray,,,,missed,,driving layup,23,9
Chris Bosh,Jamario Moon,Jason Kapono,Joey Graham,Roko Ukic,Joe Johnson,Josh Smith,Maurice Evans,Mike Bibby,Ronald Murray,4,9:21,ATL,shot,,,,,,,,,,Ronald Murray,2,,,made,,tip,25,6
Chris Bosh,Jamario Moon,Jason Kapono,Joey Graham,Roko Ukic,Joe Johnson,Josh Smith,Maurice Evans,Mike Bibby,Ronald Murray,4,9:21,ATL,rebound,,,,,,,,,,Ronald Murray,,,,,,off,,
Chris Bosh,Jamario Moon,Jason Kapono,Joey Graham,Roko Ukic,Joe Johnson,Josh Smith,Maurice Evans,Mike Bibby,Ronald Murray,4,9:05,TOR,shot,,,,,,,,,,Roko Ukic,,,,missed,,jump,14,10
Chris Bosh,Jamario Moon,Jason Kapono,Joey Graham,Roko Ukic,Joe Johnson,Josh Smith,Maurice Evans,Mike Bibby,Ronald Murray,4,9:03,ATL,rebound,,,,,,,,,,Joe Johnson,,,,,,def,,
Chris Bosh,Jamario Moon,Jason Kapono,Joey Graham,Roko Ukic,Joe Johnson,Josh Smith,Maurice Evans,Mike Bibby,Ronald Murray,4,8:56,ATL,turnover,,,,,,,,,,Joe Johnson,,,bad pass,,Roko Ukic,,,
Chris Bosh,Jamario Moon,Jason Kapono,Joey Graham,Roko Ukic,Joe Johnson,Josh Smith,Maurice Evans,Mike Bibby,Ronald Murray,4,8:54,TOR,turnover,,,,,,,,,,Roko Ukic,,,lost ball,,Mike Bibby,,,
Chris Bosh,Jamario Moon,Jason Kapono,Joey Graham,Roko Ukic,Joe Johnson,Josh Smith,Maurice Evans,Mike Bibby,Ronald Murray,4,8:45,ATL,shot,,,,,,,,,,Joe Johnson,2,,,made,,jump,32,6
Chris Bosh,Jamario Moon,Jason Kapono,Joey Graham,Roko Ukic,Joe Johnson,Josh Smith,Maurice Evans,Mike Bibby,Ronald Murray,4,8:45,TOR,timeout,,,,,,,,,,,,,,,,regular,,
Andrea Bargnani,Chris Bosh,Jamario Moon,Jason Kapono,Roko Ukic,Joe Johnson,Josh Smith,Maurice Evans,Mike Bibby,Ronald Murray,4,8:45,TOR,sub,,,,Andrea Bargnani,,Joey Graham,,,,,,,,,,,,
Andrea Bargnani,Anthony Parker,Chris Bosh,Jamario Moon,Roko Ukic,Joe Johnson,Josh Smith,Maurice Evans,Mike Bibby,Ronald Murray,4,8:45,TOR,sub,,,,Anthony Parker,,Jason Kapono,,,,,,,,,,,,
Andrea Bargnani,Anthony Parker,Chris Bosh,Jamario Moon,Roko Ukic,Joe Johnson,Josh Smith,Maurice Evans,Mike Bibby,Ronald Murray,4,8:22,TOR,shot,Roko Ukic,,,,,,,,,Anthony Parker,2,,,made,,jump,41,12
Andrea Bargnani,Anthony Parker,Chris Bosh,Jamario Moon,Roko Ukic,Joe Johnson,Josh Smith,Maurice Evans,Mike Bibby,Ronald Murray,4,7:56,ATL,shot,Ronald Murray,,,,,,,,,Mike Bibby,3,,,made,,3pt,1,12
Andrea Bargnani,Anthony Parker,Chris Bosh,Jamario Moon,Roko Ukic,Joe Johnson,Josh Smith,Maurice Evans,Mike Bibby,Ronald Murray,4,7:37,TOR,shot,,,,,,,,,,Anthony Parker,,,,missed,,3pt,38,31
Andrea Bargnani,Anthony Parker,Chris Bosh,Jamario Moon,Roko Ukic,Joe Johnson,Josh Smith,Maurice Evans,Mike Bibby,Ronald Murray,4,7:35,TOR,rebound,,,,,,,,,,Chris Bosh,,,,,,off,,
Andrea Bargnani,Anthony Parker,Chris Bosh,Jamario Moon,Roko Ukic,Joe Johnson,Josh Smith,Maurice Evans,Mike Bibby,Ronald Murray,4,7:29,TOR,shot,,,,,,,,,,Andrea Bargnani,,,,missed,,jump,7,10
Andrea Bargnani,Anthony Parker,Chris Bosh,Jamario Moon,Roko Ukic,Joe Johnson,Josh Smith,Maurice Evans,Mike Bibby,Ronald Murray,4,7:28,ATL,rebound,,,,,,,,,,Mike Bibby,,,,,,def,,
Andrea Bargnani,Anthony Parker,Chris Bosh,Jamario Moon,Roko Ukic,Joe Johnson,Josh Smith,Maurice Evans,Mike Bibby,Ronald Murray,4,7:05,ATL,shot,Maurice Evans,,,,,,,,,Ronald Murray,3,,,made,,3pt,8,30
Andrea Bargnani,Anthony Parker,Chris Bosh,Jamario Moon,Roko Ukic,Joe Johnson,Josh Smith,Maurice Evans,Mike Bibby,Ronald Murray,4,6:45,TOR,shot,Roko Ukic,,,,,,,,,Jamario Moon,2,,,made,,dunk,25,6
Andrea Bargnani,Anthony Parker,Chris Bosh,Jamario Moon,Roko Ukic,Joe Johnson,Josh Smith,Maurice Evans,Mike Bibby,Ronald Murray,4,6:21,ATL,shot,,,,,,,,,,Mike Bibby,,,,missed,,3pt,48,19
Andrea Bargnani,Anthony Parker,Chris Bosh,Jamario Moon,Roko Ukic,Joe Johnson,Josh Smith,Maurice Evans,Mike Bibby,Ronald Murray,4,6:20,TOR,rebound,,,,,,,,,,Jamario Moon,,,,,,def,,
Andrea Bargnani,Anthony Parker,Chris Bosh,Jamario Moon,Roko Ukic,Joe Johnson,Josh Smith,Maurice Evans,Mike Bibby,Ronald Murray,4,6:10,TOR,shot,Jamario Moon,,,,,,,,,Andrea Bargnani,2,,,made,,running hook,22,13
Andrea Bargnani,Anthony Parker,Chris Bosh,Jamario Moon,Roko Ukic,Joe Johnson,Josh Smith,Maurice Evans,Mike Bibby,Ronald Murray,4,6:10,ATL,foul,,,,,,,,Andrea Bargnani,,Ronald Murray,,,,,,shooting,,
Andrea Bargnani,Anthony Parker,Chris Bosh,Jamario Moon,Roko Ukic,Joe Johnson,Josh Smith,Maurice Evans,Mike Bibby,Ronald Murray,4,6:10,TOR,free throw,,,,,,,1,,1,Andrea Bargnani,,,foul,missed,,,,
Andrea Bargnani,Anthony Parker,Chris Bosh,Jamario Moon,Roko Ukic,Joe Johnson,Josh Smith,Maurice Evans,Mike Bibby,Ronald Murray,4,6:07,TOR,shot,,,,,,,,,,Chris Bosh,2,,,made,,tip,25,6
Andrea Bargnani,Anthony Parker,Chris Bosh,Jamario Moon,Roko Ukic,Joe Johnson,Josh Smith,Maurice Evans,Mike Bibby,Ronald Murray,4,6:07,TOR,rebound,,,,,,,,,,Chris Bosh,,,,,,off,,
Andrea Bargnani,Anthony Parker,Chris Bosh,Jamario Moon,Roko Ukic,Joe Johnson,Josh Smith,Maurice Evans,Mike Bibby,Ronald Murray,4,5:51,ATL,shot,,,,,,,,,,Joe Johnson,,,,missed,,jump,33,18
Andrea Bargnani,Anthony Parker,Chris Bosh,Jamario Moon,Roko Ukic,Joe Johnson,Josh Smith,Maurice Evans,Mike Bibby,Ronald Murray,4,5:50,TOR,rebound,,,,,,,,,,Andrea Bargnani,,,,,,def,,
Andrea Bargnani,Anthony Parker,Chris Bosh,Jamario Moon,Roko Ukic,Joe Johnson,Josh Smith,Maurice Evans,Mike Bibby,Ronald Murray,4,5:44,TOR,shot,,,,,,,,,,Anthony Parker,,,,missed,,jump,36,18
Andrea Bargnani,Anthony Parker,Chris Bosh,Jamario Moon,Roko Ukic,Joe Johnson,Josh Smith,Maurice Evans,Mike Bibby,Ronald Murray,4,5:43,ATL,rebound,,,,,,,,,,Josh Smith,,,,,,def,,
Andrea Bargnani,Anthony Parker,Chris Bosh,Jamario Moon,Roko Ukic,Joe Johnson,Josh Smith,Maurice Evans,Mike Bibby,Ronald Murray,4,5:28,TOR,foul,,,,,,,,Josh Smith,,Andrea Bargnani,,,,,,shooting,,
Andrea Bargnani,Anthony Parker,Chris Bosh,Jamario Moon,Roko Ukic,Joe Johnson,Josh Smith,Maurice Evans,Mike Bibby,Ronald Murray,4,5:28,TOR,foul,,,,,,,,Josh Smith,,Andrea Bargnani,,,,,,technical,,
Andrea Bargnani,Anthony Parker,Chris Bosh,Jamario Moon,Roko Ukic,Joe Johnson,Josh Smith,Maurice Evans,Mike Bibby,Ronald Murray,4,5:28,OFF,timeout,,,,,,,,,,,,,,,,official,,
Andrea Bargnani,Anthony Parker,Chris Bosh,Jamario Moon,Roko Ukic,Joe Johnson,Josh Smith,Maurice Evans,Mike Bibby,Ronald Murray,4,5:28,ATL,free throw,,,,,,,1,,1,Joe Johnson,,,technical,made,,,,
Andrea Bargnani,Anthony Parker,Chris Bosh,Jamario Moon,Roko Ukic,Joe Johnson,Josh Smith,Maurice Evans,Mike Bibby,Ronald Murray,4,5:28,ATL,free throw,,,,,,,1,,2,Josh Smith,,,foul,made,,,,
Andrea Bargnani,Anthony Parker,Chris Bosh,Jamario Moon,Roko Ukic,Joe Johnson,Josh Smith,Maurice Evans,Mike Bibby,Ronald Murray,4,5:28,ATL,free throw,,,,,,,2,,2,Josh Smith,,,foul,missed,,,,
Andrea Bargnani,Anthony Parker,Chris Bosh,Jamario Moon,Roko Ukic,Joe Johnson,Josh Smith,Maurice Evans,Mike Bibby,Ronald Murray,4,5:27,TOR,rebound,,,,,,,,,,Anthony Parker,,,,,,def,,
Andrea Bargnani,Anthony Parker,Chris Bosh,Jamario Moon,Roko Ukic,Joe Johnson,Josh Smith,Maurice Evans,Mike Bibby,Ronald Murray,4,5:08,TOR,turnover,,,,,,,,,,Roko Ukic,,,traveling,,,,,
Andrea Bargnani,Anthony Parker,Chris Bosh,Jamario Moon,Roko Ukic,Joe Johnson,Josh Smith,Maurice Evans,Mike Bibby,Ronald Murray,4,4:50,TOR,foul,,,,,,,,Josh Smith,,Jamario Moon,,,,,,shooting,,
Andrea Bargnani,Anthony Parker,Chris Bosh,Jamario Moon,Roko Ukic,Joe Johnson,Josh Smith,Maurice Evans,Mike Bibby,Ronald Murray,4,4:50,ATL,free throw,,,,,,,1,,2,Josh Smith,,,foul,missed,,,,
Andrea Bargnani,Anthony Parker,Chris Bosh,Jamario Moon,Roko Ukic,Joe Johnson,Josh Smith,Maurice Evans,Mike Bibby,Ronald Murray,4,4:50,ATL,rebound,,,,,,,,,,,,,,,,,,
Andrea Bargnani,Anthony Parker,Chris Bosh,Jamario Moon,Roko Ukic,Joe Johnson,Josh Smith,Maurice Evans,Mike Bibby,Ronald Murray,4,4:50,ATL,free throw,,,,,,,2,,2,Josh Smith,,,foul,missed,,,,
Andrea Bargnani,Anthony Parker,Chris Bosh,Jamario Moon,Roko Ukic,Joe Johnson,Josh Smith,Maurice Evans,Mike Bibby,Ronald Murray,4,4:49,TOR,rebound,,,,,,,,,,Chris Bosh,,,,,,def,,
Andrea Bargnani,Anthony Parker,Chris Bosh,Jamario Moon,Roko Ukic,Joe Johnson,Josh Smith,Maurice Evans,Mike Bibby,Ronald Murray,4,4:32,TOR,shot,Anthony Parker,,,,,,,,,Jamario Moon,3,,,made,,3pt,6,26
Andrea Bargnani,Anthony Parker,Chris Bosh,Jamario Moon,Roko Ukic,Joe Johnson,Josh Smith,Maurice Evans,Mike Bibby,Ronald Murray,4,4:14,ATL,shot,,,,,,,,,,Ronald Murray,,,,missed,,running dunk,25,6
Andrea Bargnani,Anthony Parker,Chris Bosh,Jamario Moon,Roko Ukic,Joe Johnson,Josh Smith,Maurice Evans,Mike Bibby,Ronald Murray,4,4:12,TOR,rebound,,,,,,,,,,Anthony Parker,,,,,,def,,
Andrea Bargnani,Anthony Parker,Chris Bosh,Jamario Moon,Roko Ukic,Joe Johnson,Josh Smith,Maurice Evans,Mike Bibby,Ronald Murray,4,4:04,TOR,shot,Anthony Parker,,,,,,,,,Chris Bosh,2,,,made,,jump,27,24
Andrea Bargnani,Anthony Parker,Chris Bosh,Jamario Moon,Roko Ukic,Joe Johnson,Josh Smith,Maurice Evans,Mike Bibby,Ronald Murray,4,3:43,ATL,shot,,,,,,,,,,Ronald Murray,,,,missed,,3pt,1,14
Andrea Bargnani,Anthony Parker,Chris Bosh,Jamario Moon,Roko Ukic,Joe Johnson,Josh Smith,Maurice Evans,Mike Bibby,Ronald Murray,4,3:40,ATL,rebound,,,,,,,,,,Maurice Evans,,,,,,off,,
Andrea Bargnani,Anthony Parker,Chris Bosh,Jamario Moon,Roko Ukic,Joe Johnson,Josh Smith,Maurice Evans,Mike Bibby,Ronald Murray,4,3:37,ATL,shot,,,,,,,,,,Maurice Evans,2,,,made,,putback layup,23,6
Andrea Bargnani,Anthony Parker,Chris Bosh,Jamario Moon,Roko Ukic,Joe Johnson,Josh Smith,Maurice Evans,Mike Bibby,Ronald Murray,4,3:18,TOR,shot,,,,,,,,,,Andrea Bargnani,,,,missed,,3pt,34,33
Andrea Bargnani,Anthony Parker,Chris Bosh,Jamario Moon,Roko Ukic,Joe Johnson,Josh Smith,Maurice Evans,Mike Bibby,Ronald Murray,4,3:16,TOR,rebound,,,,,,,,,,Jamario Moon,,,,,,off,,
Andrea Bargnani,Anthony Parker,Chris Bosh,Jamario Moon,Roko Ukic,Joe Johnson,Josh Smith,Maurice Evans,Mike Bibby,Ronald Murray,4,3:03,TOR,shot,,,,,,,,,,Roko Ukic,,,,missed,,3pt,48,14
Andrea Bargnani,Anthony Parker,Chris Bosh,Jamario Moon,Roko Ukic,Joe Johnson,Josh Smith,Maurice Evans,Mike Bibby,Ronald Murray,4,3:01,TOR,rebound,,,,,,,,,,Andrea Bargnani,,,,,,off,,
Andrea Bargnani,Anthony Parker,Chris Bosh,Jamario Moon,Roko Ukic,Joe Johnson,Josh Smith,Maurice Evans,Mike Bibby,Ronald Murray,4,2:55,TOR,shot,,,,,,,,,,Chris Bosh,2,,,made,,driving layup,24,6
Andrea Bargnani,Anthony Parker,Chris Bosh,Jamario Moon,Roko Ukic,Joe Johnson,Josh Smith,Maurice Evans,Mike Bibby,Ronald Murray,4,2:44,ATL,shot,,,,,,,,,,Joe Johnson,2,,,made,,fade away jumper,33,11
Andrea Bargnani,Anthony Parker,Chris Bosh,Jamario Moon,Roko Ukic,Joe Johnson,Josh Smith,Maurice Evans,Mike Bibby,Ronald Murray,4,2:23,TOR,shot,,,,,,,,,,Anthony Parker,2,,,made,,jump,15,24
Andrea Bargnani,Anthony Parker,Chris Bosh,Jamario Moon,Roko Ukic,Joe Johnson,Josh Smith,Maurice Evans,Mike Bibby,Ronald Murray,4,2:09,ATL,shot,,,,,,,,,,Mike Bibby,,,,missed,,3pt,35,33
Andrea Bargnani,Anthony Parker,Chris Bosh,Jamario Moon,Roko Ukic,Joe Johnson,Josh Smith,Maurice Evans,Mike Bibby,Ronald Murray,4,2:07,TOR,rebound,,,,,,,,,,Jamario Moon,,,,,,def,,
Andrea Bargnani,Anthony Parker,Chris Bosh,Jamario Moon,Roko Ukic,Joe Johnson,Josh Smith,Maurice Evans,Mike Bibby,Ronald Murray,4,1:46,TOR,turnover,,,,,,,,,,Roko Ukic,,,out of bounds lost ball turnover,,,,,
Andrea Bargnani,Anthony Parker,Chris Bosh,Jamario Moon,Roko Ukic,Joe Johnson,Josh Smith,Maurice Evans,Mike Bibby,Ronald Murray,4,1:46,ATL,timeout,,,,,,,,,,,,,,,,regular,,
Andrea Bargnani,Anthony Parker,Chris Bosh,Jamario Moon,Joey Graham,Joe Johnson,Josh Smith,Maurice Evans,Mike Bibby,Ronald Murray,4,1:46,TOR,sub,,,,Joey Graham,,Roko Ukic,,,,,,,,,,,,
Andrea Bargnani,Anthony Parker,Chris Bosh,Jamario Moon,Joey Graham,Joe Johnson,Josh Smith,Maurice Evans,Mike Bibby,Ronald Murray,4,1:33,TOR,foul,,,,,,,,Joe Johnson,,Jamario Moon,,,,,,shooting,,
Andrea Bargnani,Anthony Parker,Chris Bosh,Jamario Moon,Joey Graham,Joe Johnson,Josh Smith,Maurice Evans,Mike Bibby,Ronald Murray,4,1:33,ATL,free throw,,,,,,,1,,2,Joe Johnson,,,foul,made,,,,
Andrea Bargnani,Anthony Parker,Chris Bosh,Jamario Moon,Joey Graham,Joe Johnson,Josh Smith,Maurice Evans,Mike Bibby,Ronald Murray,4,1:33,ATL,free throw,,,,,,,2,,2,Joe Johnson,,,foul,missed,,,,
Andrea Bargnani,Anthony Parker,Chris Bosh,Jamario Moon,Joey Graham,Joe Johnson,Josh Smith,Maurice Evans,Mike Bibby,Ronald Murray,4,1:31,TOR,rebound,,,,,,,,,,Anthony Parker,,,,,,def,,
Andrea Bargnani,Anthony Parker,Chris Bosh,Jamario Moon,Joey Graham,Joe Johnson,Josh Smith,Maurice Evans,Mike Bibby,Ronald Murray,4,1:16,TOR,shot,,,,,,,,,,Joey Graham,,,,missed,,jump,34,9
Andrea Bargnani,Anthony Parker,Chris Bosh,Jamario Moon,Joey Graham,Joe Johnson,Josh Smith,Maurice Evans,Mike Bibby,Ronald Murray,4,1:15,ATL,rebound,,,,,,,,,,Josh Smith,,,,,,def,,
Andrea Bargnani,Anthony Parker,Chris Bosh,Jamario Moon,Joey Graham,Joe Johnson,Josh Smith,Maurice Evans,Mike Bibby,Ronald Murray,4,0:54,TOR,foul,,,,,,,,Mike Bibby,,Jamario Moon,,,,,,shooting,,
Andrea Bargnani,Anthony Parker,Chris Bosh,Jamario Moon,Joey Graham,Joe Johnson,Josh Smith,Maurice Evans,Mike Bibby,Ronald Murray,4,0:54,ATL,free throw,,,,,,,1,,2,Mike Bibby,,,foul,made,,,,
Andrea Bargnani,Anthony Parker,Chris Bosh,Jamario Moon,Joey Graham,Joe Johnson,Josh Smith,Maurice Evans,Mike Bibby,Ronald Murray,4,0:54,ATL,free throw,,,,,,,2,,2,Mike Bibby,,,foul,made,,,,
Andrea Bargnani,Anthony Parker,Chris Bosh,Jamario Moon,Joey Graham,Joe Johnson,Josh Smith,Maurice Evans,Mike Bibby,Ronald Murray,4,0:54,TOR,timeout,,,,,,,,,,,,,,,,regular,,
Andrea Bargnani,Anthony Parker,Chris Bosh,Jamario Moon,Jason Kapono,Joe Johnson,Josh Smith,Maurice Evans,Mike Bibby,Ronald Murray,4,0:54,TOR,sub,,,,Jason Kapono,,Joey Graham,,,,,,,,,,,,
Andrea Bargnani,Anthony Parker,Chris Bosh,Jamario Moon,Jason Kapono,Joe Johnson,Josh Smith,Maurice Evans,Mike Bibby,Ronald Murray,4,0:50,TOR,turnover,,,,,,,,,,Chris Bosh,,,lost ball,,Josh Smith,,,
Andrea Bargnani,Anthony Parker,Chris Bosh,Jamario Moon,Jason Kapono,Joe Johnson,Josh Smith,Maurice Evans,Mike Bibby,Ronald Murray,4,0:43,ATL,shot,,,,,,,,,,Maurice Evans,,,,missed,,layup,28,6
Andrea Bargnani,Anthony Parker,Chris Bosh,Jamario Moon,Jason Kapono,Joe Johnson,Josh Smith,Maurice Evans,Mike Bibby,Ronald Murray,4,0:41,TOR,rebound,,,,,,,,,,Chris Bosh,,,,,,def,,
Andrea Bargnani,Anthony Parker,Chris Bosh,Jamario Moon,Jason Kapono,Joe Johnson,Josh Smith,Maurice Evans,Mike Bibby,Ronald Murray,4,0:35,TOR,shot,,,,,,,,,,Jamario Moon,,,,missed,,3pt,4,22
Andrea Bargnani,Anthony Parker,Chris Bosh,Jamario Moon,Jason Kapono,Joe Johnson,Josh Smith,Maurice Evans,Mike Bibby,Ronald Murray,4,0:34,ATL,rebound,,,,,,,,,,Joe Johnson,,,,,,def,,
Andrea Bargnani,Anthony Parker,Chris Bosh,Jamario Moon,Jason Kapono,Joe Johnson,Josh Smith,Maurice Evans,Mike Bibby,Ronald Murray,4,0:12,ATL,shot,,,,,,,,,,Joe Johnson,2,,,made,,fade away jumper,36,20
Andrea Bargnani,Anthony Parker,Chris Bosh,Jamario Moon,Jason Kapono,Joe Johnson,Josh Smith,Maurice Evans,Mike Bibby,Ronald Murray,4,0:12,TOR,timeout,,,,,,,,,,,,,,,,short,,
Andrea Bargnani,Anthony Parker,Chris Bosh,Jamario Moon,Jason Kapono,Joe Johnson,Josh Smith,Maurice Evans,Mike Bibby,Ronald Murray,4,0:02,TOR,shot,,,,,,,,,,Jason Kapono,,,,missed,,3pt,5,23
Andrea Bargnani,Anthony Parker,Chris Bosh,Jamario Moon,Jason Kapono,Joe Johnson,Josh Smith,Maurice Evans,Mike Bibby,Ronald Murray,4,0:01,ATL,rebound,,,,,,,,,,Josh Smith,,,,,,def,,
