a1,a2,a3,a4,a5,h1,h2,h3,h4,h5,period,time,team,etype,assist,away,block,entered,home,left,num,opponent,outof,player,points,possession,reason,result,steal,type,x,y
Beno Udrih,Brad Miller,Jason Thompson,John Salmons,Kevin Martin,Andrea Bargnani,Anthony Parker,Chris Bosh,Jamario Moon,Jose Calderon,1,12:00,OFF,jump ball,,Brad Miller,,,Chris Bosh,,,,,,,Sacramento,,,,,,
Beno Udrih,Brad Miller,Jason Thompson,John Salmons,Kevin Martin,Andrea Bargnani,Anthony Parker,Chris Bosh,Jamario Moon,Jose Calderon,1,12:00,TOR,violation,,,,,,,,,,Chris Bosh,,,,,,jump ball,,
Beno Udrih,Brad Miller,Jason Thompson,John Salmons,Kevin Martin,Andrea Bargnani,Anthony Parker,Chris Bosh,Jamario Moon,Jose Calderon,1,11:50,SAC,shot,,,,,,,,,,Brad Miller,,,,missed,,jump,15,23
Beno Udrih,Brad Miller,Jason Thompson,John Salmons,Kevin Martin,Andrea Bargnani,Anthony Parker,Chris Bosh,Jamario Moon,Jose Calderon,1,11:48,TOR,rebound,,,,,,,,,,Anthony Parker,,,,,,def,,
Beno Udrih,Brad Miller,Jason Thompson,John Salmons,Kevin Martin,Andrea Bargnani,Anthony Parker,Chris Bosh,Jamario Moon,Jose Calderon,1,11:31,TOR,turnover,,,,,,,,,,Anthony Parker,,,bad pass,,John Salmons,,,
Beno Udrih,Brad Miller,Jason Thompson,John Salmons,Kevin Martin,Andrea Bargnani,Anthony Parker,Chris Bosh,Jamario Moon,Jose Calderon,1,11:12,SAC,shot,,,,,,,,,,Jason Thompson,2,,,made,,jump,19,9
Beno Udrih,Brad Miller,Jason Thompson,John Salmons,Kevin Martin,Andrea Bargnani,Anthony Parker,Chris Bosh,Jamario Moon,Jose Calderon,1,10:58,TOR,turnover,,,,,,,,,,Andrea Bargnani,,,step out of bounds turnover,,,,,
Beno Udrih,Brad Miller,Jason Thompson,John Salmons,Kevin Martin,Andrea Bargnani,Anthony Parker,Chris Bosh,Jamario Moon,Jose Calderon,1,10:38,SAC,shot,Kevin Martin,,,,,,,,,Beno Udrih,3,,,made,,3pt,2,6
Beno Udrih,Brad Miller,Jason Thompson,John Salmons,Kevin Martin,Andrea Bargnani,Anthony Parker,Chris Bosh,Jamario Moon,Jose Calderon,1,10:28,TOR,shot,,,,,,,,,,Jose Calderon,2,,,made,,driving layup,25,6
Beno Udrih,Brad Miller,Jason Thompson,John Salmons,Kevin Martin,Andrea Bargnani,Anthony Parker,Chris Bosh,Jamario Moon,Jose Calderon,1,10:28,SAC,foul,,,,,,,,Jose Calderon,,Beno Udrih,,,,,,shooting,,
Beno Udrih,Brad Miller,Jason Thompson,John Salmons,Kevin Martin,Andrea Bargnani,Anthony Parker,Chris Bosh,Jamario Moon,Jose Calderon,1,10:28,TOR,free throw,,,,,,,1,,1,Jose Calderon,,,foul,made,,,,
Beno Udrih,Brad Miller,Jason Thompson,John Salmons,Kevin Martin,Andrea Bargnani,Anthony Parker,Chris Bosh,Jamario Moon,Jose Calderon,1,10:15,SAC,shot,,,,,,,,,,Beno Udrih,,,,missed,,pullup jump,23,14
Beno Udrih,Brad Miller,Jason Thompson,John Salmons,Kevin Martin,Andrea Bargnani,Anthony Parker,Chris Bosh,Jamario Moon,Jose Calderon,1,10:14,TOR,rebound,,,,,,,,,,Chris Bosh,,,,,,def,,
Beno Udrih,Brad Miller,Jason Thompson,John Salmons,Kevin Martin,Andrea Bargnani,Anthony Parker,Chris Bosh,Jamario Moon,Jose Calderon,1,10:05,TOR,shot,,,,,,,,,,Jose Calderon,,,,missed,,pullup jump,35,24
Beno Udrih,Brad Miller,Jason Thompson,John Salmons,Kevin Martin,Andrea Bargnani,Anthony Parker,Chris Bosh,Jamario Moon,Jose Calderon,1,10:04,SAC,rebound,,,,,,,,,,John Salmons,,,,,,def,,
Beno Udrih,Brad Miller,Jason Thompson,John Salmons,Kevin Martin,Andrea Bargnani,Anthony Parker,Chris Bosh,Jamario Moon,Jose Calderon,1,9:58,SAC,shot,John Salmons,,,,,,,,,Kevin Martin,3,,,made,,3pt,8,25
Beno Udrih,Brad Miller,Jason Thompson,John Salmons,Kevin Martin,Andrea Bargnani,Anthony Parker,Chris Bosh,Jamario Moon,Jose Calderon,1,9:38,TOR,shot,,,,,,,,,,Andrea Bargnani,,,,missed,,3pt,41,24
Beno Udrih,Brad Miller,Jason Thompson,John Salmons,Kevin Martin,Andrea Bargnani,Anthony Parker,Chris Bosh,Jamario Moon,Jose Calderon,1,9:37,TOR,rebound,,,,,,,,,,Jamario Moon,,,,,,off,,
Beno Udrih,Brad Miller,Jason Thompson,John Salmons,Kevin Martin,Andrea Bargnani,Anthony Parker,Chris Bosh,Jamario Moon,Jose Calderon,1,9:36,TOR,shot,,,,,,,,,,Jamario Moon,2,,,made,,dunk,25,6
Beno Udrih,Brad Miller,Jason Thompson,John Salmons,Kevin Martin,Andrea Bargnani,Anthony Parker,Chris Bosh,Jamario Moon,Jose Calderon,1,9:24,SAC,shot,,,,,,,,,,Kevin Martin,,,,missed,,3pt,43,24
Beno Udrih,Brad Miller,Jason Thompson,John Salmons,Kevin Martin,Andrea Bargnani,Anthony Parker,Chris Bosh,Jamario Moon,Jose Calderon,1,9:23,TOR,rebound,,,,,,,,,,Andrea Bargnani,,,,,,def,,
Beno Udrih,Brad Miller,Jason Thompson,John Salmons,Kevin Martin,Andrea Bargnani,Anthony Parker,Chris Bosh,Jamario Moon,Jose Calderon,1,9:12,TOR,shot,,,,,,,,,,Chris Bosh,2,,,made,,jump,40,9
Beno Udrih,Brad Miller,Jason Thompson,John Salmons,Kevin Martin,Andrea Bargnani,Anthony Parker,Chris Bosh,Jamario Moon,Jose Calderon,1,8:53,SAC,shot,Beno Udrih,,,,,,,,,Kevin Martin,3,,,made,,3pt,1,13
Beno Udrih,Brad Miller,Jason Thompson,John Salmons,Kevin Martin,Andrea Bargnani,Anthony Parker,Chris Bosh,Jamario Moon,Jose Calderon,1,8:28,TOR,shot,Jamario Moon,,,,,,,,,Anthony Parker,3,,,made,,3pt,2,6
Beno Udrih,Brad Miller,Jason Thompson,John Salmons,Kevin Martin,Andrea Bargnani,Anthony Parker,Chris Bosh,Jamario Moon,Jose Calderon,1,8:10,SAC,shot,,,,,,,,,,Beno Udrih,,,,missed,,3pt,2,6
Beno Udrih,Brad Miller,Jason Thompson,John Salmons,Kevin Martin,Andrea Bargnani,Anthony Parker,Chris Bosh,Jamario Moon,Jose Calderon,1,8:10,TOR,rebound,,,,,,,,,,,,,,,,,,
Beno Udrih,Brad Miller,Jason Thompson,John Salmons,Kevin Martin,Andrea Bargnani,Anthony Parker,Chris Bosh,Jamario Moon,Jose Calderon,1,8:01,TOR,shot,Jose Calderon,,,,,,,,,Andrea Bargnani,2,,,made,,driving finger roll layup,25,6
Beno Udrih,Brad Miller,Jason Thompson,John Salmons,Kevin Martin,Andrea Bargnani,Anthony Parker,Chris Bosh,Jamario Moon,Jose Calderon,1,7:44,SAC,shot,John Salmons,,,,,,,,,Brad Miller,2,,,made,,slam dunk,25,6
Beno Udrih,Brad Miller,Jason Thompson,John Salmons,Kevin Martin,Andrea Bargnani,Anthony Parker,Chris Bosh,Jamario Moon,Jose Calderon,1,7:22,TOR,shot,,,,,,,,,,Chris Bosh,2,,,made,,jump,8,7
Beno Udrih,Brad Miller,Jason Thompson,John Salmons,Kevin Martin,Andrea Bargnani,Anthony Parker,Chris Bosh,Jamario Moon,Jose Calderon,1,7:08,SAC,shot,Brad Miller,,,,,,,,,John Salmons,2,,,made,,pullup jump,22,25
Beno Udrih,Brad Miller,Jason Thompson,John Salmons,Kevin Martin,Andrea Bargnani,Anthony Parker,Chris Bosh,Jamario Moon,Jose Calderon,1,6:51,TOR,shot,,,,,,,,,,Chris Bosh,,,,missed,,turnaround jump,16,10
Beno Udrih,Brad Miller,Jason Thompson,John Salmons,Kevin Martin,Andrea Bargnani,Anthony Parker,Chris Bosh,Jamario Moon,Jose Calderon,1,6:49,SAC,rebound,,,,,,,,,,John Salmons,,,,,,def,,
Beno Udrih,Brad Miller,Jason Thompson,John Salmons,Kevin Martin,Andrea Bargnani,Anthony Parker,Chris Bosh,Jamario Moon,Jose Calderon,1,6:45,SAC,turnover,,,,,,,,,,John Salmons,,,bad pass,,Anthony Parker,,,
Beno Udrih,Brad Miller,Jason Thompson,John Salmons,Kevin Martin,Andrea Bargnani,Anthony Parker,Chris Bosh,Jamario Moon,Jose Calderon,1,6:36,TOR,shot,,,,,,,,,,Jamario Moon,,,,missed,,jump,8,7
Beno Udrih,Brad Miller,Jason Thompson,John Salmons,Kevin Martin,Andrea Bargnani,Anthony Parker,Chris Bosh,Jamario Moon,Jose Calderon,1,6:35,SAC,rebound,,,,,,,,,,,,,,,,,,
Beno Udrih,Brad Miller,Jason Thompson,John Salmons,Kevin Martin,Andrea Bargnani,Anthony Parker,Chris Bosh,Jamario Moon,Jose Calderon,1,6:15,SAC,shot,,,,,,,,,,Jason Thompson,,,,missed,,jump,14,11
Beno Udrih,Brad Miller,Jason Thompson,John Salmons,Kevin Martin,Andrea Bargnani,Anthony Parker,Chris Bosh,Jamario Moon,Jose Calderon,1,6:13,SAC,rebound,,,,,,,,,,Brad Miller,,,,,,off,,
Beno Udrih,Brad Miller,Jason Thompson,John Salmons,Kevin Martin,Andrea Bargnani,Anthony Parker,Chris Bosh,Jamario Moon,Jose Calderon,1,6:05,SAC,shot,,,,,,,,,,John Salmons,2,,,made,,driving layup,25,6
Beno Udrih,Brad Miller,Jason Thompson,John Salmons,Kevin Martin,Andrea Bargnani,Anthony Parker,Chris Bosh,Jamario Moon,Jose Calderon,1,5:49,TOR,shot,Jose Calderon,,,,,,,,,Andrea Bargnani,2,,,made,,pullup jump,18,26
Beno Udrih,Brad Miller,Jason Thompson,John Salmons,Kevin Martin,Andrea Bargnani,Anthony Parker,Chris Bosh,Jamario Moon,Jose Calderon,1,5:26,SAC,turnover,,,,,,,,,,John Salmons,,,bad pass,,,,,
Beno Udrih,Brad Miller,Jason Thompson,John Salmons,Kevin Martin,Andrea Bargnani,Anthony Parker,Chris Bosh,Jamario Moon,Jose Calderon,1,5:26,TOR,timeout,,,,,,,,,,,,,,,,regular,,
Beno Udrih,Brad Miller,Jason Thompson,John Salmons,Kevin Martin,Andrea Bargnani,Anthony Parker,Chris Bosh,Jamario Moon,Jason Kapono,1,5:26,TOR,sub,,,,Jason Kapono,,Jose Calderon,,,,,,,,,,,,
Beno Udrih,Brad Miller,Jason Thompson,John Salmons,Kevin Martin,Andrea Bargnani,Anthony Parker,Chris Bosh,Jamario Moon,Jason Kapono,1,5:16,TOR,shot,,,,,,,,,,Chris Bosh,,,,missed,,turnaround fade away,15,9
Beno Udrih,Brad Miller,Jason Thompson,John Salmons,Kevin Martin,Andrea Bargnani,Anthony Parker,Chris Bosh,Jamario Moon,Jason Kapono,1,5:14,SAC,rebound,,,,,,,,,,Jason Thompson,,,,,,def,,
Beno Udrih,Brad Miller,Jason Thompson,John Salmons,Kevin Martin,Andrea Bargnani,Anthony Parker,Chris Bosh,Jamario Moon,Jason Kapono,1,4:51,TOR,foul,,,,,,,,Brad Miller,,Andrea Bargnani,,,,,,shooting,,
Beno Udrih,Brad Miller,Jason Thompson,John Salmons,Kevin Martin,Andrea Bargnani,Anthony Parker,Chris Bosh,Jamario Moon,Jason Kapono,1,4:51,SAC,free throw,,,,,,,1,,2,Brad Miller,,,foul,missed,,,,
Beno Udrih,Brad Miller,Jason Thompson,John Salmons,Kevin Martin,Andrea Bargnani,Anthony Parker,Chris Bosh,Jamario Moon,Jason Kapono,1,4:51,SAC,rebound,,,,,,,,,,,,,,,,,,
Beno Udrih,Brad Miller,Jason Thompson,John Salmons,Kevin Martin,Anthony Parker,Chris Bosh,Jamario Moon,Jason Kapono,Jermaine O'Neal,1,4:51,TOR,sub,,,,Jermaine O'Neal,,Andrea Bargnani,,,,,,,,,,,,
Beno Udrih,Brad Miller,Jason Thompson,John Salmons,Kevin Martin,Anthony Parker,Chris Bosh,Jamario Moon,Jason Kapono,Jermaine O'Neal,1,4:51,SAC,free throw,,,,,,,2,,2,Brad Miller,,,foul,made,,,,
Beno Udrih,Brad Miller,Jason Thompson,John Salmons,Kevin Martin,Anthony Parker,Chris Bosh,Jamario Moon,Jason Kapono,Jermaine O'Neal,1,4:40,TOR,shot,Jason Kapono,,,,,,,,,Chris Bosh,2,,,made,,jump,39,16
Beno Udrih,Brad Miller,Jason Thompson,John Salmons,Kevin Martin,Anthony Parker,Chris Bosh,Jamario Moon,Jason Kapono,Jermaine O'Neal,1,4:24,SAC,turnover,,,,,,,,,,Kevin Martin,,,traveling,,,,,
Beno Udrih,Brad Miller,Jason Thompson,John Salmons,Kevin Martin,Anthony Parker,Chris Bosh,Jamario Moon,Jason Kapono,Jermaine O'Neal,1,4:10,TOR,shot,Anthony Parker,,,,,,,,,Jermaine O'Neal,2,,,made,,turnaround fade away,25,14
Beno Udrih,Brad Miller,Francisco Garcia,Jason Thompson,John Salmons,Anthony Parker,Chris Bosh,Jamario Moon,Jason Kapono,Jermaine O'Neal,1,4:04,SAC,sub,,,,Francisco Garcia,,Kevin Martin,,,,,,,,,,,,
Beno Udrih,Brad Miller,Francisco Garcia,Jason Thompson,John Salmons,Anthony Parker,Chris Bosh,Jamario Moon,Jason Kapono,Jermaine O'Neal,1,3:52,SAC,shot,,,,,,,,,,Jason Thompson,,,,missed,,jump,22,24
Beno Udrih,Brad Miller,Francisco Garcia,Jason Thompson,John Salmons,Anthony Parker,Chris Bosh,Jamario Moon,Jason Kapono,Jermaine O'Neal,1,3:51,TOR,rebound,,,,,,,,,,Anthony Parker,,,,,,def,,
Beno Udrih,Brad Miller,Francisco Garcia,Jason Thompson,John Salmons,Anthony Parker,Chris Bosh,Jamario Moon,Jason Kapono,Jermaine O'Neal,1,3:43,TOR,turnover,,,,,,,,,,Anthony Parker,,,bad pass,,Francisco Garcia,,,
Beno Udrih,Brad Miller,Francisco Garcia,Jason Thompson,John Salmons,Anthony Parker,Chris Bosh,Jamario Moon,Jason Kapono,Jermaine O'Neal,1,3:38,SAC,shot,,,,,,,,,,John Salmons,,,,missed,,3pt,41,24
Beno Udrih,Brad Miller,Francisco Garcia,Jason Thompson,John Salmons,Anthony Parker,Chris Bosh,Jamario Moon,Jason Kapono,Jermaine O'Neal,1,3:36,TOR,rebound,,,,,,,,,,Chris Bosh,,,,,,def,,
Beno Udrih,Brad Miller,Francisco Garcia,Jason Thompson,John Salmons,Anthony Parker,Chris Bosh,Jamario Moon,Jason Kapono,Jermaine O'Neal,1,3:27,SAC,foul,,,,,,,,Chris Bosh,,Jason Thompson,,,,,,shooting,,
Beno Udrih,Brad Miller,Francisco Garcia,Jason Thompson,John Salmons,Anthony Parker,Chris Bosh,Jamario Moon,Jason Kapono,Jermaine O'Neal,1,3:27,TOR,free throw,,,,,,,1,,2,Chris Bosh,,,foul,made,,,,
Beno Udrih,Brad Miller,Francisco Garcia,John Salmons,Spencer Hawes,Anthony Parker,Chris Bosh,Jamario Moon,Jason Kapono,Jermaine O'Neal,1,3:27,SAC,sub,,,,Spencer Hawes,,Jason Thompson,,,,,,,,,,,,
Beno Udrih,Brad Miller,Francisco Garcia,John Salmons,Spencer Hawes,Anthony Parker,Chris Bosh,Jamario Moon,Jason Kapono,Jermaine O'Neal,1,3:27,TOR,free throw,,,,,,,2,,2,Chris Bosh,,,foul,made,,,,
Beno Udrih,Brad Miller,Francisco Garcia,John Salmons,Spencer Hawes,Anthony Parker,Chris Bosh,Jamario Moon,Jason Kapono,Jermaine O'Neal,1,3:15,SAC,turnover,,,,,,,,,,Brad Miller,,,bad pass,,Anthony Parker,,,
Beno Udrih,Brad Miller,Francisco Garcia,John Salmons,Spencer Hawes,Anthony Parker,Chris Bosh,Jamario Moon,Jason Kapono,Jermaine O'Neal,1,3:10,SAC,foul,,,,,,,,Jermaine O'Neal,,Spencer Hawes,,,,,,personal,,
Beno Udrih,Brad Miller,Francisco Garcia,John Salmons,Spencer Hawes,Anthony Parker,Chris Bosh,Jamario Moon,Jason Kapono,Jermaine O'Neal,1,3:01,TOR,shot,Jermaine O'Neal,,,,,,,,,Chris Bosh,2,,,made,,jump,16,19
Beno Udrih,Brad Miller,Francisco Garcia,John Salmons,Spencer Hawes,Anthony Parker,Chris Bosh,Jamario Moon,Jason Kapono,Jermaine O'Neal,1,2:50,TOR,foul,,,,,,,,Francisco Garcia,,Jason Kapono,,,,,,personal,,
Beno Udrih,Brad Miller,Francisco Garcia,John Salmons,Spencer Hawes,Anthony Parker,Chris Bosh,Jamario Moon,Jason Kapono,Jermaine O'Neal,1,2:50,SAC,timeout,,,,,,,,,,,,,,,,regular,,
Bobby Brown,Brad Miller,Francisco Garcia,John Salmons,Spencer Hawes,Anthony Parker,Chris Bosh,Jamario Moon,Jason Kapono,Jermaine O'Neal,1,2:50,SAC,sub,,,,Bobby Brown,,Beno Udrih,,,,,,,,,,,,
Bobby Brown,Brad Miller,Francisco Garcia,John Salmons,Spencer Hawes,Anthony Parker,Chris Bosh,Jason Kapono,Jermaine O'Neal,Joey Graham,1,2:50,TOR,sub,,,,Joey Graham,,Jamario Moon,,,,,,,,,,,,
Bobby Brown,Brad Miller,Francisco Garcia,John Salmons,Spencer Hawes,Chris Bosh,Jason Kapono,Jermaine O'Neal,Joey Graham,Roko Ukic,1,2:50,TOR,sub,,,,Roko Ukic,,Anthony Parker,,,,,,,,,,,,
Bobby Brown,Brad Miller,Francisco Garcia,John Salmons,Spencer Hawes,Chris Bosh,Jason Kapono,Jermaine O'Neal,Joey Graham,Roko Ukic,1,2:37,SAC,shot,Bobby Brown,,,,,,,,,Brad Miller,3,,,made,,3pt,12,27
Bobby Brown,Brad Miller,Francisco Garcia,John Salmons,Spencer Hawes,Chris Bosh,Jason Kapono,Jermaine O'Neal,Joey Graham,Roko Ukic,1,2:15,TOR,shot,,,,,,,,,,Jermaine O'Neal,,,,missed,,turnaround fade away,35,14
Bobby Brown,Brad Miller,Francisco Garcia,John Salmons,Spencer Hawes,Chris Bosh,Jason Kapono,Jermaine O'Neal,Joey Graham,Roko Ukic,1,2:13,SAC,rebound,,,,,,,,,,Brad Miller,,,,,,def,,
Bobby Brown,Brad Miller,Francisco Garcia,John Salmons,Spencer Hawes,Chris Bosh,Jason Kapono,Jermaine O'Neal,Joey Graham,Roko Ukic,1,2:05,SAC,shot,,,,,,,,,,Spencer Hawes,,,,missed,,turnaround jump,38,12
Bobby Brown,Brad Miller,Francisco Garcia,John Salmons,Spencer Hawes,Chris Bosh,Jason Kapono,Jermaine O'Neal,Joey Graham,Roko Ukic,1,2:04,TOR,rebound,,,,,,,,,,Joey Graham,,,,,,def,,
Bobby Brown,Brad Miller,Francisco Garcia,John Salmons,Spencer Hawes,Chris Bosh,Jason Kapono,Jermaine O'Neal,Joey Graham,Roko Ukic,1,1:54,TOR,shot,Chris Bosh,,,,,,,,,Jermaine O'Neal,2,,,made,,driving hook,22,10
Bobby Brown,Brad Miller,Francisco Garcia,John Salmons,Spencer Hawes,Chris Bosh,Jason Kapono,Jermaine O'Neal,Joey Graham,Roko Ukic,1,1:32,SAC,shot,Francisco Garcia,,,,,,,,,Brad Miller,3,,,made,,3pt,23,31
Bobby Brown,Brad Miller,Francisco Garcia,John Salmons,Spencer Hawes,Chris Bosh,Jason Kapono,Jermaine O'Neal,Joey Graham,Roko Ukic,1,1:15,TOR,turnover,,,,,,,,,,Chris Bosh,,,step out of bounds turnover,,,,,
Bobby Brown,Brad Miller,Francisco Garcia,John Salmons,Spencer Hawes,Andrea Bargnani,Jason Kapono,Jermaine O'Neal,Joey Graham,Roko Ukic,1,1:15,TOR,sub,,,,Andrea Bargnani,,Chris Bosh,,,,,,,,,,,,
Bobby Brown,Brad Miller,Francisco Garcia,John Salmons,Spencer Hawes,Andrea Bargnani,Jason Kapono,Jermaine O'Neal,Joey Graham,Roko Ukic,1,0:59,SAC,shot,Spencer Hawes,,,,,,,,,Bobby Brown,3,,,made,,3pt,38,27
Bobby Brown,Brad Miller,Francisco Garcia,John Salmons,Spencer Hawes,Andrea Bargnani,Jason Kapono,Jermaine O'Neal,Joey Graham,Roko Ukic,1,0:44,TOR,turnover,,,,,,,,,,Andrea Bargnani,,,bad pass,,Francisco Garcia,,,
Bobby Brown,Brad Miller,Francisco Garcia,John Salmons,Spencer Hawes,Andrea Bargnani,Jason Kapono,Jermaine O'Neal,Joey Graham,Roko Ukic,1,0:34,SAC,shot,,,,,,,,,,Spencer Hawes,,,,missed,,turnaround fade away,17,12
Bobby Brown,Brad Miller,Francisco Garcia,John Salmons,Spencer Hawes,Andrea Bargnani,Jason Kapono,Jermaine O'Neal,Joey Graham,Roko Ukic,1,0:33,TOR,rebound,,,,,,,,,,Andrea Bargnani,,,,,,def,,
Bobby Brown,Brad Miller,Francisco Garcia,John Salmons,Spencer Hawes,Andrea Bargnani,Jason Kapono,Jermaine O'Neal,Joey Graham,Roko Ukic,1,0:22,TOR,shot,,,,,,,,,,Roko Ukic,,,,missed,,pullup jump,35,11
Bobby Brown,Brad Miller,Francisco Garcia,John Salmons,Spencer Hawes,Andrea Bargnani,Jason Kapono,Jermaine O'Neal,Joey Graham,Roko Ukic,1,0:21,SAC,rebound,,,,,,,,,,Spencer Hawes,,,,,,def,,
Bobby Brown,Brad Miller,Francisco Garcia,John Salmons,Spencer Hawes,Andrea Bargnani,Jason Kapono,Jermaine O'Neal,Joey Graham,Roko Ukic,1,0:03,TOR,foul,,,,,,,,Spencer Hawes,,Jason Kapono,,,,,,shooting,,
Bobby Brown,Brad Miller,Francisco Garcia,John Salmons,Spencer Hawes,Andrea Bargnani,Jason Kapono,Jermaine O'Neal,Joey Graham,Roko Ukic,1,0:03,SAC,free throw,,,,,,,1,,2,Spencer Hawes,,,foul,made,,,,
Bobby Brown,Brad Miller,Francisco Garcia,John Salmons,Spencer Hawes,Andrea Bargnani,Jason Kapono,Jermaine O'Neal,Joey Graham,Roko Ukic,1,0:03,SAC,free throw,,,,,,,2,,2,Spencer Hawes,,,foul,missed,,,,
Bobby Brown,Brad Miller,Francisco Garcia,John Salmons,Spencer Hawes,Andrea Bargnani,Jason Kapono,Jermaine O'Neal,Joey Graham,Roko Ukic,1,0:03,TOR,rebound,,,,,,,,,,Andrea Bargnani,,,,,,def,,
Bobby Brown,Brad Miller,Francisco Garcia,John Salmons,Spencer Hawes,Andrea Bargnani,Jason Kapono,Jermaine O'Neal,Joey Graham,Roko Ukic,1,0:00,TOR,shot,,,,,,,,,,Andrea Bargnani,,,,missed,,3pt,22,46
Bobby Brown,Brad Miller,Francisco Garcia,John Salmons,Spencer Hawes,Andrea Bargnani,Jason Kapono,Jermaine O'Neal,Joey Graham,Roko Ukic,1,0:00,TOR,rebound,,,,,,,,,,,,,,,,,,
Bobby Brown,Francisco Garcia,Jason Thompson,Kevin Martin,Spencer Hawes,Andrea Bargnani,Jason Kapono,Jermaine O'Neal,Joey Graham,Roko Ukic,2,11:49,TOR,shot,,,,,,,,,,Joey Graham,,,,missed,,driving slam dunk,25,6
Bobby Brown,Francisco Garcia,Jason Thompson,Kevin Martin,Spencer Hawes,Andrea Bargnani,Jason Kapono,Jermaine O'Neal,Joey Graham,Roko Ukic,2,11:47,TOR,rebound,,,,,,,,,,Jermaine O'Neal,,,,,,off,,
Bobby Brown,Francisco Garcia,Jason Thompson,Kevin Martin,Spencer Hawes,Andrea Bargnani,Jason Kapono,Jermaine O'Neal,Joey Graham,Roko Ukic,2,11:45,TOR,shot,,,,,,,,,,Jermaine O'Neal,2,,,made,,slam dunk,25,6
Bobby Brown,Francisco Garcia,Jason Thompson,Kevin Martin,Spencer Hawes,Andrea Bargnani,Jason Kapono,Jermaine O'Neal,Joey Graham,Roko Ukic,2,11:22,SAC,turnover,,,,,,,,,,Spencer Hawes,,,traveling,,,,,
Bobby Brown,Francisco Garcia,Jason Thompson,Kevin Martin,Spencer Hawes,Andrea Bargnani,Jason Kapono,Jermaine O'Neal,Joey Graham,Roko Ukic,2,11:12,SAC,foul,,,,,,,,Jermaine O'Neal,,Spencer Hawes,,,,,,personal,,
Bobby Brown,Francisco Garcia,Jason Thompson,Kevin Martin,Mikki Moore,Andrea Bargnani,Jason Kapono,Jermaine O'Neal,Joey Graham,Roko Ukic,2,11:12,SAC,sub,,,,Mikki Moore,,Spencer Hawes,,,,,,,,,,,,
Bobby Brown,Francisco Garcia,Jason Thompson,Kevin Martin,Mikki Moore,Andrea Bargnani,Jason Kapono,Jermaine O'Neal,Joey Graham,Roko Ukic,2,11:02,TOR,shot,,,,,,,,,,Andrea Bargnani,,,,missed,,jump,23,25
Bobby Brown,Francisco Garcia,Jason Thompson,Kevin Martin,Mikki Moore,Andrea Bargnani,Jason Kapono,Jermaine O'Neal,Joey Graham,Roko Ukic,2,11:01,SAC,rebound,,,,,,,,,,Kevin Martin,,,,,,def,,
Bobby Brown,Francisco Garcia,Jason Thompson,Kevin Martin,Mikki Moore,Andrea Bargnani,Jason Kapono,Jermaine O'Neal,Joey Graham,Roko Ukic,2,10:53,TOR,foul,,,,,,,,Jason Thompson,,Andrea Bargnani,,,,,,personal,,
Bobby Brown,Francisco Garcia,Jason Thompson,Kevin Martin,Mikki Moore,Andrea Bargnani,Jason Kapono,Jermaine O'Neal,Joey Graham,Roko Ukic,2,10:45,SAC,shot,,,,,,,,,,Bobby Brown,2,,,made,,pullup jump,41,20
Bobby Brown,Francisco Garcia,Jason Thompson,Kevin Martin,Mikki Moore,Andrea Bargnani,Jason Kapono,Jermaine O'Neal,Joey Graham,Roko Ukic,2,10:37,TOR,shot,,,,,,,,,,Joey Graham,,,,missed,,pullup jump,40,13
Bobby Brown,Francisco Garcia,Jason Thompson,Kevin Martin,Mikki Moore,Andrea Bargnani,Jason Kapono,Jermaine O'Neal,Joey Graham,Roko Ukic,2,10:35,SAC,rebound,,,,,,,,,,Francisco Garcia,,,,,,def,,
Bobby Brown,Francisco Garcia,Jason Thompson,Kevin Martin,Mikki Moore,Andrea Bargnani,Jason Kapono,Jermaine O'Neal,Joey Graham,Roko Ukic,2,10:25,SAC,shot,Bobby Brown,,,,,,,,,Francisco Garcia,3,,,made,,3pt,47,9
Bobby Brown,Francisco Garcia,Jason Thompson,Kevin Martin,Mikki Moore,Andrea Bargnani,Jason Kapono,Jermaine O'Neal,Joey Graham,Roko Ukic,2,10:12,TOR,shot,,,,,,,,,,Roko Ukic,2,,,made,,driving layup,25,6
Bobby Brown,Francisco Garcia,Jason Thompson,Kevin Martin,Mikki Moore,Andrea Bargnani,Jason Kapono,Jermaine O'Neal,Joey Graham,Roko Ukic,2,9:54,TOR,foul,,,,,,,,Mikki Moore,,Roko Ukic,,,,,,personal,,
Bobby Brown,Francisco Garcia,Jason Thompson,Kevin Martin,Mikki Moore,Andrea Bargnani,Anthony Parker,Jason Kapono,Jermaine O'Neal,Joey Graham,2,9:54,TOR,sub,,,,Anthony Parker,,Roko Ukic,,,,,,,,,,,,
Bobby Brown,Francisco Garcia,Jason Thompson,Kevin Martin,Mikki Moore,Anthony Parker,Chris Bosh,Jason Kapono,Jermaine O'Neal,Joey Graham,2,9:54,TOR,sub,,,,Chris Bosh,,Andrea Bargnani,,,,,,,,,,,,
Bobby Brown,Francisco Garcia,Jason Thompson,Kevin Martin,Mikki Moore,Anthony Parker,Chris Bosh,Jason Kapono,Jermaine O'Neal,Joey Graham,2,9:40,SAC,shot,,,,,,,,,,Francisco Garcia,2,,,made,,pullup jump,23,28
Bobby Brown,Francisco Garcia,Jason Thompson,Kevin Martin,Mikki Moore,Anthony Parker,Chris Bosh,Jason Kapono,Jermaine O'Neal,Joey Graham,2,9:21,SAC,foul,,,,,,,,Jermaine O'Neal,,Mikki Moore,,,,,,shooting,,
Bobby Brown,Francisco Garcia,Jason Thompson,Kevin Martin,Mikki Moore,Anthony Parker,Chris Bosh,Jason Kapono,Jermaine O'Neal,Joey Graham,2,9:21,TOR,free throw,,,,,,,1,,2,Jermaine O'Neal,,,foul,made,,,,
Bobby Jackson,Francisco Garcia,Jason Thompson,Kevin Martin,Mikki Moore,Anthony Parker,Chris Bosh,Jason Kapono,Jermaine O'Neal,Joey Graham,2,9:21,SAC,sub,,,,Bobby Jackson,,Bobby Brown,,,,,,,,,,,,
Bobby Jackson,Francisco Garcia,Jason Thompson,Kevin Martin,Mikki Moore,Anthony Parker,Chris Bosh,Jason Kapono,Jermaine O'Neal,Joey Graham,2,9:21,TOR,free throw,,,,,,,2,,2,Jermaine O'Neal,,,foul,made,,,,
Bobby Jackson,Francisco Garcia,Jason Thompson,Kevin Martin,Mikki Moore,Anthony Parker,Chris Bosh,Jason Kapono,Jermaine O'Neal,Joey Graham,2,9:02,SAC,shot,Kevin Martin,,,,,,,,,Mikki Moore,2,,,made,,jump hook,18,12
Bobby Jackson,Francisco Garcia,Jason Thompson,Kevin Martin,Mikki Moore,Anthony Parker,Chris Bosh,Jason Kapono,Jermaine O'Neal,Joey Graham,2,8:45,TOR,shot,,,,,,,,,,Chris Bosh,2,,,made,,jump,15,12
Bobby Jackson,Francisco Garcia,Jason Thompson,Kevin Martin,Mikki Moore,Anthony Parker,Chris Bosh,Jason Kapono,Jermaine O'Neal,Joey Graham,2,8:45,SAC,foul,,,,,,,,Chris Bosh,,Jason Thompson,,,,,,shooting,,
Bobby Jackson,Francisco Garcia,Jason Thompson,Kevin Martin,Mikki Moore,Anthony Parker,Chris Bosh,Jason Kapono,Jermaine O'Neal,Joey Graham,2,8:45,OFF,timeout,,,,,,,,,,,,,,,,official,,
Bobby Jackson,Francisco Garcia,Jason Thompson,Kevin Martin,Mikki Moore,Anthony Parker,Chris Bosh,Jason Kapono,Jermaine O'Neal,Joey Graham,2,8:45,TOR,free throw,,,,,,,1,,1,Chris Bosh,,,foul,made,,,,
Bobby Jackson,Francisco Garcia,Jason Thompson,Kevin Martin,Mikki Moore,Anthony Parker,Chris Bosh,Jason Kapono,Jermaine O'Neal,Joey Graham,2,8:28,SAC,shot,,,,,,,,,,Francisco Garcia,,,,missed,,3pt,33,30
Bobby Jackson,Francisco Garcia,Jason Thompson,Kevin Martin,Mikki Moore,Anthony Parker,Chris Bosh,Jason Kapono,Jermaine O'Neal,Joey Graham,2,8:27,TOR,rebound,,,,,,,,,,Joey Graham,,,,,,def,,
Bobby Jackson,Francisco Garcia,Jason Thompson,Kevin Martin,Mikki Moore,Anthony Parker,Chris Bosh,Jason Kapono,Jermaine O'Neal,Joey Graham,2,8:10,TOR,shot,,,,,,,,,,Anthony Parker,2,,,made,,pullup jump,21,25
Bobby Jackson,Francisco Garcia,Jason Thompson,Kevin Martin,Mikki Moore,Anthony Parker,Chris Bosh,Jason Kapono,Jermaine O'Neal,Joey Graham,2,7:56,SAC,shot,,,,,,,,,,Francisco Garcia,2,,,made,,driving layup,25,6
Bobby Jackson,Francisco Garcia,Jason Thompson,Kevin Martin,Mikki Moore,Anthony Parker,Chris Bosh,Jason Kapono,Jermaine O'Neal,Joey Graham,2,7:37,TOR,shot,,,,,,,,,,Jason Kapono,,,,missed,,jump,44,10
Bobby Jackson,Francisco Garcia,Jason Thompson,Kevin Martin,Mikki Moore,Anthony Parker,Chris Bosh,Jason Kapono,Jermaine O'Neal,Joey Graham,2,7:36,SAC,rebound,,,,,,,,,,Bobby Jackson,,,,,,def,,
Bobby Jackson,Francisco Garcia,Jason Thompson,Kevin Martin,Mikki Moore,Anthony Parker,Chris Bosh,Jason Kapono,Jermaine O'Neal,Joey Graham,2,7:22,SAC,shot,,,Anthony Parker,,,,,,,Kevin Martin,,,,missed,,reverse layup,25,6
Bobby Jackson,Francisco Garcia,Jason Thompson,Kevin Martin,Mikki Moore,Anthony Parker,Chris Bosh,Jason Kapono,Jermaine O'Neal,Joey Graham,2,7:20,SAC,rebound,,,,,,,,,,Kevin Martin,,,,,,off,,
Bobby Jackson,Francisco Garcia,Jason Thompson,Kevin Martin,Mikki Moore,Anthony Parker,Chris Bosh,Jason Kapono,Jermaine O'Neal,Joey Graham,2,7:17,SAC,shot,,,,,,,,,,Kevin Martin,2,,,made,,jump,36,6
Bobby Jackson,Francisco Garcia,Jason Thompson,Kevin Martin,Mikki Moore,Anthony Parker,Chris Bosh,Jason Kapono,Jermaine O'Neal,Joey Graham,2,7:05,SAC,foul,,,,,,,,Chris Bosh,,Mikki Moore,,,,,,personal,,
Bobby Jackson,Francisco Garcia,Jason Thompson,Kevin Martin,Mikki Moore,Anthony Parker,Chris Bosh,Jermaine O'Neal,Joey Graham,Jose Calderon,2,7:05,TOR,sub,,,,Jose Calderon,,Jason Kapono,,,,,,,,,,,,
Bobby Jackson,Brad Miller,Francisco Garcia,Jason Thompson,Kevin Martin,Anthony Parker,Chris Bosh,Jermaine O'Neal,Joey Graham,Jose Calderon,2,7:05,SAC,sub,,,,Brad Miller,,Mikki Moore,,,,,,,,,,,,
Bobby Jackson,Brad Miller,Francisco Garcia,Jason Thompson,Kevin Martin,Anthony Parker,Chris Bosh,Jermaine O'Neal,Joey Graham,Jose Calderon,2,6:58,TOR,shot,Anthony Parker,,,,,,,,,Jose Calderon,3,,,made,,3pt,33,30
Bobby Jackson,Brad Miller,Francisco Garcia,Jason Thompson,Kevin Martin,Anthony Parker,Chris Bosh,Jermaine O'Neal,Joey Graham,Jose Calderon,2,6:41,TOR,foul,,,,,,,,Kevin Martin,,Joey Graham,,,,,,personal,,
Bobby Jackson,Brad Miller,Francisco Garcia,Jason Thompson,Kevin Martin,Anthony Parker,Chris Bosh,Jermaine O'Neal,Joey Graham,Jose Calderon,2,6:35,SAC,shot,,,,,,,,,,Bobby Jackson,,,,missed,,jump,22,24
Bobby Jackson,Brad Miller,Francisco Garcia,Jason Thompson,Kevin Martin,Anthony Parker,Chris Bosh,Jermaine O'Neal,Joey Graham,Jose Calderon,2,6:34,TOR,rebound,,,,,,,,,,Jermaine O'Neal,,,,,,def,,
Bobby Jackson,Brad Miller,Francisco Garcia,Jason Thompson,Kevin Martin,Anthony Parker,Chris Bosh,Jermaine O'Neal,Joey Graham,Jose Calderon,2,6:22,TOR,shot,,,,,,,,,,Chris Bosh,,,,missed,,jump,13,19
Bobby Jackson,Brad Miller,Francisco Garcia,Jason Thompson,Kevin Martin,Anthony Parker,Chris Bosh,Jermaine O'Neal,Joey Graham,Jose Calderon,2,6:21,SAC,rebound,,,,,,,,,,Brad Miller,,,,,,def,,
Bobby Jackson,Brad Miller,Francisco Garcia,Jason Thompson,Kevin Martin,Anthony Parker,Chris Bosh,Jermaine O'Neal,Joey Graham,Jose Calderon,2,6:05,SAC,shot,,,,,,,,,,Jason Thompson,,,,missed,,jump,30,9
Bobby Jackson,Brad Miller,Francisco Garcia,Jason Thompson,Kevin Martin,Anthony Parker,Chris Bosh,Jermaine O'Neal,Joey Graham,Jose Calderon,2,6:04,TOR,rebound,,,,,,,,,,Jermaine O'Neal,,,,,,def,,
Bobby Jackson,Brad Miller,Francisco Garcia,Jason Thompson,Kevin Martin,Anthony Parker,Chris Bosh,Jermaine O'Neal,Joey Graham,Jose Calderon,2,5:56,TOR,turnover,,,,,,,,,,Anthony Parker,,,bad pass,,Francisco Garcia,,,
Bobby Jackson,Brad Miller,Francisco Garcia,Jason Thompson,Kevin Martin,Anthony Parker,Chris Bosh,Jermaine O'Neal,Joey Graham,Jose Calderon,2,5:51,SAC,shot,Francisco Garcia,,,,,,,,,Jason Thompson,2,,,made,,running layup,25,6
Bobby Jackson,Brad Miller,Francisco Garcia,Jason Thompson,Kevin Martin,Anthony Parker,Chris Bosh,Jermaine O'Neal,Joey Graham,Jose Calderon,2,5:33,TOR,shot,,,,,,,,,,Anthony Parker,,,,missed,,pullup jump,21,25
Bobby Jackson,Brad Miller,Francisco Garcia,Jason Thompson,Kevin Martin,Anthony Parker,Chris Bosh,Jermaine O'Neal,Joey Graham,Jose Calderon,2,5:32,SAC,rebound,,,,,,,,,,Jason Thompson,,,,,,def,,
Bobby Jackson,Brad Miller,Francisco Garcia,Jason Thompson,Kevin Martin,Anthony Parker,Chris Bosh,Jermaine O'Neal,Joey Graham,Jose Calderon,2,5:18,SAC,shot,,,,,,,,,,Bobby Jackson,,,,missed,,pullup jump,8,7
Bobby Jackson,Brad Miller,Francisco Garcia,Jason Thompson,Kevin Martin,Anthony Parker,Chris Bosh,Jermaine O'Neal,Joey Graham,Jose Calderon,2,5:17,TOR,rebound,,,,,,,,,,Jose Calderon,,,,,,def,,
Bobby Jackson,Brad Miller,Francisco Garcia,Jason Thompson,Kevin Martin,Anthony Parker,Chris Bosh,Jermaine O'Neal,Joey Graham,Jose Calderon,2,5:11,TOR,timeout,,,,,,,,,,,,,,,,regular,,
Bobby Jackson,Brad Miller,Francisco Garcia,Jason Thompson,Kevin Martin,Andrea Bargnani,Anthony Parker,Chris Bosh,Joey Graham,Jose Calderon,2,5:11,TOR,sub,,,,Andrea Bargnani,,Jermaine O'Neal,,,,,,,,,,,,
Bobby Jackson,Brad Miller,Francisco Garcia,Jason Thompson,Kevin Martin,Andrea Bargnani,Anthony Parker,Chris Bosh,Jamario Moon,Jose Calderon,2,5:11,TOR,sub,,,,Jamario Moon,,Joey Graham,,,,,,,,,,,,
Bobby Jackson,Brad Miller,Jason Thompson,John Salmons,Kevin Martin,Andrea Bargnani,Anthony Parker,Chris Bosh,Jamario Moon,Jose Calderon,2,5:11,SAC,sub,,,,John Salmons,,Francisco Garcia,,,,,,,,,,,,
Beno Udrih,Brad Miller,Jason Thompson,John Salmons,Kevin Martin,Andrea Bargnani,Anthony Parker,Chris Bosh,Jamario Moon,Jose Calderon,2,5:11,SAC,sub,,,,Beno Udrih,,Bobby Jackson,,,,,,,,,,,,
Beno Udrih,Brad Miller,Jason Thompson,John Salmons,Kevin Martin,Andrea Bargnani,Anthony Parker,Chris Bosh,Jamario Moon,Jose Calderon,2,5:03,TOR,shot,,,Jason Thompson,,,,,,,Chris Bosh,,,,missed,,layup,25,6
Beno Udrih,Brad Miller,Jason Thompson,John Salmons,Kevin Martin,Andrea Bargnani,Anthony Parker,Chris Bosh,Jamario Moon,Jose Calderon,2,5:01,SAC,rebound,,,,,,,,,,Jason Thompson,,,,,,def,,
Beno Udrih,Brad Miller,Jason Thompson,John Salmons,Kevin Martin,Andrea Bargnani,Anthony Parker,Chris Bosh,Jamario Moon,Jose Calderon,2,4:55,SAC,shot,,,,,,,,,,Kevin Martin,,,,missed,,3pt,21,31
Beno Udrih,Brad Miller,Jason Thompson,John Salmons,Kevin Martin,Andrea Bargnani,Anthony Parker,Chris Bosh,Jamario Moon,Jose Calderon,2,4:54,TOR,rebound,,,,,,,,,,Anthony Parker,,,,,,def,,
Beno Udrih,Brad Miller,Jason Thompson,John Salmons,Kevin Martin,Andrea Bargnani,Anthony Parker,Chris Bosh,Jamario Moon,Jose Calderon,2,4:38,TOR,shot,,,,,,,,,,Andrea Bargnani,,,,missed,,turnaround jump,17,19
Beno Udrih,Brad Miller,Jason Thompson,John Salmons,Kevin Martin,Andrea Bargnani,Anthony Parker,Chris Bosh,Jamario Moon,Jose Calderon,2,4:37,TOR,rebound,,,,,,,,,,,,,,,,,,
Beno Udrih,Brad Miller,Jason Thompson,John Salmons,Kevin Martin,Andrea Bargnani,Anthony Parker,Chris Bosh,Jamario Moon,Jose Calderon,2,4:32,TOR,shot,Anthony Parker,,,,,,,,,Chris Bosh,2,,,made,,layup,25,6
Beno Udrih,Brad Miller,Jason Thompson,John Salmons,Kevin Martin,Andrea Bargnani,Anthony Parker,Chris Bosh,Jamario Moon,Jose Calderon,2,4:20,SAC,turnover,,,,,,,,,,Kevin Martin,,,traveling,,,,,
Beno Udrih,Brad Miller,Jason Thompson,John Salmons,Kevin Martin,Andrea Bargnani,Anthony Parker,Chris Bosh,Jamario Moon,Jose Calderon,2,4:05,TOR,shot,,,,,,,,,,Jose Calderon,2,,,made,,pullup jump,33,25
Beno Udrih,Brad Miller,Jason Thompson,John Salmons,Kevin Martin,Andrea Bargnani,Anthony Parker,Chris Bosh,Jamario Moon,Jose Calderon,2,3:54,SAC,shot,,,Chris Bosh,,,,,,,Beno Udrih,,,,missed,,layup,25,6
Beno Udrih,Brad Miller,Jason Thompson,John Salmons,Kevin Martin,Andrea Bargnani,Anthony Parker,Chris Bosh,Jamario Moon,Jose Calderon,2,3:52,TOR,rebound,,,,,,,,,,Andrea Bargnani,,,,,,def,,
Beno Udrih,Brad Miller,Jason Thompson,John Salmons,Kevin Martin,Andrea Bargnani,Anthony Parker,Chris Bosh,Jamario Moon,Jose Calderon,2,3:45,TOR,shot,,,,,,,,,,Jose Calderon,2,,,made,,pullup jump,38,11
Beno Udrih,Brad Miller,Jason Thompson,John Salmons,Kevin Martin,Andrea Bargnani,Anthony Parker,Chris Bosh,Jamario Moon,Jose Calderon,2,3:29,TOR,foul,,,,,,,,Kevin Martin,,Anthony Parker,,,,,,shooting,,
Beno Udrih,Brad Miller,Jason Thompson,John Salmons,Kevin Martin,Andrea Bargnani,Anthony Parker,Chris Bosh,Jamario Moon,Jose Calderon,2,3:29,SAC,free throw,,,,,,,1,,2,Kevin Martin,,,foul,made,,,,
Beno Udrih,Brad Miller,Jason Thompson,John Salmons,Kevin Martin,Andrea Bargnani,Anthony Parker,Chris Bosh,Jamario Moon,Jose Calderon,2,3:29,SAC,free throw,,,,,,,2,,2,Kevin Martin,,,foul,made,,,,
Beno Udrih,Brad Miller,Jason Thompson,John Salmons,Kevin Martin,Andrea Bargnani,Anthony Parker,Chris Bosh,Jamario Moon,Jose Calderon,2,3:11,SAC,foul,,,,,,,,Andrea Bargnani,,Brad Miller,,,,,,shooting,,
Beno Udrih,Brad Miller,Jason Thompson,John Salmons,Kevin Martin,Andrea Bargnani,Anthony Parker,Chris Bosh,Jamario Moon,Jose Calderon,2,3:11,TOR,free throw,,,,,,,1,,2,Andrea Bargnani,,,foul,made,,,,
Beno Udrih,Brad Miller,Jason Thompson,John Salmons,Kevin Martin,Andrea Bargnani,Anthony Parker,Chris Bosh,Jamario Moon,Jose Calderon,2,3:11,TOR,free throw,,,,,,,2,,2,Andrea Bargnani,,,foul,made,,,,
Beno Udrih,Brad Miller,Jason Thompson,John Salmons,Kevin Martin,Andrea Bargnani,Anthony Parker,Chris Bosh,Jamario Moon,Jose Calderon,2,2:57,SAC,shot,,,,,,,,,,Beno Udrih,,,,missed,,driving layup,25,6
Beno Udrih,Brad Miller,Jason Thompson,John Salmons,Kevin Martin,Andrea Bargnani,Anthony Parker,Chris Bosh,Jamario Moon,Jose Calderon,2,2:55,SAC,rebound,,,,,,,,,,Jason Thompson,,,,,,off,,
Beno Udrih,Brad Miller,Jason Thompson,John Salmons,Kevin Martin,Andrea Bargnani,Anthony Parker,Chris Bosh,Jamario Moon,Jose Calderon,2,2:54,SAC,shot,,,,,,,,,,Jason Thompson,,,,missed,,tip,25,6
Beno Udrih,Brad Miller,Jason Thompson,John Salmons,Kevin Martin,Andrea Bargnani,Anthony Parker,Chris Bosh,Jamario Moon,Jose Calderon,2,2:53,TOR,rebound,,,,,,,,,,Anthony Parker,,,,,,def,,
Beno Udrih,Brad Miller,Jason Thompson,John Salmons,Kevin Martin,Andrea Bargnani,Anthony Parker,Chris Bosh,Jamario Moon,Jose Calderon,2,2:42,TOR,shot,Jose Calderon,,,,,,,,,Jamario Moon,3,,,made,,3pt,12,28
Beno Udrih,Brad Miller,Jason Thompson,John Salmons,Kevin Martin,Andrea Bargnani,Anthony Parker,Chris Bosh,Jamario Moon,Jose Calderon,2,2:16,SAC,shot,,,,,,,,,,John Salmons,2,,,made,,driving finger roll layup,25,6
Beno Udrih,Brad Miller,Jason Thompson,John Salmons,Kevin Martin,Andrea Bargnani,Anthony Parker,Chris Bosh,Jamario Moon,Jose Calderon,2,1:54,TOR,turnover,,,,,,,,,,Chris Bosh,,,bad pass,,,,,
Beno Udrih,Brad Miller,Jason Thompson,John Salmons,Kevin Martin,Andrea Bargnani,Anthony Parker,Chris Bosh,Jamario Moon,Jose Calderon,2,1:54,SAC,timeout,,,,,,,,,,,,,,,,regular,,
Beno Udrih,Brad Miller,Jason Thompson,John Salmons,Kevin Martin,Andrea Bargnani,Anthony Parker,Chris Bosh,Jamario Moon,Jose Calderon,2,1:41,SAC,shot,,,,,,,,,,John Salmons,2,,,made,,pullup jump,14,8
Beno Udrih,Brad Miller,Jason Thompson,John Salmons,Kevin Martin,Andrea Bargnani,Anthony Parker,Chris Bosh,Jamario Moon,Jose Calderon,2,1:22,TOR,shot,,,,,,,,,,Andrea Bargnani,,,,missed,,driving layup,25,6
Beno Udrih,Brad Miller,Jason Thompson,John Salmons,Kevin Martin,Andrea Bargnani,Anthony Parker,Chris Bosh,Jamario Moon,Jose Calderon,2,1:21,SAC,rebound,,,,,,,,,,Jason Thompson,,,,,,def,,
Beno Udrih,Brad Miller,Jason Thompson,John Salmons,Kevin Martin,Andrea Bargnani,Anthony Parker,Chris Bosh,Jamario Moon,Jose Calderon,2,1:12,SAC,shot,John Salmons,,,,,,,,,Jason Thompson,2,,,made,,reverse layup,25,6
Beno Udrih,Brad Miller,Jason Thompson,John Salmons,Kevin Martin,Andrea Bargnani,Anthony Parker,Chris Bosh,Jamario Moon,Jose Calderon,2,0:48,TOR,shot,,,,,,,,,,Chris Bosh,2,,,made,,jump,37,10
Beno Udrih,Brad Miller,Jason Thompson,John Salmons,Kevin Martin,Andrea Bargnani,Anthony Parker,Chris Bosh,Jamario Moon,Jose Calderon,2,0:32,SAC,shot,,,,,,,,,,John Salmons,,,,missed,,3pt,8,24
Beno Udrih,Brad Miller,Jason Thompson,John Salmons,Kevin Martin,Andrea Bargnani,Anthony Parker,Chris Bosh,Jamario Moon,Jose Calderon,2,0:31,TOR,rebound,,,,,,,,,,Chris Bosh,,,,,,def,,
Beno Udrih,Brad Miller,Jason Thompson,John Salmons,Kevin Martin,Andrea Bargnani,Anthony Parker,Chris Bosh,Jamario Moon,Jose Calderon,2,0:10,TOR,shot,Jose Calderon,,,,,,,,,Andrea Bargnani,3,,,made,,3pt,12,28
Beno Udrih,Brad Miller,Jason Thompson,John Salmons,Kevin Martin,Andrea Bargnani,Anthony Parker,Chris Bosh,Jamario Moon,Jose Calderon,2,0:04,SAC,shot,Beno Udrih,,,,,,,,,Jason Thompson,2,,,made,,slam dunk,25,6
Beno Udrih,Brad Miller,Jason Thompson,John Salmons,Kevin Martin,Andrea Bargnani,Anthony Parker,Chris Bosh,Jamario Moon,Jose Calderon,2,0:00,TOR,shot,,,,,,,,,,Anthony Parker,,,,missed,,3pt,44,21
Beno Udrih,Brad Miller,Jason Thompson,John Salmons,Kevin Martin,Andrea Bargnani,Anthony Parker,Chris Bosh,Jamario Moon,Jose Calderon,2,0:00,TOR,rebound,,,,,,,,,,,,,,,,,,
Beno Udrih,Brad Miller,Jason Thompson,John Salmons,Kevin Martin,Andrea Bargnani,Anthony Parker,Chris Bosh,Jamario Moon,Jose Calderon,3,11:42,SAC,foul,,,,,,,,Chris Bosh,,Jason Thompson,,,,,,shooting,,
Beno Udrih,Brad Miller,Jason Thompson,John Salmons,Kevin Martin,Andrea Bargnani,Anthony Parker,Chris Bosh,Jamario Moon,Jose Calderon,3,11:42,TOR,free throw,,,,,,,1,,2,Chris Bosh,,,foul,made,,,,
Beno Udrih,Brad Miller,Jason Thompson,John Salmons,Kevin Martin,Andrea Bargnani,Anthony Parker,Chris Bosh,Jamario Moon,Jose Calderon,3,11:42,TOR,free throw,,,,,,,2,,2,Chris Bosh,,,foul,made,,,,
Beno Udrih,Brad Miller,Jason Thompson,John Salmons,Kevin Martin,Andrea Bargnani,Anthony Parker,Chris Bosh,Jamario Moon,Jose Calderon,3,11:30,SAC,shot,,,,,,,,,,Kevin Martin,,,,missed,,jump,38,23
Beno Udrih,Brad Miller,Jason Thompson,John Salmons,Kevin Martin,Andrea Bargnani,Anthony Parker,Chris Bosh,Jamario Moon,Jose Calderon,3,11:29,TOR,rebound,,,,,,,,,,Chris Bosh,,,,,,def,,
Beno Udrih,Brad Miller,Jason Thompson,John Salmons,Kevin Martin,Andrea Bargnani,Anthony Parker,Chris Bosh,Jamario Moon,Jose Calderon,3,11:12,TOR,shot,,,,,,,,,,Chris Bosh,,,,missed,,jump,17,27
Beno Udrih,Brad Miller,Jason Thompson,John Salmons,Kevin Martin,Andrea Bargnani,Anthony Parker,Chris Bosh,Jamario Moon,Jose Calderon,3,11:11,SAC,rebound,,,,,,,,,,Beno Udrih,,,,,,def,,
Beno Udrih,Brad Miller,Jason Thompson,John Salmons,Kevin Martin,Andrea Bargnani,Anthony Parker,Chris Bosh,Jamario Moon,Jose Calderon,3,11:02,SAC,shot,Beno Udrih,,,,,,,,,Brad Miller,2,,,made,,jump,24,24
Beno Udrih,Brad Miller,Jason Thompson,John Salmons,Kevin Martin,Andrea Bargnani,Anthony Parker,Chris Bosh,Jamario Moon,Jose Calderon,3,10:42,TOR,shot,Jose Calderon,,,,,,,,,Andrea Bargnani,2,,,made,,jump,9,18
Beno Udrih,Brad Miller,Jason Thompson,John Salmons,Kevin Martin,Andrea Bargnani,Anthony Parker,Chris Bosh,Jamario Moon,Jose Calderon,3,10:19,SAC,shot,,,,,,,,,,Jason Thompson,,,,missed,,turnaround hook,27,14
Beno Udrih,Brad Miller,Jason Thompson,John Salmons,Kevin Martin,Andrea Bargnani,Anthony Parker,Chris Bosh,Jamario Moon,Jose Calderon,3,10:18,TOR,rebound,,,,,,,,,,Jamario Moon,,,,,,def,,
Beno Udrih,Brad Miller,Jason Thompson,John Salmons,Kevin Martin,Andrea Bargnani,Anthony Parker,Chris Bosh,Jamario Moon,Jose Calderon,3,10:05,TOR,shot,,,,,,,,,,Anthony Parker,,,,missed,,driving layup,25,6
Beno Udrih,Brad Miller,Jason Thompson,John Salmons,Kevin Martin,Andrea Bargnani,Anthony Parker,Chris Bosh,Jamario Moon,Jose Calderon,3,10:04,TOR,rebound,,,,,,,,,,Chris Bosh,,,,,,off,,
Beno Udrih,Brad Miller,Jason Thompson,John Salmons,Kevin Martin,Andrea Bargnani,Anthony Parker,Chris Bosh,Jamario Moon,Jose Calderon,3,10:02,TOR,shot,,,,,,,,,,Chris Bosh,2,,,made,,tip,25,6
Beno Udrih,Brad Miller,Jason Thompson,John Salmons,Kevin Martin,Andrea Bargnani,Anthony Parker,Chris Bosh,Jamario Moon,Jose Calderon,3,9:53,TOR,foul,,,,,,,,Beno Udrih,,Jose Calderon,,,,,,personal,,
Beno Udrih,Brad Miller,Jason Thompson,John Salmons,Kevin Martin,Andrea Bargnani,Anthony Parker,Chris Bosh,Jamario Moon,Jose Calderon,3,9:43,SAC,shot,Beno Udrih,,,,,,,,,Brad Miller,2,,,made,,running jump,25,14
Beno Udrih,Brad Miller,Jason Thompson,John Salmons,Kevin Martin,Andrea Bargnani,Anthony Parker,Chris Bosh,Jamario Moon,Jose Calderon,3,9:24,TOR,shot,,,,,,,,,,Andrea Bargnani,,,,missed,,pullup jump,11,8
Beno Udrih,Brad Miller,Jason Thompson,John Salmons,Kevin Martin,Andrea Bargnani,Anthony Parker,Chris Bosh,Jamario Moon,Jose Calderon,3,9:23,SAC,rebound,,,,,,,,,,,,,,,,,,
Beno Udrih,Brad Miller,Jason Thompson,John Salmons,Kevin Martin,Andrea Bargnani,Anthony Parker,Chris Bosh,Jamario Moon,Jose Calderon,3,9:12,SAC,shot,Brad Miller,,,,,,,,,John Salmons,3,,,made,,3pt,45,21
Beno Udrih,Brad Miller,Jason Thompson,John Salmons,Kevin Martin,Andrea Bargnani,Anthony Parker,Chris Bosh,Jamario Moon,Jose Calderon,3,8:55,TOR,shot,,,,,,,,,,Jose Calderon,,,,missed,,pullup jump,43,8
Beno Udrih,Brad Miller,Jason Thompson,John Salmons,Kevin Martin,Andrea Bargnani,Anthony Parker,Chris Bosh,Jamario Moon,Jose Calderon,3,8:54,SAC,rebound,,,,,,,,,,Kevin Martin,,,,,,def,,
Beno Udrih,Brad Miller,Jason Thompson,John Salmons,Kevin Martin,Andrea Bargnani,Anthony Parker,Chris Bosh,Jamario Moon,Jose Calderon,3,8:39,SAC,shot,,,,,,,,,,John Salmons,,,,missed,,3pt,46,18
Beno Udrih,Brad Miller,Jason Thompson,John Salmons,Kevin Martin,Andrea Bargnani,Anthony Parker,Chris Bosh,Jamario Moon,Jose Calderon,3,8:39,TOR,rebound,,,,,,,,,,,,,,,,,,
Beno Udrih,Brad Miller,Jason Thompson,John Salmons,Kevin Martin,Andrea Bargnani,Anthony Parker,Chris Bosh,Joey Graham,Jose Calderon,3,8:39,TOR,sub,,,,Joey Graham,,Jamario Moon,,,,,,,,,,,,
Beno Udrih,Brad Miller,Jason Thompson,John Salmons,Kevin Martin,Andrea Bargnani,Anthony Parker,Chris Bosh,Joey Graham,Jose Calderon,3,8:20,TOR,shot,,,,,,,,,,Chris Bosh,,,,missed,,jump,38,21
Beno Udrih,Brad Miller,Jason Thompson,John Salmons,Kevin Martin,Andrea Bargnani,Anthony Parker,Chris Bosh,Joey Graham,Jose Calderon,3,8:19,SAC,rebound,,,,,,,,,,Beno Udrih,,,,,,def,,
Beno Udrih,Brad Miller,Jason Thompson,John Salmons,Kevin Martin,Andrea Bargnani,Anthony Parker,Chris Bosh,Joey Graham,Jose Calderon,3,8:13,SAC,shot,,,,,,,,,,Beno Udrih,,,,missed,,pullup jump,37,11
Beno Udrih,Brad Miller,Jason Thompson,John Salmons,Kevin Martin,Andrea Bargnani,Anthony Parker,Chris Bosh,Joey Graham,Jose Calderon,3,8:12,TOR,rebound,,,,,,,,,,Chris Bosh,,,,,,def,,
Beno Udrih,Brad Miller,Jason Thompson,John Salmons,Kevin Martin,Andrea Bargnani,Anthony Parker,Chris Bosh,Joey Graham,Jose Calderon,3,7:55,TOR,shot,,,,,,,,,,Chris Bosh,,,,missed,,jump,38,20
Beno Udrih,Brad Miller,Jason Thompson,John Salmons,Kevin Martin,Andrea Bargnani,Anthony Parker,Chris Bosh,Joey Graham,Jose Calderon,3,7:54,TOR,rebound,,,,,,,,,,Joey Graham,,,,,,off,,
Beno Udrih,Brad Miller,Jason Thompson,John Salmons,Kevin Martin,Andrea Bargnani,Anthony Parker,Chris Bosh,Joey Graham,Jose Calderon,3,7:52,TOR,shot,,,,,,,,,,Joey Graham,,,,missed,,tip,25,6
Beno Udrih,Brad Miller,Jason Thompson,John Salmons,Kevin Martin,Andrea Bargnani,Anthony Parker,Chris Bosh,Joey Graham,Jose Calderon,3,7:50,SAC,rebound,,,,,,,,,,John Salmons,,,,,,def,,
Beno Udrih,Brad Miller,Jason Thompson,John Salmons,Kevin Martin,Andrea Bargnani,Anthony Parker,Chris Bosh,Joey Graham,Jose Calderon,3,7:49,SAC,turnover,,,,,,,,,,John Salmons,,,lost ball,,Joey Graham,,,
Beno Udrih,Brad Miller,Jason Thompson,John Salmons,Kevin Martin,Andrea Bargnani,Anthony Parker,Chris Bosh,Joey Graham,Jose Calderon,3,7:44,TOR,shot,Anthony Parker,,,,,,,,,Chris Bosh,2,,,made,,running slam dunk,25,6
Beno Udrih,Brad Miller,Jason Thompson,John Salmons,Kevin Martin,Andrea Bargnani,Anthony Parker,Chris Bosh,Joey Graham,Jose Calderon,3,7:19,SAC,turnover,,,,,,,,,,Beno Udrih,,,lost ball,,Jose Calderon,,,
Beno Udrih,Brad Miller,Jason Thompson,John Salmons,Kevin Martin,Andrea Bargnani,Anthony Parker,Chris Bosh,Joey Graham,Jose Calderon,3,7:16,TOR,shot,Jose Calderon,,,,,,,,,Anthony Parker,2,,,made,,driving slam dunk,25,6
Beno Udrih,Brad Miller,Jason Thompson,John Salmons,Kevin Martin,Andrea Bargnani,Anthony Parker,Chris Bosh,Joey Graham,Jose Calderon,3,7:15,SAC,timeout,,,,,,,,,,,,,,,,regular,,
Beno Udrih,Brad Miller,Jason Thompson,John Salmons,Kevin Martin,Andrea Bargnani,Anthony Parker,Chris Bosh,Joey Graham,Jose Calderon,3,7:04,TOR,foul,,,,,,,,Brad Miller,,Jose Calderon,,,,,,shooting,,
Beno Udrih,Brad Miller,Jason Thompson,John Salmons,Kevin Martin,Andrea Bargnani,Anthony Parker,Chris Bosh,Joey Graham,Jose Calderon,3,7:04,SAC,free throw,,,,,,,1,,2,Brad Miller,,,foul,made,,,,
Beno Udrih,Brad Miller,Jason Thompson,John Salmons,Kevin Martin,Andrea Bargnani,Anthony Parker,Chris Bosh,Joey Graham,Jose Calderon,3,7:04,SAC,free throw,,,,,,,2,,2,Brad Miller,,,foul,made,,,,
Beno Udrih,Brad Miller,Jason Thompson,John Salmons,Kevin Martin,Andrea Bargnani,Anthony Parker,Chris Bosh,Joey Graham,Jose Calderon,3,6:48,SAC,foul,,,,,,,,Joey Graham,,Brad Miller,,,,,,shooting,,
Beno Udrih,Brad Miller,Jason Thompson,John Salmons,Kevin Martin,Andrea Bargnani,Anthony Parker,Chris Bosh,Joey Graham,Jose Calderon,3,6:48,TOR,free throw,,,,,,,1,,2,Joey Graham,,,foul,made,,,,
Beno Udrih,Brad Miller,Jason Thompson,John Salmons,Kevin Martin,Andrea Bargnani,Anthony Parker,Chris Bosh,Joey Graham,Jose Calderon,3,6:48,TOR,free throw,,,,,,,2,,2,Joey Graham,,,foul,made,,,,
Beno Udrih,Brad Miller,Jason Thompson,John Salmons,Kevin Martin,Andrea Bargnani,Anthony Parker,Chris Bosh,Joey Graham,Jose Calderon,3,6:33,SAC,shot,,,,,,,,,,Kevin Martin,,,,missed,,running jump,17,8
Beno Udrih,Brad Miller,Jason Thompson,John Salmons,Kevin Martin,Andrea Bargnani,Anthony Parker,Chris Bosh,Joey Graham,Jose Calderon,3,6:32,TOR,rebound,,,,,,,,,,Chris Bosh,,,,,,def,,
Beno Udrih,Brad Miller,Jason Thompson,John Salmons,Kevin Martin,Andrea Bargnani,Anthony Parker,Chris Bosh,Joey Graham,Jose Calderon,3,6:15,TOR,shot,Anthony Parker,,,,,,,,,Andrea Bargnani,3,,,made,,3pt,15,28
Beno Udrih,Brad Miller,Jason Thompson,John Salmons,Kevin Martin,Andrea Bargnani,Anthony Parker,Chris Bosh,Joey Graham,Jose Calderon,3,5:53,SAC,shot,,,,,,,,,,Kevin Martin,,,,missed,,jump,43,12
Beno Udrih,Brad Miller,Jason Thompson,John Salmons,Kevin Martin,Andrea Bargnani,Anthony Parker,Chris Bosh,Joey Graham,Jose Calderon,3,5:52,TOR,rebound,,,,,,,,,,,,,,,,,,
Beno Udrih,Brad Miller,Jason Thompson,John Salmons,Kevin Martin,Andrea Bargnani,Anthony Parker,Chris Bosh,Joey Graham,Jose Calderon,3,5:52,TOR,foul,,,,,,,,,,Joey Graham,,,,,,double personal,,
Beno Udrih,Brad Miller,Jason Thompson,John Salmons,Kevin Martin,Andrea Bargnani,Anthony Parker,Chris Bosh,Joey Graham,Jose Calderon,3,5:52,OFF,jump ball,,Brad Miller,,,Chris Bosh,,,,,,,Jose Calderon,,,,,,
Beno Udrih,Brad Miller,Jason Thompson,John Salmons,Kevin Martin,Andrea Bargnani,Anthony Parker,Chris Bosh,Joey Graham,Jose Calderon,3,5:39,SAC,foul,,,,,,,,Anthony Parker,,Beno Udrih,,,,,,personal,,
Beno Udrih,Brad Miller,Jason Thompson,John Salmons,Kevin Martin,Andrea Bargnani,Anthony Parker,Chris Bosh,Joey Graham,Jose Calderon,3,5:34,SAC,foul,,,,,,,,Andrea Bargnani,,Brad Miller,,,,,,shooting,,
Beno Udrih,Brad Miller,Jason Thompson,John Salmons,Kevin Martin,Andrea Bargnani,Chris Bosh,Jason Kapono,Joey Graham,Jose Calderon,3,5:34,TOR,sub,,,,Jason Kapono,,Anthony Parker,,,,,,,,,,,,
Beno Udrih,Francisco Garcia,Jason Thompson,John Salmons,Kevin Martin,Andrea Bargnani,Chris Bosh,Jason Kapono,Joey Graham,Jose Calderon,3,5:34,SAC,sub,,,,Francisco Garcia,,Brad Miller,,,,,,,,,,,,
Beno Udrih,Francisco Garcia,Jason Thompson,John Salmons,Kevin Martin,Andrea Bargnani,Chris Bosh,Jason Kapono,Joey Graham,Jose Calderon,3,5:34,TOR,free throw,,,,,,,1,,2,Andrea Bargnani,,,foul,missed,,,,
Beno Udrih,Francisco Garcia,Jason Thompson,John Salmons,Kevin Martin,Andrea Bargnani,Chris Bosh,Jason Kapono,Joey Graham,Jose Calderon,3,5:34,TOR,rebound,,,,,,,,,,,,,,,,,,
Beno Udrih,Francisco Garcia,Jason Thompson,John Salmons,Kevin Martin,Andrea Bargnani,Chris Bosh,Jason Kapono,Joey Graham,Jose Calderon,3,5:34,TOR,free throw,,,,,,,2,,2,Andrea Bargnani,,,foul,made,,,,
Beno Udrih,Francisco Garcia,Jason Thompson,John Salmons,Kevin Martin,Andrea Bargnani,Chris Bosh,Jason Kapono,Joey Graham,Jose Calderon,3,5:20,SAC,foul,,,,,,,,Chris Bosh,,Jason Thompson,,,,,,offensive,,
Beno Udrih,Francisco Garcia,Jason Thompson,John Salmons,Kevin Martin,Andrea Bargnani,Chris Bosh,Jason Kapono,Joey Graham,Jose Calderon,3,5:20,SAC,turnover,,,,,,,,,,Jason Thompson,,,foul,,,,,
Beno Udrih,Francisco Garcia,Jason Thompson,John Salmons,Kevin Martin,Andrea Bargnani,Jason Kapono,Jermaine O'Neal,Joey Graham,Jose Calderon,3,5:20,TOR,sub,,,,Jermaine O'Neal,,Chris Bosh,,,,,,,,,,,,
Beno Udrih,Francisco Garcia,John Salmons,Kevin Martin,Spencer Hawes,Andrea Bargnani,Jason Kapono,Jermaine O'Neal,Joey Graham,Jose Calderon,3,5:20,SAC,sub,,,,Spencer Hawes,,Jason Thompson,,,,,,,,,,,,
Beno Udrih,Francisco Garcia,John Salmons,Kevin Martin,Spencer Hawes,Andrea Bargnani,Jason Kapono,Jermaine O'Neal,Joey Graham,Jose Calderon,3,5:08,TOR,shot,,,,,,,,,,Andrea Bargnani,,,,missed,,running hook,20,12
Beno Udrih,Francisco Garcia,John Salmons,Kevin Martin,Spencer Hawes,Andrea Bargnani,Jason Kapono,Jermaine O'Neal,Joey Graham,Jose Calderon,3,5:08,SAC,rebound,,,,,,,,,,,,,,,,,,
Beno Udrih,Francisco Garcia,John Salmons,Kevin Martin,Spencer Hawes,Andrea Bargnani,Jason Kapono,Jermaine O'Neal,Joey Graham,Jose Calderon,3,5:08,TOR,foul,,,,,,,,Francisco Garcia,,Andrea Bargnani,,,,,,loose ball,,
Beno Udrih,Francisco Garcia,John Salmons,Kevin Martin,Spencer Hawes,Andrea Bargnani,Jason Kapono,Jermaine O'Neal,Joey Graham,Jose Calderon,3,4:48,SAC,shot,,,,,,,,,,Francisco Garcia,2,,,made,,pullup jump,33,14
Beno Udrih,Francisco Garcia,John Salmons,Kevin Martin,Spencer Hawes,Andrea Bargnani,Jason Kapono,Jermaine O'Neal,Joey Graham,Jose Calderon,3,4:35,TOR,turnover,,,,,,,,,,Jermaine O'Neal,,,out of bounds lost ball turnover,,,,,
Beno Udrih,Francisco Garcia,John Salmons,Kevin Martin,Spencer Hawes,Andrea Bargnani,Jason Kapono,Jermaine O'Neal,Joey Graham,Jose Calderon,3,4:22,SAC,shot,,,,,,,,,,Kevin Martin,2,,,made,,pullup jump,13,20
Beno Udrih,Francisco Garcia,John Salmons,Kevin Martin,Spencer Hawes,Andrea Bargnani,Jason Kapono,Jermaine O'Neal,Joey Graham,Jose Calderon,3,4:05,TOR,shot,,,,,,,,,,Jason Kapono,2,,,made,,driving layup,25,6
Beno Udrih,Francisco Garcia,John Salmons,Kevin Martin,Spencer Hawes,Andrea Bargnani,Jason Kapono,Jermaine O'Neal,Joey Graham,Jose Calderon,3,3:50,SAC,shot,,,,,,,,,,Kevin Martin,,,,missed,,3pt,48,6
Beno Udrih,Francisco Garcia,John Salmons,Kevin Martin,Spencer Hawes,Andrea Bargnani,Jason Kapono,Jermaine O'Neal,Joey Graham,Jose Calderon,3,3:49,TOR,rebound,,,,,,,,,,Andrea Bargnani,,,,,,def,,
Beno Udrih,Francisco Garcia,John Salmons,Kevin Martin,Spencer Hawes,Andrea Bargnani,Jason Kapono,Jermaine O'Neal,Joey Graham,Jose Calderon,3,3:41,TOR,shot,Jose Calderon,,,,,,,,,Andrea Bargnani,2,,,made,,alley oop layup,25,6
Beno Udrih,Francisco Garcia,John Salmons,Kevin Martin,Spencer Hawes,Andrea Bargnani,Jason Kapono,Jermaine O'Neal,Joey Graham,Jose Calderon,3,3:41,SAC,foul,,,,,,,,Andrea Bargnani,,Kevin Martin,,,,,,shooting,,
Beno Udrih,Francisco Garcia,John Salmons,Kevin Martin,Spencer Hawes,Andrea Bargnani,Jason Kapono,Jermaine O'Neal,Joey Graham,Jose Calderon,3,3:41,TOR,free throw,,,,,,,1,,1,Andrea Bargnani,,,foul,made,,,,
Beno Udrih,Francisco Garcia,John Salmons,Kevin Martin,Spencer Hawes,Andrea Bargnani,Jason Kapono,Jermaine O'Neal,Joey Graham,Jose Calderon,3,3:28,SAC,shot,,,,,,,,,,Francisco Garcia,,,,missed,,3pt,2,7
Beno Udrih,Francisco Garcia,John Salmons,Kevin Martin,Spencer Hawes,Andrea Bargnani,Jason Kapono,Jermaine O'Neal,Joey Graham,Jose Calderon,3,3:26,TOR,rebound,,,,,,,,,,Jermaine O'Neal,,,,,,def,,
Beno Udrih,Francisco Garcia,John Salmons,Kevin Martin,Spencer Hawes,Andrea Bargnani,Jason Kapono,Jermaine O'Neal,Joey Graham,Jose Calderon,3,3:17,TOR,shot,,,,,,,,,,Jose Calderon,2,,,made,,pullup jump,14,22
Beno Udrih,Francisco Garcia,John Salmons,Kevin Martin,Spencer Hawes,Andrea Bargnani,Jason Kapono,Jermaine O'Neal,Joey Graham,Jose Calderon,3,3:11,SAC,timeout,,,,,,,,,,,,,,,,regular,,
Beno Udrih,Francisco Garcia,John Salmons,Kevin Martin,Spencer Hawes,Andrea Bargnani,Anthony Parker,Jason Kapono,Jermaine O'Neal,Joey Graham,3,3:11,TOR,sub,,,,Anthony Parker,,Jose Calderon,,,,,,,,,,,,
Beno Udrih,Francisco Garcia,John Salmons,Kevin Martin,Spencer Hawes,Andrea Bargnani,Anthony Parker,Jason Kapono,Jermaine O'Neal,Joey Graham,3,2:59,SAC,shot,,,,,,,,,,Francisco Garcia,,,,missed,,3pt,2,6
Beno Udrih,Francisco Garcia,John Salmons,Kevin Martin,Spencer Hawes,Andrea Bargnani,Anthony Parker,Jason Kapono,Jermaine O'Neal,Joey Graham,3,2:58,TOR,rebound,,,,,,,,,,Jermaine O'Neal,,,,,,def,,
Beno Udrih,Francisco Garcia,John Salmons,Kevin Martin,Spencer Hawes,Andrea Bargnani,Anthony Parker,Jason Kapono,Jermaine O'Neal,Joey Graham,3,2:49,SAC,foul,,,,,,,,Andrea Bargnani,,Kevin Martin,,,,,,shooting,,
Beno Udrih,Francisco Garcia,John Salmons,Kevin Martin,Spencer Hawes,Andrea Bargnani,Anthony Parker,Jason Kapono,Jermaine O'Neal,Joey Graham,3,2:49,TOR,free throw,,,,,,,1,,2,Andrea Bargnani,,,foul,made,,,,
Beno Udrih,Francisco Garcia,John Salmons,Kevin Martin,Spencer Hawes,Andrea Bargnani,Anthony Parker,Jason Kapono,Jermaine O'Neal,Joey Graham,3,2:49,TOR,free throw,,,,,,,2,,2,Andrea Bargnani,,,foul,made,,,,
Beno Udrih,Francisco Garcia,John Salmons,Kevin Martin,Spencer Hawes,Andrea Bargnani,Anthony Parker,Jason Kapono,Jermaine O'Neal,Joey Graham,3,2:35,SAC,shot,,,,,,,,,,John Salmons,,,,missed,,jump,20,28
Beno Udrih,Francisco Garcia,John Salmons,Kevin Martin,Spencer Hawes,Andrea Bargnani,Anthony Parker,Jason Kapono,Jermaine O'Neal,Joey Graham,3,2:33,SAC,rebound,,,,,,,,,,Spencer Hawes,,,,,,off,,
Beno Udrih,Francisco Garcia,John Salmons,Kevin Martin,Spencer Hawes,Andrea Bargnani,Anthony Parker,Jason Kapono,Jermaine O'Neal,Joey Graham,3,2:30,SAC,shot,,,Jermaine O'Neal,,,,,,,Spencer Hawes,,,,missed,,layup,25,6
Beno Udrih,Francisco Garcia,John Salmons,Kevin Martin,Spencer Hawes,Andrea Bargnani,Anthony Parker,Jason Kapono,Jermaine O'Neal,Joey Graham,3,2:29,SAC,rebound,,,,,,,,,,Spencer Hawes,,,,,,off,,
Beno Udrih,Francisco Garcia,John Salmons,Kevin Martin,Spencer Hawes,Andrea Bargnani,Anthony Parker,Jason Kapono,Jermaine O'Neal,Joey Graham,3,2:24,SAC,shot,,,,,,,,,,Spencer Hawes,,,,missed,,layup,25,6
Beno Udrih,Francisco Garcia,John Salmons,Kevin Martin,Spencer Hawes,Andrea Bargnani,Anthony Parker,Jason Kapono,Jermaine O'Neal,Joey Graham,3,2:23,TOR,rebound,,,,,,,,,,Jermaine O'Neal,,,,,,def,,
Beno Udrih,Francisco Garcia,John Salmons,Kevin Martin,Spencer Hawes,Andrea Bargnani,Anthony Parker,Jason Kapono,Jermaine O'Neal,Joey Graham,3,2:08,TOR,shot,Jermaine O'Neal,,,,,,,,,Jason Kapono,2,,,made,,jump,19,19
Beno Udrih,Francisco Garcia,John Salmons,Kevin Martin,Spencer Hawes,Andrea Bargnani,Anthony Parker,Jason Kapono,Jermaine O'Neal,Joey Graham,3,1:47,SAC,shot,Beno Udrih,,,,,,,,,Francisco Garcia,3,,,made,,3pt,2,6
Beno Udrih,Francisco Garcia,John Salmons,Kevin Martin,Spencer Hawes,Andrea Bargnani,Anthony Parker,Jason Kapono,Jermaine O'Neal,Joey Graham,3,1:33,SAC,foul,,,,,,,,Andrea Bargnani,,Francisco Garcia,,,,,,personal,,
Beno Udrih,Francisco Garcia,John Salmons,Kevin Martin,Spencer Hawes,Andrea Bargnani,Anthony Parker,Jason Kapono,Jermaine O'Neal,Joey Graham,3,1:33,SAC,foul,,,,,,,,Andrea Bargnani,,Francisco Garcia,,,,,,technical,,
Beno Udrih,Francisco Garcia,John Salmons,Kevin Martin,Spencer Hawes,Andrea Bargnani,Anthony Parker,Jason Kapono,Jermaine O'Neal,Joey Graham,3,1:33,TOR,free throw,,,,,,,1,,1,Andrea Bargnani,,,technical,missed,,,,
Beno Udrih,Francisco Garcia,John Salmons,Kevin Martin,Spencer Hawes,Andrea Bargnani,Anthony Parker,Jason Kapono,Jermaine O'Neal,Joey Graham,3,1:33,TOR,rebound,,,,,,,,,,,,,,,,,,
Beno Udrih,Francisco Garcia,John Salmons,Kevin Martin,Spencer Hawes,Andrea Bargnani,Anthony Parker,Jason Kapono,Jermaine O'Neal,Joey Graham,3,1:33,TOR,free throw,,,,,,,1,,2,Andrea Bargnani,,,foul,made,,,,
Beno Udrih,Francisco Garcia,John Salmons,Kevin Martin,Spencer Hawes,Andrea Bargnani,Anthony Parker,Jason Kapono,Jermaine O'Neal,Joey Graham,3,1:33,TOR,free throw,,,,,,,2,,2,Andrea Bargnani,,,foul,made,,,,
Beno Udrih,Francisco Garcia,John Salmons,Kevin Martin,Spencer Hawes,Andrea Bargnani,Anthony Parker,Jason Kapono,Jermaine O'Neal,Joey Graham,3,1:21,SAC,shot,,,,,,,,,,Kevin Martin,,,,missed,,3pt,47,11
Beno Udrih,Francisco Garcia,John Salmons,Kevin Martin,Spencer Hawes,Andrea Bargnani,Anthony Parker,Jason Kapono,Jermaine O'Neal,Joey Graham,3,1:20,TOR,rebound,,,,,,,,,,Jermaine O'Neal,,,,,,def,,
Beno Udrih,Francisco Garcia,John Salmons,Kevin Martin,Spencer Hawes,Andrea Bargnani,Anthony Parker,Jason Kapono,Jermaine O'Neal,Joey Graham,3,1:10,TOR,shot,,,Spencer Hawes,,,,,,,Joey Graham,,,,missed,,driving layup,25,6
Beno Udrih,Francisco Garcia,John Salmons,Kevin Martin,Spencer Hawes,Andrea Bargnani,Anthony Parker,Jason Kapono,Jermaine O'Neal,Joey Graham,3,1:07,SAC,rebound,,,,,,,,,,Beno Udrih,,,,,,def,,
Beno Udrih,Francisco Garcia,John Salmons,Kevin Martin,Spencer Hawes,Andrea Bargnani,Anthony Parker,Jason Kapono,Jermaine O'Neal,Joey Graham,3,0:59,SAC,shot,,,,,,,,,,John Salmons,,,,missed,,3pt,2,6
Beno Udrih,Francisco Garcia,John Salmons,Kevin Martin,Spencer Hawes,Andrea Bargnani,Anthony Parker,Jason Kapono,Jermaine O'Neal,Joey Graham,3,0:57,TOR,rebound,,,,,,,,,,Jermaine O'Neal,,,,,,def,,
Beno Udrih,Francisco Garcia,John Salmons,Kevin Martin,Spencer Hawes,Andrea Bargnani,Anthony Parker,Jason Kapono,Jermaine O'Neal,Joey Graham,3,0:42,TOR,shot,,,,,,,,,,Anthony Parker,,,,missed,,layup,25,6
Beno Udrih,Francisco Garcia,John Salmons,Kevin Martin,Spencer Hawes,Andrea Bargnani,Anthony Parker,Jason Kapono,Jermaine O'Neal,Joey Graham,3,0:41,TOR,rebound,,,,,,,,,,Anthony Parker,,,,,,off,,
Beno Udrih,Francisco Garcia,John Salmons,Kevin Martin,Spencer Hawes,Andrea Bargnani,Anthony Parker,Jason Kapono,Jermaine O'Neal,Joey Graham,3,0:41,TOR,shot,,,,,,,,,,Anthony Parker,2,,,made,,tip,25,6
Beno Udrih,Francisco Garcia,John Salmons,Kevin Martin,Spencer Hawes,Andrea Bargnani,Anthony Parker,Jason Kapono,Jermaine O'Neal,Joey Graham,3,0:31,SAC,shot,Kevin Martin,,,,,,,,,Spencer Hawes,3,,,made,,3pt,14,29
Beno Udrih,Francisco Garcia,John Salmons,Kevin Martin,Spencer Hawes,Andrea Bargnani,Anthony Parker,Jason Kapono,Jermaine O'Neal,Joey Graham,3,0:09,TOR,turnover,,,,,,,,,,Jermaine O'Neal,,,bad pass,,,,,
Beno Udrih,Francisco Garcia,John Salmons,Kevin Martin,Spencer Hawes,Andrea Bargnani,Anthony Parker,Jason Kapono,Jermaine O'Neal,Joey Graham,3,0:00,TOR,foul,,,,,,,,Francisco Garcia,,Jason Kapono,,,,,,shooting,,
Beno Udrih,Francisco Garcia,John Salmons,Kevin Martin,Spencer Hawes,Andrea Bargnani,Anthony Parker,Jason Kapono,Jermaine O'Neal,Joey Graham,3,0:00,SAC,free throw,,,,,,,1,,2,Francisco Garcia,,,foul,made,,,,
Beno Udrih,Francisco Garcia,John Salmons,Kevin Martin,Spencer Hawes,Andrea Bargnani,Anthony Parker,Jason Kapono,Jermaine O'Neal,Joey Graham,3,0:00,SAC,free throw,,,,,,,2,,2,Francisco Garcia,,,foul,made,,,,
Bobby Brown,Bobby Jackson,Brad Miller,Jason Thompson,John Salmons,Anthony Parker,Chris Bosh,Jason Kapono,Jermaine O'Neal,Joey Graham,4,11:44,SAC,shot,,,,,,,,,,John Salmons,2,,,made,,driving layup,25,6
Bobby Brown,Bobby Jackson,Brad Miller,Jason Thompson,John Salmons,Anthony Parker,Chris Bosh,Jason Kapono,Jermaine O'Neal,Joey Graham,4,11:30,TOR,shot,,,,,,,,,,Anthony Parker,2,,,made,,driving layup,25,6
Bobby Brown,Bobby Jackson,Brad Miller,Jason Thompson,John Salmons,Anthony Parker,Chris Bosh,Jason Kapono,Jermaine O'Neal,Joey Graham,4,11:12,SAC,shot,,,,,,,,,,Bobby Jackson,,,,missed,,3pt,13,28
Bobby Brown,Bobby Jackson,Brad Miller,Jason Thompson,John Salmons,Anthony Parker,Chris Bosh,Jason Kapono,Jermaine O'Neal,Joey Graham,4,11:11,TOR,rebound,,,,,,,,,,Jermaine O'Neal,,,,,,def,,
Bobby Brown,Bobby Jackson,Brad Miller,Jason Thompson,John Salmons,Anthony Parker,Chris Bosh,Jason Kapono,Jermaine O'Neal,Joey Graham,4,10:55,TOR,shot,Anthony Parker,,,,,,,,,Chris Bosh,2,,,made,,jump,20,24
Bobby Brown,Bobby Jackson,Brad Miller,Jason Thompson,John Salmons,Anthony Parker,Chris Bosh,Jason Kapono,Jermaine O'Neal,Joey Graham,4,10:26,SAC,shot,,,,,,,,,,Bobby Jackson,,,,missed,,jump bank,42,12
Bobby Brown,Bobby Jackson,Brad Miller,Jason Thompson,John Salmons,Anthony Parker,Chris Bosh,Jason Kapono,Jermaine O'Neal,Joey Graham,4,10:26,SAC,rebound,,,,,,,,,,,,,,,,,,
Bobby Brown,Bobby Jackson,Brad Miller,Jason Thompson,John Salmons,Anthony Parker,Chris Bosh,Jason Kapono,Jermaine O'Neal,Joey Graham,4,10:26,SAC,turnover,,,,,,,,,,,,,shot clock turnover,,,,,
Bobby Brown,Bobby Jackson,Brad Miller,Jason Thompson,John Salmons,Anthony Parker,Chris Bosh,Jason Kapono,Jermaine O'Neal,Joey Graham,4,10:13,TOR,shot,Anthony Parker,,,,,,,,,Jermaine O'Neal,2,,,made,,running hook,23,9
Bobby Brown,Bobby Jackson,Brad Miller,Jason Thompson,John Salmons,Anthony Parker,Chris Bosh,Jason Kapono,Jermaine O'Neal,Joey Graham,4,9:51,SAC,shot,,,,,,,,,,John Salmons,,,,missed,,3pt,24,31
Bobby Brown,Bobby Jackson,Brad Miller,Jason Thompson,John Salmons,Anthony Parker,Chris Bosh,Jason Kapono,Jermaine O'Neal,Joey Graham,4,9:50,SAC,rebound,,,,,,,,,,,,,,,,,,
Bobby Brown,Brad Miller,Jason Thompson,John Salmons,Kevin Martin,Anthony Parker,Chris Bosh,Jason Kapono,Jermaine O'Neal,Joey Graham,4,9:49,SAC,sub,,,,Kevin Martin,,Bobby Jackson,,,,,,,,,,,,
Bobby Brown,Brad Miller,Jason Thompson,John Salmons,Kevin Martin,Anthony Parker,Chris Bosh,Jason Kapono,Jermaine O'Neal,Joey Graham,4,9:43,SAC,shot,,,,,,,,,,Bobby Brown,,,,missed,,pullup jump,34,21
Bobby Brown,Brad Miller,Jason Thompson,John Salmons,Kevin Martin,Anthony Parker,Chris Bosh,Jason Kapono,Jermaine O'Neal,Joey Graham,4,9:42,TOR,rebound,,,,,,,,,,,,,,,,,,
Bobby Brown,Brad Miller,Jason Thompson,John Salmons,Kevin Martin,Anthony Parker,Chris Bosh,Jason Kapono,Jermaine O'Neal,Joey Graham,4,9:25,TOR,shot,,,,,,,,,,Jason Kapono,,,,missed,,jump,9,17
Bobby Brown,Brad Miller,Jason Thompson,John Salmons,Kevin Martin,Anthony Parker,Chris Bosh,Jason Kapono,Jermaine O'Neal,Joey Graham,4,9:24,TOR,rebound,,,,,,,,,,Jermaine O'Neal,,,,,,off,,
Bobby Brown,Brad Miller,Jason Thompson,John Salmons,Kevin Martin,Anthony Parker,Chris Bosh,Jason Kapono,Jermaine O'Neal,Joey Graham,4,9:14,SAC,foul,,,,,,,,Jermaine O'Neal,,Brad Miller,,,,,,shooting,,
Bobby Brown,Brad Miller,Jason Thompson,John Salmons,Kevin Martin,Anthony Parker,Chris Bosh,Jason Kapono,Jermaine O'Neal,Joey Graham,4,9:14,TOR,free throw,,,,,,,1,,2,Jermaine O'Neal,,,foul,made,,,,
Brad Miller,Francisco Garcia,Jason Thompson,John Salmons,Kevin Martin,Anthony Parker,Chris Bosh,Jason Kapono,Jermaine O'Neal,Joey Graham,4,9:14,SAC,sub,,,,Francisco Garcia,,Bobby Brown,,,,,,,,,,,,
Brad Miller,Francisco Garcia,Jason Thompson,John Salmons,Kevin Martin,Anthony Parker,Chris Bosh,Jason Kapono,Jermaine O'Neal,Joey Graham,4,9:14,TOR,free throw,,,,,,,2,,2,Jermaine O'Neal,,,foul,missed,,,,
Brad Miller,Francisco Garcia,Jason Thompson,John Salmons,Kevin Martin,Anthony Parker,Chris Bosh,Jason Kapono,Jermaine O'Neal,Joey Graham,4,9:14,SAC,rebound,,,,,,,,,,John Salmons,,,,,,def,,
Brad Miller,Francisco Garcia,Jason Thompson,John Salmons,Kevin Martin,Anthony Parker,Chris Bosh,Jason Kapono,Jermaine O'Neal,Joey Graham,4,9:07,TOR,foul,,,,,,,,Brad Miller,,Joey Graham,,,,,,personal,,
Brad Miller,Francisco Garcia,Jason Thompson,John Salmons,Kevin Martin,Anthony Parker,Chris Bosh,Jason Kapono,Jermaine O'Neal,Joey Graham,4,9:02,SAC,shot,,,,,,,,,,Kevin Martin,,,,missed,,running jump,17,9
Brad Miller,Francisco Garcia,Jason Thompson,John Salmons,Kevin Martin,Anthony Parker,Chris Bosh,Jason Kapono,Jermaine O'Neal,Joey Graham,4,9:01,SAC,rebound,,,,,,,,,,Jason Thompson,,,,,,off,,
Brad Miller,Francisco Garcia,Jason Thompson,John Salmons,Kevin Martin,Anthony Parker,Chris Bosh,Jason Kapono,Jermaine O'Neal,Joey Graham,4,8:59,SAC,shot,,,,,,,,,,Jason Thompson,2,,,made,,tip,25,6
Brad Miller,Francisco Garcia,Jason Thompson,John Salmons,Kevin Martin,Anthony Parker,Chris Bosh,Jason Kapono,Jermaine O'Neal,Joey Graham,4,8:45,TOR,turnover,,,,,,,,,,Chris Bosh,,,bad pass,,,,,
Brad Miller,Francisco Garcia,Jason Thompson,John Salmons,Kevin Martin,Anthony Parker,Chris Bosh,Jason Kapono,Jermaine O'Neal,Joey Graham,4,8:45,OFF,timeout,,,,,,,,,,,,,,,,official,,
Brad Miller,Francisco Garcia,Jason Thompson,John Salmons,Kevin Martin,Anthony Parker,Chris Bosh,Jason Kapono,Jermaine O'Neal,Joey Graham,4,8:29,SAC,shot,,,,,,,,,,John Salmons,,,,missed,,jump,7,7
Brad Miller,Francisco Garcia,Jason Thompson,John Salmons,Kevin Martin,Anthony Parker,Chris Bosh,Jason Kapono,Jermaine O'Neal,Joey Graham,4,8:28,TOR,rebound,,,,,,,,,,Anthony Parker,,,,,,def,,
Brad Miller,Francisco Garcia,Jason Thompson,John Salmons,Kevin Martin,Anthony Parker,Chris Bosh,Jason Kapono,Jermaine O'Neal,Joey Graham,4,8:06,TOR,shot,,,,,,,,,,Chris Bosh,2,,,made,,jump,39,14
Brad Miller,Francisco Garcia,Jason Thompson,John Salmons,Kevin Martin,Anthony Parker,Chris Bosh,Jason Kapono,Jermaine O'Neal,Joey Graham,4,8:06,SAC,foul,,,,,,,,Chris Bosh,,Jason Thompson,,,,,,shooting,,
Brad Miller,Francisco Garcia,Jason Thompson,John Salmons,Kevin Martin,Anthony Parker,Chris Bosh,Jason Kapono,Jermaine O'Neal,Joey Graham,4,8:06,TOR,free throw,,,,,,,1,,1,Chris Bosh,,,foul,missed,,,,
Brad Miller,Francisco Garcia,Jason Thompson,John Salmons,Kevin Martin,Anthony Parker,Chris Bosh,Jason Kapono,Jermaine O'Neal,Joey Graham,4,8:06,TOR,rebound,,,,,,,,,,Joey Graham,,,,,,off,,
Brad Miller,Francisco Garcia,Jason Thompson,John Salmons,Kevin Martin,Anthony Parker,Chris Bosh,Jason Kapono,Jermaine O'Neal,Joey Graham,4,7:59,TOR,turnover,,,,,,,,,,Jermaine O'Neal,,,traveling,,,,,
Brad Miller,Francisco Garcia,John Salmons,Kevin Martin,Mikki Moore,Anthony Parker,Chris Bosh,Jason Kapono,Jermaine O'Neal,Joey Graham,4,7:59,SAC,sub,,,,Mikki Moore,,Jason Thompson,,,,,,,,,,,,
Brad Miller,Francisco Garcia,John Salmons,Kevin Martin,Mikki Moore,Anthony Parker,Chris Bosh,Jason Kapono,Jermaine O'Neal,Joey Graham,4,7:43,TOR,foul,,,,,,,,John Salmons,,Joey Graham,,,,,,shooting,,
Brad Miller,Francisco Garcia,John Salmons,Kevin Martin,Mikki Moore,Anthony Parker,Chris Bosh,Jason Kapono,Jermaine O'Neal,Joey Graham,4,7:43,SAC,free throw,,,,,,,1,,2,John Salmons,,,foul,made,,,,
Francisco Garcia,John Salmons,Kevin Martin,Mikki Moore,Spencer Hawes,Anthony Parker,Chris Bosh,Jason Kapono,Jermaine O'Neal,Joey Graham,4,7:43,SAC,sub,,,,Spencer Hawes,,Brad Miller,,,,,,,,,,,,
Francisco Garcia,John Salmons,Kevin Martin,Mikki Moore,Spencer Hawes,Anthony Parker,Chris Bosh,Jason Kapono,Jermaine O'Neal,Joey Graham,4,7:43,SAC,free throw,,,,,,,2,,2,John Salmons,,,foul,made,,,,
Francisco Garcia,John Salmons,Kevin Martin,Mikki Moore,Spencer Hawes,Anthony Parker,Chris Bosh,Jason Kapono,Jermaine O'Neal,Joey Graham,4,7:28,TOR,shot,,,,,,,,,,Chris Bosh,,,,missed,,jump,20,27
Francisco Garcia,John Salmons,Kevin Martin,Mikki Moore,Spencer Hawes,Anthony Parker,Chris Bosh,Jason Kapono,Jermaine O'Neal,Joey Graham,4,7:27,SAC,rebound,,,,,,,,,,John Salmons,,,,,,def,,
Francisco Garcia,John Salmons,Kevin Martin,Mikki Moore,Spencer Hawes,Anthony Parker,Chris Bosh,Jason Kapono,Jermaine O'Neal,Joey Graham,4,7:22,SAC,shot,,,,,,,,,,John Salmons,,,,missed,,driving layup,25,6
Francisco Garcia,John Salmons,Kevin Martin,Mikki Moore,Spencer Hawes,Anthony Parker,Chris Bosh,Jason Kapono,Jermaine O'Neal,Joey Graham,4,7:20,TOR,rebound,,,,,,,,,,Joey Graham,,,,,,def,,
Francisco Garcia,John Salmons,Kevin Martin,Mikki Moore,Spencer Hawes,Anthony Parker,Chris Bosh,Jason Kapono,Jermaine O'Neal,Joey Graham,4,7:09,TOR,shot,,,,,,,,,,Jermaine O'Neal,,,,missed,,pullup jump,38,8
Francisco Garcia,John Salmons,Kevin Martin,Mikki Moore,Spencer Hawes,Anthony Parker,Chris Bosh,Jason Kapono,Jermaine O'Neal,Joey Graham,4,7:08,TOR,rebound,,,,,,,,,,Chris Bosh,,,,,,off,,
Francisco Garcia,John Salmons,Kevin Martin,Mikki Moore,Spencer Hawes,Anthony Parker,Chris Bosh,Jason Kapono,Jermaine O'Neal,Joey Graham,4,7:06,TOR,shot,,,,,,,,,,Chris Bosh,,,,missed,,reverse layup,25,6
Francisco Garcia,John Salmons,Kevin Martin,Mikki Moore,Spencer Hawes,Anthony Parker,Chris Bosh,Jason Kapono,Jermaine O'Neal,Joey Graham,4,7:04,SAC,rebound,,,,,,,,,,Spencer Hawes,,,,,,def,,
Francisco Garcia,John Salmons,Kevin Martin,Mikki Moore,Spencer Hawes,Anthony Parker,Chris Bosh,Jason Kapono,Jermaine O'Neal,Joey Graham,4,7:00,SAC,shot,Spencer Hawes,,,,,,,,,Francisco Garcia,2,,,made,,driving layup,25,6
Francisco Garcia,John Salmons,Kevin Martin,Mikki Moore,Spencer Hawes,Anthony Parker,Chris Bosh,Jason Kapono,Jermaine O'Neal,Joey Graham,4,6:44,TOR,shot,,,,,,,,,,Anthony Parker,,,,missed,,pullup jump,12,12
Francisco Garcia,John Salmons,Kevin Martin,Mikki Moore,Spencer Hawes,Anthony Parker,Chris Bosh,Jason Kapono,Jermaine O'Neal,Joey Graham,4,6:43,SAC,rebound,,,,,,,,,,,,,,,,,,
Francisco Garcia,John Salmons,Kevin Martin,Mikki Moore,Spencer Hawes,Andrea Bargnani,Anthony Parker,Chris Bosh,Jason Kapono,Joey Graham,4,6:43,TOR,sub,,,,Andrea Bargnani,,Jermaine O'Neal,,,,,,,,,,,,
Francisco Garcia,John Salmons,Kevin Martin,Mikki Moore,Spencer Hawes,Andrea Bargnani,Anthony Parker,Chris Bosh,Joey Graham,Jose Calderon,4,6:43,TOR,sub,,,,Jose Calderon,,Jason Kapono,,,,,,,,,,,,
Francisco Garcia,John Salmons,Kevin Martin,Mikki Moore,Spencer Hawes,Andrea Bargnani,Anthony Parker,Chris Bosh,Joey Graham,Jose Calderon,4,6:34,SAC,shot,,,Andrea Bargnani,,,,,,,John Salmons,,,,missed,,driving layup,25,6
Francisco Garcia,John Salmons,Kevin Martin,Mikki Moore,Spencer Hawes,Andrea Bargnani,Anthony Parker,Chris Bosh,Joey Graham,Jose Calderon,4,6:32,TOR,rebound,,,,,,,,,,Andrea Bargnani,,,,,,def,,
Francisco Garcia,John Salmons,Kevin Martin,Mikki Moore,Spencer Hawes,Andrea Bargnani,Anthony Parker,Chris Bosh,Joey Graham,Jose Calderon,4,6:28,TOR,shot,,,,,,,,,,Jose Calderon,,,,missed,,3pt,18,30
Francisco Garcia,John Salmons,Kevin Martin,Mikki Moore,Spencer Hawes,Andrea Bargnani,Anthony Parker,Chris Bosh,Joey Graham,Jose Calderon,4,6:27,TOR,rebound,,,,,,,,,,Anthony Parker,,,,,,off,,
Francisco Garcia,John Salmons,Kevin Martin,Mikki Moore,Spencer Hawes,Andrea Bargnani,Anthony Parker,Chris Bosh,Joey Graham,Jose Calderon,4,6:25,SAC,foul,,,,,,,,Chris Bosh,,Francisco Garcia,,,,,,shooting,,
Francisco Garcia,John Salmons,Kevin Martin,Mikki Moore,Spencer Hawes,Andrea Bargnani,Anthony Parker,Chris Bosh,Joey Graham,Jose Calderon,4,6:25,TOR,free throw,,,,,,,1,,2,Chris Bosh,,,foul,made,,,,
Beno Udrih,John Salmons,Kevin Martin,Mikki Moore,Spencer Hawes,Andrea Bargnani,Anthony Parker,Chris Bosh,Joey Graham,Jose Calderon,4,6:25,SAC,sub,,,,Beno Udrih,,Francisco Garcia,,,,,,,,,,,,
Beno Udrih,John Salmons,Kevin Martin,Mikki Moore,Spencer Hawes,Andrea Bargnani,Anthony Parker,Chris Bosh,Joey Graham,Jose Calderon,4,6:25,TOR,free throw,,,,,,,2,,2,Chris Bosh,,,foul,made,,,,
Beno Udrih,John Salmons,Kevin Martin,Mikki Moore,Spencer Hawes,Andrea Bargnani,Anthony Parker,Chris Bosh,Joey Graham,Jose Calderon,4,6:16,SAC,shot,,,,,,,,,,Kevin Martin,,,,missed,,jump,44,13
Beno Udrih,John Salmons,Kevin Martin,Mikki Moore,Spencer Hawes,Andrea Bargnani,Anthony Parker,Chris Bosh,Joey Graham,Jose Calderon,4,6:15,SAC,rebound,,,,,,,,,,Mikki Moore,,,,,,off,,
Beno Udrih,John Salmons,Kevin Martin,Mikki Moore,Spencer Hawes,Andrea Bargnani,Anthony Parker,Chris Bosh,Joey Graham,Jose Calderon,4,6:14,TOR,foul,,,,,,,,Mikki Moore,,Joey Graham,,,,,,personal,,
Beno Udrih,John Salmons,Kevin Martin,Mikki Moore,Spencer Hawes,Andrea Bargnani,Anthony Parker,Chris Bosh,Joey Graham,Jose Calderon,4,6:05,SAC,shot,,,,,,,,,,Beno Udrih,3,,,made,,3pt,16,30
Beno Udrih,John Salmons,Kevin Martin,Mikki Moore,Spencer Hawes,Andrea Bargnani,Anthony Parker,Chris Bosh,Joey Graham,Jose Calderon,4,5:45,TOR,shot,,,,,,,,,,Chris Bosh,2,,,made,,fade away jumper,35,14
Beno Udrih,John Salmons,Kevin Martin,Mikki Moore,Spencer Hawes,Andrea Bargnani,Anthony Parker,Chris Bosh,Joey Graham,Jose Calderon,4,5:25,SAC,shot,,,,,,,,,,Kevin Martin,,,,missed,,jump,30,22
Beno Udrih,John Salmons,Kevin Martin,Mikki Moore,Spencer Hawes,Andrea Bargnani,Anthony Parker,Chris Bosh,Joey Graham,Jose Calderon,4,5:24,TOR,rebound,,,,,,,,,,Andrea Bargnani,,,,,,def,,
Beno Udrih,John Salmons,Kevin Martin,Mikki Moore,Spencer Hawes,Andrea Bargnani,Anthony Parker,Chris Bosh,Joey Graham,Jose Calderon,4,5:14,SAC,foul,,,,,,,,Chris Bosh,,Kevin Martin,,,,,,personal,,
Beno Udrih,John Salmons,Kevin Martin,Mikki Moore,Spencer Hawes,Andrea Bargnani,Anthony Parker,Chris Bosh,Joey Graham,Jose Calderon,4,5:14,TOR,timeout,,,,,,,,,,,,,,,,regular,,
Beno Udrih,John Salmons,Kevin Martin,Mikki Moore,Spencer Hawes,Andrea Bargnani,Anthony Parker,Chris Bosh,Joey Graham,Jose Calderon,4,4:58,TOR,turnover,,,,,,,,,,Chris Bosh,,,lost ball,,Beno Udrih,,,
Beno Udrih,John Salmons,Kevin Martin,Mikki Moore,Spencer Hawes,Andrea Bargnani,Anthony Parker,Chris Bosh,Joey Graham,Jose Calderon,4,4:53,SAC,turnover,,,,,,,,,,Beno Udrih,,,lost ball,,Anthony Parker,,,
Beno Udrih,John Salmons,Kevin Martin,Mikki Moore,Spencer Hawes,Andrea Bargnani,Anthony Parker,Chris Bosh,Joey Graham,Jose Calderon,4,4:36,TOR,shot,,,,,,,,,,Andrea Bargnani,2,,,made,,jump,16,26
Beno Udrih,John Salmons,Kevin Martin,Mikki Moore,Spencer Hawes,Andrea Bargnani,Anthony Parker,Chris Bosh,Joey Graham,Jose Calderon,4,4:10,SAC,shot,,,,,,,,,,Spencer Hawes,,,,missed,,pullup jump,11,7
Beno Udrih,John Salmons,Kevin Martin,Mikki Moore,Spencer Hawes,Andrea Bargnani,Anthony Parker,Chris Bosh,Joey Graham,Jose Calderon,4,4:09,SAC,rebound,,,,,,,,,,Kevin Martin,,,,,,off,,
Beno Udrih,John Salmons,Kevin Martin,Mikki Moore,Spencer Hawes,Andrea Bargnani,Anthony Parker,Chris Bosh,Joey Graham,Jose Calderon,4,4:03,SAC,shot,,,,,,,,,,John Salmons,2,,,made,,driving layup,25,6
Beno Udrih,John Salmons,Kevin Martin,Mikki Moore,Spencer Hawes,Andrea Bargnani,Anthony Parker,Chris Bosh,Joey Graham,Jose Calderon,4,3:49,SAC,foul,,,,,,,,Jose Calderon,,Beno Udrih,,,,,,personal,,
Beno Udrih,Jason Thompson,John Salmons,Kevin Martin,Spencer Hawes,Andrea Bargnani,Anthony Parker,Chris Bosh,Joey Graham,Jose Calderon,4,3:49,SAC,sub,,,,Jason Thompson,,Mikki Moore,,,,,,,,,,,,
Beno Udrih,Jason Thompson,John Salmons,Kevin Martin,Spencer Hawes,Andrea Bargnani,Anthony Parker,Chris Bosh,Joey Graham,Jose Calderon,4,3:49,TOR,free throw,,,,,,,1,,2,Jose Calderon,,,foul,made,,,,
Beno Udrih,Jason Thompson,John Salmons,Kevin Martin,Spencer Hawes,Andrea Bargnani,Anthony Parker,Chris Bosh,Joey Graham,Jose Calderon,4,3:49,TOR,free throw,,,,,,,2,,2,Jose Calderon,,,foul,made,,,,
Beno Udrih,Jason Thompson,John Salmons,Kevin Martin,Spencer Hawes,Andrea Bargnani,Anthony Parker,Chris Bosh,Joey Graham,Jose Calderon,4,3:34,SAC,shot,,,Chris Bosh,,,,,,,Jason Thompson,,,,missed,,reverse layup,25,6
Beno Udrih,Jason Thompson,John Salmons,Kevin Martin,Spencer Hawes,Andrea Bargnani,Anthony Parker,Chris Bosh,Joey Graham,Jose Calderon,4,3:32,SAC,rebound,,,,,,,,,,Spencer Hawes,,,,,,off,,
Beno Udrih,Jason Thompson,John Salmons,Kevin Martin,Spencer Hawes,Andrea Bargnani,Anthony Parker,Chris Bosh,Joey Graham,Jose Calderon,4,3:30,SAC,shot,,,,,,,,,,Spencer Hawes,2,,,made,,hook,23,9
Beno Udrih,Jason Thompson,John Salmons,Kevin Martin,Spencer Hawes,Andrea Bargnani,Anthony Parker,Chris Bosh,Joey Graham,Jose Calderon,4,3:04,TOR,shot,Jose Calderon,,,,,,,,,Joey Graham,2,,,made,,jump,27,12
Beno Udrih,Jason Thompson,John Salmons,Kevin Martin,Spencer Hawes,Andrea Bargnani,Anthony Parker,Chris Bosh,Joey Graham,Jose Calderon,4,2:56,TOR,foul,,,,,,,,John Salmons,,Chris Bosh,,,,,,shooting,,
Beno Udrih,Jason Thompson,John Salmons,Kevin Martin,Spencer Hawes,Andrea Bargnani,Anthony Parker,Chris Bosh,Joey Graham,Jose Calderon,4,2:56,SAC,timeout,,,,,,,,,,,,,,,,regular,,
Beno Udrih,Francisco Garcia,Jason Thompson,John Salmons,Spencer Hawes,Andrea Bargnani,Anthony Parker,Chris Bosh,Joey Graham,Jose Calderon,4,2:56,SAC,sub,,,,Francisco Garcia,,Kevin Martin,,,,,,,,,,,,
Bobby Brown,Francisco Garcia,Jason Thompson,John Salmons,Spencer Hawes,Andrea Bargnani,Anthony Parker,Chris Bosh,Joey Graham,Jose Calderon,4,2:56,SAC,sub,,,,Bobby Brown,,Beno Udrih,,,,,,,,,,,,
Bobby Brown,Francisco Garcia,Jason Thompson,John Salmons,Spencer Hawes,Andrea Bargnani,Anthony Parker,Chris Bosh,Joey Graham,Jose Calderon,4,2:56,SAC,free throw,,,,,,,1,,2,John Salmons,,,foul,made,,,,
Bobby Brown,Francisco Garcia,Jason Thompson,John Salmons,Spencer Hawes,Andrea Bargnani,Anthony Parker,Chris Bosh,Joey Graham,Jose Calderon,4,2:56,SAC,free throw,,,,,,,2,,2,John Salmons,,,foul,made,,,,
Bobby Brown,Francisco Garcia,Jason Thompson,John Salmons,Spencer Hawes,Andrea Bargnani,Anthony Parker,Chris Bosh,Joey Graham,Jose Calderon,4,2:40,TOR,shot,,,,,,,,,,Jose Calderon,2,,,made,,pullup jump,7,19
Bobby Brown,Francisco Garcia,Jason Thompson,John Salmons,Spencer Hawes,Andrea Bargnani,Anthony Parker,Chris Bosh,Joey Graham,Jose Calderon,4,2:23,SAC,shot,,,,,,,,,,Francisco Garcia,,,,missed,,jump,41,9
Bobby Brown,Francisco Garcia,Jason Thompson,John Salmons,Spencer Hawes,Andrea Bargnani,Anthony Parker,Chris Bosh,Joey Graham,Jose Calderon,4,2:22,TOR,rebound,,,,,,,,,,Joey Graham,,,,,,def,,
Bobby Brown,Francisco Garcia,Jason Thompson,John Salmons,Spencer Hawes,Andrea Bargnani,Anthony Parker,Chris Bosh,Joey Graham,Jose Calderon,4,1:57,TOR,shot,,,,,,,,,,Chris Bosh,,,,missed,,turnaround fade away,13,8
Bobby Brown,Francisco Garcia,Jason Thompson,John Salmons,Spencer Hawes,Andrea Bargnani,Anthony Parker,Chris Bosh,Joey Graham,Jose Calderon,4,1:55,SAC,rebound,,,,,,,,,,Spencer Hawes,,,,,,def,,
Bobby Brown,Francisco Garcia,Jason Thompson,John Salmons,Spencer Hawes,Andrea Bargnani,Anthony Parker,Chris Bosh,Joey Graham,Jose Calderon,4,1:54,SAC,turnover,,,,,,,,,,Spencer Hawes,,,bad pass,,Andrea Bargnani,,,
Bobby Brown,Francisco Garcia,Jason Thompson,John Salmons,Spencer Hawes,Andrea Bargnani,Anthony Parker,Chris Bosh,Joey Graham,Jose Calderon,4,1:49,TOR,timeout,,,,,,,,,,,,,,,,short,,
Bobby Brown,Francisco Garcia,Jason Thompson,John Salmons,Spencer Hawes,Andrea Bargnani,Anthony Parker,Joey Graham,Jose Calderon,Nathan Jawai,4,1:49,TOR,sub,,,,Nathan Jawai,,Chris Bosh,,,,,,,,,,,,
Bobby Brown,Francisco Garcia,Jason Thompson,John Salmons,Spencer Hawes,Anthony Parker,Jake Voskuhl,Joey Graham,Jose Calderon,Nathan Jawai,4,1:49,TOR,sub,,,,Jake Voskuhl,,Andrea Bargnani,,,,,,,,,,,,
Bobby Brown,Francisco Garcia,Jason Thompson,John Salmons,Spencer Hawes,Jake Voskuhl,Joey Graham,Jose Calderon,Nathan Jawai,Roko Ukic,4,1:49,TOR,sub,,,,Roko Ukic,,Anthony Parker,,,,,,,,,,,,
Bobby Brown,Francisco Garcia,Jason Thompson,John Salmons,Spencer Hawes,Jake Voskuhl,Joey Graham,Nathan Jawai,Roko Ukic,Will Solomon,4,1:49,TOR,sub,,,,Will Solomon,,Jose Calderon,,,,,,,,,,,,
Bobby Brown,Francisco Garcia,Jason Thompson,John Salmons,Spencer Hawes,Jake Voskuhl,Joey Graham,Nathan Jawai,Roko Ukic,Will Solomon,4,1:38,SAC,foul,,,,,,,,Will Solomon,,Bobby Brown,,,,,,personal,,
Bobby Brown,Francisco Garcia,Jason Thompson,John Salmons,Spencer Hawes,Jake Voskuhl,Joey Graham,Nathan Jawai,Roko Ukic,Will Solomon,4,1:38,TOR,free throw,,,,,,,1,,2,Will Solomon,,,foul,made,,,,
Bobby Brown,Francisco Garcia,Jason Thompson,John Salmons,Spencer Hawes,Jake Voskuhl,Joey Graham,Nathan Jawai,Roko Ukic,Will Solomon,4,1:38,TOR,free throw,,,,,,,2,,2,Will Solomon,,,foul,made,,,,
Bobby Brown,Francisco Garcia,Jason Thompson,John Salmons,Spencer Hawes,Jake Voskuhl,Joey Graham,Nathan Jawai,Roko Ukic,Will Solomon,4,1:26,SAC,turnover,,,,,,,,,,John Salmons,,,bad pass,,Joey Graham,,,
Bobby Brown,Francisco Garcia,Jason Thompson,John Salmons,Spencer Hawes,Jake Voskuhl,Joey Graham,Nathan Jawai,Roko Ukic,Will Solomon,4,1:12,TOR,shot,,,,,,,,,,Will Solomon,,,,missed,,pullup jump,41,18
Bobby Brown,Francisco Garcia,Jason Thompson,John Salmons,Spencer Hawes,Jake Voskuhl,Joey Graham,Nathan Jawai,Roko Ukic,Will Solomon,4,1:11,TOR,rebound,,,,,,,,,,Roko Ukic,,,,,,off,,
Bobby Brown,Francisco Garcia,Jason Thompson,John Salmons,Spencer Hawes,Jake Voskuhl,Joey Graham,Nathan Jawai,Roko Ukic,Will Solomon,4,1:02,TOR,shot,Joey Graham,,,,,,,,,Roko Ukic,3,,,made,,3pt,4,18
Bobby Brown,Francisco Garcia,Jason Thompson,John Salmons,Spencer Hawes,Jake Voskuhl,Joey Graham,Nathan Jawai,Roko Ukic,Will Solomon,4,0:50,SAC,shot,,,,,,,,,,John Salmons,2,,,made,,driving layup,25,6
Bobby Brown,Francisco Garcia,Jason Thompson,John Salmons,Spencer Hawes,Jake Voskuhl,Joey Graham,Nathan Jawai,Roko Ukic,Will Solomon,4,0:50,TOR,foul,,,,,,,,John Salmons,,Nathan Jawai,,,,,,shooting,,
Bobby Brown,Francisco Garcia,Jason Thompson,John Salmons,Spencer Hawes,Jake Voskuhl,Joey Graham,Nathan Jawai,Roko Ukic,Will Solomon,4,0:50,SAC,free throw,,,,,,,1,,1,John Salmons,,,foul,missed,,,,
Bobby Brown,Francisco Garcia,Jason Thompson,John Salmons,Spencer Hawes,Jake Voskuhl,Joey Graham,Nathan Jawai,Roko Ukic,Will Solomon,4,0:47,TOR,rebound,,,,,,,,,,Jake Voskuhl,,,,,,def,,
Bobby Brown,Francisco Garcia,Jason Thompson,John Salmons,Spencer Hawes,Jake Voskuhl,Joey Graham,Nathan Jawai,Roko Ukic,Will Solomon,4,0:33,TOR,foul,,,,,,,,Francisco Garcia,,Jake Voskuhl,,,,,,shooting,,
Bobby Brown,Francisco Garcia,Jason Thompson,John Salmons,Spencer Hawes,Jake Voskuhl,Joey Graham,Nathan Jawai,Roko Ukic,Will Solomon,4,0:33,SAC,free throw,,,,,,,1,,2,Francisco Garcia,,,foul,made,,,,
Bobby Brown,Francisco Garcia,Jason Thompson,John Salmons,Spencer Hawes,Jake Voskuhl,Joey Graham,Nathan Jawai,Roko Ukic,Will Solomon,4,0:33,TOR,turnover,,,,,,,,,,Joey Graham,,,bad pass,,,,,
Bobby Brown,Francisco Garcia,Jason Thompson,John Salmons,Spencer Hawes,Jake Voskuhl,Joey Graham,Nathan Jawai,Roko Ukic,Will Solomon,4,0:33,SAC,free throw,,,,,,,2,,2,Francisco Garcia,,,foul,made,,,,
Bobby Brown,Francisco Garcia,Jason Thompson,John Salmons,Spencer Hawes,Jake Voskuhl,Joey Graham,Nathan Jawai,Roko Ukic,Will Solomon,4,0:22,TOR,shot,,,Spencer Hawes,,,,,,,Nathan Jawai,,,,missed,,turnaround fade away,24,12
Bobby Brown,Francisco Garcia,Jason Thompson,John Salmons,Spencer Hawes,Jake Voskuhl,Joey Graham,Nathan Jawai,Roko Ukic,Will Solomon,4,0:20,SAC,rebound,,,,,,,,,,John Salmons,,,,,,def,,
Bobby Brown,Francisco Garcia,Jason Thompson,John Salmons,Spencer Hawes,Jake Voskuhl,Joey Graham,Nathan Jawai,Roko Ukic,Will Solomon,4,0:15,SAC,shot,,,,,,,,,,Bobby Brown,,,,missed,,jump,46,6
Bobby Brown,Francisco Garcia,Jason Thompson,John Salmons,Spencer Hawes,Jake Voskuhl,Joey Graham,Nathan Jawai,Roko Ukic,Will Solomon,4,0:14,SAC,rebound,,,,,,,,,,John Salmons,,,,,,off,,
Bobby Brown,Francisco Garcia,Jason Thompson,John Salmons,Spencer Hawes,Jake Voskuhl,Joey Graham,Nathan Jawai,Roko Ukic,Will Solomon,4,0:11,SAC,shot,Francisco Garcia,,,,,,,,,Jason Thompson,2,,,made,,slam dunk,25,6
