a1,a2,a3,a4,a5,h1,h2,h3,h4,h5,period,time,team,etype,assist,away,block,entered,home,left,num,opponent,outof,player,points,possession,reason,result,steal,type,x,y
Al Horford,Joe Johnson,Josh Smith,Marvin Williams,Mike Bibby,Al Harrington,Chris Duhon,David Lee,Larry Hughes,Wilson Chandler,1,12:00,OFF,jump ball,,Josh Smith,,,Wilson Chandler,,,,,,,Larry Hughes,,,,,,
Al Horford,Joe Johnson,Josh Smith,Marvin Williams,Mike Bibby,Al Harrington,Chris Duhon,David Lee,Larry Hughes,Wilson Chandler,1,11:45,NYK,shot,,,,,,,,,,Larry Hughes,2,,,made,,jump,20,21
Al Horford,Joe Johnson,Josh Smith,Marvin Williams,Mike Bibby,Al Harrington,Chris Duhon,David Lee,Larry Hughes,Wilson Chandler,1,11:26,ATL,turnover,,,,,,,,,,Joe Johnson,,,lost ball,,Larry Hughes,,,
Al Horford,Joe Johnson,Josh Smith,Marvin Williams,Mike Bibby,Al Harrington,Chris Duhon,David Lee,Larry Hughes,Wilson Chandler,1,11:20,NYK,shot,,,,,,,,,,Wilson Chandler,,,,missed,,layup,25,6
Al Horford,Joe Johnson,Josh Smith,Marvin Williams,Mike Bibby,Al Harrington,Chris Duhon,David Lee,Larry Hughes,Wilson Chandler,1,11:18,ATL,rebound,,,,,,,,,,Al Horford,,,,,,def,,
Al Horford,Joe Johnson,Josh Smith,Marvin Williams,Mike Bibby,Al Harrington,Chris Duhon,David Lee,Larry Hughes,Wilson Chandler,1,11:02,ATL,shot,Mike Bibby,,,,,,,,,Al Horford,2,,,made,,layup,25,6
Al Horford,Joe Johnson,Josh Smith,Marvin Williams,Mike Bibby,Al Harrington,Chris Duhon,David Lee,Larry Hughes,Wilson Chandler,1,11:02,NYK,foul,,,,,,,,Al Horford,,Al Harrington,,,,,,shooting,,
Al Horford,Joe Johnson,Josh Smith,Marvin Williams,Mike Bibby,Al Harrington,Chris Duhon,David Lee,Larry Hughes,Wilson Chandler,1,11:02,ATL,free throw,,,,,,,1,,1,Al Horford,,,foul,made,,,,
Al Horford,Joe Johnson,Josh Smith,Marvin Williams,Mike Bibby,Al Harrington,Chris Duhon,David Lee,Larry Hughes,Wilson Chandler,1,10:51,NYK,shot,,,,,,,,,,Larry Hughes,,,,missed,,jump,10,15
Al Horford,Joe Johnson,Josh Smith,Marvin Williams,Mike Bibby,Al Harrington,Chris Duhon,David Lee,Larry Hughes,Wilson Chandler,1,10:49,ATL,rebound,,,,,,,,,,Joe Johnson,,,,,,def,,
Al Horford,Joe Johnson,Josh Smith,Marvin Williams,Mike Bibby,Al Harrington,Chris Duhon,David Lee,Larry Hughes,Wilson Chandler,1,10:40,ATL,shot,,,,,,,,,,Mike Bibby,,,,missed,,3pt,18,30
Al Horford,Joe Johnson,Josh Smith,Marvin Williams,Mike Bibby,Al Harrington,Chris Duhon,David Lee,Larry Hughes,Wilson Chandler,1,10:38,NYK,rebound,,,,,,,,,,David Lee,,,,,,def,,
Al Horford,Joe Johnson,Josh Smith,Marvin Williams,Mike Bibby,Al Harrington,Chris Duhon,David Lee,Larry Hughes,Wilson Chandler,1,10:31,NYK,shot,,,,,,,,,,Chris Duhon,3,,,made,,3pt,16,28
Al Horford,Joe Johnson,Josh Smith,Marvin Williams,Mike Bibby,Al Harrington,Chris Duhon,David Lee,Larry Hughes,Wilson Chandler,1,10:06,ATL,shot,,,,,,,,,,Marvin Williams,2,,,made,,layup,25,6
Al Horford,Joe Johnson,Josh Smith,Marvin Williams,Mike Bibby,Al Harrington,Chris Duhon,David Lee,Larry Hughes,Wilson Chandler,1,9:55,NYK,shot,,,,,,,,,,Wilson Chandler,2,,,made,,jump,13,19
Al Horford,Joe Johnson,Josh Smith,Marvin Williams,Mike Bibby,Al Harrington,Chris Duhon,David Lee,Larry Hughes,Wilson Chandler,1,9:33,ATL,shot,,,,,,,,,,Josh Smith,2,,,made,,hook,23,12
Al Horford,Joe Johnson,Josh Smith,Marvin Williams,Mike Bibby,Al Harrington,Chris Duhon,David Lee,Larry Hughes,Wilson Chandler,1,9:17,NYK,shot,,,,,,,,,,Larry Hughes,,,,missed,,driving layup,25,6
Al Horford,Joe Johnson,Josh Smith,Marvin Williams,Mike Bibby,Al Harrington,Chris Duhon,David Lee,Larry Hughes,Wilson Chandler,1,9:15,NYK,rebound,,,,,,,,,,David Lee,,,,,,off,,
Al Horford,Joe Johnson,Josh Smith,Marvin Williams,Mike Bibby,Al Harrington,Chris Duhon,David Lee,Larry Hughes,Wilson Chandler,1,9:14,NYK,shot,,,,,,,,,,David Lee,,,,missed,,layup,25,6
Al Horford,Joe Johnson,Josh Smith,Marvin Williams,Mike Bibby,Al Harrington,Chris Duhon,David Lee,Larry Hughes,Wilson Chandler,1,9:14,ATL,rebound,,,,,,,,,,Al Horford,,,,,,def,,
Al Horford,Joe Johnson,Josh Smith,Marvin Williams,Mike Bibby,Al Harrington,Chris Duhon,David Lee,Larry Hughes,Wilson Chandler,1,9:08,ATL,shot,,,,,,,,,,Mike Bibby,,,,missed,,jump,5,12
Al Horford,Joe Johnson,Josh Smith,Marvin Williams,Mike Bibby,Al Harrington,Chris Duhon,David Lee,Larry Hughes,Wilson Chandler,1,9:06,NYK,rebound,,,,,,,,,,David Lee,,,,,,def,,
Al Horford,Joe Johnson,Josh Smith,Marvin Williams,Mike Bibby,Al Harrington,Chris Duhon,David Lee,Larry Hughes,Wilson Chandler,1,8:54,NYK,shot,Larry Hughes,,,,,,,,,Al Harrington,2,,,made,,driving dunk,25,6
Al Horford,Joe Johnson,Josh Smith,Marvin Williams,Mike Bibby,Al Harrington,Chris Duhon,David Lee,Larry Hughes,Wilson Chandler,1,8:26,ATL,shot,,,,,,,,,,Al Horford,2,,,made,,jump,28,19
Al Horford,Joe Johnson,Josh Smith,Marvin Williams,Mike Bibby,Al Harrington,Chris Duhon,David Lee,Larry Hughes,Wilson Chandler,1,8:12,NYK,shot,,,,,,,,,,David Lee,2,,,made,,driving finger roll layup,25,6
Al Horford,Joe Johnson,Josh Smith,Marvin Williams,Mike Bibby,Al Harrington,Chris Duhon,David Lee,Larry Hughes,Wilson Chandler,1,7:50,ATL,shot,,,,,,,,,,Joe Johnson,2,,,made,,layup,25,6
Al Horford,Joe Johnson,Josh Smith,Marvin Williams,Mike Bibby,Al Harrington,Chris Duhon,David Lee,Larry Hughes,Wilson Chandler,1,7:29,NYK,shot,,,,,,,,,,Wilson Chandler,,,,missed,,3pt,2,4
Al Horford,Joe Johnson,Josh Smith,Marvin Williams,Mike Bibby,Al Harrington,Chris Duhon,David Lee,Larry Hughes,Wilson Chandler,1,7:27,ATL,rebound,,,,,,,,,,Mike Bibby,,,,,,def,,
Al Horford,Joe Johnson,Josh Smith,Marvin Williams,Mike Bibby,Al Harrington,Chris Duhon,David Lee,Larry Hughes,Wilson Chandler,1,7:19,ATL,shot,,,,,,,,,,Josh Smith,,,,missed,,hook,33,6
Al Horford,Joe Johnson,Josh Smith,Marvin Williams,Mike Bibby,Al Harrington,Chris Duhon,David Lee,Larry Hughes,Wilson Chandler,1,7:17,NYK,rebound,,,,,,,,,,Al Harrington,,,,,,def,,
Al Horford,Joe Johnson,Josh Smith,Marvin Williams,Mike Bibby,Al Harrington,Chris Duhon,David Lee,Larry Hughes,Wilson Chandler,1,7:10,NYK,shot,,,,,,,,,,Chris Duhon,,,,missed,,3pt,36,28
Al Horford,Joe Johnson,Josh Smith,Marvin Williams,Mike Bibby,Al Harrington,Chris Duhon,David Lee,Larry Hughes,Wilson Chandler,1,7:08,ATL,rebound,,,,,,,,,,Marvin Williams,,,,,,def,,
Al Horford,Joe Johnson,Josh Smith,Marvin Williams,Mike Bibby,Al Harrington,Chris Duhon,David Lee,Larry Hughes,Wilson Chandler,1,6:54,ATL,shot,,,,,,,,,,Marvin Williams,,,,missed,,3pt,49,3
Al Horford,Joe Johnson,Josh Smith,Marvin Williams,Mike Bibby,Al Harrington,Chris Duhon,David Lee,Larry Hughes,Wilson Chandler,1,6:52,NYK,rebound,,,,,,,,,,David Lee,,,,,,def,,
Al Horford,Joe Johnson,Josh Smith,Marvin Williams,Mike Bibby,Al Harrington,Chris Duhon,David Lee,Larry Hughes,Wilson Chandler,1,6:47,NYK,shot,,,,,,,,,,Al Harrington,,,,missed,,jump,40,9
Al Horford,Joe Johnson,Josh Smith,Marvin Williams,Mike Bibby,Al Harrington,Chris Duhon,David Lee,Larry Hughes,Wilson Chandler,1,6:45,ATL,rebound,,,,,,,,,,Marvin Williams,,,,,,def,,
Al Horford,Joe Johnson,Josh Smith,Marvin Williams,Mike Bibby,Al Harrington,Chris Duhon,David Lee,Larry Hughes,Wilson Chandler,1,6:28,ATL,shot,Joe Johnson,,,,,,,,,Josh Smith,2,,,made,,driving dunk,25,6
Al Horford,Joe Johnson,Josh Smith,Marvin Williams,Mike Bibby,Al Harrington,Chris Duhon,David Lee,Larry Hughes,Wilson Chandler,1,6:28,NYK,foul,,,,,,,,Josh Smith,,David Lee,,,,,,shooting,,
Al Horford,Joe Johnson,Josh Smith,Marvin Williams,Mike Bibby,Al Harrington,Chris Duhon,David Lee,Larry Hughes,Wilson Chandler,1,6:28,ATL,free throw,,,,,,,1,,1,Josh Smith,,,foul,made,,,,
Al Horford,Joe Johnson,Josh Smith,Marvin Williams,Mike Bibby,Al Harrington,Chris Duhon,David Lee,Larry Hughes,Wilson Chandler,1,6:10,NYK,shot,,,,,,,,,,Larry Hughes,,,,missed,,3pt,49,3
Al Horford,Joe Johnson,Josh Smith,Marvin Williams,Mike Bibby,Al Harrington,Chris Duhon,David Lee,Larry Hughes,Wilson Chandler,1,6:09,ATL,rebound,,,,,,,,,,Mike Bibby,,,,,,def,,
Al Horford,Joe Johnson,Josh Smith,Marvin Williams,Mike Bibby,Al Harrington,Chris Duhon,David Lee,Larry Hughes,Wilson Chandler,1,6:06,NYK,foul,,,,,,,,Mike Bibby,,Larry Hughes,,,,,,personal,,
Al Horford,Joe Johnson,Marvin Williams,Maurice Evans,Mike Bibby,Al Harrington,Chris Duhon,David Lee,Larry Hughes,Wilson Chandler,1,6:06,ATL,sub,,,,Maurice Evans,,Josh Smith,,,,,,,,,,,,
Al Horford,Joe Johnson,Marvin Williams,Maurice Evans,Mike Bibby,Al Harrington,Chris Duhon,David Lee,Larry Hughes,Wilson Chandler,1,5:51,ATL,shot,,,,,,,,,,Joe Johnson,,,,missed,,3pt,9,25
Al Horford,Joe Johnson,Marvin Williams,Maurice Evans,Mike Bibby,Al Harrington,Chris Duhon,David Lee,Larry Hughes,Wilson Chandler,1,5:49,ATL,rebound,,,,,,,,,,Maurice Evans,,,,,,off,,
Al Horford,Joe Johnson,Marvin Williams,Maurice Evans,Mike Bibby,Al Harrington,Chris Duhon,David Lee,Larry Hughes,Wilson Chandler,1,5:36,ATL,turnover,,,,,,,,,,Mike Bibby,,,bad pass,,Wilson Chandler,,,
Al Horford,Joe Johnson,Marvin Williams,Maurice Evans,Mike Bibby,Al Harrington,Chris Duhon,David Lee,Larry Hughes,Wilson Chandler,1,5:32,NYK,shot,Chris Duhon,,,,,,,,,Wilson Chandler,2,,,made,,driving dunk,25,6
Al Horford,Joe Johnson,Marvin Williams,Maurice Evans,Mike Bibby,Al Harrington,Chris Duhon,David Lee,Larry Hughes,Wilson Chandler,1,5:07,ATL,shot,Al Horford,,,,,,,,,Marvin Williams,2,,,made,,layup,25,6
Al Horford,Joe Johnson,Marvin Williams,Maurice Evans,Mike Bibby,Al Harrington,Chris Duhon,David Lee,Larry Hughes,Wilson Chandler,1,4:54,NYK,shot,,,,,,,,,,Chris Duhon,,,,missed,,layup,25,6
Al Horford,Joe Johnson,Marvin Williams,Maurice Evans,Mike Bibby,Al Harrington,Chris Duhon,David Lee,Larry Hughes,Wilson Chandler,1,4:53,NYK,rebound,,,,,,,,,,Chris Duhon,,,,,,off,,
Al Horford,Joe Johnson,Marvin Williams,Maurice Evans,Mike Bibby,Al Harrington,Chris Duhon,David Lee,Larry Hughes,Wilson Chandler,1,4:50,NYK,shot,,,,,,,,,,Wilson Chandler,,,,missed,,jump,11,6
Al Horford,Joe Johnson,Marvin Williams,Maurice Evans,Mike Bibby,Al Harrington,Chris Duhon,David Lee,Larry Hughes,Wilson Chandler,1,4:49,NYK,rebound,,,,,,,,,,Chris Duhon,,,,,,off,,
Al Horford,Joe Johnson,Marvin Williams,Maurice Evans,Mike Bibby,Al Harrington,Chris Duhon,David Lee,Larry Hughes,Wilson Chandler,1,4:41,NYK,shot,,,,,,,,,,Wilson Chandler,,,,missed,,layup,25,6
Al Horford,Joe Johnson,Marvin Williams,Maurice Evans,Mike Bibby,Al Harrington,Chris Duhon,David Lee,Larry Hughes,Wilson Chandler,1,4:41,ATL,rebound,,,,,,,,,,Mike Bibby,,,,,,def,,
Al Horford,Joe Johnson,Marvin Williams,Maurice Evans,Mike Bibby,Al Harrington,Chris Duhon,David Lee,Larry Hughes,Wilson Chandler,1,4:29,ATL,shot,,,,,,,,,,Joe Johnson,,,,missed,,jump,43,9
Al Horford,Joe Johnson,Marvin Williams,Maurice Evans,Mike Bibby,Al Harrington,Chris Duhon,David Lee,Larry Hughes,Wilson Chandler,1,4:26,NYK,rebound,,,,,,,,,,Larry Hughes,,,,,,def,,
Al Horford,Joe Johnson,Marvin Williams,Maurice Evans,Mike Bibby,Al Harrington,Chris Duhon,David Lee,Larry Hughes,Wilson Chandler,1,4:12,NYK,shot,,,,,,,,,,Al Harrington,,,,missed,,3pt,48,2
Al Horford,Joe Johnson,Marvin Williams,Maurice Evans,Mike Bibby,Al Harrington,Chris Duhon,David Lee,Larry Hughes,Wilson Chandler,1,4:10,ATL,rebound,,,,,,,,,,Joe Johnson,,,,,,def,,
Al Horford,Joe Johnson,Marvin Williams,Maurice Evans,Mike Bibby,Al Harrington,Chris Duhon,David Lee,Larry Hughes,Wilson Chandler,1,4:04,ATL,shot,,,,,,,,,,Maurice Evans,,,,missed,,3pt,49,4
Al Horford,Joe Johnson,Marvin Williams,Maurice Evans,Mike Bibby,Al Harrington,Chris Duhon,David Lee,Larry Hughes,Wilson Chandler,1,4:02,NYK,rebound,,,,,,,,,,David Lee,,,,,,def,,
Al Horford,Joe Johnson,Marvin Williams,Maurice Evans,Mike Bibby,Al Harrington,Chris Duhon,David Lee,Larry Hughes,Wilson Chandler,1,3:47,NYK,shot,,,,,,,,,,Al Harrington,,,,missed,,jump,29,22
Al Horford,Joe Johnson,Marvin Williams,Maurice Evans,Mike Bibby,Al Harrington,Chris Duhon,David Lee,Larry Hughes,Wilson Chandler,1,3:45,ATL,rebound,,,,,,,,,,Al Horford,,,,,,def,,
Al Horford,Joe Johnson,Marvin Williams,Maurice Evans,Mike Bibby,Al Harrington,Chris Duhon,David Lee,Larry Hughes,Wilson Chandler,1,3:41,ATL,timeout,,,,,,,,,,,,,,,,regular,,
Al Horford,Joe Johnson,Marvin Williams,Maurice Evans,Mike Bibby,Chris Duhon,David Lee,Larry Hughes,Quentin Richardson,Wilson Chandler,1,3:41,NYK,sub,,,,Quentin Richardson,,Al Harrington,,,,,,,,,,,,
Al Horford,Joe Johnson,Marvin Williams,Maurice Evans,Ronald Murray,Chris Duhon,David Lee,Larry Hughes,Quentin Richardson,Wilson Chandler,1,3:41,ATL,sub,,,,Ronald Murray,,Mike Bibby,,,,,,,,,,,,
Al Horford,Joe Johnson,Marvin Williams,Maurice Evans,Ronald Murray,Chris Duhon,David Lee,Larry Hughes,Quentin Richardson,Wilson Chandler,1,3:36,ATL,shot,Ronald Murray,,,,,,,,,Marvin Williams,2,,,made,,layup,25,6
Al Horford,Joe Johnson,Marvin Williams,Maurice Evans,Ronald Murray,Chris Duhon,David Lee,Larry Hughes,Quentin Richardson,Wilson Chandler,1,3:22,NYK,shot,,,,,,,,,,Wilson Chandler,2,,,made,,driving jump,20,10
Al Horford,Joe Johnson,Marvin Williams,Maurice Evans,Ronald Murray,Chris Duhon,David Lee,Larry Hughes,Quentin Richardson,Wilson Chandler,1,2:59,ATL,shot,,,,,,,,,,Al Horford,2,,,made,,jump,23,10
Al Horford,Joe Johnson,Marvin Williams,Maurice Evans,Ronald Murray,Chris Duhon,David Lee,Larry Hughes,Quentin Richardson,Wilson Chandler,1,2:46,NYK,shot,,,,,,,,,,Wilson Chandler,,,,missed,,3pt,49,3
Al Horford,Joe Johnson,Marvin Williams,Maurice Evans,Ronald Murray,Chris Duhon,David Lee,Larry Hughes,Quentin Richardson,Wilson Chandler,1,2:44,ATL,rebound,,,,,,,,,,Al Horford,,,,,,def,,
Al Horford,Joe Johnson,Marvin Williams,Maurice Evans,Ronald Murray,Chris Duhon,David Lee,Larry Hughes,Quentin Richardson,Wilson Chandler,1,2:28,ATL,shot,,,,,,,,,,Marvin Williams,,,,missed,,jump,30,10
Al Horford,Joe Johnson,Marvin Williams,Maurice Evans,Ronald Murray,Chris Duhon,David Lee,Larry Hughes,Quentin Richardson,Wilson Chandler,1,2:26,ATL,shot,,,,,,,,,,Maurice Evans,2,,,made,,tip,25,6
Al Horford,Joe Johnson,Marvin Williams,Maurice Evans,Ronald Murray,Chris Duhon,David Lee,Larry Hughes,Quentin Richardson,Wilson Chandler,1,2:26,ATL,rebound,,,,,,,,,,Maurice Evans,,,,,,off,,
Al Horford,Joe Johnson,Marvin Williams,Maurice Evans,Ronald Murray,Chris Duhon,David Lee,Larry Hughes,Quentin Richardson,Wilson Chandler,1,2:13,NYK,shot,,,,,,,,,,Quentin Richardson,,,,missed,,3pt,2,11
Al Horford,Joe Johnson,Marvin Williams,Maurice Evans,Ronald Murray,Chris Duhon,David Lee,Larry Hughes,Quentin Richardson,Wilson Chandler,1,2:11,ATL,rebound,,,,,,,,,,Marvin Williams,,,,,,def,,
Al Horford,Joe Johnson,Marvin Williams,Maurice Evans,Ronald Murray,Chris Duhon,David Lee,Larry Hughes,Quentin Richardson,Wilson Chandler,1,1:54,ATL,shot,,,,,,,,,,Ronald Murray,2,,,made,,jump,32,10
Al Horford,Joe Johnson,Marvin Williams,Maurice Evans,Ronald Murray,Chris Duhon,David Lee,Larry Hughes,Quentin Richardson,Wilson Chandler,1,1:49,NYK,timeout,,,,,,,,,,,,,,,,regular,,
Al Horford,Joe Johnson,Marvin Williams,Maurice Evans,Ronald Murray,Chris Duhon,Chris Wilcox,Larry Hughes,Quentin Richardson,Wilson Chandler,1,1:49,NYK,sub,,,,Chris Wilcox,,David Lee,,,,,,,,,,,,
Joe Johnson,Josh Smith,Marvin Williams,Maurice Evans,Ronald Murray,Chris Duhon,Chris Wilcox,Larry Hughes,Quentin Richardson,Wilson Chandler,1,1:49,ATL,sub,,,,Josh Smith,,Al Horford,,,,,,,,,,,,
Josh Smith,Marvin Williams,Maurice Evans,Ronald Murray,Zaza Pachulia,Chris Duhon,Chris Wilcox,Larry Hughes,Quentin Richardson,Wilson Chandler,1,1:49,ATL,sub,,,,Zaza Pachulia,,Joe Johnson,,,,,,,,,,,,
Josh Smith,Marvin Williams,Maurice Evans,Ronald Murray,Zaza Pachulia,Chris Duhon,Chris Wilcox,Larry Hughes,Quentin Richardson,Wilson Chandler,1,1:30,NYK,shot,,,,,,,,,,Wilson Chandler,,,,missed,,jump,10,11
Josh Smith,Marvin Williams,Maurice Evans,Ronald Murray,Zaza Pachulia,Chris Duhon,Chris Wilcox,Larry Hughes,Quentin Richardson,Wilson Chandler,1,1:28,ATL,rebound,,,,,,,,,,Zaza Pachulia,,,,,,def,,
Josh Smith,Marvin Williams,Maurice Evans,Ronald Murray,Zaza Pachulia,Chris Duhon,Chris Wilcox,Larry Hughes,Quentin Richardson,Wilson Chandler,1,1:14,ATL,shot,,,,,,,,,,Ronald Murray,,,,missed,,3pt,49,4
Josh Smith,Marvin Williams,Maurice Evans,Ronald Murray,Zaza Pachulia,Chris Duhon,Chris Wilcox,Larry Hughes,Quentin Richardson,Wilson Chandler,1,1:12,NYK,rebound,,,,,,,,,,Larry Hughes,,,,,,def,,
Josh Smith,Marvin Williams,Maurice Evans,Ronald Murray,Zaza Pachulia,Chris Duhon,Chris Wilcox,Larry Hughes,Quentin Richardson,Wilson Chandler,1,1:09,NYK,shot,,,,,,,,,,Larry Hughes,2,,,made,,driving layup,25,6
Josh Smith,Marvin Williams,Maurice Evans,Ronald Murray,Zaza Pachulia,Chris Duhon,Chris Wilcox,Larry Hughes,Quentin Richardson,Wilson Chandler,1,0:43,ATL,shot,,,,,,,,,,Marvin Williams,2,,,made,,driving hook,28,11
Josh Smith,Marvin Williams,Maurice Evans,Ronald Murray,Zaza Pachulia,Chris Duhon,Chris Wilcox,Larry Hughes,Quentin Richardson,Wilson Chandler,1,0:32,NYK,shot,Wilson Chandler,,,,,,,,,Larry Hughes,2,,,made,,jump,11,25
Josh Smith,Marvin Williams,Maurice Evans,Ronald Murray,Zaza Pachulia,Chris Duhon,Chris Wilcox,Larry Hughes,Quentin Richardson,Wilson Chandler,1,0:20,ATL,turnover,,,,,,,,,,Josh Smith,,,bad pass,,,,,
Josh Smith,Marvin Williams,Maurice Evans,Ronald Murray,Zaza Pachulia,Chris Duhon,Chris Wilcox,Danilo Gallinari,Larry Hughes,Quentin Richardson,1,0:20,NYK,sub,,,,Danilo Gallinari,,Wilson Chandler,,,,,,,,,,,,
Josh Smith,Marvin Williams,Maurice Evans,Ronald Murray,Zaza Pachulia,Chris Duhon,Chris Wilcox,Danilo Gallinari,Larry Hughes,Quentin Richardson,1,0:03,NYK,shot,Chris Duhon,,,,,,,,,Danilo Gallinari,3,,,made,,3pt,2,5
Josh Smith,Marvin Williams,Maurice Evans,Ronald Murray,Zaza Pachulia,Chris Duhon,Chris Wilcox,Danilo Gallinari,Larry Hughes,Quentin Richardson,1,0:00,ATL,shot,,,,,,,,,,Marvin Williams,,,,missed,,3pt,40,27
Josh Smith,Marvin Williams,Maurice Evans,Ronald Murray,Zaza Pachulia,Chris Duhon,Chris Wilcox,Danilo Gallinari,Larry Hughes,Quentin Richardson,1,0:00,ATL,rebound,,,,,,,,,,,,,,,,,,
Josh Smith,Maurice Evans,Mike Bibby,Ronald Murray,Zaza Pachulia,Al Harrington,Chris Duhon,Chris Wilcox,Danilo Gallinari,Quentin Richardson,2,11:45,ATL,shot,Zaza Pachulia,,,,,,,,,Mike Bibby,2,,,made,,jump,25,25
Josh Smith,Maurice Evans,Mike Bibby,Ronald Murray,Zaza Pachulia,Al Harrington,Chris Duhon,Chris Wilcox,Danilo Gallinari,Quentin Richardson,2,11:19,NYK,shot,,,,,,,,,,Danilo Gallinari,,,,missed,,jump,16,22
Josh Smith,Maurice Evans,Mike Bibby,Ronald Murray,Zaza Pachulia,Al Harrington,Chris Duhon,Chris Wilcox,Danilo Gallinari,Quentin Richardson,2,11:17,NYK,rebound,,,,,,,,,,Al Harrington,,,,,,off,,
Josh Smith,Maurice Evans,Mike Bibby,Ronald Murray,Zaza Pachulia,Al Harrington,Chris Duhon,Chris Wilcox,Danilo Gallinari,Quentin Richardson,2,11:01,NYK,shot,,,,,,,,,,Danilo Gallinari,,,,missed,,jump,11,7
Josh Smith,Maurice Evans,Mike Bibby,Ronald Murray,Zaza Pachulia,Al Harrington,Chris Duhon,Chris Wilcox,Danilo Gallinari,Quentin Richardson,2,10:59,ATL,rebound,,,,,,,,,,Zaza Pachulia,,,,,,def,,
Josh Smith,Maurice Evans,Mike Bibby,Ronald Murray,Zaza Pachulia,Al Harrington,Chris Duhon,Chris Wilcox,Danilo Gallinari,Quentin Richardson,2,10:37,ATL,shot,,,,,,,,,,Josh Smith,2,,,made,,jump,33,9
Josh Smith,Maurice Evans,Mike Bibby,Ronald Murray,Zaza Pachulia,Al Harrington,Chris Duhon,Chris Wilcox,Danilo Gallinari,Quentin Richardson,2,10:18,NYK,shot,,,,,,,,,,Chris Wilcox,2,,,made,,slam dunk,25,6
Josh Smith,Maurice Evans,Mike Bibby,Ronald Murray,Zaza Pachulia,Al Harrington,Chris Duhon,Chris Wilcox,Danilo Gallinari,Quentin Richardson,2,9:58,NYK,foul,,,,,,,,Josh Smith,,Al Harrington,,,,,,personal,,
Josh Smith,Maurice Evans,Mike Bibby,Ronald Murray,Zaza Pachulia,Al Harrington,Chris Duhon,Chris Wilcox,Danilo Gallinari,Quentin Richardson,2,9:51,ATL,shot,,,,,,,,,,Ronald Murray,,,,missed,,3pt,7,23
Josh Smith,Maurice Evans,Mike Bibby,Ronald Murray,Zaza Pachulia,Al Harrington,Chris Duhon,Chris Wilcox,Danilo Gallinari,Quentin Richardson,2,9:49,ATL,rebound,,,,,,,,,,Zaza Pachulia,,,,,,off,,
Josh Smith,Maurice Evans,Mike Bibby,Ronald Murray,Zaza Pachulia,Al Harrington,Chris Duhon,Chris Wilcox,Danilo Gallinari,Quentin Richardson,2,9:49,NYK,foul,,,,,,,,Zaza Pachulia,,Quentin Richardson,,,,,,personal,,
Josh Smith,Maurice Evans,Mike Bibby,Ronald Murray,Zaza Pachulia,Al Harrington,Chris Duhon,Chris Wilcox,Danilo Gallinari,Quentin Richardson,2,9:44,ATL,shot,,,,,,,,,,Mike Bibby,2,,,made,,driving reverse layup,25,6
Josh Smith,Maurice Evans,Mike Bibby,Ronald Murray,Zaza Pachulia,Al Harrington,Chris Duhon,Chris Wilcox,Danilo Gallinari,Quentin Richardson,2,9:26,NYK,shot,,,,,,,,,,Chris Duhon,,,,missed,,3pt,47,16
Josh Smith,Maurice Evans,Mike Bibby,Ronald Murray,Zaza Pachulia,Al Harrington,Chris Duhon,Chris Wilcox,Danilo Gallinari,Quentin Richardson,2,9:24,NYK,rebound,,,,,,,,,,Al Harrington,,,,,,off,,
Josh Smith,Maurice Evans,Mike Bibby,Ronald Murray,Zaza Pachulia,Al Harrington,Chris Duhon,Chris Wilcox,Danilo Gallinari,Quentin Richardson,2,9:22,NYK,shot,,,,,,,,,,Al Harrington,2,,,made,,layup,25,6
Josh Smith,Maurice Evans,Mike Bibby,Ronald Murray,Zaza Pachulia,Al Harrington,Chris Duhon,Chris Wilcox,Danilo Gallinari,Quentin Richardson,2,9:09,ATL,turnover,,,,,,,,,,Josh Smith,,,lost ball,,Chris Wilcox,,,
Josh Smith,Maurice Evans,Mike Bibby,Ronald Murray,Zaza Pachulia,Al Harrington,Chris Duhon,Chris Wilcox,Danilo Gallinari,Quentin Richardson,2,9:01,NYK,shot,Chris Duhon,,,,,,,,,Danilo Gallinari,3,,,made,,3pt,7,22
Josh Smith,Maurice Evans,Mike Bibby,Ronald Murray,Zaza Pachulia,Al Harrington,Chris Duhon,Chris Wilcox,Danilo Gallinari,Quentin Richardson,2,8:42,ATL,turnover,,,,,,,,,,Ronald Murray,,,bad pass,,Al Harrington,,,
Josh Smith,Maurice Evans,Mike Bibby,Ronald Murray,Zaza Pachulia,Al Harrington,Chris Duhon,Chris Wilcox,Danilo Gallinari,Quentin Richardson,2,8:41,ATL,foul,,,,,,,,Danilo Gallinari,,Ronald Murray,,,,,,personal,,
Josh Smith,Maurice Evans,Mike Bibby,Ronald Murray,Zaza Pachulia,Al Harrington,Chris Duhon,Chris Wilcox,Danilo Gallinari,Quentin Richardson,2,8:41,OFF,timeout,,,,,,,,,,,,,,,,official,,
Josh Smith,Maurice Evans,Mike Bibby,Ronald Murray,Zaza Pachulia,Al Harrington,Chris Wilcox,Danilo Gallinari,Larry Hughes,Quentin Richardson,2,8:41,NYK,sub,,,,Larry Hughes,,Chris Duhon,,,,,,,,,,,,
Al Horford,Josh Smith,Mike Bibby,Ronald Murray,Zaza Pachulia,Al Harrington,Chris Wilcox,Danilo Gallinari,Larry Hughes,Quentin Richardson,2,8:41,ATL,sub,,,,Al Horford,,Maurice Evans,,,,,,,,,,,,
Al Horford,Joe Johnson,Josh Smith,Mike Bibby,Ronald Murray,Al Harrington,Chris Wilcox,Danilo Gallinari,Larry Hughes,Quentin Richardson,2,8:41,ATL,sub,,,,Joe Johnson,,Zaza Pachulia,,,,,,,,,,,,
Al Horford,Joe Johnson,Josh Smith,Mike Bibby,Ronald Murray,Al Harrington,Chris Wilcox,Danilo Gallinari,Larry Hughes,Quentin Richardson,2,8:31,ATL,violation,,,,,,,,,,Joe Johnson,,,,,,kicked ball,,
Al Horford,Joe Johnson,Josh Smith,Mike Bibby,Ronald Murray,Al Harrington,Chris Wilcox,Danilo Gallinari,Larry Hughes,Quentin Richardson,2,8:26,NYK,foul,,,,,,,,Josh Smith,,Larry Hughes,,,,,,offensive,,
Al Horford,Joe Johnson,Josh Smith,Mike Bibby,Ronald Murray,Al Harrington,Chris Wilcox,Danilo Gallinari,Larry Hughes,Quentin Richardson,2,8:26,NYK,turnover,,,,,,,,,,Larry Hughes,,,foul,,,,,
Al Horford,Joe Johnson,Josh Smith,Mike Bibby,Ronald Murray,Al Harrington,Chris Wilcox,Danilo Gallinari,Larry Hughes,Quentin Richardson,2,8:13,ATL,shot,Mike Bibby,,,,,,,,,Josh Smith,2,,,made,,slam dunk,25,6
Al Horford,Joe Johnson,Josh Smith,Mike Bibby,Ronald Murray,Al Harrington,Chris Wilcox,Danilo Gallinari,Larry Hughes,Quentin Richardson,2,8:00,NYK,shot,,,,,,,,,,Chris Wilcox,,,,missed,,layup,25,6
Al Horford,Joe Johnson,Josh Smith,Mike Bibby,Ronald Murray,Al Harrington,Chris Wilcox,Danilo Gallinari,Larry Hughes,Quentin Richardson,2,7:59,NYK,shot,,,,,,,,,,Quentin Richardson,,,,missed,,layup,25,6
Al Horford,Joe Johnson,Josh Smith,Mike Bibby,Ronald Murray,Al Harrington,Chris Wilcox,Danilo Gallinari,Larry Hughes,Quentin Richardson,2,7:59,NYK,rebound,,,,,,,,,,Quentin Richardson,,,,,,off,,
Al Horford,Joe Johnson,Josh Smith,Mike Bibby,Ronald Murray,Al Harrington,Chris Wilcox,Danilo Gallinari,Larry Hughes,Quentin Richardson,2,7:58,NYK,shot,,,,,,,,,,Chris Wilcox,,,,missed,,tip,25,6
Al Horford,Joe Johnson,Josh Smith,Mike Bibby,Ronald Murray,Al Harrington,Chris Wilcox,Danilo Gallinari,Larry Hughes,Quentin Richardson,2,7:58,NYK,rebound,,,,,,,,,,Chris Wilcox,,,,,,off,,
Al Horford,Joe Johnson,Josh Smith,Mike Bibby,Ronald Murray,Al Harrington,Chris Wilcox,Danilo Gallinari,Larry Hughes,Quentin Richardson,2,7:57,ATL,rebound,,,,,,,,,,Josh Smith,,,,,,def,,
Al Horford,Joe Johnson,Josh Smith,Mike Bibby,Ronald Murray,Al Harrington,Chris Wilcox,Danilo Gallinari,Larry Hughes,Quentin Richardson,2,7:50,ATL,shot,,,,,,,,,,Mike Bibby,2,,,made,,pullup jump,18,16
Al Horford,Joe Johnson,Josh Smith,Mike Bibby,Ronald Murray,Al Harrington,Chris Wilcox,Danilo Gallinari,Larry Hughes,Quentin Richardson,2,7:35,NYK,shot,,,,,,,,,,Danilo Gallinari,,,,missed,,jump,45,9
Al Horford,Joe Johnson,Josh Smith,Mike Bibby,Ronald Murray,Al Harrington,Chris Wilcox,Danilo Gallinari,Larry Hughes,Quentin Richardson,2,7:33,ATL,rebound,,,,,,,,,,Joe Johnson,,,,,,def,,
Al Horford,Joe Johnson,Josh Smith,Mike Bibby,Ronald Murray,Al Harrington,Chris Wilcox,Danilo Gallinari,Larry Hughes,Quentin Richardson,2,7:11,ATL,shot,,,,,,,,,,Al Horford,,,,missed,,jump,41,9
Al Horford,Joe Johnson,Josh Smith,Mike Bibby,Ronald Murray,Al Harrington,Chris Wilcox,Danilo Gallinari,Larry Hughes,Quentin Richardson,2,7:09,NYK,rebound,,,,,,,,,,Danilo Gallinari,,,,,,def,,
Al Horford,Joe Johnson,Josh Smith,Mike Bibby,Ronald Murray,Al Harrington,Chris Wilcox,Danilo Gallinari,Larry Hughes,Quentin Richardson,2,7:04,NYK,shot,,,,,,,,,,Al Harrington,,,,missed,,layup,25,6
Al Horford,Joe Johnson,Josh Smith,Mike Bibby,Ronald Murray,Al Harrington,Chris Wilcox,Danilo Gallinari,Larry Hughes,Quentin Richardson,2,7:03,NYK,rebound,,,,,,,,,,Al Harrington,,,,,,off,,
Al Horford,Joe Johnson,Josh Smith,Mike Bibby,Ronald Murray,Al Harrington,Chris Wilcox,Danilo Gallinari,Larry Hughes,Quentin Richardson,2,7:02,NYK,shot,,,,,,,,,,Al Harrington,2,,,made,,layup,25,6
Al Horford,Joe Johnson,Josh Smith,Mike Bibby,Ronald Murray,Al Harrington,Chris Wilcox,Danilo Gallinari,Larry Hughes,Quentin Richardson,2,6:42,ATL,shot,Al Horford,,,,,,,,,Josh Smith,2,,,made,,jump,27,11
Al Horford,Joe Johnson,Josh Smith,Mike Bibby,Ronald Murray,Al Harrington,Chris Wilcox,Danilo Gallinari,Larry Hughes,Quentin Richardson,2,6:37,NYK,turnover,,,,,,,,,,Al Harrington,,,poss lost ball turnover,,,,,
Al Horford,Joe Johnson,Josh Smith,Mike Bibby,Ronald Murray,Al Harrington,Chris Wilcox,Danilo Gallinari,Larry Hughes,Wilson Chandler,2,6:37,NYK,sub,,,,Wilson Chandler,,Quentin Richardson,,,,,,,,,,,,
Al Horford,Joe Johnson,Josh Smith,Mike Bibby,Ronald Murray,Al Harrington,Danilo Gallinari,David Lee,Larry Hughes,Wilson Chandler,2,6:37,NYK,sub,,,,David Lee,,Chris Wilcox,,,,,,,,,,,,
Al Horford,Joe Johnson,Josh Smith,Marvin Williams,Mike Bibby,Al Harrington,Danilo Gallinari,David Lee,Larry Hughes,Wilson Chandler,2,6:36,ATL,sub,,,,Marvin Williams,,Ronald Murray,,,,,,,,,,,,
Al Horford,Joe Johnson,Josh Smith,Marvin Williams,Mike Bibby,Al Harrington,Danilo Gallinari,David Lee,Larry Hughes,Wilson Chandler,2,6:26,ATL,turnover,,,,,,,,,,Al Horford,,,lost ball,,David Lee,,,
Al Horford,Joe Johnson,Josh Smith,Marvin Williams,Mike Bibby,Al Harrington,Danilo Gallinari,David Lee,Larry Hughes,Wilson Chandler,2,6:22,NYK,shot,,,,,,,,,,David Lee,2,,,made,,driving layup,25,6
Al Horford,Joe Johnson,Josh Smith,Marvin Williams,Mike Bibby,Al Harrington,Danilo Gallinari,David Lee,Larry Hughes,Wilson Chandler,2,5:56,ATL,shot,,,,,,,,,,Mike Bibby,,,,missed,,jump,18,24
Al Horford,Joe Johnson,Josh Smith,Marvin Williams,Mike Bibby,Al Harrington,Danilo Gallinari,David Lee,Larry Hughes,Wilson Chandler,2,5:55,NYK,rebound,,,,,,,,,,Wilson Chandler,,,,,,def,,
Al Horford,Joe Johnson,Josh Smith,Marvin Williams,Mike Bibby,Al Harrington,Danilo Gallinari,David Lee,Larry Hughes,Wilson Chandler,2,5:42,NYK,shot,Wilson Chandler,,,,,,,,,Danilo Gallinari,2,,,made,,jump,46,4
Al Horford,Joe Johnson,Josh Smith,Marvin Williams,Mike Bibby,Al Harrington,Danilo Gallinari,David Lee,Larry Hughes,Wilson Chandler,2,5:15,ATL,shot,,,,,,,,,,Marvin Williams,,,,missed,,3pt,2,9
Al Horford,Joe Johnson,Josh Smith,Marvin Williams,Mike Bibby,Al Harrington,Danilo Gallinari,David Lee,Larry Hughes,Wilson Chandler,2,5:13,NYK,rebound,,,,,,,,,,David Lee,,,,,,def,,
Al Horford,Joe Johnson,Josh Smith,Marvin Williams,Mike Bibby,Al Harrington,Danilo Gallinari,David Lee,Larry Hughes,Wilson Chandler,2,5:05,NYK,shot,,,,,,,,,,Al Harrington,2,,,made,,layup,25,6
Al Horford,Joe Johnson,Josh Smith,Marvin Williams,Mike Bibby,Al Harrington,Danilo Gallinari,David Lee,Larry Hughes,Wilson Chandler,2,4:54,ATL,timeout,,,,,,,,,,,,,,,,regular,,
Al Horford,Joe Johnson,Marvin Williams,Maurice Evans,Mike Bibby,Al Harrington,Danilo Gallinari,David Lee,Larry Hughes,Wilson Chandler,2,4:54,ATL,sub,,,,Maurice Evans,,Josh Smith,,,,,,,,,,,,
Al Horford,Joe Johnson,Marvin Williams,Maurice Evans,Mike Bibby,Al Harrington,Danilo Gallinari,David Lee,Larry Hughes,Wilson Chandler,2,4:47,NYK,foul,,,,,,,,Marvin Williams,,Al Harrington,,,,,,personal,,
Al Horford,Joe Johnson,Marvin Williams,Maurice Evans,Mike Bibby,Chris Duhon,Danilo Gallinari,David Lee,Larry Hughes,Wilson Chandler,2,4:47,NYK,sub,,,,Chris Duhon,,Al Harrington,,,,,,,,,,,,
Al Horford,Joe Johnson,Marvin Williams,Maurice Evans,Mike Bibby,Chris Duhon,Danilo Gallinari,David Lee,Larry Hughes,Wilson Chandler,2,4:39,ATL,shot,,,,,,,,,,Mike Bibby,,,,missed,,driving layup,25,6
Al Horford,Joe Johnson,Marvin Williams,Maurice Evans,Mike Bibby,Chris Duhon,Danilo Gallinari,David Lee,Larry Hughes,Wilson Chandler,2,4:38,NYK,rebound,,,,,,,,,,David Lee,,,,,,def,,
Al Horford,Joe Johnson,Marvin Williams,Maurice Evans,Mike Bibby,Chris Duhon,Danilo Gallinari,David Lee,Larry Hughes,Wilson Chandler,2,4:14,NYK,shot,,,,,,,,,,David Lee,,,,missed,,jump,10,10
Al Horford,Joe Johnson,Marvin Williams,Maurice Evans,Mike Bibby,Chris Duhon,Danilo Gallinari,David Lee,Larry Hughes,Wilson Chandler,2,4:13,ATL,rebound,,,,,,,,,,Al Horford,,,,,,def,,
Al Horford,Joe Johnson,Marvin Williams,Maurice Evans,Mike Bibby,Chris Duhon,Danilo Gallinari,David Lee,Larry Hughes,Wilson Chandler,2,4:05,ATL,shot,,,,,,,,,,Joe Johnson,2,,,made,,driving layup,25,6
Al Horford,Joe Johnson,Marvin Williams,Maurice Evans,Mike Bibby,Chris Duhon,Danilo Gallinari,David Lee,Larry Hughes,Wilson Chandler,2,3:56,NYK,shot,,,,,,,,,,Chris Duhon,2,,,made,,driving layup,25,6
Al Horford,Joe Johnson,Marvin Williams,Maurice Evans,Mike Bibby,Chris Duhon,Danilo Gallinari,David Lee,Larry Hughes,Wilson Chandler,2,3:56,ATL,foul,,,,,,,,Chris Duhon,,Joe Johnson,,,,,,shooting,,
Al Horford,Joe Johnson,Marvin Williams,Maurice Evans,Mike Bibby,Chris Duhon,Danilo Gallinari,David Lee,Larry Hughes,Wilson Chandler,2,3:56,NYK,free throw,,,,,,,1,,1,Chris Duhon,,,foul,made,,,,
Al Horford,Joe Johnson,Marvin Williams,Maurice Evans,Mike Bibby,Chris Duhon,Danilo Gallinari,David Lee,Larry Hughes,Wilson Chandler,2,3:39,ATL,shot,,,,,,,,,,Joe Johnson,2,,,made,,running jump,22,11
Al Horford,Joe Johnson,Marvin Williams,Maurice Evans,Mike Bibby,Chris Duhon,Danilo Gallinari,David Lee,Larry Hughes,Wilson Chandler,2,3:12,NYK,shot,,,,,,,,,,Larry Hughes,2,,,made,,jump,41,21
Al Horford,Joe Johnson,Marvin Williams,Maurice Evans,Mike Bibby,Chris Duhon,Danilo Gallinari,David Lee,Larry Hughes,Wilson Chandler,2,3:00,ATL,shot,,,,,,,,,,Al Horford,,,,missed,,jump,21,20
Al Horford,Joe Johnson,Marvin Williams,Maurice Evans,Mike Bibby,Chris Duhon,Danilo Gallinari,David Lee,Larry Hughes,Wilson Chandler,2,2:58,NYK,rebound,,,,,,,,,,David Lee,,,,,,def,,
Al Horford,Joe Johnson,Marvin Williams,Maurice Evans,Mike Bibby,Chris Duhon,Danilo Gallinari,David Lee,Larry Hughes,Wilson Chandler,2,2:50,NYK,shot,,,,,,,,,,Wilson Chandler,,,,missed,,jump,39,19
Al Horford,Joe Johnson,Marvin Williams,Maurice Evans,Mike Bibby,Chris Duhon,Danilo Gallinari,David Lee,Larry Hughes,Wilson Chandler,2,2:49,ATL,rebound,,,,,,,,,,Joe Johnson,,,,,,def,,
Al Horford,Joe Johnson,Marvin Williams,Maurice Evans,Mike Bibby,Chris Duhon,Danilo Gallinari,David Lee,Larry Hughes,Wilson Chandler,2,2:40,ATL,shot,Joe Johnson,,,,,,,,,Maurice Evans,3,,,made,,3pt,48,3
Al Horford,Joe Johnson,Marvin Williams,Maurice Evans,Mike Bibby,Chris Duhon,Danilo Gallinari,David Lee,Larry Hughes,Wilson Chandler,2,2:26,ATL,foul,,,,,,,,,,Maurice Evans,,,,,,defense 3 second,,
Al Horford,Joe Johnson,Marvin Williams,Maurice Evans,Mike Bibby,Chris Duhon,Danilo Gallinari,David Lee,Larry Hughes,Wilson Chandler,2,2:26,NYK,timeout,,,,,,,,,,,,,,,,regular,,
Al Horford,Joe Johnson,Marvin Williams,Maurice Evans,Mike Bibby,Chris Duhon,Danilo Gallinari,David Lee,Larry Hughes,Wilson Chandler,2,2:26,NYK,free throw,,,,,,,1,,1,Chris Duhon,,,technical,made,,,,
Al Horford,Joe Johnson,Marvin Williams,Maurice Evans,Mike Bibby,Chris Duhon,Danilo Gallinari,David Lee,Larry Hughes,Wilson Chandler,2,2:17,NYK,shot,Chris Duhon,,,,,,,,,Larry Hughes,2,,,made,,jump,16,28
Al Horford,Joe Johnson,Marvin Williams,Maurice Evans,Mike Bibby,Chris Duhon,Danilo Gallinari,David Lee,Larry Hughes,Wilson Chandler,2,1:58,ATL,shot,,,,,,,,,,Marvin Williams,2,,,made,,driving layup,25,6
Al Horford,Joe Johnson,Marvin Williams,Maurice Evans,Mike Bibby,Chris Duhon,Danilo Gallinari,David Lee,Larry Hughes,Wilson Chandler,2,1:38,NYK,shot,,,,,,,,,,David Lee,2,,,made,,driving layup,25,6
Al Horford,Joe Johnson,Marvin Williams,Maurice Evans,Mike Bibby,Chris Duhon,Danilo Gallinari,David Lee,Larry Hughes,Wilson Chandler,2,1:21,NYK,foul,,,,,,,,Joe Johnson,,Larry Hughes,,,,,,personal,,
Al Horford,Joe Johnson,Marvin Williams,Maurice Evans,Mike Bibby,Chris Duhon,Danilo Gallinari,David Lee,Quentin Richardson,Wilson Chandler,2,1:21,NYK,sub,,,,Quentin Richardson,,Larry Hughes,,,,,,,,,,,,
Al Horford,Joe Johnson,Marvin Williams,Maurice Evans,Mike Bibby,Chris Duhon,Danilo Gallinari,David Lee,Quentin Richardson,Wilson Chandler,2,1:07,ATL,shot,,,,,,,,,,Mike Bibby,,,,missed,,3pt,45,20
Al Horford,Joe Johnson,Marvin Williams,Maurice Evans,Mike Bibby,Chris Duhon,Danilo Gallinari,David Lee,Quentin Richardson,Wilson Chandler,2,1:05,ATL,rebound,,,,,,,,,,Marvin Williams,,,,,,off,,
Al Horford,Joe Johnson,Marvin Williams,Maurice Evans,Mike Bibby,Chris Duhon,Danilo Gallinari,David Lee,Quentin Richardson,Wilson Chandler,2,1:03,ATL,shot,,,,,,,,,,Marvin Williams,,,,missed,,layup,25,6
Al Horford,Joe Johnson,Marvin Williams,Maurice Evans,Mike Bibby,Chris Duhon,Danilo Gallinari,David Lee,Quentin Richardson,Wilson Chandler,2,1:02,NYK,rebound,,,,,,,,,,David Lee,,,,,,def,,
Al Horford,Joe Johnson,Marvin Williams,Maurice Evans,Mike Bibby,Chris Duhon,Danilo Gallinari,David Lee,Quentin Richardson,Wilson Chandler,2,0:57,NYK,shot,Chris Duhon,,,,,,,,,Wilson Chandler,2,,,made,,driving reverse layup,25,6
Al Horford,Joe Johnson,Marvin Williams,Maurice Evans,Mike Bibby,Chris Duhon,Danilo Gallinari,David Lee,Quentin Richardson,Wilson Chandler,2,0:43,ATL,shot,,,,,,,,,,Al Horford,,,,missed,,jump,19,9
Al Horford,Joe Johnson,Marvin Williams,Maurice Evans,Mike Bibby,Chris Duhon,Danilo Gallinari,David Lee,Quentin Richardson,Wilson Chandler,2,0:41,ATL,rebound,,,,,,,,,,Maurice Evans,,,,,,off,,
Al Horford,Joe Johnson,Marvin Williams,Maurice Evans,Mike Bibby,Chris Duhon,Danilo Gallinari,David Lee,Quentin Richardson,Wilson Chandler,2,0:40,ATL,shot,,,David Lee,,,,,,,Maurice Evans,,,,missed,,layup,25,6
Al Horford,Joe Johnson,Marvin Williams,Maurice Evans,Mike Bibby,Chris Duhon,Danilo Gallinari,David Lee,Quentin Richardson,Wilson Chandler,2,0:39,NYK,rebound,,,,,,,,,,David Lee,,,,,,def,,
Al Horford,Joe Johnson,Marvin Williams,Maurice Evans,Mike Bibby,Chris Duhon,Danilo Gallinari,David Lee,Quentin Richardson,Wilson Chandler,2,0:25,NYK,shot,,,,,,,,,,Chris Duhon,,,,missed,,jump,32,6
Al Horford,Joe Johnson,Marvin Williams,Maurice Evans,Mike Bibby,Chris Duhon,Danilo Gallinari,David Lee,Quentin Richardson,Wilson Chandler,2,0:23,ATL,rebound,,,,,,,,,,Al Horford,,,,,,def,,
Al Horford,Joe Johnson,Marvin Williams,Maurice Evans,Mike Bibby,Chris Duhon,Danilo Gallinari,David Lee,Quentin Richardson,Wilson Chandler,2,0:17,ATL,shot,Joe Johnson,,,,,,,,,Al Horford,2,,,made,,layup,25,6
Al Horford,Joe Johnson,Marvin Williams,Maurice Evans,Mike Bibby,Chris Duhon,Danilo Gallinari,David Lee,Quentin Richardson,Wilson Chandler,2,0:05,NYK,shot,,,,,,,,,,Chris Duhon,,,,missed,,3pt,10,28
Al Horford,Joe Johnson,Marvin Williams,Maurice Evans,Mike Bibby,Chris Duhon,Danilo Gallinari,David Lee,Quentin Richardson,Wilson Chandler,2,0:04,NYK,rebound,,,,,,,,,,,,,,,,,,
Al Horford,Joe Johnson,Marvin Williams,Maurice Evans,Mike Bibby,Chris Duhon,Danilo Gallinari,David Lee,Quentin Richardson,Wilson Chandler,2,0:04,ATL,foul,,,,,,,,Quentin Richardson,,Maurice Evans,,,,,,loose ball,,
Al Horford,Joe Johnson,Marvin Williams,Maurice Evans,Mike Bibby,Chris Duhon,Danilo Gallinari,David Lee,Quentin Richardson,Wilson Chandler,2,0:04,NYK,timeout,,,,,,,,,,,,,,,,short,,
Al Horford,Joe Johnson,Josh Smith,Marvin Williams,Maurice Evans,Chris Duhon,Danilo Gallinari,David Lee,Quentin Richardson,Wilson Chandler,2,0:04,ATL,sub,,,,Josh Smith,,Mike Bibby,,,,,,,,,,,,
Al Horford,Joe Johnson,Josh Smith,Marvin Williams,Maurice Evans,Chris Duhon,Danilo Gallinari,David Lee,Quentin Richardson,Wilson Chandler,2,0:03,ATL,foul,,,,,,,,Wilson Chandler,,Marvin Williams,,,,,,shooting,,
Al Horford,Joe Johnson,Josh Smith,Marvin Williams,Maurice Evans,Chris Duhon,Danilo Gallinari,David Lee,Quentin Richardson,Wilson Chandler,2,0:03,NYK,free throw,,,,,,,1,,2,Wilson Chandler,,,foul,made,,,,
Al Horford,Joe Johnson,Josh Smith,Marvin Williams,Maurice Evans,Chris Duhon,Danilo Gallinari,David Lee,Quentin Richardson,Wilson Chandler,2,0:03,NYK,free throw,,,,,,,2,,2,Wilson Chandler,,,foul,made,,,,
Al Horford,Joe Johnson,Josh Smith,Marvin Williams,Maurice Evans,Chris Duhon,Danilo Gallinari,David Lee,Quentin Richardson,Wilson Chandler,2,0:02,ATL,timeout,,,,,,,,,,,,,,,,short,,
Joe Johnson,Josh Smith,Marvin Williams,Maurice Evans,Ronald Murray,Chris Duhon,Danilo Gallinari,David Lee,Quentin Richardson,Wilson Chandler,2,0:02,ATL,sub,,,,Ronald Murray,,Al Horford,,,,,,,,,,,,
Joe Johnson,Josh Smith,Marvin Williams,Maurice Evans,Ronald Murray,Chris Duhon,Danilo Gallinari,David Lee,Quentin Richardson,Wilson Chandler,2,0:00,ATL,shot,,,,,,,,,,Ronald Murray,,,,missed,,3pt,18,53
Joe Johnson,Josh Smith,Marvin Williams,Maurice Evans,Ronald Murray,Chris Duhon,Danilo Gallinari,David Lee,Quentin Richardson,Wilson Chandler,2,0:00,ATL,rebound,,,,,,,,,,,,,,,,,,
Al Horford,Joe Johnson,Josh Smith,Marvin Williams,Mike Bibby,Al Harrington,Chris Duhon,David Lee,Larry Hughes,Wilson Chandler,3,11:37,ATL,shot,Joe Johnson,,,,,,,,,Al Horford,2,,,made,,jump,40,6
Al Horford,Joe Johnson,Josh Smith,Marvin Williams,Mike Bibby,Al Harrington,Chris Duhon,David Lee,Larry Hughes,Wilson Chandler,3,11:17,NYK,shot,,,,,,,,,,Al Harrington,3,,,made,,3pt,48,7
Al Horford,Joe Johnson,Josh Smith,Marvin Williams,Mike Bibby,Al Harrington,Chris Duhon,David Lee,Larry Hughes,Wilson Chandler,3,10:58,ATL,shot,,,,,,,,,,Joe Johnson,,,,missed,,jump,30,11
Al Horford,Joe Johnson,Josh Smith,Marvin Williams,Mike Bibby,Al Harrington,Chris Duhon,David Lee,Larry Hughes,Wilson Chandler,3,10:56,ATL,rebound,,,,,,,,,,Joe Johnson,,,,,,off,,
Al Horford,Joe Johnson,Josh Smith,Marvin Williams,Mike Bibby,Al Harrington,Chris Duhon,David Lee,Larry Hughes,Wilson Chandler,3,10:51,ATL,turnover,,,,,,,,,,Joe Johnson,,,lost ball,,Al Harrington,,,
Al Horford,Joe Johnson,Josh Smith,Marvin Williams,Mike Bibby,Al Harrington,Chris Duhon,David Lee,Larry Hughes,Wilson Chandler,3,10:47,NYK,shot,Larry Hughes,,,,,,,,,Wilson Chandler,2,,,made,,driving slam dunk,25,6
Al Horford,Joe Johnson,Josh Smith,Marvin Williams,Mike Bibby,Al Harrington,Chris Duhon,David Lee,Larry Hughes,Wilson Chandler,3,10:26,ATL,shot,,,,,,,,,,Mike Bibby,,,,missed,,jump,45,3
Al Horford,Joe Johnson,Josh Smith,Marvin Williams,Mike Bibby,Al Harrington,Chris Duhon,David Lee,Larry Hughes,Wilson Chandler,3,10:24,ATL,rebound,,,,,,,,,,Al Horford,,,,,,off,,
Al Horford,Joe Johnson,Josh Smith,Marvin Williams,Mike Bibby,Al Harrington,Chris Duhon,David Lee,Larry Hughes,Wilson Chandler,3,10:11,ATL,shot,Mike Bibby,,,,,,,,,Al Horford,2,,,made,,driving layup,25,6
Al Horford,Joe Johnson,Josh Smith,Marvin Williams,Mike Bibby,Al Harrington,Chris Duhon,David Lee,Larry Hughes,Wilson Chandler,3,10:11,NYK,foul,,,,,,,,Al Horford,,Wilson Chandler,,,,,,shooting,,
Al Horford,Joe Johnson,Josh Smith,Marvin Williams,Mike Bibby,Al Harrington,Chris Duhon,David Lee,Larry Hughes,Wilson Chandler,3,10:11,ATL,free throw,,,,,,,1,,1,Al Horford,,,foul,made,,,,
Al Horford,Joe Johnson,Josh Smith,Marvin Williams,Mike Bibby,Al Harrington,Chris Duhon,David Lee,Larry Hughes,Wilson Chandler,3,9:58,NYK,shot,David Lee,,,,,,,,,Larry Hughes,3,,,made,,3pt,11,26
Al Horford,Joe Johnson,Josh Smith,Marvin Williams,Mike Bibby,Al Harrington,Chris Duhon,David Lee,Larry Hughes,Wilson Chandler,3,9:32,ATL,shot,Marvin Williams,,,,,,,,,Joe Johnson,2,,,made,,jump,5,4
Al Horford,Joe Johnson,Josh Smith,Marvin Williams,Mike Bibby,Al Harrington,Chris Duhon,David Lee,Larry Hughes,Wilson Chandler,3,9:23,NYK,shot,,,,,,,,,,Chris Duhon,2,,,made,,jump,15,22
Al Horford,Joe Johnson,Josh Smith,Marvin Williams,Mike Bibby,Al Harrington,Chris Duhon,David Lee,Larry Hughes,Wilson Chandler,3,9:00,ATL,shot,,,,,,,,,,Marvin Williams,,,,missed,,jump,17,8
Al Horford,Joe Johnson,Josh Smith,Marvin Williams,Mike Bibby,Al Harrington,Chris Duhon,David Lee,Larry Hughes,Wilson Chandler,3,8:58,ATL,rebound,,,,,,,,,,Al Horford,,,,,,off,,
Al Horford,Joe Johnson,Josh Smith,Marvin Williams,Mike Bibby,Al Harrington,Chris Duhon,David Lee,Larry Hughes,Wilson Chandler,3,8:56,ATL,shot,,,,,,,,,,Al Horford,2,,,made,,layup,25,6
Al Horford,Joe Johnson,Josh Smith,Marvin Williams,Mike Bibby,Al Harrington,Chris Duhon,David Lee,Larry Hughes,Wilson Chandler,3,8:49,ATL,foul,,,,,,,,Wilson Chandler,,Al Horford,,,,,,shooting,,
Al Horford,Joe Johnson,Josh Smith,Marvin Williams,Mike Bibby,Al Harrington,Chris Duhon,David Lee,Larry Hughes,Wilson Chandler,3,8:49,NYK,free throw,,,,,,,1,,2,Wilson Chandler,,,foul,made,,,,
Al Horford,Joe Johnson,Josh Smith,Marvin Williams,Mike Bibby,Al Harrington,Chris Duhon,David Lee,Larry Hughes,Wilson Chandler,3,8:49,NYK,free throw,,,,,,,2,,2,Wilson Chandler,,,foul,made,,,,
Al Horford,Joe Johnson,Josh Smith,Marvin Williams,Mike Bibby,Al Harrington,Chris Duhon,David Lee,Larry Hughes,Wilson Chandler,3,8:31,ATL,turnover,,,,,,,,,,Josh Smith,,,bad pass,,David Lee,,,
Al Horford,Joe Johnson,Josh Smith,Marvin Williams,Mike Bibby,Al Harrington,Chris Duhon,David Lee,Larry Hughes,Wilson Chandler,3,8:21,NYK,shot,,,,,,,,,,Al Harrington,,,,missed,,3pt,45,20
Al Horford,Joe Johnson,Josh Smith,Marvin Williams,Mike Bibby,Al Harrington,Chris Duhon,David Lee,Larry Hughes,Wilson Chandler,3,8:20,ATL,rebound,,,,,,,,,,,,,,,,,,
Al Horford,Joe Johnson,Josh Smith,Marvin Williams,Mike Bibby,Al Harrington,Chris Duhon,David Lee,Larry Hughes,Wilson Chandler,3,8:05,ATL,shot,Mike Bibby,,,,,,,,,Al Horford,2,,,made,,layup,25,6
Al Horford,Joe Johnson,Josh Smith,Marvin Williams,Mike Bibby,Al Harrington,Chris Duhon,David Lee,Larry Hughes,Wilson Chandler,3,7:56,NYK,shot,,,,,,,,,,Chris Duhon,2,,,made,,driving layup,25,6
Al Horford,Joe Johnson,Josh Smith,Marvin Williams,Mike Bibby,Al Harrington,Chris Duhon,David Lee,Larry Hughes,Wilson Chandler,3,7:42,NYK,foul,,,,,,,,Joe Johnson,,David Lee,,,,,,personal,,
Al Horford,Joe Johnson,Marvin Williams,Mike Bibby,Ronald Murray,Al Harrington,Chris Duhon,David Lee,Larry Hughes,Wilson Chandler,3,7:42,ATL,sub,,,,Ronald Murray,,Josh Smith,,,,,,,,,,,,
Al Horford,Joe Johnson,Marvin Williams,Mike Bibby,Ronald Murray,Al Harrington,Chris Duhon,David Lee,Larry Hughes,Wilson Chandler,3,7:33,ATL,shot,,,,,,,,,,Joe Johnson,2,,,made,,driving layup,25,6
Al Horford,Joe Johnson,Marvin Williams,Mike Bibby,Ronald Murray,Al Harrington,Chris Duhon,David Lee,Larry Hughes,Wilson Chandler,3,7:33,NYK,foul,,,,,,,,Joe Johnson,,Wilson Chandler,,,,,,shooting,,
Al Horford,Joe Johnson,Marvin Williams,Mike Bibby,Ronald Murray,Al Harrington,Chris Duhon,David Lee,Larry Hughes,Wilson Chandler,3,7:33,ATL,free throw,,,,,,,1,,1,Joe Johnson,,,foul,missed,,,,
Al Horford,Joe Johnson,Marvin Williams,Mike Bibby,Ronald Murray,Al Harrington,Chris Duhon,David Lee,Larry Hughes,Wilson Chandler,3,7:31,NYK,rebound,,,,,,,,,,Larry Hughes,,,,,,def,,
Al Horford,Joe Johnson,Marvin Williams,Mike Bibby,Ronald Murray,Al Harrington,Chris Duhon,David Lee,Larry Hughes,Wilson Chandler,3,7:25,NYK,turnover,,,,,,,,,,Chris Duhon,,,bad pass,,,,,
Al Horford,Joe Johnson,Marvin Williams,Mike Bibby,Ronald Murray,Al Harrington,Chris Duhon,David Lee,Larry Hughes,Wilson Chandler,3,7:10,ATL,shot,Ronald Murray,,,,,,,,,Marvin Williams,2,,,made,,jump,42,3
Al Horford,Joe Johnson,Marvin Williams,Mike Bibby,Ronald Murray,Al Harrington,Chris Duhon,David Lee,Larry Hughes,Wilson Chandler,3,7:02,ATL,foul,,,,,,,,David Lee,,Al Horford,,,,,,shooting,,
Al Horford,Joe Johnson,Marvin Williams,Mike Bibby,Ronald Murray,Al Harrington,Chris Duhon,David Lee,Larry Hughes,Wilson Chandler,3,7:02,NYK,free throw,,,,,,,1,,2,David Lee,,,foul,made,,,,
Al Horford,Joe Johnson,Marvin Williams,Mike Bibby,Ronald Murray,Al Harrington,Chris Duhon,David Lee,Larry Hughes,Wilson Chandler,3,7:02,ATL,timeout,,,,,,,,,,,,,,,,short,,
Al Horford,Joe Johnson,Marvin Williams,Mike Bibby,Ronald Murray,Al Harrington,Chris Duhon,David Lee,Larry Hughes,Wilson Chandler,3,7:02,NYK,free throw,,,,,,,2,,2,David Lee,,,foul,made,,,,
Al Horford,Joe Johnson,Marvin Williams,Mike Bibby,Ronald Murray,Al Harrington,Chris Duhon,David Lee,Larry Hughes,Wilson Chandler,3,6:40,ATL,shot,,,,,,,,,,Marvin Williams,,,,missed,,jump,33,6
Al Horford,Joe Johnson,Marvin Williams,Mike Bibby,Ronald Murray,Al Harrington,Chris Duhon,David Lee,Larry Hughes,Wilson Chandler,3,6:39,NYK,rebound,,,,,,,,,,,,,,,,,,
Al Horford,Joe Johnson,Marvin Williams,Mike Bibby,Ronald Murray,Al Harrington,Chris Duhon,David Lee,Larry Hughes,Wilson Chandler,3,6:19,NYK,shot,,,,,,,,,,Al Harrington,,,,missed,,driving layup,25,6
Al Horford,Joe Johnson,Marvin Williams,Mike Bibby,Ronald Murray,Al Harrington,Chris Duhon,David Lee,Larry Hughes,Wilson Chandler,3,6:18,ATL,rebound,,,,,,,,,,Al Horford,,,,,,def,,
Al Horford,Joe Johnson,Marvin Williams,Mike Bibby,Ronald Murray,Al Harrington,Chris Duhon,David Lee,Larry Hughes,Wilson Chandler,3,6:08,ATL,shot,,,,,,,,,,Mike Bibby,,,,missed,,3pt,24,31
Al Horford,Joe Johnson,Marvin Williams,Mike Bibby,Ronald Murray,Al Harrington,Chris Duhon,David Lee,Larry Hughes,Wilson Chandler,3,6:06,ATL,rebound,,,,,,,,,,Marvin Williams,,,,,,off,,
Al Horford,Joe Johnson,Marvin Williams,Mike Bibby,Ronald Murray,Al Harrington,Chris Duhon,David Lee,Larry Hughes,Wilson Chandler,3,5:45,ATL,turnover,,,,,,,,,,Ronald Murray,,,bad pass,,Al Harrington,,,
Al Horford,Joe Johnson,Marvin Williams,Mike Bibby,Ronald Murray,Al Harrington,Chris Duhon,David Lee,Larry Hughes,Wilson Chandler,3,5:40,NYK,shot,,,,,,,,,,Larry Hughes,,,,missed,,running jump,27,13
Al Horford,Joe Johnson,Marvin Williams,Mike Bibby,Ronald Murray,Al Harrington,Chris Duhon,David Lee,Larry Hughes,Wilson Chandler,3,5:38,ATL,rebound,,,,,,,,,,Marvin Williams,,,,,,def,,
Al Horford,Joe Johnson,Marvin Williams,Mike Bibby,Ronald Murray,Al Harrington,Chris Duhon,David Lee,Larry Hughes,Wilson Chandler,3,5:29,ATL,shot,,,David Lee,,,,,,,Joe Johnson,,,,missed,,layup,25,6
Al Horford,Joe Johnson,Marvin Williams,Mike Bibby,Ronald Murray,Al Harrington,Chris Duhon,David Lee,Larry Hughes,Wilson Chandler,3,5:28,NYK,rebound,,,,,,,,,,,,,,,,,,
Al Horford,Joe Johnson,Marvin Williams,Mike Bibby,Ronald Murray,Al Harrington,Chris Duhon,David Lee,Larry Hughes,Wilson Chandler,3,5:28,NYK,timeout,,,,,,,,,,,,,,,,regular,,
Al Horford,Joe Johnson,Marvin Williams,Mike Bibby,Ronald Murray,Al Harrington,Chris Duhon,David Lee,Larry Hughes,Wilson Chandler,3,5:15,NYK,shot,,,,,,,,,,Larry Hughes,,,,missed,,jump,34,12
Al Horford,Joe Johnson,Marvin Williams,Mike Bibby,Ronald Murray,Al Harrington,Chris Duhon,David Lee,Larry Hughes,Wilson Chandler,3,5:14,ATL,rebound,,,,,,,,,,,,,,,,,,
Al Horford,Joe Johnson,Marvin Williams,Mike Bibby,Ronald Murray,Al Harrington,Chris Duhon,David Lee,Larry Hughes,Wilson Chandler,3,4:58,ATL,shot,,,,,,,,,,Al Horford,,,,missed,,jump,19,13
Al Horford,Joe Johnson,Marvin Williams,Mike Bibby,Ronald Murray,Al Harrington,Chris Duhon,David Lee,Larry Hughes,Wilson Chandler,3,4:56,NYK,rebound,,,,,,,,,,Wilson Chandler,,,,,,def,,
Al Horford,Joe Johnson,Marvin Williams,Mike Bibby,Ronald Murray,Al Harrington,Chris Duhon,David Lee,Larry Hughes,Wilson Chandler,3,4:44,NYK,shot,,,,,,,,,,David Lee,2,,,made,,jump,14,6
Al Horford,Joe Johnson,Marvin Williams,Mike Bibby,Ronald Murray,Al Harrington,Chris Duhon,David Lee,Larry Hughes,Wilson Chandler,3,4:24,ATL,shot,,,,,,,,,,Joe Johnson,,,,missed,,jump,28,11
Al Horford,Joe Johnson,Marvin Williams,Mike Bibby,Ronald Murray,Al Harrington,Chris Duhon,David Lee,Larry Hughes,Wilson Chandler,3,4:22,ATL,rebound,,,,,,,,,,Ronald Murray,,,,,,off,,
Al Horford,Joe Johnson,Marvin Williams,Mike Bibby,Ronald Murray,Al Harrington,Chris Duhon,David Lee,Larry Hughes,Wilson Chandler,3,4:13,ATL,shot,,,,,,,,,,Al Horford,,,,missed,,jump,21,10
Al Horford,Joe Johnson,Marvin Williams,Mike Bibby,Ronald Murray,Al Harrington,Chris Duhon,David Lee,Larry Hughes,Wilson Chandler,3,4:12,NYK,rebound,,,,,,,,,,Al Harrington,,,,,,def,,
Al Horford,Joe Johnson,Marvin Williams,Mike Bibby,Ronald Murray,Al Harrington,Chris Duhon,David Lee,Larry Hughes,Wilson Chandler,3,4:02,NYK,shot,,,Marvin Williams,,,,,,,David Lee,,,,missed,,layup,25,6
Al Horford,Joe Johnson,Marvin Williams,Mike Bibby,Ronald Murray,Al Harrington,Chris Duhon,David Lee,Larry Hughes,Wilson Chandler,3,4:01,NYK,rebound,,,,,,,,,,David Lee,,,,,,off,,
Al Horford,Joe Johnson,Marvin Williams,Mike Bibby,Ronald Murray,Al Harrington,Chris Duhon,David Lee,Larry Hughes,Wilson Chandler,3,4:00,NYK,shot,,,,,,,,,,David Lee,,,,missed,,tip,25,6
Al Horford,Joe Johnson,Marvin Williams,Mike Bibby,Ronald Murray,Al Harrington,Chris Duhon,David Lee,Larry Hughes,Wilson Chandler,3,3:59,ATL,foul,,,,,,,,David Lee,,Ronald Murray,,,,,,shooting,,
Al Horford,Joe Johnson,Marvin Williams,Mike Bibby,Ronald Murray,Chris Duhon,David Lee,Larry Hughes,Quentin Richardson,Wilson Chandler,3,3:59,NYK,sub,,,,Quentin Richardson,,Al Harrington,,,,,,,,,,,,
Joe Johnson,Marvin Williams,Mike Bibby,Ronald Murray,Zaza Pachulia,Chris Duhon,David Lee,Larry Hughes,Quentin Richardson,Wilson Chandler,3,3:59,ATL,sub,,,,Zaza Pachulia,,Al Horford,,,,,,,,,,,,
Joe Johnson,Marvin Williams,Mike Bibby,Ronald Murray,Zaza Pachulia,Chris Duhon,David Lee,Larry Hughes,Quentin Richardson,Wilson Chandler,3,3:59,NYK,free throw,,,,,,,1,,2,David Lee,,,foul,made,,,,
Joe Johnson,Maurice Evans,Mike Bibby,Ronald Murray,Zaza Pachulia,Chris Duhon,David Lee,Larry Hughes,Quentin Richardson,Wilson Chandler,3,3:59,ATL,sub,,,,Maurice Evans,,Marvin Williams,,,,,,,,,,,,
Joe Johnson,Maurice Evans,Mike Bibby,Ronald Murray,Zaza Pachulia,Chris Duhon,David Lee,Larry Hughes,Quentin Richardson,Wilson Chandler,3,3:59,NYK,free throw,,,,,,,2,,2,David Lee,,,foul,made,,,,
Joe Johnson,Maurice Evans,Mike Bibby,Ronald Murray,Zaza Pachulia,Chris Duhon,David Lee,Larry Hughes,Quentin Richardson,Wilson Chandler,3,3:59,NYK,rebound,,,,,,,,,,David Lee,,,,,,off,,
Joe Johnson,Maurice Evans,Mike Bibby,Ronald Murray,Zaza Pachulia,Chris Duhon,David Lee,Larry Hughes,Quentin Richardson,Wilson Chandler,3,3:35,ATL,shot,,,,,,,,,,Joe Johnson,2,,,made,,jump,11,12
Joe Johnson,Maurice Evans,Mike Bibby,Ronald Murray,Zaza Pachulia,Chris Duhon,David Lee,Larry Hughes,Quentin Richardson,Wilson Chandler,3,3:24,ATL,foul,,,,,,,,David Lee,,Zaza Pachulia,,,,,,shooting,,
Joe Johnson,Maurice Evans,Mike Bibby,Ronald Murray,Zaza Pachulia,Chris Duhon,David Lee,Larry Hughes,Quentin Richardson,Wilson Chandler,3,3:24,NYK,free throw,,,,,,,1,,2,David Lee,,,foul,missed,,,,
Joe Johnson,Maurice Evans,Mike Bibby,Ronald Murray,Zaza Pachulia,Chris Duhon,David Lee,Larry Hughes,Quentin Richardson,Wilson Chandler,3,3:24,NYK,rebound,,,,,,,,,,,,,,,,,,
Joe Johnson,Maurice Evans,Mike Bibby,Ronald Murray,Zaza Pachulia,Chris Duhon,David Lee,Larry Hughes,Quentin Richardson,Wilson Chandler,3,3:24,NYK,free throw,,,,,,,2,,2,David Lee,,,foul,made,,,,
Joe Johnson,Maurice Evans,Mike Bibby,Ronald Murray,Zaza Pachulia,Chris Duhon,David Lee,Larry Hughes,Quentin Richardson,Wilson Chandler,3,3:11,NYK,foul,,,,,,,,Zaza Pachulia,,David Lee,,,,,,shooting,,
Joe Johnson,Maurice Evans,Mike Bibby,Ronald Murray,Zaza Pachulia,Chris Duhon,Chris Wilcox,Larry Hughes,Quentin Richardson,Wilson Chandler,3,3:11,NYK,sub,,,,Chris Wilcox,,David Lee,,,,,,,,,,,,
Joe Johnson,Maurice Evans,Mike Bibby,Ronald Murray,Zaza Pachulia,Chris Duhon,Chris Wilcox,Larry Hughes,Quentin Richardson,Wilson Chandler,3,3:11,ATL,free throw,,,,,,,1,,2,Zaza Pachulia,,,foul,made,,,,
Joe Johnson,Josh Smith,Maurice Evans,Ronald Murray,Zaza Pachulia,Chris Duhon,Chris Wilcox,Larry Hughes,Quentin Richardson,Wilson Chandler,3,3:11,ATL,sub,,,,Josh Smith,,Mike Bibby,,,,,,,,,,,,
Joe Johnson,Josh Smith,Maurice Evans,Ronald Murray,Zaza Pachulia,Chris Duhon,Chris Wilcox,Larry Hughes,Quentin Richardson,Wilson Chandler,3,3:11,ATL,free throw,,,,,,,2,,2,Zaza Pachulia,,,foul,made,,,,
Joe Johnson,Josh Smith,Maurice Evans,Ronald Murray,Zaza Pachulia,Chris Duhon,Chris Wilcox,Larry Hughes,Quentin Richardson,Wilson Chandler,3,3:02,NYK,shot,Larry Hughes,,,,,,,,,Chris Wilcox,2,,,made,,driving slam dunk,25,6
Joe Johnson,Josh Smith,Maurice Evans,Ronald Murray,Zaza Pachulia,Chris Duhon,Chris Wilcox,Larry Hughes,Quentin Richardson,Wilson Chandler,3,2:51,NYK,foul,,,,,,,,Joe Johnson,,Wilson Chandler,,,,,,personal,,
Joe Johnson,Josh Smith,Maurice Evans,Ronald Murray,Zaza Pachulia,Chris Duhon,Chris Wilcox,Larry Hughes,Quentin Richardson,Wilson Chandler,3,2:51,ATL,timeout,,,,,,,,,,,,,,,,regular,,
Joe Johnson,Josh Smith,Maurice Evans,Ronald Murray,Zaza Pachulia,Chris Wilcox,Danilo Gallinari,Larry Hughes,Quentin Richardson,Wilson Chandler,3,2:51,NYK,sub,,,,Danilo Gallinari,,Chris Duhon,,,,,,,,,,,,
Joe Johnson,Josh Smith,Maurice Evans,Ronald Murray,Zaza Pachulia,Chris Wilcox,Danilo Gallinari,Larry Hughes,Quentin Richardson,Wilson Chandler,3,2:51,ATL,free throw,,,,,,,1,,2,Joe Johnson,,,foul,made,,,,
Joe Johnson,Josh Smith,Maurice Evans,Ronald Murray,Zaza Pachulia,Chris Wilcox,Danilo Gallinari,Larry Hughes,Quentin Richardson,Wilson Chandler,3,2:51,ATL,free throw,,,,,,,2,,2,Joe Johnson,,,foul,made,,,,
Joe Johnson,Josh Smith,Maurice Evans,Ronald Murray,Zaza Pachulia,Chris Wilcox,Danilo Gallinari,Larry Hughes,Quentin Richardson,Wilson Chandler,3,2:30,NYK,shot,,,,,,,,,,Danilo Gallinari,2,,,made,,driving layup,25,6
Joe Johnson,Josh Smith,Maurice Evans,Ronald Murray,Zaza Pachulia,Chris Wilcox,Danilo Gallinari,Larry Hughes,Quentin Richardson,Wilson Chandler,3,2:10,ATL,shot,,,,,,,,,,Josh Smith,2,,,made,,running hook,22,12
Joe Johnson,Josh Smith,Maurice Evans,Ronald Murray,Zaza Pachulia,Chris Wilcox,Danilo Gallinari,Larry Hughes,Quentin Richardson,Wilson Chandler,3,1:54,NYK,shot,,,,,,,,,,Danilo Gallinari,3,,,made,,3pt,11,26
Joe Johnson,Josh Smith,Maurice Evans,Ronald Murray,Zaza Pachulia,Chris Wilcox,Danilo Gallinari,Larry Hughes,Quentin Richardson,Wilson Chandler,3,1:33,NYK,foul,,,,,,,,Zaza Pachulia,,Wilson Chandler,,,,,,personal,,
Joe Johnson,Josh Smith,Maurice Evans,Ronald Murray,Zaza Pachulia,Chris Wilcox,Danilo Gallinari,Larry Hughes,Quentin Richardson,Wilson Chandler,3,1:33,ATL,free throw,,,,,,,1,,2,Zaza Pachulia,,,foul,missed,,,,
Joe Johnson,Josh Smith,Maurice Evans,Ronald Murray,Zaza Pachulia,Chris Wilcox,Danilo Gallinari,Larry Hughes,Quentin Richardson,Wilson Chandler,3,1:33,ATL,rebound,,,,,,,,,,,,,,,,,,
Joe Johnson,Josh Smith,Maurice Evans,Ronald Murray,Zaza Pachulia,Al Harrington,Chris Wilcox,Danilo Gallinari,Larry Hughes,Quentin Richardson,3,1:33,NYK,sub,,,,Al Harrington,,Wilson Chandler,,,,,,,,,,,,
Joe Johnson,Josh Smith,Maurice Evans,Ronald Murray,Zaza Pachulia,Al Harrington,Chris Wilcox,Danilo Gallinari,Larry Hughes,Quentin Richardson,3,1:33,ATL,free throw,,,,,,,2,,2,Zaza Pachulia,,,foul,made,,,,
Joe Johnson,Josh Smith,Maurice Evans,Ronald Murray,Zaza Pachulia,Al Harrington,Chris Wilcox,Danilo Gallinari,Larry Hughes,Quentin Richardson,3,1:27,ATL,foul,,,,,,,,,,Zaza Pachulia,,,,,,defense 3 second,,
Joe Johnson,Josh Smith,Marvin Williams,Maurice Evans,Ronald Murray,Al Harrington,Chris Wilcox,Danilo Gallinari,Larry Hughes,Quentin Richardson,3,1:27,ATL,sub,,,,Marvin Williams,,Zaza Pachulia,,,,,,,,,,,,
Joe Johnson,Josh Smith,Marvin Williams,Maurice Evans,Ronald Murray,Al Harrington,Chris Wilcox,Danilo Gallinari,Larry Hughes,Quentin Richardson,3,1:27,NYK,free throw,,,,,,,1,,1,Danilo Gallinari,,,technical,made,,,,
Joe Johnson,Josh Smith,Marvin Williams,Maurice Evans,Ronald Murray,Al Harrington,Chris Wilcox,Danilo Gallinari,Larry Hughes,Quentin Richardson,3,1:24,ATL,foul,,,,,,,,Larry Hughes,,Ronald Murray,,,,,,personal,,
Joe Johnson,Josh Smith,Marvin Williams,Maurice Evans,Ronald Murray,Al Harrington,Chris Wilcox,Danilo Gallinari,Larry Hughes,Quentin Richardson,3,1:24,NYK,free throw,,,,,,,1,,2,Larry Hughes,,,foul,made,,,,
Joe Johnson,Josh Smith,Marvin Williams,Maurice Evans,Ronald Murray,Al Harrington,Chris Wilcox,Danilo Gallinari,Larry Hughes,Quentin Richardson,3,1:24,NYK,free throw,,,,,,,2,,2,Larry Hughes,,,foul,made,,,,
Joe Johnson,Josh Smith,Marvin Williams,Maurice Evans,Ronald Murray,Al Harrington,Chris Wilcox,Danilo Gallinari,Larry Hughes,Quentin Richardson,3,1:02,ATL,shot,,,,,,,,,,Ronald Murray,2,,,made,,running jump,27,11
Joe Johnson,Josh Smith,Marvin Williams,Maurice Evans,Ronald Murray,Al Harrington,Chris Wilcox,Danilo Gallinari,Larry Hughes,Quentin Richardson,3,0:52,NYK,shot,,,,,,,,,,Larry Hughes,2,,,made,,jump,40,14
Joe Johnson,Josh Smith,Marvin Williams,Maurice Evans,Ronald Murray,Al Harrington,Chris Wilcox,Danilo Gallinari,Larry Hughes,Quentin Richardson,3,0:35,ATL,shot,,,,,,,,,,Ronald Murray,,,,missed,,layup,25,6
Joe Johnson,Josh Smith,Marvin Williams,Maurice Evans,Ronald Murray,Al Harrington,Chris Wilcox,Danilo Gallinari,Larry Hughes,Quentin Richardson,3,0:34,NYK,rebound,,,,,,,,,,Al Harrington,,,,,,def,,
Joe Johnson,Josh Smith,Marvin Williams,Maurice Evans,Ronald Murray,Al Harrington,Chris Wilcox,Danilo Gallinari,Larry Hughes,Quentin Richardson,3,0:28,NYK,shot,,,,,,,,,,Larry Hughes,,,,missed,,jump,14,17
Joe Johnson,Josh Smith,Marvin Williams,Maurice Evans,Ronald Murray,Al Harrington,Chris Wilcox,Danilo Gallinari,Larry Hughes,Quentin Richardson,3,0:26,ATL,rebound,,,,,,,,,,Ronald Murray,,,,,,def,,
Joe Johnson,Josh Smith,Marvin Williams,Maurice Evans,Ronald Murray,Al Harrington,Chris Wilcox,Danilo Gallinari,Larry Hughes,Quentin Richardson,3,0:06,ATL,turnover,,,,,,,,,,Ronald Murray,,,bad pass,,Larry Hughes,,,
Joe Johnson,Josh Smith,Marvin Williams,Maurice Evans,Ronald Murray,Al Harrington,Chris Wilcox,Danilo Gallinari,Larry Hughes,Quentin Richardson,3,0:00,NYK,shot,,,,,,,,,,Danilo Gallinari,,,,missed,,jump,45,10
Joe Johnson,Josh Smith,Marvin Williams,Maurice Evans,Ronald Murray,Al Harrington,Chris Wilcox,Danilo Gallinari,Larry Hughes,Quentin Richardson,3,0:00,NYK,rebound,,,,,,,,,,,,,,,,,,
Joe Johnson,Josh Smith,Marvin Williams,Maurice Evans,Mike Bibby,Al Harrington,Chris Wilcox,Danilo Gallinari,Larry Hughes,Quentin Richardson,4,11:41,NYK,shot,,,,,,,,,,Danilo Gallinari,3,,,made,,3pt,6,21
Joe Johnson,Josh Smith,Marvin Williams,Maurice Evans,Mike Bibby,Al Harrington,Chris Wilcox,Danilo Gallinari,Larry Hughes,Quentin Richardson,4,11:25,NYK,foul,,,,,,,,Josh Smith,,Danilo Gallinari,,,,,,shooting,,
Joe Johnson,Josh Smith,Marvin Williams,Maurice Evans,Mike Bibby,Al Harrington,Chris Wilcox,Danilo Gallinari,Larry Hughes,Quentin Richardson,4,11:25,ATL,free throw,,,,,,,1,,2,Josh Smith,,,foul,missed,,,,
Joe Johnson,Josh Smith,Marvin Williams,Maurice Evans,Mike Bibby,Al Harrington,Chris Wilcox,Danilo Gallinari,Larry Hughes,Quentin Richardson,4,11:25,ATL,rebound,,,,,,,,,,,,,,,,,,
Joe Johnson,Josh Smith,Marvin Williams,Maurice Evans,Mike Bibby,Al Harrington,Chris Wilcox,Danilo Gallinari,Larry Hughes,Quentin Richardson,4,11:25,ATL,free throw,,,,,,,2,,2,Josh Smith,,,foul,missed,,,,
Joe Johnson,Josh Smith,Marvin Williams,Maurice Evans,Mike Bibby,Al Harrington,Chris Wilcox,Danilo Gallinari,Larry Hughes,Quentin Richardson,4,11:25,NYK,rebound,,,,,,,,,,Al Harrington,,,,,,def,,
Joe Johnson,Josh Smith,Marvin Williams,Maurice Evans,Mike Bibby,Al Harrington,Chris Wilcox,Danilo Gallinari,Larry Hughes,Quentin Richardson,4,11:14,NYK,shot,,,,,,,,,,Larry Hughes,,,,missed,,jump,31,6
Joe Johnson,Josh Smith,Marvin Williams,Maurice Evans,Mike Bibby,Al Harrington,Chris Wilcox,Danilo Gallinari,Larry Hughes,Quentin Richardson,4,11:13,ATL,rebound,,,,,,,,,,Josh Smith,,,,,,def,,
Joe Johnson,Josh Smith,Marvin Williams,Maurice Evans,Mike Bibby,Al Harrington,Chris Wilcox,Danilo Gallinari,Larry Hughes,Quentin Richardson,4,11:05,ATL,shot,,,,,,,,,,Josh Smith,,,,missed,,driving layup,25,6
Joe Johnson,Josh Smith,Marvin Williams,Maurice Evans,Mike Bibby,Al Harrington,Chris Wilcox,Danilo Gallinari,Larry Hughes,Quentin Richardson,4,11:04,NYK,rebound,,,,,,,,,,Chris Wilcox,,,,,,def,,
Joe Johnson,Josh Smith,Marvin Williams,Maurice Evans,Mike Bibby,Al Harrington,Chris Wilcox,Danilo Gallinari,Larry Hughes,Quentin Richardson,4,11:02,NYK,turnover,,,,,,,,,,Larry Hughes,,,bad pass,,Maurice Evans,,,
Joe Johnson,Josh Smith,Marvin Williams,Maurice Evans,Mike Bibby,Al Harrington,Chris Wilcox,Danilo Gallinari,Larry Hughes,Quentin Richardson,4,10:59,ATL,shot,,,,,,,,,,Maurice Evans,2,,,made,,driving slam dunk,25,6
Joe Johnson,Josh Smith,Marvin Williams,Maurice Evans,Mike Bibby,Al Harrington,Chris Wilcox,Danilo Gallinari,Larry Hughes,Quentin Richardson,4,10:37,NYK,shot,,,,,,,,,,Danilo Gallinari,,,,missed,,3pt,13,27
Joe Johnson,Josh Smith,Marvin Williams,Maurice Evans,Mike Bibby,Al Harrington,Chris Wilcox,Danilo Gallinari,Larry Hughes,Quentin Richardson,4,10:35,NYK,rebound,,,,,,,,,,Al Harrington,,,,,,off,,
Joe Johnson,Josh Smith,Marvin Williams,Maurice Evans,Mike Bibby,Al Harrington,Chris Wilcox,Danilo Gallinari,Larry Hughes,Quentin Richardson,4,10:34,ATL,foul,,,,,,,,Al Harrington,,Marvin Williams,,,,,,shooting,,
Joe Johnson,Josh Smith,Marvin Williams,Maurice Evans,Mike Bibby,Al Harrington,Chris Wilcox,Danilo Gallinari,Larry Hughes,Quentin Richardson,4,10:34,NYK,free throw,,,,,,,1,,2,Al Harrington,,,foul,made,,,,
Joe Johnson,Josh Smith,Marvin Williams,Maurice Evans,Mike Bibby,Al Harrington,Chris Wilcox,Danilo Gallinari,Larry Hughes,Quentin Richardson,4,10:34,NYK,free throw,,,,,,,2,,2,Al Harrington,,,foul,missed,,,,
Joe Johnson,Josh Smith,Marvin Williams,Maurice Evans,Mike Bibby,Al Harrington,Chris Wilcox,Danilo Gallinari,Larry Hughes,Quentin Richardson,4,10:34,ATL,rebound,,,,,,,,,,Joe Johnson,,,,,,def,,
Joe Johnson,Josh Smith,Marvin Williams,Maurice Evans,Mike Bibby,Al Harrington,Chris Wilcox,Danilo Gallinari,Larry Hughes,Quentin Richardson,4,10:16,NYK,foul,,,,,,,,Joe Johnson,,Quentin Richardson,,,,,,personal,,
Joe Johnson,Josh Smith,Marvin Williams,Maurice Evans,Mike Bibby,Al Harrington,Chris Wilcox,Danilo Gallinari,Larry Hughes,Quentin Richardson,4,10:04,ATL,shot,,,,,,,,,,Joe Johnson,,,,missed,,3pt,45,21
Joe Johnson,Josh Smith,Marvin Williams,Maurice Evans,Mike Bibby,Al Harrington,Chris Wilcox,Danilo Gallinari,Larry Hughes,Quentin Richardson,4,10:02,NYK,rebound,,,,,,,,,,Larry Hughes,,,,,,def,,
Joe Johnson,Josh Smith,Marvin Williams,Maurice Evans,Mike Bibby,Al Harrington,Chris Wilcox,Danilo Gallinari,Larry Hughes,Quentin Richardson,4,9:53,NYK,shot,,,,,,,,,,Al Harrington,2,,,made,,layup,25,6
Joe Johnson,Josh Smith,Marvin Williams,Maurice Evans,Mike Bibby,Al Harrington,Chris Wilcox,Danilo Gallinari,Larry Hughes,Quentin Richardson,4,9:53,ATL,foul,,,,,,,,Al Harrington,,Mike Bibby,,,,,,shooting,,
Al Horford,Joe Johnson,Marvin Williams,Maurice Evans,Mike Bibby,Al Harrington,Chris Wilcox,Danilo Gallinari,Larry Hughes,Quentin Richardson,4,9:53,ATL,sub,,,,Al Horford,,Josh Smith,,,,,,,,,,,,
Al Horford,Joe Johnson,Marvin Williams,Maurice Evans,Mike Bibby,Al Harrington,Chris Wilcox,Danilo Gallinari,Larry Hughes,Quentin Richardson,4,9:53,NYK,free throw,,,,,,,1,,1,Al Harrington,,,foul,made,,,,
Al Horford,Joe Johnson,Marvin Williams,Maurice Evans,Mike Bibby,Al Harrington,Chris Wilcox,Danilo Gallinari,Larry Hughes,Quentin Richardson,4,9:37,ATL,shot,Joe Johnson,,,,,,,,,Marvin Williams,2,,,made,,jump,14,6
Al Horford,Joe Johnson,Marvin Williams,Maurice Evans,Mike Bibby,Al Harrington,Chris Wilcox,Danilo Gallinari,Larry Hughes,Quentin Richardson,4,9:28,NYK,shot,,,,,,,,,,Al Harrington,2,,,made,,layup,25,6
Al Horford,Joe Johnson,Marvin Williams,Maurice Evans,Mike Bibby,Al Harrington,Chris Wilcox,Danilo Gallinari,Larry Hughes,Quentin Richardson,4,9:28,ATL,foul,,,,,,,,Al Harrington,,Maurice Evans,,,,,,shooting,,
Al Horford,Joe Johnson,Marvin Williams,Maurice Evans,Mike Bibby,Al Harrington,Chris Wilcox,Danilo Gallinari,Larry Hughes,Quentin Richardson,4,9:28,NYK,free throw,,,,,,,1,,1,Al Harrington,,,foul,missed,,,,
Al Horford,Joe Johnson,Marvin Williams,Maurice Evans,Mike Bibby,Al Harrington,Chris Wilcox,Danilo Gallinari,Larry Hughes,Quentin Richardson,4,9:27,ATL,rebound,,,,,,,,,,Al Horford,,,,,,def,,
Al Horford,Joe Johnson,Marvin Williams,Maurice Evans,Mike Bibby,Al Harrington,Chris Wilcox,Danilo Gallinari,Larry Hughes,Quentin Richardson,4,9:08,ATL,turnover,,,,,,,,,,Marvin Williams,,,bad pass,,Chris Wilcox,,,
Al Horford,Joe Johnson,Marvin Williams,Maurice Evans,Mike Bibby,Al Harrington,Chris Wilcox,Danilo Gallinari,Larry Hughes,Quentin Richardson,4,9:04,NYK,shot,Chris Wilcox,,,,,,,,,Larry Hughes,2,,,made,,driving finger roll layup,25,6
Al Horford,Joe Johnson,Marvin Williams,Maurice Evans,Mike Bibby,Al Harrington,Chris Wilcox,Danilo Gallinari,Larry Hughes,Quentin Richardson,4,9:03,ATL,timeout,,,,,,,,,,,,,,,,regular,,
Al Horford,Joe Johnson,Josh Smith,Marvin Williams,Mike Bibby,Al Harrington,Chris Wilcox,Danilo Gallinari,Larry Hughes,Quentin Richardson,4,9:03,ATL,sub,,,,Josh Smith,,Maurice Evans,,,,,,,,,,,,
Al Horford,Joe Johnson,Josh Smith,Marvin Williams,Mike Bibby,Al Harrington,Chris Wilcox,Danilo Gallinari,Larry Hughes,Quentin Richardson,4,8:51,ATL,turnover,,,,,,,,,,Joe Johnson,,,bad pass,,Larry Hughes,,,
Al Horford,Joe Johnson,Josh Smith,Marvin Williams,Mike Bibby,Al Harrington,Chris Wilcox,Danilo Gallinari,Larry Hughes,Quentin Richardson,4,8:40,NYK,shot,,,,,,,,,,Chris Wilcox,,,,missed,,fade away jumper,22,10
Al Horford,Joe Johnson,Josh Smith,Marvin Williams,Mike Bibby,Al Harrington,Chris Wilcox,Danilo Gallinari,Larry Hughes,Quentin Richardson,4,8:38,ATL,rebound,,,,,,,,,,Joe Johnson,,,,,,def,,
Al Horford,Joe Johnson,Josh Smith,Marvin Williams,Mike Bibby,Al Harrington,Chris Wilcox,Danilo Gallinari,Larry Hughes,Quentin Richardson,4,8:23,ATL,shot,,,,,,,,,,Marvin Williams,,,,missed,,3pt,37,27
Al Horford,Joe Johnson,Josh Smith,Marvin Williams,Mike Bibby,Al Harrington,Chris Wilcox,Danilo Gallinari,Larry Hughes,Quentin Richardson,4,8:21,NYK,rebound,,,,,,,,,,Danilo Gallinari,,,,,,def,,
Al Horford,Joe Johnson,Josh Smith,Marvin Williams,Mike Bibby,Al Harrington,Chris Wilcox,Danilo Gallinari,Larry Hughes,Quentin Richardson,4,8:04,NYK,shot,,,,,,,,,,Al Harrington,,,,missed,,driving layup,25,6
Al Horford,Joe Johnson,Josh Smith,Marvin Williams,Mike Bibby,Al Harrington,Chris Wilcox,Danilo Gallinari,Larry Hughes,Quentin Richardson,4,8:03,ATL,rebound,,,,,,,,,,Marvin Williams,,,,,,def,,
Al Horford,Joe Johnson,Josh Smith,Marvin Williams,Mike Bibby,Al Harrington,Chris Wilcox,Danilo Gallinari,Larry Hughes,Quentin Richardson,4,7:50,ATL,shot,,,,,,,,,,Josh Smith,3,,,made,,3pt,4,17
Al Horford,Joe Johnson,Josh Smith,Marvin Williams,Mike Bibby,Al Harrington,Chris Wilcox,Danilo Gallinari,Larry Hughes,Quentin Richardson,4,7:30,NYK,shot,,,,,,,,,,Larry Hughes,,,,missed,,3pt,34,29
Al Horford,Joe Johnson,Josh Smith,Marvin Williams,Mike Bibby,Al Harrington,Chris Wilcox,Danilo Gallinari,Larry Hughes,Quentin Richardson,4,7:28,ATL,rebound,,,,,,,,,,Al Horford,,,,,,def,,
Al Horford,Joe Johnson,Josh Smith,Marvin Williams,Mike Bibby,Al Harrington,Chris Wilcox,Danilo Gallinari,Larry Hughes,Quentin Richardson,4,7:23,ATL,shot,,,,,,,,,,Mike Bibby,2,,,made,,pullup jump,37,15
Al Horford,Joe Johnson,Josh Smith,Marvin Williams,Mike Bibby,Al Harrington,Chris Wilcox,Danilo Gallinari,Larry Hughes,Quentin Richardson,4,7:23,NYK,timeout,,,,,,,,,,,,,,,,regular,,
Al Horford,Joe Johnson,Josh Smith,Marvin Williams,Mike Bibby,Al Harrington,Chris Wilcox,Danilo Gallinari,David Lee,Quentin Richardson,4,7:23,NYK,sub,,,,David Lee,,Larry Hughes,,,,,,,,,,,,
Al Horford,Joe Johnson,Josh Smith,Marvin Williams,Mike Bibby,Al Harrington,Chris Wilcox,Danilo Gallinari,David Lee,Wilson Chandler,4,7:23,NYK,sub,,,,Wilson Chandler,,Quentin Richardson,,,,,,,,,,,,
Al Horford,Joe Johnson,Josh Smith,Marvin Williams,Mike Bibby,Al Harrington,Chris Duhon,Danilo Gallinari,David Lee,Wilson Chandler,4,7:23,NYK,sub,,,,Chris Duhon,,Chris Wilcox,,,,,,,,,,,,
Al Horford,Joe Johnson,Josh Smith,Marvin Williams,Mike Bibby,Al Harrington,Chris Duhon,Danilo Gallinari,David Lee,Wilson Chandler,4,7:02,NYK,turnover,,,,,,,,,,David Lee,,,lost ball,,Josh Smith,,,
Al Horford,Joe Johnson,Josh Smith,Marvin Williams,Mike Bibby,Al Harrington,Chris Duhon,Danilo Gallinari,David Lee,Wilson Chandler,4,6:55,ATL,shot,Marvin Williams,,,,,,,,,Mike Bibby,3,,,made,,3pt,43,23
Al Horford,Joe Johnson,Josh Smith,Marvin Williams,Mike Bibby,Al Harrington,Chris Duhon,Danilo Gallinari,David Lee,Wilson Chandler,4,6:32,NYK,shot,,,Al Horford,,,,,,,Al Harrington,,,,missed,,layup,25,6
Al Horford,Joe Johnson,Josh Smith,Marvin Williams,Mike Bibby,Al Harrington,Chris Duhon,Danilo Gallinari,David Lee,Wilson Chandler,4,6:31,ATL,rebound,,,,,,,,,,Mike Bibby,,,,,,def,,
Al Horford,Joe Johnson,Josh Smith,Marvin Williams,Mike Bibby,Al Harrington,Chris Duhon,Danilo Gallinari,David Lee,Wilson Chandler,4,6:19,ATL,shot,,,,,,,,,,Josh Smith,,,,missed,,3pt,8,25
Al Horford,Joe Johnson,Josh Smith,Marvin Williams,Mike Bibby,Al Harrington,Chris Duhon,Danilo Gallinari,David Lee,Wilson Chandler,4,6:17,NYK,rebound,,,,,,,,,,Danilo Gallinari,,,,,,def,,
Al Horford,Joe Johnson,Josh Smith,Marvin Williams,Mike Bibby,Al Harrington,Chris Duhon,Danilo Gallinari,David Lee,Wilson Chandler,4,6:08,NYK,turnover,,,,,,,,,,Chris Duhon,,,bad pass,,Marvin Williams,,,
Al Horford,Joe Johnson,Josh Smith,Marvin Williams,Mike Bibby,Al Harrington,Chris Duhon,Danilo Gallinari,David Lee,Wilson Chandler,4,5:49,ATL,turnover,,,,,,,,,,Josh Smith,,,lost ball,,Al Harrington,,,
Al Horford,Joe Johnson,Josh Smith,Marvin Williams,Mike Bibby,Al Harrington,Chris Duhon,Danilo Gallinari,David Lee,Wilson Chandler,4,5:40,NYK,turnover,,,,,,,,,,Chris Duhon,,,bad pass,,Mike Bibby,,,
Al Horford,Joe Johnson,Josh Smith,Marvin Williams,Mike Bibby,Al Harrington,Chris Duhon,Danilo Gallinari,David Lee,Wilson Chandler,4,5:27,ATL,shot,,,,,,,,,,Mike Bibby,,,,missed,,3pt,10,26
Al Horford,Joe Johnson,Josh Smith,Marvin Williams,Mike Bibby,Al Harrington,Chris Duhon,Danilo Gallinari,David Lee,Wilson Chandler,4,5:25,NYK,rebound,,,,,,,,,,David Lee,,,,,,def,,
Al Horford,Joe Johnson,Josh Smith,Marvin Williams,Mike Bibby,Al Harrington,Chris Duhon,Danilo Gallinari,David Lee,Wilson Chandler,4,5:11,NYK,shot,,,,,,,,,,Wilson Chandler,2,,,made,,turnaround jump,38,4
Al Horford,Joe Johnson,Josh Smith,Marvin Williams,Mike Bibby,Al Harrington,Chris Duhon,Danilo Gallinari,David Lee,Wilson Chandler,4,4:56,NYK,foul,,,,,,,,,,Wilson Chandler,,,,,,defense 3 second,,
Al Horford,Joe Johnson,Josh Smith,Marvin Williams,Mike Bibby,Al Harrington,Chris Duhon,David Lee,Larry Hughes,Wilson Chandler,4,4:56,NYK,sub,,,,Larry Hughes,,Danilo Gallinari,,,,,,,,,,,,
Al Horford,Joe Johnson,Josh Smith,Marvin Williams,Mike Bibby,Al Harrington,Chris Duhon,David Lee,Larry Hughes,Wilson Chandler,4,4:56,ATL,free throw,,,,,,,1,,1,Joe Johnson,,,technical,made,,,,
Al Horford,Joe Johnson,Josh Smith,Marvin Williams,Mike Bibby,Al Harrington,Chris Duhon,David Lee,Larry Hughes,Wilson Chandler,4,4:52,NYK,foul,,,,,,,,Joe Johnson,,David Lee,,,,,,personal,,
Al Horford,Joe Johnson,Josh Smith,Marvin Williams,Mike Bibby,Al Harrington,Chris Duhon,David Lee,Larry Hughes,Wilson Chandler,4,4:47,NYK,foul,,,,,,,,Mike Bibby,,Chris Duhon,,,,,,personal,,
Al Horford,Joe Johnson,Josh Smith,Marvin Williams,Mike Bibby,Al Harrington,Chris Duhon,David Lee,Larry Hughes,Wilson Chandler,4,4:40,ATL,shot,,,,,,,,,,Joe Johnson,,,,missed,,3pt,2,4
Al Horford,Joe Johnson,Josh Smith,Marvin Williams,Mike Bibby,Al Harrington,Chris Duhon,David Lee,Larry Hughes,Wilson Chandler,4,4:38,NYK,rebound,,,,,,,,,,,,,,,,,,
Al Horford,Joe Johnson,Josh Smith,Marvin Williams,Mike Bibby,Al Harrington,Chris Duhon,David Lee,Larry Hughes,Wilson Chandler,4,4:28,ATL,foul,,,,,,,,Larry Hughes,,Marvin Williams,,,,,,shooting,,
Al Horford,Joe Johnson,Josh Smith,Marvin Williams,Mike Bibby,Al Harrington,Chris Duhon,David Lee,Larry Hughes,Wilson Chandler,4,4:28,NYK,free throw,,,,,,,1,,2,Larry Hughes,,,foul,made,,,,
Al Horford,Joe Johnson,Josh Smith,Marvin Williams,Mike Bibby,Al Harrington,Chris Duhon,David Lee,Larry Hughes,Wilson Chandler,4,4:28,NYK,free throw,,,,,,,2,,2,Larry Hughes,,,foul,missed,,,,
Al Horford,Joe Johnson,Josh Smith,Marvin Williams,Mike Bibby,Al Harrington,Chris Duhon,David Lee,Larry Hughes,Wilson Chandler,4,4:27,ATL,rebound,,,,,,,,,,Al Horford,,,,,,def,,
Al Horford,Joe Johnson,Josh Smith,Marvin Williams,Mike Bibby,Al Harrington,Chris Duhon,David Lee,Larry Hughes,Wilson Chandler,4,4:14,ATL,shot,,,,,,,,,,Marvin Williams,,,,missed,,3pt,2,3
Al Horford,Joe Johnson,Josh Smith,Marvin Williams,Mike Bibby,Al Harrington,Chris Duhon,David Lee,Larry Hughes,Wilson Chandler,4,4:12,NYK,rebound,,,,,,,,,,Al Harrington,,,,,,def,,
Al Horford,Joe Johnson,Josh Smith,Marvin Williams,Mike Bibby,Al Harrington,Chris Duhon,David Lee,Larry Hughes,Wilson Chandler,4,3:57,NYK,shot,Larry Hughes,,,,,,,,,Al Harrington,3,,,made,,3pt,47,13
Al Horford,Joe Johnson,Josh Smith,Marvin Williams,Mike Bibby,Al Harrington,Chris Duhon,David Lee,Larry Hughes,Wilson Chandler,4,3:55,ATL,timeout,,,,,,,,,,,,,,,,regular,,
Al Horford,Joe Johnson,Marvin Williams,Mike Bibby,Ronald Murray,Al Harrington,Chris Duhon,David Lee,Larry Hughes,Wilson Chandler,4,3:55,ATL,sub,,,,Ronald Murray,,Josh Smith,,,,,,,,,,,,
Al Horford,Joe Johnson,Marvin Williams,Mike Bibby,Ronald Murray,Al Harrington,Chris Duhon,David Lee,Larry Hughes,Wilson Chandler,4,3:37,NYK,foul,,,,,,,,Marvin Williams,,Al Harrington,,,,,,inbound,,
Al Horford,Joe Johnson,Marvin Williams,Mike Bibby,Ronald Murray,Al Harrington,Chris Duhon,David Lee,Larry Hughes,Wilson Chandler,4,3:37,ATL,free throw,,,,,,,1,,2,Marvin Williams,,,foul,missed,,,,
Al Horford,Joe Johnson,Marvin Williams,Mike Bibby,Ronald Murray,Al Harrington,Chris Duhon,David Lee,Larry Hughes,Wilson Chandler,4,3:37,ATL,rebound,,,,,,,,,,,,,,,,,,
Al Horford,Joe Johnson,Marvin Williams,Mike Bibby,Ronald Murray,Al Harrington,Chris Duhon,David Lee,Larry Hughes,Wilson Chandler,4,3:37,ATL,free throw,,,,,,,2,,2,Marvin Williams,,,foul,made,,,,
Al Horford,Joe Johnson,Marvin Williams,Mike Bibby,Ronald Murray,Al Harrington,Chris Duhon,David Lee,Larry Hughes,Wilson Chandler,4,3:22,NYK,shot,Al Harrington,,,,,,,,,Larry Hughes,3,,,made,,3pt,48,3
Al Horford,Joe Johnson,Marvin Williams,Mike Bibby,Ronald Murray,Al Harrington,Chris Duhon,David Lee,Larry Hughes,Wilson Chandler,4,3:08,ATL,turnover,,,,,,,,,,Marvin Williams,,,out of bounds lost ball turnover,,,,,
Al Horford,Joe Johnson,Marvin Williams,Mike Bibby,Ronald Murray,Al Harrington,Chris Duhon,David Lee,Larry Hughes,Wilson Chandler,4,2:55,NYK,shot,,,,,,,,,,Al Harrington,,,,missed,,3pt,41,25
Al Horford,Joe Johnson,Marvin Williams,Mike Bibby,Ronald Murray,Al Harrington,Chris Duhon,David Lee,Larry Hughes,Wilson Chandler,4,2:53,ATL,rebound,,,,,,,,,,Al Horford,,,,,,def,,
Al Horford,Joe Johnson,Marvin Williams,Mike Bibby,Ronald Murray,Al Harrington,Chris Duhon,David Lee,Larry Hughes,Wilson Chandler,4,2:45,NYK,foul,,,,,,,,,,David Lee,,,,,,defense 3 second,,
Acie Law,Al Horford,Joe Johnson,Marvin Williams,Ronald Murray,Al Harrington,Chris Duhon,David Lee,Larry Hughes,Wilson Chandler,4,2:45,ATL,sub,,,,Acie Law,,Mike Bibby,,,,,,,,,,,,
Acie Law,Al Horford,Joe Johnson,Marvin Williams,Ronald Murray,Al Harrington,Chris Duhon,David Lee,Larry Hughes,Wilson Chandler,4,2:45,ATL,free throw,,,,,,,1,,1,Joe Johnson,,,technical,made,,,,
Acie Law,Al Horford,Joe Johnson,Marvin Williams,Ronald Murray,Al Harrington,Chris Duhon,David Lee,Larry Hughes,Wilson Chandler,4,2:39,NYK,foul,,,,,,,,Joe Johnson,,Larry Hughes,,,,,,personal,,
Acie Law,Al Horford,Joe Johnson,Marvin Williams,Ronald Murray,Al Harrington,Chris Duhon,David Lee,Larry Hughes,Wilson Chandler,4,2:39,ATL,free throw,,,,,,,1,,2,Joe Johnson,,,foul,made,,,,
Acie Law,Al Horford,Joe Johnson,Marvin Williams,Ronald Murray,Al Harrington,Chris Duhon,David Lee,Larry Hughes,Wilson Chandler,4,2:39,ATL,free throw,,,,,,,2,,2,Joe Johnson,,,foul,made,,,,
Acie Law,Al Horford,Joe Johnson,Marvin Williams,Ronald Murray,Al Harrington,Chris Duhon,David Lee,Larry Hughes,Wilson Chandler,4,2:16,NYK,shot,,,Al Horford,,,,,,,Al Harrington,,,,missed,,jump,38,5
Acie Law,Al Horford,Joe Johnson,Marvin Williams,Ronald Murray,Al Harrington,Chris Duhon,David Lee,Larry Hughes,Wilson Chandler,4,2:15,NYK,rebound,,,,,,,,,,,,,,,,,,
Acie Law,Al Horford,Joe Johnson,Marvin Williams,Ronald Murray,Al Harrington,Chris Duhon,David Lee,Larry Hughes,Wilson Chandler,4,2:15,NYK,turnover,,,,,,,,,,,,,shot clock turnover,,,,,
Acie Law,Al Horford,Joe Johnson,Marvin Williams,Ronald Murray,Al Harrington,Chris Duhon,David Lee,Larry Hughes,Wilson Chandler,4,2:07,ATL,shot,Acie Law,,,,,,,,,Marvin Williams,2,,,made,,driving layup,25,6
Acie Law,Al Horford,Joe Johnson,Marvin Williams,Ronald Murray,Al Harrington,Chris Duhon,David Lee,Larry Hughes,Wilson Chandler,4,1:45,NYK,shot,,,,,,,,,,Wilson Chandler,,,,missed,,3pt,48,14
Acie Law,Al Horford,Joe Johnson,Marvin Williams,Ronald Murray,Al Harrington,Chris Duhon,David Lee,Larry Hughes,Wilson Chandler,4,1:43,ATL,rebound,,,,,,,,,,Marvin Williams,,,,,,def,,
Acie Law,Al Horford,Joe Johnson,Marvin Williams,Ronald Murray,Al Harrington,Chris Duhon,David Lee,Larry Hughes,Wilson Chandler,4,1:33,ATL,shot,Joe Johnson,,,,,,,,,Acie Law,3,,,made,,3pt,48,13
Acie Law,Al Horford,Joe Johnson,Marvin Williams,Ronald Murray,Al Harrington,Chris Duhon,David Lee,Larry Hughes,Wilson Chandler,4,1:12,NYK,shot,,,,,,,,,,Wilson Chandler,2,,,made,,driving layup,25,6
Acie Law,Al Horford,Joe Johnson,Marvin Williams,Ronald Murray,Al Harrington,Chris Duhon,David Lee,Larry Hughes,Wilson Chandler,4,1:04,ATL,shot,,,,,,,,,,Ronald Murray,,,,missed,,3pt,2,3
Acie Law,Al Horford,Joe Johnson,Marvin Williams,Ronald Murray,Al Harrington,Chris Duhon,David Lee,Larry Hughes,Wilson Chandler,4,1:02,NYK,rebound,,,,,,,,,,Al Harrington,,,,,,def,,
Acie Law,Al Horford,Joe Johnson,Marvin Williams,Ronald Murray,Al Harrington,Chris Duhon,David Lee,Larry Hughes,Wilson Chandler,4,0:55,NYK,timeout,,,,,,,,,,,,,,,,regular,,
Acie Law,Al Horford,Joe Johnson,Marvin Williams,Ronald Murray,Al Harrington,Chris Duhon,David Lee,Larry Hughes,Wilson Chandler,4,0:44,NYK,shot,,,,,,,,,,Larry Hughes,,,,missed,,jump,40,14
Acie Law,Al Horford,Joe Johnson,Marvin Williams,Ronald Murray,Al Harrington,Chris Duhon,David Lee,Larry Hughes,Wilson Chandler,4,0:42,ATL,rebound,,,,,,,,,,Acie Law,,,,,,def,,
Acie Law,Al Horford,Joe Johnson,Marvin Williams,Ronald Murray,Al Harrington,Chris Duhon,David Lee,Larry Hughes,Wilson Chandler,4,0:30,ATL,shot,Acie Law,,,,,,,,,Ronald Murray,3,,,made,,3pt,48,3
Acie Law,Al Horford,Joe Johnson,Marvin Williams,Ronald Murray,Al Harrington,Chris Duhon,David Lee,Larry Hughes,Wilson Chandler,4,0:28,ATL,foul,,,,,,,,Chris Duhon,,Acie Law,,,,,,personal,,
Acie Law,Al Horford,Joe Johnson,Marvin Williams,Ronald Murray,Al Harrington,Chris Duhon,David Lee,Larry Hughes,Wilson Chandler,4,0:28,NYK,free throw,,,,,,,1,,2,Chris Duhon,,,foul,made,,,,
Acie Law,Al Horford,Joe Johnson,Marvin Williams,Ronald Murray,Al Harrington,Chris Duhon,David Lee,Larry Hughes,Wilson Chandler,4,0:28,NYK,free throw,,,,,,,2,,2,Chris Duhon,,,foul,made,,,,
Acie Law,Al Horford,Joe Johnson,Marvin Williams,Ronald Murray,Al Harrington,Chris Duhon,David Lee,Larry Hughes,Wilson Chandler,4,0:21,ATL,shot,Acie Law,,,,,,,,,Al Horford,2,,,made,,slam dunk,25,6
Acie Law,Al Horford,Joe Johnson,Marvin Williams,Ronald Murray,Al Harrington,Chris Duhon,David Lee,Larry Hughes,Wilson Chandler,4,0:21,NYK,timeout,,,,,,,,,,,,,,,,short,,
Acie Law,Al Horford,Joe Johnson,Marvin Williams,Ronald Murray,Al Harrington,Chris Duhon,David Lee,Larry Hughes,Wilson Chandler,4,0:18,ATL,foul,,,,,,,,Chris Duhon,,Acie Law,,,,,,personal,,
Acie Law,Al Horford,Joe Johnson,Marvin Williams,Ronald Murray,Al Harrington,Chris Duhon,David Lee,Larry Hughes,Wilson Chandler,4,0:18,NYK,free throw,,,,,,,1,,2,Chris Duhon,,,foul,missed,,,,
Acie Law,Al Horford,Joe Johnson,Marvin Williams,Ronald Murray,Al Harrington,Chris Duhon,David Lee,Larry Hughes,Wilson Chandler,4,0:18,NYK,rebound,,,,,,,,,,,,,,,,,,
Acie Law,Al Horford,Joe Johnson,Marvin Williams,Ronald Murray,Al Harrington,Chris Duhon,David Lee,Larry Hughes,Wilson Chandler,4,0:18,NYK,free throw,,,,,,,2,,2,Chris Duhon,,,foul,made,,,,
Acie Law,Al Horford,Joe Johnson,Marvin Williams,Ronald Murray,Al Harrington,Chris Duhon,David Lee,Larry Hughes,Wilson Chandler,4,0:10,ATL,shot,Acie Law,,,,,,,,,Ronald Murray,3,,,made,,3pt,4,19
Acie Law,Al Horford,Joe Johnson,Marvin Williams,Ronald Murray,Al Harrington,Chris Duhon,David Lee,Larry Hughes,Wilson Chandler,4,0:08,NYK,turnover,,,,,,,,,,Chris Duhon,,,out of bounds lost ball turnover,,,,,
Acie Law,Al Horford,Joe Johnson,Marvin Williams,Ronald Murray,Al Harrington,Chris Duhon,David Lee,Larry Hughes,Wilson Chandler,4,0:08,ATL,timeout,,,,,,,,,,,,,,,,regular,,
Acie Law,Al Horford,Joe Johnson,Marvin Williams,Ronald Murray,Al Harrington,Chris Duhon,David Lee,Larry Hughes,Wilson Chandler,4,0:06,ATL,shot,,,,,,,,,,Joe Johnson,,,,missed,,3pt,1,3
Acie Law,Al Horford,Joe Johnson,Marvin Williams,Ronald Murray,Al Harrington,Chris Duhon,David Lee,Larry Hughes,Wilson Chandler,4,0:04,NYK,rebound,,,,,,,,,,David Lee,,,,,,def,,
