a1,a2,a3,a4,a5,h1,h2,h3,h4,h5,period,time,team,etype,assist,away,block,entered,home,left,num,opponent,outof,player,points,possession,reason,result,steal,type,x,y
Carmelo Anthony,Chauncey Billups,Dahntay Jones,Nene Hilario,Renaldo Balkman,Jason Collins,Kevin Ollie,Mike Miller,Rodney Carney,Ryan Gomes,1,12:00,OFF,jump ball,,Nene Hilario,,,Jason Collins,,,,,,,Renaldo Balkman,,,,,,
Carmelo Anthony,Chauncey Billups,Dahntay Jones,Nene Hilario,Renaldo Balkman,Jason Collins,Kevin Ollie,Mike Miller,Rodney Carney,Ryan Gomes,1,11:37,DEN,shot,Dahntay Jones,,,,,,,,,Nene Hilario,2,,,made,,jump,,
Carmelo Anthony,Chauncey Billups,Dahntay Jones,Nene Hilario,Renaldo Balkman,Jason Collins,Kevin Ollie,Mike Miller,Rodney Carney,Ryan Gomes,1,11:19,MIN,shot,,,,,,,,,,Ryan Gomes,,,,missed,,jump,38,7
Carmelo Anthony,Chauncey Billups,Dahntay Jones,Nene Hilario,Renaldo Balkman,Jason Collins,Kevin Ollie,Mike Miller,Rodney Carney,Ryan Gomes,1,11:18,DEN,rebound,,,,,,,,,,Carmelo Anthony,,,,,,def,,
Carmelo Anthony,Chauncey Billups,Dahntay Jones,Nene Hilario,Renaldo Balkman,Jason Collins,Kevin Ollie,Mike Miller,Rodney Carney,Ryan Gomes,1,11:16,DEN,turnover,,,,,,,,,,Carmelo Anthony,,,bad pass,,Jason Collins,,,
Carmelo Anthony,Chauncey Billups,Dahntay Jones,Nene Hilario,Renaldo Balkman,Jason Collins,Kevin Ollie,Mike Miller,Rodney Carney,Ryan Gomes,1,11:12,DEN,foul,,,,,,,,Kevin Ollie,,Carmelo Anthony,,,,,,shooting,,
Carmelo Anthony,Chauncey Billups,Dahntay Jones,Nene Hilario,Renaldo Balkman,Jason Collins,Kevin Ollie,Mike Miller,Rodney Carney,Ryan Gomes,1,11:12,MIN,free throw,,,,,,,1,,2,Kevin Ollie,,,foul,missed,,,,
Carmelo Anthony,Chauncey Billups,Dahntay Jones,Nene Hilario,Renaldo Balkman,Jason Collins,Kevin Ollie,Mike Miller,Rodney Carney,Ryan Gomes,1,11:12,MIN,rebound,,,,,,,,,,,,,,,,,,
Carmelo Anthony,Chauncey Billups,Dahntay Jones,Nene Hilario,Renaldo Balkman,Jason Collins,Kevin Ollie,Mike Miller,Rodney Carney,Ryan Gomes,1,11:12,MIN,free throw,,,,,,,2,,2,Kevin Ollie,,,foul,made,,,,
Carmelo Anthony,Chauncey Billups,Dahntay Jones,Nene Hilario,Renaldo Balkman,Jason Collins,Kevin Ollie,Mike Miller,Rodney Carney,Ryan Gomes,1,10:55,MIN,foul,,,,,,,,Nene Hilario,,Jason Collins,,,,,,shooting,,
Carmelo Anthony,Chauncey Billups,Dahntay Jones,Nene Hilario,Renaldo Balkman,Jason Collins,Kevin Ollie,Mike Miller,Rodney Carney,Ryan Gomes,1,10:55,DEN,free throw,,,,,,,1,,2,Nene Hilario,,,foul,made,,,,
Carmelo Anthony,Chauncey Billups,Dahntay Jones,Nene Hilario,Renaldo Balkman,Jason Collins,Kevin Ollie,Mike Miller,Rodney Carney,Ryan Gomes,1,10:55,DEN,free throw,,,,,,,2,,2,Nene Hilario,,,foul,made,,,,
Carmelo Anthony,Chauncey Billups,Dahntay Jones,Nene Hilario,Renaldo Balkman,Jason Collins,Kevin Ollie,Mike Miller,Rodney Carney,Ryan Gomes,1,10:41,MIN,shot,Mike Miller,,,,,,,,,Rodney Carney,3,,,made,,3pt,2,9
Carmelo Anthony,Chauncey Billups,Dahntay Jones,Nene Hilario,Renaldo Balkman,Jason Collins,Kevin Ollie,Mike Miller,Rodney Carney,Ryan Gomes,1,10:19,DEN,shot,,,,,,,,,,Chauncey Billups,3,,,made,,3pt,16,31
Carmelo Anthony,Chauncey Billups,Dahntay Jones,Nene Hilario,Renaldo Balkman,Jason Collins,Kevin Ollie,Mike Miller,Rodney Carney,Ryan Gomes,1,9:56,MIN,shot,Mike Miller,,,,,,,,,Ryan Gomes,2,,,made,,jump,39,16
Carmelo Anthony,Chauncey Billups,Dahntay Jones,Nene Hilario,Renaldo Balkman,Jason Collins,Kevin Ollie,Mike Miller,Rodney Carney,Ryan Gomes,1,9:41,DEN,shot,,,,,,,,,,Chauncey Billups,,,,missed,,3pt,25,31
Carmelo Anthony,Chauncey Billups,Dahntay Jones,Nene Hilario,Renaldo Balkman,Jason Collins,Kevin Ollie,Mike Miller,Rodney Carney,Ryan Gomes,1,9:41,MIN,rebound,,,,,,,,,,Jason Collins,,,,,,def,,
Carmelo Anthony,Chauncey Billups,Dahntay Jones,Nene Hilario,Renaldo Balkman,Jason Collins,Kevin Ollie,Mike Miller,Rodney Carney,Ryan Gomes,1,9:31,MIN,shot,,,,,,,,,,Mike Miller,,,,missed,,pullup jump,25,27
Carmelo Anthony,Chauncey Billups,Dahntay Jones,Nene Hilario,Renaldo Balkman,Jason Collins,Kevin Ollie,Mike Miller,Rodney Carney,Ryan Gomes,1,9:29,MIN,rebound,,,,,,,,,,Kevin Ollie,,,,,,off,,
Carmelo Anthony,Chauncey Billups,Dahntay Jones,Nene Hilario,Renaldo Balkman,Jason Collins,Kevin Ollie,Mike Miller,Rodney Carney,Ryan Gomes,1,9:13,MIN,shot,Kevin Ollie,,,,,,,,,Rodney Carney,3,,,made,,3pt,2,7
Carmelo Anthony,Chauncey Billups,Dahntay Jones,Nene Hilario,Renaldo Balkman,Jason Collins,Kevin Ollie,Mike Miller,Rodney Carney,Ryan Gomes,1,8:54,DEN,shot,,,,,,,,,,Nene Hilario,,,,missed,,jump,,
Carmelo Anthony,Chauncey Billups,Dahntay Jones,Nene Hilario,Renaldo Balkman,Jason Collins,Kevin Ollie,Mike Miller,Rodney Carney,Ryan Gomes,1,8:54,MIN,rebound,,,,,,,,,,Kevin Ollie,,,,,,def,,
Carmelo Anthony,Chauncey Billups,Dahntay Jones,Nene Hilario,Renaldo Balkman,Jason Collins,Kevin Ollie,Mike Miller,Rodney Carney,Ryan Gomes,1,8:40,MIN,shot,,,Renaldo Balkman,,,,,,,Ryan Gomes,,,,missed,,jump,36,7
Carmelo Anthony,Chauncey Billups,Dahntay Jones,Nene Hilario,Renaldo Balkman,Jason Collins,Kevin Ollie,Mike Miller,Rodney Carney,Ryan Gomes,1,8:39,MIN,rebound,,,,,,,,,,,,,,,,,,
Carmelo Anthony,Chauncey Billups,Dahntay Jones,Nene Hilario,Renaldo Balkman,Jason Collins,Kevin Ollie,Mike Miller,Rodney Carney,Ryan Gomes,1,8:33,MIN,shot,,,,,,,,,,Ryan Gomes,,,,missed,,jump,25,27
Carmelo Anthony,Chauncey Billups,Dahntay Jones,Nene Hilario,Renaldo Balkman,Jason Collins,Kevin Ollie,Mike Miller,Rodney Carney,Ryan Gomes,1,8:32,DEN,rebound,,,,,,,,,,Nene Hilario,,,,,,def,,
Carmelo Anthony,Chauncey Billups,Dahntay Jones,Nene Hilario,Renaldo Balkman,Jason Collins,Kevin Ollie,Mike Miller,Rodney Carney,Ryan Gomes,1,8:23,DEN,shot,,,,,,,,,,Carmelo Anthony,,,,missed,,turnaround jump,10,9
Carmelo Anthony,Chauncey Billups,Dahntay Jones,Nene Hilario,Renaldo Balkman,Jason Collins,Kevin Ollie,Mike Miller,Rodney Carney,Ryan Gomes,1,8:22,MIN,rebound,,,,,,,,,,Rodney Carney,,,,,,def,,
Carmelo Anthony,Chauncey Billups,Dahntay Jones,Nene Hilario,Renaldo Balkman,Jason Collins,Kevin Ollie,Mike Miller,Rodney Carney,Ryan Gomes,1,8:14,DEN,foul,,,,,,,,Ryan Gomes,,Chauncey Billups,,,,,,personal,,
Carmelo Anthony,Chauncey Billups,Dahntay Jones,Nene Hilario,Renaldo Balkman,Jason Collins,Kevin Ollie,Mike Miller,Rodney Carney,Ryan Gomes,1,7:56,MIN,shot,,,,,,,,,,Jason Collins,,,,missed,,turnaround jump,15,11
Carmelo Anthony,Chauncey Billups,Dahntay Jones,Nene Hilario,Renaldo Balkman,Jason Collins,Kevin Ollie,Mike Miller,Rodney Carney,Ryan Gomes,1,7:55,MIN,rebound,,,,,,,,,,Ryan Gomes,,,,,,off,,
Carmelo Anthony,Chauncey Billups,Dahntay Jones,Nene Hilario,Renaldo Balkman,Jason Collins,Kevin Ollie,Mike Miller,Rodney Carney,Ryan Gomes,1,7:52,MIN,shot,,,,,,,,,,Ryan Gomes,2,,,made,,jump,25,17
Carmelo Anthony,Chauncey Billups,Dahntay Jones,Nene Hilario,Renaldo Balkman,Jason Collins,Kevin Ollie,Mike Miller,Rodney Carney,Ryan Gomes,1,7:27,DEN,turnover,,,,,,,,,,Chauncey Billups,,,lost ball,,Rodney Carney,,,
Carmelo Anthony,Chauncey Billups,Dahntay Jones,Nene Hilario,Renaldo Balkman,Jason Collins,Kevin Ollie,Mike Miller,Rodney Carney,Ryan Gomes,1,7:23,MIN,shot,,,,,,,,,,Rodney Carney,2,,,made,,driving slam dunk,25,6
Carmelo Anthony,Chauncey Billups,Dahntay Jones,Nene Hilario,Renaldo Balkman,Jason Collins,Kevin Ollie,Mike Miller,Rodney Carney,Ryan Gomes,1,7:16,DEN,timeout,,,,,,,,,,,,,,,,regular,,
Carmelo Anthony,Chauncey Billups,Dahntay Jones,Nene Hilario,Renaldo Balkman,Jason Collins,Kevin Ollie,Mike Miller,Rodney Carney,Ryan Gomes,1,7:08,DEN,shot,,,,,,,,,,Carmelo Anthony,,,,missed,,pullup jump,24,19
Carmelo Anthony,Chauncey Billups,Dahntay Jones,Nene Hilario,Renaldo Balkman,Jason Collins,Kevin Ollie,Mike Miller,Rodney Carney,Ryan Gomes,1,7:07,MIN,rebound,,,,,,,,,,Mike Miller,,,,,,def,,
Carmelo Anthony,Chauncey Billups,Dahntay Jones,Nene Hilario,Renaldo Balkman,Jason Collins,Kevin Ollie,Mike Miller,Rodney Carney,Ryan Gomes,1,6:48,MIN,shot,Kevin Ollie,,,,,,,,,Ryan Gomes,2,,,made,,jump,13,24
Carmelo Anthony,Chauncey Billups,Dahntay Jones,Nene Hilario,Renaldo Balkman,Jason Collins,Kevin Ollie,Mike Miller,Rodney Carney,Ryan Gomes,1,6:26,DEN,shot,,,,,,,,,,Dahntay Jones,,,,missed,,jump,42,8
Carmelo Anthony,Chauncey Billups,Dahntay Jones,Nene Hilario,Renaldo Balkman,Jason Collins,Kevin Ollie,Mike Miller,Rodney Carney,Ryan Gomes,1,6:25,MIN,rebound,,,,,,,,,,Mike Miller,,,,,,def,,
Carmelo Anthony,Chauncey Billups,Dahntay Jones,Nene Hilario,Renaldo Balkman,Jason Collins,Kevin Ollie,Mike Miller,Rodney Carney,Ryan Gomes,1,6:15,MIN,shot,,,,,,,,,,Rodney Carney,,,,missed,,3pt,48,7
Carmelo Anthony,Chauncey Billups,Dahntay Jones,Nene Hilario,Renaldo Balkman,Jason Collins,Kevin Ollie,Mike Miller,Rodney Carney,Ryan Gomes,1,6:15,DEN,rebound,,,,,,,,,,Renaldo Balkman,,,,,,def,,
Carmelo Anthony,Chauncey Billups,Dahntay Jones,Nene Hilario,Renaldo Balkman,Jason Collins,Kevin Ollie,Mike Miller,Rodney Carney,Ryan Gomes,1,6:05,DEN,shot,,,,,,,,,,Chauncey Billups,2,,,made,,fade away jumper,29,17
Carmelo Anthony,Chauncey Billups,Dahntay Jones,Nene Hilario,Renaldo Balkman,Jason Collins,Kevin Ollie,Mike Miller,Rodney Carney,Ryan Gomes,1,5:44,MIN,shot,,,,,,,,,,Kevin Ollie,,,,missed,,layup,25,6
Carmelo Anthony,Chauncey Billups,Dahntay Jones,Nene Hilario,Renaldo Balkman,Jason Collins,Kevin Ollie,Mike Miller,Rodney Carney,Ryan Gomes,1,5:43,DEN,rebound,,,,,,,,,,Nene Hilario,,,,,,def,,
Carmelo Anthony,Chauncey Billups,Dahntay Jones,Nene Hilario,Renaldo Balkman,Jason Collins,Kevin Ollie,Mike Miller,Rodney Carney,Ryan Gomes,1,5:38,MIN,foul,,,,,,,,Chauncey Billups,,Jason Collins,,,,,,shooting,,
Carmelo Anthony,Chauncey Billups,J.R. Smith,Nene Hilario,Renaldo Balkman,Jason Collins,Kevin Ollie,Mike Miller,Rodney Carney,Ryan Gomes,1,5:38,DEN,sub,,,,J.R. Smith,,Dahntay Jones,,,,,,,,,,,,
Carmelo Anthony,Chauncey Billups,J.R. Smith,Nene Hilario,Renaldo Balkman,Jason Collins,Kevin Ollie,Mike Miller,Rodney Carney,Ryan Gomes,1,5:38,DEN,free throw,,,,,,,1,,2,Chauncey Billups,,,foul,made,,,,
Carmelo Anthony,Chauncey Billups,J.R. Smith,Nene Hilario,Renaldo Balkman,Kevin Ollie,Mike Miller,Rodney Carney,Ryan Gomes,Shelden Williams,1,5:38,MIN,sub,,,,Shelden Williams,,Jason Collins,,,,,,,,,,,,
Carmelo Anthony,Chauncey Billups,J.R. Smith,Nene Hilario,Renaldo Balkman,Mike Miller,Rodney Carney,Ryan Gomes,Sebastian Telfair,Shelden Williams,1,5:38,MIN,sub,,,,Sebastian Telfair,,Kevin Ollie,,,,,,,,,,,,
Carmelo Anthony,Chauncey Billups,J.R. Smith,Nene Hilario,Renaldo Balkman,Mike Miller,Rodney Carney,Ryan Gomes,Sebastian Telfair,Shelden Williams,1,5:38,DEN,free throw,,,,,,,2,,2,Chauncey Billups,,,foul,made,,,,
Carmelo Anthony,Chauncey Billups,J.R. Smith,Nene Hilario,Renaldo Balkman,Mike Miller,Rodney Carney,Ryan Gomes,Sebastian Telfair,Shelden Williams,1,5:17,MIN,shot,,,,,,,,,,Rodney Carney,,,,missed,,3pt,2,8
Carmelo Anthony,Chauncey Billups,J.R. Smith,Nene Hilario,Renaldo Balkman,Mike Miller,Rodney Carney,Ryan Gomes,Sebastian Telfair,Shelden Williams,1,5:16,DEN,rebound,,,,,,,,,,Nene Hilario,,,,,,def,,
Carmelo Anthony,Chauncey Billups,J.R. Smith,Nene Hilario,Renaldo Balkman,Mike Miller,Rodney Carney,Ryan Gomes,Sebastian Telfair,Shelden Williams,1,5:01,DEN,shot,Carmelo Anthony,,,,,,,,,J.R. Smith,3,,,made,,3pt,35,31
Carmelo Anthony,Chauncey Billups,J.R. Smith,Nene Hilario,Renaldo Balkman,Mike Miller,Rodney Carney,Ryan Gomes,Sebastian Telfair,Shelden Williams,1,4:40,MIN,shot,,,,,,,,,,Ryan Gomes,,,,missed,,jump,9,9
Carmelo Anthony,Chauncey Billups,J.R. Smith,Nene Hilario,Renaldo Balkman,Mike Miller,Rodney Carney,Ryan Gomes,Sebastian Telfair,Shelden Williams,1,4:40,DEN,rebound,,,,,,,,,,Carmelo Anthony,,,,,,def,,
Carmelo Anthony,Chauncey Billups,J.R. Smith,Nene Hilario,Renaldo Balkman,Mike Miller,Rodney Carney,Ryan Gomes,Sebastian Telfair,Shelden Williams,1,4:32,DEN,shot,,,,,,,,,,Carmelo Anthony,,,,missed,,driving layup,25,6
Carmelo Anthony,Chauncey Billups,J.R. Smith,Nene Hilario,Renaldo Balkman,Mike Miller,Rodney Carney,Ryan Gomes,Sebastian Telfair,Shelden Williams,1,4:30,DEN,shot,,,,,,,,,,Renaldo Balkman,2,,,made,,tip,25,6
Carmelo Anthony,Chauncey Billups,J.R. Smith,Nene Hilario,Renaldo Balkman,Mike Miller,Rodney Carney,Ryan Gomes,Sebastian Telfair,Shelden Williams,1,4:30,DEN,rebound,,,,,,,,,,Renaldo Balkman,,,,,,off,,
Carmelo Anthony,Chauncey Billups,J.R. Smith,Nene Hilario,Renaldo Balkman,Mike Miller,Rodney Carney,Ryan Gomes,Sebastian Telfair,Shelden Williams,1,4:12,MIN,turnover,,,,,,,,,,Mike Miller,,,bad pass,,Carmelo Anthony,,,
Carmelo Anthony,Chauncey Billups,J.R. Smith,Nene Hilario,Renaldo Balkman,Mike Miller,Rodney Carney,Ryan Gomes,Sebastian Telfair,Shelden Williams,1,4:07,DEN,shot,J.R. Smith,,,,,,,,,Chauncey Billups,2,,,made,,driving layup,25,6
Carmelo Anthony,Chauncey Billups,J.R. Smith,Nene Hilario,Renaldo Balkman,Mike Miller,Rodney Carney,Ryan Gomes,Sebastian Telfair,Shelden Williams,1,3:43,MIN,shot,,,,,,,,,,Rodney Carney,,,,missed,,3pt,23,32
Carmelo Anthony,Chauncey Billups,J.R. Smith,Nene Hilario,Renaldo Balkman,Mike Miller,Rodney Carney,Ryan Gomes,Sebastian Telfair,Shelden Williams,1,3:42,DEN,rebound,,,,,,,,,,Chauncey Billups,,,,,,def,,
Carmelo Anthony,Chauncey Billups,J.R. Smith,Nene Hilario,Renaldo Balkman,Mike Miller,Rodney Carney,Ryan Gomes,Sebastian Telfair,Shelden Williams,1,3:36,MIN,foul,,,,,,,,Carmelo Anthony,,Rodney Carney,,,,,,personal,,
Carmelo Anthony,Chauncey Billups,Chris Andersen,J.R. Smith,Nene Hilario,Mike Miller,Rodney Carney,Ryan Gomes,Sebastian Telfair,Shelden Williams,1,3:36,DEN,sub,,,,Chris Andersen,,Renaldo Balkman,,,,,,,,,,,,
Carmelo Anthony,Chauncey Billups,Chris Andersen,J.R. Smith,Nene Hilario,Mike Miller,Rodney Carney,Ryan Gomes,Sebastian Telfair,Shelden Williams,1,3:27,DEN,shot,,,,,,,,,,Carmelo Anthony,2,,,made,,finger roll layup,25,6
Carmelo Anthony,Chauncey Billups,Chris Andersen,J.R. Smith,Nene Hilario,Mike Miller,Rodney Carney,Ryan Gomes,Sebastian Telfair,Shelden Williams,1,3:15,DEN,foul,,,,,,,,Sebastian Telfair,,Nene Hilario,,,,,,personal,,
Carmelo Anthony,Chauncey Billups,Chris Andersen,J.R. Smith,Nene Hilario,Brian Cardinal,Mike Miller,Rodney Carney,Sebastian Telfair,Shelden Williams,1,3:15,MIN,sub,,,,Brian Cardinal,,Ryan Gomes,,,,,,,,,,,,
Carmelo Anthony,Chauncey Billups,Chris Andersen,J.R. Smith,Nene Hilario,Brian Cardinal,Mike Miller,Rodney Carney,Sebastian Telfair,Shelden Williams,1,3:15,MIN,timeout,,,,,,,,,,,,,,,,regular,,
Carmelo Anthony,Chauncey Billups,Chris Andersen,J.R. Smith,Nene Hilario,Brian Cardinal,Mike Miller,Rodney Carney,Sebastian Telfair,Shelden Williams,1,3:09,MIN,shot,Mike Miller,,,,,,,,,Rodney Carney,2,,,made,,slam dunk,25,6
Carmelo Anthony,Chauncey Billups,Chris Andersen,J.R. Smith,Nene Hilario,Brian Cardinal,Mike Miller,Rodney Carney,Sebastian Telfair,Shelden Williams,1,2:51,DEN,turnover,,,,,,,,,,Carmelo Anthony,,,bad pass,,,,,
Carmelo Anthony,Chauncey Billups,Chris Andersen,J.R. Smith,Nene Hilario,Brian Cardinal,Mike Miller,Rodney Carney,Sebastian Telfair,Shelden Williams,1,2:33,MIN,shot,,,,,,,,,,Rodney Carney,,,,missed,,3pt,2,7
Carmelo Anthony,Chauncey Billups,Chris Andersen,J.R. Smith,Nene Hilario,Brian Cardinal,Mike Miller,Rodney Carney,Sebastian Telfair,Shelden Williams,1,2:33,DEN,rebound,,,,,,,,,,J.R. Smith,,,,,,def,,
Carmelo Anthony,Chauncey Billups,Chris Andersen,J.R. Smith,Nene Hilario,Brian Cardinal,Mike Miller,Rodney Carney,Sebastian Telfair,Shelden Williams,1,2:25,DEN,shot,,,,,,,,,,J.R. Smith,2,,,made,,step back jump,33,19
Carmelo Anthony,Chauncey Billups,Chris Andersen,J.R. Smith,Nene Hilario,Brian Cardinal,Mike Miller,Rodney Carney,Sebastian Telfair,Shelden Williams,1,1:57,DEN,foul,,,,,,,,Rodney Carney,,Chauncey Billups,,,,,,personal,,
Carmelo Anthony,Chauncey Billups,Chris Andersen,J.R. Smith,Linas Kleiza,Brian Cardinal,Mike Miller,Rodney Carney,Sebastian Telfair,Shelden Williams,1,1:57,DEN,sub,,,,Linas Kleiza,,Nene Hilario,,,,,,,,,,,,
Anthony Carter,Carmelo Anthony,Chris Andersen,J.R. Smith,Linas Kleiza,Brian Cardinal,Mike Miller,Rodney Carney,Sebastian Telfair,Shelden Williams,1,1:57,DEN,sub,,,,Anthony Carter,,Chauncey Billups,,,,,,,,,,,,
Anthony Carter,Carmelo Anthony,Chris Andersen,J.R. Smith,Linas Kleiza,Brian Cardinal,Mike Miller,Rodney Carney,Sebastian Telfair,Shelden Williams,1,1:50,DEN,foul,,,,,,,,Mike Miller,,Anthony Carter,,,,,,personal,,
Anthony Carter,Carmelo Anthony,Chris Andersen,J.R. Smith,Linas Kleiza,Brian Cardinal,Mike Miller,Rodney Carney,Sebastian Telfair,Shelden Williams,1,1:50,MIN,free throw,,,,,,,1,,2,Mike Miller,,,foul,made,,,,
Anthony Carter,Carmelo Anthony,Chris Andersen,J.R. Smith,Linas Kleiza,Brian Cardinal,Mike Miller,Rodney Carney,Sebastian Telfair,Shelden Williams,1,1:50,MIN,free throw,,,,,,,2,,2,Mike Miller,,,foul,missed,,,,
Anthony Carter,Carmelo Anthony,Chris Andersen,J.R. Smith,Linas Kleiza,Brian Cardinal,Mike Miller,Rodney Carney,Sebastian Telfair,Shelden Williams,1,1:49,DEN,rebound,,,,,,,,,,,,,,,,,,
Anthony Carter,Carmelo Anthony,Chris Andersen,J.R. Smith,Linas Kleiza,Brian Cardinal,Mike Miller,Rodney Carney,Sebastian Telfair,Shelden Williams,1,1:49,MIN,foul,,,,,,,,Chris Andersen,,Shelden Williams,,,,,,loose ball,,
Anthony Carter,Carmelo Anthony,Chris Andersen,J.R. Smith,Linas Kleiza,Brian Cardinal,Mike Miller,Rodney Carney,Sebastian Telfair,Shelden Williams,1,1:40,DEN,shot,,,,,,,,,,J.R. Smith,,,,missed,,3pt,39,28
Anthony Carter,Carmelo Anthony,Chris Andersen,J.R. Smith,Linas Kleiza,Brian Cardinal,Mike Miller,Rodney Carney,Sebastian Telfair,Shelden Williams,1,1:39,MIN,rebound,,,,,,,,,,Brian Cardinal,,,,,,def,,
Anthony Carter,Carmelo Anthony,Chris Andersen,J.R. Smith,Linas Kleiza,Brian Cardinal,Mike Miller,Rodney Carney,Sebastian Telfair,Shelden Williams,1,1:27,MIN,shot,,,,,,,,,,Shelden Williams,,,,missed,,running hook,20,11
Anthony Carter,Carmelo Anthony,Chris Andersen,J.R. Smith,Linas Kleiza,Brian Cardinal,Mike Miller,Rodney Carney,Sebastian Telfair,Shelden Williams,1,1:25,DEN,rebound,,,,,,,,,,Linas Kleiza,,,,,,def,,
Anthony Carter,Carmelo Anthony,Chris Andersen,J.R. Smith,Linas Kleiza,Brian Cardinal,Mike Miller,Rodney Carney,Sebastian Telfair,Shelden Williams,1,1:10,DEN,shot,,,,,,,,,,Carmelo Anthony,,,,missed,,jump,9,9
Anthony Carter,Carmelo Anthony,Chris Andersen,J.R. Smith,Linas Kleiza,Brian Cardinal,Mike Miller,Rodney Carney,Sebastian Telfair,Shelden Williams,1,1:09,MIN,rebound,,,,,,,,,,Shelden Williams,,,,,,def,,
Anthony Carter,Carmelo Anthony,Chris Andersen,J.R. Smith,Linas Kleiza,Brian Cardinal,Mike Miller,Rodney Carney,Sebastian Telfair,Shelden Williams,1,0:57,MIN,shot,,,Linas Kleiza,,,,,,,Shelden Williams,,,,missed,,layup,25,6
Anthony Carter,Carmelo Anthony,Chris Andersen,J.R. Smith,Linas Kleiza,Brian Cardinal,Mike Miller,Rodney Carney,Sebastian Telfair,Shelden Williams,1,0:56,MIN,rebound,,,,,,,,,,,,,,,,,,
Anthony Carter,Carmelo Anthony,Chris Andersen,J.R. Smith,Linas Kleiza,Brian Cardinal,Mike Miller,Rodney Carney,Sebastian Telfair,Shelden Williams,1,0:51,MIN,shot,,,,,,,,,,Sebastian Telfair,2,,,made,,driving finger roll layup,25,6
Anthony Carter,Carmelo Anthony,Chris Andersen,J.R. Smith,Linas Kleiza,Brian Cardinal,Mike Miller,Rodney Carney,Sebastian Telfair,Shelden Williams,1,0:38,MIN,foul,,,,,,,,Carmelo Anthony,,Rodney Carney,,,,,,personal,,
Anthony Carter,Carmelo Anthony,Chris Andersen,J.R. Smith,Linas Kleiza,Brian Cardinal,Mike Miller,Rodney Carney,Sebastian Telfair,Shelden Williams,1,0:38,DEN,free throw,,,,,,,1,,2,Carmelo Anthony,,,foul,made,,,,
Anthony Carter,Carmelo Anthony,Chris Andersen,J.R. Smith,Linas Kleiza,Brian Cardinal,Mike Miller,Ryan Gomes,Sebastian Telfair,Shelden Williams,1,0:38,MIN,sub,,,,Ryan Gomes,,Rodney Carney,,,,,,,,,,,,
Anthony Carter,Carmelo Anthony,Chris Andersen,J.R. Smith,Linas Kleiza,Brian Cardinal,Mike Miller,Ryan Gomes,Sebastian Telfair,Shelden Williams,1,0:38,DEN,free throw,,,,,,,2,,2,Carmelo Anthony,,,foul,made,,,,
Anthony Carter,Carmelo Anthony,Chris Andersen,J.R. Smith,Linas Kleiza,Brian Cardinal,Mike Miller,Ryan Gomes,Sebastian Telfair,Shelden Williams,1,0:32,MIN,shot,,,,,,,,,,Sebastian Telfair,,,,missed,,3pt,43,24
Anthony Carter,Carmelo Anthony,Chris Andersen,J.R. Smith,Linas Kleiza,Brian Cardinal,Mike Miller,Ryan Gomes,Sebastian Telfair,Shelden Williams,1,0:32,DEN,rebound,,,,,,,,,,Chris Andersen,,,,,,def,,
Anthony Carter,Carmelo Anthony,Chris Andersen,J.R. Smith,Linas Kleiza,Brian Cardinal,Mike Miller,Ryan Gomes,Sebastian Telfair,Shelden Williams,1,0:23,DEN,shot,Carmelo Anthony,,,,,,,,,J.R. Smith,3,,,made,,3pt,14,30
Anthony Carter,Carmelo Anthony,Chris Andersen,J.R. Smith,Linas Kleiza,Brian Cardinal,Mike Miller,Ryan Gomes,Sebastian Telfair,Shelden Williams,1,0:01,MIN,shot,,,,,,,,,,Sebastian Telfair,,,,missed,,driving layup,25,6
Anthony Carter,Carmelo Anthony,Chris Andersen,J.R. Smith,Linas Kleiza,Brian Cardinal,Mike Miller,Ryan Gomes,Sebastian Telfair,Shelden Williams,1,0:00,DEN,rebound,,,,,,,,,,J.R. Smith,,,,,,def,,
Anthony Carter,Carmelo Anthony,Chris Andersen,J.R. Smith,Linas Kleiza,Brian Cardinal,Mike Miller,Ryan Gomes,Sebastian Telfair,Shelden Williams,2,11:40,MIN,turnover,,,,,,,,,,Sebastian Telfair,,,bad pass,,Anthony Carter,,,
Anthony Carter,Carmelo Anthony,Chris Andersen,J.R. Smith,Linas Kleiza,Brian Cardinal,Mike Miller,Ryan Gomes,Sebastian Telfair,Shelden Williams,2,11:33,DEN,shot,,,,,,,,,,J.R. Smith,,,,missed,,3pt,7,23
Anthony Carter,Carmelo Anthony,Chris Andersen,J.R. Smith,Linas Kleiza,Brian Cardinal,Mike Miller,Ryan Gomes,Sebastian Telfair,Shelden Williams,2,11:31,DEN,rebound,,,,,,,,,,,,,,,,,,
Anthony Carter,Carmelo Anthony,Chris Andersen,J.R. Smith,Linas Kleiza,Brian Cardinal,Mike Miller,Ryan Gomes,Sebastian Telfair,Shelden Williams,2,11:21,DEN,shot,,,,,,,,,,Anthony Carter,2,,,made,,pullup jump,21,27
Anthony Carter,Carmelo Anthony,Chris Andersen,J.R. Smith,Linas Kleiza,Brian Cardinal,Mike Miller,Ryan Gomes,Sebastian Telfair,Shelden Williams,2,11:04,MIN,shot,,,,,,,,,,Brian Cardinal,,,,missed,,3pt,48,8
Anthony Carter,Carmelo Anthony,Chris Andersen,J.R. Smith,Linas Kleiza,Brian Cardinal,Mike Miller,Ryan Gomes,Sebastian Telfair,Shelden Williams,2,11:03,DEN,rebound,,,,,,,,,,Carmelo Anthony,,,,,,def,,
Anthony Carter,Carmelo Anthony,Chris Andersen,J.R. Smith,Linas Kleiza,Brian Cardinal,Mike Miller,Ryan Gomes,Sebastian Telfair,Shelden Williams,2,10:55,DEN,shot,Carmelo Anthony,,,,,,,,,Linas Kleiza,3,,,made,,3pt,3,12
Anthony Carter,Carmelo Anthony,Chris Andersen,J.R. Smith,Linas Kleiza,Brian Cardinal,Mike Miller,Ryan Gomes,Sebastian Telfair,Shelden Williams,2,10:34,MIN,shot,Sebastian Telfair,,,,,,,,,Mike Miller,2,,,made,,jump,7,17
Anthony Carter,Carmelo Anthony,Chris Andersen,J.R. Smith,Linas Kleiza,Brian Cardinal,Mike Miller,Ryan Gomes,Sebastian Telfair,Shelden Williams,2,10:26,DEN,shot,Carmelo Anthony,,,,,,,,,Linas Kleiza,2,,,made,,running jump,31,8
Anthony Carter,Carmelo Anthony,Chris Andersen,J.R. Smith,Linas Kleiza,Brian Cardinal,Mike Miller,Ryan Gomes,Sebastian Telfair,Shelden Williams,2,10:01,MIN,shot,,,,,,,,,,Ryan Gomes,,,,missed,,3pt,44,24
Anthony Carter,Carmelo Anthony,Chris Andersen,J.R. Smith,Linas Kleiza,Brian Cardinal,Mike Miller,Ryan Gomes,Sebastian Telfair,Shelden Williams,2,10:00,MIN,rebound,,,,,,,,,,,,,,,,,,
Anthony Carter,Carmelo Anthony,Chris Andersen,J.R. Smith,Linas Kleiza,Brian Cardinal,Mike Miller,Ryan Gomes,Sebastian Telfair,Shelden Williams,2,10:00,DEN,foul,,,,,,,,Shelden Williams,,Linas Kleiza,,,,,,loose ball,,
Anthony Carter,Carmelo Anthony,Chris Andersen,J.R. Smith,Linas Kleiza,Brian Cardinal,Mike Miller,Ryan Gomes,Sebastian Telfair,Shelden Williams,2,9:44,MIN,shot,,,,,,,,,,Brian Cardinal,2,,,made,,jump bank,27,13
Anthony Carter,Carmelo Anthony,Chris Andersen,J.R. Smith,Linas Kleiza,Brian Cardinal,Mike Miller,Ryan Gomes,Sebastian Telfair,Shelden Williams,2,9:35,DEN,shot,,,,,,,,,,Carmelo Anthony,2,,,made,,jump,40,14
Anthony Carter,Carmelo Anthony,Chris Andersen,J.R. Smith,Linas Kleiza,Brian Cardinal,Mike Miller,Ryan Gomes,Sebastian Telfair,Shelden Williams,2,9:09,MIN,shot,Brian Cardinal,,,,,,,,,Ryan Gomes,2,,,made,,reverse layup,25,6
Anthony Carter,Carmelo Anthony,Chris Andersen,J.R. Smith,Linas Kleiza,Brian Cardinal,Mike Miller,Ryan Gomes,Sebastian Telfair,Shelden Williams,2,9:00,DEN,shot,,,,,,,,,,Carmelo Anthony,,,,missed,,driving layup,25,6
Anthony Carter,Carmelo Anthony,Chris Andersen,J.R. Smith,Linas Kleiza,Brian Cardinal,Mike Miller,Ryan Gomes,Sebastian Telfair,Shelden Williams,2,8:59,MIN,rebound,,,,,,,,,,Mike Miller,,,,,,def,,
Anthony Carter,Carmelo Anthony,Chris Andersen,J.R. Smith,Linas Kleiza,Brian Cardinal,Mike Miller,Ryan Gomes,Sebastian Telfair,Shelden Williams,2,8:52,MIN,shot,Ryan Gomes,,,,,,,,,Shelden Williams,2,,,made,,dunk,25,6
Anthony Carter,Carmelo Anthony,Chris Andersen,J.R. Smith,Linas Kleiza,Brian Cardinal,Mike Miller,Ryan Gomes,Sebastian Telfair,Shelden Williams,2,8:42,MIN,foul,,,,,,,,Carmelo Anthony,,Ryan Gomes,,,,,,personal,,
Anthony Carter,Carmelo Anthony,Chris Andersen,J.R. Smith,Linas Kleiza,Brian Cardinal,Mike Miller,Ryan Gomes,Sebastian Telfair,Shelden Williams,2,8:42,OFF,timeout,,,,,,,,,,,,,,,,official,,
Anthony Carter,Chris Andersen,J.R. Smith,Linas Kleiza,Nene Hilario,Brian Cardinal,Mike Miller,Ryan Gomes,Sebastian Telfair,Shelden Williams,2,8:42,DEN,sub,,,,Nene Hilario,,Carmelo Anthony,,,,,,,,,,,,
Anthony Carter,Chris Andersen,J.R. Smith,Linas Kleiza,Nene Hilario,Brian Cardinal,Mike Miller,Ryan Gomes,Sebastian Telfair,Shelden Williams,2,8:37,DEN,foul,,,,,,,,Brian Cardinal,,Anthony Carter,,,,,,offensive,,
Anthony Carter,Chris Andersen,J.R. Smith,Linas Kleiza,Nene Hilario,Brian Cardinal,Mike Miller,Ryan Gomes,Sebastian Telfair,Shelden Williams,2,8:37,DEN,turnover,,,,,,,,,,Anthony Carter,,,foul,,,,,
Anthony Carter,Chris Andersen,J.R. Smith,Linas Kleiza,Nene Hilario,Brian Cardinal,Mike Miller,Ryan Gomes,Sebastian Telfair,Shelden Williams,2,8:23,MIN,shot,,,,,,,,,,Ryan Gomes,,,,missed,,jump,8,15
Anthony Carter,Chris Andersen,J.R. Smith,Linas Kleiza,Nene Hilario,Brian Cardinal,Mike Miller,Ryan Gomes,Sebastian Telfair,Shelden Williams,2,8:22,DEN,rebound,,,,,,,,,,J.R. Smith,,,,,,def,,
Anthony Carter,Chris Andersen,J.R. Smith,Linas Kleiza,Nene Hilario,Brian Cardinal,Mike Miller,Ryan Gomes,Sebastian Telfair,Shelden Williams,2,8:10,DEN,shot,,,,,,,,,,J.R. Smith,,,,missed,,3pt,13,28
Anthony Carter,Chris Andersen,J.R. Smith,Linas Kleiza,Nene Hilario,Brian Cardinal,Mike Miller,Ryan Gomes,Sebastian Telfair,Shelden Williams,2,8:09,DEN,rebound,,,,,,,,,,Chris Andersen,,,,,,off,,
Anthony Carter,Chris Andersen,J.R. Smith,Linas Kleiza,Nene Hilario,Brian Cardinal,Mike Miller,Ryan Gomes,Sebastian Telfair,Shelden Williams,2,8:09,DEN,shot,,,,,,,,,,Chris Andersen,2,,,made,,putback dunk,25,6
Anthony Carter,Chris Andersen,J.R. Smith,Linas Kleiza,Nene Hilario,Brian Cardinal,Mike Miller,Ryan Gomes,Sebastian Telfair,Shelden Williams,2,7:51,DEN,foul,,,,,,,,Mike Miller,,J.R. Smith,,,,,,personal,,
Anthony Carter,Chris Andersen,J.R. Smith,Linas Kleiza,Nene Hilario,Brian Cardinal,Kevin Ollie,Ryan Gomes,Sebastian Telfair,Shelden Williams,2,7:51,MIN,sub,,,,Kevin Ollie,,Mike Miller,,,,,,,,,,,,
Anthony Carter,Chris Andersen,J.R. Smith,Linas Kleiza,Nene Hilario,Brian Cardinal,Kevin Ollie,Ryan Gomes,Sebastian Telfair,Shelden Williams,2,7:41,MIN,shot,,,Chris Andersen,,,,,,,Sebastian Telfair,,,,missed,,layup,25,6
Anthony Carter,Chris Andersen,J.R. Smith,Linas Kleiza,Nene Hilario,Brian Cardinal,Kevin Ollie,Ryan Gomes,Sebastian Telfair,Shelden Williams,2,7:39,DEN,rebound,,,,,,,,,,Anthony Carter,,,,,,def,,
Anthony Carter,Chris Andersen,J.R. Smith,Linas Kleiza,Nene Hilario,Brian Cardinal,Kevin Ollie,Ryan Gomes,Sebastian Telfair,Shelden Williams,2,7:36,DEN,turnover,,,,,,,,,,Anthony Carter,,,bad pass,,Kevin Ollie,,,
Anthony Carter,Chris Andersen,J.R. Smith,Linas Kleiza,Nene Hilario,Brian Cardinal,Kevin Ollie,Ryan Gomes,Sebastian Telfair,Shelden Williams,2,7:26,MIN,shot,Kevin Ollie,,,,,,,,,Sebastian Telfair,2,,,made,,pullup jump,38,15
Anthony Carter,Chris Andersen,J.R. Smith,Linas Kleiza,Nene Hilario,Brian Cardinal,Kevin Ollie,Ryan Gomes,Sebastian Telfair,Shelden Williams,2,7:00,DEN,shot,,,,,,,,,,Linas Kleiza,,,,missed,,jump,9,23
Anthony Carter,Chris Andersen,J.R. Smith,Linas Kleiza,Nene Hilario,Brian Cardinal,Kevin Ollie,Ryan Gomes,Sebastian Telfair,Shelden Williams,2,6:59,MIN,rebound,,,,,,,,,,Ryan Gomes,,,,,,def,,
Anthony Carter,Chris Andersen,J.R. Smith,Linas Kleiza,Nene Hilario,Brian Cardinal,Kevin Ollie,Ryan Gomes,Sebastian Telfair,Shelden Williams,2,6:50,DEN,foul,,,,,,,,Shelden Williams,,Nene Hilario,,,,,,shooting,,
Anthony Carter,Chauncey Billups,Chris Andersen,Linas Kleiza,Nene Hilario,Brian Cardinal,Kevin Ollie,Ryan Gomes,Sebastian Telfair,Shelden Williams,2,6:50,DEN,sub,,,,Chauncey Billups,,J.R. Smith,,,,,,,,,,,,
Anthony Carter,Chauncey Billups,Chris Andersen,Linas Kleiza,Nene Hilario,Brian Cardinal,Kevin Ollie,Ryan Gomes,Sebastian Telfair,Shelden Williams,2,6:50,MIN,free throw,,,,,,,1,,2,Shelden Williams,,,foul,made,,,,
Anthony Carter,Chauncey Billups,Chris Andersen,Linas Kleiza,Nene Hilario,Brian Cardinal,Kevin Ollie,Ryan Gomes,Sebastian Telfair,Shelden Williams,2,6:50,MIN,free throw,,,,,,,2,,2,Shelden Williams,,,foul,made,,,,
Anthony Carter,Chauncey Billups,Chris Andersen,Linas Kleiza,Nene Hilario,Brian Cardinal,Kevin Ollie,Ryan Gomes,Sebastian Telfair,Shelden Williams,2,6:35,MIN,foul,,,,,,,,Nene Hilario,,Shelden Williams,,,,,,personal,,
Anthony Carter,Chauncey Billups,Chris Andersen,Linas Kleiza,Nene Hilario,Brian Cardinal,Jason Collins,Kevin Ollie,Ryan Gomes,Sebastian Telfair,2,6:35,MIN,sub,,,,Jason Collins,,Shelden Williams,,,,,,,,,,,,
Anthony Carter,Chauncey Billups,Chris Andersen,Linas Kleiza,Nene Hilario,Brian Cardinal,Jason Collins,Kevin Ollie,Ryan Gomes,Sebastian Telfair,2,6:25,DEN,shot,,,,,,,,,,Nene Hilario,,,,missed,,jump,,
Anthony Carter,Chauncey Billups,Chris Andersen,Linas Kleiza,Nene Hilario,Brian Cardinal,Jason Collins,Kevin Ollie,Ryan Gomes,Sebastian Telfair,2,6:24,DEN,rebound,,,,,,,,,,Chris Andersen,,,,,,off,,
Anthony Carter,Chauncey Billups,Chris Andersen,Linas Kleiza,Nene Hilario,Brian Cardinal,Jason Collins,Kevin Ollie,Ryan Gomes,Sebastian Telfair,2,6:18,DEN,shot,,,,,,,,,,Linas Kleiza,,,,missed,,3pt,22,31
Anthony Carter,Chauncey Billups,Chris Andersen,Linas Kleiza,Nene Hilario,Brian Cardinal,Jason Collins,Kevin Ollie,Ryan Gomes,Sebastian Telfair,2,6:16,MIN,rebound,,,,,,,,,,,,,,,,,,
Anthony Carter,Chauncey Billups,Chris Andersen,Linas Kleiza,Nene Hilario,Brian Cardinal,Jason Collins,Kevin Ollie,Ryan Gomes,Sebastian Telfair,2,6:01,MIN,shot,,,,,,,,,,Ryan Gomes,,,,missed,,jump,18,17
Anthony Carter,Chauncey Billups,Chris Andersen,Linas Kleiza,Nene Hilario,Brian Cardinal,Jason Collins,Kevin Ollie,Ryan Gomes,Sebastian Telfair,2,6:00,DEN,rebound,,,,,,,,,,Linas Kleiza,,,,,,def,,
Anthony Carter,Chauncey Billups,Chris Andersen,Linas Kleiza,Nene Hilario,Brian Cardinal,Jason Collins,Kevin Ollie,Ryan Gomes,Sebastian Telfair,2,5:55,DEN,shot,Chauncey Billups,,,,,,,,,Nene Hilario,2,,,made,,driving dunk,,
Anthony Carter,Chauncey Billups,Chris Andersen,Linas Kleiza,Nene Hilario,Brian Cardinal,Jason Collins,Kevin Ollie,Ryan Gomes,Sebastian Telfair,2,5:55,MIN,foul,,,,,,,,Nene Hilario,,Brian Cardinal,,,,,,shooting,,
Anthony Carter,Chauncey Billups,Chris Andersen,Linas Kleiza,Nene Hilario,Brian Cardinal,Jason Collins,Kevin Ollie,Ryan Gomes,Sebastian Telfair,2,5:55,MIN,timeout,,,,,,,,,,,,,,,,regular,,
Anthony Carter,Chauncey Billups,Chris Andersen,Linas Kleiza,Nene Hilario,Jason Collins,Kevin Ollie,Rodney Carney,Ryan Gomes,Sebastian Telfair,2,5:55,MIN,sub,,,,Rodney Carney,,Brian Cardinal,,,,,,,,,,,,
Anthony Carter,Chauncey Billups,Chris Andersen,Linas Kleiza,Nene Hilario,Jason Collins,Kevin Ollie,Rodney Carney,Ryan Gomes,Sebastian Telfair,2,5:55,DEN,free throw,,,,,,,1,,1,Nene Hilario,,,foul,made,,,,
Anthony Carter,Chauncey Billups,Chris Andersen,Linas Kleiza,Nene Hilario,Jason Collins,Kevin Ollie,Rodney Carney,Ryan Gomes,Sebastian Telfair,2,5:35,MIN,shot,,,,,,,,,,Sebastian Telfair,,,,missed,,driving finger roll layup,25,6
Anthony Carter,Chauncey Billups,Chris Andersen,Linas Kleiza,Nene Hilario,Jason Collins,Kevin Ollie,Rodney Carney,Ryan Gomes,Sebastian Telfair,2,5:34,DEN,rebound,,,,,,,,,,Chris Andersen,,,,,,def,,
Anthony Carter,Chauncey Billups,Chris Andersen,Linas Kleiza,Nene Hilario,Jason Collins,Kevin Ollie,Rodney Carney,Ryan Gomes,Sebastian Telfair,2,5:23,DEN,shot,Chauncey Billups,,,,,,,,,Anthony Carter,3,,,made,,3pt,24,30
Anthony Carter,Chauncey Billups,Chris Andersen,Linas Kleiza,Nene Hilario,Jason Collins,Kevin Ollie,Rodney Carney,Ryan Gomes,Sebastian Telfair,2,5:03,DEN,foul,,,,,,,,,,Chris Andersen,,,,,,defense 3 second,,
Anthony Carter,Chauncey Billups,Chris Andersen,Linas Kleiza,Nene Hilario,Jason Collins,Kevin Ollie,Rodney Carney,Ryan Gomes,Sebastian Telfair,2,5:03,MIN,free throw,,,,,,,1,,1,Ryan Gomes,,,technical,made,,,,
Anthony Carter,Chauncey Billups,Chris Andersen,Linas Kleiza,Nene Hilario,Jason Collins,Kevin Ollie,Rodney Carney,Ryan Gomes,Sebastian Telfair,2,4:54,MIN,shot,Kevin Ollie,,,,,,,,,Sebastian Telfair,3,,,made,,3pt,31,31
Anthony Carter,Chauncey Billups,Chris Andersen,Linas Kleiza,Nene Hilario,Jason Collins,Kevin Ollie,Rodney Carney,Ryan Gomes,Sebastian Telfair,2,4:41,MIN,foul,,,,,,,,Anthony Carter,,Sebastian Telfair,,,,,,shooting,,
Anthony Carter,Chauncey Billups,Chris Andersen,Linas Kleiza,Nene Hilario,Jason Collins,Kevin Ollie,Rodney Carney,Ryan Gomes,Sebastian Telfair,2,4:41,DEN,free throw,,,,,,,1,,2,Anthony Carter,,,foul,missed,,,,
Anthony Carter,Chauncey Billups,Chris Andersen,Linas Kleiza,Nene Hilario,Jason Collins,Kevin Ollie,Rodney Carney,Ryan Gomes,Sebastian Telfair,2,4:41,DEN,rebound,,,,,,,,,,,,,,,,,,
Anthony Carter,Carmelo Anthony,Chauncey Billups,Chris Andersen,Nene Hilario,Jason Collins,Kevin Ollie,Rodney Carney,Ryan Gomes,Sebastian Telfair,2,4:41,DEN,sub,,,,Carmelo Anthony,,Linas Kleiza,,,,,,,,,,,,
Anthony Carter,Carmelo Anthony,Chauncey Billups,Chris Andersen,Nene Hilario,Jason Collins,Kevin Ollie,Rodney Carney,Ryan Gomes,Sebastian Telfair,2,4:41,DEN,free throw,,,,,,,2,,2,Anthony Carter,,,foul,missed,,,,
Anthony Carter,Carmelo Anthony,Chauncey Billups,Chris Andersen,Nene Hilario,Jason Collins,Kevin Ollie,Rodney Carney,Ryan Gomes,Sebastian Telfair,2,4:41,MIN,rebound,,,,,,,,,,Ryan Gomes,,,,,,def,,
Anthony Carter,Carmelo Anthony,Chauncey Billups,Chris Andersen,Nene Hilario,Jason Collins,Kevin Ollie,Rodney Carney,Ryan Gomes,Sebastian Telfair,2,4:21,MIN,shot,Sebastian Telfair,,,,,,,,,Rodney Carney,2,,,made,,jump,43,9
Anthony Carter,Carmelo Anthony,Chauncey Billups,Chris Andersen,Nene Hilario,Jason Collins,Kevin Ollie,Rodney Carney,Ryan Gomes,Sebastian Telfair,2,4:07,DEN,shot,Anthony Carter,,,,,,,,,Carmelo Anthony,2,,,made,,layup,25,6
Anthony Carter,Carmelo Anthony,Chauncey Billups,Chris Andersen,Nene Hilario,Jason Collins,Kevin Ollie,Rodney Carney,Ryan Gomes,Sebastian Telfair,2,3:47,MIN,shot,,,Chris Andersen,,,,,,,Ryan Gomes,,,,missed,,layup,25,6
Anthony Carter,Carmelo Anthony,Chauncey Billups,Chris Andersen,Nene Hilario,Jason Collins,Kevin Ollie,Rodney Carney,Ryan Gomes,Sebastian Telfair,2,3:45,DEN,rebound,,,,,,,,,,Anthony Carter,,,,,,def,,
Anthony Carter,Carmelo Anthony,Chauncey Billups,Chris Andersen,Nene Hilario,Jason Collins,Kevin Ollie,Rodney Carney,Ryan Gomes,Sebastian Telfair,2,3:40,DEN,shot,Anthony Carter,,,,,,,,,Chauncey Billups,3,,,made,,3pt,39,27
Anthony Carter,Carmelo Anthony,Chauncey Billups,Chris Andersen,Nene Hilario,Jason Collins,Kevin Ollie,Rodney Carney,Ryan Gomes,Sebastian Telfair,2,3:15,MIN,shot,,,,,,,,,,Sebastian Telfair,,,,missed,,jump,9,8
Anthony Carter,Carmelo Anthony,Chauncey Billups,Chris Andersen,Nene Hilario,Jason Collins,Kevin Ollie,Rodney Carney,Ryan Gomes,Sebastian Telfair,2,3:14,DEN,rebound,,,,,,,,,,Nene Hilario,,,,,,def,,
Anthony Carter,Carmelo Anthony,Chauncey Billups,Chris Andersen,Nene Hilario,Jason Collins,Kevin Ollie,Rodney Carney,Ryan Gomes,Sebastian Telfair,2,2:57,DEN,shot,,,,,,,,,,Carmelo Anthony,2,,,made,,running jump,27,14
Anthony Carter,Carmelo Anthony,Chauncey Billups,Chris Andersen,Nene Hilario,Jason Collins,Kevin Ollie,Rodney Carney,Ryan Gomes,Sebastian Telfair,2,2:39,MIN,shot,,,,,,,,,,Ryan Gomes,,,,missed,,jump,10,8
Anthony Carter,Carmelo Anthony,Chauncey Billups,Chris Andersen,Nene Hilario,Jason Collins,Kevin Ollie,Rodney Carney,Ryan Gomes,Sebastian Telfair,2,2:38,DEN,rebound,,,,,,,,,,Chauncey Billups,,,,,,def,,
Anthony Carter,Carmelo Anthony,Chauncey Billups,Chris Andersen,Nene Hilario,Jason Collins,Kevin Ollie,Rodney Carney,Ryan Gomes,Sebastian Telfair,2,2:25,DEN,shot,Nene Hilario,,,,,,,,,Anthony Carter,2,,,made,,reverse layup,25,6
Anthony Carter,Carmelo Anthony,Chauncey Billups,Chris Andersen,Nene Hilario,Jason Collins,Kevin Ollie,Rodney Carney,Ryan Gomes,Sebastian Telfair,2,2:15,MIN,timeout,,,,,,,,,,,,,,,,short,,
Anthony Carter,Carmelo Anthony,Chauncey Billups,Chris Andersen,Nene Hilario,Jason Collins,Kevin Ollie,Rodney Carney,Ryan Gomes,Sebastian Telfair,2,2:15,DEN,timeout,,,,,,,,,,,,,,,,regular,,
Anthony Carter,Carmelo Anthony,Chauncey Billups,Chris Andersen,Nene Hilario,Jason Collins,Kevin Ollie,Mike Miller,Rodney Carney,Ryan Gomes,2,2:15,MIN,sub,,,,Mike Miller,,Sebastian Telfair,,,,,,,,,,,,
Carmelo Anthony,Chauncey Billups,Chris Andersen,J.R. Smith,Nene Hilario,Jason Collins,Kevin Ollie,Mike Miller,Rodney Carney,Ryan Gomes,2,2:15,DEN,sub,,,,J.R. Smith,,Anthony Carter,,,,,,,,,,,,
Carmelo Anthony,Chauncey Billups,J.R. Smith,Nene Hilario,Renaldo Balkman,Jason Collins,Kevin Ollie,Mike Miller,Rodney Carney,Ryan Gomes,2,2:15,DEN,sub,,,,Renaldo Balkman,,Chris Andersen,,,,,,,,,,,,
Carmelo Anthony,Chauncey Billups,J.R. Smith,Nene Hilario,Renaldo Balkman,Jason Collins,Kevin Ollie,Mike Miller,Rodney Carney,Ryan Gomes,2,2:00,MIN,shot,,,,,,,,,,Ryan Gomes,,,,missed,,3pt,2,7
Carmelo Anthony,Chauncey Billups,J.R. Smith,Nene Hilario,Renaldo Balkman,Jason Collins,Kevin Ollie,Mike Miller,Rodney Carney,Ryan Gomes,2,1:59,DEN,rebound,,,,,,,,,,J.R. Smith,,,,,,def,,
Carmelo Anthony,Chauncey Billups,J.R. Smith,Nene Hilario,Renaldo Balkman,Jason Collins,Kevin Ollie,Mike Miller,Rodney Carney,Ryan Gomes,2,1:43,DEN,shot,,,,,,,,,,Carmelo Anthony,2,,,made,,jump,14,21
Carmelo Anthony,Chauncey Billups,J.R. Smith,Nene Hilario,Renaldo Balkman,Jason Collins,Kevin Ollie,Mike Miller,Rodney Carney,Ryan Gomes,2,1:13,MIN,shot,,,,,,,,,,Mike Miller,2,,,made,,running finger roll layup,25,6
Carmelo Anthony,Chauncey Billups,J.R. Smith,Nene Hilario,Renaldo Balkman,Jason Collins,Kevin Ollie,Mike Miller,Rodney Carney,Ryan Gomes,2,0:57,DEN,shot,Chauncey Billups,,,,,,,,,Nene Hilario,2,,,made,,dunk,,
Carmelo Anthony,Chauncey Billups,J.R. Smith,Nene Hilario,Renaldo Balkman,Jason Collins,Kevin Ollie,Mike Miller,Rodney Carney,Ryan Gomes,2,0:50,DEN,foul,,,,,,,,Mike Miller,,J.R. Smith,,,,,,personal,,
Anthony Carter,Carmelo Anthony,J.R. Smith,Nene Hilario,Renaldo Balkman,Jason Collins,Kevin Ollie,Mike Miller,Rodney Carney,Ryan Gomes,2,0:50,DEN,sub,,,,Anthony Carter,,Chauncey Billups,,,,,,,,,,,,
Anthony Carter,Carmelo Anthony,J.R. Smith,Nene Hilario,Renaldo Balkman,Jason Collins,Kevin Ollie,Mike Miller,Rodney Carney,Ryan Gomes,2,0:36,MIN,turnover,,,,,,,,,,Kevin Ollie,,,bad pass,,Anthony Carter,,,
Anthony Carter,Carmelo Anthony,J.R. Smith,Nene Hilario,Renaldo Balkman,Jason Collins,Kevin Ollie,Mike Miller,Rodney Carney,Ryan Gomes,2,0:33,MIN,foul,,,,,,,,J.R. Smith,,Kevin Ollie,,,,,,shooting,,
Anthony Carter,Carmelo Anthony,Chris Andersen,J.R. Smith,Renaldo Balkman,Jason Collins,Kevin Ollie,Mike Miller,Rodney Carney,Ryan Gomes,2,0:33,DEN,sub,,,,Chris Andersen,,Nene Hilario,,,,,,,,,,,,
Anthony Carter,Carmelo Anthony,Chris Andersen,J.R. Smith,Renaldo Balkman,Jason Collins,Kevin Ollie,Mike Miller,Rodney Carney,Ryan Gomes,2,0:33,DEN,free throw,,,,,,,1,,2,J.R. Smith,,,foul,made,,,,
Anthony Carter,Carmelo Anthony,Chris Andersen,J.R. Smith,Renaldo Balkman,Jason Collins,Kevin Ollie,Mike Miller,Rodney Carney,Ryan Gomes,2,0:33,DEN,free throw,,,,,,,2,,2,J.R. Smith,,,foul,missed,,,,
Anthony Carter,Carmelo Anthony,Chris Andersen,J.R. Smith,Renaldo Balkman,Jason Collins,Kevin Ollie,Mike Miller,Rodney Carney,Ryan Gomes,2,0:33,MIN,rebound,,,,,,,,,,Mike Miller,,,,,,def,,
Anthony Carter,Carmelo Anthony,Chris Andersen,J.R. Smith,Renaldo Balkman,Jason Collins,Kevin Ollie,Mike Miller,Rodney Carney,Ryan Gomes,2,0:12,MIN,shot,,,,,,,,,,Kevin Ollie,,,,missed,,jump,8,6
Anthony Carter,Carmelo Anthony,Chris Andersen,J.R. Smith,Renaldo Balkman,Jason Collins,Kevin Ollie,Mike Miller,Rodney Carney,Ryan Gomes,2,0:12,DEN,rebound,,,,,,,,,,Carmelo Anthony,,,,,,def,,
Anthony Carter,Carmelo Anthony,Chris Andersen,J.R. Smith,Renaldo Balkman,Jason Collins,Kevin Ollie,Mike Miller,Rodney Carney,Ryan Gomes,2,0:02,DEN,shot,,,,,,,,,,Carmelo Anthony,2,,,made,,turnaround jump,21,16
Anthony Carter,Carmelo Anthony,Chris Andersen,J.R. Smith,Renaldo Balkman,Jason Collins,Kevin Ollie,Mike Miller,Rodney Carney,Ryan Gomes,2,0:00,MIN,shot,,,,,,,,,,Ryan Gomes,,,,missed,,3pt,44,44
Anthony Carter,Carmelo Anthony,Chris Andersen,J.R. Smith,Renaldo Balkman,Jason Collins,Kevin Ollie,Mike Miller,Rodney Carney,Ryan Gomes,2,0:00,MIN,rebound,,,,,,,,,,,,,,,,,,
Carmelo Anthony,Chauncey Billups,Dahntay Jones,Nene Hilario,Renaldo Balkman,Jason Collins,Kevin Ollie,Mike Miller,Rodney Carney,Ryan Gomes,3,11:39,MIN,shot,,,,,,,,,,Ryan Gomes,2,,,made,,driving layup,25,6
Carmelo Anthony,Chauncey Billups,Dahntay Jones,Nene Hilario,Renaldo Balkman,Jason Collins,Kevin Ollie,Mike Miller,Rodney Carney,Ryan Gomes,3,11:20,DEN,turnover,,,,,,,,,,Nene Hilario,,,traveling,,,,,
Carmelo Anthony,Chauncey Billups,Dahntay Jones,Nene Hilario,Renaldo Balkman,Jason Collins,Kevin Ollie,Mike Miller,Rodney Carney,Ryan Gomes,3,10:55,MIN,shot,,,,,,,,,,Mike Miller,,,,missed,,3pt,37,30
Carmelo Anthony,Chauncey Billups,Dahntay Jones,Nene Hilario,Renaldo Balkman,Jason Collins,Kevin Ollie,Mike Miller,Rodney Carney,Ryan Gomes,3,10:54,DEN,rebound,,,,,,,,,,Nene Hilario,,,,,,def,,
Carmelo Anthony,Chauncey Billups,Dahntay Jones,Nene Hilario,Renaldo Balkman,Jason Collins,Kevin Ollie,Mike Miller,Rodney Carney,Ryan Gomes,3,10:43,DEN,turnover,,,,,,,,,,Nene Hilario,,,out of bounds lost ball turnover,,,,,
Carmelo Anthony,Chauncey Billups,Dahntay Jones,Nene Hilario,Renaldo Balkman,Jason Collins,Kevin Ollie,Mike Miller,Rodney Carney,Ryan Gomes,3,10:24,MIN,shot,,,,,,,,,,Rodney Carney,,,,missed,,3pt,2,6
Carmelo Anthony,Chauncey Billups,Dahntay Jones,Nene Hilario,Renaldo Balkman,Jason Collins,Kevin Ollie,Mike Miller,Rodney Carney,Ryan Gomes,3,10:21,DEN,rebound,,,,,,,,,,Renaldo Balkman,,,,,,def,,
Carmelo Anthony,Chauncey Billups,Dahntay Jones,Nene Hilario,Renaldo Balkman,Jason Collins,Kevin Ollie,Mike Miller,Rodney Carney,Ryan Gomes,3,10:11,DEN,shot,Chauncey Billups,,,,,,,,,Dahntay Jones,2,,,made,,jump,12,8
Carmelo Anthony,Chauncey Billups,Dahntay Jones,Nene Hilario,Renaldo Balkman,Jason Collins,Kevin Ollie,Mike Miller,Rodney Carney,Ryan Gomes,3,9:46,MIN,turnover,,,,,,,,,,,,,shot clock turnover,,,,,
Carmelo Anthony,Chauncey Billups,Dahntay Jones,Nene Hilario,Renaldo Balkman,Jason Collins,Kevin Ollie,Mike Miller,Rodney Carney,Ryan Gomes,3,9:30,DEN,shot,,,,,,,,,,Chauncey Billups,,,,missed,,jump,25,14
Carmelo Anthony,Chauncey Billups,Dahntay Jones,Nene Hilario,Renaldo Balkman,Jason Collins,Kevin Ollie,Mike Miller,Rodney Carney,Ryan Gomes,3,9:29,MIN,rebound,,,,,,,,,,Kevin Ollie,,,,,,def,,
Carmelo Anthony,Chauncey Billups,Dahntay Jones,Nene Hilario,Renaldo Balkman,Jason Collins,Kevin Ollie,Mike Miller,Rodney Carney,Ryan Gomes,3,9:23,MIN,shot,,,,,,,,,,Kevin Ollie,2,,,made,,driving layup,25,6
Carmelo Anthony,Chauncey Billups,Dahntay Jones,Nene Hilario,Renaldo Balkman,Jason Collins,Kevin Ollie,Mike Miller,Rodney Carney,Ryan Gomes,3,9:23,DEN,violation,,,,,,,,,,Carmelo Anthony,,,,,,defensive goaltending,,
Carmelo Anthony,Chauncey Billups,Dahntay Jones,Nene Hilario,Renaldo Balkman,Jason Collins,Kevin Ollie,Mike Miller,Rodney Carney,Ryan Gomes,3,9:11,DEN,shot,Chauncey Billups,,,,,,,,,Carmelo Anthony,2,,,made,,jump,11,19
Carmelo Anthony,Chauncey Billups,Dahntay Jones,Nene Hilario,Renaldo Balkman,Jason Collins,Kevin Ollie,Mike Miller,Rodney Carney,Ryan Gomes,3,8:59,MIN,turnover,,,,,,,,,,Jason Collins,,,lost ball,,Nene Hilario,,,
Carmelo Anthony,Chauncey Billups,Dahntay Jones,Nene Hilario,Renaldo Balkman,Jason Collins,Kevin Ollie,Mike Miller,Rodney Carney,Ryan Gomes,3,8:54,MIN,foul,,,,,,,,Renaldo Balkman,,Mike Miller,,,,,,shooting,,
Carmelo Anthony,Chauncey Billups,Dahntay Jones,Nene Hilario,Renaldo Balkman,Jason Collins,Kevin Ollie,Mike Miller,Rodney Carney,Ryan Gomes,3,8:54,DEN,free throw,,,,,,,1,,2,Renaldo Balkman,,,foul,made,,,,
Carmelo Anthony,Chauncey Billups,Dahntay Jones,Nene Hilario,Renaldo Balkman,Jason Collins,Kevin Ollie,Mike Miller,Rodney Carney,Ryan Gomes,3,8:54,DEN,free throw,,,,,,,2,,2,Renaldo Balkman,,,foul,made,,,,
Carmelo Anthony,Chauncey Billups,Dahntay Jones,Nene Hilario,Renaldo Balkman,Jason Collins,Kevin Ollie,Mike Miller,Rodney Carney,Ryan Gomes,3,8:37,DEN,foul,,,,,,,,Jason Collins,,Chauncey Billups,,,,,,shooting,,
Carmelo Anthony,Chauncey Billups,Dahntay Jones,Nene Hilario,Renaldo Balkman,Jason Collins,Kevin Ollie,Mike Miller,Rodney Carney,Ryan Gomes,3,8:37,MIN,free throw,,,,,,,1,,2,Jason Collins,,,foul,made,,,,
Carmelo Anthony,Chauncey Billups,Dahntay Jones,Nene Hilario,Renaldo Balkman,Jason Collins,Kevin Ollie,Mike Miller,Rodney Carney,Ryan Gomes,3,8:37,MIN,free throw,,,,,,,2,,2,Jason Collins,,,foul,made,,,,
Carmelo Anthony,Chauncey Billups,Dahntay Jones,Nene Hilario,Renaldo Balkman,Jason Collins,Kevin Ollie,Mike Miller,Rodney Carney,Ryan Gomes,3,8:19,DEN,shot,Nene Hilario,,,,,,,,,Carmelo Anthony,3,,,made,,3pt,42,25
Carmelo Anthony,Chauncey Billups,Dahntay Jones,Nene Hilario,Renaldo Balkman,Jason Collins,Kevin Ollie,Mike Miller,Rodney Carney,Ryan Gomes,3,7:53,MIN,shot,,,,,,,,,,Jason Collins,,,,missed,,jump,44,7
Carmelo Anthony,Chauncey Billups,Dahntay Jones,Nene Hilario,Renaldo Balkman,Jason Collins,Kevin Ollie,Mike Miller,Rodney Carney,Ryan Gomes,3,7:52,DEN,rebound,,,,,,,,,,Carmelo Anthony,,,,,,def,,
Carmelo Anthony,Chauncey Billups,Dahntay Jones,Nene Hilario,Renaldo Balkman,Jason Collins,Kevin Ollie,Mike Miller,Rodney Carney,Ryan Gomes,3,7:45,DEN,shot,,,,,,,,,,Carmelo Anthony,,,,missed,,3pt,9,25
Carmelo Anthony,Chauncey Billups,Dahntay Jones,Nene Hilario,Renaldo Balkman,Jason Collins,Kevin Ollie,Mike Miller,Rodney Carney,Ryan Gomes,3,7:45,MIN,rebound,,,,,,,,,,Mike Miller,,,,,,def,,
Carmelo Anthony,Chauncey Billups,Dahntay Jones,Nene Hilario,Renaldo Balkman,Jason Collins,Kevin Ollie,Mike Miller,Rodney Carney,Ryan Gomes,3,7:22,MIN,shot,,,,,,,,,,Rodney Carney,2,,,made,,driving layup,25,6
Carmelo Anthony,Chauncey Billups,Dahntay Jones,Nene Hilario,Renaldo Balkman,Jason Collins,Kevin Ollie,Mike Miller,Rodney Carney,Ryan Gomes,3,7:02,MIN,foul,,,,,,,,Dahntay Jones,,Mike Miller,,,,,,shooting,,
Carmelo Anthony,Chauncey Billups,Dahntay Jones,Nene Hilario,Renaldo Balkman,Jason Collins,Kevin Ollie,Mike Miller,Rodney Carney,Ryan Gomes,3,7:02,DEN,free throw,,,,,,,1,,2,Dahntay Jones,,,foul,made,,,,
Carmelo Anthony,Chauncey Billups,Dahntay Jones,Nene Hilario,Renaldo Balkman,Jason Collins,Kevin Ollie,Mike Miller,Rodney Carney,Ryan Gomes,3,7:02,DEN,free throw,,,,,,,2,,2,Dahntay Jones,,,foul,made,,,,
Carmelo Anthony,Chauncey Billups,Dahntay Jones,Nene Hilario,Renaldo Balkman,Jason Collins,Kevin Ollie,Mike Miller,Rodney Carney,Ryan Gomes,3,6:38,MIN,shot,,,,,,,,,,Kevin Ollie,,,,missed,,layup,25,6
Carmelo Anthony,Chauncey Billups,Dahntay Jones,Nene Hilario,Renaldo Balkman,Jason Collins,Kevin Ollie,Mike Miller,Rodney Carney,Ryan Gomes,3,6:37,DEN,rebound,,,,,,,,,,Nene Hilario,,,,,,def,,
Carmelo Anthony,Chauncey Billups,Dahntay Jones,Nene Hilario,Renaldo Balkman,Jason Collins,Kevin Ollie,Mike Miller,Rodney Carney,Ryan Gomes,3,6:32,DEN,shot,Chauncey Billups,,,,,,,,,Renaldo Balkman,2,,,made,,layup,25,6
Carmelo Anthony,Chauncey Billups,Dahntay Jones,Nene Hilario,Renaldo Balkman,Jason Collins,Kevin Ollie,Mike Miller,Rodney Carney,Ryan Gomes,3,6:10,DEN,foul,,,,,,,,Mike Miller,,Dahntay Jones,,,,,,personal,,
Carmelo Anthony,Chauncey Billups,Dahntay Jones,Nene Hilario,Renaldo Balkman,Kevin Ollie,Mike Miller,Rodney Carney,Ryan Gomes,Shelden Williams,3,6:10,MIN,sub,,,,Shelden Williams,,Jason Collins,,,,,,,,,,,,
Carmelo Anthony,Chauncey Billups,Dahntay Jones,Nene Hilario,Renaldo Balkman,Mike Miller,Rodney Carney,Ryan Gomes,Sebastian Telfair,Shelden Williams,3,6:10,MIN,sub,,,,Sebastian Telfair,,Kevin Ollie,,,,,,,,,,,,
Carmelo Anthony,Chauncey Billups,Dahntay Jones,Nene Hilario,Renaldo Balkman,Mike Miller,Rodney Carney,Ryan Gomes,Sebastian Telfair,Shelden Williams,3,6:07,MIN,shot,,,,,,,,,,Mike Miller,,,,missed,,3pt,44,24
Carmelo Anthony,Chauncey Billups,Dahntay Jones,Nene Hilario,Renaldo Balkman,Mike Miller,Rodney Carney,Ryan Gomes,Sebastian Telfair,Shelden Williams,3,6:06,DEN,rebound,,,,,,,,,,Carmelo Anthony,,,,,,def,,
Carmelo Anthony,Chauncey Billups,Dahntay Jones,Nene Hilario,Renaldo Balkman,Mike Miller,Rodney Carney,Ryan Gomes,Sebastian Telfair,Shelden Williams,3,6:00,DEN,shot,,,Ryan Gomes,,,,,,,Dahntay Jones,,,,missed,,driving layup,25,6
Carmelo Anthony,Chauncey Billups,Dahntay Jones,Nene Hilario,Renaldo Balkman,Mike Miller,Rodney Carney,Ryan Gomes,Sebastian Telfair,Shelden Williams,3,5:59,DEN,rebound,,,,,,,,,,Dahntay Jones,,,,,,off,,
Carmelo Anthony,Chauncey Billups,Dahntay Jones,Nene Hilario,Renaldo Balkman,Mike Miller,Rodney Carney,Ryan Gomes,Sebastian Telfair,Shelden Williams,3,5:58,MIN,timeout,,,,,,,,,,,,,,,,regular,,
Carmelo Anthony,Chauncey Billups,Dahntay Jones,Nene Hilario,Renaldo Balkman,Mike Miller,Rodney Carney,Ryan Gomes,Sebastian Telfair,Shelden Williams,3,5:46,DEN,shot,,,,,,,,,,Carmelo Anthony,,,,missed,,step back jump,12,14
Carmelo Anthony,Chauncey Billups,Dahntay Jones,Nene Hilario,Renaldo Balkman,Mike Miller,Rodney Carney,Ryan Gomes,Sebastian Telfair,Shelden Williams,3,5:45,DEN,rebound,,,,,,,,,,Nene Hilario,,,,,,off,,
Carmelo Anthony,Chauncey Billups,Dahntay Jones,Nene Hilario,Renaldo Balkman,Mike Miller,Rodney Carney,Ryan Gomes,Sebastian Telfair,Shelden Williams,3,5:40,DEN,shot,,,,,,,,,,Chauncey Billups,,,,missed,,3pt,18,30
Carmelo Anthony,Chauncey Billups,Dahntay Jones,Nene Hilario,Renaldo Balkman,Mike Miller,Rodney Carney,Ryan Gomes,Sebastian Telfair,Shelden Williams,3,5:39,MIN,rebound,,,,,,,,,,Shelden Williams,,,,,,def,,
Carmelo Anthony,Chauncey Billups,Dahntay Jones,Nene Hilario,Renaldo Balkman,Mike Miller,Rodney Carney,Ryan Gomes,Sebastian Telfair,Shelden Williams,3,5:35,MIN,turnover,,,,,,,,,,Ryan Gomes,,,bad pass,,Chauncey Billups,,,
Carmelo Anthony,Chauncey Billups,Dahntay Jones,Nene Hilario,Renaldo Balkman,Mike Miller,Rodney Carney,Ryan Gomes,Sebastian Telfair,Shelden Williams,3,5:25,DEN,shot,Chauncey Billups,,,,,,,,,Renaldo Balkman,2,,,made,,driving dunk,25,6
Carmelo Anthony,Chauncey Billups,Dahntay Jones,Nene Hilario,Renaldo Balkman,Mike Miller,Rodney Carney,Ryan Gomes,Sebastian Telfair,Shelden Williams,3,5:25,MIN,foul,,,,,,,,Renaldo Balkman,,Shelden Williams,,,,,,shooting,,
Carmelo Anthony,Chauncey Billups,Dahntay Jones,Nene Hilario,Renaldo Balkman,Mike Miller,Rodney Carney,Ryan Gomes,Sebastian Telfair,Shelden Williams,3,5:25,DEN,free throw,,,,,,,1,,1,Renaldo Balkman,,,foul,missed,,,,
Carmelo Anthony,Chauncey Billups,Dahntay Jones,Nene Hilario,Renaldo Balkman,Mike Miller,Rodney Carney,Ryan Gomes,Sebastian Telfair,Shelden Williams,3,5:25,MIN,rebound,,,,,,,,,,Mike Miller,,,,,,def,,
Carmelo Anthony,Chauncey Billups,Dahntay Jones,Nene Hilario,Renaldo Balkman,Mike Miller,Rodney Carney,Ryan Gomes,Sebastian Telfair,Shelden Williams,3,5:02,MIN,shot,Rodney Carney,,,,,,,,,Ryan Gomes,2,,,made,,step back jump,25,24
Carmelo Anthony,Chauncey Billups,Dahntay Jones,Nene Hilario,Renaldo Balkman,Mike Miller,Rodney Carney,Ryan Gomes,Sebastian Telfair,Shelden Williams,3,4:44,DEN,shot,,,,,,,,,,Carmelo Anthony,,,,missed,,jump,7,15
Carmelo Anthony,Chauncey Billups,Dahntay Jones,Nene Hilario,Renaldo Balkman,Mike Miller,Rodney Carney,Ryan Gomes,Sebastian Telfair,Shelden Williams,3,4:43,MIN,rebound,,,,,,,,,,Shelden Williams,,,,,,def,,
Carmelo Anthony,Chauncey Billups,Dahntay Jones,Nene Hilario,Renaldo Balkman,Mike Miller,Rodney Carney,Ryan Gomes,Sebastian Telfair,Shelden Williams,3,4:33,MIN,shot,,,,,,,,,,Ryan Gomes,,,,missed,,pullup jump,24,27
Carmelo Anthony,Chauncey Billups,Dahntay Jones,Nene Hilario,Renaldo Balkman,Mike Miller,Rodney Carney,Ryan Gomes,Sebastian Telfair,Shelden Williams,3,4:32,DEN,rebound,,,,,,,,,,Renaldo Balkman,,,,,,def,,
Carmelo Anthony,Chauncey Billups,Dahntay Jones,Nene Hilario,Renaldo Balkman,Mike Miller,Rodney Carney,Ryan Gomes,Sebastian Telfair,Shelden Williams,3,4:21,DEN,shot,,,,,,,,,,Nene Hilario,2,,,made,,finger roll layup,,
Carmelo Anthony,Chauncey Billups,Dahntay Jones,Nene Hilario,Renaldo Balkman,Mike Miller,Rodney Carney,Ryan Gomes,Sebastian Telfair,Shelden Williams,3,4:06,MIN,shot,Mike Miller,,,,,,,,,Sebastian Telfair,3,,,made,,3pt,2,7
Carmelo Anthony,Chauncey Billups,Dahntay Jones,Nene Hilario,Renaldo Balkman,Mike Miller,Rodney Carney,Ryan Gomes,Sebastian Telfair,Shelden Williams,3,3:45,DEN,shot,,,,,,,,,,Carmelo Anthony,2,,,made,,floating jump,19,7
Carmelo Anthony,Chauncey Billups,Dahntay Jones,Nene Hilario,Renaldo Balkman,Mike Miller,Rodney Carney,Ryan Gomes,Sebastian Telfair,Shelden Williams,3,3:37,MIN,shot,,,,,,,,,,Mike Miller,,,,missed,,3pt,10,26
Carmelo Anthony,Chauncey Billups,Dahntay Jones,Nene Hilario,Renaldo Balkman,Mike Miller,Rodney Carney,Ryan Gomes,Sebastian Telfair,Shelden Williams,3,3:36,DEN,rebound,,,,,,,,,,Carmelo Anthony,,,,,,def,,
Carmelo Anthony,Chauncey Billups,Dahntay Jones,Nene Hilario,Renaldo Balkman,Mike Miller,Rodney Carney,Ryan Gomes,Sebastian Telfair,Shelden Williams,3,3:27,DEN,shot,,,,,,,,,,Carmelo Anthony,2,,,made,,pullup jump,22,23
Carmelo Anthony,Chauncey Billups,Dahntay Jones,Nene Hilario,Renaldo Balkman,Mike Miller,Rodney Carney,Ryan Gomes,Sebastian Telfair,Shelden Williams,3,3:11,MIN,shot,Mike Miller,,,,,,,,,Shelden Williams,2,,,made,,dunk,25,6
Carmelo Anthony,Chauncey Billups,Dahntay Jones,Nene Hilario,Renaldo Balkman,Mike Miller,Rodney Carney,Ryan Gomes,Sebastian Telfair,Shelden Williams,3,2:45,DEN,shot,,,,,,,,,,Carmelo Anthony,,,,missed,,jump,12,22
Carmelo Anthony,Chauncey Billups,Dahntay Jones,Nene Hilario,Renaldo Balkman,Mike Miller,Rodney Carney,Ryan Gomes,Sebastian Telfair,Shelden Williams,3,2:44,MIN,rebound,,,,,,,,,,Mike Miller,,,,,,def,,
Carmelo Anthony,Chauncey Billups,Dahntay Jones,Nene Hilario,Renaldo Balkman,Mike Miller,Rodney Carney,Ryan Gomes,Sebastian Telfair,Shelden Williams,3,2:44,DEN,foul,,,,,,,,Mike Miller,,Renaldo Balkman,,,,,,loose ball,,
Carmelo Anthony,Chauncey Billups,Dahntay Jones,Nene Hilario,Renaldo Balkman,Mike Miller,Rodney Carney,Ryan Gomes,Sebastian Telfair,Shelden Williams,3,2:44,DEN,timeout,,,,,,,,,,,,,,,,regular,,
Carmelo Anthony,Chauncey Billups,Dahntay Jones,Nene Hilario,Renaldo Balkman,Mark Madsen,Mike Miller,Rodney Carney,Sebastian Telfair,Shelden Williams,3,2:44,MIN,sub,,,,Mark Madsen,,Ryan Gomes,,,,,,,,,,,,
Carmelo Anthony,Chauncey Billups,Dahntay Jones,Nene Hilario,Renaldo Balkman,Bobby Brown,Mark Madsen,Mike Miller,Sebastian Telfair,Shelden Williams,3,2:44,MIN,sub,,,,Bobby Brown,,Rodney Carney,,,,,,,,,,,,
Carmelo Anthony,Chauncey Billups,Chris Andersen,Dahntay Jones,Nene Hilario,Bobby Brown,Mark Madsen,Mike Miller,Sebastian Telfair,Shelden Williams,3,2:44,DEN,sub,,,,Chris Andersen,,Renaldo Balkman,,,,,,,,,,,,
Carmelo Anthony,Chauncey Billups,Chris Andersen,J.R. Smith,Nene Hilario,Bobby Brown,Mark Madsen,Mike Miller,Sebastian Telfair,Shelden Williams,3,2:44,DEN,sub,,,,J.R. Smith,,Dahntay Jones,,,,,,,,,,,,
Carmelo Anthony,Chauncey Billups,Chris Andersen,J.R. Smith,Nene Hilario,Bobby Brown,Mark Madsen,Mike Miller,Sebastian Telfair,Shelden Williams,3,2:23,MIN,shot,,,,,,,,,,Bobby Brown,,,,missed,,jump,40,14
Carmelo Anthony,Chauncey Billups,Chris Andersen,J.R. Smith,Nene Hilario,Bobby Brown,Mark Madsen,Mike Miller,Sebastian Telfair,Shelden Williams,3,2:22,MIN,rebound,,,,,,,,,,Mike Miller,,,,,,off,,
Carmelo Anthony,Chauncey Billups,Chris Andersen,J.R. Smith,Nene Hilario,Bobby Brown,Mark Madsen,Mike Miller,Sebastian Telfair,Shelden Williams,3,2:21,MIN,shot,,,,,,,,,,Mike Miller,2,,,made,,layup,25,6
Carmelo Anthony,Chauncey Billups,Chris Andersen,J.R. Smith,Nene Hilario,Bobby Brown,Mark Madsen,Mike Miller,Sebastian Telfair,Shelden Williams,3,2:00,DEN,shot,,,,,,,,,,Chauncey Billups,2,,,made,,jump,25,12
Carmelo Anthony,Chauncey Billups,Chris Andersen,J.R. Smith,Nene Hilario,Bobby Brown,Mark Madsen,Mike Miller,Sebastian Telfair,Shelden Williams,3,2:00,MIN,foul,,,,,,,,Chauncey Billups,,Sebastian Telfair,,,,,,shooting,,
Carmelo Anthony,Chauncey Billups,Chris Andersen,J.R. Smith,Nene Hilario,Bobby Brown,Mark Madsen,Mike Miller,Sebastian Telfair,Shelden Williams,3,2:00,DEN,free throw,,,,,,,1,,1,Chauncey Billups,,,foul,made,,,,
Carmelo Anthony,Chauncey Billups,Chris Andersen,J.R. Smith,Nene Hilario,Bobby Brown,Mark Madsen,Mike Miller,Sebastian Telfair,Shelden Williams,3,1:45,MIN,shot,,,,,,,,,,Sebastian Telfair,2,,,made,,pullup jump,40,9
Carmelo Anthony,Chauncey Billups,Chris Andersen,J.R. Smith,Nene Hilario,Bobby Brown,Mark Madsen,Mike Miller,Sebastian Telfair,Shelden Williams,3,1:34,DEN,shot,,,,,,,,,,Carmelo Anthony,,,,missed,,jump,12,21
Carmelo Anthony,Chauncey Billups,Chris Andersen,J.R. Smith,Nene Hilario,Bobby Brown,Mark Madsen,Mike Miller,Sebastian Telfair,Shelden Williams,3,1:33,MIN,rebound,,,,,,,,,,Shelden Williams,,,,,,def,,
Carmelo Anthony,Chauncey Billups,Chris Andersen,J.R. Smith,Nene Hilario,Bobby Brown,Mark Madsen,Mike Miller,Sebastian Telfair,Shelden Williams,3,1:23,MIN,shot,,,,,,,,,,Sebastian Telfair,,,,missed,,3pt,1,7
Carmelo Anthony,Chauncey Billups,Chris Andersen,J.R. Smith,Nene Hilario,Bobby Brown,Mark Madsen,Mike Miller,Sebastian Telfair,Shelden Williams,3,1:22,DEN,rebound,,,,,,,,,,Chris Andersen,,,,,,def,,
Carmelo Anthony,Chauncey Billups,Chris Andersen,J.R. Smith,Nene Hilario,Bobby Brown,Mark Madsen,Mike Miller,Sebastian Telfair,Shelden Williams,3,1:06,DEN,shot,,,,,,,,,,J.R. Smith,,,,missed,,3pt,34,29
Carmelo Anthony,Chauncey Billups,Chris Andersen,J.R. Smith,Nene Hilario,Bobby Brown,Mark Madsen,Mike Miller,Sebastian Telfair,Shelden Williams,3,1:05,DEN,rebound,,,,,,,,,,Carmelo Anthony,,,,,,off,,
Carmelo Anthony,Chauncey Billups,Chris Andersen,J.R. Smith,Nene Hilario,Bobby Brown,Mark Madsen,Mike Miller,Sebastian Telfair,Shelden Williams,3,1:04,DEN,shot,,,,,,,,,,Carmelo Anthony,,,,missed,,layup,25,6
Carmelo Anthony,Chauncey Billups,Chris Andersen,J.R. Smith,Nene Hilario,Bobby Brown,Mark Madsen,Mike Miller,Sebastian Telfair,Shelden Williams,3,1:03,MIN,rebound,,,,,,,,,,Mike Miller,,,,,,def,,
Carmelo Anthony,Chauncey Billups,Chris Andersen,J.R. Smith,Nene Hilario,Bobby Brown,Mark Madsen,Mike Miller,Sebastian Telfair,Shelden Williams,3,0:55,MIN,shot,Mike Miller,,,,,,,,,Bobby Brown,3,,,made,,3pt,46,19
Carmelo Anthony,Chauncey Billups,Chris Andersen,J.R. Smith,Nene Hilario,Bobby Brown,Mark Madsen,Mike Miller,Sebastian Telfair,Shelden Williams,3,0:34,MIN,foul,,,,,,,,Nene Hilario,,Mark Madsen,,,,,,personal,,
Chauncey Billups,Chris Andersen,J.R. Smith,Linas Kleiza,Nene Hilario,Bobby Brown,Mark Madsen,Mike Miller,Sebastian Telfair,Shelden Williams,3,0:34,DEN,sub,,,,Linas Kleiza,,Carmelo Anthony,,,,,,,,,,,,
Chauncey Billups,Chris Andersen,J.R. Smith,Linas Kleiza,Nene Hilario,Bobby Brown,Mark Madsen,Mike Miller,Sebastian Telfair,Shelden Williams,3,0:34,DEN,free throw,,,,,,,1,,2,Nene Hilario,,,foul,made,,,,
Chauncey Billups,Chris Andersen,J.R. Smith,Linas Kleiza,Nene Hilario,Bobby Brown,Mark Madsen,Mike Miller,Sebastian Telfair,Shelden Williams,3,0:34,DEN,free throw,,,,,,,2,,2,Nene Hilario,,,foul,missed,,,,
Chauncey Billups,Chris Andersen,J.R. Smith,Linas Kleiza,Nene Hilario,Bobby Brown,Mark Madsen,Mike Miller,Sebastian Telfair,Shelden Williams,3,0:34,MIN,rebound,,,,,,,,,,Mike Miller,,,,,,def,,
Chauncey Billups,Chris Andersen,J.R. Smith,Linas Kleiza,Nene Hilario,Bobby Brown,Mark Madsen,Mike Miller,Sebastian Telfair,Shelden Williams,3,0:23,DEN,foul,,,,,,,,Mark Madsen,,Nene Hilario,,,,,,personal,,
Chauncey Billups,Chris Andersen,J.R. Smith,Linas Kleiza,Nene Hilario,Bobby Brown,Mark Madsen,Mike Miller,Sebastian Telfair,Shelden Williams,3,0:13,MIN,turnover,,,,,,,,,,Bobby Brown,,,bad pass,,J.R. Smith,,,
Chauncey Billups,Chris Andersen,J.R. Smith,Linas Kleiza,Nene Hilario,Bobby Brown,Mark Madsen,Mike Miller,Sebastian Telfair,Shelden Williams,3,0:09,DEN,shot,Linas Kleiza,,,,,,,,,Chauncey Billups,2,,,made,,slam dunk,25,6
Chauncey Billups,Chris Andersen,J.R. Smith,Linas Kleiza,Nene Hilario,Bobby Brown,Mark Madsen,Mike Miller,Sebastian Telfair,Shelden Williams,3,0:03,MIN,shot,,,,,,,,,,Mike Miller,,,,missed,,jump,25,9
Chauncey Billups,Chris Andersen,J.R. Smith,Linas Kleiza,Nene Hilario,Bobby Brown,Mark Madsen,Mike Miller,Sebastian Telfair,Shelden Williams,3,0:02,DEN,rebound,,,,,,,,,,J.R. Smith,,,,,,def,,
Chauncey Billups,Chris Andersen,J.R. Smith,Linas Kleiza,Nene Hilario,Bobby Brown,Mark Madsen,Mike Miller,Sebastian Telfair,Shelden Williams,3,0:00,DEN,shot,,,,,,,,,,J.R. Smith,,,,missed,,3pt,36,47
Chauncey Billups,Chris Andersen,J.R. Smith,Linas Kleiza,Nene Hilario,Bobby Brown,Mark Madsen,Mike Miller,Sebastian Telfair,Shelden Williams,3,0:00,DEN,rebound,,,,,,,,,,,,,,,,,,
Anthony Carter,Chauncey Billups,Chris Andersen,J.R. Smith,Linas Kleiza,Bobby Brown,Mark Madsen,Rodney Carney,Sebastian Telfair,Shelden Williams,4,11:43,DEN,shot,,,,,,,,,,J.R. Smith,,,,missed,,jump hook,33,13
Anthony Carter,Chauncey Billups,Chris Andersen,J.R. Smith,Linas Kleiza,Bobby Brown,Mark Madsen,Rodney Carney,Sebastian Telfair,Shelden Williams,4,11:42,MIN,rebound,,,,,,,,,,Rodney Carney,,,,,,def,,
Anthony Carter,Chauncey Billups,Chris Andersen,J.R. Smith,Linas Kleiza,Bobby Brown,Mark Madsen,Rodney Carney,Sebastian Telfair,Shelden Williams,4,11:26,MIN,shot,,,,,,,,,,Bobby Brown,,,,missed,,jump,35,26
Anthony Carter,Chauncey Billups,Chris Andersen,J.R. Smith,Linas Kleiza,Bobby Brown,Mark Madsen,Rodney Carney,Sebastian Telfair,Shelden Williams,4,11:25,MIN,rebound,,,,,,,,,,,,,,,,,,
Anthony Carter,Chauncey Billups,Chris Andersen,J.R. Smith,Linas Kleiza,Bobby Brown,Mark Madsen,Rodney Carney,Sebastian Telfair,Shelden Williams,4,11:25,DEN,foul,,,,,,,,Mark Madsen,,J.R. Smith,,,,,,loose ball,,
Anthony Carter,Chauncey Billups,Chris Andersen,J.R. Smith,Linas Kleiza,Bobby Brown,Mark Madsen,Rodney Carney,Sebastian Telfair,Shelden Williams,4,11:18,MIN,shot,Sebastian Telfair,,,,,,,,,Shelden Williams,2,,,made,,jump,27,14
Anthony Carter,Chauncey Billups,Chris Andersen,J.R. Smith,Linas Kleiza,Bobby Brown,Mark Madsen,Rodney Carney,Sebastian Telfair,Shelden Williams,4,10:53,DEN,shot,,,,,,,,,,Chauncey Billups,,,,missed,,turnaround jump,36,8
Anthony Carter,Chauncey Billups,Chris Andersen,J.R. Smith,Linas Kleiza,Bobby Brown,Mark Madsen,Rodney Carney,Sebastian Telfair,Shelden Williams,4,10:52,DEN,rebound,,,,,,,,,,Chris Andersen,,,,,,off,,
Anthony Carter,Chauncey Billups,Chris Andersen,J.R. Smith,Linas Kleiza,Bobby Brown,Mark Madsen,Rodney Carney,Sebastian Telfair,Shelden Williams,4,10:45,DEN,shot,,,,,,,,,,J.R. Smith,3,,,made,,3pt,23,31
Anthony Carter,Chauncey Billups,Chris Andersen,J.R. Smith,Linas Kleiza,Bobby Brown,Mark Madsen,Rodney Carney,Sebastian Telfair,Shelden Williams,4,10:29,MIN,shot,,,,,,,,,,Shelden Williams,,,,missed,,jump,25,12
Anthony Carter,Chauncey Billups,Chris Andersen,J.R. Smith,Linas Kleiza,Bobby Brown,Mark Madsen,Rodney Carney,Sebastian Telfair,Shelden Williams,4,10:27,DEN,rebound,,,,,,,,,,Chauncey Billups,,,,,,def,,
Anthony Carter,Chauncey Billups,Chris Andersen,J.R. Smith,Linas Kleiza,Bobby Brown,Mark Madsen,Rodney Carney,Sebastian Telfair,Shelden Williams,4,10:18,MIN,foul,,,,,,,,Chris Andersen,,Shelden Williams,,,,,,shooting,,
Anthony Carter,Chauncey Billups,Chris Andersen,J.R. Smith,Linas Kleiza,Bobby Brown,Mark Madsen,Rodney Carney,Sebastian Telfair,Shelden Williams,4,10:18,DEN,free throw,,,,,,,1,,2,Chris Andersen,,,foul,made,,,,
Anthony Carter,Chris Andersen,J.R. Smith,Linas Kleiza,Sonny Weems,Bobby Brown,Mark Madsen,Rodney Carney,Sebastian Telfair,Shelden Williams,4,10:18,DEN,sub,,,,Sonny Weems,,Chauncey Billups,,,,,,,,,,,,
Anthony Carter,Chris Andersen,J.R. Smith,Linas Kleiza,Sonny Weems,Bobby Brown,Mark Madsen,Rodney Carney,Sebastian Telfair,Shelden Williams,4,10:18,DEN,free throw,,,,,,,2,,2,Chris Andersen,,,foul,missed,,,,
Anthony Carter,Chris Andersen,J.R. Smith,Linas Kleiza,Sonny Weems,Bobby Brown,Mark Madsen,Rodney Carney,Sebastian Telfair,Shelden Williams,4,10:18,MIN,rebound,,,,,,,,,,Shelden Williams,,,,,,def,,
Anthony Carter,Chris Andersen,J.R. Smith,Linas Kleiza,Sonny Weems,Bobby Brown,Mark Madsen,Rodney Carney,Sebastian Telfair,Shelden Williams,4,10:06,MIN,shot,,,,,,,,,,Rodney Carney,,,,missed,,3pt,38,29
Anthony Carter,Chris Andersen,J.R. Smith,Linas Kleiza,Sonny Weems,Bobby Brown,Mark Madsen,Rodney Carney,Sebastian Telfair,Shelden Williams,4,10:05,MIN,rebound,,,,,,,,,,Shelden Williams,,,,,,off,,
Anthony Carter,Chris Andersen,J.R. Smith,Linas Kleiza,Sonny Weems,Bobby Brown,Mark Madsen,Rodney Carney,Sebastian Telfair,Shelden Williams,4,10:05,MIN,shot,,,,,,,,,,Shelden Williams,,,,missed,,tip,25,6
Anthony Carter,Chris Andersen,J.R. Smith,Linas Kleiza,Sonny Weems,Bobby Brown,Mark Madsen,Rodney Carney,Sebastian Telfair,Shelden Williams,4,10:04,DEN,rebound,,,,,,,,,,Chris Andersen,,,,,,def,,
Anthony Carter,Chris Andersen,J.R. Smith,Linas Kleiza,Sonny Weems,Bobby Brown,Mark Madsen,Rodney Carney,Sebastian Telfair,Shelden Williams,4,9:57,DEN,shot,Sonny Weems,,,,,,,,,Linas Kleiza,3,,,made,,3pt,41,24
Anthony Carter,Chris Andersen,J.R. Smith,Linas Kleiza,Sonny Weems,Bobby Brown,Mark Madsen,Rodney Carney,Sebastian Telfair,Shelden Williams,4,9:40,DEN,foul,,,,,,,,Mark Madsen,,Chris Andersen,,,,,,personal,,
Anthony Carter,Chris Andersen,J.R. Smith,Linas Kleiza,Sonny Weems,Bobby Brown,Mark Madsen,Rodney Carney,Sebastian Telfair,Shelden Williams,4,9:33,MIN,turnover,,,,,,,,,,Sebastian Telfair,,,bad pass,,Anthony Carter,,,
Anthony Carter,Chris Andersen,J.R. Smith,Linas Kleiza,Sonny Weems,Bobby Brown,Mark Madsen,Rodney Carney,Sebastian Telfair,Shelden Williams,4,9:27,DEN,shot,J.R. Smith,,,,,,,,,Linas Kleiza,2,,,made,,alley oop layup,25,6
Anthony Carter,Chris Andersen,J.R. Smith,Linas Kleiza,Sonny Weems,Bobby Brown,Mark Madsen,Rodney Carney,Sebastian Telfair,Shelden Williams,4,9:05,MIN,shot,,,,,,,,,,Shelden Williams,2,,,made,,driving layup,25,6
Anthony Carter,Chris Andersen,J.R. Smith,Linas Kleiza,Sonny Weems,Bobby Brown,Mark Madsen,Rodney Carney,Sebastian Telfair,Shelden Williams,4,8:49,MIN,foul,,,,,,,,Sonny Weems,,Sebastian Telfair,,,,,,personal,,
Anthony Carter,Chris Andersen,J.R. Smith,Linas Kleiza,Sonny Weems,Bobby Brown,Mark Madsen,Rodney Carney,Sebastian Telfair,Shelden Williams,4,8:49,OFF,timeout,,,,,,,,,,,,,,,,official,,
Anthony Carter,Chris Andersen,J.R. Smith,Linas Kleiza,Sonny Weems,Bobby Brown,Mark Madsen,Rodney Carney,Sebastian Telfair,Shelden Williams,4,8:45,DEN,turnover,,,,,,,,,,Sonny Weems,,,lost ball,,Sebastian Telfair,,,
Anthony Carter,Chris Andersen,J.R. Smith,Linas Kleiza,Sonny Weems,Bobby Brown,Mark Madsen,Rodney Carney,Sebastian Telfair,Shelden Williams,4,8:30,MIN,shot,Bobby Brown,,,,,,,,,Shelden Williams,2,,,made,,running slam dunk,25,6
Anthony Carter,Chris Andersen,J.R. Smith,Linas Kleiza,Sonny Weems,Bobby Brown,Mark Madsen,Rodney Carney,Sebastian Telfair,Shelden Williams,4,8:08,DEN,turnover,,,,,,,,,,Anthony Carter,,,bad pass,,,,,
Anthony Carter,Chris Andersen,J.R. Smith,Linas Kleiza,Sonny Weems,Bobby Brown,Mark Madsen,Rodney Carney,Sebastian Telfair,Shelden Williams,4,8:06,MIN,turnover,,,,,,,,,,Sebastian Telfair,,,bad pass,,Chris Andersen,,,
Anthony Carter,Chris Andersen,J.R. Smith,Linas Kleiza,Sonny Weems,Bobby Brown,Mark Madsen,Rodney Carney,Sebastian Telfair,Shelden Williams,4,8:01,DEN,shot,,,,,,,,,,Sonny Weems,,,,missed,,alley oop layup,25,6
Anthony Carter,Chris Andersen,J.R. Smith,Linas Kleiza,Sonny Weems,Bobby Brown,Mark Madsen,Rodney Carney,Sebastian Telfair,Shelden Williams,4,8:00,MIN,rebound,,,,,,,,,,Sebastian Telfair,,,,,,def,,
Anthony Carter,Chris Andersen,J.R. Smith,Linas Kleiza,Sonny Weems,Bobby Brown,Mark Madsen,Rodney Carney,Sebastian Telfair,Shelden Williams,4,7:52,MIN,shot,,,,,,,,,,Rodney Carney,,,,missed,,layup,25,6
Anthony Carter,Chris Andersen,J.R. Smith,Linas Kleiza,Sonny Weems,Bobby Brown,Mark Madsen,Rodney Carney,Sebastian Telfair,Shelden Williams,4,7:51,DEN,rebound,,,,,,,,,,Linas Kleiza,,,,,,def,,
Anthony Carter,Chris Andersen,J.R. Smith,Linas Kleiza,Sonny Weems,Bobby Brown,Mark Madsen,Rodney Carney,Sebastian Telfair,Shelden Williams,4,7:44,DEN,shot,,,,,,,,,,J.R. Smith,,,,missed,,3pt,39,26
Anthony Carter,Chris Andersen,J.R. Smith,Linas Kleiza,Sonny Weems,Bobby Brown,Mark Madsen,Rodney Carney,Sebastian Telfair,Shelden Williams,4,7:43,MIN,rebound,,,,,,,,,,Shelden Williams,,,,,,def,,
Anthony Carter,Chris Andersen,J.R. Smith,Linas Kleiza,Sonny Weems,Bobby Brown,Mark Madsen,Rodney Carney,Sebastian Telfair,Shelden Williams,4,7:36,DEN,foul,,,,,,,,Sebastian Telfair,,Sonny Weems,,,,,,personal,,
Anthony Carter,Chris Andersen,Jason Hart,Linas Kleiza,Sonny Weems,Bobby Brown,Mark Madsen,Rodney Carney,Sebastian Telfair,Shelden Williams,4,7:36,DEN,sub,,,,Jason Hart,,J.R. Smith,,,,,,,,,,,,
Anthony Carter,Chris Andersen,Jason Hart,Linas Kleiza,Sonny Weems,Bobby Brown,Mark Madsen,Rodney Carney,Sebastian Telfair,Shelden Williams,4,7:26,MIN,shot,,,,,,,,,,Mark Madsen,,,,missed,,running hook,26,10
Anthony Carter,Chris Andersen,Jason Hart,Linas Kleiza,Sonny Weems,Bobby Brown,Mark Madsen,Rodney Carney,Sebastian Telfair,Shelden Williams,4,7:25,DEN,rebound,,,,,,,,,,Jason Hart,,,,,,def,,
Anthony Carter,Chris Andersen,Jason Hart,Linas Kleiza,Sonny Weems,Bobby Brown,Mark Madsen,Rodney Carney,Sebastian Telfair,Shelden Williams,4,7:21,DEN,shot,,,,,,,,,,Anthony Carter,,,,missed,,jump,13,11
Anthony Carter,Chris Andersen,Jason Hart,Linas Kleiza,Sonny Weems,Bobby Brown,Mark Madsen,Rodney Carney,Sebastian Telfair,Shelden Williams,4,7:20,DEN,rebound,,,,,,,,,,Linas Kleiza,,,,,,off,,
Anthony Carter,Chris Andersen,Jason Hart,Linas Kleiza,Sonny Weems,Bobby Brown,Mark Madsen,Rodney Carney,Sebastian Telfair,Shelden Williams,4,7:17,DEN,shot,,,,,,,,,,Linas Kleiza,,,,missed,,fade away jumper,14,7
Anthony Carter,Chris Andersen,Jason Hart,Linas Kleiza,Sonny Weems,Bobby Brown,Mark Madsen,Rodney Carney,Sebastian Telfair,Shelden Williams,4,7:16,MIN,rebound,,,,,,,,,,Mark Madsen,,,,,,def,,
Anthony Carter,Chris Andersen,Jason Hart,Linas Kleiza,Sonny Weems,Bobby Brown,Mark Madsen,Rodney Carney,Sebastian Telfair,Shelden Williams,4,7:06,MIN,shot,,,,,,,,,,Sebastian Telfair,,,,missed,,jump,35,23
Anthony Carter,Chris Andersen,Jason Hart,Linas Kleiza,Sonny Weems,Bobby Brown,Mark Madsen,Rodney Carney,Sebastian Telfair,Shelden Williams,4,7:05,DEN,rebound,,,,,,,,,,Sonny Weems,,,,,,def,,
Anthony Carter,Chris Andersen,Jason Hart,Linas Kleiza,Sonny Weems,Bobby Brown,Mark Madsen,Rodney Carney,Sebastian Telfair,Shelden Williams,4,6:53,DEN,shot,,,,,,,,,,Sonny Weems,,,,missed,,3pt,42,25
Anthony Carter,Chris Andersen,Jason Hart,Linas Kleiza,Sonny Weems,Bobby Brown,Mark Madsen,Rodney Carney,Sebastian Telfair,Shelden Williams,4,6:52,MIN,rebound,,,,,,,,,,Shelden Williams,,,,,,def,,
Anthony Carter,Chris Andersen,Jason Hart,Linas Kleiza,Sonny Weems,Bobby Brown,Mark Madsen,Rodney Carney,Sebastian Telfair,Shelden Williams,4,6:40,MIN,shot,Bobby Brown,,,,,,,,,Shelden Williams,2,,,made,,jump,10,11
Anthony Carter,Chris Andersen,Jason Hart,Linas Kleiza,Sonny Weems,Bobby Brown,Mark Madsen,Rodney Carney,Sebastian Telfair,Shelden Williams,4,6:25,MIN,foul,,,,,,,,Sonny Weems,,Rodney Carney,,,,,,shooting,,
Anthony Carter,Chris Andersen,Jason Hart,Linas Kleiza,Sonny Weems,Bobby Brown,Mark Madsen,Rodney Carney,Sebastian Telfair,Shelden Williams,4,6:25,DEN,free throw,,,,,,,1,,2,Sonny Weems,,,foul,missed,,,,
Anthony Carter,Chris Andersen,Jason Hart,Linas Kleiza,Sonny Weems,Bobby Brown,Mark Madsen,Rodney Carney,Sebastian Telfair,Shelden Williams,4,6:25,DEN,rebound,,,,,,,,,,,,,,,,,,
Anthony Carter,Chris Andersen,Jason Hart,Linas Kleiza,Sonny Weems,Bobby Brown,Mark Madsen,Rodney Carney,Sebastian Telfair,Shelden Williams,4,6:25,DEN,free throw,,,,,,,2,,2,Sonny Weems,,,foul,missed,,,,
Anthony Carter,Chris Andersen,Jason Hart,Linas Kleiza,Sonny Weems,Bobby Brown,Mark Madsen,Rodney Carney,Sebastian Telfair,Shelden Williams,4,6:25,MIN,rebound,,,,,,,,,,Shelden Williams,,,,,,def,,
Anthony Carter,Chris Andersen,Jason Hart,Linas Kleiza,Sonny Weems,Bobby Brown,Mark Madsen,Rodney Carney,Sebastian Telfair,Shelden Williams,4,6:10,MIN,shot,,,,,,,,,,Bobby Brown,2,,,made,,running jump,25,16
Anthony Carter,Chris Andersen,Jason Hart,Linas Kleiza,Sonny Weems,Bobby Brown,Mark Madsen,Rodney Carney,Sebastian Telfair,Shelden Williams,4,6:05,MIN,foul,,,,,,,,Linas Kleiza,,Mark Madsen,,,,,,shooting,,
Anthony Carter,Chris Andersen,Jason Hart,Linas Kleiza,Sonny Weems,Bobby Brown,Mark Madsen,Rodney Carney,Sebastian Telfair,Shelden Williams,4,6:05,DEN,free throw,,,,,,,1,,2,Linas Kleiza,,,foul,missed,,,,
Anthony Carter,Chris Andersen,Jason Hart,Linas Kleiza,Sonny Weems,Bobby Brown,Mark Madsen,Rodney Carney,Sebastian Telfair,Shelden Williams,4,6:05,DEN,rebound,,,,,,,,,,,,,,,,,,
Chris Andersen,Jason Hart,Linas Kleiza,Renaldo Balkman,Sonny Weems,Bobby Brown,Mark Madsen,Rodney Carney,Sebastian Telfair,Shelden Williams,4,6:05,DEN,sub,,,,Renaldo Balkman,,Anthony Carter,,,,,,,,,,,,
Chris Andersen,Jason Hart,Linas Kleiza,Renaldo Balkman,Sonny Weems,Bobby Brown,Mark Madsen,Rodney Carney,Sebastian Telfair,Shelden Williams,4,6:05,DEN,free throw,,,,,,,2,,2,Linas Kleiza,,,foul,made,,,,
Chris Andersen,Jason Hart,Linas Kleiza,Renaldo Balkman,Sonny Weems,Bobby Brown,Mark Madsen,Rodney Carney,Sebastian Telfair,Shelden Williams,4,5:54,MIN,turnover,,,,,,,,,,Bobby Brown,,,out of bounds lost ball turnover,,,,,
Chris Andersen,Jason Hart,Linas Kleiza,Renaldo Balkman,Sonny Weems,Bobby Brown,Mark Madsen,Rodney Carney,Sebastian Telfair,Shelden Williams,4,5:54,MIN,timeout,,,,,,,,,,,,,,,,regular,,
Chris Andersen,Jason Hart,Linas Kleiza,Renaldo Balkman,Sonny Weems,Bobby Brown,Mark Madsen,Rodney Carney,Sebastian Telfair,Shelden Williams,4,5:46,DEN,turnover,,,,,,,,,,Sonny Weems,,,bad pass,,Sebastian Telfair,,,
Chris Andersen,Jason Hart,Linas Kleiza,Renaldo Balkman,Sonny Weems,Bobby Brown,Mark Madsen,Rodney Carney,Sebastian Telfair,Shelden Williams,4,5:43,MIN,shot,,,,,,,,,,Sebastian Telfair,,,,missed,,driving layup,25,6
Chris Andersen,Jason Hart,Linas Kleiza,Renaldo Balkman,Sonny Weems,Bobby Brown,Mark Madsen,Rodney Carney,Sebastian Telfair,Shelden Williams,4,5:42,MIN,shot,,,,,,,,,,Bobby Brown,2,,,made,,tip,25,6
Chris Andersen,Jason Hart,Linas Kleiza,Renaldo Balkman,Sonny Weems,Bobby Brown,Mark Madsen,Rodney Carney,Sebastian Telfair,Shelden Williams,4,5:42,MIN,rebound,,,,,,,,,,Bobby Brown,,,,,,off,,
Chris Andersen,Jason Hart,Linas Kleiza,Renaldo Balkman,Sonny Weems,Bobby Brown,Mark Madsen,Rodney Carney,Sebastian Telfair,Shelden Williams,4,5:32,DEN,turnover,,,,,,,,,,Sonny Weems,,,bad pass,,Shelden Williams,,,
Chris Andersen,Jason Hart,Linas Kleiza,Renaldo Balkman,Sonny Weems,Bobby Brown,Mark Madsen,Rodney Carney,Sebastian Telfair,Shelden Williams,4,5:29,MIN,turnover,,,,,,,,,,Sebastian Telfair,,,bad pass,,,,,
Chris Andersen,Jason Hart,Linas Kleiza,Renaldo Balkman,Sonny Weems,Bobby Brown,Mark Madsen,Rodney Carney,Sebastian Telfair,Shelden Williams,4,5:15,DEN,shot,,,,,,,,,,Linas Kleiza,,,,missed,,jump,39,21
Chris Andersen,Jason Hart,Linas Kleiza,Renaldo Balkman,Sonny Weems,Bobby Brown,Mark Madsen,Rodney Carney,Sebastian Telfair,Shelden Williams,4,5:15,MIN,rebound,,,,,,,,,,Mark Madsen,,,,,,def,,
Chris Andersen,Jason Hart,Linas Kleiza,Renaldo Balkman,Sonny Weems,Bobby Brown,Mark Madsen,Rodney Carney,Sebastian Telfair,Shelden Williams,4,5:05,MIN,shot,,,,,,,,,,Sebastian Telfair,,,,missed,,jump,39,8
Chris Andersen,Jason Hart,Linas Kleiza,Renaldo Balkman,Sonny Weems,Bobby Brown,Mark Madsen,Rodney Carney,Sebastian Telfair,Shelden Williams,4,5:04,DEN,rebound,,,,,,,,,,Chris Andersen,,,,,,def,,
Chris Andersen,Jason Hart,Linas Kleiza,Renaldo Balkman,Sonny Weems,Bobby Brown,Mark Madsen,Rodney Carney,Sebastian Telfair,Shelden Williams,4,4:53,DEN,shot,,,,,,,,,,Jason Hart,,,,missed,,jump,42,8
Chris Andersen,Jason Hart,Linas Kleiza,Renaldo Balkman,Sonny Weems,Bobby Brown,Mark Madsen,Rodney Carney,Sebastian Telfair,Shelden Williams,4,4:52,MIN,rebound,,,,,,,,,,Mark Madsen,,,,,,def,,
Chris Andersen,Jason Hart,Linas Kleiza,Renaldo Balkman,Sonny Weems,Bobby Brown,Mark Madsen,Rodney Carney,Sebastian Telfair,Shelden Williams,4,4:41,MIN,shot,,,,,,,,,,Shelden Williams,,,,missed,,jump,21,8
Chris Andersen,Jason Hart,Linas Kleiza,Renaldo Balkman,Sonny Weems,Bobby Brown,Mark Madsen,Rodney Carney,Sebastian Telfair,Shelden Williams,4,4:40,DEN,rebound,,,,,,,,,,Renaldo Balkman,,,,,,def,,
Chris Andersen,Jason Hart,Linas Kleiza,Renaldo Balkman,Sonny Weems,Bobby Brown,Mark Madsen,Rodney Carney,Sebastian Telfair,Shelden Williams,4,4:26,DEN,shot,,,Bobby Brown,,,,,,,Jason Hart,,,,missed,,layup,25,6
Chris Andersen,Jason Hart,Linas Kleiza,Renaldo Balkman,Sonny Weems,Bobby Brown,Mark Madsen,Rodney Carney,Sebastian Telfair,Shelden Williams,4,4:25,MIN,rebound,,,,,,,,,,Shelden Williams,,,,,,def,,
Chris Andersen,Jason Hart,Linas Kleiza,Renaldo Balkman,Sonny Weems,Bobby Brown,Mark Madsen,Rodney Carney,Sebastian Telfair,Shelden Williams,4,4:10,MIN,shot,,,,,,,,,,Bobby Brown,3,,,made,,3pt,15,30
Chris Andersen,Jason Hart,Linas Kleiza,Renaldo Balkman,Sonny Weems,Bobby Brown,Mark Madsen,Rodney Carney,Sebastian Telfair,Shelden Williams,4,3:49,DEN,shot,Sonny Weems,,,,,,,,,Linas Kleiza,3,,,made,,3pt,12,27
Chris Andersen,Jason Hart,Linas Kleiza,Renaldo Balkman,Sonny Weems,Bobby Brown,Mark Madsen,Rodney Carney,Sebastian Telfair,Shelden Williams,4,3:28,DEN,foul,,,,,,,,Bobby Brown,,Sonny Weems,,,,,,personal,,
Chris Andersen,Dahntay Jones,Jason Hart,Linas Kleiza,Sonny Weems,Bobby Brown,Mark Madsen,Rodney Carney,Sebastian Telfair,Shelden Williams,4,3:28,DEN,sub,,,,Dahntay Jones,,Renaldo Balkman,,,,,,,,,,,,
Dahntay Jones,Jason Hart,Johan Petro,Linas Kleiza,Sonny Weems,Bobby Brown,Mark Madsen,Rodney Carney,Sebastian Telfair,Shelden Williams,4,3:28,DEN,sub,,,,Johan Petro,,Chris Andersen,,,,,,,,,,,,
Dahntay Jones,Jason Hart,Johan Petro,Linas Kleiza,Sonny Weems,Bobby Brown,Mark Madsen,Rodney Carney,Sebastian Telfair,Shelden Williams,4,3:21,MIN,shot,,,,,,,,,,Sebastian Telfair,2,,,made,,floating jump,17,12
Dahntay Jones,Jason Hart,Johan Petro,Linas Kleiza,Sonny Weems,Bobby Brown,Mark Madsen,Rodney Carney,Sebastian Telfair,Shelden Williams,4,3:00,DEN,shot,Dahntay Jones,,,,,,,,,Johan Petro,2,,,made,,jump,15,20
Dahntay Jones,Jason Hart,Johan Petro,Linas Kleiza,Sonny Weems,Bobby Brown,Mark Madsen,Rodney Carney,Sebastian Telfair,Shelden Williams,4,2:44,DEN,foul,,,,,,,,Rodney Carney,,Johan Petro,,,,,,shooting,,
Dahntay Jones,Jason Hart,Johan Petro,Linas Kleiza,Sonny Weems,Bobby Brown,Mark Madsen,Rodney Carney,Sebastian Telfair,Shelden Williams,4,2:44,DEN,timeout,,,,,,,,,,,,,,,,regular,,
Dahntay Jones,Jason Hart,Johan Petro,Linas Kleiza,Sonny Weems,Bobby Brown,Mark Madsen,Rodney Carney,Sebastian Telfair,Shelden Williams,4,2:44,MIN,free throw,,,,,,,1,,2,Rodney Carney,,,foul,made,,,,
Dahntay Jones,Jason Hart,Johan Petro,Linas Kleiza,Sonny Weems,Bobby Brown,Mark Madsen,Rodney Carney,Sebastian Telfair,Shelden Williams,4,2:44,MIN,free throw,,,,,,,2,,2,Rodney Carney,,,foul,made,,,,
Dahntay Jones,Jason Hart,Johan Petro,Linas Kleiza,Sonny Weems,Bobby Brown,Mark Madsen,Rodney Carney,Sebastian Telfair,Shelden Williams,4,2:37,MIN,foul,,,,,,,,Jason Hart,,Bobby Brown,,,,,,personal,,
Dahntay Jones,Jason Hart,Johan Petro,Linas Kleiza,Sonny Weems,Bobby Brown,Kevin Ollie,Mark Madsen,Sebastian Telfair,Shelden Williams,4,2:37,MIN,sub,,,,Kevin Ollie,,Rodney Carney,,,,,,,,,,,,
Dahntay Jones,Jason Hart,Johan Petro,Linas Kleiza,Sonny Weems,Bobby Brown,Kevin Ollie,Mark Madsen,Sebastian Telfair,Shelden Williams,4,2:37,DEN,free throw,,,,,,,1,,2,Jason Hart,,,foul,made,,,,
Dahntay Jones,Jason Hart,Johan Petro,Linas Kleiza,Sonny Weems,Bobby Brown,Kevin Ollie,Mark Madsen,Sebastian Telfair,Shelden Williams,4,2:37,DEN,free throw,,,,,,,2,,2,Jason Hart,,,foul,made,,,,
Dahntay Jones,Jason Hart,Johan Petro,Linas Kleiza,Sonny Weems,Bobby Brown,Kevin Ollie,Mark Madsen,Sebastian Telfair,Shelden Williams,4,2:14,MIN,shot,,,,,,,,,,Mark Madsen,,,,missed,,jump,31,18
Dahntay Jones,Jason Hart,Johan Petro,Linas Kleiza,Sonny Weems,Bobby Brown,Kevin Ollie,Mark Madsen,Sebastian Telfair,Shelden Williams,4,2:13,MIN,rebound,,,,,,,,,,Shelden Williams,,,,,,off,,
Dahntay Jones,Jason Hart,Johan Petro,Linas Kleiza,Sonny Weems,Bobby Brown,Kevin Ollie,Mark Madsen,Sebastian Telfair,Shelden Williams,4,2:12,MIN,shot,,,,,,,,,,Shelden Williams,,,,missed,,layup,25,6
Dahntay Jones,Jason Hart,Johan Petro,Linas Kleiza,Sonny Weems,Bobby Brown,Kevin Ollie,Mark Madsen,Sebastian Telfair,Shelden Williams,4,2:11,DEN,rebound,,,,,,,,,,Johan Petro,,,,,,def,,
Dahntay Jones,Jason Hart,Johan Petro,Linas Kleiza,Sonny Weems,Bobby Brown,Kevin Ollie,Mark Madsen,Sebastian Telfair,Shelden Williams,4,2:05,DEN,shot,,,,,,,,,,Dahntay Jones,2,,,made,,running bank,18,9
Dahntay Jones,Jason Hart,Johan Petro,Linas Kleiza,Sonny Weems,Bobby Brown,Kevin Ollie,Mark Madsen,Sebastian Telfair,Shelden Williams,4,1:55,MIN,shot,,,,,,,,,,Sebastian Telfair,2,,,made,,driving layup,25,6
Dahntay Jones,Jason Hart,Johan Petro,Linas Kleiza,Sonny Weems,Bobby Brown,Kevin Ollie,Mark Madsen,Sebastian Telfair,Shelden Williams,4,1:39,DEN,shot,Linas Kleiza,,,,,,,,,Sonny Weems,2,,,made,,layup,25,6
Dahntay Jones,Jason Hart,Johan Petro,Linas Kleiza,Sonny Weems,Bobby Brown,Kevin Ollie,Mark Madsen,Sebastian Telfair,Shelden Williams,4,1:23,MIN,shot,,,,,,,,,,Mark Madsen,,,,missed,,jump hook,27,15
Dahntay Jones,Jason Hart,Johan Petro,Linas Kleiza,Sonny Weems,Bobby Brown,Kevin Ollie,Mark Madsen,Sebastian Telfair,Shelden Williams,4,1:22,DEN,rebound,,,,,,,,,,Johan Petro,,,,,,def,,
Dahntay Jones,Jason Hart,Johan Petro,Linas Kleiza,Sonny Weems,Bobby Brown,Kevin Ollie,Mark Madsen,Sebastian Telfair,Shelden Williams,4,1:14,MIN,foul,,,,,,,,Sonny Weems,,Sebastian Telfair,,,,,,shooting,,
Dahntay Jones,Jason Hart,Johan Petro,Linas Kleiza,Sonny Weems,Bobby Brown,Kevin Ollie,Mark Madsen,Sebastian Telfair,Shelden Williams,4,1:14,DEN,free throw,,,,,,,1,,2,Sonny Weems,,,foul,missed,,,,
Dahntay Jones,Jason Hart,Johan Petro,Linas Kleiza,Sonny Weems,Bobby Brown,Kevin Ollie,Mark Madsen,Sebastian Telfair,Shelden Williams,4,1:14,DEN,rebound,,,,,,,,,,,,,,,,,,
Dahntay Jones,Jason Hart,Johan Petro,Linas Kleiza,Sonny Weems,Bobby Brown,Kevin Ollie,Mark Madsen,Sebastian Telfair,Shelden Williams,4,1:14,DEN,free throw,,,,,,,2,,2,Sonny Weems,,,foul,missed,,,,
Dahntay Jones,Jason Hart,Johan Petro,Linas Kleiza,Sonny Weems,Bobby Brown,Kevin Ollie,Mark Madsen,Sebastian Telfair,Shelden Williams,4,1:14,MIN,rebound,,,,,,,,,,Shelden Williams,,,,,,def,,
Dahntay Jones,Jason Hart,Johan Petro,Linas Kleiza,Sonny Weems,Bobby Brown,Kevin Ollie,Mark Madsen,Sebastian Telfair,Shelden Williams,4,1:00,MIN,shot,,,,,,,,,,Sebastian Telfair,2,,,made,,pullup jump,25,24
Dahntay Jones,Jason Hart,Johan Petro,Linas Kleiza,Sonny Weems,Bobby Brown,Kevin Ollie,Mark Madsen,Sebastian Telfair,Shelden Williams,4,0:45,MIN,foul,,,,,,,,Sonny Weems,,Bobby Brown,,,,,,shooting,,
Dahntay Jones,Jason Hart,Johan Petro,Linas Kleiza,Sonny Weems,Bobby Brown,Kevin Ollie,Mark Madsen,Sebastian Telfair,Shelden Williams,4,0:45,DEN,free throw,,,,,,,1,,2,Sonny Weems,,,foul,made,,,,
Dahntay Jones,Jason Hart,Johan Petro,Linas Kleiza,Sonny Weems,Bobby Brown,Kevin Ollie,Mark Madsen,Sebastian Telfair,Shelden Williams,4,0:45,DEN,free throw,,,,,,,2,,2,Sonny Weems,,,foul,made,,,,
Dahntay Jones,Jason Hart,Johan Petro,Linas Kleiza,Sonny Weems,Bobby Brown,Kevin Ollie,Mark Madsen,Sebastian Telfair,Shelden Williams,4,0:34,MIN,shot,,,,,,,,,,Bobby Brown,2,,,made,,jump,39,24
Dahntay Jones,Jason Hart,Johan Petro,Linas Kleiza,Sonny Weems,Bobby Brown,Kevin Ollie,Mark Madsen,Sebastian Telfair,Shelden Williams,4,0:21,DEN,turnover,,,,,,,,,,Dahntay Jones,,,bad pass,,,,,
Dahntay Jones,Jason Hart,Johan Petro,Linas Kleiza,Sonny Weems,Bobby Brown,Kevin Ollie,Mark Madsen,Sebastian Telfair,Shelden Williams,4,0:02,MIN,shot,,,,,,,,,,Bobby Brown,,,,missed,,3pt,8,28
Dahntay Jones,Jason Hart,Johan Petro,Linas Kleiza,Sonny Weems,Bobby Brown,Kevin Ollie,Mark Madsen,Sebastian Telfair,Shelden Williams,4,0:01,DEN,rebound,,,,,,,,,,Sonny Weems,,,,,,def,,
