a1,a2,a3,a4,a5,h1,h2,h3,h4,h5,period,time,team,etype,assist,away,block,entered,home,left,num,opponent,outof,player,points,possession,reason,result,steal,type,x,y
Beno Udrih,Brad Miller,John Salmons,Kevin Martin,Mikki Moore,Aaron Gray,Ben Gordon,Derrick Rose,Thabo Sefolosha,Tyrus Thomas,1,12:00,OFF,jump ball,,Brad Miller,,,Aaron Gray,,,,,,,Derrick Rose,,,,,,
Beno Udrih,Brad Miller,John Salmons,Kevin Martin,Mikki Moore,Aaron Gray,Ben Gordon,Derrick Rose,Thabo Sefolosha,Tyrus Thomas,1,11:42,CHI,shot,Tyrus Thomas,,,,,,,,,Aaron Gray,2,,,made,,jump,15,8
Beno Udrih,Brad Miller,John Salmons,Kevin Martin,Mikki Moore,Aaron Gray,Ben Gordon,Derrick Rose,Thabo Sefolosha,Tyrus Thomas,1,11:23,SAC,turnover,,,,,,,,,,Brad Miller,,,bad pass,,Tyrus Thomas,,,
Beno Udrih,Brad Miller,John Salmons,Kevin Martin,Mikki Moore,Aaron Gray,Ben Gordon,Derrick Rose,Thabo Sefolosha,Tyrus Thomas,1,11:18,SAC,foul,,,,,,,,Ben Gordon,,John Salmons,,,,,,shooting,,
Beno Udrih,Brad Miller,John Salmons,Kevin Martin,Mikki Moore,Aaron Gray,Ben Gordon,Derrick Rose,Thabo Sefolosha,Tyrus Thomas,1,11:18,CHI,free throw,,,,,,,1,,2,Ben Gordon,,,foul,made,,,,
Beno Udrih,Brad Miller,John Salmons,Kevin Martin,Mikki Moore,Aaron Gray,Ben Gordon,Derrick Rose,Thabo Sefolosha,Tyrus Thomas,1,11:18,CHI,free throw,,,,,,,2,,2,Ben Gordon,,,foul,made,,,,
Beno Udrih,Brad Miller,John Salmons,Kevin Martin,Mikki Moore,Aaron Gray,Ben Gordon,Derrick Rose,Thabo Sefolosha,Tyrus Thomas,1,10:56,SAC,shot,John Salmons,,,,,,,,,Brad Miller,2,,,made,,layup,25,6
Beno Udrih,Brad Miller,John Salmons,Kevin Martin,Mikki Moore,Aaron Gray,Ben Gordon,Derrick Rose,Thabo Sefolosha,Tyrus Thomas,1,10:50,CHI,shot,Derrick Rose,,,,,,,,,Ben Gordon,2,,,made,,layup,25,6
Beno Udrih,Brad Miller,John Salmons,Kevin Martin,Mikki Moore,Aaron Gray,Ben Gordon,Derrick Rose,Thabo Sefolosha,Tyrus Thomas,1,10:50,SAC,foul,,,,,,,,Ben Gordon,,Kevin Martin,,,,,,shooting,,
Beno Udrih,Brad Miller,John Salmons,Kevin Martin,Mikki Moore,Aaron Gray,Ben Gordon,Derrick Rose,Thabo Sefolosha,Tyrus Thomas,1,10:50,CHI,free throw,,,,,,,1,,1,Ben Gordon,,,foul,made,,,,
Beno Udrih,Brad Miller,John Salmons,Kevin Martin,Mikki Moore,Aaron Gray,Ben Gordon,Derrick Rose,Thabo Sefolosha,Tyrus Thomas,1,10:38,SAC,shot,,,,,,,,,,John Salmons,,,,missed,,3pt,13,29
Beno Udrih,Brad Miller,John Salmons,Kevin Martin,Mikki Moore,Aaron Gray,Ben Gordon,Derrick Rose,Thabo Sefolosha,Tyrus Thomas,1,10:36,CHI,rebound,,,,,,,,,,Derrick Rose,,,,,,def,,
Beno Udrih,Brad Miller,John Salmons,Kevin Martin,Mikki Moore,Aaron Gray,Ben Gordon,Derrick Rose,Thabo Sefolosha,Tyrus Thomas,1,10:21,CHI,shot,,,,,,,,,,Tyrus Thomas,,,,missed,,driving layup,25,6
Beno Udrih,Brad Miller,John Salmons,Kevin Martin,Mikki Moore,Aaron Gray,Ben Gordon,Derrick Rose,Thabo Sefolosha,Tyrus Thomas,1,10:20,SAC,rebound,,,,,,,,,,Brad Miller,,,,,,def,,
Beno Udrih,Brad Miller,John Salmons,Kevin Martin,Mikki Moore,Aaron Gray,Ben Gordon,Derrick Rose,Thabo Sefolosha,Tyrus Thomas,1,10:10,SAC,turnover,,,,,,,,,,Beno Udrih,,,bad pass,,Tyrus Thomas,,,
Beno Udrih,Brad Miller,John Salmons,Kevin Martin,Mikki Moore,Aaron Gray,Ben Gordon,Derrick Rose,Thabo Sefolosha,Tyrus Thomas,1,9:50,CHI,shot,,,,,,,,,,Tyrus Thomas,,,,missed,,layup,25,6
Beno Udrih,Brad Miller,John Salmons,Kevin Martin,Mikki Moore,Aaron Gray,Ben Gordon,Derrick Rose,Thabo Sefolosha,Tyrus Thomas,1,9:49,SAC,rebound,,,,,,,,,,Brad Miller,,,,,,def,,
Beno Udrih,Brad Miller,John Salmons,Kevin Martin,Mikki Moore,Aaron Gray,Ben Gordon,Derrick Rose,Thabo Sefolosha,Tyrus Thomas,1,9:33,CHI,foul,,,,,,,,Kevin Martin,,Tyrus Thomas,,,,,,shooting,,
Beno Udrih,Brad Miller,John Salmons,Kevin Martin,Mikki Moore,Aaron Gray,Ben Gordon,Derrick Rose,Thabo Sefolosha,Tyrus Thomas,1,9:33,SAC,free throw,,,,,,,1,,2,Kevin Martin,,,foul,made,,,,
Beno Udrih,Brad Miller,John Salmons,Kevin Martin,Mikki Moore,Aaron Gray,Ben Gordon,Derrick Rose,Thabo Sefolosha,Tyrus Thomas,1,9:33,SAC,free throw,,,,,,,2,,2,Kevin Martin,,,foul,made,,,,
Beno Udrih,Brad Miller,John Salmons,Kevin Martin,Mikki Moore,Aaron Gray,Ben Gordon,Derrick Rose,Thabo Sefolosha,Tyrus Thomas,1,9:23,CHI,foul,,,,,,,,Kevin Martin,,Thabo Sefolosha,,,,,,offensive,,
Beno Udrih,Brad Miller,John Salmons,Kevin Martin,Mikki Moore,Aaron Gray,Ben Gordon,Derrick Rose,Thabo Sefolosha,Tyrus Thomas,1,9:23,CHI,turnover,,,,,,,,,,Thabo Sefolosha,,,foul,,,,,
Beno Udrih,Brad Miller,John Salmons,Kevin Martin,Mikki Moore,Aaron Gray,Ben Gordon,Derrick Rose,Thabo Sefolosha,Tyrus Thomas,1,9:09,SAC,shot,Kevin Martin,,,,,,,,,Brad Miller,2,,,made,,jump,31,24
Beno Udrih,Brad Miller,John Salmons,Kevin Martin,Mikki Moore,Aaron Gray,Ben Gordon,Derrick Rose,Thabo Sefolosha,Tyrus Thomas,1,8:56,CHI,shot,,,,,,,,,,Ben Gordon,,,,missed,,running layup,25,6
Beno Udrih,Brad Miller,John Salmons,Kevin Martin,Mikki Moore,Aaron Gray,Ben Gordon,Derrick Rose,Thabo Sefolosha,Tyrus Thomas,1,8:55,CHI,rebound,,,,,,,,,,Thabo Sefolosha,,,,,,off,,
Beno Udrih,Brad Miller,John Salmons,Kevin Martin,Mikki Moore,Aaron Gray,Ben Gordon,Derrick Rose,Thabo Sefolosha,Tyrus Thomas,1,8:49,CHI,shot,Thabo Sefolosha,,,,,,,,,Tyrus Thomas,2,,,made,,alley oop dunk,25,6
Beno Udrih,Brad Miller,John Salmons,Kevin Martin,Mikki Moore,Aaron Gray,Ben Gordon,Derrick Rose,Thabo Sefolosha,Tyrus Thomas,1,8:36,SAC,shot,,,,,,,,,,Beno Udrih,2,,,made,,driving layup,25,6
Beno Udrih,Brad Miller,John Salmons,Kevin Martin,Mikki Moore,Aaron Gray,Ben Gordon,Derrick Rose,Thabo Sefolosha,Tyrus Thomas,1,8:25,CHI,shot,Thabo Sefolosha,,,,,,,,,Ben Gordon,2,,,made,,jump,16,26
Beno Udrih,Brad Miller,John Salmons,Kevin Martin,Mikki Moore,Aaron Gray,Ben Gordon,Derrick Rose,Thabo Sefolosha,Tyrus Thomas,1,8:07,SAC,shot,,,Ben Gordon,,,,,,,John Salmons,,,,missed,,layup,25,6
Beno Udrih,Brad Miller,John Salmons,Kevin Martin,Mikki Moore,Aaron Gray,Ben Gordon,Derrick Rose,Thabo Sefolosha,Tyrus Thomas,1,8:05,CHI,rebound,,,,,,,,,,Aaron Gray,,,,,,def,,
Beno Udrih,Brad Miller,John Salmons,Kevin Martin,Mikki Moore,Aaron Gray,Ben Gordon,Derrick Rose,Thabo Sefolosha,Tyrus Thomas,1,7:56,CHI,shot,,,,,,,,,,Thabo Sefolosha,,,,missed,,jump,17,25
Beno Udrih,Brad Miller,John Salmons,Kevin Martin,Mikki Moore,Aaron Gray,Ben Gordon,Derrick Rose,Thabo Sefolosha,Tyrus Thomas,1,7:55,SAC,rebound,,,,,,,,,,Beno Udrih,,,,,,def,,
Beno Udrih,Brad Miller,John Salmons,Kevin Martin,Mikki Moore,Aaron Gray,Ben Gordon,Derrick Rose,Thabo Sefolosha,Tyrus Thomas,1,7:48,SAC,shot,,,,,,,,,,Mikki Moore,2,,,made,,dunk,25,6
Beno Udrih,Brad Miller,John Salmons,Kevin Martin,Mikki Moore,Aaron Gray,Ben Gordon,Derrick Rose,Thabo Sefolosha,Tyrus Thomas,1,7:36,CHI,turnover,,,,,,,,,,Aaron Gray,,,bad pass,,Kevin Martin,,,
Beno Udrih,Brad Miller,John Salmons,Kevin Martin,Mikki Moore,Aaron Gray,Ben Gordon,Derrick Rose,Thabo Sefolosha,Tyrus Thomas,1,7:33,SAC,shot,,,Thabo Sefolosha,,,,,,,Kevin Martin,,,,missed,,layup,25,6
Beno Udrih,Brad Miller,John Salmons,Kevin Martin,Mikki Moore,Aaron Gray,Ben Gordon,Derrick Rose,Thabo Sefolosha,Tyrus Thomas,1,7:31,CHI,rebound,,,,,,,,,,,,,,,,,,
Beno Udrih,Brad Miller,John Salmons,Kevin Martin,Mikki Moore,Aaron Gray,Ben Gordon,Derrick Rose,Thabo Sefolosha,Tyrus Thomas,1,7:20,CHI,shot,Derrick Rose,,,,,,,,,Ben Gordon,2,,,made,,jump,37,21
Beno Udrih,Brad Miller,John Salmons,Kevin Martin,Mikki Moore,Aaron Gray,Ben Gordon,Derrick Rose,Thabo Sefolosha,Tyrus Thomas,1,7:04,SAC,shot,,,,,,,,,,Kevin Martin,2,,,made,,driving layup,25,6
Beno Udrih,Brad Miller,John Salmons,Kevin Martin,Mikki Moore,Aaron Gray,Ben Gordon,Derrick Rose,Thabo Sefolosha,Tyrus Thomas,1,6:49,CHI,shot,,,,,,,,,,Tyrus Thomas,,,,missed,,jump,24,11
Beno Udrih,Brad Miller,John Salmons,Kevin Martin,Mikki Moore,Aaron Gray,Ben Gordon,Derrick Rose,Thabo Sefolosha,Tyrus Thomas,1,6:47,SAC,rebound,,,,,,,,,,Mikki Moore,,,,,,def,,
Beno Udrih,Brad Miller,John Salmons,Kevin Martin,Mikki Moore,Aaron Gray,Ben Gordon,Derrick Rose,Thabo Sefolosha,Tyrus Thomas,1,6:36,SAC,shot,,,,,,,,,,Brad Miller,2,,,made,,jump bank,28,14
Beno Udrih,Brad Miller,John Salmons,Kevin Martin,Mikki Moore,Aaron Gray,Ben Gordon,Derrick Rose,Thabo Sefolosha,Tyrus Thomas,1,6:24,CHI,shot,,,,,,,,,,Derrick Rose,,,,missed,,3pt,9,26
Beno Udrih,Brad Miller,John Salmons,Kevin Martin,Mikki Moore,Aaron Gray,Ben Gordon,Derrick Rose,Thabo Sefolosha,Tyrus Thomas,1,6:22,SAC,rebound,,,,,,,,,,Brad Miller,,,,,,def,,
Beno Udrih,Brad Miller,John Salmons,Kevin Martin,Mikki Moore,Aaron Gray,Ben Gordon,Derrick Rose,Thabo Sefolosha,Tyrus Thomas,1,6:13,SAC,shot,John Salmons,,,,,,,,,Brad Miller,2,,,made,,jump,36,22
Beno Udrih,Brad Miller,John Salmons,Kevin Martin,Mikki Moore,Aaron Gray,Ben Gordon,Derrick Rose,Thabo Sefolosha,Tyrus Thomas,1,6:06,CHI,timeout,,,,,,,,,,,,,,,,regular,,
Beno Udrih,Brad Miller,John Salmons,Kevin Martin,Mikki Moore,Ben Gordon,Derrick Rose,Joakim Noah,Thabo Sefolosha,Tyrus Thomas,1,6:06,CHI,sub,,,,Joakim Noah,,Aaron Gray,,,,,,,,,,,,
Beno Udrih,Brad Miller,John Salmons,Kevin Martin,Mikki Moore,Ben Gordon,Derrick Rose,Drew Gooden,Joakim Noah,Thabo Sefolosha,1,6:06,CHI,sub,,,,Drew Gooden,,Tyrus Thomas,,,,,,,,,,,,
Beno Udrih,Brad Miller,Jason Thompson,John Salmons,Kevin Martin,Ben Gordon,Derrick Rose,Drew Gooden,Joakim Noah,Thabo Sefolosha,1,6:06,SAC,sub,,,,Jason Thompson,,Mikki Moore,,,,,,,,,,,,
Beno Udrih,Brad Miller,Jason Thompson,John Salmons,Kevin Martin,Ben Gordon,Derrick Rose,Drew Gooden,Joakim Noah,Thabo Sefolosha,1,5:57,CHI,shot,,,,,,,,,,Derrick Rose,2,,,made,,floating jump,8,6
Beno Udrih,Brad Miller,Jason Thompson,John Salmons,Kevin Martin,Ben Gordon,Derrick Rose,Drew Gooden,Joakim Noah,Thabo Sefolosha,1,5:45,SAC,shot,Beno Udrih,,,,,,,,,Kevin Martin,2,,,made,,dunk,25,6
Beno Udrih,Brad Miller,Jason Thompson,John Salmons,Kevin Martin,Ben Gordon,Derrick Rose,Drew Gooden,Joakim Noah,Thabo Sefolosha,1,5:21,CHI,shot,,,Brad Miller,,,,,,,Joakim Noah,,,,missed,,layup,25,6
Beno Udrih,Brad Miller,Jason Thompson,John Salmons,Kevin Martin,Ben Gordon,Derrick Rose,Drew Gooden,Joakim Noah,Thabo Sefolosha,1,5:19,SAC,rebound,,,,,,,,,,Brad Miller,,,,,,def,,
Beno Udrih,Brad Miller,Jason Thompson,John Salmons,Kevin Martin,Ben Gordon,Derrick Rose,Drew Gooden,Joakim Noah,Thabo Sefolosha,1,5:14,SAC,shot,,,,,,,,,,Kevin Martin,,,,missed,,3pt,42,23
Beno Udrih,Brad Miller,Jason Thompson,John Salmons,Kevin Martin,Ben Gordon,Derrick Rose,Drew Gooden,Joakim Noah,Thabo Sefolosha,1,5:13,CHI,rebound,,,,,,,,,,Drew Gooden,,,,,,def,,
Beno Udrih,Brad Miller,Jason Thompson,John Salmons,Kevin Martin,Ben Gordon,Derrick Rose,Drew Gooden,Joakim Noah,Larry Hughes,1,5:06,CHI,sub,,,,Larry Hughes,,Thabo Sefolosha,,,,,,,,,,,,
Beno Udrih,Brad Miller,Jason Thompson,John Salmons,Kevin Martin,Ben Gordon,Derrick Rose,Drew Gooden,Joakim Noah,Larry Hughes,1,4:58,CHI,shot,,,,,,,,,,Derrick Rose,,,,missed,,jump,36,13
Beno Udrih,Brad Miller,Jason Thompson,John Salmons,Kevin Martin,Ben Gordon,Derrick Rose,Drew Gooden,Joakim Noah,Larry Hughes,1,4:57,CHI,rebound,,,,,,,,,,Joakim Noah,,,,,,off,,
Beno Udrih,Brad Miller,Jason Thompson,John Salmons,Kevin Martin,Ben Gordon,Derrick Rose,Drew Gooden,Joakim Noah,Larry Hughes,1,4:50,CHI,turnover,,,,,,,,,,Larry Hughes,,,bad pass,,Brad Miller,,,
Beno Udrih,Brad Miller,Jason Thompson,John Salmons,Kevin Martin,Ben Gordon,Derrick Rose,Drew Gooden,Joakim Noah,Larry Hughes,1,4:41,SAC,turnover,,,,,,,,,,John Salmons,,,traveling,,,,,
Beno Udrih,Brad Miller,Jason Thompson,John Salmons,Kevin Martin,Ben Gordon,Derrick Rose,Drew Gooden,Joakim Noah,Larry Hughes,1,4:26,CHI,shot,,,,,,,,,,Ben Gordon,,,,missed,,jump,8,11
Beno Udrih,Brad Miller,Jason Thompson,John Salmons,Kevin Martin,Ben Gordon,Derrick Rose,Drew Gooden,Joakim Noah,Larry Hughes,1,4:26,CHI,rebound,,,,,,,,,,,,,,,,,,
Beno Udrih,Brad Miller,Jason Thompson,John Salmons,Kevin Martin,Ben Gordon,Derrick Rose,Drew Gooden,Joakim Noah,Larry Hughes,1,4:26,SAC,foul,,,,,,,,Joakim Noah,,Jason Thompson,,,,,,loose ball,,
Beno Udrih,Brad Miller,Jason Thompson,John Salmons,Kevin Martin,Ben Gordon,Derrick Rose,Drew Gooden,Joakim Noah,Larry Hughes,1,4:16,CHI,shot,Derrick Rose,,,,,,,,,Larry Hughes,2,,,made,,jump,10,6
Beno Udrih,Brad Miller,Jason Thompson,John Salmons,Kevin Martin,Ben Gordon,Derrick Rose,Drew Gooden,Joakim Noah,Larry Hughes,1,3:56,SAC,shot,,,,,,,,,,Jason Thompson,,,,missed,,jump,37,13
Beno Udrih,Brad Miller,Jason Thompson,John Salmons,Kevin Martin,Ben Gordon,Derrick Rose,Drew Gooden,Joakim Noah,Larry Hughes,1,3:55,CHI,rebound,,,,,,,,,,Drew Gooden,,,,,,def,,
Beno Udrih,Brad Miller,Jason Thompson,John Salmons,Kevin Martin,Ben Gordon,Derrick Rose,Drew Gooden,Joakim Noah,Larry Hughes,1,3:42,CHI,shot,,,Jason Thompson,,,,,,,Drew Gooden,,,,missed,,layup,25,6
Beno Udrih,Brad Miller,Jason Thompson,John Salmons,Kevin Martin,Ben Gordon,Derrick Rose,Drew Gooden,Joakim Noah,Larry Hughes,1,3:42,CHI,rebound,,,,,,,,,,,,,,,,,,
Beno Udrih,Brad Miller,Jason Thompson,John Salmons,Kevin Martin,Ben Gordon,Derrick Rose,Drew Gooden,Joakim Noah,Larry Hughes,1,3:36,CHI,shot,,,,,,,,,,Drew Gooden,2,,,made,,jump,41,6
Beno Udrih,Brad Miller,Jason Thompson,John Salmons,Kevin Martin,Ben Gordon,Derrick Rose,Drew Gooden,Joakim Noah,Larry Hughes,1,3:20,SAC,shot,Beno Udrih,,,,,,,,,Jason Thompson,2,,,made,,dunk,25,6
Beno Udrih,Brad Miller,Jason Thompson,John Salmons,Kevin Martin,Ben Gordon,Derrick Rose,Drew Gooden,Joakim Noah,Larry Hughes,1,3:03,CHI,shot,,,,,,,,,,Drew Gooden,,,,missed,,jump,35,23
Beno Udrih,Brad Miller,Jason Thompson,John Salmons,Kevin Martin,Ben Gordon,Derrick Rose,Drew Gooden,Joakim Noah,Larry Hughes,1,3:03,SAC,rebound,,,,,,,,,,Jason Thompson,,,,,,def,,
Beno Udrih,Brad Miller,Jason Thompson,John Salmons,Kevin Martin,Ben Gordon,Derrick Rose,Drew Gooden,Joakim Noah,Larry Hughes,1,3:03,CHI,foul,,,,,,,,Jason Thompson,,Joakim Noah,,,,,,personal,,
Beno Udrih,Brad Miller,Jason Thompson,John Salmons,Kevin Martin,Ben Gordon,Drew Gooden,Joakim Noah,Larry Hughes,Lindsey Hunter,1,3:03,CHI,sub,,,,Lindsey Hunter,,Derrick Rose,,,,,,,,,,,,
Beno Udrih,Brad Miller,Jason Thompson,John Salmons,Kevin Martin,Ben Gordon,Drew Gooden,Joakim Noah,Larry Hughes,Lindsey Hunter,1,2:41,SAC,shot,,,,,,,,,,Brad Miller,,,,missed,,jump,41,13
Beno Udrih,Brad Miller,Jason Thompson,John Salmons,Kevin Martin,Ben Gordon,Drew Gooden,Joakim Noah,Larry Hughes,Lindsey Hunter,1,2:41,CHI,rebound,,,,,,,,,,,,,,,,,,
Beno Udrih,Brad Miller,Jason Thompson,John Salmons,Kevin Martin,Ben Gordon,Drew Gooden,Joakim Noah,Larry Hughes,Lindsey Hunter,1,2:41,SAC,foul,,,,,,,,Joakim Noah,,Brad Miller,,,,,,loose ball,,
Beno Udrih,Brad Miller,Jason Thompson,John Salmons,Kevin Martin,Ben Gordon,Drew Gooden,Joakim Noah,Larry Hughes,Lindsey Hunter,1,2:41,SAC,timeout,,,,,,,,,,,,,,,,regular,,
Beno Udrih,Jason Thompson,John Salmons,Kevin Martin,Spencer Hawes,Ben Gordon,Drew Gooden,Joakim Noah,Larry Hughes,Lindsey Hunter,1,2:41,SAC,sub,,,,Spencer Hawes,,Brad Miller,,,,,,,,,,,,
Beno Udrih,Jason Thompson,John Salmons,Kevin Martin,Spencer Hawes,Ben Gordon,Drew Gooden,Joakim Noah,Larry Hughes,Lindsey Hunter,1,2:28,CHI,shot,,,,,,,,,,Ben Gordon,,,,missed,,3pt,9,24
Beno Udrih,Jason Thompson,John Salmons,Kevin Martin,Spencer Hawes,Ben Gordon,Drew Gooden,Joakim Noah,Larry Hughes,Lindsey Hunter,1,2:26,SAC,rebound,,,,,,,,,,Kevin Martin,,,,,,def,,
Beno Udrih,Jason Thompson,John Salmons,Kevin Martin,Spencer Hawes,Ben Gordon,Drew Gooden,Joakim Noah,Larry Hughes,Lindsey Hunter,1,2:12,SAC,shot,,,,,,,,,,Kevin Martin,,,,missed,,jump,26,29
Beno Udrih,Jason Thompson,John Salmons,Kevin Martin,Spencer Hawes,Ben Gordon,Drew Gooden,Joakim Noah,Larry Hughes,Lindsey Hunter,1,2:10,SAC,rebound,,,,,,,,,,Jason Thompson,,,,,,off,,
Beno Udrih,Jason Thompson,John Salmons,Kevin Martin,Spencer Hawes,Ben Gordon,Drew Gooden,Joakim Noah,Larry Hughes,Lindsey Hunter,1,2:01,CHI,foul,,,,,,,,Jason Thompson,,Joakim Noah,,,,,,shooting,,
Beno Udrih,Jason Thompson,John Salmons,Kevin Martin,Spencer Hawes,Andres Nocioni,Drew Gooden,Joakim Noah,Larry Hughes,Lindsey Hunter,1,2:01,CHI,sub,,,,Andres Nocioni,,Ben Gordon,,,,,,,,,,,,
Beno Udrih,Jason Thompson,John Salmons,Kevin Martin,Spencer Hawes,Andres Nocioni,Drew Gooden,Joakim Noah,Larry Hughes,Lindsey Hunter,1,2:01,SAC,free throw,,,,,,,1,,2,Jason Thompson,,,foul,missed,,,,
Beno Udrih,Jason Thompson,John Salmons,Kevin Martin,Spencer Hawes,Andres Nocioni,Drew Gooden,Joakim Noah,Larry Hughes,Lindsey Hunter,1,2:01,SAC,rebound,,,,,,,,,,,,,,,,,,
Beno Udrih,Francisco Garcia,Jason Thompson,John Salmons,Spencer Hawes,Andres Nocioni,Drew Gooden,Joakim Noah,Larry Hughes,Lindsey Hunter,1,2:01,SAC,sub,,,,Francisco Garcia,,Kevin Martin,,,,,,,,,,,,
Beno Udrih,Francisco Garcia,Jason Thompson,John Salmons,Spencer Hawes,Andres Nocioni,Drew Gooden,Joakim Noah,Larry Hughes,Lindsey Hunter,1,2:01,SAC,free throw,,,,,,,2,,2,Jason Thompson,,,foul,made,,,,
Beno Udrih,Francisco Garcia,Jason Thompson,John Salmons,Spencer Hawes,Andres Nocioni,Drew Gooden,Joakim Noah,Larry Hughes,Lindsey Hunter,1,1:50,CHI,shot,,,,,,,,,,Larry Hughes,,,,missed,,jump,16,25
Beno Udrih,Francisco Garcia,Jason Thompson,John Salmons,Spencer Hawes,Andres Nocioni,Drew Gooden,Joakim Noah,Larry Hughes,Lindsey Hunter,1,1:49,CHI,rebound,,,,,,,,,,Drew Gooden,,,,,,off,,
Beno Udrih,Francisco Garcia,Jason Thompson,John Salmons,Spencer Hawes,Andres Nocioni,Drew Gooden,Joakim Noah,Larry Hughes,Lindsey Hunter,1,1:49,SAC,foul,,,,,,,,Drew Gooden,,Spencer Hawes,,,,,,shooting,,
Beno Udrih,Francisco Garcia,Jason Thompson,John Salmons,Spencer Hawes,Andres Nocioni,Drew Gooden,Joakim Noah,Larry Hughes,Lindsey Hunter,1,1:49,CHI,free throw,,,,,,,1,,2,Drew Gooden,,,foul,made,,,,
Beno Udrih,Francisco Garcia,Jason Thompson,John Salmons,Spencer Hawes,Andres Nocioni,Drew Gooden,Joakim Noah,Larry Hughes,Lindsey Hunter,1,1:49,CHI,free throw,,,,,,,2,,2,Drew Gooden,,,foul,made,,,,
Beno Udrih,Francisco Garcia,Jason Thompson,John Salmons,Spencer Hawes,Andres Nocioni,Drew Gooden,Joakim Noah,Larry Hughes,Lindsey Hunter,1,1:25,SAC,shot,,,,,,,,,,Beno Udrih,,,,missed,,jump,30,27
Beno Udrih,Francisco Garcia,Jason Thompson,John Salmons,Spencer Hawes,Andres Nocioni,Drew Gooden,Joakim Noah,Larry Hughes,Lindsey Hunter,1,1:24,CHI,rebound,,,,,,,,,,Larry Hughes,,,,,,def,,
Beno Udrih,Francisco Garcia,Jason Thompson,John Salmons,Spencer Hawes,Andres Nocioni,Drew Gooden,Joakim Noah,Larry Hughes,Lindsey Hunter,1,1:19,CHI,shot,,,,,,,,,,Larry Hughes,,,,missed,,driving layup,25,6
Beno Udrih,Francisco Garcia,Jason Thompson,John Salmons,Spencer Hawes,Andres Nocioni,Drew Gooden,Joakim Noah,Larry Hughes,Lindsey Hunter,1,1:17,CHI,rebound,,,,,,,,,,Andres Nocioni,,,,,,off,,
Beno Udrih,Francisco Garcia,Jason Thompson,John Salmons,Spencer Hawes,Andres Nocioni,Drew Gooden,Joakim Noah,Larry Hughes,Lindsey Hunter,1,1:14,CHI,shot,,,,,,,,,,Andres Nocioni,,,,missed,,jump,32,26
Beno Udrih,Francisco Garcia,Jason Thompson,John Salmons,Spencer Hawes,Andres Nocioni,Drew Gooden,Joakim Noah,Larry Hughes,Lindsey Hunter,1,1:13,SAC,rebound,,,,,,,,,,Jason Thompson,,,,,,def,,
Beno Udrih,Francisco Garcia,Jason Thompson,John Salmons,Spencer Hawes,Andres Nocioni,Drew Gooden,Joakim Noah,Larry Hughes,Lindsey Hunter,1,1:07,CHI,foul,,,,,,,,Spencer Hawes,,Andres Nocioni,,,,,,personal,,
Bobby Brown,Francisco Garcia,Jason Thompson,John Salmons,Spencer Hawes,Andres Nocioni,Drew Gooden,Joakim Noah,Larry Hughes,Lindsey Hunter,1,1:07,SAC,sub,,,,Bobby Brown,,Beno Udrih,,,,,,,,,,,,
Bobby Brown,Francisco Garcia,Jason Thompson,John Salmons,Spencer Hawes,Andres Nocioni,Drew Gooden,Joakim Noah,Larry Hughes,Lindsey Hunter,1,1:01,SAC,shot,,,,,,,,,,John Salmons,2,,,made,,fade away jumper,13,8
Bobby Brown,Francisco Garcia,Jason Thompson,John Salmons,Spencer Hawes,Andres Nocioni,Drew Gooden,Joakim Noah,Larry Hughes,Lindsey Hunter,1,0:47,CHI,shot,,,,,,,,,,Andres Nocioni,,,,missed,,jump,18,28
Bobby Brown,Francisco Garcia,Jason Thompson,John Salmons,Spencer Hawes,Andres Nocioni,Drew Gooden,Joakim Noah,Larry Hughes,Lindsey Hunter,1,0:46,SAC,rebound,,,,,,,,,,Jason Thompson,,,,,,def,,
Bobby Brown,Francisco Garcia,Jason Thompson,John Salmons,Spencer Hawes,Andres Nocioni,Drew Gooden,Joakim Noah,Larry Hughes,Lindsey Hunter,1,0:30,SAC,shot,,,,,,,,,,John Salmons,,,,missed,,jump,17,21
Bobby Brown,Francisco Garcia,Jason Thompson,John Salmons,Spencer Hawes,Andres Nocioni,Drew Gooden,Joakim Noah,Larry Hughes,Lindsey Hunter,1,0:29,CHI,rebound,,,,,,,,,,Joakim Noah,,,,,,def,,
Bobby Brown,Francisco Garcia,Jason Thompson,John Salmons,Spencer Hawes,Andres Nocioni,Drew Gooden,Joakim Noah,Larry Hughes,Lindsey Hunter,1,0:12,SAC,foul,,,,,,,,Larry Hughes,,Spencer Hawes,,,,,,shooting,,
Bobby Brown,Francisco Garcia,Jason Thompson,John Salmons,Spencer Hawes,Andres Nocioni,Drew Gooden,Joakim Noah,Larry Hughes,Lindsey Hunter,1,0:12,CHI,free throw,,,,,,,1,,2,Larry Hughes,,,foul,made,,,,
Bobby Brown,Francisco Garcia,Jason Thompson,John Salmons,Spencer Hawes,Andres Nocioni,Drew Gooden,Larry Hughes,Lindsey Hunter,Tyrus Thomas,1,0:12,CHI,sub,,,,Tyrus Thomas,,Joakim Noah,,,,,,,,,,,,
Bobby Brown,Francisco Garcia,Jason Thompson,John Salmons,Spencer Hawes,Andres Nocioni,Drew Gooden,Larry Hughes,Lindsey Hunter,Tyrus Thomas,1,0:12,SAC,violation,,,,,,,,,,Jason Thompson,,,,,,lane,,
Bobby Brown,Francisco Garcia,Jason Thompson,John Salmons,Spencer Hawes,Andres Nocioni,Drew Gooden,Larry Hughes,Lindsey Hunter,Tyrus Thomas,1,0:12,CHI,turnover,,,,,,,,,,Drew Gooden,,,lane violation,,,,,
Bobby Brown,Francisco Garcia,Jason Thompson,John Salmons,Spencer Hawes,Andres Nocioni,Drew Gooden,Larry Hughes,Lindsey Hunter,Tyrus Thomas,1,0:01,SAC,shot,,,Lindsey Hunter,,,,,,,John Salmons,,,,missed,,layup,25,6
Bobby Brown,Francisco Garcia,Jason Thompson,John Salmons,Spencer Hawes,Andres Nocioni,Drew Gooden,Larry Hughes,Lindsey Hunter,Tyrus Thomas,1,0:01,SAC,rebound,,,,,,,,,,,,,,,,,,
Bobby Brown,Francisco Garcia,Jason Thompson,John Salmons,Spencer Hawes,Andres Nocioni,Drew Gooden,Larry Hughes,Lindsey Hunter,Tyrus Thomas,1,0:00,SAC,shot,,,,,,,,,,Francisco Garcia,,,,missed,,jump,9,7
Bobby Brown,Francisco Garcia,Jason Thompson,John Salmons,Spencer Hawes,Andres Nocioni,Drew Gooden,Larry Hughes,Lindsey Hunter,Tyrus Thomas,1,0:00,SAC,rebound,,,,,,,,,,,,,,,,,,
Bobby Brown,Bobby Jackson,Francisco Garcia,Jason Thompson,Spencer Hawes,Andres Nocioni,Drew Gooden,Larry Hughes,Lindsey Hunter,Tyrus Thomas,2,11:37,SAC,shot,,,,,,,,,,Jason Thompson,2,,,made,,dunk,25,6
Bobby Brown,Bobby Jackson,Francisco Garcia,Jason Thompson,Spencer Hawes,Andres Nocioni,Drew Gooden,Larry Hughes,Lindsey Hunter,Tyrus Thomas,2,11:18,CHI,shot,Lindsey Hunter,,,,,,,,,Tyrus Thomas,2,,,made,,driving layup,25,6
Bobby Brown,Bobby Jackson,Francisco Garcia,Jason Thompson,Spencer Hawes,Andres Nocioni,Drew Gooden,Larry Hughes,Lindsey Hunter,Tyrus Thomas,2,10:58,SAC,shot,,,,,,,,,,Bobby Brown,2,,,made,,jump,38,21
Bobby Brown,Bobby Jackson,Francisco Garcia,Jason Thompson,Spencer Hawes,Andres Nocioni,Drew Gooden,Larry Hughes,Lindsey Hunter,Tyrus Thomas,2,10:37,CHI,shot,,,,,,,,,,Tyrus Thomas,,,,missed,,jump,11,16
Bobby Brown,Bobby Jackson,Francisco Garcia,Jason Thompson,Spencer Hawes,Andres Nocioni,Drew Gooden,Larry Hughes,Lindsey Hunter,Tyrus Thomas,2,10:36,SAC,rebound,,,,,,,,,,Francisco Garcia,,,,,,def,,
Bobby Brown,Bobby Jackson,Francisco Garcia,Jason Thompson,Spencer Hawes,Andres Nocioni,Drew Gooden,Larry Hughes,Lindsey Hunter,Tyrus Thomas,2,10:26,SAC,shot,,,,,,,,,,Francisco Garcia,2,,,made,,jump,23,27
Bobby Brown,Bobby Jackson,Francisco Garcia,Jason Thompson,Spencer Hawes,Andres Nocioni,Drew Gooden,Larry Hughes,Lindsey Hunter,Tyrus Thomas,2,10:03,CHI,shot,,,,,,,,,,Andres Nocioni,,,,missed,,jump,43,10
Bobby Brown,Bobby Jackson,Francisco Garcia,Jason Thompson,Spencer Hawes,Andres Nocioni,Drew Gooden,Larry Hughes,Lindsey Hunter,Tyrus Thomas,2,10:02,SAC,rebound,,,,,,,,,,,,,,,,,,
Bobby Brown,Bobby Jackson,Francisco Garcia,Jason Thompson,Spencer Hawes,Andres Nocioni,Drew Gooden,Larry Hughes,Lindsey Hunter,Tyrus Thomas,2,9:42,SAC,shot,,,,,,,,,,Bobby Brown,,,,missed,,jump,15,26
Bobby Brown,Bobby Jackson,Francisco Garcia,Jason Thompson,Spencer Hawes,Andres Nocioni,Drew Gooden,Larry Hughes,Lindsey Hunter,Tyrus Thomas,2,9:39,CHI,rebound,,,,,,,,,,Drew Gooden,,,,,,def,,
Bobby Brown,Bobby Jackson,Francisco Garcia,Jason Thompson,Spencer Hawes,Andres Nocioni,Drew Gooden,Larry Hughes,Lindsey Hunter,Tyrus Thomas,2,9:23,CHI,shot,,,,,,,,,,Andres Nocioni,,,,missed,,jump,12,6
Bobby Brown,Bobby Jackson,Francisco Garcia,Jason Thompson,Spencer Hawes,Andres Nocioni,Drew Gooden,Larry Hughes,Lindsey Hunter,Tyrus Thomas,2,9:22,SAC,rebound,,,,,,,,,,Spencer Hawes,,,,,,def,,
Bobby Brown,Bobby Jackson,Francisco Garcia,Jason Thompson,Spencer Hawes,Andres Nocioni,Drew Gooden,Larry Hughes,Lindsey Hunter,Tyrus Thomas,2,9:08,CHI,violation,,,,,,,,,,Larry Hughes,,,,,,kicked ball,,
Bobby Brown,Bobby Jackson,Francisco Garcia,Jason Thompson,Spencer Hawes,Andres Nocioni,Joakim Noah,Larry Hughes,Lindsey Hunter,Tyrus Thomas,2,9:08,CHI,sub,,,,Joakim Noah,,Drew Gooden,,,,,,,,,,,,
Bobby Brown,Bobby Jackson,Francisco Garcia,Jason Thompson,Spencer Hawes,Andres Nocioni,Derrick Rose,Joakim Noah,Larry Hughes,Tyrus Thomas,2,9:08,CHI,sub,,,,Derrick Rose,,Lindsey Hunter,,,,,,,,,,,,
Bobby Brown,Bobby Jackson,Francisco Garcia,Jason Thompson,Spencer Hawes,Andres Nocioni,Derrick Rose,Joakim Noah,Larry Hughes,Tyrus Thomas,2,9:02,SAC,shot,,,,,,,,,,Francisco Garcia,,,,missed,,3pt,42,24
Bobby Brown,Bobby Jackson,Francisco Garcia,Jason Thompson,Spencer Hawes,Andres Nocioni,Derrick Rose,Joakim Noah,Larry Hughes,Tyrus Thomas,2,9:01,CHI,rebound,,,,,,,,,,Joakim Noah,,,,,,def,,
Bobby Brown,Bobby Jackson,Francisco Garcia,Jason Thompson,Spencer Hawes,Andres Nocioni,Derrick Rose,Joakim Noah,Larry Hughes,Tyrus Thomas,2,8:51,CHI,shot,,,,,,,,,,Derrick Rose,,,,missed,,jump,18,25
Bobby Brown,Bobby Jackson,Francisco Garcia,Jason Thompson,Spencer Hawes,Andres Nocioni,Derrick Rose,Joakim Noah,Larry Hughes,Tyrus Thomas,2,8:50,SAC,rebound,,,,,,,,,,Bobby Brown,,,,,,def,,
Bobby Brown,Bobby Jackson,Francisco Garcia,Jason Thompson,Spencer Hawes,Andres Nocioni,Derrick Rose,Joakim Noah,Larry Hughes,Tyrus Thomas,2,8:46,SAC,shot,Bobby Brown,,,,,,,,,Bobby Jackson,2,,,made,,layup,25,6
Bobby Brown,Bobby Jackson,Francisco Garcia,Jason Thompson,Spencer Hawes,Andres Nocioni,Derrick Rose,Joakim Noah,Larry Hughes,Tyrus Thomas,2,8:25,CHI,shot,,,,,,,,,,Larry Hughes,,,,missed,,jump,39,22
Bobby Brown,Bobby Jackson,Francisco Garcia,Jason Thompson,Spencer Hawes,Andres Nocioni,Derrick Rose,Joakim Noah,Larry Hughes,Tyrus Thomas,2,8:24,SAC,rebound,,,,,,,,,,Francisco Garcia,,,,,,def,,
Bobby Brown,Bobby Jackson,Francisco Garcia,Jason Thompson,Spencer Hawes,Andres Nocioni,Derrick Rose,Joakim Noah,Larry Hughes,Tyrus Thomas,2,8:16,SAC,turnover,,,,,,,,,,Francisco Garcia,,,bad pass,,,,,
Bobby Brown,Bobby Jackson,Francisco Garcia,Jason Thompson,Spencer Hawes,Andres Nocioni,Derrick Rose,Joakim Noah,Larry Hughes,Tyrus Thomas,2,8:16,OFF,timeout,,,,,,,,,,,,,,,,official,,
Bobby Brown,Bobby Jackson,Francisco Garcia,Jason Thompson,Spencer Hawes,Andres Nocioni,Derrick Rose,Joakim Noah,Larry Hughes,Tyrus Thomas,2,8:07,CHI,shot,,,,,,,,,,Derrick Rose,2,,,made,,driving layup,25,6
Bobby Brown,Bobby Jackson,Francisco Garcia,Jason Thompson,Spencer Hawes,Andres Nocioni,Derrick Rose,Joakim Noah,Larry Hughes,Tyrus Thomas,2,7:51,SAC,turnover,,,,,,,,,,Bobby Jackson,,,out of bounds lost ball turnover,,,,,
Bobby Brown,Bobby Jackson,Francisco Garcia,Jason Thompson,Spencer Hawes,Ben Gordon,Derrick Rose,Joakim Noah,Larry Hughes,Tyrus Thomas,2,7:51,CHI,sub,,,,Ben Gordon,,Andres Nocioni,,,,,,,,,,,,
Bobby Brown,Bobby Jackson,Francisco Garcia,Jason Thompson,Spencer Hawes,Ben Gordon,Derrick Rose,Joakim Noah,Larry Hughes,Tyrus Thomas,2,7:39,CHI,shot,,,,,,,,,,Tyrus Thomas,,,,missed,,layup,25,6
Bobby Brown,Bobby Jackson,Francisco Garcia,Jason Thompson,Spencer Hawes,Ben Gordon,Derrick Rose,Joakim Noah,Larry Hughes,Tyrus Thomas,2,7:38,SAC,rebound,,,,,,,,,,Spencer Hawes,,,,,,def,,
Bobby Brown,Bobby Jackson,Francisco Garcia,Jason Thompson,Spencer Hawes,Ben Gordon,Derrick Rose,Joakim Noah,Larry Hughes,Tyrus Thomas,2,7:31,SAC,shot,,,Joakim Noah,,,,,,,Spencer Hawes,,,,missed,,layup,25,6
Bobby Brown,Bobby Jackson,Francisco Garcia,Jason Thompson,Spencer Hawes,Ben Gordon,Derrick Rose,Joakim Noah,Larry Hughes,Tyrus Thomas,2,7:30,CHI,rebound,,,,,,,,,,Larry Hughes,,,,,,def,,
Bobby Brown,Bobby Jackson,Francisco Garcia,Jason Thompson,Spencer Hawes,Ben Gordon,Derrick Rose,Joakim Noah,Larry Hughes,Tyrus Thomas,2,7:25,CHI,shot,Larry Hughes,,,,,,,,,Derrick Rose,2,,,made,,driving layup,25,6
Bobby Brown,Bobby Jackson,Francisco Garcia,Jason Thompson,Spencer Hawes,Ben Gordon,Derrick Rose,Joakim Noah,Larry Hughes,Tyrus Thomas,2,7:07,SAC,shot,,,,,,,,,,Spencer Hawes,,,,missed,,jump,19,26
Bobby Brown,Bobby Jackson,Francisco Garcia,Jason Thompson,Spencer Hawes,Ben Gordon,Derrick Rose,Joakim Noah,Larry Hughes,Tyrus Thomas,2,7:06,CHI,rebound,,,,,,,,,,Larry Hughes,,,,,,def,,
Bobby Brown,Bobby Jackson,Francisco Garcia,Jason Thompson,Spencer Hawes,Ben Gordon,Derrick Rose,Joakim Noah,Larry Hughes,Tyrus Thomas,2,7:00,CHI,shot,Larry Hughes,,,,,,,,,Joakim Noah,2,,,made,,alley oop layup,25,6
Bobby Brown,Bobby Jackson,Francisco Garcia,Jason Thompson,Spencer Hawes,Ben Gordon,Derrick Rose,Joakim Noah,Larry Hughes,Tyrus Thomas,2,6:50,SAC,timeout,,,,,,,,,,,,,,,,regular,,
Bobby Brown,Bobby Jackson,Francisco Garcia,Kevin Martin,Spencer Hawes,Ben Gordon,Derrick Rose,Joakim Noah,Larry Hughes,Tyrus Thomas,2,6:50,SAC,sub,,,,Kevin Martin,,Jason Thompson,,,,,,,,,,,,
Beno Udrih,Bobby Jackson,Francisco Garcia,Kevin Martin,Spencer Hawes,Ben Gordon,Derrick Rose,Joakim Noah,Larry Hughes,Tyrus Thomas,2,6:50,SAC,sub,,,,Beno Udrih,,Bobby Brown,,,,,,,,,,,,
Beno Udrih,Brad Miller,Francisco Garcia,Kevin Martin,Spencer Hawes,Ben Gordon,Derrick Rose,Joakim Noah,Larry Hughes,Tyrus Thomas,2,6:50,SAC,sub,,,,Brad Miller,,Bobby Jackson,,,,,,,,,,,,
Beno Udrih,Brad Miller,Francisco Garcia,Kevin Martin,Spencer Hawes,Ben Gordon,Derrick Rose,Joakim Noah,Larry Hughes,Tyrus Thomas,2,6:34,SAC,shot,Brad Miller,,,,,,,,,Francisco Garcia,2,,,made,,jump,43,13
Beno Udrih,Brad Miller,Francisco Garcia,Kevin Martin,Spencer Hawes,Ben Gordon,Derrick Rose,Joakim Noah,Larry Hughes,Tyrus Thomas,2,6:19,CHI,shot,,,,,,,,,,Derrick Rose,2,,,made,,driving layup,25,6
Beno Udrih,Brad Miller,Francisco Garcia,Kevin Martin,Spencer Hawes,Ben Gordon,Derrick Rose,Joakim Noah,Larry Hughes,Tyrus Thomas,2,5:54,SAC,turnover,,,,,,,,,,,,,shot clock turnover,,,,,
Beno Udrih,Brad Miller,Francisco Garcia,Kevin Martin,Spencer Hawes,Ben Gordon,Derrick Rose,Joakim Noah,Larry Hughes,Tyrus Thomas,2,5:40,CHI,turnover,,,,,,,,,,Joakim Noah,,,lost ball,,Kevin Martin,,,
Beno Udrih,Brad Miller,Francisco Garcia,Kevin Martin,Spencer Hawes,Ben Gordon,Derrick Rose,Joakim Noah,Larry Hughes,Tyrus Thomas,2,5:34,SAC,shot,,,,,,,,,,Francisco Garcia,,,,missed,,jump,9,5
Beno Udrih,Brad Miller,Francisco Garcia,Kevin Martin,Spencer Hawes,Ben Gordon,Derrick Rose,Joakim Noah,Larry Hughes,Tyrus Thomas,2,5:32,CHI,rebound,,,,,,,,,,Ben Gordon,,,,,,def,,
Beno Udrih,Brad Miller,Francisco Garcia,Kevin Martin,Spencer Hawes,Ben Gordon,Derrick Rose,Joakim Noah,Larry Hughes,Tyrus Thomas,2,5:30,SAC,foul,,,,,,,,Tyrus Thomas,,Francisco Garcia,,,,,,clear path,,
Beno Udrih,Brad Miller,Francisco Garcia,Kevin Martin,Spencer Hawes,Ben Gordon,Derrick Rose,Joakim Noah,Larry Hughes,Tyrus Thomas,2,5:30,CHI,free throw,,,,,,,1,,2,Tyrus Thomas,,,clear path,made,,,,
Beno Udrih,Brad Miller,Francisco Garcia,Kevin Martin,Spencer Hawes,Ben Gordon,Derrick Rose,Joakim Noah,Larry Hughes,Tyrus Thomas,2,5:30,CHI,free throw,,,,,,,2,,2,Tyrus Thomas,,,clear path,made,,,,
Beno Udrih,Brad Miller,Francisco Garcia,Kevin Martin,Spencer Hawes,Ben Gordon,Derrick Rose,Drew Gooden,Larry Hughes,Tyrus Thomas,2,5:30,CHI,sub,,,,Drew Gooden,,Joakim Noah,,,,,,,,,,,,
Beno Udrih,Brad Miller,John Salmons,Kevin Martin,Spencer Hawes,Ben Gordon,Derrick Rose,Drew Gooden,Larry Hughes,Tyrus Thomas,2,5:30,SAC,sub,,,,John Salmons,,Francisco Garcia,,,,,,,,,,,,
Beno Udrih,Brad Miller,John Salmons,Kevin Martin,Spencer Hawes,Ben Gordon,Derrick Rose,Drew Gooden,Larry Hughes,Tyrus Thomas,2,5:22,CHI,shot,Derrick Rose,,,,,,,,,Tyrus Thomas,2,,,made,,jump,32,23
Beno Udrih,Brad Miller,John Salmons,Kevin Martin,Spencer Hawes,Ben Gordon,Derrick Rose,Drew Gooden,Larry Hughes,Tyrus Thomas,2,5:10,CHI,foul,,,,,,,,Kevin Martin,,Larry Hughes,,,,,,shooting,,
Beno Udrih,Brad Miller,John Salmons,Kevin Martin,Spencer Hawes,Ben Gordon,Derrick Rose,Drew Gooden,Larry Hughes,Tyrus Thomas,2,5:10,SAC,free throw,,,,,,,1,,2,Kevin Martin,,,foul,made,,,,
Beno Udrih,Brad Miller,John Salmons,Kevin Martin,Spencer Hawes,Ben Gordon,Derrick Rose,Drew Gooden,Larry Hughes,Tyrus Thomas,2,5:10,SAC,free throw,,,,,,,2,,2,Kevin Martin,,,foul,made,,,,
Beno Udrih,Brad Miller,John Salmons,Kevin Martin,Spencer Hawes,Ben Gordon,Derrick Rose,Drew Gooden,Larry Hughes,Tyrus Thomas,2,4:53,CHI,shot,,,,,,,,,,Ben Gordon,,,,missed,,jump,39,16
Beno Udrih,Brad Miller,John Salmons,Kevin Martin,Spencer Hawes,Ben Gordon,Derrick Rose,Drew Gooden,Larry Hughes,Tyrus Thomas,2,4:52,SAC,rebound,,,,,,,,,,Brad Miller,,,,,,def,,
Beno Udrih,Brad Miller,John Salmons,Kevin Martin,Spencer Hawes,Ben Gordon,Derrick Rose,Drew Gooden,Larry Hughes,Tyrus Thomas,2,4:51,SAC,turnover,,,,,,,,,,Brad Miller,,,lost ball,,Larry Hughes,,,
Beno Udrih,Brad Miller,John Salmons,Kevin Martin,Spencer Hawes,Ben Gordon,Derrick Rose,Drew Gooden,Larry Hughes,Tyrus Thomas,2,4:48,CHI,shot,Larry Hughes,,,,,,,,,Tyrus Thomas,2,,,made,,slam dunk,25,6
Beno Udrih,Brad Miller,John Salmons,Kevin Martin,Spencer Hawes,Ben Gordon,Derrick Rose,Drew Gooden,Larry Hughes,Tyrus Thomas,2,4:40,SAC,timeout,,,,,,,,,,,,,,,,short,,
Beno Udrih,Brad Miller,John Salmons,Kevin Martin,Spencer Hawes,Ben Gordon,Derrick Rose,Drew Gooden,Larry Hughes,Tyrus Thomas,2,4:34,SAC,shot,,,,,,,,,,Spencer Hawes,,,,missed,,jump,24,13
Beno Udrih,Brad Miller,John Salmons,Kevin Martin,Spencer Hawes,Ben Gordon,Derrick Rose,Drew Gooden,Larry Hughes,Tyrus Thomas,2,4:32,CHI,rebound,,,,,,,,,,Larry Hughes,,,,,,def,,
Beno Udrih,Brad Miller,John Salmons,Kevin Martin,Spencer Hawes,Ben Gordon,Derrick Rose,Drew Gooden,Larry Hughes,Tyrus Thomas,2,4:15,CHI,shot,,,,,,,,,,Larry Hughes,,,,missed,,3pt,40,27
Beno Udrih,Brad Miller,John Salmons,Kevin Martin,Spencer Hawes,Ben Gordon,Derrick Rose,Drew Gooden,Larry Hughes,Tyrus Thomas,2,4:12,CHI,rebound,,,,,,,,,,Tyrus Thomas,,,,,,off,,
Beno Udrih,Brad Miller,John Salmons,Kevin Martin,Spencer Hawes,Ben Gordon,Derrick Rose,Drew Gooden,Larry Hughes,Tyrus Thomas,2,3:59,CHI,turnover,,,,,,,,,,Larry Hughes,,,step out of bounds turnover,,,,,
Beno Udrih,Brad Miller,Jason Thompson,John Salmons,Kevin Martin,Ben Gordon,Derrick Rose,Drew Gooden,Larry Hughes,Tyrus Thomas,2,3:59,SAC,sub,,,,Jason Thompson,,Spencer Hawes,,,,,,,,,,,,
Beno Udrih,Brad Miller,Jason Thompson,John Salmons,Kevin Martin,Ben Gordon,Derrick Rose,Drew Gooden,Larry Hughes,Tyrus Thomas,2,3:51,SAC,shot,Brad Miller,,,,,,,,,Kevin Martin,2,,,made,,dunk,25,6
Beno Udrih,Brad Miller,Jason Thompson,John Salmons,Kevin Martin,Ben Gordon,Derrick Rose,Drew Gooden,Larry Hughes,Tyrus Thomas,2,3:29,SAC,foul,,,,,,,,Drew Gooden,,Kevin Martin,,,,,,shooting,,
Bobby Jackson,Brad Miller,Jason Thompson,John Salmons,Kevin Martin,Ben Gordon,Derrick Rose,Drew Gooden,Larry Hughes,Tyrus Thomas,2,3:29,SAC,sub,,,,Bobby Jackson,,Beno Udrih,,,,,,,,,,,,
Bobby Jackson,Brad Miller,Jason Thompson,John Salmons,Kevin Martin,Ben Gordon,Derrick Rose,Drew Gooden,Larry Hughes,Tyrus Thomas,2,3:29,CHI,free throw,,,,,,,1,,2,Drew Gooden,,,foul,made,,,,
Bobby Jackson,Brad Miller,Jason Thompson,John Salmons,Kevin Martin,Ben Gordon,Derrick Rose,Drew Gooden,Thabo Sefolosha,Tyrus Thomas,2,3:29,CHI,sub,,,,Thabo Sefolosha,,Larry Hughes,,,,,,,,,,,,
Bobby Jackson,Brad Miller,Jason Thompson,John Salmons,Kevin Martin,Ben Gordon,Derrick Rose,Drew Gooden,Thabo Sefolosha,Tyrus Thomas,2,3:29,CHI,free throw,,,,,,,2,,2,Drew Gooden,,,foul,made,,,,
Bobby Jackson,Brad Miller,Jason Thompson,John Salmons,Kevin Martin,Ben Gordon,Derrick Rose,Drew Gooden,Thabo Sefolosha,Tyrus Thomas,2,3:07,SAC,shot,,,,,,,,,,Jason Thompson,,,,missed,,layup,25,6
Bobby Jackson,Brad Miller,Jason Thompson,John Salmons,Kevin Martin,Ben Gordon,Derrick Rose,Drew Gooden,Thabo Sefolosha,Tyrus Thomas,2,3:04,SAC,shot,,,,,,,,,,Jason Thompson,,,,missed,,reverse layup,25,6
Bobby Jackson,Brad Miller,Jason Thompson,John Salmons,Kevin Martin,Ben Gordon,Derrick Rose,Drew Gooden,Thabo Sefolosha,Tyrus Thomas,2,3:04,SAC,rebound,,,,,,,,,,Jason Thompson,,,,,,off,,
Bobby Jackson,Brad Miller,Jason Thompson,John Salmons,Kevin Martin,Ben Gordon,Derrick Rose,Drew Gooden,Thabo Sefolosha,Tyrus Thomas,2,3:03,CHI,rebound,,,,,,,,,,Drew Gooden,,,,,,def,,
Bobby Jackson,Brad Miller,Jason Thompson,John Salmons,Kevin Martin,Ben Gordon,Derrick Rose,Drew Gooden,Thabo Sefolosha,Tyrus Thomas,2,2:50,CHI,shot,,,,,,,,,,Derrick Rose,,,,missed,,driving layup,25,6
Bobby Jackson,Brad Miller,Jason Thompson,John Salmons,Kevin Martin,Ben Gordon,Derrick Rose,Drew Gooden,Thabo Sefolosha,Tyrus Thomas,2,2:48,SAC,rebound,,,,,,,,,,Brad Miller,,,,,,def,,
Bobby Jackson,Brad Miller,Jason Thompson,John Salmons,Kevin Martin,Ben Gordon,Derrick Rose,Drew Gooden,Thabo Sefolosha,Tyrus Thomas,2,2:41,CHI,foul,,,,,,,,Jason Thompson,,Tyrus Thomas,,,,,,personal,,
Bobby Jackson,Brad Miller,Jason Thompson,John Salmons,Kevin Martin,Ben Gordon,Derrick Rose,Drew Gooden,Thabo Sefolosha,Tyrus Thomas,2,2:41,CHI,timeout,,,,,,,,,,,,,,,,regular,,
Bobby Jackson,Brad Miller,Jason Thompson,John Salmons,Kevin Martin,Ben Gordon,Derrick Rose,Drew Gooden,Thabo Sefolosha,Tyrus Thomas,2,2:33,SAC,shot,,,,,,,,,,Kevin Martin,,,,missed,,3pt,11,26
Bobby Jackson,Brad Miller,Jason Thompson,John Salmons,Kevin Martin,Ben Gordon,Derrick Rose,Drew Gooden,Thabo Sefolosha,Tyrus Thomas,2,2:32,SAC,rebound,,,,,,,,,,Bobby Jackson,,,,,,off,,
Bobby Jackson,Brad Miller,Jason Thompson,John Salmons,Kevin Martin,Ben Gordon,Derrick Rose,Drew Gooden,Thabo Sefolosha,Tyrus Thomas,2,2:29,CHI,foul,,,,,,,,Kevin Martin,,Ben Gordon,,,,,,shooting,,
Bobby Jackson,Brad Miller,Jason Thompson,John Salmons,Kevin Martin,Ben Gordon,Derrick Rose,Drew Gooden,Thabo Sefolosha,Tyrus Thomas,2,2:29,SAC,free throw,,,,,,,1,,2,Kevin Martin,,,foul,made,,,,
Bobby Jackson,Brad Miller,Jason Thompson,John Salmons,Kevin Martin,Ben Gordon,Derrick Rose,Drew Gooden,Thabo Sefolosha,Tyrus Thomas,2,2:29,SAC,free throw,,,,,,,2,,2,Kevin Martin,,,foul,missed,,,,
Bobby Jackson,Brad Miller,Jason Thompson,John Salmons,Kevin Martin,Ben Gordon,Derrick Rose,Drew Gooden,Thabo Sefolosha,Tyrus Thomas,2,2:27,CHI,rebound,,,,,,,,,,Drew Gooden,,,,,,def,,
Bobby Jackson,Brad Miller,Jason Thompson,John Salmons,Kevin Martin,Ben Gordon,Derrick Rose,Drew Gooden,Thabo Sefolosha,Tyrus Thomas,2,2:22,CHI,turnover,,,,,,,,,,Derrick Rose,,,discontinue dribble,,,,,
Bobby Jackson,Brad Miller,Jason Thompson,John Salmons,Kevin Martin,Ben Gordon,Derrick Rose,Drew Gooden,Thabo Sefolosha,Tyrus Thomas,2,2:08,SAC,turnover,,,,,,,,,,Kevin Martin,,,lost ball,,Thabo Sefolosha,,,
Bobby Jackson,Brad Miller,Jason Thompson,John Salmons,Kevin Martin,Ben Gordon,Derrick Rose,Drew Gooden,Thabo Sefolosha,Tyrus Thomas,2,1:55,SAC,foul,,,,,,,,Thabo Sefolosha,,Jason Thompson,,,,,,shooting,,
Bobby Jackson,Brad Miller,Jason Thompson,John Salmons,Kevin Martin,Ben Gordon,Derrick Rose,Drew Gooden,Thabo Sefolosha,Tyrus Thomas,2,1:55,CHI,free throw,,,,,,,1,,2,Thabo Sefolosha,,,foul,made,,,,
Bobby Jackson,Brad Miller,Jason Thompson,John Salmons,Kevin Martin,Ben Gordon,Derrick Rose,Drew Gooden,Thabo Sefolosha,Tyrus Thomas,2,1:55,CHI,free throw,,,,,,,2,,2,Thabo Sefolosha,,,foul,made,,,,
Bobby Jackson,Brad Miller,Jason Thompson,John Salmons,Kevin Martin,Ben Gordon,Derrick Rose,Drew Gooden,Thabo Sefolosha,Tyrus Thomas,2,1:40,CHI,foul,,,,,,,,John Salmons,,Drew Gooden,,,,,,shooting,,
Bobby Jackson,Brad Miller,Jason Thompson,John Salmons,Kevin Martin,Ben Gordon,Derrick Rose,Drew Gooden,Thabo Sefolosha,Tyrus Thomas,2,1:40,SAC,free throw,,,,,,,1,,2,John Salmons,,,foul,made,,,,
Bobby Jackson,Brad Miller,Jason Thompson,John Salmons,Kevin Martin,Ben Gordon,Derrick Rose,Drew Gooden,Thabo Sefolosha,Tyrus Thomas,2,1:40,SAC,free throw,,,,,,,2,,2,John Salmons,,,foul,made,,,,
Bobby Jackson,Brad Miller,Jason Thompson,John Salmons,Kevin Martin,Ben Gordon,Derrick Rose,Drew Gooden,Thabo Sefolosha,Tyrus Thomas,2,1:27,CHI,shot,,,,,,,,,,Tyrus Thomas,,,,missed,,jump,25,24
Bobby Jackson,Brad Miller,Jason Thompson,John Salmons,Kevin Martin,Ben Gordon,Derrick Rose,Drew Gooden,Thabo Sefolosha,Tyrus Thomas,2,1:26,CHI,rebound,,,,,,,,,,Thabo Sefolosha,,,,,,off,,
Bobby Jackson,Brad Miller,Jason Thompson,John Salmons,Kevin Martin,Ben Gordon,Derrick Rose,Drew Gooden,Thabo Sefolosha,Tyrus Thomas,2,1:14,CHI,shot,Derrick Rose,,,,,,,,,Ben Gordon,3,,,made,,3pt,47,6
Bobby Jackson,Brad Miller,Jason Thompson,John Salmons,Kevin Martin,Ben Gordon,Derrick Rose,Drew Gooden,Thabo Sefolosha,Tyrus Thomas,2,0:52,SAC,turnover,,,,,,,,,,Kevin Martin,,,traveling,,,,,
Bobby Jackson,Brad Miller,Jason Thompson,John Salmons,Kevin Martin,Ben Gordon,Derrick Rose,Drew Gooden,Thabo Sefolosha,Tyrus Thomas,2,0:35,CHI,shot,Derrick Rose,,,,,,,,,Thabo Sefolosha,2,,,made,,driving layup,25,6
Bobby Jackson,Brad Miller,Jason Thompson,John Salmons,Kevin Martin,Ben Gordon,Derrick Rose,Drew Gooden,Thabo Sefolosha,Tyrus Thomas,2,0:19,SAC,shot,,,,,,,,,,John Salmons,2,,,made,,turnaround fade away,16,8
Bobby Jackson,Brad Miller,Jason Thompson,John Salmons,Kevin Martin,Ben Gordon,Derrick Rose,Drew Gooden,Thabo Sefolosha,Tyrus Thomas,2,0:12,CHI,timeout,,,,,,,,,,,,,,,,short,,
Bobby Jackson,Brad Miller,Jason Thompson,John Salmons,Kevin Martin,Ben Gordon,Derrick Rose,Drew Gooden,Thabo Sefolosha,Tyrus Thomas,2,0:02,CHI,shot,,,,,,,,,,Derrick Rose,2,,,made,,driving layup,25,6
Beno Udrih,Brad Miller,John Salmons,Kevin Martin,Mikki Moore,Ben Gordon,Derrick Rose,Drew Gooden,Thabo Sefolosha,Tyrus Thomas,3,11:45,SAC,shot,,,Ben Gordon,,,,,,,John Salmons,,,,missed,,jump,20,13
Beno Udrih,Brad Miller,John Salmons,Kevin Martin,Mikki Moore,Ben Gordon,Derrick Rose,Drew Gooden,Thabo Sefolosha,Tyrus Thomas,3,11:45,CHI,rebound,,,,,,,,,,Derrick Rose,,,,,,def,,
Beno Udrih,Brad Miller,John Salmons,Kevin Martin,Mikki Moore,Ben Gordon,Derrick Rose,Drew Gooden,Thabo Sefolosha,Tyrus Thomas,3,11:45,SAC,foul,,,,,,,,Derrick Rose,,John Salmons,,,,,,personal,,
Beno Udrih,Brad Miller,John Salmons,Kevin Martin,Mikki Moore,Ben Gordon,Derrick Rose,Drew Gooden,Thabo Sefolosha,Tyrus Thomas,3,11:25,CHI,shot,Drew Gooden,,,,,,,,,Ben Gordon,2,,,made,,jump,17,24
Beno Udrih,Brad Miller,John Salmons,Kevin Martin,Mikki Moore,Ben Gordon,Derrick Rose,Drew Gooden,Thabo Sefolosha,Tyrus Thomas,3,11:12,SAC,turnover,,,,,,,,,,Kevin Martin,,,lost ball,,Ben Gordon,,,
Beno Udrih,Brad Miller,John Salmons,Kevin Martin,Mikki Moore,Ben Gordon,Derrick Rose,Drew Gooden,Thabo Sefolosha,Tyrus Thomas,3,11:00,CHI,shot,,,Brad Miller,,,,,,,Thabo Sefolosha,,,,missed,,layup,25,6
Beno Udrih,Brad Miller,John Salmons,Kevin Martin,Mikki Moore,Ben Gordon,Derrick Rose,Drew Gooden,Thabo Sefolosha,Tyrus Thomas,3,10:58,CHI,rebound,,,,,,,,,,Ben Gordon,,,,,,off,,
Beno Udrih,Brad Miller,John Salmons,Kevin Martin,Mikki Moore,Ben Gordon,Derrick Rose,Drew Gooden,Thabo Sefolosha,Tyrus Thomas,3,10:49,CHI,shot,,,,,,,,,,Drew Gooden,2,,,made,,layup,25,6
Beno Udrih,Brad Miller,John Salmons,Kevin Martin,Mikki Moore,Ben Gordon,Derrick Rose,Drew Gooden,Thabo Sefolosha,Tyrus Thomas,3,10:32,SAC,shot,,,,,,,,,,Brad Miller,2,,,made,,jump,33,22
Beno Udrih,Brad Miller,John Salmons,Kevin Martin,Mikki Moore,Ben Gordon,Derrick Rose,Drew Gooden,Thabo Sefolosha,Tyrus Thomas,3,10:20,CHI,turnover,,,,,,,,,,Tyrus Thomas,,,bad pass,,,,,
Beno Udrih,Brad Miller,John Salmons,Kevin Martin,Mikki Moore,Ben Gordon,Derrick Rose,Drew Gooden,Thabo Sefolosha,Tyrus Thomas,3,10:08,SAC,shot,Mikki Moore,,,,,,,,,Brad Miller,2,,,made,,jump,33,21
Beno Udrih,Brad Miller,John Salmons,Kevin Martin,Mikki Moore,Ben Gordon,Derrick Rose,Drew Gooden,Thabo Sefolosha,Tyrus Thomas,3,9:54,CHI,shot,,,,,,,,,,Drew Gooden,,,,missed,,jump,45,9
Beno Udrih,Brad Miller,John Salmons,Kevin Martin,Mikki Moore,Ben Gordon,Derrick Rose,Drew Gooden,Thabo Sefolosha,Tyrus Thomas,3,9:52,SAC,rebound,,,,,,,,,,Beno Udrih,,,,,,def,,
Beno Udrih,Brad Miller,John Salmons,Kevin Martin,Mikki Moore,Ben Gordon,Derrick Rose,Drew Gooden,Thabo Sefolosha,Tyrus Thomas,3,9:46,SAC,shot,,,,,,,,,,Kevin Martin,2,,,made,,jump,38,10
Beno Udrih,Brad Miller,John Salmons,Kevin Martin,Mikki Moore,Ben Gordon,Derrick Rose,Drew Gooden,Thabo Sefolosha,Tyrus Thomas,3,9:46,CHI,timeout,,,,,,,,,,,,,,,,regular,,
Beno Udrih,Brad Miller,John Salmons,Kevin Martin,Mikki Moore,Ben Gordon,Derrick Rose,Drew Gooden,Thabo Sefolosha,Tyrus Thomas,3,9:23,CHI,shot,Derrick Rose,,,,,,,,,Tyrus Thomas,2,,,made,,dunk,25,6
Beno Udrih,Brad Miller,John Salmons,Kevin Martin,Mikki Moore,Ben Gordon,Derrick Rose,Drew Gooden,Thabo Sefolosha,Tyrus Thomas,3,9:06,SAC,shot,,,,,,,,,,Brad Miller,2,,,made,,layup,25,6
Beno Udrih,Brad Miller,John Salmons,Kevin Martin,Mikki Moore,Ben Gordon,Derrick Rose,Drew Gooden,Thabo Sefolosha,Tyrus Thomas,3,8:51,SAC,foul,,,,,,,,Tyrus Thomas,,Mikki Moore,,,,,,shooting,,
Beno Udrih,Brad Miller,John Salmons,Kevin Martin,Mikki Moore,Ben Gordon,Derrick Rose,Drew Gooden,Thabo Sefolosha,Tyrus Thomas,3,8:51,CHI,free throw,,,,,,,1,,2,Tyrus Thomas,,,foul,made,,,,
Beno Udrih,Brad Miller,John Salmons,Kevin Martin,Mikki Moore,Ben Gordon,Derrick Rose,Drew Gooden,Thabo Sefolosha,Tyrus Thomas,3,8:51,CHI,free throw,,,,,,,2,,2,Tyrus Thomas,,,foul,made,,,,
Beno Udrih,Brad Miller,John Salmons,Kevin Martin,Mikki Moore,Ben Gordon,Derrick Rose,Drew Gooden,Thabo Sefolosha,Tyrus Thomas,3,8:41,SAC,shot,Beno Udrih,,,,,,,,,Mikki Moore,2,,,made,,running slam dunk,25,6
Beno Udrih,Brad Miller,John Salmons,Kevin Martin,Mikki Moore,Ben Gordon,Derrick Rose,Drew Gooden,Thabo Sefolosha,Tyrus Thomas,3,8:35,CHI,foul,,,,,,,,,,Tyrus Thomas,,,,,,double technical,,
Beno Udrih,Brad Miller,John Salmons,Kevin Martin,Mikki Moore,Ben Gordon,Derrick Rose,Drew Gooden,Thabo Sefolosha,Tyrus Thomas,3,8:19,CHI,shot,,,,,,,,,,Ben Gordon,,,,missed,,jump,41,16
Beno Udrih,Brad Miller,John Salmons,Kevin Martin,Mikki Moore,Ben Gordon,Derrick Rose,Drew Gooden,Thabo Sefolosha,Tyrus Thomas,3,8:18,CHI,rebound,,,,,,,,,,Ben Gordon,,,,,,off,,
Beno Udrih,Brad Miller,John Salmons,Kevin Martin,Mikki Moore,Ben Gordon,Derrick Rose,Drew Gooden,Thabo Sefolosha,Tyrus Thomas,3,8:18,SAC,foul,,,,,,,,Ben Gordon,,Mikki Moore,,,,,,personal,,
Beno Udrih,Brad Miller,John Salmons,Kevin Martin,Mikki Moore,Ben Gordon,Derrick Rose,Drew Gooden,Thabo Sefolosha,Tyrus Thomas,3,8:08,CHI,shot,,,,,,,,,,Thabo Sefolosha,,,,missed,,jump,41,6
Beno Udrih,Brad Miller,John Salmons,Kevin Martin,Mikki Moore,Ben Gordon,Derrick Rose,Drew Gooden,Thabo Sefolosha,Tyrus Thomas,3,8:07,CHI,rebound,,,,,,,,,,Tyrus Thomas,,,,,,off,,
Beno Udrih,Brad Miller,John Salmons,Kevin Martin,Mikki Moore,Ben Gordon,Derrick Rose,Drew Gooden,Thabo Sefolosha,Tyrus Thomas,3,8:01,CHI,shot,Tyrus Thomas,,,,,,,,,Derrick Rose,2,,,made,,jump,16,7
Beno Udrih,Brad Miller,John Salmons,Kevin Martin,Mikki Moore,Ben Gordon,Derrick Rose,Drew Gooden,Thabo Sefolosha,Tyrus Thomas,3,7:49,SAC,shot,,,,,,,,,,John Salmons,,,,missed,,3pt,2,5
Beno Udrih,Brad Miller,John Salmons,Kevin Martin,Mikki Moore,Ben Gordon,Derrick Rose,Drew Gooden,Thabo Sefolosha,Tyrus Thomas,3,7:48,CHI,rebound,,,,,,,,,,Tyrus Thomas,,,,,,def,,
Beno Udrih,Brad Miller,John Salmons,Kevin Martin,Mikki Moore,Ben Gordon,Derrick Rose,Drew Gooden,Thabo Sefolosha,Tyrus Thomas,3,7:37,CHI,turnover,,,,,,,,,,Drew Gooden,,,3 second violation,,,,,
Beno Udrih,Brad Miller,John Salmons,Kevin Martin,Mikki Moore,Ben Gordon,Derrick Rose,Drew Gooden,Thabo Sefolosha,Tyrus Thomas,3,7:22,SAC,shot,,,,,,,,,,Beno Udrih,2,,,made,,pullup jump,37,17
Beno Udrih,Brad Miller,John Salmons,Kevin Martin,Mikki Moore,Ben Gordon,Derrick Rose,Drew Gooden,Thabo Sefolosha,Tyrus Thomas,3,7:04,CHI,shot,,,,,,,,,,Ben Gordon,,,,missed,,3pt,43,24
Beno Udrih,Brad Miller,John Salmons,Kevin Martin,Mikki Moore,Ben Gordon,Derrick Rose,Drew Gooden,Thabo Sefolosha,Tyrus Thomas,3,7:03,SAC,rebound,,,,,,,,,,Brad Miller,,,,,,def,,
Beno Udrih,Brad Miller,John Salmons,Kevin Martin,Mikki Moore,Ben Gordon,Derrick Rose,Drew Gooden,Thabo Sefolosha,Tyrus Thomas,3,6:59,SAC,shot,Beno Udrih,,,,,,,,,John Salmons,2,,,made,,dunk,25,6
Beno Udrih,Brad Miller,John Salmons,Kevin Martin,Mikki Moore,Ben Gordon,Derrick Rose,Drew Gooden,Thabo Sefolosha,Tyrus Thomas,3,6:35,SAC,foul,,,,,,,,Ben Gordon,,John Salmons,,,,,,shooting,,
Beno Udrih,Brad Miller,John Salmons,Kevin Martin,Mikki Moore,Ben Gordon,Derrick Rose,Drew Gooden,Thabo Sefolosha,Tyrus Thomas,3,6:35,CHI,free throw,,,,,,,1,,2,Ben Gordon,,,foul,made,,,,
Beno Udrih,Brad Miller,John Salmons,Kevin Martin,Mikki Moore,Ben Gordon,Derrick Rose,Drew Gooden,Thabo Sefolosha,Tyrus Thomas,3,6:35,CHI,free throw,,,,,,,2,,2,Ben Gordon,,,foul,made,,,,
Beno Udrih,Brad Miller,John Salmons,Kevin Martin,Mikki Moore,Ben Gordon,Derrick Rose,Drew Gooden,Thabo Sefolosha,Tyrus Thomas,3,6:21,SAC,shot,Beno Udrih,,,,,,,,,Brad Miller,2,,,made,,jump,33,22
Beno Udrih,Brad Miller,John Salmons,Kevin Martin,Mikki Moore,Ben Gordon,Derrick Rose,Drew Gooden,Thabo Sefolosha,Tyrus Thomas,3,5:53,CHI,shot,,,,,,,,,,Ben Gordon,,,,missed,,3pt,15,29
Beno Udrih,Brad Miller,John Salmons,Kevin Martin,Mikki Moore,Ben Gordon,Derrick Rose,Drew Gooden,Thabo Sefolosha,Tyrus Thomas,3,5:52,SAC,rebound,,,,,,,,,,Brad Miller,,,,,,def,,
Beno Udrih,Brad Miller,John Salmons,Kevin Martin,Mikki Moore,Ben Gordon,Derrick Rose,Drew Gooden,Thabo Sefolosha,Tyrus Thomas,3,5:38,SAC,shot,,,,,,,,,,Beno Udrih,,,,missed,,fade away jumper,23,18
Beno Udrih,Brad Miller,John Salmons,Kevin Martin,Mikki Moore,Ben Gordon,Derrick Rose,Drew Gooden,Thabo Sefolosha,Tyrus Thomas,3,5:38,SAC,rebound,,,,,,,,,,,,,,,,,,
Beno Udrih,Brad Miller,John Salmons,Kevin Martin,Mikki Moore,Ben Gordon,Derrick Rose,Drew Gooden,Thabo Sefolosha,Tyrus Thomas,3,5:38,CHI,foul,,,,,,,,Mikki Moore,,Drew Gooden,,,,,,loose ball,,
Beno Udrih,Brad Miller,John Salmons,Kevin Martin,Mikki Moore,Ben Gordon,Derrick Rose,Drew Gooden,Larry Hughes,Tyrus Thomas,3,5:38,CHI,sub,,,,Larry Hughes,,Thabo Sefolosha,,,,,,,,,,,,
Beno Udrih,Brad Miller,John Salmons,Kevin Martin,Mikki Moore,Ben Gordon,Derrick Rose,Drew Gooden,Larry Hughes,Tyrus Thomas,3,5:30,SAC,shot,,,,,,,,,,John Salmons,2,,,made,,jump,17,21
Beno Udrih,Brad Miller,John Salmons,Kevin Martin,Mikki Moore,Ben Gordon,Derrick Rose,Drew Gooden,Larry Hughes,Tyrus Thomas,3,5:11,CHI,shot,,,,,,,,,,Drew Gooden,,,,missed,,jump,15,7
Beno Udrih,Brad Miller,John Salmons,Kevin Martin,Mikki Moore,Ben Gordon,Derrick Rose,Drew Gooden,Larry Hughes,Tyrus Thomas,3,5:10,SAC,rebound,,,,,,,,,,John Salmons,,,,,,def,,
Beno Udrih,Brad Miller,John Salmons,Kevin Martin,Mikki Moore,Ben Gordon,Derrick Rose,Drew Gooden,Larry Hughes,Tyrus Thomas,3,5:05,SAC,turnover,,,,,,,,,,John Salmons,,,out of bounds lost ball turnover,,,,,
Beno Udrih,Brad Miller,John Salmons,Kevin Martin,Mikki Moore,Ben Gordon,Derrick Rose,Drew Gooden,Larry Hughes,Tyrus Thomas,3,4:51,CHI,shot,Derrick Rose,,,,,,,,,Drew Gooden,2,,,made,,jump,24,23
Beno Udrih,Brad Miller,John Salmons,Kevin Martin,Mikki Moore,Ben Gordon,Derrick Rose,Drew Gooden,Larry Hughes,Tyrus Thomas,3,4:27,SAC,shot,,,,,,,,,,Brad Miller,,,,missed,,3pt,12,28
Beno Udrih,Brad Miller,John Salmons,Kevin Martin,Mikki Moore,Ben Gordon,Derrick Rose,Drew Gooden,Larry Hughes,Tyrus Thomas,3,4:26,CHI,rebound,,,,,,,,,,Ben Gordon,,,,,,def,,
Beno Udrih,Brad Miller,John Salmons,Kevin Martin,Mikki Moore,Ben Gordon,Derrick Rose,Drew Gooden,Larry Hughes,Tyrus Thomas,3,4:12,CHI,shot,,,,,,,,,,Tyrus Thomas,,,,missed,,jump,39,10
Beno Udrih,Brad Miller,John Salmons,Kevin Martin,Mikki Moore,Ben Gordon,Derrick Rose,Drew Gooden,Larry Hughes,Tyrus Thomas,3,4:11,SAC,rebound,,,,,,,,,,Beno Udrih,,,,,,def,,
Beno Udrih,Brad Miller,John Salmons,Kevin Martin,Mikki Moore,Ben Gordon,Derrick Rose,Drew Gooden,Larry Hughes,Tyrus Thomas,3,4:02,SAC,shot,,,,,,,,,,Beno Udrih,,,,missed,,jump,12,18
Beno Udrih,Brad Miller,John Salmons,Kevin Martin,Mikki Moore,Ben Gordon,Derrick Rose,Drew Gooden,Larry Hughes,Tyrus Thomas,3,4:00,CHI,rebound,,,,,,,,,,Drew Gooden,,,,,,def,,
Beno Udrih,Brad Miller,John Salmons,Kevin Martin,Mikki Moore,Ben Gordon,Derrick Rose,Drew Gooden,Larry Hughes,Tyrus Thomas,3,3:47,CHI,shot,,,,,,,,,,Drew Gooden,,,,missed,,jump,37,23
Beno Udrih,Brad Miller,John Salmons,Kevin Martin,Mikki Moore,Ben Gordon,Derrick Rose,Drew Gooden,Larry Hughes,Tyrus Thomas,3,3:45,SAC,rebound,,,,,,,,,,Brad Miller,,,,,,def,,
Beno Udrih,Brad Miller,John Salmons,Kevin Martin,Mikki Moore,Ben Gordon,Derrick Rose,Drew Gooden,Larry Hughes,Tyrus Thomas,3,3:40,SAC,timeout,,,,,,,,,,,,,,,,regular,,
Beno Udrih,Brad Miller,John Salmons,Kevin Martin,Mikki Moore,Ben Gordon,Derrick Rose,Drew Gooden,Joakim Noah,Larry Hughes,3,3:40,CHI,sub,,,,Joakim Noah,,Tyrus Thomas,,,,,,,,,,,,
Beno Udrih,Brad Miller,John Salmons,Kevin Martin,Mikki Moore,Andres Nocioni,Ben Gordon,Derrick Rose,Joakim Noah,Larry Hughes,3,3:40,CHI,sub,,,,Andres Nocioni,,Drew Gooden,,,,,,,,,,,,
Bobby Brown,Brad Miller,John Salmons,Kevin Martin,Mikki Moore,Andres Nocioni,Ben Gordon,Derrick Rose,Joakim Noah,Larry Hughes,3,3:40,SAC,sub,,,,Bobby Brown,,Beno Udrih,,,,,,,,,,,,
Bobby Brown,Brad Miller,John Salmons,Kevin Martin,Mikki Moore,Andres Nocioni,Ben Gordon,Derrick Rose,Joakim Noah,Larry Hughes,3,3:32,SAC,foul,,,,,,,,Andres Nocioni,,Kevin Martin,,,,,,offensive,,
Bobby Brown,Brad Miller,John Salmons,Kevin Martin,Mikki Moore,Andres Nocioni,Ben Gordon,Derrick Rose,Joakim Noah,Larry Hughes,3,3:32,SAC,turnover,,,,,,,,,,Kevin Martin,,,foul,,,,,
Bobby Brown,Brad Miller,John Salmons,Kevin Martin,Mikki Moore,Andres Nocioni,Ben Gordon,Derrick Rose,Joakim Noah,Larry Hughes,3,3:32,SAC,foul,,,,,,,,Andres Nocioni,,Kevin Martin,,,,,,technical,,
Bobby Brown,Jason Thompson,John Salmons,Kevin Martin,Mikki Moore,Andres Nocioni,Ben Gordon,Derrick Rose,Joakim Noah,Larry Hughes,3,3:32,SAC,sub,,,,Jason Thompson,,Brad Miller,,,,,,,,,,,,
Bobby Brown,Jason Thompson,John Salmons,Kevin Martin,Mikki Moore,Andres Nocioni,Ben Gordon,Derrick Rose,Joakim Noah,Larry Hughes,3,3:32,CHI,free throw,,,,,,,1,,1,Ben Gordon,,,technical,made,,,,
Bobby Brown,Jason Thompson,John Salmons,Kevin Martin,Mikki Moore,Andres Nocioni,Ben Gordon,Derrick Rose,Joakim Noah,Larry Hughes,3,3:17,CHI,shot,Ben Gordon,,,,,,,,,Larry Hughes,2,,,made,,layup,25,6
Bobby Brown,Jason Thompson,John Salmons,Kevin Martin,Mikki Moore,Andres Nocioni,Ben Gordon,Derrick Rose,Joakim Noah,Larry Hughes,3,3:08,SAC,foul,,,,,,,,Larry Hughes,,Kevin Martin,,,,,,offensive,,
Bobby Brown,Jason Thompson,John Salmons,Kevin Martin,Mikki Moore,Andres Nocioni,Ben Gordon,Derrick Rose,Joakim Noah,Larry Hughes,3,3:08,SAC,turnover,,,,,,,,,,Kevin Martin,,,foul,,,,,
Bobby Brown,Jason Thompson,John Salmons,Kevin Martin,Mikki Moore,Andres Nocioni,Ben Gordon,Derrick Rose,Joakim Noah,Larry Hughes,3,3:08,SAC,violation,,,,,,,,,,,,,,,,delay of game,,
Bobby Brown,Jason Thompson,John Salmons,Kevin Martin,Spencer Hawes,Andres Nocioni,Ben Gordon,Derrick Rose,Joakim Noah,Larry Hughes,3,3:08,SAC,sub,,,,Spencer Hawes,,Mikki Moore,,,,,,,,,,,,
Bobby Brown,Francisco Garcia,Jason Thompson,John Salmons,Spencer Hawes,Andres Nocioni,Ben Gordon,Derrick Rose,Joakim Noah,Larry Hughes,3,3:08,SAC,sub,,,,Francisco Garcia,,Kevin Martin,,,,,,,,,,,,
Bobby Brown,Francisco Garcia,Jason Thompson,John Salmons,Spencer Hawes,Andres Nocioni,Ben Gordon,Derrick Rose,Joakim Noah,Larry Hughes,3,2:59,SAC,foul,,,,,,,,Derrick Rose,,Bobby Brown,,,,,,shooting,,
Bobby Brown,Francisco Garcia,Jason Thompson,John Salmons,Spencer Hawes,Andres Nocioni,Ben Gordon,Derrick Rose,Joakim Noah,Larry Hughes,3,2:59,CHI,free throw,,,,,,,1,,2,Derrick Rose,,,foul,made,,,,
Bobby Brown,Francisco Garcia,Jason Thompson,John Salmons,Spencer Hawes,Andres Nocioni,Ben Gordon,Derrick Rose,Joakim Noah,Larry Hughes,3,2:59,CHI,free throw,,,,,,,2,,2,Derrick Rose,,,foul,made,,,,
Bobby Brown,Francisco Garcia,Jason Thompson,John Salmons,Spencer Hawes,Andres Nocioni,Ben Gordon,Derrick Rose,Joakim Noah,Larry Hughes,3,2:47,SAC,shot,Bobby Brown,,,,,,,,,John Salmons,2,,,made,,jump,7,7
Bobby Brown,Francisco Garcia,Jason Thompson,John Salmons,Spencer Hawes,Andres Nocioni,Ben Gordon,Derrick Rose,Joakim Noah,Larry Hughes,3,2:30,CHI,shot,,,,,,,,,,Larry Hughes,2,,,made,,driving finger roll layup,25,6
Bobby Brown,Francisco Garcia,Jason Thompson,John Salmons,Spencer Hawes,Andres Nocioni,Ben Gordon,Derrick Rose,Joakim Noah,Larry Hughes,3,2:10,SAC,turnover,,,,,,,,,,Bobby Brown,,,bad pass,,,,,
Bobby Brown,Francisco Garcia,Jason Thompson,John Salmons,Spencer Hawes,Andres Nocioni,Ben Gordon,Derrick Rose,Joakim Noah,Larry Hughes,3,1:58,CHI,shot,,,,,,,,,,Andres Nocioni,,,,missed,,3pt,41,25
Bobby Brown,Francisco Garcia,Jason Thompson,John Salmons,Spencer Hawes,Andres Nocioni,Ben Gordon,Derrick Rose,Joakim Noah,Larry Hughes,3,1:56,CHI,rebound,,,,,,,,,,Derrick Rose,,,,,,off,,
Bobby Brown,Francisco Garcia,Jason Thompson,John Salmons,Spencer Hawes,Andres Nocioni,Ben Gordon,Derrick Rose,Joakim Noah,Larry Hughes,3,1:53,CHI,shot,,,,,,,,,,Andres Nocioni,,,,missed,,3pt,43,24
Bobby Brown,Francisco Garcia,Jason Thompson,John Salmons,Spencer Hawes,Andres Nocioni,Ben Gordon,Derrick Rose,Joakim Noah,Larry Hughes,3,1:51,CHI,rebound,,,,,,,,,,Joakim Noah,,,,,,off,,
Bobby Brown,Francisco Garcia,Jason Thompson,John Salmons,Spencer Hawes,Andres Nocioni,Ben Gordon,Derrick Rose,Joakim Noah,Larry Hughes,3,1:48,CHI,shot,,,,,,,,,,Ben Gordon,2,,,made,,driving layup,25,6
Bobby Brown,Francisco Garcia,Jason Thompson,John Salmons,Spencer Hawes,Andres Nocioni,Ben Gordon,Derrick Rose,Joakim Noah,Larry Hughes,3,1:48,SAC,foul,,,,,,,,Ben Gordon,,Spencer Hawes,,,,,,shooting,,
Bobby Brown,Francisco Garcia,Jason Thompson,John Salmons,Spencer Hawes,Andres Nocioni,Ben Gordon,Joakim Noah,Larry Hughes,Lindsey Hunter,3,1:48,CHI,sub,,,,Lindsey Hunter,,Derrick Rose,,,,,,,,,,,,
Bobby Brown,Francisco Garcia,Jason Thompson,John Salmons,Spencer Hawes,Andres Nocioni,Ben Gordon,Joakim Noah,Larry Hughes,Lindsey Hunter,3,1:48,CHI,free throw,,,,,,,1,,1,Ben Gordon,,,foul,made,,,,
Bobby Brown,Francisco Garcia,Jason Thompson,John Salmons,Spencer Hawes,Andres Nocioni,Ben Gordon,Joakim Noah,Larry Hughes,Lindsey Hunter,3,1:34,CHI,foul,,,,,,,,Spencer Hawes,,Andres Nocioni,,,,,,shooting,,
Bobby Brown,Francisco Garcia,Jason Thompson,John Salmons,Spencer Hawes,Andres Nocioni,Ben Gordon,Joakim Noah,Larry Hughes,Lindsey Hunter,3,1:34,SAC,free throw,,,,,,,1,,2,Spencer Hawes,,,foul,missed,,,,
Bobby Brown,Francisco Garcia,Jason Thompson,John Salmons,Spencer Hawes,Andres Nocioni,Ben Gordon,Joakim Noah,Larry Hughes,Lindsey Hunter,3,1:34,SAC,rebound,,,,,,,,,,,,,,,,,,
Bobby Brown,Francisco Garcia,Jason Thompson,John Salmons,Spencer Hawes,Andres Nocioni,Ben Gordon,Joakim Noah,Larry Hughes,Lindsey Hunter,3,1:34,SAC,free throw,,,,,,,2,,2,Spencer Hawes,,,foul,made,,,,
Bobby Brown,Francisco Garcia,Jason Thompson,John Salmons,Spencer Hawes,Andres Nocioni,Ben Gordon,Joakim Noah,Larry Hughes,Lindsey Hunter,3,1:11,SAC,foul,,,,,,,,Ben Gordon,,Spencer Hawes,,,,,,shooting,,
Bobby Brown,Francisco Garcia,Jason Thompson,John Salmons,Spencer Hawes,Andres Nocioni,Ben Gordon,Joakim Noah,Larry Hughes,Lindsey Hunter,3,1:11,CHI,free throw,,,,,,,1,,2,Ben Gordon,,,foul,made,,,,
Bobby Brown,Francisco Garcia,Jason Thompson,Kevin Martin,Spencer Hawes,Andres Nocioni,Ben Gordon,Joakim Noah,Larry Hughes,Lindsey Hunter,3,1:11,SAC,sub,,,,Kevin Martin,,John Salmons,,,,,,,,,,,,
Bobby Brown,Francisco Garcia,Jason Thompson,Kevin Martin,Spencer Hawes,Andres Nocioni,Ben Gordon,Joakim Noah,Larry Hughes,Lindsey Hunter,3,1:11,CHI,free throw,,,,,,,2,,2,Ben Gordon,,,foul,made,,,,
Bobby Brown,Francisco Garcia,Jason Thompson,Kevin Martin,Spencer Hawes,Andres Nocioni,Ben Gordon,Joakim Noah,Larry Hughes,Lindsey Hunter,3,0:58,CHI,foul,,,,,,,,Spencer Hawes,,Lindsey Hunter,,,,,,personal,,
Bobby Brown,Francisco Garcia,Jason Thompson,Kevin Martin,Spencer Hawes,Andres Nocioni,Joakim Noah,Larry Hughes,Lindsey Hunter,Thabo Sefolosha,3,0:58,CHI,sub,,,,Thabo Sefolosha,,Ben Gordon,,,,,,,,,,,,
Bobby Brown,Francisco Garcia,Jason Thompson,Kevin Martin,Spencer Hawes,Andres Nocioni,Joakim Noah,Larry Hughes,Lindsey Hunter,Thabo Sefolosha,3,0:58,SAC,free throw,,,,,,,1,,2,Spencer Hawes,,,foul,made,,,,
Bobby Brown,Francisco Garcia,Jason Thompson,Kevin Martin,Spencer Hawes,Andres Nocioni,Joakim Noah,Larry Hughes,Lindsey Hunter,Thabo Sefolosha,3,0:58,SAC,free throw,,,,,,,2,,2,Spencer Hawes,,,foul,made,,,,
Bobby Brown,Francisco Garcia,Jason Thompson,Kevin Martin,Spencer Hawes,Andres Nocioni,Joakim Noah,Larry Hughes,Lindsey Hunter,Thabo Sefolosha,3,0:43,CHI,shot,,,,,,,,,,Andres Nocioni,,,,missed,,jump,37,23
Bobby Brown,Francisco Garcia,Jason Thompson,Kevin Martin,Spencer Hawes,Andres Nocioni,Joakim Noah,Larry Hughes,Lindsey Hunter,Thabo Sefolosha,3,0:41,CHI,rebound,,,,,,,,,,Larry Hughes,,,,,,off,,
Bobby Brown,Francisco Garcia,Jason Thompson,Kevin Martin,Spencer Hawes,Andres Nocioni,Joakim Noah,Larry Hughes,Lindsey Hunter,Thabo Sefolosha,3,0:31,CHI,shot,,,,,,,,,,Andres Nocioni,,,,missed,,jump,13,21
Bobby Brown,Francisco Garcia,Jason Thompson,Kevin Martin,Spencer Hawes,Andres Nocioni,Joakim Noah,Larry Hughes,Lindsey Hunter,Thabo Sefolosha,3,0:28,SAC,rebound,,,,,,,,,,,,,,,,,,
Bobby Brown,Francisco Garcia,Jason Thompson,Kevin Martin,Spencer Hawes,Andres Nocioni,Joakim Noah,Larry Hughes,Lindsey Hunter,Thabo Sefolosha,3,0:28,CHI,foul,,,,,,,,Jason Thompson,,Joakim Noah,,,,,,loose ball,,
Bobby Brown,Francisco Garcia,Jason Thompson,Kevin Martin,Spencer Hawes,Andres Nocioni,Joakim Noah,Larry Hughes,Lindsey Hunter,Thabo Sefolosha,3,0:28,SAC,free throw,,,,,,,1,,2,Jason Thompson,,,foul,made,,,,
Bobby Brown,Francisco Garcia,Jason Thompson,Kevin Martin,Spencer Hawes,Andres Nocioni,Joakim Noah,Larry Hughes,Lindsey Hunter,Thabo Sefolosha,3,0:28,SAC,free throw,,,,,,,2,,2,Jason Thompson,,,foul,made,,,,
Bobby Brown,Francisco Garcia,Jason Thompson,Kevin Martin,Spencer Hawes,Andres Nocioni,Joakim Noah,Larry Hughes,Lindsey Hunter,Thabo Sefolosha,3,0:04,CHI,shot,,,,,,,,,,Andres Nocioni,,,,missed,,3pt,15,30
Bobby Brown,Francisco Garcia,Jason Thompson,Kevin Martin,Spencer Hawes,Andres Nocioni,Joakim Noah,Larry Hughes,Lindsey Hunter,Thabo Sefolosha,3,0:02,CHI,rebound,,,,,,,,,,Joakim Noah,,,,,,off,,
Bobby Brown,Francisco Garcia,Jason Thompson,Kevin Martin,Spencer Hawes,Andres Nocioni,Joakim Noah,Larry Hughes,Lindsey Hunter,Thabo Sefolosha,3,0:01,CHI,shot,,,Spencer Hawes,,,,,,,Joakim Noah,,,,missed,,layup,25,6
Bobby Brown,Francisco Garcia,Jason Thompson,Kevin Martin,Spencer Hawes,Andres Nocioni,Joakim Noah,Larry Hughes,Lindsey Hunter,Thabo Sefolosha,3,0:00,SAC,rebound,,,,,,,,,,Francisco Garcia,,,,,,def,,
Bobby Brown,Francisco Garcia,Jason Thompson,Kevin Martin,Spencer Hawes,Andres Nocioni,Joakim Noah,Larry Hughes,Lindsey Hunter,Thabo Sefolosha,3,0:00,SAC,shot,,,,,,,,,,Francisco Garcia,,,,missed,,3pt,45,45
Bobby Brown,Francisco Garcia,Jason Thompson,Kevin Martin,Spencer Hawes,Andres Nocioni,Joakim Noah,Larry Hughes,Lindsey Hunter,Thabo Sefolosha,3,0:00,SAC,rebound,,,,,,,,,,,,,,,,,,
Bobby Brown,Francisco Garcia,Jason Thompson,Kevin Martin,Spencer Hawes,Andres Nocioni,Joakim Noah,Larry Hughes,Lindsey Hunter,Thabo Sefolosha,4,11:48,CHI,shot,,,,,,,,,,Lindsey Hunter,2,,,made,,layup,25,6
Bobby Brown,Francisco Garcia,Jason Thompson,Kevin Martin,Spencer Hawes,Andres Nocioni,Joakim Noah,Larry Hughes,Lindsey Hunter,Thabo Sefolosha,4,11:29,SAC,turnover,,,,,,,,,,Spencer Hawes,,,bad pass,,Joakim Noah,,,
Bobby Brown,Francisco Garcia,Jason Thompson,Kevin Martin,Spencer Hawes,Andres Nocioni,Joakim Noah,Larry Hughes,Lindsey Hunter,Thabo Sefolosha,4,11:23,CHI,turnover,,,,,,,,,,Lindsey Hunter,,,double dribble,,,,,
Bobby Brown,Francisco Garcia,Jason Thompson,Kevin Martin,Spencer Hawes,Andres Nocioni,Joakim Noah,Larry Hughes,Lindsey Hunter,Thabo Sefolosha,4,11:18,SAC,shot,,,,,,,,,,Francisco Garcia,,,,missed,,jump,40,7
Bobby Brown,Francisco Garcia,Jason Thompson,Kevin Martin,Spencer Hawes,Andres Nocioni,Joakim Noah,Larry Hughes,Lindsey Hunter,Thabo Sefolosha,4,11:17,CHI,rebound,,,,,,,,,,Thabo Sefolosha,,,,,,def,,
Bobby Brown,Francisco Garcia,Jason Thompson,Kevin Martin,Spencer Hawes,Andres Nocioni,Joakim Noah,Larry Hughes,Lindsey Hunter,Thabo Sefolosha,4,10:52,CHI,shot,,,,,,,,,,Andres Nocioni,,,,missed,,jump,37,7
Bobby Brown,Francisco Garcia,Jason Thompson,Kevin Martin,Spencer Hawes,Andres Nocioni,Joakim Noah,Larry Hughes,Lindsey Hunter,Thabo Sefolosha,4,10:51,CHI,rebound,,,,,,,,,,Joakim Noah,,,,,,off,,
Bobby Brown,Francisco Garcia,Jason Thompson,Kevin Martin,Spencer Hawes,Andres Nocioni,Joakim Noah,Larry Hughes,Lindsey Hunter,Thabo Sefolosha,4,10:51,CHI,shot,,,,,,,,,,Joakim Noah,,,,missed,,tip,25,6
Bobby Brown,Francisco Garcia,Jason Thompson,Kevin Martin,Spencer Hawes,Andres Nocioni,Joakim Noah,Larry Hughes,Lindsey Hunter,Thabo Sefolosha,4,10:49,SAC,rebound,,,,,,,,,,Francisco Garcia,,,,,,def,,
Bobby Brown,Francisco Garcia,Jason Thompson,Kevin Martin,Spencer Hawes,Andres Nocioni,Joakim Noah,Larry Hughes,Lindsey Hunter,Thabo Sefolosha,4,10:40,SAC,shot,,,,,,,,,,Bobby Brown,3,,,made,,3pt,11,27
Bobby Brown,Francisco Garcia,Jason Thompson,Kevin Martin,Spencer Hawes,Andres Nocioni,Joakim Noah,Larry Hughes,Lindsey Hunter,Thabo Sefolosha,4,10:18,CHI,shot,Joakim Noah,,,,,,,,,Andres Nocioni,3,,,made,,3pt,1,5
Bobby Brown,Francisco Garcia,Jason Thompson,Kevin Martin,Spencer Hawes,Andres Nocioni,Joakim Noah,Larry Hughes,Lindsey Hunter,Thabo Sefolosha,4,9:59,SAC,turnover,,,,,,,,,,Bobby Brown,,,bad pass,,Andres Nocioni,,,
Bobby Brown,Francisco Garcia,Jason Thompson,Kevin Martin,Spencer Hawes,Andres Nocioni,Joakim Noah,Larry Hughes,Lindsey Hunter,Thabo Sefolosha,4,9:55,CHI,shot,Lindsey Hunter,,,,,,,,,Thabo Sefolosha,2,,,made,,layup,25,6
Bobby Brown,Francisco Garcia,Jason Thompson,Kevin Martin,Spencer Hawes,Andres Nocioni,Drew Gooden,Larry Hughes,Lindsey Hunter,Thabo Sefolosha,4,9:55,CHI,sub,,,,Drew Gooden,,Joakim Noah,,,,,,,,,,,,
Bobby Brown,Francisco Garcia,Jason Thompson,Kevin Martin,Spencer Hawes,Drew Gooden,Larry Hughes,Lindsey Hunter,Thabo Sefolosha,Tyrus Thomas,4,9:55,CHI,sub,,,,Tyrus Thomas,,Andres Nocioni,,,,,,,,,,,,
Beno Udrih,Bobby Brown,Francisco Garcia,Jason Thompson,Kevin Martin,Drew Gooden,Larry Hughes,Lindsey Hunter,Thabo Sefolosha,Tyrus Thomas,4,9:55,SAC,sub,,,,Beno Udrih,,Spencer Hawes,,,,,,,,,,,,
Beno Udrih,Brad Miller,Francisco Garcia,Jason Thompson,Kevin Martin,Drew Gooden,Larry Hughes,Lindsey Hunter,Thabo Sefolosha,Tyrus Thomas,4,9:55,SAC,sub,,,,Brad Miller,,Bobby Brown,,,,,,,,,,,,
Beno Udrih,Brad Miller,Francisco Garcia,Jason Thompson,Kevin Martin,Drew Gooden,Larry Hughes,Lindsey Hunter,Thabo Sefolosha,Tyrus Thomas,4,9:55,SAC,timeout,,,,,,,,,,,,,,,,regular,,
Beno Udrih,Brad Miller,Francisco Garcia,Jason Thompson,Kevin Martin,Drew Gooden,Larry Hughes,Lindsey Hunter,Thabo Sefolosha,Tyrus Thomas,4,9:47,CHI,foul,,,,,,,,Beno Udrih,,Lindsey Hunter,,,,,,personal,,
Beno Udrih,Brad Miller,Francisco Garcia,Jason Thompson,Kevin Martin,Drew Gooden,Larry Hughes,Lindsey Hunter,Thabo Sefolosha,Tyrus Thomas,4,9:30,SAC,shot,,,,,,,,,,Kevin Martin,3,,,made,,3pt,10,26
Beno Udrih,Brad Miller,Francisco Garcia,Jason Thompson,Kevin Martin,Drew Gooden,Larry Hughes,Lindsey Hunter,Thabo Sefolosha,Tyrus Thomas,4,9:16,CHI,foul,,,,,,,,Kevin Martin,,Tyrus Thomas,,,,,,offensive,,
Beno Udrih,Brad Miller,Francisco Garcia,Jason Thompson,Kevin Martin,Drew Gooden,Larry Hughes,Lindsey Hunter,Thabo Sefolosha,Tyrus Thomas,4,9:16,CHI,turnover,,,,,,,,,,Tyrus Thomas,,,foul,,,,,
Beno Udrih,Brad Miller,Francisco Garcia,Jason Thompson,Kevin Martin,Drew Gooden,Larry Hughes,Lindsey Hunter,Thabo Sefolosha,Tyrus Thomas,4,9:02,SAC,shot,,,,,,,,,,Kevin Martin,,,,missed,,layup,25,6
Beno Udrih,Brad Miller,Francisco Garcia,Jason Thompson,Kevin Martin,Drew Gooden,Larry Hughes,Lindsey Hunter,Thabo Sefolosha,Tyrus Thomas,4,9:00,CHI,rebound,,,,,,,,,,Thabo Sefolosha,,,,,,def,,
Beno Udrih,Brad Miller,Francisco Garcia,Jason Thompson,Kevin Martin,Drew Gooden,Larry Hughes,Lindsey Hunter,Thabo Sefolosha,Tyrus Thomas,4,8:47,SAC,foul,,,,,,,,Drew Gooden,,Jason Thompson,,,,,,personal,,
Beno Udrih,Brad Miller,Francisco Garcia,Jason Thompson,Kevin Martin,Drew Gooden,Larry Hughes,Lindsey Hunter,Thabo Sefolosha,Tyrus Thomas,4,8:43,CHI,shot,,,,,,,,,,Drew Gooden,,,,missed,,jump,13,6
Beno Udrih,Brad Miller,Francisco Garcia,Jason Thompson,Kevin Martin,Drew Gooden,Larry Hughes,Lindsey Hunter,Thabo Sefolosha,Tyrus Thomas,4,8:41,CHI,rebound,,,,,,,,,,Drew Gooden,,,,,,off,,
Beno Udrih,Brad Miller,Francisco Garcia,Jason Thompson,Kevin Martin,Drew Gooden,Larry Hughes,Lindsey Hunter,Thabo Sefolosha,Tyrus Thomas,4,8:38,CHI,turnover,,,,,,,,,,Lindsey Hunter,,,bad pass,,,,,
Beno Udrih,Brad Miller,Francisco Garcia,Jason Thompson,Kevin Martin,Drew Gooden,Larry Hughes,Lindsey Hunter,Thabo Sefolosha,Tyrus Thomas,4,8:25,SAC,turnover,,,,,,,,,,Kevin Martin,,,bad pass,,Thabo Sefolosha,,,
Beno Udrih,Brad Miller,Francisco Garcia,Jason Thompson,Kevin Martin,Drew Gooden,Larry Hughes,Lindsey Hunter,Thabo Sefolosha,Tyrus Thomas,4,8:17,CHI,shot,Thabo Sefolosha,,,,,,,,,Larry Hughes,2,,,made,,jump,42,7
Beno Udrih,Brad Miller,Francisco Garcia,Jason Thompson,Kevin Martin,Drew Gooden,Larry Hughes,Lindsey Hunter,Thabo Sefolosha,Tyrus Thomas,4,7:49,SAC,shot,Francisco Garcia,,,,,,,,,Kevin Martin,3,,,made,,3pt,37,28
Beno Udrih,Brad Miller,Francisco Garcia,Jason Thompson,Kevin Martin,Drew Gooden,Larry Hughes,Lindsey Hunter,Thabo Sefolosha,Tyrus Thomas,4,7:29,CHI,shot,,,,,,,,,,Larry Hughes,,,,missed,,jump,41,14
Beno Udrih,Brad Miller,Francisco Garcia,Jason Thompson,Kevin Martin,Drew Gooden,Larry Hughes,Lindsey Hunter,Thabo Sefolosha,Tyrus Thomas,4,7:27,SAC,rebound,,,,,,,,,,Francisco Garcia,,,,,,def,,
Beno Udrih,Brad Miller,Francisco Garcia,Jason Thompson,Kevin Martin,Drew Gooden,Larry Hughes,Lindsey Hunter,Thabo Sefolosha,Tyrus Thomas,4,7:21,SAC,shot,,,,,,,,,,Beno Udrih,2,,,made,,layup,25,6
Beno Udrih,Brad Miller,Francisco Garcia,Jason Thompson,Kevin Martin,Drew Gooden,Larry Hughes,Lindsey Hunter,Thabo Sefolosha,Tyrus Thomas,4,7:08,CHI,turnover,,,,,,,,,,Larry Hughes,,,bad pass,,Francisco Garcia,,,
Beno Udrih,Brad Miller,Francisco Garcia,Jason Thompson,Kevin Martin,Derrick Rose,Drew Gooden,Lindsey Hunter,Thabo Sefolosha,Tyrus Thomas,4,7:06,CHI,sub,,,,Derrick Rose,,Larry Hughes,,,,,,,,,,,,
Beno Udrih,Brad Miller,Francisco Garcia,Jason Thompson,Kevin Martin,Ben Gordon,Derrick Rose,Drew Gooden,Thabo Sefolosha,Tyrus Thomas,4,7:06,CHI,sub,,,,Ben Gordon,,Lindsey Hunter,,,,,,,,,,,,
Beno Udrih,Brad Miller,Francisco Garcia,Jason Thompson,Kevin Martin,Ben Gordon,Derrick Rose,Drew Gooden,Thabo Sefolosha,Tyrus Thomas,4,6:54,CHI,foul,,,,,,,,Beno Udrih,,Derrick Rose,,,,,,personal,,
Beno Udrih,Brad Miller,Francisco Garcia,Jason Thompson,Kevin Martin,Ben Gordon,Derrick Rose,Drew Gooden,Thabo Sefolosha,Tyrus Thomas,4,6:50,SAC,shot,Brad Miller,,,,,,,,,Francisco Garcia,2,,,made,,dunk,25,6
Beno Udrih,Brad Miller,Francisco Garcia,Jason Thompson,Kevin Martin,Ben Gordon,Derrick Rose,Drew Gooden,Thabo Sefolosha,Tyrus Thomas,4,6:48,CHI,timeout,,,,,,,,,,,,,,,,regular,,
Beno Udrih,Brad Miller,Francisco Garcia,Jason Thompson,Kevin Martin,Ben Gordon,Derrick Rose,Drew Gooden,Thabo Sefolosha,Tyrus Thomas,4,6:27,CHI,shot,,,,,,,,,,Ben Gordon,,,,missed,,jump,38,23
Beno Udrih,Brad Miller,Francisco Garcia,Jason Thompson,Kevin Martin,Ben Gordon,Derrick Rose,Drew Gooden,Thabo Sefolosha,Tyrus Thomas,4,6:26,SAC,rebound,,,,,,,,,,Jason Thompson,,,,,,def,,
Beno Udrih,Brad Miller,Francisco Garcia,Jason Thompson,Kevin Martin,Ben Gordon,Derrick Rose,Drew Gooden,Thabo Sefolosha,Tyrus Thomas,4,6:15,SAC,shot,,,,,,,,,,Francisco Garcia,,,,missed,,3pt,11,28
Beno Udrih,Brad Miller,Francisco Garcia,Jason Thompson,Kevin Martin,Ben Gordon,Derrick Rose,Drew Gooden,Thabo Sefolosha,Tyrus Thomas,4,6:14,SAC,rebound,,,,,,,,,,Beno Udrih,,,,,,off,,
Beno Udrih,Brad Miller,Francisco Garcia,Jason Thompson,Kevin Martin,Ben Gordon,Derrick Rose,Drew Gooden,Thabo Sefolosha,Tyrus Thomas,4,6:01,SAC,turnover,,,,,,,,,,Francisco Garcia,,,out of bounds lost ball turnover,,,,,
Beno Udrih,Brad Miller,Francisco Garcia,Jason Thompson,Kevin Martin,Ben Gordon,Derrick Rose,Drew Gooden,Thabo Sefolosha,Tyrus Thomas,4,5:46,CHI,shot,,,,,,,,,,Derrick Rose,,,,missed,,layup,25,6
Beno Udrih,Brad Miller,Francisco Garcia,Jason Thompson,Kevin Martin,Ben Gordon,Derrick Rose,Drew Gooden,Thabo Sefolosha,Tyrus Thomas,4,5:45,CHI,shot,,,,,,,,,,Drew Gooden,2,,,made,,putback dunk,25,6
Beno Udrih,Brad Miller,Francisco Garcia,Jason Thompson,Kevin Martin,Ben Gordon,Derrick Rose,Drew Gooden,Thabo Sefolosha,Tyrus Thomas,4,5:45,CHI,rebound,,,,,,,,,,Drew Gooden,,,,,,off,,
Beno Udrih,Brad Miller,Francisco Garcia,Jason Thompson,Kevin Martin,Ben Gordon,Derrick Rose,Drew Gooden,Thabo Sefolosha,Tyrus Thomas,4,5:27,SAC,turnover,,,,,,,,,,Brad Miller,,,bad pass,,Tyrus Thomas,,,
Beno Udrih,Brad Miller,Francisco Garcia,Jason Thompson,Kevin Martin,Ben Gordon,Derrick Rose,Drew Gooden,Thabo Sefolosha,Tyrus Thomas,4,5:23,CHI,turnover,,,,,,,,,,Tyrus Thomas,,,bad pass,,,,,
Beno Udrih,Brad Miller,Francisco Garcia,Jason Thompson,Kevin Martin,Ben Gordon,Derrick Rose,Drew Gooden,Thabo Sefolosha,Tyrus Thomas,4,5:12,CHI,foul,,,,,,,,Kevin Martin,,Thabo Sefolosha,,,,,,shooting,,
Beno Udrih,Brad Miller,Francisco Garcia,Jason Thompson,Kevin Martin,Ben Gordon,Derrick Rose,Drew Gooden,Thabo Sefolosha,Tyrus Thomas,4,5:12,SAC,free throw,,,,,,,1,,3,Kevin Martin,,,foul,made,,,,
Beno Udrih,Brad Miller,Francisco Garcia,Jason Thompson,Kevin Martin,Ben Gordon,Derrick Rose,Drew Gooden,Thabo Sefolosha,Tyrus Thomas,4,5:12,SAC,free throw,,,,,,,2,,3,Kevin Martin,,,foul,made,,,,
Beno Udrih,Brad Miller,Francisco Garcia,Jason Thompson,Kevin Martin,Ben Gordon,Derrick Rose,Drew Gooden,Thabo Sefolosha,Tyrus Thomas,4,5:12,SAC,free throw,,,,,,,3,,3,Kevin Martin,,,foul,made,,,,
Beno Udrih,Brad Miller,Francisco Garcia,Jason Thompson,Kevin Martin,Ben Gordon,Derrick Rose,Drew Gooden,Thabo Sefolosha,Tyrus Thomas,4,4:59,SAC,foul,,,,,,,,Drew Gooden,,Beno Udrih,,,,,,shooting,,
Beno Udrih,Brad Miller,Francisco Garcia,Jason Thompson,Kevin Martin,Ben Gordon,Derrick Rose,Drew Gooden,Thabo Sefolosha,Tyrus Thomas,4,4:59,CHI,free throw,,,,,,,1,,2,Drew Gooden,,,foul,made,,,,
Beno Udrih,Brad Miller,Francisco Garcia,Jason Thompson,Kevin Martin,Ben Gordon,Derrick Rose,Drew Gooden,Thabo Sefolosha,Tyrus Thomas,4,4:59,CHI,free throw,,,,,,,2,,2,Drew Gooden,,,foul,made,,,,
Beno Udrih,Brad Miller,Francisco Garcia,Jason Thompson,Kevin Martin,Ben Gordon,Derrick Rose,Drew Gooden,Thabo Sefolosha,Tyrus Thomas,4,4:45,SAC,turnover,,,,,,,,,,Kevin Martin,,,step out of bounds turnover,,,,,
Beno Udrih,Brad Miller,Francisco Garcia,Jason Thompson,Kevin Martin,Ben Gordon,Derrick Rose,Drew Gooden,Thabo Sefolosha,Tyrus Thomas,4,4:37,SAC,foul,,,,,,,,Derrick Rose,,Francisco Garcia,,,,,,personal,,
Beno Udrih,Brad Miller,Francisco Garcia,Jason Thompson,Kevin Martin,Ben Gordon,Derrick Rose,Drew Gooden,Thabo Sefolosha,Tyrus Thomas,4,4:26,CHI,shot,,,,,,,,,,Drew Gooden,,,,missed,,jump,36,11
Beno Udrih,Brad Miller,Francisco Garcia,Jason Thompson,Kevin Martin,Ben Gordon,Derrick Rose,Drew Gooden,Thabo Sefolosha,Tyrus Thomas,4,4:24,CHI,shot,,,,,,,,,,Tyrus Thomas,,,,missed,,layup,25,6
Beno Udrih,Brad Miller,Francisco Garcia,Jason Thompson,Kevin Martin,Ben Gordon,Derrick Rose,Drew Gooden,Thabo Sefolosha,Tyrus Thomas,4,4:24,CHI,rebound,,,,,,,,,,Tyrus Thomas,,,,,,off,,
Beno Udrih,Brad Miller,Francisco Garcia,Jason Thompson,Kevin Martin,Ben Gordon,Derrick Rose,Drew Gooden,Thabo Sefolosha,Tyrus Thomas,4,4:23,SAC,rebound,,,,,,,,,,Brad Miller,,,,,,def,,
Beno Udrih,Brad Miller,Francisco Garcia,Jason Thompson,Kevin Martin,Ben Gordon,Derrick Rose,Drew Gooden,Thabo Sefolosha,Tyrus Thomas,4,4:07,SAC,shot,,,,,,,,,,Francisco Garcia,,,,missed,,3pt,8,24
Beno Udrih,Brad Miller,Francisco Garcia,Jason Thompson,Kevin Martin,Ben Gordon,Derrick Rose,Drew Gooden,Thabo Sefolosha,Tyrus Thomas,4,4:05,CHI,rebound,,,,,,,,,,Thabo Sefolosha,,,,,,def,,
Beno Udrih,Brad Miller,Francisco Garcia,Jason Thompson,Kevin Martin,Ben Gordon,Derrick Rose,Drew Gooden,Thabo Sefolosha,Tyrus Thomas,4,3:42,CHI,shot,,,,,,,,,,Thabo Sefolosha,,,,missed,,3pt,12,30
Beno Udrih,Brad Miller,Francisco Garcia,Jason Thompson,Kevin Martin,Ben Gordon,Derrick Rose,Drew Gooden,Thabo Sefolosha,Tyrus Thomas,4,3:42,CHI,rebound,,,,,,,,,,,,,,,,,,
Beno Udrih,Brad Miller,Francisco Garcia,Jason Thompson,Kevin Martin,Ben Gordon,Derrick Rose,Drew Gooden,Thabo Sefolosha,Tyrus Thomas,4,3:42,CHI,turnover,,,,,,,,,,,,,shot clock turnover,,,,,
Beno Udrih,Brad Miller,Francisco Garcia,Jason Thompson,Kevin Martin,Ben Gordon,Derrick Rose,Drew Gooden,Thabo Sefolosha,Tyrus Thomas,4,3:42,SAC,timeout,,,,,,,,,,,,,,,,regular,,
Beno Udrih,Brad Miller,Francisco Garcia,Jason Thompson,Kevin Martin,Ben Gordon,Derrick Rose,Drew Gooden,Larry Hughes,Tyrus Thomas,4,3:42,CHI,sub,,,,Larry Hughes,,Thabo Sefolosha,,,,,,,,,,,,
Brad Miller,Francisco Garcia,Jason Thompson,John Salmons,Kevin Martin,Ben Gordon,Derrick Rose,Drew Gooden,Larry Hughes,Tyrus Thomas,4,3:42,SAC,sub,,,,John Salmons,,Beno Udrih,,,,,,,,,,,,
Brad Miller,Francisco Garcia,Jason Thompson,John Salmons,Kevin Martin,Ben Gordon,Derrick Rose,Drew Gooden,Larry Hughes,Tyrus Thomas,4,3:28,SAC,shot,,,,,,,,,,Brad Miller,,,,missed,,jump,25,23
Brad Miller,Francisco Garcia,Jason Thompson,John Salmons,Kevin Martin,Ben Gordon,Derrick Rose,Drew Gooden,Larry Hughes,Tyrus Thomas,4,3:26,CHI,rebound,,,,,,,,,,Tyrus Thomas,,,,,,def,,
Brad Miller,Francisco Garcia,Jason Thompson,John Salmons,Kevin Martin,Ben Gordon,Derrick Rose,Drew Gooden,Larry Hughes,Tyrus Thomas,4,3:13,CHI,shot,,,,,,,,,,Larry Hughes,,,,missed,,jump,17,19
Brad Miller,Francisco Garcia,Jason Thompson,John Salmons,Kevin Martin,Ben Gordon,Derrick Rose,Drew Gooden,Larry Hughes,Tyrus Thomas,4,3:12,SAC,rebound,,,,,,,,,,Brad Miller,,,,,,def,,
Brad Miller,Francisco Garcia,Jason Thompson,John Salmons,Kevin Martin,Ben Gordon,Derrick Rose,Drew Gooden,Larry Hughes,Tyrus Thomas,4,3:12,CHI,foul,,,,,,,,Brad Miller,,Tyrus Thomas,,,,,,personal,,
Brad Miller,Francisco Garcia,Jason Thompson,John Salmons,Kevin Martin,Ben Gordon,Derrick Rose,Drew Gooden,Larry Hughes,Tyrus Thomas,4,2:54,SAC,shot,,,,,,,,,,Brad Miller,2,,,made,,running layup,25,6
Brad Miller,Francisco Garcia,Jason Thompson,John Salmons,Kevin Martin,Ben Gordon,Derrick Rose,Drew Gooden,Larry Hughes,Tyrus Thomas,4,2:33,SAC,foul,,,,,,,,Drew Gooden,,Brad Miller,,,,,,shooting,,
Brad Miller,Francisco Garcia,Jason Thompson,John Salmons,Kevin Martin,Ben Gordon,Derrick Rose,Drew Gooden,Larry Hughes,Tyrus Thomas,4,2:33,CHI,free throw,,,,,,,1,,2,Drew Gooden,,,foul,made,,,,
Brad Miller,Francisco Garcia,Jason Thompson,John Salmons,Kevin Martin,Ben Gordon,Derrick Rose,Drew Gooden,Larry Hughes,Tyrus Thomas,4,2:33,CHI,free throw,,,,,,,2,,2,Drew Gooden,,,foul,made,,,,
Brad Miller,Francisco Garcia,Jason Thompson,John Salmons,Kevin Martin,Ben Gordon,Derrick Rose,Drew Gooden,Larry Hughes,Tyrus Thomas,4,2:16,SAC,shot,,,,,,,,,,Kevin Martin,2,,,made,,driving layup,25,6
Brad Miller,Francisco Garcia,Jason Thompson,John Salmons,Kevin Martin,Ben Gordon,Derrick Rose,Drew Gooden,Larry Hughes,Tyrus Thomas,4,2:00,CHI,turnover,,,,,,,,,,Derrick Rose,,,lost ball,,Francisco Garcia,,,
Brad Miller,Francisco Garcia,Jason Thompson,John Salmons,Kevin Martin,Ben Gordon,Derrick Rose,Drew Gooden,Larry Hughes,Tyrus Thomas,4,1:56,SAC,shot,John Salmons,,,,,,,,,Francisco Garcia,2,,,made,,running layup,25,6
Brad Miller,Francisco Garcia,Jason Thompson,John Salmons,Kevin Martin,Ben Gordon,Derrick Rose,Drew Gooden,Larry Hughes,Tyrus Thomas,4,1:39,SAC,foul,,,,,,,,Ben Gordon,,John Salmons,,,,,,shooting,,
Brad Miller,Francisco Garcia,Jason Thompson,John Salmons,Kevin Martin,Ben Gordon,Derrick Rose,Drew Gooden,Larry Hughes,Tyrus Thomas,4,1:39,CHI,free throw,,,,,,,1,,2,Ben Gordon,,,foul,made,,,,
Brad Miller,Francisco Garcia,Jason Thompson,John Salmons,Kevin Martin,Ben Gordon,Derrick Rose,Drew Gooden,Larry Hughes,Tyrus Thomas,4,1:39,CHI,free throw,,,,,,,2,,2,Ben Gordon,,,foul,made,,,,
Brad Miller,Francisco Garcia,Jason Thompson,John Salmons,Kevin Martin,Ben Gordon,Derrick Rose,Drew Gooden,Larry Hughes,Tyrus Thomas,4,1:21,SAC,shot,,,,,,,,,,Francisco Garcia,,,,missed,,jump,8,10
Brad Miller,Francisco Garcia,Jason Thompson,John Salmons,Kevin Martin,Ben Gordon,Derrick Rose,Drew Gooden,Larry Hughes,Tyrus Thomas,4,1:19,CHI,rebound,,,,,,,,,,Tyrus Thomas,,,,,,def,,
Brad Miller,Francisco Garcia,Jason Thompson,John Salmons,Kevin Martin,Ben Gordon,Derrick Rose,Drew Gooden,Larry Hughes,Tyrus Thomas,4,1:01,SAC,foul,,,,,,,,Larry Hughes,,Kevin Martin,,,,,,shooting,,
Brad Miller,Francisco Garcia,Jason Thompson,John Salmons,Kevin Martin,Ben Gordon,Derrick Rose,Drew Gooden,Larry Hughes,Tyrus Thomas,4,1:01,CHI,free throw,,,,,,,1,,2,Larry Hughes,,,foul,made,,,,
Brad Miller,Francisco Garcia,Jason Thompson,John Salmons,Kevin Martin,Ben Gordon,Derrick Rose,Drew Gooden,Larry Hughes,Tyrus Thomas,4,1:01,CHI,free throw,,,,,,,2,,2,Larry Hughes,,,foul,missed,,,,
Brad Miller,Francisco Garcia,Jason Thompson,John Salmons,Kevin Martin,Ben Gordon,Derrick Rose,Drew Gooden,Larry Hughes,Tyrus Thomas,4,0:59,SAC,rebound,,,,,,,,,,Jason Thompson,,,,,,def,,
Brad Miller,Francisco Garcia,Jason Thompson,John Salmons,Kevin Martin,Ben Gordon,Derrick Rose,Drew Gooden,Larry Hughes,Tyrus Thomas,4,0:47,SAC,shot,,,,,,,,,,Kevin Martin,2,,,made,,floating jump,25,15
Brad Miller,Francisco Garcia,Jason Thompson,John Salmons,Kevin Martin,Ben Gordon,Derrick Rose,Drew Gooden,Larry Hughes,Tyrus Thomas,4,0:47,CHI,timeout,,,,,,,,,,,,,,,,regular,,
Brad Miller,Francisco Garcia,Jason Thompson,John Salmons,Kevin Martin,Ben Gordon,Derrick Rose,Drew Gooden,Larry Hughes,Tyrus Thomas,4,0:33,CHI,shot,,,,,,,,,,Derrick Rose,2,,,made,,layup,25,6
Brad Miller,Francisco Garcia,Jason Thompson,John Salmons,Kevin Martin,Ben Gordon,Derrick Rose,Drew Gooden,Larry Hughes,Tyrus Thomas,4,0:21,CHI,foul,,,,,,,,Kevin Martin,,Larry Hughes,,,,,,shooting,,
Brad Miller,Francisco Garcia,Jason Thompson,John Salmons,Kevin Martin,Ben Gordon,Derrick Rose,Drew Gooden,Larry Hughes,Tyrus Thomas,4,0:21,SAC,free throw,,,,,,,1,,3,Kevin Martin,,,foul,missed,,,,
Brad Miller,Francisco Garcia,Jason Thompson,John Salmons,Kevin Martin,Ben Gordon,Derrick Rose,Drew Gooden,Larry Hughes,Tyrus Thomas,4,0:21,SAC,rebound,,,,,,,,,,,,,,,,,,
Brad Miller,Francisco Garcia,Jason Thompson,John Salmons,Kevin Martin,Ben Gordon,Derrick Rose,Drew Gooden,Larry Hughes,Tyrus Thomas,4,0:21,SAC,free throw,,,,,,,2,,3,Kevin Martin,,,foul,made,,,,
Brad Miller,Francisco Garcia,Jason Thompson,John Salmons,Kevin Martin,Ben Gordon,Derrick Rose,Drew Gooden,Larry Hughes,Tyrus Thomas,4,0:21,SAC,free throw,,,,,,,3,,3,Kevin Martin,,,foul,made,,,,
Brad Miller,Francisco Garcia,Jason Thompson,John Salmons,Kevin Martin,Ben Gordon,Derrick Rose,Drew Gooden,Larry Hughes,Tyrus Thomas,4,0:21,CHI,timeout,,,,,,,,,,,,,,,,short,,
Brad Miller,Francisco Garcia,Jason Thompson,John Salmons,Kevin Martin,Ben Gordon,Derrick Rose,Drew Gooden,Larry Hughes,Tyrus Thomas,4,0:21,SAC,foul,,,,,,,,Drew Gooden,,Brad Miller,,,,,,personal,,
Brad Miller,Francisco Garcia,Jason Thompson,John Salmons,Kevin Martin,Ben Gordon,Derrick Rose,Drew Gooden,Larry Hughes,Tyrus Thomas,4,0:21,CHI,free throw,,,,,,,1,,2,Drew Gooden,,,foul,missed,,,,
Brad Miller,Francisco Garcia,Jason Thompson,John Salmons,Kevin Martin,Ben Gordon,Derrick Rose,Drew Gooden,Larry Hughes,Tyrus Thomas,4,0:21,CHI,rebound,,,,,,,,,,,,,,,,,,
Brad Miller,Francisco Garcia,Jason Thompson,John Salmons,Kevin Martin,Derrick Rose,Drew Gooden,Larry Hughes,Thabo Sefolosha,Tyrus Thomas,4,0:21,CHI,sub,,,,Thabo Sefolosha,,Ben Gordon,,,,,,,,,,,,
Brad Miller,Francisco Garcia,Jason Thompson,John Salmons,Kevin Martin,Derrick Rose,Drew Gooden,Larry Hughes,Thabo Sefolosha,Tyrus Thomas,4,0:21,CHI,free throw,,,,,,,2,,2,Drew Gooden,,,foul,made,,,,
Brad Miller,Francisco Garcia,Jason Thompson,John Salmons,Kevin Martin,Derrick Rose,Drew Gooden,Larry Hughes,Thabo Sefolosha,Tyrus Thomas,4,0:21,SAC,timeout,,,,,,,,,,,,,,,,regular,,
Brad Miller,Francisco Garcia,Jason Thompson,John Salmons,Kevin Martin,Derrick Rose,Drew Gooden,Larry Hughes,Thabo Sefolosha,Tyrus Thomas,4,0:13,CHI,foul,,,,,,,,Kevin Martin,,Tyrus Thomas,,,,,,shooting,,
Brad Miller,Francisco Garcia,Jason Thompson,John Salmons,Kevin Martin,Derrick Rose,Drew Gooden,Larry Hughes,Thabo Sefolosha,Tyrus Thomas,4,0:13,SAC,free throw,,,,,,,1,,2,Kevin Martin,,,foul,made,,,,
Brad Miller,Francisco Garcia,Jason Thompson,John Salmons,Kevin Martin,Derrick Rose,Drew Gooden,Larry Hughes,Thabo Sefolosha,Tyrus Thomas,4,0:13,SAC,free throw,,,,,,,2,,2,Kevin Martin,,,foul,missed,,,,
Brad Miller,Francisco Garcia,Jason Thompson,John Salmons,Kevin Martin,Derrick Rose,Drew Gooden,Larry Hughes,Thabo Sefolosha,Tyrus Thomas,4,0:11,SAC,rebound,,,,,,,,,,Brad Miller,,,,,,off,,
Brad Miller,Francisco Garcia,Jason Thompson,John Salmons,Kevin Martin,Derrick Rose,Drew Gooden,Larry Hughes,Thabo Sefolosha,Tyrus Thomas,4,0:09,SAC,shot,,,,,,,,,,Kevin Martin,,,,missed,,jump,42,6
Brad Miller,Francisco Garcia,Jason Thompson,John Salmons,Kevin Martin,Derrick Rose,Drew Gooden,Larry Hughes,Thabo Sefolosha,Tyrus Thomas,4,0:09,CHI,rebound,,,,,,,,,,Drew Gooden,,,,,,def,,
Brad Miller,Francisco Garcia,Jason Thompson,John Salmons,Kevin Martin,Derrick Rose,Drew Gooden,Larry Hughes,Thabo Sefolosha,Tyrus Thomas,4,0:09,SAC,foul,,,,,,,,Drew Gooden,,Jason Thompson,,,,,,personal,,
Brad Miller,Francisco Garcia,Jason Thompson,John Salmons,Kevin Martin,Derrick Rose,Drew Gooden,Larry Hughes,Thabo Sefolosha,Tyrus Thomas,4,0:09,CHI,free throw,,,,,,,1,,2,Drew Gooden,,,foul,missed,,,,
Brad Miller,Francisco Garcia,Jason Thompson,John Salmons,Kevin Martin,Derrick Rose,Drew Gooden,Larry Hughes,Thabo Sefolosha,Tyrus Thomas,4,0:09,CHI,rebound,,,,,,,,,,,,,,,,,,
Brad Miller,Francisco Garcia,Jason Thompson,John Salmons,Kevin Martin,Derrick Rose,Drew Gooden,Larry Hughes,Thabo Sefolosha,Tyrus Thomas,4,0:09,CHI,free throw,,,,,,,2,,2,Drew Gooden,,,foul,made,,,,
Brad Miller,Francisco Garcia,Jason Thompson,John Salmons,Kevin Martin,Derrick Rose,Drew Gooden,Larry Hughes,Thabo Sefolosha,Tyrus Thomas,4,0:09,SAC,timeout,,,,,,,,,,,,,,,,short,,
Brad Miller,Francisco Garcia,Jason Thompson,John Salmons,Kevin Martin,Derrick Rose,Drew Gooden,Larry Hughes,Thabo Sefolosha,Tyrus Thomas,4,0:05,SAC,shot,,,,,,,,,,Kevin Martin,,,,missed,,driving layup,25,6
Brad Miller,Francisco Garcia,Jason Thompson,John Salmons,Kevin Martin,Derrick Rose,Drew Gooden,Larry Hughes,Thabo Sefolosha,Tyrus Thomas,4,0:04,CHI,rebound,,,,,,,,,,Thabo Sefolosha,,,,,,def,,
Brad Miller,Francisco Garcia,Jason Thompson,John Salmons,Kevin Martin,Derrick Rose,Drew Gooden,Larry Hughes,Thabo Sefolosha,Tyrus Thomas,4,0:04,SAC,foul,,,,,,,,Thabo Sefolosha,,Jason Thompson,,,,,,personal,,
Brad Miller,Francisco Garcia,Jason Thompson,John Salmons,Kevin Martin,Derrick Rose,Drew Gooden,Larry Hughes,Thabo Sefolosha,Tyrus Thomas,4,0:04,CHI,free throw,,,,,,,1,,2,Thabo Sefolosha,,,foul,made,,,,
Brad Miller,Francisco Garcia,Jason Thompson,John Salmons,Kevin Martin,Derrick Rose,Drew Gooden,Larry Hughes,Thabo Sefolosha,Tyrus Thomas,4,0:04,CHI,free throw,,,,,,,2,,2,Thabo Sefolosha,,,foul,made,,,,
Brad Miller,Francisco Garcia,Jason Thompson,John Salmons,Kevin Martin,Derrick Rose,Drew Gooden,Larry Hughes,Thabo Sefolosha,Tyrus Thomas,4,0:00,SAC,shot,,,,,,,,,,John Salmons,,,,missed,,3pt,34,39
Brad Miller,Francisco Garcia,Jason Thompson,John Salmons,Kevin Martin,Derrick Rose,Drew Gooden,Larry Hughes,Thabo Sefolosha,Tyrus Thomas,4,0:00,SAC,rebound,,,,,,,,,,,,,,,,,,
