a1,a2,a3,a4,a5,h1,h2,h3,h4,h5,period,time,team,etype,assist,away,block,entered,home,left,num,opponent,outof,player,points,possession,reason,result,steal,type,x,y
Darrell Arthur,Marc Gasol,Mike Conley,O.J. Mayo,Rudy Gay,Chris Duhon,David Lee,Jared Jeffries,Quentin Richardson,Wilson Chandler,1,12:00,OFF,jump ball,,Marc Gasol,,,Jared Jeffries,,,,,,,Darrell Arthur,,,,,,
Darrell Arthur,Marc Gasol,Mike Conley,O.J. Mayo,Rudy Gay,Chris Duhon,David Lee,Jared Jeffries,Quentin Richardson,Wilson Chandler,1,11:39,MEM,shot,Marc Gasol,,,,,,,,,Mike Conley,3,,,made,,3pt,7,25
Darrell Arthur,Marc Gasol,Mike Conley,O.J. Mayo,Rudy Gay,Chris Duhon,David Lee,Jared Jeffries,Quentin Richardson,Wilson Chandler,1,11:24,NYK,shot,Chris Duhon,,,,,,,,,Quentin Richardson,2,,,made,,layup,25,6
Darrell Arthur,Marc Gasol,Mike Conley,O.J. Mayo,Rudy Gay,Chris Duhon,David Lee,Jared Jeffries,Quentin Richardson,Wilson Chandler,1,11:01,MEM,shot,Darrell Arthur,,,,,,,,,Mike Conley,3,,,made,,3pt,7,24
Darrell Arthur,Marc Gasol,Mike Conley,O.J. Mayo,Rudy Gay,Chris Duhon,David Lee,Jared Jeffries,Quentin Richardson,Wilson Chandler,1,10:42,NYK,shot,Jared Jeffries,,,,,,,,,Wilson Chandler,2,,,made,,jump,10,18
Darrell Arthur,Marc Gasol,Mike Conley,O.J. Mayo,Rudy Gay,Chris Duhon,David Lee,Jared Jeffries,Quentin Richardson,Wilson Chandler,1,10:24,MEM,shot,,,,,,,,,,Darrell Arthur,2,,,made,,jump,34,21
Darrell Arthur,Marc Gasol,Mike Conley,O.J. Mayo,Rudy Gay,Chris Duhon,David Lee,Jared Jeffries,Quentin Richardson,Wilson Chandler,1,10:15,NYK,turnover,,,,,,,,,,David Lee,,,bad pass,,Darrell Arthur,,,
Darrell Arthur,Marc Gasol,Mike Conley,O.J. Mayo,Rudy Gay,Chris Duhon,David Lee,Jared Jeffries,Quentin Richardson,Wilson Chandler,1,10:14,MEM,turnover,,,,,,,,,,Darrell Arthur,,,step out of bounds turnover,,,,,
Darrell Arthur,Marc Gasol,Mike Conley,O.J. Mayo,Rudy Gay,Chris Duhon,David Lee,Jared Jeffries,Quentin Richardson,Wilson Chandler,1,10:14,MEM,foul,,,,,,,,Chris Duhon,,Mike Conley,,,,,,inbound,,
Darrell Arthur,Marc Gasol,Mike Conley,O.J. Mayo,Rudy Gay,Chris Duhon,David Lee,Jared Jeffries,Quentin Richardson,Wilson Chandler,1,10:14,NYK,free throw,,,,,,,1,,2,Chris Duhon,,,foul,made,,,,
Darrell Arthur,Marc Gasol,Mike Conley,O.J. Mayo,Rudy Gay,Chris Duhon,David Lee,Jared Jeffries,Quentin Richardson,Wilson Chandler,1,10:14,NYK,free throw,,,,,,,2,,2,Chris Duhon,,,foul,made,,,,
Darrell Arthur,Marc Gasol,Mike Conley,O.J. Mayo,Rudy Gay,Chris Duhon,David Lee,Jared Jeffries,Quentin Richardson,Wilson Chandler,1,9:54,NYK,foul,,,,,,,,Mike Conley,,Jared Jeffries,,,,,,shooting,,
Darrell Arthur,Marc Gasol,Mike Conley,O.J. Mayo,Rudy Gay,Chris Duhon,David Lee,Jared Jeffries,Quentin Richardson,Wilson Chandler,1,9:54,MEM,free throw,,,,,,,1,,2,Mike Conley,,,foul,made,,,,
Darrell Arthur,Marc Gasol,Mike Conley,O.J. Mayo,Rudy Gay,Chris Duhon,David Lee,Jared Jeffries,Quentin Richardson,Wilson Chandler,1,9:54,MEM,free throw,,,,,,,2,,2,Mike Conley,,,foul,made,,,,
Darrell Arthur,Marc Gasol,Mike Conley,O.J. Mayo,Rudy Gay,Chris Duhon,David Lee,Jared Jeffries,Quentin Richardson,Wilson Chandler,1,9:45,MEM,foul,,,,,,,,David Lee,,Marc Gasol,,,,,,shooting,,
Darrell Arthur,Marc Gasol,Mike Conley,O.J. Mayo,Rudy Gay,Chris Duhon,David Lee,Jared Jeffries,Quentin Richardson,Wilson Chandler,1,9:45,NYK,free throw,,,,,,,1,,2,David Lee,,,foul,made,,,,
Darrell Arthur,Marc Gasol,Mike Conley,O.J. Mayo,Rudy Gay,Chris Duhon,David Lee,Jared Jeffries,Quentin Richardson,Wilson Chandler,1,9:45,NYK,free throw,,,,,,,2,,2,David Lee,,,foul,missed,,,,
Darrell Arthur,Marc Gasol,Mike Conley,O.J. Mayo,Rudy Gay,Chris Duhon,David Lee,Jared Jeffries,Quentin Richardson,Wilson Chandler,1,9:43,MEM,rebound,,,,,,,,,,Marc Gasol,,,,,,def,,
Darrell Arthur,Marc Gasol,Mike Conley,O.J. Mayo,Rudy Gay,Chris Duhon,David Lee,Jared Jeffries,Quentin Richardson,Wilson Chandler,1,9:24,MEM,shot,Marc Gasol,,,,,,,,,Darrell Arthur,2,,,made,,slam dunk,25,6
Darrell Arthur,Marc Gasol,Mike Conley,O.J. Mayo,Rudy Gay,Chris Duhon,David Lee,Jared Jeffries,Quentin Richardson,Wilson Chandler,1,9:10,NYK,shot,,,,,,,,,,Jared Jeffries,,,,missed,,layup,25,6
Darrell Arthur,Marc Gasol,Mike Conley,O.J. Mayo,Rudy Gay,Chris Duhon,David Lee,Jared Jeffries,Quentin Richardson,Wilson Chandler,1,9:08,MEM,rebound,,,,,,,,,,Darrell Arthur,,,,,,def,,
Darrell Arthur,Marc Gasol,Mike Conley,O.J. Mayo,Rudy Gay,Chris Duhon,David Lee,Jared Jeffries,Quentin Richardson,Wilson Chandler,1,9:00,MEM,shot,,,,,,,,,,Rudy Gay,3,,,made,,3pt,31,33
Darrell Arthur,Marc Gasol,Mike Conley,O.J. Mayo,Rudy Gay,Chris Duhon,David Lee,Jared Jeffries,Quentin Richardson,Wilson Chandler,1,8:50,NYK,turnover,,,,,,,,,,Wilson Chandler,,,step out of bounds turnover,,,,,
Darrell Arthur,Marc Gasol,Mike Conley,O.J. Mayo,Rudy Gay,Chris Duhon,David Lee,Jared Jeffries,Quentin Richardson,Wilson Chandler,1,8:32,MEM,shot,Darrell Arthur,,,,,,,,,Rudy Gay,3,,,made,,3pt,49,6
Darrell Arthur,Marc Gasol,Mike Conley,O.J. Mayo,Rudy Gay,Chris Duhon,David Lee,Jared Jeffries,Quentin Richardson,Wilson Chandler,1,8:18,NYK,shot,,,,,,,,,,Quentin Richardson,,,,missed,,3pt,5,21
Darrell Arthur,Marc Gasol,Mike Conley,O.J. Mayo,Rudy Gay,Chris Duhon,David Lee,Jared Jeffries,Quentin Richardson,Wilson Chandler,1,8:16,MEM,rebound,,,,,,,,,,Mike Conley,,,,,,def,,
Darrell Arthur,Marc Gasol,Mike Conley,O.J. Mayo,Rudy Gay,Chris Duhon,David Lee,Jared Jeffries,Quentin Richardson,Wilson Chandler,1,8:12,MEM,shot,,,,,,,,,,Rudy Gay,,,,missed,,layup,25,6
Darrell Arthur,Marc Gasol,Mike Conley,O.J. Mayo,Rudy Gay,Chris Duhon,David Lee,Jared Jeffries,Quentin Richardson,Wilson Chandler,1,8:10,MEM,rebound,,,,,,,,,,Rudy Gay,,,,,,off,,
Darrell Arthur,Marc Gasol,Mike Conley,O.J. Mayo,Rudy Gay,Chris Duhon,David Lee,Jared Jeffries,Quentin Richardson,Wilson Chandler,1,8:09,MEM,shot,,,,,,,,,,Rudy Gay,2,,,made,,jump,25,12
Darrell Arthur,Marc Gasol,Mike Conley,O.J. Mayo,Rudy Gay,Chris Duhon,David Lee,Jared Jeffries,Quentin Richardson,Wilson Chandler,1,7:56,NYK,shot,,,,,,,,,,Wilson Chandler,,,,missed,,3pt,1,6
Darrell Arthur,Marc Gasol,Mike Conley,O.J. Mayo,Rudy Gay,Chris Duhon,David Lee,Jared Jeffries,Quentin Richardson,Wilson Chandler,1,7:54,MEM,rebound,,,,,,,,,,Mike Conley,,,,,,def,,
Darrell Arthur,Marc Gasol,Mike Conley,O.J. Mayo,Rudy Gay,Chris Duhon,David Lee,Jared Jeffries,Quentin Richardson,Wilson Chandler,1,7:50,NYK,foul,,,,,,,,Mike Conley,,Jared Jeffries,,,,,,shooting,,
Darrell Arthur,Marc Gasol,Mike Conley,O.J. Mayo,Rudy Gay,Chris Duhon,David Lee,Jared Jeffries,Quentin Richardson,Wilson Chandler,1,7:50,NYK,timeout,,,,,,,,,,,,,,,,regular,,
Darrell Arthur,Marc Gasol,Mike Conley,O.J. Mayo,Rudy Gay,Al Harrington,Chris Duhon,David Lee,Quentin Richardson,Wilson Chandler,1,7:50,NYK,sub,,,,Al Harrington,,Jared Jeffries,,,,,,,,,,,,
Darrell Arthur,Marc Gasol,Mike Conley,O.J. Mayo,Rudy Gay,Al Harrington,Chris Duhon,David Lee,Quentin Richardson,Wilson Chandler,1,7:50,MEM,free throw,,,,,,,1,,2,Mike Conley,,,foul,made,,,,
Darrell Arthur,Marc Gasol,Mike Conley,O.J. Mayo,Rudy Gay,Al Harrington,Chris Duhon,David Lee,Quentin Richardson,Wilson Chandler,1,7:50,MEM,free throw,,,,,,,2,,2,Mike Conley,,,foul,made,,,,
Darrell Arthur,Marc Gasol,Mike Conley,O.J. Mayo,Rudy Gay,Al Harrington,Chris Duhon,David Lee,Quentin Richardson,Wilson Chandler,1,7:40,NYK,shot,,,,,,,,,,David Lee,,,,missed,,jump,15,20
Darrell Arthur,Marc Gasol,Mike Conley,O.J. Mayo,Rudy Gay,Al Harrington,Chris Duhon,David Lee,Quentin Richardson,Wilson Chandler,1,7:38,NYK,rebound,,,,,,,,,,Quentin Richardson,,,,,,off,,
Darrell Arthur,Marc Gasol,Mike Conley,O.J. Mayo,Rudy Gay,Al Harrington,Chris Duhon,David Lee,Quentin Richardson,Wilson Chandler,1,7:31,NYK,shot,Chris Duhon,,,,,,,,,Wilson Chandler,2,,,made,,jump,31,25
Darrell Arthur,Marc Gasol,Mike Conley,O.J. Mayo,Rudy Gay,Al Harrington,Chris Duhon,David Lee,Quentin Richardson,Wilson Chandler,1,7:10,MEM,shot,,,,,,,,,,O.J. Mayo,,,,missed,,3pt,21,34
Darrell Arthur,Marc Gasol,Mike Conley,O.J. Mayo,Rudy Gay,Al Harrington,Chris Duhon,David Lee,Quentin Richardson,Wilson Chandler,1,7:08,NYK,rebound,,,,,,,,,,Chris Duhon,,,,,,def,,
Darrell Arthur,Marc Gasol,Mike Conley,O.J. Mayo,Rudy Gay,Al Harrington,Chris Duhon,David Lee,Quentin Richardson,Wilson Chandler,1,6:59,NYK,shot,,,,,,,,,,Chris Duhon,2,,,made,,layup,25,6
Darrell Arthur,Marc Gasol,Mike Conley,O.J. Mayo,Rudy Gay,Al Harrington,Chris Duhon,David Lee,Quentin Richardson,Wilson Chandler,1,6:40,MEM,shot,,,,,,,,,,Darrell Arthur,2,,,made,,turnaround jump,39,5
Darrell Arthur,Marc Gasol,Mike Conley,O.J. Mayo,Rudy Gay,Al Harrington,Chris Duhon,David Lee,Quentin Richardson,Wilson Chandler,1,6:26,NYK,shot,,,,,,,,,,Al Harrington,,,,missed,,jump,35,20
Darrell Arthur,Marc Gasol,Mike Conley,O.J. Mayo,Rudy Gay,Al Harrington,Chris Duhon,David Lee,Quentin Richardson,Wilson Chandler,1,6:24,MEM,rebound,,,,,,,,,,Marc Gasol,,,,,,def,,
Darrell Arthur,Marc Gasol,Mike Conley,O.J. Mayo,Rudy Gay,Al Harrington,Chris Duhon,David Lee,Quentin Richardson,Wilson Chandler,1,6:19,MEM,shot,,,,,,,,,,Rudy Gay,,,,missed,,3pt,10,25
Darrell Arthur,Marc Gasol,Mike Conley,O.J. Mayo,Rudy Gay,Al Harrington,Chris Duhon,David Lee,Quentin Richardson,Wilson Chandler,1,6:17,NYK,rebound,,,,,,,,,,Al Harrington,,,,,,def,,
Darrell Arthur,Marc Gasol,Mike Conley,O.J. Mayo,Rudy Gay,Al Harrington,Chris Duhon,David Lee,Quentin Richardson,Wilson Chandler,1,6:09,NYK,shot,Al Harrington,,,,,,,,,Chris Duhon,3,,,made,,3pt,39,29
Darrell Arthur,Marc Gasol,Mike Conley,O.J. Mayo,Rudy Gay,Al Harrington,Chris Duhon,David Lee,Quentin Richardson,Wilson Chandler,1,5:56,MEM,shot,,,,,,,,,,O.J. Mayo,,,,missed,,jump,32,17
Darrell Arthur,Marc Gasol,Mike Conley,O.J. Mayo,Rudy Gay,Al Harrington,Chris Duhon,David Lee,Quentin Richardson,Wilson Chandler,1,5:54,NYK,rebound,,,,,,,,,,Al Harrington,,,,,,def,,
Darrell Arthur,Marc Gasol,Mike Conley,O.J. Mayo,Rudy Gay,Al Harrington,Chris Duhon,David Lee,Nate Robinson,Quentin Richardson,1,5:44,NYK,sub,,,,Nate Robinson,,Wilson Chandler,,,,,,,,,,,,
Darrell Arthur,Marc Gasol,Mike Conley,O.J. Mayo,Rudy Gay,Al Harrington,Chris Duhon,David Lee,Nate Robinson,Quentin Richardson,1,5:33,NYK,shot,,,,,,,,,,Nate Robinson,2,,,made,,driving layup,25,6
Darrell Arthur,Marc Gasol,Mike Conley,O.J. Mayo,Rudy Gay,Al Harrington,Chris Duhon,David Lee,Nate Robinson,Quentin Richardson,1,5:26,MEM,timeout,,,,,,,,,,,,,,,,regular,,
Darrell Arthur,Marc Gasol,Mike Conley,O.J. Mayo,Rudy Gay,Al Harrington,Chris Duhon,David Lee,Nate Robinson,Quentin Richardson,1,5:09,MEM,shot,,,,,,,,,,Marc Gasol,,,,missed,,jump,35,10
Darrell Arthur,Marc Gasol,Mike Conley,O.J. Mayo,Rudy Gay,Al Harrington,Chris Duhon,David Lee,Nate Robinson,Quentin Richardson,1,5:08,NYK,rebound,,,,,,,,,,Al Harrington,,,,,,def,,
Darrell Arthur,Marc Gasol,Mike Conley,O.J. Mayo,Rudy Gay,Al Harrington,Chris Duhon,David Lee,Nate Robinson,Quentin Richardson,1,5:03,MEM,foul,,,,,,,,Al Harrington,,Darrell Arthur,,,,,,personal,,
Darrell Arthur,Marc Gasol,Mike Conley,O.J. Mayo,Rudy Gay,Al Harrington,Chris Duhon,David Lee,Nate Robinson,Quentin Richardson,1,4:55,NYK,shot,,,,,,,,,,David Lee,,,,missed,,jump,15,14
Darrell Arthur,Marc Gasol,Mike Conley,O.J. Mayo,Rudy Gay,Al Harrington,Chris Duhon,David Lee,Nate Robinson,Quentin Richardson,1,4:53,MEM,rebound,,,,,,,,,,Rudy Gay,,,,,,def,,
Darrell Arthur,Marc Gasol,Mike Conley,O.J. Mayo,Rudy Gay,Al Harrington,Chris Duhon,David Lee,Nate Robinson,Quentin Richardson,1,4:34,MEM,shot,,,,,,,,,,Rudy Gay,,,,missed,,jump,33,18
Darrell Arthur,Marc Gasol,Mike Conley,O.J. Mayo,Rudy Gay,Al Harrington,Chris Duhon,David Lee,Nate Robinson,Quentin Richardson,1,4:33,MEM,rebound,,,,,,,,,,Darrell Arthur,,,,,,off,,
Darrell Arthur,Marc Gasol,Mike Conley,O.J. Mayo,Rudy Gay,Al Harrington,Chris Duhon,David Lee,Nate Robinson,Quentin Richardson,1,4:28,MEM,shot,,,,,,,,,,Mike Conley,,,,missed,,3pt,49,6
Darrell Arthur,Marc Gasol,Mike Conley,O.J. Mayo,Rudy Gay,Al Harrington,Chris Duhon,David Lee,Nate Robinson,Quentin Richardson,1,4:27,MEM,rebound,,,,,,,,,,Marc Gasol,,,,,,off,,
Darrell Arthur,Marc Gasol,Mike Conley,O.J. Mayo,Rudy Gay,Al Harrington,Chris Duhon,David Lee,Nate Robinson,Quentin Richardson,1,4:17,MEM,shot,,,,,,,,,,Rudy Gay,,,,missed,,layup,25,6
Darrell Arthur,Marc Gasol,Mike Conley,O.J. Mayo,Rudy Gay,Al Harrington,Chris Duhon,David Lee,Nate Robinson,Quentin Richardson,1,4:16,NYK,rebound,,,,,,,,,,David Lee,,,,,,def,,
Darrell Arthur,Marc Gasol,Mike Conley,O.J. Mayo,Rudy Gay,Al Harrington,Chris Duhon,David Lee,Nate Robinson,Quentin Richardson,1,4:09,NYK,shot,,,,,,,,,,Chris Duhon,,,,missed,,3pt,27,32
Darrell Arthur,Marc Gasol,Mike Conley,O.J. Mayo,Rudy Gay,Al Harrington,Chris Duhon,David Lee,Nate Robinson,Quentin Richardson,1,4:07,MEM,rebound,,,,,,,,,,Rudy Gay,,,,,,def,,
Darrell Arthur,Marc Gasol,Mike Conley,O.J. Mayo,Rudy Gay,Al Harrington,Chris Duhon,David Lee,Nate Robinson,Quentin Richardson,1,4:03,NYK,foul,,,,,,,,O.J. Mayo,,Quentin Richardson,,,,,,shooting,,
Darrell Arthur,Kyle Lowry,Marc Gasol,O.J. Mayo,Rudy Gay,Al Harrington,Chris Duhon,David Lee,Nate Robinson,Quentin Richardson,1,4:03,MEM,sub,,,,Kyle Lowry,,Mike Conley,,,,,,,,,,,,
Darrell Arthur,Kyle Lowry,Marc Gasol,O.J. Mayo,Rudy Gay,Al Harrington,Chris Duhon,David Lee,Nate Robinson,Quentin Richardson,1,4:03,MEM,free throw,,,,,,,1,,2,O.J. Mayo,,,foul,missed,,,,
Darrell Arthur,Kyle Lowry,Marc Gasol,O.J. Mayo,Rudy Gay,Al Harrington,Chris Duhon,David Lee,Nate Robinson,Quentin Richardson,1,4:03,MEM,rebound,,,,,,,,,,,,,,,,,,
Hakim Warrick,Kyle Lowry,Marc Gasol,O.J. Mayo,Rudy Gay,Al Harrington,Chris Duhon,David Lee,Nate Robinson,Quentin Richardson,1,4:03,MEM,sub,,,,Hakim Warrick,,Darrell Arthur,,,,,,,,,,,,
Hakim Warrick,Kyle Lowry,Marc Gasol,O.J. Mayo,Rudy Gay,Al Harrington,Chris Duhon,David Lee,Nate Robinson,Quentin Richardson,1,4:03,MEM,free throw,,,,,,,2,,2,O.J. Mayo,,,foul,made,,,,
Hakim Warrick,Kyle Lowry,Marc Gasol,O.J. Mayo,Rudy Gay,Al Harrington,Chris Duhon,David Lee,Nate Robinson,Quentin Richardson,1,3:50,NYK,shot,,,,,,,,,,Quentin Richardson,,,,missed,,jump,17,24
Hakim Warrick,Kyle Lowry,Marc Gasol,O.J. Mayo,Rudy Gay,Al Harrington,Chris Duhon,David Lee,Nate Robinson,Quentin Richardson,1,3:48,NYK,rebound,,,,,,,,,,Nate Robinson,,,,,,off,,
Hakim Warrick,Kyle Lowry,Marc Gasol,O.J. Mayo,Rudy Gay,Al Harrington,Chris Duhon,David Lee,Nate Robinson,Quentin Richardson,1,3:45,NYK,shot,Nate Robinson,,,,,,,,,David Lee,2,,,made,,slam dunk,25,6
Hakim Warrick,Kyle Lowry,Marc Gasol,O.J. Mayo,Rudy Gay,Al Harrington,Chris Duhon,David Lee,Nate Robinson,Quentin Richardson,1,3:27,MEM,shot,,,,,,,,,,O.J. Mayo,,,,missed,,jump,44,6
Hakim Warrick,Kyle Lowry,Marc Gasol,O.J. Mayo,Rudy Gay,Al Harrington,Chris Duhon,David Lee,Nate Robinson,Quentin Richardson,1,3:26,NYK,rebound,,,,,,,,,,David Lee,,,,,,def,,
Hakim Warrick,Kyle Lowry,Marc Gasol,O.J. Mayo,Rudy Gay,Al Harrington,Chris Duhon,David Lee,Nate Robinson,Quentin Richardson,1,3:13,NYK,turnover,,,,,,,,,,Quentin Richardson,,,out of bounds lost ball turnover,,,,,
Hakim Warrick,Kyle Lowry,Marc Gasol,O.J. Mayo,Rudy Gay,Al Harrington,Chris Duhon,Danilo Gallinari,David Lee,Nate Robinson,1,3:13,NYK,sub,,,,Danilo Gallinari,,Quentin Richardson,,,,,,,,,,,,
Hakim Warrick,Kyle Lowry,Marc Gasol,O.J. Mayo,Rudy Gay,Al Harrington,Chris Duhon,Danilo Gallinari,David Lee,Nate Robinson,1,3:05,NYK,foul,,,,,,,,Marc Gasol,,David Lee,,,,,,personal,,
Hakim Warrick,Kyle Lowry,Marc Gasol,O.J. Mayo,Rudy Gay,Al Harrington,Chris Duhon,Danilo Gallinari,Nate Robinson,Tim Thomas,1,3:05,NYK,sub,,,,Tim Thomas,,David Lee,,,,,,,,,,,,
Hakim Warrick,Kyle Lowry,Marc Gasol,Marko Jaric,Rudy Gay,Al Harrington,Chris Duhon,Danilo Gallinari,Nate Robinson,Tim Thomas,1,3:05,MEM,sub,,,,Marko Jaric,,O.J. Mayo,,,,,,,,,,,,
Hakim Warrick,Kyle Lowry,Marc Gasol,Marko Jaric,Rudy Gay,Al Harrington,Chris Duhon,Danilo Gallinari,Nate Robinson,Tim Thomas,1,2:53,MEM,shot,,,,,,,,,,Rudy Gay,,,,missed,,jump,8,9
Hakim Warrick,Kyle Lowry,Marc Gasol,Marko Jaric,Rudy Gay,Al Harrington,Chris Duhon,Danilo Gallinari,Nate Robinson,Tim Thomas,1,2:52,NYK,rebound,,,,,,,,,,Al Harrington,,,,,,def,,
Hakim Warrick,Kyle Lowry,Marc Gasol,Marko Jaric,Rudy Gay,Al Harrington,Chris Duhon,Danilo Gallinari,Nate Robinson,Tim Thomas,1,2:50,MEM,foul,,,,,,,,Al Harrington,,Hakim Warrick,,,,,,personal,,
Hakim Warrick,Kyle Lowry,Marc Gasol,Marko Jaric,Rudy Gay,Al Harrington,Chris Duhon,Danilo Gallinari,Nate Robinson,Tim Thomas,1,2:40,NYK,shot,,,,,,,,,,Tim Thomas,,,,missed,,3pt,36,29
Hakim Warrick,Kyle Lowry,Marc Gasol,Marko Jaric,Rudy Gay,Al Harrington,Chris Duhon,Danilo Gallinari,Nate Robinson,Tim Thomas,1,2:39,MEM,rebound,,,,,,,,,,Hakim Warrick,,,,,,def,,
Hakim Warrick,Kyle Lowry,Marc Gasol,Marko Jaric,Rudy Gay,Al Harrington,Chris Duhon,Danilo Gallinari,Nate Robinson,Tim Thomas,1,2:19,MEM,turnover,,,,,,,,,,Hakim Warrick,,,traveling,,,,,
Hakim Warrick,Kyle Lowry,Marc Gasol,Marko Jaric,Rudy Gay,Al Harrington,Chris Duhon,Danilo Gallinari,Nate Robinson,Tim Thomas,1,2:07,NYK,shot,Chris Duhon,,,,,,,,,Tim Thomas,2,,,made,,driving layup,25,6
Hakim Warrick,Kyle Lowry,Marc Gasol,Marko Jaric,Rudy Gay,Al Harrington,Chris Duhon,Danilo Gallinari,Nate Robinson,Tim Thomas,1,1:44,MEM,shot,,,,,,,,,,Marc Gasol,2,,,made,,jump,25,13
Hakim Warrick,Kyle Lowry,Marc Gasol,Marko Jaric,Rudy Gay,Al Harrington,Chris Duhon,Danilo Gallinari,Nate Robinson,Tim Thomas,1,1:32,NYK,shot,,,,,,,,,,Chris Duhon,3,,,made,,3pt,9,28
Hakim Warrick,Kyle Lowry,Marc Gasol,Marko Jaric,Rudy Gay,Al Harrington,Chris Duhon,Danilo Gallinari,Nate Robinson,Tim Thomas,1,1:07,MEM,shot,,,,,,,,,,Rudy Gay,,,,missed,,3pt,23,34
Hakim Warrick,Kyle Lowry,Marc Gasol,Marko Jaric,Rudy Gay,Al Harrington,Chris Duhon,Danilo Gallinari,Nate Robinson,Tim Thomas,1,1:06,MEM,rebound,,,,,,,,,,Marc Gasol,,,,,,off,,
Hakim Warrick,Kyle Lowry,Marc Gasol,Marko Jaric,Rudy Gay,Al Harrington,Chris Duhon,Danilo Gallinari,Nate Robinson,Tim Thomas,1,0:59,MEM,shot,,,,,,,,,,Marko Jaric,,,,missed,,layup,25,6
Hakim Warrick,Kyle Lowry,Marc Gasol,Marko Jaric,Rudy Gay,Al Harrington,Chris Duhon,Danilo Gallinari,Nate Robinson,Tim Thomas,1,0:58,MEM,rebound,,,,,,,,,,Rudy Gay,,,,,,off,,
Hakim Warrick,Kyle Lowry,Marc Gasol,Marko Jaric,Rudy Gay,Al Harrington,Chris Duhon,Danilo Gallinari,Nate Robinson,Tim Thomas,1,0:56,MEM,shot,,,,,,,,,,Rudy Gay,2,,,made,,layup,25,6
Hakim Warrick,Kyle Lowry,Marc Gasol,Marko Jaric,Rudy Gay,Al Harrington,Chris Duhon,Danilo Gallinari,Nate Robinson,Tim Thomas,1,0:43,MEM,foul,,,,,,,,Danilo Gallinari,,Rudy Gay,,,,,,personal,,
Hakim Warrick,Kyle Lowry,Marc Gasol,Marko Jaric,Quinton Ross,Al Harrington,Chris Duhon,Danilo Gallinari,Nate Robinson,Tim Thomas,1,0:43,MEM,sub,,,,Quinton Ross,,Rudy Gay,,,,,,,,,,,,
Hakim Warrick,Kyle Lowry,Marc Gasol,Marko Jaric,Quinton Ross,Al Harrington,Chris Duhon,Danilo Gallinari,Nate Robinson,Tim Thomas,1,0:43,NYK,free throw,,,,,,,1,,2,Danilo Gallinari,,,foul,made,,,,
Hakim Warrick,Kyle Lowry,Marc Gasol,Marko Jaric,Quinton Ross,Al Harrington,Chris Duhon,Danilo Gallinari,Nate Robinson,Tim Thomas,1,0:43,NYK,free throw,,,,,,,2,,2,Danilo Gallinari,,,foul,made,,,,
Hakim Warrick,Kyle Lowry,Marc Gasol,Marko Jaric,Quinton Ross,Al Harrington,Chris Duhon,Danilo Gallinari,Nate Robinson,Tim Thomas,1,0:37,MEM,turnover,,,,,,,,,,Marko Jaric,,,lost ball,,Chris Duhon,,,
Hakim Warrick,Kyle Lowry,Marc Gasol,Marko Jaric,Quinton Ross,Al Harrington,Chris Duhon,Danilo Gallinari,Nate Robinson,Tim Thomas,1,0:37,MEM,foul,,,,,,,,Chris Duhon,,Kyle Lowry,,,,,,personal,,
Hakim Warrick,Kyle Lowry,Marc Gasol,Marko Jaric,Quinton Ross,Al Harrington,Chris Duhon,Danilo Gallinari,Nate Robinson,Tim Thomas,1,0:37,NYK,free throw,,,,,,,1,,2,Chris Duhon,,,foul,made,,,,
Hakim Warrick,Kyle Lowry,Marc Gasol,Marko Jaric,Quinton Ross,Al Harrington,Chris Duhon,Danilo Gallinari,Nate Robinson,Tim Thomas,1,0:37,NYK,free throw,,,,,,,2,,2,Chris Duhon,,,foul,made,,,,
Hakim Warrick,Kyle Lowry,Marc Gasol,Marko Jaric,Quinton Ross,Al Harrington,Chris Duhon,Danilo Gallinari,Nate Robinson,Tim Thomas,1,0:24,NYK,foul,,,,,,,,Hakim Warrick,,Al Harrington,,,,,,personal,,
Hakim Warrick,Kyle Lowry,Marc Gasol,Marko Jaric,Quinton Ross,Al Harrington,Chris Duhon,Danilo Gallinari,Nate Robinson,Tim Thomas,1,0:24,MEM,free throw,,,,,,,1,,2,Hakim Warrick,,,foul,missed,,,,
Hakim Warrick,Kyle Lowry,Marc Gasol,Marko Jaric,Quinton Ross,Al Harrington,Chris Duhon,Danilo Gallinari,Nate Robinson,Tim Thomas,1,0:24,MEM,rebound,,,,,,,,,,,,,,,,,,
Darius Miles,Hakim Warrick,Kyle Lowry,Marko Jaric,Quinton Ross,Al Harrington,Chris Duhon,Danilo Gallinari,Nate Robinson,Tim Thomas,1,0:24,MEM,sub,,,,Darius Miles,,Marc Gasol,,,,,,,,,,,,
Darius Miles,Hakim Warrick,Kyle Lowry,Marko Jaric,Quinton Ross,Al Harrington,Chris Duhon,Danilo Gallinari,Nate Robinson,Tim Thomas,1,0:24,MEM,free throw,,,,,,,2,,2,Hakim Warrick,,,foul,made,,,,
Darius Miles,Hakim Warrick,Kyle Lowry,Marko Jaric,Quinton Ross,Al Harrington,Chris Duhon,Danilo Gallinari,Nate Robinson,Tim Thomas,1,0:00,NYK,turnover,,,,,,,,,,Tim Thomas,,,traveling,,,,,
Darius Miles,Hakim Warrick,Kyle Lowry,Marko Jaric,Quinton Ross,Al Harrington,Danilo Gallinari,Nate Robinson,Tim Thomas,Wilson Chandler,2,11:43,NYK,shot,,,,,,,,,,Danilo Gallinari,,,,missed,,3pt,7,24
Darius Miles,Hakim Warrick,Kyle Lowry,Marko Jaric,Quinton Ross,Al Harrington,Danilo Gallinari,Nate Robinson,Tim Thomas,Wilson Chandler,2,11:42,MEM,rebound,,,,,,,,,,,,,,,,,,
Darius Miles,Hakim Warrick,Kyle Lowry,Marko Jaric,Quinton Ross,Al Harrington,Danilo Gallinari,Nate Robinson,Tim Thomas,Wilson Chandler,2,11:17,MEM,shot,,,,,,,,,,Hakim Warrick,,,,missed,,jump,25,11
Darius Miles,Hakim Warrick,Kyle Lowry,Marko Jaric,Quinton Ross,Al Harrington,Danilo Gallinari,Nate Robinson,Tim Thomas,Wilson Chandler,2,11:17,MEM,rebound,,,,,,,,,,,,,,,,,,
Darius Miles,Hakim Warrick,Kyle Lowry,Marko Jaric,Quinton Ross,Al Harrington,Danilo Gallinari,Nate Robinson,Tim Thomas,Wilson Chandler,2,11:17,MEM,turnover,,,,,,,,,,,,,shot clock turnover,,,,,
Darius Miles,Hakim Warrick,Kyle Lowry,Marko Jaric,Quinton Ross,Al Harrington,Danilo Gallinari,Nate Robinson,Tim Thomas,Wilson Chandler,2,11:05,NYK,shot,,,,,,,,,,Tim Thomas,2,,,made,,layup,25,6
Darius Miles,Hakim Warrick,Kyle Lowry,Marko Jaric,Quinton Ross,Al Harrington,Danilo Gallinari,Nate Robinson,Tim Thomas,Wilson Chandler,2,11:05,MEM,foul,,,,,,,,Tim Thomas,,Marko Jaric,,,,,,shooting,,
Darius Miles,Hakim Warrick,Kyle Lowry,Marko Jaric,Quinton Ross,Al Harrington,Danilo Gallinari,Nate Robinson,Tim Thomas,Wilson Chandler,2,11:05,NYK,free throw,,,,,,,1,,1,Tim Thomas,,,foul,made,,,,
Darius Miles,Hakim Warrick,Kyle Lowry,Marko Jaric,Quinton Ross,Al Harrington,Danilo Gallinari,Nate Robinson,Tim Thomas,Wilson Chandler,2,10:56,MEM,turnover,,,,,,,,,,Marko Jaric,,,palming turnover,,,,,
Darius Miles,Hakim Warrick,Kyle Lowry,Marko Jaric,Quinton Ross,Al Harrington,Danilo Gallinari,Nate Robinson,Tim Thomas,Wilson Chandler,2,10:49,NYK,shot,Wilson Chandler,,,,,,,,,Al Harrington,2,,,made,,slam dunk,25,6
Darius Miles,Hakim Warrick,Kyle Lowry,Marko Jaric,Quinton Ross,Al Harrington,Danilo Gallinari,Nate Robinson,Tim Thomas,Wilson Chandler,2,10:27,MEM,shot,,,,,,,,,,Quinton Ross,,,,missed,,jump,23,15
Darius Miles,Hakim Warrick,Kyle Lowry,Marko Jaric,Quinton Ross,Al Harrington,Danilo Gallinari,Nate Robinson,Tim Thomas,Wilson Chandler,2,10:25,MEM,rebound,,,,,,,,,,Darius Miles,,,,,,off,,
Darius Miles,Hakim Warrick,Kyle Lowry,Marko Jaric,Quinton Ross,Al Harrington,Danilo Gallinari,Nate Robinson,Tim Thomas,Wilson Chandler,2,10:19,NYK,foul,,,,,,,,Hakim Warrick,,Danilo Gallinari,,,,,,personal,,
Darius Miles,Hakim Warrick,Kyle Lowry,Marko Jaric,Quinton Ross,Al Harrington,Danilo Gallinari,Nate Robinson,Tim Thomas,Wilson Chandler,2,10:05,MEM,shot,,,,,,,,,,Darius Miles,2,,,made,,layup,25,6
Darius Miles,Hakim Warrick,Kyle Lowry,Marko Jaric,Quinton Ross,Al Harrington,Danilo Gallinari,Nate Robinson,Tim Thomas,Wilson Chandler,2,9:51,NYK,shot,Wilson Chandler,,,,,,,,,Nate Robinson,3,,,made,,3pt,49,5
Darius Miles,Hakim Warrick,Kyle Lowry,Marko Jaric,Quinton Ross,Al Harrington,Danilo Gallinari,Nate Robinson,Tim Thomas,Wilson Chandler,2,9:47,NYK,foul,,,,,,,,Kyle Lowry,,Nate Robinson,,,,,,personal,,
Darius Miles,Hakim Warrick,Kyle Lowry,Marko Jaric,Quinton Ross,Al Harrington,Danilo Gallinari,Nate Robinson,Tim Thomas,Wilson Chandler,2,9:47,NYK,foul,,,,,,,,Kyle Lowry,,Nate Robinson,,,,,,technical,,
Darius Miles,Hakim Warrick,Kyle Lowry,Marko Jaric,Quinton Ross,Al Harrington,Danilo Gallinari,Nate Robinson,Tim Thomas,Wilson Chandler,2,9:47,MEM,free throw,,,,,,,1,,1,Kyle Lowry,,,technical,missed,,,,
Darius Miles,Hakim Warrick,Kyle Lowry,Marko Jaric,Quinton Ross,Al Harrington,Danilo Gallinari,Nate Robinson,Tim Thomas,Wilson Chandler,2,9:47,MEM,rebound,,,,,,,,,,,,,,,,,,
Darius Miles,Hakim Warrick,Kyle Lowry,Marko Jaric,Quinton Ross,Al Harrington,Danilo Gallinari,Nate Robinson,Quentin Richardson,Tim Thomas,2,9:47,NYK,sub,,,,Quentin Richardson,,Wilson Chandler,,,,,,,,,,,,
Darius Miles,Hakim Warrick,Kyle Lowry,Marko Jaric,Quinton Ross,Al Harrington,Danilo Gallinari,Nate Robinson,Quentin Richardson,Tim Thomas,2,9:39,MEM,shot,,,,,,,,,,Marko Jaric,,,,missed,,layup,25,6
Darius Miles,Hakim Warrick,Kyle Lowry,Marko Jaric,Quinton Ross,Al Harrington,Danilo Gallinari,Nate Robinson,Quentin Richardson,Tim Thomas,2,9:35,MEM,shot,,,,,,,,,,Hakim Warrick,2,,,made,,tip,25,6
Darius Miles,Hakim Warrick,Kyle Lowry,Marko Jaric,Quinton Ross,Al Harrington,Danilo Gallinari,Nate Robinson,Quentin Richardson,Tim Thomas,2,9:35,MEM,rebound,,,,,,,,,,Hakim Warrick,,,,,,off,,
Darius Miles,Hakim Warrick,Kyle Lowry,Marko Jaric,Quinton Ross,Al Harrington,Danilo Gallinari,Nate Robinson,Quentin Richardson,Tim Thomas,2,9:29,NYK,shot,,,,,,,,,,Al Harrington,,,,missed,,3pt,7,27
Darius Miles,Hakim Warrick,Kyle Lowry,Marko Jaric,Quinton Ross,Al Harrington,Danilo Gallinari,Nate Robinson,Quentin Richardson,Tim Thomas,2,9:27,NYK,rebound,,,,,,,,,,Al Harrington,,,,,,off,,
Darius Miles,Hakim Warrick,Kyle Lowry,Marko Jaric,Quinton Ross,Al Harrington,Danilo Gallinari,Nate Robinson,Quentin Richardson,Tim Thomas,2,9:17,NYK,shot,,,,,,,,,,Danilo Gallinari,,,,missed,,3pt,16,30
Darius Miles,Hakim Warrick,Kyle Lowry,Marko Jaric,Quinton Ross,Al Harrington,Danilo Gallinari,Nate Robinson,Quentin Richardson,Tim Thomas,2,9:16,MEM,rebound,,,,,,,,,,,,,,,,,,
Darius Miles,Hakim Warrick,Kyle Lowry,Marko Jaric,Quinton Ross,Al Harrington,Danilo Gallinari,Nate Robinson,Quentin Richardson,Tim Thomas,2,9:01,NYK,foul,,,,,,,,Kyle Lowry,,Nate Robinson,,,,,,personal,,
Darius Miles,Hakim Warrick,Kyle Lowry,Marko Jaric,Quinton Ross,Al Harrington,Danilo Gallinari,Nate Robinson,Quentin Richardson,Tim Thomas,2,8:58,MEM,foul,,,,,,,,Danilo Gallinari,,Darius Miles,,,,,,offensive,,
Darius Miles,Hakim Warrick,Kyle Lowry,Marko Jaric,Quinton Ross,Al Harrington,Danilo Gallinari,Nate Robinson,Quentin Richardson,Tim Thomas,2,8:58,MEM,turnover,,,,,,,,,,Darius Miles,,,foul,,,,,
Darius Miles,Hakim Warrick,Kyle Lowry,Marko Jaric,Quinton Ross,Al Harrington,Danilo Gallinari,Nate Robinson,Quentin Richardson,Tim Thomas,2,8:58,OFF,timeout,,,,,,,,,,,,,,,,official,,
Darius Miles,Hakim Warrick,Kyle Lowry,Marko Jaric,Quinton Ross,Al Harrington,Danilo Gallinari,Nate Robinson,Quentin Richardson,Tim Thomas,2,8:28,NYK,shot,,,,,,,,,,Nate Robinson,,,,missed,,3pt,49,7
Darius Miles,Hakim Warrick,Kyle Lowry,Marko Jaric,Quinton Ross,Al Harrington,Danilo Gallinari,Nate Robinson,Quentin Richardson,Tim Thomas,2,8:27,NYK,rebound,,,,,,,,,,Danilo Gallinari,,,,,,off,,
Darius Miles,Hakim Warrick,Kyle Lowry,Marko Jaric,Quinton Ross,Al Harrington,Danilo Gallinari,Nate Robinson,Quentin Richardson,Tim Thomas,2,8:24,NYK,shot,,,,,,,,,,Danilo Gallinari,2,,,made,,dunk,25,6
Darius Miles,Hakim Warrick,Kyle Lowry,Marko Jaric,Quinton Ross,Al Harrington,Danilo Gallinari,Nate Robinson,Quentin Richardson,Tim Thomas,2,8:06,MEM,turnover,,,,,,,,,,Darius Miles,,,traveling,,,,,
Darius Miles,Hakim Warrick,Kyle Lowry,O.J. Mayo,Quinton Ross,Al Harrington,Danilo Gallinari,Nate Robinson,Quentin Richardson,Tim Thomas,2,8:06,MEM,sub,,,,O.J. Mayo,,Marko Jaric,,,,,,,,,,,,
Darius Miles,Hakim Warrick,Kyle Lowry,O.J. Mayo,Quinton Ross,Al Harrington,Danilo Gallinari,Nate Robinson,Quentin Richardson,Tim Thomas,2,7:51,NYK,shot,Quentin Richardson,,,,,,,,,Al Harrington,2,,,made,,turnaround jump,34,10
Darius Miles,Hakim Warrick,Mike Conley,O.J. Mayo,Quinton Ross,Al Harrington,Danilo Gallinari,Nate Robinson,Quentin Richardson,Tim Thomas,2,7:46,MEM,sub,,,,Mike Conley,,Kyle Lowry,,,,,,,,,,,,
Darius Miles,Hakim Warrick,Mike Conley,O.J. Mayo,Quinton Ross,Al Harrington,Danilo Gallinari,Nate Robinson,Quentin Richardson,Tim Thomas,2,7:46,NYK,foul,,,,,,,,Darius Miles,,Tim Thomas,,,,,,personal,,
Darius Miles,Hakim Warrick,Mike Conley,O.J. Mayo,Quinton Ross,Al Harrington,Danilo Gallinari,Nate Robinson,Quentin Richardson,Tim Thomas,2,7:36,NYK,foul,,,,,,,,Quinton Ross,,Danilo Gallinari,,,,,,personal,,
Darius Miles,Hakim Warrick,Mike Conley,O.J. Mayo,Quinton Ross,Al Harrington,Danilo Gallinari,Nate Robinson,Quentin Richardson,Tim Thomas,2,7:36,MEM,free throw,,,,,,,1,,2,Quinton Ross,,,foul,made,,,,
Darius Miles,Hakim Warrick,Mike Conley,O.J. Mayo,Quinton Ross,Al Harrington,Danilo Gallinari,Nate Robinson,Quentin Richardson,Tim Thomas,2,7:36,MEM,free throw,,,,,,,2,,2,Quinton Ross,,,foul,made,,,,
Darius Miles,Hakim Warrick,Mike Conley,O.J. Mayo,Quinton Ross,Al Harrington,Danilo Gallinari,Nate Robinson,Quentin Richardson,Tim Thomas,2,7:24,NYK,shot,Tim Thomas,,,,,,,,,Al Harrington,2,,,made,,layup,25,6
Darius Miles,Hakim Warrick,Mike Conley,O.J. Mayo,Quinton Ross,Al Harrington,Danilo Gallinari,Nate Robinson,Quentin Richardson,Tim Thomas,2,7:05,MEM,shot,O.J. Mayo,,,,,,,,,Hakim Warrick,2,,,made,,layup,25,6
Darius Miles,Hakim Warrick,Mike Conley,O.J. Mayo,Quinton Ross,Al Harrington,Danilo Gallinari,Nate Robinson,Quentin Richardson,Tim Thomas,2,6:56,MEM,foul,,,,,,,,Al Harrington,,Hakim Warrick,,,,,,personal,,
Darius Miles,Mike Conley,O.J. Mayo,Quinton Ross,Rudy Gay,Al Harrington,Danilo Gallinari,Nate Robinson,Quentin Richardson,Tim Thomas,2,6:56,MEM,sub,,,,Rudy Gay,,Hakim Warrick,,,,,,,,,,,,
Darius Miles,Mike Conley,O.J. Mayo,Quinton Ross,Rudy Gay,Al Harrington,Danilo Gallinari,Nate Robinson,Quentin Richardson,Tim Thomas,2,6:42,NYK,shot,,,,,,,,,,Al Harrington,2,,,made,,jump hook,24,11
Darius Miles,Mike Conley,O.J. Mayo,Quinton Ross,Rudy Gay,Al Harrington,Danilo Gallinari,Nate Robinson,Quentin Richardson,Tim Thomas,2,6:20,NYK,foul,,,,,,,,Darius Miles,,Danilo Gallinari,,,,,,personal,,
Darius Miles,Mike Conley,O.J. Mayo,Quinton Ross,Rudy Gay,Al Harrington,Danilo Gallinari,Nate Robinson,Quentin Richardson,Tim Thomas,2,6:20,NYK,timeout,,,,,,,,,,,,,,,,regular,,
Darius Miles,Mike Conley,O.J. Mayo,Quinton Ross,Rudy Gay,Al Harrington,Chris Duhon,Nate Robinson,Quentin Richardson,Tim Thomas,2,6:20,NYK,sub,,,,Chris Duhon,,Danilo Gallinari,,,,,,,,,,,,
Darius Miles,Mike Conley,O.J. Mayo,Quinton Ross,Rudy Gay,Al Harrington,Chris Duhon,David Lee,Nate Robinson,Quentin Richardson,2,6:20,NYK,sub,,,,David Lee,,Tim Thomas,,,,,,,,,,,,
Darius Miles,Mike Conley,O.J. Mayo,Quinton Ross,Rudy Gay,Al Harrington,Chris Duhon,David Lee,Nate Robinson,Quentin Richardson,2,6:20,MEM,free throw,,,,,,,1,,2,Darius Miles,,,foul,missed,,,,
Darius Miles,Mike Conley,O.J. Mayo,Quinton Ross,Rudy Gay,Al Harrington,Chris Duhon,David Lee,Nate Robinson,Quentin Richardson,2,6:20,MEM,free throw,,,,,,,2,,2,Darius Miles,,,foul,missed,,,,
Darius Miles,Mike Conley,O.J. Mayo,Quinton Ross,Rudy Gay,Al Harrington,Chris Duhon,David Lee,Nate Robinson,Quentin Richardson,2,6:20,NYK,rebound,,,,,,,,,,David Lee,,,,,,def,,
Darius Miles,Mike Conley,O.J. Mayo,Quinton Ross,Rudy Gay,Al Harrington,Chris Duhon,David Lee,Nate Robinson,Quentin Richardson,2,6:20,MEM,rebound,,,,,,,,,,,,,,,,,,
Darius Miles,Mike Conley,O.J. Mayo,Quinton Ross,Rudy Gay,Al Harrington,Chris Duhon,David Lee,Nate Robinson,Quentin Richardson,2,6:17,NYK,shot,Chris Duhon,,,,,,,,,Al Harrington,3,,,made,,3pt,48,19
Darius Miles,Mike Conley,O.J. Mayo,Quinton Ross,Rudy Gay,Al Harrington,Chris Duhon,David Lee,Nate Robinson,Quentin Richardson,2,5:56,MEM,shot,,,,,,,,,,Quinton Ross,,,,missed,,3pt,49,6
Darius Miles,Mike Conley,O.J. Mayo,Quinton Ross,Rudy Gay,Al Harrington,Chris Duhon,David Lee,Nate Robinson,Quentin Richardson,2,5:54,NYK,rebound,,,,,,,,,,David Lee,,,,,,def,,
Darius Miles,Mike Conley,O.J. Mayo,Quinton Ross,Rudy Gay,Al Harrington,Chris Duhon,David Lee,Nate Robinson,Quentin Richardson,2,5:36,NYK,shot,,,,,,,,,,Al Harrington,2,,,made,,driving layup,25,6
Darius Miles,Mike Conley,O.J. Mayo,Quinton Ross,Rudy Gay,Al Harrington,Chris Duhon,David Lee,Nate Robinson,Quentin Richardson,2,5:28,MEM,timeout,,,,,,,,,,,,,,,,regular,,
Darius Miles,Marc Gasol,Mike Conley,O.J. Mayo,Rudy Gay,Al Harrington,Chris Duhon,David Lee,Nate Robinson,Quentin Richardson,2,5:28,MEM,sub,,,,Marc Gasol,,Quinton Ross,,,,,,,,,,,,
Darrell Arthur,Marc Gasol,Mike Conley,O.J. Mayo,Rudy Gay,Al Harrington,Chris Duhon,David Lee,Nate Robinson,Quentin Richardson,2,5:28,MEM,sub,,,,Darrell Arthur,,Darius Miles,,,,,,,,,,,,
Darrell Arthur,Marc Gasol,Mike Conley,O.J. Mayo,Rudy Gay,Al Harrington,Chris Duhon,David Lee,Nate Robinson,Quentin Richardson,2,5:19,MEM,shot,,,,,,,,,,Rudy Gay,,,,missed,,dunk,25,6
Darrell Arthur,Marc Gasol,Mike Conley,O.J. Mayo,Rudy Gay,Al Harrington,Chris Duhon,David Lee,Nate Robinson,Quentin Richardson,2,5:17,NYK,rebound,,,,,,,,,,David Lee,,,,,,def,,
Darrell Arthur,Marc Gasol,Mike Conley,O.J. Mayo,Rudy Gay,Al Harrington,Chris Duhon,David Lee,Nate Robinson,Quentin Richardson,2,5:02,NYK,turnover,,,,,,,,,,Nate Robinson,,,bad pass,,Darrell Arthur,,,
Darrell Arthur,Marc Gasol,Mike Conley,O.J. Mayo,Rudy Gay,Al Harrington,Chris Duhon,David Lee,Nate Robinson,Quentin Richardson,2,4:58,MEM,shot,Mike Conley,,,,,,,,,Rudy Gay,2,,,made,,alley oop dunk,25,6
Darrell Arthur,Marc Gasol,Mike Conley,O.J. Mayo,Rudy Gay,Al Harrington,Chris Duhon,David Lee,Nate Robinson,Quentin Richardson,2,4:41,NYK,foul,,,,,,,,Darrell Arthur,,Al Harrington,,,,,,offensive,,
Darrell Arthur,Marc Gasol,Mike Conley,O.J. Mayo,Rudy Gay,Al Harrington,Chris Duhon,David Lee,Nate Robinson,Quentin Richardson,2,4:41,NYK,turnover,,,,,,,,,,Al Harrington,,,foul,,,,,
Darrell Arthur,Marc Gasol,Mike Conley,O.J. Mayo,Rudy Gay,Al Harrington,Chris Duhon,David Lee,Jared Jeffries,Quentin Richardson,2,4:41,NYK,sub,,,,Jared Jeffries,,Nate Robinson,,,,,,,,,,,,
Darrell Arthur,Marc Gasol,Mike Conley,O.J. Mayo,Rudy Gay,Al Harrington,Chris Duhon,David Lee,Jared Jeffries,Quentin Richardson,2,4:24,MEM,shot,,,,,,,,,,Darrell Arthur,,,,missed,,jump,11,16
Darrell Arthur,Marc Gasol,Mike Conley,O.J. Mayo,Rudy Gay,Al Harrington,Chris Duhon,David Lee,Jared Jeffries,Quentin Richardson,2,4:22,NYK,rebound,,,,,,,,,,Quentin Richardson,,,,,,def,,
Darrell Arthur,Marc Gasol,Mike Conley,O.J. Mayo,Rudy Gay,Al Harrington,Chris Duhon,David Lee,Jared Jeffries,Quentin Richardson,2,4:16,NYK,shot,,,,,,,,,,Al Harrington,,,,missed,,3pt,43,24
Darrell Arthur,Marc Gasol,Mike Conley,O.J. Mayo,Rudy Gay,Al Harrington,Chris Duhon,David Lee,Jared Jeffries,Quentin Richardson,2,4:14,MEM,rebound,,,,,,,,,,Rudy Gay,,,,,,def,,
Darrell Arthur,Marc Gasol,Mike Conley,O.J. Mayo,Rudy Gay,Al Harrington,Chris Duhon,David Lee,Jared Jeffries,Quentin Richardson,2,4:00,MEM,shot,Marc Gasol,,,,,,,,,Mike Conley,3,,,made,,3pt,14,29
Darrell Arthur,Marc Gasol,Mike Conley,O.J. Mayo,Rudy Gay,Al Harrington,Chris Duhon,David Lee,Jared Jeffries,Quentin Richardson,2,3:50,MEM,foul,,,,,,,,Quentin Richardson,,O.J. Mayo,,,,,,personal,,
Darrell Arthur,Marc Gasol,Mike Conley,O.J. Mayo,Rudy Gay,Al Harrington,Chris Duhon,David Lee,Jared Jeffries,Quentin Richardson,2,3:42,NYK,shot,,,,,,,,,,Quentin Richardson,,,,missed,,layup,25,6
Darrell Arthur,Marc Gasol,Mike Conley,O.J. Mayo,Rudy Gay,Al Harrington,Chris Duhon,David Lee,Jared Jeffries,Quentin Richardson,2,3:41,NYK,rebound,,,,,,,,,,David Lee,,,,,,off,,
Darrell Arthur,Marc Gasol,Mike Conley,O.J. Mayo,Rudy Gay,Al Harrington,Chris Duhon,David Lee,Jared Jeffries,Quentin Richardson,2,3:40,NYK,shot,,,Marc Gasol,,,,,,,David Lee,,,,missed,,layup,25,6
Darrell Arthur,Marc Gasol,Mike Conley,O.J. Mayo,Rudy Gay,Al Harrington,Chris Duhon,David Lee,Jared Jeffries,Quentin Richardson,2,3:39,MEM,rebound,,,,,,,,,,Rudy Gay,,,,,,def,,
Darrell Arthur,Marc Gasol,Mike Conley,O.J. Mayo,Rudy Gay,Al Harrington,Chris Duhon,David Lee,Jared Jeffries,Quentin Richardson,2,3:32,MEM,shot,,,,,,,,,,Rudy Gay,,,,missed,,3pt,11,29
Darrell Arthur,Marc Gasol,Mike Conley,O.J. Mayo,Rudy Gay,Al Harrington,Chris Duhon,David Lee,Jared Jeffries,Quentin Richardson,2,3:31,NYK,rebound,,,,,,,,,,Al Harrington,,,,,,def,,
Darrell Arthur,Marc Gasol,Mike Conley,O.J. Mayo,Rudy Gay,Al Harrington,Chris Duhon,David Lee,Jared Jeffries,Quentin Richardson,2,3:31,MEM,foul,,,,,,,,Al Harrington,,O.J. Mayo,,,,,,personal,,
Darrell Arthur,Marc Gasol,Mike Conley,O.J. Mayo,Rudy Gay,Al Harrington,Chris Duhon,David Lee,Jared Jeffries,Quentin Richardson,2,3:18,MEM,foul,,,,,,,,David Lee,,Darrell Arthur,,,,,,personal,,
Darrell Arthur,Marc Gasol,Marko Jaric,Mike Conley,Rudy Gay,Al Harrington,Chris Duhon,David Lee,Jared Jeffries,Quentin Richardson,2,3:18,MEM,sub,,,,Marko Jaric,,O.J. Mayo,,,,,,,,,,,,
Darrell Arthur,Marc Gasol,Marko Jaric,Mike Conley,Rudy Gay,Al Harrington,Chris Duhon,David Lee,Jared Jeffries,Quentin Richardson,2,3:18,NYK,free throw,,,,,,,1,,2,David Lee,,,foul,made,,,,
Darrell Arthur,Marc Gasol,Marko Jaric,Mike Conley,Rudy Gay,Al Harrington,Chris Duhon,David Lee,Jared Jeffries,Quentin Richardson,2,3:18,NYK,free throw,,,,,,,2,,2,David Lee,,,foul,made,,,,
Darrell Arthur,Marc Gasol,Marko Jaric,Mike Conley,Rudy Gay,Al Harrington,Chris Duhon,David Lee,Jared Jeffries,Quentin Richardson,2,2:56,MEM,shot,,,,,,,,,,Mike Conley,,,,missed,,layup,25,6
Darrell Arthur,Marc Gasol,Marko Jaric,Mike Conley,Rudy Gay,Al Harrington,Chris Duhon,David Lee,Jared Jeffries,Quentin Richardson,2,2:55,NYK,rebound,,,,,,,,,,Al Harrington,,,,,,def,,
Darrell Arthur,Marc Gasol,Marko Jaric,Mike Conley,Rudy Gay,Al Harrington,Chris Duhon,David Lee,Jared Jeffries,Quentin Richardson,2,2:49,NYK,turnover,,,,,,,,,,Jared Jeffries,,,bad pass,,Rudy Gay,,,
Darrell Arthur,Marc Gasol,Marko Jaric,Mike Conley,Rudy Gay,Al Harrington,Chris Duhon,David Lee,Jared Jeffries,Quentin Richardson,2,2:24,MEM,shot,,,,,,,,,,Marc Gasol,,,,missed,,jump,23,12
Darrell Arthur,Marc Gasol,Marko Jaric,Mike Conley,Rudy Gay,Al Harrington,Chris Duhon,David Lee,Jared Jeffries,Quentin Richardson,2,2:24,NYK,rebound,,,,,,,,,,Al Harrington,,,,,,def,,
Darrell Arthur,Marc Gasol,Marko Jaric,Mike Conley,Rudy Gay,Al Harrington,Chris Duhon,David Lee,Jared Jeffries,Quentin Richardson,2,2:24,MEM,foul,,,,,,,,Al Harrington,,Marc Gasol,,,,,,loose ball,,
Darius Miles,Darrell Arthur,Marko Jaric,Mike Conley,Rudy Gay,Al Harrington,Chris Duhon,David Lee,Jared Jeffries,Quentin Richardson,2,2:24,MEM,sub,,,,Darius Miles,,Marc Gasol,,,,,,,,,,,,
Darius Miles,Darrell Arthur,Marko Jaric,Mike Conley,Rudy Gay,Al Harrington,Chris Duhon,David Lee,Jared Jeffries,Quentin Richardson,2,2:24,NYK,free throw,,,,,,,1,,2,Al Harrington,,,foul,missed,,,,
Darius Miles,Darrell Arthur,Marko Jaric,Mike Conley,Rudy Gay,Al Harrington,Chris Duhon,David Lee,Jared Jeffries,Quentin Richardson,2,2:24,NYK,rebound,,,,,,,,,,,,,,,,,,
Darius Miles,Darrell Arthur,Marko Jaric,Mike Conley,Rudy Gay,Al Harrington,Chris Duhon,David Lee,Jared Jeffries,Quentin Richardson,2,2:24,NYK,free throw,,,,,,,2,,2,Al Harrington,,,foul,made,,,,
Darius Miles,Darrell Arthur,Marko Jaric,Mike Conley,Rudy Gay,Al Harrington,Chris Duhon,David Lee,Jared Jeffries,Quentin Richardson,2,2:06,MEM,shot,,,,,,,,,,Darrell Arthur,,,,missed,,jump,11,12
Darius Miles,Darrell Arthur,Marko Jaric,Mike Conley,Rudy Gay,Al Harrington,Chris Duhon,David Lee,Jared Jeffries,Quentin Richardson,2,2:05,NYK,rebound,,,,,,,,,,David Lee,,,,,,def,,
Darius Miles,Darrell Arthur,Marko Jaric,Mike Conley,Rudy Gay,Al Harrington,Chris Duhon,David Lee,Jared Jeffries,Quentin Richardson,2,2:02,NYK,turnover,,,,,,,,,,David Lee,,,out of bounds lost ball turnover,,,,,
Darius Miles,Darrell Arthur,Marko Jaric,Mike Conley,Rudy Gay,Al Harrington,Chris Duhon,David Lee,Jared Jeffries,Quentin Richardson,2,1:53,MEM,turnover,,,,,,,,,,Darius Miles,,,bad pass,,Quentin Richardson,,,
Darius Miles,Darrell Arthur,Marko Jaric,Mike Conley,Rudy Gay,Al Harrington,Chris Duhon,David Lee,Jared Jeffries,Quentin Richardson,2,1:47,NYK,turnover,,,,,,,,,,Al Harrington,,,bad pass,,,,,
Darius Miles,Darrell Arthur,Marko Jaric,Mike Conley,Rudy Gay,Al Harrington,Chris Duhon,David Lee,Jared Jeffries,Quentin Richardson,2,1:30,MEM,shot,,,,,,,,,,Rudy Gay,,,,missed,,3pt,44,23
Darius Miles,Darrell Arthur,Marko Jaric,Mike Conley,Rudy Gay,Al Harrington,Chris Duhon,David Lee,Jared Jeffries,Quentin Richardson,2,1:29,NYK,rebound,,,,,,,,,,,,,,,,,,
Darius Miles,Darrell Arthur,Marko Jaric,Mike Conley,Rudy Gay,Al Harrington,Chris Duhon,David Lee,Jared Jeffries,Quentin Richardson,2,1:13,NYK,turnover,,,,,,,,,,David Lee,,,3 second violation,,,,,
Darius Miles,Darrell Arthur,Marko Jaric,Mike Conley,Rudy Gay,Al Harrington,Chris Duhon,David Lee,Jared Jeffries,Quentin Richardson,2,0:55,MEM,shot,,,,,,,,,,Marko Jaric,2,,,made,,jump,16,22
Darius Miles,Darrell Arthur,Marko Jaric,Mike Conley,Rudy Gay,Al Harrington,Chris Duhon,David Lee,Jared Jeffries,Quentin Richardson,2,0:46,NYK,shot,,,,,,,,,,Al Harrington,,,,missed,,3pt,1,15
Darius Miles,Darrell Arthur,Marko Jaric,Mike Conley,Rudy Gay,Al Harrington,Chris Duhon,David Lee,Jared Jeffries,Quentin Richardson,2,0:44,NYK,rebound,,,,,,,,,,David Lee,,,,,,off,,
Darius Miles,Darrell Arthur,Marko Jaric,Mike Conley,Rudy Gay,Al Harrington,Chris Duhon,David Lee,Jared Jeffries,Quentin Richardson,2,0:39,NYK,shot,,,,,,,,,,David Lee,2,,,made,,driving layup,25,6
Darius Miles,Darrell Arthur,Marko Jaric,Mike Conley,Rudy Gay,Al Harrington,Chris Duhon,David Lee,Jared Jeffries,Quentin Richardson,2,0:35,MEM,timeout,,,,,,,,,,,,,,,,short,,
Darius Miles,Darrell Arthur,Marko Jaric,Mike Conley,Rudy Gay,Al Harrington,Chris Duhon,David Lee,Jared Jeffries,Quentin Richardson,2,0:13,MEM,shot,,,,,,,,,,Darrell Arthur,,,,missed,,jump,13,11
Darius Miles,Darrell Arthur,Marko Jaric,Mike Conley,Rudy Gay,Al Harrington,Chris Duhon,David Lee,Jared Jeffries,Quentin Richardson,2,0:12,NYK,rebound,,,,,,,,,,David Lee,,,,,,def,,
Darius Miles,Darrell Arthur,Marko Jaric,Mike Conley,Rudy Gay,Al Harrington,Chris Duhon,David Lee,Jared Jeffries,Quentin Richardson,2,0:04,NYK,shot,,,,,,,,,,Chris Duhon,3,,,made,,3pt,30,30
Darrell Arthur,Marc Gasol,Mike Conley,O.J. Mayo,Rudy Gay,Chris Duhon,David Lee,Jared Jeffries,Quentin Richardson,Wilson Chandler,3,11:44,NYK,shot,,,,,,,,,,Wilson Chandler,,,,missed,,jump,25,27
Darrell Arthur,Marc Gasol,Mike Conley,O.J. Mayo,Rudy Gay,Chris Duhon,David Lee,Jared Jeffries,Quentin Richardson,Wilson Chandler,3,11:42,MEM,rebound,,,,,,,,,,Mike Conley,,,,,,def,,
Darrell Arthur,Marc Gasol,Mike Conley,O.J. Mayo,Rudy Gay,Chris Duhon,David Lee,Jared Jeffries,Quentin Richardson,Wilson Chandler,3,11:28,MEM,shot,,,,,,,,,,O.J. Mayo,,,,missed,,jump,11,17
Darrell Arthur,Marc Gasol,Mike Conley,O.J. Mayo,Rudy Gay,Chris Duhon,David Lee,Jared Jeffries,Quentin Richardson,Wilson Chandler,3,11:26,MEM,rebound,,,,,,,,,,Rudy Gay,,,,,,off,,
Darrell Arthur,Marc Gasol,Mike Conley,O.J. Mayo,Rudy Gay,Chris Duhon,David Lee,Jared Jeffries,Quentin Richardson,Wilson Chandler,3,11:23,NYK,foul,,,,,,,,Marc Gasol,,David Lee,,,,,,personal,,
Darrell Arthur,Marc Gasol,Mike Conley,O.J. Mayo,Rudy Gay,Chris Duhon,David Lee,Jared Jeffries,Quentin Richardson,Wilson Chandler,3,11:07,MEM,shot,,,,,,,,,,Marc Gasol,,,,missed,,layup,25,6
Darrell Arthur,Marc Gasol,Mike Conley,O.J. Mayo,Rudy Gay,Chris Duhon,David Lee,Jared Jeffries,Quentin Richardson,Wilson Chandler,3,11:07,MEM,rebound,,,,,,,,,,O.J. Mayo,,,,,,off,,
Darrell Arthur,Marc Gasol,Mike Conley,O.J. Mayo,Rudy Gay,Chris Duhon,David Lee,Jared Jeffries,Quentin Richardson,Wilson Chandler,3,10:56,MEM,shot,,,,,,,,,,Darrell Arthur,,,,missed,,jump,13,11
Darrell Arthur,Marc Gasol,Mike Conley,O.J. Mayo,Rudy Gay,Chris Duhon,David Lee,Jared Jeffries,Quentin Richardson,Wilson Chandler,3,10:54,NYK,rebound,,,,,,,,,,David Lee,,,,,,def,,
Darrell Arthur,Marc Gasol,Mike Conley,O.J. Mayo,Rudy Gay,Chris Duhon,David Lee,Jared Jeffries,Quentin Richardson,Wilson Chandler,3,10:44,NYK,turnover,,,,,,,,,,Wilson Chandler,,,bad pass,,Rudy Gay,,,
Darrell Arthur,Marc Gasol,Mike Conley,O.J. Mayo,Rudy Gay,Chris Duhon,David Lee,Jared Jeffries,Quentin Richardson,Wilson Chandler,3,10:38,MEM,shot,Mike Conley,,,,,,,,,O.J. Mayo,2,,,made,,alley oop dunk,25,6
Darrell Arthur,Marc Gasol,Mike Conley,O.J. Mayo,Rudy Gay,Chris Duhon,David Lee,Jared Jeffries,Quentin Richardson,Wilson Chandler,3,10:19,MEM,foul,,,,,,,,David Lee,,Darrell Arthur,,,,,,shooting,,
Darrell Arthur,Marc Gasol,Mike Conley,O.J. Mayo,Rudy Gay,Chris Duhon,David Lee,Jared Jeffries,Quentin Richardson,Wilson Chandler,3,10:19,NYK,free throw,,,,,,,1,,2,David Lee,,,foul,made,,,,
Darrell Arthur,Marc Gasol,Mike Conley,O.J. Mayo,Rudy Gay,Chris Duhon,David Lee,Jared Jeffries,Quentin Richardson,Wilson Chandler,3,10:19,NYK,free throw,,,,,,,2,,2,David Lee,,,foul,made,,,,
Darrell Arthur,Marc Gasol,Mike Conley,O.J. Mayo,Rudy Gay,Chris Duhon,David Lee,Jared Jeffries,Quentin Richardson,Wilson Chandler,3,9:58,MEM,shot,Mike Conley,,,,,,,,,Darrell Arthur,2,,,made,,jump,41,14
Darrell Arthur,Marc Gasol,Mike Conley,O.J. Mayo,Rudy Gay,Chris Duhon,David Lee,Jared Jeffries,Quentin Richardson,Wilson Chandler,3,9:43,NYK,shot,,,,,,,,,,Quentin Richardson,,,,missed,,3pt,7,26
Darrell Arthur,Marc Gasol,Mike Conley,O.J. Mayo,Rudy Gay,Chris Duhon,David Lee,Jared Jeffries,Quentin Richardson,Wilson Chandler,3,9:42,MEM,rebound,,,,,,,,,,Rudy Gay,,,,,,def,,
Darrell Arthur,Marc Gasol,Mike Conley,O.J. Mayo,Rudy Gay,Chris Duhon,David Lee,Jared Jeffries,Quentin Richardson,Wilson Chandler,3,9:36,MEM,shot,,,,,,,,,,O.J. Mayo,,,,missed,,3pt,38,29
Darrell Arthur,Marc Gasol,Mike Conley,O.J. Mayo,Rudy Gay,Chris Duhon,David Lee,Jared Jeffries,Quentin Richardson,Wilson Chandler,3,9:34,NYK,rebound,,,,,,,,,,Wilson Chandler,,,,,,def,,
Darrell Arthur,Marc Gasol,Mike Conley,O.J. Mayo,Rudy Gay,Chris Duhon,David Lee,Jared Jeffries,Quentin Richardson,Wilson Chandler,3,9:20,NYK,shot,Chris Duhon,,,,,,,,,Quentin Richardson,3,,,made,,3pt,8,26
Darrell Arthur,Marc Gasol,Mike Conley,O.J. Mayo,Rudy Gay,Chris Duhon,David Lee,Jared Jeffries,Quentin Richardson,Wilson Chandler,3,8:57,MEM,timeout,,,,,,,,,,,,,,,,short,,
Darrell Arthur,Marc Gasol,Mike Conley,O.J. Mayo,Rudy Gay,Chris Duhon,David Lee,Jared Jeffries,Quentin Richardson,Wilson Chandler,3,8:55,NYK,foul,,,,,,,,Marc Gasol,,Quentin Richardson,,,,,,shooting,,
Darrell Arthur,Marc Gasol,Mike Conley,O.J. Mayo,Rudy Gay,Chris Duhon,David Lee,Jared Jeffries,Quentin Richardson,Wilson Chandler,3,8:55,MEM,free throw,,,,,,,1,,2,Marc Gasol,,,foul,made,,,,
Darrell Arthur,Marc Gasol,Mike Conley,O.J. Mayo,Rudy Gay,Chris Duhon,David Lee,Jared Jeffries,Quentin Richardson,Wilson Chandler,3,8:55,MEM,free throw,,,,,,,2,,2,Marc Gasol,,,foul,made,,,,
Darrell Arthur,Marc Gasol,Mike Conley,O.J. Mayo,Rudy Gay,Chris Duhon,David Lee,Jared Jeffries,Quentin Richardson,Wilson Chandler,3,8:43,NYK,shot,,,,,,,,,,David Lee,,,,missed,,jump,27,14
Darrell Arthur,Marc Gasol,Mike Conley,O.J. Mayo,Rudy Gay,Chris Duhon,David Lee,Jared Jeffries,Quentin Richardson,Wilson Chandler,3,8:42,NYK,rebound,,,,,,,,,,Jared Jeffries,,,,,,off,,
Darrell Arthur,Marc Gasol,Mike Conley,O.J. Mayo,Rudy Gay,Chris Duhon,David Lee,Jared Jeffries,Quentin Richardson,Wilson Chandler,3,8:34,NYK,shot,,,,,,,,,,Wilson Chandler,,,,missed,,jump,7,9
Darrell Arthur,Marc Gasol,Mike Conley,O.J. Mayo,Rudy Gay,Chris Duhon,David Lee,Jared Jeffries,Quentin Richardson,Wilson Chandler,3,8:33,NYK,rebound,,,,,,,,,,David Lee,,,,,,off,,
Darrell Arthur,Marc Gasol,Mike Conley,O.J. Mayo,Rudy Gay,Chris Duhon,David Lee,Jared Jeffries,Quentin Richardson,Wilson Chandler,3,8:31,NYK,shot,,,,,,,,,,David Lee,2,,,made,,layup,25,6
Darrell Arthur,Marc Gasol,Mike Conley,O.J. Mayo,Rudy Gay,Chris Duhon,David Lee,Jared Jeffries,Quentin Richardson,Wilson Chandler,3,8:09,MEM,turnover,,,,,,,,,,Mike Conley,,,bad pass,,David Lee,,,
Darrell Arthur,Marc Gasol,Mike Conley,O.J. Mayo,Rudy Gay,Chris Duhon,David Lee,Jared Jeffries,Quentin Richardson,Wilson Chandler,3,8:03,MEM,foul,,,,,,,,Quentin Richardson,,Rudy Gay,,,,,,personal,,
Darrell Arthur,Marc Gasol,Mike Conley,O.J. Mayo,Rudy Gay,Chris Duhon,David Lee,Jared Jeffries,Quentin Richardson,Wilson Chandler,3,7:54,NYK,shot,,,,,,,,,,David Lee,,,,missed,,jump,9,12
Darrell Arthur,Marc Gasol,Mike Conley,O.J. Mayo,Rudy Gay,Chris Duhon,David Lee,Jared Jeffries,Quentin Richardson,Wilson Chandler,3,7:52,MEM,rebound,,,,,,,,,,Rudy Gay,,,,,,def,,
Darrell Arthur,Marc Gasol,Mike Conley,O.J. Mayo,Rudy Gay,Chris Duhon,David Lee,Jared Jeffries,Quentin Richardson,Wilson Chandler,3,7:40,MEM,turnover,,,,,,,,,,Marc Gasol,,,traveling,,,,,
Darrell Arthur,Marc Gasol,Mike Conley,O.J. Mayo,Rudy Gay,Chris Duhon,David Lee,Jared Jeffries,Quentin Richardson,Wilson Chandler,3,7:22,NYK,shot,,,,,,,,,,Quentin Richardson,,,,missed,,jump,41,8
Darrell Arthur,Marc Gasol,Mike Conley,O.J. Mayo,Rudy Gay,Chris Duhon,David Lee,Jared Jeffries,Quentin Richardson,Wilson Chandler,3,7:21,MEM,rebound,,,,,,,,,,Mike Conley,,,,,,def,,
Darrell Arthur,Marc Gasol,Mike Conley,O.J. Mayo,Rudy Gay,Chris Duhon,David Lee,Jared Jeffries,Quentin Richardson,Wilson Chandler,3,7:02,MEM,shot,Mike Conley,,,,,,,,,Darrell Arthur,2,,,made,,jump,42,8
Darrell Arthur,Marc Gasol,Mike Conley,O.J. Mayo,Rudy Gay,Chris Duhon,David Lee,Jared Jeffries,Quentin Richardson,Wilson Chandler,3,6:50,NYK,shot,Chris Duhon,,,,,,,,,Wilson Chandler,2,,,made,,jump,33,28
Darrell Arthur,Marc Gasol,Mike Conley,O.J. Mayo,Rudy Gay,Chris Duhon,David Lee,Jared Jeffries,Quentin Richardson,Wilson Chandler,3,6:22,MEM,shot,,,,,,,,,,Rudy Gay,2,,,made,,jump,13,15
Darrell Arthur,Marc Gasol,Mike Conley,O.J. Mayo,Rudy Gay,Chris Duhon,David Lee,Jared Jeffries,Quentin Richardson,Wilson Chandler,3,6:06,NYK,turnover,,,,,,,,,,Jared Jeffries,,,lost ball,,Mike Conley,,,
Darrell Arthur,Marc Gasol,Mike Conley,O.J. Mayo,Rudy Gay,Chris Duhon,David Lee,Jared Jeffries,Quentin Richardson,Wilson Chandler,3,5:55,MEM,shot,,,,,,,,,,O.J. Mayo,2,,,made,,jump,39,19
Darrell Arthur,Marc Gasol,Mike Conley,O.J. Mayo,Rudy Gay,Chris Duhon,David Lee,Jared Jeffries,Quentin Richardson,Wilson Chandler,3,5:42,NYK,shot,,,,,,,,,,Quentin Richardson,,,,missed,,3pt,10,27
Darrell Arthur,Marc Gasol,Mike Conley,O.J. Mayo,Rudy Gay,Chris Duhon,David Lee,Jared Jeffries,Quentin Richardson,Wilson Chandler,3,5:41,MEM,rebound,,,,,,,,,,Mike Conley,,,,,,def,,
Darrell Arthur,Marc Gasol,Mike Conley,O.J. Mayo,Rudy Gay,Chris Duhon,David Lee,Jared Jeffries,Quentin Richardson,Wilson Chandler,3,5:18,MEM,shot,,,,,,,,,,Marc Gasol,,,,missed,,jump,24,9
Darrell Arthur,Marc Gasol,Mike Conley,O.J. Mayo,Rudy Gay,Chris Duhon,David Lee,Jared Jeffries,Quentin Richardson,Wilson Chandler,3,5:17,MEM,rebound,,,,,,,,,,Darrell Arthur,,,,,,off,,
Darrell Arthur,Marc Gasol,Mike Conley,O.J. Mayo,Rudy Gay,Chris Duhon,David Lee,Jared Jeffries,Quentin Richardson,Wilson Chandler,3,5:09,MEM,shot,Darrell Arthur,,,,,,,,,O.J. Mayo,2,,,made,,jump,43,5
Darrell Arthur,Marc Gasol,Mike Conley,O.J. Mayo,Rudy Gay,Chris Duhon,David Lee,Jared Jeffries,Quentin Richardson,Wilson Chandler,3,5:08,NYK,timeout,,,,,,,,,,,,,,,,regular,,
Darrell Arthur,Marc Gasol,Mike Conley,O.J. Mayo,Rudy Gay,Al Harrington,Chris Duhon,David Lee,Quentin Richardson,Wilson Chandler,3,5:08,NYK,sub,,,,Al Harrington,,Jared Jeffries,,,,,,,,,,,,
Darrell Arthur,Marc Gasol,Mike Conley,O.J. Mayo,Rudy Gay,Al Harrington,Chris Duhon,David Lee,Nate Robinson,Wilson Chandler,3,5:08,NYK,sub,,,,Nate Robinson,,Quentin Richardson,,,,,,,,,,,,
Darrell Arthur,Marc Gasol,Mike Conley,O.J. Mayo,Rudy Gay,Al Harrington,Chris Duhon,David Lee,Nate Robinson,Wilson Chandler,3,4:49,NYK,shot,Chris Duhon,,,,,,,,,Nate Robinson,3,,,made,,3pt,49,6
Darrell Arthur,Marc Gasol,Mike Conley,O.J. Mayo,Rudy Gay,Al Harrington,Chris Duhon,David Lee,Nate Robinson,Wilson Chandler,3,4:31,MEM,turnover,,,,,,,,,,Marc Gasol,,,bad pass,,Wilson Chandler,,,
Darrell Arthur,Marc Gasol,Mike Conley,O.J. Mayo,Rudy Gay,Al Harrington,Chris Duhon,David Lee,Nate Robinson,Wilson Chandler,3,4:21,NYK,shot,,,,,,,,,,Al Harrington,,,,missed,,3pt,44,26
Darrell Arthur,Marc Gasol,Mike Conley,O.J. Mayo,Rudy Gay,Al Harrington,Chris Duhon,David Lee,Nate Robinson,Wilson Chandler,3,4:19,NYK,rebound,,,,,,,,,,David Lee,,,,,,off,,
Darrell Arthur,Marc Gasol,Mike Conley,O.J. Mayo,Rudy Gay,Al Harrington,Chris Duhon,David Lee,Nate Robinson,Wilson Chandler,3,4:18,NYK,shot,,,,,,,,,,David Lee,2,,,made,,layup,25,6
Darrell Arthur,Marc Gasol,Mike Conley,O.J. Mayo,Rudy Gay,Al Harrington,Chris Duhon,David Lee,Nate Robinson,Wilson Chandler,3,3:59,MEM,shot,,,,,,,,,,Marc Gasol,,,,missed,,layup,25,6
Darrell Arthur,Marc Gasol,Mike Conley,O.J. Mayo,Rudy Gay,Al Harrington,Chris Duhon,David Lee,Nate Robinson,Wilson Chandler,3,3:58,NYK,rebound,,,,,,,,,,Nate Robinson,,,,,,def,,
Darrell Arthur,Marc Gasol,Mike Conley,O.J. Mayo,Rudy Gay,Al Harrington,Chris Duhon,David Lee,Nate Robinson,Wilson Chandler,3,3:45,NYK,shot,,,,,,,,,,Chris Duhon,,,,missed,,3pt,48,19
Darrell Arthur,Marc Gasol,Mike Conley,O.J. Mayo,Rudy Gay,Al Harrington,Chris Duhon,David Lee,Nate Robinson,Wilson Chandler,3,3:44,MEM,rebound,,,,,,,,,,,,,,,,,,
Darrell Arthur,Hakim Warrick,Mike Conley,O.J. Mayo,Rudy Gay,Al Harrington,Chris Duhon,David Lee,Nate Robinson,Wilson Chandler,3,3:44,MEM,sub,,,,Hakim Warrick,,Marc Gasol,,,,,,,,,,,,
Darrell Arthur,Hakim Warrick,Mike Conley,O.J. Mayo,Rudy Gay,Al Harrington,Chris Duhon,David Lee,Nate Robinson,Wilson Chandler,3,3:23,MEM,shot,,,,,,,,,,O.J. Mayo,,,,missed,,jump,30,23
Darrell Arthur,Hakim Warrick,Mike Conley,O.J. Mayo,Rudy Gay,Al Harrington,Chris Duhon,David Lee,Nate Robinson,Wilson Chandler,3,3:22,NYK,rebound,,,,,,,,,,Chris Duhon,,,,,,def,,
Darrell Arthur,Hakim Warrick,Mike Conley,O.J. Mayo,Rudy Gay,Al Harrington,Chris Duhon,David Lee,Nate Robinson,Wilson Chandler,3,3:06,NYK,shot,,,,,,,,,,Al Harrington,,,,missed,,3pt,18,32
Darrell Arthur,Hakim Warrick,Mike Conley,O.J. Mayo,Rudy Gay,Al Harrington,Chris Duhon,David Lee,Nate Robinson,Wilson Chandler,3,3:04,MEM,rebound,,,,,,,,,,Darrell Arthur,,,,,,def,,
Darrell Arthur,Hakim Warrick,Mike Conley,O.J. Mayo,Rudy Gay,Al Harrington,Chris Duhon,David Lee,Nate Robinson,Wilson Chandler,3,2:48,MEM,shot,,,,,,,,,,Mike Conley,2,,,made,,driving reverse layup,25,6
Darrell Arthur,Hakim Warrick,Mike Conley,O.J. Mayo,Rudy Gay,Al Harrington,Chris Duhon,David Lee,Nate Robinson,Wilson Chandler,3,2:37,NYK,shot,,,,,,,,,,Wilson Chandler,,,,missed,,3pt,49,6
Darrell Arthur,Hakim Warrick,Mike Conley,O.J. Mayo,Rudy Gay,Al Harrington,Chris Duhon,David Lee,Nate Robinson,Wilson Chandler,3,2:35,MEM,rebound,,,,,,,,,,Darrell Arthur,,,,,,def,,
Darrell Arthur,Hakim Warrick,Mike Conley,O.J. Mayo,Rudy Gay,Al Harrington,Chris Duhon,David Lee,Nate Robinson,Wilson Chandler,3,2:29,MEM,turnover,,,,,,,,,,O.J. Mayo,,,out of bounds lost ball turnover,,,,,
Darrell Arthur,Hakim Warrick,Mike Conley,O.J. Mayo,Rudy Gay,Al Harrington,Chris Duhon,David Lee,Nate Robinson,Wilson Chandler,3,2:29,MEM,timeout,,,,,,,,,,,,,,,,regular,,
Darrell Arthur,Hakim Warrick,Mike Conley,O.J. Mayo,Rudy Gay,Al Harrington,Chris Duhon,Danilo Gallinari,David Lee,Nate Robinson,3,2:29,NYK,sub,,,,Danilo Gallinari,,Wilson Chandler,,,,,,,,,,,,
Darrell Arthur,Hakim Warrick,Mike Conley,O.J. Mayo,Rudy Gay,Al Harrington,Chris Duhon,Danilo Gallinari,Nate Robinson,Tim Thomas,3,2:29,NYK,sub,,,,Tim Thomas,,David Lee,,,,,,,,,,,,
Darrell Arthur,Hakim Warrick,O.J. Mayo,Quinton Ross,Rudy Gay,Al Harrington,Chris Duhon,Danilo Gallinari,Nate Robinson,Tim Thomas,3,2:29,MEM,sub,,,,Quinton Ross,,Mike Conley,,,,,,,,,,,,
Darrell Arthur,Hakim Warrick,Kyle Lowry,Quinton Ross,Rudy Gay,Al Harrington,Chris Duhon,Danilo Gallinari,Nate Robinson,Tim Thomas,3,2:29,MEM,sub,,,,Kyle Lowry,,O.J. Mayo,,,,,,,,,,,,
Darrell Arthur,Hakim Warrick,Kyle Lowry,Quinton Ross,Rudy Gay,Al Harrington,Chris Duhon,Danilo Gallinari,Nate Robinson,Tim Thomas,3,2:22,MEM,foul,,,,,,,,Nate Robinson,,Kyle Lowry,,,,,,personal,,
Darrell Arthur,Hakim Warrick,Kyle Lowry,Quinton Ross,Rudy Gay,Al Harrington,Chris Duhon,Danilo Gallinari,Nate Robinson,Tim Thomas,3,2:13,NYK,shot,,,,,,,,,,Nate Robinson,,,,missed,,3pt,11,29
Darrell Arthur,Hakim Warrick,Kyle Lowry,Quinton Ross,Rudy Gay,Al Harrington,Chris Duhon,Danilo Gallinari,Nate Robinson,Tim Thomas,3,2:11,MEM,rebound,,,,,,,,,,Darrell Arthur,,,,,,def,,
Darrell Arthur,Hakim Warrick,Kyle Lowry,Quinton Ross,Rudy Gay,Al Harrington,Chris Duhon,Danilo Gallinari,Nate Robinson,Tim Thomas,3,1:51,MEM,shot,,,,,,,,,,Quinton Ross,,,,missed,,jump,42,6
Darrell Arthur,Hakim Warrick,Kyle Lowry,Quinton Ross,Rudy Gay,Al Harrington,Chris Duhon,Danilo Gallinari,Nate Robinson,Tim Thomas,3,1:50,NYK,rebound,,,,,,,,,,Danilo Gallinari,,,,,,def,,
Darrell Arthur,Hakim Warrick,Kyle Lowry,Quinton Ross,Rudy Gay,Al Harrington,Chris Duhon,Danilo Gallinari,Nate Robinson,Tim Thomas,3,1:40,MEM,foul,,,,,,,,Danilo Gallinari,,Quinton Ross,,,,,,personal,,
Darrell Arthur,Hakim Warrick,Kyle Lowry,Marko Jaric,Quinton Ross,Al Harrington,Chris Duhon,Danilo Gallinari,Nate Robinson,Tim Thomas,3,1:40,MEM,sub,,,,Marko Jaric,,Rudy Gay,,,,,,,,,,,,
Darrell Arthur,Hakim Warrick,Kyle Lowry,Marko Jaric,Quinton Ross,Al Harrington,Chris Duhon,Danilo Gallinari,Nate Robinson,Tim Thomas,3,1:32,NYK,shot,,,,,,,,,,Al Harrington,,,,missed,,layup,25,6
Darrell Arthur,Hakim Warrick,Kyle Lowry,Marko Jaric,Quinton Ross,Al Harrington,Chris Duhon,Danilo Gallinari,Nate Robinson,Tim Thomas,3,1:31,NYK,rebound,,,,,,,,,,Tim Thomas,,,,,,off,,
Darrell Arthur,Hakim Warrick,Kyle Lowry,Marko Jaric,Quinton Ross,Al Harrington,Chris Duhon,Danilo Gallinari,Nate Robinson,Tim Thomas,3,1:30,NYK,shot,,,,,,,,,,Tim Thomas,2,,,made,,layup,25,6
Darrell Arthur,Hakim Warrick,Kyle Lowry,Marko Jaric,Quinton Ross,Al Harrington,Chris Duhon,Danilo Gallinari,Nate Robinson,Tim Thomas,3,1:23,MEM,turnover,,,,,,,,,,Kyle Lowry,,,traveling,,,,,
Darrell Arthur,Hakim Warrick,Kyle Lowry,Marko Jaric,Quinton Ross,Al Harrington,Chris Duhon,Danilo Gallinari,Nate Robinson,Tim Thomas,3,1:08,NYK,shot,,,,,,,,,,Chris Duhon,,,,missed,,3pt,5,24
Darrell Arthur,Hakim Warrick,Kyle Lowry,Marko Jaric,Quinton Ross,Al Harrington,Chris Duhon,Danilo Gallinari,Nate Robinson,Tim Thomas,3,1:07,MEM,rebound,,,,,,,,,,Kyle Lowry,,,,,,def,,
Darrell Arthur,Hakim Warrick,Kyle Lowry,Marko Jaric,Quinton Ross,Al Harrington,Chris Duhon,Danilo Gallinari,Nate Robinson,Tim Thomas,3,1:04,NYK,foul,,,,,,,,Kyle Lowry,,Danilo Gallinari,,,,,,shooting,,
Darrell Arthur,Hakim Warrick,Kyle Lowry,Marko Jaric,Quinton Ross,Al Harrington,Chris Duhon,Danilo Gallinari,Nate Robinson,Tim Thomas,3,1:04,MEM,free throw,,,,,,,1,,2,Kyle Lowry,,,foul,missed,,,,
Darrell Arthur,Hakim Warrick,Kyle Lowry,Marko Jaric,Quinton Ross,Al Harrington,Chris Duhon,Danilo Gallinari,Nate Robinson,Tim Thomas,3,1:04,MEM,rebound,,,,,,,,,,,,,,,,,,
Darius Miles,Hakim Warrick,Kyle Lowry,Marko Jaric,Quinton Ross,Al Harrington,Chris Duhon,Danilo Gallinari,Nate Robinson,Tim Thomas,3,1:04,MEM,sub,,,,Darius Miles,,Darrell Arthur,,,,,,,,,,,,
Darius Miles,Hakim Warrick,Kyle Lowry,Marko Jaric,Quinton Ross,Al Harrington,Chris Duhon,Danilo Gallinari,Nate Robinson,Tim Thomas,3,1:04,MEM,free throw,,,,,,,2,,2,Kyle Lowry,,,foul,made,,,,
Darius Miles,Hakim Warrick,Kyle Lowry,Marko Jaric,Quinton Ross,Al Harrington,Chris Duhon,Danilo Gallinari,Nate Robinson,Tim Thomas,3,0:43,NYK,shot,,,,,,,,,,Nate Robinson,,,,missed,,jump,26,22
Darius Miles,Hakim Warrick,Kyle Lowry,Marko Jaric,Quinton Ross,Al Harrington,Chris Duhon,Danilo Gallinari,Nate Robinson,Tim Thomas,3,0:42,MEM,rebound,,,,,,,,,,Darius Miles,,,,,,def,,
Darius Miles,Hakim Warrick,Kyle Lowry,Marko Jaric,Quinton Ross,Al Harrington,Chris Duhon,Danilo Gallinari,Nate Robinson,Tim Thomas,3,0:26,MEM,shot,,,,,,,,,,Kyle Lowry,,,,missed,,jump,19,25
Darius Miles,Hakim Warrick,Kyle Lowry,Marko Jaric,Quinton Ross,Al Harrington,Chris Duhon,Danilo Gallinari,Nate Robinson,Tim Thomas,3,0:25,NYK,rebound,,,,,,,,,,Nate Robinson,,,,,,def,,
Darius Miles,Hakim Warrick,Kyle Lowry,Marko Jaric,Quinton Ross,Al Harrington,Chris Duhon,Danilo Gallinari,Nate Robinson,Tim Thomas,3,0:04,NYK,shot,,,,,,,,,,Chris Duhon,,,,missed,,layup,26,8
Darius Miles,Hakim Warrick,Kyle Lowry,Marko Jaric,Quinton Ross,Al Harrington,Chris Duhon,Danilo Gallinari,Nate Robinson,Tim Thomas,3,0:02,MEM,rebound,,,,,,,,,,Darius Miles,,,,,,def,,
Darius Miles,Hakim Warrick,Kyle Lowry,Marko Jaric,Quinton Ross,Al Harrington,Chris Duhon,Danilo Gallinari,Nate Robinson,Tim Thomas,3,0:00,MEM,shot,,,,,,,,,,Kyle Lowry,,,,missed,,3pt,41,31
Darius Miles,Hakim Warrick,Kyle Lowry,Marko Jaric,Quinton Ross,Al Harrington,Chris Duhon,Danilo Gallinari,Nate Robinson,Tim Thomas,3,0:00,MEM,rebound,,,,,,,,,,,,,,,,,,
Darius Miles,Hakim Warrick,Kyle Lowry,Marko Jaric,Quinton Ross,Al Harrington,Danilo Gallinari,David Lee,Nate Robinson,Tim Thomas,4,11:41,MEM,shot,,,Tim Thomas,,,,,,,Marko Jaric,,,,missed,,layup,25,6
Darius Miles,Hakim Warrick,Kyle Lowry,Marko Jaric,Quinton Ross,Al Harrington,Danilo Gallinari,David Lee,Nate Robinson,Tim Thomas,4,11:39,NYK,rebound,,,,,,,,,,Al Harrington,,,,,,def,,
Darius Miles,Hakim Warrick,Kyle Lowry,Marko Jaric,Quinton Ross,Al Harrington,Danilo Gallinari,David Lee,Nate Robinson,Tim Thomas,4,11:20,NYK,turnover,,,,,,,,,,Al Harrington,,,bad pass,,Kyle Lowry,,,
Darius Miles,Hakim Warrick,Kyle Lowry,Marko Jaric,Quinton Ross,Al Harrington,Danilo Gallinari,David Lee,Nate Robinson,Tim Thomas,4,11:16,MEM,shot,,,,,,,,,,Kyle Lowry,2,,,made,,driving layup,25,6
Darius Miles,Hakim Warrick,Kyle Lowry,Marko Jaric,Quinton Ross,Al Harrington,Danilo Gallinari,David Lee,Nate Robinson,Tim Thomas,4,10:54,MEM,foul,,,,,,,,Tim Thomas,,Marko Jaric,,,,,,shooting,,
Darius Miles,Hakim Warrick,Kyle Lowry,Marko Jaric,Quinton Ross,Al Harrington,Danilo Gallinari,David Lee,Nate Robinson,Tim Thomas,4,10:54,NYK,free throw,,,,,,,1,,2,Tim Thomas,,,foul,made,,,,
Darius Miles,Hakim Warrick,Kyle Lowry,Marko Jaric,Quinton Ross,Al Harrington,Danilo Gallinari,David Lee,Nate Robinson,Tim Thomas,4,10:54,NYK,free throw,,,,,,,2,,2,Tim Thomas,,,foul,made,,,,
Darius Miles,Hakim Warrick,Kyle Lowry,Marko Jaric,Quinton Ross,Al Harrington,Danilo Gallinari,David Lee,Nate Robinson,Tim Thomas,4,10:35,MEM,shot,,,,,,,,,,Hakim Warrick,,,,missed,,layup,25,6
Darius Miles,Hakim Warrick,Kyle Lowry,Marko Jaric,Quinton Ross,Al Harrington,Danilo Gallinari,David Lee,Nate Robinson,Tim Thomas,4,10:34,NYK,rebound,,,,,,,,,,Nate Robinson,,,,,,def,,
Darius Miles,Hakim Warrick,Kyle Lowry,Marko Jaric,Quinton Ross,Al Harrington,Danilo Gallinari,David Lee,Nate Robinson,Tim Thomas,4,10:24,NYK,shot,Danilo Gallinari,,,,,,,,,Al Harrington,2,,,made,,layup,25,6
Darius Miles,Hakim Warrick,Kyle Lowry,Marko Jaric,Quinton Ross,Al Harrington,Danilo Gallinari,David Lee,Nate Robinson,Tim Thomas,4,10:18,NYK,foul,,,,,,,,Kyle Lowry,,Nate Robinson,,,,,,shooting,,
Darius Miles,Hakim Warrick,Kyle Lowry,Marko Jaric,Quinton Ross,Al Harrington,Danilo Gallinari,David Lee,Nate Robinson,Tim Thomas,4,10:18,MEM,free throw,,,,,,,1,,2,Kyle Lowry,,,foul,made,,,,
Darius Miles,Hakim Warrick,Kyle Lowry,Marko Jaric,Quinton Ross,Al Harrington,Danilo Gallinari,David Lee,Nate Robinson,Tim Thomas,4,10:18,MEM,free throw,,,,,,,2,,2,Kyle Lowry,,,foul,made,,,,
Darius Miles,Hakim Warrick,Kyle Lowry,Marko Jaric,Quinton Ross,Al Harrington,Danilo Gallinari,David Lee,Nate Robinson,Tim Thomas,4,10:05,MEM,foul,,,,,,,,Nate Robinson,,Darius Miles,,,,,,shooting,,
Darius Miles,Hakim Warrick,Kyle Lowry,Marko Jaric,Quinton Ross,Al Harrington,Danilo Gallinari,David Lee,Nate Robinson,Tim Thomas,4,10:05,NYK,free throw,,,,,,,1,,2,Nate Robinson,,,foul,missed,,,,
Darius Miles,Hakim Warrick,Kyle Lowry,Marko Jaric,Quinton Ross,Al Harrington,Danilo Gallinari,David Lee,Nate Robinson,Tim Thomas,4,10:05,NYK,rebound,,,,,,,,,,,,,,,,,,
Darius Miles,Hakim Warrick,Kyle Lowry,Marko Jaric,Quinton Ross,Al Harrington,Danilo Gallinari,David Lee,Nate Robinson,Tim Thomas,4,10:05,NYK,free throw,,,,,,,2,,2,Nate Robinson,,,foul,made,,,,
Darius Miles,Hakim Warrick,Kyle Lowry,Marko Jaric,Quinton Ross,Al Harrington,Danilo Gallinari,David Lee,Nate Robinson,Tim Thomas,4,9:44,NYK,foul,,,,,,,,Hakim Warrick,,Tim Thomas,,,,,,shooting,,
Darius Miles,Hakim Warrick,Kyle Lowry,Marko Jaric,Quinton Ross,Al Harrington,Danilo Gallinari,David Lee,Nate Robinson,Tim Thomas,4,9:44,MEM,free throw,,,,,,,1,,2,Hakim Warrick,,,foul,missed,,,,
Darius Miles,Hakim Warrick,Kyle Lowry,Marko Jaric,Quinton Ross,Al Harrington,Danilo Gallinari,David Lee,Nate Robinson,Tim Thomas,4,9:44,MEM,rebound,,,,,,,,,,,,,,,,,,
Darius Miles,Hakim Warrick,Kyle Lowry,Marko Jaric,Quinton Ross,Al Harrington,Danilo Gallinari,David Lee,Nate Robinson,Tim Thomas,4,9:44,MEM,free throw,,,,,,,2,,2,Hakim Warrick,,,foul,made,,,,
Darius Miles,Hakim Warrick,Kyle Lowry,Marko Jaric,Quinton Ross,Al Harrington,Danilo Gallinari,David Lee,Nate Robinson,Tim Thomas,4,9:31,NYK,shot,,,,,,,,,,Danilo Gallinari,2,,,made,,running jump,39,6
Darius Miles,Hakim Warrick,Kyle Lowry,Marko Jaric,Quinton Ross,Al Harrington,Danilo Gallinari,David Lee,Nate Robinson,Tim Thomas,4,9:18,MEM,foul,,,,,,,,Nate Robinson,,Kyle Lowry,,,,,,offensive,,
Darius Miles,Hakim Warrick,Kyle Lowry,Marko Jaric,Quinton Ross,Al Harrington,Danilo Gallinari,David Lee,Nate Robinson,Tim Thomas,4,9:18,MEM,turnover,,,,,,,,,,Kyle Lowry,,,foul,,,,,
Darius Miles,Hakim Warrick,Kyle Lowry,Marko Jaric,Quinton Ross,Al Harrington,Danilo Gallinari,David Lee,Nate Robinson,Tim Thomas,4,9:04,NYK,shot,,,,,,,,,,Al Harrington,,,,missed,,3pt,31,31
Darius Miles,Hakim Warrick,Kyle Lowry,Marko Jaric,Quinton Ross,Al Harrington,Danilo Gallinari,David Lee,Nate Robinson,Tim Thomas,4,9:03,MEM,rebound,,,,,,,,,,Quinton Ross,,,,,,def,,
Darius Miles,Hakim Warrick,Kyle Lowry,Marko Jaric,Quinton Ross,Al Harrington,Danilo Gallinari,David Lee,Nate Robinson,Tim Thomas,4,9:03,MEM,turnover,,,,,,,,,,Quinton Ross,,,poss lost ball turnover,,Danilo Gallinari,,,
Darius Miles,Hakim Warrick,Kyle Lowry,Marko Jaric,Quinton Ross,Al Harrington,Danilo Gallinari,David Lee,Nate Robinson,Tim Thomas,4,9:01,MEM,foul,,,,,,,,Danilo Gallinari,,Marko Jaric,,,,,,shooting,,
Darius Miles,Hakim Warrick,Kyle Lowry,Marko Jaric,Quinton Ross,Al Harrington,Danilo Gallinari,David Lee,Nate Robinson,Tim Thomas,4,9:01,NYK,free throw,,,,,,,1,,2,Danilo Gallinari,,,foul,made,,,,
Darius Miles,Hakim Warrick,Kyle Lowry,Marko Jaric,Rudy Gay,Al Harrington,Danilo Gallinari,David Lee,Nate Robinson,Tim Thomas,4,9:01,MEM,sub,,,,Rudy Gay,,Quinton Ross,,,,,,,,,,,,
Darius Miles,Hakim Warrick,Kyle Lowry,Marko Jaric,Rudy Gay,Al Harrington,Danilo Gallinari,David Lee,Nate Robinson,Tim Thomas,4,9:01,NYK,free throw,,,,,,,2,,2,Danilo Gallinari,,,foul,made,,,,
Darius Miles,Hakim Warrick,Kyle Lowry,Marko Jaric,Rudy Gay,Al Harrington,Danilo Gallinari,David Lee,Nate Robinson,Tim Thomas,4,8:43,MEM,shot,,,,,,,,,,Rudy Gay,2,,,made,,jump,14,18
Darius Miles,Hakim Warrick,Kyle Lowry,Marko Jaric,Rudy Gay,Al Harrington,Danilo Gallinari,David Lee,Nate Robinson,Tim Thomas,4,8:37,NYK,shot,Nate Robinson,,,,,,,,,Tim Thomas,2,,,made,,layup,25,6
Darius Miles,Hakim Warrick,Kyle Lowry,Marko Jaric,Rudy Gay,Al Harrington,Danilo Gallinari,David Lee,Nate Robinson,Tim Thomas,4,8:37,MEM,foul,,,,,,,,Tim Thomas,,Hakim Warrick,,,,,,shooting,,
Darius Miles,Hakim Warrick,Kyle Lowry,Marko Jaric,Rudy Gay,Al Harrington,Danilo Gallinari,David Lee,Nate Robinson,Tim Thomas,4,8:37,OFF,timeout,,,,,,,,,,,,,,,,official,,
Darius Miles,Hakim Warrick,Kyle Lowry,Marc Gasol,Rudy Gay,Al Harrington,Danilo Gallinari,David Lee,Nate Robinson,Tim Thomas,4,8:37,MEM,sub,,,,Marc Gasol,,Marko Jaric,,,,,,,,,,,,
Hakim Warrick,Kyle Lowry,Marc Gasol,O.J. Mayo,Rudy Gay,Al Harrington,Danilo Gallinari,David Lee,Nate Robinson,Tim Thomas,4,8:37,MEM,sub,,,,O.J. Mayo,,Darius Miles,,,,,,,,,,,,
Hakim Warrick,Kyle Lowry,Marc Gasol,O.J. Mayo,Rudy Gay,Al Harrington,Danilo Gallinari,David Lee,Nate Robinson,Tim Thomas,4,8:37,NYK,free throw,,,,,,,1,,1,Tim Thomas,,,foul,made,,,,
Hakim Warrick,Kyle Lowry,Marc Gasol,O.J. Mayo,Rudy Gay,Al Harrington,Danilo Gallinari,David Lee,Nate Robinson,Tim Thomas,4,8:17,MEM,shot,,,Tim Thomas,,,,,,,O.J. Mayo,,,,missed,,layup,25,6
Hakim Warrick,Kyle Lowry,Marc Gasol,O.J. Mayo,Rudy Gay,Al Harrington,Danilo Gallinari,David Lee,Nate Robinson,Tim Thomas,4,8:17,MEM,rebound,,,,,,,,,,,,,,,,,,
Darrell Arthur,Kyle Lowry,Marc Gasol,O.J. Mayo,Rudy Gay,Al Harrington,Danilo Gallinari,David Lee,Nate Robinson,Tim Thomas,4,8:17,MEM,sub,,,,Darrell Arthur,,Hakim Warrick,,,,,,,,,,,,
Darrell Arthur,Marc Gasol,Mike Conley,O.J. Mayo,Rudy Gay,Al Harrington,Danilo Gallinari,David Lee,Nate Robinson,Tim Thomas,4,8:17,MEM,sub,,,,Mike Conley,,Kyle Lowry,,,,,,,,,,,,
Darrell Arthur,Marc Gasol,Mike Conley,O.J. Mayo,Rudy Gay,Al Harrington,Danilo Gallinari,David Lee,Nate Robinson,Tim Thomas,4,8:15,MEM,shot,,,,,,,,,,Rudy Gay,,,,missed,,jump,41,14
Darrell Arthur,Marc Gasol,Mike Conley,O.J. Mayo,Rudy Gay,Al Harrington,Danilo Gallinari,David Lee,Nate Robinson,Tim Thomas,4,8:11,MEM,rebound,,,,,,,,,,Marc Gasol,,,,,,off,,
Darrell Arthur,Marc Gasol,Mike Conley,O.J. Mayo,Rudy Gay,Al Harrington,Danilo Gallinari,David Lee,Nate Robinson,Tim Thomas,4,8:11,MEM,shot,,,,,,,,,,Marc Gasol,2,,,made,,dunk,25,6
Darrell Arthur,Marc Gasol,Mike Conley,O.J. Mayo,Rudy Gay,Al Harrington,Danilo Gallinari,David Lee,Nate Robinson,Tim Thomas,4,7:52,NYK,shot,Al Harrington,,,,,,,,,Nate Robinson,3,,,made,,3pt,16,30
Darrell Arthur,Marc Gasol,Mike Conley,O.J. Mayo,Rudy Gay,Al Harrington,Danilo Gallinari,David Lee,Nate Robinson,Tim Thomas,4,7:26,MEM,shot,,,Al Harrington,,,,,,,Marc Gasol,,,,missed,,jump,31,16
Darrell Arthur,Marc Gasol,Mike Conley,O.J. Mayo,Rudy Gay,Al Harrington,Danilo Gallinari,David Lee,Nate Robinson,Tim Thomas,4,7:25,NYK,rebound,,,,,,,,,,Nate Robinson,,,,,,def,,
Darrell Arthur,Marc Gasol,Mike Conley,O.J. Mayo,Rudy Gay,Al Harrington,Danilo Gallinari,David Lee,Nate Robinson,Tim Thomas,4,7:14,NYK,shot,,,,,,,,,,Tim Thomas,,,,missed,,3pt,15,31
Darrell Arthur,Marc Gasol,Mike Conley,O.J. Mayo,Rudy Gay,Al Harrington,Danilo Gallinari,David Lee,Nate Robinson,Tim Thomas,4,7:12,MEM,rebound,,,,,,,,,,,,,,,,,,
Darrell Arthur,Marc Gasol,Mike Conley,O.J. Mayo,Rudy Gay,Al Harrington,Danilo Gallinari,David Lee,Nate Robinson,Tim Thomas,4,7:00,NYK,foul,,,,,,,,Rudy Gay,,Danilo Gallinari,,,,,,personal,,
Darrell Arthur,Hakim Warrick,Mike Conley,O.J. Mayo,Rudy Gay,Al Harrington,Danilo Gallinari,David Lee,Nate Robinson,Tim Thomas,4,7:00,MEM,sub,,,,Hakim Warrick,,Marc Gasol,,,,,,,,,,,,
Darrell Arthur,Hakim Warrick,Mike Conley,O.J. Mayo,Rudy Gay,Al Harrington,Danilo Gallinari,David Lee,Nate Robinson,Tim Thomas,4,6:47,MEM,shot,,,,,,,,,,Mike Conley,,,,missed,,jump,27,12
Darrell Arthur,Hakim Warrick,Mike Conley,O.J. Mayo,Rudy Gay,Al Harrington,Danilo Gallinari,David Lee,Nate Robinson,Tim Thomas,4,6:47,NYK,rebound,,,,,,,,,,David Lee,,,,,,def,,
Darrell Arthur,Hakim Warrick,Mike Conley,O.J. Mayo,Rudy Gay,Al Harrington,Danilo Gallinari,David Lee,Nate Robinson,Tim Thomas,4,6:47,MEM,foul,,,,,,,,David Lee,,Darrell Arthur,,,,,,loose ball,,
Darrell Arthur,Hakim Warrick,Mike Conley,O.J. Mayo,Rudy Gay,Al Harrington,Danilo Gallinari,David Lee,Nate Robinson,Tim Thomas,4,6:47,NYK,free throw,,,,,,,1,,2,David Lee,,,foul,made,,,,
Darrell Arthur,Hakim Warrick,Mike Conley,O.J. Mayo,Rudy Gay,Al Harrington,Danilo Gallinari,David Lee,Nate Robinson,Tim Thomas,4,6:47,NYK,free throw,,,,,,,2,,2,David Lee,,,foul,made,,,,
Darrell Arthur,Hakim Warrick,Mike Conley,O.J. Mayo,Rudy Gay,Al Harrington,Danilo Gallinari,David Lee,Nate Robinson,Tim Thomas,4,6:33,MEM,shot,,,,,,,,,,O.J. Mayo,,,,missed,,jump,35,21
Darrell Arthur,Hakim Warrick,Mike Conley,O.J. Mayo,Rudy Gay,Al Harrington,Danilo Gallinari,David Lee,Nate Robinson,Tim Thomas,4,6:32,NYK,rebound,,,,,,,,,,Al Harrington,,,,,,def,,
Darrell Arthur,Hakim Warrick,Mike Conley,O.J. Mayo,Rudy Gay,Al Harrington,Danilo Gallinari,David Lee,Nate Robinson,Tim Thomas,4,6:19,NYK,shot,Al Harrington,,,,,,,,,Danilo Gallinari,3,,,made,,3pt,46,18
Darrell Arthur,Hakim Warrick,Mike Conley,O.J. Mayo,Rudy Gay,Al Harrington,Danilo Gallinari,David Lee,Nate Robinson,Tim Thomas,4,6:00,NYK,foul,,,,,,,,Rudy Gay,,Danilo Gallinari,,,,,,shooting,,
Darrell Arthur,Hakim Warrick,Mike Conley,O.J. Mayo,Rudy Gay,Al Harrington,David Lee,Nate Robinson,Tim Thomas,Wilson Chandler,4,6:00,NYK,sub,,,,Wilson Chandler,,Danilo Gallinari,,,,,,,,,,,,
Darrell Arthur,Hakim Warrick,Mike Conley,O.J. Mayo,Rudy Gay,Al Harrington,David Lee,Nate Robinson,Tim Thomas,Wilson Chandler,4,6:00,MEM,free throw,,,,,,,1,,2,Rudy Gay,,,foul,made,,,,
Darrell Arthur,Hakim Warrick,Mike Conley,O.J. Mayo,Rudy Gay,Al Harrington,David Lee,Nate Robinson,Tim Thomas,Wilson Chandler,4,6:00,MEM,free throw,,,,,,,2,,2,Rudy Gay,,,foul,made,,,,
Darrell Arthur,Hakim Warrick,Mike Conley,O.J. Mayo,Rudy Gay,Al Harrington,David Lee,Nate Robinson,Tim Thomas,Wilson Chandler,4,5:43,NYK,shot,,,,,,,,,,Nate Robinson,2,,,made,,jump,11,12
Darrell Arthur,Hakim Warrick,Mike Conley,O.J. Mayo,Rudy Gay,Al Harrington,David Lee,Nate Robinson,Tim Thomas,Wilson Chandler,4,5:27,MEM,shot,Rudy Gay,,,,,,,,,Mike Conley,3,,,made,,3pt,49,6
Darrell Arthur,Hakim Warrick,Mike Conley,O.J. Mayo,Rudy Gay,Al Harrington,David Lee,Nate Robinson,Tim Thomas,Wilson Chandler,4,5:17,NYK,turnover,,,,,,,,,,David Lee,,,lost ball,,Mike Conley,,,
Darrell Arthur,Hakim Warrick,Mike Conley,O.J. Mayo,Rudy Gay,Al Harrington,David Lee,Nate Robinson,Tim Thomas,Wilson Chandler,4,5:14,NYK,foul,,,,,,,,Rudy Gay,,Tim Thomas,,,,,,personal,,
Darrell Arthur,Hakim Warrick,Mike Conley,O.J. Mayo,Rudy Gay,Chris Duhon,David Lee,Nate Robinson,Tim Thomas,Wilson Chandler,4,5:14,NYK,sub,,,,Chris Duhon,,Al Harrington,,,,,,,,,,,,
Darrell Arthur,Hakim Warrick,Mike Conley,O.J. Mayo,Rudy Gay,Chris Duhon,David Lee,Nate Robinson,Tim Thomas,Wilson Chandler,4,5:14,MEM,free throw,,,,,,,1,,2,Rudy Gay,,,foul,made,,,,
Darrell Arthur,Hakim Warrick,Mike Conley,O.J. Mayo,Rudy Gay,Chris Duhon,David Lee,Nate Robinson,Tim Thomas,Wilson Chandler,4,5:14,MEM,free throw,,,,,,,2,,2,Rudy Gay,,,foul,made,,,,
Darrell Arthur,Hakim Warrick,Mike Conley,O.J. Mayo,Rudy Gay,Chris Duhon,David Lee,Nate Robinson,Tim Thomas,Wilson Chandler,4,4:54,NYK,shot,,,,,,,,,,Nate Robinson,,,,missed,,3pt,9,28
Darrell Arthur,Hakim Warrick,Mike Conley,O.J. Mayo,Rudy Gay,Chris Duhon,David Lee,Nate Robinson,Tim Thomas,Wilson Chandler,4,4:52,MEM,rebound,,,,,,,,,,Mike Conley,,,,,,def,,
Darrell Arthur,Hakim Warrick,Mike Conley,O.J. Mayo,Rudy Gay,Chris Duhon,David Lee,Nate Robinson,Tim Thomas,Wilson Chandler,4,4:47,MEM,shot,Rudy Gay,,,,,,,,,O.J. Mayo,3,,,made,,3pt,41,27
Darrell Arthur,Hakim Warrick,Mike Conley,O.J. Mayo,Rudy Gay,Chris Duhon,David Lee,Nate Robinson,Tim Thomas,Wilson Chandler,4,4:40,MEM,violation,,,,,,,,,,Rudy Gay,,,,,,kicked ball,,
Darrell Arthur,Hakim Warrick,Mike Conley,O.J. Mayo,Rudy Gay,Chris Duhon,David Lee,Nate Robinson,Tim Thomas,Wilson Chandler,4,4:28,NYK,shot,,,,,,,,,,Wilson Chandler,,,,missed,,3pt,48,6
Darrell Arthur,Hakim Warrick,Mike Conley,O.J. Mayo,Rudy Gay,Chris Duhon,David Lee,Nate Robinson,Tim Thomas,Wilson Chandler,4,4:27,NYK,rebound,,,,,,,,,,Nate Robinson,,,,,,off,,
Darrell Arthur,Hakim Warrick,Mike Conley,O.J. Mayo,Rudy Gay,Chris Duhon,David Lee,Nate Robinson,Tim Thomas,Wilson Chandler,4,4:14,NYK,shot,Nate Robinson,,,,,,,,,David Lee,2,,,made,,slam dunk,25,6
Darrell Arthur,Hakim Warrick,Mike Conley,O.J. Mayo,Rudy Gay,Chris Duhon,David Lee,Nate Robinson,Tim Thomas,Wilson Chandler,4,3:58,MEM,shot,,,,,,,,,,O.J. Mayo,,,,missed,,jump,26,11
Darrell Arthur,Hakim Warrick,Mike Conley,O.J. Mayo,Rudy Gay,Chris Duhon,David Lee,Nate Robinson,Tim Thomas,Wilson Chandler,4,3:57,MEM,rebound,,,,,,,,,,O.J. Mayo,,,,,,off,,
Darrell Arthur,Hakim Warrick,Mike Conley,O.J. Mayo,Rudy Gay,Chris Duhon,David Lee,Nate Robinson,Tim Thomas,Wilson Chandler,4,3:54,MEM,shot,,,,,,,,,,O.J. Mayo,,,,missed,,layup,25,6
Darrell Arthur,Hakim Warrick,Mike Conley,O.J. Mayo,Rudy Gay,Chris Duhon,David Lee,Nate Robinson,Tim Thomas,Wilson Chandler,4,3:52,MEM,shot,,,,,,,,,,Darrell Arthur,,,,missed,,tip,25,6
Darrell Arthur,Hakim Warrick,Mike Conley,O.J. Mayo,Rudy Gay,Chris Duhon,David Lee,Nate Robinson,Tim Thomas,Wilson Chandler,4,3:52,MEM,rebound,,,,,,,,,,Darrell Arthur,,,,,,off,,
Darrell Arthur,Hakim Warrick,Mike Conley,O.J. Mayo,Rudy Gay,Chris Duhon,David Lee,Nate Robinson,Tim Thomas,Wilson Chandler,4,3:52,MEM,rebound,,,,,,,,,,O.J. Mayo,,,,,,off,,
Darrell Arthur,Hakim Warrick,Mike Conley,O.J. Mayo,Rudy Gay,Chris Duhon,David Lee,Nate Robinson,Tim Thomas,Wilson Chandler,4,3:52,NYK,foul,,,,,,,,O.J. Mayo,,Wilson Chandler,,,,,,personal,,
Darrell Arthur,Hakim Warrick,Mike Conley,O.J. Mayo,Rudy Gay,Chris Duhon,David Lee,Nate Robinson,Tim Thomas,Wilson Chandler,4,3:52,MEM,free throw,,,,,,,1,,2,O.J. Mayo,,,foul,made,,,,
Darrell Arthur,Hakim Warrick,Mike Conley,O.J. Mayo,Rudy Gay,Chris Duhon,David Lee,Nate Robinson,Tim Thomas,Wilson Chandler,4,3:52,MEM,free throw,,,,,,,2,,2,O.J. Mayo,,,foul,made,,,,
Darrell Arthur,Hakim Warrick,Mike Conley,O.J. Mayo,Rudy Gay,Chris Duhon,David Lee,Nate Robinson,Tim Thomas,Wilson Chandler,4,3:47,NYK,shot,Wilson Chandler,,,,,,,,,Tim Thomas,2,,,made,,driving finger roll layup,25,6
Darrell Arthur,Hakim Warrick,Mike Conley,O.J. Mayo,Rudy Gay,Chris Duhon,David Lee,Nate Robinson,Tim Thomas,Wilson Chandler,4,3:30,MEM,shot,,,,,,,,,,Darrell Arthur,,,,missed,,jump,23,18
Darrell Arthur,Hakim Warrick,Mike Conley,O.J. Mayo,Rudy Gay,Chris Duhon,David Lee,Nate Robinson,Tim Thomas,Wilson Chandler,4,3:29,NYK,rebound,,,,,,,,,,David Lee,,,,,,def,,
Darrell Arthur,Hakim Warrick,Mike Conley,O.J. Mayo,Rudy Gay,Chris Duhon,David Lee,Nate Robinson,Tim Thomas,Wilson Chandler,4,3:15,NYK,shot,Tim Thomas,,,,,,,,,Wilson Chandler,2,,,made,,jump,11,8
Darrell Arthur,Hakim Warrick,Mike Conley,O.J. Mayo,Rudy Gay,Chris Duhon,David Lee,Nate Robinson,Tim Thomas,Wilson Chandler,4,3:08,MEM,timeout,,,,,,,,,,,,,,,,regular,,
Darius Miles,Hakim Warrick,Mike Conley,O.J. Mayo,Rudy Gay,Chris Duhon,David Lee,Nate Robinson,Tim Thomas,Wilson Chandler,4,3:08,MEM,sub,,,,Darius Miles,,Darrell Arthur,,,,,,,,,,,,
Darius Miles,Hakim Warrick,Kyle Lowry,Mike Conley,O.J. Mayo,Chris Duhon,David Lee,Nate Robinson,Tim Thomas,Wilson Chandler,4,3:08,MEM,sub,,,,Kyle Lowry,,Rudy Gay,,,,,,,,,,,,
Darius Miles,Hakim Warrick,Kyle Lowry,Marko Jaric,O.J. Mayo,Chris Duhon,David Lee,Nate Robinson,Tim Thomas,Wilson Chandler,4,3:08,MEM,sub,,,,Marko Jaric,,Mike Conley,,,,,,,,,,,,
Darius Miles,Hakim Warrick,Kyle Lowry,Marko Jaric,Quinton Ross,Chris Duhon,David Lee,Nate Robinson,Tim Thomas,Wilson Chandler,4,3:08,MEM,sub,,,,Quinton Ross,,O.J. Mayo,,,,,,,,,,,,
Darius Miles,Hamed Haddadi,Kyle Lowry,Marko Jaric,Quinton Ross,Chris Duhon,David Lee,Nate Robinson,Tim Thomas,Wilson Chandler,4,3:08,MEM,sub,,,,Hamed Haddadi,,Hakim Warrick,,,,,,,,,,,,
Darius Miles,Hamed Haddadi,Kyle Lowry,Marko Jaric,Quinton Ross,David Lee,Jared Jeffries,Nate Robinson,Tim Thomas,Wilson Chandler,4,3:08,NYK,sub,,,,Jared Jeffries,,Chris Duhon,,,,,,,,,,,,
Darius Miles,Hamed Haddadi,Kyle Lowry,Marko Jaric,Quinton Ross,David Lee,Jared Jeffries,Nate Robinson,Tim Thomas,Wilson Chandler,4,3:00,NYK,foul,,,,,,,,Hamed Haddadi,,Tim Thomas,,,,,,flagrant type 1,,
Darius Miles,Hamed Haddadi,Kyle Lowry,Marko Jaric,Quinton Ross,David Lee,Jared Jeffries,Nate Robinson,Tim Thomas,Wilson Chandler,4,3:00,MEM,free throw,,,,,,,1,,2,Hamed Haddadi,,,flagrant,missed,,,,
Darius Miles,Hamed Haddadi,Kyle Lowry,Marko Jaric,Quinton Ross,David Lee,Jared Jeffries,Nate Robinson,Tim Thomas,Wilson Chandler,4,3:00,MEM,rebound,,,,,,,,,,,,,,,,,,
Darius Miles,Hamed Haddadi,Kyle Lowry,Marko Jaric,Quinton Ross,David Lee,Jared Jeffries,Nate Robinson,Tim Thomas,Wilson Chandler,4,3:00,MEM,free throw,,,,,,,2,,2,Hamed Haddadi,,,flagrant,made,,,,
Darius Miles,Hamed Haddadi,Kyle Lowry,Marko Jaric,Quinton Ross,David Lee,Jared Jeffries,Nate Robinson,Tim Thomas,Wilson Chandler,4,2:51,MEM,turnover,,,,,,,,,,Darius Miles,,,bad pass,,Wilson Chandler,,,
Darius Miles,Hamed Haddadi,Kyle Lowry,Marko Jaric,Quinton Ross,David Lee,Jared Jeffries,Nate Robinson,Tim Thomas,Wilson Chandler,4,2:34,NYK,shot,,,,,,,,,,David Lee,2,,,made,,layup,25,6
Darius Miles,Hamed Haddadi,Kyle Lowry,Marko Jaric,Quinton Ross,David Lee,Jared Jeffries,Nate Robinson,Tim Thomas,Wilson Chandler,4,2:34,MEM,foul,,,,,,,,David Lee,,Hamed Haddadi,,,,,,shooting,,
Darius Miles,Hamed Haddadi,Kyle Lowry,Marko Jaric,Quinton Ross,David Lee,Jared Jeffries,Nate Robinson,Tim Thomas,Wilson Chandler,4,2:34,NYK,free throw,,,,,,,1,,1,David Lee,,,foul,missed,,,,
Darius Miles,Hamed Haddadi,Kyle Lowry,Marko Jaric,Quinton Ross,David Lee,Jared Jeffries,Nate Robinson,Tim Thomas,Wilson Chandler,4,2:32,MEM,rebound,,,,,,,,,,Quinton Ross,,,,,,def,,
Darius Miles,Hamed Haddadi,Kyle Lowry,Marko Jaric,Quinton Ross,David Lee,Jared Jeffries,Nate Robinson,Tim Thomas,Wilson Chandler,4,2:15,MEM,shot,,,,,,,,,,Quinton Ross,,,,missed,,jump,24,23
Darius Miles,Hamed Haddadi,Kyle Lowry,Marko Jaric,Quinton Ross,David Lee,Jared Jeffries,Nate Robinson,Tim Thomas,Wilson Chandler,4,2:13,NYK,rebound,,,,,,,,,,Tim Thomas,,,,,,def,,
Darius Miles,Hamed Haddadi,Kyle Lowry,Marko Jaric,Quinton Ross,David Lee,Jared Jeffries,Nate Robinson,Tim Thomas,Wilson Chandler,4,1:50,MEM,foul,,,,,,,,Nate Robinson,,Kyle Lowry,,,,,,shooting,,
Darius Miles,Hamed Haddadi,Kyle Lowry,Marko Jaric,Quinton Ross,Jared Jeffries,Malik Rose,Nate Robinson,Tim Thomas,Wilson Chandler,4,1:50,NYK,sub,,,,Malik Rose,,David Lee,,,,,,,,,,,,
Darius Miles,Hamed Haddadi,Kyle Lowry,Marko Jaric,Quinton Ross,Anthony Roberson,Jared Jeffries,Malik Rose,Nate Robinson,Tim Thomas,4,1:50,NYK,sub,,,,Anthony Roberson,,Wilson Chandler,,,,,,,,,,,,
Darius Miles,Hamed Haddadi,Kyle Lowry,Marko Jaric,Quinton Ross,Anthony Roberson,Jared Jeffries,Malik Rose,Nate Robinson,Tim Thomas,4,1:50,NYK,free throw,,,,,,,1,,2,Nate Robinson,,,foul,made,,,,
Darius Miles,Hamed Haddadi,Kyle Lowry,Marko Jaric,Quinton Ross,Anthony Roberson,Jared Jeffries,Malik Rose,Nate Robinson,Tim Thomas,4,1:50,NYK,free throw,,,,,,,2,,2,Nate Robinson,,,foul,made,,,,
Darius Miles,Hamed Haddadi,Kyle Lowry,Marko Jaric,Quinton Ross,Anthony Roberson,Jared Jeffries,Malik Rose,Nate Robinson,Tim Thomas,4,1:31,MEM,shot,,,,,,,,,,Darius Miles,2,,,made,,layup,25,6
Darius Miles,Hamed Haddadi,Kyle Lowry,Marko Jaric,Quinton Ross,Anthony Roberson,Jared Jeffries,Malik Rose,Nate Robinson,Tim Thomas,4,1:11,NYK,shot,,,,,,,,,,Malik Rose,2,,,made,,jump,44,9
Darius Miles,Hamed Haddadi,Kyle Lowry,Marko Jaric,Quinton Ross,Anthony Roberson,Jared Jeffries,Malik Rose,Nate Robinson,Tim Thomas,4,1:00,MEM,shot,,,,,,,,,,Hamed Haddadi,2,,,made,,jump,29,12
Darius Miles,Hamed Haddadi,Kyle Lowry,Marko Jaric,Quinton Ross,Anthony Roberson,Jared Jeffries,Malik Rose,Nate Robinson,Tim Thomas,4,0:49,NYK,shot,Tim Thomas,,,,,,,,,Jared Jeffries,2,,,made,,jump,11,18
Darius Miles,Hamed Haddadi,Kyle Lowry,Marko Jaric,Quinton Ross,Anthony Roberson,Jared Jeffries,Malik Rose,Nate Robinson,Tim Thomas,4,0:40,MEM,shot,,,,,,,,,,Marko Jaric,,,,missed,,jump,41,20
Darius Miles,Hamed Haddadi,Kyle Lowry,Marko Jaric,Quinton Ross,Anthony Roberson,Jared Jeffries,Malik Rose,Nate Robinson,Tim Thomas,4,0:38,MEM,rebound,,,,,,,,,,Marko Jaric,,,,,,off,,
Darius Miles,Hamed Haddadi,Kyle Lowry,Marko Jaric,Quinton Ross,Anthony Roberson,Jared Jeffries,Malik Rose,Nate Robinson,Tim Thomas,4,0:34,MEM,turnover,,,,,,,,,,Darius Miles,,,bad pass,,Nate Robinson,,,
Darius Miles,Hamed Haddadi,Kyle Lowry,Marko Jaric,Quinton Ross,Anthony Roberson,Jared Jeffries,Malik Rose,Nate Robinson,Tim Thomas,4,0:28,NYK,shot,,,,,,,,,,Anthony Roberson,,,,missed,,3pt,45,21
Darius Miles,Hamed Haddadi,Kyle Lowry,Marko Jaric,Quinton Ross,Anthony Roberson,Jared Jeffries,Malik Rose,Nate Robinson,Tim Thomas,4,0:27,MEM,rebound,,,,,,,,,,Kyle Lowry,,,,,,def,,
Darius Miles,Hamed Haddadi,Kyle Lowry,Marko Jaric,Quinton Ross,Anthony Roberson,Jared Jeffries,Malik Rose,Nate Robinson,Tim Thomas,4,0:23,MEM,turnover,,,,,,,,,,Kyle Lowry,,,bad pass,,,,,
