a1,a2,a3,a4,a5,h1,h2,h3,h4,h5,period,time,team,etype,assist,away,block,entered,home,left,num,opponent,outof,player,points,possession,reason,result,steal,type,x,y
Andres Nocioni,Beno Udrih,Jason Thompson,Kevin Martin,Spencer Hawes,Al Horford,Joe Johnson,Josh Smith,Maurice Evans,Mike Bibby,1,12:00,OFF,jump ball,,Spencer Hawes,,,Josh Smith,,,,,,,Kevin Martin,,,,,,
Andres Nocioni,Beno Udrih,Jason Thompson,Kevin Martin,Spencer Hawes,Al Horford,Joe Johnson,Josh Smith,Maurice Evans,Mike Bibby,1,11:44,SAC,shot,Andres Nocioni,,,,,,,,,Jason Thompson,2,,,made,,jump,12,23
Andres Nocioni,Beno Udrih,Jason Thompson,Kevin Martin,Spencer Hawes,Al Horford,Joe Johnson,Josh Smith,Maurice Evans,Mike Bibby,1,11:31,SAC,foul,,,,,,,,Joe Johnson,,Andres Nocioni,,,,,,personal,,
Andres Nocioni,Beno Udrih,Jason Thompson,Kevin Martin,Spencer Hawes,Al Horford,Joe Johnson,Josh Smith,Maurice Evans,Mike Bibby,1,11:21,ATL,shot,,,,,,,,,,Joe Johnson,,,,missed,,running jump,23,13
Andres Nocioni,Beno Udrih,Jason Thompson,Kevin Martin,Spencer Hawes,Al Horford,Joe Johnson,Josh Smith,Maurice Evans,Mike Bibby,1,11:20,ATL,rebound,,,,,,,,,,Al Horford,,,,,,off,,
Andres Nocioni,Beno Udrih,Jason Thompson,Kevin Martin,Spencer Hawes,Al Horford,Joe Johnson,Josh Smith,Maurice Evans,Mike Bibby,1,11:16,ATL,shot,Al Horford,,,,,,,,,Mike Bibby,2,,,made,,jump,37,23
Andres Nocioni,Beno Udrih,Jason Thompson,Kevin Martin,Spencer Hawes,Al Horford,Joe Johnson,Josh Smith,Maurice Evans,Mike Bibby,1,11:04,SAC,shot,,,,,,,,,,Beno Udrih,,,,missed,,jump,7,13
Andres Nocioni,Beno Udrih,Jason Thompson,Kevin Martin,Spencer Hawes,Al Horford,Joe Johnson,Josh Smith,Maurice Evans,Mike Bibby,1,11:03,ATL,rebound,,,,,,,,,,Al Horford,,,,,,def,,
Andres Nocioni,Beno Udrih,Jason Thompson,Kevin Martin,Spencer Hawes,Al Horford,Joe Johnson,Josh Smith,Maurice Evans,Mike Bibby,1,10:57,ATL,turnover,,,,,,,,,,Josh Smith,,,bad pass,,Kevin Martin,,,
Andres Nocioni,Beno Udrih,Jason Thompson,Kevin Martin,Spencer Hawes,Al Horford,Joe Johnson,Josh Smith,Maurice Evans,Mike Bibby,1,10:51,SAC,shot,Beno Udrih,,,,,,,,,Kevin Martin,3,,,made,,3pt,44,23
Andres Nocioni,Beno Udrih,Jason Thompson,Kevin Martin,Spencer Hawes,Al Horford,Joe Johnson,Josh Smith,Maurice Evans,Mike Bibby,1,10:37,ATL,shot,,,Spencer Hawes,,,,,,,Josh Smith,,,,missed,,jump,19,9
Andres Nocioni,Beno Udrih,Jason Thompson,Kevin Martin,Spencer Hawes,Al Horford,Joe Johnson,Josh Smith,Maurice Evans,Mike Bibby,1,10:36,ATL,rebound,,,,,,,,,,Josh Smith,,,,,,off,,
Andres Nocioni,Beno Udrih,Jason Thompson,Kevin Martin,Spencer Hawes,Al Horford,Joe Johnson,Josh Smith,Maurice Evans,Mike Bibby,1,10:25,ATL,shot,,,,,,,,,,Joe Johnson,,,,missed,,3pt,48,10
Andres Nocioni,Beno Udrih,Jason Thompson,Kevin Martin,Spencer Hawes,Al Horford,Joe Johnson,Josh Smith,Maurice Evans,Mike Bibby,1,10:24,SAC,rebound,,,,,,,,,,Kevin Martin,,,,,,def,,
Andres Nocioni,Beno Udrih,Jason Thompson,Kevin Martin,Spencer Hawes,Al Horford,Joe Johnson,Josh Smith,Maurice Evans,Mike Bibby,1,10:21,SAC,turnover,,,,,,,,,,Kevin Martin,,,bad pass,,Al Horford,,,
Andres Nocioni,Beno Udrih,Jason Thompson,Kevin Martin,Spencer Hawes,Al Horford,Joe Johnson,Josh Smith,Maurice Evans,Mike Bibby,1,10:18,ATL,shot,Al Horford,,,,,,,,,Maurice Evans,2,,,made,,running dunk,25,6
Andres Nocioni,Beno Udrih,Jason Thompson,Kevin Martin,Spencer Hawes,Al Horford,Joe Johnson,Josh Smith,Maurice Evans,Mike Bibby,1,9:52,SAC,shot,,,,,,,,,,Andres Nocioni,,,,missed,,jump,22,9
Andres Nocioni,Beno Udrih,Jason Thompson,Kevin Martin,Spencer Hawes,Al Horford,Joe Johnson,Josh Smith,Maurice Evans,Mike Bibby,1,9:51,SAC,rebound,,,,,,,,,,Jason Thompson,,,,,,off,,
Andres Nocioni,Beno Udrih,Jason Thompson,Kevin Martin,Spencer Hawes,Al Horford,Joe Johnson,Josh Smith,Maurice Evans,Mike Bibby,1,9:51,SAC,turnover,,,,,,,,,,,,,shot clock turnover,,,,,
Andres Nocioni,Beno Udrih,Jason Thompson,Kevin Martin,Spencer Hawes,Al Horford,Joe Johnson,Josh Smith,Maurice Evans,Mike Bibby,1,9:28,ATL,shot,,,,,,,,,,Al Horford,,,,missed,,jump,21,6
Andres Nocioni,Beno Udrih,Jason Thompson,Kevin Martin,Spencer Hawes,Al Horford,Joe Johnson,Josh Smith,Maurice Evans,Mike Bibby,1,9:26,ATL,shot,,,,,,,,,,Al Horford,,,,missed,,tip,25,6
Andres Nocioni,Beno Udrih,Jason Thompson,Kevin Martin,Spencer Hawes,Al Horford,Joe Johnson,Josh Smith,Maurice Evans,Mike Bibby,1,9:26,ATL,rebound,,,,,,,,,,Al Horford,,,,,,off,,
Andres Nocioni,Beno Udrih,Jason Thompson,Kevin Martin,Spencer Hawes,Al Horford,Joe Johnson,Josh Smith,Maurice Evans,Mike Bibby,1,9:24,SAC,rebound,,,,,,,,,,Beno Udrih,,,,,,def,,
Andres Nocioni,Beno Udrih,Jason Thompson,Kevin Martin,Spencer Hawes,Al Horford,Joe Johnson,Josh Smith,Maurice Evans,Mike Bibby,1,9:17,SAC,shot,Kevin Martin,,,,,,,,,Andres Nocioni,3,,,made,,3pt,42,27
Andres Nocioni,Beno Udrih,Jason Thompson,Kevin Martin,Spencer Hawes,Al Horford,Joe Johnson,Josh Smith,Maurice Evans,Mike Bibby,1,8:54,ATL,shot,,,,,,,,,,Josh Smith,,,,missed,,layup,27,5
Andres Nocioni,Beno Udrih,Jason Thompson,Kevin Martin,Spencer Hawes,Al Horford,Joe Johnson,Josh Smith,Maurice Evans,Mike Bibby,1,8:53,SAC,rebound,,,,,,,,,,Beno Udrih,,,,,,def,,
Andres Nocioni,Beno Udrih,Jason Thompson,Kevin Martin,Spencer Hawes,Al Horford,Joe Johnson,Josh Smith,Maurice Evans,Mike Bibby,1,8:51,SAC,shot,Beno Udrih,,,,,,,,,Kevin Martin,2,,,made,,running dunk,25,6
Andres Nocioni,Beno Udrih,Jason Thompson,Kevin Martin,Spencer Hawes,Al Horford,Joe Johnson,Josh Smith,Maurice Evans,Mike Bibby,1,8:35,ATL,turnover,,,,,,,,,,Joe Johnson,,,bad pass,,Spencer Hawes,,,
Andres Nocioni,Beno Udrih,Jason Thompson,Kevin Martin,Spencer Hawes,Al Horford,Joe Johnson,Josh Smith,Maurice Evans,Mike Bibby,1,8:29,SAC,shot,Andres Nocioni,,,,,,,,,Kevin Martin,2,,,made,,jump,44,6
Andres Nocioni,Beno Udrih,Jason Thompson,Kevin Martin,Spencer Hawes,Al Horford,Joe Johnson,Josh Smith,Maurice Evans,Mike Bibby,1,8:18,ATL,timeout,,,,,,,,,,,,,,,,regular,,
Andres Nocioni,Beno Udrih,Jason Thompson,Kevin Martin,Spencer Hawes,Al Horford,Joe Johnson,Josh Smith,Maurice Evans,Mike Bibby,1,8:12,ATL,turnover,,,,,,,,,,Mike Bibby,,,bad pass,,Andres Nocioni,,,
Andres Nocioni,Beno Udrih,Jason Thompson,Kevin Martin,Spencer Hawes,Al Horford,Joe Johnson,Josh Smith,Maurice Evans,Mike Bibby,1,7:50,SAC,shot,,,,,,,,,,Beno Udrih,2,,,made,,jump,14,22
Andres Nocioni,Beno Udrih,Jason Thompson,Kevin Martin,Spencer Hawes,Al Horford,Joe Johnson,Josh Smith,Maurice Evans,Mike Bibby,1,7:31,ATL,shot,,,Jason Thompson,,,,,,,Joe Johnson,,,,missed,,driving reverse layup,26,7
Andres Nocioni,Beno Udrih,Jason Thompson,Kevin Martin,Spencer Hawes,Al Horford,Joe Johnson,Josh Smith,Maurice Evans,Mike Bibby,1,7:29,SAC,rebound,,,,,,,,,,Spencer Hawes,,,,,,def,,
Andres Nocioni,Beno Udrih,Jason Thompson,Kevin Martin,Spencer Hawes,Al Horford,Joe Johnson,Josh Smith,Maurice Evans,Mike Bibby,1,7:14,SAC,shot,,,,,,,,,,Spencer Hawes,,,,missed,,jump,24,27
Andres Nocioni,Beno Udrih,Jason Thompson,Kevin Martin,Spencer Hawes,Al Horford,Joe Johnson,Josh Smith,Maurice Evans,Mike Bibby,1,7:12,ATL,rebound,,,,,,,,,,Mike Bibby,,,,,,def,,
Andres Nocioni,Beno Udrih,Jason Thompson,Kevin Martin,Spencer Hawes,Al Horford,Joe Johnson,Josh Smith,Maurice Evans,Mike Bibby,1,7:02,ATL,shot,,,,,,,,,,Josh Smith,,,,missed,,jump,26,27
Andres Nocioni,Beno Udrih,Jason Thompson,Kevin Martin,Spencer Hawes,Al Horford,Joe Johnson,Josh Smith,Maurice Evans,Mike Bibby,1,7:00,ATL,rebound,,,,,,,,,,Mike Bibby,,,,,,off,,
Andres Nocioni,Beno Udrih,Jason Thompson,Kevin Martin,Spencer Hawes,Al Horford,Joe Johnson,Josh Smith,Maurice Evans,Mike Bibby,1,6:56,ATL,shot,Josh Smith,,,,,,,,,Al Horford,2,,,made,,dunk,25,6
Andres Nocioni,Beno Udrih,Jason Thompson,Kevin Martin,Spencer Hawes,Al Horford,Joe Johnson,Josh Smith,Maurice Evans,Mike Bibby,1,6:56,SAC,foul,,,,,,,,Al Horford,,Spencer Hawes,,,,,,shooting,,
Andres Nocioni,Beno Udrih,Jason Thompson,Kevin Martin,Spencer Hawes,Al Horford,Joe Johnson,Josh Smith,Maurice Evans,Mike Bibby,1,6:56,ATL,free throw,,,,,,,1,,1,Al Horford,,,foul,made,,,,
Andres Nocioni,Beno Udrih,Jason Thompson,Kevin Martin,Spencer Hawes,Al Horford,Joe Johnson,Josh Smith,Maurice Evans,Mike Bibby,1,6:40,SAC,shot,,,,,,,,,,Jason Thompson,,,,missed,,jump,15,23
Andres Nocioni,Beno Udrih,Jason Thompson,Kevin Martin,Spencer Hawes,Al Horford,Joe Johnson,Josh Smith,Maurice Evans,Mike Bibby,1,6:38,ATL,rebound,,,,,,,,,,Mike Bibby,,,,,,def,,
Andres Nocioni,Beno Udrih,Jason Thompson,Kevin Martin,Spencer Hawes,Al Horford,Joe Johnson,Josh Smith,Maurice Evans,Mike Bibby,1,6:30,ATL,shot,,,,,,,,,,Joe Johnson,,,,missed,,jump,11,18
Andres Nocioni,Beno Udrih,Jason Thompson,Kevin Martin,Spencer Hawes,Al Horford,Joe Johnson,Josh Smith,Maurice Evans,Mike Bibby,1,6:28,ATL,rebound,,,,,,,,,,Josh Smith,,,,,,off,,
Andres Nocioni,Beno Udrih,Jason Thompson,Kevin Martin,Spencer Hawes,Al Horford,Joe Johnson,Josh Smith,Maurice Evans,Mike Bibby,1,6:27,ATL,shot,,,,,,,,,,Josh Smith,2,,,made,,putback dunk,25,6
Andres Nocioni,Beno Udrih,Jason Thompson,Kevin Martin,Spencer Hawes,Al Horford,Joe Johnson,Josh Smith,Maurice Evans,Mike Bibby,1,6:07,SAC,shot,,,,,,,,,,Spencer Hawes,,,,missed,,3pt,1,11
Andres Nocioni,Beno Udrih,Jason Thompson,Kevin Martin,Spencer Hawes,Al Horford,Joe Johnson,Josh Smith,Maurice Evans,Mike Bibby,1,6:05,SAC,rebound,,,,,,,,,,Jason Thompson,,,,,,off,,
Andres Nocioni,Beno Udrih,Jason Thompson,Kevin Martin,Spencer Hawes,Al Horford,Joe Johnson,Josh Smith,Maurice Evans,Mike Bibby,1,6:05,ATL,foul,,,,,,,,Jason Thompson,,Josh Smith,,,,,,shooting,,
Andres Nocioni,Beno Udrih,Jason Thompson,Kevin Martin,Spencer Hawes,Al Horford,Joe Johnson,Josh Smith,Maurice Evans,Mike Bibby,1,6:05,SAC,free throw,,,,,,,1,,2,Jason Thompson,,,foul,made,,,,
Andres Nocioni,Beno Udrih,Jason Thompson,Kevin Martin,Spencer Hawes,Al Horford,Joe Johnson,Josh Smith,Maurice Evans,Mike Bibby,1,6:05,SAC,free throw,,,,,,,2,,2,Jason Thompson,,,foul,made,,,,
Andres Nocioni,Beno Udrih,Jason Thompson,Kevin Martin,Spencer Hawes,Al Horford,Joe Johnson,Josh Smith,Maurice Evans,Mike Bibby,1,5:42,SAC,foul,,,,,,,,Josh Smith,,Jason Thompson,,,,,,shooting,,
Andres Nocioni,Beno Udrih,Jason Thompson,Kevin Martin,Spencer Hawes,Al Horford,Joe Johnson,Josh Smith,Maurice Evans,Mike Bibby,1,5:42,ATL,free throw,,,,,,,1,,2,Josh Smith,,,foul,made,,,,
Beno Udrih,Francisco Garcia,Jason Thompson,Kevin Martin,Spencer Hawes,Al Horford,Joe Johnson,Josh Smith,Maurice Evans,Mike Bibby,1,5:42,SAC,sub,,,,Francisco Garcia,,Andres Nocioni,,,,,,,,,,,,
Beno Udrih,Francisco Garcia,Jason Thompson,Kevin Martin,Spencer Hawes,Al Horford,Joe Johnson,Josh Smith,Maurice Evans,Mike Bibby,1,5:42,ATL,free throw,,,,,,,2,,2,Josh Smith,,,foul,made,,,,
Beno Udrih,Francisco Garcia,Jason Thompson,Kevin Martin,Spencer Hawes,Al Horford,Joe Johnson,Josh Smith,Maurice Evans,Mike Bibby,1,5:26,SAC,shot,,,,,,,,,,Spencer Hawes,2,,,made,,jump,40,14
Beno Udrih,Francisco Garcia,Jason Thompson,Kevin Martin,Spencer Hawes,Al Horford,Joe Johnson,Josh Smith,Maurice Evans,Mike Bibby,1,5:13,ATL,shot,Josh Smith,,,,,,,,,Maurice Evans,3,,,made,,3pt,43,24
Beno Udrih,Francisco Garcia,Jason Thompson,Kevin Martin,Spencer Hawes,Al Horford,Joe Johnson,Josh Smith,Maurice Evans,Mike Bibby,1,5:05,SAC,foul,,,,,,,,Mike Bibby,,Jason Thompson,,,,,,offensive,,
Beno Udrih,Francisco Garcia,Jason Thompson,Kevin Martin,Spencer Hawes,Al Horford,Joe Johnson,Josh Smith,Maurice Evans,Mike Bibby,1,5:05,SAC,turnover,,,,,,,,,,Jason Thompson,,,foul,,,,,
Beno Udrih,Francisco Garcia,Jason Thompson,Kevin Martin,Spencer Hawes,Al Horford,Joe Johnson,Josh Smith,Maurice Evans,Mike Bibby,1,4:46,ATL,shot,,,,,,,,,,Joe Johnson,,,,missed,,jump,40,18
Beno Udrih,Francisco Garcia,Jason Thompson,Kevin Martin,Spencer Hawes,Al Horford,Joe Johnson,Josh Smith,Maurice Evans,Mike Bibby,1,4:44,SAC,rebound,,,,,,,,,,Beno Udrih,,,,,,def,,
Beno Udrih,Francisco Garcia,Jason Thompson,Kevin Martin,Spencer Hawes,Al Horford,Joe Johnson,Josh Smith,Maurice Evans,Mike Bibby,1,4:38,SAC,shot,Beno Udrih,,,,,,,,,Jason Thompson,2,,,made,,dunk,25,6
Beno Udrih,Francisco Garcia,Jason Thompson,Kevin Martin,Spencer Hawes,Al Horford,Joe Johnson,Josh Smith,Maurice Evans,Mike Bibby,1,4:19,ATL,shot,,,,,,,,,,Al Horford,2,,,made,,dunk,25,6
Beno Udrih,Francisco Garcia,Jason Thompson,Kevin Martin,Spencer Hawes,Al Horford,Joe Johnson,Josh Smith,Maurice Evans,Mike Bibby,1,3:53,SAC,foul,,,,,,,,Josh Smith,,Francisco Garcia,,,,,,offensive,,
Beno Udrih,Francisco Garcia,Jason Thompson,Kevin Martin,Spencer Hawes,Al Horford,Joe Johnson,Josh Smith,Maurice Evans,Mike Bibby,1,3:53,SAC,turnover,,,,,,,,,,Francisco Garcia,,,foul,,,,,
Andres Nocioni,Beno Udrih,Francisco Garcia,Kevin Martin,Spencer Hawes,Al Horford,Joe Johnson,Josh Smith,Maurice Evans,Mike Bibby,1,3:53,SAC,sub,,,,Andres Nocioni,,Jason Thompson,,,,,,,,,,,,
Andres Nocioni,Beno Udrih,Francisco Garcia,Kevin Martin,Spencer Hawes,Al Horford,Joe Johnson,Josh Smith,Maurice Evans,Mike Bibby,1,3:41,ATL,shot,Al Horford,,,,,,,,,Mike Bibby,3,,,made,,3pt,20,33
Andres Nocioni,Beno Udrih,Francisco Garcia,Kevin Martin,Spencer Hawes,Al Horford,Joe Johnson,Josh Smith,Maurice Evans,Mike Bibby,1,3:19,SAC,shot,,,,,,,,,,Kevin Martin,2,,,made,,driving layup,25,6
Andres Nocioni,Beno Udrih,Francisco Garcia,Kevin Martin,Spencer Hawes,Al Horford,Joe Johnson,Josh Smith,Maurice Evans,Mike Bibby,1,3:07,ATL,turnover,,,,,,,,,,Mike Bibby,,,out of bounds lost ball turnover,,,,,
Andres Nocioni,Beno Udrih,Francisco Garcia,Kevin Martin,Spencer Hawes,Al Horford,Joe Johnson,Josh Smith,Mike Bibby,Ronald Murray,1,3:07,ATL,sub,,,,Ronald Murray,,Maurice Evans,,,,,,,,,,,,
Andres Nocioni,Beno Udrih,Francisco Garcia,Kevin Martin,Spencer Hawes,Al Horford,Joe Johnson,Josh Smith,Mike Bibby,Ronald Murray,1,2:45,SAC,shot,,,,,,,,,,Andres Nocioni,2,,,made,,layup,23,7
Andres Nocioni,Beno Udrih,Francisco Garcia,Kevin Martin,Spencer Hawes,Al Horford,Joe Johnson,Josh Smith,Mike Bibby,Ronald Murray,1,2:39,ATL,shot,,,,,,,,,,Al Horford,,,,missed,,dunk,25,6
Andres Nocioni,Beno Udrih,Francisco Garcia,Kevin Martin,Spencer Hawes,Al Horford,Joe Johnson,Josh Smith,Mike Bibby,Ronald Murray,1,2:37,SAC,rebound,,,,,,,,,,Andres Nocioni,,,,,,def,,
Andres Nocioni,Beno Udrih,Francisco Garcia,Kevin Martin,Spencer Hawes,Al Horford,Joe Johnson,Josh Smith,Mike Bibby,Ronald Murray,1,2:30,SAC,shot,Beno Udrih,,,,,,,,,Andres Nocioni,3,,,made,,3pt,12,30
Andres Nocioni,Beno Udrih,Francisco Garcia,Kevin Martin,Spencer Hawes,Al Horford,Joe Johnson,Josh Smith,Mike Bibby,Ronald Murray,1,2:12,ATL,shot,Ronald Murray,,,,,,,,,Josh Smith,2,,,made,,dunk,25,6
Andres Nocioni,Beno Udrih,Francisco Garcia,Kevin Martin,Spencer Hawes,Al Horford,Joe Johnson,Josh Smith,Mike Bibby,Ronald Murray,1,1:55,SAC,shot,,,,,,,,,,Beno Udrih,2,,,made,,driving layup,24,7
Andres Nocioni,Beno Udrih,Francisco Garcia,Kevin Martin,Spencer Hawes,Al Horford,Joe Johnson,Josh Smith,Mike Bibby,Ronald Murray,1,1:41,ATL,shot,,,,,,,,,,Joe Johnson,,,,missed,,jump,7,10
Andres Nocioni,Beno Udrih,Francisco Garcia,Kevin Martin,Spencer Hawes,Al Horford,Joe Johnson,Josh Smith,Mike Bibby,Ronald Murray,1,1:39,ATL,rebound,,,,,,,,,,Al Horford,,,,,,off,,
Andres Nocioni,Beno Udrih,Francisco Garcia,Kevin Martin,Spencer Hawes,Al Horford,Joe Johnson,Josh Smith,Mike Bibby,Ronald Murray,1,1:36,ATL,shot,Al Horford,,,,,,,,,Mike Bibby,3,,,made,,3pt,21,34
Andres Nocioni,Beno Udrih,Francisco Garcia,Kevin Martin,Spencer Hawes,Al Horford,Joe Johnson,Josh Smith,Mike Bibby,Ronald Murray,1,1:28,SAC,timeout,,,,,,,,,,,,,,,,regular,,
Andres Nocioni,Beno Udrih,Francisco Garcia,Kevin Martin,Spencer Hawes,Joe Johnson,Josh Smith,Mike Bibby,Ronald Murray,Zaza Pachulia,1,1:28,ATL,sub,,,,Zaza Pachulia,,Al Horford,,,,,,,,,,,,
Andres Nocioni,Beno Udrih,Francisco Garcia,Spencer Hawes,Will Solomon,Joe Johnson,Josh Smith,Mike Bibby,Ronald Murray,Zaza Pachulia,1,1:28,SAC,sub,,,,Will Solomon,,Kevin Martin,,,,,,,,,,,,
Andres Nocioni,Francisco Garcia,Rashad McCants,Spencer Hawes,Will Solomon,Joe Johnson,Josh Smith,Mike Bibby,Ronald Murray,Zaza Pachulia,1,1:28,SAC,sub,,,,Rashad McCants,,Beno Udrih,,,,,,,,,,,,
Andres Nocioni,Francisco Garcia,Rashad McCants,Spencer Hawes,Will Solomon,Joe Johnson,Josh Smith,Mike Bibby,Ronald Murray,Zaza Pachulia,1,1:16,SAC,shot,Andres Nocioni,,,,,,,,,Spencer Hawes,2,,,made,,dunk,25,6
Andres Nocioni,Francisco Garcia,Rashad McCants,Spencer Hawes,Will Solomon,Joe Johnson,Josh Smith,Mike Bibby,Ronald Murray,Zaza Pachulia,1,1:00,ATL,shot,Joe Johnson,,,,,,,,,Mike Bibby,2,,,made,,jump,42,13
Andres Nocioni,Francisco Garcia,Rashad McCants,Spencer Hawes,Will Solomon,Joe Johnson,Josh Smith,Mike Bibby,Ronald Murray,Zaza Pachulia,1,0:44,SAC,shot,,,,,,,,,,Francisco Garcia,,,,missed,,jump,44,7
Andres Nocioni,Francisco Garcia,Rashad McCants,Spencer Hawes,Will Solomon,Joe Johnson,Josh Smith,Mike Bibby,Ronald Murray,Zaza Pachulia,1,0:43,ATL,rebound,,,,,,,,,,Josh Smith,,,,,,def,,
Andres Nocioni,Francisco Garcia,Rashad McCants,Spencer Hawes,Will Solomon,Joe Johnson,Josh Smith,Mike Bibby,Ronald Murray,Zaza Pachulia,1,0:30,ATL,shot,,,,,,,,,,Joe Johnson,,,,missed,,3pt,50,11
Andres Nocioni,Francisco Garcia,Rashad McCants,Spencer Hawes,Will Solomon,Joe Johnson,Josh Smith,Mike Bibby,Ronald Murray,Zaza Pachulia,1,0:29,SAC,rebound,,,,,,,,,,Francisco Garcia,,,,,,def,,
Andres Nocioni,Francisco Garcia,Rashad McCants,Spencer Hawes,Will Solomon,Joe Johnson,Josh Smith,Mike Bibby,Ronald Murray,Zaza Pachulia,1,0:05,SAC,shot,,,,,,,,,,Will Solomon,,,,missed,,fade away jumper,31,15
Andres Nocioni,Francisco Garcia,Rashad McCants,Spencer Hawes,Will Solomon,Joe Johnson,Josh Smith,Mike Bibby,Ronald Murray,Zaza Pachulia,1,0:02,ATL,rebound,,,,,,,,,,Zaza Pachulia,,,,,,def,,
Andres Nocioni,Francisco Garcia,Rashad McCants,Spencer Hawes,Will Solomon,Joe Johnson,Josh Smith,Mike Bibby,Ronald Murray,Zaza Pachulia,1,0:00,ATL,shot,,,,,,,,,,Joe Johnson,,,,missed,,3pt,5,44
Andres Nocioni,Francisco Garcia,Rashad McCants,Spencer Hawes,Will Solomon,Joe Johnson,Josh Smith,Mike Bibby,Ronald Murray,Zaza Pachulia,1,0:00,ATL,rebound,,,,,,,,,,,,,,,,,,
Andres Nocioni,Francisco Garcia,Rashad McCants,Spencer Hawes,Will Solomon,Acie Law,Joe Johnson,Josh Smith,Ronald Murray,Zaza Pachulia,2,11:43,ATL,shot,,,,,,,,,,Ronald Murray,,,,missed,,3pt,1,10
Andres Nocioni,Francisco Garcia,Rashad McCants,Spencer Hawes,Will Solomon,Acie Law,Joe Johnson,Josh Smith,Ronald Murray,Zaza Pachulia,2,11:42,ATL,rebound,,,,,,,,,,Josh Smith,,,,,,off,,
Andres Nocioni,Francisco Garcia,Rashad McCants,Spencer Hawes,Will Solomon,Acie Law,Joe Johnson,Josh Smith,Ronald Murray,Zaza Pachulia,2,11:40,ATL,shot,,,,,,,,,,Josh Smith,2,,,made,,putback dunk,25,6
Andres Nocioni,Francisco Garcia,Rashad McCants,Spencer Hawes,Will Solomon,Acie Law,Joe Johnson,Josh Smith,Ronald Murray,Zaza Pachulia,2,11:14,SAC,turnover,,,,,,,,,,Spencer Hawes,,,traveling,,,,,
Andres Nocioni,Francisco Garcia,Rashad McCants,Spencer Hawes,Will Solomon,Acie Law,Joe Johnson,Josh Smith,Ronald Murray,Zaza Pachulia,2,10:58,SAC,foul,,,,,,,,Josh Smith,,Andres Nocioni,,,,,,personal,,
Andres Nocioni,Francisco Garcia,Rashad McCants,Spencer Hawes,Will Solomon,Acie Law,Joe Johnson,Josh Smith,Ronald Murray,Zaza Pachulia,2,10:54,SAC,foul,,,,,,,,Acie Law,,Andres Nocioni,,,,,,personal,,
Donte Greene,Francisco Garcia,Rashad McCants,Spencer Hawes,Will Solomon,Acie Law,Joe Johnson,Josh Smith,Ronald Murray,Zaza Pachulia,2,10:54,SAC,sub,,,,Donte Greene,,Andres Nocioni,,,,,,,,,,,,
Donte Greene,Francisco Garcia,Rashad McCants,Spencer Hawes,Will Solomon,Acie Law,Joe Johnson,Josh Smith,Ronald Murray,Zaza Pachulia,2,10:46,SAC,foul,,,,,,,,Joe Johnson,,Francisco Garcia,,,,,,shooting,,
Donte Greene,Francisco Garcia,Rashad McCants,Spencer Hawes,Will Solomon,Acie Law,Joe Johnson,Josh Smith,Ronald Murray,Zaza Pachulia,2,10:46,ATL,free throw,,,,,,,1,,2,Joe Johnson,,,foul,made,,,,
Donte Greene,Francisco Garcia,Rashad McCants,Spencer Hawes,Will Solomon,Acie Law,Joe Johnson,Josh Smith,Ronald Murray,Zaza Pachulia,2,10:46,ATL,free throw,,,,,,,2,,2,Joe Johnson,,,foul,missed,,,,
Donte Greene,Francisco Garcia,Rashad McCants,Spencer Hawes,Will Solomon,Acie Law,Joe Johnson,Josh Smith,Ronald Murray,Zaza Pachulia,2,10:44,SAC,rebound,,,,,,,,,,Rashad McCants,,,,,,def,,
Donte Greene,Francisco Garcia,Rashad McCants,Spencer Hawes,Will Solomon,Acie Law,Joe Johnson,Josh Smith,Ronald Murray,Zaza Pachulia,2,10:35,SAC,shot,,,,,,,,,,Rashad McCants,,,,missed,,layup,27,7
Donte Greene,Francisco Garcia,Rashad McCants,Spencer Hawes,Will Solomon,Acie Law,Joe Johnson,Josh Smith,Ronald Murray,Zaza Pachulia,2,10:34,SAC,rebound,,,,,,,,,,Spencer Hawes,,,,,,off,,
Donte Greene,Francisco Garcia,Rashad McCants,Spencer Hawes,Will Solomon,Acie Law,Joe Johnson,Josh Smith,Ronald Murray,Zaza Pachulia,2,10:32,SAC,shot,,,,,,,,,,Spencer Hawes,2,,,made,,layup,25,6
Donte Greene,Francisco Garcia,Rashad McCants,Spencer Hawes,Will Solomon,Acie Law,Joe Johnson,Josh Smith,Ronald Murray,Zaza Pachulia,2,10:11,ATL,turnover,,,,,,,,,,Acie Law,,,bad pass,,,,,
Donte Greene,Francisco Garcia,Rashad McCants,Spencer Hawes,Will Solomon,Acie Law,Al Horford,Joe Johnson,Ronald Murray,Zaza Pachulia,2,10:11,ATL,sub,,,,Al Horford,,Josh Smith,,,,,,,,,,,,
Donte Greene,Francisco Garcia,Rashad McCants,Spencer Hawes,Will Solomon,Acie Law,Al Horford,Joe Johnson,Ronald Murray,Zaza Pachulia,2,9:56,SAC,shot,,,,,,,,,,Spencer Hawes,2,,,made,,turnaround jump,40,8
Donte Greene,Francisco Garcia,Rashad McCants,Spencer Hawes,Will Solomon,Acie Law,Al Horford,Joe Johnson,Ronald Murray,Zaza Pachulia,2,9:36,ATL,shot,Acie Law,,,,,,,,,Ronald Murray,3,,,made,,3pt,1,10
Donte Greene,Francisco Garcia,Rashad McCants,Spencer Hawes,Will Solomon,Acie Law,Al Horford,Joe Johnson,Ronald Murray,Zaza Pachulia,2,9:28,SAC,turnover,,,,,,,,,,Francisco Garcia,,,discontinue dribble,,,,,
Donte Greene,Francisco Garcia,Rashad McCants,Spencer Hawes,Will Solomon,Acie Law,Al Horford,Joe Johnson,Ronald Murray,Zaza Pachulia,2,9:18,SAC,foul,,,,,,,,Al Horford,,Donte Greene,,,,,,personal,,
Donte Greene,Francisco Garcia,Rashad McCants,Spencer Hawes,Will Solomon,Acie Law,Al Horford,Joe Johnson,Ronald Murray,Zaza Pachulia,2,9:12,ATL,shot,,,,,,,,,,Al Horford,2,,,made,,driving layup,23,6
Donte Greene,Francisco Garcia,Rashad McCants,Spencer Hawes,Will Solomon,Acie Law,Al Horford,Joe Johnson,Ronald Murray,Zaza Pachulia,2,9:12,SAC,foul,,,,,,,,Al Horford,,Donte Greene,,,,,,shooting,,
Donte Greene,Francisco Garcia,Rashad McCants,Spencer Hawes,Will Solomon,Acie Law,Al Horford,Joe Johnson,Ronald Murray,Zaza Pachulia,2,9:12,ATL,free throw,,,,,,,1,,1,Al Horford,,,foul,made,,,,
Donte Greene,Francisco Garcia,Rashad McCants,Spencer Hawes,Will Solomon,Acie Law,Al Horford,Joe Johnson,Ronald Murray,Zaza Pachulia,2,8:54,OFF,timeout,,,,,,,,,,,,,,,,official,,
Donte Greene,Francisco Garcia,Rashad McCants,Spencer Hawes,Will Solomon,Acie Law,Al Horford,Mike Bibby,Ronald Murray,Zaza Pachulia,2,8:54,ATL,sub,,,,Mike Bibby,,Joe Johnson,,,,,,,,,,,,
Beno Udrih,Donte Greene,Francisco Garcia,Rashad McCants,Spencer Hawes,Acie Law,Al Horford,Mike Bibby,Ronald Murray,Zaza Pachulia,2,8:54,SAC,sub,,,,Beno Udrih,,Will Solomon,,,,,,,,,,,,
Beno Udrih,Donte Greene,Francisco Garcia,Rashad McCants,Spencer Hawes,Acie Law,Al Horford,Mike Bibby,Ronald Murray,Zaza Pachulia,2,8:52,SAC,shot,Rashad McCants,,,,,,,,,Francisco Garcia,2,,,made,,jump,44,9
Beno Udrih,Donte Greene,Francisco Garcia,Rashad McCants,Spencer Hawes,Acie Law,Al Horford,Mike Bibby,Ronald Murray,Zaza Pachulia,2,8:29,ATL,turnover,,,,,,,,,,Ronald Murray,,,lost ball,,Rashad McCants,,,
Beno Udrih,Donte Greene,Francisco Garcia,Rashad McCants,Spencer Hawes,Acie Law,Al Horford,Mike Bibby,Ronald Murray,Zaza Pachulia,2,8:25,SAC,shot,,,,,,,,,,Rashad McCants,2,,,made,,running dunk,25,6
Beno Udrih,Donte Greene,Francisco Garcia,Rashad McCants,Spencer Hawes,Acie Law,Al Horford,Mike Bibby,Ronald Murray,Zaza Pachulia,2,8:03,ATL,shot,Al Horford,,,,,,,,,Acie Law,3,,,made,,3pt,1,8
Beno Udrih,Donte Greene,Francisco Garcia,Rashad McCants,Spencer Hawes,Acie Law,Al Horford,Mike Bibby,Ronald Murray,Zaza Pachulia,2,7:43,SAC,shot,,,,,,,,,,Beno Udrih,,,,missed,,driving layup,28,6
Beno Udrih,Donte Greene,Francisco Garcia,Rashad McCants,Spencer Hawes,Acie Law,Al Horford,Mike Bibby,Ronald Murray,Zaza Pachulia,2,7:42,ATL,rebound,,,,,,,,,,Zaza Pachulia,,,,,,def,,
Beno Udrih,Donte Greene,Francisco Garcia,Rashad McCants,Spencer Hawes,Acie Law,Al Horford,Mike Bibby,Ronald Murray,Zaza Pachulia,2,7:38,ATL,shot,,,,,,,,,,Mike Bibby,2,,,made,,running layup,25,6
Beno Udrih,Donte Greene,Francisco Garcia,Rashad McCants,Spencer Hawes,Acie Law,Al Horford,Mike Bibby,Ronald Murray,Zaza Pachulia,2,7:15,SAC,shot,Francisco Garcia,,,,,,,,,Donte Greene,3,,,made,,3pt,42,27
Beno Udrih,Donte Greene,Francisco Garcia,Rashad McCants,Spencer Hawes,Acie Law,Al Horford,Mike Bibby,Ronald Murray,Zaza Pachulia,2,7:04,ATL,shot,,,,,,,,,,Mike Bibby,,,,missed,,jump,42,15
Beno Udrih,Donte Greene,Francisco Garcia,Rashad McCants,Spencer Hawes,Acie Law,Al Horford,Mike Bibby,Ronald Murray,Zaza Pachulia,2,7:01,ATL,shot,,,,,,,,,,Zaza Pachulia,,,,missed,,putback layup,25,6
Beno Udrih,Donte Greene,Francisco Garcia,Rashad McCants,Spencer Hawes,Acie Law,Al Horford,Mike Bibby,Ronald Murray,Zaza Pachulia,2,7:01,ATL,rebound,,,,,,,,,,Zaza Pachulia,,,,,,off,,
Beno Udrih,Donte Greene,Francisco Garcia,Rashad McCants,Spencer Hawes,Acie Law,Al Horford,Mike Bibby,Ronald Murray,Zaza Pachulia,2,7:00,ATL,rebound,,,,,,,,,,Zaza Pachulia,,,,,,off,,
Beno Udrih,Donte Greene,Francisco Garcia,Rashad McCants,Spencer Hawes,Acie Law,Al Horford,Mike Bibby,Ronald Murray,Zaza Pachulia,2,6:58,ATL,shot,,,,,,,,,,Zaza Pachulia,2,,,made,,putback layup,25,6
Beno Udrih,Donte Greene,Francisco Garcia,Rashad McCants,Spencer Hawes,Acie Law,Al Horford,Mike Bibby,Ronald Murray,Zaza Pachulia,2,6:50,SAC,turnover,,,,,,,,,,Donte Greene,,,step out of bounds turnover,,,,,
Beno Udrih,Donte Greene,Francisco Garcia,Rashad McCants,Spencer Hawes,Acie Law,Al Horford,Mike Bibby,Ronald Murray,Zaza Pachulia,2,6:32,ATL,shot,,,,,,,,,,Zaza Pachulia,2,,,made,,driving layup,28,7
Beno Udrih,Donte Greene,Francisco Garcia,Rashad McCants,Spencer Hawes,Acie Law,Al Horford,Mike Bibby,Ronald Murray,Zaza Pachulia,2,6:17,ATL,foul,,,,,,,,Spencer Hawes,,Zaza Pachulia,,,,,,shooting,,
Beno Udrih,Donte Greene,Kevin Martin,Rashad McCants,Spencer Hawes,Acie Law,Al Horford,Mike Bibby,Ronald Murray,Zaza Pachulia,2,6:17,SAC,sub,,,,Kevin Martin,,Francisco Garcia,,,,,,,,,,,,
Beno Udrih,Donte Greene,Kevin Martin,Rashad McCants,Spencer Hawes,Acie Law,Al Horford,Mike Bibby,Ronald Murray,Zaza Pachulia,2,6:17,SAC,free throw,,,,,,,1,,2,Spencer Hawes,,,foul,missed,,,,
Beno Udrih,Donte Greene,Kevin Martin,Rashad McCants,Spencer Hawes,Acie Law,Al Horford,Mike Bibby,Ronald Murray,Zaza Pachulia,2,6:17,SAC,rebound,,,,,,,,,,,,,,,,,,
Beno Udrih,Donte Greene,Kevin Martin,Rashad McCants,Spencer Hawes,Acie Law,Al Horford,Mike Bibby,Ronald Murray,Zaza Pachulia,2,6:17,SAC,free throw,,,,,,,2,,2,Spencer Hawes,,,foul,made,,,,
Beno Udrih,Donte Greene,Kevin Martin,Rashad McCants,Spencer Hawes,Acie Law,Al Horford,Mike Bibby,Ronald Murray,Zaza Pachulia,2,5:56,ATL,shot,,,,,,,,,,Acie Law,,,,missed,,3pt,47,17
Beno Udrih,Donte Greene,Kevin Martin,Rashad McCants,Spencer Hawes,Acie Law,Al Horford,Mike Bibby,Ronald Murray,Zaza Pachulia,2,5:54,ATL,rebound,,,,,,,,,,Al Horford,,,,,,off,,
Beno Udrih,Donte Greene,Kevin Martin,Rashad McCants,Spencer Hawes,Acie Law,Al Horford,Mike Bibby,Ronald Murray,Zaza Pachulia,2,5:54,ATL,shot,,,,,,,,,,Al Horford,2,,,made,,putback layup,22,6
Beno Udrih,Donte Greene,Kevin Martin,Rashad McCants,Spencer Hawes,Acie Law,Al Horford,Mike Bibby,Ronald Murray,Zaza Pachulia,2,5:54,SAC,foul,,,,,,,,Al Horford,,Donte Greene,,,,,,shooting,,
Beno Udrih,Donte Greene,Kevin Martin,Rashad McCants,Spencer Hawes,Acie Law,Al Horford,Mike Bibby,Ronald Murray,Zaza Pachulia,2,5:54,ATL,timeout,,,,,,,,,,,,,,,,regular,,
Beno Udrih,Calvin Booth,Donte Greene,Kevin Martin,Rashad McCants,Acie Law,Al Horford,Mike Bibby,Ronald Murray,Zaza Pachulia,2,5:54,SAC,sub,,,,Calvin Booth,,Spencer Hawes,,,,,,,,,,,,
Beno Udrih,Calvin Booth,Donte Greene,Kevin Martin,Rashad McCants,Al Horford,Joe Johnson,Mike Bibby,Ronald Murray,Zaza Pachulia,2,5:54,ATL,sub,,,,Joe Johnson,,Acie Law,,,,,,,,,,,,
Beno Udrih,Calvin Booth,Donte Greene,Kevin Martin,Rashad McCants,Al Horford,Joe Johnson,Mike Bibby,Ronald Murray,Zaza Pachulia,2,5:54,ATL,free throw,,,,,,,1,,1,Al Horford,,,foul,missed,,,,
Beno Udrih,Calvin Booth,Donte Greene,Kevin Martin,Rashad McCants,Al Horford,Joe Johnson,Mike Bibby,Ronald Murray,Zaza Pachulia,2,5:53,SAC,rebound,,,,,,,,,,Rashad McCants,,,,,,def,,
Beno Udrih,Calvin Booth,Donte Greene,Kevin Martin,Rashad McCants,Al Horford,Joe Johnson,Mike Bibby,Ronald Murray,Zaza Pachulia,2,5:45,ATL,foul,,,,,,,,Calvin Booth,,Zaza Pachulia,,,,,,personal,,
Beno Udrih,Calvin Booth,Donte Greene,Kevin Martin,Rashad McCants,Al Horford,Joe Johnson,Mike Bibby,Ronald Murray,Zaza Pachulia,2,5:39,ATL,foul,,,,,,,,Calvin Booth,,Ronald Murray,,,,,,shooting,,
Beno Udrih,Calvin Booth,Donte Greene,Kevin Martin,Rashad McCants,Al Horford,Joe Johnson,Mike Bibby,Ronald Murray,Zaza Pachulia,2,5:39,SAC,free throw,,,,,,,1,,2,Calvin Booth,,,foul,made,,,,
Beno Udrih,Calvin Booth,Donte Greene,Kevin Martin,Rashad McCants,Al Horford,Joe Johnson,Mike Bibby,Ronald Murray,Zaza Pachulia,2,5:39,SAC,free throw,,,,,,,2,,2,Calvin Booth,,,foul,made,,,,
Beno Udrih,Calvin Booth,Donte Greene,Kevin Martin,Rashad McCants,Al Horford,Joe Johnson,Mike Bibby,Ronald Murray,Zaza Pachulia,2,5:28,SAC,foul,,,,,,,,Ronald Murray,,Kevin Martin,,,,,,shooting,,
Beno Udrih,Calvin Booth,Donte Greene,Kevin Martin,Rashad McCants,Al Horford,Joe Johnson,Mike Bibby,Ronald Murray,Zaza Pachulia,2,5:28,SAC,foul,,,,,,,,Ronald Murray,,Kevin Martin,,,,,,technical,,
Beno Udrih,Calvin Booth,Donte Greene,Kevin Martin,Rashad McCants,Al Horford,Joe Johnson,Josh Smith,Mike Bibby,Ronald Murray,2,5:28,ATL,sub,,,,Josh Smith,,Zaza Pachulia,,,,,,,,,,,,
Beno Udrih,Calvin Booth,Donte Greene,Kevin Martin,Rashad McCants,Al Horford,Joe Johnson,Josh Smith,Mike Bibby,Ronald Murray,2,5:28,ATL,free throw,,,,,,,1,,1,Joe Johnson,,,technical,made,,,,
Beno Udrih,Calvin Booth,Donte Greene,Kevin Martin,Rashad McCants,Al Horford,Joe Johnson,Josh Smith,Mike Bibby,Ronald Murray,2,5:28,ATL,free throw,,,,,,,1,,2,Ronald Murray,,,foul,made,,,,
Beno Udrih,Calvin Booth,Donte Greene,Kevin Martin,Rashad McCants,Al Horford,Joe Johnson,Josh Smith,Mike Bibby,Ronald Murray,2,5:28,ATL,free throw,,,,,,,2,,2,Ronald Murray,,,foul,made,,,,
Beno Udrih,Calvin Booth,Donte Greene,Kevin Martin,Rashad McCants,Al Horford,Joe Johnson,Josh Smith,Mike Bibby,Ronald Murray,2,5:18,SAC,shot,,,,,,,,,,Beno Udrih,,,,missed,,jump,30,12
Beno Udrih,Calvin Booth,Donte Greene,Kevin Martin,Rashad McCants,Al Horford,Joe Johnson,Josh Smith,Mike Bibby,Ronald Murray,2,5:16,SAC,rebound,,,,,,,,,,Calvin Booth,,,,,,off,,
Beno Udrih,Calvin Booth,Donte Greene,Kevin Martin,Rashad McCants,Al Horford,Joe Johnson,Josh Smith,Mike Bibby,Ronald Murray,2,5:11,SAC,shot,,,,,,,,,,Donte Greene,,,,missed,,jump,44,8
Beno Udrih,Calvin Booth,Donte Greene,Kevin Martin,Rashad McCants,Al Horford,Joe Johnson,Josh Smith,Mike Bibby,Ronald Murray,2,5:04,SAC,rebound,,,,,,,,,,Kevin Martin,,,,,,off,,
Beno Udrih,Calvin Booth,Donte Greene,Kevin Martin,Rashad McCants,Al Horford,Joe Johnson,Josh Smith,Mike Bibby,Ronald Murray,2,5:00,SAC,shot,,,,,,,,,,Kevin Martin,2,,,made,,jump,15,8
Beno Udrih,Calvin Booth,Donte Greene,Kevin Martin,Rashad McCants,Al Horford,Joe Johnson,Josh Smith,Mike Bibby,Ronald Murray,2,4:49,ATL,shot,Al Horford,,,,,,,,,Joe Johnson,3,,,made,,3pt,9,26
Beno Udrih,Calvin Booth,Donte Greene,Kevin Martin,Rashad McCants,Al Horford,Joe Johnson,Josh Smith,Mike Bibby,Ronald Murray,2,4:39,SAC,turnover,,,,,,,,,,Donte Greene,,,traveling,,,,,
Beno Udrih,Calvin Booth,Donte Greene,Kevin Martin,Rashad McCants,Al Horford,Joe Johnson,Josh Smith,Mike Bibby,Ronald Murray,2,4:27,ATL,shot,,,,,,,,,,Ronald Murray,,,,missed,,jump,29,7
Beno Udrih,Calvin Booth,Donte Greene,Kevin Martin,Rashad McCants,Al Horford,Joe Johnson,Josh Smith,Mike Bibby,Ronald Murray,2,4:26,SAC,rebound,,,,,,,,,,Calvin Booth,,,,,,def,,
Beno Udrih,Calvin Booth,Donte Greene,Kevin Martin,Rashad McCants,Al Horford,Joe Johnson,Josh Smith,Mike Bibby,Ronald Murray,2,4:19,SAC,shot,,,,,,,,,,Kevin Martin,,,,missed,,jump,30,11
Beno Udrih,Calvin Booth,Donte Greene,Kevin Martin,Rashad McCants,Al Horford,Joe Johnson,Josh Smith,Mike Bibby,Ronald Murray,2,4:19,ATL,rebound,,,,,,,,,,Al Horford,,,,,,def,,
Beno Udrih,Calvin Booth,Donte Greene,Kevin Martin,Rashad McCants,Al Horford,Joe Johnson,Josh Smith,Mike Bibby,Ronald Murray,2,4:19,SAC,foul,,,,,,,,,,Natt,,,,,,technical,,
Beno Udrih,Calvin Booth,Donte Greene,Kevin Martin,Rashad McCants,Al Horford,Joe Johnson,Josh Smith,Mike Bibby,Ronald Murray,2,4:19,ATL,free throw,,,,,,,1,,1,Joe Johnson,,,technical,missed,,,,
Beno Udrih,Calvin Booth,Donte Greene,Kevin Martin,Rashad McCants,Al Horford,Joe Johnson,Josh Smith,Mike Bibby,Ronald Murray,2,4:19,ATL,rebound,,,,,,,,,,,,,,,,,,
Beno Udrih,Calvin Booth,Donte Greene,Kevin Martin,Rashad McCants,Al Horford,Joe Johnson,Josh Smith,Maurice Evans,Mike Bibby,2,4:19,ATL,sub,,,,Maurice Evans,,Ronald Murray,,,,,,,,,,,,
Beno Udrih,Calvin Booth,Donte Greene,Kevin Martin,Rashad McCants,Al Horford,Joe Johnson,Josh Smith,Maurice Evans,Mike Bibby,2,4:00,ATL,shot,,,,,,,,,,Josh Smith,,,,missed,,jump,30,7
Beno Udrih,Calvin Booth,Donte Greene,Kevin Martin,Rashad McCants,Al Horford,Joe Johnson,Josh Smith,Maurice Evans,Mike Bibby,2,3:59,SAC,rebound,,,,,,,,,,Beno Udrih,,,,,,def,,
Beno Udrih,Calvin Booth,Donte Greene,Kevin Martin,Rashad McCants,Al Horford,Joe Johnson,Josh Smith,Maurice Evans,Mike Bibby,2,3:55,ATL,foul,,,,,,,,Kevin Martin,,Al Horford,,,,,,shooting,,
Beno Udrih,Calvin Booth,Donte Greene,Kevin Martin,Rashad McCants,Al Horford,Joe Johnson,Josh Smith,Maurice Evans,Mike Bibby,2,3:55,SAC,free throw,,,,,,,1,,2,Kevin Martin,,,foul,made,,,,
Beno Udrih,Calvin Booth,Donte Greene,Kevin Martin,Rashad McCants,Al Horford,Joe Johnson,Josh Smith,Maurice Evans,Mike Bibby,2,3:55,SAC,free throw,,,,,,,2,,2,Kevin Martin,,,foul,missed,,,,
Beno Udrih,Calvin Booth,Donte Greene,Kevin Martin,Rashad McCants,Al Horford,Joe Johnson,Josh Smith,Maurice Evans,Mike Bibby,2,3:54,ATL,rebound,,,,,,,,,,Al Horford,,,,,,def,,
Beno Udrih,Calvin Booth,Donte Greene,Kevin Martin,Rashad McCants,Al Horford,Joe Johnson,Josh Smith,Maurice Evans,Mike Bibby,2,3:33,SAC,foul,,,,,,,,,,Kevin Martin,,,,,,defense 3 second,,
Beno Udrih,Calvin Booth,Jason Thompson,Kevin Martin,Rashad McCants,Al Horford,Joe Johnson,Josh Smith,Maurice Evans,Mike Bibby,2,3:33,SAC,sub,,,,Jason Thompson,,Donte Greene,,,,,,,,,,,,
Beno Udrih,Calvin Booth,Jason Thompson,Kevin Martin,Rashad McCants,Al Horford,Joe Johnson,Josh Smith,Maurice Evans,Mike Bibby,2,3:33,ATL,free throw,,,,,,,1,,1,Mike Bibby,,,technical,made,,,,
Beno Udrih,Calvin Booth,Jason Thompson,Kevin Martin,Rashad McCants,Al Horford,Joe Johnson,Josh Smith,Maurice Evans,Mike Bibby,2,3:25,ATL,shot,Josh Smith,,,,,,,,,Al Horford,2,,,made,,running dunk,25,6
Beno Udrih,Calvin Booth,Jason Thompson,Kevin Martin,Rashad McCants,Al Horford,Joe Johnson,Josh Smith,Maurice Evans,Mike Bibby,2,3:10,SAC,shot,,,,,,,,,,Kevin Martin,,,,missed,,jump,23,25
Beno Udrih,Calvin Booth,Jason Thompson,Kevin Martin,Rashad McCants,Al Horford,Joe Johnson,Josh Smith,Maurice Evans,Mike Bibby,2,3:09,SAC,rebound,,,,,,,,,,Jason Thompson,,,,,,off,,
Beno Udrih,Calvin Booth,Jason Thompson,Kevin Martin,Rashad McCants,Al Horford,Joe Johnson,Josh Smith,Maurice Evans,Mike Bibby,2,3:06,SAC,shot,Kevin Martin,,,,,,,,,Calvin Booth,2,,,made,,jump,37,18
Beno Udrih,Calvin Booth,Jason Thompson,Kevin Martin,Rashad McCants,Al Horford,Joe Johnson,Josh Smith,Maurice Evans,Mike Bibby,2,2:48,ATL,shot,Mike Bibby,,,,,,,,,Al Horford,2,,,made,,jump,11,12
Beno Udrih,Calvin Booth,Jason Thompson,Kevin Martin,Rashad McCants,Al Horford,Joe Johnson,Josh Smith,Maurice Evans,Mike Bibby,2,2:33,ATL,foul,,,,,,,,Kevin Martin,,Al Horford,,,,,,personal,,
Beno Udrih,Calvin Booth,Jason Thompson,Kevin Martin,Rashad McCants,Al Horford,Joe Johnson,Josh Smith,Maurice Evans,Mike Bibby,2,2:33,SAC,timeout,,,,,,,,,,,,,,,,regular,,
Beno Udrih,Calvin Booth,Jason Thompson,Kevin Martin,Rashad McCants,Joe Johnson,Josh Smith,Maurice Evans,Mike Bibby,Solomon Jones,2,2:33,ATL,sub,,,,Solomon Jones,,Al Horford,,,,,,,,,,,,
Beno Udrih,Calvin Booth,Jason Thompson,Kevin Martin,Rashad McCants,Joe Johnson,Josh Smith,Maurice Evans,Mike Bibby,Solomon Jones,2,2:33,SAC,free throw,,,,,,,1,,2,Kevin Martin,,,foul,missed,,,,
Beno Udrih,Calvin Booth,Jason Thompson,Kevin Martin,Rashad McCants,Joe Johnson,Josh Smith,Maurice Evans,Mike Bibby,Solomon Jones,2,2:33,SAC,rebound,,,,,,,,,,,,,,,,,,
Beno Udrih,Calvin Booth,Jason Thompson,Kevin Martin,Rashad McCants,Joe Johnson,Josh Smith,Maurice Evans,Mike Bibby,Solomon Jones,2,2:33,SAC,free throw,,,,,,,2,,2,Kevin Martin,,,foul,made,,,,
Beno Udrih,Calvin Booth,Jason Thompson,Kevin Martin,Rashad McCants,Joe Johnson,Josh Smith,Maurice Evans,Mike Bibby,Solomon Jones,2,2:19,ATL,shot,Mike Bibby,,,,,,,,,Josh Smith,2,,,made,,alley oop dunk,25,6
Beno Udrih,Calvin Booth,Jason Thompson,Kevin Martin,Rashad McCants,Joe Johnson,Josh Smith,Maurice Evans,Mike Bibby,Solomon Jones,2,2:08,ATL,foul,,,,,,,,Kevin Martin,,Solomon Jones,,,,,,shooting,,
Beno Udrih,Calvin Booth,Jason Thompson,Kevin Martin,Rashad McCants,Joe Johnson,Josh Smith,Maurice Evans,Mike Bibby,Solomon Jones,2,2:08,SAC,free throw,,,,,,,1,,2,Kevin Martin,,,foul,made,,,,
Beno Udrih,Jason Thompson,Kevin Martin,Rashad McCants,Spencer Hawes,Joe Johnson,Josh Smith,Maurice Evans,Mike Bibby,Solomon Jones,2,2:08,SAC,sub,,,,Spencer Hawes,,Calvin Booth,,,,,,,,,,,,
Beno Udrih,Jason Thompson,Kevin Martin,Rashad McCants,Spencer Hawes,Joe Johnson,Josh Smith,Maurice Evans,Mike Bibby,Solomon Jones,2,2:08,SAC,free throw,,,,,,,2,,2,Kevin Martin,,,foul,made,,,,
Beno Udrih,Jason Thompson,Kevin Martin,Rashad McCants,Spencer Hawes,Joe Johnson,Josh Smith,Maurice Evans,Mike Bibby,Solomon Jones,2,1:52,ATL,turnover,,,,,,,,,,Joe Johnson,,,bad pass,,,,,
Beno Udrih,Jason Thompson,Kevin Martin,Rashad McCants,Spencer Hawes,Joe Johnson,Josh Smith,Maurice Evans,Mike Bibby,Solomon Jones,2,1:39,SAC,shot,,,,,,,,,,Rashad McCants,,,,missed,,jump,14,23
Beno Udrih,Jason Thompson,Kevin Martin,Rashad McCants,Spencer Hawes,Joe Johnson,Josh Smith,Maurice Evans,Mike Bibby,Solomon Jones,2,1:38,ATL,rebound,,,,,,,,,,Josh Smith,,,,,,def,,
Beno Udrih,Jason Thompson,Kevin Martin,Rashad McCants,Spencer Hawes,Joe Johnson,Josh Smith,Maurice Evans,Mike Bibby,Solomon Jones,2,1:31,ATL,shot,,,,,,,,,,Joe Johnson,2,,,made,,driving layup,23,6
Beno Udrih,Jason Thompson,Kevin Martin,Rashad McCants,Spencer Hawes,Joe Johnson,Josh Smith,Maurice Evans,Mike Bibby,Solomon Jones,2,1:22,ATL,foul,,,,,,,,Beno Udrih,,Joe Johnson,,,,,,personal,,
Beno Udrih,Jason Thompson,Kevin Martin,Rashad McCants,Spencer Hawes,Joe Johnson,Josh Smith,Maurice Evans,Mike Bibby,Solomon Jones,2,1:22,SAC,free throw,,,,,,,1,,2,Beno Udrih,,,foul,made,,,,
Beno Udrih,Jason Thompson,Kevin Martin,Rashad McCants,Spencer Hawes,Joe Johnson,Josh Smith,Maurice Evans,Mike Bibby,Solomon Jones,2,1:22,SAC,free throw,,,,,,,2,,2,Beno Udrih,,,foul,made,,,,
Beno Udrih,Jason Thompson,Kevin Martin,Rashad McCants,Spencer Hawes,Joe Johnson,Josh Smith,Maurice Evans,Mike Bibby,Solomon Jones,2,1:15,ATL,turnover,,,,,,,,,,Mike Bibby,,,bad pass,,Rashad McCants,,,
Beno Udrih,Jason Thompson,Kevin Martin,Rashad McCants,Spencer Hawes,Joe Johnson,Josh Smith,Maurice Evans,Mike Bibby,Solomon Jones,2,1:11,SAC,shot,,,,,,,,,,Rashad McCants,,,,missed,,layup,25,6
Beno Udrih,Jason Thompson,Kevin Martin,Rashad McCants,Spencer Hawes,Joe Johnson,Josh Smith,Maurice Evans,Mike Bibby,Solomon Jones,2,1:11,SAC,shot,,,,,,,,,,Rashad McCants,2,,,made,,running dunk,25,6
Beno Udrih,Jason Thompson,Kevin Martin,Rashad McCants,Spencer Hawes,Joe Johnson,Josh Smith,Maurice Evans,Mike Bibby,Solomon Jones,2,1:11,SAC,rebound,,,,,,,,,,Rashad McCants,,,,,,off,,
Beno Udrih,Jason Thompson,Kevin Martin,Rashad McCants,Spencer Hawes,Joe Johnson,Josh Smith,Maurice Evans,Mike Bibby,Solomon Jones,2,1:11,ATL,violation,,,,,,,,,,Josh Smith,,,,,,defensive goaltending,,
Beno Udrih,Jason Thompson,Kevin Martin,Rashad McCants,Spencer Hawes,Joe Johnson,Josh Smith,Maurice Evans,Mike Bibby,Solomon Jones,2,0:55,ATL,shot,Joe Johnson,,,,,,,,,Solomon Jones,2,,,made,,dunk,25,6
Beno Udrih,Jason Thompson,Kevin Martin,Rashad McCants,Spencer Hawes,Joe Johnson,Josh Smith,Maurice Evans,Mike Bibby,Solomon Jones,2,0:41,SAC,shot,,,,,,,,,,Kevin Martin,,,,missed,,jump,43,8
Beno Udrih,Jason Thompson,Kevin Martin,Rashad McCants,Spencer Hawes,Joe Johnson,Josh Smith,Maurice Evans,Mike Bibby,Solomon Jones,2,0:40,ATL,rebound,,,,,,,,,,Solomon Jones,,,,,,def,,
Beno Udrih,Jason Thompson,Kevin Martin,Rashad McCants,Spencer Hawes,Joe Johnson,Josh Smith,Maurice Evans,Mike Bibby,Solomon Jones,2,0:35,ATL,shot,Joe Johnson,,,,,,,,,Josh Smith,2,,,made,,dunk,25,6
Beno Udrih,Jason Thompson,Kevin Martin,Rashad McCants,Spencer Hawes,Joe Johnson,Josh Smith,Maurice Evans,Mike Bibby,Solomon Jones,2,0:17,SAC,shot,,,,,,,,,,Jason Thompson,,,,missed,,jump,25,26
Beno Udrih,Jason Thompson,Kevin Martin,Rashad McCants,Spencer Hawes,Joe Johnson,Josh Smith,Maurice Evans,Mike Bibby,Solomon Jones,2,0:15,SAC,rebound,,,,,,,,,,Kevin Martin,,,,,,off,,
Beno Udrih,Jason Thompson,Kevin Martin,Rashad McCants,Spencer Hawes,Joe Johnson,Josh Smith,Maurice Evans,Mike Bibby,Solomon Jones,2,0:15,SAC,shot,,,,,,,,,,Kevin Martin,2,,,made,,putback layup,25,6
Beno Udrih,Jason Thompson,Kevin Martin,Rashad McCants,Spencer Hawes,Joe Johnson,Josh Smith,Maurice Evans,Mike Bibby,Solomon Jones,2,0:04,ATL,timeout,,,,,,,,,,,,,,,,short,,
Beno Udrih,Calvin Booth,Kevin Martin,Rashad McCants,Spencer Hawes,Joe Johnson,Josh Smith,Maurice Evans,Mike Bibby,Solomon Jones,2,0:04,SAC,sub,,,,Calvin Booth,,Jason Thompson,,,,,,,,,,,,
Beno Udrih,Calvin Booth,Kevin Martin,Rashad McCants,Spencer Hawes,Joe Johnson,Josh Smith,Maurice Evans,Mike Bibby,Solomon Jones,2,0:00,ATL,shot,Mike Bibby,,,,,,,,,Josh Smith,3,,,made,,3pt,30,33
Andres Nocioni,Beno Udrih,Jason Thompson,Kevin Martin,Spencer Hawes,Al Horford,Joe Johnson,Josh Smith,Maurice Evans,Mike Bibby,3,11:38,ATL,shot,,,,,,,,,,Mike Bibby,,,,missed,,3pt,25,33
Andres Nocioni,Beno Udrih,Jason Thompson,Kevin Martin,Spencer Hawes,Al Horford,Joe Johnson,Josh Smith,Maurice Evans,Mike Bibby,3,11:37,ATL,rebound,,,,,,,,,,Josh Smith,,,,,,off,,
Andres Nocioni,Beno Udrih,Jason Thompson,Kevin Martin,Spencer Hawes,Al Horford,Joe Johnson,Josh Smith,Maurice Evans,Mike Bibby,3,11:27,ATL,shot,Joe Johnson,,,,,,,,,Josh Smith,2,,,made,,driving dunk,25,6
Andres Nocioni,Beno Udrih,Jason Thompson,Kevin Martin,Spencer Hawes,Al Horford,Joe Johnson,Josh Smith,Maurice Evans,Mike Bibby,3,11:12,SAC,shot,,,,,,,,,,Beno Udrih,,,,missed,,jump,29,15
Andres Nocioni,Beno Udrih,Jason Thompson,Kevin Martin,Spencer Hawes,Al Horford,Joe Johnson,Josh Smith,Maurice Evans,Mike Bibby,3,11:10,ATL,rebound,,,,,,,,,,Josh Smith,,,,,,def,,
Andres Nocioni,Beno Udrih,Jason Thompson,Kevin Martin,Spencer Hawes,Al Horford,Joe Johnson,Josh Smith,Maurice Evans,Mike Bibby,3,11:06,ATL,foul,,,,,,,,Kevin Martin,,Mike Bibby,,,,,,offensive,,
Andres Nocioni,Beno Udrih,Jason Thompson,Kevin Martin,Spencer Hawes,Al Horford,Joe Johnson,Josh Smith,Maurice Evans,Mike Bibby,3,11:06,ATL,turnover,,,,,,,,,,Mike Bibby,,,foul,,,,,
Andres Nocioni,Beno Udrih,Jason Thompson,Kevin Martin,Spencer Hawes,Al Horford,Joe Johnson,Josh Smith,Maurice Evans,Mike Bibby,3,10:58,ATL,foul,,,,,,,,Jason Thompson,,Maurice Evans,,,,,,personal,,
Andres Nocioni,Beno Udrih,Jason Thompson,Kevin Martin,Spencer Hawes,Al Horford,Joe Johnson,Josh Smith,Maurice Evans,Mike Bibby,3,10:47,SAC,shot,,,,,,,,,,Andres Nocioni,,,,missed,,jump,7,11
Andres Nocioni,Beno Udrih,Jason Thompson,Kevin Martin,Spencer Hawes,Al Horford,Joe Johnson,Josh Smith,Maurice Evans,Mike Bibby,3,10:46,ATL,rebound,,,,,,,,,,Al Horford,,,,,,def,,
Andres Nocioni,Beno Udrih,Jason Thompson,Kevin Martin,Spencer Hawes,Al Horford,Joe Johnson,Josh Smith,Maurice Evans,Mike Bibby,3,10:34,ATL,shot,Mike Bibby,,,,,,,,,Josh Smith,2,,,made,,alley oop dunk,25,6
Andres Nocioni,Beno Udrih,Jason Thompson,Kevin Martin,Spencer Hawes,Al Horford,Joe Johnson,Josh Smith,Maurice Evans,Mike Bibby,3,10:18,SAC,shot,,,,,,,,,,Kevin Martin,,,,missed,,3pt,33,30
Andres Nocioni,Beno Udrih,Jason Thompson,Kevin Martin,Spencer Hawes,Al Horford,Joe Johnson,Josh Smith,Maurice Evans,Mike Bibby,3,10:17,ATL,rebound,,,,,,,,,,Al Horford,,,,,,def,,
Andres Nocioni,Beno Udrih,Jason Thompson,Kevin Martin,Spencer Hawes,Al Horford,Joe Johnson,Josh Smith,Maurice Evans,Mike Bibby,3,10:07,ATL,shot,,,,,,,,,,Mike Bibby,,,,missed,,3pt,12,31
Andres Nocioni,Beno Udrih,Jason Thompson,Kevin Martin,Spencer Hawes,Al Horford,Joe Johnson,Josh Smith,Maurice Evans,Mike Bibby,3,10:07,SAC,rebound,,,,,,,,,,,,,,,,,,
Andres Nocioni,Beno Udrih,Jason Thompson,Kevin Martin,Spencer Hawes,Al Horford,Joe Johnson,Josh Smith,Maurice Evans,Mike Bibby,3,9:54,SAC,shot,Kevin Martin,,,,,,,,,Andres Nocioni,3,,,made,,3pt,40,29
Andres Nocioni,Beno Udrih,Jason Thompson,Kevin Martin,Spencer Hawes,Al Horford,Joe Johnson,Josh Smith,Maurice Evans,Mike Bibby,3,9:37,ATL,turnover,,,,,,,,,,Joe Johnson,,,out of bounds lost ball turnover,,,,,
Andres Nocioni,Beno Udrih,Jason Thompson,Kevin Martin,Spencer Hawes,Al Horford,Joe Johnson,Josh Smith,Maurice Evans,Mike Bibby,3,9:25,SAC,shot,,,,,,,,,,Beno Udrih,,,,missed,,jump,20,15
Andres Nocioni,Beno Udrih,Jason Thompson,Kevin Martin,Spencer Hawes,Al Horford,Joe Johnson,Josh Smith,Maurice Evans,Mike Bibby,3,9:23,ATL,rebound,,,,,,,,,,Al Horford,,,,,,def,,
Andres Nocioni,Beno Udrih,Jason Thompson,Kevin Martin,Spencer Hawes,Al Horford,Joe Johnson,Josh Smith,Maurice Evans,Mike Bibby,3,9:19,ATL,turnover,,,,,,,,,,Josh Smith,,,bad pass,,,,,
Andres Nocioni,Beno Udrih,Jason Thompson,Kevin Martin,Spencer Hawes,Al Horford,Joe Johnson,Josh Smith,Maurice Evans,Mike Bibby,3,9:05,ATL,foul,,,,,,,,Jason Thompson,,Maurice Evans,,,,,,shooting,,
Andres Nocioni,Beno Udrih,Jason Thompson,Kevin Martin,Spencer Hawes,Al Horford,Joe Johnson,Josh Smith,Maurice Evans,Mike Bibby,3,9:05,SAC,free throw,,,,,,,1,,2,Jason Thompson,,,foul,made,,,,
Andres Nocioni,Beno Udrih,Jason Thompson,Kevin Martin,Spencer Hawes,Al Horford,Joe Johnson,Josh Smith,Maurice Evans,Mike Bibby,3,9:05,SAC,free throw,,,,,,,2,,2,Jason Thompson,,,foul,made,,,,
Andres Nocioni,Beno Udrih,Jason Thompson,Kevin Martin,Spencer Hawes,Al Horford,Joe Johnson,Josh Smith,Maurice Evans,Mike Bibby,3,8:48,ATL,shot,,,,,,,,,,Maurice Evans,,,,missed,,3pt,2,21
Andres Nocioni,Beno Udrih,Jason Thompson,Kevin Martin,Spencer Hawes,Al Horford,Joe Johnson,Josh Smith,Maurice Evans,Mike Bibby,3,8:45,ATL,rebound,,,,,,,,,,Maurice Evans,,,,,,off,,
Andres Nocioni,Beno Udrih,Jason Thompson,Kevin Martin,Spencer Hawes,Al Horford,Joe Johnson,Josh Smith,Maurice Evans,Mike Bibby,3,8:35,ATL,shot,,,,,,,,,,Maurice Evans,2,,,made,,layup,25,6
Andres Nocioni,Beno Udrih,Jason Thompson,Kevin Martin,Spencer Hawes,Al Horford,Joe Johnson,Josh Smith,Maurice Evans,Mike Bibby,3,8:30,SAC,shot,Andres Nocioni,,,,,,,,,Spencer Hawes,2,,,made,,running layup,25,6
Andres Nocioni,Beno Udrih,Jason Thompson,Kevin Martin,Spencer Hawes,Al Horford,Joe Johnson,Josh Smith,Maurice Evans,Mike Bibby,3,8:11,ATL,shot,,,,,,,,,,Joe Johnson,,,,missed,,jump,33,9
Andres Nocioni,Beno Udrih,Jason Thompson,Kevin Martin,Spencer Hawes,Al Horford,Joe Johnson,Josh Smith,Maurice Evans,Mike Bibby,3,8:11,SAC,rebound,,,,,,,,,,,,,,,,,,
Andres Nocioni,Beno Udrih,Jason Thompson,Kevin Martin,Spencer Hawes,Al Horford,Joe Johnson,Josh Smith,Maurice Evans,Mike Bibby,3,8:11,ATL,foul,,,,,,,,Beno Udrih,,Maurice Evans,,,,,,loose ball,,
Andres Nocioni,Beno Udrih,Jason Thompson,Kevin Martin,Spencer Hawes,Al Horford,Joe Johnson,Josh Smith,Maurice Evans,Mike Bibby,3,7:55,ATL,foul,,,,,,,,Kevin Martin,,Mike Bibby,,,,,,shooting,,
Andres Nocioni,Beno Udrih,Jason Thompson,Kevin Martin,Spencer Hawes,Al Horford,Joe Johnson,Josh Smith,Maurice Evans,Mike Bibby,3,7:55,SAC,free throw,,,,,,,1,,3,Kevin Martin,,,foul,made,,,,
Andres Nocioni,Beno Udrih,Jason Thompson,Kevin Martin,Spencer Hawes,Al Horford,Joe Johnson,Josh Smith,Maurice Evans,Mike Bibby,3,7:55,SAC,free throw,,,,,,,2,,3,Kevin Martin,,,foul,made,,,,
Andres Nocioni,Beno Udrih,Jason Thompson,Kevin Martin,Spencer Hawes,Al Horford,Joe Johnson,Josh Smith,Maurice Evans,Mike Bibby,3,7:55,SAC,free throw,,,,,,,3,,3,Kevin Martin,,,foul,made,,,,
Andres Nocioni,Beno Udrih,Jason Thompson,Kevin Martin,Spencer Hawes,Al Horford,Joe Johnson,Josh Smith,Maurice Evans,Mike Bibby,3,7:46,ATL,turnover,,,,,,,,,,Al Horford,,,bad pass,,Kevin Martin,,,
Andres Nocioni,Beno Udrih,Jason Thompson,Kevin Martin,Spencer Hawes,Al Horford,Joe Johnson,Josh Smith,Maurice Evans,Mike Bibby,3,7:43,ATL,foul,,,,,,,,Kevin Martin,,Mike Bibby,,,,,,personal,,
Andres Nocioni,Beno Udrih,Jason Thompson,Kevin Martin,Spencer Hawes,Al Horford,Joe Johnson,Josh Smith,Maurice Evans,Mike Bibby,3,7:35,SAC,shot,,,,,,,,,,Beno Udrih,,,,missed,,layup,25,6
Andres Nocioni,Beno Udrih,Jason Thompson,Kevin Martin,Spencer Hawes,Al Horford,Joe Johnson,Josh Smith,Maurice Evans,Mike Bibby,3,7:33,SAC,shot,,,,,,,,,,Jason Thompson,2,,,made,,putback layup,25,6
Andres Nocioni,Beno Udrih,Jason Thompson,Kevin Martin,Spencer Hawes,Al Horford,Joe Johnson,Josh Smith,Maurice Evans,Mike Bibby,3,7:33,SAC,rebound,,,,,,,,,,Jason Thompson,,,,,,off,,
Andres Nocioni,Beno Udrih,Jason Thompson,Kevin Martin,Spencer Hawes,Al Horford,Joe Johnson,Josh Smith,Maurice Evans,Mike Bibby,3,7:22,SAC,foul,,,,,,,,Al Horford,,Jason Thompson,,,,,,personal,,
Andres Nocioni,Beno Udrih,Jason Thompson,Kevin Martin,Spencer Hawes,Al Horford,Joe Johnson,Josh Smith,Maurice Evans,Mike Bibby,3,7:11,ATL,shot,Joe Johnson,,,,,,,,,Mike Bibby,3,,,made,,3pt,0,13
Andres Nocioni,Beno Udrih,Jason Thompson,Kevin Martin,Spencer Hawes,Al Horford,Joe Johnson,Josh Smith,Maurice Evans,Mike Bibby,3,6:48,SAC,shot,,,,,,,,,,Spencer Hawes,,,,missed,,turnaround jump,35,21
Andres Nocioni,Beno Udrih,Jason Thompson,Kevin Martin,Spencer Hawes,Al Horford,Joe Johnson,Josh Smith,Maurice Evans,Mike Bibby,3,6:45,ATL,rebound,,,,,,,,,,Joe Johnson,,,,,,def,,
Andres Nocioni,Beno Udrih,Jason Thompson,Kevin Martin,Spencer Hawes,Al Horford,Joe Johnson,Josh Smith,Maurice Evans,Mike Bibby,3,6:38,ATL,turnover,,,,,,,,,,Joe Johnson,,,lost ball,,Andres Nocioni,,,
Andres Nocioni,Beno Udrih,Jason Thompson,Kevin Martin,Spencer Hawes,Al Horford,Joe Johnson,Josh Smith,Maurice Evans,Mike Bibby,3,6:31,SAC,shot,Beno Udrih,,,,,,,,,Kevin Martin,3,,,made,,3pt,1,10
Andres Nocioni,Beno Udrih,Jason Thompson,Kevin Martin,Spencer Hawes,Al Horford,Joe Johnson,Josh Smith,Maurice Evans,Mike Bibby,3,6:16,ATL,shot,,,,,,,,,,Mike Bibby,2,,,made,,running jump,36,11
Andres Nocioni,Beno Udrih,Jason Thompson,Kevin Martin,Spencer Hawes,Al Horford,Joe Johnson,Josh Smith,Maurice Evans,Mike Bibby,3,6:00,ATL,foul,,,,,,,,Kevin Martin,,Maurice Evans,,,,,,shooting,,
Andres Nocioni,Beno Udrih,Jason Thompson,Kevin Martin,Spencer Hawes,Al Horford,Joe Johnson,Josh Smith,Mike Bibby,Ronald Murray,3,6:00,ATL,sub,,,,Ronald Murray,,Maurice Evans,,,,,,,,,,,,
Andres Nocioni,Beno Udrih,Jason Thompson,Kevin Martin,Spencer Hawes,Al Horford,Joe Johnson,Josh Smith,Mike Bibby,Ronald Murray,3,6:00,SAC,free throw,,,,,,,1,,2,Kevin Martin,,,foul,made,,,,
Andres Nocioni,Beno Udrih,Jason Thompson,Kevin Martin,Spencer Hawes,Al Horford,Joe Johnson,Josh Smith,Mike Bibby,Ronald Murray,3,6:00,SAC,free throw,,,,,,,2,,2,Kevin Martin,,,foul,made,,,,
Andres Nocioni,Beno Udrih,Jason Thompson,Kevin Martin,Spencer Hawes,Al Horford,Joe Johnson,Josh Smith,Mike Bibby,Ronald Murray,3,5:44,ATL,shot,,,,,,,,,,Joe Johnson,2,,,made,,driving layup,27,7
Andres Nocioni,Beno Udrih,Jason Thompson,Kevin Martin,Spencer Hawes,Al Horford,Joe Johnson,Josh Smith,Mike Bibby,Ronald Murray,3,5:27,SAC,shot,,,,,,,,,,Beno Udrih,,,,missed,,running layup,27,7
Andres Nocioni,Beno Udrih,Jason Thompson,Kevin Martin,Spencer Hawes,Al Horford,Joe Johnson,Josh Smith,Mike Bibby,Ronald Murray,3,5:25,ATL,rebound,,,,,,,,,,Josh Smith,,,,,,def,,
Andres Nocioni,Beno Udrih,Jason Thompson,Kevin Martin,Spencer Hawes,Al Horford,Joe Johnson,Josh Smith,Mike Bibby,Ronald Murray,3,5:23,ATL,shot,Mike Bibby,,,,,,,,,Al Horford,2,,,made,,running dunk,25,6
Andres Nocioni,Beno Udrih,Jason Thompson,Kevin Martin,Spencer Hawes,Al Horford,Joe Johnson,Josh Smith,Mike Bibby,Ronald Murray,3,5:16,SAC,timeout,,,,,,,,,,,,,,,,regular,,
Beno Udrih,Francisco Garcia,Jason Thompson,Kevin Martin,Spencer Hawes,Al Horford,Joe Johnson,Josh Smith,Mike Bibby,Ronald Murray,3,5:16,SAC,sub,,,,Francisco Garcia,,Andres Nocioni,,,,,,,,,,,,
Beno Udrih,Francisco Garcia,Jason Thompson,Kevin Martin,Spencer Hawes,Al Horford,Joe Johnson,Josh Smith,Mike Bibby,Ronald Murray,3,5:06,ATL,foul,,,,,,,,Kevin Martin,,Ronald Murray,,,,,,shooting,,
Beno Udrih,Francisco Garcia,Jason Thompson,Kevin Martin,Spencer Hawes,Al Horford,Joe Johnson,Josh Smith,Mike Bibby,Ronald Murray,3,5:06,SAC,free throw,,,,,,,1,,2,Kevin Martin,,,foul,made,,,,
Beno Udrih,Francisco Garcia,Jason Thompson,Kevin Martin,Spencer Hawes,Al Horford,Joe Johnson,Josh Smith,Mike Bibby,Ronald Murray,3,5:06,SAC,free throw,,,,,,,2,,2,Kevin Martin,,,foul,made,,,,
Beno Udrih,Francisco Garcia,Jason Thompson,Kevin Martin,Spencer Hawes,Al Horford,Joe Johnson,Josh Smith,Mike Bibby,Ronald Murray,3,4:53,ATL,shot,,,,,,,,,,Joe Johnson,2,,,made,,driving layup,22,7
Beno Udrih,Francisco Garcia,Jason Thompson,Kevin Martin,Spencer Hawes,Al Horford,Joe Johnson,Josh Smith,Mike Bibby,Ronald Murray,3,4:42,ATL,foul,,,,,,,,Kevin Martin,,Ronald Murray,,,,,,personal,,
Beno Udrih,Francisco Garcia,Jason Thompson,Kevin Martin,Spencer Hawes,Al Horford,Joe Johnson,Josh Smith,Mike Bibby,Ronald Murray,3,4:42,SAC,free throw,,,,,,,1,,2,Kevin Martin,,,foul,made,,,,
Beno Udrih,Francisco Garcia,Jason Thompson,Kevin Martin,Spencer Hawes,Al Horford,Joe Johnson,Josh Smith,Mike Bibby,Ronald Murray,3,4:42,SAC,free throw,,,,,,,2,,2,Kevin Martin,,,foul,made,,,,
Beno Udrih,Francisco Garcia,Jason Thompson,Kevin Martin,Spencer Hawes,Al Horford,Joe Johnson,Josh Smith,Mike Bibby,Ronald Murray,3,4:31,ATL,shot,,,,,,,,,,Josh Smith,2,,,made,,running jump,31,13
Beno Udrih,Francisco Garcia,Jason Thompson,Kevin Martin,Spencer Hawes,Al Horford,Joe Johnson,Josh Smith,Mike Bibby,Ronald Murray,3,4:10,SAC,shot,,,,,,,,,,Spencer Hawes,2,,,made,,running hook,21,12
Beno Udrih,Francisco Garcia,Jason Thompson,Kevin Martin,Spencer Hawes,Al Horford,Joe Johnson,Josh Smith,Mike Bibby,Ronald Murray,3,3:58,ATL,shot,,,,,,,,,,Joe Johnson,,,,missed,,jump,28,13
Beno Udrih,Francisco Garcia,Jason Thompson,Kevin Martin,Spencer Hawes,Al Horford,Joe Johnson,Josh Smith,Mike Bibby,Ronald Murray,3,3:55,ATL,rebound,,,,,,,,,,Joe Johnson,,,,,,off,,
Beno Udrih,Francisco Garcia,Jason Thompson,Kevin Martin,Spencer Hawes,Al Horford,Joe Johnson,Josh Smith,Mike Bibby,Ronald Murray,3,3:53,ATL,shot,,,,,,,,,,Mike Bibby,,,,missed,,3pt,38,32
Beno Udrih,Francisco Garcia,Jason Thompson,Kevin Martin,Spencer Hawes,Al Horford,Joe Johnson,Josh Smith,Mike Bibby,Ronald Murray,3,3:51,SAC,rebound,,,,,,,,,,Jason Thompson,,,,,,def,,
Beno Udrih,Francisco Garcia,Jason Thompson,Kevin Martin,Spencer Hawes,Al Horford,Joe Johnson,Josh Smith,Mike Bibby,Ronald Murray,3,3:45,SAC,shot,,,,,,,,,,Kevin Martin,,,,missed,,3pt,39,27
Beno Udrih,Francisco Garcia,Jason Thompson,Kevin Martin,Spencer Hawes,Al Horford,Joe Johnson,Josh Smith,Mike Bibby,Ronald Murray,3,3:42,SAC,rebound,,,,,,,,,,Spencer Hawes,,,,,,off,,
Beno Udrih,Francisco Garcia,Jason Thompson,Kevin Martin,Spencer Hawes,Al Horford,Joe Johnson,Josh Smith,Mike Bibby,Ronald Murray,3,3:41,SAC,shot,,,Josh Smith,,,,,,,Spencer Hawes,,,,missed,,putback layup,25,6
Beno Udrih,Francisco Garcia,Jason Thompson,Kevin Martin,Spencer Hawes,Al Horford,Joe Johnson,Josh Smith,Mike Bibby,Ronald Murray,3,3:41,SAC,rebound,,,,,,,,,,,,,,,,,,
Beno Udrih,Francisco Garcia,Jason Thompson,Kevin Martin,Spencer Hawes,Al Horford,Joe Johnson,Josh Smith,Mike Bibby,Ronald Murray,3,3:32,SAC,shot,,,,,,,,,,Jason Thompson,,,,missed,,jump,25,11
Beno Udrih,Francisco Garcia,Jason Thompson,Kevin Martin,Spencer Hawes,Al Horford,Joe Johnson,Josh Smith,Mike Bibby,Ronald Murray,3,3:30,ATL,rebound,,,,,,,,,,Al Horford,,,,,,def,,
Beno Udrih,Francisco Garcia,Jason Thompson,Kevin Martin,Spencer Hawes,Al Horford,Joe Johnson,Josh Smith,Mike Bibby,Ronald Murray,3,3:27,SAC,foul,,,,,,,,Ronald Murray,,Kevin Martin,,,,,,shooting,,
Beno Udrih,Francisco Garcia,Jason Thompson,Kevin Martin,Spencer Hawes,Al Horford,Joe Johnson,Josh Smith,Mike Bibby,Ronald Murray,3,3:27,ATL,free throw,,,,,,,1,,2,Ronald Murray,,,foul,missed,,,,
Beno Udrih,Francisco Garcia,Jason Thompson,Kevin Martin,Spencer Hawes,Al Horford,Joe Johnson,Josh Smith,Mike Bibby,Ronald Murray,3,3:27,ATL,rebound,,,,,,,,,,,,,,,,,,
Beno Udrih,Francisco Garcia,Jason Thompson,Kevin Martin,Spencer Hawes,Al Horford,Joe Johnson,Josh Smith,Mike Bibby,Ronald Murray,3,3:27,ATL,free throw,,,,,,,2,,2,Ronald Murray,,,foul,made,,,,
Beno Udrih,Francisco Garcia,Jason Thompson,Kevin Martin,Spencer Hawes,Joe Johnson,Josh Smith,Mike Bibby,Ronald Murray,Zaza Pachulia,3,3:27,ATL,sub,,,,Zaza Pachulia,,Al Horford,,,,,,,,,,,,
Beno Udrih,Francisco Garcia,Jason Thompson,Kevin Martin,Spencer Hawes,Joe Johnson,Josh Smith,Mike Bibby,Ronald Murray,Zaza Pachulia,3,3:07,SAC,shot,,,Josh Smith,,,,,,,Jason Thompson,,,,missed,,layup,23,7
Beno Udrih,Francisco Garcia,Jason Thompson,Kevin Martin,Spencer Hawes,Joe Johnson,Josh Smith,Mike Bibby,Ronald Murray,Zaza Pachulia,3,3:06,ATL,rebound,,,,,,,,,,Joe Johnson,,,,,,def,,
Beno Udrih,Francisco Garcia,Jason Thompson,Kevin Martin,Spencer Hawes,Joe Johnson,Josh Smith,Mike Bibby,Ronald Murray,Zaza Pachulia,3,2:59,ATL,turnover,,,,,,,,,,Joe Johnson,,,discontinue dribble,,,,,
Beno Udrih,Francisco Garcia,Jason Thompson,Kevin Martin,Spencer Hawes,Joe Johnson,Josh Smith,Mike Bibby,Ronald Murray,Zaza Pachulia,3,2:59,ATL,timeout,,,,,,,,,,,,,,,,regular,,
Beno Udrih,Francisco Garcia,Jason Thompson,Kevin Martin,Spencer Hawes,Joe Johnson,Josh Smith,Mike Bibby,Ronald Murray,Zaza Pachulia,3,2:47,SAC,shot,,,,,,,,,,Francisco Garcia,,,,missed,,fade away jumper,27,17
Beno Udrih,Francisco Garcia,Jason Thompson,Kevin Martin,Spencer Hawes,Joe Johnson,Josh Smith,Mike Bibby,Ronald Murray,Zaza Pachulia,3,2:44,ATL,rebound,,,,,,,,,,Zaza Pachulia,,,,,,def,,
Beno Udrih,Francisco Garcia,Jason Thompson,Kevin Martin,Spencer Hawes,Joe Johnson,Josh Smith,Mike Bibby,Ronald Murray,Zaza Pachulia,3,2:21,ATL,shot,,,,,,,,,,Joe Johnson,,,,missed,,3pt,23,32
Beno Udrih,Francisco Garcia,Jason Thompson,Kevin Martin,Spencer Hawes,Joe Johnson,Josh Smith,Mike Bibby,Ronald Murray,Zaza Pachulia,3,2:19,SAC,rebound,,,,,,,,,,Kevin Martin,,,,,,def,,
Beno Udrih,Francisco Garcia,Jason Thompson,Kevin Martin,Spencer Hawes,Joe Johnson,Josh Smith,Mike Bibby,Ronald Murray,Zaza Pachulia,3,2:07,ATL,foul,,,,,,,,Kevin Martin,,Josh Smith,,,,,,shooting,,
Beno Udrih,Francisco Garcia,Jason Thompson,Kevin Martin,Spencer Hawes,Joe Johnson,Josh Smith,Mike Bibby,Ronald Murray,Zaza Pachulia,3,2:07,SAC,free throw,,,,,,,1,,2,Kevin Martin,,,foul,made,,,,
Beno Udrih,Francisco Garcia,Jason Thompson,Kevin Martin,Spencer Hawes,Joe Johnson,Josh Smith,Mike Bibby,Ronald Murray,Zaza Pachulia,3,2:07,SAC,free throw,,,,,,,2,,2,Kevin Martin,,,foul,made,,,,
Beno Udrih,Francisco Garcia,Jason Thompson,Kevin Martin,Spencer Hawes,Joe Johnson,Josh Smith,Mike Bibby,Ronald Murray,Zaza Pachulia,3,1:52,ATL,turnover,,,,,,,,,,Joe Johnson,,,bad pass,,Jason Thompson,,,
Beno Udrih,Francisco Garcia,Jason Thompson,Kevin Martin,Spencer Hawes,Joe Johnson,Josh Smith,Mike Bibby,Ronald Murray,Zaza Pachulia,3,1:31,SAC,shot,,,,,,,,,,Beno Udrih,,,,missed,,3pt,41,27
Beno Udrih,Francisco Garcia,Jason Thompson,Kevin Martin,Spencer Hawes,Joe Johnson,Josh Smith,Mike Bibby,Ronald Murray,Zaza Pachulia,3,1:30,SAC,rebound,,,,,,,,,,Jason Thompson,,,,,,off,,
Beno Udrih,Francisco Garcia,Jason Thompson,Kevin Martin,Spencer Hawes,Joe Johnson,Josh Smith,Mike Bibby,Ronald Murray,Zaza Pachulia,3,1:24,SAC,shot,,,,,,,,,,Jason Thompson,2,,,made,,putback layup,25,6
Beno Udrih,Francisco Garcia,Jason Thompson,Kevin Martin,Spencer Hawes,Joe Johnson,Josh Smith,Mike Bibby,Ronald Murray,Zaza Pachulia,3,1:04,ATL,shot,Mike Bibby,,,,,,,,,Joe Johnson,2,,,made,,jump,13,22
Beno Udrih,Francisco Garcia,Jason Thompson,Kevin Martin,Spencer Hawes,Joe Johnson,Josh Smith,Mike Bibby,Ronald Murray,Zaza Pachulia,3,0:46,SAC,shot,,,,,,,,,,Kevin Martin,,,,missed,,3pt,45,27
Beno Udrih,Francisco Garcia,Jason Thompson,Kevin Martin,Spencer Hawes,Joe Johnson,Josh Smith,Mike Bibby,Ronald Murray,Zaza Pachulia,3,0:45,ATL,rebound,,,,,,,,,,Mike Bibby,,,,,,def,,
Beno Udrih,Francisco Garcia,Jason Thompson,Kevin Martin,Spencer Hawes,Joe Johnson,Josh Smith,Mike Bibby,Ronald Murray,Zaza Pachulia,3,0:42,ATL,turnover,,,,,,,,,,Zaza Pachulia,,,traveling,,,,,
Beno Udrih,Francisco Garcia,Jason Thompson,Kevin Martin,Spencer Hawes,Al Horford,Joe Johnson,Mike Bibby,Ronald Murray,Zaza Pachulia,3,0:42,ATL,sub,,,,Al Horford,,Josh Smith,,,,,,,,,,,,
Beno Udrih,Francisco Garcia,Jason Thompson,Kevin Martin,Spencer Hawes,Acie Law,Al Horford,Joe Johnson,Ronald Murray,Zaza Pachulia,3,0:42,ATL,sub,,,,Acie Law,,Mike Bibby,,,,,,,,,,,,
Beno Udrih,Francisco Garcia,Jason Thompson,Kevin Martin,Spencer Hawes,Acie Law,Al Horford,Joe Johnson,Ronald Murray,Zaza Pachulia,3,0:31,SAC,shot,,,,,,,,,,Beno Udrih,,,,missed,,jump,34,8
Beno Udrih,Francisco Garcia,Jason Thompson,Kevin Martin,Spencer Hawes,Acie Law,Al Horford,Joe Johnson,Ronald Murray,Zaza Pachulia,3,0:30,ATL,rebound,,,,,,,,,,Acie Law,,,,,,def,,
Beno Udrih,Francisco Garcia,Jason Thompson,Kevin Martin,Spencer Hawes,Acie Law,Al Horford,Joe Johnson,Ronald Murray,Zaza Pachulia,3,0:27,ATL,shot,Acie Law,,,,,,,,,Ronald Murray,2,,,made,,running dunk,25,6
Beno Udrih,Francisco Garcia,Jason Thompson,Kevin Martin,Spencer Hawes,Acie Law,Al Horford,Joe Johnson,Ronald Murray,Zaza Pachulia,3,0:03,SAC,shot,,,,,,,,,,Francisco Garcia,,,,missed,,3pt,0,11
Beno Udrih,Francisco Garcia,Jason Thompson,Kevin Martin,Spencer Hawes,Acie Law,Al Horford,Joe Johnson,Ronald Murray,Zaza Pachulia,3,0:03,SAC,rebound,,,,,,,,,,,,,,,,,,
Beno Udrih,Francisco Garcia,Jason Thompson,Kevin Martin,Spencer Hawes,Acie Law,Al Horford,Joe Johnson,Ronald Murray,Zaza Pachulia,3,0:03,SAC,turnover,,,,,,,,,,,,,shot clock turnover,,,,,
Beno Udrih,Francisco Garcia,Jason Thompson,Kevin Martin,Spencer Hawes,Acie Law,Al Horford,Joe Johnson,Ronald Murray,Zaza Pachulia,3,0:00,ATL,shot,,,,,,,,,,Ronald Murray,,,,missed,,3pt,6,56
Beno Udrih,Francisco Garcia,Jason Thompson,Kevin Martin,Spencer Hawes,Acie Law,Al Horford,Joe Johnson,Ronald Murray,Zaza Pachulia,3,0:00,ATL,rebound,,,,,,,,,,,,,,,,,,
Andres Nocioni,Beno Udrih,Francisco Garcia,Kevin Martin,Spencer Hawes,Acie Law,Al Horford,Joe Johnson,Ronald Murray,Zaza Pachulia,4,11:45,SAC,shot,,,,,,,,,,Spencer Hawes,,,,missed,,3pt,43,28
Andres Nocioni,Beno Udrih,Francisco Garcia,Kevin Martin,Spencer Hawes,Acie Law,Al Horford,Joe Johnson,Ronald Murray,Zaza Pachulia,4,11:44,ATL,rebound,,,,,,,,,,Al Horford,,,,,,def,,
Andres Nocioni,Beno Udrih,Francisco Garcia,Kevin Martin,Spencer Hawes,Acie Law,Al Horford,Joe Johnson,Ronald Murray,Zaza Pachulia,4,11:23,ATL,shot,,,,,,,,,,Joe Johnson,,,,missed,,fade away jumper,14,21
Andres Nocioni,Beno Udrih,Francisco Garcia,Kevin Martin,Spencer Hawes,Acie Law,Al Horford,Joe Johnson,Ronald Murray,Zaza Pachulia,4,11:20,SAC,rebound,,,,,,,,,,Spencer Hawes,,,,,,def,,
Andres Nocioni,Beno Udrih,Francisco Garcia,Kevin Martin,Spencer Hawes,Acie Law,Al Horford,Joe Johnson,Ronald Murray,Zaza Pachulia,4,11:05,SAC,shot,Spencer Hawes,,,,,,,,,Beno Udrih,2,,,made,,jump,7,12
Andres Nocioni,Beno Udrih,Francisco Garcia,Kevin Martin,Spencer Hawes,Acie Law,Al Horford,Joe Johnson,Ronald Murray,Zaza Pachulia,4,10:47,SAC,foul,,,,,,,,Al Horford,,Spencer Hawes,,,,,,shooting,,
Andres Nocioni,Beno Udrih,Francisco Garcia,Jason Thompson,Kevin Martin,Acie Law,Al Horford,Joe Johnson,Ronald Murray,Zaza Pachulia,4,10:47,SAC,sub,,,,Jason Thompson,,Spencer Hawes,,,,,,,,,,,,
Andres Nocioni,Beno Udrih,Francisco Garcia,Jason Thompson,Kevin Martin,Acie Law,Al Horford,Joe Johnson,Josh Smith,Ronald Murray,4,10:47,ATL,sub,,,,Josh Smith,,Zaza Pachulia,,,,,,,,,,,,
Andres Nocioni,Beno Udrih,Francisco Garcia,Jason Thompson,Kevin Martin,Acie Law,Al Horford,Joe Johnson,Josh Smith,Ronald Murray,4,10:47,ATL,free throw,,,,,,,1,,2,Al Horford,,,foul,made,,,,
Andres Nocioni,Beno Udrih,Francisco Garcia,Jason Thompson,Kevin Martin,Acie Law,Al Horford,Joe Johnson,Josh Smith,Ronald Murray,4,10:47,ATL,free throw,,,,,,,2,,2,Al Horford,,,foul,made,,,,
Andres Nocioni,Beno Udrih,Francisco Garcia,Jason Thompson,Kevin Martin,Acie Law,Al Horford,Joe Johnson,Josh Smith,Ronald Murray,4,10:35,ATL,foul,,,,,,,,Andres Nocioni,,Josh Smith,,,,,,personal,,
Andres Nocioni,Beno Udrih,Francisco Garcia,Jason Thompson,Kevin Martin,Acie Law,Al Horford,Joe Johnson,Josh Smith,Ronald Murray,4,10:19,SAC,shot,,,,,,,,,,Kevin Martin,,,,missed,,3pt,42,30
Andres Nocioni,Beno Udrih,Francisco Garcia,Jason Thompson,Kevin Martin,Acie Law,Al Horford,Joe Johnson,Josh Smith,Ronald Murray,4,10:19,SAC,rebound,,,,,,,,,,,,,,,,,,
Andres Nocioni,Beno Udrih,Francisco Garcia,Jason Thompson,Kevin Martin,Acie Law,Al Horford,Joe Johnson,Josh Smith,Ronald Murray,4,10:19,SAC,turnover,,,,,,,,,,,,,shot clock turnover,,,,,
Andres Nocioni,Beno Udrih,Francisco Garcia,Jason Thompson,Kevin Martin,Acie Law,Al Horford,Joe Johnson,Josh Smith,Ronald Murray,4,10:06,ATL,shot,,,,,,,,,,Joe Johnson,,,,missed,,driving layup,24,7
Andres Nocioni,Beno Udrih,Francisco Garcia,Jason Thompson,Kevin Martin,Acie Law,Al Horford,Joe Johnson,Josh Smith,Ronald Murray,4,10:04,ATL,shot,,,,,,,,,,Joe Johnson,2,,,made,,tip,25,6
Andres Nocioni,Beno Udrih,Francisco Garcia,Jason Thompson,Kevin Martin,Acie Law,Al Horford,Joe Johnson,Josh Smith,Ronald Murray,4,10:04,ATL,rebound,,,,,,,,,,Joe Johnson,,,,,,off,,
Andres Nocioni,Beno Udrih,Francisco Garcia,Jason Thompson,Kevin Martin,Acie Law,Al Horford,Joe Johnson,Josh Smith,Ronald Murray,4,9:53,SAC,turnover,,,,,,,,,,Francisco Garcia,,,lost ball,,Joe Johnson,,,
Andres Nocioni,Beno Udrih,Francisco Garcia,Jason Thompson,Kevin Martin,Acie Law,Al Horford,Joe Johnson,Josh Smith,Ronald Murray,4,9:35,ATL,shot,,,,,,,,,,Joe Johnson,2,,,made,,driving layup,23,7
Andres Nocioni,Beno Udrih,Francisco Garcia,Jason Thompson,Kevin Martin,Acie Law,Al Horford,Joe Johnson,Josh Smith,Ronald Murray,4,9:35,SAC,foul,,,,,,,,Joe Johnson,,Francisco Garcia,,,,,,shooting,,
Andres Nocioni,Beno Udrih,Francisco Garcia,Jason Thompson,Kevin Martin,Acie Law,Al Horford,Joe Johnson,Josh Smith,Ronald Murray,4,9:35,ATL,free throw,,,,,,,1,,1,Joe Johnson,,,foul,made,,,,
Andres Nocioni,Beno Udrih,Francisco Garcia,Jason Thompson,Kevin Martin,Acie Law,Al Horford,Joe Johnson,Josh Smith,Ronald Murray,4,9:17,SAC,turnover,,,,,,,,,,Beno Udrih,,,bad pass,,Acie Law,,,
Andres Nocioni,Beno Udrih,Francisco Garcia,Jason Thompson,Kevin Martin,Acie Law,Al Horford,Joe Johnson,Josh Smith,Ronald Murray,4,8:56,ATL,shot,,,,,,,,,,Joe Johnson,2,,,made,,running jump,28,15
Andres Nocioni,Beno Udrih,Francisco Garcia,Jason Thompson,Kevin Martin,Acie Law,Al Horford,Joe Johnson,Josh Smith,Ronald Murray,4,8:54,SAC,timeout,,,,,,,,,,,,,,,,regular,,
Andres Nocioni,Beno Udrih,Francisco Garcia,Jason Thompson,Kevin Martin,Acie Law,Al Horford,Josh Smith,Mike Bibby,Ronald Murray,4,8:54,ATL,sub,,,,Mike Bibby,,Joe Johnson,,,,,,,,,,,,
Beno Udrih,Francisco Garcia,Jason Thompson,Kevin Martin,Will Solomon,Acie Law,Al Horford,Josh Smith,Mike Bibby,Ronald Murray,4,8:54,SAC,sub,,,,Will Solomon,,Andres Nocioni,,,,,,,,,,,,
Beno Udrih,Francisco Garcia,Jason Thompson,Kevin Martin,Will Solomon,Acie Law,Al Horford,Josh Smith,Mike Bibby,Ronald Murray,4,8:54,ATL,foul,,,,,,,,Francisco Garcia,,Acie Law,,,,,,inbound,,
Beno Udrih,Francisco Garcia,Jason Thompson,Kevin Martin,Will Solomon,Acie Law,Al Horford,Josh Smith,Mike Bibby,Ronald Murray,4,8:54,SAC,free throw,,,,,,,1,,2,Francisco Garcia,,,foul,made,,,,
Beno Udrih,Francisco Garcia,Jason Thompson,Kevin Martin,Will Solomon,Acie Law,Al Horford,Josh Smith,Mike Bibby,Ronald Murray,4,8:54,SAC,free throw,,,,,,,2,,2,Francisco Garcia,,,foul,made,,,,
Beno Udrih,Francisco Garcia,Jason Thompson,Kevin Martin,Will Solomon,Acie Law,Al Horford,Josh Smith,Mike Bibby,Ronald Murray,4,8:39,ATL,shot,,,,,,,,,,Al Horford,2,,,made,,driving layup,27,7
Beno Udrih,Francisco Garcia,Jason Thompson,Kevin Martin,Will Solomon,Acie Law,Al Horford,Josh Smith,Mike Bibby,Ronald Murray,4,8:39,SAC,foul,,,,,,,,Al Horford,,Jason Thompson,,,,,,shooting,,
Beno Udrih,Francisco Garcia,Jason Thompson,Kevin Martin,Will Solomon,Acie Law,Al Horford,Josh Smith,Mike Bibby,Ronald Murray,4,8:39,ATL,free throw,,,,,,,1,,1,Al Horford,,,foul,made,,,,
Andres Nocioni,Francisco Garcia,Jason Thompson,Kevin Martin,Will Solomon,Acie Law,Al Horford,Josh Smith,Mike Bibby,Ronald Murray,4,8:39,SAC,sub,,,,Andres Nocioni,,Beno Udrih,,,,,,,,,,,,
Andres Nocioni,Francisco Garcia,Jason Thompson,Kevin Martin,Will Solomon,Acie Law,Al Horford,Josh Smith,Mike Bibby,Ronald Murray,4,8:17,SAC,shot,,,,,,,,,,Jason Thompson,,,,missed,,jump,25,14
Andres Nocioni,Francisco Garcia,Jason Thompson,Kevin Martin,Will Solomon,Acie Law,Al Horford,Josh Smith,Mike Bibby,Ronald Murray,4,8:17,SAC,rebound,,,,,,,,,,Jason Thompson,,,,,,off,,
Andres Nocioni,Francisco Garcia,Jason Thompson,Kevin Martin,Will Solomon,Acie Law,Al Horford,Josh Smith,Mike Bibby,Ronald Murray,4,8:17,ATL,foul,,,,,,,,Kevin Martin,,Acie Law,,,,,,shooting,,
Andres Nocioni,Francisco Garcia,Jason Thompson,Kevin Martin,Will Solomon,Acie Law,Al Horford,Josh Smith,Mike Bibby,Ronald Murray,4,8:17,SAC,free throw,,,,,,,1,,2,Jason Thompson,,,foul,missed,,,,
Andres Nocioni,Francisco Garcia,Jason Thompson,Kevin Martin,Will Solomon,Acie Law,Al Horford,Josh Smith,Mike Bibby,Ronald Murray,4,8:17,SAC,free throw,,,,,,,2,,2,Jason Thompson,,,foul,made,,,,
Andres Nocioni,Francisco Garcia,Jason Thompson,Kevin Martin,Will Solomon,Acie Law,Al Horford,Josh Smith,Mike Bibby,Ronald Murray,4,8:17,SAC,rebound,,,,,,,,,,,,,,,,,,
Andres Nocioni,Francisco Garcia,Jason Thompson,Kevin Martin,Will Solomon,Acie Law,Al Horford,Josh Smith,Mike Bibby,Ronald Murray,4,7:58,ATL,shot,,,,,,,,,,Ronald Murray,,,,missed,,3pt,48,8
Andres Nocioni,Francisco Garcia,Jason Thompson,Kevin Martin,Will Solomon,Acie Law,Al Horford,Josh Smith,Mike Bibby,Ronald Murray,4,7:42,SAC,shot,,,,,,,,,,Will Solomon,,,,missed,,3pt,44,26
Andres Nocioni,Francisco Garcia,Jason Thompson,Kevin Martin,Will Solomon,Acie Law,Al Horford,Josh Smith,Mike Bibby,Ronald Murray,4,7:42,SAC,rebound,,,,,,,,,,Jason Thompson,,,,,,def,,
Andres Nocioni,Francisco Garcia,Jason Thompson,Kevin Martin,Will Solomon,Acie Law,Al Horford,Josh Smith,Mike Bibby,Ronald Murray,4,7:40,SAC,rebound,,,,,,,,,,Will Solomon,,,,,,off,,
Andres Nocioni,Francisco Garcia,Jason Thompson,Kevin Martin,Will Solomon,Acie Law,Al Horford,Josh Smith,Mike Bibby,Ronald Murray,4,7:36,SAC,shot,,,,,,,,,,Will Solomon,,,,missed,,jump,11,18
Andres Nocioni,Francisco Garcia,Jason Thompson,Kevin Martin,Will Solomon,Acie Law,Al Horford,Josh Smith,Mike Bibby,Ronald Murray,4,7:35,ATL,rebound,,,,,,,,,,Ronald Murray,,,,,,def,,
Andres Nocioni,Francisco Garcia,Jason Thompson,Kevin Martin,Will Solomon,Acie Law,Al Horford,Josh Smith,Mike Bibby,Ronald Murray,4,7:21,ATL,shot,,,,,,,,,,Josh Smith,,,,missed,,hook,35,10
Andres Nocioni,Francisco Garcia,Jason Thompson,Kevin Martin,Will Solomon,Acie Law,Al Horford,Josh Smith,Mike Bibby,Ronald Murray,4,7:18,ATL,rebound,,,,,,,,,,Josh Smith,,,,,,off,,
Andres Nocioni,Francisco Garcia,Jason Thompson,Kevin Martin,Will Solomon,Acie Law,Al Horford,Josh Smith,Mike Bibby,Ronald Murray,4,7:17,ATL,shot,,,Andres Nocioni,,,,,,,Al Horford,,,,missed,,layup,25,6
Andres Nocioni,Francisco Garcia,Jason Thompson,Kevin Martin,Will Solomon,Acie Law,Al Horford,Josh Smith,Mike Bibby,Ronald Murray,4,7:15,SAC,rebound,,,,,,,,,,Kevin Martin,,,,,,def,,
Andres Nocioni,Francisco Garcia,Jason Thompson,Kevin Martin,Will Solomon,Acie Law,Al Horford,Josh Smith,Mike Bibby,Ronald Murray,4,7:08,SAC,shot,,,,,,,,,,Andres Nocioni,,,,missed,,3pt,5,21
Andres Nocioni,Francisco Garcia,Jason Thompson,Kevin Martin,Will Solomon,Acie Law,Al Horford,Josh Smith,Mike Bibby,Ronald Murray,4,7:07,ATL,rebound,,,,,,,,,,Mike Bibby,,,,,,def,,
Andres Nocioni,Francisco Garcia,Jason Thompson,Kevin Martin,Will Solomon,Acie Law,Al Horford,Josh Smith,Mike Bibby,Ronald Murray,4,7:01,ATL,timeout,,,,,,,,,,,,,,,,regular,,
Andres Nocioni,Francisco Garcia,Jason Thompson,Kevin Martin,Will Solomon,Acie Law,Al Horford,Josh Smith,Mike Bibby,Ronald Murray,4,6:45,ATL,shot,,,,,,,,,,Ronald Murray,2,,,made,,driving layup,26,6
Andres Nocioni,Francisco Garcia,Jason Thompson,Kevin Martin,Will Solomon,Acie Law,Al Horford,Josh Smith,Mike Bibby,Ronald Murray,4,6:45,SAC,foul,,,,,,,,Ronald Murray,,Jason Thompson,,,,,,shooting,,
Andres Nocioni,Francisco Garcia,Jason Thompson,Kevin Martin,Will Solomon,Acie Law,Al Horford,Josh Smith,Mike Bibby,Ronald Murray,4,6:45,ATL,free throw,,,,,,,1,,1,Ronald Murray,,,foul,missed,,,,
Andres Nocioni,Francisco Garcia,Jason Thompson,Kevin Martin,Will Solomon,Acie Law,Al Horford,Josh Smith,Mike Bibby,Ronald Murray,4,6:44,SAC,rebound,,,,,,,,,,Andres Nocioni,,,,,,def,,
Andres Nocioni,Francisco Garcia,Jason Thompson,Kevin Martin,Will Solomon,Acie Law,Al Horford,Josh Smith,Mike Bibby,Ronald Murray,4,6:30,SAC,turnover,,,,,,,,,,Kevin Martin,,,lost ball,,Josh Smith,,,
Andres Nocioni,Francisco Garcia,Jason Thompson,Kevin Martin,Will Solomon,Acie Law,Al Horford,Josh Smith,Mike Bibby,Ronald Murray,4,6:14,ATL,shot,Mike Bibby,,,,,,,,,Al Horford,2,,,made,,running dunk,25,6
Andres Nocioni,Francisco Garcia,Jason Thompson,Kevin Martin,Will Solomon,Acie Law,Al Horford,Josh Smith,Mike Bibby,Ronald Murray,4,6:03,SAC,timeout,,,,,,,,,,,,,,,,regular,,
Andres Nocioni,Francisco Garcia,Jason Thompson,Kevin Martin,Will Solomon,Acie Law,Josh Smith,Mike Bibby,Ronald Murray,Zaza Pachulia,4,6:03,ATL,sub,,,,Zaza Pachulia,,Al Horford,,,,,,,,,,,,
Francisco Garcia,Jason Thompson,Kevin Martin,Rashad McCants,Will Solomon,Acie Law,Josh Smith,Mike Bibby,Ronald Murray,Zaza Pachulia,4,6:03,SAC,sub,,,,Rashad McCants,,Andres Nocioni,,,,,,,,,,,,
Francisco Garcia,Kevin Martin,Rashad McCants,Spencer Hawes,Will Solomon,Acie Law,Josh Smith,Mike Bibby,Ronald Murray,Zaza Pachulia,4,6:03,SAC,sub,,,,Spencer Hawes,,Jason Thompson,,,,,,,,,,,,
Donte Greene,Francisco Garcia,Rashad McCants,Spencer Hawes,Will Solomon,Acie Law,Josh Smith,Mike Bibby,Ronald Murray,Zaza Pachulia,4,6:03,SAC,sub,,,,Donte Greene,,Kevin Martin,,,,,,,,,,,,
Donte Greene,Francisco Garcia,Rashad McCants,Spencer Hawes,Will Solomon,Acie Law,Josh Smith,Mike Bibby,Ronald Murray,Zaza Pachulia,4,5:52,SAC,shot,,,Acie Law,,,,,,,Francisco Garcia,,,,missed,,jump,8,10
Donte Greene,Francisco Garcia,Rashad McCants,Spencer Hawes,Will Solomon,Acie Law,Josh Smith,Mike Bibby,Ronald Murray,Zaza Pachulia,4,5:49,ATL,rebound,,,,,,,,,,Ronald Murray,,,,,,def,,
Donte Greene,Francisco Garcia,Rashad McCants,Spencer Hawes,Will Solomon,Acie Law,Josh Smith,Mike Bibby,Ronald Murray,Zaza Pachulia,4,5:35,ATL,shot,,,,,,,,,,Mike Bibby,,,,missed,,jump,13,21
Donte Greene,Francisco Garcia,Rashad McCants,Spencer Hawes,Will Solomon,Acie Law,Josh Smith,Mike Bibby,Ronald Murray,Zaza Pachulia,4,5:33,ATL,rebound,,,,,,,,,,Josh Smith,,,,,,off,,
Donte Greene,Francisco Garcia,Rashad McCants,Spencer Hawes,Will Solomon,Acie Law,Josh Smith,Mike Bibby,Ronald Murray,Zaza Pachulia,4,5:31,ATL,shot,,,,,,,,,,Zaza Pachulia,,,,missed,,jump,37,17
Donte Greene,Francisco Garcia,Rashad McCants,Spencer Hawes,Will Solomon,Acie Law,Josh Smith,Mike Bibby,Ronald Murray,Zaza Pachulia,4,5:29,SAC,rebound,,,,,,,,,,Francisco Garcia,,,,,,def,,
Donte Greene,Francisco Garcia,Rashad McCants,Spencer Hawes,Will Solomon,Acie Law,Josh Smith,Mike Bibby,Ronald Murray,Zaza Pachulia,4,5:26,ATL,foul,,,,,,,,Will Solomon,,Mike Bibby,,,,,,personal,,
Donte Greene,Francisco Garcia,Rashad McCants,Spencer Hawes,Will Solomon,Acie Law,Josh Smith,Mario West,Ronald Murray,Zaza Pachulia,4,5:26,ATL,sub,,,,Mario West,,Mike Bibby,,,,,,,,,,,,
Donte Greene,Francisco Garcia,Rashad McCants,Spencer Hawes,Will Solomon,Acie Law,Josh Smith,Mario West,Ronald Murray,Zaza Pachulia,4,5:15,ATL,foul,,,,,,,,Spencer Hawes,,Josh Smith,,,,,,shooting,,
Donte Greene,Francisco Garcia,Rashad McCants,Spencer Hawes,Will Solomon,Acie Law,Josh Smith,Mario West,Ronald Murray,Zaza Pachulia,4,5:15,SAC,free throw,,,,,,,1,,2,Spencer Hawes,,,foul,missed,,,,
Donte Greene,Francisco Garcia,Rashad McCants,Spencer Hawes,Will Solomon,Acie Law,Josh Smith,Mario West,Ronald Murray,Zaza Pachulia,4,5:15,SAC,rebound,,,,,,,,,,,,,,,,,,
Donte Greene,Francisco Garcia,Rashad McCants,Spencer Hawes,Will Solomon,Acie Law,Josh Smith,Mario West,Ronald Murray,Zaza Pachulia,4,5:15,SAC,free throw,,,,,,,2,,2,Spencer Hawes,,,foul,made,,,,
Donte Greene,Francisco Garcia,Rashad McCants,Spencer Hawes,Will Solomon,Acie Law,Josh Smith,Mario West,Ronald Murray,Zaza Pachulia,4,4:57,ATL,turnover,,,,,,,,,,Josh Smith,,,bad pass,,,,,
Donte Greene,Francisco Garcia,Rashad McCants,Spencer Hawes,Will Solomon,Acie Law,Mario West,Maurice Evans,Ronald Murray,Zaza Pachulia,4,4:46,ATL,sub,,,,Maurice Evans,,Josh Smith,,,,,,,,,,,,
Donte Greene,Francisco Garcia,Rashad McCants,Spencer Hawes,Will Solomon,Acie Law,Mario West,Maurice Evans,Ronald Murray,Zaza Pachulia,4,4:44,SAC,shot,,,,,,,,,,Will Solomon,,,,missed,,jump,27,12
Donte Greene,Francisco Garcia,Rashad McCants,Spencer Hawes,Will Solomon,Acie Law,Mario West,Maurice Evans,Ronald Murray,Zaza Pachulia,4,4:42,ATL,rebound,,,,,,,,,,Acie Law,,,,,,def,,
Donte Greene,Francisco Garcia,Rashad McCants,Spencer Hawes,Will Solomon,Acie Law,Mario West,Maurice Evans,Ronald Murray,Zaza Pachulia,4,4:34,ATL,shot,,,,,,,,,,Maurice Evans,,,,missed,,3pt,41,28
Donte Greene,Francisco Garcia,Rashad McCants,Spencer Hawes,Will Solomon,Acie Law,Mario West,Maurice Evans,Ronald Murray,Zaza Pachulia,4,4:33,SAC,rebound,,,,,,,,,,Will Solomon,,,,,,def,,
Donte Greene,Francisco Garcia,Rashad McCants,Spencer Hawes,Will Solomon,Acie Law,Mario West,Maurice Evans,Ronald Murray,Zaza Pachulia,4,4:25,SAC,shot,,,,,,,,,,Rashad McCants,,,,missed,,3pt,45,24
Donte Greene,Francisco Garcia,Rashad McCants,Spencer Hawes,Will Solomon,Acie Law,Mario West,Maurice Evans,Ronald Murray,Zaza Pachulia,4,4:22,ATL,rebound,,,,,,,,,,Acie Law,,,,,,def,,
Donte Greene,Francisco Garcia,Rashad McCants,Spencer Hawes,Will Solomon,Acie Law,Mario West,Maurice Evans,Ronald Murray,Zaza Pachulia,4,4:11,ATL,turnover,,,,,,,,,,Mario West,,,discontinue dribble,,,,,
Donte Greene,Francisco Garcia,Rashad McCants,Spencer Hawes,Will Solomon,Acie Law,Mario West,Maurice Evans,Ronald Murray,Zaza Pachulia,4,3:49,SAC,shot,,,,,,,,,,Francisco Garcia,2,,,made,,driving layup,23,6
Donte Greene,Francisco Garcia,Rashad McCants,Spencer Hawes,Will Solomon,Acie Law,Mario West,Maurice Evans,Ronald Murray,Zaza Pachulia,4,3:35,ATL,shot,,,,,,,,,,Acie Law,,,,missed,,driving jump,27,10
Donte Greene,Francisco Garcia,Rashad McCants,Spencer Hawes,Will Solomon,Acie Law,Mario West,Maurice Evans,Ronald Murray,Zaza Pachulia,4,3:34,SAC,rebound,,,,,,,,,,,,,,,,,,
Donte Greene,Francisco Garcia,Rashad McCants,Spencer Hawes,Will Solomon,Acie Law,Mario West,Maurice Evans,Ronald Murray,Zaza Pachulia,4,3:12,SAC,shot,,,,,,,,,,Francisco Garcia,,,,missed,,jump,38,21
Donte Greene,Francisco Garcia,Rashad McCants,Spencer Hawes,Will Solomon,Acie Law,Mario West,Maurice Evans,Ronald Murray,Zaza Pachulia,4,3:10,ATL,rebound,,,,,,,,,,Mario West,,,,,,def,,
Donte Greene,Francisco Garcia,Rashad McCants,Spencer Hawes,Will Solomon,Acie Law,Mario West,Maurice Evans,Ronald Murray,Zaza Pachulia,4,2:56,ATL,shot,Ronald Murray,,,,,,,,,Zaza Pachulia,2,,,made,,jump,11,14
Donte Greene,Francisco Garcia,Rashad McCants,Spencer Hawes,Will Solomon,Acie Law,Mario West,Maurice Evans,Ronald Murray,Zaza Pachulia,4,2:45,SAC,shot,,,,,,,,,,Will Solomon,,,,missed,,3pt,7,27
Donte Greene,Francisco Garcia,Rashad McCants,Spencer Hawes,Will Solomon,Acie Law,Mario West,Maurice Evans,Ronald Murray,Zaza Pachulia,4,2:43,ATL,rebound,,,,,,,,,,Mario West,,,,,,def,,
Donte Greene,Francisco Garcia,Rashad McCants,Spencer Hawes,Will Solomon,Acie Law,Mario West,Maurice Evans,Ronald Murray,Zaza Pachulia,4,2:33,ATL,shot,,,,,,,,,,Ronald Murray,2,,,made,,jump,17,25
Donte Greene,Francisco Garcia,Rashad McCants,Spencer Hawes,Will Solomon,Acie Law,Mario West,Maurice Evans,Ronald Murray,Zaza Pachulia,4,2:09,SAC,shot,,,,,,,,,,Spencer Hawes,,,,missed,,turnaround jump,40,10
Donte Greene,Francisco Garcia,Rashad McCants,Spencer Hawes,Will Solomon,Acie Law,Mario West,Maurice Evans,Ronald Murray,Zaza Pachulia,4,2:07,ATL,rebound,,,,,,,,,,Acie Law,,,,,,def,,
Donte Greene,Francisco Garcia,Rashad McCants,Spencer Hawes,Will Solomon,Acie Law,Mario West,Maurice Evans,Ronald Murray,Zaza Pachulia,4,2:01,ATL,shot,Acie Law,,,,,,,,,Maurice Evans,2,,,made,,jump,8,9
Donte Greene,Francisco Garcia,Rashad McCants,Spencer Hawes,Will Solomon,Acie Law,Mario West,Maurice Evans,Ronald Murray,Zaza Pachulia,4,1:51,SAC,shot,,,,,,,,,,Will Solomon,,,,missed,,jump,32,25
Donte Greene,Francisco Garcia,Rashad McCants,Spencer Hawes,Will Solomon,Acie Law,Mario West,Maurice Evans,Ronald Murray,Zaza Pachulia,4,1:49,ATL,rebound,,,,,,,,,,Mario West,,,,,,def,,
Donte Greene,Francisco Garcia,Rashad McCants,Spencer Hawes,Will Solomon,Acie Law,Mario West,Maurice Evans,Ronald Murray,Zaza Pachulia,4,1:44,ATL,shot,Mario West,,,,,,,,,Maurice Evans,2,,,made,,running layup,23,7
Donte Greene,Francisco Garcia,Rashad McCants,Spencer Hawes,Will Solomon,Acie Law,Mario West,Maurice Evans,Ronald Murray,Zaza Pachulia,4,1:44,SAC,foul,,,,,,,,Maurice Evans,,Francisco Garcia,,,,,,shooting,,
Beno Udrih,Donte Greene,Francisco Garcia,Rashad McCants,Spencer Hawes,Acie Law,Mario West,Maurice Evans,Ronald Murray,Zaza Pachulia,4,1:44,SAC,sub,,,,Beno Udrih,,Will Solomon,,,,,,,,,,,,
Beno Udrih,Donte Greene,Francisco Garcia,Rashad McCants,Spencer Hawes,Acie Law,Mario West,Maurice Evans,Thomas Gardner,Zaza Pachulia,4,1:44,ATL,sub,,,,Thomas Gardner,,Ronald Murray,,,,,,,,,,,,
Beno Udrih,Donte Greene,Francisco Garcia,Rashad McCants,Spencer Hawes,Acie Law,Mario West,Maurice Evans,Thomas Gardner,Zaza Pachulia,4,1:44,ATL,free throw,,,,,,,1,,1,Maurice Evans,,,foul,made,,,,
Beno Udrih,Donte Greene,Francisco Garcia,Rashad McCants,Spencer Hawes,Acie Law,Mario West,Maurice Evans,Thomas Gardner,Zaza Pachulia,4,1:26,SAC,shot,,,,,,,,,,Spencer Hawes,,,,missed,,turnaround jump,10,8
Beno Udrih,Donte Greene,Francisco Garcia,Rashad McCants,Spencer Hawes,Acie Law,Mario West,Maurice Evans,Thomas Gardner,Zaza Pachulia,4,1:23,ATL,rebound,,,,,,,,,,Acie Law,,,,,,def,,
Beno Udrih,Donte Greene,Francisco Garcia,Rashad McCants,Spencer Hawes,Acie Law,Mario West,Maurice Evans,Thomas Gardner,Zaza Pachulia,4,1:20,ATL,turnover,,,,,,,,,,Acie Law,,,bad pass,,,,,
Beno Udrih,Calvin Booth,Donte Greene,Francisco Garcia,Rashad McCants,Acie Law,Mario West,Maurice Evans,Thomas Gardner,Zaza Pachulia,4,1:20,SAC,sub,,,,Calvin Booth,,Spencer Hawes,,,,,,,,,,,,
Beno Udrih,Calvin Booth,Donte Greene,Francisco Garcia,Rashad McCants,Acie Law,Mario West,Maurice Evans,Thomas Gardner,Zaza Pachulia,4,1:05,SAC,shot,Beno Udrih,,,,,,,,,Donte Greene,3,,,made,,3pt,9,31
Beno Udrih,Calvin Booth,Donte Greene,Francisco Garcia,Rashad McCants,Acie Law,Mario West,Maurice Evans,Thomas Gardner,Zaza Pachulia,4,0:44,ATL,shot,,,,,,,,,,Thomas Gardner,,,,missed,,3pt,25,33
Beno Udrih,Calvin Booth,Donte Greene,Francisco Garcia,Rashad McCants,Acie Law,Mario West,Maurice Evans,Thomas Gardner,Zaza Pachulia,4,0:43,SAC,rebound,,,,,,,,,,Francisco Garcia,,,,,,def,,
Beno Udrih,Calvin Booth,Donte Greene,Francisco Garcia,Rashad McCants,Acie Law,Mario West,Maurice Evans,Thomas Gardner,Zaza Pachulia,4,0:36,SAC,shot,,,,,,,,,,Donte Greene,,,,missed,,3pt,40,30
Beno Udrih,Calvin Booth,Donte Greene,Francisco Garcia,Rashad McCants,Acie Law,Mario West,Maurice Evans,Thomas Gardner,Zaza Pachulia,4,0:35,ATL,rebound,,,,,,,,,,Mario West,,,,,,def,,
Beno Udrih,Calvin Booth,Donte Greene,Francisco Garcia,Rashad McCants,Acie Law,Mario West,Maurice Evans,Thomas Gardner,Zaza Pachulia,4,0:14,ATL,shot,,,,,,,,,,Acie Law,2,,,made,,driving layup,28,6
