a1,a2,a3,a4,a5,h1,h2,h3,h4,h5,period,time,team,etype,assist,away,block,entered,home,left,num,opponent,outof,player,points,possession,reason,result,steal,type,x,y
Darrell Arthur,Marc Gasol,Mike Conley,O.J. Mayo,Rudy Gay,Antawn Jamison,Caron Butler,Darius Songaila,Dominic McGuire,Mike James,1,12:00,OFF,jump ball,,Marc Gasol,,,Dominic McGuire,,,,,,,Rudy Gay,,,,,,
Darrell Arthur,Marc Gasol,Mike Conley,O.J. Mayo,Rudy Gay,Antawn Jamison,Caron Butler,Darius Songaila,Dominic McGuire,Mike James,1,11:40,MEM,shot,,,,,,,,,,Rudy Gay,,,,missed,,jump,25,13
Darrell Arthur,Marc Gasol,Mike Conley,O.J. Mayo,Rudy Gay,Antawn Jamison,Caron Butler,Darius Songaila,Dominic McGuire,Mike James,1,11:38,MEM,rebound,,,,,,,,,,Marc Gasol,,,,,,off,,
Darrell Arthur,Marc Gasol,Mike Conley,O.J. Mayo,Rudy Gay,Antawn Jamison,Caron Butler,Darius Songaila,Dominic McGuire,Mike James,1,11:33,MEM,shot,Marc Gasol,,,,,,,,,Rudy Gay,3,,,made,,3pt,2,10
Darrell Arthur,Marc Gasol,Mike Conley,O.J. Mayo,Rudy Gay,Antawn Jamison,Caron Butler,Darius Songaila,Dominic McGuire,Mike James,1,11:20,WAS,shot,,,,,,,,,,Caron Butler,3,,,made,,3pt,30,30
Darrell Arthur,Marc Gasol,Mike Conley,O.J. Mayo,Rudy Gay,Antawn Jamison,Caron Butler,Darius Songaila,Dominic McGuire,Mike James,1,11:00,MEM,shot,,,,,,,,,,Rudy Gay,,,,missed,,jump,43,11
Darrell Arthur,Marc Gasol,Mike Conley,O.J. Mayo,Rudy Gay,Antawn Jamison,Caron Butler,Darius Songaila,Dominic McGuire,Mike James,1,10:59,WAS,rebound,,,,,,,,,,Caron Butler,,,,,,def,,
Darrell Arthur,Marc Gasol,Mike Conley,O.J. Mayo,Rudy Gay,Antawn Jamison,Caron Butler,Darius Songaila,Dominic McGuire,Mike James,1,10:44,WAS,shot,,,,,,,,,,Antawn Jamison,,,,missed,,jump,25,10
Darrell Arthur,Marc Gasol,Mike Conley,O.J. Mayo,Rudy Gay,Antawn Jamison,Caron Butler,Darius Songaila,Dominic McGuire,Mike James,1,10:43,MEM,rebound,,,,,,,,,,Darrell Arthur,,,,,,def,,
Darrell Arthur,Marc Gasol,Mike Conley,O.J. Mayo,Rudy Gay,Antawn Jamison,Caron Butler,Darius Songaila,Dominic McGuire,Mike James,1,10:37,MEM,shot,O.J. Mayo,,,,,,,,,Marc Gasol,2,,,made,,layup,27,7
Darrell Arthur,Marc Gasol,Mike Conley,O.J. Mayo,Rudy Gay,Antawn Jamison,Caron Butler,Darius Songaila,Dominic McGuire,Mike James,1,10:25,WAS,turnover,,,,,,,,,,Caron Butler,,,bad pass,,O.J. Mayo,,,
Darrell Arthur,Marc Gasol,Mike Conley,O.J. Mayo,Rudy Gay,Antawn Jamison,Caron Butler,Darius Songaila,Dominic McGuire,Mike James,1,10:20,MEM,shot,,,,,,,,,,O.J. Mayo,2,,,made,,driving dunk,23,6
Darrell Arthur,Marc Gasol,Mike Conley,O.J. Mayo,Rudy Gay,Antawn Jamison,Caron Butler,Darius Songaila,Dominic McGuire,Mike James,1,10:04,MEM,foul,,,,,,,,Antawn Jamison,,Darrell Arthur,,,,,,shooting,,
Darrell Arthur,Marc Gasol,Mike Conley,O.J. Mayo,Rudy Gay,Antawn Jamison,Caron Butler,Darius Songaila,Dominic McGuire,Mike James,1,10:04,WAS,free throw,,,,,,,1,,2,Antawn Jamison,,,foul,missed,,,,
Darrell Arthur,Marc Gasol,Mike Conley,O.J. Mayo,Rudy Gay,Antawn Jamison,Caron Butler,Darius Songaila,Dominic McGuire,Mike James,1,10:04,WAS,rebound,,,,,,,,,,,,,,,,,,
Darrell Arthur,Marc Gasol,Mike Conley,O.J. Mayo,Rudy Gay,Antawn Jamison,Caron Butler,Darius Songaila,Dominic McGuire,Mike James,1,10:04,WAS,free throw,,,,,,,2,,2,Antawn Jamison,,,foul,made,,,,
Darrell Arthur,Marc Gasol,Mike Conley,O.J. Mayo,Rudy Gay,Antawn Jamison,Caron Butler,Darius Songaila,Dominic McGuire,Mike James,1,10:01,WAS,foul,,,,,,,,Mike Conley,,Mike James,,,,,,personal,,
Darrell Arthur,Marc Gasol,Mike Conley,O.J. Mayo,Rudy Gay,Antawn Jamison,Caron Butler,Darius Songaila,Dominic McGuire,Mike James,1,9:47,MEM,shot,,,,,,,,,,Marc Gasol,,,,missed,,jump,21,11
Darrell Arthur,Marc Gasol,Mike Conley,O.J. Mayo,Rudy Gay,Antawn Jamison,Caron Butler,Darius Songaila,Dominic McGuire,Mike James,1,9:46,WAS,rebound,,,,,,,,,,Caron Butler,,,,,,def,,
Darrell Arthur,Marc Gasol,Mike Conley,O.J. Mayo,Rudy Gay,Antawn Jamison,Caron Butler,Darius Songaila,Dominic McGuire,Mike James,1,9:36,WAS,shot,Darius Songaila,,,,,,,,,Caron Butler,2,,,made,,layup,25,7
Darrell Arthur,Marc Gasol,Mike Conley,O.J. Mayo,Rudy Gay,Antawn Jamison,Caron Butler,Darius Songaila,Dominic McGuire,Mike James,1,9:25,WAS,foul,,,,,,,,Mike Conley,,Darius Songaila,,,,,,shooting,,
Darrell Arthur,Marc Gasol,Mike Conley,O.J. Mayo,Rudy Gay,Antawn Jamison,Caron Butler,Darius Songaila,Dominic McGuire,Mike James,1,9:25,MEM,free throw,,,,,,,1,,2,Mike Conley,,,foul,made,,,,
Darrell Arthur,Marc Gasol,Mike Conley,O.J. Mayo,Rudy Gay,Antawn Jamison,Caron Butler,Darius Songaila,Dominic McGuire,Mike James,1,9:25,MEM,free throw,,,,,,,2,,2,Mike Conley,,,foul,made,,,,
Darrell Arthur,Marc Gasol,Mike Conley,O.J. Mayo,Rudy Gay,Antawn Jamison,Caron Butler,Darius Songaila,Dominic McGuire,Mike James,1,9:10,WAS,shot,,,,,,,,,,Caron Butler,2,,,made,,turnaround jump,42,11
Darrell Arthur,Marc Gasol,Mike Conley,O.J. Mayo,Rudy Gay,Antawn Jamison,Caron Butler,Darius Songaila,Dominic McGuire,Mike James,1,8:53,WAS,foul,,,,,,,,Darrell Arthur,,Darius Songaila,,,,,,personal,,
Darrell Arthur,Marc Gasol,Mike Conley,O.J. Mayo,Rudy Gay,Antawn Jamison,Caron Butler,Dominic McGuire,JaVale McGee,Mike James,1,8:53,WAS,sub,,,,JaVale McGee,,Darius Songaila,,,,,,,,,,,,
Darrell Arthur,Marc Gasol,Mike Conley,O.J. Mayo,Rudy Gay,Antawn Jamison,Caron Butler,Dominic McGuire,JaVale McGee,Mike James,1,8:47,MEM,shot,,,,,,,,,,Mike Conley,,,,missed,,jump,8,17
Darrell Arthur,Marc Gasol,Mike Conley,O.J. Mayo,Rudy Gay,Antawn Jamison,Caron Butler,Dominic McGuire,JaVale McGee,Mike James,1,8:46,MEM,rebound,,,,,,,,,,Rudy Gay,,,,,,off,,
Darrell Arthur,Marc Gasol,Mike Conley,O.J. Mayo,Rudy Gay,Antawn Jamison,Caron Butler,Dominic McGuire,JaVale McGee,Mike James,1,8:41,MEM,shot,,,,,,,,,,O.J. Mayo,,,,missed,,3pt,12,27
Darrell Arthur,Marc Gasol,Mike Conley,O.J. Mayo,Rudy Gay,Antawn Jamison,Caron Butler,Dominic McGuire,JaVale McGee,Mike James,1,8:40,WAS,rebound,,,,,,,,,,Antawn Jamison,,,,,,def,,
Darrell Arthur,Marc Gasol,Mike Conley,O.J. Mayo,Rudy Gay,Antawn Jamison,Caron Butler,Dominic McGuire,JaVale McGee,Mike James,1,8:30,MEM,foul,,,,,,,,JaVale McGee,,Marc Gasol,,,,,,personal,,
Darrell Arthur,Marc Gasol,Mike Conley,O.J. Mayo,Rudy Gay,Antawn Jamison,Caron Butler,Dominic McGuire,JaVale McGee,Mike James,1,8:24,WAS,shot,,,,,,,,,,Antawn Jamison,,,,missed,,3pt,44,22
Darrell Arthur,Marc Gasol,Mike Conley,O.J. Mayo,Rudy Gay,Antawn Jamison,Caron Butler,Dominic McGuire,JaVale McGee,Mike James,1,8:22,MEM,rebound,,,,,,,,,,Marc Gasol,,,,,,def,,
Darrell Arthur,Marc Gasol,Mike Conley,O.J. Mayo,Rudy Gay,Antawn Jamison,Caron Butler,Dominic McGuire,JaVale McGee,Mike James,1,8:11,MEM,shot,Mike Conley,,,,,,,,,Darrell Arthur,2,,,made,,dunk,25,7
Darrell Arthur,Marc Gasol,Mike Conley,O.J. Mayo,Rudy Gay,Antawn Jamison,Caron Butler,Dominic McGuire,JaVale McGee,Mike James,1,7:58,WAS,shot,Dominic McGuire,,,,,,,,,Antawn Jamison,2,,,made,,driving layup,26,6
Darrell Arthur,Marc Gasol,Mike Conley,O.J. Mayo,Rudy Gay,Antawn Jamison,Caron Butler,Dominic McGuire,JaVale McGee,Mike James,1,7:48,MEM,shot,,,,,,,,,,O.J. Mayo,,,,missed,,jump,23,13
Darrell Arthur,Marc Gasol,Mike Conley,O.J. Mayo,Rudy Gay,Antawn Jamison,Caron Butler,Dominic McGuire,JaVale McGee,Mike James,1,7:47,WAS,rebound,,,,,,,,,,Dominic McGuire,,,,,,def,,
Darrell Arthur,Marc Gasol,Mike Conley,O.J. Mayo,Rudy Gay,Antawn Jamison,Caron Butler,Dominic McGuire,JaVale McGee,Mike James,1,7:24,WAS,shot,,,,,,,,,,Mike James,,,,missed,,3pt,49,5
Darrell Arthur,Marc Gasol,Mike Conley,O.J. Mayo,Rudy Gay,Antawn Jamison,Caron Butler,Dominic McGuire,JaVale McGee,Mike James,1,7:23,WAS,rebound,,,,,,,,,,Antawn Jamison,,,,,,off,,
Darrell Arthur,Marc Gasol,Mike Conley,O.J. Mayo,Rudy Gay,Antawn Jamison,Caron Butler,Dominic McGuire,JaVale McGee,Mike James,1,7:20,WAS,shot,,,,,,,,,,Antawn Jamison,2,,,made,,hook,21,6
Darrell Arthur,Marc Gasol,Mike Conley,O.J. Mayo,Rudy Gay,Antawn Jamison,Caron Butler,Dominic McGuire,JaVale McGee,Mike James,1,7:03,MEM,shot,Marc Gasol,,,,,,,,,O.J. Mayo,3,,,made,,3pt,48,4
Darrell Arthur,Marc Gasol,Mike Conley,O.J. Mayo,Rudy Gay,Antawn Jamison,Caron Butler,Dominic McGuire,JaVale McGee,Mike James,1,6:47,WAS,turnover,,,,,,,,,,Caron Butler,,,lost ball,,Rudy Gay,,,
Darrell Arthur,Marc Gasol,Mike Conley,O.J. Mayo,Rudy Gay,Antawn Jamison,Caron Butler,Dominic McGuire,JaVale McGee,Mike James,1,6:41,MEM,shot,,,,,,,,,,Mike Conley,,,,missed,,layup,26,6
Darrell Arthur,Marc Gasol,Mike Conley,O.J. Mayo,Rudy Gay,Antawn Jamison,Caron Butler,Dominic McGuire,JaVale McGee,Mike James,1,6:40,MEM,rebound,,,,,,,,,,Rudy Gay,,,,,,off,,
Darrell Arthur,Marc Gasol,Mike Conley,O.J. Mayo,Rudy Gay,Antawn Jamison,Caron Butler,Dominic McGuire,JaVale McGee,Mike James,1,6:38,MEM,shot,,,,,,,,,,Rudy Gay,2,,,made,,dunk,26,6
Darrell Arthur,Marc Gasol,Mike Conley,O.J. Mayo,Rudy Gay,Antawn Jamison,Caron Butler,Dominic McGuire,JaVale McGee,Mike James,1,6:36,WAS,turnover,,,,,,,,,,Dominic McGuire,,,bad pass,,Mike Conley,,,
Darrell Arthur,Marc Gasol,Mike Conley,O.J. Mayo,Rudy Gay,Antawn Jamison,Caron Butler,Dominic McGuire,JaVale McGee,Mike James,1,6:36,MEM,shot,,,,,,,,,,Mike Conley,2,,,made,,layup,25,6
Darrell Arthur,Marc Gasol,Mike Conley,O.J. Mayo,Rudy Gay,Antawn Jamison,Caron Butler,Dominic McGuire,JaVale McGee,Mike James,1,6:36,WAS,foul,,,,,,,,Mike Conley,,Mike James,,,,,,shooting,,
Darrell Arthur,Marc Gasol,Mike Conley,O.J. Mayo,Rudy Gay,Antawn Jamison,Caron Butler,Dominic McGuire,JaVale McGee,Mike James,1,6:36,MEM,free throw,,,,,,,1,,1,Mike Conley,,,foul,made,,,,
Darrell Arthur,Marc Gasol,Mike Conley,O.J. Mayo,Rudy Gay,Antawn Jamison,Caron Butler,Dominic McGuire,JaVale McGee,Mike James,1,6:30,WAS,timeout,,,,,,,,,,,,,,,,regular,,
Darrell Arthur,Marc Gasol,Mike Conley,O.J. Mayo,Rudy Gay,Antawn Jamison,Caron Butler,Dominic McGuire,JaVale McGee,Mike James,1,6:19,MEM,foul,,,,,,,,Antawn Jamison,,Marc Gasol,,,,,,shooting,,
Darrell Arthur,Marc Gasol,Mike Conley,O.J. Mayo,Rudy Gay,Antawn Jamison,Caron Butler,Dominic McGuire,JaVale McGee,Mike James,1,6:19,WAS,free throw,,,,,,,1,,2,Antawn Jamison,,,foul,made,,,,
Darrell Arthur,Marc Gasol,Mike Conley,O.J. Mayo,Rudy Gay,Antawn Jamison,Caron Butler,Dominic McGuire,JaVale McGee,Mike James,1,6:19,WAS,free throw,,,,,,,2,,2,Antawn Jamison,,,foul,made,,,,
Darrell Arthur,Marc Gasol,Mike Conley,O.J. Mayo,Rudy Gay,Antawn Jamison,Caron Butler,Dominic McGuire,JaVale McGee,Mike James,1,6:06,MEM,shot,Darrell Arthur,,,,,,,,,O.J. Mayo,3,,,made,,3pt,49,12
Darrell Arthur,Marc Gasol,Mike Conley,O.J. Mayo,Rudy Gay,Antawn Jamison,Caron Butler,Dominic McGuire,JaVale McGee,Mike James,1,5:41,WAS,shot,Dominic McGuire,,,,,,,,,Caron Butler,3,,,made,,3pt,47,19
Darrell Arthur,Marc Gasol,Mike Conley,O.J. Mayo,Rudy Gay,Antawn Jamison,Caron Butler,Dominic McGuire,JaVale McGee,Mike James,1,5:14,WAS,foul,,,,,,,,Marc Gasol,,JaVale McGee,,,,,,shooting,,
Darrell Arthur,Marc Gasol,Mike Conley,O.J. Mayo,Rudy Gay,Antawn Jamison,Caron Butler,Dominic McGuire,JaVale McGee,Mike James,1,5:14,MEM,free throw,,,,,,,1,,2,Marc Gasol,,,foul,made,,,,
Darrell Arthur,Marc Gasol,Mike Conley,O.J. Mayo,Rudy Gay,Antawn Jamison,Caron Butler,Dominic McGuire,JaVale McGee,Javaris Crittenton,1,5:14,WAS,sub,,,,Javaris Crittenton,,Mike James,,,,,,,,,,,,
Darrell Arthur,Marc Gasol,Mike Conley,O.J. Mayo,Rudy Gay,Antawn Jamison,Caron Butler,Dominic McGuire,JaVale McGee,Javaris Crittenton,1,5:14,MEM,free throw,,,,,,,2,,2,Marc Gasol,,,foul,missed,,,,
Darrell Arthur,Marc Gasol,Mike Conley,O.J. Mayo,Rudy Gay,Antawn Jamison,Caron Butler,Dominic McGuire,JaVale McGee,Javaris Crittenton,1,5:13,MEM,rebound,,,,,,,,,,Darrell Arthur,,,,,,off,,
Darrell Arthur,Marc Gasol,Mike Conley,O.J. Mayo,Rudy Gay,Antawn Jamison,Caron Butler,Dominic McGuire,JaVale McGee,Javaris Crittenton,1,5:10,MEM,shot,,,,,,,,,,Darrell Arthur,2,,,made,,tip,26,7
Darrell Arthur,Marc Gasol,Mike Conley,O.J. Mayo,Rudy Gay,Antawn Jamison,Caron Butler,Dominic McGuire,JaVale McGee,Javaris Crittenton,1,4:52,WAS,shot,,,,,,,,,,Antawn Jamison,,,,missed,,jump,19,6
Darrell Arthur,Marc Gasol,Mike Conley,O.J. Mayo,Rudy Gay,Antawn Jamison,Caron Butler,Dominic McGuire,JaVale McGee,Javaris Crittenton,1,4:51,WAS,rebound,,,,,,,,,,JaVale McGee,,,,,,off,,
Darrell Arthur,Marc Gasol,Mike Conley,O.J. Mayo,Rudy Gay,Antawn Jamison,Caron Butler,Dominic McGuire,JaVale McGee,Javaris Crittenton,1,4:49,WAS,shot,,,,,,,,,,JaVale McGee,,,,missed,,layup,23,5
Darrell Arthur,Marc Gasol,Mike Conley,O.J. Mayo,Rudy Gay,Antawn Jamison,Caron Butler,Dominic McGuire,JaVale McGee,Javaris Crittenton,1,4:48,MEM,rebound,,,,,,,,,,Marc Gasol,,,,,,def,,
Darrell Arthur,Marc Gasol,Mike Conley,O.J. Mayo,Rudy Gay,Antawn Jamison,Caron Butler,Dominic McGuire,JaVale McGee,Javaris Crittenton,1,4:37,MEM,shot,,,,,,,,,,Marc Gasol,2,,,made,,running hook,20,9
Darius Miles,Darrell Arthur,Mike Conley,O.J. Mayo,Rudy Gay,Antawn Jamison,Caron Butler,Dominic McGuire,JaVale McGee,Javaris Crittenton,1,4:16,MEM,sub,,,,Darius Miles,,Marc Gasol,,,,,,,,,,,,
Darius Miles,Darrell Arthur,Mike Conley,O.J. Mayo,Rudy Gay,Antawn Jamison,Caron Butler,Dominic McGuire,JaVale McGee,Javaris Crittenton,1,4:12,WAS,shot,,,,,,,,,,Caron Butler,,,,missed,,3pt,23,32
Darius Miles,Darrell Arthur,Mike Conley,O.J. Mayo,Rudy Gay,Antawn Jamison,Caron Butler,Dominic McGuire,JaVale McGee,Javaris Crittenton,1,4:11,MEM,rebound,,,,,,,,,,Mike Conley,,,,,,def,,
Darius Miles,Darrell Arthur,Mike Conley,O.J. Mayo,Rudy Gay,Antawn Jamison,Caron Butler,Dominic McGuire,JaVale McGee,Javaris Crittenton,1,3:45,MEM,shot,,,,,,,,,,O.J. Mayo,2,,,made,,running jump,30,21
Darius Miles,Darrell Arthur,Mike Conley,O.J. Mayo,Rudy Gay,Antawn Jamison,Caron Butler,Dominic McGuire,JaVale McGee,Javaris Crittenton,1,3:36,WAS,timeout,,,,,,,,,,,,,,,,short,,
Darius Miles,Darrell Arthur,Mike Conley,O.J. Mayo,Rudy Gay,Antawn Jamison,Caron Butler,Dominic McGuire,JaVale McGee,Javaris Crittenton,1,3:24,WAS,shot,Javaris Crittenton,,,,,,,,,JaVale McGee,2,,,made,,layup,23,5
Darius Miles,Darrell Arthur,Mike Conley,O.J. Mayo,Rudy Gay,Antawn Jamison,Caron Butler,Dominic McGuire,JaVale McGee,Javaris Crittenton,1,3:24,MEM,foul,,,,,,,,JaVale McGee,,Rudy Gay,,,,,,shooting,,
Darius Miles,Hakim Warrick,Mike Conley,O.J. Mayo,Rudy Gay,Antawn Jamison,Caron Butler,Dominic McGuire,JaVale McGee,Javaris Crittenton,1,3:24,MEM,sub,,,,Hakim Warrick,,Darrell Arthur,,,,,,,,,,,,
Darius Miles,Hakim Warrick,Mike Conley,O.J. Mayo,Rudy Gay,Antawn Jamison,Caron Butler,Dominic McGuire,JaVale McGee,Javaris Crittenton,1,3:24,WAS,free throw,,,,,,,1,,1,JaVale McGee,,,foul,made,,,,
Darius Miles,Hakim Warrick,Mike Conley,O.J. Mayo,Rudy Gay,Antawn Jamison,Caron Butler,Dominic McGuire,JaVale McGee,Javaris Crittenton,1,3:05,MEM,shot,,,,,,,,,,Rudy Gay,,,,missed,,jump,22,6
Darius Miles,Hakim Warrick,Mike Conley,O.J. Mayo,Rudy Gay,Antawn Jamison,Caron Butler,Dominic McGuire,JaVale McGee,Javaris Crittenton,1,3:04,WAS,rebound,,,,,,,,,,Dominic McGuire,,,,,,def,,
Darius Miles,Hakim Warrick,Mike Conley,O.J. Mayo,Rudy Gay,Antawn Jamison,Caron Butler,Dominic McGuire,JaVale McGee,Javaris Crittenton,1,2:56,WAS,shot,,,,,,,,,,JaVale McGee,,,,missed,,layup,25,8
Darius Miles,Hakim Warrick,Mike Conley,O.J. Mayo,Rudy Gay,Antawn Jamison,Caron Butler,Dominic McGuire,JaVale McGee,Javaris Crittenton,1,2:55,WAS,rebound,,,,,,,,,,Javaris Crittenton,,,,,,off,,
Darius Miles,Hakim Warrick,Mike Conley,O.J. Mayo,Rudy Gay,Antawn Jamison,Caron Butler,Dominic McGuire,JaVale McGee,Javaris Crittenton,1,2:49,WAS,shot,Javaris Crittenton,,,,,,,,,Antawn Jamison,2,,,made,,jump,8,3
Darius Miles,Hakim Warrick,Mike Conley,O.J. Mayo,Rudy Gay,Antawn Jamison,Caron Butler,Dominic McGuire,JaVale McGee,Javaris Crittenton,1,2:37,MEM,shot,,,,,,,,,,Hakim Warrick,,,,missed,,jump,9,3
Darius Miles,Hakim Warrick,Mike Conley,O.J. Mayo,Rudy Gay,Antawn Jamison,Caron Butler,Dominic McGuire,JaVale McGee,Javaris Crittenton,1,2:35,WAS,rebound,,,,,,,,,,Dominic McGuire,,,,,,def,,
Darius Miles,Hakim Warrick,Mike Conley,O.J. Mayo,Rudy Gay,Antawn Jamison,Caron Butler,Dominic McGuire,JaVale McGee,Javaris Crittenton,1,2:30,WAS,turnover,,,,,,,,,,Javaris Crittenton,,,bad pass,,Mike Conley,,,
Darius Miles,Hakim Warrick,Mike Conley,O.J. Mayo,Rudy Gay,Antawn Jamison,Caron Butler,Dominic McGuire,JaVale McGee,Javaris Crittenton,1,2:27,MEM,turnover,,,,,,,,,,Mike Conley,,,bad pass,,JaVale McGee,,,
Darius Miles,Hakim Warrick,Mike Conley,O.J. Mayo,Rudy Gay,Antawn Jamison,Caron Butler,Dominic McGuire,JaVale McGee,Javaris Crittenton,1,2:27,WAS,turnover,,,,,,,,,,Caron Butler,,,poss lost ball turnover,,,,,
Darius Miles,Hakim Warrick,Mike Conley,O.J. Mayo,Rudy Gay,Antawn Jamison,Caron Butler,Dominic McGuire,JaVale McGee,Javaris Crittenton,1,2:27,MEM,timeout,,,,,,,,,,,,,,,,regular,,
Darius Miles,Hakim Warrick,Kyle Lowry,O.J. Mayo,Rudy Gay,Antawn Jamison,Caron Butler,Dominic McGuire,JaVale McGee,Javaris Crittenton,1,2:27,MEM,sub,,,,Kyle Lowry,,Mike Conley,,,,,,,,,,,,
Darius Miles,Hakim Warrick,Kyle Lowry,O.J. Mayo,Rudy Gay,Antawn Jamison,Caron Butler,Dominic McGuire,JaVale McGee,Javaris Crittenton,1,2:13,MEM,shot,,,,,,,,,,Hakim Warrick,,,,missed,,jump,26,27
Darius Miles,Hakim Warrick,Kyle Lowry,O.J. Mayo,Rudy Gay,Antawn Jamison,Caron Butler,Dominic McGuire,JaVale McGee,Javaris Crittenton,1,2:12,WAS,rebound,,,,,,,,,,Caron Butler,,,,,,def,,
Darius Miles,Hakim Warrick,Kyle Lowry,O.J. Mayo,Rudy Gay,Antawn Jamison,Caron Butler,Dominic McGuire,JaVale McGee,Javaris Crittenton,1,1:52,WAS,shot,,,,,,,,,,Caron Butler,2,,,made,,jump,43,7
Darius Miles,Hakim Warrick,Kyle Lowry,O.J. Mayo,Rudy Gay,Antawn Jamison,Caron Butler,Dominic McGuire,JaVale McGee,Javaris Crittenton,1,1:28,MEM,shot,,,,,,,,,,Darius Miles,,,,missed,,jump,17,24
Darius Miles,Hakim Warrick,Kyle Lowry,O.J. Mayo,Rudy Gay,Antawn Jamison,Caron Butler,Dominic McGuire,JaVale McGee,Javaris Crittenton,1,1:22,WAS,rebound,,,,,,,,,,Dominic McGuire,,,,,,def,,
Darius Miles,Hakim Warrick,Kyle Lowry,O.J. Mayo,Rudy Gay,Antawn Jamison,Caron Butler,Dominic McGuire,JaVale McGee,Javaris Crittenton,1,1:15,WAS,shot,Javaris Crittenton,,,,,,,,,Dominic McGuire,2,,,made,,jump,44,4
Darius Miles,Hakim Warrick,Kyle Lowry,O.J. Mayo,Rudy Gay,Antawn Jamison,Caron Butler,Dominic McGuire,JaVale McGee,Javaris Crittenton,1,0:56,MEM,shot,,,,,,,,,,Hakim Warrick,,,,missed,,jump,21,9
Darius Miles,Hakim Warrick,Kyle Lowry,O.J. Mayo,Rudy Gay,Antawn Jamison,Caron Butler,Dominic McGuire,JaVale McGee,Javaris Crittenton,1,0:55,WAS,rebound,,,,,,,,,,Caron Butler,,,,,,def,,
Darius Miles,Hakim Warrick,Kyle Lowry,O.J. Mayo,Rudy Gay,Antawn Jamison,Caron Butler,Dominic McGuire,JaVale McGee,Javaris Crittenton,1,0:46,WAS,shot,Caron Butler,,,,,,,,,Antawn Jamison,3,,,made,,3pt,12,26
Darius Miles,Hakim Warrick,Kyle Lowry,O.J. Mayo,Rudy Gay,Antawn Jamison,Caron Butler,Dominic McGuire,JaVale McGee,Javaris Crittenton,1,0:33,MEM,shot,,,,,,,,,,O.J. Mayo,2,,,made,,jump,19,11
Darius Miles,Hakim Warrick,Kyle Lowry,O.J. Mayo,Rudy Gay,Antawn Jamison,Caron Butler,Dominic McGuire,JaVale McGee,Javaris Crittenton,1,0:33,WAS,violation,,,,,,,,,,JaVale McGee,,,,,,defensive goaltending,,
Darius Miles,Hakim Warrick,Kyle Lowry,O.J. Mayo,Rudy Gay,Antawn Jamison,Caron Butler,Dominic McGuire,JaVale McGee,Javaris Crittenton,1,0:06,WAS,turnover,,,,,,,,,,Caron Butler,,,lost ball,,Darius Miles,,,
Darius Miles,Hakim Warrick,Kyle Lowry,O.J. Mayo,Rudy Gay,Antawn Jamison,Caron Butler,Dominic McGuire,JaVale McGee,Javaris Crittenton,1,0:05,WAS,foul,,,,,,,,Rudy Gay,,Antawn Jamison,,,,,,shooting,,
Darius Miles,Greg Buckner,Hakim Warrick,Kyle Lowry,Rudy Gay,Antawn Jamison,Caron Butler,Dominic McGuire,JaVale McGee,Javaris Crittenton,1,0:05,MEM,sub,,,,Greg Buckner,,O.J. Mayo,,,,,,,,,,,,
Darius Miles,Greg Buckner,Hakim Warrick,Kyle Lowry,Rudy Gay,Antawn Jamison,Caron Butler,Dominic McGuire,JaVale McGee,Javaris Crittenton,1,0:05,MEM,free throw,,,,,,,1,,2,Rudy Gay,,,foul,missed,,,,
Darius Miles,Greg Buckner,Hakim Warrick,Kyle Lowry,Rudy Gay,Antawn Jamison,Caron Butler,Dominic McGuire,JaVale McGee,Javaris Crittenton,1,0:05,MEM,rebound,,,,,,,,,,,,,,,,,,
Darius Miles,Greg Buckner,Hakim Warrick,Kyle Lowry,Rudy Gay,Antawn Jamison,Caron Butler,Dominic McGuire,JaVale McGee,Javaris Crittenton,1,0:05,MEM,free throw,,,,,,,2,,2,Rudy Gay,,,foul,made,,,,
Darius Miles,Greg Buckner,Hakim Warrick,Kyle Lowry,Rudy Gay,Caron Butler,Dominic McGuire,JaVale McGee,Javaris Crittenton,Nick Young,2,11:40,WAS,shot,,,,,,,,,,Nick Young,,,,missed,,3pt,49,17
Darius Miles,Greg Buckner,Hakim Warrick,Kyle Lowry,Rudy Gay,Caron Butler,Dominic McGuire,JaVale McGee,Javaris Crittenton,Nick Young,2,11:39,MEM,rebound,,,,,,,,,,Hakim Warrick,,,,,,def,,
Darius Miles,Greg Buckner,Hakim Warrick,Kyle Lowry,Rudy Gay,Caron Butler,Dominic McGuire,JaVale McGee,Javaris Crittenton,Nick Young,2,11:21,MEM,turnover,,,,,,,,,,Rudy Gay,,,out of bounds lost ball turnover,,,,,
Darius Miles,Greg Buckner,Hakim Warrick,Kyle Lowry,Rudy Gay,Caron Butler,Dominic McGuire,JaVale McGee,Javaris Crittenton,Nick Young,2,10:59,WAS,shot,Caron Butler,,,,,,,,,Nick Young,2,,,made,,jump,41,12
Darius Miles,Greg Buckner,Hakim Warrick,Kyle Lowry,Rudy Gay,Caron Butler,Dominic McGuire,JaVale McGee,Javaris Crittenton,Nick Young,2,10:47,MEM,shot,,,JaVale McGee,,,,,,,Hakim Warrick,,,,missed,,jump,29,8
Darius Miles,Greg Buckner,Hakim Warrick,Kyle Lowry,Rudy Gay,Caron Butler,Dominic McGuire,JaVale McGee,Javaris Crittenton,Nick Young,2,10:46,WAS,rebound,,,,,,,,,,Dominic McGuire,,,,,,def,,
Darius Miles,Greg Buckner,Hakim Warrick,Kyle Lowry,Rudy Gay,Caron Butler,Dominic McGuire,JaVale McGee,Javaris Crittenton,Nick Young,2,10:42,WAS,shot,Dominic McGuire,,,,,,,,,Javaris Crittenton,2,,,made,,driving layup,25,8
Darius Miles,Greg Buckner,Hakim Warrick,Kyle Lowry,Rudy Gay,Caron Butler,Dominic McGuire,JaVale McGee,Javaris Crittenton,Nick Young,2,10:42,MEM,foul,,,,,,,,Javaris Crittenton,,Kyle Lowry,,,,,,shooting,,
Greg Buckner,Hakim Warrick,Kyle Lowry,Marc Gasol,Rudy Gay,Caron Butler,Dominic McGuire,JaVale McGee,Javaris Crittenton,Nick Young,2,10:42,MEM,sub,,,,Marc Gasol,,Darius Miles,,,,,,,,,,,,
Greg Buckner,Hakim Warrick,Kyle Lowry,Marc Gasol,Rudy Gay,Caron Butler,Dominic McGuire,JaVale McGee,Javaris Crittenton,Nick Young,2,10:42,WAS,free throw,,,,,,,1,,1,Javaris Crittenton,,,foul,missed,,,,
Greg Buckner,Hakim Warrick,Kyle Lowry,Marc Gasol,Rudy Gay,Caron Butler,Dominic McGuire,JaVale McGee,Javaris Crittenton,Nick Young,2,10:40,MEM,rebound,,,,,,,,,,Marc Gasol,,,,,,def,,
Greg Buckner,Hakim Warrick,Kyle Lowry,Marc Gasol,Rudy Gay,Caron Butler,Dominic McGuire,JaVale McGee,Javaris Crittenton,Nick Young,2,10:31,WAS,foul,,,,,,,,Kyle Lowry,,Dominic McGuire,,,,,,personal,,
Darrell Arthur,Greg Buckner,Hakim Warrick,Marc Gasol,Rudy Gay,Caron Butler,Dominic McGuire,JaVale McGee,Javaris Crittenton,Nick Young,2,10:31,MEM,sub,,,,Darrell Arthur,,Kyle Lowry,,,,,,,,,,,,
Darrell Arthur,Greg Buckner,Marc Gasol,Marko Jaric,Rudy Gay,Caron Butler,Dominic McGuire,JaVale McGee,Javaris Crittenton,Nick Young,2,10:31,MEM,sub,,,,Marko Jaric,,Hakim Warrick,,,,,,,,,,,,
Darrell Arthur,Greg Buckner,Marc Gasol,Marko Jaric,Rudy Gay,Caron Butler,Dominic McGuire,JaVale McGee,Javaris Crittenton,Nick Young,2,10:22,WAS,foul,,,,,,,,,,Dominic McGuire,,,,,,defense 3 second,,
Darrell Arthur,Greg Buckner,Marc Gasol,Marko Jaric,Rudy Gay,Caron Butler,Dominic McGuire,JaVale McGee,Javaris Crittenton,Nick Young,2,10:22,MEM,free throw,,,,,,,1,,1,Rudy Gay,,,technical,made,,,,
Darrell Arthur,Greg Buckner,Marc Gasol,Marko Jaric,Rudy Gay,Caron Butler,Dominic McGuire,JaVale McGee,Javaris Crittenton,Nick Young,2,10:11,MEM,shot,,,,,,,,,,Darrell Arthur,,,,missed,,jump,32,6
Darrell Arthur,Greg Buckner,Marc Gasol,Marko Jaric,Rudy Gay,Caron Butler,Dominic McGuire,JaVale McGee,Javaris Crittenton,Nick Young,2,10:10,MEM,rebound,,,,,,,,,,Greg Buckner,,,,,,off,,
Darrell Arthur,Greg Buckner,Marc Gasol,Marko Jaric,Rudy Gay,Caron Butler,Dominic McGuire,JaVale McGee,Javaris Crittenton,Nick Young,2,10:06,MEM,shot,,,,,,,,,,Greg Buckner,2,,,made,,jump,44,4
Darrell Arthur,Greg Buckner,Marc Gasol,Marko Jaric,Rudy Gay,Caron Butler,Dominic McGuire,JaVale McGee,Javaris Crittenton,Nick Young,2,9:50,WAS,shot,,,,,,,,,,JaVale McGee,,,,missed,,jump,27,14
Darrell Arthur,Greg Buckner,Marc Gasol,Marko Jaric,Rudy Gay,Caron Butler,Dominic McGuire,JaVale McGee,Javaris Crittenton,Nick Young,2,9:49,MEM,rebound,,,,,,,,,,Darrell Arthur,,,,,,def,,
Darrell Arthur,Greg Buckner,Marc Gasol,Marko Jaric,O.J. Mayo,Caron Butler,Dominic McGuire,JaVale McGee,Javaris Crittenton,Nick Young,2,9:41,MEM,sub,,,,O.J. Mayo,,Rudy Gay,,,,,,,,,,,,
Darrell Arthur,Greg Buckner,Marc Gasol,Marko Jaric,O.J. Mayo,Caron Butler,JaVale McGee,Javaris Crittenton,Nick Young,Oleksiy Pecherov,2,9:41,WAS,sub,,,,Oleksiy Pecherov,,Dominic McGuire,,,,,,,,,,,,
Darrell Arthur,Greg Buckner,Marc Gasol,Marko Jaric,O.J. Mayo,Antawn Jamison,JaVale McGee,Javaris Crittenton,Nick Young,Oleksiy Pecherov,2,9:41,WAS,sub,,,,Antawn Jamison,,Caron Butler,,,,,,,,,,,,
Darrell Arthur,Greg Buckner,Marc Gasol,Marko Jaric,O.J. Mayo,Antawn Jamison,JaVale McGee,Javaris Crittenton,Nick Young,Oleksiy Pecherov,2,9:41,WAS,violation,,,,,,,,,,,,,,,,delay of game,,
Darrell Arthur,Greg Buckner,Marc Gasol,Marko Jaric,O.J. Mayo,Antawn Jamison,JaVale McGee,Javaris Crittenton,Nick Young,Oleksiy Pecherov,2,9:30,MEM,shot,,,,,,,,,,Marko Jaric,,,,missed,,jump,25,10
Darrell Arthur,Greg Buckner,Marc Gasol,Marko Jaric,O.J. Mayo,Antawn Jamison,JaVale McGee,Javaris Crittenton,Nick Young,Oleksiy Pecherov,2,9:29,MEM,rebound,,,,,,,,,,Marc Gasol,,,,,,off,,
Darrell Arthur,Greg Buckner,Marc Gasol,Marko Jaric,O.J. Mayo,Antawn Jamison,JaVale McGee,Javaris Crittenton,Nick Young,Oleksiy Pecherov,2,9:29,MEM,shot,,,,,,,,,,Marc Gasol,2,,,made,,layup,24,8
Darrell Arthur,Greg Buckner,Marc Gasol,Marko Jaric,O.J. Mayo,Antawn Jamison,JaVale McGee,Javaris Crittenton,Nick Young,Oleksiy Pecherov,2,9:29,WAS,foul,,,,,,,,Marc Gasol,,Oleksiy Pecherov,,,,,,shooting,,
Darrell Arthur,Greg Buckner,Marc Gasol,Marko Jaric,O.J. Mayo,Antawn Jamison,JaVale McGee,Javaris Crittenton,Nick Young,Oleksiy Pecherov,2,9:29,MEM,free throw,,,,,,,1,,1,Marc Gasol,,,foul,made,,,,
Darrell Arthur,Greg Buckner,Marc Gasol,Marko Jaric,O.J. Mayo,Antawn Jamison,JaVale McGee,Javaris Crittenton,Nick Young,Oleksiy Pecherov,2,9:13,WAS,shot,,,,,,,,,,Nick Young,,,,missed,,layup,25,7
Darrell Arthur,Greg Buckner,Marc Gasol,Marko Jaric,O.J. Mayo,Antawn Jamison,JaVale McGee,Javaris Crittenton,Nick Young,Oleksiy Pecherov,2,9:11,WAS,rebound,,,,,,,,,,JaVale McGee,,,,,,off,,
Darrell Arthur,Greg Buckner,Marc Gasol,Marko Jaric,O.J. Mayo,Antawn Jamison,JaVale McGee,Javaris Crittenton,Nick Young,Oleksiy Pecherov,2,9:09,WAS,shot,,,,,,,,,,JaVale McGee,2,,,made,,putback slam dunk,23,7
Darrell Arthur,Greg Buckner,Marc Gasol,Marko Jaric,O.J. Mayo,Antawn Jamison,JaVale McGee,Javaris Crittenton,Nick Young,Oleksiy Pecherov,2,8:59,MEM,shot,,,,,,,,,,O.J. Mayo,,,,missed,,jump,11,18
Darrell Arthur,Greg Buckner,Marc Gasol,Marko Jaric,O.J. Mayo,Antawn Jamison,JaVale McGee,Javaris Crittenton,Nick Young,Oleksiy Pecherov,2,8:58,WAS,rebound,,,,,,,,,,Antawn Jamison,,,,,,def,,
Darrell Arthur,Greg Buckner,Marc Gasol,Marko Jaric,O.J. Mayo,Antawn Jamison,JaVale McGee,Javaris Crittenton,Nick Young,Oleksiy Pecherov,2,8:43,WAS,shot,,,,,,,,,,Nick Young,,,,missed,,jump,28,11
Darrell Arthur,Greg Buckner,Marc Gasol,Marko Jaric,O.J. Mayo,Antawn Jamison,JaVale McGee,Javaris Crittenton,Nick Young,Oleksiy Pecherov,2,8:41,MEM,rebound,,,,,,,,,,Darrell Arthur,,,,,,def,,
Darrell Arthur,Greg Buckner,Marc Gasol,Marko Jaric,O.J. Mayo,Antawn Jamison,JaVale McGee,Javaris Crittenton,Nick Young,Oleksiy Pecherov,2,8:41,MEM,turnover,,,,,,,,,,Darrell Arthur,,,poss lost ball turnover,,Javaris Crittenton,,,
Darrell Arthur,Greg Buckner,Marc Gasol,Marko Jaric,O.J. Mayo,Antawn Jamison,JaVale McGee,Javaris Crittenton,Nick Young,Oleksiy Pecherov,2,8:36,OFF,timeout,,,,,,,,,,,,,,,,official,,
Darrell Arthur,Greg Buckner,Marc Gasol,Marko Jaric,O.J. Mayo,Antawn Jamison,JaVale McGee,Javaris Crittenton,Nick Young,Oleksiy Pecherov,2,8:18,WAS,shot,,,,,,,,,,Antawn Jamison,2,,,made,,jump bank hook,17,8
Darrell Arthur,Greg Buckner,Marc Gasol,Marko Jaric,O.J. Mayo,Antawn Jamison,JaVale McGee,Javaris Crittenton,Nick Young,Oleksiy Pecherov,2,8:02,MEM,shot,,,,,,,,,,O.J. Mayo,2,,,made,,driving layup,24,6
Darrell Arthur,Greg Buckner,Marc Gasol,Marko Jaric,O.J. Mayo,Antawn Jamison,JaVale McGee,Javaris Crittenton,Nick Young,Oleksiy Pecherov,2,7:49,WAS,shot,,,,,,,,,,JaVale McGee,,,,missed,,jump,20,10
Darrell Arthur,Greg Buckner,Marc Gasol,Marko Jaric,O.J. Mayo,Antawn Jamison,JaVale McGee,Javaris Crittenton,Nick Young,Oleksiy Pecherov,2,7:48,MEM,rebound,,,,,,,,,,Greg Buckner,,,,,,def,,
Darrell Arthur,Greg Buckner,Marc Gasol,Marko Jaric,O.J. Mayo,Antawn Jamison,JaVale McGee,Javaris Crittenton,Nick Young,Oleksiy Pecherov,2,7:42,WAS,foul,,,,,,,,Marko Jaric,,Javaris Crittenton,,,,,,personal,,
Darrell Arthur,Greg Buckner,Marc Gasol,Marko Jaric,O.J. Mayo,Antawn Jamison,JaVale McGee,Juan Dixon,Nick Young,Oleksiy Pecherov,2,7:42,WAS,sub,,,,Juan Dixon,,Javaris Crittenton,,,,,,,,,,,,
Darrell Arthur,Greg Buckner,Marc Gasol,Marko Jaric,O.J. Mayo,Antawn Jamison,Darius Songaila,Juan Dixon,Nick Young,Oleksiy Pecherov,2,7:42,WAS,sub,,,,Darius Songaila,,JaVale McGee,,,,,,,,,,,,
Darrell Arthur,Greg Buckner,Marc Gasol,Mike Conley,O.J. Mayo,Antawn Jamison,Darius Songaila,Juan Dixon,Nick Young,Oleksiy Pecherov,2,7:42,MEM,sub,,,,Mike Conley,,Marko Jaric,,,,,,,,,,,,
Darrell Arthur,Greg Buckner,Marc Gasol,Mike Conley,O.J. Mayo,Antawn Jamison,Darius Songaila,Juan Dixon,Nick Young,Oleksiy Pecherov,2,7:33,MEM,shot,,,,,,,,,,Darrell Arthur,,,,missed,,jump,7,7
Darrell Arthur,Greg Buckner,Marc Gasol,Mike Conley,O.J. Mayo,Antawn Jamison,Darius Songaila,Juan Dixon,Nick Young,Oleksiy Pecherov,2,7:32,WAS,rebound,,,,,,,,,,Antawn Jamison,,,,,,def,,
Darrell Arthur,Greg Buckner,Marc Gasol,Mike Conley,O.J. Mayo,Antawn Jamison,Darius Songaila,Juan Dixon,Nick Young,Oleksiy Pecherov,2,7:17,WAS,turnover,,,,,,,,,,Juan Dixon,,,lost ball,,Marc Gasol,,,
Darrell Arthur,Greg Buckner,Marc Gasol,Mike Conley,O.J. Mayo,Antawn Jamison,Darius Songaila,Juan Dixon,Nick Young,Oleksiy Pecherov,2,7:11,MEM,shot,Greg Buckner,,,,,,,,,Mike Conley,2,,,made,,dunk,24,6
Darrell Arthur,Greg Buckner,Marc Gasol,Mike Conley,O.J. Mayo,Antawn Jamison,Darius Songaila,Juan Dixon,Nick Young,Oleksiy Pecherov,2,6:57,WAS,shot,,,,,,,,,,Antawn Jamison,,,,missed,,jump,28,8
Darrell Arthur,Greg Buckner,Marc Gasol,Mike Conley,O.J. Mayo,Antawn Jamison,Darius Songaila,Juan Dixon,Nick Young,Oleksiy Pecherov,2,6:56,WAS,rebound,,,,,,,,,,Oleksiy Pecherov,,,,,,off,,
Darrell Arthur,Greg Buckner,Marc Gasol,Mike Conley,O.J. Mayo,Antawn Jamison,Darius Songaila,Juan Dixon,Nick Young,Oleksiy Pecherov,2,6:55,WAS,shot,,,,,,,,,,Oleksiy Pecherov,,,,missed,,layup,23,7
Darrell Arthur,Greg Buckner,Marc Gasol,Mike Conley,O.J. Mayo,Antawn Jamison,Darius Songaila,Juan Dixon,Nick Young,Oleksiy Pecherov,2,6:55,WAS,rebound,,,,,,,,,,Oleksiy Pecherov,,,,,,off,,
Darrell Arthur,Greg Buckner,Marc Gasol,Mike Conley,O.J. Mayo,Antawn Jamison,Darius Songaila,Juan Dixon,Nick Young,Oleksiy Pecherov,2,6:55,MEM,foul,,,,,,,,Oleksiy Pecherov,,Greg Buckner,,,,,,shooting,,
Darrell Arthur,Greg Buckner,Marc Gasol,Mike Conley,O.J. Mayo,Antawn Jamison,Darius Songaila,Juan Dixon,Nick Young,Oleksiy Pecherov,2,6:55,WAS,free throw,,,,,,,1,,2,Oleksiy Pecherov,,,foul,made,,,,
Darrell Arthur,Greg Buckner,Marc Gasol,Mike Conley,O.J. Mayo,Antawn Jamison,Darius Songaila,Juan Dixon,Nick Young,Oleksiy Pecherov,2,6:55,WAS,free throw,,,,,,,2,,2,Oleksiy Pecherov,,,foul,made,,,,
Darrell Arthur,Greg Buckner,Marc Gasol,Mike Conley,O.J. Mayo,Antawn Jamison,Darius Songaila,Juan Dixon,Nick Young,Oleksiy Pecherov,2,6:33,MEM,shot,,,,,,,,,,O.J. Mayo,2,,,made,,fade away jumper,9,4
Darrell Arthur,Greg Buckner,Marc Gasol,Mike Conley,O.J. Mayo,Antawn Jamison,Darius Songaila,Juan Dixon,Nick Young,Oleksiy Pecherov,2,6:15,WAS,shot,,,,,,,,,,Juan Dixon,2,,,made,,jump,27,23
Darrell Arthur,Greg Buckner,Marc Gasol,Mike Conley,O.J. Mayo,Antawn Jamison,Darius Songaila,Juan Dixon,Nick Young,Oleksiy Pecherov,2,5:57,MEM,shot,,,,,,,,,,Marc Gasol,,,,missed,,jump,25,10
Darrell Arthur,Greg Buckner,Marc Gasol,Mike Conley,O.J. Mayo,Antawn Jamison,Darius Songaila,Juan Dixon,Nick Young,Oleksiy Pecherov,2,5:55,WAS,rebound,,,,,,,,,,Antawn Jamison,,,,,,def,,
Darrell Arthur,Greg Buckner,Marc Gasol,Mike Conley,O.J. Mayo,Antawn Jamison,Darius Songaila,Juan Dixon,Nick Young,Oleksiy Pecherov,2,5:41,WAS,timeout,,,,,,,,,,,,,,,,regular,,
Darrell Arthur,Greg Buckner,Marc Gasol,Mike Conley,O.J. Mayo,Antawn Jamison,Caron Butler,Juan Dixon,Nick Young,Oleksiy Pecherov,2,5:41,WAS,sub,,,,Caron Butler,,Darius Songaila,,,,,,,,,,,,
Darrell Arthur,Marc Gasol,Mike Conley,O.J. Mayo,Rudy Gay,Antawn Jamison,Caron Butler,Juan Dixon,Nick Young,Oleksiy Pecherov,2,5:41,MEM,sub,,,,Rudy Gay,,Greg Buckner,,,,,,,,,,,,
Darrell Arthur,Marc Gasol,Mike Conley,O.J. Mayo,Rudy Gay,Antawn Jamison,Caron Butler,Juan Dixon,Nick Young,Oleksiy Pecherov,2,5:38,WAS,shot,,,,,,,,,,Juan Dixon,,,,missed,,jump,11,17
Darrell Arthur,Marc Gasol,Mike Conley,O.J. Mayo,Rudy Gay,Antawn Jamison,Caron Butler,Juan Dixon,Nick Young,Oleksiy Pecherov,2,5:36,MEM,rebound,,,,,,,,,,Marc Gasol,,,,,,def,,
Darrell Arthur,Marc Gasol,Mike Conley,O.J. Mayo,Rudy Gay,Antawn Jamison,Caron Butler,Juan Dixon,Nick Young,Oleksiy Pecherov,2,5:24,MEM,shot,O.J. Mayo,,,,,,,,,Rudy Gay,2,,,made,,running jump,21,12
Darrell Arthur,Marc Gasol,Mike Conley,O.J. Mayo,Rudy Gay,Antawn Jamison,Caron Butler,Juan Dixon,Nick Young,Oleksiy Pecherov,2,5:04,WAS,shot,,,,,,,,,,Oleksiy Pecherov,,,,missed,,3pt,9,26
Darrell Arthur,Marc Gasol,Mike Conley,O.J. Mayo,Rudy Gay,Antawn Jamison,Caron Butler,Juan Dixon,Nick Young,Oleksiy Pecherov,2,5:03,MEM,rebound,,,,,,,,,,O.J. Mayo,,,,,,def,,
Darrell Arthur,Marc Gasol,Mike Conley,O.J. Mayo,Rudy Gay,Antawn Jamison,Caron Butler,Juan Dixon,Nick Young,Oleksiy Pecherov,2,4:55,MEM,shot,O.J. Mayo,,,,,,,,,Marc Gasol,2,,,made,,layup,24,5
Darrell Arthur,Marc Gasol,Mike Conley,O.J. Mayo,Rudy Gay,Antawn Jamison,Caron Butler,Juan Dixon,Nick Young,Oleksiy Pecherov,2,4:39,WAS,shot,,,,,,,,,,Nick Young,2,,,made,,jump,40,15
Darrell Arthur,Marc Gasol,Mike Conley,O.J. Mayo,Rudy Gay,Antawn Jamison,Caron Butler,Juan Dixon,Nick Young,Oleksiy Pecherov,2,4:17,MEM,shot,Mike Conley,,,,,,,,,O.J. Mayo,3,,,made,,3pt,2,6
Darrell Arthur,Marc Gasol,Mike Conley,O.J. Mayo,Rudy Gay,Antawn Jamison,Caron Butler,Juan Dixon,Nick Young,Oleksiy Pecherov,2,3:59,WAS,shot,,,,,,,,,,Nick Young,2,,,made,,driving layup,25,7
Darrell Arthur,Marc Gasol,Mike Conley,O.J. Mayo,Rudy Gay,Antawn Jamison,Caron Butler,Juan Dixon,Nick Young,Oleksiy Pecherov,2,3:59,MEM,foul,,,,,,,,Nick Young,,Darrell Arthur,,,,,,shooting,,
Darrell Arthur,Marc Gasol,Mike Conley,O.J. Mayo,Rudy Gay,Antawn Jamison,Caron Butler,JaVale McGee,Juan Dixon,Nick Young,2,3:59,WAS,sub,,,,JaVale McGee,,Oleksiy Pecherov,,,,,,,,,,,,
Darrell Arthur,Marc Gasol,Mike Conley,O.J. Mayo,Rudy Gay,Antawn Jamison,Caron Butler,JaVale McGee,Juan Dixon,Nick Young,2,3:59,WAS,free throw,,,,,,,1,,1,Nick Young,,,foul,made,,,,
Darrell Arthur,Marc Gasol,Mike Conley,O.J. Mayo,Rudy Gay,Antawn Jamison,Caron Butler,JaVale McGee,Juan Dixon,Nick Young,2,3:48,MEM,shot,,,,,,,,,,Mike Conley,,,,missed,,jump,33,12
Darrell Arthur,Marc Gasol,Mike Conley,O.J. Mayo,Rudy Gay,Antawn Jamison,Caron Butler,JaVale McGee,Juan Dixon,Nick Young,2,3:48,WAS,rebound,,,,,,,,,,,,,,,,,,
Darrell Arthur,Marc Gasol,Mike Conley,O.J. Mayo,Rudy Gay,Antawn Jamison,Caron Butler,JaVale McGee,Juan Dixon,Nick Young,2,3:34,WAS,shot,,,,,,,,,,Juan Dixon,2,,,made,,driving layup,25,6
Darrell Arthur,Marc Gasol,Mike Conley,O.J. Mayo,Rudy Gay,Antawn Jamison,Caron Butler,JaVale McGee,Juan Dixon,Nick Young,2,3:21,MEM,shot,Mike Conley,,,,,,,,,Marc Gasol,2,,,made,,jump,41,18
Darrell Arthur,Marc Gasol,Mike Conley,O.J. Mayo,Rudy Gay,Antawn Jamison,Caron Butler,JaVale McGee,Juan Dixon,Nick Young,2,3:07,WAS,shot,,,,,,,,,,Juan Dixon,2,,,made,,driving layup,26,7
Darrell Arthur,Marc Gasol,Mike Conley,O.J. Mayo,Rudy Gay,Antawn Jamison,Caron Butler,JaVale McGee,Juan Dixon,Nick Young,2,2:49,MEM,shot,,,,,,,,,,Rudy Gay,2,,,made,,driving slam dunk,25,7
Darrell Arthur,Marc Gasol,Mike Conley,O.J. Mayo,Rudy Gay,Antawn Jamison,Caron Butler,JaVale McGee,Juan Dixon,Nick Young,2,2:28,WAS,shot,Caron Butler,,,,,,,,,Nick Young,3,,,made,,3pt,49,4
Darrell Arthur,Marc Gasol,Mike Conley,O.J. Mayo,Rudy Gay,Antawn Jamison,Caron Butler,JaVale McGee,Juan Dixon,Nick Young,2,2:18,MEM,timeout,,,,,,,,,,,,,,,,regular,,
Darrell Arthur,Marc Gasol,Mike Conley,O.J. Mayo,Rudy Gay,Antawn Jamison,Caron Butler,JaVale McGee,Juan Dixon,Nick Young,2,2:01,MEM,shot,,,,,,,,,,O.J. Mayo,,,,missed,,3pt,48,5
Darrell Arthur,Marc Gasol,Mike Conley,O.J. Mayo,Rudy Gay,Antawn Jamison,Caron Butler,JaVale McGee,Juan Dixon,Nick Young,2,2:01,MEM,rebound,,,,,,,,,,,,,,,,,,
Darrell Arthur,Marc Gasol,Mike Conley,O.J. Mayo,Rudy Gay,Antawn Jamison,Caron Butler,JaVale McGee,Juan Dixon,Nick Young,2,2:01,WAS,foul,,,,,,,,Marc Gasol,,Juan Dixon,,,,,,personal,,
Darrell Arthur,Marc Gasol,Mike Conley,O.J. Mayo,Rudy Gay,Antawn Jamison,Caron Butler,JaVale McGee,Juan Dixon,Nick Young,2,1:45,WAS,foul,,,,,,,,Marc Gasol,,JaVale McGee,,,,,,shooting,,
Darrell Arthur,Marc Gasol,Mike Conley,O.J. Mayo,Rudy Gay,Antawn Jamison,Caron Butler,JaVale McGee,Juan Dixon,Nick Young,2,1:45,MEM,free throw,,,,,,,1,,2,Marc Gasol,,,foul,missed,,,,
Darrell Arthur,Marc Gasol,Mike Conley,O.J. Mayo,Rudy Gay,Antawn Jamison,Caron Butler,JaVale McGee,Juan Dixon,Nick Young,2,1:45,MEM,rebound,,,,,,,,,,,,,,,,,,
Darrell Arthur,Marc Gasol,Mike Conley,O.J. Mayo,Rudy Gay,Antawn Jamison,Caron Butler,JaVale McGee,Juan Dixon,Nick Young,2,1:45,MEM,free throw,,,,,,,2,,2,Marc Gasol,,,foul,made,,,,
Darrell Arthur,Marc Gasol,Mike Conley,O.J. Mayo,Rudy Gay,Antawn Jamison,Caron Butler,JaVale McGee,Juan Dixon,Nick Young,2,1:29,WAS,shot,,,,,,,,,,Caron Butler,,,,missed,,jump,7,4
Darrell Arthur,Marc Gasol,Mike Conley,O.J. Mayo,Rudy Gay,Antawn Jamison,Caron Butler,JaVale McGee,Juan Dixon,Nick Young,2,1:28,WAS,rebound,,,,,,,,,,JaVale McGee,,,,,,off,,
Darrell Arthur,Marc Gasol,Mike Conley,O.J. Mayo,Rudy Gay,Antawn Jamison,Caron Butler,JaVale McGee,Juan Dixon,Nick Young,2,1:25,WAS,shot,,,,,,,,,,JaVale McGee,,,,missed,,jump,22,8
Darrell Arthur,Marc Gasol,Mike Conley,O.J. Mayo,Rudy Gay,Antawn Jamison,Caron Butler,JaVale McGee,Juan Dixon,Nick Young,2,1:23,MEM,rebound,,,,,,,,,,Darrell Arthur,,,,,,def,,
Darrell Arthur,Marc Gasol,Mike Conley,O.J. Mayo,Rudy Gay,Antawn Jamison,Caron Butler,JaVale McGee,Juan Dixon,Nick Young,2,1:15,MEM,shot,,,,,,,,,,Darrell Arthur,,,,missed,,jump,20,9
Darrell Arthur,Marc Gasol,Mike Conley,O.J. Mayo,Rudy Gay,Antawn Jamison,Caron Butler,JaVale McGee,Juan Dixon,Nick Young,2,1:14,WAS,rebound,,,,,,,,,,Caron Butler,,,,,,def,,
Darrell Arthur,Marc Gasol,Mike Conley,O.J. Mayo,Rudy Gay,Antawn Jamison,Caron Butler,JaVale McGee,Juan Dixon,Nick Young,2,1:00,WAS,shot,Caron Butler,,,,,,,,,JaVale McGee,2,,,made,,dunk,24,7
Darrell Arthur,Marc Gasol,Mike Conley,O.J. Mayo,Rudy Gay,Antawn Jamison,Caron Butler,JaVale McGee,Juan Dixon,Nick Young,2,0:43,MEM,shot,,,,,,,,,,O.J. Mayo,,,,missed,,jump,9,13
Darrell Arthur,Marc Gasol,Mike Conley,O.J. Mayo,Rudy Gay,Antawn Jamison,Caron Butler,JaVale McGee,Juan Dixon,Nick Young,2,0:42,WAS,rebound,,,,,,,,,,JaVale McGee,,,,,,def,,
Darrell Arthur,Marc Gasol,Mike Conley,O.J. Mayo,Rudy Gay,Antawn Jamison,Caron Butler,JaVale McGee,Juan Dixon,Nick Young,2,0:24,WAS,shot,Juan Dixon,,,,,,,,,Caron Butler,2,,,made,,layup,27,7
Darrell Arthur,Marc Gasol,Mike Conley,O.J. Mayo,Rudy Gay,Antawn Jamison,Caron Butler,JaVale McGee,Juan Dixon,Nick Young,2,0:02,MEM,shot,O.J. Mayo,,,,,,,,,Mike Conley,3,,,made,,3pt,49,12
Darrell Arthur,Marc Gasol,Mike Conley,O.J. Mayo,Rudy Gay,Antawn Jamison,Caron Butler,JaVale McGee,Juan Dixon,Nick Young,2,0:02,WAS,turnover,,,,,,,,,,Antawn Jamison,,,bad pass,,,,,
Darrell Arthur,Marc Gasol,Mike Conley,O.J. Mayo,Rudy Gay,Antawn Jamison,Caron Butler,JaVale McGee,Juan Dixon,Nick Young,2,0:02,MEM,timeout,,,,,,,,,,,,,,,,short,,
Darrell Arthur,Marc Gasol,Mike Conley,O.J. Mayo,Rudy Gay,Antawn Jamison,Caron Butler,Dominic McGuire,JaVale McGee,Juan Dixon,2,0:02,WAS,sub,,,,Dominic McGuire,,Nick Young,,,,,,,,,,,,
Greg Buckner,Marc Gasol,Mike Conley,O.J. Mayo,Rudy Gay,Antawn Jamison,Caron Butler,Dominic McGuire,JaVale McGee,Juan Dixon,2,0:02,MEM,sub,,,,Greg Buckner,,Darrell Arthur,,,,,,,,,,,,
Greg Buckner,Marc Gasol,Mike Conley,O.J. Mayo,Rudy Gay,Antawn Jamison,Caron Butler,Dominic McGuire,JaVale McGee,Juan Dixon,2,0:00,MEM,shot,Greg Buckner,,,,,,,,,Rudy Gay,2,,,made,,jump,8,2
Darrell Arthur,Marc Gasol,Mike Conley,O.J. Mayo,Rudy Gay,Antawn Jamison,Caron Butler,Darius Songaila,Dominic McGuire,Mike James,3,11:43,WAS,shot,,,,,,,,,,Antawn Jamison,,,,missed,,jump,23,27
Darrell Arthur,Marc Gasol,Mike Conley,O.J. Mayo,Rudy Gay,Antawn Jamison,Caron Butler,Darius Songaila,Dominic McGuire,Mike James,3,11:42,WAS,rebound,,,,,,,,,,Mike James,,,,,,off,,
Darrell Arthur,Marc Gasol,Mike Conley,O.J. Mayo,Rudy Gay,Antawn Jamison,Caron Butler,Darius Songaila,Dominic McGuire,Mike James,3,11:28,WAS,shot,,,,,,,,,,Mike James,,,,missed,,jump,5,12
Darrell Arthur,Marc Gasol,Mike Conley,O.J. Mayo,Rudy Gay,Antawn Jamison,Caron Butler,Darius Songaila,Dominic McGuire,Mike James,3,11:27,MEM,rebound,,,,,,,,,,Marc Gasol,,,,,,def,,
Darrell Arthur,Marc Gasol,Mike Conley,O.J. Mayo,Rudy Gay,Antawn Jamison,Caron Butler,Darius Songaila,Dominic McGuire,Mike James,3,11:06,MEM,shot,,,Dominic McGuire,,,,,,,O.J. Mayo,,,,missed,,3pt,48,5
Darrell Arthur,Marc Gasol,Mike Conley,O.J. Mayo,Rudy Gay,Antawn Jamison,Caron Butler,Darius Songaila,Dominic McGuire,Mike James,3,11:04,MEM,rebound,,,,,,,,,,Darrell Arthur,,,,,,off,,
Darrell Arthur,Marc Gasol,Mike Conley,O.J. Mayo,Rudy Gay,Antawn Jamison,Caron Butler,Darius Songaila,Dominic McGuire,Mike James,3,11:01,MEM,shot,,,,,,,,,,Mike Conley,,,,missed,,3pt,48,6
Darrell Arthur,Marc Gasol,Mike Conley,O.J. Mayo,Rudy Gay,Antawn Jamison,Caron Butler,Darius Songaila,Dominic McGuire,Mike James,3,11:00,WAS,rebound,,,,,,,,,,Darius Songaila,,,,,,def,,
Darrell Arthur,Marc Gasol,Mike Conley,O.J. Mayo,Rudy Gay,Antawn Jamison,Caron Butler,Darius Songaila,Dominic McGuire,Mike James,3,10:51,WAS,shot,,,,,,,,,,Antawn Jamison,2,,,made,,running jump,14,5
Darrell Arthur,Marc Gasol,Mike Conley,O.J. Mayo,Rudy Gay,Antawn Jamison,Caron Butler,Darius Songaila,Dominic McGuire,Mike James,3,10:30,MEM,shot,,,,,,,,,,Rudy Gay,,,,missed,,jump,36,22
Darrell Arthur,Marc Gasol,Mike Conley,O.J. Mayo,Rudy Gay,Antawn Jamison,Caron Butler,Darius Songaila,Dominic McGuire,Mike James,3,10:29,WAS,rebound,,,,,,,,,,Antawn Jamison,,,,,,def,,
Darrell Arthur,Marc Gasol,Mike Conley,O.J. Mayo,Rudy Gay,Antawn Jamison,Caron Butler,Darius Songaila,Dominic McGuire,Mike James,3,10:16,WAS,shot,,,,,,,,,,Caron Butler,,,,missed,,jump,15,6
Darrell Arthur,Marc Gasol,Mike Conley,O.J. Mayo,Rudy Gay,Antawn Jamison,Caron Butler,Darius Songaila,Dominic McGuire,Mike James,3,10:15,WAS,rebound,,,,,,,,,,Antawn Jamison,,,,,,off,,
Darrell Arthur,Marc Gasol,Mike Conley,O.J. Mayo,Rudy Gay,Antawn Jamison,Caron Butler,Darius Songaila,Dominic McGuire,Mike James,3,10:14,MEM,foul,,,,,,,,Antawn Jamison,,Darrell Arthur,,,,,,shooting,,
Darrell Arthur,Marc Gasol,Mike Conley,O.J. Mayo,Rudy Gay,Antawn Jamison,Caron Butler,Darius Songaila,Dominic McGuire,Mike James,3,10:14,WAS,free throw,,,,,,,1,,2,Antawn Jamison,,,foul,made,,,,
Darrell Arthur,Marc Gasol,Mike Conley,O.J. Mayo,Rudy Gay,Antawn Jamison,Caron Butler,Darius Songaila,Dominic McGuire,Mike James,3,10:14,WAS,free throw,,,,,,,2,,2,Antawn Jamison,,,foul,made,,,,
Darrell Arthur,Marc Gasol,Mike Conley,O.J. Mayo,Rudy Gay,Antawn Jamison,Caron Butler,Darius Songaila,Dominic McGuire,Mike James,3,10:06,WAS,foul,,,,,,,,Marc Gasol,,Darius Songaila,,,,,,personal,,
Darrell Arthur,Marc Gasol,Mike Conley,O.J. Mayo,Rudy Gay,Antawn Jamison,Caron Butler,Darius Songaila,Dominic McGuire,Mike James,3,9:56,MEM,shot,Rudy Gay,,,,,,,,,Darrell Arthur,2,,,made,,jump,16,22
Darrell Arthur,Marc Gasol,Mike Conley,O.J. Mayo,Rudy Gay,Antawn Jamison,Caron Butler,Darius Songaila,Dominic McGuire,Mike James,3,9:37,WAS,shot,Darius Songaila,,,,,,,,,Antawn Jamison,2,,,made,,layup,24,7
Darrell Arthur,Marc Gasol,Mike Conley,O.J. Mayo,Rudy Gay,Antawn Jamison,Caron Butler,Darius Songaila,Dominic McGuire,Mike James,3,9:22,MEM,shot,Marc Gasol,,,,,,,,,Darrell Arthur,2,,,made,,dunk,25,6
Darrell Arthur,Marc Gasol,Mike Conley,O.J. Mayo,Rudy Gay,Antawn Jamison,Caron Butler,Darius Songaila,Dominic McGuire,Mike James,3,9:04,WAS,turnover,,,,,,,,,,Dominic McGuire,,,bad pass,,Marc Gasol,,,
Darrell Arthur,Marc Gasol,Mike Conley,O.J. Mayo,Rudy Gay,Antawn Jamison,Caron Butler,Darius Songaila,Dominic McGuire,Mike James,3,8:55,MEM,shot,,,,,,,,,,O.J. Mayo,2,,,made,,driving layup,23,6
Darrell Arthur,Marc Gasol,Mike Conley,O.J. Mayo,Rudy Gay,Antawn Jamison,Caron Butler,Darius Songaila,Dominic McGuire,Mike James,3,8:55,WAS,foul,,,,,,,,O.J. Mayo,,Antawn Jamison,,,,,,shooting,,
Darrell Arthur,Marc Gasol,Mike Conley,O.J. Mayo,Rudy Gay,Antawn Jamison,Caron Butler,Darius Songaila,Dominic McGuire,Mike James,3,8:55,MEM,free throw,,,,,,,1,,1,O.J. Mayo,,,foul,missed,,,,
Darrell Arthur,Marc Gasol,Mike Conley,O.J. Mayo,Rudy Gay,Antawn Jamison,Caron Butler,Darius Songaila,Dominic McGuire,Mike James,3,8:54,WAS,rebound,,,,,,,,,,,,,,,,,,
Darrell Arthur,Marc Gasol,Mike Conley,O.J. Mayo,Rudy Gay,Antawn Jamison,Caron Butler,Darius Songaila,Dominic McGuire,Mike James,3,8:39,WAS,shot,Caron Butler,,,,,,,,,Darius Songaila,2,,,made,,layup,25,7
Darrell Arthur,Marc Gasol,Mike Conley,O.J. Mayo,Rudy Gay,Antawn Jamison,Caron Butler,Darius Songaila,Dominic McGuire,Mike James,3,8:26,MEM,shot,,,,,,,,,,O.J. Mayo,2,,,made,,finger roll layup,26,7
Darrell Arthur,Marc Gasol,Mike Conley,O.J. Mayo,Rudy Gay,Antawn Jamison,Caron Butler,Darius Songaila,Dominic McGuire,Mike James,3,8:10,WAS,shot,,,,,,,,,,Mike James,,,,missed,,jump,14,12
Darrell Arthur,Marc Gasol,Mike Conley,O.J. Mayo,Rudy Gay,Antawn Jamison,Caron Butler,Darius Songaila,Dominic McGuire,Mike James,3,8:09,WAS,rebound,,,,,,,,,,Mike James,,,,,,off,,
Darrell Arthur,Marc Gasol,Mike Conley,O.J. Mayo,Rudy Gay,Antawn Jamison,Caron Butler,Darius Songaila,Dominic McGuire,Mike James,3,8:06,WAS,shot,Mike James,,,,,,,,,Antawn Jamison,2,,,made,,putback layup,25,7
Darrell Arthur,Marc Gasol,Mike Conley,O.J. Mayo,Rudy Gay,Antawn Jamison,Caron Butler,Darius Songaila,Dominic McGuire,Mike James,3,7:54,MEM,shot,,,,,,,,,,Mike Conley,,,,missed,,jump,32,16
Darrell Arthur,Marc Gasol,Mike Conley,O.J. Mayo,Rudy Gay,Antawn Jamison,Caron Butler,Darius Songaila,Dominic McGuire,Mike James,3,7:53,WAS,rebound,,,,,,,,,,Caron Butler,,,,,,def,,
Darrell Arthur,Marc Gasol,Mike Conley,O.J. Mayo,Rudy Gay,Antawn Jamison,Caron Butler,Darius Songaila,Dominic McGuire,Mike James,3,7:45,WAS,shot,,,,,,,,,,Caron Butler,,,,missed,,jump,21,7
Darrell Arthur,Marc Gasol,Mike Conley,O.J. Mayo,Rudy Gay,Antawn Jamison,Caron Butler,Darius Songaila,Dominic McGuire,Mike James,3,7:44,WAS,rebound,,,,,,,,,,Caron Butler,,,,,,off,,
Darrell Arthur,Marc Gasol,Mike Conley,O.J. Mayo,Rudy Gay,Antawn Jamison,Caron Butler,Darius Songaila,Dominic McGuire,Mike James,3,7:42,MEM,foul,,,,,,,,Caron Butler,,Darrell Arthur,,,,,,shooting,,
Darrell Arthur,Marc Gasol,Mike Conley,O.J. Mayo,Rudy Gay,Antawn Jamison,Caron Butler,Darius Songaila,Dominic McGuire,Mike James,3,7:42,WAS,free throw,,,,,,,1,,2,Caron Butler,,,foul,missed,,,,
Darrell Arthur,Marc Gasol,Mike Conley,O.J. Mayo,Rudy Gay,Antawn Jamison,Caron Butler,Darius Songaila,Dominic McGuire,Mike James,3,7:42,WAS,rebound,,,,,,,,,,,,,,,,,,
Greg Buckner,Marc Gasol,Mike Conley,O.J. Mayo,Rudy Gay,Antawn Jamison,Caron Butler,Darius Songaila,Dominic McGuire,Mike James,3,7:42,MEM,sub,,,,Greg Buckner,,Darrell Arthur,,,,,,,,,,,,
Greg Buckner,Marc Gasol,Mike Conley,O.J. Mayo,Rudy Gay,Antawn Jamison,Caron Butler,Darius Songaila,Dominic McGuire,Mike James,3,7:42,WAS,free throw,,,,,,,2,,2,Caron Butler,,,foul,made,,,,
Greg Buckner,Marc Gasol,Mike Conley,O.J. Mayo,Rudy Gay,Antawn Jamison,Caron Butler,Darius Songaila,Dominic McGuire,Mike James,3,7:27,WAS,foul,,,,,,,,Marc Gasol,,Antawn Jamison,,,,,,shooting,,
Greg Buckner,Marc Gasol,Mike Conley,O.J. Mayo,Rudy Gay,Antawn Jamison,Caron Butler,Darius Songaila,Dominic McGuire,Mike James,3,7:27,MEM,free throw,,,,,,,1,,2,Marc Gasol,,,foul,missed,,,,
Greg Buckner,Marc Gasol,Mike Conley,O.J. Mayo,Rudy Gay,Antawn Jamison,Caron Butler,Darius Songaila,Dominic McGuire,Mike James,3,7:27,MEM,rebound,,,,,,,,,,,,,,,,,,
Greg Buckner,Marc Gasol,Mike Conley,O.J. Mayo,Rudy Gay,Antawn Jamison,Caron Butler,Darius Songaila,Dominic McGuire,Mike James,3,7:27,MEM,free throw,,,,,,,2,,2,Marc Gasol,,,foul,made,,,,
Greg Buckner,Marc Gasol,Mike Conley,O.J. Mayo,Rudy Gay,Antawn Jamison,Caron Butler,Darius Songaila,Dominic McGuire,Mike James,3,7:11,WAS,shot,Darius Songaila,,,,,,,,,Mike James,2,,,made,,running jump,25,23
Greg Buckner,Marc Gasol,Mike Conley,O.J. Mayo,Rudy Gay,Antawn Jamison,Caron Butler,Darius Songaila,Dominic McGuire,Mike James,3,7:11,MEM,foul,,,,,,,,Mike James,,Mike Conley,,,,,,shooting,,
Greg Buckner,Marc Gasol,Mike Conley,O.J. Mayo,Rudy Gay,Antawn Jamison,Caron Butler,Darius Songaila,Dominic McGuire,Mike James,3,7:11,WAS,free throw,,,,,,,1,,1,Mike James,,,foul,made,,,,
Greg Buckner,Marc Gasol,Mike Conley,O.J. Mayo,Rudy Gay,Antawn Jamison,Caron Butler,Darius Songaila,Dominic McGuire,Mike James,3,6:54,WAS,foul,,,,,,,,Marc Gasol,,Darius Songaila,,,,,,personal,,
Greg Buckner,Marc Gasol,Mike Conley,O.J. Mayo,Rudy Gay,Antawn Jamison,Caron Butler,Dominic McGuire,JaVale McGee,Mike James,3,6:54,WAS,sub,,,,JaVale McGee,,Darius Songaila,,,,,,,,,,,,
Greg Buckner,Marc Gasol,Mike Conley,O.J. Mayo,Rudy Gay,Antawn Jamison,Caron Butler,Dominic McGuire,JaVale McGee,Mike James,3,6:45,MEM,shot,,,JaVale McGee,,,,,,,Marc Gasol,,,,missed,,layup,24,7
Greg Buckner,Marc Gasol,Mike Conley,O.J. Mayo,Rudy Gay,Antawn Jamison,Caron Butler,Dominic McGuire,JaVale McGee,Mike James,3,6:44,WAS,rebound,,,,,,,,,,JaVale McGee,,,,,,def,,
Greg Buckner,Marc Gasol,Mike Conley,O.J. Mayo,Rudy Gay,Antawn Jamison,Caron Butler,Dominic McGuire,JaVale McGee,Mike James,3,6:35,WAS,shot,,,,,,,,,,Antawn Jamison,,,,missed,,3pt,25,31
Greg Buckner,Marc Gasol,Mike Conley,O.J. Mayo,Rudy Gay,Antawn Jamison,Caron Butler,Dominic McGuire,JaVale McGee,Mike James,3,6:34,WAS,rebound,,,,,,,,,,JaVale McGee,,,,,,off,,
Greg Buckner,Marc Gasol,Mike Conley,O.J. Mayo,Rudy Gay,Antawn Jamison,Caron Butler,Dominic McGuire,JaVale McGee,Mike James,3,6:32,WAS,shot,,,,,,,,,,JaVale McGee,2,,,made,,putback dunk,24,6
Greg Buckner,Marc Gasol,Mike Conley,O.J. Mayo,Rudy Gay,Antawn Jamison,Caron Butler,Dominic McGuire,JaVale McGee,Mike James,3,6:08,MEM,shot,,,,,,,,,,Greg Buckner,,,,missed,,3pt,2,6
Greg Buckner,Marc Gasol,Mike Conley,O.J. Mayo,Rudy Gay,Antawn Jamison,Caron Butler,Dominic McGuire,JaVale McGee,Mike James,3,6:07,WAS,rebound,,,,,,,,,,Mike James,,,,,,def,,
Greg Buckner,Marc Gasol,Mike Conley,O.J. Mayo,Rudy Gay,Antawn Jamison,Caron Butler,Dominic McGuire,JaVale McGee,Mike James,3,5:55,WAS,shot,,,,,,,,,,Antawn Jamison,,,,missed,,jump,15,6
Greg Buckner,Marc Gasol,Mike Conley,O.J. Mayo,Rudy Gay,Antawn Jamison,Caron Butler,Dominic McGuire,JaVale McGee,Mike James,3,5:54,MEM,rebound,,,,,,,,,,Greg Buckner,,,,,,def,,
Greg Buckner,Marc Gasol,Mike Conley,O.J. Mayo,Rudy Gay,Antawn Jamison,Caron Butler,Dominic McGuire,JaVale McGee,Mike James,3,5:46,WAS,foul,,,,,,,,Rudy Gay,,Mike James,,,,,,shooting,,
Greg Buckner,Marc Gasol,Mike Conley,O.J. Mayo,Rudy Gay,Antawn Jamison,Caron Butler,Dominic McGuire,JaVale McGee,Mike James,3,5:46,WAS,timeout,,,,,,,,,,,,,,,,regular,,
Greg Buckner,Marc Gasol,Mike Conley,O.J. Mayo,Rudy Gay,Antawn Jamison,Caron Butler,Dominic McGuire,JaVale McGee,Mike James,3,5:46,MEM,free throw,,,,,,,1,,2,Rudy Gay,,,foul,made,,,,
Greg Buckner,Marc Gasol,Mike Conley,O.J. Mayo,Rudy Gay,Antawn Jamison,Caron Butler,Dominic McGuire,JaVale McGee,Mike James,3,5:46,MEM,free throw,,,,,,,2,,2,Rudy Gay,,,foul,missed,,,,
Greg Buckner,Marc Gasol,Mike Conley,O.J. Mayo,Rudy Gay,Antawn Jamison,Caron Butler,Dominic McGuire,JaVale McGee,Mike James,3,5:44,MEM,rebound,,,,,,,,,,Greg Buckner,,,,,,off,,
Greg Buckner,Marc Gasol,Mike Conley,O.J. Mayo,Rudy Gay,Antawn Jamison,Caron Butler,Dominic McGuire,JaVale McGee,Mike James,3,5:29,MEM,turnover,,,,,,,,,,Marc Gasol,,,lost ball,,JaVale McGee,,,
Greg Buckner,Marc Gasol,Mike Conley,O.J. Mayo,Rudy Gay,Antawn Jamison,Caron Butler,Dominic McGuire,JaVale McGee,Mike James,3,5:23,WAS,shot,Mike James,,,,,,,,,Dominic McGuire,2,,,made,,slam dunk,25,6
Greg Buckner,Marc Gasol,Mike Conley,O.J. Mayo,Rudy Gay,Antawn Jamison,Caron Butler,Dominic McGuire,JaVale McGee,Mike James,3,5:02,MEM,shot,,,,,,,,,,O.J. Mayo,,,,missed,,jump,21,10
Greg Buckner,Marc Gasol,Mike Conley,O.J. Mayo,Rudy Gay,Antawn Jamison,Caron Butler,Dominic McGuire,JaVale McGee,Mike James,3,5:01,MEM,rebound,,,,,,,,,,Marc Gasol,,,,,,off,,
Greg Buckner,Marc Gasol,Mike Conley,O.J. Mayo,Rudy Gay,Antawn Jamison,Caron Butler,Dominic McGuire,JaVale McGee,Mike James,3,4:58,MEM,shot,,,,,,,,,,Marc Gasol,2,,,made,,tip,25,6
Greg Buckner,Marc Gasol,Mike Conley,O.J. Mayo,Rudy Gay,Antawn Jamison,Caron Butler,Dominic McGuire,JaVale McGee,Mike James,3,4:37,WAS,shot,,,,,,,,,,Mike James,2,,,made,,running jump,9,13
Greg Buckner,Marc Gasol,Mike Conley,O.J. Mayo,Rudy Gay,Antawn Jamison,Caron Butler,Dominic McGuire,JaVale McGee,Mike James,3,4:37,MEM,foul,,,,,,,,Mike James,,Rudy Gay,,,,,,shooting,,
Greg Buckner,Marc Gasol,Mike Conley,O.J. Mayo,Rudy Gay,Antawn Jamison,Caron Butler,Dominic McGuire,JaVale McGee,Mike James,3,4:37,WAS,free throw,,,,,,,1,,1,Mike James,,,foul,missed,,,,
Greg Buckner,Marc Gasol,Mike Conley,O.J. Mayo,Rudy Gay,Antawn Jamison,Caron Butler,Dominic McGuire,JaVale McGee,Mike James,3,4:36,MEM,rebound,,,,,,,,,,Marc Gasol,,,,,,def,,
Greg Buckner,Marc Gasol,Mike Conley,O.J. Mayo,Rudy Gay,Antawn Jamison,Caron Butler,Dominic McGuire,JaVale McGee,Mike James,3,4:22,WAS,foul,,,,,,,,Marc Gasol,,JaVale McGee,,,,,,shooting,,
Greg Buckner,Marc Gasol,Mike Conley,O.J. Mayo,Rudy Gay,Antawn Jamison,Caron Butler,Dominic McGuire,JaVale McGee,Javaris Crittenton,3,4:22,WAS,sub,,,,Javaris Crittenton,,Mike James,,,,,,,,,,,,
Greg Buckner,Marc Gasol,Mike Conley,O.J. Mayo,Rudy Gay,Antawn Jamison,Caron Butler,Dominic McGuire,JaVale McGee,Javaris Crittenton,3,4:22,MEM,free throw,,,,,,,1,,2,Marc Gasol,,,foul,made,,,,
Greg Buckner,Marc Gasol,Mike Conley,O.J. Mayo,Rudy Gay,Antawn Jamison,Caron Butler,Dominic McGuire,JaVale McGee,Javaris Crittenton,3,4:22,MEM,free throw,,,,,,,2,,2,Marc Gasol,,,foul,made,,,,
Greg Buckner,Marc Gasol,Mike Conley,O.J. Mayo,Rudy Gay,Antawn Jamison,Caron Butler,Dominic McGuire,JaVale McGee,Javaris Crittenton,3,4:05,WAS,shot,Dominic McGuire,,,,,,,,,JaVale McGee,2,,,made,,slam dunk,25,6
Greg Buckner,Marc Gasol,Mike Conley,O.J. Mayo,Rudy Gay,Antawn Jamison,Caron Butler,Dominic McGuire,JaVale McGee,Javaris Crittenton,3,3:46,MEM,shot,Marc Gasol,,,,,,,,,Greg Buckner,3,,,made,,3pt,48,5
Greg Buckner,Marc Gasol,Mike Conley,O.J. Mayo,Rudy Gay,Antawn Jamison,Caron Butler,Dominic McGuire,JaVale McGee,Javaris Crittenton,3,3:33,WAS,turnover,,,,,,,,,,Caron Butler,,,bad pass,,,,,
Greg Buckner,Marc Gasol,Mike Conley,O.J. Mayo,Rudy Gay,Antawn Jamison,Caron Butler,Dominic McGuire,JaVale McGee,Javaris Crittenton,3,3:23,WAS,foul,,,,,,,,Greg Buckner,,Caron Butler,,,,,,personal,,
Greg Buckner,Marc Gasol,Mike Conley,O.J. Mayo,Rudy Gay,Antawn Jamison,Caron Butler,Dominic McGuire,JaVale McGee,Javaris Crittenton,3,3:23,MEM,free throw,,,,,,,1,,2,Greg Buckner,,,foul,made,,,,
Greg Buckner,Marc Gasol,Mike Conley,O.J. Mayo,Rudy Gay,Antawn Jamison,Caron Butler,Dominic McGuire,JaVale McGee,Javaris Crittenton,3,3:23,MEM,free throw,,,,,,,2,,2,Greg Buckner,,,foul,missed,,,,
Greg Buckner,Marc Gasol,Mike Conley,O.J. Mayo,Rudy Gay,Antawn Jamison,Caron Butler,Dominic McGuire,JaVale McGee,Javaris Crittenton,3,3:21,WAS,rebound,,,,,,,,,,Antawn Jamison,,,,,,def,,
Greg Buckner,Marc Gasol,Mike Conley,O.J. Mayo,Rudy Gay,Antawn Jamison,Caron Butler,Dominic McGuire,JaVale McGee,Javaris Crittenton,3,3:03,WAS,turnover,,,,,,,,,,Dominic McGuire,,,bad pass,,Greg Buckner,,,
Greg Buckner,Marc Gasol,Mike Conley,O.J. Mayo,Rudy Gay,Antawn Jamison,Caron Butler,Dominic McGuire,JaVale McGee,Javaris Crittenton,3,3:00,WAS,foul,,,,,,,,O.J. Mayo,,Dominic McGuire,,,,,,shooting,,
Greg Buckner,Marc Gasol,Mike Conley,O.J. Mayo,Rudy Gay,Antawn Jamison,Caron Butler,Dominic McGuire,JaVale McGee,Javaris Crittenton,3,3:00,MEM,free throw,,,,,,,1,,2,O.J. Mayo,,,foul,made,,,,
Greg Buckner,Marc Gasol,Mike Conley,O.J. Mayo,Rudy Gay,Antawn Jamison,Caron Butler,Dominic McGuire,JaVale McGee,Javaris Crittenton,3,3:00,MEM,free throw,,,,,,,2,,2,O.J. Mayo,,,foul,made,,,,
Greg Buckner,Marc Gasol,Mike Conley,O.J. Mayo,Rudy Gay,Antawn Jamison,Caron Butler,Dominic McGuire,JaVale McGee,Javaris Crittenton,3,2:42,MEM,foul,,,,,,,,Antawn Jamison,,Greg Buckner,,,,,,personal,,
Greg Buckner,Marc Gasol,Mike Conley,O.J. Mayo,Rudy Gay,Antawn Jamison,Caron Butler,Dominic McGuire,JaVale McGee,Javaris Crittenton,3,2:42,MEM,timeout,,,,,,,,,,,,,,,,regular,,
Greg Buckner,Marc Gasol,Mike Conley,O.J. Mayo,Rudy Gay,Antawn Jamison,Caron Butler,Dominic McGuire,JaVale McGee,Javaris Crittenton,3,2:42,WAS,free throw,,,,,,,1,,2,Antawn Jamison,,,foul,made,,,,
Greg Buckner,Marc Gasol,Mike Conley,O.J. Mayo,Rudy Gay,Antawn Jamison,Caron Butler,Dominic McGuire,JaVale McGee,Javaris Crittenton,3,2:42,WAS,free throw,,,,,,,2,,2,Antawn Jamison,,,foul,missed,,,,
Greg Buckner,Marc Gasol,Mike Conley,O.J. Mayo,Rudy Gay,Antawn Jamison,Caron Butler,Dominic McGuire,JaVale McGee,Javaris Crittenton,3,2:41,MEM,rebound,,,,,,,,,,Rudy Gay,,,,,,def,,
Greg Buckner,Marc Gasol,Mike Conley,O.J. Mayo,Rudy Gay,Antawn Jamison,Caron Butler,Dominic McGuire,JaVale McGee,Javaris Crittenton,3,2:25,MEM,shot,,,,,,,,,,O.J. Mayo,,,,missed,,jump,26,11
Greg Buckner,Marc Gasol,Mike Conley,O.J. Mayo,Rudy Gay,Antawn Jamison,Caron Butler,Dominic McGuire,JaVale McGee,Javaris Crittenton,3,2:24,WAS,rebound,,,,,,,,,,JaVale McGee,,,,,,def,,
Greg Buckner,Marc Gasol,Mike Conley,O.J. Mayo,Rudy Gay,Antawn Jamison,Caron Butler,Dominic McGuire,JaVale McGee,Javaris Crittenton,3,2:19,WAS,turnover,,,,,,,,,,Dominic McGuire,,,lost ball,,Greg Buckner,,,
Greg Buckner,Marc Gasol,Mike Conley,O.J. Mayo,Rudy Gay,Antawn Jamison,Caron Butler,Dominic McGuire,JaVale McGee,Javaris Crittenton,3,2:15,WAS,foul,,,,,,,,O.J. Mayo,,Caron Butler,,,,,,shooting,,
Greg Buckner,Marc Gasol,Mike Conley,O.J. Mayo,Rudy Gay,Antawn Jamison,Caron Butler,Dominic McGuire,JaVale McGee,Javaris Crittenton,3,2:15,MEM,free throw,,,,,,,1,,2,O.J. Mayo,,,foul,made,,,,
Greg Buckner,Marko Jaric,Mike Conley,O.J. Mayo,Rudy Gay,Antawn Jamison,Caron Butler,Dominic McGuire,JaVale McGee,Javaris Crittenton,3,2:15,MEM,sub,,,,Marko Jaric,,Marc Gasol,,,,,,,,,,,,
Darius Miles,Greg Buckner,Marko Jaric,O.J. Mayo,Rudy Gay,Antawn Jamison,Caron Butler,Dominic McGuire,JaVale McGee,Javaris Crittenton,3,2:15,MEM,sub,,,,Darius Miles,,Mike Conley,,,,,,,,,,,,
Darius Miles,Greg Buckner,Marko Jaric,O.J. Mayo,Rudy Gay,Antawn Jamison,Dominic McGuire,JaVale McGee,Javaris Crittenton,Nick Young,3,2:15,WAS,sub,,,,Nick Young,,Caron Butler,,,,,,,,,,,,
Darius Miles,Greg Buckner,Marko Jaric,O.J. Mayo,Rudy Gay,Antawn Jamison,Dominic McGuire,JaVale McGee,Javaris Crittenton,Nick Young,3,2:15,MEM,free throw,,,,,,,2,,2,O.J. Mayo,,,foul,made,,,,
Darius Miles,Greg Buckner,Marko Jaric,O.J. Mayo,Rudy Gay,Antawn Jamison,Dominic McGuire,JaVale McGee,Javaris Crittenton,Nick Young,3,1:57,OFF,jump ball,,Rudy Gay,,,Antawn Jamison,,,,,,,Greg Buckner,,,,,,
Darius Miles,Greg Buckner,Marko Jaric,O.J. Mayo,Rudy Gay,Antawn Jamison,Dominic McGuire,JaVale McGee,Javaris Crittenton,Nick Young,3,1:57,WAS,turnover,,,,,,,,,,Antawn Jamison,,,lost ball,,Rudy Gay,,,
Darius Miles,Greg Buckner,Marko Jaric,O.J. Mayo,Rudy Gay,Antawn Jamison,Dominic McGuire,JaVale McGee,Javaris Crittenton,Nick Young,3,1:31,MEM,shot,Marko Jaric,,,,,,,,,Rudy Gay,2,,,made,,fade away jumper,37,19
Darius Miles,Greg Buckner,Marko Jaric,O.J. Mayo,Rudy Gay,Antawn Jamison,Dominic McGuire,JaVale McGee,Javaris Crittenton,Nick Young,3,1:20,MEM,foul,,,,,,,,Antawn Jamison,,Rudy Gay,,,,,,shooting,,
Darius Miles,Greg Buckner,Marko Jaric,O.J. Mayo,Rudy Gay,Antawn Jamison,Dominic McGuire,JaVale McGee,Javaris Crittenton,Nick Young,3,1:20,WAS,free throw,,,,,,,1,,2,Antawn Jamison,,,foul,missed,,,,
Darius Miles,Greg Buckner,Marko Jaric,O.J. Mayo,Rudy Gay,Antawn Jamison,Dominic McGuire,JaVale McGee,Javaris Crittenton,Nick Young,3,1:20,WAS,rebound,,,,,,,,,,,,,,,,,,
Darius Miles,Greg Buckner,Marko Jaric,Quinton Ross,Rudy Gay,Antawn Jamison,Dominic McGuire,JaVale McGee,Javaris Crittenton,Nick Young,3,1:20,MEM,sub,,,,Quinton Ross,,O.J. Mayo,,,,,,,,,,,,
Darius Miles,Greg Buckner,Marko Jaric,Quinton Ross,Rudy Gay,Antawn Jamison,Dominic McGuire,JaVale McGee,Javaris Crittenton,Nick Young,3,1:20,WAS,free throw,,,,,,,2,,2,Antawn Jamison,,,foul,made,,,,
Darius Miles,Greg Buckner,Marko Jaric,Quinton Ross,Rudy Gay,Antawn Jamison,Dominic McGuire,JaVale McGee,Javaris Crittenton,Nick Young,3,1:08,WAS,foul,,,,,,,,Rudy Gay,,Dominic McGuire,,,,,,personal,,
Darius Miles,Greg Buckner,Marko Jaric,Quinton Ross,Rudy Gay,Antawn Jamison,Dominic McGuire,JaVale McGee,Javaris Crittenton,Nick Young,3,1:08,MEM,free throw,,,,,,,1,,2,Rudy Gay,,,foul,made,,,,
Darius Miles,Greg Buckner,Marko Jaric,Quinton Ross,Rudy Gay,Antawn Jamison,Dominic McGuire,JaVale McGee,Javaris Crittenton,Nick Young,3,1:08,MEM,free throw,,,,,,,2,,2,Rudy Gay,,,foul,made,,,,
Darius Miles,Greg Buckner,Marko Jaric,Quinton Ross,Rudy Gay,Antawn Jamison,Dominic McGuire,JaVale McGee,Javaris Crittenton,Nick Young,3,0:50,WAS,turnover,,,,,,,,,,Antawn Jamison,,,bad pass,,Marko Jaric,,,
Darius Miles,Greg Buckner,Marko Jaric,Quinton Ross,Rudy Gay,Antawn Jamison,Dominic McGuire,JaVale McGee,Javaris Crittenton,Nick Young,3,0:48,MEM,shot,Marko Jaric,,,,,,,,,Rudy Gay,2,,,made,,reverse layup,23,5
Darius Miles,Greg Buckner,Marko Jaric,Quinton Ross,Rudy Gay,Antawn Jamison,Dominic McGuire,JaVale McGee,Javaris Crittenton,Nick Young,3,0:48,WAS,foul,,,,,,,,Rudy Gay,,Dominic McGuire,,,,,,shooting,,
Darius Miles,Greg Buckner,Marko Jaric,Quinton Ross,Rudy Gay,Antawn Jamison,Dominic McGuire,JaVale McGee,Javaris Crittenton,Nick Young,3,0:48,MEM,free throw,,,,,,,1,,1,Rudy Gay,,,foul,made,,,,
Darius Miles,Greg Buckner,Marko Jaric,Quinton Ross,Rudy Gay,Antawn Jamison,Dominic McGuire,JaVale McGee,Javaris Crittenton,Nick Young,3,0:34,WAS,turnover,,,,,,,,,,Javaris Crittenton,,,lost ball,,Marko Jaric,,,
Darius Miles,Greg Buckner,Marko Jaric,Quinton Ross,Rudy Gay,Antawn Jamison,Dominic McGuire,JaVale McGee,Javaris Crittenton,Nick Young,3,0:30,MEM,shot,Darius Miles,,,,,,,,,Rudy Gay,2,,,made,,driving dunk,27,6
Darius Miles,Greg Buckner,Marko Jaric,Quinton Ross,Rudy Gay,Antawn Jamison,Dominic McGuire,JaVale McGee,Javaris Crittenton,Nick Young,3,0:08,WAS,shot,,,,,,,,,,Nick Young,,,,missed,,jump,40,17
Darius Miles,Greg Buckner,Marko Jaric,Quinton Ross,Rudy Gay,Antawn Jamison,Dominic McGuire,JaVale McGee,Javaris Crittenton,Nick Young,3,0:07,MEM,rebound,,,,,,,,,,Rudy Gay,,,,,,def,,
Darius Miles,Greg Buckner,Marko Jaric,Quinton Ross,Rudy Gay,Antawn Jamison,Dominic McGuire,JaVale McGee,Javaris Crittenton,Nick Young,3,0:02,MEM,shot,Quinton Ross,,,,,,,,,Darius Miles,2,,,made,,alley oop dunk,24,7
Darius Miles,Greg Buckner,Marko Jaric,Quinton Ross,Rudy Gay,Antawn Jamison,Dominic McGuire,JaVale McGee,Javaris Crittenton,Nick Young,3,0:01,WAS,shot,,,,,,,,,,Nick Young,,,,missed,,3pt,14,40
Darius Miles,Greg Buckner,Marko Jaric,Quinton Ross,Rudy Gay,Antawn Jamison,Dominic McGuire,JaVale McGee,Javaris Crittenton,Nick Young,3,0:00,WAS,rebound,,,,,,,,,,,,,,,,,,
Darius Miles,Greg Buckner,Marko Jaric,Quinton Ross,Rudy Gay,Antawn Jamison,Caron Butler,Darius Songaila,Javaris Crittenton,Nick Young,4,11:42,MEM,turnover,,,,,,,,,,Quinton Ross,,,traveling,,,,,
Darius Miles,Greg Buckner,Marko Jaric,Quinton Ross,Rudy Gay,Antawn Jamison,Caron Butler,Darius Songaila,Javaris Crittenton,Nick Young,4,11:22,WAS,shot,,,Darius Miles,,,,,,,Javaris Crittenton,,,,missed,,layup,27,6
Darius Miles,Greg Buckner,Marko Jaric,Quinton Ross,Rudy Gay,Antawn Jamison,Caron Butler,Darius Songaila,Javaris Crittenton,Nick Young,4,11:20,WAS,rebound,,,,,,,,,,Javaris Crittenton,,,,,,off,,
Darius Miles,Greg Buckner,Marko Jaric,Quinton Ross,Rudy Gay,Antawn Jamison,Caron Butler,Darius Songaila,Javaris Crittenton,Nick Young,4,11:17,WAS,shot,,,,,,,,,,Caron Butler,,,,missed,,3pt,41,26
Darius Miles,Greg Buckner,Marko Jaric,Quinton Ross,Rudy Gay,Antawn Jamison,Caron Butler,Darius Songaila,Javaris Crittenton,Nick Young,4,11:16,MEM,rebound,,,,,,,,,,Quinton Ross,,,,,,def,,
Darius Miles,Greg Buckner,Marko Jaric,Quinton Ross,Rudy Gay,Antawn Jamison,Caron Butler,Darius Songaila,Javaris Crittenton,Nick Young,4,11:04,MEM,shot,,,,,,,,,,Marko Jaric,2,,,made,,driving layup,25,6
Darius Miles,Greg Buckner,Marko Jaric,Quinton Ross,Rudy Gay,Antawn Jamison,Caron Butler,Darius Songaila,Javaris Crittenton,Nick Young,4,10:45,WAS,shot,Antawn Jamison,,,,,,,,,Javaris Crittenton,2,,,made,,jump,5,11
Darius Miles,Greg Buckner,Marko Jaric,Quinton Ross,Rudy Gay,Antawn Jamison,Caron Butler,Darius Songaila,Javaris Crittenton,Nick Young,4,10:22,MEM,turnover,,,,,,,,,,Greg Buckner,,,traveling,,,,,
Darius Miles,Greg Buckner,Marko Jaric,Quinton Ross,Rudy Gay,Antawn Jamison,Caron Butler,Darius Songaila,Juan Dixon,Nick Young,4,10:22,WAS,sub,,,,Juan Dixon,,Javaris Crittenton,,,,,,,,,,,,
Darius Miles,Greg Buckner,Marko Jaric,Quinton Ross,Rudy Gay,Antawn Jamison,Caron Butler,Darius Songaila,Juan Dixon,Nick Young,4,10:04,WAS,shot,,,,,,,,,,Antawn Jamison,,,,missed,,3pt,49,7
Darius Miles,Greg Buckner,Marko Jaric,Quinton Ross,Rudy Gay,Antawn Jamison,Caron Butler,Darius Songaila,Juan Dixon,Nick Young,4,10:03,MEM,rebound,,,,,,,,,,Marko Jaric,,,,,,def,,
Darius Miles,Greg Buckner,Marko Jaric,Quinton Ross,Rudy Gay,Antawn Jamison,Caron Butler,Darius Songaila,Juan Dixon,Nick Young,4,9:54,MEM,shot,Marko Jaric,,,,,,,,,Greg Buckner,3,,,made,,3pt,2,12
Darius Miles,Greg Buckner,Marko Jaric,Quinton Ross,Rudy Gay,Antawn Jamison,Caron Butler,Darius Songaila,Juan Dixon,Nick Young,4,9:33,WAS,shot,Antawn Jamison,,,,,,,,,Nick Young,3,,,made,,3pt,40,26
Darius Miles,Greg Buckner,Marko Jaric,Quinton Ross,Rudy Gay,Antawn Jamison,Caron Butler,Darius Songaila,Juan Dixon,Nick Young,4,9:17,MEM,shot,,,,,,,,,,Rudy Gay,,,,missed,,jump,43,13
Darius Miles,Greg Buckner,Marko Jaric,Quinton Ross,Rudy Gay,Antawn Jamison,Caron Butler,Darius Songaila,Juan Dixon,Nick Young,4,9:16,WAS,rebound,,,,,,,,,,Antawn Jamison,,,,,,def,,
Darius Miles,Greg Buckner,Marko Jaric,Quinton Ross,Rudy Gay,Antawn Jamison,Caron Butler,Darius Songaila,Juan Dixon,Nick Young,4,9:14,WAS,timeout,,,,,,,,,,,,,,,,regular,,
Darius Miles,Greg Buckner,Marko Jaric,Quinton Ross,Rudy Gay,Antawn Jamison,Caron Butler,Darius Songaila,Mike James,Nick Young,4,9:14,WAS,sub,,,,Mike James,,Juan Dixon,,,,,,,,,,,,
Darius Miles,Darrell Arthur,Greg Buckner,Marko Jaric,Quinton Ross,Antawn Jamison,Caron Butler,Darius Songaila,Mike James,Nick Young,4,9:14,MEM,sub,,,,Darrell Arthur,,Rudy Gay,,,,,,,,,,,,
Darius Miles,Darrell Arthur,Greg Buckner,Marko Jaric,O.J. Mayo,Antawn Jamison,Caron Butler,Darius Songaila,Mike James,Nick Young,4,9:14,MEM,sub,,,,O.J. Mayo,,Quinton Ross,,,,,,,,,,,,
Darius Miles,Darrell Arthur,Greg Buckner,Marko Jaric,O.J. Mayo,Antawn Jamison,Caron Butler,Darius Songaila,Mike James,Nick Young,4,9:04,MEM,foul,,,,,,,,Darius Songaila,,Greg Buckner,,,,,,personal,,
Darius Miles,Darrell Arthur,Greg Buckner,Marko Jaric,O.J. Mayo,Antawn Jamison,Caron Butler,Darius Songaila,Mike James,Nick Young,4,8:51,WAS,shot,,,,,,,,,,Antawn Jamison,,,,missed,,layup,24,8
Darius Miles,Darrell Arthur,Greg Buckner,Marko Jaric,O.J. Mayo,Antawn Jamison,Caron Butler,Darius Songaila,Mike James,Nick Young,4,8:50,MEM,rebound,,,,,,,,,,Greg Buckner,,,,,,def,,
Darius Miles,Darrell Arthur,Greg Buckner,Marko Jaric,O.J. Mayo,Antawn Jamison,Caron Butler,Darius Songaila,Mike James,Nick Young,4,8:27,MEM,shot,,,,,,,,,,Darrell Arthur,,,,missed,,jump,26,9
Darius Miles,Darrell Arthur,Greg Buckner,Marko Jaric,O.J. Mayo,Antawn Jamison,Caron Butler,Darius Songaila,Mike James,Nick Young,4,8:25,WAS,rebound,,,,,,,,,,Darius Songaila,,,,,,def,,
Darius Miles,Darrell Arthur,Greg Buckner,Marc Gasol,O.J. Mayo,Antawn Jamison,Caron Butler,Darius Songaila,Mike James,Nick Young,4,8:18,MEM,sub,,,,Marc Gasol,,Marko Jaric,,,,,,,,,,,,
Darrell Arthur,Greg Buckner,Marc Gasol,Mike Conley,O.J. Mayo,Antawn Jamison,Caron Butler,Darius Songaila,Mike James,Nick Young,4,8:18,MEM,sub,,,,Mike Conley,,Darius Miles,,,,,,,,,,,,
Darrell Arthur,Greg Buckner,Marc Gasol,Mike Conley,O.J. Mayo,Antawn Jamison,Caron Butler,Darius Songaila,Mike James,Nick Young,4,8:08,WAS,shot,,,,,,,,,,Nick Young,,,,missed,,3pt,49,12
Darrell Arthur,Greg Buckner,Marc Gasol,Mike Conley,O.J. Mayo,Antawn Jamison,Caron Butler,Darius Songaila,Mike James,Nick Young,4,8:07,MEM,rebound,,,,,,,,,,Marc Gasol,,,,,,def,,
Darrell Arthur,Greg Buckner,Marc Gasol,Mike Conley,O.J. Mayo,Antawn Jamison,Caron Butler,Darius Songaila,Mike James,Nick Young,4,7:46,MEM,shot,,,,,,,,,,Darrell Arthur,,,,missed,,jump,6,8
Darrell Arthur,Greg Buckner,Marc Gasol,Mike Conley,O.J. Mayo,Antawn Jamison,Caron Butler,Darius Songaila,Mike James,Nick Young,4,7:45,WAS,rebound,,,,,,,,,,Antawn Jamison,,,,,,def,,
Darrell Arthur,Greg Buckner,Marc Gasol,Mike Conley,O.J. Mayo,Antawn Jamison,Caron Butler,Darius Songaila,Mike James,Nick Young,4,7:37,WAS,shot,Mike James,,,,,,,,,Antawn Jamison,3,,,made,,3pt,6,22
Darrell Arthur,Greg Buckner,Marc Gasol,Mike Conley,O.J. Mayo,Antawn Jamison,Caron Butler,Darius Songaila,Mike James,Nick Young,4,7:30,MEM,timeout,,,,,,,,,,,,,,,,regular,,
Greg Buckner,Marc Gasol,Mike Conley,O.J. Mayo,Rudy Gay,Antawn Jamison,Caron Butler,Darius Songaila,Mike James,Nick Young,4,7:30,MEM,sub,,,,Rudy Gay,,Darrell Arthur,,,,,,,,,,,,
Greg Buckner,Marc Gasol,Mike Conley,O.J. Mayo,Rudy Gay,Antawn Jamison,Caron Butler,Darius Songaila,Mike James,Nick Young,4,7:20,WAS,foul,,,,,,,,Rudy Gay,,Caron Butler,,,,,,personal,,
Greg Buckner,Marc Gasol,Mike Conley,O.J. Mayo,Rudy Gay,Antawn Jamison,Caron Butler,Darius Songaila,Mike James,Nick Young,4,7:05,MEM,shot,,,,,,,,,,Rudy Gay,,,,missed,,jump,16,12
Greg Buckner,Marc Gasol,Mike Conley,O.J. Mayo,Rudy Gay,Antawn Jamison,Caron Butler,Darius Songaila,Mike James,Nick Young,4,7:03,MEM,rebound,,,,,,,,,,Marc Gasol,,,,,,off,,
Greg Buckner,Marc Gasol,Mike Conley,O.J. Mayo,Rudy Gay,Antawn Jamison,Caron Butler,Darius Songaila,Mike James,Nick Young,4,7:01,MEM,shot,,,Caron Butler,,,,,,,Marc Gasol,,,,missed,,jump,21,6
Greg Buckner,Marc Gasol,Mike Conley,O.J. Mayo,Rudy Gay,Antawn Jamison,Caron Butler,Darius Songaila,Mike James,Nick Young,4,7:00,WAS,rebound,,,,,,,,,,Mike James,,,,,,def,,
Greg Buckner,Marc Gasol,Mike Conley,O.J. Mayo,Rudy Gay,Antawn Jamison,Caron Butler,Darius Songaila,Mike James,Nick Young,4,6:53,WAS,shot,,,,,,,,,,Darius Songaila,,,,missed,,jump,7,13
Greg Buckner,Marc Gasol,Mike Conley,O.J. Mayo,Rudy Gay,Antawn Jamison,Caron Butler,Darius Songaila,Mike James,Nick Young,4,6:52,WAS,rebound,,,,,,,,,,Caron Butler,,,,,,off,,
Greg Buckner,Marc Gasol,Mike Conley,O.J. Mayo,Rudy Gay,Antawn Jamison,Caron Butler,Darius Songaila,Mike James,Nick Young,4,6:50,WAS,shot,,,,,,,,,,Caron Butler,2,,,made,,tip,24,6
Greg Buckner,Marc Gasol,Mike Conley,O.J. Mayo,Rudy Gay,Antawn Jamison,Caron Butler,Darius Songaila,Mike James,Nick Young,4,6:31,OFF,jump ball,,Marc Gasol,,,Darius Songaila,,,,,,,O.J. Mayo,,,,,,
Greg Buckner,Marc Gasol,Mike Conley,O.J. Mayo,Rudy Gay,Antawn Jamison,Caron Butler,Darius Songaila,Mike James,Nick Young,4,6:22,MEM,shot,,,,,,,,,,O.J. Mayo,,,,missed,,jump,10,17
Greg Buckner,Marc Gasol,Mike Conley,O.J. Mayo,Rudy Gay,Antawn Jamison,Caron Butler,Darius Songaila,Mike James,Nick Young,4,6:21,WAS,rebound,,,,,,,,,,Mike James,,,,,,def,,
Greg Buckner,Marc Gasol,Mike Conley,O.J. Mayo,Rudy Gay,Antawn Jamison,Caron Butler,Darius Songaila,Mike James,Nick Young,4,6:11,WAS,turnover,,,,,,,,,,Caron Butler,,,bad pass,,Rudy Gay,,,
Greg Buckner,Marc Gasol,Mike Conley,O.J. Mayo,Rudy Gay,Antawn Jamison,Caron Butler,Darius Songaila,Mike James,Nick Young,4,6:04,MEM,shot,,,,,,,,,,Rudy Gay,,,,missed,,layup,26,8
Greg Buckner,Marc Gasol,Mike Conley,O.J. Mayo,Rudy Gay,Antawn Jamison,Caron Butler,Darius Songaila,Mike James,Nick Young,4,6:03,WAS,rebound,,,,,,,,,,Caron Butler,,,,,,def,,
Greg Buckner,Marc Gasol,Mike Conley,O.J. Mayo,Rudy Gay,Antawn Jamison,Caron Butler,Darius Songaila,Mike James,Nick Young,4,5:55,MEM,foul,,,,,,,,Darius Songaila,,Marc Gasol,,,,,,personal,,
Greg Buckner,Marc Gasol,Mike Conley,O.J. Mayo,Rudy Gay,Antawn Jamison,Caron Butler,JaVale McGee,Mike James,Nick Young,4,5:55,WAS,sub,,,,JaVale McGee,,Darius Songaila,,,,,,,,,,,,
Greg Buckner,Marc Gasol,Mike Conley,O.J. Mayo,Rudy Gay,Antawn Jamison,Caron Butler,JaVale McGee,Mike James,Nick Young,4,5:45,WAS,shot,,,,,,,,,,Caron Butler,,,,missed,,3pt,2,10
Greg Buckner,Marc Gasol,Mike Conley,O.J. Mayo,Rudy Gay,Antawn Jamison,Caron Butler,JaVale McGee,Mike James,Nick Young,4,5:44,WAS,rebound,,,,,,,,,,Antawn Jamison,,,,,,off,,
Greg Buckner,Marc Gasol,Mike Conley,O.J. Mayo,Rudy Gay,Antawn Jamison,Caron Butler,JaVale McGee,Mike James,Nick Young,4,5:42,WAS,shot,,,,,,,,,,Antawn Jamison,,,,missed,,layup,24,6
Greg Buckner,Marc Gasol,Mike Conley,O.J. Mayo,Rudy Gay,Antawn Jamison,Caron Butler,JaVale McGee,Mike James,Nick Young,4,5:41,MEM,rebound,,,,,,,,,,Greg Buckner,,,,,,def,,
Greg Buckner,Marc Gasol,Mike Conley,O.J. Mayo,Rudy Gay,Antawn Jamison,Caron Butler,JaVale McGee,Mike James,Nick Young,4,5:36,MEM,turnover,,,,,,,,,,Rudy Gay,,,lost ball,,Nick Young,,,
Greg Buckner,Marc Gasol,Mike Conley,O.J. Mayo,Rudy Gay,Antawn Jamison,Caron Butler,JaVale McGee,Mike James,Nick Young,4,5:33,MEM,foul,,,,,,,,Nick Young,,Mike Conley,,,,,,personal,,
Greg Buckner,Marc Gasol,Mike Conley,O.J. Mayo,Rudy Gay,Antawn Jamison,Caron Butler,JaVale McGee,Mike James,Nick Young,4,5:23,WAS,shot,,,,,,,,,,Mike James,,,,missed,,jump,27,28
Greg Buckner,Marc Gasol,Mike Conley,O.J. Mayo,Rudy Gay,Antawn Jamison,Caron Butler,JaVale McGee,Mike James,Nick Young,4,5:22,MEM,rebound,,,,,,,,,,Mike Conley,,,,,,def,,
Greg Buckner,Marc Gasol,Mike Conley,O.J. Mayo,Rudy Gay,Antawn Jamison,Caron Butler,JaVale McGee,Mike James,Nick Young,4,5:03,MEM,shot,Greg Buckner,,,,,,,,,O.J. Mayo,2,,,made,,jump,44,3
Greg Buckner,Marc Gasol,Mike Conley,O.J. Mayo,Rudy Gay,Antawn Jamison,Caron Butler,JaVale McGee,Mike James,Nick Young,4,4:46,MEM,foul,,,,,,,,Nick Young,,O.J. Mayo,,,,,,personal,,
Greg Buckner,Marc Gasol,Mike Conley,O.J. Mayo,Rudy Gay,Antawn Jamison,Caron Butler,JaVale McGee,Javaris Crittenton,Mike James,4,4:46,WAS,sub,,,,Javaris Crittenton,,Nick Young,,,,,,,,,,,,
Greg Buckner,Marc Gasol,Mike Conley,O.J. Mayo,Rudy Gay,Antawn Jamison,Caron Butler,JaVale McGee,Javaris Crittenton,Mike James,4,4:38,WAS,shot,,,,,,,,,,Antawn Jamison,,,,missed,,3pt,24,32
Greg Buckner,Marc Gasol,Mike Conley,O.J. Mayo,Rudy Gay,Antawn Jamison,Caron Butler,JaVale McGee,Javaris Crittenton,Mike James,4,4:38,WAS,rebound,,,,,,,,,,,,,,,,,,
Greg Buckner,Marc Gasol,Mike Conley,O.J. Mayo,Rudy Gay,Antawn Jamison,Caron Butler,JaVale McGee,Javaris Crittenton,Mike James,4,4:38,MEM,foul,,,,,,,,Caron Butler,,Rudy Gay,,,,,,personal,,
Greg Buckner,Marc Gasol,Mike Conley,O.J. Mayo,Rudy Gay,Antawn Jamison,Caron Butler,JaVale McGee,Javaris Crittenton,Mike James,4,4:38,WAS,free throw,,,,,,,1,,2,Caron Butler,,,foul,made,,,,
Greg Buckner,Marc Gasol,Mike Conley,O.J. Mayo,Rudy Gay,Antawn Jamison,Caron Butler,JaVale McGee,Javaris Crittenton,Mike James,4,4:38,WAS,free throw,,,,,,,2,,2,Caron Butler,,,foul,made,,,,
Greg Buckner,Marc Gasol,Mike Conley,O.J. Mayo,Rudy Gay,Antawn Jamison,Caron Butler,JaVale McGee,Javaris Crittenton,Mike James,4,4:23,MEM,shot,,,,,,,,,,O.J. Mayo,,,,missed,,jump,43,14
Greg Buckner,Marc Gasol,Mike Conley,O.J. Mayo,Rudy Gay,Antawn Jamison,Caron Butler,JaVale McGee,Javaris Crittenton,Mike James,4,4:23,MEM,rebound,,,,,,,,,,,,,,,,,,
Greg Buckner,Marc Gasol,Mike Conley,O.J. Mayo,Rudy Gay,Antawn Jamison,Caron Butler,JaVale McGee,Javaris Crittenton,Mike James,4,4:23,WAS,foul,,,,,,,,Rudy Gay,,Caron Butler,,,,,,personal,,
Greg Buckner,Marc Gasol,Mike Conley,O.J. Mayo,Rudy Gay,Antawn Jamison,Caron Butler,JaVale McGee,Javaris Crittenton,Mike James,4,4:17,MEM,shot,,,,,,,,,,Mike Conley,2,,,made,,reverse layup,27,6
Greg Buckner,Marc Gasol,Mike Conley,O.J. Mayo,Rudy Gay,Antawn Jamison,Caron Butler,JaVale McGee,Javaris Crittenton,Mike James,4,4:17,WAS,foul,,,,,,,,Marc Gasol,,JaVale McGee,,,,,,away from play,,
Greg Buckner,Marc Gasol,Mike Conley,O.J. Mayo,Rudy Gay,Antawn Jamison,Caron Butler,JaVale McGee,Javaris Crittenton,Mike James,4,4:17,MEM,free throw,,,,,,,1,,1,Marc Gasol,,,foul,made,,,,
Greg Buckner,Marc Gasol,Mike Conley,O.J. Mayo,Rudy Gay,Antawn Jamison,Caron Butler,JaVale McGee,Javaris Crittenton,Mike James,4,3:56,WAS,shot,,,,,,,,,,Mike James,,,,missed,,jump,45,2
Greg Buckner,Marc Gasol,Mike Conley,O.J. Mayo,Rudy Gay,Antawn Jamison,Caron Butler,JaVale McGee,Javaris Crittenton,Mike James,4,3:55,MEM,rebound,,,,,,,,,,Greg Buckner,,,,,,def,,
Greg Buckner,Marc Gasol,Mike Conley,O.J. Mayo,Rudy Gay,Antawn Jamison,Caron Butler,JaVale McGee,Javaris Crittenton,Mike James,4,3:41,MEM,shot,Mike Conley,,,,,,,,,Marc Gasol,2,,,made,,layup,26,8
Greg Buckner,Marc Gasol,Mike Conley,O.J. Mayo,Rudy Gay,Antawn Jamison,Caron Butler,JaVale McGee,Javaris Crittenton,Mike James,4,3:41,WAS,foul,,,,,,,,Marc Gasol,,JaVale McGee,,,,,,shooting,,
Greg Buckner,Marc Gasol,Mike Conley,O.J. Mayo,Rudy Gay,Antawn Jamison,Caron Butler,Darius Songaila,Javaris Crittenton,Mike James,4,3:41,WAS,sub,,,,Darius Songaila,,JaVale McGee,,,,,,,,,,,,
Greg Buckner,Marc Gasol,Mike Conley,O.J. Mayo,Rudy Gay,Antawn Jamison,Caron Butler,Darius Songaila,Mike James,Nick Young,4,3:41,WAS,sub,,,,Nick Young,,Javaris Crittenton,,,,,,,,,,,,
Greg Buckner,Marc Gasol,Mike Conley,O.J. Mayo,Rudy Gay,Antawn Jamison,Caron Butler,Darius Songaila,Mike James,Nick Young,4,3:41,MEM,free throw,,,,,,,1,,1,Marc Gasol,,,foul,made,,,,
Greg Buckner,Marc Gasol,Mike Conley,O.J. Mayo,Rudy Gay,Antawn Jamison,Caron Butler,Darius Songaila,Mike James,Nick Young,4,3:32,MEM,foul,,,,,,,,Caron Butler,,Rudy Gay,,,,,,personal,,
Greg Buckner,Marc Gasol,Mike Conley,O.J. Mayo,Rudy Gay,Antawn Jamison,Caron Butler,Darius Songaila,Mike James,Nick Young,4,3:32,WAS,free throw,,,,,,,1,,2,Caron Butler,,,foul,made,,,,
Greg Buckner,Marc Gasol,Mike Conley,O.J. Mayo,Rudy Gay,Antawn Jamison,Caron Butler,Darius Songaila,Mike James,Nick Young,4,3:32,WAS,free throw,,,,,,,2,,2,Caron Butler,,,foul,made,,,,
Greg Buckner,Marc Gasol,Mike Conley,O.J. Mayo,Rudy Gay,Antawn Jamison,Caron Butler,Darius Songaila,Mike James,Nick Young,4,3:12,MEM,shot,,,,,,,,,,Greg Buckner,,,,missed,,3pt,49,4
Greg Buckner,Marc Gasol,Mike Conley,O.J. Mayo,Rudy Gay,Antawn Jamison,Caron Butler,Darius Songaila,Mike James,Nick Young,4,3:11,WAS,rebound,,,,,,,,,,Mike James,,,,,,def,,
Greg Buckner,Marc Gasol,Mike Conley,O.J. Mayo,Rudy Gay,Antawn Jamison,Caron Butler,Darius Songaila,Mike James,Nick Young,4,3:02,WAS,shot,,,,,,,,,,Mike James,,,,missed,,layup,24,9
Greg Buckner,Marc Gasol,Mike Conley,O.J. Mayo,Rudy Gay,Antawn Jamison,Caron Butler,Darius Songaila,Mike James,Nick Young,4,3:01,WAS,rebound,,,,,,,,,,Darius Songaila,,,,,,off,,
Greg Buckner,Marc Gasol,Mike Conley,O.J. Mayo,Rudy Gay,Antawn Jamison,Caron Butler,Darius Songaila,Mike James,Nick Young,4,2:58,WAS,shot,,,,,,,,,,Darius Songaila,,,,missed,,layup,24,7
Greg Buckner,Marc Gasol,Mike Conley,O.J. Mayo,Rudy Gay,Antawn Jamison,Caron Butler,Darius Songaila,Mike James,Nick Young,4,2:58,WAS,rebound,,,,,,,,,,Antawn Jamison,,,,,,off,,
Greg Buckner,Marc Gasol,Mike Conley,O.J. Mayo,Rudy Gay,Antawn Jamison,Caron Butler,Darius Songaila,Mike James,Nick Young,4,2:55,WAS,shot,,,,,,,,,,Antawn Jamison,,,,missed,,layup,27,6
Greg Buckner,Marc Gasol,Mike Conley,O.J. Mayo,Rudy Gay,Antawn Jamison,Caron Butler,Darius Songaila,Mike James,Nick Young,4,2:54,MEM,rebound,,,,,,,,,,Rudy Gay,,,,,,def,,
Greg Buckner,Marc Gasol,Mike Conley,O.J. Mayo,Rudy Gay,Antawn Jamison,Caron Butler,Darius Songaila,Mike James,Nick Young,4,2:41,WAS,foul,,,,,,,,Mike Conley,,Antawn Jamison,,,,,,personal,,
Greg Buckner,Marc Gasol,Mike Conley,O.J. Mayo,Rudy Gay,Antawn Jamison,Caron Butler,Darius Songaila,Mike James,Nick Young,4,2:41,MEM,timeout,,,,,,,,,,,,,,,,regular,,
Greg Buckner,Marc Gasol,Mike Conley,O.J. Mayo,Rudy Gay,Antawn Jamison,Caron Butler,Darius Songaila,Mike James,Nick Young,4,2:41,MEM,free throw,,,,,,,1,,2,Mike Conley,,,foul,made,,,,
Greg Buckner,Marc Gasol,Mike Conley,O.J. Mayo,Rudy Gay,Antawn Jamison,Caron Butler,Darius Songaila,Mike James,Nick Young,4,2:41,MEM,free throw,,,,,,,2,,2,Mike Conley,,,foul,made,,,,
Greg Buckner,Marc Gasol,Mike Conley,O.J. Mayo,Rudy Gay,Antawn Jamison,Caron Butler,Darius Songaila,Mike James,Nick Young,4,2:28,WAS,shot,Nick Young,,,,,,,,,Antawn Jamison,2,,,made,,floating jump,19,6
Greg Buckner,Marc Gasol,Mike Conley,O.J. Mayo,Rudy Gay,Antawn Jamison,Caron Butler,Darius Songaila,Mike James,Nick Young,4,2:28,MEM,foul,,,,,,,,Antawn Jamison,,O.J. Mayo,,,,,,shooting,,
Greg Buckner,Marc Gasol,Mike Conley,O.J. Mayo,Rudy Gay,Antawn Jamison,Caron Butler,Darius Songaila,Javaris Crittenton,Nick Young,4,2:28,WAS,sub,,,,Javaris Crittenton,,Mike James,,,,,,,,,,,,
Greg Buckner,Marc Gasol,Mike Conley,O.J. Mayo,Rudy Gay,Antawn Jamison,Caron Butler,Darius Songaila,Javaris Crittenton,Nick Young,4,2:28,WAS,free throw,,,,,,,1,,1,Antawn Jamison,,,foul,missed,,,,
Greg Buckner,Marc Gasol,Mike Conley,O.J. Mayo,Rudy Gay,Antawn Jamison,Caron Butler,Darius Songaila,Javaris Crittenton,Nick Young,4,2:27,MEM,rebound,,,,,,,,,,Rudy Gay,,,,,,def,,
Greg Buckner,Marc Gasol,Mike Conley,O.J. Mayo,Rudy Gay,Antawn Jamison,Caron Butler,Darius Songaila,Javaris Crittenton,Nick Young,4,2:11,MEM,turnover,,,,,,,,,,O.J. Mayo,,,traveling,,,,,
Greg Buckner,Marc Gasol,Mike Conley,O.J. Mayo,Rudy Gay,Antawn Jamison,Caron Butler,Darius Songaila,Javaris Crittenton,Nick Young,4,2:00,WAS,shot,,,,,,,,,,Caron Butler,,,,missed,,jump,42,4
Greg Buckner,Marc Gasol,Mike Conley,O.J. Mayo,Rudy Gay,Antawn Jamison,Caron Butler,Darius Songaila,Javaris Crittenton,Nick Young,4,1:59,WAS,rebound,,,,,,,,,,,,,,,,,,
Greg Buckner,Marc Gasol,Mike Conley,O.J. Mayo,Rudy Gay,Antawn Jamison,Caron Butler,Darius Songaila,Javaris Crittenton,Nick Young,4,1:49,WAS,shot,,,,,,,,,,Nick Young,,,,missed,,jump,13,23
Greg Buckner,Marc Gasol,Mike Conley,O.J. Mayo,Rudy Gay,Antawn Jamison,Caron Butler,Darius Songaila,Javaris Crittenton,Nick Young,4,1:48,MEM,rebound,,,,,,,,,,O.J. Mayo,,,,,,def,,
Greg Buckner,Marc Gasol,Mike Conley,O.J. Mayo,Rudy Gay,Antawn Jamison,Caron Butler,Darius Songaila,Javaris Crittenton,Nick Young,4,1:24,WAS,foul,,,,,,,,O.J. Mayo,,Javaris Crittenton,,,,,,shooting,,
Greg Buckner,Marc Gasol,Mike Conley,O.J. Mayo,Rudy Gay,Antawn Jamison,Caron Butler,Darius Songaila,Javaris Crittenton,Nick Young,4,1:24,MEM,free throw,,,,,,,1,,2,O.J. Mayo,,,foul,made,,,,
Greg Buckner,Marc Gasol,Mike Conley,O.J. Mayo,Rudy Gay,Antawn Jamison,Caron Butler,Darius Songaila,Javaris Crittenton,Nick Young,4,1:24,MEM,free throw,,,,,,,2,,2,O.J. Mayo,,,foul,made,,,,
Greg Buckner,Marc Gasol,Mike Conley,O.J. Mayo,Rudy Gay,Antawn Jamison,Caron Butler,Darius Songaila,Javaris Crittenton,Nick Young,4,1:12,WAS,shot,,,,,,,,,,Nick Young,,,,missed,,jump,11,5
Greg Buckner,Marc Gasol,Mike Conley,O.J. Mayo,Rudy Gay,Antawn Jamison,Caron Butler,Darius Songaila,Javaris Crittenton,Nick Young,4,1:10,MEM,rebound,,,,,,,,,,Rudy Gay,,,,,,def,,
Greg Buckner,Marc Gasol,Mike Conley,O.J. Mayo,Rudy Gay,Antawn Jamison,Caron Butler,Darius Songaila,Javaris Crittenton,Nick Young,4,0:53,MEM,shot,,,,,,,,,,Mike Conley,,,,missed,,jump,20,10
Greg Buckner,Marc Gasol,Mike Conley,O.J. Mayo,Rudy Gay,Antawn Jamison,Caron Butler,Darius Songaila,Javaris Crittenton,Nick Young,4,0:52,WAS,rebound,,,,,,,,,,Antawn Jamison,,,,,,def,,
Greg Buckner,Marc Gasol,Mike Conley,O.J. Mayo,Rudy Gay,Antawn Jamison,Caron Butler,Darius Songaila,Javaris Crittenton,Nick Young,4,0:51,MEM,foul,,,,,,,,Javaris Crittenton,,O.J. Mayo,,,,,,personal,,
Greg Buckner,Marc Gasol,Mike Conley,O.J. Mayo,Rudy Gay,Antawn Jamison,Caron Butler,Darius Songaila,Javaris Crittenton,Nick Young,4,0:51,WAS,free throw,,,,,,,1,,2,Javaris Crittenton,,,foul,missed,,,,
Greg Buckner,Marc Gasol,Mike Conley,O.J. Mayo,Rudy Gay,Antawn Jamison,Caron Butler,Darius Songaila,Javaris Crittenton,Nick Young,4,0:51,WAS,rebound,,,,,,,,,,,,,,,,,,
Greg Buckner,Marc Gasol,Mike Conley,O.J. Mayo,Rudy Gay,Antawn Jamison,Darius Songaila,Dominic McGuire,Javaris Crittenton,Nick Young,4,0:51,WAS,sub,,,,Dominic McGuire,,Caron Butler,,,,,,,,,,,,
Greg Buckner,Marc Gasol,Mike Conley,O.J. Mayo,Rudy Gay,Darius Songaila,Dominic McGuire,Javaris Crittenton,Nick Young,Oleksiy Pecherov,4,0:51,WAS,sub,,,,Oleksiy Pecherov,,Antawn Jamison,,,,,,,,,,,,
Greg Buckner,Marc Gasol,Mike Conley,O.J. Mayo,Rudy Gay,Darius Songaila,Dominic McGuire,Javaris Crittenton,Nick Young,Oleksiy Pecherov,4,0:51,WAS,free throw,,,,,,,2,,2,Javaris Crittenton,,,foul,missed,,,,
Greg Buckner,Marc Gasol,Mike Conley,O.J. Mayo,Rudy Gay,Darius Songaila,Dominic McGuire,Javaris Crittenton,Nick Young,Oleksiy Pecherov,4,0:50,MEM,rebound,,,,,,,,,,Rudy Gay,,,,,,def,,
Greg Buckner,Marc Gasol,Mike Conley,O.J. Mayo,Rudy Gay,Darius Songaila,Dominic McGuire,Javaris Crittenton,Nick Young,Oleksiy Pecherov,4,0:30,MEM,shot,,,,,,,,,,Rudy Gay,,,,missed,,3pt,48,18
Greg Buckner,Marc Gasol,Mike Conley,O.J. Mayo,Rudy Gay,Darius Songaila,Dominic McGuire,Javaris Crittenton,Nick Young,Oleksiy Pecherov,4,0:29,WAS,rebound,,,,,,,,,,,,,,,,,,
Greg Buckner,Marc Gasol,Mike Conley,O.J. Mayo,Rudy Gay,Darius Songaila,Dominic McGuire,Javaris Crittenton,Nick Young,Oleksiy Pecherov,4,0:17,WAS,turnover,,,,,,,,,,Dominic McGuire,,,lost ball,,Mike Conley,,,
Greg Buckner,Marc Gasol,Mike Conley,O.J. Mayo,Rudy Gay,Darius Songaila,Dominic McGuire,Javaris Crittenton,Nick Young,Oleksiy Pecherov,4,0:13,MEM,shot,Mike Conley,,,,,,,,,O.J. Mayo,2,,,made,,dunk,25,6
