a1,a2,a3,a4,a5,h1,h2,h3,h4,h5,period,time,team,etype,assist,away,block,entered,home,left,num,opponent,outof,player,points,possession,reason,result,steal,type,x,y
Beno Udrih,Brad Miller,Jason Thompson,John Salmons,Kevin Martin,Charlie Villanueva,Dan Gadzuric,Luke Ridnour,Michael Redd,Richard Jefferson,1,12:00,OFF,jump ball,,Brad Miller,,,Dan Gadzuric,,,,,,,Charlie Villanueva,,,,,,
Beno Udrih,Brad Miller,Jason Thompson,John Salmons,Kevin Martin,Charlie Villanueva,Dan Gadzuric,Luke Ridnour,Michael Redd,Richard Jefferson,1,11:37,MIL,shot,,,,,,,,,,Richard Jefferson,,,,missed,,jump,32,9
Beno Udrih,Brad Miller,Jason Thompson,John Salmons,Kevin Martin,Charlie Villanueva,Dan Gadzuric,Luke Ridnour,Michael Redd,Richard Jefferson,1,11:37,MIL,rebound,,,,,,,,,,,,,,,,,,
Beno Udrih,Brad Miller,Jason Thompson,John Salmons,Kevin Martin,Charlie Villanueva,Dan Gadzuric,Luke Ridnour,Michael Redd,Richard Jefferson,1,11:26,MIL,shot,Richard Jefferson,,,,,,,,,Charlie Villanueva,3,,,made,,3pt,42,26
Beno Udrih,Brad Miller,Jason Thompson,John Salmons,Kevin Martin,Charlie Villanueva,Dan Gadzuric,Luke Ridnour,Michael Redd,Richard Jefferson,1,11:07,SAC,shot,John Salmons,,,,,,,,,Brad Miller,2,,,made,,layup,25,6
Beno Udrih,Brad Miller,Jason Thompson,John Salmons,Kevin Martin,Charlie Villanueva,Dan Gadzuric,Luke Ridnour,Michael Redd,Richard Jefferson,1,10:57,SAC,foul,,,,,,,,Michael Redd,,Kevin Martin,,,,,,personal,,
Beno Udrih,Brad Miller,Jason Thompson,John Salmons,Kevin Martin,Charlie Villanueva,Dan Gadzuric,Luke Ridnour,Michael Redd,Richard Jefferson,1,10:45,MIL,shot,,,,,,,,,,Michael Redd,,,,missed,,jump,37,5
Beno Udrih,Brad Miller,Jason Thompson,John Salmons,Kevin Martin,Charlie Villanueva,Dan Gadzuric,Luke Ridnour,Michael Redd,Richard Jefferson,1,10:44,SAC,rebound,,,,,,,,,,Brad Miller,,,,,,def,,
Beno Udrih,Brad Miller,Jason Thompson,John Salmons,Kevin Martin,Charlie Villanueva,Dan Gadzuric,Luke Ridnour,Michael Redd,Richard Jefferson,1,10:32,SAC,shot,Brad Miller,,,,,,,,,Jason Thompson,2,,,made,,layup,25,6
Beno Udrih,Brad Miller,Jason Thompson,John Salmons,Kevin Martin,Charlie Villanueva,Dan Gadzuric,Luke Ridnour,Michael Redd,Richard Jefferson,1,10:16,MIL,shot,,,,,,,,,,Michael Redd,,,,missed,,3pt,1,5
Beno Udrih,Brad Miller,Jason Thompson,John Salmons,Kevin Martin,Charlie Villanueva,Dan Gadzuric,Luke Ridnour,Michael Redd,Richard Jefferson,1,10:15,SAC,rebound,,,,,,,,,,Brad Miller,,,,,,def,,
Beno Udrih,Brad Miller,Jason Thompson,John Salmons,Kevin Martin,Charlie Villanueva,Dan Gadzuric,Luke Ridnour,Michael Redd,Richard Jefferson,1,10:02,SAC,turnover,,,,,,,,,,Kevin Martin,,,traveling,,,,,
Beno Udrih,Brad Miller,Jason Thompson,John Salmons,Kevin Martin,Charlie Villanueva,Dan Gadzuric,Luke Ridnour,Michael Redd,Richard Jefferson,1,9:46,MIL,shot,,,,,,,,,,Charlie Villanueva,2,,,made,,jump,34,6
Beno Udrih,Brad Miller,Jason Thompson,John Salmons,Kevin Martin,Charlie Villanueva,Dan Gadzuric,Luke Ridnour,Michael Redd,Richard Jefferson,1,9:30,SAC,shot,Beno Udrih,,,,,,,,,Brad Miller,2,,,made,,layup,25,6
Beno Udrih,Brad Miller,Jason Thompson,John Salmons,Kevin Martin,Charlie Villanueva,Dan Gadzuric,Luke Ridnour,Michael Redd,Richard Jefferson,1,9:11,MIL,shot,Michael Redd,,,,,,,,,Richard Jefferson,2,,,made,,layup,25,6
Beno Udrih,Brad Miller,Jason Thompson,John Salmons,Kevin Martin,Charlie Villanueva,Dan Gadzuric,Luke Ridnour,Michael Redd,Richard Jefferson,1,8:58,MIL,foul,,,,,,,,Jason Thompson,,Dan Gadzuric,,,,,,shooting,,
Beno Udrih,Brad Miller,Jason Thompson,John Salmons,Kevin Martin,Charlie Villanueva,Dan Gadzuric,Luke Ridnour,Michael Redd,Richard Jefferson,1,8:58,SAC,free throw,,,,,,,1,,2,Jason Thompson,,,foul,made,,,,
Beno Udrih,Brad Miller,Jason Thompson,John Salmons,Kevin Martin,Charlie Villanueva,Dan Gadzuric,Luke Ridnour,Michael Redd,Richard Jefferson,1,8:58,SAC,free throw,,,,,,,2,,2,Jason Thompson,,,foul,made,,,,
Beno Udrih,Brad Miller,Jason Thompson,John Salmons,Kevin Martin,Charlie Villanueva,Dan Gadzuric,Luke Ridnour,Michael Redd,Richard Jefferson,1,8:49,MIL,turnover,,,,,,,,,,Luke Ridnour,,,bad pass,,,,,
Beno Udrih,Brad Miller,Jason Thompson,John Salmons,Kevin Martin,Charlie Villanueva,Dan Gadzuric,Luke Ridnour,Michael Redd,Richard Jefferson,1,8:25,SAC,shot,Beno Udrih,,,,,,,,,Jason Thompson,2,,,made,,jump,10,13
Beno Udrih,Brad Miller,Jason Thompson,John Salmons,Kevin Martin,Charlie Villanueva,Dan Gadzuric,Luke Ridnour,Michael Redd,Richard Jefferson,1,8:18,MIL,turnover,,,,,,,,,,Charlie Villanueva,,,traveling,,,,,
Beno Udrih,Brad Miller,Jason Thompson,John Salmons,Kevin Martin,Charlie Villanueva,Dan Gadzuric,Luke Ridnour,Michael Redd,Richard Jefferson,1,8:01,SAC,shot,Brad Miller,,,,,,,,,Beno Udrih,3,,,made,,3pt,1,5
Beno Udrih,Brad Miller,Jason Thompson,John Salmons,Kevin Martin,Charlie Villanueva,Dan Gadzuric,Luke Ridnour,Michael Redd,Richard Jefferson,1,7:46,MIL,shot,Luke Ridnour,,,,,,,,,Richard Jefferson,2,,,made,,jump,32,22
Beno Udrih,Brad Miller,Jason Thompson,John Salmons,Kevin Martin,Charlie Villanueva,Dan Gadzuric,Luke Ridnour,Michael Redd,Richard Jefferson,1,7:34,MIL,foul,,,,,,,,Kevin Martin,,Charlie Villanueva,,,,,,shooting,,
Beno Udrih,Brad Miller,Jason Thompson,John Salmons,Kevin Martin,Charlie Villanueva,Dan Gadzuric,Luke Ridnour,Michael Redd,Richard Jefferson,1,7:34,SAC,free throw,,,,,,,1,,2,Kevin Martin,,,foul,made,,,,
Beno Udrih,Brad Miller,Jason Thompson,John Salmons,Kevin Martin,Dan Gadzuric,Luc Richard Mbah a Moute,Luke Ridnour,Michael Redd,Richard Jefferson,1,7:34,MIL,sub,,,,Luc Richard Mbah a Moute,,Charlie Villanueva,,,,,,,,,,,,
Beno Udrih,Brad Miller,Jason Thompson,John Salmons,Kevin Martin,Francisco Elson,Luc Richard Mbah a Moute,Luke Ridnour,Michael Redd,Richard Jefferson,1,7:34,MIL,sub,,,,Francisco Elson,,Dan Gadzuric,,,,,,,,,,,,
Beno Udrih,Brad Miller,Jason Thompson,John Salmons,Kevin Martin,Francisco Elson,Luc Richard Mbah a Moute,Luke Ridnour,Michael Redd,Richard Jefferson,1,7:34,SAC,free throw,,,,,,,2,,2,Kevin Martin,,,foul,made,,,,
Beno Udrih,Brad Miller,Jason Thompson,John Salmons,Kevin Martin,Francisco Elson,Luc Richard Mbah a Moute,Luke Ridnour,Michael Redd,Richard Jefferson,1,7:15,MIL,shot,,,,,,,,,,Francisco Elson,2,,,made,,jump,40,5
Beno Udrih,Brad Miller,Jason Thompson,John Salmons,Kevin Martin,Francisco Elson,Luc Richard Mbah a Moute,Luke Ridnour,Michael Redd,Richard Jefferson,1,7:00,SAC,shot,,,,,,,,,,John Salmons,,,,missed,,jump,17,12
Beno Udrih,Brad Miller,Jason Thompson,John Salmons,Kevin Martin,Francisco Elson,Luc Richard Mbah a Moute,Luke Ridnour,Michael Redd,Richard Jefferson,1,6:58,MIL,rebound,,,,,,,,,,Luc Richard Mbah a Moute,,,,,,def,,
Beno Udrih,Brad Miller,Jason Thompson,John Salmons,Kevin Martin,Francisco Elson,Luc Richard Mbah a Moute,Luke Ridnour,Michael Redd,Richard Jefferson,1,6:49,MIL,shot,,,,,,,,,,Richard Jefferson,,,,missed,,jump,15,18
Beno Udrih,Brad Miller,Jason Thompson,John Salmons,Kevin Martin,Francisco Elson,Luc Richard Mbah a Moute,Luke Ridnour,Michael Redd,Richard Jefferson,1,6:48,SAC,rebound,,,,,,,,,,,,,,,,,,
Beno Udrih,Francisco Garcia,Jason Thompson,John Salmons,Kevin Martin,Francisco Elson,Luc Richard Mbah a Moute,Luke Ridnour,Michael Redd,Richard Jefferson,1,6:48,SAC,sub,,,,Francisco Garcia,,Brad Miller,,,,,,,,,,,,
Beno Udrih,Francisco Garcia,Jason Thompson,John Salmons,Kevin Martin,Francisco Elson,Luc Richard Mbah a Moute,Luke Ridnour,Michael Redd,Richard Jefferson,1,6:35,SAC,turnover,,,,,,,,,,Kevin Martin,,,lost ball,,Richard Jefferson,,,
Beno Udrih,Francisco Garcia,Jason Thompson,John Salmons,Kevin Martin,Francisco Elson,Luc Richard Mbah a Moute,Luke Ridnour,Michael Redd,Richard Jefferson,1,6:28,MIL,shot,Luke Ridnour,,,,,,,,,Michael Redd,2,,,made,,layup,25,6
Beno Udrih,Francisco Garcia,Jason Thompson,John Salmons,Kevin Martin,Francisco Elson,Luc Richard Mbah a Moute,Luke Ridnour,Michael Redd,Richard Jefferson,1,6:17,SAC,shot,,,Luke Ridnour,,,,,,,Beno Udrih,,,,missed,,jump,10,6
Beno Udrih,Francisco Garcia,Jason Thompson,John Salmons,Kevin Martin,Francisco Elson,Luc Richard Mbah a Moute,Luke Ridnour,Michael Redd,Richard Jefferson,1,6:13,SAC,rebound,,,,,,,,,,Jason Thompson,,,,,,off,,
Beno Udrih,Francisco Garcia,Jason Thompson,John Salmons,Kevin Martin,Francisco Elson,Luc Richard Mbah a Moute,Luke Ridnour,Michael Redd,Richard Jefferson,1,6:12,SAC,shot,,,,,,,,,,Jason Thompson,2,,,made,,layup,25,6
Beno Udrih,Francisco Garcia,Jason Thompson,John Salmons,Kevin Martin,Francisco Elson,Luc Richard Mbah a Moute,Luke Ridnour,Michael Redd,Richard Jefferson,1,5:56,MIL,shot,,,,,,,,,,Francisco Elson,,,,missed,,jump,40,13
Beno Udrih,Francisco Garcia,Jason Thompson,John Salmons,Kevin Martin,Francisco Elson,Luc Richard Mbah a Moute,Luke Ridnour,Michael Redd,Richard Jefferson,1,5:56,MIL,rebound,,,,,,,,,,Luc Richard Mbah a Moute,,,,,,off,,
Beno Udrih,Francisco Garcia,Jason Thompson,John Salmons,Kevin Martin,Francisco Elson,Luc Richard Mbah a Moute,Luke Ridnour,Michael Redd,Richard Jefferson,1,5:56,SAC,foul,,,,,,,,Luc Richard Mbah a Moute,,Jason Thompson,,,,,,shooting,,
Beno Udrih,Francisco Garcia,Jason Thompson,John Salmons,Kevin Martin,Francisco Elson,Luc Richard Mbah a Moute,Luke Ridnour,Michael Redd,Richard Jefferson,1,5:56,MIL,timeout,,,,,,,,,,,,,,,,regular,,
Beno Udrih,Francisco Garcia,Jason Thompson,John Salmons,Kevin Martin,Francisco Elson,Luc Richard Mbah a Moute,Luke Ridnour,Michael Redd,Richard Jefferson,1,5:56,MIL,free throw,,,,,,,1,,2,Luc Richard Mbah a Moute,,,foul,made,,,,
Beno Udrih,Francisco Garcia,Jason Thompson,John Salmons,Kevin Martin,Francisco Elson,Luc Richard Mbah a Moute,Luke Ridnour,Michael Redd,Richard Jefferson,1,5:56,MIL,free throw,,,,,,,2,,2,Luc Richard Mbah a Moute,,,foul,missed,,,,
Beno Udrih,Francisco Garcia,Jason Thompson,John Salmons,Kevin Martin,Francisco Elson,Luc Richard Mbah a Moute,Luke Ridnour,Michael Redd,Richard Jefferson,1,5:54,SAC,rebound,,,,,,,,,,Jason Thompson,,,,,,def,,
Beno Udrih,Francisco Garcia,Jason Thompson,John Salmons,Kevin Martin,Francisco Elson,Luc Richard Mbah a Moute,Luke Ridnour,Michael Redd,Richard Jefferson,1,5:44,MIL,foul,,,,,,,,,,Francisco Elson,,,,,,defense 3 second,,
Beno Udrih,Francisco Garcia,Jason Thompson,John Salmons,Kevin Martin,Francisco Elson,Luc Richard Mbah a Moute,Luke Ridnour,Michael Redd,Richard Jefferson,1,5:44,SAC,free throw,,,,,,,1,,1,Kevin Martin,,,technical,made,,,,
Beno Udrih,Francisco Garcia,Jason Thompson,John Salmons,Kevin Martin,Francisco Elson,Luc Richard Mbah a Moute,Luke Ridnour,Michael Redd,Richard Jefferson,1,5:26,SAC,shot,,,,,,,,,,Beno Udrih,3,,,made,,3pt,48,5
Beno Udrih,Francisco Garcia,Jason Thompson,John Salmons,Kevin Martin,Francisco Elson,Luc Richard Mbah a Moute,Luke Ridnour,Michael Redd,Richard Jefferson,1,5:04,MIL,shot,,,,,,,,,,Luke Ridnour,,,,missed,,layup,25,6
Beno Udrih,Francisco Garcia,Jason Thompson,John Salmons,Kevin Martin,Francisco Elson,Luc Richard Mbah a Moute,Luke Ridnour,Michael Redd,Richard Jefferson,1,5:03,SAC,rebound,,,,,,,,,,Jason Thompson,,,,,,def,,
Beno Udrih,Francisco Garcia,Jason Thompson,John Salmons,Kevin Martin,Francisco Elson,Luc Richard Mbah a Moute,Luke Ridnour,Michael Redd,Richard Jefferson,1,4:52,SAC,shot,,,,,,,,,,Kevin Martin,2,,,made,,jump,44,10
Beno Udrih,Francisco Garcia,Jason Thompson,John Salmons,Kevin Martin,Francisco Elson,Luc Richard Mbah a Moute,Luke Ridnour,Michael Redd,Richard Jefferson,1,4:40,MIL,shot,Luke Ridnour,,,,,,,,,Richard Jefferson,2,,,made,,layup,25,6
Beno Udrih,Francisco Garcia,Jason Thompson,John Salmons,Kevin Martin,Francisco Elson,Luc Richard Mbah a Moute,Luke Ridnour,Michael Redd,Richard Jefferson,1,4:20,MIL,foul,,,,,,,,Kevin Martin,,Luke Ridnour,,,,,,shooting,,
Beno Udrih,Francisco Garcia,John Salmons,Kevin Martin,Spencer Hawes,Francisco Elson,Luc Richard Mbah a Moute,Luke Ridnour,Michael Redd,Richard Jefferson,1,4:20,SAC,sub,,,,Spencer Hawes,,Jason Thompson,,,,,,,,,,,,
Beno Udrih,Francisco Garcia,John Salmons,Kevin Martin,Spencer Hawes,Francisco Elson,Luc Richard Mbah a Moute,Luke Ridnour,Michael Redd,Richard Jefferson,1,4:20,SAC,free throw,,,,,,,1,,2,Kevin Martin,,,foul,made,,,,
Beno Udrih,Francisco Garcia,John Salmons,Kevin Martin,Spencer Hawes,Francisco Elson,Luc Richard Mbah a Moute,Luke Ridnour,Michael Redd,Richard Jefferson,1,4:20,SAC,free throw,,,,,,,2,,2,Kevin Martin,,,foul,made,,,,
Beno Udrih,Francisco Garcia,John Salmons,Kevin Martin,Spencer Hawes,Francisco Elson,Luc Richard Mbah a Moute,Luke Ridnour,Michael Redd,Richard Jefferson,1,3:59,MIL,shot,Luke Ridnour,,,,,,,,,Luc Richard Mbah a Moute,2,,,made,,layup,25,6
Beno Udrih,Francisco Garcia,John Salmons,Kevin Martin,Spencer Hawes,Francisco Elson,Luc Richard Mbah a Moute,Luke Ridnour,Michael Redd,Richard Jefferson,1,3:37,SAC,shot,Beno Udrih,,,,,,,,,Francisco Garcia,3,,,made,,3pt,8,27
Beno Udrih,Francisco Garcia,John Salmons,Kevin Martin,Spencer Hawes,Francisco Elson,Luc Richard Mbah a Moute,Luke Ridnour,Michael Redd,Richard Jefferson,1,3:26,SAC,foul,,,,,,,,Luc Richard Mbah a Moute,,Spencer Hawes,,,,,,shooting,,
Beno Udrih,Francisco Garcia,John Salmons,Kevin Martin,Spencer Hawes,Francisco Elson,Luc Richard Mbah a Moute,Luke Ridnour,Michael Redd,Richard Jefferson,1,3:26,MIL,free throw,,,,,,,1,,2,Luc Richard Mbah a Moute,,,foul,made,,,,
Beno Udrih,Francisco Garcia,John Salmons,Kevin Martin,Spencer Hawes,Francisco Elson,Luc Richard Mbah a Moute,Michael Redd,Ramon Sessions,Richard Jefferson,1,3:26,MIL,sub,,,,Ramon Sessions,,Luke Ridnour,,,,,,,,,,,,
Beno Udrih,Francisco Garcia,John Salmons,Kevin Martin,Spencer Hawes,Francisco Elson,Luc Richard Mbah a Moute,Michael Redd,Ramon Sessions,Richard Jefferson,1,3:26,MIL,free throw,,,,,,,2,,2,Luc Richard Mbah a Moute,,,foul,made,,,,
Beno Udrih,Francisco Garcia,John Salmons,Kevin Martin,Spencer Hawes,Francisco Elson,Luc Richard Mbah a Moute,Michael Redd,Ramon Sessions,Richard Jefferson,1,3:18,MIL,foul,,,,,,,,Kevin Martin,,Luc Richard Mbah a Moute,,,,,,personal,,
Beno Udrih,Francisco Garcia,John Salmons,Kevin Martin,Spencer Hawes,Francisco Elson,Luc Richard Mbah a Moute,Michael Redd,Ramon Sessions,Richard Jefferson,1,3:09,MIL,foul,,,,,,,,Kevin Martin,,Luc Richard Mbah a Moute,,,,,,shooting,,
Bobby Brown,Francisco Garcia,John Salmons,Kevin Martin,Spencer Hawes,Francisco Elson,Luc Richard Mbah a Moute,Michael Redd,Ramon Sessions,Richard Jefferson,1,3:09,SAC,sub,,,,Bobby Brown,,Beno Udrih,,,,,,,,,,,,
Bobby Brown,Francisco Garcia,John Salmons,Kevin Martin,Spencer Hawes,Francisco Elson,Luc Richard Mbah a Moute,Michael Redd,Ramon Sessions,Richard Jefferson,1,3:09,SAC,free throw,,,,,,,1,,2,Kevin Martin,,,foul,made,,,,
Bobby Brown,Francisco Garcia,John Salmons,Kevin Martin,Spencer Hawes,Charlie Villanueva,Francisco Elson,Michael Redd,Ramon Sessions,Richard Jefferson,1,3:09,MIL,sub,,,,Charlie Villanueva,,Luc Richard Mbah a Moute,,,,,,,,,,,,
Bobby Brown,Bobby Jackson,Francisco Garcia,Kevin Martin,Spencer Hawes,Charlie Villanueva,Francisco Elson,Michael Redd,Ramon Sessions,Richard Jefferson,1,3:09,SAC,sub,,,,Bobby Jackson,,John Salmons,,,,,,,,,,,,
Bobby Brown,Bobby Jackson,Francisco Garcia,Kevin Martin,Spencer Hawes,Charlie Villanueva,Francisco Elson,Michael Redd,Ramon Sessions,Richard Jefferson,1,3:09,SAC,free throw,,,,,,,2,,2,Kevin Martin,,,foul,made,,,,
Bobby Brown,Bobby Jackson,Francisco Garcia,Kevin Martin,Spencer Hawes,Charlie Villanueva,Francisco Elson,Michael Redd,Ramon Sessions,Richard Jefferson,1,2:55,SAC,foul,,,,,,,,Charlie Villanueva,,Francisco Garcia,,,,,,shooting,,
Bobby Brown,Bobby Jackson,Francisco Garcia,Kevin Martin,Spencer Hawes,Charlie Villanueva,Francisco Elson,Michael Redd,Ramon Sessions,Richard Jefferson,1,2:55,SAC,timeout,,,,,,,,,,,,,,,,regular,,
Bobby Brown,Bobby Jackson,Francisco Garcia,Kevin Martin,Spencer Hawes,Charlie Villanueva,Francisco Elson,Michael Redd,Ramon Sessions,Richard Jefferson,1,2:55,MIL,free throw,,,,,,,1,,2,Charlie Villanueva,,,foul,made,,,,
Bobby Brown,Bobby Jackson,Francisco Garcia,Kevin Martin,Spencer Hawes,Charlie Villanueva,Francisco Elson,Michael Redd,Ramon Sessions,Richard Jefferson,1,2:55,MIL,free throw,,,,,,,2,,2,Charlie Villanueva,,,foul,made,,,,
Bobby Brown,Bobby Jackson,Francisco Garcia,Kevin Martin,Spencer Hawes,Charlie Villanueva,Francisco Elson,Michael Redd,Ramon Sessions,Richard Jefferson,1,2:41,SAC,shot,,,,,,,,,,Spencer Hawes,,,,missed,,layup,25,6
Bobby Brown,Bobby Jackson,Francisco Garcia,Kevin Martin,Spencer Hawes,Charlie Villanueva,Francisco Elson,Michael Redd,Ramon Sessions,Richard Jefferson,1,2:40,MIL,rebound,,,,,,,,,,Ramon Sessions,,,,,,def,,
Bobby Brown,Bobby Jackson,Francisco Garcia,Kevin Martin,Spencer Hawes,Charlie Villanueva,Francisco Elson,Michael Redd,Ramon Sessions,Richard Jefferson,1,2:36,MIL,shot,Ramon Sessions,,,,,,,,,Richard Jefferson,2,,,made,,layup,25,6
Bobby Brown,Bobby Jackson,Francisco Garcia,Kevin Martin,Spencer Hawes,Charlie Villanueva,Francisco Elson,Michael Redd,Ramon Sessions,Richard Jefferson,1,2:30,MIL,foul,,,,,,,,Bobby Jackson,,Michael Redd,,,,,,personal,,
Bobby Brown,Bobby Jackson,Francisco Garcia,Kevin Martin,Spencer Hawes,Charlie Villanueva,Francisco Elson,Michael Redd,Ramon Sessions,Richard Jefferson,1,2:30,SAC,free throw,,,,,,,1,,2,Bobby Jackson,,,foul,made,,,,
Bobby Brown,Bobby Jackson,Francisco Garcia,Kevin Martin,Spencer Hawes,Charlie Villanueva,Francisco Elson,Michael Redd,Ramon Sessions,Richard Jefferson,1,2:30,SAC,free throw,,,,,,,2,,2,Bobby Jackson,,,foul,made,,,,
Bobby Brown,Bobby Jackson,Francisco Garcia,Kevin Martin,Spencer Hawes,Charlie Villanueva,Francisco Elson,Michael Redd,Ramon Sessions,Richard Jefferson,1,2:15,MIL,shot,,,,,,,,,,Charlie Villanueva,,,,missed,,running hook,35,5
Bobby Brown,Bobby Jackson,Francisco Garcia,Kevin Martin,Spencer Hawes,Charlie Villanueva,Francisco Elson,Michael Redd,Ramon Sessions,Richard Jefferson,1,2:13,MIL,rebound,,,,,,,,,,Charlie Villanueva,,,,,,off,,
Bobby Brown,Bobby Jackson,Francisco Garcia,Kevin Martin,Spencer Hawes,Charlie Villanueva,Francisco Elson,Michael Redd,Ramon Sessions,Richard Jefferson,1,2:09,MIL,shot,Richard Jefferson,,,,,,,,,Michael Redd,2,,,made,,dunk,25,6
Bobby Brown,Bobby Jackson,Francisco Garcia,Kevin Martin,Spencer Hawes,Charlie Villanueva,Francisco Elson,Michael Redd,Ramon Sessions,Richard Jefferson,1,1:55,SAC,turnover,,,,,,,,,,Spencer Hawes,,,traveling,,,,,
Bobby Brown,Bobby Jackson,Francisco Garcia,Kevin Martin,Spencer Hawes,Charlie Villanueva,Francisco Elson,Michael Redd,Ramon Sessions,Richard Jefferson,1,1:42,SAC,foul,,,,,,,,Michael Redd,,Spencer Hawes,,,,,,shooting,,
Bobby Brown,Bobby Jackson,Francisco Garcia,Kevin Martin,Spencer Hawes,Charlie Villanueva,Francisco Elson,Michael Redd,Ramon Sessions,Richard Jefferson,1,1:42,MIL,free throw,,,,,,,1,,2,Michael Redd,,,foul,made,,,,
Bobby Brown,Bobby Jackson,Brad Miller,Francisco Garcia,Kevin Martin,Charlie Villanueva,Francisco Elson,Michael Redd,Ramon Sessions,Richard Jefferson,1,1:42,SAC,sub,,,,Brad Miller,,Spencer Hawes,,,,,,,,,,,,
Bobby Brown,Bobby Jackson,Brad Miller,Francisco Garcia,Kevin Martin,Charlie Villanueva,Francisco Elson,Michael Redd,Ramon Sessions,Tyronn Lue,1,1:42,MIL,sub,,,,Tyronn Lue,,Richard Jefferson,,,,,,,,,,,,
Bobby Brown,Bobby Jackson,Brad Miller,Francisco Garcia,Kevin Martin,Charlie Villanueva,Francisco Elson,Michael Redd,Ramon Sessions,Tyronn Lue,1,1:42,MIL,free throw,,,,,,,2,,2,Michael Redd,,,foul,made,,,,
Bobby Brown,Bobby Jackson,Brad Miller,Francisco Garcia,Kevin Martin,Charlie Villanueva,Francisco Elson,Michael Redd,Ramon Sessions,Tyronn Lue,1,1:23,SAC,shot,Brad Miller,,,,,,,,,Francisco Garcia,2,,,made,,jump,7,16
Bobby Brown,Bobby Jackson,Brad Miller,Francisco Garcia,Kevin Martin,Charlie Villanueva,Francisco Elson,Michael Redd,Ramon Sessions,Tyronn Lue,1,1:06,MIL,shot,Michael Redd,,,,,,,,,Charlie Villanueva,2,,,made,,dunk,25,6
Bobby Brown,Bobby Jackson,Brad Miller,Francisco Garcia,Kevin Martin,Charlie Villanueva,Francisco Elson,Michael Redd,Ramon Sessions,Tyronn Lue,1,1:06,SAC,foul,,,,,,,,Charlie Villanueva,,Brad Miller,,,,,,shooting,,
Bobby Brown,Bobby Jackson,Brad Miller,Francisco Garcia,Jason Thompson,Charlie Villanueva,Francisco Elson,Michael Redd,Ramon Sessions,Tyronn Lue,1,1:06,SAC,sub,,,,Jason Thompson,,Kevin Martin,,,,,,,,,,,,
Bobby Brown,Bobby Jackson,Brad Miller,Francisco Garcia,Jason Thompson,Charlie Villanueva,Francisco Elson,Michael Redd,Ramon Sessions,Tyronn Lue,1,1:06,MIL,free throw,,,,,,,1,,1,Charlie Villanueva,,,foul,made,,,,
Bobby Brown,Bobby Jackson,Brad Miller,Francisco Garcia,Jason Thompson,Charlie Villanueva,Francisco Elson,Michael Redd,Ramon Sessions,Tyronn Lue,1,0:59,SAC,shot,,,,,,,,,,Francisco Garcia,,,,missed,,jump,19,18
Bobby Brown,Bobby Jackson,Brad Miller,Francisco Garcia,Jason Thompson,Charlie Villanueva,Francisco Elson,Michael Redd,Ramon Sessions,Tyronn Lue,1,0:57,SAC,rebound,,,,,,,,,,Bobby Jackson,,,,,,off,,
Bobby Brown,Bobby Jackson,Brad Miller,Francisco Garcia,Jason Thompson,Charlie Villanueva,Francisco Elson,Michael Redd,Ramon Sessions,Tyronn Lue,1,0:54,SAC,shot,,,,,,,,,,Bobby Jackson,2,,,made,,jump,35,4
Bobby Brown,Bobby Jackson,Brad Miller,Francisco Garcia,Jason Thompson,Charlie Villanueva,Francisco Elson,Michael Redd,Ramon Sessions,Tyronn Lue,1,0:44,MIL,shot,,,,,,,,,,Charlie Villanueva,,,,missed,,layup,25,6
Bobby Brown,Bobby Jackson,Brad Miller,Francisco Garcia,Jason Thompson,Charlie Villanueva,Francisco Elson,Michael Redd,Ramon Sessions,Tyronn Lue,1,0:42,SAC,rebound,,,,,,,,,,Brad Miller,,,,,,def,,
Bobby Brown,Bobby Jackson,Brad Miller,Francisco Garcia,Jason Thompson,Charlie Villanueva,Francisco Elson,Michael Redd,Ramon Sessions,Tyronn Lue,1,0:37,SAC,shot,,,,,,,,,,Bobby Jackson,,,,missed,,3pt,1,12
Bobby Brown,Bobby Jackson,Brad Miller,Francisco Garcia,Jason Thompson,Charlie Villanueva,Francisco Elson,Michael Redd,Ramon Sessions,Tyronn Lue,1,0:36,MIL,rebound,,,,,,,,,,Francisco Elson,,,,,,def,,
Bobby Brown,Bobby Jackson,Brad Miller,Francisco Garcia,Jason Thompson,Charlie Villanueva,Francisco Elson,Michael Redd,Ramon Sessions,Tyronn Lue,1,0:20,MIL,shot,Michael Redd,,,,,,,,,Ramon Sessions,2,,,made,,jump,6,5
Bobby Brown,Bobby Jackson,Brad Miller,Francisco Garcia,Jason Thompson,Charlie Villanueva,Francisco Elson,Michael Redd,Ramon Sessions,Tyronn Lue,1,0:02,SAC,shot,,,,,,,,,,Bobby Jackson,,,,missed,,3pt,47,16
Bobby Brown,Bobby Jackson,Brad Miller,Francisco Garcia,Jason Thompson,Charlie Villanueva,Francisco Elson,Michael Redd,Ramon Sessions,Tyronn Lue,1,0:00,MIL,rebound,,,,,,,,,,Michael Redd,,,,,,def,,
Bobby Brown,Bobby Jackson,Brad Miller,Jason Thompson,John Salmons,Charlie Villanueva,Francisco Elson,Ramon Sessions,Richard Jefferson,Tyronn Lue,2,11:42,SAC,shot,Brad Miller,,,,,,,,,Bobby Brown,2,,,made,,jump,42,16
Bobby Brown,Bobby Jackson,Brad Miller,Jason Thompson,John Salmons,Charlie Villanueva,Francisco Elson,Ramon Sessions,Richard Jefferson,Tyronn Lue,2,11:33,SAC,foul,,,,,,,,Tyronn Lue,,Bobby Brown,,,,,,personal,,
Bobby Brown,Bobby Jackson,Brad Miller,Jason Thompson,John Salmons,Charlie Villanueva,Francisco Elson,Ramon Sessions,Richard Jefferson,Tyronn Lue,2,11:18,MIL,shot,,,,,,,,,,Charlie Villanueva,,,,missed,,3pt,45,22
Bobby Brown,Bobby Jackson,Brad Miller,Jason Thompson,John Salmons,Charlie Villanueva,Francisco Elson,Ramon Sessions,Richard Jefferson,Tyronn Lue,2,11:17,SAC,rebound,,,,,,,,,,Jason Thompson,,,,,,def,,
Bobby Brown,Bobby Jackson,Brad Miller,Jason Thompson,John Salmons,Charlie Villanueva,Francisco Elson,Ramon Sessions,Richard Jefferson,Tyronn Lue,2,11:00,SAC,shot,,,,,,,,,,Bobby Brown,2,,,made,,layup,25,6
Bobby Brown,Bobby Jackson,Brad Miller,Jason Thompson,John Salmons,Charlie Villanueva,Francisco Elson,Ramon Sessions,Richard Jefferson,Tyronn Lue,2,11:00,MIL,violation,,,,,,,,,,Francisco Elson,,,,,,defensive goaltending,,
Bobby Brown,Bobby Jackson,Brad Miller,Jason Thompson,John Salmons,Charlie Villanueva,Francisco Elson,Ramon Sessions,Richard Jefferson,Tyronn Lue,2,10:39,MIL,shot,,,,,,,,,,Ramon Sessions,,,,missed,,jump,12,22
Bobby Brown,Bobby Jackson,Brad Miller,Jason Thompson,John Salmons,Charlie Villanueva,Francisco Elson,Ramon Sessions,Richard Jefferson,Tyronn Lue,2,10:38,SAC,rebound,,,,,,,,,,John Salmons,,,,,,def,,
Bobby Brown,Bobby Jackson,Brad Miller,Jason Thompson,John Salmons,Charlie Villanueva,Francisco Elson,Ramon Sessions,Richard Jefferson,Tyronn Lue,2,10:34,SAC,shot,,,,,,,,,,Bobby Brown,,,,missed,,layup,25,6
Bobby Brown,Bobby Jackson,Brad Miller,Jason Thompson,John Salmons,Charlie Villanueva,Francisco Elson,Ramon Sessions,Richard Jefferson,Tyronn Lue,2,10:33,SAC,rebound,,,,,,,,,,Jason Thompson,,,,,,off,,
Bobby Brown,Bobby Jackson,Brad Miller,Jason Thompson,John Salmons,Charlie Villanueva,Francisco Elson,Ramon Sessions,Richard Jefferson,Tyronn Lue,2,10:33,MIL,foul,,,,,,,,Jason Thompson,,Charlie Villanueva,,,,,,personal,,
Bobby Brown,Bobby Jackson,Brad Miller,Jason Thompson,John Salmons,Francisco Elson,Luc Richard Mbah a Moute,Ramon Sessions,Richard Jefferson,Tyronn Lue,2,10:33,MIL,sub,,,,Luc Richard Mbah a Moute,,Charlie Villanueva,,,,,,,,,,,,
Bobby Brown,Bobby Jackson,Brad Miller,Jason Thompson,John Salmons,Francisco Elson,Luc Richard Mbah a Moute,Ramon Sessions,Richard Jefferson,Tyronn Lue,2,10:26,SAC,turnover,,,,,,,,,,John Salmons,,,lost ball,,Francisco Elson,,,
Bobby Brown,Bobby Jackson,Brad Miller,Jason Thompson,John Salmons,Francisco Elson,Luc Richard Mbah a Moute,Ramon Sessions,Richard Jefferson,Tyronn Lue,2,10:25,SAC,foul,,,,,,,,Ramon Sessions,,Bobby Brown,,,,,,shooting,,
Bobby Brown,Bobby Jackson,Brad Miller,Jason Thompson,John Salmons,Francisco Elson,Luc Richard Mbah a Moute,Ramon Sessions,Richard Jefferson,Tyronn Lue,2,10:25,MIL,free throw,,,,,,,1,,2,Ramon Sessions,,,foul,made,,,,
Bobby Brown,Bobby Jackson,Brad Miller,Jason Thompson,John Salmons,Francisco Elson,Luc Richard Mbah a Moute,Ramon Sessions,Richard Jefferson,Tyronn Lue,2,10:25,MIL,free throw,,,,,,,2,,2,Ramon Sessions,,,foul,made,,,,
Bobby Brown,Bobby Jackson,Brad Miller,Jason Thompson,John Salmons,Francisco Elson,Luc Richard Mbah a Moute,Ramon Sessions,Richard Jefferson,Tyronn Lue,2,10:07,SAC,shot,,,,,,,,,,Jason Thompson,,,,missed,,jump,25,19
Bobby Brown,Bobby Jackson,Brad Miller,Jason Thompson,John Salmons,Francisco Elson,Luc Richard Mbah a Moute,Ramon Sessions,Richard Jefferson,Tyronn Lue,2,10:07,MIL,rebound,,,,,,,,,,Luc Richard Mbah a Moute,,,,,,def,,
Bobby Brown,Bobby Jackson,Brad Miller,Jason Thompson,John Salmons,Francisco Elson,Luc Richard Mbah a Moute,Ramon Sessions,Richard Jefferson,Tyronn Lue,2,10:07,SAC,foul,,,,,,,,Luc Richard Mbah a Moute,,Jason Thompson,,,,,,loose ball,,
Bobby Brown,Bobby Jackson,Brad Miller,Jason Thompson,John Salmons,Francisco Elson,Luc Richard Mbah a Moute,Ramon Sessions,Richard Jefferson,Tyronn Lue,2,9:48,MIL,shot,,,,,,,,,,Richard Jefferson,,,,missed,,jump,37,10
Bobby Brown,Bobby Jackson,Brad Miller,Jason Thompson,John Salmons,Francisco Elson,Luc Richard Mbah a Moute,Ramon Sessions,Richard Jefferson,Tyronn Lue,2,9:47,MIL,rebound,,,,,,,,,,Francisco Elson,,,,,,off,,
Bobby Brown,Bobby Jackson,Brad Miller,Jason Thompson,John Salmons,Francisco Elson,Luc Richard Mbah a Moute,Ramon Sessions,Richard Jefferson,Tyronn Lue,2,9:43,MIL,shot,,,,,,,,,,Richard Jefferson,,,,missed,,jump,24,21
Bobby Brown,Bobby Jackson,Brad Miller,Jason Thompson,John Salmons,Francisco Elson,Luc Richard Mbah a Moute,Ramon Sessions,Richard Jefferson,Tyronn Lue,2,9:42,MIL,rebound,,,,,,,,,,Ramon Sessions,,,,,,off,,
Bobby Brown,Bobby Jackson,Brad Miller,Jason Thompson,John Salmons,Francisco Elson,Luc Richard Mbah a Moute,Ramon Sessions,Richard Jefferson,Tyronn Lue,2,9:25,MIL,shot,Richard Jefferson,,,,,,,,,Francisco Elson,2,,,made,,jump,17,19
Bobby Brown,Bobby Jackson,Brad Miller,Jason Thompson,John Salmons,Francisco Elson,Luc Richard Mbah a Moute,Ramon Sessions,Richard Jefferson,Tyronn Lue,2,9:09,SAC,shot,,,,,,,,,,Bobby Brown,,,,missed,,jump,8,7
Bobby Brown,Bobby Jackson,Brad Miller,Jason Thompson,John Salmons,Francisco Elson,Luc Richard Mbah a Moute,Ramon Sessions,Richard Jefferson,Tyronn Lue,2,9:08,MIL,rebound,,,,,,,,,,Luc Richard Mbah a Moute,,,,,,def,,
Bobby Brown,Bobby Jackson,Brad Miller,Jason Thompson,John Salmons,Francisco Elson,Luc Richard Mbah a Moute,Ramon Sessions,Richard Jefferson,Tyronn Lue,2,9:05,SAC,foul,,,,,,,,Francisco Elson,,Bobby Brown,,,,,,shooting,,
Beno Udrih,Bobby Brown,Bobby Jackson,Brad Miller,John Salmons,Francisco Elson,Luc Richard Mbah a Moute,Ramon Sessions,Richard Jefferson,Tyronn Lue,2,9:05,SAC,sub,,,,Beno Udrih,,Jason Thompson,,,,,,,,,,,,
Beno Udrih,Bobby Jackson,Brad Miller,Francisco Garcia,John Salmons,Francisco Elson,Luc Richard Mbah a Moute,Ramon Sessions,Richard Jefferson,Tyronn Lue,2,9:05,SAC,sub,,,,Francisco Garcia,,Bobby Brown,,,,,,,,,,,,
Beno Udrih,Brad Miller,Francisco Garcia,John Salmons,Kevin Martin,Francisco Elson,Luc Richard Mbah a Moute,Ramon Sessions,Richard Jefferson,Tyronn Lue,2,9:05,SAC,sub,,,,Kevin Martin,,Bobby Jackson,,,,,,,,,,,,
Beno Udrih,Brad Miller,Francisco Garcia,John Salmons,Kevin Martin,Francisco Elson,Luc Richard Mbah a Moute,Ramon Sessions,Richard Jefferson,Tyronn Lue,2,9:05,MIL,free throw,,,,,,,1,,2,Francisco Elson,,,foul,missed,,,,
Beno Udrih,Brad Miller,Francisco Garcia,John Salmons,Kevin Martin,Francisco Elson,Luc Richard Mbah a Moute,Ramon Sessions,Richard Jefferson,Tyronn Lue,2,9:05,MIL,rebound,,,,,,,,,,,,,,,,,,
Beno Udrih,Brad Miller,Francisco Garcia,John Salmons,Kevin Martin,Francisco Elson,Luc Richard Mbah a Moute,Ramon Sessions,Richard Jefferson,Tyronn Lue,2,9:05,MIL,free throw,,,,,,,2,,2,Francisco Elson,,,foul,missed,,,,
Beno Udrih,Brad Miller,Francisco Garcia,John Salmons,Kevin Martin,Francisco Elson,Luc Richard Mbah a Moute,Ramon Sessions,Richard Jefferson,Tyronn Lue,2,9:04,SAC,rebound,,,,,,,,,,Brad Miller,,,,,,def,,
Beno Udrih,Brad Miller,Francisco Garcia,John Salmons,Kevin Martin,Francisco Elson,Luc Richard Mbah a Moute,Ramon Sessions,Richard Jefferson,Tyronn Lue,2,8:47,SAC,shot,,,,,,,,,,Brad Miller,2,,,made,,driving layup,25,6
Beno Udrih,Brad Miller,Francisco Garcia,John Salmons,Kevin Martin,Francisco Elson,Luc Richard Mbah a Moute,Ramon Sessions,Richard Jefferson,Tyronn Lue,2,8:28,MIL,shot,Luc Richard Mbah a Moute,,,,,,,,,Richard Jefferson,2,,,made,,jump,26,21
Beno Udrih,Brad Miller,Francisco Garcia,John Salmons,Kevin Martin,Francisco Elson,Luc Richard Mbah a Moute,Ramon Sessions,Richard Jefferson,Tyronn Lue,2,8:20,SAC,turnover,,,,,,,,,,Kevin Martin,,,bad pass,,Francisco Elson,,,
Beno Udrih,Brad Miller,Francisco Garcia,John Salmons,Kevin Martin,Francisco Elson,Luc Richard Mbah a Moute,Ramon Sessions,Richard Jefferson,Tyronn Lue,2,8:17,MIL,shot,,,,,,,,,,Francisco Elson,2,,,made,,dunk,25,6
Beno Udrih,Brad Miller,Francisco Garcia,John Salmons,Kevin Martin,Francisco Elson,Luc Richard Mbah a Moute,Ramon Sessions,Richard Jefferson,Tyronn Lue,2,7:57,SAC,shot,Brad Miller,,,,,,,,,Beno Udrih,2,,,made,,jump,41,4
Beno Udrih,Brad Miller,Francisco Garcia,John Salmons,Kevin Martin,Francisco Elson,Luc Richard Mbah a Moute,Ramon Sessions,Richard Jefferson,Tyronn Lue,2,7:48,MIL,shot,,,,,,,,,,Ramon Sessions,2,,,made,,jump,24,12
Beno Udrih,Brad Miller,Francisco Garcia,John Salmons,Kevin Martin,Francisco Elson,Luc Richard Mbah a Moute,Ramon Sessions,Richard Jefferson,Tyronn Lue,2,7:33,SAC,shot,,,,,,,,,,Brad Miller,,,,missed,,layup,25,6
Beno Udrih,Brad Miller,Francisco Garcia,John Salmons,Kevin Martin,Francisco Elson,Luc Richard Mbah a Moute,Ramon Sessions,Richard Jefferson,Tyronn Lue,2,7:32,MIL,rebound,,,,,,,,,,Francisco Elson,,,,,,def,,
Beno Udrih,Brad Miller,Francisco Garcia,John Salmons,Kevin Martin,Francisco Elson,Luc Richard Mbah a Moute,Ramon Sessions,Richard Jefferson,Tyronn Lue,2,7:29,SAC,foul,,,,,,,,Ramon Sessions,,Beno Udrih,,,,,,personal,,
Beno Udrih,Brad Miller,Francisco Garcia,John Salmons,Kevin Martin,Francisco Elson,Luc Richard Mbah a Moute,Ramon Sessions,Richard Jefferson,Tyronn Lue,2,7:29,OFF,timeout,,,,,,,,,,,,,,,,official,,
Beno Udrih,Brad Miller,Francisco Garcia,John Salmons,Kevin Martin,Francisco Elson,Luc Richard Mbah a Moute,Ramon Sessions,Richard Jefferson,Tyronn Lue,2,7:29,MIL,free throw,,,,,,,1,,2,Ramon Sessions,,,foul,made,,,,
Beno Udrih,Brad Miller,Francisco Garcia,John Salmons,Kevin Martin,Francisco Elson,Luc Richard Mbah a Moute,Ramon Sessions,Richard Jefferson,Tyronn Lue,2,7:29,MIL,free throw,,,,,,,2,,2,Ramon Sessions,,,foul,missed,,,,
Beno Udrih,Brad Miller,Francisco Garcia,John Salmons,Kevin Martin,Francisco Elson,Luc Richard Mbah a Moute,Ramon Sessions,Richard Jefferson,Tyronn Lue,2,7:28,SAC,rebound,,,,,,,,,,John Salmons,,,,,,def,,
Beno Udrih,Brad Miller,Francisco Garcia,John Salmons,Kevin Martin,Francisco Elson,Luc Richard Mbah a Moute,Ramon Sessions,Richard Jefferson,Tyronn Lue,2,7:08,SAC,shot,John Salmons,,,,,,,,,Brad Miller,3,,,made,,3pt,11,28
Beno Udrih,Brad Miller,Francisco Garcia,John Salmons,Kevin Martin,Francisco Elson,Luc Richard Mbah a Moute,Ramon Sessions,Richard Jefferson,Tyronn Lue,2,6:44,MIL,shot,,,,,,,,,,Luc Richard Mbah a Moute,2,,,made,,layup,25,6
Beno Udrih,Brad Miller,Francisco Garcia,John Salmons,Kevin Martin,Francisco Elson,Luc Richard Mbah a Moute,Ramon Sessions,Richard Jefferson,Tyronn Lue,2,6:44,SAC,foul,,,,,,,,Luc Richard Mbah a Moute,,John Salmons,,,,,,shooting,,
Beno Udrih,Brad Miller,Francisco Garcia,John Salmons,Kevin Martin,Francisco Elson,Luc Richard Mbah a Moute,Luke Ridnour,Richard Jefferson,Tyronn Lue,2,6:44,MIL,sub,,,,Luke Ridnour,,Ramon Sessions,,,,,,,,,,,,
Beno Udrih,Brad Miller,Francisco Garcia,John Salmons,Kevin Martin,Francisco Elson,Luc Richard Mbah a Moute,Luke Ridnour,Michael Redd,Richard Jefferson,2,6:44,MIL,sub,,,,Michael Redd,,Tyronn Lue,,,,,,,,,,,,
Beno Udrih,Brad Miller,Francisco Garcia,John Salmons,Kevin Martin,Francisco Elson,Luc Richard Mbah a Moute,Luke Ridnour,Michael Redd,Richard Jefferson,2,6:44,MIL,free throw,,,,,,,1,,1,Luc Richard Mbah a Moute,,,foul,made,,,,
Beno Udrih,Brad Miller,Francisco Garcia,John Salmons,Kevin Martin,Francisco Elson,Luc Richard Mbah a Moute,Luke Ridnour,Michael Redd,Richard Jefferson,2,6:20,SAC,shot,,,,,,,,,,Brad Miller,,,,missed,,jump,26,10
Beno Udrih,Brad Miller,Francisco Garcia,John Salmons,Kevin Martin,Francisco Elson,Luc Richard Mbah a Moute,Luke Ridnour,Michael Redd,Richard Jefferson,2,6:19,MIL,rebound,,,,,,,,,,Francisco Elson,,,,,,def,,
Beno Udrih,Brad Miller,Francisco Garcia,John Salmons,Kevin Martin,Francisco Elson,Luc Richard Mbah a Moute,Luke Ridnour,Michael Redd,Richard Jefferson,2,6:00,MIL,shot,,,,,,,,,,Luke Ridnour,,,,missed,,3pt,2,5
Beno Udrih,Brad Miller,Francisco Garcia,John Salmons,Kevin Martin,Francisco Elson,Luc Richard Mbah a Moute,Luke Ridnour,Michael Redd,Richard Jefferson,2,5:58,SAC,rebound,,,,,,,,,,Brad Miller,,,,,,def,,
Beno Udrih,Brad Miller,Francisco Garcia,John Salmons,Kevin Martin,Francisco Elson,Luc Richard Mbah a Moute,Luke Ridnour,Michael Redd,Richard Jefferson,2,5:54,SAC,turnover,,,,,,,,,,Kevin Martin,,,bad pass,,,,,
Beno Udrih,Brad Miller,Francisco Garcia,John Salmons,Kevin Martin,Francisco Elson,Luc Richard Mbah a Moute,Luke Ridnour,Michael Redd,Richard Jefferson,2,5:54,MIL,timeout,,,,,,,,,,,,,,,,regular,,
Beno Udrih,Brad Miller,Francisco Garcia,John Salmons,Kevin Martin,Francisco Elson,Luc Richard Mbah a Moute,Luke Ridnour,Michael Redd,Richard Jefferson,2,5:41,MIL,turnover,,,,,,,,,,Luc Richard Mbah a Moute,,,traveling,,,,,
Beno Udrih,Brad Miller,Francisco Garcia,John Salmons,Kevin Martin,Francisco Elson,Luc Richard Mbah a Moute,Luke Ridnour,Michael Redd,Richard Jefferson,2,5:29,SAC,shot,Francisco Garcia,,,,,,,,,John Salmons,2,,,made,,layup,25,6
Beno Udrih,Brad Miller,Francisco Garcia,John Salmons,Kevin Martin,Francisco Elson,Luc Richard Mbah a Moute,Luke Ridnour,Michael Redd,Richard Jefferson,2,5:13,MIL,shot,,,,,,,,,,Luke Ridnour,3,,,made,,3pt,45,22
Beno Udrih,Brad Miller,Francisco Garcia,John Salmons,Kevin Martin,Francisco Elson,Luc Richard Mbah a Moute,Luke Ridnour,Michael Redd,Richard Jefferson,2,4:55,SAC,shot,,,,,,,,,,Kevin Martin,,,,missed,,3pt,4,22
Beno Udrih,Brad Miller,Francisco Garcia,John Salmons,Kevin Martin,Francisco Elson,Luc Richard Mbah a Moute,Luke Ridnour,Michael Redd,Richard Jefferson,2,4:54,MIL,rebound,,,,,,,,,,Francisco Elson,,,,,,def,,
Beno Udrih,Brad Miller,Francisco Garcia,John Salmons,Kevin Martin,Francisco Elson,Luc Richard Mbah a Moute,Luke Ridnour,Michael Redd,Richard Jefferson,2,4:39,MIL,shot,Francisco Elson,,,,,,,,,Michael Redd,2,,,made,,layup,25,6
Beno Udrih,Brad Miller,Francisco Garcia,John Salmons,Kevin Martin,Francisco Elson,Luc Richard Mbah a Moute,Luke Ridnour,Michael Redd,Richard Jefferson,2,4:19,SAC,shot,Beno Udrih,,,,,,,,,Brad Miller,2,,,made,,layup,25,6
Beno Udrih,Brad Miller,Francisco Garcia,John Salmons,Kevin Martin,Francisco Elson,Luc Richard Mbah a Moute,Luke Ridnour,Michael Redd,Richard Jefferson,2,4:19,MIL,foul,,,,,,,,Brad Miller,,Francisco Elson,,,,,,shooting,,
Beno Udrih,Brad Miller,Francisco Garcia,John Salmons,Kevin Martin,Francisco Elson,Luc Richard Mbah a Moute,Luke Ridnour,Michael Redd,Richard Jefferson,2,4:19,SAC,free throw,,,,,,,1,,1,Brad Miller,,,foul,made,,,,
Beno Udrih,Brad Miller,Francisco Garcia,John Salmons,Kevin Martin,Francisco Elson,Luc Richard Mbah a Moute,Luke Ridnour,Michael Redd,Richard Jefferson,2,4:05,MIL,turnover,,,,,,,,,,Michael Redd,,,bad pass,,Brad Miller,,,
Beno Udrih,Brad Miller,Francisco Garcia,John Salmons,Kevin Martin,Francisco Elson,Luc Richard Mbah a Moute,Luke Ridnour,Michael Redd,Richard Jefferson,2,4:01,SAC,shot,Brad Miller,,,,,,,,,Francisco Garcia,2,,,made,,layup,25,6
Beno Udrih,Brad Miller,Francisco Garcia,John Salmons,Kevin Martin,Francisco Elson,Luc Richard Mbah a Moute,Luke Ridnour,Michael Redd,Richard Jefferson,2,3:44,MIL,shot,,,,,,,,,,Richard Jefferson,,,,missed,,jump,37,6
Beno Udrih,Brad Miller,Francisco Garcia,John Salmons,Kevin Martin,Francisco Elson,Luc Richard Mbah a Moute,Luke Ridnour,Michael Redd,Richard Jefferson,2,3:42,MIL,rebound,,,,,,,,,,Francisco Elson,,,,,,off,,
Beno Udrih,Brad Miller,Francisco Garcia,John Salmons,Kevin Martin,Francisco Elson,Luc Richard Mbah a Moute,Luke Ridnour,Michael Redd,Richard Jefferson,2,3:40,MIL,shot,,,,,,,,,,Francisco Elson,,,,missed,,layup,25,6
Beno Udrih,Brad Miller,Francisco Garcia,John Salmons,Kevin Martin,Francisco Elson,Luc Richard Mbah a Moute,Luke Ridnour,Michael Redd,Richard Jefferson,2,3:38,MIL,rebound,,,,,,,,,,Luc Richard Mbah a Moute,,,,,,off,,
Beno Udrih,Brad Miller,Francisco Garcia,John Salmons,Kevin Martin,Francisco Elson,Luc Richard Mbah a Moute,Luke Ridnour,Michael Redd,Richard Jefferson,2,3:37,MIL,shot,,,,,,,,,,Luc Richard Mbah a Moute,,,,missed,,layup,25,6
Beno Udrih,Brad Miller,Francisco Garcia,John Salmons,Kevin Martin,Francisco Elson,Luc Richard Mbah a Moute,Luke Ridnour,Michael Redd,Richard Jefferson,2,3:36,MIL,rebound,,,,,,,,,,Francisco Elson,,,,,,off,,
Beno Udrih,Brad Miller,Francisco Garcia,John Salmons,Kevin Martin,Francisco Elson,Luc Richard Mbah a Moute,Luke Ridnour,Michael Redd,Richard Jefferson,2,3:33,MIL,turnover,,,,,,,,,,Francisco Elson,,,bad pass,,Beno Udrih,,,
Beno Udrih,Brad Miller,Francisco Garcia,John Salmons,Kevin Martin,Francisco Elson,Luc Richard Mbah a Moute,Luke Ridnour,Michael Redd,Richard Jefferson,2,3:28,SAC,shot,,,,,,,,,,John Salmons,,,,missed,,jump,23,10
Beno Udrih,Brad Miller,Francisco Garcia,John Salmons,Kevin Martin,Francisco Elson,Luc Richard Mbah a Moute,Luke Ridnour,Michael Redd,Richard Jefferson,2,3:27,MIL,rebound,,,,,,,,,,Richard Jefferson,,,,,,def,,
Beno Udrih,Brad Miller,Francisco Garcia,John Salmons,Kevin Martin,Francisco Elson,Luc Richard Mbah a Moute,Luke Ridnour,Michael Redd,Richard Jefferson,2,3:20,MIL,shot,,,,,,,,,,Luke Ridnour,2,,,made,,jump,16,19
Beno Udrih,Brad Miller,Francisco Garcia,John Salmons,Kevin Martin,Francisco Elson,Luc Richard Mbah a Moute,Luke Ridnour,Michael Redd,Richard Jefferson,2,3:15,SAC,shot,Beno Udrih,,,,,,,,,Francisco Garcia,2,,,made,,layup,25,6
Beno Udrih,Brad Miller,Francisco Garcia,John Salmons,Kevin Martin,Francisco Elson,Luc Richard Mbah a Moute,Luke Ridnour,Michael Redd,Richard Jefferson,2,3:15,MIL,foul,,,,,,,,Francisco Garcia,,Richard Jefferson,,,,,,shooting,,
Beno Udrih,Brad Miller,Francisco Garcia,John Salmons,Kevin Martin,Luc Richard Mbah a Moute,Luke Ridnour,Malik Allen,Michael Redd,Richard Jefferson,2,3:15,MIL,sub,,,,Malik Allen,,Francisco Elson,,,,,,,,,,,,
Beno Udrih,Brad Miller,Francisco Garcia,John Salmons,Kevin Martin,Luc Richard Mbah a Moute,Luke Ridnour,Malik Allen,Michael Redd,Richard Jefferson,2,3:15,SAC,free throw,,,,,,,1,,1,Francisco Garcia,,,foul,made,,,,
Beno Udrih,Brad Miller,Francisco Garcia,John Salmons,Kevin Martin,Luc Richard Mbah a Moute,Luke Ridnour,Malik Allen,Michael Redd,Richard Jefferson,2,2:57,MIL,shot,,,,,,,,,,Luc Richard Mbah a Moute,,,,missed,,jump,37,19
Beno Udrih,Brad Miller,Francisco Garcia,John Salmons,Kevin Martin,Luc Richard Mbah a Moute,Luke Ridnour,Malik Allen,Michael Redd,Richard Jefferson,2,2:55,MIL,rebound,,,,,,,,,,Michael Redd,,,,,,off,,
Beno Udrih,Brad Miller,Francisco Garcia,John Salmons,Kevin Martin,Luc Richard Mbah a Moute,Luke Ridnour,Malik Allen,Michael Redd,Richard Jefferson,2,2:49,MIL,shot,Luke Ridnour,,,,,,,,,Luc Richard Mbah a Moute,2,,,made,,dunk,25,6
Beno Udrih,Brad Miller,Francisco Garcia,John Salmons,Kevin Martin,Luc Richard Mbah a Moute,Luke Ridnour,Malik Allen,Michael Redd,Richard Jefferson,2,2:34,MIL,foul,,,,,,,,Brad Miller,,Malik Allen,,,,,,shooting,,
Beno Udrih,Brad Miller,Francisco Garcia,John Salmons,Kevin Martin,Luc Richard Mbah a Moute,Luke Ridnour,Malik Allen,Michael Redd,Richard Jefferson,2,2:34,SAC,timeout,,,,,,,,,,,,,,,,regular,,
Beno Udrih,Brad Miller,Francisco Garcia,John Salmons,Kevin Martin,Charlie Villanueva,Luke Ridnour,Malik Allen,Michael Redd,Richard Jefferson,2,2:34,MIL,sub,,,,Charlie Villanueva,,Luc Richard Mbah a Moute,,,,,,,,,,,,
Beno Udrih,Brad Miller,Francisco Garcia,John Salmons,Kevin Martin,Charlie Villanueva,Luke Ridnour,Malik Allen,Michael Redd,Richard Jefferson,2,2:34,SAC,free throw,,,,,,,1,,2,Brad Miller,,,foul,made,,,,
Beno Udrih,Brad Miller,Francisco Garcia,John Salmons,Kevin Martin,Charlie Villanueva,Luke Ridnour,Malik Allen,Michael Redd,Richard Jefferson,2,2:34,SAC,free throw,,,,,,,2,,2,Brad Miller,,,foul,made,,,,
Beno Udrih,Brad Miller,Francisco Garcia,John Salmons,Kevin Martin,Charlie Villanueva,Luke Ridnour,Malik Allen,Michael Redd,Richard Jefferson,2,2:21,MIL,shot,,,,,,,,,,Luke Ridnour,,,,missed,,3pt,44,24
Beno Udrih,Brad Miller,Francisco Garcia,John Salmons,Kevin Martin,Charlie Villanueva,Luke Ridnour,Malik Allen,Michael Redd,Richard Jefferson,2,2:20,SAC,rebound,,,,,,,,,,Brad Miller,,,,,,def,,
Beno Udrih,Brad Miller,Francisco Garcia,John Salmons,Kevin Martin,Charlie Villanueva,Luke Ridnour,Malik Allen,Michael Redd,Richard Jefferson,2,2:05,SAC,shot,,,,,,,,,,Francisco Garcia,,,,missed,,3pt,3,18
Beno Udrih,Brad Miller,Francisco Garcia,John Salmons,Kevin Martin,Charlie Villanueva,Luke Ridnour,Malik Allen,Michael Redd,Richard Jefferson,2,2:03,MIL,rebound,,,,,,,,,,Luke Ridnour,,,,,,def,,
Beno Udrih,Brad Miller,Francisco Garcia,John Salmons,Kevin Martin,Charlie Villanueva,Luke Ridnour,Malik Allen,Michael Redd,Richard Jefferson,2,1:54,MIL,shot,Michael Redd,,,,,,,,,Malik Allen,2,,,made,,jump,17,10
Beno Udrih,Brad Miller,Francisco Garcia,John Salmons,Kevin Martin,Charlie Villanueva,Luke Ridnour,Malik Allen,Michael Redd,Richard Jefferson,2,1:38,SAC,shot,,,,,,,,,,John Salmons,,,,missed,,3pt,29,33
Beno Udrih,Brad Miller,Francisco Garcia,John Salmons,Kevin Martin,Charlie Villanueva,Luke Ridnour,Malik Allen,Michael Redd,Richard Jefferson,2,1:37,SAC,rebound,,,,,,,,,,Beno Udrih,,,,,,off,,
Beno Udrih,Brad Miller,Francisco Garcia,John Salmons,Kevin Martin,Charlie Villanueva,Luke Ridnour,Malik Allen,Michael Redd,Richard Jefferson,2,1:28,MIL,foul,,,,,,,,Francisco Garcia,,Charlie Villanueva,,,,,,personal,,
Beno Udrih,Brad Miller,Francisco Garcia,John Salmons,Kevin Martin,Charlie Villanueva,Luke Ridnour,Malik Allen,Michael Redd,Richard Jefferson,2,1:28,MIL,foul,,,,,,,,,,Skiles,,,,,,technical,,
Beno Udrih,Brad Miller,Francisco Garcia,John Salmons,Kevin Martin,Charlie Villanueva,Luke Ridnour,Malik Allen,Michael Redd,Richard Jefferson,2,1:28,SAC,free throw,,,,,,,1,,1,Kevin Martin,,,technical,made,,,,
Beno Udrih,Brad Miller,Francisco Garcia,John Salmons,Kevin Martin,Luke Ridnour,Malik Allen,Michael Redd,Richard Jefferson,Tyronn Lue,2,1:28,MIL,sub,,,,Tyronn Lue,,Charlie Villanueva,,,,,,,,,,,,
Beno Udrih,Brad Miller,Francisco Garcia,John Salmons,Kevin Martin,Luke Ridnour,Malik Allen,Michael Redd,Richard Jefferson,Tyronn Lue,2,1:28,SAC,free throw,,,,,,,1,,2,Francisco Garcia,,,foul,missed,,,,
Beno Udrih,Brad Miller,Francisco Garcia,John Salmons,Kevin Martin,Luke Ridnour,Malik Allen,Michael Redd,Richard Jefferson,Tyronn Lue,2,1:28,SAC,rebound,,,,,,,,,,,,,,,,,,
Beno Udrih,Brad Miller,Francisco Garcia,John Salmons,Kevin Martin,Luke Ridnour,Malik Allen,Michael Redd,Richard Jefferson,Tyronn Lue,2,1:28,SAC,free throw,,,,,,,2,,2,Francisco Garcia,,,foul,made,,,,
Beno Udrih,Brad Miller,Francisco Garcia,John Salmons,Kevin Martin,Luke Ridnour,Malik Allen,Michael Redd,Richard Jefferson,Tyronn Lue,2,1:14,MIL,shot,,,,,,,,,,Michael Redd,2,,,made,,layup,25,6
Beno Udrih,Brad Miller,Francisco Garcia,John Salmons,Kevin Martin,Luke Ridnour,Malik Allen,Michael Redd,Richard Jefferson,Tyronn Lue,2,0:55,SAC,shot,,,,,,,,,,Beno Udrih,,,,missed,,3pt,2,6
Beno Udrih,Brad Miller,Francisco Garcia,John Salmons,Kevin Martin,Luke Ridnour,Malik Allen,Michael Redd,Richard Jefferson,Tyronn Lue,2,0:54,MIL,rebound,,,,,,,,,,Michael Redd,,,,,,def,,
Beno Udrih,Brad Miller,Francisco Garcia,John Salmons,Kevin Martin,Luke Ridnour,Malik Allen,Michael Redd,Richard Jefferson,Tyronn Lue,2,0:45,MIL,shot,,,,,,,,,,Luke Ridnour,,,,missed,,layup,25,6
Beno Udrih,Brad Miller,Francisco Garcia,John Salmons,Kevin Martin,Luke Ridnour,Malik Allen,Michael Redd,Richard Jefferson,Tyronn Lue,2,0:44,SAC,rebound,,,,,,,,,,Brad Miller,,,,,,def,,
Beno Udrih,Brad Miller,Francisco Garcia,John Salmons,Kevin Martin,Luke Ridnour,Malik Allen,Michael Redd,Richard Jefferson,Tyronn Lue,2,0:32,SAC,shot,Brad Miller,,,,,,,,,Francisco Garcia,2,,,made,,layup,25,6
Beno Udrih,Brad Miller,Francisco Garcia,John Salmons,Kevin Martin,Luke Ridnour,Malik Allen,Michael Redd,Richard Jefferson,Tyronn Lue,2,0:17,SAC,foul,,,,,,,,Michael Redd,,Beno Udrih,,,,,,personal,,
Beno Udrih,Brad Miller,Francisco Garcia,John Salmons,Kevin Martin,Luke Ridnour,Malik Allen,Michael Redd,Richard Jefferson,Tyronn Lue,2,0:17,MIL,free throw,,,,,,,1,,2,Michael Redd,,,foul,made,,,,
Beno Udrih,Brad Miller,Francisco Garcia,John Salmons,Kevin Martin,Luke Ridnour,Malik Allen,Michael Redd,Richard Jefferson,Tyronn Lue,2,0:17,MIL,free throw,,,,,,,2,,2,Michael Redd,,,foul,made,,,,
Beno Udrih,Brad Miller,Francisco Garcia,John Salmons,Kevin Martin,Luke Ridnour,Malik Allen,Michael Redd,Richard Jefferson,Tyronn Lue,2,0:03,SAC,shot,,,,,,,,,,Francisco Garcia,,,,missed,,3pt,2,6
Beno Udrih,Brad Miller,Francisco Garcia,John Salmons,Kevin Martin,Luke Ridnour,Malik Allen,Michael Redd,Richard Jefferson,Tyronn Lue,2,0:00,MIL,rebound,,,,,,,,,,Malik Allen,,,,,,def,,
Beno Udrih,Brad Miller,Jason Thompson,John Salmons,Kevin Martin,Charlie Villanueva,Dan Gadzuric,Luke Ridnour,Michael Redd,Richard Jefferson,3,11:33,SAC,shot,,,,,,,,,,Jason Thompson,,,,missed,,layup,25,6
Beno Udrih,Brad Miller,Jason Thompson,John Salmons,Kevin Martin,Charlie Villanueva,Dan Gadzuric,Luke Ridnour,Michael Redd,Richard Jefferson,3,11:32,MIL,rebound,,,,,,,,,,Dan Gadzuric,,,,,,def,,
Beno Udrih,Brad Miller,Jason Thompson,John Salmons,Kevin Martin,Charlie Villanueva,Dan Gadzuric,Luke Ridnour,Michael Redd,Richard Jefferson,3,11:18,MIL,turnover,,,,,,,,,,Dan Gadzuric,,,bad pass,,John Salmons,,,
Beno Udrih,Brad Miller,Jason Thompson,John Salmons,Kevin Martin,Charlie Villanueva,Dan Gadzuric,Luke Ridnour,Michael Redd,Richard Jefferson,3,11:11,SAC,turnover,,,,,,,,,,Jason Thompson,,,traveling,,,,,
Beno Udrih,Brad Miller,Jason Thompson,John Salmons,Kevin Martin,Charlie Villanueva,Dan Gadzuric,Luke Ridnour,Michael Redd,Richard Jefferson,3,11:11,SAC,violation,,,,,,,,,,,,,,,,delay of game,,
Beno Udrih,Brad Miller,Jason Thompson,John Salmons,Kevin Martin,Charlie Villanueva,Dan Gadzuric,Luke Ridnour,Michael Redd,Richard Jefferson,3,10:56,MIL,shot,,,,,,,,,,Charlie Villanueva,,,,missed,,jump,22,23
Beno Udrih,Brad Miller,Jason Thompson,John Salmons,Kevin Martin,Charlie Villanueva,Dan Gadzuric,Luke Ridnour,Michael Redd,Richard Jefferson,3,10:55,SAC,rebound,,,,,,,,,,Kevin Martin,,,,,,def,,
Beno Udrih,Brad Miller,Jason Thompson,John Salmons,Kevin Martin,Charlie Villanueva,Dan Gadzuric,Luke Ridnour,Michael Redd,Richard Jefferson,3,10:53,SAC,shot,Kevin Martin,,,,,,,,,Jason Thompson,2,,,made,,dunk,25,6
Beno Udrih,Brad Miller,Jason Thompson,John Salmons,Kevin Martin,Charlie Villanueva,Dan Gadzuric,Luke Ridnour,Michael Redd,Richard Jefferson,3,10:38,MIL,shot,Luke Ridnour,,,,,,,,,Michael Redd,2,,,made,,jump,37,19
Beno Udrih,Brad Miller,Jason Thompson,John Salmons,Kevin Martin,Charlie Villanueva,Dan Gadzuric,Luke Ridnour,Michael Redd,Richard Jefferson,3,10:26,SAC,shot,,,,,,,,,,Kevin Martin,3,,,made,,3pt,6,24
Beno Udrih,Brad Miller,Jason Thompson,John Salmons,Kevin Martin,Charlie Villanueva,Dan Gadzuric,Luke Ridnour,Michael Redd,Richard Jefferson,3,10:06,SAC,foul,,,,,,,,Richard Jefferson,,Beno Udrih,,,,,,shooting,,
Beno Udrih,Brad Miller,Jason Thompson,John Salmons,Kevin Martin,Charlie Villanueva,Dan Gadzuric,Luke Ridnour,Michael Redd,Richard Jefferson,3,10:06,MIL,free throw,,,,,,,1,,2,Richard Jefferson,,,foul,missed,,,,
Beno Udrih,Brad Miller,Jason Thompson,John Salmons,Kevin Martin,Charlie Villanueva,Dan Gadzuric,Luke Ridnour,Michael Redd,Richard Jefferson,3,10:06,MIL,rebound,,,,,,,,,,,,,,,,,,
Beno Udrih,Brad Miller,Jason Thompson,John Salmons,Kevin Martin,Charlie Villanueva,Dan Gadzuric,Luke Ridnour,Michael Redd,Richard Jefferson,3,10:06,MIL,free throw,,,,,,,2,,2,Richard Jefferson,,,foul,made,,,,
Beno Udrih,Brad Miller,Jason Thompson,John Salmons,Kevin Martin,Charlie Villanueva,Dan Gadzuric,Luke Ridnour,Michael Redd,Richard Jefferson,3,9:43,SAC,shot,,,,,,,,,,John Salmons,,,,missed,,jump,10,10
Beno Udrih,Brad Miller,Jason Thompson,John Salmons,Kevin Martin,Charlie Villanueva,Dan Gadzuric,Luke Ridnour,Michael Redd,Richard Jefferson,3,9:42,MIL,rebound,,,,,,,,,,Charlie Villanueva,,,,,,def,,
Beno Udrih,Brad Miller,Jason Thompson,John Salmons,Kevin Martin,Charlie Villanueva,Dan Gadzuric,Luke Ridnour,Michael Redd,Richard Jefferson,3,9:34,MIL,shot,,,,,,,,,,Luke Ridnour,,,,missed,,jump,18,21
Beno Udrih,Brad Miller,Jason Thompson,John Salmons,Kevin Martin,Charlie Villanueva,Dan Gadzuric,Luke Ridnour,Michael Redd,Richard Jefferson,3,9:32,SAC,rebound,,,,,,,,,,Brad Miller,,,,,,def,,
Beno Udrih,Brad Miller,Jason Thompson,John Salmons,Kevin Martin,Charlie Villanueva,Dan Gadzuric,Luke Ridnour,Michael Redd,Richard Jefferson,3,9:26,MIL,foul,,,,,,,,Kevin Martin,,Richard Jefferson,,,,,,shooting,,
Beno Udrih,Brad Miller,Jason Thompson,John Salmons,Kevin Martin,Charlie Villanueva,Dan Gadzuric,Luke Ridnour,Michael Redd,Richard Jefferson,3,9:26,SAC,free throw,,,,,,,1,,2,Kevin Martin,,,foul,made,,,,
Beno Udrih,Brad Miller,Jason Thompson,John Salmons,Kevin Martin,Charlie Villanueva,Dan Gadzuric,Luke Ridnour,Michael Redd,Richard Jefferson,3,9:26,SAC,free throw,,,,,,,2,,2,Kevin Martin,,,foul,made,,,,
Beno Udrih,Brad Miller,Jason Thompson,John Salmons,Kevin Martin,Charlie Villanueva,Dan Gadzuric,Luke Ridnour,Michael Redd,Richard Jefferson,3,9:13,MIL,shot,,,,,,,,,,Richard Jefferson,,,,missed,,layup,25,6
Beno Udrih,Brad Miller,Jason Thompson,John Salmons,Kevin Martin,Charlie Villanueva,Dan Gadzuric,Luke Ridnour,Michael Redd,Richard Jefferson,3,9:12,MIL,rebound,,,,,,,,,,Charlie Villanueva,,,,,,off,,
Beno Udrih,Brad Miller,Jason Thompson,John Salmons,Kevin Martin,Charlie Villanueva,Dan Gadzuric,Luke Ridnour,Michael Redd,Richard Jefferson,3,9:11,MIL,shot,,,,,,,,,,Charlie Villanueva,2,,,made,,dunk,25,6
Beno Udrih,Brad Miller,Jason Thompson,John Salmons,Kevin Martin,Charlie Villanueva,Dan Gadzuric,Luke Ridnour,Michael Redd,Richard Jefferson,3,8:51,SAC,shot,,,,,,,,,,Brad Miller,,,,missed,,jump,33,19
Beno Udrih,Brad Miller,Jason Thompson,John Salmons,Kevin Martin,Charlie Villanueva,Dan Gadzuric,Luke Ridnour,Michael Redd,Richard Jefferson,3,8:50,MIL,rebound,,,,,,,,,,Luke Ridnour,,,,,,def,,
Beno Udrih,Brad Miller,Jason Thompson,John Salmons,Kevin Martin,Charlie Villanueva,Dan Gadzuric,Luke Ridnour,Michael Redd,Richard Jefferson,3,8:46,SAC,foul,,,,,,,,Richard Jefferson,,Jason Thompson,,,,,,shooting,,
Beno Udrih,Brad Miller,Jason Thompson,John Salmons,Kevin Martin,Charlie Villanueva,Dan Gadzuric,Luke Ridnour,Michael Redd,Richard Jefferson,3,8:46,MIL,free throw,,,,,,,1,,2,Richard Jefferson,,,foul,made,,,,
Beno Udrih,Brad Miller,Jason Thompson,John Salmons,Kevin Martin,Charlie Villanueva,Dan Gadzuric,Luke Ridnour,Michael Redd,Richard Jefferson,3,8:46,MIL,free throw,,,,,,,2,,2,Richard Jefferson,,,foul,made,,,,
Beno Udrih,Brad Miller,Jason Thompson,John Salmons,Kevin Martin,Charlie Villanueva,Dan Gadzuric,Luke Ridnour,Michael Redd,Richard Jefferson,3,8:31,MIL,foul,,,,,,,,Brad Miller,,Charlie Villanueva,,,,,,personal,,
Beno Udrih,Brad Miller,Jason Thompson,John Salmons,Kevin Martin,Dan Gadzuric,Luc Richard Mbah a Moute,Luke Ridnour,Michael Redd,Richard Jefferson,3,8:31,MIL,sub,,,,Luc Richard Mbah a Moute,,Charlie Villanueva,,,,,,,,,,,,
Beno Udrih,Brad Miller,Jason Thompson,John Salmons,Kevin Martin,Dan Gadzuric,Luc Richard Mbah a Moute,Luke Ridnour,Michael Redd,Richard Jefferson,3,8:22,SAC,shot,Brad Miller,,,,,,,,,John Salmons,2,,,made,,jump,8,7
Beno Udrih,Brad Miller,Jason Thompson,John Salmons,Kevin Martin,Dan Gadzuric,Luc Richard Mbah a Moute,Luke Ridnour,Michael Redd,Richard Jefferson,3,8:15,SAC,foul,,,,,,,,Michael Redd,,Kevin Martin,,,,,,personal,,
Beno Udrih,Brad Miller,Jason Thompson,John Salmons,Kevin Martin,Dan Gadzuric,Luc Richard Mbah a Moute,Luke Ridnour,Michael Redd,Richard Jefferson,3,8:08,MIL,shot,Dan Gadzuric,,,,,,,,,Richard Jefferson,2,,,made,,reverse dunk,25,6
Beno Udrih,Brad Miller,Jason Thompson,John Salmons,Kevin Martin,Dan Gadzuric,Luc Richard Mbah a Moute,Luke Ridnour,Michael Redd,Richard Jefferson,3,7:51,MIL,foul,,,,,,,,Brad Miller,,Luc Richard Mbah a Moute,,,,,,personal,,
Beno Udrih,Brad Miller,Jason Thompson,John Salmons,Kevin Martin,Dan Gadzuric,Luc Richard Mbah a Moute,Luke Ridnour,Michael Redd,Richard Jefferson,3,7:47,SAC,turnover,,,,,,,,,,Kevin Martin,,,out of bounds lost ball turnover,,,,,
Beno Udrih,Brad Miller,Jason Thompson,John Salmons,Kevin Martin,Dan Gadzuric,Luc Richard Mbah a Moute,Luke Ridnour,Michael Redd,Richard Jefferson,3,7:33,MIL,shot,,,,,,,,,,Michael Redd,,,,missed,,3pt,12,29
Beno Udrih,Brad Miller,Jason Thompson,John Salmons,Kevin Martin,Dan Gadzuric,Luc Richard Mbah a Moute,Luke Ridnour,Michael Redd,Richard Jefferson,3,7:32,MIL,rebound,,,,,,,,,,Luc Richard Mbah a Moute,,,,,,off,,
Beno Udrih,Brad Miller,Jason Thompson,John Salmons,Kevin Martin,Dan Gadzuric,Luc Richard Mbah a Moute,Luke Ridnour,Michael Redd,Richard Jefferson,3,7:23,MIL,shot,,,,,,,,,,Dan Gadzuric,,,,missed,,jump,35,7
Beno Udrih,Brad Miller,Jason Thompson,John Salmons,Kevin Martin,Dan Gadzuric,Luc Richard Mbah a Moute,Luke Ridnour,Michael Redd,Richard Jefferson,3,7:23,SAC,rebound,,,,,,,,,,Brad Miller,,,,,,def,,
Beno Udrih,Brad Miller,Jason Thompson,John Salmons,Kevin Martin,Dan Gadzuric,Luc Richard Mbah a Moute,Luke Ridnour,Michael Redd,Richard Jefferson,3,7:23,MIL,foul,,,,,,,,Brad Miller,,Dan Gadzuric,,,,,,loose ball,,
Beno Udrih,Brad Miller,Jason Thompson,John Salmons,Kevin Martin,Dan Gadzuric,Luc Richard Mbah a Moute,Luke Ridnour,Michael Redd,Richard Jefferson,3,7:01,SAC,shot,John Salmons,,,,,,,,,Jason Thompson,2,,,made,,jump,38,10
Beno Udrih,Brad Miller,Jason Thompson,John Salmons,Kevin Martin,Dan Gadzuric,Luc Richard Mbah a Moute,Luke Ridnour,Michael Redd,Richard Jefferson,3,6:44,MIL,shot,,,,,,,,,,Michael Redd,,,,missed,,jump,39,16
Beno Udrih,Brad Miller,Jason Thompson,John Salmons,Kevin Martin,Dan Gadzuric,Luc Richard Mbah a Moute,Luke Ridnour,Michael Redd,Richard Jefferson,3,6:42,SAC,rebound,,,,,,,,,,Jason Thompson,,,,,,def,,
Beno Udrih,Brad Miller,Jason Thompson,John Salmons,Kevin Martin,Dan Gadzuric,Luc Richard Mbah a Moute,Luke Ridnour,Michael Redd,Richard Jefferson,3,6:33,SAC,turnover,,,,,,,,,,Beno Udrih,,,bad pass,,Luc Richard Mbah a Moute,,,
Beno Udrih,Brad Miller,Jason Thompson,John Salmons,Kevin Martin,Dan Gadzuric,Luc Richard Mbah a Moute,Luke Ridnour,Michael Redd,Richard Jefferson,3,6:28,MIL,shot,Luc Richard Mbah a Moute,,,,,,,,,Luke Ridnour,2,,,made,,layup,25,6
Beno Udrih,Brad Miller,Jason Thompson,John Salmons,Kevin Martin,Dan Gadzuric,Luc Richard Mbah a Moute,Luke Ridnour,Michael Redd,Richard Jefferson,3,6:17,SAC,timeout,,,,,,,,,,,,,,,,regular,,
Beno Udrih,Brad Miller,Jason Thompson,John Salmons,Kevin Martin,Francisco Elson,Luc Richard Mbah a Moute,Luke Ridnour,Michael Redd,Richard Jefferson,3,6:17,MIL,sub,,,,Francisco Elson,,Dan Gadzuric,,,,,,,,,,,,
Beno Udrih,Brad Miller,Jason Thompson,John Salmons,Kevin Martin,Francisco Elson,Luc Richard Mbah a Moute,Luke Ridnour,Michael Redd,Richard Jefferson,3,6:04,SAC,shot,,,,,,,,,,Beno Udrih,,,,missed,,jump,25,24
Beno Udrih,Brad Miller,Jason Thompson,John Salmons,Kevin Martin,Francisco Elson,Luc Richard Mbah a Moute,Luke Ridnour,Michael Redd,Richard Jefferson,3,6:03,MIL,rebound,,,,,,,,,,Luc Richard Mbah a Moute,,,,,,def,,
Beno Udrih,Brad Miller,Jason Thompson,John Salmons,Kevin Martin,Francisco Elson,Luc Richard Mbah a Moute,Luke Ridnour,Michael Redd,Richard Jefferson,3,5:45,MIL,shot,,,,,,,,,,Richard Jefferson,2,,,made,,driving layup,25,6
Beno Udrih,Brad Miller,Jason Thompson,John Salmons,Kevin Martin,Francisco Elson,Luc Richard Mbah a Moute,Luke Ridnour,Michael Redd,Richard Jefferson,3,5:30,SAC,shot,,,,,,,,,,Kevin Martin,2,,,made,,jump,24,24
Beno Udrih,Brad Miller,Jason Thompson,John Salmons,Kevin Martin,Francisco Elson,Luc Richard Mbah a Moute,Luke Ridnour,Michael Redd,Richard Jefferson,3,5:14,MIL,shot,Luke Ridnour,,,,,,,,,Luc Richard Mbah a Moute,2,,,made,,jump,25,24
Beno Udrih,Brad Miller,Jason Thompson,John Salmons,Kevin Martin,Francisco Elson,Luc Richard Mbah a Moute,Luke Ridnour,Michael Redd,Richard Jefferson,3,4:56,SAC,shot,,,,,,,,,,John Salmons,,,,missed,,layup,25,6
Beno Udrih,Brad Miller,Jason Thompson,John Salmons,Kevin Martin,Francisco Elson,Luc Richard Mbah a Moute,Luke Ridnour,Michael Redd,Richard Jefferson,3,4:54,SAC,rebound,,,,,,,,,,Jason Thompson,,,,,,off,,
Beno Udrih,Jason Thompson,John Salmons,Kevin Martin,Spencer Hawes,Francisco Elson,Luc Richard Mbah a Moute,Luke Ridnour,Michael Redd,Richard Jefferson,3,4:54,SAC,sub,,,,Spencer Hawes,,Brad Miller,,,,,,,,,,,,
Beno Udrih,Jason Thompson,John Salmons,Kevin Martin,Spencer Hawes,Francisco Elson,Luc Richard Mbah a Moute,Luke Ridnour,Michael Redd,Richard Jefferson,3,4:54,OFF,jump ball,,Jason Thompson,,,Richard Jefferson,,,,,,,Sacramento,,,,,,
Beno Udrih,Jason Thompson,John Salmons,Kevin Martin,Spencer Hawes,Francisco Elson,Luc Richard Mbah a Moute,Luke Ridnour,Michael Redd,Richard Jefferson,3,4:46,SAC,shot,,,,,,,,,,Beno Udrih,2,,,made,,jump,8,9
Beno Udrih,Jason Thompson,John Salmons,Kevin Martin,Spencer Hawes,Francisco Elson,Luc Richard Mbah a Moute,Luke Ridnour,Michael Redd,Richard Jefferson,3,4:29,MIL,shot,,,,,,,,,,Richard Jefferson,,,,missed,,3pt,5,22
Beno Udrih,Jason Thompson,John Salmons,Kevin Martin,Spencer Hawes,Francisco Elson,Luc Richard Mbah a Moute,Luke Ridnour,Michael Redd,Richard Jefferson,3,4:28,SAC,rebound,,,,,,,,,,Beno Udrih,,,,,,def,,
Beno Udrih,Jason Thompson,John Salmons,Kevin Martin,Spencer Hawes,Francisco Elson,Luc Richard Mbah a Moute,Luke Ridnour,Michael Redd,Richard Jefferson,3,4:22,SAC,shot,,,,,,,,,,Beno Udrih,,,,missed,,layup,25,6
Beno Udrih,Jason Thompson,John Salmons,Kevin Martin,Spencer Hawes,Francisco Elson,Luc Richard Mbah a Moute,Luke Ridnour,Michael Redd,Richard Jefferson,3,4:21,MIL,rebound,,,,,,,,,,Luc Richard Mbah a Moute,,,,,,def,,
Beno Udrih,Jason Thompson,John Salmons,Kevin Martin,Spencer Hawes,Francisco Elson,Luc Richard Mbah a Moute,Luke Ridnour,Michael Redd,Richard Jefferson,3,4:16,MIL,shot,,,,,,,,,,Michael Redd,,,,missed,,layup,25,6
Beno Udrih,Jason Thompson,John Salmons,Kevin Martin,Spencer Hawes,Francisco Elson,Luc Richard Mbah a Moute,Luke Ridnour,Michael Redd,Richard Jefferson,3,4:16,MIL,rebound,,,,,,,,,,,,,,,,,,
Beno Udrih,Jason Thompson,John Salmons,Kevin Martin,Spencer Hawes,Francisco Elson,Luc Richard Mbah a Moute,Luke Ridnour,Ramon Sessions,Richard Jefferson,3,4:16,MIL,sub,,,,Ramon Sessions,,Michael Redd,,,,,,,,,,,,
Beno Udrih,Jason Thompson,John Salmons,Kevin Martin,Spencer Hawes,Francisco Elson,Luc Richard Mbah a Moute,Luke Ridnour,Ramon Sessions,Richard Jefferson,3,4:09,MIL,turnover,,,,,,,,,,Francisco Elson,,,lost ball,,John Salmons,,,
Beno Udrih,Jason Thompson,John Salmons,Kevin Martin,Spencer Hawes,Francisco Elson,Luc Richard Mbah a Moute,Luke Ridnour,Ramon Sessions,Richard Jefferson,3,4:02,SAC,shot,,,,,,,,,,Kevin Martin,,,,missed,,3pt,43,27
Beno Udrih,Jason Thompson,John Salmons,Kevin Martin,Spencer Hawes,Francisco Elson,Luc Richard Mbah a Moute,Luke Ridnour,Ramon Sessions,Richard Jefferson,3,4:01,SAC,rebound,,,,,,,,,,Spencer Hawes,,,,,,off,,
Beno Udrih,Jason Thompson,John Salmons,Kevin Martin,Spencer Hawes,Francisco Elson,Luc Richard Mbah a Moute,Luke Ridnour,Ramon Sessions,Richard Jefferson,3,3:50,SAC,shot,Spencer Hawes,,,,,,,,,Jason Thompson,2,,,made,,jump,39,12
Beno Udrih,Jason Thompson,John Salmons,Kevin Martin,Spencer Hawes,Francisco Elson,Luc Richard Mbah a Moute,Luke Ridnour,Ramon Sessions,Richard Jefferson,3,3:31,MIL,shot,,,,,,,,,,Richard Jefferson,,,,missed,,layup,25,6
Beno Udrih,Jason Thompson,John Salmons,Kevin Martin,Spencer Hawes,Francisco Elson,Luc Richard Mbah a Moute,Luke Ridnour,Ramon Sessions,Richard Jefferson,3,3:29,MIL,rebound,,,,,,,,,,Francisco Elson,,,,,,off,,
Beno Udrih,Jason Thompson,John Salmons,Kevin Martin,Spencer Hawes,Francisco Elson,Luc Richard Mbah a Moute,Luke Ridnour,Ramon Sessions,Richard Jefferson,3,3:28,MIL,shot,,,,,,,,,,Francisco Elson,,,,missed,,layup,25,6
Beno Udrih,Jason Thompson,John Salmons,Kevin Martin,Spencer Hawes,Francisco Elson,Luc Richard Mbah a Moute,Luke Ridnour,Ramon Sessions,Richard Jefferson,3,3:27,SAC,rebound,,,,,,,,,,Spencer Hawes,,,,,,def,,
Beno Udrih,Jason Thompson,John Salmons,Kevin Martin,Spencer Hawes,Francisco Elson,Luke Ridnour,Malik Allen,Ramon Sessions,Richard Jefferson,3,3:11,MIL,sub,,,,Malik Allen,,Luc Richard Mbah a Moute,,,,,,,,,,,,
Beno Udrih,Jason Thompson,John Salmons,Kevin Martin,Spencer Hawes,Francisco Elson,Luke Ridnour,Malik Allen,Ramon Sessions,Richard Jefferson,3,3:07,SAC,shot,,,Luke Ridnour,,,,,,,Beno Udrih,,,,missed,,3pt,41,27
Beno Udrih,Jason Thompson,John Salmons,Kevin Martin,Spencer Hawes,Francisco Elson,Luke Ridnour,Malik Allen,Ramon Sessions,Richard Jefferson,3,3:05,SAC,rebound,,,,,,,,,,Spencer Hawes,,,,,,off,,
Beno Udrih,Jason Thompson,John Salmons,Kevin Martin,Spencer Hawes,Francisco Elson,Luke Ridnour,Malik Allen,Ramon Sessions,Richard Jefferson,3,3:04,SAC,shot,,,Francisco Elson,,,,,,,Spencer Hawes,,,,missed,,layup,25,6
Beno Udrih,Jason Thompson,John Salmons,Kevin Martin,Spencer Hawes,Francisco Elson,Luke Ridnour,Malik Allen,Ramon Sessions,Richard Jefferson,3,3:03,SAC,rebound,,,,,,,,,,,,,,,,,,
Beno Udrih,Jason Thompson,John Salmons,Kevin Martin,Spencer Hawes,Francisco Elson,Luke Ridnour,Malik Allen,Ramon Sessions,Richard Jefferson,3,3:03,SAC,turnover,,,,,,,,,,,,,shot clock turnover,,,,,
Beno Udrih,Jason Thompson,John Salmons,Kevin Martin,Spencer Hawes,Francisco Elson,Luke Ridnour,Malik Allen,Ramon Sessions,Richard Jefferson,3,2:49,MIL,shot,Malik Allen,,,,,,,,,Richard Jefferson,2,,,made,,jump,23,10
Beno Udrih,Jason Thompson,John Salmons,Kevin Martin,Spencer Hawes,Francisco Elson,Luke Ridnour,Malik Allen,Ramon Sessions,Richard Jefferson,3,2:32,SAC,shot,,,,,,,,,,Jason Thompson,,,,missed,,jump,26,20
Beno Udrih,Jason Thompson,John Salmons,Kevin Martin,Spencer Hawes,Francisco Elson,Luke Ridnour,Malik Allen,Ramon Sessions,Richard Jefferson,3,2:31,MIL,rebound,,,,,,,,,,Malik Allen,,,,,,def,,
Beno Udrih,Jason Thompson,John Salmons,Kevin Martin,Spencer Hawes,Francisco Elson,Luke Ridnour,Malik Allen,Ramon Sessions,Richard Jefferson,3,2:23,MIL,shot,,,,,,,,,,Ramon Sessions,,,,missed,,jump,34,9
Beno Udrih,Jason Thompson,John Salmons,Kevin Martin,Spencer Hawes,Francisco Elson,Luke Ridnour,Malik Allen,Ramon Sessions,Richard Jefferson,3,2:22,SAC,rebound,,,,,,,,,,Jason Thompson,,,,,,def,,
Beno Udrih,Jason Thompson,John Salmons,Kevin Martin,Spencer Hawes,Francisco Elson,Luke Ridnour,Malik Allen,Ramon Sessions,Richard Jefferson,3,2:09,SAC,turnover,,,,,,,,,,Kevin Martin,,,lost ball,,Francisco Elson,,,
Beno Udrih,Jason Thompson,John Salmons,Kevin Martin,Spencer Hawes,Francisco Elson,Luke Ridnour,Malik Allen,Ramon Sessions,Richard Jefferson,3,2:02,MIL,shot,,,,,,,,,,Luke Ridnour,,,,missed,,jump,15,8
Beno Udrih,Jason Thompson,John Salmons,Kevin Martin,Spencer Hawes,Francisco Elson,Luke Ridnour,Malik Allen,Ramon Sessions,Richard Jefferson,3,2:01,MIL,rebound,,,,,,,,,,Luke Ridnour,,,,,,off,,
Beno Udrih,Jason Thompson,John Salmons,Kevin Martin,Spencer Hawes,Francisco Elson,Luke Ridnour,Malik Allen,Ramon Sessions,Richard Jefferson,3,1:59,SAC,foul,,,,,,,,Malik Allen,,Spencer Hawes,,,,,,shooting,,
Beno Udrih,Jason Thompson,John Salmons,Kevin Martin,Spencer Hawes,Francisco Elson,Luke Ridnour,Malik Allen,Ramon Sessions,Richard Jefferson,3,1:59,MIL,timeout,,,,,,,,,,,,,,,,regular,,
Beno Udrih,Francisco Garcia,Jason Thompson,John Salmons,Spencer Hawes,Francisco Elson,Luke Ridnour,Malik Allen,Ramon Sessions,Richard Jefferson,3,1:59,SAC,sub,,,,Francisco Garcia,,Kevin Martin,,,,,,,,,,,,
Beno Udrih,Francisco Garcia,Jason Thompson,John Salmons,Spencer Hawes,Francisco Elson,Luke Ridnour,Malik Allen,Ramon Sessions,Richard Jefferson,3,1:59,MIL,free throw,,,,,,,1,,2,Malik Allen,,,foul,missed,,,,
Beno Udrih,Francisco Garcia,Jason Thompson,John Salmons,Spencer Hawes,Francisco Elson,Luke Ridnour,Malik Allen,Ramon Sessions,Richard Jefferson,3,1:59,MIL,rebound,,,,,,,,,,,,,,,,,,
Beno Udrih,Francisco Garcia,Jason Thompson,John Salmons,Spencer Hawes,Francisco Elson,Luke Ridnour,Malik Allen,Ramon Sessions,Richard Jefferson,3,1:59,MIL,free throw,,,,,,,2,,2,Malik Allen,,,foul,made,,,,
Beno Udrih,Francisco Garcia,Jason Thompson,John Salmons,Spencer Hawes,Francisco Elson,Luke Ridnour,Malik Allen,Ramon Sessions,Richard Jefferson,3,1:47,SAC,turnover,,,,,,,,,,Jason Thompson,,,bad pass,,Francisco Elson,,,
Beno Udrih,Francisco Garcia,Jason Thompson,John Salmons,Spencer Hawes,Francisco Elson,Luke Ridnour,Malik Allen,Ramon Sessions,Richard Jefferson,3,1:28,MIL,turnover,,,,,,,,,,Malik Allen,,,bad pass,,John Salmons,,,
Beno Udrih,Francisco Garcia,Jason Thompson,John Salmons,Spencer Hawes,Francisco Elson,Luke Ridnour,Malik Allen,Ramon Sessions,Richard Jefferson,3,1:17,SAC,shot,,,,,,,,,,John Salmons,,,,missed,,jump,35,17
Beno Udrih,Francisco Garcia,Jason Thompson,John Salmons,Spencer Hawes,Francisco Elson,Luke Ridnour,Malik Allen,Ramon Sessions,Richard Jefferson,3,1:15,MIL,rebound,,,,,,,,,,Ramon Sessions,,,,,,def,,
Beno Udrih,Francisco Garcia,Jason Thompson,John Salmons,Spencer Hawes,Francisco Elson,Luke Ridnour,Malik Allen,Ramon Sessions,Richard Jefferson,3,1:10,SAC,foul,,,,,,,,Ramon Sessions,,Francisco Garcia,,,,,,shooting,,
Beno Udrih,Francisco Garcia,Jason Thompson,John Salmons,Spencer Hawes,Francisco Elson,Luke Ridnour,Malik Allen,Ramon Sessions,Richard Jefferson,3,1:10,MIL,free throw,,,,,,,1,,2,Ramon Sessions,,,foul,made,,,,
Beno Udrih,Francisco Garcia,Jason Thompson,John Salmons,Spencer Hawes,Francisco Elson,Malik Allen,Ramon Sessions,Richard Jefferson,Tyronn Lue,3,1:10,MIL,sub,,,,Tyronn Lue,,Luke Ridnour,,,,,,,,,,,,
Beno Udrih,Francisco Garcia,Jason Thompson,John Salmons,Spencer Hawes,Francisco Elson,Malik Allen,Ramon Sessions,Richard Jefferson,Tyronn Lue,3,1:10,MIL,free throw,,,,,,,2,,2,Ramon Sessions,,,foul,made,,,,
Beno Udrih,Francisco Garcia,Jason Thompson,John Salmons,Spencer Hawes,Francisco Elson,Malik Allen,Ramon Sessions,Richard Jefferson,Tyronn Lue,3,0:46,SAC,shot,,,,,,,,,,Francisco Garcia,,,,missed,,3pt,45,26
Beno Udrih,Francisco Garcia,Jason Thompson,John Salmons,Spencer Hawes,Francisco Elson,Malik Allen,Ramon Sessions,Richard Jefferson,Tyronn Lue,3,0:45,MIL,rebound,,,,,,,,,,Francisco Elson,,,,,,def,,
Beno Udrih,Francisco Garcia,Jason Thompson,John Salmons,Spencer Hawes,Francisco Elson,Malik Allen,Ramon Sessions,Richard Jefferson,Tyronn Lue,3,0:29,MIL,shot,,,,,,,,,,Ramon Sessions,2,,,made,,reverse layup,25,6
Beno Udrih,Francisco Garcia,Jason Thompson,John Salmons,Spencer Hawes,Francisco Elson,Malik Allen,Ramon Sessions,Richard Jefferson,Tyronn Lue,3,0:06,SAC,shot,,,,,,,,,,Francisco Garcia,,,,missed,,jump,5,5
Beno Udrih,Francisco Garcia,Jason Thompson,John Salmons,Spencer Hawes,Francisco Elson,Malik Allen,Ramon Sessions,Richard Jefferson,Tyronn Lue,3,0:05,SAC,rebound,,,,,,,,,,Spencer Hawes,,,,,,off,,
Beno Udrih,Francisco Garcia,Jason Thompson,John Salmons,Spencer Hawes,Francisco Elson,Malik Allen,Ramon Sessions,Richard Jefferson,Tyronn Lue,3,0:05,MIL,foul,,,,,,,,Spencer Hawes,,Richard Jefferson,,,,,,shooting,,
Beno Udrih,Francisco Garcia,Jason Thompson,John Salmons,Spencer Hawes,Francisco Elson,Malik Allen,Ramon Sessions,Richard Jefferson,Tyronn Lue,3,0:05,SAC,free throw,,,,,,,1,,2,Spencer Hawes,,,foul,made,,,,
Beno Udrih,Francisco Garcia,Jason Thompson,John Salmons,Spencer Hawes,Francisco Elson,Malik Allen,Ramon Sessions,Richard Jefferson,Tyronn Lue,3,0:05,SAC,free throw,,,,,,,2,,2,Spencer Hawes,,,foul,made,,,,
Beno Udrih,Francisco Garcia,Jason Thompson,John Salmons,Spencer Hawes,Francisco Elson,Malik Allen,Ramon Sessions,Richard Jefferson,Tyronn Lue,3,0:02,MIL,turnover,,,,,,,,,,Richard Jefferson,,,bad pass,,Beno Udrih,,,
Beno Udrih,Francisco Garcia,Jason Thompson,John Salmons,Spencer Hawes,Francisco Elson,Malik Allen,Ramon Sessions,Richard Jefferson,Tyronn Lue,3,0:02,SAC,shot,,,,,,,,,,Beno Udrih,,,,missed,,jump,10,16
Beno Udrih,Francisco Garcia,Jason Thompson,John Salmons,Spencer Hawes,Francisco Elson,Malik Allen,Ramon Sessions,Richard Jefferson,Tyronn Lue,3,0:01,MIL,rebound,,,,,,,,,,Richard Jefferson,,,,,,def,,
Beno Udrih,Francisco Garcia,Jason Thompson,John Salmons,Spencer Hawes,Francisco Elson,Malik Allen,Ramon Sessions,Richard Jefferson,Tyronn Lue,3,0:00,MIL,shot,,,,,,,,,,Richard Jefferson,,,,missed,,3pt,7,45
Beno Udrih,Francisco Garcia,Jason Thompson,John Salmons,Spencer Hawes,Francisco Elson,Malik Allen,Ramon Sessions,Richard Jefferson,Tyronn Lue,3,0:00,MIL,rebound,,,,,,,,,,,,,,,,,,
Bobby Jackson,Francisco Garcia,Jason Thompson,John Salmons,Spencer Hawes,Francisco Elson,Malik Allen,Ramon Sessions,Richard Jefferson,Tyronn Lue,4,11:45,MIL,shot,,,,,,,,,,Tyronn Lue,,,,missed,,jump,34,17
Bobby Jackson,Francisco Garcia,Jason Thompson,John Salmons,Spencer Hawes,Francisco Elson,Malik Allen,Ramon Sessions,Richard Jefferson,Tyronn Lue,4,11:44,SAC,rebound,,,,,,,,,,John Salmons,,,,,,def,,
Bobby Jackson,Francisco Garcia,Jason Thompson,John Salmons,Spencer Hawes,Francisco Elson,Malik Allen,Ramon Sessions,Richard Jefferson,Tyronn Lue,4,11:31,SAC,shot,,,,,,,,,,Bobby Jackson,,,,missed,,layup,25,6
Bobby Jackson,Francisco Garcia,Jason Thompson,John Salmons,Spencer Hawes,Francisco Elson,Malik Allen,Ramon Sessions,Richard Jefferson,Tyronn Lue,4,11:29,SAC,shot,,,,,,,,,,Spencer Hawes,2,,,made,,dunk,25,6
Bobby Jackson,Francisco Garcia,Jason Thompson,John Salmons,Spencer Hawes,Francisco Elson,Malik Allen,Ramon Sessions,Richard Jefferson,Tyronn Lue,4,11:29,SAC,rebound,,,,,,,,,,Spencer Hawes,,,,,,off,,
Bobby Jackson,Francisco Garcia,Jason Thompson,John Salmons,Spencer Hawes,Francisco Elson,Malik Allen,Ramon Sessions,Richard Jefferson,Tyronn Lue,4,11:14,MIL,shot,Francisco Elson,,,,,,,,,Ramon Sessions,2,,,made,,driving layup,25,6
Bobby Jackson,Francisco Garcia,Jason Thompson,John Salmons,Spencer Hawes,Francisco Elson,Malik Allen,Ramon Sessions,Richard Jefferson,Tyronn Lue,4,10:51,SAC,shot,,,,,,,,,,Spencer Hawes,2,,,made,,running hook,28,10
Bobby Jackson,Francisco Garcia,Jason Thompson,John Salmons,Spencer Hawes,Francisco Elson,Malik Allen,Ramon Sessions,Richard Jefferson,Tyronn Lue,4,10:38,MIL,shot,Ramon Sessions,,,,,,,,,Malik Allen,2,,,made,,jump,35,5
Bobby Jackson,Francisco Garcia,Jason Thompson,John Salmons,Spencer Hawes,Francisco Elson,Malik Allen,Ramon Sessions,Richard Jefferson,Tyronn Lue,4,10:21,SAC,shot,,,,,,,,,,John Salmons,3,,,made,,3pt,13,29
Bobby Jackson,Francisco Garcia,Jason Thompson,John Salmons,Spencer Hawes,Francisco Elson,Malik Allen,Ramon Sessions,Richard Jefferson,Tyronn Lue,4,10:10,MIL,shot,,,,,,,,,,Richard Jefferson,,,,missed,,3pt,48,6
Bobby Jackson,Francisco Garcia,Jason Thompson,John Salmons,Spencer Hawes,Francisco Elson,Malik Allen,Ramon Sessions,Richard Jefferson,Tyronn Lue,4,10:09,MIL,rebound,,,,,,,,,,Francisco Elson,,,,,,off,,
Bobby Jackson,Francisco Garcia,Jason Thompson,John Salmons,Spencer Hawes,Francisco Elson,Malik Allen,Ramon Sessions,Richard Jefferson,Tyronn Lue,4,10:06,MIL,shot,,,,,,,,,,Ramon Sessions,,,,missed,,jump,22,12
Bobby Jackson,Francisco Garcia,Jason Thompson,John Salmons,Spencer Hawes,Francisco Elson,Malik Allen,Ramon Sessions,Richard Jefferson,Tyronn Lue,4,10:05,SAC,rebound,,,,,,,,,,Jason Thompson,,,,,,def,,
Bobby Jackson,Francisco Garcia,Jason Thompson,John Salmons,Spencer Hawes,Francisco Elson,Malik Allen,Ramon Sessions,Richard Jefferson,Tyronn Lue,4,10:01,SAC,shot,Francisco Garcia,,,,,,,,,Bobby Jackson,2,,,made,,layup,25,6
Bobby Jackson,Francisco Garcia,Jason Thompson,John Salmons,Spencer Hawes,Francisco Elson,Malik Allen,Ramon Sessions,Richard Jefferson,Tyronn Lue,4,9:40,MIL,shot,,,Jason Thompson,,,,,,,Ramon Sessions,,,,missed,,layup,25,6
Bobby Jackson,Francisco Garcia,Jason Thompson,John Salmons,Spencer Hawes,Francisco Elson,Malik Allen,Ramon Sessions,Richard Jefferson,Tyronn Lue,4,9:40,MIL,rebound,,,,,,,,,,,,,,,,,,
Bobby Jackson,Francisco Garcia,Jason Thompson,Kevin Martin,Spencer Hawes,Francisco Elson,Malik Allen,Ramon Sessions,Richard Jefferson,Tyronn Lue,4,9:40,SAC,sub,,,,Kevin Martin,,John Salmons,,,,,,,,,,,,
Bobby Jackson,Francisco Garcia,Jason Thompson,Kevin Martin,Spencer Hawes,Francisco Elson,Malik Allen,Ramon Sessions,Richard Jefferson,Tyronn Lue,4,9:36,MIL,shot,,,,,,,,,,Malik Allen,,,,missed,,jump,41,11
Bobby Jackson,Francisco Garcia,Jason Thompson,Kevin Martin,Spencer Hawes,Francisco Elson,Malik Allen,Ramon Sessions,Richard Jefferson,Tyronn Lue,4,9:35,MIL,rebound,,,,,,,,,,Francisco Elson,,,,,,off,,
Bobby Jackson,Francisco Garcia,Jason Thompson,Kevin Martin,Spencer Hawes,Francisco Elson,Malik Allen,Ramon Sessions,Richard Jefferson,Tyronn Lue,4,9:34,MIL,shot,,,,,,,,,,Francisco Elson,,,,missed,,layup,25,6
Bobby Jackson,Francisco Garcia,Jason Thompson,Kevin Martin,Spencer Hawes,Francisco Elson,Malik Allen,Ramon Sessions,Richard Jefferson,Tyronn Lue,4,9:34,MIL,rebound,,,,,,,,,,,,,,,,,,
Bobby Jackson,Francisco Garcia,Jason Thompson,Kevin Martin,Spencer Hawes,Francisco Elson,Malik Allen,Ramon Sessions,Richard Jefferson,Tyronn Lue,4,9:18,MIL,shot,Malik Allen,,,,,,,,,Tyronn Lue,2,,,made,,floating jump,26,12
Bobby Jackson,Francisco Garcia,Jason Thompson,Kevin Martin,Spencer Hawes,Francisco Elson,Malik Allen,Ramon Sessions,Richard Jefferson,Tyronn Lue,4,8:56,MIL,foul,,,,,,,,Kevin Martin,,Ramon Sessions,,,,,,personal,,
Bobby Jackson,Francisco Garcia,Jason Thompson,Kevin Martin,Spencer Hawes,Francisco Elson,Malik Allen,Ramon Sessions,Richard Jefferson,Tyronn Lue,4,8:56,OFF,timeout,,,,,,,,,,,,,,,,official,,
Bobby Jackson,Francisco Garcia,Jason Thompson,Kevin Martin,Spencer Hawes,Charlie Villanueva,Francisco Elson,Ramon Sessions,Richard Jefferson,Tyronn Lue,4,8:56,MIL,sub,,,,Charlie Villanueva,,Malik Allen,,,,,,,,,,,,
Bobby Jackson,Francisco Garcia,Jason Thompson,Kevin Martin,Spencer Hawes,Charlie Villanueva,Francisco Elson,Ramon Sessions,Richard Jefferson,Tyronn Lue,4,8:51,SAC,shot,,,,,,,,,,Kevin Martin,,,,missed,,jump,38,19
Bobby Jackson,Francisco Garcia,Jason Thompson,Kevin Martin,Spencer Hawes,Charlie Villanueva,Francisco Elson,Ramon Sessions,Richard Jefferson,Tyronn Lue,4,8:50,MIL,rebound,,,,,,,,,,Richard Jefferson,,,,,,def,,
Bobby Jackson,Francisco Garcia,Jason Thompson,Kevin Martin,Spencer Hawes,Charlie Villanueva,Francisco Elson,Ramon Sessions,Richard Jefferson,Tyronn Lue,4,8:35,MIL,shot,,,,,,,,,,Francisco Elson,,,,missed,,jump,41,6
Bobby Jackson,Francisco Garcia,Jason Thompson,Kevin Martin,Spencer Hawes,Charlie Villanueva,Francisco Elson,Ramon Sessions,Richard Jefferson,Tyronn Lue,4,8:33,MIL,rebound,,,,,,,,,,Charlie Villanueva,,,,,,off,,
Bobby Jackson,Francisco Garcia,Jason Thompson,Kevin Martin,Spencer Hawes,Charlie Villanueva,Francisco Elson,Ramon Sessions,Richard Jefferson,Tyronn Lue,4,8:31,MIL,shot,Charlie Villanueva,,,,,,,,,Francisco Elson,2,,,made,,dunk,25,6
Bobby Jackson,Francisco Garcia,Jason Thompson,Kevin Martin,Spencer Hawes,Charlie Villanueva,Francisco Elson,Ramon Sessions,Richard Jefferson,Tyronn Lue,4,8:17,SAC,shot,Bobby Jackson,,,,,,,,,Francisco Garcia,2,,,made,,jump,37,17
Bobby Jackson,Francisco Garcia,Jason Thompson,Kevin Martin,Spencer Hawes,Charlie Villanueva,Francisco Elson,Ramon Sessions,Richard Jefferson,Tyronn Lue,4,7:53,MIL,shot,,,,,,,,,,Tyronn Lue,3,,,made,,3pt,36,31
Bobby Jackson,Francisco Garcia,Jason Thompson,Kevin Martin,Spencer Hawes,Charlie Villanueva,Francisco Elson,Ramon Sessions,Richard Jefferson,Tyronn Lue,4,7:36,MIL,foul,,,,,,,,Jason Thompson,,Francisco Elson,,,,,,shooting,,
Bobby Jackson,Brad Miller,Francisco Garcia,Jason Thompson,Kevin Martin,Charlie Villanueva,Francisco Elson,Ramon Sessions,Richard Jefferson,Tyronn Lue,4,7:36,SAC,sub,,,,Brad Miller,,Spencer Hawes,,,,,,,,,,,,
Bobby Jackson,Brad Miller,Francisco Garcia,Jason Thompson,Kevin Martin,Charlie Villanueva,Francisco Elson,Ramon Sessions,Richard Jefferson,Tyronn Lue,4,7:36,SAC,free throw,,,,,,,1,,2,Jason Thompson,,,foul,made,,,,
Bobby Jackson,Brad Miller,Francisco Garcia,Jason Thompson,Kevin Martin,Charlie Villanueva,Francisco Elson,Ramon Sessions,Richard Jefferson,Tyronn Lue,4,7:36,SAC,free throw,,,,,,,2,,2,Jason Thompson,,,foul,made,,,,
Bobby Jackson,Brad Miller,Francisco Garcia,Jason Thompson,Kevin Martin,Charlie Villanueva,Francisco Elson,Ramon Sessions,Richard Jefferson,Tyronn Lue,4,7:18,MIL,shot,,,,,,,,,,Ramon Sessions,,,,missed,,jump,8,5
Bobby Jackson,Brad Miller,Francisco Garcia,Jason Thompson,Kevin Martin,Charlie Villanueva,Francisco Elson,Ramon Sessions,Richard Jefferson,Tyronn Lue,4,7:17,SAC,rebound,,,,,,,,,,Brad Miller,,,,,,def,,
Bobby Jackson,Brad Miller,Francisco Garcia,Jason Thompson,Kevin Martin,Charlie Villanueva,Francisco Elson,Ramon Sessions,Richard Jefferson,Tyronn Lue,4,7:03,SAC,shot,,,,,,,,,,Francisco Garcia,,,,missed,,jump,11,13
Bobby Jackson,Brad Miller,Francisco Garcia,Jason Thompson,Kevin Martin,Charlie Villanueva,Francisco Elson,Ramon Sessions,Richard Jefferson,Tyronn Lue,4,7:02,MIL,rebound,,,,,,,,,,Charlie Villanueva,,,,,,def,,
Bobby Jackson,Brad Miller,Francisco Garcia,Jason Thompson,Kevin Martin,Charlie Villanueva,Francisco Elson,Ramon Sessions,Richard Jefferson,Tyronn Lue,4,6:53,MIL,shot,,,,,,,,,,Charlie Villanueva,,,,missed,,layup,25,6
Bobby Jackson,Brad Miller,Francisco Garcia,Jason Thompson,Kevin Martin,Charlie Villanueva,Francisco Elson,Ramon Sessions,Richard Jefferson,Tyronn Lue,4,6:52,SAC,rebound,,,,,,,,,,Brad Miller,,,,,,def,,
Bobby Jackson,Brad Miller,Francisco Garcia,Jason Thompson,Kevin Martin,Charlie Villanueva,Francisco Elson,Ramon Sessions,Richard Jefferson,Tyronn Lue,4,6:52,MIL,foul,,,,,,,,Brad Miller,,Francisco Elson,,,,,,loose ball,,
Bobby Jackson,Brad Miller,Francisco Garcia,John Salmons,Kevin Martin,Charlie Villanueva,Francisco Elson,Ramon Sessions,Richard Jefferson,Tyronn Lue,4,6:52,SAC,sub,,,,John Salmons,,Jason Thompson,,,,,,,,,,,,
Bobby Jackson,Brad Miller,Francisco Garcia,John Salmons,Kevin Martin,Charlie Villanueva,Francisco Elson,Ramon Sessions,Richard Jefferson,Tyronn Lue,4,6:31,MIL,foul,,,,,,,,Kevin Martin,,Ramon Sessions,,,,,,shooting,,
Bobby Jackson,Brad Miller,Francisco Garcia,John Salmons,Kevin Martin,Charlie Villanueva,Francisco Elson,Ramon Sessions,Richard Jefferson,Tyronn Lue,4,6:31,SAC,free throw,,,,,,,1,,2,Kevin Martin,,,foul,missed,,,,
Bobby Jackson,Brad Miller,Francisco Garcia,John Salmons,Kevin Martin,Charlie Villanueva,Francisco Elson,Ramon Sessions,Richard Jefferson,Tyronn Lue,4,6:31,SAC,rebound,,,,,,,,,,,,,,,,,,
Bobby Jackson,Brad Miller,Francisco Garcia,John Salmons,Kevin Martin,Charlie Villanueva,Francisco Elson,Ramon Sessions,Richard Jefferson,Tyronn Lue,4,6:31,SAC,free throw,,,,,,,2,,2,Kevin Martin,,,foul,made,,,,
Bobby Jackson,Brad Miller,Francisco Garcia,John Salmons,Kevin Martin,Charlie Villanueva,Francisco Elson,Ramon Sessions,Richard Jefferson,Tyronn Lue,4,6:10,MIL,turnover,,,,,,,,,,Richard Jefferson,,,bad pass,,Bobby Jackson,,,
Bobby Jackson,Brad Miller,Francisco Garcia,John Salmons,Kevin Martin,Charlie Villanueva,Francisco Elson,Ramon Sessions,Richard Jefferson,Tyronn Lue,4,6:03,SAC,shot,,,,,,,,,,Kevin Martin,,,,missed,,3pt,48,18
Bobby Jackson,Brad Miller,Francisco Garcia,John Salmons,Kevin Martin,Charlie Villanueva,Francisco Elson,Ramon Sessions,Richard Jefferson,Tyronn Lue,4,6:02,MIL,rebound,,,,,,,,,,Charlie Villanueva,,,,,,def,,
Bobby Jackson,Brad Miller,Francisco Garcia,John Salmons,Kevin Martin,Charlie Villanueva,Francisco Elson,Ramon Sessions,Richard Jefferson,Tyronn Lue,4,5:56,MIL,shot,,,,,,,,,,Richard Jefferson,,,,missed,,3pt,8,24
Bobby Jackson,Brad Miller,Francisco Garcia,John Salmons,Kevin Martin,Charlie Villanueva,Francisco Elson,Ramon Sessions,Richard Jefferson,Tyronn Lue,4,5:54,MIL,rebound,,,,,,,,,,Charlie Villanueva,,,,,,off,,
Bobby Jackson,Brad Miller,Francisco Garcia,John Salmons,Kevin Martin,Charlie Villanueva,Francisco Elson,Ramon Sessions,Richard Jefferson,Tyronn Lue,4,5:47,SAC,foul,,,,,,,,Charlie Villanueva,,John Salmons,,,,,,personal,,
Bobby Jackson,Brad Miller,Francisco Garcia,John Salmons,Kevin Martin,Charlie Villanueva,Francisco Elson,Ramon Sessions,Richard Jefferson,Tyronn Lue,4,5:47,MIL,timeout,,,,,,,,,,,,,,,,regular,,
Beno Udrih,Brad Miller,Francisco Garcia,John Salmons,Kevin Martin,Charlie Villanueva,Francisco Elson,Ramon Sessions,Richard Jefferson,Tyronn Lue,4,5:47,SAC,sub,,,,Beno Udrih,,Bobby Jackson,,,,,,,,,,,,
Beno Udrih,Brad Miller,Francisco Garcia,John Salmons,Kevin Martin,Charlie Villanueva,Francisco Elson,Ramon Sessions,Richard Jefferson,Tyronn Lue,4,5:37,MIL,shot,,,,,,,,,,Tyronn Lue,,,,missed,,layup,25,6
Beno Udrih,Brad Miller,Francisco Garcia,John Salmons,Kevin Martin,Charlie Villanueva,Francisco Elson,Ramon Sessions,Richard Jefferson,Tyronn Lue,4,5:36,MIL,rebound,,,,,,,,,,Charlie Villanueva,,,,,,off,,
Beno Udrih,Brad Miller,Francisco Garcia,John Salmons,Kevin Martin,Charlie Villanueva,Francisco Elson,Ramon Sessions,Richard Jefferson,Tyronn Lue,4,5:35,MIL,shot,,,,,,,,,,Charlie Villanueva,2,,,made,,layup,25,6
Beno Udrih,Brad Miller,Francisco Garcia,John Salmons,Kevin Martin,Charlie Villanueva,Francisco Elson,Ramon Sessions,Richard Jefferson,Tyronn Lue,4,5:21,SAC,turnover,,,,,,,,,,Brad Miller,,,lost ball,,Francisco Elson,,,
Beno Udrih,Brad Miller,Francisco Garcia,John Salmons,Kevin Martin,Charlie Villanueva,Francisco Elson,Ramon Sessions,Richard Jefferson,Tyronn Lue,4,5:16,MIL,shot,,,,,,,,,,Francisco Elson,2,,,made,,dunk,25,6
Beno Udrih,Brad Miller,Francisco Garcia,John Salmons,Kevin Martin,Charlie Villanueva,Francisco Elson,Ramon Sessions,Richard Jefferson,Tyronn Lue,4,4:59,MIL,foul,,,,,,,,Francisco Garcia,,Charlie Villanueva,,,,,,personal,,
Beno Udrih,Brad Miller,Francisco Garcia,John Salmons,Kevin Martin,Charlie Villanueva,Francisco Elson,Ramon Sessions,Richard Jefferson,Tyronn Lue,4,4:59,SAC,free throw,,,,,,,1,,2,Francisco Garcia,,,foul,made,,,,
Beno Udrih,Brad Miller,Francisco Garcia,John Salmons,Kevin Martin,Charlie Villanueva,Francisco Elson,Ramon Sessions,Richard Jefferson,Tyronn Lue,4,4:59,SAC,free throw,,,,,,,2,,2,Francisco Garcia,,,foul,missed,,,,
Beno Udrih,Brad Miller,Francisco Garcia,John Salmons,Kevin Martin,Charlie Villanueva,Francisco Elson,Ramon Sessions,Richard Jefferson,Tyronn Lue,4,4:59,SAC,rebound,,,,,,,,,,Brad Miller,,,,,,off,,
Beno Udrih,Brad Miller,Francisco Garcia,John Salmons,Kevin Martin,Charlie Villanueva,Francisco Elson,Ramon Sessions,Richard Jefferson,Tyronn Lue,4,4:53,SAC,shot,,,,,,,,,,Francisco Garcia,,,,missed,,3pt,48,13
Beno Udrih,Brad Miller,Francisco Garcia,John Salmons,Kevin Martin,Charlie Villanueva,Francisco Elson,Ramon Sessions,Richard Jefferson,Tyronn Lue,4,4:52,MIL,rebound,,,,,,,,,,Charlie Villanueva,,,,,,def,,
Beno Udrih,Brad Miller,Francisco Garcia,John Salmons,Kevin Martin,Charlie Villanueva,Francisco Elson,Ramon Sessions,Richard Jefferson,Tyronn Lue,4,4:37,MIL,shot,,,,,,,,,,Charlie Villanueva,,,,missed,,jump,35,6
Beno Udrih,Brad Miller,Francisco Garcia,John Salmons,Kevin Martin,Charlie Villanueva,Francisco Elson,Ramon Sessions,Richard Jefferson,Tyronn Lue,4,4:36,SAC,rebound,,,,,,,,,,Francisco Garcia,,,,,,def,,
Beno Udrih,Brad Miller,Francisco Garcia,John Salmons,Kevin Martin,Charlie Villanueva,Francisco Elson,Ramon Sessions,Richard Jefferson,Tyronn Lue,4,4:17,MIL,foul,,,,,,,,Beno Udrih,,Francisco Elson,,,,,,shooting,,
Beno Udrih,Brad Miller,Francisco Garcia,John Salmons,Kevin Martin,Charlie Villanueva,Francisco Elson,Ramon Sessions,Richard Jefferson,Tyronn Lue,4,4:17,SAC,free throw,,,,,,,1,,2,Beno Udrih,,,foul,made,,,,
Beno Udrih,Brad Miller,Francisco Garcia,John Salmons,Kevin Martin,Charlie Villanueva,Francisco Elson,Luke Ridnour,Ramon Sessions,Richard Jefferson,4,4:17,MIL,sub,,,,Luke Ridnour,,Tyronn Lue,,,,,,,,,,,,
Beno Udrih,Brad Miller,Francisco Garcia,John Salmons,Kevin Martin,Charlie Villanueva,Francisco Elson,Luke Ridnour,Ramon Sessions,Richard Jefferson,4,4:17,SAC,free throw,,,,,,,2,,2,Beno Udrih,,,foul,made,,,,
Beno Udrih,Brad Miller,Francisco Garcia,John Salmons,Kevin Martin,Charlie Villanueva,Francisco Elson,Luke Ridnour,Ramon Sessions,Richard Jefferson,4,4:02,MIL,turnover,,,,,,,,,,Richard Jefferson,,,out of bounds lost ball turnover,,,,,
Beno Udrih,Brad Miller,Francisco Garcia,John Salmons,Kevin Martin,Charlie Villanueva,Francisco Elson,Luke Ridnour,Ramon Sessions,Richard Jefferson,4,3:39,SAC,shot,,,,,,,,,,Francisco Garcia,,,,missed,,3pt,2,6
Beno Udrih,Brad Miller,Francisco Garcia,John Salmons,Kevin Martin,Charlie Villanueva,Francisco Elson,Luke Ridnour,Ramon Sessions,Richard Jefferson,4,3:37,MIL,rebound,,,,,,,,,,Francisco Elson,,,,,,def,,
Beno Udrih,Brad Miller,Francisco Garcia,John Salmons,Kevin Martin,Charlie Villanueva,Francisco Elson,Luke Ridnour,Ramon Sessions,Richard Jefferson,4,3:21,MIL,shot,Ramon Sessions,,,,,,,,,Charlie Villanueva,2,,,made,,dunk,25,6
Beno Udrih,Brad Miller,Francisco Garcia,John Salmons,Kevin Martin,Charlie Villanueva,Francisco Elson,Luke Ridnour,Ramon Sessions,Richard Jefferson,4,2:59,SAC,shot,,,,,,,,,,Brad Miller,,,,missed,,jump,17,5
Beno Udrih,Brad Miller,Francisco Garcia,John Salmons,Kevin Martin,Charlie Villanueva,Francisco Elson,Luke Ridnour,Ramon Sessions,Richard Jefferson,4,2:58,MIL,rebound,,,,,,,,,,Charlie Villanueva,,,,,,def,,
Beno Udrih,Brad Miller,Francisco Garcia,John Salmons,Kevin Martin,Charlie Villanueva,Francisco Elson,Luke Ridnour,Ramon Sessions,Richard Jefferson,4,2:46,MIL,foul,,,,,,,,Beno Udrih,,Ramon Sessions,,,,,,offensive,,
Beno Udrih,Brad Miller,Francisco Garcia,John Salmons,Kevin Martin,Charlie Villanueva,Francisco Elson,Luke Ridnour,Ramon Sessions,Richard Jefferson,4,2:46,MIL,turnover,,,,,,,,,,Ramon Sessions,,,foul,,,,,
Beno Udrih,Brad Miller,Francisco Garcia,John Salmons,Kevin Martin,Charlie Villanueva,Francisco Elson,Luke Ridnour,Ramon Sessions,Richard Jefferson,4,2:46,SAC,timeout,,,,,,,,,,,,,,,,regular,,
Beno Udrih,Brad Miller,Francisco Garcia,John Salmons,Kevin Martin,Charlie Villanueva,Francisco Elson,Luke Ridnour,Ramon Sessions,Richard Jefferson,4,2:33,SAC,shot,,,Francisco Elson,,,,,,,John Salmons,,,,missed,,layup,25,6
Beno Udrih,Brad Miller,Francisco Garcia,John Salmons,Kevin Martin,Charlie Villanueva,Francisco Elson,Luke Ridnour,Ramon Sessions,Richard Jefferson,4,2:31,MIL,rebound,,,,,,,,,,Ramon Sessions,,,,,,def,,
Beno Udrih,Brad Miller,Francisco Garcia,John Salmons,Kevin Martin,Charlie Villanueva,Francisco Elson,Luke Ridnour,Ramon Sessions,Richard Jefferson,4,2:22,MIL,shot,Luke Ridnour,,,,,,,,,Charlie Villanueva,2,,,made,,jump,16,8
Beno Udrih,Brad Miller,Francisco Garcia,John Salmons,Kevin Martin,Charlie Villanueva,Francisco Elson,Luke Ridnour,Ramon Sessions,Richard Jefferson,4,2:03,SAC,shot,Brad Miller,,,,,,,,,Kevin Martin,2,,,made,,layup,25,6
Beno Udrih,Brad Miller,Francisco Garcia,John Salmons,Kevin Martin,Charlie Villanueva,Francisco Elson,Luke Ridnour,Ramon Sessions,Richard Jefferson,4,1:45,MIL,shot,,,,,,,,,,Francisco Elson,,,,missed,,jump,25,23
Beno Udrih,Brad Miller,Francisco Garcia,John Salmons,Kevin Martin,Charlie Villanueva,Francisco Elson,Luke Ridnour,Ramon Sessions,Richard Jefferson,4,1:43,SAC,rebound,,,,,,,,,,Brad Miller,,,,,,def,,
Beno Udrih,Brad Miller,Francisco Garcia,John Salmons,Kevin Martin,Charlie Villanueva,Francisco Elson,Luke Ridnour,Ramon Sessions,Richard Jefferson,4,1:24,SAC,shot,John Salmons,,,,,,,,,Francisco Garcia,3,,,made,,3pt,1,5
Beno Udrih,Brad Miller,Francisco Garcia,John Salmons,Kevin Martin,Charlie Villanueva,Francisco Elson,Luke Ridnour,Ramon Sessions,Richard Jefferson,4,1:24,MIL,timeout,,,,,,,,,,,,,,,,short,,
Beno Udrih,Brad Miller,Francisco Garcia,John Salmons,Kevin Martin,Charlie Villanueva,Francisco Elson,Luke Ridnour,Ramon Sessions,Richard Jefferson,4,0:59,MIL,shot,,,,,,,,,,Luke Ridnour,,,,missed,,jump,26,13
Beno Udrih,Brad Miller,Francisco Garcia,John Salmons,Kevin Martin,Charlie Villanueva,Francisco Elson,Luke Ridnour,Ramon Sessions,Richard Jefferson,4,0:59,MIL,rebound,,,,,,,,,,,,,,,,,,
Beno Udrih,Brad Miller,Francisco Garcia,John Salmons,Kevin Martin,Charlie Villanueva,Francisco Elson,Luke Ridnour,Ramon Sessions,Richard Jefferson,4,0:59,SAC,foul,,,,,,,,Charlie Villanueva,,Francisco Garcia,,,,,,loose ball,,
Beno Udrih,Brad Miller,Francisco Garcia,John Salmons,Kevin Martin,Charlie Villanueva,Francisco Elson,Luke Ridnour,Ramon Sessions,Richard Jefferson,4,0:53,MIL,shot,,,,,,,,,,Luke Ridnour,,,,missed,,jump,27,11
Beno Udrih,Brad Miller,Francisco Garcia,John Salmons,Kevin Martin,Charlie Villanueva,Francisco Elson,Luke Ridnour,Ramon Sessions,Richard Jefferson,4,0:53,MIL,rebound,,,,,,,,,,Ramon Sessions,,,,,,off,,
Beno Udrih,Brad Miller,Francisco Garcia,John Salmons,Kevin Martin,Charlie Villanueva,Francisco Elson,Luke Ridnour,Ramon Sessions,Richard Jefferson,4,0:53,SAC,foul,,,,,,,,Ramon Sessions,,Francisco Garcia,,,,,,personal,,
Beno Udrih,Brad Miller,Francisco Garcia,John Salmons,Kevin Martin,Charlie Villanueva,Francisco Elson,Luke Ridnour,Ramon Sessions,Richard Jefferson,4,0:53,MIL,free throw,,,,,,,1,,2,Ramon Sessions,,,foul,missed,,,,
Beno Udrih,Brad Miller,Francisco Garcia,John Salmons,Kevin Martin,Charlie Villanueva,Francisco Elson,Luke Ridnour,Ramon Sessions,Richard Jefferson,4,0:53,MIL,rebound,,,,,,,,,,,,,,,,,,
Beno Udrih,Brad Miller,Francisco Garcia,John Salmons,Kevin Martin,Francisco Elson,Luc Richard Mbah a Moute,Luke Ridnour,Ramon Sessions,Richard Jefferson,4,0:53,MIL,sub,,,,Luc Richard Mbah a Moute,,Charlie Villanueva,,,,,,,,,,,,
Beno Udrih,Brad Miller,Francisco Garcia,John Salmons,Kevin Martin,Francisco Elson,Luc Richard Mbah a Moute,Luke Ridnour,Ramon Sessions,Richard Jefferson,4,0:53,MIL,free throw,,,,,,,2,,2,Ramon Sessions,,,foul,made,,,,
Beno Udrih,Brad Miller,Francisco Garcia,John Salmons,Kevin Martin,Francisco Elson,Luc Richard Mbah a Moute,Luke Ridnour,Ramon Sessions,Richard Jefferson,4,0:35,SAC,timeout,,,,,,,,,,,,,,,,regular,,
Beno Udrih,Brad Miller,Francisco Garcia,John Salmons,Kevin Martin,Francisco Elson,Luc Richard Mbah a Moute,Luke Ridnour,Ramon Sessions,Richard Jefferson,4,0:29,SAC,shot,,,Luke Ridnour,,,,,,,Beno Udrih,,,,missed,,jump,12,9
Beno Udrih,Brad Miller,Francisco Garcia,John Salmons,Kevin Martin,Francisco Elson,Luc Richard Mbah a Moute,Luke Ridnour,Ramon Sessions,Richard Jefferson,4,0:28,MIL,rebound,,,,,,,,,,Luke Ridnour,,,,,,def,,
Beno Udrih,Brad Miller,Francisco Garcia,John Salmons,Kevin Martin,Francisco Elson,Luc Richard Mbah a Moute,Luke Ridnour,Ramon Sessions,Richard Jefferson,4,0:28,MIL,timeout,,,,,,,,,,,,,,,,short,,
Beno Udrih,Brad Miller,Francisco Garcia,John Salmons,Kevin Martin,Charlie Villanueva,Francisco Elson,Luke Ridnour,Ramon Sessions,Richard Jefferson,4,0:28,MIL,sub,,,,Charlie Villanueva,,Luc Richard Mbah a Moute,,,,,,,,,,,,
Beno Udrih,Brad Miller,Francisco Garcia,John Salmons,Kevin Martin,Charlie Villanueva,Francisco Elson,Luke Ridnour,Ramon Sessions,Richard Jefferson,4,0:16,SAC,foul,,,,,,,,Richard Jefferson,,John Salmons,,,,,,personal,,
Beno Udrih,Brad Miller,Francisco Garcia,John Salmons,Kevin Martin,Charlie Villanueva,Francisco Elson,Luke Ridnour,Ramon Sessions,Richard Jefferson,4,0:16,MIL,free throw,,,,,,,1,,2,Richard Jefferson,,,foul,missed,,,,
Beno Udrih,Brad Miller,Francisco Garcia,John Salmons,Kevin Martin,Charlie Villanueva,Francisco Elson,Luke Ridnour,Ramon Sessions,Richard Jefferson,4,0:16,MIL,rebound,,,,,,,,,,,,,,,,,,
Beno Udrih,Brad Miller,Francisco Garcia,John Salmons,Kevin Martin,Francisco Elson,Luc Richard Mbah a Moute,Luke Ridnour,Ramon Sessions,Richard Jefferson,4,0:16,MIL,sub,,,,Luc Richard Mbah a Moute,,Charlie Villanueva,,,,,,,,,,,,
Beno Udrih,Brad Miller,Francisco Garcia,John Salmons,Kevin Martin,Francisco Elson,Luc Richard Mbah a Moute,Luke Ridnour,Ramon Sessions,Richard Jefferson,4,0:16,MIL,free throw,,,,,,,2,,2,Richard Jefferson,,,foul,made,,,,
Beno Udrih,Brad Miller,Francisco Garcia,John Salmons,Kevin Martin,Francisco Elson,Luc Richard Mbah a Moute,Luke Ridnour,Ramon Sessions,Richard Jefferson,4,0:16,SAC,timeout,,,,,,,,,,,,,,,,short,,
Beno Udrih,Brad Miller,Francisco Garcia,John Salmons,Kevin Martin,Francisco Elson,Luc Richard Mbah a Moute,Luke Ridnour,Ramon Sessions,Richard Jefferson,4,0:03,SAC,shot,,,,,,,,,,Brad Miller,,,,missed,,jump,31,10
Beno Udrih,Brad Miller,Francisco Garcia,John Salmons,Kevin Martin,Francisco Elson,Luc Richard Mbah a Moute,Luke Ridnour,Ramon Sessions,Richard Jefferson,4,0:03,MIL,rebound,,,,,,,,,,Luc Richard Mbah a Moute,,,,,,def,,
Beno Udrih,Brad Miller,Francisco Garcia,John Salmons,Kevin Martin,Francisco Elson,Luc Richard Mbah a Moute,Luke Ridnour,Ramon Sessions,Richard Jefferson,4,0:03,SAC,foul,,,,,,,,Luc Richard Mbah a Moute,,Brad Miller,,,,,,personal,,
Beno Udrih,Brad Miller,Francisco Garcia,John Salmons,Kevin Martin,Francisco Elson,Luc Richard Mbah a Moute,Luke Ridnour,Ramon Sessions,Richard Jefferson,4,0:03,MIL,free throw,,,,,,,1,,2,Luc Richard Mbah a Moute,,,foul,missed,,,,
Beno Udrih,Brad Miller,Francisco Garcia,John Salmons,Kevin Martin,Francisco Elson,Luc Richard Mbah a Moute,Luke Ridnour,Ramon Sessions,Richard Jefferson,4,0:03,MIL,rebound,,,,,,,,,,,,,,,,,,
Beno Udrih,Brad Miller,Francisco Garcia,John Salmons,Kevin Martin,Francisco Elson,Luc Richard Mbah a Moute,Luke Ridnour,Ramon Sessions,Richard Jefferson,4,0:03,MIL,free throw,,,,,,,2,,2,Luc Richard Mbah a Moute,,,foul,made,,,,
Beno Udrih,Brad Miller,Francisco Garcia,John Salmons,Kevin Martin,Francisco Elson,Luc Richard Mbah a Moute,Luke Ridnour,Ramon Sessions,Richard Jefferson,4,0:03,SAC,timeout,,,,,,,,,,,,,,,,short,,
Beno Udrih,Brad Miller,Francisco Garcia,John Salmons,Kevin Martin,Francisco Elson,Luc Richard Mbah a Moute,Luke Ridnour,Ramon Sessions,Richard Jefferson,4,0:00,SAC,shot,,,,,,,,,,Brad Miller,,,,missed,,jump,24,25
Beno Udrih,Brad Miller,Francisco Garcia,John Salmons,Kevin Martin,Francisco Elson,Luc Richard Mbah a Moute,Luke Ridnour,Ramon Sessions,Richard Jefferson,4,0:00,SAC,rebound,,,,,,,,,,,,,,,,,,
