a1,a2,a3,a4,a5,h1,h2,h3,h4,h5,period,time,team,etype,assist,away,block,entered,home,left,num,opponent,outof,player,points,possession,reason,result,steal,type,x,y
Jeff Green,Kevin Durant,Kyle Weaver,Nick Collison,Russell Westbrook,Derek Fisher,Kobe Bryant,Lamar Odom,Luke Walton,Pau Gasol,1,12:00,OFF,jump ball,,Jeff Green,,,Pau Gasol,,,,,,,Nick Collison,,,,,,
Jeff Green,Kevin Durant,Kyle Weaver,Nick Collison,Russell Westbrook,Derek Fisher,Kobe Bryant,Lamar Odom,Luke Walton,Pau Gasol,1,11:45,OKC,shot,,,,,,,,,,Russell Westbrook,,,,missed,,jump,16,20
Jeff Green,Kevin Durant,Kyle Weaver,Nick Collison,Russell Westbrook,Derek Fisher,Kobe Bryant,Lamar Odom,Luke Walton,Pau Gasol,1,11:44,LAL,rebound,,,,,,,,,,,,,,,,,,
Jeff Green,Kevin Durant,Kyle Weaver,Nick Collison,Russell Westbrook,Derek Fisher,Kobe Bryant,Lamar Odom,Luke Walton,Pau Gasol,1,11:28,LAL,shot,,,,,,,,,,Pau Gasol,,,,missed,,turnaround jump,24,15
Jeff Green,Kevin Durant,Kyle Weaver,Nick Collison,Russell Westbrook,Derek Fisher,Kobe Bryant,Lamar Odom,Luke Walton,Pau Gasol,1,11:25,OKC,rebound,,,,,,,,,,Nick Collison,,,,,,def,,
Jeff Green,Kevin Durant,Kyle Weaver,Nick Collison,Russell Westbrook,Derek Fisher,Kobe Bryant,Lamar Odom,Luke Walton,Pau Gasol,1,11:18,OKC,shot,,,,,,,,,,Jeff Green,,,,missed,,jump,34,14
Jeff Green,Kevin Durant,Kyle Weaver,Nick Collison,Russell Westbrook,Derek Fisher,Kobe Bryant,Lamar Odom,Luke Walton,Pau Gasol,1,11:16,LAL,rebound,,,,,,,,,,Pau Gasol,,,,,,def,,
Jeff Green,Kevin Durant,Kyle Weaver,Nick Collison,Russell Westbrook,Derek Fisher,Kobe Bryant,Lamar Odom,Luke Walton,Pau Gasol,1,11:06,LAL,shot,,,,,,,,,,Kobe Bryant,,,,missed,,jump,16,8
Jeff Green,Kevin Durant,Kyle Weaver,Nick Collison,Russell Westbrook,Derek Fisher,Kobe Bryant,Lamar Odom,Luke Walton,Pau Gasol,1,11:04,LAL,shot,,,,,,,,,,Pau Gasol,2,,,made,,tip,25,6
Jeff Green,Kevin Durant,Kyle Weaver,Nick Collison,Russell Westbrook,Derek Fisher,Kobe Bryant,Lamar Odom,Luke Walton,Pau Gasol,1,11:04,LAL,rebound,,,,,,,,,,Pau Gasol,,,,,,off,,
Jeff Green,Kevin Durant,Kyle Weaver,Nick Collison,Russell Westbrook,Derek Fisher,Kobe Bryant,Lamar Odom,Luke Walton,Pau Gasol,1,10:49,OKC,shot,,,,,,,,,,Kevin Durant,,,,missed,,turnaround jump,29,13
Jeff Green,Kevin Durant,Kyle Weaver,Nick Collison,Russell Westbrook,Derek Fisher,Kobe Bryant,Lamar Odom,Luke Walton,Pau Gasol,1,10:42,LAL,rebound,,,,,,,,,,Luke Walton,,,,,,def,,
Jeff Green,Kevin Durant,Kyle Weaver,Nick Collison,Russell Westbrook,Derek Fisher,Kobe Bryant,Lamar Odom,Luke Walton,Pau Gasol,1,10:41,LAL,shot,,,,,,,,,,Kobe Bryant,,,,missed,,jump,10,13
Jeff Green,Kevin Durant,Kyle Weaver,Nick Collison,Russell Westbrook,Derek Fisher,Kobe Bryant,Lamar Odom,Luke Walton,Pau Gasol,1,10:39,OKC,rebound,,,,,,,,,,Kyle Weaver,,,,,,def,,
Jeff Green,Kevin Durant,Kyle Weaver,Nick Collison,Russell Westbrook,Derek Fisher,Kobe Bryant,Lamar Odom,Luke Walton,Pau Gasol,1,10:30,OKC,shot,,,,,,,,,,Kyle Weaver,2,,,made,,jump,36,19
Jeff Green,Kevin Durant,Kyle Weaver,Nick Collison,Russell Westbrook,Derek Fisher,Kobe Bryant,Lamar Odom,Luke Walton,Pau Gasol,1,10:18,LAL,shot,,,,,,,,,,Lamar Odom,,,,missed,,jump,19,12
Jeff Green,Kevin Durant,Kyle Weaver,Nick Collison,Russell Westbrook,Derek Fisher,Kobe Bryant,Lamar Odom,Luke Walton,Pau Gasol,1,10:16,OKC,rebound,,,,,,,,,,Jeff Green,,,,,,def,,
Jeff Green,Kevin Durant,Kyle Weaver,Nick Collison,Russell Westbrook,Derek Fisher,Kobe Bryant,Lamar Odom,Luke Walton,Pau Gasol,1,10:12,OKC,shot,Jeff Green,,,,,,,,,Kevin Durant,2,,,made,,slam dunk,25,6
Jeff Green,Kevin Durant,Kyle Weaver,Nick Collison,Russell Westbrook,Derek Fisher,Kobe Bryant,Lamar Odom,Luke Walton,Pau Gasol,1,9:59,OKC,foul,,,,,,,,Kobe Bryant,,Kyle Weaver,,,,,,personal,,
Jeff Green,Kevin Durant,Kyle Weaver,Nick Collison,Russell Westbrook,Derek Fisher,Kobe Bryant,Lamar Odom,Luke Walton,Pau Gasol,1,9:47,LAL,shot,,,,,,,,,,Kobe Bryant,,,,missed,,turnaround jump,35,16
Jeff Green,Kevin Durant,Kyle Weaver,Nick Collison,Russell Westbrook,Derek Fisher,Kobe Bryant,Lamar Odom,Luke Walton,Pau Gasol,1,9:45,LAL,rebound,,,,,,,,,,Lamar Odom,,,,,,off,,
Jeff Green,Kevin Durant,Kyle Weaver,Nick Collison,Russell Westbrook,Derek Fisher,Kobe Bryant,Lamar Odom,Luke Walton,Pau Gasol,1,9:42,LAL,shot,,,,,,,,,,Pau Gasol,,,,missed,,turnaround hook,31,8
Jeff Green,Kevin Durant,Kyle Weaver,Nick Collison,Russell Westbrook,Derek Fisher,Kobe Bryant,Lamar Odom,Luke Walton,Pau Gasol,1,9:41,OKC,rebound,,,,,,,,,,Russell Westbrook,,,,,,def,,
Jeff Green,Kevin Durant,Kyle Weaver,Nick Collison,Russell Westbrook,Derek Fisher,Kobe Bryant,Lamar Odom,Luke Walton,Pau Gasol,1,9:38,OKC,turnover,,,,,,,,,,Russell Westbrook,,,bad pass,,,,,
Jeff Green,Kevin Durant,Kyle Weaver,Nick Collison,Russell Westbrook,Derek Fisher,Kobe Bryant,Lamar Odom,Luke Walton,Pau Gasol,1,9:20,LAL,shot,,,,,,,,,,Luke Walton,,,,missed,,jump,36,8
Jeff Green,Kevin Durant,Kyle Weaver,Nick Collison,Russell Westbrook,Derek Fisher,Kobe Bryant,Lamar Odom,Luke Walton,Pau Gasol,1,9:18,LAL,rebound,,,,,,,,,,Pau Gasol,,,,,,off,,
Jeff Green,Kevin Durant,Kyle Weaver,Nick Collison,Russell Westbrook,Derek Fisher,Kobe Bryant,Lamar Odom,Luke Walton,Pau Gasol,1,9:16,LAL,shot,,,,,,,,,,Pau Gasol,2,,,made,,hook,33,8
Jeff Green,Kevin Durant,Kyle Weaver,Nick Collison,Russell Westbrook,Derek Fisher,Kobe Bryant,Lamar Odom,Luke Walton,Pau Gasol,1,9:03,OKC,turnover,,,,,,,,,,Kevin Durant,,,step out of bounds turnover,,,,,
Jeff Green,Kevin Durant,Kyle Weaver,Nick Collison,Russell Westbrook,Derek Fisher,Kobe Bryant,Lamar Odom,Luke Walton,Pau Gasol,1,8:41,LAL,shot,,,,,,,,,,Luke Walton,,,,missed,,3pt,2,7
Jeff Green,Kevin Durant,Kyle Weaver,Nick Collison,Russell Westbrook,Derek Fisher,Kobe Bryant,Lamar Odom,Luke Walton,Pau Gasol,1,8:39,OKC,rebound,,,,,,,,,,Kevin Durant,,,,,,def,,
Jeff Green,Kevin Durant,Kyle Weaver,Nick Collison,Russell Westbrook,Derek Fisher,Kobe Bryant,Lamar Odom,Luke Walton,Pau Gasol,1,8:32,OKC,turnover,,,,,,,,,,Kevin Durant,,,lost ball,,Derek Fisher,,,
Jeff Green,Kevin Durant,Kyle Weaver,Nick Collison,Russell Westbrook,Derek Fisher,Kobe Bryant,Lamar Odom,Luke Walton,Pau Gasol,1,8:28,LAL,shot,Luke Walton,,,,,,,,,Pau Gasol,2,,,made,,alley oop dunk,25,6
Jeff Green,Kevin Durant,Kyle Weaver,Nick Collison,Russell Westbrook,Derek Fisher,Kobe Bryant,Lamar Odom,Luke Walton,Pau Gasol,1,8:04,OKC,shot,Russell Westbrook,,,,,,,,,Jeff Green,3,,,made,,3pt,27,30
Jeff Green,Kevin Durant,Kyle Weaver,Nick Collison,Russell Westbrook,Derek Fisher,Kobe Bryant,Lamar Odom,Luke Walton,Pau Gasol,1,7:49,LAL,shot,,,,,,,,,,Luke Walton,,,,missed,,jump,25,23
Jeff Green,Kevin Durant,Kyle Weaver,Nick Collison,Russell Westbrook,Derek Fisher,Kobe Bryant,Lamar Odom,Luke Walton,Pau Gasol,1,7:47,OKC,rebound,,,,,,,,,,Russell Westbrook,,,,,,def,,
Jeff Green,Kevin Durant,Kyle Weaver,Nick Collison,Russell Westbrook,Derek Fisher,Kobe Bryant,Lamar Odom,Luke Walton,Pau Gasol,1,7:40,OKC,shot,,,,,,,,,,Jeff Green,,,,missed,,jump,31,14
Jeff Green,Kevin Durant,Kyle Weaver,Nick Collison,Russell Westbrook,Derek Fisher,Kobe Bryant,Lamar Odom,Luke Walton,Pau Gasol,1,7:38,OKC,rebound,,,,,,,,,,Kyle Weaver,,,,,,off,,
Jeff Green,Kevin Durant,Kyle Weaver,Nick Collison,Russell Westbrook,Derek Fisher,Kobe Bryant,Lamar Odom,Luke Walton,Pau Gasol,1,7:36,OKC,shot,,,Lamar Odom,,,,,,,Kyle Weaver,,,,missed,,layup,25,6
Jeff Green,Kevin Durant,Kyle Weaver,Nick Collison,Russell Westbrook,Derek Fisher,Kobe Bryant,Lamar Odom,Luke Walton,Pau Gasol,1,7:34,LAL,rebound,,,,,,,,,,Lamar Odom,,,,,,def,,
Jeff Green,Kevin Durant,Kyle Weaver,Nick Collison,Russell Westbrook,Derek Fisher,Kobe Bryant,Lamar Odom,Luke Walton,Pau Gasol,1,7:28,LAL,shot,,,,,,,,,,Kobe Bryant,2,,,made,,layup,25,6
Jeff Green,Kevin Durant,Kyle Weaver,Nick Collison,Russell Westbrook,Derek Fisher,Kobe Bryant,Lamar Odom,Luke Walton,Pau Gasol,1,7:16,OKC,shot,,,,,,,,,,Russell Westbrook,3,,,made,,3pt,40,27
Jeff Green,Kevin Durant,Kyle Weaver,Nick Collison,Russell Westbrook,Derek Fisher,Kobe Bryant,Lamar Odom,Luke Walton,Pau Gasol,1,7:07,LAL,shot,,,,,,,,,,Derek Fisher,,,,missed,,3pt,40,26
Jeff Green,Kevin Durant,Kyle Weaver,Nick Collison,Russell Westbrook,Derek Fisher,Kobe Bryant,Lamar Odom,Luke Walton,Pau Gasol,1,7:06,LAL,rebound,,,,,,,,,,Kobe Bryant,,,,,,off,,
Jeff Green,Kevin Durant,Kyle Weaver,Nick Collison,Russell Westbrook,Derek Fisher,Kobe Bryant,Lamar Odom,Luke Walton,Pau Gasol,1,6:59,LAL,shot,,,,,,,,,,Kobe Bryant,,,,missed,,jump,22,15
Jeff Green,Kevin Durant,Kyle Weaver,Nick Collison,Russell Westbrook,Derek Fisher,Kobe Bryant,Lamar Odom,Luke Walton,Pau Gasol,1,6:58,OKC,rebound,,,,,,,,,,Kyle Weaver,,,,,,def,,
Jeff Green,Kevin Durant,Kyle Weaver,Nick Collison,Russell Westbrook,Derek Fisher,Kobe Bryant,Lamar Odom,Luke Walton,Pau Gasol,1,6:50,LAL,foul,,,,,,,,Kevin Durant,,Luke Walton,,,,,,shooting,,
Jeff Green,Kevin Durant,Kyle Weaver,Nick Collison,Russell Westbrook,Derek Fisher,Kobe Bryant,Lamar Odom,Luke Walton,Pau Gasol,1,6:50,OKC,free throw,,,,,,,1,,2,Kevin Durant,,,foul,made,,,,
Jeff Green,Kevin Durant,Kyle Weaver,Nick Collison,Russell Westbrook,Derek Fisher,Kobe Bryant,Lamar Odom,Luke Walton,Pau Gasol,1,6:50,OKC,free throw,,,,,,,2,,2,Kevin Durant,,,foul,made,,,,
Jeff Green,Kevin Durant,Kyle Weaver,Nick Collison,Russell Westbrook,Derek Fisher,Kobe Bryant,Lamar Odom,Luke Walton,Pau Gasol,1,6:39,LAL,shot,,,,,,,,,,Kobe Bryant,2,,,made,,driving layup,25,6
Jeff Green,Kevin Durant,Kyle Weaver,Nick Collison,Russell Westbrook,Derek Fisher,Kobe Bryant,Lamar Odom,Luke Walton,Pau Gasol,1,6:26,OKC,shot,,,,,,,,,,Jeff Green,,,,missed,,jump,11,8
Jeff Green,Kevin Durant,Kyle Weaver,Nick Collison,Russell Westbrook,Derek Fisher,Kobe Bryant,Lamar Odom,Luke Walton,Pau Gasol,1,6:24,LAL,rebound,,,,,,,,,,Pau Gasol,,,,,,def,,
Jeff Green,Kevin Durant,Kyle Weaver,Nick Collison,Russell Westbrook,Derek Fisher,Kobe Bryant,Lamar Odom,Luke Walton,Pau Gasol,1,6:21,LAL,turnover,,,,,,,,,,Pau Gasol,,,bad pass,,Kevin Durant,,,
Jeff Green,Kevin Durant,Kyle Weaver,Nick Collison,Russell Westbrook,Derek Fisher,Kobe Bryant,Lamar Odom,Luke Walton,Pau Gasol,1,6:15,OKC,shot,Kevin Durant,,,,,,,,,Russell Westbrook,2,,,made,,jump,9,13
Jeff Green,Kevin Durant,Kyle Weaver,Nick Collison,Russell Westbrook,Derek Fisher,Kobe Bryant,Lamar Odom,Luke Walton,Pau Gasol,1,5:59,LAL,shot,,,,,,,,,,Pau Gasol,2,,,made,,hook,24,9
Jeff Green,Kevin Durant,Kyle Weaver,Nick Collison,Russell Westbrook,Derek Fisher,Kobe Bryant,Lamar Odom,Luke Walton,Pau Gasol,1,5:45,OKC,shot,Jeff Green,,,,,,,,,Kyle Weaver,3,,,made,,3pt,49,7
Jeff Green,Kevin Durant,Kyle Weaver,Nick Collison,Russell Westbrook,Derek Fisher,Kobe Bryant,Lamar Odom,Luke Walton,Pau Gasol,1,5:28,LAL,shot,,,,,,,,,,Pau Gasol,2,,,made,,driving layup,25,6
Jeff Green,Kevin Durant,Kyle Weaver,Nick Collison,Russell Westbrook,Derek Fisher,Kobe Bryant,Lamar Odom,Luke Walton,Pau Gasol,1,5:18,OKC,timeout,,,,,,,,,,,,,,,,regular,,
Jeff Green,Kevin Durant,Kyle Weaver,Nick Collison,Russell Westbrook,Derek Fisher,Kobe Bryant,Lamar Odom,Luke Walton,Pau Gasol,1,5:04,OKC,shot,,,,,,,,,,Kyle Weaver,,,,missed,,3pt,6,21
Jeff Green,Kevin Durant,Kyle Weaver,Nick Collison,Russell Westbrook,Derek Fisher,Kobe Bryant,Lamar Odom,Luke Walton,Pau Gasol,1,5:03,LAL,rebound,,,,,,,,,,Lamar Odom,,,,,,def,,
Jeff Green,Kevin Durant,Kyle Weaver,Nick Collison,Russell Westbrook,Derek Fisher,Kobe Bryant,Lamar Odom,Luke Walton,Pau Gasol,1,5:00,LAL,turnover,,,,,,,,,,Lamar Odom,,,bad pass,,Russell Westbrook,,,
Jeff Green,Kevin Durant,Kyle Weaver,Nick Collison,Russell Westbrook,Derek Fisher,Kobe Bryant,Lamar Odom,Luke Walton,Pau Gasol,1,4:52,OKC,shot,,,,,,,,,,Russell Westbrook,,,,missed,,3pt,45,21
Jeff Green,Kevin Durant,Kyle Weaver,Nick Collison,Russell Westbrook,Derek Fisher,Kobe Bryant,Lamar Odom,Luke Walton,Pau Gasol,1,4:51,LAL,rebound,,,,,,,,,,Kobe Bryant,,,,,,def,,
Jeff Green,Kevin Durant,Kyle Weaver,Nick Collison,Russell Westbrook,Derek Fisher,Kobe Bryant,Lamar Odom,Luke Walton,Pau Gasol,1,4:40,LAL,shot,,,,,,,,,,Derek Fisher,,,,missed,,3pt,43,23
Jeff Green,Kevin Durant,Kyle Weaver,Nick Collison,Russell Westbrook,Derek Fisher,Kobe Bryant,Lamar Odom,Luke Walton,Pau Gasol,1,4:39,OKC,rebound,,,,,,,,,,Russell Westbrook,,,,,,def,,
Jeff Green,Kevin Durant,Kyle Weaver,Nick Collison,Russell Westbrook,Derek Fisher,Kobe Bryant,Lamar Odom,Luke Walton,Pau Gasol,1,4:30,OKC,shot,,,,,,,,,,Nick Collison,,,,missed,,jump,14,13
Jeff Green,Kevin Durant,Kyle Weaver,Nick Collison,Russell Westbrook,Derek Fisher,Kobe Bryant,Lamar Odom,Luke Walton,Pau Gasol,1,4:29,LAL,rebound,,,,,,,,,,Derek Fisher,,,,,,def,,
Jeff Green,Kevin Durant,Kyle Weaver,Nick Collison,Russell Westbrook,Derek Fisher,Kobe Bryant,Lamar Odom,Luke Walton,Pau Gasol,1,4:23,LAL,turnover,,,,,,,,,,Derek Fisher,,,bad pass,,Kevin Durant,,,
Jeff Green,Kevin Durant,Kyle Weaver,Nick Collison,Russell Westbrook,Derek Fisher,Kobe Bryant,Lamar Odom,Luke Walton,Pau Gasol,1,4:17,OKC,shot,Kevin Durant,,,,,,,,,Kyle Weaver,2,,,made,,layup,25,6
Jeff Green,Kevin Durant,Kyle Weaver,Nick Collison,Russell Westbrook,Derek Fisher,Kobe Bryant,Lamar Odom,Luke Walton,Pau Gasol,1,4:00,LAL,shot,,,,,,,,,,Pau Gasol,,,,missed,,jump,19,13
Jeff Green,Kevin Durant,Kyle Weaver,Nick Collison,Russell Westbrook,Derek Fisher,Kobe Bryant,Lamar Odom,Luke Walton,Pau Gasol,1,3:57,LAL,shot,,,,,,,,,,Lamar Odom,2,,,made,,tip,25,6
Jeff Green,Kevin Durant,Kyle Weaver,Nick Collison,Russell Westbrook,Derek Fisher,Kobe Bryant,Lamar Odom,Luke Walton,Pau Gasol,1,3:57,LAL,rebound,,,,,,,,,,Lamar Odom,,,,,,off,,
Jeff Green,Kevin Durant,Kyle Weaver,Nick Collison,Russell Westbrook,Derek Fisher,Kobe Bryant,Lamar Odom,Luke Walton,Pau Gasol,1,3:42,OKC,shot,,,,,,,,,,Kevin Durant,,,,missed,,jump,4,11
Jeff Green,Kevin Durant,Kyle Weaver,Nick Collison,Russell Westbrook,Derek Fisher,Kobe Bryant,Lamar Odom,Luke Walton,Pau Gasol,1,3:41,LAL,rebound,,,,,,,,,,Luke Walton,,,,,,def,,
Jeff Green,Kevin Durant,Kyle Weaver,Nick Collison,Russell Westbrook,Derek Fisher,Kobe Bryant,Lamar Odom,Luke Walton,Pau Gasol,1,3:19,LAL,shot,,,,,,,,,,Kobe Bryant,,,,missed,,fade away jumper,17,12
Jeff Green,Kevin Durant,Kyle Weaver,Nick Collison,Russell Westbrook,Derek Fisher,Kobe Bryant,Lamar Odom,Luke Walton,Pau Gasol,1,3:15,OKC,rebound,,,,,,,,,,Jeff Green,,,,,,def,,
Jeff Green,Kevin Durant,Kyle Weaver,Nick Collison,Russell Westbrook,Derek Fisher,Kobe Bryant,Lamar Odom,Luke Walton,Pau Gasol,1,3:09,OKC,shot,,,,,,,,,,Russell Westbrook,,,,missed,,finger roll layup,25,6
Jeff Green,Kevin Durant,Kyle Weaver,Nick Collison,Russell Westbrook,Derek Fisher,Kobe Bryant,Lamar Odom,Luke Walton,Pau Gasol,1,3:08,LAL,rebound,,,,,,,,,,Pau Gasol,,,,,,def,,
Jeff Green,Kevin Durant,Kyle Weaver,Nick Collison,Russell Westbrook,Derek Fisher,Kobe Bryant,Lamar Odom,Luke Walton,Pau Gasol,1,3:02,LAL,shot,,,,,,,,,,Lamar Odom,,,,missed,,layup,25,6
Jeff Green,Kevin Durant,Kyle Weaver,Nick Collison,Russell Westbrook,Derek Fisher,Kobe Bryant,Lamar Odom,Luke Walton,Pau Gasol,1,3:00,LAL,shot,,,,,,,,,,Kobe Bryant,2,,,made,,putback layup,25,6
Jeff Green,Kevin Durant,Kyle Weaver,Nick Collison,Russell Westbrook,Derek Fisher,Kobe Bryant,Lamar Odom,Luke Walton,Pau Gasol,1,3:00,LAL,rebound,,,,,,,,,,Kobe Bryant,,,,,,off,,
Jeff Green,Kevin Durant,Kyle Weaver,Nick Collison,Russell Westbrook,Derek Fisher,Kobe Bryant,Lamar Odom,Luke Walton,Pau Gasol,1,2:43,OKC,shot,Russell Westbrook,,,,,,,,,Jeff Green,2,,,made,,jump,17,19
Jeff Green,Kevin Durant,Kyle Weaver,Nick Collison,Russell Westbrook,Derek Fisher,Kobe Bryant,Lamar Odom,Luke Walton,Pau Gasol,1,2:32,LAL,shot,,,Jeff Green,,,,,,,Lamar Odom,,,,missed,,layup,25,6
Jeff Green,Kevin Durant,Kyle Weaver,Nick Collison,Russell Westbrook,Derek Fisher,Kobe Bryant,Lamar Odom,Luke Walton,Pau Gasol,1,2:32,OKC,rebound,,,,,,,,,,,,,,,,,,
Jeff Green,Kevin Durant,Kyle Weaver,Nick Collison,Russell Westbrook,Derek Fisher,Kobe Bryant,Lamar Odom,Luke Walton,Pau Gasol,1,2:32,LAL,timeout,,,,,,,,,,,,,,,,regular,,
Earl Watson,Jeff Green,Kevin Durant,Kyle Weaver,Russell Westbrook,Derek Fisher,Kobe Bryant,Lamar Odom,Luke Walton,Pau Gasol,1,2:32,OKC,sub,,,,Earl Watson,,Nick Collison,,,,,,,,,,,,
Earl Watson,Jeff Green,Kevin Durant,Nenad Krstic,Russell Westbrook,Derek Fisher,Kobe Bryant,Lamar Odom,Luke Walton,Pau Gasol,1,2:32,OKC,sub,,,,Nenad Krstic,,Kyle Weaver,,,,,,,,,,,,
Earl Watson,Jeff Green,Kevin Durant,Nenad Krstic,Russell Westbrook,Derek Fisher,Jordan Farmar,Kobe Bryant,Lamar Odom,Pau Gasol,1,2:32,LAL,sub,,,,Jordan Farmar,,Luke Walton,,,,,,,,,,,,
Earl Watson,Jeff Green,Kevin Durant,Nenad Krstic,Russell Westbrook,Jordan Farmar,Kobe Bryant,Lamar Odom,Pau Gasol,Trevor Ariza,1,2:32,LAL,sub,,,,Trevor Ariza,,Derek Fisher,,,,,,,,,,,,
Earl Watson,Jeff Green,Kevin Durant,Nenad Krstic,Russell Westbrook,Jordan Farmar,Kobe Bryant,Lamar Odom,Pau Gasol,Trevor Ariza,1,2:32,OFF,jump ball,,Jeff Green,,,Lamar Odom,,,,,,,Nenad Krstic,,,,,,
Earl Watson,Jeff Green,Kevin Durant,Nenad Krstic,Russell Westbrook,Jordan Farmar,Kobe Bryant,Lamar Odom,Pau Gasol,Trevor Ariza,1,2:06,OKC,turnover,,,,,,,,,,Russell Westbrook,,,traveling,,,,,
Earl Watson,Jeff Green,Kevin Durant,Nenad Krstic,Russell Westbrook,Jordan Farmar,Kobe Bryant,Lamar Odom,Pau Gasol,Trevor Ariza,1,1:42,LAL,shot,,,,,,,,,,Jordan Farmar,,,,missed,,jump,35,24
Earl Watson,Jeff Green,Kevin Durant,Nenad Krstic,Russell Westbrook,Jordan Farmar,Kobe Bryant,Lamar Odom,Pau Gasol,Trevor Ariza,1,1:40,OKC,rebound,,,,,,,,,,Nenad Krstic,,,,,,def,,
Earl Watson,Jeff Green,Kevin Durant,Nenad Krstic,Russell Westbrook,Jordan Farmar,Kobe Bryant,Lamar Odom,Pau Gasol,Trevor Ariza,1,1:30,OKC,shot,Earl Watson,,,,,,,,,Kevin Durant,2,,,made,,reverse layup,25,6
Earl Watson,Jeff Green,Kevin Durant,Nenad Krstic,Russell Westbrook,Jordan Farmar,Kobe Bryant,Lamar Odom,Pau Gasol,Trevor Ariza,1,1:22,LAL,shot,,,,,,,,,,Jordan Farmar,2,,,made,,driving layup,25,6
Earl Watson,Jeff Green,Kevin Durant,Nenad Krstic,Russell Westbrook,Jordan Farmar,Kobe Bryant,Lamar Odom,Pau Gasol,Trevor Ariza,1,1:04,OKC,shot,,,,,,,,,,Kevin Durant,,,,missed,,jump,10,9
Earl Watson,Jeff Green,Kevin Durant,Nenad Krstic,Russell Westbrook,Jordan Farmar,Kobe Bryant,Lamar Odom,Pau Gasol,Trevor Ariza,1,1:02,LAL,rebound,,,,,,,,,,Kobe Bryant,,,,,,def,,
Earl Watson,Jeff Green,Kevin Durant,Nenad Krstic,Russell Westbrook,Jordan Farmar,Kobe Bryant,Lamar Odom,Pau Gasol,Trevor Ariza,1,0:57,LAL,shot,,,,,,,,,,Kobe Bryant,2,,,made,,jump,24,15
Earl Watson,Jeff Green,Kevin Durant,Nenad Krstic,Russell Westbrook,Jordan Farmar,Kobe Bryant,Lamar Odom,Pau Gasol,Trevor Ariza,1,0:57,OKC,foul,,,,,,,,Kobe Bryant,,Earl Watson,,,,,,shooting,,
Earl Watson,Joe Smith,Kevin Durant,Nenad Krstic,Russell Westbrook,Jordan Farmar,Kobe Bryant,Lamar Odom,Pau Gasol,Trevor Ariza,1,0:57,OKC,sub,,,,Joe Smith,,Jeff Green,,,,,,,,,,,,
Earl Watson,Joe Smith,Kevin Durant,Nenad Krstic,Russell Westbrook,Jordan Farmar,Kobe Bryant,Lamar Odom,Pau Gasol,Trevor Ariza,1,0:57,LAL,free throw,,,,,,,1,,1,Kobe Bryant,,,foul,made,,,,
Earl Watson,Joe Smith,Kevin Durant,Nenad Krstic,Russell Westbrook,Jordan Farmar,Kobe Bryant,Lamar Odom,Pau Gasol,Trevor Ariza,1,0:45,OKC,shot,,,,,,,,,,Kevin Durant,,,,missed,,jump,10,9
Earl Watson,Joe Smith,Kevin Durant,Nenad Krstic,Russell Westbrook,Jordan Farmar,Kobe Bryant,Lamar Odom,Pau Gasol,Trevor Ariza,1,0:44,LAL,rebound,,,,,,,,,,Lamar Odom,,,,,,def,,
Earl Watson,Joe Smith,Kevin Durant,Nenad Krstic,Russell Westbrook,Jordan Farmar,Kobe Bryant,Lamar Odom,Pau Gasol,Trevor Ariza,1,0:24,OKC,foul,,,,,,,,Pau Gasol,,Joe Smith,,,,,,personal,,
Earl Watson,Joe Smith,Kevin Durant,Nenad Krstic,Russell Westbrook,Jordan Farmar,Kobe Bryant,Lamar Odom,Pau Gasol,Trevor Ariza,1,0:24,LAL,free throw,,,,,,,1,,2,Pau Gasol,,,foul,missed,,,,
Earl Watson,Joe Smith,Kevin Durant,Nenad Krstic,Russell Westbrook,Jordan Farmar,Kobe Bryant,Lamar Odom,Pau Gasol,Trevor Ariza,1,0:24,LAL,rebound,,,,,,,,,,,,,,,,,,
Earl Watson,Joe Smith,Kevin Durant,Nenad Krstic,Russell Westbrook,Jordan Farmar,Kobe Bryant,Lamar Odom,Pau Gasol,Trevor Ariza,1,0:24,LAL,free throw,,,,,,,2,,2,Pau Gasol,,,foul,missed,,,,
Earl Watson,Joe Smith,Kevin Durant,Nenad Krstic,Russell Westbrook,Jordan Farmar,Kobe Bryant,Lamar Odom,Pau Gasol,Trevor Ariza,1,0:22,OKC,rebound,,,,,,,,,,Kevin Durant,,,,,,def,,
Earl Watson,Joe Smith,Kevin Durant,Nenad Krstic,Russell Westbrook,Jordan Farmar,Kobe Bryant,Lamar Odom,Pau Gasol,Trevor Ariza,1,0:04,LAL,foul,,,,,,,,Kevin Durant,,Pau Gasol,,,,,,shooting,,
Earl Watson,Joe Smith,Kevin Durant,Nenad Krstic,Russell Westbrook,Jordan Farmar,Kobe Bryant,Lamar Odom,Pau Gasol,Trevor Ariza,1,0:04,OKC,free throw,,,,,,,1,,2,Kevin Durant,,,foul,made,,,,
Earl Watson,Joe Smith,Kevin Durant,Nenad Krstic,Russell Westbrook,Jordan Farmar,Kobe Bryant,Lamar Odom,Sasha Vujacic,Trevor Ariza,1,0:04,LAL,sub,,,,Sasha Vujacic,,Pau Gasol,,,,,,,,,,,,
Earl Watson,Joe Smith,Kevin Durant,Nenad Krstic,Russell Westbrook,Jordan Farmar,Kobe Bryant,Lamar Odom,Sasha Vujacic,Trevor Ariza,1,0:04,OKC,free throw,,,,,,,2,,2,Kevin Durant,,,foul,made,,,,
Earl Watson,Joe Smith,Kevin Durant,Nenad Krstic,Russell Westbrook,Jordan Farmar,Kobe Bryant,Lamar Odom,Sasha Vujacic,Trevor Ariza,1,0:02,LAL,shot,Lamar Odom,,,,,,,,,Kobe Bryant,2,,,made,,slam dunk,25,6
Earl Watson,Joe Smith,Kevin Durant,Nenad Krstic,Russell Westbrook,Jordan Farmar,Kobe Bryant,Lamar Odom,Sasha Vujacic,Trevor Ariza,1,0:00,OKC,shot,,,,,,,,,,Russell Westbrook,,,,missed,,3pt,36,42
Earl Watson,Joe Smith,Kevin Durant,Nenad Krstic,Russell Westbrook,Jordan Farmar,Kobe Bryant,Lamar Odom,Sasha Vujacic,Trevor Ariza,1,0:00,OKC,rebound,,,,,,,,,,,,,,,,,,
Earl Watson,Joe Smith,Kevin Durant,Nenad Krstic,Russell Westbrook,Chris Mihm,Jordan Farmar,Lamar Odom,Sasha Vujacic,Trevor Ariza,2,11:36,LAL,turnover,,,,,,,,,,Jordan Farmar,,,bad pass,,Nenad Krstic,,,
Earl Watson,Joe Smith,Kevin Durant,Nenad Krstic,Russell Westbrook,Chris Mihm,Jordan Farmar,Lamar Odom,Sasha Vujacic,Trevor Ariza,2,11:33,OKC,shot,,,,,,,,,,Russell Westbrook,2,,,made,,driving dunk,25,6
Earl Watson,Joe Smith,Kevin Durant,Nenad Krstic,Russell Westbrook,Chris Mihm,Jordan Farmar,Lamar Odom,Sasha Vujacic,Trevor Ariza,2,11:19,OKC,foul,,,,,,,,Chris Mihm,,Nenad Krstic,,,,,,personal,,
Earl Watson,Joe Smith,Kevin Durant,Nenad Krstic,Russell Westbrook,Chris Mihm,Jordan Farmar,Lamar Odom,Sasha Vujacic,Trevor Ariza,2,11:07,LAL,shot,Chris Mihm,,,,,,,,,Sasha Vujacic,2,,,made,,jump,42,12
Earl Watson,Joe Smith,Kevin Durant,Nenad Krstic,Russell Westbrook,Chris Mihm,Jordan Farmar,Lamar Odom,Sasha Vujacic,Trevor Ariza,2,10:48,OKC,shot,,,,,,,,,,Russell Westbrook,,,,missed,,layup,25,6
Earl Watson,Joe Smith,Kevin Durant,Nenad Krstic,Russell Westbrook,Chris Mihm,Jordan Farmar,Lamar Odom,Sasha Vujacic,Trevor Ariza,2,10:40,OKC,shot,,,,,,,,,,Joe Smith,,,,missed,,layup,25,6
Earl Watson,Joe Smith,Kevin Durant,Nenad Krstic,Russell Westbrook,Chris Mihm,Jordan Farmar,Lamar Odom,Sasha Vujacic,Trevor Ariza,2,10:40,OKC,rebound,,,,,,,,,,Joe Smith,,,,,,off,,
Earl Watson,Joe Smith,Kevin Durant,Nenad Krstic,Russell Westbrook,Chris Mihm,Jordan Farmar,Lamar Odom,Sasha Vujacic,Trevor Ariza,2,10:39,LAL,rebound,,,,,,,,,,Sasha Vujacic,,,,,,def,,
Earl Watson,Joe Smith,Kevin Durant,Nenad Krstic,Russell Westbrook,Chris Mihm,Jordan Farmar,Lamar Odom,Sasha Vujacic,Trevor Ariza,2,10:37,LAL,shot,,,,,,,,,,Jordan Farmar,2,,,made,,layup,25,6
Earl Watson,Joe Smith,Kevin Durant,Nenad Krstic,Russell Westbrook,Chris Mihm,Jordan Farmar,Lamar Odom,Sasha Vujacic,Trevor Ariza,2,10:21,OKC,shot,,,,,,,,,,Joe Smith,,,,missed,,jump,43,6
Earl Watson,Joe Smith,Kevin Durant,Nenad Krstic,Russell Westbrook,Chris Mihm,Jordan Farmar,Lamar Odom,Sasha Vujacic,Trevor Ariza,2,10:19,LAL,rebound,,,,,,,,,,Lamar Odom,,,,,,def,,
Earl Watson,Joe Smith,Kevin Durant,Nenad Krstic,Russell Westbrook,Chris Mihm,Jordan Farmar,Lamar Odom,Sasha Vujacic,Trevor Ariza,2,10:13,LAL,shot,,,,,,,,,,Lamar Odom,2,,,made,,driving layup,25,6
Earl Watson,Joe Smith,Kevin Durant,Nenad Krstic,Russell Westbrook,Chris Mihm,Jordan Farmar,Lamar Odom,Sasha Vujacic,Trevor Ariza,2,10:02,OKC,shot,,,,,,,,,,Kevin Durant,,,,missed,,jump,11,20
Earl Watson,Joe Smith,Kevin Durant,Nenad Krstic,Russell Westbrook,Chris Mihm,Jordan Farmar,Lamar Odom,Sasha Vujacic,Trevor Ariza,2,9:58,LAL,rebound,,,,,,,,,,Chris Mihm,,,,,,def,,
Earl Watson,Joe Smith,Kevin Durant,Nenad Krstic,Russell Westbrook,Chris Mihm,Jordan Farmar,Lamar Odom,Sasha Vujacic,Trevor Ariza,2,9:53,LAL,shot,,,,,,,,,,Trevor Ariza,,,,missed,,jump,10,15
Earl Watson,Joe Smith,Kevin Durant,Nenad Krstic,Russell Westbrook,Chris Mihm,Jordan Farmar,Lamar Odom,Sasha Vujacic,Trevor Ariza,2,9:52,OKC,rebound,,,,,,,,,,Earl Watson,,,,,,def,,
Earl Watson,Joe Smith,Kevin Durant,Nenad Krstic,Russell Westbrook,Chris Mihm,Jordan Farmar,Lamar Odom,Sasha Vujacic,Trevor Ariza,2,9:47,OKC,shot,,,,,,,,,,Earl Watson,2,,,made,,driving layup,25,6
Earl Watson,Joe Smith,Kevin Durant,Nenad Krstic,Russell Westbrook,Chris Mihm,Jordan Farmar,Lamar Odom,Sasha Vujacic,Trevor Ariza,2,9:31,LAL,shot,,,,,,,,,,Lamar Odom,,,,missed,,3pt,48,6
Earl Watson,Joe Smith,Kevin Durant,Nenad Krstic,Russell Westbrook,Chris Mihm,Jordan Farmar,Lamar Odom,Sasha Vujacic,Trevor Ariza,2,9:30,OKC,rebound,,,,,,,,,,,,,,,,,,
Earl Watson,Joe Smith,Kevin Durant,Kyle Weaver,Nenad Krstic,Chris Mihm,Jordan Farmar,Lamar Odom,Sasha Vujacic,Trevor Ariza,2,9:30,OKC,sub,,,,Kyle Weaver,,Russell Westbrook,,,,,,,,,,,,
Earl Watson,Jeff Green,Joe Smith,Kyle Weaver,Nenad Krstic,Chris Mihm,Jordan Farmar,Lamar Odom,Sasha Vujacic,Trevor Ariza,2,9:30,OKC,sub,,,,Jeff Green,,Kevin Durant,,,,,,,,,,,,
Earl Watson,Jeff Green,Joe Smith,Kyle Weaver,Nenad Krstic,Chris Mihm,Jordan Farmar,Lamar Odom,Sasha Vujacic,Trevor Ariza,2,9:03,OKC,shot,,,,,,,,,,Kyle Weaver,,,,missed,,3pt,3,11
Earl Watson,Jeff Green,Joe Smith,Kyle Weaver,Nenad Krstic,Chris Mihm,Jordan Farmar,Lamar Odom,Sasha Vujacic,Trevor Ariza,2,9:01,LAL,rebound,,,,,,,,,,Jordan Farmar,,,,,,def,,
Earl Watson,Jeff Green,Joe Smith,Kyle Weaver,Nenad Krstic,Chris Mihm,Jordan Farmar,Lamar Odom,Sasha Vujacic,Trevor Ariza,2,8:52,LAL,shot,,,,,,,,,,Chris Mihm,,,,missed,,hook,26,13
Earl Watson,Jeff Green,Joe Smith,Kyle Weaver,Nenad Krstic,Chris Mihm,Jordan Farmar,Lamar Odom,Sasha Vujacic,Trevor Ariza,2,8:49,OKC,rebound,,,,,,,,,,Nenad Krstic,,,,,,def,,
Earl Watson,Jeff Green,Joe Smith,Kyle Weaver,Nenad Krstic,Chris Mihm,Jordan Farmar,Lamar Odom,Sasha Vujacic,Trevor Ariza,2,8:40,OFF,timeout,,,,,,,,,,,,,,,,official,,
Earl Watson,Jeff Green,Joe Smith,Kyle Weaver,Nenad Krstic,Chris Mihm,Jordan Farmar,Pau Gasol,Sasha Vujacic,Trevor Ariza,2,8:40,LAL,sub,,,,Pau Gasol,,Lamar Odom,,,,,,,,,,,,
Earl Watson,Jeff Green,Joe Smith,Kyle Weaver,Nenad Krstic,Jordan Farmar,Josh Powell,Pau Gasol,Sasha Vujacic,Trevor Ariza,2,8:40,LAL,sub,,,,Josh Powell,,Chris Mihm,,,,,,,,,,,,
Earl Watson,Jeff Green,Joe Smith,Kyle Weaver,Nenad Krstic,Jordan Farmar,Josh Powell,Pau Gasol,Sasha Vujacic,Trevor Ariza,2,8:31,OKC,shot,Joe Smith,,,,,,,,,Jeff Green,2,,,made,,jump,13,19
Earl Watson,Jeff Green,Joe Smith,Kyle Weaver,Nenad Krstic,Jordan Farmar,Josh Powell,Pau Gasol,Sasha Vujacic,Trevor Ariza,2,8:21,LAL,shot,,,,,,,,,,Sasha Vujacic,,,,missed,,3pt,48,9
Earl Watson,Jeff Green,Joe Smith,Kyle Weaver,Nenad Krstic,Jordan Farmar,Josh Powell,Pau Gasol,Sasha Vujacic,Trevor Ariza,2,8:20,OKC,rebound,,,,,,,,,,Jeff Green,,,,,,def,,
Earl Watson,Jeff Green,Joe Smith,Kyle Weaver,Nenad Krstic,Jordan Farmar,Josh Powell,Pau Gasol,Sasha Vujacic,Trevor Ariza,2,8:16,OKC,shot,Jeff Green,,,,,,,,,Kyle Weaver,2,,,made,,layup,25,6
Earl Watson,Jeff Green,Joe Smith,Kyle Weaver,Nenad Krstic,Jordan Farmar,Josh Powell,Pau Gasol,Sasha Vujacic,Trevor Ariza,2,8:06,LAL,shot,Jordan Farmar,,,,,,,,,Trevor Ariza,3,,,made,,3pt,48,8
Earl Watson,Jeff Green,Joe Smith,Kyle Weaver,Nenad Krstic,Jordan Farmar,Josh Powell,Pau Gasol,Sasha Vujacic,Trevor Ariza,2,7:57,OKC,shot,Earl Watson,,,,,,,,,Joe Smith,2,,,made,,jump,26,27
Earl Watson,Jeff Green,Joe Smith,Kyle Weaver,Nenad Krstic,Jordan Farmar,Josh Powell,Pau Gasol,Sasha Vujacic,Trevor Ariza,2,7:44,LAL,shot,Jordan Farmar,,,,,,,,,Trevor Ariza,3,,,made,,3pt,35,28
Earl Watson,Jeff Green,Joe Smith,Kyle Weaver,Nenad Krstic,Jordan Farmar,Josh Powell,Pau Gasol,Sasha Vujacic,Trevor Ariza,2,7:29,OKC,shot,Joe Smith,,,,,,,,,Nenad Krstic,2,,,made,,jump,43,8
Earl Watson,Jeff Green,Joe Smith,Kyle Weaver,Nenad Krstic,Jordan Farmar,Josh Powell,Pau Gasol,Sasha Vujacic,Trevor Ariza,2,7:15,LAL,shot,,,,,,,,,,Pau Gasol,,,,missed,,hook,20,13
Earl Watson,Jeff Green,Joe Smith,Kyle Weaver,Nenad Krstic,Jordan Farmar,Josh Powell,Pau Gasol,Sasha Vujacic,Trevor Ariza,2,7:10,OKC,rebound,,,,,,,,,,Jeff Green,,,,,,def,,
Earl Watson,Jeff Green,Joe Smith,Kyle Weaver,Nenad Krstic,Jordan Farmar,Josh Powell,Pau Gasol,Sasha Vujacic,Trevor Ariza,2,7:08,OKC,shot,,,,,,,,,,Earl Watson,2,,,made,,layup,25,6
Earl Watson,Jeff Green,Joe Smith,Kyle Weaver,Nenad Krstic,Jordan Farmar,Josh Powell,Pau Gasol,Sasha Vujacic,Trevor Ariza,2,6:52,LAL,shot,,,,,,,,,,Josh Powell,,,,missed,,jump,19,17
Earl Watson,Jeff Green,Joe Smith,Kyle Weaver,Nenad Krstic,Jordan Farmar,Josh Powell,Pau Gasol,Sasha Vujacic,Trevor Ariza,2,6:51,OKC,rebound,,,,,,,,,,Earl Watson,,,,,,def,,
Earl Watson,Jeff Green,Joe Smith,Kyle Weaver,Nenad Krstic,Jordan Farmar,Josh Powell,Pau Gasol,Sasha Vujacic,Trevor Ariza,2,6:44,OKC,shot,,,,,,,,,,Earl Watson,,,,missed,,jump,21,20
Earl Watson,Jeff Green,Joe Smith,Kyle Weaver,Nenad Krstic,Jordan Farmar,Josh Powell,Pau Gasol,Sasha Vujacic,Trevor Ariza,2,6:42,LAL,rebound,,,,,,,,,,Josh Powell,,,,,,def,,
Earl Watson,Jeff Green,Joe Smith,Kyle Weaver,Nenad Krstic,Jordan Farmar,Josh Powell,Pau Gasol,Sasha Vujacic,Trevor Ariza,2,6:26,LAL,shot,Sasha Vujacic,,,,,,,,,Pau Gasol,2,,,made,,layup,25,6
Earl Watson,Jeff Green,Joe Smith,Kyle Weaver,Nenad Krstic,Jordan Farmar,Josh Powell,Pau Gasol,Sasha Vujacic,Trevor Ariza,2,6:08,OKC,shot,,,,,,,,,,Jeff Green,,,,missed,,jump hook,27,11
Earl Watson,Jeff Green,Joe Smith,Kyle Weaver,Nenad Krstic,Jordan Farmar,Josh Powell,Pau Gasol,Sasha Vujacic,Trevor Ariza,2,6:07,LAL,foul,,,,,,,,Kyle Weaver,,Sasha Vujacic,,,,,,loose ball,,
Earl Watson,Jeff Green,Joe Smith,Kyle Weaver,Nenad Krstic,Jordan Farmar,Josh Powell,Kobe Bryant,Pau Gasol,Trevor Ariza,2,6:07,LAL,sub,,,,Kobe Bryant,,Sasha Vujacic,,,,,,,,,,,,
Earl Watson,Jeff Green,Joe Smith,Kyle Weaver,Nick Collison,Jordan Farmar,Josh Powell,Kobe Bryant,Pau Gasol,Trevor Ariza,2,6:07,OKC,sub,,,,Nick Collison,,Nenad Krstic,,,,,,,,,,,,
Earl Watson,Jeff Green,Joe Smith,Kyle Weaver,Nick Collison,Jordan Farmar,Josh Powell,Kobe Bryant,Pau Gasol,Trevor Ariza,2,6:07,OKC,rebound,,,,,,,,,,,,,,,,,,
Earl Watson,Jeff Green,Joe Smith,Kyle Weaver,Nick Collison,Jordan Farmar,Josh Powell,Kobe Bryant,Pau Gasol,Trevor Ariza,2,6:00,OKC,shot,Earl Watson,,,,,,,,,Joe Smith,2,,,made,,jump,28,25
Earl Watson,Jeff Green,Joe Smith,Kyle Weaver,Nick Collison,Jordan Farmar,Josh Powell,Kobe Bryant,Pau Gasol,Trevor Ariza,2,5:49,LAL,shot,Jordan Farmar,,,,,,,,,Kobe Bryant,2,,,made,,alley oop layup,25,6
Earl Watson,Jeff Green,Joe Smith,Kyle Weaver,Nick Collison,Jordan Farmar,Josh Powell,Kobe Bryant,Pau Gasol,Trevor Ariza,2,5:34,OKC,shot,Earl Watson,,,,,,,,,Joe Smith,2,,,made,,jump,41,7
Earl Watson,Jeff Green,Joe Smith,Kyle Weaver,Nick Collison,Jordan Farmar,Josh Powell,Kobe Bryant,Pau Gasol,Trevor Ariza,2,5:34,LAL,foul,,,,,,,,Joe Smith,,Josh Powell,,,,,,shooting,,
Earl Watson,Jeff Green,Joe Smith,Kyle Weaver,Nick Collison,Jordan Farmar,Josh Powell,Kobe Bryant,Pau Gasol,Trevor Ariza,2,5:34,LAL,timeout,,,,,,,,,,,,,,,,regular,,
Earl Watson,Jeff Green,Joe Smith,Kyle Weaver,Nick Collison,Derek Fisher,Jordan Farmar,Josh Powell,Kobe Bryant,Pau Gasol,2,5:34,LAL,sub,,,,Derek Fisher,,Trevor Ariza,,,,,,,,,,,,
Earl Watson,Jeff Green,Joe Smith,Kyle Weaver,Nick Collison,Derek Fisher,Josh Powell,Kobe Bryant,Luke Walton,Pau Gasol,2,5:34,LAL,sub,,,,Luke Walton,,Jordan Farmar,,,,,,,,,,,,
Earl Watson,Jeff Green,Joe Smith,Kyle Weaver,Nick Collison,Derek Fisher,Kobe Bryant,Lamar Odom,Luke Walton,Pau Gasol,2,5:34,LAL,sub,,,,Lamar Odom,,Josh Powell,,,,,,,,,,,,
Earl Watson,Jeff Green,Joe Smith,Kyle Weaver,Nick Collison,Derek Fisher,Kobe Bryant,Lamar Odom,Luke Walton,Pau Gasol,2,5:34,OKC,free throw,,,,,,,1,,1,Joe Smith,,,foul,missed,,,,
Earl Watson,Jeff Green,Joe Smith,Kyle Weaver,Nick Collison,Derek Fisher,Kobe Bryant,Lamar Odom,Luke Walton,Pau Gasol,2,5:33,LAL,rebound,,,,,,,,,,Lamar Odom,,,,,,def,,
Earl Watson,Jeff Green,Joe Smith,Kyle Weaver,Nick Collison,Derek Fisher,Kobe Bryant,Lamar Odom,Luke Walton,Pau Gasol,2,5:13,OKC,foul,,,,,,,,Kobe Bryant,,Kyle Weaver,,,,,,shooting,,
Earl Watson,Jeff Green,Kevin Durant,Kyle Weaver,Nick Collison,Derek Fisher,Kobe Bryant,Lamar Odom,Luke Walton,Pau Gasol,2,5:13,OKC,sub,,,,Kevin Durant,,Joe Smith,,,,,,,,,,,,
Earl Watson,Jeff Green,Kevin Durant,Kyle Weaver,Nick Collison,Derek Fisher,Kobe Bryant,Lamar Odom,Luke Walton,Pau Gasol,2,5:13,LAL,free throw,,,,,,,1,,2,Kobe Bryant,,,foul,made,,,,
Earl Watson,Jeff Green,Kevin Durant,Kyle Weaver,Nick Collison,Derek Fisher,Kobe Bryant,Lamar Odom,Luke Walton,Pau Gasol,2,5:13,LAL,free throw,,,,,,,2,,2,Kobe Bryant,,,foul,made,,,,
Earl Watson,Jeff Green,Kevin Durant,Kyle Weaver,Nick Collison,Derek Fisher,Kobe Bryant,Lamar Odom,Luke Walton,Pau Gasol,2,4:58,OKC,shot,,,,,,,,,,Kevin Durant,,,,missed,,jump,22,23
Earl Watson,Jeff Green,Kevin Durant,Kyle Weaver,Nick Collison,Derek Fisher,Kobe Bryant,Lamar Odom,Luke Walton,Pau Gasol,2,4:56,LAL,rebound,,,,,,,,,,Lamar Odom,,,,,,def,,
Earl Watson,Jeff Green,Kevin Durant,Kyle Weaver,Nick Collison,Derek Fisher,Kobe Bryant,Lamar Odom,Luke Walton,Pau Gasol,2,4:47,OKC,foul,,,,,,,,Pau Gasol,,Nick Collison,,,,,,personal,,
Jeff Green,Kevin Durant,Kyle Weaver,Nick Collison,Russell Westbrook,Derek Fisher,Kobe Bryant,Lamar Odom,Luke Walton,Pau Gasol,2,4:47,OKC,sub,,,,Russell Westbrook,,Earl Watson,,,,,,,,,,,,
Jeff Green,Kevin Durant,Kyle Weaver,Nick Collison,Russell Westbrook,Derek Fisher,Kobe Bryant,Lamar Odom,Luke Walton,Pau Gasol,2,4:38,LAL,shot,,,,,,,,,,Kobe Bryant,,,,missed,,turnaround bank,30,11
Jeff Green,Kevin Durant,Kyle Weaver,Nick Collison,Russell Westbrook,Derek Fisher,Kobe Bryant,Lamar Odom,Luke Walton,Pau Gasol,2,4:35,OKC,rebound,,,,,,,,,,Nick Collison,,,,,,def,,
Jeff Green,Kevin Durant,Kyle Weaver,Nick Collison,Russell Westbrook,Derek Fisher,Kobe Bryant,Lamar Odom,Luke Walton,Pau Gasol,2,4:16,OKC,shot,,,Pau Gasol,,,,,,,Nick Collison,,,,missed,,layup,25,6
Jeff Green,Kevin Durant,Kyle Weaver,Nick Collison,Russell Westbrook,Derek Fisher,Kobe Bryant,Lamar Odom,Luke Walton,Pau Gasol,2,4:15,OKC,rebound,,,,,,,,,,,,,,,,,,
Jeff Green,Kevin Durant,Kyle Weaver,Nick Collison,Russell Westbrook,Derek Fisher,Kobe Bryant,Lamar Odom,Luke Walton,Pau Gasol,2,4:14,OKC,turnover,,,,,,,,,,,,,shot clock turnover,,,,,
Jeff Green,Kevin Durant,Kyle Weaver,Nick Collison,Russell Westbrook,Derek Fisher,Kobe Bryant,Lamar Odom,Luke Walton,Pau Gasol,2,4:05,OKC,foul,,,,,,,,Pau Gasol,,Nick Collison,,,,,,personal,,
Jeff Green,Kevin Durant,Kyle Weaver,Nick Collison,Russell Westbrook,Derek Fisher,Kobe Bryant,Lamar Odom,Luke Walton,Pau Gasol,2,3:52,LAL,shot,,,,,,,,,,Derek Fisher,2,,,made,,pullup jump,14,19
Jeff Green,Kevin Durant,Kyle Weaver,Nick Collison,Russell Westbrook,Derek Fisher,Kobe Bryant,Lamar Odom,Luke Walton,Pau Gasol,2,3:35,OKC,shot,,,,,,,,,,Kevin Durant,,,,missed,,jump,11,16
Jeff Green,Kevin Durant,Kyle Weaver,Nick Collison,Russell Westbrook,Derek Fisher,Kobe Bryant,Lamar Odom,Luke Walton,Pau Gasol,2,3:34,LAL,rebound,,,,,,,,,,Lamar Odom,,,,,,def,,
Jeff Green,Kevin Durant,Kyle Weaver,Nick Collison,Russell Westbrook,Derek Fisher,Kobe Bryant,Lamar Odom,Luke Walton,Pau Gasol,2,3:22,LAL,shot,,,,,,,,,,Luke Walton,,,,missed,,jump,16,23
Jeff Green,Kevin Durant,Kyle Weaver,Nick Collison,Russell Westbrook,Derek Fisher,Kobe Bryant,Lamar Odom,Luke Walton,Pau Gasol,2,3:21,LAL,rebound,,,,,,,,,,Kobe Bryant,,,,,,off,,
Jeff Green,Kevin Durant,Kyle Weaver,Nick Collison,Russell Westbrook,Derek Fisher,Kobe Bryant,Lamar Odom,Luke Walton,Pau Gasol,2,3:21,LAL,shot,,,,,,,,,,Kobe Bryant,2,,,made,,layup,25,6
Jeff Green,Kevin Durant,Kyle Weaver,Nick Collison,Russell Westbrook,Derek Fisher,Kobe Bryant,Lamar Odom,Luke Walton,Pau Gasol,2,3:21,OKC,foul,,,,,,,,Kobe Bryant,,Nick Collison,,,,,,shooting,,
Jeff Green,Kevin Durant,Kyle Weaver,Nenad Krstic,Russell Westbrook,Derek Fisher,Kobe Bryant,Lamar Odom,Luke Walton,Pau Gasol,2,3:21,OKC,sub,,,,Nenad Krstic,,Nick Collison,,,,,,,,,,,,
Jeff Green,Kevin Durant,Kyle Weaver,Nenad Krstic,Russell Westbrook,Derek Fisher,Kobe Bryant,Lamar Odom,Luke Walton,Pau Gasol,2,3:21,LAL,free throw,,,,,,,1,,1,Kobe Bryant,,,foul,made,,,,
Jeff Green,Kevin Durant,Kyle Weaver,Nenad Krstic,Russell Westbrook,Derek Fisher,Kobe Bryant,Lamar Odom,Luke Walton,Pau Gasol,2,3:16,OKC,timeout,,,,,,,,,,,,,,,,regular,,
Jeff Green,Kevin Durant,Kyle Weaver,Nenad Krstic,Russell Westbrook,Derek Fisher,Kobe Bryant,Lamar Odom,Luke Walton,Pau Gasol,2,3:03,OKC,shot,,,,,,,,,,Kevin Durant,,,,missed,,layup,25,6
Jeff Green,Kevin Durant,Kyle Weaver,Nenad Krstic,Russell Westbrook,Derek Fisher,Kobe Bryant,Lamar Odom,Luke Walton,Pau Gasol,2,3:02,LAL,rebound,,,,,,,,,,Lamar Odom,,,,,,def,,
Jeff Green,Kevin Durant,Kyle Weaver,Nenad Krstic,Russell Westbrook,Derek Fisher,Kobe Bryant,Lamar Odom,Luke Walton,Pau Gasol,2,2:44,LAL,shot,Pau Gasol,,,,,,,,,Derek Fisher,2,,,made,,pullup jump,38,22
Jeff Green,Kevin Durant,Kyle Weaver,Nenad Krstic,Russell Westbrook,Derek Fisher,Kobe Bryant,Lamar Odom,Luke Walton,Pau Gasol,2,2:28,OKC,shot,,,,,,,,,,Nenad Krstic,,,,missed,,jump,13,22
Jeff Green,Kevin Durant,Kyle Weaver,Nenad Krstic,Russell Westbrook,Derek Fisher,Kobe Bryant,Lamar Odom,Luke Walton,Pau Gasol,2,2:26,LAL,rebound,,,,,,,,,,Lamar Odom,,,,,,def,,
Jeff Green,Kevin Durant,Kyle Weaver,Nenad Krstic,Russell Westbrook,Derek Fisher,Kobe Bryant,Lamar Odom,Luke Walton,Pau Gasol,2,2:14,LAL,shot,,,,,,,,,,Kobe Bryant,,,,missed,,turnaround bank,14,9
Jeff Green,Kevin Durant,Kyle Weaver,Nenad Krstic,Russell Westbrook,Derek Fisher,Kobe Bryant,Lamar Odom,Luke Walton,Pau Gasol,2,2:12,LAL,shot,,,,,,,,,,Pau Gasol,2,,,made,,tip,25,6
Jeff Green,Kevin Durant,Kyle Weaver,Nenad Krstic,Russell Westbrook,Derek Fisher,Kobe Bryant,Lamar Odom,Luke Walton,Pau Gasol,2,2:12,LAL,rebound,,,,,,,,,,Pau Gasol,,,,,,off,,
Jeff Green,Kevin Durant,Kyle Weaver,Nenad Krstic,Russell Westbrook,Derek Fisher,Kobe Bryant,Lamar Odom,Luke Walton,Pau Gasol,2,1:47,OKC,shot,,,,,,,,,,Kyle Weaver,,,,missed,,3pt,2,10
Jeff Green,Kevin Durant,Kyle Weaver,Nenad Krstic,Russell Westbrook,Derek Fisher,Kobe Bryant,Lamar Odom,Luke Walton,Pau Gasol,2,1:45,LAL,rebound,,,,,,,,,,Pau Gasol,,,,,,def,,
Jeff Green,Kevin Durant,Kyle Weaver,Nenad Krstic,Russell Westbrook,Derek Fisher,Kobe Bryant,Lamar Odom,Luke Walton,Pau Gasol,2,1:33,LAL,turnover,,,,,,,,,,Kobe Bryant,,,lost ball,,Kevin Durant,,,
Jeff Green,Kevin Durant,Kyle Weaver,Nenad Krstic,Russell Westbrook,Derek Fisher,Kobe Bryant,Lamar Odom,Luke Walton,Pau Gasol,2,1:29,OKC,shot,,,,,,,,,,Kevin Durant,2,,,made,,driving dunk,25,6
Jeff Green,Kevin Durant,Kyle Weaver,Nenad Krstic,Russell Westbrook,Derek Fisher,Kobe Bryant,Lamar Odom,Luke Walton,Pau Gasol,2,1:11,LAL,shot,Pau Gasol,,,,,,,,,Lamar Odom,2,,,made,,jump,23,21
Jeff Green,Kevin Durant,Kyle Weaver,Nenad Krstic,Russell Westbrook,Derek Fisher,Kobe Bryant,Lamar Odom,Luke Walton,Pau Gasol,2,1:11,OKC,foul,,,,,,,,Lamar Odom,,Kyle Weaver,,,,,,shooting,,
Earl Watson,Jeff Green,Kevin Durant,Nenad Krstic,Russell Westbrook,Derek Fisher,Kobe Bryant,Lamar Odom,Luke Walton,Pau Gasol,2,1:11,OKC,sub,,,,Earl Watson,,Kyle Weaver,,,,,,,,,,,,
Earl Watson,Jeff Green,Kevin Durant,Nenad Krstic,Russell Westbrook,Derek Fisher,Kobe Bryant,Lamar Odom,Luke Walton,Pau Gasol,2,1:11,LAL,free throw,,,,,,,1,,1,Lamar Odom,,,foul,missed,,,,
Earl Watson,Jeff Green,Kevin Durant,Nenad Krstic,Russell Westbrook,Derek Fisher,Kobe Bryant,Lamar Odom,Luke Walton,Pau Gasol,2,1:11,LAL,rebound,,,,,,,,,,,,,,,,,,
Earl Watson,Jeff Green,Kevin Durant,Nenad Krstic,Russell Westbrook,Derek Fisher,Kobe Bryant,Lamar Odom,Luke Walton,Pau Gasol,2,1:07,LAL,shot,,,,,,,,,,Kobe Bryant,2,,,made,,driving slam dunk,25,6
Earl Watson,Jeff Green,Kevin Durant,Nenad Krstic,Russell Westbrook,Derek Fisher,Kobe Bryant,Lamar Odom,Luke Walton,Pau Gasol,2,0:54,OKC,shot,,,Pau Gasol,,,,,,,Russell Westbrook,,,,missed,,layup,25,6
Earl Watson,Jeff Green,Kevin Durant,Nenad Krstic,Russell Westbrook,Derek Fisher,Kobe Bryant,Lamar Odom,Luke Walton,Pau Gasol,2,0:53,OKC,rebound,,,,,,,,,,Nenad Krstic,,,,,,off,,
Earl Watson,Jeff Green,Kevin Durant,Nenad Krstic,Russell Westbrook,Derek Fisher,Kobe Bryant,Lamar Odom,Luke Walton,Pau Gasol,2,0:53,LAL,foul,,,,,,,,Nenad Krstic,,Derek Fisher,,,,,,shooting,,
Earl Watson,Jeff Green,Kevin Durant,Nenad Krstic,Russell Westbrook,Derek Fisher,Kobe Bryant,Lamar Odom,Luke Walton,Pau Gasol,2,0:53,OKC,free throw,,,,,,,1,,2,Nenad Krstic,,,foul,made,,,,
Earl Watson,Jeff Green,Kevin Durant,Nenad Krstic,Russell Westbrook,Derek Fisher,Kobe Bryant,Lamar Odom,Luke Walton,Pau Gasol,2,0:53,OKC,free throw,,,,,,,2,,2,Nenad Krstic,,,foul,made,,,,
Earl Watson,Jeff Green,Kevin Durant,Nenad Krstic,Russell Westbrook,Derek Fisher,Kobe Bryant,Lamar Odom,Luke Walton,Pau Gasol,2,0:46,LAL,shot,Kobe Bryant,,,,,,,,,Lamar Odom,2,,,made,,running slam dunk,25,6
Earl Watson,Jeff Green,Kevin Durant,Nenad Krstic,Russell Westbrook,Derek Fisher,Kobe Bryant,Lamar Odom,Luke Walton,Pau Gasol,2,0:29,OKC,shot,,,,,,,,,,Kevin Durant,,,,missed,,layup,25,6
Earl Watson,Jeff Green,Kevin Durant,Nenad Krstic,Russell Westbrook,Derek Fisher,Kobe Bryant,Lamar Odom,Luke Walton,Pau Gasol,2,0:28,LAL,rebound,,,,,,,,,,Luke Walton,,,,,,def,,
Earl Watson,Jeff Green,Kevin Durant,Nenad Krstic,Russell Westbrook,Derek Fisher,Kobe Bryant,Lamar Odom,Luke Walton,Pau Gasol,2,0:23,LAL,shot,Luke Walton,,,,,,,,,Kobe Bryant,2,,,made,,running reverse layup,25,6
Earl Watson,Jeff Green,Kevin Durant,Nenad Krstic,Russell Westbrook,Derek Fisher,Kobe Bryant,Lamar Odom,Luke Walton,Pau Gasol,2,0:00,OKC,turnover,,,,,,,,,,Earl Watson,,,bad pass,,Lamar Odom,,,
Jeff Green,Kevin Durant,Kyle Weaver,Nick Collison,Russell Westbrook,Derek Fisher,Kobe Bryant,Lamar Odom,Luke Walton,Pau Gasol,3,11:41,LAL,shot,,,,,,,,,,Pau Gasol,2,,,made,,turnaround jump,31,14
Jeff Green,Kevin Durant,Kyle Weaver,Nick Collison,Russell Westbrook,Derek Fisher,Kobe Bryant,Lamar Odom,Luke Walton,Pau Gasol,3,11:23,LAL,foul,,,,,,,,Jeff Green,,Kobe Bryant,,,,,,personal,,
Jeff Green,Kevin Durant,Kyle Weaver,Nick Collison,Russell Westbrook,Derek Fisher,Kobe Bryant,Lamar Odom,Luke Walton,Pau Gasol,3,11:17,OKC,shot,,,,,,,,,,Russell Westbrook,,,,missed,,jump,17,15
Jeff Green,Kevin Durant,Kyle Weaver,Nick Collison,Russell Westbrook,Derek Fisher,Kobe Bryant,Lamar Odom,Luke Walton,Pau Gasol,3,11:16,LAL,rebound,,,,,,,,,,Lamar Odom,,,,,,def,,
Jeff Green,Kevin Durant,Kyle Weaver,Nick Collison,Russell Westbrook,Derek Fisher,Kobe Bryant,Lamar Odom,Luke Walton,Pau Gasol,3,11:01,LAL,shot,,,,,,,,,,Kobe Bryant,,,,missed,,3pt,6,23
Jeff Green,Kevin Durant,Kyle Weaver,Nick Collison,Russell Westbrook,Derek Fisher,Kobe Bryant,Lamar Odom,Luke Walton,Pau Gasol,3,11:00,OKC,rebound,,,,,,,,,,Jeff Green,,,,,,def,,
Jeff Green,Kevin Durant,Kyle Weaver,Nick Collison,Russell Westbrook,Derek Fisher,Kobe Bryant,Lamar Odom,Luke Walton,Pau Gasol,3,10:54,OKC,shot,Russell Westbrook,,,,,,,,,Kevin Durant,2,,,made,,layup,25,6
Jeff Green,Kevin Durant,Kyle Weaver,Nick Collison,Russell Westbrook,Derek Fisher,Kobe Bryant,Lamar Odom,Luke Walton,Pau Gasol,3,10:38,LAL,shot,Derek Fisher,,,,,,,,,Kobe Bryant,2,,,made,,jump,22,21
Jeff Green,Kevin Durant,Kyle Weaver,Nick Collison,Russell Westbrook,Derek Fisher,Kobe Bryant,Lamar Odom,Luke Walton,Pau Gasol,3,10:31,LAL,foul,,,,,,,,Kevin Durant,,Luke Walton,,,,,,shooting,,
Jeff Green,Kevin Durant,Kyle Weaver,Nick Collison,Russell Westbrook,Derek Fisher,Kobe Bryant,Lamar Odom,Luke Walton,Pau Gasol,3,10:31,OKC,free throw,,,,,,,1,,2,Kevin Durant,,,foul,missed,,,,
Jeff Green,Kevin Durant,Kyle Weaver,Nick Collison,Russell Westbrook,Derek Fisher,Kobe Bryant,Lamar Odom,Luke Walton,Pau Gasol,3,10:31,OKC,rebound,,,,,,,,,,,,,,,,,,
Jeff Green,Kevin Durant,Kyle Weaver,Nick Collison,Russell Westbrook,Derek Fisher,Kobe Bryant,Lamar Odom,Luke Walton,Pau Gasol,3,10:31,OKC,free throw,,,,,,,2,,2,Kevin Durant,,,foul,made,,,,
Jeff Green,Kevin Durant,Kyle Weaver,Nick Collison,Russell Westbrook,Derek Fisher,Kobe Bryant,Lamar Odom,Luke Walton,Pau Gasol,3,10:15,LAL,shot,,,,,,,,,,Lamar Odom,,,,missed,,layup,25,6
Jeff Green,Kevin Durant,Kyle Weaver,Nick Collison,Russell Westbrook,Derek Fisher,Kobe Bryant,Lamar Odom,Luke Walton,Pau Gasol,3,10:14,OKC,rebound,,,,,,,,,,Nick Collison,,,,,,def,,
Jeff Green,Kevin Durant,Kyle Weaver,Nick Collison,Russell Westbrook,Derek Fisher,Kobe Bryant,Lamar Odom,Luke Walton,Pau Gasol,3,10:05,OKC,shot,,,,,,,,,,Russell Westbrook,3,,,made,,3pt,38,29
Jeff Green,Kevin Durant,Kyle Weaver,Nick Collison,Russell Westbrook,Derek Fisher,Kobe Bryant,Lamar Odom,Luke Walton,Pau Gasol,3,9:54,OKC,foul,,,,,,,,Kobe Bryant,,Nick Collison,,,,,,shooting,,
Jeff Green,Kevin Durant,Kyle Weaver,Nick Collison,Russell Westbrook,Derek Fisher,Kobe Bryant,Lamar Odom,Luke Walton,Pau Gasol,3,9:54,LAL,free throw,,,,,,,1,,2,Kobe Bryant,,,foul,made,,,,
Jeff Green,Kevin Durant,Kyle Weaver,Nenad Krstic,Russell Westbrook,Derek Fisher,Kobe Bryant,Lamar Odom,Luke Walton,Pau Gasol,3,9:54,OKC,sub,,,,Nenad Krstic,,Nick Collison,,,,,,,,,,,,
Jeff Green,Kevin Durant,Kyle Weaver,Nenad Krstic,Russell Westbrook,Derek Fisher,Kobe Bryant,Lamar Odom,Luke Walton,Pau Gasol,3,9:54,LAL,free throw,,,,,,,2,,2,Kobe Bryant,,,foul,made,,,,
Jeff Green,Kevin Durant,Kyle Weaver,Nenad Krstic,Russell Westbrook,Derek Fisher,Kobe Bryant,Lamar Odom,Luke Walton,Pau Gasol,3,9:44,OKC,shot,Russell Westbrook,,,,,,,,,Jeff Green,2,,,made,,pullup bank,16,13
Jeff Green,Kevin Durant,Kyle Weaver,Nenad Krstic,Russell Westbrook,Derek Fisher,Kobe Bryant,Lamar Odom,Luke Walton,Pau Gasol,3,9:26,LAL,shot,,,,,,,,,,Derek Fisher,,,,missed,,3pt,9,24
Jeff Green,Kevin Durant,Kyle Weaver,Nenad Krstic,Russell Westbrook,Derek Fisher,Kobe Bryant,Lamar Odom,Luke Walton,Pau Gasol,3,9:24,OKC,rebound,,,,,,,,,,Kevin Durant,,,,,,def,,
Jeff Green,Kevin Durant,Kyle Weaver,Nenad Krstic,Russell Westbrook,Derek Fisher,Kobe Bryant,Lamar Odom,Luke Walton,Pau Gasol,3,9:19,OKC,shot,,,,,,,,,,Jeff Green,,,,missed,,jump,13,7
Jeff Green,Kevin Durant,Kyle Weaver,Nenad Krstic,Russell Westbrook,Derek Fisher,Kobe Bryant,Lamar Odom,Luke Walton,Pau Gasol,3,9:18,LAL,rebound,,,,,,,,,,,,,,,,,,
Jeff Green,Kevin Durant,Kyle Weaver,Nenad Krstic,Russell Westbrook,Derek Fisher,Kobe Bryant,Lamar Odom,Luke Walton,Pau Gasol,3,9:00,LAL,shot,,,,,,,,,,Kobe Bryant,2,,,made,,turnaround bank,36,8
Jeff Green,Kevin Durant,Kyle Weaver,Nenad Krstic,Russell Westbrook,Derek Fisher,Kobe Bryant,Lamar Odom,Luke Walton,Pau Gasol,3,8:34,OKC,shot,Russell Westbrook,,,,,,,,,Kevin Durant,3,,,made,,3pt,25,32
Jeff Green,Kevin Durant,Kyle Weaver,Nenad Krstic,Russell Westbrook,Derek Fisher,Kobe Bryant,Lamar Odom,Luke Walton,Pau Gasol,3,8:20,LAL,shot,,,,,,,,,,Luke Walton,,,,missed,,3pt,18,30
Jeff Green,Kevin Durant,Kyle Weaver,Nenad Krstic,Russell Westbrook,Derek Fisher,Kobe Bryant,Lamar Odom,Luke Walton,Pau Gasol,3,8:19,LAL,rebound,,,,,,,,,,Luke Walton,,,,,,off,,
Jeff Green,Kevin Durant,Kyle Weaver,Nenad Krstic,Russell Westbrook,Derek Fisher,Kobe Bryant,Lamar Odom,Luke Walton,Pau Gasol,3,8:09,LAL,turnover,,,,,,,,,,Kobe Bryant,,,traveling,,,,,
Jeff Green,Kevin Durant,Kyle Weaver,Nenad Krstic,Russell Westbrook,Derek Fisher,Kobe Bryant,Lamar Odom,Luke Walton,Pau Gasol,3,7:59,OKC,shot,,,,,,,,,,Russell Westbrook,,,,missed,,jump,19,13
Jeff Green,Kevin Durant,Kyle Weaver,Nenad Krstic,Russell Westbrook,Derek Fisher,Kobe Bryant,Lamar Odom,Luke Walton,Pau Gasol,3,7:58,LAL,rebound,,,,,,,,,,Pau Gasol,,,,,,def,,
Jeff Green,Kevin Durant,Kyle Weaver,Nenad Krstic,Russell Westbrook,Derek Fisher,Kobe Bryant,Lamar Odom,Luke Walton,Pau Gasol,3,7:49,LAL,shot,,,,,,,,,,Derek Fisher,,,,missed,,jump,18,25
Jeff Green,Kevin Durant,Kyle Weaver,Nenad Krstic,Russell Westbrook,Derek Fisher,Kobe Bryant,Lamar Odom,Luke Walton,Pau Gasol,3,7:48,OKC,rebound,,,,,,,,,,Kevin Durant,,,,,,def,,
Jeff Green,Kevin Durant,Kyle Weaver,Nenad Krstic,Russell Westbrook,Derek Fisher,Kobe Bryant,Lamar Odom,Luke Walton,Pau Gasol,3,7:41,OKC,shot,Kevin Durant,,,,,,,,,Jeff Green,3,,,made,,3pt,11,27
Jeff Green,Kevin Durant,Kyle Weaver,Nenad Krstic,Russell Westbrook,Derek Fisher,Kobe Bryant,Lamar Odom,Luke Walton,Pau Gasol,3,7:18,LAL,shot,,,,,,,,,,Derek Fisher,,,,missed,,jump,29,24
Jeff Green,Kevin Durant,Kyle Weaver,Nenad Krstic,Russell Westbrook,Derek Fisher,Kobe Bryant,Lamar Odom,Luke Walton,Pau Gasol,3,7:17,LAL,rebound,,,,,,,,,,Pau Gasol,,,,,,off,,
Jeff Green,Kevin Durant,Kyle Weaver,Nenad Krstic,Russell Westbrook,Derek Fisher,Kobe Bryant,Lamar Odom,Luke Walton,Pau Gasol,3,7:17,OKC,foul,,,,,,,,Pau Gasol,,Russell Westbrook,,,,,,personal,,
Jeff Green,Kevin Durant,Kyle Weaver,Nenad Krstic,Russell Westbrook,Derek Fisher,Kobe Bryant,Lamar Odom,Luke Walton,Pau Gasol,3,7:09,LAL,shot,,,,,,,,,,Pau Gasol,,,,missed,,jump,38,8
Jeff Green,Kevin Durant,Kyle Weaver,Nenad Krstic,Russell Westbrook,Derek Fisher,Kobe Bryant,Lamar Odom,Luke Walton,Pau Gasol,3,7:08,OKC,rebound,,,,,,,,,,Kevin Durant,,,,,,def,,
Jeff Green,Kevin Durant,Kyle Weaver,Nenad Krstic,Russell Westbrook,Derek Fisher,Kobe Bryant,Lamar Odom,Luke Walton,Pau Gasol,3,7:05,OKC,foul,,,,,,,,Derek Fisher,,Kevin Durant,,,,,,offensive,,
Jeff Green,Kevin Durant,Kyle Weaver,Nenad Krstic,Russell Westbrook,Derek Fisher,Kobe Bryant,Lamar Odom,Luke Walton,Pau Gasol,3,7:05,OKC,turnover,,,,,,,,,,Kevin Durant,,,foul,,,,,
Jeff Green,Kevin Durant,Kyle Weaver,Nenad Krstic,Russell Westbrook,Derek Fisher,Kobe Bryant,Lamar Odom,Luke Walton,Pau Gasol,3,6:46,LAL,shot,,,,,,,,,,Pau Gasol,,,,missed,,hook,31,14
Jeff Green,Kevin Durant,Kyle Weaver,Nenad Krstic,Russell Westbrook,Derek Fisher,Kobe Bryant,Lamar Odom,Luke Walton,Pau Gasol,3,6:42,LAL,shot,,,,,,,,,,Lamar Odom,2,,,made,,putback layup,25,6
Jeff Green,Kevin Durant,Kyle Weaver,Nenad Krstic,Russell Westbrook,Derek Fisher,Kobe Bryant,Lamar Odom,Luke Walton,Pau Gasol,3,6:42,LAL,rebound,,,,,,,,,,Lamar Odom,,,,,,off,,
Jeff Green,Kevin Durant,Kyle Weaver,Nenad Krstic,Russell Westbrook,Derek Fisher,Kobe Bryant,Lamar Odom,Luke Walton,Pau Gasol,3,6:23,OKC,shot,Kyle Weaver,,,,,,,,,Nenad Krstic,2,,,made,,jump,36,19
Jeff Green,Kevin Durant,Kyle Weaver,Nenad Krstic,Russell Westbrook,Derek Fisher,Kobe Bryant,Lamar Odom,Luke Walton,Pau Gasol,3,6:10,LAL,shot,,,,,,,,,,Lamar Odom,,,,missed,,3pt,31,30
Jeff Green,Kevin Durant,Kyle Weaver,Nenad Krstic,Russell Westbrook,Derek Fisher,Kobe Bryant,Lamar Odom,Luke Walton,Pau Gasol,3,6:09,OKC,rebound,,,,,,,,,,Russell Westbrook,,,,,,def,,
Jeff Green,Kevin Durant,Kyle Weaver,Nenad Krstic,Russell Westbrook,Derek Fisher,Kobe Bryant,Lamar Odom,Luke Walton,Pau Gasol,3,6:02,OKC,shot,,,,,,,,,,Jeff Green,,,,missed,,jump,11,6
Jeff Green,Kevin Durant,Kyle Weaver,Nenad Krstic,Russell Westbrook,Derek Fisher,Kobe Bryant,Lamar Odom,Luke Walton,Pau Gasol,3,6:00,LAL,rebound,,,,,,,,,,Luke Walton,,,,,,def,,
Jeff Green,Kevin Durant,Kyle Weaver,Nenad Krstic,Russell Westbrook,Derek Fisher,Kobe Bryant,Lamar Odom,Luke Walton,Pau Gasol,3,5:56,LAL,turnover,,,,,,,,,,Kobe Bryant,,,out of bounds lost ball turnover,,,,,
Jeff Green,Kevin Durant,Kyle Weaver,Nenad Krstic,Russell Westbrook,Derek Fisher,Kobe Bryant,Lamar Odom,Luke Walton,Pau Gasol,3,5:56,LAL,timeout,,,,,,,,,,,,,,,,regular,,
Jeff Green,Kevin Durant,Kyle Weaver,Nenad Krstic,Russell Westbrook,Derek Fisher,Kobe Bryant,Lamar Odom,Luke Walton,Pau Gasol,3,5:42,OKC,turnover,,,,,,,,,,Kyle Weaver,,,out of bounds lost ball turnover,,,,,
Jeff Green,Kevin Durant,Kyle Weaver,Nenad Krstic,Russell Westbrook,Derek Fisher,Kobe Bryant,Lamar Odom,Luke Walton,Pau Gasol,3,5:38,LAL,turnover,,,,,,,,,,Derek Fisher,,,bad pass,,Kevin Durant,,,
Jeff Green,Kevin Durant,Kyle Weaver,Nenad Krstic,Russell Westbrook,Derek Fisher,Kobe Bryant,Lamar Odom,Luke Walton,Pau Gasol,3,5:21,OKC,shot,Jeff Green,,,,,,,,,Kyle Weaver,2,,,made,,driving layup,25,6
Jeff Green,Kevin Durant,Kyle Weaver,Nenad Krstic,Russell Westbrook,Derek Fisher,Kobe Bryant,Lamar Odom,Luke Walton,Pau Gasol,3,5:07,LAL,shot,Luke Walton,,,,,,,,,Pau Gasol,2,,,made,,hook,34,7
Jeff Green,Kevin Durant,Kyle Weaver,Nenad Krstic,Russell Westbrook,Derek Fisher,Kobe Bryant,Lamar Odom,Luke Walton,Pau Gasol,3,4:45,OKC,shot,Russell Westbrook,,,,,,,,,Kevin Durant,2,,,made,,jump,41,8
Jeff Green,Kevin Durant,Kyle Weaver,Nenad Krstic,Russell Westbrook,Derek Fisher,Kobe Bryant,Lamar Odom,Luke Walton,Pau Gasol,3,4:31,LAL,shot,,,,,,,,,,Lamar Odom,,,,missed,,layup,25,6
Jeff Green,Kevin Durant,Kyle Weaver,Nenad Krstic,Russell Westbrook,Derek Fisher,Kobe Bryant,Lamar Odom,Luke Walton,Pau Gasol,3,4:29,OKC,rebound,,,,,,,,,,Nenad Krstic,,,,,,def,,
Jeff Green,Kevin Durant,Kyle Weaver,Nenad Krstic,Russell Westbrook,Derek Fisher,Kobe Bryant,Lamar Odom,Luke Walton,Pau Gasol,3,4:17,OKC,shot,,,,,,,,,,Nenad Krstic,,,,missed,,jump,30,14
Jeff Green,Kevin Durant,Kyle Weaver,Nenad Krstic,Russell Westbrook,Derek Fisher,Kobe Bryant,Lamar Odom,Luke Walton,Pau Gasol,3,4:17,OKC,rebound,,,,,,,,,,Russell Westbrook,,,,,,off,,
Jeff Green,Kevin Durant,Kyle Weaver,Nenad Krstic,Russell Westbrook,Derek Fisher,Kobe Bryant,Lamar Odom,Luke Walton,Pau Gasol,3,4:17,LAL,foul,,,,,,,,Russell Westbrook,,Lamar Odom,,,,,,shooting,,
Jeff Green,Kevin Durant,Kyle Weaver,Nenad Krstic,Russell Westbrook,Derek Fisher,Kobe Bryant,Lamar Odom,Luke Walton,Pau Gasol,3,4:17,OKC,free throw,,,,,,,1,,2,Russell Westbrook,,,foul,made,,,,
Jeff Green,Kevin Durant,Kyle Weaver,Nenad Krstic,Russell Westbrook,Derek Fisher,Kobe Bryant,Lamar Odom,Luke Walton,Pau Gasol,3,4:17,OKC,free throw,,,,,,,2,,2,Russell Westbrook,,,foul,made,,,,
Jeff Green,Kevin Durant,Kyle Weaver,Nenad Krstic,Russell Westbrook,Derek Fisher,Kobe Bryant,Lamar Odom,Luke Walton,Pau Gasol,3,3:58,LAL,shot,,,,,,,,,,Luke Walton,2,,,made,,layup,25,6
Jeff Green,Kevin Durant,Kyle Weaver,Nenad Krstic,Russell Westbrook,Derek Fisher,Kobe Bryant,Lamar Odom,Luke Walton,Pau Gasol,3,3:41,OKC,shot,,,,,,,,,,Jeff Green,,,,missed,,jump,9,8
Jeff Green,Kevin Durant,Kyle Weaver,Nenad Krstic,Russell Westbrook,Derek Fisher,Kobe Bryant,Lamar Odom,Luke Walton,Pau Gasol,3,3:40,LAL,rebound,,,,,,,,,,Kobe Bryant,,,,,,def,,
Jeff Green,Kevin Durant,Kyle Weaver,Nenad Krstic,Russell Westbrook,Derek Fisher,Kobe Bryant,Lamar Odom,Luke Walton,Pau Gasol,3,3:35,OKC,foul,,,,,,,,Kobe Bryant,,Russell Westbrook,,,,,,personal,,
Jeff Green,Kevin Durant,Kyle Weaver,Nenad Krstic,Russell Westbrook,Derek Fisher,Kobe Bryant,Lamar Odom,Luke Walton,Pau Gasol,3,3:26,LAL,shot,,,,,,,,,,Kobe Bryant,,,,missed,,jump,14,15
Jeff Green,Kevin Durant,Kyle Weaver,Nenad Krstic,Russell Westbrook,Derek Fisher,Kobe Bryant,Lamar Odom,Luke Walton,Pau Gasol,3,3:24,OKC,rebound,,,,,,,,,,Russell Westbrook,,,,,,def,,
Jeff Green,Kevin Durant,Kyle Weaver,Nenad Krstic,Russell Westbrook,Derek Fisher,Kobe Bryant,Lamar Odom,Luke Walton,Pau Gasol,3,3:09,OKC,shot,,,,,,,,,,Russell Westbrook,,,,missed,,3pt,48,5
Jeff Green,Kevin Durant,Kyle Weaver,Nenad Krstic,Russell Westbrook,Derek Fisher,Kobe Bryant,Lamar Odom,Luke Walton,Pau Gasol,3,3:07,LAL,rebound,,,,,,,,,,Pau Gasol,,,,,,def,,
Jeff Green,Kevin Durant,Kyle Weaver,Nenad Krstic,Russell Westbrook,Derek Fisher,Kobe Bryant,Lamar Odom,Luke Walton,Pau Gasol,3,2:55,LAL,shot,,,Nenad Krstic,,,,,,,Lamar Odom,,,,missed,,dunk,25,6
Jeff Green,Kevin Durant,Kyle Weaver,Nenad Krstic,Russell Westbrook,Derek Fisher,Kobe Bryant,Lamar Odom,Luke Walton,Pau Gasol,3,2:53,LAL,shot,,,,,,,,,,Lamar Odom,2,,,made,,layup,25,6
Jeff Green,Kevin Durant,Kyle Weaver,Nenad Krstic,Russell Westbrook,Derek Fisher,Kobe Bryant,Lamar Odom,Luke Walton,Pau Gasol,3,2:53,LAL,rebound,,,,,,,,,,Lamar Odom,,,,,,off,,
Jeff Green,Kevin Durant,Kyle Weaver,Nenad Krstic,Russell Westbrook,Derek Fisher,Kobe Bryant,Lamar Odom,Luke Walton,Pau Gasol,3,2:49,OKC,timeout,,,,,,,,,,,,,,,,regular,,
Earl Watson,Jeff Green,Kevin Durant,Nenad Krstic,Russell Westbrook,Derek Fisher,Kobe Bryant,Lamar Odom,Luke Walton,Pau Gasol,3,2:49,OKC,sub,,,,Earl Watson,,Kyle Weaver,,,,,,,,,,,,
Earl Watson,Jeff Green,Kevin Durant,Nenad Krstic,Russell Westbrook,Derek Fisher,Kobe Bryant,Lamar Odom,Pau Gasol,Trevor Ariza,3,2:49,LAL,sub,,,,Trevor Ariza,,Luke Walton,,,,,,,,,,,,
Earl Watson,Jeff Green,Kevin Durant,Nenad Krstic,Russell Westbrook,Derek Fisher,Jordan Farmar,Kobe Bryant,Pau Gasol,Trevor Ariza,3,2:49,LAL,sub,,,,Jordan Farmar,,Lamar Odom,,,,,,,,,,,,
Earl Watson,Jeff Green,Kevin Durant,Nenad Krstic,Russell Westbrook,Jordan Farmar,Josh Powell,Kobe Bryant,Pau Gasol,Trevor Ariza,3,2:49,LAL,sub,,,,Josh Powell,,Derek Fisher,,,,,,,,,,,,
Earl Watson,Jeff Green,Kevin Durant,Nenad Krstic,Russell Westbrook,Jordan Farmar,Josh Powell,Kobe Bryant,Pau Gasol,Trevor Ariza,3,2:31,OKC,shot,,,,,,,,,,Kevin Durant,,,,missed,,3pt,38,27
Earl Watson,Jeff Green,Kevin Durant,Nenad Krstic,Russell Westbrook,Jordan Farmar,Josh Powell,Kobe Bryant,Pau Gasol,Trevor Ariza,3,2:30,OKC,rebound,,,,,,,,,,Russell Westbrook,,,,,,off,,
Earl Watson,Jeff Green,Kevin Durant,Nenad Krstic,Russell Westbrook,Jordan Farmar,Josh Powell,Kobe Bryant,Pau Gasol,Trevor Ariza,3,2:25,OKC,shot,,,,,,,,,,Kevin Durant,,,,missed,,fade away bank,36,12
Earl Watson,Jeff Green,Kevin Durant,Nenad Krstic,Russell Westbrook,Jordan Farmar,Josh Powell,Kobe Bryant,Pau Gasol,Trevor Ariza,3,2:21,LAL,rebound,,,,,,,,,,Trevor Ariza,,,,,,def,,
Earl Watson,Jeff Green,Kevin Durant,Nenad Krstic,Russell Westbrook,Jordan Farmar,Josh Powell,Kobe Bryant,Pau Gasol,Trevor Ariza,3,2:10,LAL,shot,Pau Gasol,,,,,,,,,Josh Powell,2,,,made,,jump,27,23
Earl Watson,Jeff Green,Kevin Durant,Nenad Krstic,Russell Westbrook,Jordan Farmar,Josh Powell,Kobe Bryant,Pau Gasol,Trevor Ariza,3,1:54,OKC,shot,,,,,,,,,,Kevin Durant,,,,missed,,jump,17,19
Earl Watson,Jeff Green,Kevin Durant,Nenad Krstic,Russell Westbrook,Jordan Farmar,Josh Powell,Kobe Bryant,Pau Gasol,Trevor Ariza,3,1:53,LAL,rebound,,,,,,,,,,Kobe Bryant,,,,,,def,,
Earl Watson,Jeff Green,Kevin Durant,Nenad Krstic,Russell Westbrook,Jordan Farmar,Josh Powell,Kobe Bryant,Pau Gasol,Trevor Ariza,3,1:45,LAL,shot,,,,,,,,,,Kobe Bryant,,,,missed,,jump,16,15
Earl Watson,Jeff Green,Kevin Durant,Nenad Krstic,Russell Westbrook,Jordan Farmar,Josh Powell,Kobe Bryant,Pau Gasol,Trevor Ariza,3,1:43,LAL,shot,,,,,,,,,,Josh Powell,,,,missed,,tip,25,6
Earl Watson,Jeff Green,Kevin Durant,Nenad Krstic,Russell Westbrook,Jordan Farmar,Josh Powell,Kobe Bryant,Pau Gasol,Trevor Ariza,3,1:43,LAL,rebound,,,,,,,,,,Josh Powell,,,,,,off,,
Earl Watson,Jeff Green,Kevin Durant,Nenad Krstic,Russell Westbrook,Jordan Farmar,Josh Powell,Kobe Bryant,Pau Gasol,Trevor Ariza,3,1:41,OKC,rebound,,,,,,,,,,Kevin Durant,,,,,,def,,
Earl Watson,Jeff Green,Kevin Durant,Nenad Krstic,Russell Westbrook,Jordan Farmar,Josh Powell,Kobe Bryant,Pau Gasol,Trevor Ariza,3,1:38,OKC,turnover,,,,,,,,,,Kevin Durant,,,lost ball,,Trevor Ariza,,,
Earl Watson,Jeff Green,Kevin Durant,Nenad Krstic,Russell Westbrook,Jordan Farmar,Josh Powell,Kobe Bryant,Pau Gasol,Trevor Ariza,3,1:31,LAL,shot,,,,,,,,,,Trevor Ariza,,,,missed,,3pt,2,7
Earl Watson,Jeff Green,Kevin Durant,Nenad Krstic,Russell Westbrook,Jordan Farmar,Josh Powell,Kobe Bryant,Pau Gasol,Trevor Ariza,3,1:29,OKC,rebound,,,,,,,,,,Jeff Green,,,,,,def,,
Earl Watson,Jeff Green,Kevin Durant,Nenad Krstic,Russell Westbrook,Jordan Farmar,Josh Powell,Kobe Bryant,Pau Gasol,Trevor Ariza,3,1:23,OKC,shot,Earl Watson,,,,,,,,,Kevin Durant,2,,,made,,layup,25,6
Earl Watson,Jeff Green,Kevin Durant,Nenad Krstic,Russell Westbrook,Jordan Farmar,Josh Powell,Kobe Bryant,Pau Gasol,Trevor Ariza,3,1:05,LAL,turnover,,,,,,,,,,Josh Powell,,,bad pass,,Russell Westbrook,,,
Earl Watson,Jeff Green,Kevin Durant,Nenad Krstic,Russell Westbrook,Jordan Farmar,Josh Powell,Kobe Bryant,Pau Gasol,Trevor Ariza,3,1:00,OKC,shot,Russell Westbrook,,,,,,,,,Kevin Durant,2,,,made,,dunk,25,6
Earl Watson,Jeff Green,Kevin Durant,Nenad Krstic,Russell Westbrook,Jordan Farmar,Josh Powell,Kobe Bryant,Pau Gasol,Trevor Ariza,3,0:40,OKC,foul,,,,,,,,Pau Gasol,,Jeff Green,,,,,,shooting,,
Earl Watson,Jeff Green,Kevin Durant,Kyle Weaver,Nenad Krstic,Jordan Farmar,Josh Powell,Kobe Bryant,Pau Gasol,Trevor Ariza,3,0:40,OKC,sub,,,,Kyle Weaver,,Russell Westbrook,,,,,,,,,,,,
Earl Watson,Joe Smith,Kevin Durant,Kyle Weaver,Nenad Krstic,Jordan Farmar,Josh Powell,Kobe Bryant,Pau Gasol,Trevor Ariza,3,0:40,OKC,sub,,,,Joe Smith,,Jeff Green,,,,,,,,,,,,
Earl Watson,Joe Smith,Kevin Durant,Kyle Weaver,Nenad Krstic,Jordan Farmar,Josh Powell,Kobe Bryant,Pau Gasol,Trevor Ariza,3,0:40,LAL,free throw,,,,,,,1,,2,Pau Gasol,,,foul,made,,,,
Earl Watson,Joe Smith,Kevin Durant,Kyle Weaver,Nenad Krstic,Jordan Farmar,Josh Powell,Pau Gasol,Sasha Vujacic,Trevor Ariza,3,0:40,LAL,sub,,,,Sasha Vujacic,,Kobe Bryant,,,,,,,,,,,,
Earl Watson,Joe Smith,Kevin Durant,Kyle Weaver,Nenad Krstic,Jordan Farmar,Josh Powell,Pau Gasol,Sasha Vujacic,Trevor Ariza,3,0:40,LAL,free throw,,,,,,,2,,2,Pau Gasol,,,foul,made,,,,
Earl Watson,Joe Smith,Kevin Durant,Kyle Weaver,Nenad Krstic,Jordan Farmar,Josh Powell,Pau Gasol,Sasha Vujacic,Trevor Ariza,3,0:24,OKC,shot,,,,,,,,,,Joe Smith,,,,missed,,jump,29,25
Earl Watson,Joe Smith,Kevin Durant,Kyle Weaver,Nenad Krstic,Jordan Farmar,Josh Powell,Pau Gasol,Sasha Vujacic,Trevor Ariza,3,0:23,LAL,rebound,,,,,,,,,,Pau Gasol,,,,,,def,,
Earl Watson,Joe Smith,Kevin Durant,Kyle Weaver,Nenad Krstic,Jordan Farmar,Josh Powell,Pau Gasol,Sasha Vujacic,Trevor Ariza,3,0:00,LAL,shot,,,,,,,,,,Trevor Ariza,,,,missed,,jump,44,16
Earl Watson,Joe Smith,Kevin Durant,Kyle Weaver,Nenad Krstic,Jordan Farmar,Josh Powell,Pau Gasol,Sasha Vujacic,Trevor Ariza,3,0:00,LAL,rebound,,,,,,,,,,,,,,,,,,
Earl Watson,Joe Smith,Kevin Durant,Kyle Weaver,Nick Collison,Jordan Farmar,Josh Powell,Pau Gasol,Sasha Vujacic,Trevor Ariza,4,11:37,OKC,shot,Joe Smith,,,,,,,,,Kevin Durant,2,,,made,,layup,25,6
Earl Watson,Joe Smith,Kevin Durant,Kyle Weaver,Nick Collison,Jordan Farmar,Josh Powell,Pau Gasol,Sasha Vujacic,Trevor Ariza,4,11:37,LAL,foul,,,,,,,,Kevin Durant,,Josh Powell,,,,,,shooting,,
Earl Watson,Joe Smith,Kevin Durant,Kyle Weaver,Nick Collison,Jordan Farmar,Josh Powell,Pau Gasol,Sasha Vujacic,Trevor Ariza,4,11:37,OKC,free throw,,,,,,,1,,1,Kevin Durant,,,foul,made,,,,
Earl Watson,Joe Smith,Kevin Durant,Kyle Weaver,Nick Collison,Jordan Farmar,Josh Powell,Pau Gasol,Sasha Vujacic,Trevor Ariza,4,11:25,LAL,shot,Pau Gasol,,,,,,,,,Josh Powell,2,,,made,,jump,39,8
Earl Watson,Joe Smith,Kevin Durant,Kyle Weaver,Nick Collison,Jordan Farmar,Josh Powell,Pau Gasol,Sasha Vujacic,Trevor Ariza,4,11:07,LAL,foul,,,,,,,,Nick Collison,,Pau Gasol,,,,,,personal,,
Earl Watson,Joe Smith,Kevin Durant,Kyle Weaver,Nick Collison,Jordan Farmar,Josh Powell,Pau Gasol,Sasha Vujacic,Trevor Ariza,4,10:54,OKC,shot,,,,,,,,,,Kevin Durant,,,,missed,,jump,31,11
Earl Watson,Joe Smith,Kevin Durant,Kyle Weaver,Nick Collison,Jordan Farmar,Josh Powell,Pau Gasol,Sasha Vujacic,Trevor Ariza,4,10:53,LAL,rebound,,,,,,,,,,Pau Gasol,,,,,,def,,
Earl Watson,Joe Smith,Kevin Durant,Kyle Weaver,Nick Collison,Jordan Farmar,Josh Powell,Pau Gasol,Sasha Vujacic,Trevor Ariza,4,10:46,LAL,turnover,,,,,,,,,,Jordan Farmar,,,bad pass,,Kyle Weaver,,,
Earl Watson,Joe Smith,Kevin Durant,Kyle Weaver,Nick Collison,Jordan Farmar,Josh Powell,Pau Gasol,Sasha Vujacic,Trevor Ariza,4,10:42,OKC,shot,,,Jordan Farmar,,,,,,,Kyle Weaver,,,,missed,,layup,25,6
Earl Watson,Joe Smith,Kevin Durant,Kyle Weaver,Nick Collison,Jordan Farmar,Josh Powell,Pau Gasol,Sasha Vujacic,Trevor Ariza,4,10:39,LAL,rebound,,,,,,,,,,Pau Gasol,,,,,,def,,
Earl Watson,Joe Smith,Kevin Durant,Kyle Weaver,Nick Collison,Jordan Farmar,Josh Powell,Pau Gasol,Sasha Vujacic,Trevor Ariza,4,10:36,LAL,foul,,,,,,,,Joe Smith,,Jordan Farmar,,,,,,offensive,,
Earl Watson,Joe Smith,Kevin Durant,Kyle Weaver,Nick Collison,Jordan Farmar,Josh Powell,Pau Gasol,Sasha Vujacic,Trevor Ariza,4,10:36,LAL,turnover,,,,,,,,,,Jordan Farmar,,,foul,,,,,
Earl Watson,Joe Smith,Kevin Durant,Kyle Weaver,Nick Collison,Jordan Farmar,Josh Powell,Pau Gasol,Sasha Vujacic,Trevor Ariza,4,10:22,OKC,shot,,,,,,,,,,Earl Watson,,,,missed,,jump,33,22
Earl Watson,Joe Smith,Kevin Durant,Kyle Weaver,Nick Collison,Jordan Farmar,Josh Powell,Pau Gasol,Sasha Vujacic,Trevor Ariza,4,10:20,LAL,rebound,,,,,,,,,,Josh Powell,,,,,,def,,
Earl Watson,Joe Smith,Kevin Durant,Kyle Weaver,Nick Collison,Jordan Farmar,Josh Powell,Pau Gasol,Sasha Vujacic,Trevor Ariza,4,10:10,LAL,shot,,,,,,,,,,Jordan Farmar,2,,,made,,floating jump,39,8
Earl Watson,Joe Smith,Kevin Durant,Kyle Weaver,Nick Collison,Jordan Farmar,Josh Powell,Pau Gasol,Sasha Vujacic,Trevor Ariza,4,9:46,OKC,shot,,,,,,,,,,Kyle Weaver,,,,missed,,3pt,2,7
Earl Watson,Joe Smith,Kevin Durant,Kyle Weaver,Nick Collison,Jordan Farmar,Josh Powell,Pau Gasol,Sasha Vujacic,Trevor Ariza,4,9:45,LAL,rebound,,,,,,,,,,Sasha Vujacic,,,,,,def,,
Earl Watson,Joe Smith,Kevin Durant,Kyle Weaver,Nick Collison,Jordan Farmar,Josh Powell,Pau Gasol,Sasha Vujacic,Trevor Ariza,4,9:38,LAL,shot,,,Joe Smith,,,,,,,Sasha Vujacic,,,,missed,,layup,25,6
Earl Watson,Joe Smith,Kevin Durant,Kyle Weaver,Nick Collison,Jordan Farmar,Josh Powell,Pau Gasol,Sasha Vujacic,Trevor Ariza,4,9:38,LAL,rebound,,,,,,,,,,,,,,,,,,
Earl Watson,Jeff Green,Joe Smith,Kyle Weaver,Nick Collison,Jordan Farmar,Josh Powell,Pau Gasol,Sasha Vujacic,Trevor Ariza,4,9:38,OKC,sub,,,,Jeff Green,,Kevin Durant,,,,,,,,,,,,
Earl Watson,Jeff Green,Joe Smith,Kyle Weaver,Nick Collison,Jordan Farmar,Josh Powell,Pau Gasol,Sasha Vujacic,Trevor Ariza,4,9:35,LAL,shot,Trevor Ariza,,,,,,,,,Sasha Vujacic,2,,,made,,jump,8,9
Earl Watson,Jeff Green,Joe Smith,Kyle Weaver,Nick Collison,Jordan Farmar,Josh Powell,Pau Gasol,Sasha Vujacic,Trevor Ariza,4,9:11,LAL,foul,,,,,,,,,,Sasha Vujacic,,,,,,defense 3 second,,
Earl Watson,Jeff Green,Joe Smith,Kyle Weaver,Nick Collison,Jordan Farmar,Josh Powell,Pau Gasol,Sasha Vujacic,Trevor Ariza,4,9:11,OKC,free throw,,,,,,,1,,1,Jeff Green,,,technical,made,,,,
Earl Watson,Jeff Green,Joe Smith,Kyle Weaver,Nick Collison,Jordan Farmar,Josh Powell,Pau Gasol,Sasha Vujacic,Trevor Ariza,4,9:05,OKC,shot,,,,,,,,,,Earl Watson,,,,missed,,jump,18,20
Earl Watson,Jeff Green,Joe Smith,Kyle Weaver,Nick Collison,Jordan Farmar,Josh Powell,Pau Gasol,Sasha Vujacic,Trevor Ariza,4,9:03,OKC,rebound,,,,,,,,,,Joe Smith,,,,,,off,,
Earl Watson,Jeff Green,Joe Smith,Kyle Weaver,Nick Collison,Jordan Farmar,Josh Powell,Pau Gasol,Sasha Vujacic,Trevor Ariza,4,8:54,OKC,turnover,,,,,,,,,,Joe Smith,,,bad pass,,Trevor Ariza,,,
Earl Watson,Jeff Green,Joe Smith,Kyle Weaver,Nick Collison,Jordan Farmar,Josh Powell,Pau Gasol,Sasha Vujacic,Trevor Ariza,4,8:49,LAL,shot,,,,,,,,,,Trevor Ariza,,,,missed,,jump,12,14
Earl Watson,Jeff Green,Joe Smith,Kyle Weaver,Nick Collison,Jordan Farmar,Josh Powell,Pau Gasol,Sasha Vujacic,Trevor Ariza,4,8:48,OKC,rebound,,,,,,,,,,Nick Collison,,,,,,def,,
Earl Watson,Jeff Green,Joe Smith,Kyle Weaver,Nick Collison,Jordan Farmar,Josh Powell,Pau Gasol,Sasha Vujacic,Trevor Ariza,4,8:43,OKC,shot,Jeff Green,,,,,,,,,Nick Collison,2,,,made,,layup,25,6
Earl Watson,Jeff Green,Joe Smith,Kyle Weaver,Nick Collison,Jordan Farmar,Josh Powell,Pau Gasol,Sasha Vujacic,Trevor Ariza,4,8:28,LAL,shot,Trevor Ariza,,,,,,,,,Sasha Vujacic,3,,,made,,3pt,2,8
Earl Watson,Jeff Green,Joe Smith,Kyle Weaver,Nick Collison,Jordan Farmar,Josh Powell,Pau Gasol,Sasha Vujacic,Trevor Ariza,4,8:20,OKC,shot,,,,,,,,,,Earl Watson,,,,missed,,layup,25,6
Earl Watson,Jeff Green,Joe Smith,Kyle Weaver,Nick Collison,Jordan Farmar,Josh Powell,Pau Gasol,Sasha Vujacic,Trevor Ariza,4,8:18,OKC,rebound,,,,,,,,,,Joe Smith,,,,,,off,,
Earl Watson,Jeff Green,Joe Smith,Kyle Weaver,Nick Collison,Jordan Farmar,Josh Powell,Pau Gasol,Sasha Vujacic,Trevor Ariza,4,8:17,OKC,shot,,,,,,,,,,Joe Smith,2,,,made,,layup,25,6
Earl Watson,Jeff Green,Joe Smith,Kyle Weaver,Nick Collison,Jordan Farmar,Josh Powell,Pau Gasol,Sasha Vujacic,Trevor Ariza,4,8:01,OKC,foul,,,,,,,,Trevor Ariza,,Jeff Green,,,,,,personal,,
Earl Watson,Jeff Green,Joe Smith,Kyle Weaver,Nick Collison,Jordan Farmar,Josh Powell,Pau Gasol,Sasha Vujacic,Trevor Ariza,4,8:01,OFF,timeout,,,,,,,,,,,,,,,,official,,
Earl Watson,Jeff Green,Joe Smith,Nick Collison,Russell Westbrook,Jordan Farmar,Josh Powell,Pau Gasol,Sasha Vujacic,Trevor Ariza,4,8:01,OKC,sub,,,,Russell Westbrook,,Kyle Weaver,,,,,,,,,,,,
Earl Watson,Jeff Green,Joe Smith,Nick Collison,Russell Westbrook,Chris Mihm,Jordan Farmar,Josh Powell,Sasha Vujacic,Trevor Ariza,4,8:01,LAL,sub,,,,Chris Mihm,,Pau Gasol,,,,,,,,,,,,
Earl Watson,Jeff Green,Joe Smith,Nick Collison,Russell Westbrook,Chris Mihm,Jordan Farmar,Josh Powell,Sasha Vujacic,Trevor Ariza,4,7:46,LAL,shot,,,Joe Smith,,,,,,,Chris Mihm,,,,missed,,jump hook,31,13
Earl Watson,Jeff Green,Joe Smith,Nick Collison,Russell Westbrook,Chris Mihm,Jordan Farmar,Josh Powell,Sasha Vujacic,Trevor Ariza,4,7:44,OKC,rebound,,,,,,,,,,Jeff Green,,,,,,def,,
Earl Watson,Jeff Green,Joe Smith,Nick Collison,Russell Westbrook,Chris Mihm,Jordan Farmar,Josh Powell,Sasha Vujacic,Trevor Ariza,4,7:38,OKC,shot,,,,,,,,,,Earl Watson,,,,missed,,layup,25,6
Earl Watson,Jeff Green,Joe Smith,Nick Collison,Russell Westbrook,Chris Mihm,Jordan Farmar,Josh Powell,Sasha Vujacic,Trevor Ariza,4,7:37,LAL,rebound,,,,,,,,,,Chris Mihm,,,,,,def,,
Earl Watson,Jeff Green,Joe Smith,Nick Collison,Russell Westbrook,Chris Mihm,Jordan Farmar,Josh Powell,Sasha Vujacic,Trevor Ariza,4,7:32,OKC,foul,,,,,,,,Josh Powell,,Joe Smith,,,,,,personal,,
Earl Watson,Jeff Green,Joe Smith,Nick Collison,Russell Westbrook,Chris Mihm,Jordan Farmar,Josh Powell,Sasha Vujacic,Trevor Ariza,4,7:18,LAL,shot,Trevor Ariza,,,,,,,,,Jordan Farmar,3,,,made,,3pt,14,29
Earl Watson,Jeff Green,Joe Smith,Nick Collison,Russell Westbrook,Chris Mihm,Jordan Farmar,Josh Powell,Sasha Vujacic,Trevor Ariza,4,6:56,LAL,foul,,,,,,,,Earl Watson,,Chris Mihm,,,,,,shooting,,
Earl Watson,Jeff Green,Joe Smith,Nick Collison,Russell Westbrook,Chris Mihm,Jordan Farmar,Josh Powell,Sasha Vujacic,Trevor Ariza,4,6:56,OKC,free throw,,,,,,,1,,2,Earl Watson,,,foul,made,,,,
Earl Watson,Jeff Green,Joe Smith,Nick Collison,Russell Westbrook,Chris Mihm,Jordan Farmar,Josh Powell,Sasha Vujacic,Trevor Ariza,4,6:56,OKC,free throw,,,,,,,2,,2,Earl Watson,,,foul,made,,,,
Earl Watson,Jeff Green,Joe Smith,Nick Collison,Russell Westbrook,Chris Mihm,Jordan Farmar,Josh Powell,Sasha Vujacic,Trevor Ariza,4,6:33,LAL,shot,Jordan Farmar,,,,,,,,,Sasha Vujacic,2,,,made,,jump,13,23
Earl Watson,Jeff Green,Joe Smith,Nick Collison,Russell Westbrook,Chris Mihm,Jordan Farmar,Josh Powell,Sasha Vujacic,Trevor Ariza,4,6:25,LAL,foul,,,,,,,,Russell Westbrook,,Chris Mihm,,,,,,personal,,
Earl Watson,Jeff Green,Joe Smith,Kevin Durant,Russell Westbrook,Chris Mihm,Jordan Farmar,Josh Powell,Sasha Vujacic,Trevor Ariza,4,6:25,OKC,sub,,,,Kevin Durant,,Nick Collison,,,,,,,,,,,,
Earl Watson,Jeff Green,Joe Smith,Kevin Durant,Russell Westbrook,Chris Mihm,Jordan Farmar,Josh Powell,Sasha Vujacic,Trevor Ariza,4,6:25,OKC,free throw,,,,,,,1,,2,Russell Westbrook,,,foul,made,,,,
Earl Watson,Jeff Green,Joe Smith,Kevin Durant,Russell Westbrook,Chris Mihm,Jordan Farmar,Josh Powell,Kobe Bryant,Trevor Ariza,4,6:25,LAL,sub,,,,Kobe Bryant,,Sasha Vujacic,,,,,,,,,,,,
Earl Watson,Jeff Green,Joe Smith,Kevin Durant,Russell Westbrook,Chris Mihm,Jordan Farmar,Kobe Bryant,Lamar Odom,Trevor Ariza,4,6:25,LAL,sub,,,,Lamar Odom,,Josh Powell,,,,,,,,,,,,
Earl Watson,Jeff Green,Joe Smith,Kevin Durant,Russell Westbrook,Chris Mihm,Jordan Farmar,Kobe Bryant,Lamar Odom,Trevor Ariza,4,6:25,OKC,free throw,,,,,,,2,,2,Russell Westbrook,,,foul,missed,,,,
Earl Watson,Jeff Green,Joe Smith,Kevin Durant,Russell Westbrook,Chris Mihm,Jordan Farmar,Kobe Bryant,Lamar Odom,Trevor Ariza,4,6:22,OKC,shot,,,,,,,,,,Russell Westbrook,2,,,made,,layup,25,6
Earl Watson,Jeff Green,Joe Smith,Kevin Durant,Russell Westbrook,Chris Mihm,Jordan Farmar,Kobe Bryant,Lamar Odom,Trevor Ariza,4,6:22,OKC,rebound,,,,,,,,,,Russell Westbrook,,,,,,off,,
Earl Watson,Jeff Green,Joe Smith,Kevin Durant,Russell Westbrook,Chris Mihm,Jordan Farmar,Kobe Bryant,Lamar Odom,Trevor Ariza,4,6:03,OKC,foul,,,,,,,,Kobe Bryant,,Russell Westbrook,,,,,,personal,,
Earl Watson,Jeff Green,Joe Smith,Kevin Durant,Russell Westbrook,Chris Mihm,Jordan Farmar,Kobe Bryant,Lamar Odom,Trevor Ariza,4,5:50,LAL,shot,Jordan Farmar,,,,,,,,,Trevor Ariza,3,,,made,,3pt,48,5
Earl Watson,Jeff Green,Joe Smith,Kevin Durant,Russell Westbrook,Chris Mihm,Jordan Farmar,Kobe Bryant,Lamar Odom,Trevor Ariza,4,5:31,OKC,shot,,,,,,,,,,Russell Westbrook,,,,missed,,jump,8,9
Earl Watson,Jeff Green,Joe Smith,Kevin Durant,Russell Westbrook,Chris Mihm,Jordan Farmar,Kobe Bryant,Lamar Odom,Trevor Ariza,4,5:30,OKC,rebound,,,,,,,,,,Joe Smith,,,,,,off,,
Earl Watson,Jeff Green,Joe Smith,Kevin Durant,Russell Westbrook,Chris Mihm,Jordan Farmar,Kobe Bryant,Lamar Odom,Trevor Ariza,4,5:29,OKC,shot,,,,,,,,,,Joe Smith,,,,missed,,layup,25,6
Earl Watson,Jeff Green,Joe Smith,Kevin Durant,Russell Westbrook,Chris Mihm,Jordan Farmar,Kobe Bryant,Lamar Odom,Trevor Ariza,4,5:27,LAL,rebound,,,,,,,,,,Lamar Odom,,,,,,def,,
Earl Watson,Jeff Green,Joe Smith,Kevin Durant,Russell Westbrook,Chris Mihm,Jordan Farmar,Kobe Bryant,Lamar Odom,Trevor Ariza,4,5:21,LAL,shot,,,,,,,,,,Lamar Odom,,,,missed,,layup,25,6
Earl Watson,Jeff Green,Joe Smith,Kevin Durant,Russell Westbrook,Chris Mihm,Jordan Farmar,Kobe Bryant,Lamar Odom,Trevor Ariza,4,5:20,LAL,rebound,,,,,,,,,,Lamar Odom,,,,,,off,,
Earl Watson,Jeff Green,Joe Smith,Kevin Durant,Russell Westbrook,Chris Mihm,Jordan Farmar,Kobe Bryant,Lamar Odom,Trevor Ariza,4,5:15,LAL,shot,,,,,,,,,,Kobe Bryant,,,,missed,,3pt,44,23
Earl Watson,Jeff Green,Joe Smith,Kevin Durant,Russell Westbrook,Chris Mihm,Jordan Farmar,Kobe Bryant,Lamar Odom,Trevor Ariza,4,5:15,OKC,rebound,,,,,,,,,,,,,,,,,,
Earl Watson,Jeff Green,Joe Smith,Kevin Durant,Russell Westbrook,Chris Mihm,Jordan Farmar,Kobe Bryant,Lamar Odom,Trevor Ariza,4,5:15,LAL,foul,,,,,,,,Joe Smith,,Chris Mihm,,,,,,loose ball,,
Earl Watson,Jeff Green,Joe Smith,Kevin Durant,Russell Westbrook,Chris Mihm,Jordan Farmar,Kobe Bryant,Lamar Odom,Trevor Ariza,4,5:15,LAL,timeout,,,,,,,,,,,,,,,,regular,,
Earl Watson,Jeff Green,Joe Smith,Kevin Durant,Russell Westbrook,Chris Mihm,Kobe Bryant,Lamar Odom,Pau Gasol,Trevor Ariza,4,5:15,LAL,sub,,,,Pau Gasol,,Jordan Farmar,,,,,,,,,,,,
Earl Watson,Jeff Green,Joe Smith,Kevin Durant,Russell Westbrook,Derek Fisher,Kobe Bryant,Lamar Odom,Pau Gasol,Trevor Ariza,4,5:15,LAL,sub,,,,Derek Fisher,,Chris Mihm,,,,,,,,,,,,
Earl Watson,Jeff Green,Joe Smith,Kevin Durant,Russell Westbrook,Derek Fisher,Kobe Bryant,Lamar Odom,Pau Gasol,Trevor Ariza,4,5:15,OKC,free throw,,,,,,,1,,2,Joe Smith,,,foul,missed,,,,
Earl Watson,Jeff Green,Joe Smith,Kevin Durant,Russell Westbrook,Derek Fisher,Kobe Bryant,Lamar Odom,Pau Gasol,Trevor Ariza,4,5:15,OKC,rebound,,,,,,,,,,,,,,,,,,
Earl Watson,Jeff Green,Joe Smith,Kevin Durant,Russell Westbrook,Derek Fisher,Kobe Bryant,Lamar Odom,Pau Gasol,Trevor Ariza,4,5:15,OKC,free throw,,,,,,,2,,2,Joe Smith,,,foul,made,,,,
Earl Watson,Jeff Green,Joe Smith,Kevin Durant,Russell Westbrook,Derek Fisher,Kobe Bryant,Lamar Odom,Pau Gasol,Trevor Ariza,4,5:01,LAL,shot,,,,,,,,,,Kobe Bryant,2,,,made,,jump,20,28
Earl Watson,Jeff Green,Joe Smith,Kevin Durant,Russell Westbrook,Derek Fisher,Kobe Bryant,Lamar Odom,Pau Gasol,Trevor Ariza,4,4:41,LAL,foul,,,,,,,,Russell Westbrook,,Pau Gasol,,,,,,shooting,,
Earl Watson,Jeff Green,Joe Smith,Kevin Durant,Russell Westbrook,Derek Fisher,Kobe Bryant,Lamar Odom,Pau Gasol,Trevor Ariza,4,4:41,OKC,free throw,,,,,,,1,,2,Russell Westbrook,,,foul,made,,,,
Jeff Green,Joe Smith,Kevin Durant,Kyle Weaver,Russell Westbrook,Derek Fisher,Kobe Bryant,Lamar Odom,Pau Gasol,Trevor Ariza,4,4:41,OKC,sub,,,,Kyle Weaver,,Earl Watson,,,,,,,,,,,,
Jeff Green,Joe Smith,Kevin Durant,Kyle Weaver,Russell Westbrook,Derek Fisher,Kobe Bryant,Lamar Odom,Pau Gasol,Trevor Ariza,4,4:41,OKC,free throw,,,,,,,2,,2,Russell Westbrook,,,foul,made,,,,
Jeff Green,Kevin Durant,Kyle Weaver,Nenad Krstic,Russell Westbrook,Derek Fisher,Kobe Bryant,Lamar Odom,Pau Gasol,Trevor Ariza,4,4:41,OKC,sub,,,,Nenad Krstic,,Joe Smith,,,,,,,,,,,,
Jeff Green,Kevin Durant,Kyle Weaver,Nenad Krstic,Russell Westbrook,Derek Fisher,Kobe Bryant,Lamar Odom,Pau Gasol,Trevor Ariza,4,4:23,LAL,shot,,,,,,,,,,Derek Fisher,,,,missed,,3pt,35,30
Jeff Green,Kevin Durant,Kyle Weaver,Nenad Krstic,Russell Westbrook,Derek Fisher,Kobe Bryant,Lamar Odom,Pau Gasol,Trevor Ariza,4,4:23,OKC,rebound,,,,,,,,,,Jeff Green,,,,,,def,,
Jeff Green,Kevin Durant,Kyle Weaver,Nenad Krstic,Russell Westbrook,Derek Fisher,Kobe Bryant,Lamar Odom,Pau Gasol,Trevor Ariza,4,4:11,OKC,turnover,,,,,,,,,,Russell Westbrook,,,bad pass,,Derek Fisher,,,
Jeff Green,Kevin Durant,Kyle Weaver,Nenad Krstic,Russell Westbrook,Derek Fisher,Kobe Bryant,Lamar Odom,Pau Gasol,Trevor Ariza,4,4:00,LAL,shot,Derek Fisher,,,,,,,,,Kobe Bryant,2,,,made,,reverse layup,25,6
Jeff Green,Kevin Durant,Kyle Weaver,Nenad Krstic,Russell Westbrook,Derek Fisher,Kobe Bryant,Lamar Odom,Pau Gasol,Trevor Ariza,4,3:42,OKC,shot,,,,,,,,,,Russell Westbrook,,,,missed,,jump,9,8
Jeff Green,Kevin Durant,Kyle Weaver,Nenad Krstic,Russell Westbrook,Derek Fisher,Kobe Bryant,Lamar Odom,Pau Gasol,Trevor Ariza,4,3:39,LAL,rebound,,,,,,,,,,Lamar Odom,,,,,,def,,
Jeff Green,Kevin Durant,Kyle Weaver,Nenad Krstic,Russell Westbrook,Derek Fisher,Kobe Bryant,Lamar Odom,Pau Gasol,Trevor Ariza,4,3:34,LAL,foul,,,,,,,,Russell Westbrook,,Lamar Odom,,,,,,offensive,,
Jeff Green,Kevin Durant,Kyle Weaver,Nenad Krstic,Russell Westbrook,Derek Fisher,Kobe Bryant,Lamar Odom,Pau Gasol,Trevor Ariza,4,3:34,LAL,turnover,,,,,,,,,,Lamar Odom,,,foul,,,,,
Jeff Green,Kevin Durant,Kyle Weaver,Nenad Krstic,Russell Westbrook,Derek Fisher,Kobe Bryant,Lamar Odom,Pau Gasol,Trevor Ariza,4,3:09,OKC,shot,,,,,,,,,,Nenad Krstic,,,,missed,,jump,18,21
Jeff Green,Kevin Durant,Kyle Weaver,Nenad Krstic,Russell Westbrook,Derek Fisher,Kobe Bryant,Lamar Odom,Pau Gasol,Trevor Ariza,4,3:06,LAL,rebound,,,,,,,,,,Lamar Odom,,,,,,def,,
Jeff Green,Kevin Durant,Kyle Weaver,Nenad Krstic,Russell Westbrook,Derek Fisher,Kobe Bryant,Lamar Odom,Pau Gasol,Trevor Ariza,4,2:59,LAL,shot,,,,,,,,,,Kobe Bryant,,,,missed,,3pt,11,26
Jeff Green,Kevin Durant,Kyle Weaver,Nenad Krstic,Russell Westbrook,Derek Fisher,Kobe Bryant,Lamar Odom,Pau Gasol,Trevor Ariza,4,2:58,OKC,rebound,,,,,,,,,,Kyle Weaver,,,,,,def,,
Jeff Green,Kevin Durant,Kyle Weaver,Nenad Krstic,Russell Westbrook,Derek Fisher,Kobe Bryant,Lamar Odom,Pau Gasol,Trevor Ariza,4,2:56,LAL,foul,,,,,,,,Kevin Durant,,Lamar Odom,,,,,,shooting,,
Jeff Green,Kevin Durant,Kyle Weaver,Nenad Krstic,Russell Westbrook,Derek Fisher,Kobe Bryant,Lamar Odom,Pau Gasol,Trevor Ariza,4,2:56,OKC,timeout,,,,,,,,,,,,,,,,regular,,
Jeff Green,Kevin Durant,Kyle Weaver,Nenad Krstic,Russell Westbrook,Derek Fisher,Kobe Bryant,Lamar Odom,Pau Gasol,Trevor Ariza,4,2:56,OKC,free throw,,,,,,,1,,2,Kevin Durant,,,foul,made,,,,
Jeff Green,Kevin Durant,Kyle Weaver,Nenad Krstic,Russell Westbrook,Derek Fisher,Kobe Bryant,Lamar Odom,Pau Gasol,Trevor Ariza,4,2:56,OKC,free throw,,,,,,,2,,2,Kevin Durant,,,foul,made,,,,
Jeff Green,Kevin Durant,Kyle Weaver,Nenad Krstic,Russell Westbrook,Derek Fisher,Kobe Bryant,Lamar Odom,Pau Gasol,Trevor Ariza,4,2:39,LAL,shot,,,Kevin Durant,,,,,,,Lamar Odom,,,,missed,,layup,25,6
Jeff Green,Kevin Durant,Kyle Weaver,Nenad Krstic,Russell Westbrook,Derek Fisher,Kobe Bryant,Lamar Odom,Pau Gasol,Trevor Ariza,4,2:37,LAL,rebound,,,,,,,,,,Trevor Ariza,,,,,,off,,
Jeff Green,Kevin Durant,Kyle Weaver,Nenad Krstic,Russell Westbrook,Derek Fisher,Kobe Bryant,Lamar Odom,Pau Gasol,Trevor Ariza,4,2:33,LAL,shot,,,Kyle Weaver,,,,,,,Kobe Bryant,,,,missed,,jump,17,20
Jeff Green,Kevin Durant,Kyle Weaver,Nenad Krstic,Russell Westbrook,Derek Fisher,Kobe Bryant,Lamar Odom,Pau Gasol,Trevor Ariza,4,2:32,LAL,rebound,,,,,,,,,,Trevor Ariza,,,,,,off,,
Jeff Green,Kevin Durant,Kyle Weaver,Nenad Krstic,Russell Westbrook,Derek Fisher,Kobe Bryant,Lamar Odom,Pau Gasol,Trevor Ariza,4,2:32,OKC,foul,,,,,,,,Trevor Ariza,,Kevin Durant,,,,,,shooting,,
Jeff Green,Kevin Durant,Kyle Weaver,Nenad Krstic,Russell Westbrook,Derek Fisher,Kobe Bryant,Lamar Odom,Pau Gasol,Trevor Ariza,4,2:32,LAL,free throw,,,,,,,1,,2,Trevor Ariza,,,foul,missed,,,,
Jeff Green,Kevin Durant,Kyle Weaver,Nenad Krstic,Russell Westbrook,Derek Fisher,Kobe Bryant,Lamar Odom,Pau Gasol,Trevor Ariza,4,2:32,LAL,rebound,,,,,,,,,,,,,,,,,,
Jeff Green,Kevin Durant,Kyle Weaver,Nenad Krstic,Russell Westbrook,Derek Fisher,Kobe Bryant,Lamar Odom,Pau Gasol,Trevor Ariza,4,2:32,LAL,free throw,,,,,,,2,,2,Trevor Ariza,,,foul,missed,,,,
Jeff Green,Kevin Durant,Kyle Weaver,Nenad Krstic,Russell Westbrook,Derek Fisher,Kobe Bryant,Lamar Odom,Pau Gasol,Trevor Ariza,4,2:31,OKC,rebound,,,,,,,,,,Russell Westbrook,,,,,,def,,
Jeff Green,Kevin Durant,Kyle Weaver,Nenad Krstic,Russell Westbrook,Derek Fisher,Kobe Bryant,Lamar Odom,Pau Gasol,Trevor Ariza,4,2:16,OKC,shot,,,,,,,,,,Jeff Green,,,,missed,,3pt,16,30
Jeff Green,Kevin Durant,Kyle Weaver,Nenad Krstic,Russell Westbrook,Derek Fisher,Kobe Bryant,Lamar Odom,Pau Gasol,Trevor Ariza,4,2:14,OKC,rebound,,,,,,,,,,Kevin Durant,,,,,,off,,
Jeff Green,Kevin Durant,Kyle Weaver,Nenad Krstic,Russell Westbrook,Derek Fisher,Kobe Bryant,Lamar Odom,Pau Gasol,Trevor Ariza,4,2:13,OKC,shot,,,,,,,,,,Kevin Durant,2,,,made,,layup,25,6
Jeff Green,Kevin Durant,Kyle Weaver,Nenad Krstic,Russell Westbrook,Derek Fisher,Kobe Bryant,Lamar Odom,Pau Gasol,Trevor Ariza,4,1:52,LAL,shot,,,,,,,,,,Lamar Odom,,,,missed,,3pt,17,31
Jeff Green,Kevin Durant,Kyle Weaver,Nenad Krstic,Russell Westbrook,Derek Fisher,Kobe Bryant,Lamar Odom,Pau Gasol,Trevor Ariza,4,1:50,OKC,rebound,,,,,,,,,,Kevin Durant,,,,,,def,,
Jeff Green,Kevin Durant,Kyle Weaver,Nenad Krstic,Russell Westbrook,Derek Fisher,Kobe Bryant,Lamar Odom,Pau Gasol,Trevor Ariza,4,1:32,OKC,shot,,,,,,,,,,Kyle Weaver,,,,missed,,3pt,48,7
Jeff Green,Kevin Durant,Kyle Weaver,Nenad Krstic,Russell Westbrook,Derek Fisher,Kobe Bryant,Lamar Odom,Pau Gasol,Trevor Ariza,4,1:31,LAL,rebound,,,,,,,,,,Pau Gasol,,,,,,def,,
Jeff Green,Kevin Durant,Kyle Weaver,Nenad Krstic,Russell Westbrook,Derek Fisher,Kobe Bryant,Lamar Odom,Pau Gasol,Trevor Ariza,4,1:20,OKC,foul,,,,,,,,Kobe Bryant,,Kyle Weaver,,,,,,shooting,,
Jeff Green,Kevin Durant,Kyle Weaver,Nenad Krstic,Russell Westbrook,Derek Fisher,Kobe Bryant,Lamar Odom,Pau Gasol,Trevor Ariza,4,1:20,LAL,free throw,,,,,,,1,,2,Kobe Bryant,,,foul,made,,,,
Jeff Green,Kevin Durant,Kyle Weaver,Nenad Krstic,Russell Westbrook,Derek Fisher,Kobe Bryant,Lamar Odom,Pau Gasol,Trevor Ariza,4,1:20,LAL,free throw,,,,,,,2,,2,Kobe Bryant,,,foul,made,,,,
Jeff Green,Kevin Durant,Kyle Weaver,Nenad Krstic,Russell Westbrook,Derek Fisher,Kobe Bryant,Lamar Odom,Pau Gasol,Trevor Ariza,4,1:20,OKC,timeout,,,,,,,,,,,,,,,,regular,,
Jeff Green,Kevin Durant,Kyle Weaver,Nenad Krstic,Russell Westbrook,Derek Fisher,Kobe Bryant,Lamar Odom,Pau Gasol,Trevor Ariza,4,1:14,LAL,foul,,,,,,,,Kevin Durant,,Lamar Odom,,,,,,shooting,,
Jeff Green,Kevin Durant,Kyle Weaver,Nenad Krstic,Russell Westbrook,Derek Fisher,Kobe Bryant,Lamar Odom,Pau Gasol,Trevor Ariza,4,1:14,OKC,free throw,,,,,,,1,,2,Kevin Durant,,,foul,made,,,,
Jeff Green,Kevin Durant,Kyle Weaver,Nenad Krstic,Russell Westbrook,Derek Fisher,Kobe Bryant,Lamar Odom,Pau Gasol,Trevor Ariza,4,1:14,OKC,free throw,,,,,,,2,,2,Kevin Durant,,,foul,made,,,,
Jeff Green,Kevin Durant,Kyle Weaver,Nenad Krstic,Russell Westbrook,Derek Fisher,Kobe Bryant,Lamar Odom,Pau Gasol,Trevor Ariza,4,0:54,LAL,shot,,,,,,,,,,Derek Fisher,,,,missed,,3pt,49,5
Jeff Green,Kevin Durant,Kyle Weaver,Nenad Krstic,Russell Westbrook,Derek Fisher,Kobe Bryant,Lamar Odom,Pau Gasol,Trevor Ariza,4,0:52,OKC,rebound,,,,,,,,,,Kevin Durant,,,,,,def,,
Jeff Green,Kevin Durant,Kyle Weaver,Nenad Krstic,Russell Westbrook,Derek Fisher,Kobe Bryant,Lamar Odom,Pau Gasol,Trevor Ariza,4,0:50,OKC,turnover,,,,,,,,,,Kevin Durant,,,out of bounds lost ball turnover,,,,,
Jeff Green,Kevin Durant,Kyle Weaver,Nenad Krstic,Russell Westbrook,Derek Fisher,Kobe Bryant,Lamar Odom,Pau Gasol,Trevor Ariza,4,0:28,LAL,shot,,,,,,,,,,Pau Gasol,,,,missed,,jump,39,6
Jeff Green,Kevin Durant,Kyle Weaver,Nenad Krstic,Russell Westbrook,Derek Fisher,Kobe Bryant,Lamar Odom,Pau Gasol,Trevor Ariza,4,0:27,OKC,rebound,,,,,,,,,,Kevin Durant,,,,,,def,,
Jeff Green,Kevin Durant,Kyle Weaver,Nenad Krstic,Russell Westbrook,Derek Fisher,Kobe Bryant,Lamar Odom,Pau Gasol,Trevor Ariza,4,0:26,OKC,timeout,,,,,,,,,,,,,,,,short,,
Jeff Green,Kevin Durant,Kyle Weaver,Nenad Krstic,Russell Westbrook,Derek Fisher,Kobe Bryant,Lamar Odom,Pau Gasol,Trevor Ariza,4,0:22,OKC,turnover,,,,,,,,,,Russell Westbrook,,,bad pass,,Derek Fisher,,,
Jeff Green,Kevin Durant,Kyle Weaver,Nenad Krstic,Russell Westbrook,Derek Fisher,Kobe Bryant,Lamar Odom,Pau Gasol,Trevor Ariza,4,0:21,LAL,timeout,,,,,,,,,,,,,,,,short,,
Jeff Green,Kevin Durant,Kyle Weaver,Nenad Krstic,Russell Westbrook,Derek Fisher,Kobe Bryant,Lamar Odom,Pau Gasol,Trevor Ariza,4,0:20,LAL,turnover,,,,,,,,,,Trevor Ariza,,,step out of bounds turnover,,,,,
Jeff Green,Kevin Durant,Kyle Weaver,Nenad Krstic,Russell Westbrook,Derek Fisher,Kobe Bryant,Lamar Odom,Pau Gasol,Trevor Ariza,4,0:14,LAL,violation,,,,,,,,,,Trevor Ariza,,,,,,kicked ball,,
Jeff Green,Kevin Durant,Kyle Weaver,Nenad Krstic,Russell Westbrook,Derek Fisher,Kobe Bryant,Lamar Odom,Pau Gasol,Trevor Ariza,4,0:12,OKC,shot,Kevin Durant,,,,,,,,,Jeff Green,3,,,made,,3pt,9,26
Jeff Green,Kevin Durant,Kyle Weaver,Nenad Krstic,Russell Westbrook,Derek Fisher,Kobe Bryant,Lamar Odom,Pau Gasol,Trevor Ariza,4,0:09,OKC,foul,,,,,,,,Derek Fisher,,Nenad Krstic,,,,,,personal,,
Jeff Green,Kevin Durant,Kyle Weaver,Nenad Krstic,Russell Westbrook,Derek Fisher,Kobe Bryant,Lamar Odom,Pau Gasol,Trevor Ariza,4,0:09,LAL,free throw,,,,,,,1,,2,Derek Fisher,,,foul,missed,,,,
Jeff Green,Kevin Durant,Kyle Weaver,Nenad Krstic,Russell Westbrook,Derek Fisher,Kobe Bryant,Lamar Odom,Pau Gasol,Trevor Ariza,4,0:09,LAL,rebound,,,,,,,,,,,,,,,,,,
Jeff Green,Kevin Durant,Kyle Weaver,Nenad Krstic,Russell Westbrook,Derek Fisher,Kobe Bryant,Lamar Odom,Pau Gasol,Trevor Ariza,4,0:09,LAL,free throw,,,,,,,2,,2,Derek Fisher,,,foul,missed,,,,
Jeff Green,Kevin Durant,Kyle Weaver,Nenad Krstic,Russell Westbrook,Derek Fisher,Kobe Bryant,Lamar Odom,Pau Gasol,Trevor Ariza,4,0:06,OKC,rebound,,,,,,,,,,Nenad Krstic,,,,,,def,,
Jeff Green,Kevin Durant,Kyle Weaver,Nenad Krstic,Russell Westbrook,Derek Fisher,Kobe Bryant,Lamar Odom,Pau Gasol,Trevor Ariza,4,0:06,OFF,jump ball,,Nenad Krstic,,,Lamar Odom,,,,,,,Pau Gasol,,,,,,
Jeff Green,Kevin Durant,Kyle Weaver,Nenad Krstic,Russell Westbrook,Derek Fisher,Kobe Bryant,Lamar Odom,Pau Gasol,Trevor Ariza,4,0:06,OKC,turnover,,,,,,,,,,Nenad Krstic,,,lost ball,,Lamar Odom,,,
Jeff Green,Kevin Durant,Kyle Weaver,Nenad Krstic,Russell Westbrook,Derek Fisher,Kobe Bryant,Lamar Odom,Pau Gasol,Trevor Ariza,4,0:04,LAL,shot,,,,,,,,,,Pau Gasol,2,,,made,,layup,25,6
Jeff Green,Kevin Durant,Kyle Weaver,Nenad Krstic,Russell Westbrook,Derek Fisher,Kobe Bryant,Lamar Odom,Pau Gasol,Trevor Ariza,4,0:00,OKC,shot,,,,,,,,,,Kyle Weaver,,,,missed,,3pt,43,27
Jeff Green,Kevin Durant,Kyle Weaver,Nenad Krstic,Russell Westbrook,Derek Fisher,Kobe Bryant,Lamar Odom,Pau Gasol,Trevor Ariza,4,0:00,OKC,rebound,,,,,,,,,,,,,,,,,,
