a1,a2,a3,a4,a5,h1,h2,h3,h4,h5,period,time,team,etype,assist,away,block,entered,home,left,num,opponent,outof,player,points,possession,reason,result,steal,type,x,y
Boris Diaw,Emeka Okafor,Gerald Wallace,Raja Bell,Raymond Felton,Andray Blatche,Antawn Jamison,Caron Butler,Dominic McGuire,Mike James,1,12:00,OFF,jump ball,,Emeka Okafor,,,Andray Blatche,,,,,,,Mike James,,,,,,
Boris Diaw,Emeka Okafor,Gerald Wallace,Raja Bell,Raymond Felton,Andray Blatche,Antawn Jamison,Caron Butler,Dominic McGuire,Mike James,1,11:40,WAS,shot,,,,,,,,,,Antawn Jamison,2,,,made,,jump,9,15
Boris Diaw,Emeka Okafor,Gerald Wallace,Raja Bell,Raymond Felton,Andray Blatche,Antawn Jamison,Caron Butler,Dominic McGuire,Mike James,1,11:20,CHA,shot,,,,,,,,,,Boris Diaw,2,,,made,,hook,23,10
Boris Diaw,Emeka Okafor,Gerald Wallace,Raja Bell,Raymond Felton,Andray Blatche,Antawn Jamison,Caron Butler,Dominic McGuire,Mike James,1,10:57,WAS,shot,,,,,,,,,,Andray Blatche,,,,missed,,layup,26,5
Boris Diaw,Emeka Okafor,Gerald Wallace,Raja Bell,Raymond Felton,Andray Blatche,Antawn Jamison,Caron Butler,Dominic McGuire,Mike James,1,10:56,CHA,rebound,,,,,,,,,,Emeka Okafor,,,,,,def,,
Boris Diaw,Emeka Okafor,Gerald Wallace,Raja Bell,Raymond Felton,Andray Blatche,Antawn Jamison,Caron Butler,Dominic McGuire,Mike James,1,10:41,CHA,shot,Raja Bell,,,,,,,,,Emeka Okafor,2,,,made,,hook,21,11
Boris Diaw,Emeka Okafor,Gerald Wallace,Raja Bell,Raymond Felton,Andray Blatche,Antawn Jamison,Caron Butler,Dominic McGuire,Mike James,1,10:20,WAS,turnover,,,,,,,,,,Andray Blatche,,,traveling,,,,,
Boris Diaw,Emeka Okafor,Gerald Wallace,Raja Bell,Raymond Felton,Andray Blatche,Antawn Jamison,Caron Butler,Dominic McGuire,Mike James,1,10:09,CHA,shot,,,,,,,,,,Raymond Felton,2,,,made,,jump,8,15
Boris Diaw,Emeka Okafor,Gerald Wallace,Raja Bell,Raymond Felton,Andray Blatche,Antawn Jamison,Caron Butler,Dominic McGuire,Mike James,1,9:50,WAS,shot,Mike James,,,,,,,,,Caron Butler,2,,,made,,jump,43,4
Boris Diaw,Emeka Okafor,Gerald Wallace,Raja Bell,Raymond Felton,Andray Blatche,Antawn Jamison,Caron Butler,Dominic McGuire,Mike James,1,9:36,CHA,shot,,,,,,,,,,Boris Diaw,,,,missed,,3pt,12,29
Boris Diaw,Emeka Okafor,Gerald Wallace,Raja Bell,Raymond Felton,Andray Blatche,Antawn Jamison,Caron Butler,Dominic McGuire,Mike James,1,9:35,WAS,rebound,,,,,,,,,,Dominic McGuire,,,,,,def,,
Boris Diaw,Emeka Okafor,Gerald Wallace,Raja Bell,Raymond Felton,Andray Blatche,Antawn Jamison,Caron Butler,Dominic McGuire,Mike James,1,9:26,WAS,shot,Andray Blatche,,,,,,,,,Dominic McGuire,2,,,made,,layup,26,7
Boris Diaw,Emeka Okafor,Gerald Wallace,Raja Bell,Raymond Felton,Andray Blatche,Antawn Jamison,Caron Butler,Dominic McGuire,Mike James,1,9:26,CHA,foul,,,,,,,,Dominic McGuire,,Gerald Wallace,,,,,,shooting,,
Boris Diaw,Emeka Okafor,Gerald Wallace,Raja Bell,Raymond Felton,Andray Blatche,Antawn Jamison,Caron Butler,Dominic McGuire,Mike James,1,9:26,WAS,free throw,,,,,,,1,,1,Dominic McGuire,,,foul,made,,,,
Boris Diaw,Emeka Okafor,Gerald Wallace,Raja Bell,Raymond Felton,Andray Blatche,Antawn Jamison,Caron Butler,Dominic McGuire,Mike James,1,9:19,CHA,turnover,,,,,,,,,,Boris Diaw,,,bad pass,,,,,
Boris Diaw,Emeka Okafor,Gerald Wallace,Raja Bell,Raymond Felton,Andray Blatche,Antawn Jamison,Caron Butler,Dominic McGuire,Mike James,1,9:01,WAS,shot,Dominic McGuire,,,,,,,,,Antawn Jamison,2,,,made,,jump,7,17
Boris Diaw,Emeka Okafor,Gerald Wallace,Raja Bell,Raymond Felton,Andray Blatche,Antawn Jamison,Caron Butler,Dominic McGuire,Mike James,1,8:49,CHA,shot,,,,,,,,,,Raja Bell,,,,missed,,jump,7,15
Boris Diaw,Emeka Okafor,Gerald Wallace,Raja Bell,Raymond Felton,Andray Blatche,Antawn Jamison,Caron Butler,Dominic McGuire,Mike James,1,8:47,WAS,rebound,,,,,,,,,,Andray Blatche,,,,,,def,,
Boris Diaw,Emeka Okafor,Gerald Wallace,Raja Bell,Raymond Felton,Andray Blatche,Antawn Jamison,Caron Butler,Dominic McGuire,Mike James,1,8:33,WAS,shot,,,,,,,,,,Andray Blatche,,,,missed,,jump,21,11
Boris Diaw,Emeka Okafor,Gerald Wallace,Raja Bell,Raymond Felton,Andray Blatche,Antawn Jamison,Caron Butler,Dominic McGuire,Mike James,1,8:32,CHA,rebound,,,,,,,,,,Gerald Wallace,,,,,,def,,
Boris Diaw,Emeka Okafor,Gerald Wallace,Raja Bell,Raymond Felton,Andray Blatche,Antawn Jamison,Caron Butler,Dominic McGuire,Mike James,1,8:23,CHA,shot,Raymond Felton,,,,,,,,,Boris Diaw,3,,,made,,3pt,6,22
Boris Diaw,Emeka Okafor,Gerald Wallace,Raja Bell,Raymond Felton,Andray Blatche,Antawn Jamison,Caron Butler,Dominic McGuire,Mike James,1,7:56,WAS,shot,,,,,,,,,,Antawn Jamison,2,,,made,,layup,26,5
Boris Diaw,Emeka Okafor,Gerald Wallace,Raja Bell,Raymond Felton,Andray Blatche,Antawn Jamison,Caron Butler,Dominic McGuire,Mike James,1,7:42,CHA,turnover,,,,,,,,,,Emeka Okafor,,,poss lost ball turnover,,,,,
Adam Morrison,Boris Diaw,Emeka Okafor,Raja Bell,Raymond Felton,Andray Blatche,Antawn Jamison,Caron Butler,Dominic McGuire,Mike James,1,7:42,CHA,sub,,,,Adam Morrison,,Gerald Wallace,,,,,,,,,,,,
Adam Morrison,Boris Diaw,Emeka Okafor,Raja Bell,Raymond Felton,Andray Blatche,Antawn Jamison,Caron Butler,Dominic McGuire,Mike James,1,7:23,WAS,shot,,,,,,,,,,Antawn Jamison,,,,missed,,jump,6,3
Adam Morrison,Boris Diaw,Emeka Okafor,Raja Bell,Raymond Felton,Andray Blatche,Antawn Jamison,Caron Butler,Dominic McGuire,Mike James,1,7:22,WAS,rebound,,,,,,,,,,Dominic McGuire,,,,,,off,,
Adam Morrison,Boris Diaw,Emeka Okafor,Raja Bell,Raymond Felton,Andray Blatche,Antawn Jamison,Caron Butler,Dominic McGuire,Mike James,1,7:17,WAS,shot,Andray Blatche,,,,,,,,,Mike James,3,,,made,,3pt,43,22
Adam Morrison,Boris Diaw,Emeka Okafor,Raja Bell,Raymond Felton,Andray Blatche,Antawn Jamison,Caron Butler,Dominic McGuire,Mike James,1,6:58,CHA,shot,,,,,,,,,,Raymond Felton,,,,missed,,jump,21,27
Adam Morrison,Boris Diaw,Emeka Okafor,Raja Bell,Raymond Felton,Andray Blatche,Antawn Jamison,Caron Butler,Dominic McGuire,Mike James,1,6:57,WAS,rebound,,,,,,,,,,Antawn Jamison,,,,,,def,,
Adam Morrison,Boris Diaw,Emeka Okafor,Raja Bell,Raymond Felton,Andray Blatche,Antawn Jamison,Caron Butler,Dominic McGuire,Mike James,1,6:45,WAS,shot,,,,,,,,,,Andray Blatche,,,,missed,,layup,26,5
Adam Morrison,Boris Diaw,Emeka Okafor,Raja Bell,Raymond Felton,Andray Blatche,Antawn Jamison,Caron Butler,Dominic McGuire,Mike James,1,6:44,WAS,rebound,,,,,,,,,,Andray Blatche,,,,,,off,,
Adam Morrison,Boris Diaw,Emeka Okafor,Raja Bell,Raymond Felton,Andray Blatche,Antawn Jamison,Caron Butler,Dominic McGuire,Mike James,1,6:42,WAS,shot,,,,,,,,,,Andray Blatche,2,,,made,,putback layup,25,7
Adam Morrison,Boris Diaw,Emeka Okafor,Raja Bell,Raymond Felton,Andray Blatche,Antawn Jamison,Caron Butler,Dominic McGuire,Mike James,1,6:35,CHA,turnover,,,,,,,,,,Boris Diaw,,,traveling,,,,,
Adam Morrison,Boris Diaw,Emeka Okafor,Raja Bell,Raymond Felton,Andray Blatche,Antawn Jamison,Caron Butler,Dominic McGuire,Mike James,1,6:19,WAS,turnover,,,,,,,,,,Caron Butler,,,traveling,,,,,
Adam Morrison,Boris Diaw,Emeka Okafor,Raja Bell,Raymond Felton,Andray Blatche,Antawn Jamison,Caron Butler,Dominic McGuire,Mike James,1,6:05,WAS,foul,,,,,,,,Emeka Okafor,,Andray Blatche,,,,,,personal,,
Adam Morrison,Boris Diaw,Emeka Okafor,Raja Bell,Raymond Felton,Andray Blatche,Antawn Jamison,Caron Butler,Dominic McGuire,Mike James,1,6:05,CHA,timeout,,,,,,,,,,,,,,,,regular,,
Adam Morrison,Boris Diaw,Emeka Okafor,Raja Bell,Raymond Felton,Andray Blatche,Antawn Jamison,Caron Butler,Dominic McGuire,Mike James,1,5:59,CHA,shot,Boris Diaw,,,,,,,,,Adam Morrison,2,,,made,,jump,44,4
Adam Morrison,Boris Diaw,Emeka Okafor,Raja Bell,Raymond Felton,Andray Blatche,Antawn Jamison,Caron Butler,Dominic McGuire,Mike James,1,5:46,CHA,foul,,,,,,,,Caron Butler,,Raja Bell,,,,,,personal,,
Adam Morrison,Boris Diaw,Emeka Okafor,Raja Bell,Raymond Felton,Andray Blatche,Antawn Jamison,Caron Butler,Dominic McGuire,Mike James,1,5:45,WAS,foul,,,,,,,,Raymond Felton,,Mike James,,,,,,offensive,,
Adam Morrison,Boris Diaw,Emeka Okafor,Raja Bell,Raymond Felton,Andray Blatche,Antawn Jamison,Caron Butler,Dominic McGuire,Mike James,1,5:45,WAS,turnover,,,,,,,,,,Mike James,,,foul,,,,,
Adam Morrison,Boris Diaw,Emeka Okafor,Raja Bell,Raymond Felton,Andray Blatche,Antawn Jamison,Caron Butler,Dominic McGuire,Mike James,1,5:40,WAS,foul,,,,,,,,Raymond Felton,,Mike James,,,,,,personal,,
Adam Morrison,Boris Diaw,Emeka Okafor,Raja Bell,Raymond Felton,Andray Blatche,Antawn Jamison,Caron Butler,Dominic McGuire,Javaris Crittenton,1,5:40,WAS,sub,,,,Javaris Crittenton,,Mike James,,,,,,,,,,,,
Adam Morrison,Boris Diaw,Emeka Okafor,Raja Bell,Raymond Felton,Andray Blatche,Antawn Jamison,Caron Butler,Dominic McGuire,Javaris Crittenton,1,5:33,CHA,turnover,,,,,,,,,,Adam Morrison,,,bad pass,,,,,
Adam Morrison,Boris Diaw,Emeka Okafor,Raja Bell,Raymond Felton,Andray Blatche,Antawn Jamison,Caron Butler,Dominic McGuire,Javaris Crittenton,1,5:14,WAS,shot,Javaris Crittenton,,,,,,,,,Dominic McGuire,2,,,made,,jump,8,10
Adam Morrison,Boris Diaw,Emeka Okafor,Raja Bell,Raymond Felton,Andray Blatche,Antawn Jamison,Caron Butler,Dominic McGuire,Javaris Crittenton,1,4:52,CHA,shot,,,,,,,,,,Raja Bell,,,,missed,,3pt,13,27
Adam Morrison,Boris Diaw,Emeka Okafor,Raja Bell,Raymond Felton,Andray Blatche,Antawn Jamison,Caron Butler,Dominic McGuire,Javaris Crittenton,1,4:51,WAS,rebound,,,,,,,,,,Andray Blatche,,,,,,def,,
Adam Morrison,Boris Diaw,Emeka Okafor,Raja Bell,Raymond Felton,Andray Blatche,Antawn Jamison,Caron Butler,Dominic McGuire,Javaris Crittenton,1,4:45,WAS,turnover,,,,,,,,,,Dominic McGuire,,,bad pass,,Adam Morrison,,,
Adam Morrison,Boris Diaw,Emeka Okafor,Raja Bell,Raymond Felton,Andray Blatche,Antawn Jamison,Caron Butler,Dominic McGuire,Javaris Crittenton,1,4:37,CHA,shot,Adam Morrison,,,,,,,,,Raja Bell,3,,,made,,3pt,49,6
Adam Morrison,Boris Diaw,Emeka Okafor,Raja Bell,Raymond Felton,Andray Blatche,Antawn Jamison,Caron Butler,Dominic McGuire,Javaris Crittenton,1,4:16,WAS,shot,,,,,,,,,,Javaris Crittenton,2,,,made,,driving layup,23,7
Adam Morrison,Boris Diaw,Emeka Okafor,Raja Bell,Raymond Felton,Andray Blatche,Antawn Jamison,Caron Butler,Dominic McGuire,Javaris Crittenton,1,4:03,CHA,shot,Raja Bell,,,,,,,,,Adam Morrison,2,,,made,,jump,42,5
Adam Morrison,Boris Diaw,Emeka Okafor,Raja Bell,Raymond Felton,Andray Blatche,Antawn Jamison,Caron Butler,Dominic McGuire,Javaris Crittenton,1,3:46,CHA,foul,,,,,,,,Javaris Crittenton,,Raymond Felton,,,,,,personal,,
Adam Morrison,Boris Diaw,Emeka Okafor,Raja Bell,Raymond Felton,Antawn Jamison,Caron Butler,Darius Songaila,Dominic McGuire,Javaris Crittenton,1,3:46,WAS,sub,,,,Darius Songaila,,Andray Blatche,,,,,,,,,,,,
Adam Morrison,Boris Diaw,Emeka Okafor,Raja Bell,Raymond Felton,Caron Butler,Darius Songaila,Dominic McGuire,JaVale McGee,Javaris Crittenton,1,3:46,WAS,sub,,,,JaVale McGee,,Antawn Jamison,,,,,,,,,,,,
Adam Morrison,Boris Diaw,Emeka Okafor,Raja Bell,Raymond Felton,Caron Butler,Darius Songaila,Dominic McGuire,JaVale McGee,Javaris Crittenton,1,3:35,WAS,shot,,,,,,,,,,Caron Butler,2,,,made,,turnaround jump,42,6
Adam Morrison,Boris Diaw,Emeka Okafor,Raja Bell,Raymond Felton,Caron Butler,Darius Songaila,Dominic McGuire,JaVale McGee,Javaris Crittenton,1,3:21,CHA,shot,Raymond Felton,,,,,,,,,Boris Diaw,2,,,made,,jump,42,14
Adam Morrison,Boris Diaw,Emeka Okafor,Raja Bell,Raymond Felton,Caron Butler,Darius Songaila,Dominic McGuire,JaVale McGee,Javaris Crittenton,1,3:00,CHA,foul,,,,,,,,Caron Butler,,Emeka Okafor,,,,,,shooting,,
Adam Morrison,Boris Diaw,D.J. Augustin,Emeka Okafor,Raja Bell,Caron Butler,Darius Songaila,Dominic McGuire,JaVale McGee,Javaris Crittenton,1,3:00,CHA,sub,,,,D.J. Augustin,,Raymond Felton,,,,,,,,,,,,
Adam Morrison,Boris Diaw,D.J. Augustin,Nazr Mohammed,Raja Bell,Caron Butler,Darius Songaila,Dominic McGuire,JaVale McGee,Javaris Crittenton,1,3:00,CHA,sub,,,,Nazr Mohammed,,Emeka Okafor,,,,,,,,,,,,
Adam Morrison,Boris Diaw,D.J. Augustin,Nazr Mohammed,Raja Bell,Caron Butler,Darius Songaila,Dominic McGuire,JaVale McGee,Javaris Crittenton,1,3:00,WAS,free throw,,,,,,,1,,2,Caron Butler,,,foul,made,,,,
Adam Morrison,Boris Diaw,D.J. Augustin,Nazr Mohammed,Raja Bell,Caron Butler,Darius Songaila,Dominic McGuire,JaVale McGee,Javaris Crittenton,1,3:00,WAS,free throw,,,,,,,2,,2,Caron Butler,,,foul,made,,,,
Adam Morrison,Boris Diaw,D.J. Augustin,Nazr Mohammed,Raja Bell,Caron Butler,Darius Songaila,Dominic McGuire,JaVale McGee,Javaris Crittenton,1,2:50,WAS,foul,,,,,,,,Nazr Mohammed,,Darius Songaila,,,,,,shooting,,
Adam Morrison,Boris Diaw,D.J. Augustin,Nazr Mohammed,Raja Bell,Caron Butler,Darius Songaila,Dominic McGuire,JaVale McGee,Javaris Crittenton,1,2:50,WAS,timeout,,,,,,,,,,,,,,,,regular,,
Adam Morrison,Boris Diaw,D.J. Augustin,Nazr Mohammed,Raja Bell,Caron Butler,Darius Songaila,Dominic McGuire,JaVale McGee,Javaris Crittenton,1,2:50,CHA,free throw,,,,,,,1,,2,Nazr Mohammed,,,foul,made,,,,
Adam Morrison,Boris Diaw,D.J. Augustin,Nazr Mohammed,Raja Bell,Caron Butler,Darius Songaila,Dominic McGuire,JaVale McGee,Javaris Crittenton,1,2:50,CHA,free throw,,,,,,,2,,2,Nazr Mohammed,,,foul,missed,,,,
Adam Morrison,Boris Diaw,D.J. Augustin,Nazr Mohammed,Raja Bell,Caron Butler,Darius Songaila,Dominic McGuire,JaVale McGee,Javaris Crittenton,1,2:48,CHA,rebound,,,,,,,,,,Nazr Mohammed,,,,,,off,,
Adam Morrison,Boris Diaw,D.J. Augustin,Nazr Mohammed,Raja Bell,Caron Butler,Darius Songaila,Dominic McGuire,JaVale McGee,Javaris Crittenton,1,2:37,CHA,shot,Adam Morrison,,,,,,,,,D.J. Augustin,3,,,made,,3pt,33,31
Adam Morrison,Boris Diaw,D.J. Augustin,Nazr Mohammed,Raja Bell,Caron Butler,Darius Songaila,Dominic McGuire,JaVale McGee,Javaris Crittenton,1,2:23,CHA,foul,,,,,,,,JaVale McGee,,Nazr Mohammed,,,,,,personal,,
Adam Morrison,Boris Diaw,D.J. Augustin,Nazr Mohammed,Raja Bell,Caron Butler,Darius Songaila,Dominic McGuire,JaVale McGee,Javaris Crittenton,1,2:23,WAS,free throw,,,,,,,1,,2,JaVale McGee,,,foul,missed,,,,
Adam Morrison,Boris Diaw,D.J. Augustin,Nazr Mohammed,Raja Bell,Caron Butler,Darius Songaila,Dominic McGuire,JaVale McGee,Javaris Crittenton,1,2:23,WAS,rebound,,,,,,,,,,,,,,,,,,
Adam Morrison,Boris Diaw,D.J. Augustin,Nazr Mohammed,Raja Bell,Caron Butler,Darius Songaila,Dominic McGuire,JaVale McGee,Javaris Crittenton,1,2:23,WAS,free throw,,,,,,,2,,2,JaVale McGee,,,foul,made,,,,
Adam Morrison,Boris Diaw,D.J. Augustin,Nazr Mohammed,Raja Bell,Caron Butler,Darius Songaila,Dominic McGuire,JaVale McGee,Javaris Crittenton,1,2:10,CHA,shot,,,,,,,,,,Boris Diaw,,,,missed,,jump,29,11
Adam Morrison,Boris Diaw,D.J. Augustin,Nazr Mohammed,Raja Bell,Caron Butler,Darius Songaila,Dominic McGuire,JaVale McGee,Javaris Crittenton,1,2:09,WAS,rebound,,,,,,,,,,Darius Songaila,,,,,,def,,
Adam Morrison,Boris Diaw,D.J. Augustin,Nazr Mohammed,Raja Bell,Caron Butler,Darius Songaila,Dominic McGuire,JaVale McGee,Javaris Crittenton,1,1:58,CHA,foul,,,,,,,,Darius Songaila,,Boris Diaw,,,,,,shooting,,
Adam Morrison,Boris Diaw,D.J. Augustin,Nazr Mohammed,Raja Bell,Caron Butler,Darius Songaila,Dominic McGuire,JaVale McGee,Javaris Crittenton,1,1:58,WAS,free throw,,,,,,,1,,2,Darius Songaila,,,foul,missed,,,,
Adam Morrison,Boris Diaw,D.J. Augustin,Nazr Mohammed,Raja Bell,Caron Butler,Darius Songaila,Dominic McGuire,JaVale McGee,Javaris Crittenton,1,1:58,WAS,rebound,,,,,,,,,,,,,,,,,,
Adam Morrison,Boris Diaw,D.J. Augustin,Nazr Mohammed,Raja Bell,Caron Butler,Darius Songaila,Dominic McGuire,JaVale McGee,Javaris Crittenton,1,1:58,WAS,free throw,,,,,,,2,,2,Darius Songaila,,,foul,made,,,,
Adam Morrison,Boris Diaw,D.J. Augustin,Nazr Mohammed,Raja Bell,Caron Butler,Darius Songaila,Dominic McGuire,JaVale McGee,Javaris Crittenton,1,1:43,WAS,foul,,,,,,,,Nazr Mohammed,,Javaris Crittenton,,,,,,shooting,,
Adam Morrison,D.J. Augustin,Juwan Howard,Nazr Mohammed,Raja Bell,Caron Butler,Darius Songaila,Dominic McGuire,JaVale McGee,Javaris Crittenton,1,1:43,CHA,sub,,,,Juwan Howard,,Boris Diaw,,,,,,,,,,,,
Adam Morrison,D.J. Augustin,Juwan Howard,Nazr Mohammed,Raja Bell,Caron Butler,Darius Songaila,Dominic McGuire,JaVale McGee,Javaris Crittenton,1,1:43,CHA,free throw,,,,,,,1,,2,Nazr Mohammed,,,foul,missed,,,,
Adam Morrison,D.J. Augustin,Juwan Howard,Nazr Mohammed,Raja Bell,Caron Butler,Darius Songaila,Dominic McGuire,JaVale McGee,Javaris Crittenton,1,1:43,CHA,rebound,,,,,,,,,,,,,,,,,,
Adam Morrison,D.J. Augustin,Juwan Howard,Nazr Mohammed,Raja Bell,Caron Butler,Darius Songaila,Dominic McGuire,JaVale McGee,Javaris Crittenton,1,1:43,CHA,free throw,,,,,,,2,,2,Nazr Mohammed,,,foul,made,,,,
Adam Morrison,D.J. Augustin,Juwan Howard,Nazr Mohammed,Raja Bell,Caron Butler,Darius Songaila,Dominic McGuire,JaVale McGee,Javaris Crittenton,1,1:27,WAS,shot,JaVale McGee,,,,,,,,,Darius Songaila,2,,,made,,layup,23,6
Adam Morrison,D.J. Augustin,Juwan Howard,Nazr Mohammed,Raja Bell,Caron Butler,Darius Songaila,Dominic McGuire,JaVale McGee,Javaris Crittenton,1,1:27,CHA,foul,,,,,,,,Darius Songaila,,Juwan Howard,,,,,,shooting,,
Adam Morrison,D.J. Augustin,Juwan Howard,Nazr Mohammed,Raja Bell,Caron Butler,Darius Songaila,JaVale McGee,Javaris Crittenton,Nick Young,1,1:27,WAS,sub,,,,Nick Young,,Dominic McGuire,,,,,,,,,,,,
Adam Morrison,D.J. Augustin,Juwan Howard,Nazr Mohammed,Raymond Felton,Caron Butler,Darius Songaila,JaVale McGee,Javaris Crittenton,Nick Young,1,1:27,CHA,sub,,,,Raymond Felton,,Raja Bell,,,,,,,,,,,,
Adam Morrison,D.J. Augustin,Juwan Howard,Nazr Mohammed,Raymond Felton,Caron Butler,Darius Songaila,JaVale McGee,Javaris Crittenton,Nick Young,1,1:27,WAS,free throw,,,,,,,1,,1,Darius Songaila,,,foul,made,,,,
Adam Morrison,D.J. Augustin,Juwan Howard,Nazr Mohammed,Raymond Felton,Caron Butler,Darius Songaila,JaVale McGee,Javaris Crittenton,Nick Young,1,1:09,CHA,shot,,,,,,,,,,Adam Morrison,,,,missed,,jump,33,21
Adam Morrison,D.J. Augustin,Juwan Howard,Nazr Mohammed,Raymond Felton,Caron Butler,Darius Songaila,JaVale McGee,Javaris Crittenton,Nick Young,1,1:08,WAS,rebound,,,,,,,,,,JaVale McGee,,,,,,def,,
Adam Morrison,D.J. Augustin,Juwan Howard,Nazr Mohammed,Raymond Felton,Caron Butler,Darius Songaila,JaVale McGee,Javaris Crittenton,Nick Young,1,1:00,WAS,shot,,,Juwan Howard,,,,,,,Javaris Crittenton,,,,missed,,layup,26,5
Adam Morrison,D.J. Augustin,Juwan Howard,Nazr Mohammed,Raymond Felton,Caron Butler,Darius Songaila,JaVale McGee,Javaris Crittenton,Nick Young,1,0:59,WAS,rebound,,,,,,,,,,JaVale McGee,,,,,,off,,
Adam Morrison,D.J. Augustin,Juwan Howard,Nazr Mohammed,Raymond Felton,Caron Butler,Darius Songaila,JaVale McGee,Javaris Crittenton,Nick Young,1,0:59,CHA,foul,,,,,,,,JaVale McGee,,Adam Morrison,,,,,,shooting,,
D.J. Augustin,Gerald Wallace,Juwan Howard,Nazr Mohammed,Raymond Felton,Caron Butler,Darius Songaila,JaVale McGee,Javaris Crittenton,Nick Young,1,0:59,CHA,sub,,,,Gerald Wallace,,Adam Morrison,,,,,,,,,,,,
D.J. Augustin,Gerald Wallace,Juwan Howard,Nazr Mohammed,Raymond Felton,Caron Butler,Darius Songaila,JaVale McGee,Javaris Crittenton,Nick Young,1,0:59,WAS,free throw,,,,,,,1,,2,JaVale McGee,,,foul,missed,,,,
D.J. Augustin,Gerald Wallace,Juwan Howard,Nazr Mohammed,Raymond Felton,Caron Butler,Darius Songaila,JaVale McGee,Javaris Crittenton,Nick Young,1,0:59,WAS,rebound,,,,,,,,,,,,,,,,,,
D.J. Augustin,Gerald Wallace,Juwan Howard,Nazr Mohammed,Raymond Felton,Andray Blatche,Darius Songaila,JaVale McGee,Javaris Crittenton,Nick Young,1,0:59,WAS,sub,,,,Andray Blatche,,Caron Butler,,,,,,,,,,,,
D.J. Augustin,Gerald Wallace,Juwan Howard,Nazr Mohammed,Raymond Felton,Andray Blatche,Darius Songaila,JaVale McGee,Javaris Crittenton,Nick Young,1,0:59,WAS,free throw,,,,,,,2,,2,JaVale McGee,,,foul,missed,,,,
D.J. Augustin,Gerald Wallace,Juwan Howard,Nazr Mohammed,Raymond Felton,Andray Blatche,Darius Songaila,JaVale McGee,Javaris Crittenton,Nick Young,1,0:57,CHA,rebound,,,,,,,,,,Juwan Howard,,,,,,def,,
D.J. Augustin,Gerald Wallace,Juwan Howard,Nazr Mohammed,Raymond Felton,Andray Blatche,Darius Songaila,JaVale McGee,Javaris Crittenton,Nick Young,1,0:43,CHA,shot,,,,,,,,,,Nazr Mohammed,,,,missed,,jump,25,12
D.J. Augustin,Gerald Wallace,Juwan Howard,Nazr Mohammed,Raymond Felton,Andray Blatche,Darius Songaila,JaVale McGee,Javaris Crittenton,Nick Young,1,0:42,WAS,rebound,,,,,,,,,,Darius Songaila,,,,,,def,,
D.J. Augustin,Gerald Wallace,Juwan Howard,Nazr Mohammed,Raymond Felton,Andray Blatche,Darius Songaila,JaVale McGee,Javaris Crittenton,Nick Young,1,0:37,WAS,shot,,,,,,,,,,JaVale McGee,2,,,made,,reverse slam dunk,24,4
D.J. Augustin,Gerald Wallace,Juwan Howard,Nazr Mohammed,Raymond Felton,Andray Blatche,Darius Songaila,JaVale McGee,Javaris Crittenton,Nick Young,1,0:26,CHA,shot,,,,,,,,,,D.J. Augustin,,,,missed,,3pt,38,28
D.J. Augustin,Gerald Wallace,Juwan Howard,Nazr Mohammed,Raymond Felton,Andray Blatche,Darius Songaila,JaVale McGee,Javaris Crittenton,Nick Young,1,0:24,CHA,rebound,,,,,,,,,,Nazr Mohammed,,,,,,off,,
D.J. Augustin,Gerald Wallace,Juwan Howard,Nazr Mohammed,Raymond Felton,Andray Blatche,Darius Songaila,JaVale McGee,Javaris Crittenton,Nick Young,1,0:01,CHA,shot,,,,,,,,,,Raymond Felton,,,,missed,,3pt,45,21
D.J. Augustin,Gerald Wallace,Juwan Howard,Nazr Mohammed,Raymond Felton,Andray Blatche,Darius Songaila,JaVale McGee,Javaris Crittenton,Nick Young,1,0:00,CHA,rebound,,,,,,,,,,Nazr Mohammed,,,,,,off,,
D.J. Augustin,Gerald Wallace,Juwan Howard,Nazr Mohammed,Raymond Felton,Andray Blatche,Darius Songaila,JaVale McGee,Javaris Crittenton,Nick Young,2,11:41,CHA,turnover,,,,,,,,,,D.J. Augustin,,,out of bounds lost ball turnover,,,,,
D.J. Augustin,Emeka Okafor,Gerald Wallace,Juwan Howard,Raymond Felton,Andray Blatche,Darius Songaila,JaVale McGee,Javaris Crittenton,Nick Young,2,11:41,CHA,sub,,,,Emeka Okafor,,Nazr Mohammed,,,,,,,,,,,,
D.J. Augustin,Emeka Okafor,Gerald Wallace,Juwan Howard,Raymond Felton,Andray Blatche,Darius Songaila,JaVale McGee,Javaris Crittenton,Nick Young,2,11:24,WAS,shot,,,,,,,,,,Andray Blatche,,,,missed,,jump,28,11
D.J. Augustin,Emeka Okafor,Gerald Wallace,Juwan Howard,Raymond Felton,Andray Blatche,Darius Songaila,JaVale McGee,Javaris Crittenton,Nick Young,2,11:22,CHA,rebound,,,,,,,,,,Emeka Okafor,,,,,,def,,
D.J. Augustin,Emeka Okafor,Gerald Wallace,Juwan Howard,Raymond Felton,Andray Blatche,Darius Songaila,JaVale McGee,Javaris Crittenton,Nick Young,2,11:05,CHA,shot,,,,,,,,,,Raymond Felton,,,,missed,,3pt,2,5
D.J. Augustin,Emeka Okafor,Gerald Wallace,Juwan Howard,Raymond Felton,Andray Blatche,Darius Songaila,JaVale McGee,Javaris Crittenton,Nick Young,2,11:05,CHA,rebound,,,,,,,,,,,,,,,,,,
D.J. Augustin,Emeka Okafor,Gerald Wallace,Juwan Howard,Raymond Felton,Andray Blatche,Darius Songaila,JaVale McGee,Javaris Crittenton,Nick Young,2,11:00,WAS,foul,,,,,,,,Raymond Felton,,Darius Songaila,,,,,,personal,,
Emeka Okafor,Gerald Wallace,Juwan Howard,Raja Bell,Raymond Felton,Andray Blatche,Darius Songaila,JaVale McGee,Javaris Crittenton,Nick Young,2,11:00,CHA,sub,,,,Raja Bell,,D.J. Augustin,,,,,,,,,,,,
Emeka Okafor,Gerald Wallace,Juwan Howard,Raja Bell,Raymond Felton,Andray Blatche,Darius Songaila,JaVale McGee,Javaris Crittenton,Nick Young,2,10:51,CHA,shot,,,,,,,,,,Raja Bell,,,,missed,,jump,7,15
Emeka Okafor,Gerald Wallace,Juwan Howard,Raja Bell,Raymond Felton,Andray Blatche,Darius Songaila,JaVale McGee,Javaris Crittenton,Nick Young,2,10:50,WAS,rebound,,,,,,,,,,JaVale McGee,,,,,,def,,
Emeka Okafor,Gerald Wallace,Juwan Howard,Raja Bell,Raymond Felton,Andray Blatche,Darius Songaila,JaVale McGee,Javaris Crittenton,Nick Young,2,10:27,WAS,shot,,,,,,,,,,Nick Young,2,,,made,,jump,16,19
Emeka Okafor,Gerald Wallace,Juwan Howard,Raja Bell,Raymond Felton,Andray Blatche,Darius Songaila,JaVale McGee,Javaris Crittenton,Nick Young,2,10:03,CHA,shot,,,,,,,,,,Juwan Howard,2,,,made,,hook,13,6
Emeka Okafor,Gerald Wallace,Juwan Howard,Raja Bell,Raymond Felton,Andray Blatche,Darius Songaila,JaVale McGee,Javaris Crittenton,Nick Young,2,9:42,WAS,shot,,,,,,,,,,Nick Young,2,,,made,,driving jump,32,9
Emeka Okafor,Gerald Wallace,Juwan Howard,Raja Bell,Raymond Felton,Andray Blatche,Darius Songaila,JaVale McGee,Javaris Crittenton,Nick Young,2,9:20,CHA,turnover,,,,,,,,,,Raymond Felton,,,bad pass,,,,,
Emeka Okafor,Gerald Wallace,Juwan Howard,Raja Bell,Raymond Felton,Andray Blatche,Darius Songaila,JaVale McGee,Javaris Crittenton,Nick Young,2,8:56,WAS,shot,,,,,,,,,,Andray Blatche,2,,,made,,turnaround jump,24,20
Emeka Okafor,Gerald Wallace,Juwan Howard,Raja Bell,Raymond Felton,Andray Blatche,Darius Songaila,JaVale McGee,Javaris Crittenton,Nick Young,2,8:39,CHA,shot,Gerald Wallace,,,,,,,,,Juwan Howard,2,,,made,,jump,44,4
Emeka Okafor,Gerald Wallace,Juwan Howard,Raja Bell,Raymond Felton,Andray Blatche,Darius Songaila,JaVale McGee,Javaris Crittenton,Nick Young,2,8:13,WAS,shot,Nick Young,,,,,,,,,JaVale McGee,2,,,made,,slam dunk,26,8
Emeka Okafor,Gerald Wallace,Juwan Howard,Raja Bell,Raymond Felton,Andray Blatche,Darius Songaila,JaVale McGee,Javaris Crittenton,Nick Young,2,7:58,CHA,shot,Raja Bell,,,,,,,,,Raymond Felton,3,,,made,,3pt,45,23
Emeka Okafor,Gerald Wallace,Juwan Howard,Raja Bell,Raymond Felton,Andray Blatche,Darius Songaila,JaVale McGee,Javaris Crittenton,Nick Young,2,7:43,WAS,foul,,,,,,,,Juwan Howard,,Javaris Crittenton,,,,,,offensive,,
Emeka Okafor,Gerald Wallace,Juwan Howard,Raja Bell,Raymond Felton,Andray Blatche,Darius Songaila,JaVale McGee,Javaris Crittenton,Nick Young,2,7:43,WAS,turnover,,,,,,,,,,Javaris Crittenton,,,foul,,,,,
Emeka Okafor,Gerald Wallace,Juwan Howard,Raja Bell,Raymond Felton,Andray Blatche,Darius Songaila,JaVale McGee,Javaris Crittenton,Nick Young,2,7:43,OFF,timeout,,,,,,,,,,,,,,,,official,,
Emeka Okafor,Gerald Wallace,Juwan Howard,Raja Bell,Raymond Felton,Andray Blatche,Antawn Jamison,JaVale McGee,Javaris Crittenton,Nick Young,2,7:43,WAS,sub,,,,Antawn Jamison,,Darius Songaila,,,,,,,,,,,,
Emeka Okafor,Gerald Wallace,Juwan Howard,Raja Bell,Raymond Felton,Andray Blatche,Antawn Jamison,JaVale McGee,Juan Dixon,Nick Young,2,7:43,WAS,sub,,,,Juan Dixon,,Javaris Crittenton,,,,,,,,,,,,
Emeka Okafor,Gerald Wallace,Juwan Howard,Raja Bell,Raymond Felton,Andray Blatche,Antawn Jamison,JaVale McGee,Juan Dixon,Nick Young,2,7:27,CHA,shot,,,,,,,,,,Juwan Howard,2,,,made,,hook,16,9
Emeka Okafor,Gerald Wallace,Juwan Howard,Raja Bell,Raymond Felton,Andray Blatche,Antawn Jamison,JaVale McGee,Juan Dixon,Nick Young,2,7:27,WAS,violation,,,,,,,,,,JaVale McGee,,,,,,defensive goaltending,,
Emeka Okafor,Gerald Wallace,Juwan Howard,Raja Bell,Raymond Felton,Andray Blatche,Antawn Jamison,JaVale McGee,Juan Dixon,Nick Young,2,7:07,WAS,shot,,,,,,,,,,Antawn Jamison,,,,missed,,layup,26,6
Emeka Okafor,Gerald Wallace,Juwan Howard,Raja Bell,Raymond Felton,Andray Blatche,Antawn Jamison,JaVale McGee,Juan Dixon,Nick Young,2,7:06,WAS,rebound,,,,,,,,,,Andray Blatche,,,,,,off,,
Emeka Okafor,Gerald Wallace,Juwan Howard,Raja Bell,Raymond Felton,Andray Blatche,Antawn Jamison,JaVale McGee,Juan Dixon,Nick Young,2,7:03,WAS,shot,,,,,,,,,,Andray Blatche,2,,,made,,putback dunk,26,6
Emeka Okafor,Gerald Wallace,Juwan Howard,Raja Bell,Raymond Felton,Andray Blatche,Antawn Jamison,JaVale McGee,Juan Dixon,Nick Young,2,6:41,CHA,shot,,,JaVale McGee,,,,,,,Emeka Okafor,,,,missed,,jump,31,6
Emeka Okafor,Gerald Wallace,Juwan Howard,Raja Bell,Raymond Felton,Andray Blatche,Antawn Jamison,JaVale McGee,Juan Dixon,Nick Young,2,6:39,WAS,rebound,,,,,,,,,,Nick Young,,,,,,def,,
Emeka Okafor,Gerald Wallace,Juwan Howard,Raja Bell,Raymond Felton,Andray Blatche,Antawn Jamison,JaVale McGee,Juan Dixon,Nick Young,2,6:32,CHA,foul,,,,,,,,Andray Blatche,,Juwan Howard,,,,,,personal,,
Boris Diaw,Emeka Okafor,Gerald Wallace,Raja Bell,Raymond Felton,Andray Blatche,Antawn Jamison,JaVale McGee,Juan Dixon,Nick Young,2,6:32,CHA,sub,,,,Boris Diaw,,Juwan Howard,,,,,,,,,,,,
Boris Diaw,Emeka Okafor,Gerald Wallace,Raja Bell,Raymond Felton,Andray Blatche,Antawn Jamison,JaVale McGee,Juan Dixon,Nick Young,2,6:21,WAS,shot,,,,,,,,,,Nick Young,2,,,made,,fade away jumper,7,7
Boris Diaw,Emeka Okafor,Gerald Wallace,Raja Bell,Raymond Felton,Andray Blatche,Antawn Jamison,JaVale McGee,Juan Dixon,Nick Young,2,6:13,CHA,shot,,,,,,,,,,Raja Bell,,,,missed,,3pt,2,8
Boris Diaw,Emeka Okafor,Gerald Wallace,Raja Bell,Raymond Felton,Andray Blatche,Antawn Jamison,JaVale McGee,Juan Dixon,Nick Young,2,6:13,WAS,rebound,,,,,,,,,,,,,,,,,,
Boris Diaw,Emeka Okafor,Gerald Wallace,Raja Bell,Raymond Felton,Andray Blatche,Antawn Jamison,JaVale McGee,Juan Dixon,Nick Young,2,6:02,WAS,shot,Andray Blatche,,,,,,,,,JaVale McGee,2,,,made,,layup,25,6
Boris Diaw,Emeka Okafor,Gerald Wallace,Raja Bell,Raymond Felton,Andray Blatche,Antawn Jamison,JaVale McGee,Juan Dixon,Nick Young,2,5:48,CHA,shot,,,,,,,,,,Raymond Felton,,,,missed,,jump,10,16
Boris Diaw,Emeka Okafor,Gerald Wallace,Raja Bell,Raymond Felton,Andray Blatche,Antawn Jamison,JaVale McGee,Juan Dixon,Nick Young,2,5:47,WAS,rebound,,,,,,,,,,Andray Blatche,,,,,,def,,
Boris Diaw,Emeka Okafor,Gerald Wallace,Raja Bell,Raymond Felton,Andray Blatche,Antawn Jamison,JaVale McGee,Juan Dixon,Nick Young,2,5:42,WAS,foul,,,,,,,,Raymond Felton,,Andray Blatche,,,,,,offensive,,
Boris Diaw,Emeka Okafor,Gerald Wallace,Raja Bell,Raymond Felton,Andray Blatche,Antawn Jamison,JaVale McGee,Juan Dixon,Nick Young,2,5:42,WAS,turnover,,,,,,,,,,Andray Blatche,,,foul,,,,,
Boris Diaw,Emeka Okafor,Gerald Wallace,Raja Bell,Raymond Felton,Andray Blatche,Antawn Jamison,JaVale McGee,Juan Dixon,Nick Young,2,5:42,WAS,timeout,,,,,,,,,,,,,,,,regular,,
Boris Diaw,Emeka Okafor,Gerald Wallace,Raja Bell,Raymond Felton,Andray Blatche,Antawn Jamison,JaVale McGee,Juan Dixon,Nick Young,2,5:20,CHA,shot,Raja Bell,,,,,,,,,Boris Diaw,3,,,made,,3pt,1,7
Boris Diaw,Emeka Okafor,Gerald Wallace,Raja Bell,Raymond Felton,Andray Blatche,Antawn Jamison,JaVale McGee,Juan Dixon,Nick Young,2,5:01,WAS,shot,,,,,,,,,,Juan Dixon,,,,missed,,jump,7,3
Boris Diaw,Emeka Okafor,Gerald Wallace,Raja Bell,Raymond Felton,Andray Blatche,Antawn Jamison,JaVale McGee,Juan Dixon,Nick Young,2,5:00,CHA,rebound,,,,,,,,,,Raymond Felton,,,,,,def,,
Boris Diaw,Emeka Okafor,Gerald Wallace,Raja Bell,Raymond Felton,Andray Blatche,Antawn Jamison,JaVale McGee,Juan Dixon,Nick Young,2,4:53,CHA,shot,,,,,,,,,,Raja Bell,,,,missed,,3pt,46,20
Boris Diaw,Emeka Okafor,Gerald Wallace,Raja Bell,Raymond Felton,Andray Blatche,Antawn Jamison,JaVale McGee,Juan Dixon,Nick Young,2,4:52,WAS,rebound,,,,,,,,,,JaVale McGee,,,,,,def,,
Boris Diaw,Emeka Okafor,Gerald Wallace,Raja Bell,Raymond Felton,Andray Blatche,Antawn Jamison,JaVale McGee,Juan Dixon,Nick Young,2,4:50,CHA,foul,,,,,,,,Andray Blatche,,Raja Bell,,,,,,personal,,
Boris Diaw,Emeka Okafor,Gerald Wallace,Raja Bell,Raymond Felton,Antawn Jamison,Caron Butler,JaVale McGee,Juan Dixon,Nick Young,2,4:50,WAS,sub,,,,Caron Butler,,Andray Blatche,,,,,,,,,,,,
Boris Diaw,Emeka Okafor,Gerald Wallace,Raja Bell,Raymond Felton,Antawn Jamison,Caron Butler,JaVale McGee,Juan Dixon,Nick Young,2,4:34,WAS,shot,Antawn Jamison,,,,,,,,,JaVale McGee,2,,,made,,reverse slam dunk,24,7
Boris Diaw,Emeka Okafor,Gerald Wallace,Raja Bell,Raymond Felton,Antawn Jamison,Caron Butler,JaVale McGee,Juan Dixon,Nick Young,2,4:14,CHA,shot,Raymond Felton,,,,,,,,,Raja Bell,3,,,made,,3pt,2,5
Boris Diaw,Emeka Okafor,Gerald Wallace,Raja Bell,Raymond Felton,Antawn Jamison,Caron Butler,JaVale McGee,Juan Dixon,Nick Young,2,3:53,WAS,turnover,,,,,,,,,,Juan Dixon,,,lost ball,,Raja Bell,,,
Boris Diaw,Emeka Okafor,Gerald Wallace,Raja Bell,Raymond Felton,Antawn Jamison,Caron Butler,JaVale McGee,Juan Dixon,Nick Young,2,3:48,CHA,shot,,,,,,,,,,Raja Bell,2,,,made,,driving layup,23,8
Boris Diaw,Emeka Okafor,Gerald Wallace,Raja Bell,Raymond Felton,Antawn Jamison,Caron Butler,JaVale McGee,Juan Dixon,Nick Young,2,3:21,WAS,turnover,,,,,,,,,,,,,shot clock turnover,,,,,
Boris Diaw,Emeka Okafor,Gerald Wallace,Raja Bell,Raymond Felton,Antawn Jamison,Caron Butler,JaVale McGee,Mike James,Nick Young,2,3:21,WAS,sub,,,,Mike James,,Juan Dixon,,,,,,,,,,,,
Boris Diaw,Emeka Okafor,Gerald Wallace,Raja Bell,Raymond Felton,Antawn Jamison,Caron Butler,JaVale McGee,Mike James,Nick Young,2,3:09,CHA,shot,,,,,,,,,,Raja Bell,,,,missed,,3pt,4,20
Boris Diaw,Emeka Okafor,Gerald Wallace,Raja Bell,Raymond Felton,Antawn Jamison,Caron Butler,JaVale McGee,Mike James,Nick Young,2,3:08,WAS,rebound,,,,,,,,,,Mike James,,,,,,def,,
Boris Diaw,Emeka Okafor,Gerald Wallace,Raja Bell,Raymond Felton,Antawn Jamison,Caron Butler,JaVale McGee,Mike James,Nick Young,2,2:53,WAS,shot,,,,,,,,,,Nick Young,,,,missed,,jump,23,28
Boris Diaw,Emeka Okafor,Gerald Wallace,Raja Bell,Raymond Felton,Antawn Jamison,Caron Butler,JaVale McGee,Mike James,Nick Young,2,2:52,CHA,rebound,,,,,,,,,,Gerald Wallace,,,,,,def,,
Boris Diaw,Emeka Okafor,Gerald Wallace,Raja Bell,Raymond Felton,Antawn Jamison,Caron Butler,JaVale McGee,Mike James,Nick Young,2,2:45,CHA,turnover,,,,,,,,,,Raymond Felton,,,lost ball,,JaVale McGee,,,
Boris Diaw,Emeka Okafor,Gerald Wallace,Raja Bell,Raymond Felton,Antawn Jamison,Caron Butler,JaVale McGee,Mike James,Nick Young,2,2:41,CHA,foul,,,,,,,,Antawn Jamison,,Boris Diaw,,,,,,shooting,,
Boris Diaw,Emeka Okafor,Gerald Wallace,Raja Bell,Raymond Felton,Antawn Jamison,Caron Butler,JaVale McGee,Mike James,Nick Young,2,2:41,CHA,timeout,,,,,,,,,,,,,,,,regular,,
Boris Diaw,Emeka Okafor,Gerald Wallace,Raja Bell,Raymond Felton,Antawn Jamison,Caron Butler,Darius Songaila,Mike James,Nick Young,2,2:41,WAS,sub,,,,Darius Songaila,,JaVale McGee,,,,,,,,,,,,
Boris Diaw,Emeka Okafor,Gerald Wallace,Raja Bell,Raymond Felton,Antawn Jamison,Caron Butler,Darius Songaila,Mike James,Nick Young,2,2:41,WAS,free throw,,,,,,,1,,2,Antawn Jamison,,,foul,missed,,,,
Boris Diaw,Emeka Okafor,Gerald Wallace,Raja Bell,Raymond Felton,Antawn Jamison,Caron Butler,Darius Songaila,Mike James,Nick Young,2,2:41,WAS,rebound,,,,,,,,,,,,,,,,,,
Boris Diaw,Emeka Okafor,Gerald Wallace,Raja Bell,Raymond Felton,Antawn Jamison,Caron Butler,Darius Songaila,Mike James,Nick Young,2,2:41,WAS,free throw,,,,,,,2,,2,Antawn Jamison,,,foul,missed,,,,
Boris Diaw,Emeka Okafor,Gerald Wallace,Raja Bell,Raymond Felton,Antawn Jamison,Caron Butler,Darius Songaila,Mike James,Nick Young,2,2:40,CHA,rebound,,,,,,,,,,Boris Diaw,,,,,,def,,
Boris Diaw,Emeka Okafor,Gerald Wallace,Raja Bell,Raymond Felton,Antawn Jamison,Caron Butler,Darius Songaila,Mike James,Nick Young,2,2:15,CHA,shot,,,,,,,,,,Raymond Felton,,,,missed,,3pt,10,28
Boris Diaw,Emeka Okafor,Gerald Wallace,Raja Bell,Raymond Felton,Antawn Jamison,Caron Butler,Darius Songaila,Mike James,Nick Young,2,2:15,WAS,rebound,,,,,,,,,,Antawn Jamison,,,,,,def,,
Boris Diaw,Emeka Okafor,Gerald Wallace,Raja Bell,Raymond Felton,Antawn Jamison,Caron Butler,Darius Songaila,Mike James,Nick Young,2,2:00,WAS,shot,,,,,,,,,,Caron Butler,2,,,made,,jump,43,9
Boris Diaw,Emeka Okafor,Gerald Wallace,Raja Bell,Raymond Felton,Antawn Jamison,Caron Butler,Darius Songaila,Mike James,Nick Young,2,1:40,CHA,shot,Emeka Okafor,,,,,,,,,Raja Bell,2,,,made,,jump,33,25
Boris Diaw,Emeka Okafor,Gerald Wallace,Raja Bell,Raymond Felton,Antawn Jamison,Caron Butler,Darius Songaila,Mike James,Nick Young,2,1:24,WAS,shot,,,,,,,,,,Antawn Jamison,,,,missed,,jump,42,13
Boris Diaw,Emeka Okafor,Gerald Wallace,Raja Bell,Raymond Felton,Antawn Jamison,Caron Butler,Darius Songaila,Mike James,Nick Young,2,1:23,CHA,rebound,,,,,,,,,,Gerald Wallace,,,,,,def,,
Boris Diaw,Emeka Okafor,Gerald Wallace,Raja Bell,Raymond Felton,Antawn Jamison,Caron Butler,Darius Songaila,Mike James,Nick Young,2,1:12,CHA,shot,,,,,,,,,,Boris Diaw,,,,missed,,jump,38,21
Boris Diaw,Emeka Okafor,Gerald Wallace,Raja Bell,Raymond Felton,Antawn Jamison,Caron Butler,Darius Songaila,Mike James,Nick Young,2,1:11,CHA,rebound,,,,,,,,,,Gerald Wallace,,,,,,off,,
Boris Diaw,Emeka Okafor,Gerald Wallace,Raja Bell,Raymond Felton,Antawn Jamison,Caron Butler,Darius Songaila,Mike James,Nick Young,2,1:07,CHA,shot,,,,,,,,,,Raja Bell,,,,missed,,jump,24,13
Boris Diaw,Emeka Okafor,Gerald Wallace,Raja Bell,Raymond Felton,Antawn Jamison,Caron Butler,Darius Songaila,Mike James,Nick Young,2,1:06,CHA,rebound,,,,,,,,,,Gerald Wallace,,,,,,off,,
Boris Diaw,Emeka Okafor,Gerald Wallace,Raja Bell,Raymond Felton,Antawn Jamison,Caron Butler,Darius Songaila,Mike James,Nick Young,2,1:06,WAS,foul,,,,,,,,Gerald Wallace,,Darius Songaila,,,,,,loose ball,,
Boris Diaw,Emeka Okafor,Gerald Wallace,Raja Bell,Raymond Felton,Caron Butler,Darius Songaila,Dominic McGuire,Mike James,Nick Young,2,1:06,WAS,sub,,,,Dominic McGuire,,Antawn Jamison,,,,,,,,,,,,
Boris Diaw,Emeka Okafor,Gerald Wallace,Raymond Felton,Sean Singletary,Caron Butler,Darius Songaila,Dominic McGuire,Mike James,Nick Young,2,1:06,CHA,sub,,,,Sean Singletary,,Raja Bell,,,,,,,,,,,,
Emeka Okafor,Gerald Wallace,Juwan Howard,Raymond Felton,Sean Singletary,Caron Butler,Darius Songaila,Dominic McGuire,Mike James,Nick Young,2,1:06,CHA,sub,,,,Juwan Howard,,Boris Diaw,,,,,,,,,,,,
Emeka Okafor,Gerald Wallace,Juwan Howard,Raymond Felton,Sean Singletary,Caron Butler,Dominic McGuire,JaVale McGee,Mike James,Nick Young,2,1:06,WAS,sub,,,,JaVale McGee,,Darius Songaila,,,,,,,,,,,,
Emeka Okafor,Gerald Wallace,Juwan Howard,Raymond Felton,Sean Singletary,Caron Butler,Dominic McGuire,JaVale McGee,Mike James,Nick Young,2,0:57,CHA,shot,,,,,,,,,,Juwan Howard,,,,missed,,jump,40,2
Emeka Okafor,Gerald Wallace,Juwan Howard,Raymond Felton,Sean Singletary,Caron Butler,Dominic McGuire,JaVale McGee,Mike James,Nick Young,2,0:55,WAS,rebound,,,,,,,,,,,,,,,,,,
Emeka Okafor,Gerald Wallace,Juwan Howard,Raymond Felton,Sean Singletary,Caron Butler,Dominic McGuire,JaVale McGee,Mike James,Nick Young,2,0:38,WAS,shot,,,,,,,,,,Caron Butler,,,,missed,,3pt,1,14
Emeka Okafor,Gerald Wallace,Juwan Howard,Raymond Felton,Sean Singletary,Caron Butler,Dominic McGuire,JaVale McGee,Mike James,Nick Young,2,0:37,CHA,rebound,,,,,,,,,,Emeka Okafor,,,,,,def,,
Emeka Okafor,Gerald Wallace,Juwan Howard,Raymond Felton,Sean Singletary,Caron Butler,Dominic McGuire,JaVale McGee,Mike James,Nick Young,2,0:29,CHA,shot,,,,,,,,,,Raymond Felton,,,,missed,,jump,24,28
Emeka Okafor,Gerald Wallace,Juwan Howard,Raymond Felton,Sean Singletary,Caron Butler,Dominic McGuire,JaVale McGee,Mike James,Nick Young,2,0:28,WAS,rebound,,,,,,,,,,Caron Butler,,,,,,def,,
Emeka Okafor,Gerald Wallace,Juwan Howard,Raymond Felton,Sean Singletary,Caron Butler,Dominic McGuire,JaVale McGee,Mike James,Nick Young,2,0:24,WAS,timeout,,,,,,,,,,,,,,,,short,,
Emeka Okafor,Gerald Wallace,Juwan Howard,Raymond Felton,Sean Singletary,Caron Butler,Dominic McGuire,JaVale McGee,Mike James,Nick Young,2,0:22,WAS,turnover,,,,,,,,,,Caron Butler,,,step out of bounds turnover,,,,,
Boris Diaw,Gerald Wallace,Juwan Howard,Raymond Felton,Sean Singletary,Caron Butler,Dominic McGuire,JaVale McGee,Mike James,Nick Young,2,0:22,CHA,sub,,,,Boris Diaw,,Emeka Okafor,,,,,,,,,,,,
Boris Diaw,Gerald Wallace,Juwan Howard,Raja Bell,Raymond Felton,Caron Butler,Dominic McGuire,JaVale McGee,Mike James,Nick Young,2,0:22,CHA,sub,,,,Raja Bell,,Sean Singletary,,,,,,,,,,,,
Adam Morrison,Boris Diaw,Juwan Howard,Raja Bell,Raymond Felton,Caron Butler,Dominic McGuire,JaVale McGee,Mike James,Nick Young,2,0:22,CHA,sub,,,,Adam Morrison,,Gerald Wallace,,,,,,,,,,,,
Adam Morrison,Boris Diaw,Juwan Howard,Raja Bell,Raymond Felton,Caron Butler,Dominic McGuire,JaVale McGee,Mike James,Nick Young,2,0:07,CHA,shot,Raymond Felton,,,,,,,,,Raja Bell,3,,,made,,3pt,48,4
Adam Morrison,Boris Diaw,Juwan Howard,Raja Bell,Raymond Felton,Caron Butler,Dominic McGuire,JaVale McGee,Mike James,Nick Young,2,0:00,WAS,shot,,,,,,,,,,Caron Butler,,,,missed,,jump,15,21
Adam Morrison,Boris Diaw,Juwan Howard,Raja Bell,Raymond Felton,Caron Butler,Dominic McGuire,JaVale McGee,Mike James,Nick Young,2,0:00,CHA,rebound,,,,,,,,,,Juwan Howard,,,,,,def,,
Boris Diaw,Emeka Okafor,Gerald Wallace,Raja Bell,Raymond Felton,Andray Blatche,Antawn Jamison,Caron Butler,Dominic McGuire,Mike James,3,11:45,CHA,shot,,,,,,,,,,Raja Bell,,,,missed,,jump,13,22
Boris Diaw,Emeka Okafor,Gerald Wallace,Raja Bell,Raymond Felton,Andray Blatche,Antawn Jamison,Caron Butler,Dominic McGuire,Mike James,3,11:43,CHA,rebound,,,,,,,,,,Emeka Okafor,,,,,,off,,
Boris Diaw,Emeka Okafor,Gerald Wallace,Raja Bell,Raymond Felton,Andray Blatche,Antawn Jamison,Caron Butler,Dominic McGuire,Mike James,3,11:43,CHA,foul,,,,,,,,Andray Blatche,,Emeka Okafor,,,,,,offensive,,
Boris Diaw,Emeka Okafor,Gerald Wallace,Raja Bell,Raymond Felton,Andray Blatche,Antawn Jamison,Caron Butler,Dominic McGuire,Mike James,3,11:43,CHA,turnover,,,,,,,,,,Emeka Okafor,,,foul,,,,,
Boris Diaw,Emeka Okafor,Gerald Wallace,Raja Bell,Raymond Felton,Andray Blatche,Antawn Jamison,Caron Butler,Dominic McGuire,Mike James,3,11:31,WAS,shot,,,,,,,,,,Andray Blatche,2,,,made,,jump,16,24
Boris Diaw,Emeka Okafor,Gerald Wallace,Raja Bell,Raymond Felton,Andray Blatche,Antawn Jamison,Caron Butler,Dominic McGuire,Mike James,3,11:19,WAS,foul,,,,,,,,Boris Diaw,,Andray Blatche,,,,,,personal,,
Boris Diaw,Emeka Okafor,Gerald Wallace,Raja Bell,Raymond Felton,Andray Blatche,Antawn Jamison,Caron Butler,Dominic McGuire,Mike James,3,11:14,CHA,turnover,,,,,,,,,,Raymond Felton,,,bad pass,,,,,
Boris Diaw,Emeka Okafor,Gerald Wallace,Raja Bell,Raymond Felton,Andray Blatche,Antawn Jamison,Caron Butler,Dominic McGuire,Mike James,3,10:52,WAS,shot,Mike James,,,,,,,,,Dominic McGuire,2,,,made,,jump,6,12
Boris Diaw,Emeka Okafor,Gerald Wallace,Raja Bell,Raymond Felton,Andray Blatche,Antawn Jamison,Caron Butler,Dominic McGuire,Mike James,3,10:37,CHA,shot,,,,,,,,,,Emeka Okafor,,,,missed,,jump,36,14
Boris Diaw,Emeka Okafor,Gerald Wallace,Raja Bell,Raymond Felton,Andray Blatche,Antawn Jamison,Caron Butler,Dominic McGuire,Mike James,3,10:36,WAS,rebound,,,,,,,,,,Andray Blatche,,,,,,def,,
Boris Diaw,Emeka Okafor,Gerald Wallace,Raja Bell,Raymond Felton,Andray Blatche,Antawn Jamison,Caron Butler,Dominic McGuire,Mike James,3,10:26,WAS,turnover,,,,,,,,,,Andray Blatche,,,bad pass,,Raymond Felton,,,
Boris Diaw,Emeka Okafor,Gerald Wallace,Raja Bell,Raymond Felton,Andray Blatche,Antawn Jamison,Caron Butler,Dominic McGuire,Mike James,3,10:21,CHA,shot,Raymond Felton,,,,,,,,,Emeka Okafor,2,,,made,,layup,25,5
Boris Diaw,Emeka Okafor,Gerald Wallace,Raja Bell,Raymond Felton,Andray Blatche,Antawn Jamison,Caron Butler,Dominic McGuire,Mike James,3,10:17,CHA,foul,,,,,,,,Mike James,,Gerald Wallace,,,,,,personal,,
Boris Diaw,Emeka Okafor,Gerald Wallace,Raja Bell,Raymond Felton,Andray Blatche,Antawn Jamison,Caron Butler,Dominic McGuire,Mike James,3,10:17,CHA,timeout,,,,,,,,,,,,,,,,regular,,
Boris Diaw,Emeka Okafor,Gerald Wallace,Raja Bell,Sean Singletary,Andray Blatche,Antawn Jamison,Caron Butler,Dominic McGuire,Mike James,3,10:17,CHA,sub,,,,Sean Singletary,,Raymond Felton,,,,,,,,,,,,
Boris Diaw,Emeka Okafor,Gerald Wallace,Raja Bell,Sean Singletary,Andray Blatche,Antawn Jamison,Caron Butler,Dominic McGuire,Mike James,3,10:01,WAS,shot,,,Boris Diaw,,,,,,,Antawn Jamison,,,,missed,,jump,39,8
Boris Diaw,Emeka Okafor,Gerald Wallace,Raja Bell,Sean Singletary,Andray Blatche,Antawn Jamison,Caron Butler,Dominic McGuire,Mike James,3,9:59,CHA,rebound,,,,,,,,,,Boris Diaw,,,,,,def,,
Boris Diaw,Emeka Okafor,Gerald Wallace,Raja Bell,Sean Singletary,Andray Blatche,Antawn Jamison,Caron Butler,Dominic McGuire,Mike James,3,9:42,CHA,shot,,,,,,,,,,Sean Singletary,,,,missed,,jump,6,2
Boris Diaw,Emeka Okafor,Gerald Wallace,Raja Bell,Sean Singletary,Andray Blatche,Antawn Jamison,Caron Butler,Dominic McGuire,Mike James,3,9:41,WAS,rebound,,,,,,,,,,Andray Blatche,,,,,,def,,
Boris Diaw,Emeka Okafor,Gerald Wallace,Raja Bell,Sean Singletary,Andray Blatche,Antawn Jamison,Caron Butler,Dominic McGuire,Mike James,3,9:24,WAS,shot,Antawn Jamison,,,,,,,,,Andray Blatche,2,,,made,,driving layup,25,5
Boris Diaw,Emeka Okafor,Gerald Wallace,Raja Bell,Sean Singletary,Andray Blatche,Antawn Jamison,Caron Butler,Dominic McGuire,Mike James,3,9:17,CHA,turnover,,,,,,,,,,Sean Singletary,,,bad pass,,,,,
Boris Diaw,Emeka Okafor,Gerald Wallace,Raja Bell,Sean Singletary,Andray Blatche,Antawn Jamison,Caron Butler,Dominic McGuire,Mike James,3,8:55,WAS,shot,,,,,,,,,,Caron Butler,,,,missed,,jump,6,4
Boris Diaw,Emeka Okafor,Gerald Wallace,Raja Bell,Sean Singletary,Andray Blatche,Antawn Jamison,Caron Butler,Dominic McGuire,Mike James,3,8:54,CHA,rebound,,,,,,,,,,Sean Singletary,,,,,,def,,
Boris Diaw,Emeka Okafor,Gerald Wallace,Raja Bell,Sean Singletary,Andray Blatche,Antawn Jamison,Caron Butler,Dominic McGuire,Mike James,3,8:43,WAS,foul,,,,,,,,Emeka Okafor,,Antawn Jamison,,,,,,shooting,,
Adam Morrison,Boris Diaw,Emeka Okafor,Raja Bell,Sean Singletary,Andray Blatche,Antawn Jamison,Caron Butler,Dominic McGuire,Mike James,3,8:43,CHA,sub,,,,Adam Morrison,,Gerald Wallace,,,,,,,,,,,,
Adam Morrison,Boris Diaw,Emeka Okafor,Raja Bell,Sean Singletary,Andray Blatche,Antawn Jamison,Caron Butler,Dominic McGuire,Mike James,3,8:43,CHA,free throw,,,,,,,1,,2,Emeka Okafor,,,foul,missed,,,,
Adam Morrison,Boris Diaw,Emeka Okafor,Raja Bell,Sean Singletary,Andray Blatche,Antawn Jamison,Caron Butler,Dominic McGuire,Mike James,3,8:43,CHA,rebound,,,,,,,,,,,,,,,,,,
Adam Morrison,Boris Diaw,Emeka Okafor,Raja Bell,Sean Singletary,Andray Blatche,Antawn Jamison,Caron Butler,Dominic McGuire,Mike James,3,8:43,CHA,free throw,,,,,,,2,,2,Emeka Okafor,,,foul,made,,,,
Adam Morrison,Boris Diaw,Emeka Okafor,Raja Bell,Sean Singletary,Andray Blatche,Antawn Jamison,Caron Butler,Dominic McGuire,Mike James,3,8:28,CHA,foul,,,,,,,,Dominic McGuire,,Adam Morrison,,,,,,personal,,
Adam Morrison,Boris Diaw,Emeka Okafor,Raja Bell,Sean Singletary,Andray Blatche,Antawn Jamison,Caron Butler,Dominic McGuire,Mike James,3,8:20,WAS,turnover,,,,,,,,,,Caron Butler,,,bad pass,,Adam Morrison,,,
Adam Morrison,Boris Diaw,Emeka Okafor,Raja Bell,Sean Singletary,Andray Blatche,Antawn Jamison,Caron Butler,Dominic McGuire,Mike James,3,8:16,CHA,shot,,,Dominic McGuire,,,,,,,Sean Singletary,,,,missed,,jump,19,6
Adam Morrison,Boris Diaw,Emeka Okafor,Raja Bell,Sean Singletary,Andray Blatche,Antawn Jamison,Caron Butler,Dominic McGuire,Mike James,3,8:14,WAS,rebound,,,,,,,,,,Mike James,,,,,,def,,
Adam Morrison,Boris Diaw,Emeka Okafor,Raja Bell,Sean Singletary,Andray Blatche,Antawn Jamison,Caron Butler,Dominic McGuire,Mike James,3,8:13,CHA,foul,,,,,,,,Caron Butler,,Boris Diaw,,,,,,shooting,,
Adam Morrison,Boris Diaw,Emeka Okafor,Raja Bell,Sean Singletary,Andray Blatche,Antawn Jamison,Caron Butler,Dominic McGuire,Mike James,3,8:13,WAS,free throw,,,,,,,1,,2,Caron Butler,,,foul,made,,,,
Adam Morrison,Boris Diaw,Emeka Okafor,Raja Bell,Sean Singletary,Andray Blatche,Antawn Jamison,Caron Butler,Dominic McGuire,Mike James,3,8:13,WAS,free throw,,,,,,,2,,2,Caron Butler,,,foul,made,,,,
Adam Morrison,Boris Diaw,Emeka Okafor,Raja Bell,Sean Singletary,Andray Blatche,Antawn Jamison,Caron Butler,Dominic McGuire,Mike James,3,8:04,CHA,shot,Sean Singletary,,,,,,,,,Raja Bell,2,,,made,,jump,41,14
Adam Morrison,Boris Diaw,Emeka Okafor,Raja Bell,Sean Singletary,Andray Blatche,Antawn Jamison,Caron Butler,Dominic McGuire,Mike James,3,7:41,WAS,shot,Dominic McGuire,,,,,,,,,Caron Butler,2,,,made,,running jump,34,15
Adam Morrison,Boris Diaw,Emeka Okafor,Raja Bell,Sean Singletary,Andray Blatche,Antawn Jamison,Caron Butler,Dominic McGuire,Mike James,3,7:27,CHA,shot,,,,,,,,,,Adam Morrison,,,,missed,,jump,8,16
Adam Morrison,Boris Diaw,Emeka Okafor,Raja Bell,Sean Singletary,Andray Blatche,Antawn Jamison,Caron Butler,Dominic McGuire,Mike James,3,7:25,CHA,rebound,,,,,,,,,,Emeka Okafor,,,,,,off,,
Adam Morrison,Boris Diaw,Emeka Okafor,Raja Bell,Sean Singletary,Andray Blatche,Antawn Jamison,Caron Butler,Dominic McGuire,Mike James,3,7:22,CHA,shot,,,,,,,,,,Emeka Okafor,2,,,made,,putback layup,25,7
Adam Morrison,Boris Diaw,Emeka Okafor,Raja Bell,Sean Singletary,Andray Blatche,Antawn Jamison,Caron Butler,Dominic McGuire,Mike James,3,7:13,WAS,shot,,,,,,,,,,Mike James,,,,missed,,jump,21,5
Adam Morrison,Boris Diaw,Emeka Okafor,Raja Bell,Sean Singletary,Andray Blatche,Antawn Jamison,Caron Butler,Dominic McGuire,Mike James,3,7:12,WAS,rebound,,,,,,,,,,Andray Blatche,,,,,,off,,
Adam Morrison,Boris Diaw,Emeka Okafor,Raja Bell,Sean Singletary,Andray Blatche,Antawn Jamison,Caron Butler,Dominic McGuire,Mike James,3,7:09,WAS,shot,,,,,,,,,,Andray Blatche,2,,,made,,putback layup,24,6
Adam Morrison,Boris Diaw,Emeka Okafor,Raja Bell,Sean Singletary,Andray Blatche,Antawn Jamison,Caron Butler,Dominic McGuire,Mike James,3,6:57,WAS,foul,,,,,,,,Raja Bell,,Dominic McGuire,,,,,,personal,,
Adam Morrison,Boris Diaw,Emeka Okafor,Raja Bell,Sean Singletary,Andray Blatche,Antawn Jamison,Caron Butler,Dominic McGuire,Mike James,3,6:44,CHA,shot,Boris Diaw,,,,,,,,,Adam Morrison,3,,,made,,3pt,45,22
Adam Morrison,Boris Diaw,Emeka Okafor,Raja Bell,Sean Singletary,Andray Blatche,Antawn Jamison,Caron Butler,Dominic McGuire,Mike James,3,6:20,CHA,foul,,,,,,,,Mike James,,Boris Diaw,,,,,,shooting,,
Adam Morrison,Boris Diaw,Emeka Okafor,Raja Bell,Sean Singletary,Andray Blatche,Antawn Jamison,Caron Butler,Dominic McGuire,Mike James,3,6:20,WAS,free throw,,,,,,,1,,2,Mike James,,,foul,made,,,,
Adam Morrison,Emeka Okafor,Juwan Howard,Raja Bell,Sean Singletary,Andray Blatche,Antawn Jamison,Caron Butler,Dominic McGuire,Mike James,3,6:20,CHA,sub,,,,Juwan Howard,,Boris Diaw,,,,,,,,,,,,
Adam Morrison,Emeka Okafor,Juwan Howard,Raja Bell,Sean Singletary,Andray Blatche,Antawn Jamison,Caron Butler,Dominic McGuire,Mike James,3,6:20,WAS,free throw,,,,,,,2,,2,Mike James,,,foul,made,,,,
Adam Morrison,Emeka Okafor,Juwan Howard,Raja Bell,Sean Singletary,Andray Blatche,Antawn Jamison,Caron Butler,Dominic McGuire,Mike James,3,6:07,CHA,shot,,,,,,,,,,Juwan Howard,,,,missed,,jump,6,2
Adam Morrison,Emeka Okafor,Juwan Howard,Raja Bell,Sean Singletary,Andray Blatche,Antawn Jamison,Caron Butler,Dominic McGuire,Mike James,3,6:06,WAS,rebound,,,,,,,,,,Antawn Jamison,,,,,,def,,
Adam Morrison,Emeka Okafor,Juwan Howard,Raja Bell,Sean Singletary,Andray Blatche,Antawn Jamison,Caron Butler,Dominic McGuire,Mike James,3,5:48,CHA,foul,,,,,,,,Antawn Jamison,,Sean Singletary,,,,,,personal,,
Adam Morrison,Emeka Okafor,Juwan Howard,Raja Bell,Sean Singletary,Andray Blatche,Antawn Jamison,Caron Butler,Dominic McGuire,Mike James,3,5:48,WAS,free throw,,,,,,,1,,2,Antawn Jamison,,,foul,made,,,,
Adam Morrison,Emeka Okafor,Juwan Howard,Raja Bell,Sean Singletary,Andray Blatche,Antawn Jamison,Caron Butler,Dominic McGuire,Mike James,3,5:48,WAS,free throw,,,,,,,2,,2,Antawn Jamison,,,foul,made,,,,
Adam Morrison,Emeka Okafor,Juwan Howard,Raja Bell,Sean Singletary,Andray Blatche,Antawn Jamison,Caron Butler,Dominic McGuire,Mike James,3,5:36,CHA,turnover,,,,,,,,,,Sean Singletary,,,traveling,,,,,
Adam Morrison,Emeka Okafor,Juwan Howard,Raja Bell,Sean Singletary,Andray Blatche,Caron Butler,Darius Songaila,Dominic McGuire,Mike James,3,5:36,WAS,sub,,,,Darius Songaila,,Antawn Jamison,,,,,,,,,,,,
Adam Morrison,Emeka Okafor,Juwan Howard,Raja Bell,Sean Singletary,Andray Blatche,Caron Butler,Darius Songaila,Dominic McGuire,Mike James,3,5:22,WAS,shot,Andray Blatche,,,,,,,,,Darius Songaila,2,,,made,,layup,23,7
Adam Morrison,Emeka Okafor,Juwan Howard,Raja Bell,Sean Singletary,Andray Blatche,Caron Butler,Darius Songaila,Dominic McGuire,Mike James,3,5:05,CHA,shot,,,,,,,,,,Raja Bell,,,,missed,,3pt,49,5
Adam Morrison,Emeka Okafor,Juwan Howard,Raja Bell,Sean Singletary,Andray Blatche,Caron Butler,Darius Songaila,Dominic McGuire,Mike James,3,5:04,WAS,rebound,,,,,,,,,,Dominic McGuire,,,,,,def,,
Adam Morrison,Emeka Okafor,Juwan Howard,Raja Bell,Sean Singletary,Andray Blatche,Caron Butler,Darius Songaila,Dominic McGuire,Mike James,3,4:42,WAS,shot,,,,,,,,,,Caron Butler,,,,missed,,layup,23,5
Adam Morrison,Emeka Okafor,Juwan Howard,Raja Bell,Sean Singletary,Andray Blatche,Caron Butler,Darius Songaila,Dominic McGuire,Mike James,3,4:41,WAS,rebound,,,,,,,,,,Darius Songaila,,,,,,off,,
Adam Morrison,Emeka Okafor,Juwan Howard,Raja Bell,Sean Singletary,Andray Blatche,Caron Butler,Darius Songaila,Dominic McGuire,Mike James,3,4:38,CHA,foul,,,,,,,,Caron Butler,,Emeka Okafor,,,,,,shooting,,
Adam Morrison,Emeka Okafor,Juwan Howard,Raja Bell,Sean Singletary,Andray Blatche,Caron Butler,Darius Songaila,Dominic McGuire,Mike James,3,4:38,WAS,free throw,,,,,,,1,,2,Caron Butler,,,foul,missed,,,,
Adam Morrison,Emeka Okafor,Juwan Howard,Raja Bell,Sean Singletary,Andray Blatche,Caron Butler,Darius Songaila,Dominic McGuire,Mike James,3,4:38,WAS,rebound,,,,,,,,,,,,,,,,,,
Adam Morrison,Emeka Okafor,Juwan Howard,Raja Bell,Sean Singletary,Caron Butler,Darius Songaila,Dominic McGuire,JaVale McGee,Mike James,3,4:38,WAS,sub,,,,JaVale McGee,,Andray Blatche,,,,,,,,,,,,
Adam Morrison,Emeka Okafor,Juwan Howard,Raja Bell,Sean Singletary,Caron Butler,Darius Songaila,Dominic McGuire,JaVale McGee,Mike James,3,4:38,WAS,free throw,,,,,,,2,,2,Caron Butler,,,foul,made,,,,
Adam Morrison,Emeka Okafor,Juwan Howard,Raja Bell,Sean Singletary,Caron Butler,Darius Songaila,Dominic McGuire,JaVale McGee,Mike James,3,4:16,WAS,foul,,,,,,,,Adam Morrison,,Dominic McGuire,,,,,,shooting,,
Adam Morrison,Emeka Okafor,Juwan Howard,Raja Bell,Sean Singletary,Caron Butler,Darius Songaila,Dominic McGuire,JaVale McGee,Mike James,3,4:16,CHA,free throw,,,,,,,1,,2,Adam Morrison,,,foul,made,,,,
Adam Morrison,Emeka Okafor,Juwan Howard,Raja Bell,Raymond Felton,Caron Butler,Darius Songaila,Dominic McGuire,JaVale McGee,Mike James,3,4:16,CHA,sub,,,,Raymond Felton,,Sean Singletary,,,,,,,,,,,,
Adam Morrison,Emeka Okafor,Juwan Howard,Raja Bell,Raymond Felton,Caron Butler,Darius Songaila,Dominic McGuire,JaVale McGee,Mike James,3,4:16,CHA,free throw,,,,,,,2,,2,Adam Morrison,,,foul,made,,,,
Adam Morrison,Emeka Okafor,Juwan Howard,Raja Bell,Raymond Felton,Caron Butler,Darius Songaila,Dominic McGuire,JaVale McGee,Mike James,3,3:56,WAS,shot,,,,,,,,,,Dominic McGuire,,,,missed,,jump,11,20
Adam Morrison,Emeka Okafor,Juwan Howard,Raja Bell,Raymond Felton,Caron Butler,Darius Songaila,Dominic McGuire,JaVale McGee,Mike James,3,3:54,CHA,rebound,,,,,,,,,,Adam Morrison,,,,,,def,,
Adam Morrison,Emeka Okafor,Juwan Howard,Raja Bell,Raymond Felton,Caron Butler,Darius Songaila,Dominic McGuire,JaVale McGee,Mike James,3,3:47,CHA,shot,Raja Bell,,,,,,,,,Juwan Howard,2,,,made,,layup,25,8
Adam Morrison,Emeka Okafor,Juwan Howard,Raja Bell,Raymond Felton,Caron Butler,Darius Songaila,Dominic McGuire,JaVale McGee,Mike James,3,3:30,WAS,shot,,,,,,,,,,Mike James,,,,missed,,jump,26,13
Adam Morrison,Emeka Okafor,Juwan Howard,Raja Bell,Raymond Felton,Caron Butler,Darius Songaila,Dominic McGuire,JaVale McGee,Mike James,3,3:29,CHA,rebound,,,,,,,,,,Adam Morrison,,,,,,def,,
Adam Morrison,Emeka Okafor,Juwan Howard,Raja Bell,Raymond Felton,Caron Butler,Darius Songaila,Dominic McGuire,JaVale McGee,Mike James,3,3:25,WAS,foul,,,,,,,,Raja Bell,,Darius Songaila,,,,,,shooting,,
Adam Morrison,Juwan Howard,Nazr Mohammed,Raja Bell,Raymond Felton,Caron Butler,Darius Songaila,Dominic McGuire,JaVale McGee,Mike James,3,3:25,CHA,sub,,,,Nazr Mohammed,,Emeka Okafor,,,,,,,,,,,,
Adam Morrison,Juwan Howard,Nazr Mohammed,Raja Bell,Raymond Felton,Caron Butler,Darius Songaila,Dominic McGuire,JaVale McGee,Mike James,3,3:25,CHA,free throw,,,,,,,1,,2,Raja Bell,,,foul,made,,,,
Adam Morrison,Juwan Howard,Nazr Mohammed,Raja Bell,Raymond Felton,Caron Butler,Darius Songaila,JaVale McGee,Mike James,Nick Young,3,3:25,WAS,sub,,,,Nick Young,,Dominic McGuire,,,,,,,,,,,,
Adam Morrison,Juwan Howard,Nazr Mohammed,Raja Bell,Raymond Felton,Caron Butler,Darius Songaila,JaVale McGee,Mike James,Nick Young,3,3:25,CHA,free throw,,,,,,,2,,2,Raja Bell,,,foul,made,,,,
Adam Morrison,Juwan Howard,Nazr Mohammed,Raja Bell,Raymond Felton,Caron Butler,Darius Songaila,JaVale McGee,Mike James,Nick Young,3,3:12,WAS,turnover,,,,,,,,,,Nick Young,,,discontinue dribble,,,,,
Adam Morrison,Juwan Howard,Nazr Mohammed,Raymond Felton,Shannon Brown,Caron Butler,Darius Songaila,JaVale McGee,Mike James,Nick Young,3,3:12,CHA,sub,,,,Shannon Brown,,Raja Bell,,,,,,,,,,,,
Adam Morrison,Juwan Howard,Nazr Mohammed,Raymond Felton,Shannon Brown,Caron Butler,Darius Songaila,JaVale McGee,Mike James,Nick Young,3,3:12,WAS,timeout,,,,,,,,,,,,,,,,regular,,
Adam Morrison,Juwan Howard,Nazr Mohammed,Raymond Felton,Shannon Brown,Caron Butler,Darius Songaila,JaVale McGee,Mike James,Nick Young,3,2:55,CHA,turnover,,,,,,,,,,Raymond Felton,,,lost ball,,Caron Butler,,,
Adam Morrison,Juwan Howard,Nazr Mohammed,Raymond Felton,Shannon Brown,Caron Butler,Darius Songaila,JaVale McGee,Mike James,Nick Young,3,2:53,CHA,foul,,,,,,,,Caron Butler,,Shannon Brown,,,,,,shooting,,
Adam Morrison,Juwan Howard,Nazr Mohammed,Raymond Felton,Shannon Brown,Caron Butler,Darius Songaila,JaVale McGee,Mike James,Nick Young,3,2:53,WAS,free throw,,,,,,,1,,2,Caron Butler,,,foul,made,,,,
Adam Morrison,Juwan Howard,Nazr Mohammed,Raymond Felton,Shannon Brown,Caron Butler,Darius Songaila,JaVale McGee,Javaris Crittenton,Nick Young,3,2:53,WAS,sub,,,,Javaris Crittenton,,Mike James,,,,,,,,,,,,
Adam Morrison,Juwan Howard,Nazr Mohammed,Raymond Felton,Shannon Brown,Caron Butler,Darius Songaila,JaVale McGee,Javaris Crittenton,Nick Young,3,2:53,WAS,free throw,,,,,,,2,,2,Caron Butler,,,foul,made,,,,
Adam Morrison,Juwan Howard,Nazr Mohammed,Raymond Felton,Shannon Brown,Caron Butler,Darius Songaila,JaVale McGee,Javaris Crittenton,Nick Young,3,2:30,CHA,shot,Juwan Howard,,,,,,,,,Adam Morrison,2,,,made,,jump,43,2
Adam Morrison,Juwan Howard,Nazr Mohammed,Raymond Felton,Shannon Brown,Caron Butler,Darius Songaila,JaVale McGee,Javaris Crittenton,Nick Young,3,2:12,WAS,turnover,,,,,,,,,,Caron Butler,,,poss lost ball turnover,,,,,
Adam Morrison,Juwan Howard,Nazr Mohammed,Raymond Felton,Shannon Brown,Darius Songaila,Dominic McGuire,JaVale McGee,Javaris Crittenton,Nick Young,3,2:12,WAS,sub,,,,Dominic McGuire,,Caron Butler,,,,,,,,,,,,
Adam Morrison,Juwan Howard,Nazr Mohammed,Raymond Felton,Shannon Brown,Darius Songaila,Dominic McGuire,JaVale McGee,Javaris Crittenton,Nick Young,3,1:48,CHA,shot,,,,,,,,,,Shannon Brown,2,,,made,,jump,28,22
Adam Morrison,Juwan Howard,Nazr Mohammed,Raymond Felton,Shannon Brown,Darius Songaila,Dominic McGuire,JaVale McGee,Javaris Crittenton,Nick Young,3,1:25,WAS,turnover,,,,,,,,,,Darius Songaila,,,poss lost ball turnover,,,,,
Adam Morrison,Juwan Howard,Nazr Mohammed,Raymond Felton,Shannon Brown,Darius Songaila,Dominic McGuire,JaVale McGee,Javaris Crittenton,Nick Young,3,1:04,CHA,shot,Raymond Felton,,,,,,,,,Shannon Brown,2,,,made,,jump,43,13
Adam Morrison,Juwan Howard,Nazr Mohammed,Raymond Felton,Shannon Brown,Darius Songaila,Dominic McGuire,JaVale McGee,Javaris Crittenton,Nick Young,3,0:34,WAS,shot,,,,,,,,,,Nick Young,,,,missed,,jump,44,6
Adam Morrison,Juwan Howard,Nazr Mohammed,Raymond Felton,Shannon Brown,Darius Songaila,Dominic McGuire,JaVale McGee,Javaris Crittenton,Nick Young,3,0:33,CHA,rebound,,,,,,,,,,Juwan Howard,,,,,,def,,
Adam Morrison,Juwan Howard,Nazr Mohammed,Raymond Felton,Shannon Brown,Darius Songaila,Dominic McGuire,JaVale McGee,Javaris Crittenton,Nick Young,3,0:12,CHA,shot,Raymond Felton,,,,,,,,,Juwan Howard,2,,,made,,jump,25,22
Adam Morrison,Juwan Howard,Nazr Mohammed,Raymond Felton,Shannon Brown,Darius Songaila,Dominic McGuire,JaVale McGee,Javaris Crittenton,Nick Young,3,0:01,WAS,shot,,,,,,,,,,Dominic McGuire,,,,missed,,jump,44,3
Adam Morrison,Juwan Howard,Nazr Mohammed,Raymond Felton,Shannon Brown,Darius Songaila,Dominic McGuire,JaVale McGee,Javaris Crittenton,Nick Young,3,0:00,WAS,rebound,,,,,,,,,,,,,,,,,,
Adam Morrison,Juwan Howard,Nazr Mohammed,Raymond Felton,Shannon Brown,Andray Blatche,Antawn Jamison,Dominic McGuire,Javaris Crittenton,Nick Young,4,11:43,WAS,shot,,,,,,,,,,Antawn Jamison,,,,missed,,3pt,47,17
Adam Morrison,Juwan Howard,Nazr Mohammed,Raymond Felton,Shannon Brown,Andray Blatche,Antawn Jamison,Dominic McGuire,Javaris Crittenton,Nick Young,4,11:43,CHA,rebound,,,,,,,,,,,,,,,,,,
Adam Morrison,Juwan Howard,Nazr Mohammed,Raymond Felton,Shannon Brown,Andray Blatche,Antawn Jamison,Dominic McGuire,Javaris Crittenton,Nick Young,4,11:43,WAS,foul,,,,,,,,Juwan Howard,,Andray Blatche,,,,,,personal,,
Adam Morrison,Juwan Howard,Nazr Mohammed,Raymond Felton,Shannon Brown,Andray Blatche,Antawn Jamison,Dominic McGuire,Javaris Crittenton,Nick Young,4,11:29,CHA,shot,Raymond Felton,,,,,,,,,Juwan Howard,2,,,made,,jump,25,25
Adam Morrison,Juwan Howard,Nazr Mohammed,Raymond Felton,Shannon Brown,Andray Blatche,Antawn Jamison,Dominic McGuire,Javaris Crittenton,Nick Young,4,11:09,CHA,foul,,,,,,,,Javaris Crittenton,,Raymond Felton,,,,,,personal,,
Adam Morrison,Juwan Howard,Nazr Mohammed,Raymond Felton,Shannon Brown,Andray Blatche,Antawn Jamison,Dominic McGuire,Javaris Crittenton,Nick Young,4,10:52,WAS,shot,Dominic McGuire,,,,,,,,,Antawn Jamison,2,,,made,,jump,4,3
Adam Morrison,Juwan Howard,Nazr Mohammed,Raymond Felton,Shannon Brown,Andray Blatche,Antawn Jamison,Dominic McGuire,Javaris Crittenton,Nick Young,4,10:37,WAS,foul,,,,,,,,Shannon Brown,,Nick Young,,,,,,personal,,
Adam Morrison,Juwan Howard,Nazr Mohammed,Raymond Felton,Shannon Brown,Andray Blatche,Antawn Jamison,Dominic McGuire,Javaris Crittenton,Nick Young,4,10:26,CHA,turnover,,,,,,,,,,Raymond Felton,,,bad pass,,Dominic McGuire,,,
Adam Morrison,Juwan Howard,Nazr Mohammed,Raymond Felton,Shannon Brown,Andray Blatche,Antawn Jamison,Dominic McGuire,Javaris Crittenton,Nick Young,4,10:07,WAS,shot,,,,,,,,,,Nick Young,2,,,made,,jump,20,18
Adam Morrison,Juwan Howard,Nazr Mohammed,Raymond Felton,Shannon Brown,Andray Blatche,Antawn Jamison,Dominic McGuire,Javaris Crittenton,Nick Young,4,9:42,CHA,shot,,,,,,,,,,Juwan Howard,,,,missed,,jump,41,8
Adam Morrison,Juwan Howard,Nazr Mohammed,Raymond Felton,Shannon Brown,Andray Blatche,Antawn Jamison,Dominic McGuire,Javaris Crittenton,Nick Young,4,9:41,WAS,rebound,,,,,,,,,,Javaris Crittenton,,,,,,def,,
Adam Morrison,Juwan Howard,Nazr Mohammed,Raymond Felton,Shannon Brown,Andray Blatche,Antawn Jamison,Dominic McGuire,Javaris Crittenton,Nick Young,4,9:30,WAS,shot,,,Juwan Howard,,,,,,,Javaris Crittenton,,,,missed,,layup,25,8
Adam Morrison,Juwan Howard,Nazr Mohammed,Raymond Felton,Shannon Brown,Andray Blatche,Antawn Jamison,Dominic McGuire,Javaris Crittenton,Nick Young,4,9:30,WAS,rebound,,,,,,,,,,,,,,,,,,
Adam Morrison,Emeka Okafor,Juwan Howard,Raymond Felton,Shannon Brown,Andray Blatche,Antawn Jamison,Dominic McGuire,Javaris Crittenton,Nick Young,4,9:30,CHA,sub,,,,Emeka Okafor,,Nazr Mohammed,,,,,,,,,,,,
Adam Morrison,Emeka Okafor,Juwan Howard,Raymond Felton,Shannon Brown,Andray Blatche,Antawn Jamison,Dominic McGuire,Javaris Crittenton,Nick Young,4,9:22,WAS,shot,,,,,,,,,,Antawn Jamison,,,,missed,,jump,24,27
Adam Morrison,Emeka Okafor,Juwan Howard,Raymond Felton,Shannon Brown,Andray Blatche,Antawn Jamison,Dominic McGuire,Javaris Crittenton,Nick Young,4,9:21,CHA,rebound,,,,,,,,,,,,,,,,,,
Adam Morrison,Boris Diaw,Emeka Okafor,Raymond Felton,Shannon Brown,Andray Blatche,Antawn Jamison,Dominic McGuire,Javaris Crittenton,Nick Young,4,9:20,CHA,sub,,,,Boris Diaw,,Juwan Howard,,,,,,,,,,,,
Adam Morrison,Boris Diaw,Emeka Okafor,Raymond Felton,Shannon Brown,Andray Blatche,Antawn Jamison,Dominic McGuire,Javaris Crittenton,Nick Young,4,9:08,CHA,shot,Raymond Felton,,,,,,,,,Emeka Okafor,2,,,made,,layup,26,9
Adam Morrison,Boris Diaw,Emeka Okafor,Raymond Felton,Shannon Brown,Andray Blatche,Antawn Jamison,Dominic McGuire,Javaris Crittenton,Nick Young,4,8:50,CHA,foul,,,,,,,,Nick Young,,Shannon Brown,,,,,,personal,,
Adam Morrison,Boris Diaw,Emeka Okafor,Raymond Felton,Shannon Brown,Andray Blatche,Antawn Jamison,Dominic McGuire,Javaris Crittenton,Nick Young,4,8:50,OFF,timeout,,,,,,,,,,,,,,,,official,,
Adam Morrison,Boris Diaw,Emeka Okafor,Raymond Felton,Shannon Brown,Andray Blatche,Antawn Jamison,Caron Butler,Javaris Crittenton,Nick Young,4,8:50,WAS,sub,,,,Caron Butler,,Dominic McGuire,,,,,,,,,,,,
Adam Morrison,Boris Diaw,Emeka Okafor,Raja Bell,Raymond Felton,Andray Blatche,Antawn Jamison,Caron Butler,Javaris Crittenton,Nick Young,4,8:50,CHA,sub,,,,Raja Bell,,Shannon Brown,,,,,,,,,,,,
Adam Morrison,Boris Diaw,Emeka Okafor,Raja Bell,Raymond Felton,Andray Blatche,Antawn Jamison,Caron Butler,Javaris Crittenton,Nick Young,4,8:38,WAS,shot,Nick Young,,,,,,,,,Antawn Jamison,2,,,made,,running jump,15,11
Adam Morrison,Boris Diaw,Emeka Okafor,Raja Bell,Raymond Felton,Andray Blatche,Antawn Jamison,Caron Butler,Javaris Crittenton,Nick Young,4,8:20,CHA,shot,,,,,,,,,,Boris Diaw,2,,,made,,hook,31,13
Adam Morrison,Boris Diaw,Emeka Okafor,Raja Bell,Raymond Felton,Andray Blatche,Antawn Jamison,Caron Butler,Javaris Crittenton,Nick Young,4,7:58,WAS,shot,,,,,,,,,,Andray Blatche,,,,missed,,jump,25,10
Adam Morrison,Boris Diaw,Emeka Okafor,Raja Bell,Raymond Felton,Andray Blatche,Antawn Jamison,Caron Butler,Javaris Crittenton,Nick Young,4,7:58,CHA,rebound,,,,,,,,,,Raja Bell,,,,,,def,,
Adam Morrison,Boris Diaw,Emeka Okafor,Raja Bell,Raymond Felton,Andray Blatche,Antawn Jamison,Caron Butler,Javaris Crittenton,Nick Young,4,7:37,CHA,shot,Adam Morrison,,,,,,,,,Boris Diaw,2,,,made,,hook,32,9
Adam Morrison,Boris Diaw,Emeka Okafor,Raja Bell,Raymond Felton,Andray Blatche,Antawn Jamison,Caron Butler,Javaris Crittenton,Nick Young,4,7:21,WAS,shot,,,,,,,,,,Nick Young,2,,,made,,fade away jumper,37,15
Adam Morrison,Boris Diaw,Emeka Okafor,Raja Bell,Raymond Felton,Andray Blatche,Antawn Jamison,Caron Butler,Javaris Crittenton,Nick Young,4,6:55,CHA,shot,,,,,,,,,,Boris Diaw,,,,missed,,jump,38,5
Adam Morrison,Boris Diaw,Emeka Okafor,Raja Bell,Raymond Felton,Andray Blatche,Antawn Jamison,Caron Butler,Javaris Crittenton,Nick Young,4,6:54,WAS,rebound,,,,,,,,,,Andray Blatche,,,,,,def,,
Adam Morrison,Boris Diaw,Emeka Okafor,Raja Bell,Raymond Felton,Andray Blatche,Antawn Jamison,Caron Butler,Javaris Crittenton,Nick Young,4,6:40,CHA,foul,,,,,,,,Caron Butler,,Adam Morrison,,,,,,personal,,
Adam Morrison,Boris Diaw,Emeka Okafor,Raja Bell,Raymond Felton,Andray Blatche,Antawn Jamison,Caron Butler,Javaris Crittenton,Nick Young,4,6:28,WAS,shot,Caron Butler,,,,,,,,,Nick Young,2,,,made,,jump,5,8
Adam Morrison,Boris Diaw,Emeka Okafor,Raja Bell,Raymond Felton,Andray Blatche,Antawn Jamison,Caron Butler,Javaris Crittenton,Nick Young,4,6:07,WAS,foul,,,,,,,,Boris Diaw,,Antawn Jamison,,,,,,personal,,
Adam Morrison,Boris Diaw,Emeka Okafor,Raja Bell,Raymond Felton,Andray Blatche,Antawn Jamison,Caron Butler,Javaris Crittenton,Nick Young,4,6:07,CHA,timeout,,,,,,,,,,,,,,,,regular,,
Adam Morrison,Boris Diaw,Emeka Okafor,Raja Bell,Raymond Felton,Andray Blatche,Antawn Jamison,Caron Butler,Javaris Crittenton,Nick Young,4,5:58,CHA,turnover,,,,,,,,,,Adam Morrison,,,bad pass,,Antawn Jamison,,,
Adam Morrison,Boris Diaw,Emeka Okafor,Raja Bell,Raymond Felton,Andray Blatche,Antawn Jamison,Caron Butler,Javaris Crittenton,Nick Young,4,5:53,WAS,shot,Antawn Jamison,,,,,,,,,Javaris Crittenton,2,,,made,,layup,25,6
Adam Morrison,Boris Diaw,Emeka Okafor,Raja Bell,Raymond Felton,Andray Blatche,Antawn Jamison,Caron Butler,Javaris Crittenton,Nick Young,4,5:37,WAS,foul,,,,,,,,Raymond Felton,,Antawn Jamison,,,,,,shooting,,
Adam Morrison,Boris Diaw,Emeka Okafor,Raja Bell,Raymond Felton,Andray Blatche,Antawn Jamison,Caron Butler,Javaris Crittenton,Nick Young,4,5:37,CHA,free throw,,,,,,,1,,2,Raymond Felton,,,foul,made,,,,
Boris Diaw,Emeka Okafor,Raja Bell,Raymond Felton,Shannon Brown,Andray Blatche,Antawn Jamison,Caron Butler,Javaris Crittenton,Nick Young,4,5:37,CHA,sub,,,,Shannon Brown,,Adam Morrison,,,,,,,,,,,,
Boris Diaw,Emeka Okafor,Raja Bell,Raymond Felton,Shannon Brown,Andray Blatche,Antawn Jamison,Caron Butler,Javaris Crittenton,Nick Young,4,5:37,CHA,free throw,,,,,,,2,,2,Raymond Felton,,,foul,made,,,,
Boris Diaw,Emeka Okafor,Raja Bell,Raymond Felton,Shannon Brown,Andray Blatche,Antawn Jamison,Caron Butler,Javaris Crittenton,Nick Young,4,5:18,WAS,turnover,,,,,,,,,,Andray Blatche,,,out of bounds lost ball turnover,,,,,
Boris Diaw,Emeka Okafor,Raja Bell,Raymond Felton,Shannon Brown,Andray Blatche,Antawn Jamison,Caron Butler,Javaris Crittenton,Nick Young,4,5:08,CHA,turnover,,,,,,,,,,Raymond Felton,,,lost ball,,Javaris Crittenton,,,
Boris Diaw,Emeka Okafor,Raja Bell,Raymond Felton,Shannon Brown,Andray Blatche,Antawn Jamison,Caron Butler,Javaris Crittenton,Nick Young,4,5:05,CHA,foul,,,,,,,,Caron Butler,,Raja Bell,,,,,,shooting,,
Boris Diaw,Emeka Okafor,Raja Bell,Raymond Felton,Shannon Brown,Andray Blatche,Antawn Jamison,Caron Butler,Javaris Crittenton,Mike James,4,5:05,WAS,sub,,,,Mike James,,Nick Young,,,,,,,,,,,,
Boris Diaw,Emeka Okafor,Raja Bell,Raymond Felton,Shannon Brown,Andray Blatche,Antawn Jamison,Caron Butler,Javaris Crittenton,Mike James,4,5:05,WAS,free throw,,,,,,,1,,2,Caron Butler,,,foul,made,,,,
Boris Diaw,Emeka Okafor,Raja Bell,Raymond Felton,Shannon Brown,Andray Blatche,Antawn Jamison,Caron Butler,Javaris Crittenton,Mike James,4,5:05,WAS,free throw,,,,,,,2,,2,Caron Butler,,,foul,made,,,,
Boris Diaw,Emeka Okafor,Raja Bell,Raymond Felton,Shannon Brown,Andray Blatche,Antawn Jamison,Caron Butler,Javaris Crittenton,Mike James,4,4:52,CHA,shot,,,,,,,,,,Emeka Okafor,,,,missed,,jump,33,21
Boris Diaw,Emeka Okafor,Raja Bell,Raymond Felton,Shannon Brown,Andray Blatche,Antawn Jamison,Caron Butler,Javaris Crittenton,Mike James,4,4:51,CHA,rebound,,,,,,,,,,,,,,,,,,
Boris Diaw,Emeka Okafor,Raja Bell,Raymond Felton,Shannon Brown,Andray Blatche,Antawn Jamison,Caron Butler,Javaris Crittenton,Mike James,4,4:48,CHA,shot,Raymond Felton,,,,,,,,,Boris Diaw,2,,,made,,jump,21,7
Boris Diaw,Emeka Okafor,Raja Bell,Raymond Felton,Shannon Brown,Andray Blatche,Antawn Jamison,Caron Butler,Javaris Crittenton,Mike James,4,4:32,WAS,turnover,,,,,,,,,,Javaris Crittenton,,,bad pass,,Shannon Brown,,,
Boris Diaw,Emeka Okafor,Raja Bell,Raymond Felton,Shannon Brown,Andray Blatche,Antawn Jamison,Caron Butler,Javaris Crittenton,Mike James,4,4:32,WAS,foul,,,,,,,,Shannon Brown,,Javaris Crittenton,,,,,,personal,,
Boris Diaw,Emeka Okafor,Raja Bell,Raymond Felton,Shannon Brown,Andray Blatche,Antawn Jamison,Caron Butler,Javaris Crittenton,Mike James,4,4:32,CHA,free throw,,,,,,,1,,2,Shannon Brown,,,foul,made,,,,
Boris Diaw,Emeka Okafor,Raja Bell,Raymond Felton,Shannon Brown,Andray Blatche,Antawn Jamison,Caron Butler,Javaris Crittenton,Mike James,4,4:32,CHA,free throw,,,,,,,2,,2,Shannon Brown,,,foul,made,,,,
Boris Diaw,Emeka Okafor,Raja Bell,Raymond Felton,Shannon Brown,Andray Blatche,Antawn Jamison,Caron Butler,Javaris Crittenton,Mike James,4,4:11,WAS,shot,,,,,,,,,,Antawn Jamison,,,,missed,,jump,23,14
Boris Diaw,Emeka Okafor,Raja Bell,Raymond Felton,Shannon Brown,Andray Blatche,Antawn Jamison,Caron Butler,Javaris Crittenton,Mike James,4,4:10,WAS,rebound,,,,,,,,,,Antawn Jamison,,,,,,off,,
Boris Diaw,Emeka Okafor,Raja Bell,Raymond Felton,Shannon Brown,Andray Blatche,Antawn Jamison,Caron Butler,Javaris Crittenton,Mike James,4,4:10,CHA,foul,,,,,,,,Antawn Jamison,,Raymond Felton,,,,,,personal,,
Boris Diaw,Emeka Okafor,Raja Bell,Raymond Felton,Shannon Brown,Andray Blatche,Antawn Jamison,Caron Butler,Javaris Crittenton,Mike James,4,4:10,WAS,free throw,,,,,,,1,,2,Antawn Jamison,,,foul,made,,,,
Boris Diaw,Emeka Okafor,Raja Bell,Raymond Felton,Shannon Brown,Andray Blatche,Antawn Jamison,Caron Butler,Javaris Crittenton,Mike James,4,4:10,WAS,free throw,,,,,,,2,,2,Antawn Jamison,,,foul,missed,,,,
Boris Diaw,Emeka Okafor,Raja Bell,Raymond Felton,Shannon Brown,Andray Blatche,Antawn Jamison,Caron Butler,Javaris Crittenton,Mike James,4,4:09,CHA,rebound,,,,,,,,,,Raja Bell,,,,,,def,,
Boris Diaw,Emeka Okafor,Raja Bell,Raymond Felton,Shannon Brown,Andray Blatche,Antawn Jamison,Caron Butler,Javaris Crittenton,Mike James,4,3:51,CHA,shot,Boris Diaw,,,,,,,,,Raja Bell,2,,,made,,jump,44,14
Boris Diaw,Emeka Okafor,Raja Bell,Raymond Felton,Shannon Brown,Andray Blatche,Antawn Jamison,Caron Butler,Javaris Crittenton,Mike James,4,3:30,WAS,shot,,,,,,,,,,Javaris Crittenton,,,,missed,,jump,25,10
Boris Diaw,Emeka Okafor,Raja Bell,Raymond Felton,Shannon Brown,Andray Blatche,Antawn Jamison,Caron Butler,Javaris Crittenton,Mike James,4,3:29,WAS,rebound,,,,,,,,,,Antawn Jamison,,,,,,off,,
Boris Diaw,Emeka Okafor,Raja Bell,Raymond Felton,Shannon Brown,Andray Blatche,Antawn Jamison,Caron Butler,Javaris Crittenton,Mike James,4,3:25,WAS,timeout,,,,,,,,,,,,,,,,regular,,
Boris Diaw,Emeka Okafor,Raja Bell,Raymond Felton,Shannon Brown,Andray Blatche,Antawn Jamison,Caron Butler,Mike James,Nick Young,4,3:25,WAS,sub,,,,Nick Young,,Javaris Crittenton,,,,,,,,,,,,
Boris Diaw,Emeka Okafor,Raja Bell,Raymond Felton,Shannon Brown,Andray Blatche,Antawn Jamison,Caron Butler,Mike James,Nick Young,4,3:09,WAS,shot,,,,,,,,,,Caron Butler,,,,missed,,jump,10,18
Boris Diaw,Emeka Okafor,Raja Bell,Raymond Felton,Shannon Brown,Andray Blatche,Antawn Jamison,Caron Butler,Mike James,Nick Young,4,3:07,CHA,rebound,,,,,,,,,,Emeka Okafor,,,,,,def,,
Boris Diaw,Emeka Okafor,Raja Bell,Raymond Felton,Shannon Brown,Andray Blatche,Antawn Jamison,Caron Butler,Mike James,Nick Young,4,2:42,CHA,shot,,,,,,,,,,Shannon Brown,3,,,made,,3pt,1,9
Boris Diaw,Emeka Okafor,Raja Bell,Raymond Felton,Shannon Brown,Andray Blatche,Antawn Jamison,Caron Butler,Mike James,Nick Young,4,2:24,WAS,shot,,,,,,,,,,Antawn Jamison,,,,missed,,jump,6,12
Boris Diaw,Emeka Okafor,Raja Bell,Raymond Felton,Shannon Brown,Andray Blatche,Antawn Jamison,Caron Butler,Mike James,Nick Young,4,2:23,CHA,rebound,,,,,,,,,,Raymond Felton,,,,,,def,,
Boris Diaw,Emeka Okafor,Raja Bell,Raymond Felton,Shannon Brown,Andray Blatche,Antawn Jamison,Caron Butler,Mike James,Nick Young,4,2:09,CHA,shot,Raymond Felton,,,,,,,,,Boris Diaw,2,,,made,,jump,43,4
Boris Diaw,Emeka Okafor,Raja Bell,Raymond Felton,Shannon Brown,Andray Blatche,Antawn Jamison,Caron Butler,Mike James,Nick Young,4,1:49,CHA,foul,,,,,,,,Caron Butler,,Shannon Brown,,,,,,shooting,,
Boris Diaw,Emeka Okafor,Raja Bell,Raymond Felton,Shannon Brown,Andray Blatche,Antawn Jamison,Caron Butler,Mike James,Nick Young,4,1:49,WAS,free throw,,,,,,,1,,2,Caron Butler,,,foul,made,,,,
Boris Diaw,Emeka Okafor,Raja Bell,Raymond Felton,Shannon Brown,Andray Blatche,Antawn Jamison,Caron Butler,Javaris Crittenton,Nick Young,4,1:49,WAS,sub,,,,Javaris Crittenton,,Mike James,,,,,,,,,,,,
Boris Diaw,Emeka Okafor,Raja Bell,Raymond Felton,Shannon Brown,Andray Blatche,Antawn Jamison,Caron Butler,Dominic McGuire,Javaris Crittenton,4,1:49,WAS,sub,,,,Dominic McGuire,,Nick Young,,,,,,,,,,,,
Boris Diaw,Emeka Okafor,Raja Bell,Raymond Felton,Shannon Brown,Andray Blatche,Antawn Jamison,Caron Butler,Dominic McGuire,Javaris Crittenton,4,1:49,WAS,free throw,,,,,,,2,,2,Caron Butler,,,foul,made,,,,
Boris Diaw,Emeka Okafor,Raja Bell,Raymond Felton,Shannon Brown,Andray Blatche,Antawn Jamison,Caron Butler,Dominic McGuire,Javaris Crittenton,4,1:30,CHA,shot,,,,,,,,,,Raymond Felton,,,,missed,,jump,17,22
Boris Diaw,Emeka Okafor,Raja Bell,Raymond Felton,Shannon Brown,Andray Blatche,Antawn Jamison,Caron Butler,Dominic McGuire,Javaris Crittenton,4,1:29,CHA,rebound,,,,,,,,,,Boris Diaw,,,,,,off,,
Boris Diaw,Emeka Okafor,Raja Bell,Raymond Felton,Shannon Brown,Andray Blatche,Antawn Jamison,Caron Butler,Dominic McGuire,Javaris Crittenton,4,1:22,CHA,timeout,,,,,,,,,,,,,,,,short,,
Boris Diaw,Emeka Okafor,Raja Bell,Raymond Felton,Shannon Brown,Andray Blatche,Antawn Jamison,Caron Butler,Dominic McGuire,Javaris Crittenton,4,1:11,CHA,shot,,,,,,,,,,Boris Diaw,,,,missed,,jump,23,26
Boris Diaw,Emeka Okafor,Raja Bell,Raymond Felton,Shannon Brown,Andray Blatche,Antawn Jamison,Caron Butler,Dominic McGuire,Javaris Crittenton,4,1:10,WAS,rebound,,,,,,,,,,Dominic McGuire,,,,,,def,,
Boris Diaw,Emeka Okafor,Raja Bell,Raymond Felton,Shannon Brown,Andray Blatche,Antawn Jamison,Caron Butler,Dominic McGuire,Javaris Crittenton,4,0:56,WAS,shot,,,,,,,,,,Andray Blatche,2,,,made,,driving reverse layup,23,6
Boris Diaw,Emeka Okafor,Raja Bell,Raymond Felton,Shannon Brown,Andray Blatche,Antawn Jamison,Caron Butler,Dominic McGuire,Javaris Crittenton,4,0:36,CHA,shot,,,,,,,,,,Raja Bell,,,,missed,,3pt,12,27
Boris Diaw,Emeka Okafor,Raja Bell,Raymond Felton,Shannon Brown,Andray Blatche,Antawn Jamison,Caron Butler,Dominic McGuire,Javaris Crittenton,4,0:35,WAS,rebound,,,,,,,,,,Dominic McGuire,,,,,,def,,
Boris Diaw,Emeka Okafor,Raja Bell,Raymond Felton,Shannon Brown,Andray Blatche,Antawn Jamison,Caron Butler,Dominic McGuire,Javaris Crittenton,4,0:21,WAS,timeout,,,,,,,,,,,,,,,,regular,,
Boris Diaw,Emeka Okafor,Raja Bell,Raymond Felton,Shannon Brown,Andray Blatche,Antawn Jamison,Caron Butler,Javaris Crittenton,Nick Young,4,0:21,WAS,sub,,,,Nick Young,,Dominic McGuire,,,,,,,,,,,,
Boris Diaw,Emeka Okafor,Raja Bell,Raymond Felton,Shannon Brown,Andray Blatche,Antawn Jamison,Caron Butler,Mike James,Nick Young,4,0:21,WAS,sub,,,,Mike James,,Javaris Crittenton,,,,,,,,,,,,
Boris Diaw,Emeka Okafor,Raja Bell,Raymond Felton,Shannon Brown,Andray Blatche,Antawn Jamison,Caron Butler,Mike James,Nick Young,4,0:12,WAS,shot,,,,,,,,,,Mike James,,,,missed,,jump,21,10
Boris Diaw,Emeka Okafor,Raja Bell,Raymond Felton,Shannon Brown,Andray Blatche,Antawn Jamison,Caron Butler,Mike James,Nick Young,4,0:11,WAS,rebound,,,,,,,,,,Andray Blatche,,,,,,off,,
Boris Diaw,Emeka Okafor,Raja Bell,Raymond Felton,Shannon Brown,Andray Blatche,Antawn Jamison,Caron Butler,Mike James,Nick Young,4,0:11,WAS,shot,,,,,,,,,,Andray Blatche,,,,missed,,jump,23,9
Boris Diaw,Emeka Okafor,Raja Bell,Raymond Felton,Shannon Brown,Andray Blatche,Antawn Jamison,Caron Butler,Mike James,Nick Young,4,0:11,WAS,rebound,,,,,,,,,,,,,,,,,,
Boris Diaw,Emeka Okafor,Raja Bell,Raymond Felton,Shannon Brown,Andray Blatche,Antawn Jamison,Caron Butler,Mike James,Nick Young,4,0:11,WAS,timeout,,,,,,,,,,,,,,,,short,,
Boris Diaw,Emeka Okafor,Raja Bell,Raymond Felton,Shannon Brown,Andray Blatche,Antawn Jamison,Caron Butler,Mike James,Nick Young,4,0:03,WAS,shot,,,,,,,,,,Nick Young,,,,missed,,jump,22,23
Boris Diaw,Emeka Okafor,Raja Bell,Raymond Felton,Shannon Brown,Andray Blatche,Antawn Jamison,Caron Butler,Mike James,Nick Young,4,0:02,CHA,rebound,,,,,,,,,,Raymond Felton,,,,,,def,,
Boris Diaw,Emeka Okafor,Raja Bell,Raymond Felton,Shannon Brown,Andray Blatche,Antawn Jamison,Caron Butler,Mike James,Nick Young,4,0:00,WAS,foul,,,,,,,,Raymond Felton,,Mike James,,,,,,personal,,
Boris Diaw,Emeka Okafor,Raja Bell,Raymond Felton,Shannon Brown,Andray Blatche,Antawn Jamison,Caron Butler,Mike James,Nick Young,4,0:00,CHA,free throw,,,,,,,1,,2,Raymond Felton,,,foul,made,,,,
Boris Diaw,Emeka Okafor,Raja Bell,Raymond Felton,Shannon Brown,Andray Blatche,Antawn Jamison,Caron Butler,Dominic McGuire,Nick Young,4,0:00,WAS,sub,,,,Dominic McGuire,,Mike James,,,,,,,,,,,,
Boris Diaw,Emeka Okafor,Raja Bell,Raymond Felton,Shannon Brown,Andray Blatche,Antawn Jamison,Caron Butler,Dominic McGuire,Nick Young,4,0:00,CHA,free throw,,,,,,,2,,2,Raymond Felton,,,foul,made,,,,
Boris Diaw,Emeka Okafor,Raja Bell,Raymond Felton,Shannon Brown,Andray Blatche,Antawn Jamison,Caron Butler,Dominic McGuire,Nick Young,4,0:00,WAS,timeout,,,,,,,,,,,,,,,,short,,
Boris Diaw,Emeka Okafor,Raja Bell,Raymond Felton,Shannon Brown,Andray Blatche,Antawn Jamison,Caron Butler,Mike James,Nick Young,4,0:00,WAS,sub,,,,Mike James,,Dominic McGuire,,,,,,,,,,,,
