a1,a2,a3,a4,a5,h1,h2,h3,h4,h5,period,time,team,etype,assist,away,block,entered,home,left,num,opponent,outof,player,points,possession,reason,result,steal,type,x,y
Antoine Wright,Dirk Nowitzki,Erick Dampier,Jason Kidd,Jose Juan Barea,Brandon Roy,Joel Przybilla,LaMarcus Aldridge,Nicolas Batum,Steve Blake,1,12:00,OFF,jump ball,,Erick Dampier,,,Joel Przybilla,,,,,,,Portland,,,,,,
Antoine Wright,Dirk Nowitzki,Erick Dampier,Jason Kidd,Jose Juan Barea,Brandon Roy,Joel Przybilla,LaMarcus Aldridge,Nicolas Batum,Steve Blake,1,11:43,DAL,foul,,,,,,,,Joel Przybilla,,Erick Dampier,,,,,,shooting,,
Antoine Wright,Dirk Nowitzki,Erick Dampier,Jason Kidd,Jose Juan Barea,Brandon Roy,Joel Przybilla,LaMarcus Aldridge,Nicolas Batum,Steve Blake,1,11:43,POR,free throw,,,,,,,1,,2,Joel Przybilla,,,foul,made,,,,
Antoine Wright,Dirk Nowitzki,Erick Dampier,Jason Kidd,Jose Juan Barea,Brandon Roy,Joel Przybilla,LaMarcus Aldridge,Nicolas Batum,Steve Blake,1,11:43,POR,free throw,,,,,,,2,,2,Joel Przybilla,,,foul,missed,,,,
Antoine Wright,Dirk Nowitzki,Erick Dampier,Jason Kidd,Jose Juan Barea,Brandon Roy,Joel Przybilla,LaMarcus Aldridge,Nicolas Batum,Steve Blake,1,11:42,DAL,rebound,,,,,,,,,,Erick Dampier,,,,,,def,,
Antoine Wright,Dirk Nowitzki,Erick Dampier,Jason Kidd,Jose Juan Barea,Brandon Roy,Joel Przybilla,LaMarcus Aldridge,Nicolas Batum,Steve Blake,1,11:24,DAL,shot,,,,,,,,,,Antoine Wright,2,,,made,,jump,31,24
Antoine Wright,Dirk Nowitzki,Erick Dampier,Jason Kidd,Jose Juan Barea,Brandon Roy,Joel Przybilla,LaMarcus Aldridge,Nicolas Batum,Steve Blake,1,11:03,POR,shot,,,,,,,,,,Steve Blake,,,,missed,,running jump,29,8
Antoine Wright,Dirk Nowitzki,Erick Dampier,Jason Kidd,Jose Juan Barea,Brandon Roy,Joel Przybilla,LaMarcus Aldridge,Nicolas Batum,Steve Blake,1,11:02,POR,shot,,,,,,,,,,Joel Przybilla,,,,missed,,tip,25,6
Antoine Wright,Dirk Nowitzki,Erick Dampier,Jason Kidd,Jose Juan Barea,Brandon Roy,Joel Przybilla,LaMarcus Aldridge,Nicolas Batum,Steve Blake,1,11:02,POR,rebound,,,,,,,,,,Joel Przybilla,,,,,,off,,
Antoine Wright,Dirk Nowitzki,Erick Dampier,Jason Kidd,Jose Juan Barea,Brandon Roy,Joel Przybilla,LaMarcus Aldridge,Nicolas Batum,Steve Blake,1,11:00,POR,rebound,,,,,,,,,,Steve Blake,,,,,,off,,
Antoine Wright,Dirk Nowitzki,Erick Dampier,Jason Kidd,Jose Juan Barea,Brandon Roy,Joel Przybilla,LaMarcus Aldridge,Nicolas Batum,Steve Blake,1,10:55,POR,shot,,,,,,,,,,LaMarcus Aldridge,,,,missed,,jump,21,8
Antoine Wright,Dirk Nowitzki,Erick Dampier,Jason Kidd,Jose Juan Barea,Brandon Roy,Joel Przybilla,LaMarcus Aldridge,Nicolas Batum,Steve Blake,1,10:54,POR,shot,,,,,,,,,,Joel Przybilla,,,,missed,,tip,25,6
Antoine Wright,Dirk Nowitzki,Erick Dampier,Jason Kidd,Jose Juan Barea,Brandon Roy,Joel Przybilla,LaMarcus Aldridge,Nicolas Batum,Steve Blake,1,10:54,POR,rebound,,,,,,,,,,Joel Przybilla,,,,,,off,,
Antoine Wright,Dirk Nowitzki,Erick Dampier,Jason Kidd,Jose Juan Barea,Brandon Roy,Joel Przybilla,LaMarcus Aldridge,Nicolas Batum,Steve Blake,1,10:53,DAL,rebound,,,,,,,,,,Dirk Nowitzki,,,,,,def,,
Antoine Wright,Dirk Nowitzki,Erick Dampier,Jason Kidd,Jose Juan Barea,Brandon Roy,Joel Przybilla,LaMarcus Aldridge,Nicolas Batum,Steve Blake,1,10:48,DAL,shot,Jason Kidd,,,,,,,,,Erick Dampier,2,,,made,,dunk,25,6
Antoine Wright,Dirk Nowitzki,Erick Dampier,Jason Kidd,Jose Juan Barea,Brandon Roy,Joel Przybilla,LaMarcus Aldridge,Nicolas Batum,Steve Blake,1,10:21,POR,turnover,,,,,,,,,,LaMarcus Aldridge,,,bad pass,,Dirk Nowitzki,,,
Antoine Wright,Dirk Nowitzki,Erick Dampier,Jason Kidd,Jose Juan Barea,Brandon Roy,Joel Przybilla,LaMarcus Aldridge,Nicolas Batum,Steve Blake,1,10:11,DAL,shot,Jason Kidd,,,,,,,,,Erick Dampier,2,,,made,,alley oop layup,25,6
Antoine Wright,Dirk Nowitzki,Erick Dampier,Jason Kidd,Jose Juan Barea,Brandon Roy,Joel Przybilla,LaMarcus Aldridge,Nicolas Batum,Steve Blake,1,9:48,POR,shot,Brandon Roy,,,,,,,,,Steve Blake,3,,,made,,3pt,2,6
Antoine Wright,Dirk Nowitzki,Erick Dampier,Jason Kidd,Jose Juan Barea,Brandon Roy,Joel Przybilla,LaMarcus Aldridge,Nicolas Batum,Steve Blake,1,9:23,DAL,shot,,,,,,,,,,Dirk Nowitzki,,,,missed,,jump,24,20
Antoine Wright,Dirk Nowitzki,Erick Dampier,Jason Kidd,Jose Juan Barea,Brandon Roy,Joel Przybilla,LaMarcus Aldridge,Nicolas Batum,Steve Blake,1,9:22,DAL,rebound,,,,,,,,,,Dirk Nowitzki,,,,,,off,,
Antoine Wright,Dirk Nowitzki,Erick Dampier,Jason Kidd,Jose Juan Barea,Brandon Roy,Joel Przybilla,LaMarcus Aldridge,Nicolas Batum,Steve Blake,1,9:22,DAL,shot,,,,,,,,,,Dirk Nowitzki,2,,,made,,driving layup,25,6
Antoine Wright,Dirk Nowitzki,Erick Dampier,Jason Kidd,Jose Juan Barea,Brandon Roy,Joel Przybilla,LaMarcus Aldridge,Nicolas Batum,Steve Blake,1,9:22,POR,foul,,,,,,,,Dirk Nowitzki,,Steve Blake,,,,,,shooting,,
Antoine Wright,Dirk Nowitzki,Erick Dampier,Jason Kidd,Jose Juan Barea,Brandon Roy,Joel Przybilla,LaMarcus Aldridge,Nicolas Batum,Steve Blake,1,9:22,DAL,free throw,,,,,,,1,,1,Dirk Nowitzki,,,foul,missed,,,,
Antoine Wright,Dirk Nowitzki,Erick Dampier,Jason Kidd,Jose Juan Barea,Brandon Roy,Joel Przybilla,LaMarcus Aldridge,Nicolas Batum,Steve Blake,1,9:21,POR,rebound,,,,,,,,,,LaMarcus Aldridge,,,,,,def,,
Antoine Wright,Dirk Nowitzki,Erick Dampier,Jason Kidd,Jose Juan Barea,Brandon Roy,Joel Przybilla,LaMarcus Aldridge,Nicolas Batum,Steve Blake,1,9:05,POR,shot,Brandon Roy,,,,,,,,,LaMarcus Aldridge,2,,,made,,jump,10,10
Antoine Wright,Dirk Nowitzki,Erick Dampier,Jason Kidd,Jose Juan Barea,Brandon Roy,Joel Przybilla,LaMarcus Aldridge,Nicolas Batum,Steve Blake,1,8:51,DAL,shot,Jason Kidd,,,,,,,,,Dirk Nowitzki,2,,,made,,jump,21,22
Antoine Wright,Dirk Nowitzki,Erick Dampier,Jason Kidd,Jose Juan Barea,Brandon Roy,Joel Przybilla,LaMarcus Aldridge,Nicolas Batum,Steve Blake,1,8:28,POR,shot,,,,,,,,,,LaMarcus Aldridge,,,,missed,,jump,37,21
Antoine Wright,Dirk Nowitzki,Erick Dampier,Jason Kidd,Jose Juan Barea,Brandon Roy,Joel Przybilla,LaMarcus Aldridge,Nicolas Batum,Steve Blake,1,8:27,DAL,rebound,,,,,,,,,,Erick Dampier,,,,,,def,,
Antoine Wright,Dirk Nowitzki,Erick Dampier,Jason Kidd,Jose Juan Barea,Brandon Roy,Joel Przybilla,LaMarcus Aldridge,Nicolas Batum,Steve Blake,1,8:21,DAL,shot,Jose Juan Barea,,,,,,,,,Dirk Nowitzki,2,,,made,,layup,25,6
Antoine Wright,Dirk Nowitzki,Erick Dampier,Jason Kidd,Jose Juan Barea,Brandon Roy,Joel Przybilla,LaMarcus Aldridge,Nicolas Batum,Steve Blake,1,8:12,POR,timeout,,,,,,,,,,,,,,,,regular,,
Antoine Wright,Dirk Nowitzki,Erick Dampier,Jason Kidd,Jose Juan Barea,Brandon Roy,Joel Przybilla,LaMarcus Aldridge,Nicolas Batum,Steve Blake,1,7:57,POR,shot,,,,,,,,,,Steve Blake,,,,missed,,jump,15,23
Antoine Wright,Dirk Nowitzki,Erick Dampier,Jason Kidd,Jose Juan Barea,Brandon Roy,Joel Przybilla,LaMarcus Aldridge,Nicolas Batum,Steve Blake,1,7:56,DAL,rebound,,,,,,,,,,Jose Juan Barea,,,,,,def,,
Antoine Wright,Dirk Nowitzki,Erick Dampier,Jason Kidd,Jose Juan Barea,Brandon Roy,Joel Przybilla,LaMarcus Aldridge,Nicolas Batum,Steve Blake,1,7:51,DAL,shot,,,Joel Przybilla,,,,,,,Jose Juan Barea,,,,missed,,layup,25,6
Antoine Wright,Dirk Nowitzki,Erick Dampier,Jason Kidd,Jose Juan Barea,Brandon Roy,Joel Przybilla,LaMarcus Aldridge,Nicolas Batum,Steve Blake,1,7:49,POR,rebound,,,,,,,,,,LaMarcus Aldridge,,,,,,def,,
Antoine Wright,Dirk Nowitzki,Erick Dampier,Jason Kidd,Jose Juan Barea,Brandon Roy,Joel Przybilla,LaMarcus Aldridge,Nicolas Batum,Steve Blake,1,7:41,POR,shot,,,Dirk Nowitzki,,,,,,,Nicolas Batum,,,,missed,,driving layup,25,6
Antoine Wright,Dirk Nowitzki,Erick Dampier,Jason Kidd,Jose Juan Barea,Brandon Roy,Joel Przybilla,LaMarcus Aldridge,Nicolas Batum,Steve Blake,1,7:40,DAL,rebound,,,,,,,,,,Jason Kidd,,,,,,def,,
Antoine Wright,Dirk Nowitzki,Erick Dampier,Jason Kidd,Jose Juan Barea,Brandon Roy,Joel Przybilla,LaMarcus Aldridge,Nicolas Batum,Steve Blake,1,7:36,DAL,shot,,,Nicolas Batum,,,,,,,Antoine Wright,,,,missed,,dunk,25,6
Antoine Wright,Dirk Nowitzki,Erick Dampier,Jason Kidd,Jose Juan Barea,Brandon Roy,Joel Przybilla,LaMarcus Aldridge,Nicolas Batum,Steve Blake,1,7:34,POR,rebound,,,,,,,,,,Steve Blake,,,,,,def,,
Antoine Wright,Dirk Nowitzki,Erick Dampier,Jason Kidd,Jose Juan Barea,Brandon Roy,Joel Przybilla,LaMarcus Aldridge,Nicolas Batum,Steve Blake,1,7:24,POR,shot,LaMarcus Aldridge,,,,,,,,,Steve Blake,3,,,made,,3pt,2,6
Antoine Wright,Dirk Nowitzki,Erick Dampier,Jason Kidd,Jose Juan Barea,Brandon Roy,Joel Przybilla,LaMarcus Aldridge,Nicolas Batum,Steve Blake,1,7:03,DAL,shot,,,,,,,,,,Dirk Nowitzki,,,,missed,,fade away jumper,26,22
Antoine Wright,Dirk Nowitzki,Erick Dampier,Jason Kidd,Jose Juan Barea,Brandon Roy,Joel Przybilla,LaMarcus Aldridge,Nicolas Batum,Steve Blake,1,7:02,POR,rebound,,,,,,,,,,Brandon Roy,,,,,,def,,
Antoine Wright,Dirk Nowitzki,Erick Dampier,Jason Kidd,Jose Juan Barea,Brandon Roy,Joel Przybilla,LaMarcus Aldridge,Nicolas Batum,Steve Blake,1,6:53,POR,shot,,,,,,,,,,Brandon Roy,,,,missed,,jump,34,23
Antoine Wright,Dirk Nowitzki,Erick Dampier,Jason Kidd,Jose Juan Barea,Brandon Roy,Joel Przybilla,LaMarcus Aldridge,Nicolas Batum,Steve Blake,1,6:52,DAL,rebound,,,,,,,,,,Jason Kidd,,,,,,def,,
Antoine Wright,Dirk Nowitzki,Erick Dampier,Jason Kidd,Jose Juan Barea,Brandon Roy,Joel Przybilla,LaMarcus Aldridge,Nicolas Batum,Steve Blake,1,6:35,DAL,shot,,,,,,,,,,Jason Kidd,,,,missed,,jump,9,11
Antoine Wright,Dirk Nowitzki,Erick Dampier,Jason Kidd,Jose Juan Barea,Brandon Roy,Joel Przybilla,LaMarcus Aldridge,Nicolas Batum,Steve Blake,1,6:34,POR,rebound,,,,,,,,,,LaMarcus Aldridge,,,,,,def,,
Antoine Wright,Dirk Nowitzki,Erick Dampier,Jason Kidd,Jose Juan Barea,Brandon Roy,Joel Przybilla,LaMarcus Aldridge,Nicolas Batum,Steve Blake,1,6:22,POR,shot,,,,,,,,,,Brandon Roy,,,,missed,,jump,19,10
Antoine Wright,Dirk Nowitzki,Erick Dampier,Jason Kidd,Jose Juan Barea,Brandon Roy,Joel Przybilla,LaMarcus Aldridge,Nicolas Batum,Steve Blake,1,6:21,POR,shot,,,,,,,,,,Joel Przybilla,2,,,made,,tip,25,6
Antoine Wright,Dirk Nowitzki,Erick Dampier,Jason Kidd,Jose Juan Barea,Brandon Roy,Joel Przybilla,LaMarcus Aldridge,Nicolas Batum,Steve Blake,1,6:21,POR,rebound,,,,,,,,,,Joel Przybilla,,,,,,off,,
Antoine Wright,Dirk Nowitzki,Erick Dampier,Jason Kidd,Jose Juan Barea,Brandon Roy,Joel Przybilla,LaMarcus Aldridge,Nicolas Batum,Steve Blake,1,5:58,DAL,shot,,,Joel Przybilla,,,,,,,Antoine Wright,,,,missed,,jump,18,8
Antoine Wright,Dirk Nowitzki,Erick Dampier,Jason Kidd,Jose Juan Barea,Brandon Roy,Joel Przybilla,LaMarcus Aldridge,Nicolas Batum,Steve Blake,1,5:58,DAL,rebound,,,,,,,,,,,,,,,,,,
Antoine Wright,Dirk Nowitzki,Erick Dampier,Jason Kidd,Jose Juan Barea,Brandon Roy,Joel Przybilla,LaMarcus Aldridge,Nicolas Batum,Steve Blake,1,5:54,DAL,shot,,,,,,,,,,Dirk Nowitzki,2,,,made,,fade away jumper,17,19
Antoine Wright,Dirk Nowitzki,Erick Dampier,Jason Kidd,Jose Juan Barea,Brandon Roy,Joel Przybilla,LaMarcus Aldridge,Nicolas Batum,Steve Blake,1,5:36,POR,shot,,,,,,,,,,LaMarcus Aldridge,,,,missed,,jump,38,16
Antoine Wright,Dirk Nowitzki,Erick Dampier,Jason Kidd,Jose Juan Barea,Brandon Roy,Joel Przybilla,LaMarcus Aldridge,Nicolas Batum,Steve Blake,1,5:35,DAL,rebound,,,,,,,,,,Erick Dampier,,,,,,def,,
Antoine Wright,Dirk Nowitzki,Erick Dampier,Jason Kidd,Jose Juan Barea,Brandon Roy,Joel Przybilla,LaMarcus Aldridge,Nicolas Batum,Steve Blake,1,5:25,DAL,shot,,,,,,,,,,Erick Dampier,,,,missed,,driving dunk,25,6
Antoine Wright,Dirk Nowitzki,Erick Dampier,Jason Kidd,Jose Juan Barea,Brandon Roy,Joel Przybilla,LaMarcus Aldridge,Nicolas Batum,Steve Blake,1,5:23,POR,rebound,,,,,,,,,,LaMarcus Aldridge,,,,,,def,,
Antoine Wright,Dirk Nowitzki,Erick Dampier,Jason Kidd,Jose Juan Barea,Brandon Roy,Joel Przybilla,LaMarcus Aldridge,Nicolas Batum,Steve Blake,1,5:11,POR,turnover,,,,,,,,,,Nicolas Batum,,,bad pass,,,,,
Antoine Wright,Dirk Nowitzki,Erick Dampier,Jason Kidd,Jose Juan Barea,Brandon Roy,Joel Przybilla,LaMarcus Aldridge,Nicolas Batum,Steve Blake,1,4:48,DAL,shot,Jason Kidd,,,,,,,,,Jose Juan Barea,3,,,made,,3pt,8,24
Antoine Wright,Dirk Nowitzki,Erick Dampier,Jason Kidd,Jose Juan Barea,Brandon Roy,Joel Przybilla,LaMarcus Aldridge,Nicolas Batum,Steve Blake,1,4:27,POR,shot,,,,,,,,,,Brandon Roy,,,,missed,,3pt,14,28
Antoine Wright,Dirk Nowitzki,Erick Dampier,Jason Kidd,Jose Juan Barea,Brandon Roy,Joel Przybilla,LaMarcus Aldridge,Nicolas Batum,Steve Blake,1,4:26,POR,rebound,,,,,,,,,,LaMarcus Aldridge,,,,,,off,,
Antoine Wright,Dirk Nowitzki,Erick Dampier,Jason Kidd,Jose Juan Barea,Brandon Roy,Joel Przybilla,LaMarcus Aldridge,Nicolas Batum,Steve Blake,1,4:21,POR,shot,LaMarcus Aldridge,,,,,,,,,Steve Blake,3,,,made,,3pt,30,29
Antoine Wright,Dirk Nowitzki,Erick Dampier,Jason Kidd,Jose Juan Barea,Brandon Roy,Joel Przybilla,LaMarcus Aldridge,Nicolas Batum,Steve Blake,1,4:10,DAL,timeout,,,,,,,,,,,,,,,,regular,,
Antoine Wright,Dirk Nowitzki,Erick Dampier,Jason Kidd,Jose Juan Barea,Brandon Roy,LaMarcus Aldridge,Nicolas Batum,Steve Blake,Travis Outlaw,1,4:10,POR,sub,,,,Travis Outlaw,,Joel Przybilla,,,,,,,,,,,,
Antoine Wright,Dirk Nowitzki,Erick Dampier,Jason Kidd,Jose Juan Barea,Brandon Roy,Channing Frye,LaMarcus Aldridge,Steve Blake,Travis Outlaw,1,4:10,POR,sub,,,,Channing Frye,,Nicolas Batum,,,,,,,,,,,,
Antoine Wright,Dirk Nowitzki,Erick Dampier,Jason Kidd,Jason Terry,Brandon Roy,Channing Frye,LaMarcus Aldridge,Steve Blake,Travis Outlaw,1,4:10,DAL,sub,,,,Jason Terry,,Jose Juan Barea,,,,,,,,,,,,
Antoine Wright,Dirk Nowitzki,Erick Dampier,Jason Kidd,Jason Terry,Brandon Roy,Channing Frye,LaMarcus Aldridge,Steve Blake,Travis Outlaw,1,3:57,DAL,shot,,,,,,,,,,Jason Kidd,,,,missed,,jump,14,20
Antoine Wright,Dirk Nowitzki,Erick Dampier,Jason Kidd,Jason Terry,Brandon Roy,Channing Frye,LaMarcus Aldridge,Steve Blake,Travis Outlaw,1,3:55,DAL,rebound,,,,,,,,,,Erick Dampier,,,,,,off,,
Antoine Wright,Dirk Nowitzki,Erick Dampier,Jason Kidd,Jason Terry,Brandon Roy,Channing Frye,LaMarcus Aldridge,Steve Blake,Travis Outlaw,1,3:46,POR,foul,,,,,,,,Dirk Nowitzki,,Channing Frye,,,,,,shooting,,
Antoine Wright,Dirk Nowitzki,Erick Dampier,Jason Kidd,Jason Terry,Brandon Roy,Channing Frye,LaMarcus Aldridge,Steve Blake,Travis Outlaw,1,3:46,DAL,free throw,,,,,,,1,,2,Dirk Nowitzki,,,foul,made,,,,
Antoine Wright,Dirk Nowitzki,Erick Dampier,Jason Kidd,Jason Terry,Brandon Roy,Channing Frye,LaMarcus Aldridge,Steve Blake,Travis Outlaw,1,3:46,DAL,free throw,,,,,,,2,,2,Dirk Nowitzki,,,foul,missed,,,,
Antoine Wright,Dirk Nowitzki,Erick Dampier,Jason Kidd,Jason Terry,Brandon Roy,Channing Frye,LaMarcus Aldridge,Steve Blake,Travis Outlaw,1,3:46,POR,rebound,,,,,,,,,,Channing Frye,,,,,,def,,
Antoine Wright,Dirk Nowitzki,Erick Dampier,Jason Kidd,Jason Terry,Brandon Roy,Channing Frye,LaMarcus Aldridge,Steve Blake,Travis Outlaw,1,3:31,POR,shot,Steve Blake,,,,,,,,,Brandon Roy,2,,,made,,driving reverse layup,25,6
Antoine Wright,Dirk Nowitzki,Erick Dampier,Jason Kidd,Jason Terry,Brandon Roy,Channing Frye,LaMarcus Aldridge,Steve Blake,Travis Outlaw,1,3:14,DAL,shot,Jason Terry,,,,,,,,,Erick Dampier,2,,,made,,layup,25,6
Antoine Wright,Dirk Nowitzki,Erick Dampier,Jason Kidd,Jason Terry,Brandon Roy,Channing Frye,LaMarcus Aldridge,Steve Blake,Travis Outlaw,1,3:01,POR,shot,,,,,,,,,,Steve Blake,,,,missed,,jump,32,10
Antoine Wright,Dirk Nowitzki,Erick Dampier,Jason Kidd,Jason Terry,Brandon Roy,Channing Frye,LaMarcus Aldridge,Steve Blake,Travis Outlaw,1,3:00,DAL,rebound,,,,,,,,,,Jason Terry,,,,,,def,,
Antoine Wright,Dirk Nowitzki,Erick Dampier,Jason Kidd,Jason Terry,Brandon Roy,Channing Frye,LaMarcus Aldridge,Steve Blake,Travis Outlaw,1,2:55,DAL,shot,,,,,,,,,,Antoine Wright,,,,missed,,driving layup,25,6
Antoine Wright,Dirk Nowitzki,Erick Dampier,Jason Kidd,Jason Terry,Brandon Roy,Channing Frye,LaMarcus Aldridge,Steve Blake,Travis Outlaw,1,2:54,POR,rebound,,,,,,,,,,LaMarcus Aldridge,,,,,,def,,
Antoine Wright,Dirk Nowitzki,Erick Dampier,Jason Kidd,Jason Terry,Brandon Roy,Channing Frye,LaMarcus Aldridge,Steve Blake,Travis Outlaw,1,2:43,POR,shot,,,,,,,,,,Steve Blake,,,,missed,,3pt,21,30
Antoine Wright,Dirk Nowitzki,Erick Dampier,Jason Kidd,Jason Terry,Brandon Roy,Channing Frye,LaMarcus Aldridge,Steve Blake,Travis Outlaw,1,2:42,DAL,rebound,,,,,,,,,,Jason Kidd,,,,,,def,,
Antoine Wright,Dirk Nowitzki,Erick Dampier,Jason Kidd,Jason Terry,Brandon Roy,Channing Frye,LaMarcus Aldridge,Steve Blake,Travis Outlaw,1,2:27,DAL,shot,Jason Kidd,,,,,,,,,Jason Terry,2,,,made,,jump,6,9
Antoine Wright,Dirk Nowitzki,Erick Dampier,Jason Kidd,Jason Terry,Brandon Roy,Channing Frye,LaMarcus Aldridge,Steve Blake,Travis Outlaw,1,2:10,POR,shot,Brandon Roy,,,,,,,,,LaMarcus Aldridge,2,,,made,,jump,36,21
Antoine Wright,Dirk Nowitzki,Erick Dampier,Jason Kidd,Jason Terry,Brandon Roy,Channing Frye,LaMarcus Aldridge,Steve Blake,Travis Outlaw,1,1:46,DAL,shot,,,,,,,,,,Dirk Nowitzki,2,,,made,,turnaround jump,28,21
Antoine Wright,Dirk Nowitzki,Erick Dampier,Jason Kidd,Jason Terry,Brandon Roy,Channing Frye,LaMarcus Aldridge,Steve Blake,Travis Outlaw,1,1:28,POR,shot,Brandon Roy,,,,,,,,,LaMarcus Aldridge,2,,,made,,jump,39,21
Antoine Wright,Dirk Nowitzki,Erick Dampier,Jason Kidd,Jason Terry,Brandon Roy,Channing Frye,LaMarcus Aldridge,Steve Blake,Travis Outlaw,1,1:08,DAL,shot,,,,,,,,,,Jason Terry,,,,missed,,fade away jumper,25,16
Antoine Wright,Dirk Nowitzki,Erick Dampier,Jason Kidd,Jason Terry,Brandon Roy,Channing Frye,LaMarcus Aldridge,Steve Blake,Travis Outlaw,1,1:07,POR,rebound,,,,,,,,,,LaMarcus Aldridge,,,,,,def,,
Antoine Wright,Dirk Nowitzki,Erick Dampier,Jason Kidd,Jason Terry,Brandon Roy,Channing Frye,LaMarcus Aldridge,Steve Blake,Travis Outlaw,1,1:04,DAL,foul,,,,,,,,Brandon Roy,,Antoine Wright,,,,,,shooting,,
Antoine Wright,Dirk Nowitzki,Erick Dampier,Jason Kidd,Jason Terry,Brandon Roy,Channing Frye,LaMarcus Aldridge,Sergio Rodriguez,Travis Outlaw,1,1:04,POR,sub,,,,Sergio Rodriguez,,Steve Blake,,,,,,,,,,,,
Antoine Wright,Brandon Bass,Dirk Nowitzki,Jason Kidd,Jason Terry,Brandon Roy,Channing Frye,LaMarcus Aldridge,Sergio Rodriguez,Travis Outlaw,1,1:04,DAL,sub,,,,Brandon Bass,,Erick Dampier,,,,,,,,,,,,
Antoine Wright,Brandon Bass,Dirk Nowitzki,Jason Kidd,Jason Terry,Brandon Roy,Channing Frye,LaMarcus Aldridge,Sergio Rodriguez,Travis Outlaw,1,1:04,POR,free throw,,,,,,,1,,2,Brandon Roy,,,foul,made,,,,
Antoine Wright,Brandon Bass,Dirk Nowitzki,Jason Kidd,Jason Terry,Brandon Roy,Channing Frye,LaMarcus Aldridge,Sergio Rodriguez,Travis Outlaw,1,1:04,POR,free throw,,,,,,,2,,2,Brandon Roy,,,foul,made,,,,
Antoine Wright,Brandon Bass,Dirk Nowitzki,Jason Kidd,Jason Terry,Brandon Roy,Channing Frye,LaMarcus Aldridge,Sergio Rodriguez,Travis Outlaw,1,0:47,DAL,shot,,,,,,,,,,Dirk Nowitzki,,,,missed,,driving layup,25,6
Antoine Wright,Brandon Bass,Dirk Nowitzki,Jason Kidd,Jason Terry,Brandon Roy,Channing Frye,LaMarcus Aldridge,Sergio Rodriguez,Travis Outlaw,1,0:44,POR,rebound,,,,,,,,,,Channing Frye,,,,,,def,,
Antoine Wright,Brandon Bass,Dirk Nowitzki,Jason Kidd,Jason Terry,Brandon Roy,Channing Frye,LaMarcus Aldridge,Sergio Rodriguez,Travis Outlaw,1,0:37,POR,shot,Sergio Rodriguez,,,,,,,,,Travis Outlaw,3,,,made,,3pt,3,6
Antoine Wright,Brandon Bass,Dirk Nowitzki,Jason Kidd,Jason Terry,Brandon Roy,Channing Frye,LaMarcus Aldridge,Sergio Rodriguez,Travis Outlaw,1,0:22,DAL,shot,,,,,,,,,,Brandon Bass,,,,missed,,turnaround hook,21,9
Antoine Wright,Brandon Bass,Dirk Nowitzki,Jason Kidd,Jason Terry,Brandon Roy,Channing Frye,LaMarcus Aldridge,Sergio Rodriguez,Travis Outlaw,1,0:21,POR,rebound,,,,,,,,,,LaMarcus Aldridge,,,,,,def,,
Antoine Wright,Brandon Bass,Dirk Nowitzki,Jason Kidd,Jason Terry,Brandon Roy,Channing Frye,LaMarcus Aldridge,Sergio Rodriguez,Travis Outlaw,1,0:00,POR,shot,,,,,,,,,,Sergio Rodriguez,,,,missed,,jump,34,15
Antoine Wright,Brandon Bass,Dirk Nowitzki,Jason Kidd,Jason Terry,Brandon Roy,Channing Frye,LaMarcus Aldridge,Sergio Rodriguez,Travis Outlaw,1,0:00,DAL,rebound,,,,,,,,,,Jason Kidd,,,,,,def,,
Brandon Bass,Devean George,Dirk Nowitzki,Jason Terry,Jose Juan Barea,Channing Frye,LaMarcus Aldridge,Sergio Rodriguez,Steve Blake,Travis Outlaw,2,11:45,DAL,shot,Jason Terry,,,,,,,,,Brandon Bass,2,,,made,,slam dunk,25,6
Brandon Bass,Devean George,Dirk Nowitzki,Jason Terry,Jose Juan Barea,Channing Frye,LaMarcus Aldridge,Sergio Rodriguez,Steve Blake,Travis Outlaw,2,11:23,POR,shot,,,Devean George,,,,,,,Travis Outlaw,,,,missed,,layup,25,6
Brandon Bass,Devean George,Dirk Nowitzki,Jason Terry,Jose Juan Barea,Channing Frye,LaMarcus Aldridge,Sergio Rodriguez,Steve Blake,Travis Outlaw,2,11:20,DAL,rebound,,,,,,,,,,Jose Juan Barea,,,,,,def,,
Brandon Bass,Devean George,Dirk Nowitzki,Jason Terry,Jose Juan Barea,Channing Frye,LaMarcus Aldridge,Sergio Rodriguez,Steve Blake,Travis Outlaw,2,11:10,DAL,shot,,,,,,,,,,Jose Juan Barea,,,,missed,,3pt,35,28
Brandon Bass,Devean George,Dirk Nowitzki,Jason Terry,Jose Juan Barea,Channing Frye,LaMarcus Aldridge,Sergio Rodriguez,Steve Blake,Travis Outlaw,2,11:09,POR,rebound,,,,,,,,,,Sergio Rodriguez,,,,,,def,,
Brandon Bass,Devean George,Dirk Nowitzki,Jason Terry,Jose Juan Barea,Channing Frye,LaMarcus Aldridge,Sergio Rodriguez,Steve Blake,Travis Outlaw,2,10:58,DAL,foul,,,,,,,,LaMarcus Aldridge,,Jason Terry,,,,,,shooting,,
Brandon Bass,Devean George,Dirk Nowitzki,Jason Terry,Jose Juan Barea,Channing Frye,LaMarcus Aldridge,Sergio Rodriguez,Steve Blake,Travis Outlaw,2,10:58,POR,free throw,,,,,,,1,,2,LaMarcus Aldridge,,,foul,made,,,,
Brandon Bass,Devean George,Dirk Nowitzki,Jason Terry,Jose Juan Barea,Channing Frye,LaMarcus Aldridge,Sergio Rodriguez,Steve Blake,Travis Outlaw,2,10:58,POR,free throw,,,,,,,2,,2,LaMarcus Aldridge,,,foul,made,,,,
Brandon Bass,Devean George,Dirk Nowitzki,Jason Terry,Jose Juan Barea,Channing Frye,LaMarcus Aldridge,Sergio Rodriguez,Steve Blake,Travis Outlaw,2,10:43,POR,foul,,,,,,,,Jason Terry,,Steve Blake,,,,,,shooting,,
Brandon Bass,Devean George,Dirk Nowitzki,Jason Terry,Jose Juan Barea,Channing Frye,LaMarcus Aldridge,Sergio Rodriguez,Steve Blake,Travis Outlaw,2,10:43,DAL,free throw,,,,,,,1,,2,Jason Terry,,,foul,made,,,,
Brandon Bass,Devean George,Dirk Nowitzki,Jason Terry,Jose Juan Barea,Channing Frye,LaMarcus Aldridge,Sergio Rodriguez,Steve Blake,Travis Outlaw,2,10:43,DAL,free throw,,,,,,,2,,2,Jason Terry,,,foul,made,,,,
Brandon Bass,Devean George,Dirk Nowitzki,Jason Terry,Jose Juan Barea,Channing Frye,LaMarcus Aldridge,Sergio Rodriguez,Steve Blake,Travis Outlaw,2,10:29,DAL,foul,,,,,,,,Steve Blake,,Devean George,,,,,,personal,,
Brandon Bass,Devean George,Dirk Nowitzki,Jason Terry,Jose Juan Barea,Channing Frye,Jerryd Bayless,LaMarcus Aldridge,Sergio Rodriguez,Travis Outlaw,2,10:29,POR,sub,,,,Jerryd Bayless,,Steve Blake,,,,,,,,,,,,
Brandon Bass,Devean George,Dirk Nowitzki,Jason Terry,Jose Juan Barea,Channing Frye,Jerryd Bayless,LaMarcus Aldridge,Sergio Rodriguez,Travis Outlaw,2,10:15,POR,shot,,,,,,,,,,Channing Frye,,,,missed,,jump,20,28
Brandon Bass,Devean George,Dirk Nowitzki,Jason Terry,Jose Juan Barea,Channing Frye,Jerryd Bayless,LaMarcus Aldridge,Sergio Rodriguez,Travis Outlaw,2,10:14,DAL,rebound,,,,,,,,,,Dirk Nowitzki,,,,,,def,,
Brandon Bass,Devean George,Dirk Nowitzki,Jason Terry,Jose Juan Barea,Channing Frye,Jerryd Bayless,LaMarcus Aldridge,Sergio Rodriguez,Travis Outlaw,2,9:52,DAL,shot,,,,,,,,,,Jason Terry,2,,,made,,jump,44,11
Brandon Bass,Devean George,Dirk Nowitzki,Jason Terry,Jose Juan Barea,Channing Frye,Jerryd Bayless,LaMarcus Aldridge,Sergio Rodriguez,Travis Outlaw,2,9:35,POR,shot,,,,,,,,,,LaMarcus Aldridge,,,,missed,,jump,42,19
Brandon Bass,Devean George,Dirk Nowitzki,Jason Terry,Jose Juan Barea,Channing Frye,Jerryd Bayless,LaMarcus Aldridge,Sergio Rodriguez,Travis Outlaw,2,9:35,DAL,rebound,,,,,,,,,,Dirk Nowitzki,,,,,,def,,
Brandon Bass,Devean George,Dirk Nowitzki,Jason Terry,Jose Juan Barea,Channing Frye,Jerryd Bayless,LaMarcus Aldridge,Sergio Rodriguez,Travis Outlaw,2,9:26,DAL,shot,Jose Juan Barea,,,,,,,,,Dirk Nowitzki,2,,,made,,turnaround jump,26,22
Brandon Bass,Devean George,Dirk Nowitzki,Jason Terry,Jose Juan Barea,Channing Frye,Jerryd Bayless,LaMarcus Aldridge,Sergio Rodriguez,Travis Outlaw,2,9:05,POR,shot,,,,,,,,,,Jerryd Bayless,,,,missed,,jump,44,7
Brandon Bass,Devean George,Dirk Nowitzki,Jason Terry,Jose Juan Barea,Channing Frye,Jerryd Bayless,LaMarcus Aldridge,Sergio Rodriguez,Travis Outlaw,2,9:04,DAL,rebound,,,,,,,,,,Dirk Nowitzki,,,,,,def,,
Brandon Bass,Devean George,Dirk Nowitzki,Jason Terry,Jose Juan Barea,Channing Frye,Jerryd Bayless,LaMarcus Aldridge,Sergio Rodriguez,Travis Outlaw,2,8:53,DAL,turnover,,,,,,,,,,Brandon Bass,,,out of bounds lost ball turnover,,,,,
Brandon Bass,Devean George,Dirk Nowitzki,Jason Terry,Jose Juan Barea,Channing Frye,Jerryd Bayless,LaMarcus Aldridge,Sergio Rodriguez,Travis Outlaw,2,8:53,OFF,timeout,,,,,,,,,,,,,,,,official,,
Brandon Bass,Devean George,Dirk Nowitzki,Jason Terry,Jose Juan Barea,Channing Frye,Jerryd Bayless,Joel Przybilla,Sergio Rodriguez,Travis Outlaw,2,8:53,POR,sub,,,,Joel Przybilla,,LaMarcus Aldridge,,,,,,,,,,,,
Brandon Bass,Devean George,Dirk Nowitzki,Jason Terry,Jose Juan Barea,Brandon Roy,Jerryd Bayless,Joel Przybilla,Sergio Rodriguez,Travis Outlaw,2,8:53,POR,sub,,,,Brandon Roy,,Channing Frye,,,,,,,,,,,,
Brandon Bass,Devean George,Dirk Nowitzki,Jason Terry,Jose Juan Barea,Brandon Roy,Jerryd Bayless,Joel Przybilla,Sergio Rodriguez,Travis Outlaw,2,8:36,POR,shot,Sergio Rodriguez,,,,,,,,,Travis Outlaw,3,,,made,,3pt,14,27
Brandon Bass,Devean George,Dirk Nowitzki,Jason Terry,Jose Juan Barea,Brandon Roy,Jerryd Bayless,Joel Przybilla,Sergio Rodriguez,Travis Outlaw,2,8:11,DAL,shot,,,,,,,,,,Jason Terry,,,,missed,,jump,17,10
Brandon Bass,Devean George,Dirk Nowitzki,Jason Terry,Jose Juan Barea,Brandon Roy,Jerryd Bayless,Joel Przybilla,Sergio Rodriguez,Travis Outlaw,2,8:10,DAL,shot,,,,,,,,,,Jason Terry,,,,missed,,tip,25,6
Brandon Bass,Devean George,Dirk Nowitzki,Jason Terry,Jose Juan Barea,Brandon Roy,Jerryd Bayless,Joel Przybilla,Sergio Rodriguez,Travis Outlaw,2,8:10,DAL,rebound,,,,,,,,,,Jason Terry,,,,,,off,,
Brandon Bass,Devean George,Dirk Nowitzki,Jason Terry,Jose Juan Barea,Brandon Roy,Jerryd Bayless,Joel Przybilla,Sergio Rodriguez,Travis Outlaw,2,8:09,DAL,rebound,,,,,,,,,,Brandon Bass,,,,,,off,,
Brandon Bass,Devean George,Dirk Nowitzki,Jason Terry,Jose Juan Barea,Brandon Roy,Jerryd Bayless,Joel Przybilla,Sergio Rodriguez,Travis Outlaw,2,8:09,POR,foul,,,,,,,,Brandon Bass,,Brandon Roy,,,,,,shooting,,
Brandon Bass,Devean George,Dirk Nowitzki,Jason Terry,Jose Juan Barea,Brandon Roy,Jerryd Bayless,Joel Przybilla,Sergio Rodriguez,Travis Outlaw,2,8:09,DAL,free throw,,,,,,,1,,2,Brandon Bass,,,foul,made,,,,
Brandon Bass,Devean George,Dirk Nowitzki,Jason Terry,Jose Juan Barea,Brandon Roy,Jerryd Bayless,Joel Przybilla,Sergio Rodriguez,Travis Outlaw,2,8:09,DAL,free throw,,,,,,,2,,2,Brandon Bass,,,foul,made,,,,
Brandon Bass,Devean George,Dirk Nowitzki,Jason Terry,Jose Juan Barea,Brandon Roy,Jerryd Bayless,Joel Przybilla,Sergio Rodriguez,Travis Outlaw,2,7:50,POR,shot,,,,,,,,,,Sergio Rodriguez,,,,missed,,3pt,2,6
Brandon Bass,Devean George,Dirk Nowitzki,Jason Terry,Jose Juan Barea,Brandon Roy,Jerryd Bayless,Joel Przybilla,Sergio Rodriguez,Travis Outlaw,2,7:50,DAL,rebound,,,,,,,,,,Jason Terry,,,,,,def,,
Brandon Bass,Devean George,Dirk Nowitzki,Jason Terry,Jose Juan Barea,Brandon Roy,Jerryd Bayless,Joel Przybilla,Sergio Rodriguez,Travis Outlaw,2,7:40,POR,foul,,,,,,,,Dirk Nowitzki,,Joel Przybilla,,,,,,personal,,
Brandon Bass,Devean George,Dirk Nowitzki,Jason Terry,Jose Juan Barea,Brandon Roy,Jerryd Bayless,Joel Przybilla,Sergio Rodriguez,Travis Outlaw,2,7:28,DAL,shot,,,,,,,,,,Dirk Nowitzki,2,,,made,,turnaround fade away,23,22
Brandon Bass,Devean George,Dirk Nowitzki,Jason Terry,Jose Juan Barea,Brandon Roy,Jerryd Bayless,Joel Przybilla,Sergio Rodriguez,Travis Outlaw,2,7:00,POR,shot,,,,,,,,,,Sergio Rodriguez,,,,missed,,running jump,30,23
Brandon Bass,Devean George,Dirk Nowitzki,Jason Terry,Jose Juan Barea,Brandon Roy,Jerryd Bayless,Joel Przybilla,Sergio Rodriguez,Travis Outlaw,2,7:00,DAL,rebound,,,,,,,,,,Brandon Bass,,,,,,def,,
Brandon Bass,Devean George,Dirk Nowitzki,Jason Terry,Jose Juan Barea,Brandon Roy,Jerryd Bayless,Joel Przybilla,Sergio Rodriguez,Travis Outlaw,2,6:42,DAL,shot,,,,,,,,,,Dirk Nowitzki,2,,,made,,turnaround fade away,33,20
Brandon Bass,Devean George,Dirk Nowitzki,Jason Terry,Jose Juan Barea,Brandon Roy,Jerryd Bayless,Joel Przybilla,Sergio Rodriguez,Travis Outlaw,2,6:32,DAL,foul,,,,,,,,Sergio Rodriguez,,Jose Juan Barea,,,,,,personal,,
Brandon Bass,Devean George,Dirk Nowitzki,Jason Terry,Jose Juan Barea,Brandon Roy,Joel Przybilla,LaMarcus Aldridge,Sergio Rodriguez,Travis Outlaw,2,6:32,POR,sub,,,,LaMarcus Aldridge,,Jerryd Bayless,,,,,,,,,,,,
Brandon Bass,Devean George,Dirk Nowitzki,Jason Terry,Jose Juan Barea,Brandon Roy,Joel Przybilla,LaMarcus Aldridge,Sergio Rodriguez,Travis Outlaw,2,6:25,POR,shot,Sergio Rodriguez,,,,,,,,,LaMarcus Aldridge,2,,,made,,jump,22,26
Brandon Bass,Devean George,Dirk Nowitzki,Jason Terry,Jose Juan Barea,Brandon Roy,Joel Przybilla,LaMarcus Aldridge,Sergio Rodriguez,Travis Outlaw,2,6:03,DAL,shot,,,,,,,,,,Jason Terry,2,,,made,,driving finger roll layup,25,6
Brandon Bass,Devean George,Dirk Nowitzki,Jason Terry,Jose Juan Barea,Brandon Roy,Joel Przybilla,LaMarcus Aldridge,Sergio Rodriguez,Travis Outlaw,2,5:48,DAL,foul,,,,,,,,Brandon Roy,,Dirk Nowitzki,,,,,,shooting,,
Brandon Bass,Devean George,Dirk Nowitzki,Jason Terry,Jose Juan Barea,Brandon Roy,Joel Przybilla,LaMarcus Aldridge,Sergio Rodriguez,Travis Outlaw,2,5:48,POR,timeout,,,,,,,,,,,,,,,,regular,,
Brandon Bass,Devean George,Jason Kidd,Jason Terry,Jose Juan Barea,Brandon Roy,Joel Przybilla,LaMarcus Aldridge,Sergio Rodriguez,Travis Outlaw,2,5:48,DAL,sub,,,,Jason Kidd,,Dirk Nowitzki,,,,,,,,,,,,
Brandon Bass,Erick Dampier,Jason Kidd,Jason Terry,Jose Juan Barea,Brandon Roy,Joel Przybilla,LaMarcus Aldridge,Sergio Rodriguez,Travis Outlaw,2,5:48,DAL,sub,,,,Erick Dampier,,Devean George,,,,,,,,,,,,
Brandon Bass,Erick Dampier,Jason Kidd,Jason Terry,Jose Juan Barea,Brandon Roy,Joel Przybilla,LaMarcus Aldridge,Sergio Rodriguez,Travis Outlaw,2,5:48,POR,free throw,,,,,,,1,,2,Brandon Roy,,,foul,made,,,,
Brandon Bass,Erick Dampier,Jason Kidd,Jason Terry,Jose Juan Barea,Brandon Roy,Joel Przybilla,LaMarcus Aldridge,Sergio Rodriguez,Travis Outlaw,2,5:48,POR,free throw,,,,,,,2,,2,Brandon Roy,,,foul,made,,,,
Brandon Bass,Erick Dampier,Jason Kidd,Jason Terry,Jose Juan Barea,Brandon Roy,Joel Przybilla,LaMarcus Aldridge,Sergio Rodriguez,Travis Outlaw,2,5:28,DAL,shot,,,,,,,,,,Jason Terry,,,,missed,,jump,23,27
Brandon Bass,Erick Dampier,Jason Kidd,Jason Terry,Jose Juan Barea,Brandon Roy,Joel Przybilla,LaMarcus Aldridge,Sergio Rodriguez,Travis Outlaw,2,5:26,POR,rebound,,,,,,,,,,Joel Przybilla,,,,,,def,,
Brandon Bass,Erick Dampier,Jason Kidd,Jason Terry,Jose Juan Barea,Brandon Roy,Joel Przybilla,LaMarcus Aldridge,Sergio Rodriguez,Travis Outlaw,2,5:11,DAL,foul,,,,,,,,Travis Outlaw,,Jason Terry,,,,,,personal,,
Brandon Bass,Erick Dampier,Jason Kidd,Jason Terry,Jose Juan Barea,Brandon Roy,Joel Przybilla,LaMarcus Aldridge,Sergio Rodriguez,Travis Outlaw,2,5:11,POR,free throw,,,,,,,1,,2,Travis Outlaw,,,foul,made,,,,
Brandon Bass,Erick Dampier,Jason Kidd,Jason Terry,Jose Juan Barea,Brandon Roy,Joel Przybilla,LaMarcus Aldridge,Sergio Rodriguez,Travis Outlaw,2,5:11,POR,free throw,,,,,,,2,,2,Travis Outlaw,,,foul,made,,,,
Brandon Bass,Erick Dampier,Jason Kidd,Jason Terry,Jose Juan Barea,Brandon Roy,Joel Przybilla,LaMarcus Aldridge,Sergio Rodriguez,Travis Outlaw,2,4:55,DAL,shot,,,,,,,,,,Brandon Bass,,,,missed,,jump,9,10
Brandon Bass,Erick Dampier,Jason Kidd,Jason Terry,Jose Juan Barea,Brandon Roy,Joel Przybilla,LaMarcus Aldridge,Sergio Rodriguez,Travis Outlaw,2,4:55,POR,rebound,,,,,,,,,,LaMarcus Aldridge,,,,,,def,,
Brandon Bass,Erick Dampier,Jason Kidd,Jason Terry,Jose Juan Barea,Brandon Roy,Joel Przybilla,LaMarcus Aldridge,Sergio Rodriguez,Travis Outlaw,2,4:35,POR,shot,,,,,,,,,,Brandon Roy,,,,missed,,pullup jump,38,19
Brandon Bass,Erick Dampier,Jason Kidd,Jason Terry,Jose Juan Barea,Brandon Roy,Joel Przybilla,LaMarcus Aldridge,Sergio Rodriguez,Travis Outlaw,2,4:34,DAL,rebound,,,,,,,,,,Jason Kidd,,,,,,def,,
Brandon Bass,Erick Dampier,Jason Kidd,Jason Terry,Jose Juan Barea,Brandon Roy,Joel Przybilla,LaMarcus Aldridge,Sergio Rodriguez,Travis Outlaw,2,4:29,DAL,shot,Jason Kidd,,,,,,,,,Jose Juan Barea,2,,,made,,driving layup,25,6
Brandon Bass,Erick Dampier,Jason Kidd,Jason Terry,Jose Juan Barea,Brandon Roy,Joel Przybilla,LaMarcus Aldridge,Sergio Rodriguez,Travis Outlaw,2,4:29,POR,foul,,,,,,,,Jose Juan Barea,,Sergio Rodriguez,,,,,,shooting,,
Brandon Bass,Erick Dampier,Jason Kidd,Jason Terry,Jose Juan Barea,Brandon Roy,Jerryd Bayless,Joel Przybilla,LaMarcus Aldridge,Travis Outlaw,2,4:29,POR,sub,,,,Jerryd Bayless,,Sergio Rodriguez,,,,,,,,,,,,
Brandon Bass,Erick Dampier,Jason Kidd,Jason Terry,Jose Juan Barea,Brandon Roy,Jerryd Bayless,Joel Przybilla,LaMarcus Aldridge,Travis Outlaw,2,4:29,DAL,free throw,,,,,,,1,,1,Jose Juan Barea,,,foul,made,,,,
Brandon Bass,Erick Dampier,Jason Kidd,Jason Terry,Jose Juan Barea,Brandon Roy,Jerryd Bayless,Joel Przybilla,LaMarcus Aldridge,Travis Outlaw,2,4:09,POR,shot,,,,,,,,,,Travis Outlaw,,,,missed,,turnaround jump,20,21
Brandon Bass,Erick Dampier,Jason Kidd,Jason Terry,Jose Juan Barea,Brandon Roy,Jerryd Bayless,Joel Przybilla,LaMarcus Aldridge,Travis Outlaw,2,4:09,DAL,rebound,,,,,,,,,,Jose Juan Barea,,,,,,def,,
Brandon Bass,Erick Dampier,Jason Kidd,Jason Terry,Jose Juan Barea,Brandon Roy,Jerryd Bayless,Joel Przybilla,LaMarcus Aldridge,Travis Outlaw,2,4:06,POR,foul,,,,,,,,Jose Juan Barea,,Travis Outlaw,,,,,,personal,,
Brandon Bass,Erick Dampier,Jason Kidd,Jason Terry,Jose Juan Barea,Brandon Roy,Jerryd Bayless,Joel Przybilla,LaMarcus Aldridge,Travis Outlaw,2,4:06,DAL,free throw,,,,,,,1,,2,Jose Juan Barea,,,foul,made,,,,
Brandon Bass,Erick Dampier,Jason Kidd,Jason Terry,Jose Juan Barea,Brandon Roy,Jerryd Bayless,Joel Przybilla,LaMarcus Aldridge,Travis Outlaw,2,4:06,DAL,free throw,,,,,,,2,,2,Jose Juan Barea,,,foul,made,,,,
Brandon Bass,Erick Dampier,Jason Kidd,Jason Terry,Jose Juan Barea,Brandon Roy,Jerryd Bayless,Joel Przybilla,LaMarcus Aldridge,Travis Outlaw,2,3:50,POR,shot,,,Erick Dampier,,,,,,,Jerryd Bayless,,,,missed,,driving layup,25,6
Brandon Bass,Erick Dampier,Jason Kidd,Jason Terry,Jose Juan Barea,Brandon Roy,Jerryd Bayless,Joel Przybilla,LaMarcus Aldridge,Travis Outlaw,2,3:48,DAL,rebound,,,,,,,,,,Jason Kidd,,,,,,def,,
Brandon Bass,Erick Dampier,Jason Kidd,Jason Terry,Jose Juan Barea,Brandon Roy,Jerryd Bayless,Joel Przybilla,LaMarcus Aldridge,Travis Outlaw,2,3:43,DAL,shot,,,,,,,,,,Jason Terry,2,,,made,,jump,13,10
Brandon Bass,Erick Dampier,Jason Kidd,Jason Terry,Jose Juan Barea,Brandon Roy,Jerryd Bayless,Joel Przybilla,LaMarcus Aldridge,Travis Outlaw,2,3:33,DAL,foul,,,,,,,,Brandon Roy,,Brandon Bass,,,,,,shooting,,
Brandon Bass,Erick Dampier,Jason Kidd,Jason Terry,Jose Juan Barea,Brandon Roy,Jerryd Bayless,Joel Przybilla,LaMarcus Aldridge,Travis Outlaw,2,3:33,POR,free throw,,,,,,,1,,2,Brandon Roy,,,foul,made,,,,
Brandon Bass,Erick Dampier,Jason Kidd,Jason Terry,Jose Juan Barea,Brandon Roy,Jerryd Bayless,Joel Przybilla,LaMarcus Aldridge,Travis Outlaw,2,3:33,POR,free throw,,,,,,,2,,2,Brandon Roy,,,foul,missed,,,,
Brandon Bass,Erick Dampier,Jason Kidd,Jason Terry,Jose Juan Barea,Brandon Roy,Jerryd Bayless,Joel Przybilla,LaMarcus Aldridge,Travis Outlaw,2,3:31,POR,rebound,,,,,,,,,,Brandon Roy,,,,,,off,,
Brandon Bass,Erick Dampier,Jason Kidd,Jason Terry,Jose Juan Barea,Brandon Roy,Jerryd Bayless,Joel Przybilla,LaMarcus Aldridge,Travis Outlaw,2,3:22,POR,shot,,,,,,,,,,LaMarcus Aldridge,2,,,made,,step back jump,36,6
Brandon Bass,Erick Dampier,Jason Kidd,Jason Terry,Jose Juan Barea,Brandon Roy,Jerryd Bayless,Joel Przybilla,LaMarcus Aldridge,Travis Outlaw,2,3:12,DAL,timeout,,,,,,,,,,,,,,,,regular,,
Brandon Bass,Erick Dampier,Jason Kidd,Jason Terry,Jose Juan Barea,Brandon Roy,Jerryd Bayless,Joel Przybilla,LaMarcus Aldridge,Travis Outlaw,2,3:04,DAL,shot,,,,,,,,,,Jason Terry,,,,missed,,jump,8,7
Brandon Bass,Erick Dampier,Jason Kidd,Jason Terry,Jose Juan Barea,Brandon Roy,Jerryd Bayless,Joel Przybilla,LaMarcus Aldridge,Travis Outlaw,2,3:02,DAL,rebound,,,,,,,,,,Jason Kidd,,,,,,off,,
Brandon Bass,Erick Dampier,Jason Kidd,Jason Terry,Jose Juan Barea,Brandon Roy,Jerryd Bayless,Joel Przybilla,LaMarcus Aldridge,Travis Outlaw,2,2:49,DAL,shot,,,,,,,,,,Erick Dampier,,,,missed,,dunk,25,6
Brandon Bass,Erick Dampier,Jason Kidd,Jason Terry,Jose Juan Barea,Brandon Roy,Jerryd Bayless,Joel Przybilla,LaMarcus Aldridge,Travis Outlaw,2,2:48,POR,rebound,,,,,,,,,,Jerryd Bayless,,,,,,def,,
Brandon Bass,Erick Dampier,Jason Kidd,Jason Terry,Jose Juan Barea,Brandon Roy,Jerryd Bayless,Joel Przybilla,LaMarcus Aldridge,Travis Outlaw,2,2:33,POR,shot,,,,,,,,,,LaMarcus Aldridge,,,,missed,,step back jump,40,7
Brandon Bass,Erick Dampier,Jason Kidd,Jason Terry,Jose Juan Barea,Brandon Roy,Jerryd Bayless,Joel Przybilla,LaMarcus Aldridge,Travis Outlaw,2,2:32,DAL,rebound,,,,,,,,,,Jose Juan Barea,,,,,,def,,
Brandon Bass,Erick Dampier,Jason Kidd,Jason Terry,Jose Juan Barea,Brandon Roy,Jerryd Bayless,Joel Przybilla,LaMarcus Aldridge,Travis Outlaw,2,2:14,DAL,shot,Jason Kidd,,,,,,,,,Brandon Bass,2,,,made,,jump,43,7
Brandon Bass,Erick Dampier,Jason Kidd,Jason Terry,Jose Juan Barea,Brandon Roy,Jerryd Bayless,Joel Przybilla,LaMarcus Aldridge,Travis Outlaw,2,1:52,POR,shot,,,,,,,,,,Brandon Roy,2,,,made,,running jump,25,12
Brandon Bass,Erick Dampier,Jason Kidd,Jason Terry,Jose Juan Barea,Brandon Roy,Jerryd Bayless,Joel Przybilla,LaMarcus Aldridge,Travis Outlaw,2,1:32,DAL,shot,,,,,,,,,,Jason Terry,2,,,made,,running jump,25,10
Brandon Bass,Erick Dampier,Jason Kidd,Jason Terry,Jose Juan Barea,Brandon Roy,Jerryd Bayless,Joel Przybilla,LaMarcus Aldridge,Travis Outlaw,2,1:22,POR,turnover,,,,,,,,,,Brandon Roy,,,bad pass,,Brandon Bass,,,
Brandon Bass,Erick Dampier,Jason Kidd,Jason Terry,Jose Juan Barea,Brandon Roy,Jerryd Bayless,Joel Przybilla,LaMarcus Aldridge,Travis Outlaw,2,1:11,DAL,shot,Jason Kidd,,,,,,,,,Jason Terry,3,,,made,,3pt,2,8
Brandon Bass,Erick Dampier,Jason Kidd,Jason Terry,Jose Juan Barea,Brandon Roy,Jerryd Bayless,Joel Przybilla,LaMarcus Aldridge,Travis Outlaw,2,0:54,POR,turnover,,,,,,,,,,Brandon Roy,,,bad pass,,Brandon Bass,,,
Brandon Bass,Erick Dampier,Jason Kidd,Jason Terry,Jose Juan Barea,Brandon Roy,Jerryd Bayless,Joel Przybilla,LaMarcus Aldridge,Travis Outlaw,2,0:33,DAL,shot,,,,,,,,,,Brandon Bass,,,,missed,,jump,40,13
Brandon Bass,Erick Dampier,Jason Kidd,Jason Terry,Jose Juan Barea,Brandon Roy,Jerryd Bayless,Joel Przybilla,LaMarcus Aldridge,Travis Outlaw,2,0:32,POR,rebound,,,,,,,,,,Joel Przybilla,,,,,,def,,
Brandon Bass,Erick Dampier,Jason Kidd,Jason Terry,Jose Juan Barea,Brandon Roy,Jerryd Bayless,Joel Przybilla,LaMarcus Aldridge,Travis Outlaw,2,0:22,POR,shot,,,,,,,,,,Brandon Roy,,,,missed,,layup,25,6
Brandon Bass,Erick Dampier,Jason Kidd,Jason Terry,Jose Juan Barea,Brandon Roy,Jerryd Bayless,Joel Przybilla,LaMarcus Aldridge,Travis Outlaw,2,0:21,POR,shot,,,,,,,,,,Joel Przybilla,,,,missed,,tip,25,6
Brandon Bass,Erick Dampier,Jason Kidd,Jason Terry,Jose Juan Barea,Brandon Roy,Jerryd Bayless,Joel Przybilla,LaMarcus Aldridge,Travis Outlaw,2,0:21,POR,rebound,,,,,,,,,,Joel Przybilla,,,,,,off,,
Brandon Bass,Erick Dampier,Jason Kidd,Jason Terry,Jose Juan Barea,Brandon Roy,Jerryd Bayless,Joel Przybilla,LaMarcus Aldridge,Travis Outlaw,2,0:20,POR,rebound,,,,,,,,,,Joel Przybilla,,,,,,off,,
Brandon Bass,Erick Dampier,Jason Kidd,Jason Terry,Jose Juan Barea,Brandon Roy,Jerryd Bayless,Joel Przybilla,LaMarcus Aldridge,Travis Outlaw,2,0:13,POR,shot,Joel Przybilla,,,,,,,,,Brandon Roy,3,,,made,,3pt,2,7
Brandon Bass,Erick Dampier,Jason Kidd,Jason Terry,Jose Juan Barea,Brandon Roy,Jerryd Bayless,Joel Przybilla,LaMarcus Aldridge,Travis Outlaw,2,0:00,DAL,shot,,,,,,,,,,Jason Terry,,,,missed,,3pt,24,32
Brandon Bass,Erick Dampier,Jason Kidd,Jason Terry,Jose Juan Barea,Brandon Roy,Jerryd Bayless,Joel Przybilla,LaMarcus Aldridge,Travis Outlaw,2,0:00,DAL,rebound,,,,,,,,,,,,,,,,,,
Antoine Wright,Dirk Nowitzki,Erick Dampier,Jason Kidd,Jose Juan Barea,Brandon Roy,Joel Przybilla,LaMarcus Aldridge,Nicolas Batum,Steve Blake,3,11:44,DAL,shot,Dirk Nowitzki,,,,,,,,,Erick Dampier,2,,,made,,alley oop dunk,25,6
Antoine Wright,Dirk Nowitzki,Erick Dampier,Jason Kidd,Jose Juan Barea,Brandon Roy,Joel Przybilla,LaMarcus Aldridge,Nicolas Batum,Steve Blake,3,11:27,DAL,foul,,,,,,,,Joel Przybilla,,Jason Kidd,,,,,,shooting,,
Antoine Wright,Dirk Nowitzki,Erick Dampier,Jason Kidd,Jose Juan Barea,Brandon Roy,Joel Przybilla,LaMarcus Aldridge,Nicolas Batum,Steve Blake,3,11:27,POR,free throw,,,,,,,1,,2,Joel Przybilla,,,foul,made,,,,
Antoine Wright,Dirk Nowitzki,Erick Dampier,Jason Kidd,Jose Juan Barea,Brandon Roy,Joel Przybilla,LaMarcus Aldridge,Nicolas Batum,Steve Blake,3,11:27,POR,free throw,,,,,,,2,,2,Joel Przybilla,,,foul,made,,,,
Antoine Wright,Dirk Nowitzki,Erick Dampier,Jason Kidd,Jose Juan Barea,Brandon Roy,Joel Przybilla,LaMarcus Aldridge,Nicolas Batum,Steve Blake,3,11:10,DAL,shot,,,,,,,,,,Dirk Nowitzki,,,,missed,,jump,18,25
Antoine Wright,Dirk Nowitzki,Erick Dampier,Jason Kidd,Jose Juan Barea,Brandon Roy,Joel Przybilla,LaMarcus Aldridge,Nicolas Batum,Steve Blake,3,11:08,POR,rebound,,,,,,,,,,Joel Przybilla,,,,,,def,,
Antoine Wright,Dirk Nowitzki,Erick Dampier,Jason Kidd,Jose Juan Barea,Brandon Roy,Joel Przybilla,LaMarcus Aldridge,Nicolas Batum,Steve Blake,3,10:59,POR,shot,LaMarcus Aldridge,,,,,,,,,Steve Blake,2,,,made,,jump,37,6
Antoine Wright,Dirk Nowitzki,Erick Dampier,Jason Kidd,Jose Juan Barea,Brandon Roy,Joel Przybilla,LaMarcus Aldridge,Nicolas Batum,Steve Blake,3,10:31,DAL,shot,Jason Kidd,,,,,,,,,Dirk Nowitzki,2,,,made,,jump,28,21
Antoine Wright,Dirk Nowitzki,Erick Dampier,Jason Kidd,Jose Juan Barea,Brandon Roy,Joel Przybilla,LaMarcus Aldridge,Nicolas Batum,Steve Blake,3,10:11,POR,shot,,,,,,,,,,Brandon Roy,,,,missed,,driving layup,25,6
Antoine Wright,Dirk Nowitzki,Erick Dampier,Jason Kidd,Jose Juan Barea,Brandon Roy,Joel Przybilla,LaMarcus Aldridge,Nicolas Batum,Steve Blake,3,10:10,DAL,rebound,,,,,,,,,,Dirk Nowitzki,,,,,,def,,
Antoine Wright,Dirk Nowitzki,Erick Dampier,Jason Kidd,Jose Juan Barea,Brandon Roy,Joel Przybilla,LaMarcus Aldridge,Nicolas Batum,Steve Blake,3,10:02,DAL,shot,,,Joel Przybilla,,,,,,,Erick Dampier,,,,missed,,layup,25,6
Antoine Wright,Dirk Nowitzki,Erick Dampier,Jason Kidd,Jose Juan Barea,Brandon Roy,Joel Przybilla,LaMarcus Aldridge,Nicolas Batum,Steve Blake,3,10:01,DAL,rebound,,,,,,,,,,Erick Dampier,,,,,,off,,
Antoine Wright,Dirk Nowitzki,Erick Dampier,Jason Kidd,Jose Juan Barea,Brandon Roy,Joel Przybilla,LaMarcus Aldridge,Nicolas Batum,Steve Blake,3,9:58,POR,foul,,,,,,,,Jason Kidd,,Nicolas Batum,,,,,,personal,,
Antoine Wright,Dirk Nowitzki,Erick Dampier,Jason Kidd,Jose Juan Barea,Brandon Roy,Joel Przybilla,LaMarcus Aldridge,Nicolas Batum,Steve Blake,3,9:47,DAL,shot,,,,,,,,,,Jason Kidd,2,,,made,,driving layup,25,6
Antoine Wright,Dirk Nowitzki,Erick Dampier,Jason Kidd,Jose Juan Barea,Brandon Roy,Joel Przybilla,LaMarcus Aldridge,Nicolas Batum,Steve Blake,3,9:47,POR,foul,,,,,,,,Jason Kidd,,Nicolas Batum,,,,,,shooting,,
Antoine Wright,Dirk Nowitzki,Erick Dampier,Jason Kidd,Jose Juan Barea,Brandon Roy,Joel Przybilla,LaMarcus Aldridge,Nicolas Batum,Steve Blake,3,9:47,DAL,free throw,,,,,,,1,,1,Jason Kidd,,,foul,made,,,,
Antoine Wright,Dirk Nowitzki,Erick Dampier,Jason Kidd,Jose Juan Barea,Brandon Roy,Joel Przybilla,LaMarcus Aldridge,Nicolas Batum,Steve Blake,3,9:44,POR,timeout,,,,,,,,,,,,,,,,regular,,
Antoine Wright,Dirk Nowitzki,Erick Dampier,Jason Kidd,Jose Juan Barea,Brandon Roy,Joel Przybilla,LaMarcus Aldridge,Nicolas Batum,Steve Blake,3,9:32,POR,shot,,,,,,,,,,LaMarcus Aldridge,2,,,made,,driving hook,20,10
Antoine Wright,Dirk Nowitzki,Erick Dampier,Jason Kidd,Jose Juan Barea,Brandon Roy,Joel Przybilla,LaMarcus Aldridge,Nicolas Batum,Steve Blake,3,9:13,DAL,turnover,,,,,,,,,,Jason Kidd,,,bad pass,,Brandon Roy,,,
Antoine Wright,Dirk Nowitzki,Erick Dampier,Jason Kidd,Jose Juan Barea,Brandon Roy,Joel Przybilla,LaMarcus Aldridge,Nicolas Batum,Steve Blake,3,9:03,POR,shot,,,,,,,,,,Nicolas Batum,,,,missed,,3pt,48,6
Antoine Wright,Dirk Nowitzki,Erick Dampier,Jason Kidd,Jose Juan Barea,Brandon Roy,Joel Przybilla,LaMarcus Aldridge,Nicolas Batum,Steve Blake,3,9:03,DAL,rebound,,,,,,,,,,Antoine Wright,,,,,,def,,
Antoine Wright,Dirk Nowitzki,Erick Dampier,Jason Kidd,Jose Juan Barea,Brandon Roy,Joel Przybilla,LaMarcus Aldridge,Nicolas Batum,Steve Blake,3,8:37,DAL,shot,,,,,,,,,,Dirk Nowitzki,,,,missed,,jump,20,28
Antoine Wright,Dirk Nowitzki,Erick Dampier,Jason Kidd,Jose Juan Barea,Brandon Roy,Joel Przybilla,LaMarcus Aldridge,Nicolas Batum,Steve Blake,3,8:35,DAL,rebound,,,,,,,,,,Jose Juan Barea,,,,,,off,,
Antoine Wright,Dirk Nowitzki,Erick Dampier,Jason Kidd,Jose Juan Barea,Brandon Roy,Joel Przybilla,LaMarcus Aldridge,Nicolas Batum,Steve Blake,3,8:31,DAL,shot,,,,,,,,,,Jose Juan Barea,,,,missed,,3pt,47,6
Antoine Wright,Dirk Nowitzki,Erick Dampier,Jason Kidd,Jose Juan Barea,Brandon Roy,Joel Przybilla,LaMarcus Aldridge,Nicolas Batum,Steve Blake,3,8:29,POR,rebound,,,,,,,,,,Joel Przybilla,,,,,,def,,
Antoine Wright,Dirk Nowitzki,Erick Dampier,Jason Kidd,Jose Juan Barea,Brandon Roy,Joel Przybilla,LaMarcus Aldridge,Nicolas Batum,Steve Blake,3,8:23,DAL,foul,,,,,,,,Brandon Roy,,Antoine Wright,,,,,,personal,,
Antoine Wright,Dirk Nowitzki,Erick Dampier,Jason Kidd,Jose Juan Barea,Brandon Roy,Joel Przybilla,LaMarcus Aldridge,Nicolas Batum,Steve Blake,3,8:16,POR,shot,,,,,,,,,,Steve Blake,,,,missed,,jump,13,24
Antoine Wright,Dirk Nowitzki,Erick Dampier,Jason Kidd,Jose Juan Barea,Brandon Roy,Joel Przybilla,LaMarcus Aldridge,Nicolas Batum,Steve Blake,3,8:14,DAL,rebound,,,,,,,,,,,,,,,,,,
Antoine Wright,Dirk Nowitzki,Erick Dampier,Jason Kidd,Jose Juan Barea,Brandon Roy,Joel Przybilla,LaMarcus Aldridge,Nicolas Batum,Steve Blake,3,7:58,DAL,shot,,,,,,,,,,Dirk Nowitzki,,,,missed,,driving finger roll layup,25,6
Antoine Wright,Dirk Nowitzki,Erick Dampier,Jason Kidd,Jose Juan Barea,Brandon Roy,Joel Przybilla,LaMarcus Aldridge,Nicolas Batum,Steve Blake,3,7:52,POR,rebound,,,,,,,,,,Brandon Roy,,,,,,def,,
Antoine Wright,Dirk Nowitzki,Erick Dampier,Jason Kidd,Jose Juan Barea,Brandon Roy,Joel Przybilla,LaMarcus Aldridge,Nicolas Batum,Steve Blake,3,7:41,POR,shot,,,,,,,,,,LaMarcus Aldridge,2,,,made,,jump,38,21
Antoine Wright,Dirk Nowitzki,Erick Dampier,Jason Kidd,Jose Juan Barea,Brandon Roy,Joel Przybilla,LaMarcus Aldridge,Nicolas Batum,Steve Blake,3,7:21,DAL,foul,,,,,,,,Steve Blake,,Jose Juan Barea,,,,,,offensive,,
Antoine Wright,Dirk Nowitzki,Erick Dampier,Jason Kidd,Jose Juan Barea,Brandon Roy,Joel Przybilla,LaMarcus Aldridge,Nicolas Batum,Steve Blake,3,7:21,DAL,turnover,,,,,,,,,,Jose Juan Barea,,,foul,,,,,
Antoine Wright,Dirk Nowitzki,Erick Dampier,Jason Kidd,Jose Juan Barea,Brandon Roy,Joel Przybilla,LaMarcus Aldridge,Nicolas Batum,Steve Blake,3,7:03,POR,shot,,,,,,,,,,Brandon Roy,,,,missed,,jump,15,16
Antoine Wright,Dirk Nowitzki,Erick Dampier,Jason Kidd,Jose Juan Barea,Brandon Roy,Joel Przybilla,LaMarcus Aldridge,Nicolas Batum,Steve Blake,3,7:01,POR,rebound,,,,,,,,,,Nicolas Batum,,,,,,off,,
Antoine Wright,Dirk Nowitzki,Erick Dampier,Jason Kidd,Jose Juan Barea,Brandon Roy,Joel Przybilla,LaMarcus Aldridge,Nicolas Batum,Steve Blake,3,7:00,POR,shot,,,,,,,,,,Nicolas Batum,2,,,made,,layup,25,6
Antoine Wright,Dirk Nowitzki,Erick Dampier,Jason Kidd,Jose Juan Barea,Brandon Roy,Joel Przybilla,LaMarcus Aldridge,Nicolas Batum,Steve Blake,3,6:59,DAL,timeout,,,,,,,,,,,,,,,,regular,,
Antoine Wright,Dirk Nowitzki,Erick Dampier,Jason Kidd,Jason Terry,Brandon Roy,Joel Przybilla,LaMarcus Aldridge,Nicolas Batum,Steve Blake,3,6:59,DAL,sub,,,,Jason Terry,,Jose Juan Barea,,,,,,,,,,,,
Antoine Wright,Dirk Nowitzki,Erick Dampier,Jason Kidd,Jason Terry,Brandon Roy,Joel Przybilla,LaMarcus Aldridge,Nicolas Batum,Steve Blake,3,6:35,DAL,shot,,,,,,,,,,Jason Terry,,,,missed,,jump,7,6
Antoine Wright,Dirk Nowitzki,Erick Dampier,Jason Kidd,Jason Terry,Brandon Roy,Joel Przybilla,LaMarcus Aldridge,Nicolas Batum,Steve Blake,3,6:35,POR,rebound,,,,,,,,,,Nicolas Batum,,,,,,def,,
Antoine Wright,Dirk Nowitzki,Erick Dampier,Jason Kidd,Jason Terry,Brandon Roy,Joel Przybilla,LaMarcus Aldridge,Nicolas Batum,Steve Blake,3,6:15,POR,shot,Steve Blake,,,,,,,,,LaMarcus Aldridge,2,,,made,,driving dunk,25,6
Antoine Wright,Dirk Nowitzki,Erick Dampier,Jason Kidd,Jason Terry,Brandon Roy,Joel Przybilla,LaMarcus Aldridge,Nicolas Batum,Steve Blake,3,6:15,DAL,foul,,,,,,,,LaMarcus Aldridge,,Erick Dampier,,,,,,shooting,,
Antoine Wright,Dirk Nowitzki,Erick Dampier,Jason Kidd,Jason Terry,Brandon Roy,Joel Przybilla,LaMarcus Aldridge,Nicolas Batum,Steve Blake,3,6:15,POR,free throw,,,,,,,1,,1,LaMarcus Aldridge,,,foul,made,,,,
Antoine Wright,Dirk Nowitzki,Erick Dampier,Jason Kidd,Jason Terry,Brandon Roy,Joel Przybilla,LaMarcus Aldridge,Nicolas Batum,Steve Blake,3,5:55,DAL,turnover,,,,,,,,,,Dirk Nowitzki,,,lost ball,,LaMarcus Aldridge,,,
Antoine Wright,Dirk Nowitzki,Erick Dampier,Jason Kidd,Jason Terry,Brandon Roy,Joel Przybilla,LaMarcus Aldridge,Nicolas Batum,Steve Blake,3,5:54,DAL,foul,,,,,,,,Nicolas Batum,,Dirk Nowitzki,,,,,,personal,,
Antoine Wright,Dirk Nowitzki,Erick Dampier,Jason Kidd,Jason Terry,Brandon Roy,Joel Przybilla,LaMarcus Aldridge,Nicolas Batum,Steve Blake,3,5:43,POR,turnover,,,,,,,,,,Nicolas Batum,,,traveling,,,,,
Antoine Wright,Dirk Nowitzki,Erick Dampier,Jason Kidd,Jason Terry,Brandon Roy,Joel Przybilla,LaMarcus Aldridge,Nicolas Batum,Steve Blake,3,5:23,DAL,shot,Jason Terry,,,,,,,,,Erick Dampier,2,,,made,,dunk,25,6
Antoine Wright,Dirk Nowitzki,Erick Dampier,Jason Kidd,Jason Terry,Brandon Roy,Joel Przybilla,LaMarcus Aldridge,Nicolas Batum,Steve Blake,3,5:02,POR,shot,,,,,,,,,,Brandon Roy,2,,,made,,floating jump,19,7
Antoine Wright,Dirk Nowitzki,Erick Dampier,Jason Kidd,Jason Terry,Brandon Roy,Joel Przybilla,LaMarcus Aldridge,Nicolas Batum,Steve Blake,3,5:02,DAL,foul,,,,,,,,Brandon Roy,,Antoine Wright,,,,,,shooting,,
Antoine Wright,Dirk Nowitzki,Erick Dampier,Jason Kidd,Jason Terry,Brandon Roy,Joel Przybilla,LaMarcus Aldridge,Steve Blake,Travis Outlaw,3,5:02,POR,sub,,,,Travis Outlaw,,Nicolas Batum,,,,,,,,,,,,
Antoine Wright,Dirk Nowitzki,Erick Dampier,Jason Kidd,Jason Terry,Brandon Roy,Joel Przybilla,LaMarcus Aldridge,Steve Blake,Travis Outlaw,3,5:02,POR,free throw,,,,,,,1,,1,Brandon Roy,,,foul,made,,,,
Antoine Wright,Dirk Nowitzki,Erick Dampier,Jason Kidd,Jason Terry,Brandon Roy,Joel Przybilla,LaMarcus Aldridge,Steve Blake,Travis Outlaw,3,4:40,DAL,shot,,,,,,,,,,Dirk Nowitzki,,,,missed,,jump,33,20
Antoine Wright,Dirk Nowitzki,Erick Dampier,Jason Kidd,Jason Terry,Brandon Roy,Joel Przybilla,LaMarcus Aldridge,Steve Blake,Travis Outlaw,3,4:39,DAL,rebound,,,,,,,,,,Erick Dampier,,,,,,off,,
Antoine Wright,Dirk Nowitzki,Erick Dampier,Jason Kidd,Jason Terry,Brandon Roy,Joel Przybilla,LaMarcus Aldridge,Steve Blake,Travis Outlaw,3,4:38,DAL,shot,,,,,,,,,,Erick Dampier,2,,,made,,dunk,25,6
Antoine Wright,Dirk Nowitzki,Erick Dampier,Jason Kidd,Jason Terry,Brandon Roy,Joel Przybilla,LaMarcus Aldridge,Steve Blake,Travis Outlaw,3,4:16,POR,turnover,,,,,,,,,,Brandon Roy,,,bad pass,,Jason Terry,,,
Antoine Wright,Dirk Nowitzki,Erick Dampier,Jason Kidd,Jason Terry,Brandon Roy,Joel Przybilla,LaMarcus Aldridge,Steve Blake,Travis Outlaw,3,4:09,DAL,shot,,,Joel Przybilla,,,,,,,Antoine Wright,,,,missed,,jump,22,7
Antoine Wright,Dirk Nowitzki,Erick Dampier,Jason Kidd,Jason Terry,Brandon Roy,Joel Przybilla,LaMarcus Aldridge,Steve Blake,Travis Outlaw,3,4:07,POR,rebound,,,,,,,,,,Joel Przybilla,,,,,,def,,
Antoine Wright,Dirk Nowitzki,Erick Dampier,Jason Kidd,Jason Terry,Brandon Roy,Joel Przybilla,LaMarcus Aldridge,Steve Blake,Travis Outlaw,3,3:56,DAL,foul,,,,,,,,LaMarcus Aldridge,,Dirk Nowitzki,,,,,,personal,,
Antoine Wright,Dirk Nowitzki,Erick Dampier,Jason Kidd,Jason Terry,Brandon Roy,Joel Przybilla,LaMarcus Aldridge,Steve Blake,Travis Outlaw,3,3:56,POR,free throw,,,,,,,1,,2,LaMarcus Aldridge,,,foul,made,,,,
Antoine Wright,Dirk Nowitzki,Erick Dampier,Jason Kidd,Jason Terry,Brandon Roy,Channing Frye,LaMarcus Aldridge,Steve Blake,Travis Outlaw,3,3:56,POR,sub,,,,Channing Frye,,Joel Przybilla,,,,,,,,,,,,
Antoine Wright,Dirk Nowitzki,Erick Dampier,Jason Kidd,Jason Terry,Brandon Roy,Channing Frye,LaMarcus Aldridge,Steve Blake,Travis Outlaw,3,3:56,POR,free throw,,,,,,,2,,2,LaMarcus Aldridge,,,foul,made,,,,
Antoine Wright,Dirk Nowitzki,Erick Dampier,Jason Kidd,Jason Terry,Brandon Roy,Channing Frye,LaMarcus Aldridge,Steve Blake,Travis Outlaw,3,3:39,DAL,shot,,,LaMarcus Aldridge,,,,,,,Jason Terry,,,,missed,,jump,11,6
Antoine Wright,Dirk Nowitzki,Erick Dampier,Jason Kidd,Jason Terry,Brandon Roy,Channing Frye,LaMarcus Aldridge,Steve Blake,Travis Outlaw,3,3:38,POR,rebound,,,,,,,,,,Channing Frye,,,,,,def,,
Antoine Wright,Dirk Nowitzki,Erick Dampier,Jason Kidd,Jason Terry,Brandon Roy,Channing Frye,LaMarcus Aldridge,Steve Blake,Travis Outlaw,3,3:28,POR,shot,,,,,,,,,,Steve Blake,,,,missed,,3pt,48,5
Antoine Wright,Dirk Nowitzki,Erick Dampier,Jason Kidd,Jason Terry,Brandon Roy,Channing Frye,LaMarcus Aldridge,Steve Blake,Travis Outlaw,3,3:27,DAL,rebound,,,,,,,,,,Erick Dampier,,,,,,def,,
Antoine Wright,Dirk Nowitzki,Erick Dampier,Jason Kidd,Jason Terry,Brandon Roy,Channing Frye,LaMarcus Aldridge,Steve Blake,Travis Outlaw,3,3:14,DAL,shot,,,,,,,,,,Antoine Wright,,,,missed,,3pt,48,5
Antoine Wright,Dirk Nowitzki,Erick Dampier,Jason Kidd,Jason Terry,Brandon Roy,Channing Frye,LaMarcus Aldridge,Steve Blake,Travis Outlaw,3,3:14,POR,rebound,,,,,,,,,,,,,,,,,,
Antoine Wright,Dirk Nowitzki,Erick Dampier,Jason Kidd,Jason Terry,Brandon Roy,Channing Frye,LaMarcus Aldridge,Steve Blake,Travis Outlaw,3,3:01,POR,shot,,,,,,,,,,Brandon Roy,,,,missed,,driving layup,25,6
Antoine Wright,Dirk Nowitzki,Erick Dampier,Jason Kidd,Jason Terry,Brandon Roy,Channing Frye,LaMarcus Aldridge,Steve Blake,Travis Outlaw,3,3:00,DAL,rebound,,,,,,,,,,Jason Kidd,,,,,,def,,
Antoine Wright,Dirk Nowitzki,Erick Dampier,Jason Kidd,Jason Terry,Brandon Roy,Channing Frye,LaMarcus Aldridge,Steve Blake,Travis Outlaw,3,2:45,DAL,shot,,,,,,,,,,Dirk Nowitzki,2,,,made,,jump,32,16
Antoine Wright,Dirk Nowitzki,Erick Dampier,Jason Kidd,Jason Terry,Brandon Roy,Channing Frye,LaMarcus Aldridge,Steve Blake,Travis Outlaw,3,2:23,POR,shot,,,,,,,,,,LaMarcus Aldridge,,,,missed,,turnaround fade away,17,9
Antoine Wright,Dirk Nowitzki,Erick Dampier,Jason Kidd,Jason Terry,Brandon Roy,Channing Frye,LaMarcus Aldridge,Steve Blake,Travis Outlaw,3,2:22,DAL,rebound,,,,,,,,,,Dirk Nowitzki,,,,,,def,,
Antoine Wright,Dirk Nowitzki,Erick Dampier,Jason Kidd,Jason Terry,Brandon Roy,Channing Frye,LaMarcus Aldridge,Steve Blake,Travis Outlaw,3,2:16,DAL,shot,,,,,,,,,,Dirk Nowitzki,,,,missed,,3pt,16,29
Antoine Wright,Dirk Nowitzki,Erick Dampier,Jason Kidd,Jason Terry,Brandon Roy,Channing Frye,LaMarcus Aldridge,Steve Blake,Travis Outlaw,3,2:14,DAL,rebound,,,,,,,,,,Erick Dampier,,,,,,off,,
Antoine Wright,Dirk Nowitzki,Erick Dampier,Jason Kidd,Jason Terry,Brandon Roy,Channing Frye,LaMarcus Aldridge,Steve Blake,Travis Outlaw,3,2:10,DAL,shot,Erick Dampier,,,,,,,,,Jason Terry,3,,,made,,3pt,38,27
Antoine Wright,Dirk Nowitzki,Erick Dampier,Jason Kidd,Jason Terry,Brandon Roy,Channing Frye,LaMarcus Aldridge,Steve Blake,Travis Outlaw,3,1:52,POR,shot,,,,,,,,,,Brandon Roy,2,,,made,,driving jump,24,12
Antoine Wright,Dirk Nowitzki,Erick Dampier,Jason Kidd,Jason Terry,Brandon Roy,Channing Frye,LaMarcus Aldridge,Steve Blake,Travis Outlaw,3,1:52,DAL,foul,,,,,,,,Brandon Roy,,Antoine Wright,,,,,,shooting,,
Antoine Wright,Dirk Nowitzki,Erick Dampier,Jason Kidd,Jason Terry,Brandon Roy,Channing Frye,LaMarcus Aldridge,Sergio Rodriguez,Travis Outlaw,3,1:52,POR,sub,,,,Sergio Rodriguez,,Steve Blake,,,,,,,,,,,,
Antoine Wright,Dirk Nowitzki,Erick Dampier,Jason Kidd,Jason Terry,Brandon Roy,Channing Frye,LaMarcus Aldridge,Sergio Rodriguez,Travis Outlaw,3,1:52,POR,free throw,,,,,,,1,,1,Brandon Roy,,,foul,made,,,,
Antoine Wright,Dirk Nowitzki,Erick Dampier,Jason Kidd,Jason Terry,Brandon Roy,Channing Frye,LaMarcus Aldridge,Sergio Rodriguez,Travis Outlaw,3,1:45,POR,foul,,,,,,,,Jason Terry,,Sergio Rodriguez,,,,,,personal,,
Antoine Wright,Dirk Nowitzki,Erick Dampier,Jason Kidd,Jason Terry,Brandon Roy,Channing Frye,LaMarcus Aldridge,Sergio Rodriguez,Travis Outlaw,3,1:39,DAL,shot,,,,,,,,,,Jason Kidd,2,,,made,,turnaround hook,29,8
Antoine Wright,Dirk Nowitzki,Erick Dampier,Jason Kidd,Jason Terry,Brandon Roy,Channing Frye,LaMarcus Aldridge,Sergio Rodriguez,Travis Outlaw,3,1:21,POR,turnover,,,,,,,,,,Channing Frye,,,lost ball,,Jason Terry,,,
Antoine Wright,Dirk Nowitzki,Erick Dampier,Jason Kidd,Jason Terry,Brandon Roy,Channing Frye,LaMarcus Aldridge,Sergio Rodriguez,Travis Outlaw,3,1:09,DAL,shot,,,,,,,,,,Jason Terry,,,,missed,,3pt,47,7
Antoine Wright,Dirk Nowitzki,Erick Dampier,Jason Kidd,Jason Terry,Brandon Roy,Channing Frye,LaMarcus Aldridge,Sergio Rodriguez,Travis Outlaw,3,1:09,DAL,rebound,,,,,,,,,,Dirk Nowitzki,,,,,,off,,
Antoine Wright,Dirk Nowitzki,Erick Dampier,Jason Kidd,Jason Terry,Brandon Roy,Channing Frye,LaMarcus Aldridge,Sergio Rodriguez,Travis Outlaw,3,1:00,DAL,shot,,,,,,,,,,Dirk Nowitzki,,,,missed,,step back jump,32,19
Antoine Wright,Dirk Nowitzki,Erick Dampier,Jason Kidd,Jason Terry,Brandon Roy,Channing Frye,LaMarcus Aldridge,Sergio Rodriguez,Travis Outlaw,3,0:57,POR,rebound,,,,,,,,,,LaMarcus Aldridge,,,,,,def,,
Antoine Wright,Dirk Nowitzki,Erick Dampier,Jason Kidd,Jason Terry,Brandon Roy,Channing Frye,LaMarcus Aldridge,Sergio Rodriguez,Travis Outlaw,3,0:39,POR,shot,Sergio Rodriguez,,,,,,,,,Brandon Roy,2,,,made,,driving layup,25,6
Antoine Wright,Dirk Nowitzki,Erick Dampier,Jason Kidd,Jason Terry,Brandon Roy,Channing Frye,LaMarcus Aldridge,Sergio Rodriguez,Travis Outlaw,3,0:28,DAL,shot,,,,,,,,,,Jason Kidd,,,,missed,,3pt,17,29
Antoine Wright,Dirk Nowitzki,Erick Dampier,Jason Kidd,Jason Terry,Brandon Roy,Channing Frye,LaMarcus Aldridge,Sergio Rodriguez,Travis Outlaw,3,0:27,POR,rebound,,,,,,,,,,,,,,,,,,
Devean George,Dirk Nowitzki,Erick Dampier,Jason Kidd,Jason Terry,Brandon Roy,Channing Frye,LaMarcus Aldridge,Sergio Rodriguez,Travis Outlaw,3,0:27,DAL,sub,,,,Devean George,,Antoine Wright,,,,,,,,,,,,
Devean George,Dirk Nowitzki,Erick Dampier,Jason Kidd,Jason Terry,Brandon Roy,Channing Frye,LaMarcus Aldridge,Steve Blake,Travis Outlaw,3,0:27,POR,sub,,,,Steve Blake,,Sergio Rodriguez,,,,,,,,,,,,
Brandon Bass,Devean George,Dirk Nowitzki,Jason Kidd,Jason Terry,Brandon Roy,Channing Frye,LaMarcus Aldridge,Steve Blake,Travis Outlaw,3,0:27,DAL,sub,,,,Brandon Bass,,Erick Dampier,,,,,,,,,,,,
Brandon Bass,Devean George,Dirk Nowitzki,Jason Kidd,Jason Terry,Brandon Roy,Channing Frye,LaMarcus Aldridge,Steve Blake,Travis Outlaw,3,0:08,POR,turnover,,,,,,,,,,Travis Outlaw,,,lost ball,,Dirk Nowitzki,,,
Brandon Bass,Devean George,Dirk Nowitzki,Jason Kidd,Jason Terry,Brandon Roy,Channing Frye,LaMarcus Aldridge,Steve Blake,Travis Outlaw,3,0:03,DAL,shot,,,,,,,,,,Jason Kidd,2,,,made,,driving layup,25,6
Brandon Bass,Devean George,Dirk Nowitzki,Jason Kidd,Jason Terry,Brandon Roy,Channing Frye,LaMarcus Aldridge,Steve Blake,Travis Outlaw,3,0:00,POR,shot,,,,,,,,,,Brandon Roy,,,,missed,,3pt,32,57
Brandon Bass,Devean George,Dirk Nowitzki,Jason Kidd,Jason Terry,Brandon Roy,Channing Frye,LaMarcus Aldridge,Steve Blake,Travis Outlaw,3,0:00,POR,rebound,,,,,,,,,,,,,,,,,,
Brandon Bass,Devean George,Dirk Nowitzki,Jason Terry,Jose Juan Barea,Channing Frye,LaMarcus Aldridge,Sergio Rodriguez,Steve Blake,Travis Outlaw,4,11:36,POR,shot,,,,,,,,,,Steve Blake,2,,,made,,step back jump,42,7
Brandon Bass,Devean George,Dirk Nowitzki,Jason Terry,Jose Juan Barea,Channing Frye,LaMarcus Aldridge,Sergio Rodriguez,Steve Blake,Travis Outlaw,4,11:12,DAL,turnover,,,,,,,,,,Jose Juan Barea,,,lost ball,,Channing Frye,,,
Brandon Bass,Devean George,Dirk Nowitzki,Jason Terry,Jose Juan Barea,Channing Frye,LaMarcus Aldridge,Sergio Rodriguez,Steve Blake,Travis Outlaw,4,11:08,POR,shot,LaMarcus Aldridge,,,,,,,,,Travis Outlaw,2,,,made,,layup,25,6
Brandon Bass,Devean George,Dirk Nowitzki,Jason Terry,Jose Juan Barea,Channing Frye,LaMarcus Aldridge,Sergio Rodriguez,Steve Blake,Travis Outlaw,4,11:07,DAL,timeout,,,,,,,,,,,,,,,,regular,,
Brandon Bass,Devean George,Dirk Nowitzki,Jason Terry,Jose Juan Barea,Channing Frye,LaMarcus Aldridge,Sergio Rodriguez,Steve Blake,Travis Outlaw,4,10:53,POR,foul,,,,,,,,Dirk Nowitzki,,Travis Outlaw,,,,,,shooting,,
Brandon Bass,Devean George,Dirk Nowitzki,Jason Terry,Jose Juan Barea,Channing Frye,LaMarcus Aldridge,Sergio Rodriguez,Steve Blake,Travis Outlaw,4,10:53,DAL,free throw,,,,,,,1,,2,Dirk Nowitzki,,,foul,made,,,,
Brandon Bass,Devean George,Dirk Nowitzki,Jason Terry,Jose Juan Barea,Channing Frye,LaMarcus Aldridge,Sergio Rodriguez,Steve Blake,Travis Outlaw,4,10:53,DAL,free throw,,,,,,,2,,2,Dirk Nowitzki,,,foul,made,,,,
Brandon Bass,Devean George,Dirk Nowitzki,Jason Terry,Jose Juan Barea,Channing Frye,LaMarcus Aldridge,Sergio Rodriguez,Steve Blake,Travis Outlaw,4,10:42,POR,shot,,,,,,,,,,Sergio Rodriguez,,,,missed,,3pt,36,27
Brandon Bass,Devean George,Dirk Nowitzki,Jason Terry,Jose Juan Barea,Channing Frye,LaMarcus Aldridge,Sergio Rodriguez,Steve Blake,Travis Outlaw,4,10:41,DAL,rebound,,,,,,,,,,Dirk Nowitzki,,,,,,def,,
Brandon Bass,Devean George,Dirk Nowitzki,Jason Terry,Jose Juan Barea,Channing Frye,LaMarcus Aldridge,Sergio Rodriguez,Steve Blake,Travis Outlaw,4,10:17,DAL,turnover,,,,,,,,,,Dirk Nowitzki,,,lost ball,,Sergio Rodriguez,,,
Brandon Bass,Devean George,Dirk Nowitzki,Jason Terry,Jose Juan Barea,Channing Frye,LaMarcus Aldridge,Sergio Rodriguez,Steve Blake,Travis Outlaw,4,10:12,POR,shot,Steve Blake,,,,,,,,,LaMarcus Aldridge,2,,,made,,dunk,25,6
Brandon Bass,Devean George,Dirk Nowitzki,Jason Terry,Jose Juan Barea,Channing Frye,LaMarcus Aldridge,Sergio Rodriguez,Steve Blake,Travis Outlaw,4,9:50,POR,foul,,,,,,,,Dirk Nowitzki,,LaMarcus Aldridge,,,,,,personal,,
Brandon Bass,Devean George,Dirk Nowitzki,Jason Terry,Jose Juan Barea,Brandon Roy,Channing Frye,LaMarcus Aldridge,Steve Blake,Travis Outlaw,4,9:50,POR,sub,,,,Brandon Roy,,Sergio Rodriguez,,,,,,,,,,,,
Brandon Bass,Devean George,Dirk Nowitzki,Jason Terry,Jose Juan Barea,Brandon Roy,Channing Frye,Joel Przybilla,Steve Blake,Travis Outlaw,4,9:50,POR,sub,,,,Joel Przybilla,,LaMarcus Aldridge,,,,,,,,,,,,
Brandon Bass,Devean George,Dirk Nowitzki,Jason Terry,Jose Juan Barea,Brandon Roy,Channing Frye,Joel Przybilla,Steve Blake,Travis Outlaw,4,9:37,DAL,shot,,,,,,,,,,Dirk Nowitzki,2,,,made,,jump,36,22
Brandon Bass,Devean George,Dirk Nowitzki,Jason Terry,Jose Juan Barea,Brandon Roy,Channing Frye,Joel Przybilla,Steve Blake,Travis Outlaw,4,9:20,POR,turnover,,,,,,,,,,Brandon Roy,,,bad pass,,Devean George,,,
Brandon Bass,Devean George,Dirk Nowitzki,Jason Terry,Jose Juan Barea,Brandon Roy,Channing Frye,Joel Przybilla,Steve Blake,Travis Outlaw,4,9:17,DAL,turnover,,,,,,,,,,Devean George,,,lost ball,,Steve Blake,,,
Brandon Bass,Devean George,Dirk Nowitzki,Jason Terry,Jose Juan Barea,Brandon Roy,Channing Frye,Joel Przybilla,Steve Blake,Travis Outlaw,4,9:01,POR,shot,,,,,,,,,,Brandon Roy,,,,missed,,running jump,30,9
Brandon Bass,Devean George,Dirk Nowitzki,Jason Terry,Jose Juan Barea,Brandon Roy,Channing Frye,Joel Przybilla,Steve Blake,Travis Outlaw,4,9:00,DAL,rebound,,,,,,,,,,,,,,,,,,
Brandon Bass,Devean George,Dirk Nowitzki,Jason Terry,Jose Juan Barea,Brandon Roy,Channing Frye,Joel Przybilla,Steve Blake,Travis Outlaw,4,8:45,DAL,shot,Jose Juan Barea,,,,,,,,,Brandon Bass,2,,,made,,jump,35,18
Brandon Bass,Devean George,Dirk Nowitzki,Jason Terry,Jose Juan Barea,Brandon Roy,Channing Frye,Joel Przybilla,Steve Blake,Travis Outlaw,4,8:36,POR,timeout,,,,,,,,,,,,,,,,regular,,
Brandon Bass,Devean George,Dirk Nowitzki,Jason Terry,Jose Juan Barea,Brandon Roy,Joel Przybilla,LaMarcus Aldridge,Steve Blake,Travis Outlaw,4,8:36,POR,sub,,,,LaMarcus Aldridge,,Channing Frye,,,,,,,,,,,,
Brandon Bass,Devean George,Dirk Nowitzki,Jason Terry,Jose Juan Barea,Brandon Roy,Joel Przybilla,LaMarcus Aldridge,Steve Blake,Travis Outlaw,4,8:27,POR,shot,,,Dirk Nowitzki,,,,,,,Travis Outlaw,,,,missed,,3pt,2,6
Brandon Bass,Devean George,Dirk Nowitzki,Jason Terry,Jose Juan Barea,Brandon Roy,Joel Przybilla,LaMarcus Aldridge,Steve Blake,Travis Outlaw,4,8:26,POR,shot,,,,,,,,,,Joel Przybilla,2,,,made,,layup,25,6
Brandon Bass,Devean George,Dirk Nowitzki,Jason Terry,Jose Juan Barea,Brandon Roy,Joel Przybilla,LaMarcus Aldridge,Steve Blake,Travis Outlaw,4,8:26,POR,rebound,,,,,,,,,,Joel Przybilla,,,,,,off,,
Brandon Bass,Devean George,Dirk Nowitzki,Jason Terry,Jose Juan Barea,Brandon Roy,Joel Przybilla,LaMarcus Aldridge,Steve Blake,Travis Outlaw,4,8:26,DAL,foul,,,,,,,,Joel Przybilla,,Devean George,,,,,,shooting,,
Brandon Bass,Devean George,Dirk Nowitzki,Jason Terry,Jose Juan Barea,Brandon Roy,Joel Przybilla,LaMarcus Aldridge,Steve Blake,Travis Outlaw,4,8:26,POR,free throw,,,,,,,1,,1,Joel Przybilla,,,foul,missed,,,,
Brandon Bass,Devean George,Dirk Nowitzki,Jason Terry,Jose Juan Barea,Brandon Roy,Joel Przybilla,LaMarcus Aldridge,Steve Blake,Travis Outlaw,4,8:25,DAL,rebound,,,,,,,,,,Devean George,,,,,,def,,
Brandon Bass,Devean George,Dirk Nowitzki,Jason Terry,Jose Juan Barea,Brandon Roy,Joel Przybilla,LaMarcus Aldridge,Steve Blake,Travis Outlaw,4,8:09,DAL,shot,,,,,,,,,,Jason Terry,,,,missed,,3pt,2,6
Brandon Bass,Devean George,Dirk Nowitzki,Jason Terry,Jose Juan Barea,Brandon Roy,Joel Przybilla,LaMarcus Aldridge,Steve Blake,Travis Outlaw,4,8:09,POR,rebound,,,,,,,,,,Joel Przybilla,,,,,,def,,
Brandon Bass,Devean George,Dirk Nowitzki,Jason Terry,Jose Juan Barea,Brandon Roy,Joel Przybilla,LaMarcus Aldridge,Steve Blake,Travis Outlaw,4,7:54,POR,shot,,,,,,,,,,Brandon Roy,2,,,made,,driving layup,25,6
Brandon Bass,Devean George,Dirk Nowitzki,Jason Terry,Jose Juan Barea,Brandon Roy,Joel Przybilla,LaMarcus Aldridge,Steve Blake,Travis Outlaw,4,7:30,DAL,shot,,,Joel Przybilla,,,,,,,Jose Juan Barea,,,,missed,,driving layup,25,6
Brandon Bass,Devean George,Dirk Nowitzki,Jason Terry,Jose Juan Barea,Brandon Roy,Joel Przybilla,LaMarcus Aldridge,Steve Blake,Travis Outlaw,4,7:29,POR,rebound,,,,,,,,,,LaMarcus Aldridge,,,,,,def,,
Brandon Bass,Devean George,Dirk Nowitzki,Jason Terry,Jose Juan Barea,Brandon Roy,Joel Przybilla,LaMarcus Aldridge,Steve Blake,Travis Outlaw,4,7:19,POR,shot,,,,,,,,,,Steve Blake,,,,missed,,3pt,3,17
Brandon Bass,Devean George,Dirk Nowitzki,Jason Terry,Jose Juan Barea,Brandon Roy,Joel Przybilla,LaMarcus Aldridge,Steve Blake,Travis Outlaw,4,7:19,DAL,rebound,,,,,,,,,,,,,,,,,,
Brandon Bass,Devean George,Dirk Nowitzki,Jason Kidd,Jason Terry,Brandon Roy,Joel Przybilla,LaMarcus Aldridge,Steve Blake,Travis Outlaw,4,7:17,DAL,sub,,,,Jason Kidd,,Jose Juan Barea,,,,,,,,,,,,
Brandon Bass,Devean George,Dirk Nowitzki,Jason Kidd,Jason Terry,Brandon Roy,Joel Przybilla,LaMarcus Aldridge,Steve Blake,Travis Outlaw,4,6:59,DAL,shot,,,,,,,,,,Jason Kidd,,,,missed,,3pt,47,7
Brandon Bass,Devean George,Dirk Nowitzki,Jason Kidd,Jason Terry,Brandon Roy,Joel Przybilla,LaMarcus Aldridge,Steve Blake,Travis Outlaw,4,6:58,POR,rebound,,,,,,,,,,Travis Outlaw,,,,,,def,,
Brandon Bass,Devean George,Dirk Nowitzki,Jason Kidd,Jason Terry,Brandon Roy,Joel Przybilla,LaMarcus Aldridge,Steve Blake,Travis Outlaw,4,6:37,POR,shot,,,,,,,,,,Brandon Roy,,,,missed,,fade away jumper,16,18
Brandon Bass,Devean George,Dirk Nowitzki,Jason Kidd,Jason Terry,Brandon Roy,Joel Przybilla,LaMarcus Aldridge,Steve Blake,Travis Outlaw,4,6:35,DAL,rebound,,,,,,,,,,Brandon Bass,,,,,,def,,
Brandon Bass,Devean George,Dirk Nowitzki,Jason Kidd,Jason Terry,Brandon Roy,Joel Przybilla,LaMarcus Aldridge,Steve Blake,Travis Outlaw,4,6:32,POR,foul,,,,,,,,Devean George,,Steve Blake,,,,,,shooting,,
Brandon Bass,Devean George,Dirk Nowitzki,Jason Kidd,Jason Terry,Brandon Roy,Joel Przybilla,LaMarcus Aldridge,Steve Blake,Travis Outlaw,4,6:32,DAL,free throw,,,,,,,1,,2,Devean George,,,foul,missed,,,,
Brandon Bass,Devean George,Dirk Nowitzki,Jason Kidd,Jason Terry,Brandon Roy,Joel Przybilla,LaMarcus Aldridge,Steve Blake,Travis Outlaw,4,6:32,DAL,rebound,,,,,,,,,,,,,,,,,,
Brandon Bass,Devean George,Erick Dampier,Jason Kidd,Jason Terry,Brandon Roy,Joel Przybilla,LaMarcus Aldridge,Steve Blake,Travis Outlaw,4,6:32,DAL,sub,,,,Erick Dampier,,Dirk Nowitzki,,,,,,,,,,,,
Brandon Bass,Devean George,Erick Dampier,Jason Kidd,Jason Terry,Brandon Roy,Joel Przybilla,LaMarcus Aldridge,Steve Blake,Travis Outlaw,4,6:32,DAL,free throw,,,,,,,2,,2,Devean George,,,foul,made,,,,
Brandon Bass,Devean George,Erick Dampier,Jason Kidd,Jason Terry,Brandon Roy,Joel Przybilla,LaMarcus Aldridge,Steve Blake,Travis Outlaw,4,6:29,DAL,foul,,,,,,,,Steve Blake,,Jason Terry,,,,,,personal,,
Antoine Wright,Brandon Bass,Erick Dampier,Jason Kidd,Jason Terry,Brandon Roy,Joel Przybilla,LaMarcus Aldridge,Steve Blake,Travis Outlaw,4,6:29,DAL,sub,,,,Antoine Wright,,Devean George,,,,,,,,,,,,
Antoine Wright,Brandon Bass,Erick Dampier,Jason Kidd,Jason Terry,Brandon Roy,Joel Przybilla,LaMarcus Aldridge,Steve Blake,Travis Outlaw,4,6:13,POR,shot,,,,,,,,,,LaMarcus Aldridge,,,,missed,,jump,19,26
Antoine Wright,Brandon Bass,Erick Dampier,Jason Kidd,Jason Terry,Brandon Roy,Joel Przybilla,LaMarcus Aldridge,Steve Blake,Travis Outlaw,4,6:11,DAL,rebound,,,,,,,,,,Erick Dampier,,,,,,def,,
Antoine Wright,Brandon Bass,Erick Dampier,Jason Kidd,Jason Terry,Brandon Roy,Joel Przybilla,LaMarcus Aldridge,Steve Blake,Travis Outlaw,4,6:03,DAL,shot,Jason Kidd,,,,,,,,,Jason Terry,3,,,made,,3pt,42,23
Antoine Wright,Brandon Bass,Erick Dampier,Jason Kidd,Jason Terry,Brandon Roy,Joel Przybilla,LaMarcus Aldridge,Steve Blake,Travis Outlaw,4,5:37,POR,shot,,,,,,,,,,Travis Outlaw,,,,missed,,jump,20,27
Antoine Wright,Brandon Bass,Erick Dampier,Jason Kidd,Jason Terry,Brandon Roy,Joel Przybilla,LaMarcus Aldridge,Steve Blake,Travis Outlaw,4,5:36,DAL,rebound,,,,,,,,,,Jason Terry,,,,,,def,,
Antoine Wright,Brandon Bass,Erick Dampier,Jason Kidd,Jason Terry,Brandon Roy,Joel Przybilla,LaMarcus Aldridge,Steve Blake,Travis Outlaw,4,5:12,DAL,shot,,,,,,,,,,Jason Terry,,,,missed,,3pt,48,7
Antoine Wright,Brandon Bass,Erick Dampier,Jason Kidd,Jason Terry,Brandon Roy,Joel Przybilla,LaMarcus Aldridge,Steve Blake,Travis Outlaw,4,5:11,POR,rebound,,,,,,,,,,Joel Przybilla,,,,,,def,,
Antoine Wright,Brandon Bass,Erick Dampier,Jason Kidd,Jason Terry,Brandon Roy,Joel Przybilla,LaMarcus Aldridge,Steve Blake,Travis Outlaw,4,4:48,POR,shot,,,,,,,,,,Joel Przybilla,2,,,made,,hook bank,17,7
Antoine Wright,Brandon Bass,Erick Dampier,Jason Kidd,Jason Terry,Brandon Roy,Joel Przybilla,LaMarcus Aldridge,Steve Blake,Travis Outlaw,4,4:27,DAL,shot,,,,,,,,,,Jason Terry,2,,,made,,pullup jump,25,27
Antoine Wright,Brandon Bass,Erick Dampier,Jason Kidd,Jason Terry,Brandon Roy,Joel Przybilla,LaMarcus Aldridge,Steve Blake,Travis Outlaw,4,4:10,POR,shot,Brandon Roy,,,,,,,,,Travis Outlaw,2,,,made,,pullup jump,31,21
Antoine Wright,Brandon Bass,Erick Dampier,Jason Kidd,Jason Terry,Brandon Roy,Joel Przybilla,LaMarcus Aldridge,Steve Blake,Travis Outlaw,4,4:00,DAL,timeout,,,,,,,,,,,,,,,,short,,
Antoine Wright,Brandon Bass,Dirk Nowitzki,Jason Kidd,Jason Terry,Brandon Roy,Joel Przybilla,LaMarcus Aldridge,Steve Blake,Travis Outlaw,4,4:00,DAL,sub,,,,Dirk Nowitzki,,Erick Dampier,,,,,,,,,,,,
Antoine Wright,Brandon Bass,Dirk Nowitzki,Jason Kidd,Jason Terry,Brandon Roy,Joel Przybilla,LaMarcus Aldridge,Steve Blake,Travis Outlaw,4,3:44,DAL,shot,,,,,,,,,,Dirk Nowitzki,,,,missed,,3pt,18,30
Antoine Wright,Brandon Bass,Dirk Nowitzki,Jason Kidd,Jason Terry,Brandon Roy,Joel Przybilla,LaMarcus Aldridge,Steve Blake,Travis Outlaw,4,3:43,POR,rebound,,,,,,,,,,,,,,,,,,
Antoine Wright,Brandon Bass,Dirk Nowitzki,Jason Kidd,Jason Terry,Brandon Roy,Joel Przybilla,LaMarcus Aldridge,Steve Blake,Travis Outlaw,4,3:18,POR,shot,,,,,,,,,,Travis Outlaw,,,,missed,,jump,37,22
Antoine Wright,Brandon Bass,Dirk Nowitzki,Jason Kidd,Jason Terry,Brandon Roy,Joel Przybilla,LaMarcus Aldridge,Steve Blake,Travis Outlaw,4,3:17,DAL,rebound,,,,,,,,,,Jason Kidd,,,,,,def,,
Antoine Wright,Brandon Bass,Dirk Nowitzki,Jason Kidd,Jason Terry,Brandon Roy,Joel Przybilla,LaMarcus Aldridge,Steve Blake,Travis Outlaw,4,3:08,DAL,shot,,,,,,,,,,Dirk Nowitzki,,,,missed,,3pt,22,30
Antoine Wright,Brandon Bass,Dirk Nowitzki,Jason Kidd,Jason Terry,Brandon Roy,Joel Przybilla,LaMarcus Aldridge,Steve Blake,Travis Outlaw,4,3:07,POR,rebound,,,,,,,,,,Travis Outlaw,,,,,,def,,
Antoine Wright,Brandon Bass,Dirk Nowitzki,Jason Kidd,Jason Terry,Brandon Roy,Joel Przybilla,LaMarcus Aldridge,Steve Blake,Travis Outlaw,4,2:57,POR,shot,Brandon Roy,,,,,,,,,Travis Outlaw,3,,,made,,3pt,47,6
Antoine Wright,Brandon Bass,Dirk Nowitzki,Jason Kidd,Jason Terry,Brandon Roy,Joel Przybilla,LaMarcus Aldridge,Steve Blake,Travis Outlaw,4,2:29,DAL,shot,,,,,,,,,,Jason Terry,,,,missed,,driving layup,25,6
Antoine Wright,Brandon Bass,Dirk Nowitzki,Jason Kidd,Jason Terry,Brandon Roy,Joel Przybilla,LaMarcus Aldridge,Steve Blake,Travis Outlaw,4,2:29,POR,rebound,,,,,,,,,,Joel Przybilla,,,,,,def,,
Antoine Wright,Brandon Bass,Dirk Nowitzki,Jason Kidd,Jason Terry,Brandon Roy,Joel Przybilla,LaMarcus Aldridge,Steve Blake,Travis Outlaw,4,2:17,OFF,timeout,,,,,,,,,,,,,,,,official,,
Antoine Wright,Brandon Bass,Dirk Nowitzki,Jason Kidd,Jason Terry,Brandon Roy,Joel Przybilla,LaMarcus Aldridge,Steve Blake,Travis Outlaw,4,2:08,POR,shot,,,,,,,,,,Brandon Roy,,,,missed,,jump,37,11
Antoine Wright,Brandon Bass,Dirk Nowitzki,Jason Kidd,Jason Terry,Brandon Roy,Joel Przybilla,LaMarcus Aldridge,Steve Blake,Travis Outlaw,4,2:07,DAL,rebound,,,,,,,,,,Jason Kidd,,,,,,def,,
Antoine Wright,Brandon Bass,Dirk Nowitzki,Jason Kidd,Jason Terry,Brandon Roy,Joel Przybilla,LaMarcus Aldridge,Steve Blake,Travis Outlaw,4,1:42,DAL,shot,,,,,,,,,,Jason Terry,,,,missed,,fade away jumper,21,24
Antoine Wright,Brandon Bass,Dirk Nowitzki,Jason Kidd,Jason Terry,Brandon Roy,Joel Przybilla,LaMarcus Aldridge,Steve Blake,Travis Outlaw,4,1:41,POR,rebound,,,,,,,,,,Joel Przybilla,,,,,,def,,
Antoine Wright,Brandon Bass,Dirk Nowitzki,Jason Kidd,Jason Terry,Brandon Roy,Joel Przybilla,LaMarcus Aldridge,Steve Blake,Travis Outlaw,4,1:27,POR,shot,,,,,,,,,,Travis Outlaw,,,,missed,,jump,5,7
Antoine Wright,Brandon Bass,Dirk Nowitzki,Jason Kidd,Jason Terry,Brandon Roy,Joel Przybilla,LaMarcus Aldridge,Steve Blake,Travis Outlaw,4,1:26,DAL,rebound,,,,,,,,,,Jason Terry,,,,,,def,,
Antoine Wright,Brandon Bass,Dirk Nowitzki,Jason Kidd,Jason Terry,Brandon Roy,Joel Przybilla,LaMarcus Aldridge,Steve Blake,Travis Outlaw,4,1:03,DAL,shot,,,,,,,,,,Dirk Nowitzki,2,,,made,,fade away jumper,34,21
Antoine Wright,Brandon Bass,Dirk Nowitzki,Jason Kidd,Jason Terry,Brandon Roy,Joel Przybilla,LaMarcus Aldridge,Steve Blake,Travis Outlaw,4,1:03,POR,timeout,,,,,,,,,,,,,,,,regular,,
Antoine Wright,Brandon Bass,Dirk Nowitzki,Jason Kidd,Jason Terry,Brandon Roy,Channing Frye,LaMarcus Aldridge,Steve Blake,Travis Outlaw,4,1:03,POR,sub,,,,Channing Frye,,Joel Przybilla,,,,,,,,,,,,
Antoine Wright,Brandon Bass,Dirk Nowitzki,Jason Kidd,Jason Terry,Brandon Roy,Channing Frye,LaMarcus Aldridge,Steve Blake,Travis Outlaw,4,0:56,POR,shot,,,,,,,,,,Travis Outlaw,2,,,made,,driving layup,25,6
Antoine Wright,Brandon Bass,Dirk Nowitzki,Jason Kidd,Jason Terry,Brandon Roy,Channing Frye,LaMarcus Aldridge,Steve Blake,Travis Outlaw,4,0:41,DAL,turnover,,,,,,,,,,Jason Kidd,,,lost ball,,Travis Outlaw,,,
Antoine Wright,Brandon Bass,Dirk Nowitzki,Jason Kidd,Jason Terry,Brandon Roy,Channing Frye,LaMarcus Aldridge,Steve Blake,Travis Outlaw,4,0:38,POR,turnover,,,,,,,,,,Steve Blake,,,bad pass,,Antoine Wright,,,
Antoine Wright,Brandon Bass,Dirk Nowitzki,Jason Kidd,Jason Terry,Brandon Roy,Channing Frye,LaMarcus Aldridge,Steve Blake,Travis Outlaw,4,0:38,POR,foul,,,,,,,,Antoine Wright,,Brandon Roy,,,,,,personal,,
Antoine Wright,Brandon Bass,Dirk Nowitzki,Jason Kidd,Jason Terry,Brandon Roy,Channing Frye,LaMarcus Aldridge,Steve Blake,Travis Outlaw,4,0:17,DAL,shot,Jason Terry,,,,,,,,,Dirk Nowitzki,2,,,made,,jump,36,27
Antoine Wright,Brandon Bass,Dirk Nowitzki,Jason Kidd,Jason Terry,Brandon Roy,Channing Frye,LaMarcus Aldridge,Steve Blake,Travis Outlaw,4,0:17,POR,timeout,,,,,,,,,,,,,,,,short,,
Antoine Wright,Brandon Bass,Dirk Nowitzki,Jason Kidd,Jason Terry,Brandon Roy,Channing Frye,LaMarcus Aldridge,Steve Blake,Travis Outlaw,4,0:15,DAL,foul,,,,,,,,Brandon Roy,,Jason Kidd,,,,,,personal,,
Antoine Wright,Brandon Bass,Dirk Nowitzki,Jason Kidd,Jason Terry,Brandon Roy,Channing Frye,LaMarcus Aldridge,Steve Blake,Travis Outlaw,4,0:10,POR,shot,,,,,,,,,,Channing Frye,,,,missed,,3pt,11,26
Antoine Wright,Brandon Bass,Dirk Nowitzki,Jason Kidd,Jason Terry,Brandon Roy,Channing Frye,LaMarcus Aldridge,Steve Blake,Travis Outlaw,4,0:09,DAL,rebound,,,,,,,,,,Brandon Bass,,,,,,def,,
Antoine Wright,Brandon Bass,Dirk Nowitzki,Jason Kidd,Jason Terry,Brandon Roy,Channing Frye,LaMarcus Aldridge,Steve Blake,Travis Outlaw,4,0:09,POR,foul,,,,,,,,Brandon Bass,,LaMarcus Aldridge,,,,,,personal,,
Antoine Wright,Brandon Bass,Dirk Nowitzki,Jason Kidd,Jason Terry,Brandon Roy,Channing Frye,LaMarcus Aldridge,Steve Blake,Travis Outlaw,4,0:09,DAL,free throw,,,,,,,1,,2,Brandon Bass,,,foul,made,,,,
Antoine Wright,Brandon Bass,Dirk Nowitzki,Jason Kidd,Jason Terry,Brandon Roy,Channing Frye,LaMarcus Aldridge,Steve Blake,Travis Outlaw,4,0:09,DAL,free throw,,,,,,,2,,2,Brandon Bass,,,foul,made,,,,
Antoine Wright,Brandon Bass,Dirk Nowitzki,Jason Kidd,Jason Terry,Brandon Roy,Channing Frye,LaMarcus Aldridge,Steve Blake,Travis Outlaw,4,0:09,POR,timeout,,,,,,,,,,,,,,,,short,,
Antoine Wright,Brandon Bass,Dirk Nowitzki,Jason Kidd,Jason Terry,Brandon Roy,Jerryd Bayless,LaMarcus Aldridge,Steve Blake,Travis Outlaw,4,0:09,POR,sub,,,,Jerryd Bayless,,Channing Frye,,,,,,,,,,,,
Antoine Wright,Brandon Bass,Dirk Nowitzki,Jason Kidd,Jason Terry,Brandon Roy,Jerryd Bayless,LaMarcus Aldridge,Steve Blake,Travis Outlaw,4,0:06,POR,shot,Steve Blake,,,,,,,,,Travis Outlaw,3,,,made,,3pt,32,29
Antoine Wright,Brandon Bass,Dirk Nowitzki,Jason Kidd,Jason Terry,Brandon Roy,Jerryd Bayless,LaMarcus Aldridge,Steve Blake,Travis Outlaw,4,0:06,DAL,timeout,,,,,,,,,,,,,,,,regular,,
Antoine Wright,Brandon Bass,Dirk Nowitzki,Jason Kidd,Jason Terry,Brandon Roy,Jerryd Bayless,LaMarcus Aldridge,Nicolas Batum,Travis Outlaw,4,0:06,POR,sub,,,,Nicolas Batum,,Steve Blake,,,,,,,,,,,,
Antoine Wright,Brandon Bass,Dirk Nowitzki,Jason Kidd,Jason Terry,Brandon Roy,Joel Przybilla,LaMarcus Aldridge,Nicolas Batum,Travis Outlaw,4,0:06,POR,sub,,,,Joel Przybilla,,Jerryd Bayless,,,,,,,,,,,,
Antoine Wright,Brandon Bass,Dirk Nowitzki,Jason Kidd,Jason Terry,Brandon Roy,Joel Przybilla,LaMarcus Aldridge,Nicolas Batum,Travis Outlaw,4,0:05,POR,foul,,,,,,,,Jason Terry,,LaMarcus Aldridge,,,,,,personal,,
Antoine Wright,Brandon Bass,Dirk Nowitzki,Jason Kidd,Jason Terry,Brandon Roy,LaMarcus Aldridge,Nicolas Batum,Steve Blake,Travis Outlaw,4,0:05,POR,sub,,,,Steve Blake,,Joel Przybilla,,,,,,,,,,,,
Antoine Wright,Brandon Bass,Dirk Nowitzki,Jason Kidd,Jason Terry,Brandon Roy,LaMarcus Aldridge,Nicolas Batum,Steve Blake,Travis Outlaw,4,0:05,DAL,free throw,,,,,,,1,,2,Jason Terry,,,foul,missed,,,,
Antoine Wright,Brandon Bass,Dirk Nowitzki,Jason Kidd,Jason Terry,Brandon Roy,LaMarcus Aldridge,Nicolas Batum,Steve Blake,Travis Outlaw,4,0:05,DAL,free throw,,,,,,,2,,2,Jason Terry,,,foul,made,,,,
Antoine Wright,Brandon Bass,Dirk Nowitzki,Jason Kidd,Jason Terry,Brandon Roy,LaMarcus Aldridge,Nicolas Batum,Steve Blake,Travis Outlaw,4,0:05,DAL,rebound,,,,,,,,,,,,,,,,,,
Antoine Wright,Brandon Bass,Dirk Nowitzki,Jason Kidd,Jason Terry,Brandon Roy,LaMarcus Aldridge,Nicolas Batum,Steve Blake,Travis Outlaw,4,0:00,POR,shot,,,,,,,,,,Brandon Roy,,,,missed,,3pt,14,37
Antoine Wright,Brandon Bass,Dirk Nowitzki,Jason Kidd,Jason Terry,Brandon Roy,LaMarcus Aldridge,Nicolas Batum,Steve Blake,Travis Outlaw,4,0:00,DAL,rebound,,,,,,,,,,Dirk Nowitzki,,,,,,def,,
