a1,a2,a3,a4,a5,h1,h2,h3,h4,h5,period,time,team,etype,assist,away,block,entered,home,left,num,opponent,outof,player,points,possession,reason,result,steal,type,x,y
Jeff Green,Kevin Durant,Nenad Krstic,Russell Westbrook,Thabo Sefolosha,Glen Davis,Kendrick Perkins,Paul Pierce,Rajon Rondo,Ray Allen,1,12:00,OFF,jump ball,,Jeff Green,,,Kendrick Perkins,,,,,,,Russell Westbrook,,,,,,
Jeff Green,Kevin Durant,Nenad Krstic,Russell Westbrook,Thabo Sefolosha,Glen Davis,Kendrick Perkins,Paul Pierce,Rajon Rondo,Ray Allen,1,11:41,OKC,shot,,,Ray Allen,,,,,,,Russell Westbrook,,,,missed,,jump,22,9
Jeff Green,Kevin Durant,Nenad Krstic,Russell Westbrook,Thabo Sefolosha,Glen Davis,Kendrick Perkins,Paul Pierce,Rajon Rondo,Ray Allen,1,11:40,BOS,rebound,,,,,,,,,,,,,,,,,,
Jeff Green,Kevin Durant,Nenad Krstic,Russell Westbrook,Thabo Sefolosha,Glen Davis,Kendrick Perkins,Paul Pierce,Rajon Rondo,Ray Allen,1,11:20,BOS,turnover,,,,,,,,,,Kendrick Perkins,,,lost ball,,Russell Westbrook,,,
Jeff Green,Kevin Durant,Nenad Krstic,Russell Westbrook,Thabo Sefolosha,Glen Davis,Kendrick Perkins,Paul Pierce,Rajon Rondo,Ray Allen,1,11:03,OKC,shot,,,,,,,,,,Kevin Durant,,,,missed,,finger roll layup,27,8
Jeff Green,Kevin Durant,Nenad Krstic,Russell Westbrook,Thabo Sefolosha,Glen Davis,Kendrick Perkins,Paul Pierce,Rajon Rondo,Ray Allen,1,11:01,BOS,rebound,,,,,,,,,,Kendrick Perkins,,,,,,def,,
Jeff Green,Kevin Durant,Nenad Krstic,Russell Westbrook,Thabo Sefolosha,Glen Davis,Kendrick Perkins,Paul Pierce,Rajon Rondo,Ray Allen,1,10:52,BOS,shot,,,,,,,,,,Paul Pierce,,,,missed,,3pt,18,30
Jeff Green,Kevin Durant,Nenad Krstic,Russell Westbrook,Thabo Sefolosha,Glen Davis,Kendrick Perkins,Paul Pierce,Rajon Rondo,Ray Allen,1,10:51,OKC,rebound,,,,,,,,,,Thabo Sefolosha,,,,,,def,,
Jeff Green,Kevin Durant,Nenad Krstic,Russell Westbrook,Thabo Sefolosha,Glen Davis,Kendrick Perkins,Paul Pierce,Rajon Rondo,Ray Allen,1,10:30,OKC,shot,Thabo Sefolosha,,,,,,,,,Nenad Krstic,2,,,made,,jump,37,14
Jeff Green,Kevin Durant,Nenad Krstic,Russell Westbrook,Thabo Sefolosha,Glen Davis,Kendrick Perkins,Paul Pierce,Rajon Rondo,Ray Allen,1,10:04,OKC,foul,,,,,,,,Glen Davis,,Kevin Durant,,,,,,shooting,,
Jeff Green,Kevin Durant,Nenad Krstic,Russell Westbrook,Thabo Sefolosha,Glen Davis,Kendrick Perkins,Paul Pierce,Rajon Rondo,Ray Allen,1,10:04,BOS,free throw,,,,,,,1,,2,Glen Davis,,,foul,missed,,,,
Jeff Green,Kevin Durant,Nenad Krstic,Russell Westbrook,Thabo Sefolosha,Glen Davis,Kendrick Perkins,Paul Pierce,Rajon Rondo,Ray Allen,1,10:04,BOS,rebound,,,,,,,,,,,,,,,,,,
Jeff Green,Kevin Durant,Nenad Krstic,Russell Westbrook,Thabo Sefolosha,Glen Davis,Kendrick Perkins,Paul Pierce,Rajon Rondo,Ray Allen,1,10:04,BOS,free throw,,,,,,,2,,2,Glen Davis,,,foul,missed,,,,
Jeff Green,Kevin Durant,Nenad Krstic,Russell Westbrook,Thabo Sefolosha,Glen Davis,Kendrick Perkins,Paul Pierce,Rajon Rondo,Ray Allen,1,10:04,OKC,rebound,,,,,,,,,,Jeff Green,,,,,,def,,
Jeff Green,Kevin Durant,Nenad Krstic,Russell Westbrook,Thabo Sefolosha,Glen Davis,Kendrick Perkins,Paul Pierce,Rajon Rondo,Ray Allen,1,9:51,OKC,shot,,,,,,,,,,Jeff Green,,,,missed,,step back jump,9,8
Jeff Green,Kevin Durant,Nenad Krstic,Russell Westbrook,Thabo Sefolosha,Glen Davis,Kendrick Perkins,Paul Pierce,Rajon Rondo,Ray Allen,1,9:50,BOS,rebound,,,,,,,,,,Paul Pierce,,,,,,def,,
Jeff Green,Kevin Durant,Nenad Krstic,Russell Westbrook,Thabo Sefolosha,Glen Davis,Kendrick Perkins,Paul Pierce,Rajon Rondo,Ray Allen,1,9:43,BOS,shot,Rajon Rondo,,,,,,,,,Paul Pierce,2,,,made,,driving jump,22,7
Jeff Green,Kevin Durant,Nenad Krstic,Russell Westbrook,Thabo Sefolosha,Glen Davis,Kendrick Perkins,Paul Pierce,Rajon Rondo,Ray Allen,1,9:31,OKC,shot,,,,,,,,,,Kevin Durant,,,,missed,,jump,35,21
Jeff Green,Kevin Durant,Nenad Krstic,Russell Westbrook,Thabo Sefolosha,Glen Davis,Kendrick Perkins,Paul Pierce,Rajon Rondo,Ray Allen,1,9:29,OKC,rebound,,,,,,,,,,Jeff Green,,,,,,off,,
Jeff Green,Kevin Durant,Nenad Krstic,Russell Westbrook,Thabo Sefolosha,Glen Davis,Kendrick Perkins,Paul Pierce,Rajon Rondo,Ray Allen,1,9:27,OKC,shot,,,Kendrick Perkins,,,,,,,Jeff Green,,,,missed,,layup,25,7
Jeff Green,Kevin Durant,Nenad Krstic,Russell Westbrook,Thabo Sefolosha,Glen Davis,Kendrick Perkins,Paul Pierce,Rajon Rondo,Ray Allen,1,9:26,BOS,rebound,,,,,,,,,,Rajon Rondo,,,,,,def,,
Jeff Green,Kevin Durant,Nenad Krstic,Russell Westbrook,Thabo Sefolosha,Glen Davis,Kendrick Perkins,Paul Pierce,Rajon Rondo,Ray Allen,1,9:23,BOS,shot,Rajon Rondo,,,,,,,,,Ray Allen,3,,,made,,3pt,42,26
Jeff Green,Kevin Durant,Nenad Krstic,Russell Westbrook,Thabo Sefolosha,Glen Davis,Kendrick Perkins,Paul Pierce,Rajon Rondo,Ray Allen,1,9:08,OKC,shot,,,,,,,,,,Thabo Sefolosha,2,,,made,,driving layup,23,7
Jeff Green,Kevin Durant,Nenad Krstic,Russell Westbrook,Thabo Sefolosha,Glen Davis,Kendrick Perkins,Paul Pierce,Rajon Rondo,Ray Allen,1,8:56,BOS,shot,Glen Davis,,,,,,,,,Rajon Rondo,2,,,made,,layup,27,8
Jeff Green,Kevin Durant,Nenad Krstic,Russell Westbrook,Thabo Sefolosha,Glen Davis,Kendrick Perkins,Paul Pierce,Rajon Rondo,Ray Allen,1,8:44,OKC,shot,,,,,,,,,,Russell Westbrook,,,,missed,,3pt,15,30
Jeff Green,Kevin Durant,Nenad Krstic,Russell Westbrook,Thabo Sefolosha,Glen Davis,Kendrick Perkins,Paul Pierce,Rajon Rondo,Ray Allen,1,8:42,BOS,rebound,,,,,,,,,,Kendrick Perkins,,,,,,def,,
Jeff Green,Kevin Durant,Nenad Krstic,Russell Westbrook,Thabo Sefolosha,Glen Davis,Kendrick Perkins,Paul Pierce,Rajon Rondo,Ray Allen,1,8:33,BOS,turnover,,,,,,,,,,Glen Davis,,,3 second violation,,,,,
Jeff Green,Kevin Durant,Nenad Krstic,Russell Westbrook,Thabo Sefolosha,Glen Davis,Kendrick Perkins,Paul Pierce,Rajon Rondo,Ray Allen,1,8:18,OKC,foul,,,,,,,,Glen Davis,,Kevin Durant,,,,,,offensive,,
Jeff Green,Kevin Durant,Nenad Krstic,Russell Westbrook,Thabo Sefolosha,Glen Davis,Kendrick Perkins,Paul Pierce,Rajon Rondo,Ray Allen,1,8:18,OKC,turnover,,,,,,,,,,Kevin Durant,,,foul,,,,,
Jeff Green,Kyle Weaver,Nenad Krstic,Russell Westbrook,Thabo Sefolosha,Glen Davis,Kendrick Perkins,Paul Pierce,Rajon Rondo,Ray Allen,1,8:18,OKC,sub,,,,Kyle Weaver,,Kevin Durant,,,,,,,,,,,,
Jeff Green,Kyle Weaver,Nenad Krstic,Russell Westbrook,Thabo Sefolosha,Glen Davis,Kendrick Perkins,Paul Pierce,Rajon Rondo,Ray Allen,1,8:05,BOS,turnover,,,,,,,,,,Paul Pierce,,,bad pass,,Kyle Weaver,,,
Jeff Green,Kyle Weaver,Nenad Krstic,Russell Westbrook,Thabo Sefolosha,Glen Davis,Kendrick Perkins,Paul Pierce,Rajon Rondo,Ray Allen,1,8:00,OKC,shot,Thabo Sefolosha,,,,,,,,,Jeff Green,2,,,made,,layup,22,6
Jeff Green,Kyle Weaver,Nenad Krstic,Russell Westbrook,Thabo Sefolosha,Glen Davis,Kendrick Perkins,Paul Pierce,Rajon Rondo,Ray Allen,1,7:33,BOS,turnover,,,,,,,,,,,,,shot clock turnover,,,,,
Jeff Green,Kyle Weaver,Nenad Krstic,Russell Westbrook,Thabo Sefolosha,Glen Davis,Kendrick Perkins,Paul Pierce,Rajon Rondo,Ray Allen,1,7:20,OKC,shot,,,,,,,,,,Jeff Green,,,,missed,,jump,37,21
Jeff Green,Kyle Weaver,Nenad Krstic,Russell Westbrook,Thabo Sefolosha,Glen Davis,Kendrick Perkins,Paul Pierce,Rajon Rondo,Ray Allen,1,7:19,OKC,rebound,,,,,,,,,,,,,,,,,,
Jeff Green,Kyle Weaver,Nenad Krstic,Russell Westbrook,Thabo Sefolosha,Glen Davis,Kendrick Perkins,Paul Pierce,Rajon Rondo,Ray Allen,1,7:19,BOS,foul,,,,,,,,Nenad Krstic,,Kendrick Perkins,,,,,,loose ball,,
Jeff Green,Kyle Weaver,Nenad Krstic,Russell Westbrook,Thabo Sefolosha,Glen Davis,Kendrick Perkins,Paul Pierce,Rajon Rondo,Ray Allen,1,7:11,OKC,shot,Kyle Weaver,,,,,,,,,Nenad Krstic,2,,,made,,jump,25,26
Jeff Green,Kyle Weaver,Nenad Krstic,Russell Westbrook,Thabo Sefolosha,Glen Davis,Kendrick Perkins,Paul Pierce,Rajon Rondo,Ray Allen,1,6:52,BOS,shot,,,,,,,,,,Paul Pierce,,,,missed,,jump,39,22
Jeff Green,Kyle Weaver,Nenad Krstic,Russell Westbrook,Thabo Sefolosha,Glen Davis,Kendrick Perkins,Paul Pierce,Rajon Rondo,Ray Allen,1,6:51,OKC,rebound,,,,,,,,,,,,,,,,,,
Jeff Green,Kyle Weaver,Nenad Krstic,Russell Westbrook,Thabo Sefolosha,Glen Davis,Kendrick Perkins,Paul Pierce,Rajon Rondo,Ray Allen,1,6:33,OKC,shot,,,,,,,,,,Jeff Green,,,,missed,,running jump,20,10
Jeff Green,Kyle Weaver,Nenad Krstic,Russell Westbrook,Thabo Sefolosha,Glen Davis,Kendrick Perkins,Paul Pierce,Rajon Rondo,Ray Allen,1,6:32,BOS,rebound,,,,,,,,,,Ray Allen,,,,,,def,,
Jeff Green,Kyle Weaver,Nenad Krstic,Russell Westbrook,Thabo Sefolosha,Glen Davis,Kendrick Perkins,Paul Pierce,Rajon Rondo,Ray Allen,1,6:23,BOS,shot,,,Thabo Sefolosha,,,,,,,Ray Allen,,,,missed,,layup,27,7
Jeff Green,Kyle Weaver,Nenad Krstic,Russell Westbrook,Thabo Sefolosha,Glen Davis,Kendrick Perkins,Paul Pierce,Rajon Rondo,Ray Allen,1,6:21,OKC,rebound,,,,,,,,,,Nenad Krstic,,,,,,def,,
Jeff Green,Kyle Weaver,Nenad Krstic,Russell Westbrook,Thabo Sefolosha,Glen Davis,Kendrick Perkins,Paul Pierce,Rajon Rondo,Ray Allen,1,6:18,OKC,shot,Kyle Weaver,,,,,,,,,Russell Westbrook,2,,,made,,dunk,27,6
Jeff Green,Kyle Weaver,Nenad Krstic,Russell Westbrook,Thabo Sefolosha,Glen Davis,Kendrick Perkins,Paul Pierce,Rajon Rondo,Ray Allen,1,5:54,BOS,shot,,,,,,,,,,Paul Pierce,,,,missed,,layup,26,8
Jeff Green,Kyle Weaver,Nenad Krstic,Russell Westbrook,Thabo Sefolosha,Glen Davis,Kendrick Perkins,Paul Pierce,Rajon Rondo,Ray Allen,1,5:53,OKC,rebound,,,,,,,,,,Nenad Krstic,,,,,,def,,
Jeff Green,Kyle Weaver,Nenad Krstic,Russell Westbrook,Thabo Sefolosha,Glen Davis,Kendrick Perkins,Paul Pierce,Rajon Rondo,Ray Allen,1,5:47,OKC,shot,,,,,,,,,,Russell Westbrook,,,,missed,,jump,26,27
Jeff Green,Kyle Weaver,Nenad Krstic,Russell Westbrook,Thabo Sefolosha,Glen Davis,Kendrick Perkins,Paul Pierce,Rajon Rondo,Ray Allen,1,5:46,BOS,rebound,,,,,,,,,,,,,,,,,,
Jeff Green,Kyle Weaver,Nenad Krstic,Russell Westbrook,Thabo Sefolosha,Glen Davis,Kendrick Perkins,Paul Pierce,Rajon Rondo,Ray Allen,1,5:46,OKC,foul,,,,,,,,Kendrick Perkins,,Thabo Sefolosha,,,,,,loose ball,,
Jeff Green,Kyle Weaver,Nenad Krstic,Russell Westbrook,Thabo Sefolosha,Glen Davis,Kendrick Perkins,Paul Pierce,Rajon Rondo,Ray Allen,1,5:46,BOS,timeout,,,,,,,,,,,,,,,,regular,,
Jeff Green,Kyle Weaver,Nenad Krstic,Russell Westbrook,Thabo Sefolosha,Glen Davis,Kendrick Perkins,Paul Pierce,Rajon Rondo,Ray Allen,1,5:40,OKC,foul,,,,,,,,Rajon Rondo,,Jeff Green,,,,,,personal,,
Jeff Green,Kyle Weaver,Nenad Krstic,Russell Westbrook,Thabo Sefolosha,Glen Davis,Kendrick Perkins,Paul Pierce,Rajon Rondo,Ray Allen,1,5:27,BOS,shot,Rajon Rondo,,,,,,,,,Ray Allen,3,,,made,,3pt,1,6
Jeff Green,Kyle Weaver,Nenad Krstic,Russell Westbrook,Thabo Sefolosha,Glen Davis,Kendrick Perkins,Paul Pierce,Rajon Rondo,Ray Allen,1,5:12,BOS,foul,,,,,,,,Jeff Green,,Kendrick Perkins,,,,,,shooting,,
Jeff Green,Kyle Weaver,Nenad Krstic,Russell Westbrook,Thabo Sefolosha,Glen Davis,Kendrick Perkins,Paul Pierce,Rajon Rondo,Ray Allen,1,5:12,OKC,free throw,,,,,,,1,,2,Jeff Green,,,foul,made,,,,
Jeff Green,Kyle Weaver,Nenad Krstic,Russell Westbrook,Thabo Sefolosha,Glen Davis,Mikki Moore,Paul Pierce,Rajon Rondo,Ray Allen,1,5:12,BOS,sub,,,,Mikki Moore,,Kendrick Perkins,,,,,,,,,,,,
Jeff Green,Kyle Weaver,Nenad Krstic,Russell Westbrook,Thabo Sefolosha,Glen Davis,Mikki Moore,Paul Pierce,Rajon Rondo,Ray Allen,1,5:12,OKC,free throw,,,,,,,2,,2,Jeff Green,,,foul,missed,,,,
Jeff Green,Kyle Weaver,Nenad Krstic,Russell Westbrook,Thabo Sefolosha,Glen Davis,Mikki Moore,Paul Pierce,Rajon Rondo,Ray Allen,1,5:12,BOS,rebound,,,,,,,,,,Mikki Moore,,,,,,def,,
Jeff Green,Kyle Weaver,Nenad Krstic,Russell Westbrook,Thabo Sefolosha,Glen Davis,Mikki Moore,Paul Pierce,Rajon Rondo,Ray Allen,1,4:54,BOS,shot,Paul Pierce,,,,,,,,,Mikki Moore,2,,,made,,dunk,22,7
Jeff Green,Kyle Weaver,Nenad Krstic,Russell Westbrook,Thabo Sefolosha,Glen Davis,Mikki Moore,Paul Pierce,Rajon Rondo,Ray Allen,1,4:41,BOS,foul,,,,,,,,Russell Westbrook,,Rajon Rondo,,,,,,shooting,,
Jeff Green,Kyle Weaver,Nenad Krstic,Russell Westbrook,Thabo Sefolosha,Glen Davis,Mikki Moore,Paul Pierce,Rajon Rondo,Ray Allen,1,4:41,OKC,free throw,,,,,,,1,,2,Russell Westbrook,,,foul,made,,,,
Jeff Green,Kyle Weaver,Nenad Krstic,Russell Westbrook,Thabo Sefolosha,Glen Davis,Mikki Moore,Paul Pierce,Rajon Rondo,Ray Allen,1,4:41,OKC,free throw,,,,,,,2,,2,Russell Westbrook,,,foul,made,,,,
Jeff Green,Kyle Weaver,Nenad Krstic,Russell Westbrook,Thabo Sefolosha,Glen Davis,Mikki Moore,Paul Pierce,Rajon Rondo,Ray Allen,1,4:21,BOS,turnover,,,,,,,,,,Mikki Moore,,,3 second violation,,,,,
Jeff Green,Kyle Weaver,Nenad Krstic,Russell Westbrook,Thabo Sefolosha,Glen Davis,Mikki Moore,Paul Pierce,Rajon Rondo,Ray Allen,1,4:07,BOS,foul,,,,,,,,Russell Westbrook,,Glen Davis,,,,,,shooting,,
Jeff Green,Kyle Weaver,Nenad Krstic,Russell Westbrook,Thabo Sefolosha,Glen Davis,Mikki Moore,Paul Pierce,Rajon Rondo,Ray Allen,1,4:07,OKC,free throw,,,,,,,1,,2,Russell Westbrook,,,foul,made,,,,
Jeff Green,Kyle Weaver,Nick Collison,Russell Westbrook,Thabo Sefolosha,Glen Davis,Mikki Moore,Paul Pierce,Rajon Rondo,Ray Allen,1,4:07,OKC,sub,,,,Nick Collison,,Nenad Krstic,,,,,,,,,,,,
Jeff Green,Kyle Weaver,Nick Collison,Russell Westbrook,Thabo Sefolosha,Glen Davis,Mikki Moore,Paul Pierce,Rajon Rondo,Ray Allen,1,4:07,OKC,free throw,,,,,,,2,,2,Russell Westbrook,,,foul,made,,,,
Jeff Green,Kyle Weaver,Nick Collison,Russell Westbrook,Thabo Sefolosha,Glen Davis,Mikki Moore,Paul Pierce,Rajon Rondo,Ray Allen,1,3:54,BOS,shot,Rajon Rondo,,,,,,,,,Ray Allen,3,,,made,,3pt,11,28
Jeff Green,Kyle Weaver,Nick Collison,Russell Westbrook,Thabo Sefolosha,Glen Davis,Mikki Moore,Paul Pierce,Rajon Rondo,Ray Allen,1,3:41,BOS,foul,,,,,,,,Jeff Green,,Ray Allen,,,,,,shooting,,
Jeff Green,Kyle Weaver,Nick Collison,Russell Westbrook,Thabo Sefolosha,Glen Davis,Mikki Moore,Paul Pierce,Rajon Rondo,Ray Allen,1,3:41,OKC,free throw,,,,,,,1,,2,Jeff Green,,,foul,missed,,,,
Jeff Green,Kyle Weaver,Nick Collison,Russell Westbrook,Thabo Sefolosha,Glen Davis,Mikki Moore,Paul Pierce,Rajon Rondo,Ray Allen,1,3:41,OKC,rebound,,,,,,,,,,,,,,,,,,
Jeff Green,Kyle Weaver,Nick Collison,Russell Westbrook,Thabo Sefolosha,Glen Davis,Mikki Moore,Paul Pierce,Rajon Rondo,Ray Allen,1,3:41,OKC,free throw,,,,,,,2,,2,Jeff Green,,,foul,made,,,,
Jeff Green,Kyle Weaver,Nick Collison,Russell Westbrook,Thabo Sefolosha,Glen Davis,Mikki Moore,Paul Pierce,Rajon Rondo,Ray Allen,1,3:25,BOS,shot,,,Jeff Green,,,,,,,Glen Davis,,,,missed,,layup,25,8
Jeff Green,Kyle Weaver,Nick Collison,Russell Westbrook,Thabo Sefolosha,Glen Davis,Mikki Moore,Paul Pierce,Rajon Rondo,Ray Allen,1,3:24,OKC,rebound,,,,,,,,,,Thabo Sefolosha,,,,,,def,,
Jeff Green,Kyle Weaver,Nick Collison,Russell Westbrook,Thabo Sefolosha,Glen Davis,Mikki Moore,Paul Pierce,Rajon Rondo,Ray Allen,1,3:19,OKC,shot,,,,,,,,,,Russell Westbrook,,,,missed,,layup,23,8
Jeff Green,Kyle Weaver,Nick Collison,Russell Westbrook,Thabo Sefolosha,Glen Davis,Mikki Moore,Paul Pierce,Rajon Rondo,Ray Allen,1,3:17,BOS,rebound,,,,,,,,,,Glen Davis,,,,,,def,,
Jeff Green,Kyle Weaver,Nick Collison,Russell Westbrook,Thabo Sefolosha,Glen Davis,Mikki Moore,Paul Pierce,Rajon Rondo,Ray Allen,1,3:09,BOS,shot,Rajon Rondo,,,,,,,,,Glen Davis,2,,,made,,layup,23,7
Jeff Green,Kyle Weaver,Nick Collison,Russell Westbrook,Thabo Sefolosha,Glen Davis,Mikki Moore,Paul Pierce,Rajon Rondo,Ray Allen,1,3:01,OKC,timeout,,,,,,,,,,,,,,,,regular,,
Jeff Green,Kyle Weaver,Nick Collison,Russell Westbrook,Thabo Sefolosha,Glen Davis,Mikki Moore,Rajon Rondo,Ray Allen,Stephon Marbury,1,3:01,BOS,sub,,,,Stephon Marbury,,Paul Pierce,,,,,,,,,,,,
Jeff Green,Kyle Weaver,Malik Rose,Nick Collison,Russell Westbrook,Glen Davis,Mikki Moore,Rajon Rondo,Ray Allen,Stephon Marbury,1,3:01,OKC,sub,,,,Malik Rose,,Thabo Sefolosha,,,,,,,,,,,,
Jeff Green,Kyle Weaver,Malik Rose,Nick Collison,Russell Westbrook,Glen Davis,Mikki Moore,Rajon Rondo,Ray Allen,Stephon Marbury,1,2:54,OKC,shot,,,,,,,,,,Jeff Green,2,,,made,,driving layup,25,7
Jeff Green,Kyle Weaver,Malik Rose,Nick Collison,Russell Westbrook,Glen Davis,Mikki Moore,Rajon Rondo,Ray Allen,Stephon Marbury,1,2:54,BOS,foul,,,,,,,,Jeff Green,,Ray Allen,,,,,,shooting,,
Jeff Green,Kyle Weaver,Malik Rose,Nick Collison,Russell Westbrook,Glen Davis,Mikki Moore,Rajon Rondo,Ray Allen,Stephon Marbury,1,2:54,OKC,free throw,,,,,,,1,,1,Jeff Green,,,foul,made,,,,
Jeff Green,Kyle Weaver,Malik Rose,Nick Collison,Russell Westbrook,Glen Davis,Mikki Moore,Rajon Rondo,Ray Allen,Stephon Marbury,1,2:43,BOS,shot,,,,,,,,,,Glen Davis,,,,missed,,jump,6,8
Jeff Green,Kyle Weaver,Malik Rose,Nick Collison,Russell Westbrook,Glen Davis,Mikki Moore,Rajon Rondo,Ray Allen,Stephon Marbury,1,2:42,OKC,rebound,,,,,,,,,,Nick Collison,,,,,,def,,
Jeff Green,Kyle Weaver,Malik Rose,Nick Collison,Russell Westbrook,Glen Davis,Mikki Moore,Rajon Rondo,Ray Allen,Stephon Marbury,1,2:24,OKC,shot,Kyle Weaver,,,,,,,,,Malik Rose,2,,,made,,jump,24,27
Jeff Green,Kyle Weaver,Malik Rose,Nick Collison,Russell Westbrook,Glen Davis,Mikki Moore,Rajon Rondo,Ray Allen,Stephon Marbury,1,1:57,BOS,shot,,,,,,,,,,Rajon Rondo,,,,missed,,jump,31,22
Jeff Green,Kyle Weaver,Malik Rose,Nick Collison,Russell Westbrook,Glen Davis,Mikki Moore,Rajon Rondo,Ray Allen,Stephon Marbury,1,1:56,OKC,rebound,,,,,,,,,,Malik Rose,,,,,,def,,
Jeff Green,Kyle Weaver,Malik Rose,Nick Collison,Russell Westbrook,Glen Davis,Mikki Moore,Rajon Rondo,Ray Allen,Stephon Marbury,1,1:37,OKC,shot,Kyle Weaver,,,,,,,,,Malik Rose,2,,,made,,layup,23,7
Jeff Green,Kyle Weaver,Malik Rose,Nick Collison,Russell Westbrook,Glen Davis,Mikki Moore,Rajon Rondo,Ray Allen,Stephon Marbury,1,1:11,BOS,shot,,,,,,,,,,Ray Allen,,,,missed,,3pt,20,31
Jeff Green,Kyle Weaver,Malik Rose,Nick Collison,Russell Westbrook,Glen Davis,Mikki Moore,Rajon Rondo,Ray Allen,Stephon Marbury,1,1:09,OKC,rebound,,,,,,,,,,,,,,,,,,
Jeff Green,Kyle Weaver,Malik Rose,Nick Collison,Russell Westbrook,Glen Davis,Mikki Moore,Paul Pierce,Rajon Rondo,Stephon Marbury,1,1:09,BOS,sub,,,,Paul Pierce,,Ray Allen,,,,,,,,,,,,
Jeff Green,Kyle Weaver,Malik Rose,Nick Collison,Russell Westbrook,Glen Davis,Mikki Moore,Paul Pierce,Rajon Rondo,Stephon Marbury,1,1:00,OKC,shot,,,,,,,,,,Russell Westbrook,2,,,made,,pullup jump,25,20
Jeff Green,Kyle Weaver,Malik Rose,Nick Collison,Russell Westbrook,Glen Davis,Mikki Moore,Paul Pierce,Rajon Rondo,Stephon Marbury,1,0:37,BOS,shot,,,,,,,,,,Paul Pierce,,,,missed,,step back jump,34,22
Jeff Green,Kyle Weaver,Malik Rose,Nick Collison,Russell Westbrook,Glen Davis,Mikki Moore,Paul Pierce,Rajon Rondo,Stephon Marbury,1,0:35,BOS,rebound,,,,,,,,,,Mikki Moore,,,,,,off,,
Jeff Green,Kyle Weaver,Malik Rose,Nick Collison,Russell Westbrook,Glen Davis,Mikki Moore,Paul Pierce,Rajon Rondo,Stephon Marbury,1,0:33,BOS,shot,,,,,,,,,,Mikki Moore,,,,missed,,layup,26,8
Jeff Green,Kyle Weaver,Malik Rose,Nick Collison,Russell Westbrook,Glen Davis,Mikki Moore,Paul Pierce,Rajon Rondo,Stephon Marbury,1,0:32,BOS,rebound,,,,,,,,,,Rajon Rondo,,,,,,off,,
Jeff Green,Kyle Weaver,Malik Rose,Nick Collison,Russell Westbrook,Glen Davis,Mikki Moore,Paul Pierce,Rajon Rondo,Stephon Marbury,1,0:25,OKC,foul,,,,,,,,,,Malik Rose,,,,,,defense 3 second,,
Jeff Green,Kyle Weaver,Malik Rose,Nick Collison,Russell Westbrook,Glen Davis,Mikki Moore,Paul Pierce,Rajon Rondo,Stephon Marbury,1,0:25,BOS,free throw,,,,,,,1,,1,Paul Pierce,,,technical,made,,,,
Jeff Green,Kyle Weaver,Malik Rose,Nick Collison,Russell Westbrook,Glen Davis,Mikki Moore,Paul Pierce,Rajon Rondo,Stephon Marbury,1,0:12,BOS,shot,,,,,,,,,,Rajon Rondo,2,,,made,,jump,30,24
Jeff Green,Kyle Weaver,Malik Rose,Nick Collison,Russell Westbrook,Glen Davis,Mikki Moore,Paul Pierce,Rajon Rondo,Stephon Marbury,1,0:02,OKC,shot,,,,,,,,,,Malik Rose,,,,missed,,jump,24,28
Jeff Green,Kyle Weaver,Malik Rose,Nick Collison,Russell Westbrook,Glen Davis,Mikki Moore,Paul Pierce,Rajon Rondo,Stephon Marbury,1,0:00,OKC,rebound,,,,,,,,,,Nick Collison,,,,,,off,,
Jeff Green,Kyle Weaver,Malik Rose,Nick Collison,Russell Westbrook,Glen Davis,Mikki Moore,Paul Pierce,Rajon Rondo,Stephon Marbury,1,0:00,OKC,shot,,,,,,,,,,Nick Collison,,,,missed,,layup,25,9
Jeff Green,Kyle Weaver,Malik Rose,Nick Collison,Russell Westbrook,Glen Davis,Mikki Moore,Paul Pierce,Rajon Rondo,Stephon Marbury,1,0:00,OKC,rebound,,,,,,,,,,,,,,,,,,
Chucky Atkins,Kevin Durant,Kyle Weaver,Malik Rose,Nick Collison,Eddie House,Glen Davis,Mikki Moore,Paul Pierce,Stephon Marbury,2,11:46,BOS,shot,,,,,,,,,,Glen Davis,,,,missed,,layup,25,8
Chucky Atkins,Kevin Durant,Kyle Weaver,Malik Rose,Nick Collison,Eddie House,Glen Davis,Mikki Moore,Paul Pierce,Stephon Marbury,2,11:45,BOS,rebound,,,,,,,,,,Mikki Moore,,,,,,off,,
Chucky Atkins,Kevin Durant,Kyle Weaver,Malik Rose,Nick Collison,Eddie House,Glen Davis,Mikki Moore,Paul Pierce,Stephon Marbury,2,11:43,BOS,shot,,,Malik Rose,,,,,,,Mikki Moore,,,,missed,,layup,28,7
Chucky Atkins,Kevin Durant,Kyle Weaver,Malik Rose,Nick Collison,Eddie House,Glen Davis,Mikki Moore,Paul Pierce,Stephon Marbury,2,11:42,BOS,rebound,,,,,,,,,,Glen Davis,,,,,,off,,
Chucky Atkins,Kevin Durant,Kyle Weaver,Malik Rose,Nick Collison,Eddie House,Glen Davis,Mikki Moore,Paul Pierce,Stephon Marbury,2,11:41,BOS,shot,,,,,,,,,,Glen Davis,,,,missed,,layup,24,7
Chucky Atkins,Kevin Durant,Kyle Weaver,Malik Rose,Nick Collison,Eddie House,Glen Davis,Mikki Moore,Paul Pierce,Stephon Marbury,2,11:41,BOS,rebound,,,,,,,,,,Glen Davis,,,,,,off,,
Chucky Atkins,Kevin Durant,Kyle Weaver,Malik Rose,Nick Collison,Eddie House,Glen Davis,Mikki Moore,Paul Pierce,Stephon Marbury,2,11:40,OKC,foul,,,,,,,,Glen Davis,,Chucky Atkins,,,,,,personal,,
Chucky Atkins,Kevin Durant,Kyle Weaver,Malik Rose,Nick Collison,Eddie House,Glen Davis,Mikki Moore,Paul Pierce,Stephon Marbury,2,11:25,BOS,shot,Eddie House,,,,,,,,,Mikki Moore,2,,,made,,jump,43,10
Chucky Atkins,Kevin Durant,Kyle Weaver,Malik Rose,Nick Collison,Eddie House,Glen Davis,Mikki Moore,Paul Pierce,Stephon Marbury,2,11:06,OKC,shot,,,,,,,,,,Kyle Weaver,,,,missed,,layup,24,8
Chucky Atkins,Kevin Durant,Kyle Weaver,Malik Rose,Nick Collison,Eddie House,Glen Davis,Mikki Moore,Paul Pierce,Stephon Marbury,2,11:05,BOS,rebound,,,,,,,,,,Glen Davis,,,,,,def,,
Chucky Atkins,Kevin Durant,Kyle Weaver,Malik Rose,Nick Collison,Eddie House,Glen Davis,Mikki Moore,Paul Pierce,Stephon Marbury,2,10:54,BOS,shot,Stephon Marbury,,,,,,,,,Mikki Moore,2,,,made,,jump,31,22
Chucky Atkins,Kevin Durant,Kyle Weaver,Malik Rose,Nick Collison,Eddie House,Glen Davis,Mikki Moore,Paul Pierce,Stephon Marbury,2,10:42,OKC,shot,Kyle Weaver,,,,,,,,,Kevin Durant,2,,,made,,turnaround fade away,10,11
Chucky Atkins,Kevin Durant,Kyle Weaver,Malik Rose,Nick Collison,Eddie House,Glen Davis,Mikki Moore,Paul Pierce,Stephon Marbury,2,10:27,BOS,shot,,,,,,,,,,Stephon Marbury,,,,missed,,jump,22,7
Chucky Atkins,Kevin Durant,Kyle Weaver,Malik Rose,Nick Collison,Eddie House,Glen Davis,Mikki Moore,Paul Pierce,Stephon Marbury,2,10:26,OKC,rebound,,,,,,,,,,Malik Rose,,,,,,def,,
Chucky Atkins,Kevin Durant,Kyle Weaver,Malik Rose,Nick Collison,Eddie House,Glen Davis,Mikki Moore,Paul Pierce,Stephon Marbury,2,10:22,OKC,turnover,,,,,,,,,,Malik Rose,,,bad pass,,Stephon Marbury,,,
Chucky Atkins,Kevin Durant,Kyle Weaver,Malik Rose,Nick Collison,Eddie House,Glen Davis,Mikki Moore,Paul Pierce,Stephon Marbury,2,10:19,BOS,shot,,,,,,,,,,Eddie House,,,,missed,,3pt,44,23
Chucky Atkins,Kevin Durant,Kyle Weaver,Malik Rose,Nick Collison,Eddie House,Glen Davis,Mikki Moore,Paul Pierce,Stephon Marbury,2,10:18,OKC,rebound,,,,,,,,,,Malik Rose,,,,,,def,,
Chucky Atkins,Kevin Durant,Kyle Weaver,Malik Rose,Nick Collison,Eddie House,Glen Davis,Mikki Moore,Paul Pierce,Stephon Marbury,2,10:11,OKC,turnover,,,,,,,,,,Kevin Durant,,,bad pass,,Mikki Moore,,,
Chucky Atkins,Kevin Durant,Kyle Weaver,Malik Rose,Nick Collison,Eddie House,Glen Davis,Mikki Moore,Paul Pierce,Stephon Marbury,2,10:06,BOS,shot,Stephon Marbury,,,,,,,,,Eddie House,2,,,made,,layup,25,7
Chucky Atkins,Kevin Durant,Kyle Weaver,Malik Rose,Nick Collison,Eddie House,Glen Davis,Mikki Moore,Paul Pierce,Stephon Marbury,2,9:50,OKC,turnover,,,,,,,,,,Chucky Atkins,,,traveling,,,,,
Chucky Atkins,Kevin Durant,Kyle Weaver,Malik Rose,Nick Collison,Eddie House,Glen Davis,Mikki Moore,Paul Pierce,Stephon Marbury,2,9:37,BOS,shot,,,,,,,,,,Stephon Marbury,,,,missed,,jump,19,28
Chucky Atkins,Kevin Durant,Kyle Weaver,Malik Rose,Nick Collison,Eddie House,Glen Davis,Mikki Moore,Paul Pierce,Stephon Marbury,2,9:36,OKC,rebound,,,,,,,,,,Chucky Atkins,,,,,,def,,
Chucky Atkins,Kevin Durant,Kyle Weaver,Malik Rose,Nick Collison,Eddie House,Glen Davis,Mikki Moore,Paul Pierce,Stephon Marbury,2,9:26,OKC,shot,Kyle Weaver,,,,,,,,,Nick Collison,2,,,made,,dunk,26,6
Chucky Atkins,Kevin Durant,Kyle Weaver,Malik Rose,Nick Collison,Eddie House,Glen Davis,Mikki Moore,Paul Pierce,Stephon Marbury,2,8:56,BOS,shot,Stephon Marbury,,,,,,,,,Paul Pierce,2,,,made,,jump,5,7
Chucky Atkins,Kevin Durant,Kyle Weaver,Malik Rose,Nick Collison,Eddie House,Glen Davis,Mikki Moore,Paul Pierce,Stephon Marbury,2,8:51,BOS,foul,,,,,,,,Kevin Durant,,Mikki Moore,,,,,,shooting,,
Chucky Atkins,Kevin Durant,Kyle Weaver,Malik Rose,Nick Collison,Eddie House,Glen Davis,Mikki Moore,Paul Pierce,Stephon Marbury,2,8:51,OFF,timeout,,,,,,,,,,,,,,,,official,,
Chucky Atkins,Kevin Durant,Kyle Weaver,Malik Rose,Nick Collison,Eddie House,Kendrick Perkins,Mikki Moore,Paul Pierce,Stephon Marbury,2,8:51,BOS,sub,,,,Kendrick Perkins,,Glen Davis,,,,,,,,,,,,
Chucky Atkins,Kevin Durant,Kyle Weaver,Malik Rose,Nick Collison,Eddie House,Kendrick Perkins,Mikki Moore,Paul Pierce,Stephon Marbury,2,8:51,OKC,free throw,,,,,,,1,,2,Kevin Durant,,,foul,made,,,,
Chucky Atkins,Kevin Durant,Kyle Weaver,Malik Rose,Nick Collison,Eddie House,Kendrick Perkins,Mikki Moore,Paul Pierce,Stephon Marbury,2,8:51,OKC,free throw,,,,,,,2,,2,Kevin Durant,,,foul,made,,,,
Chucky Atkins,Kevin Durant,Kyle Weaver,Malik Rose,Nick Collison,Eddie House,Kendrick Perkins,Mikki Moore,Paul Pierce,Stephon Marbury,2,8:27,BOS,shot,,,,,,,,,,Paul Pierce,,,,missed,,3pt,39,26
Chucky Atkins,Kevin Durant,Kyle Weaver,Malik Rose,Nick Collison,Eddie House,Kendrick Perkins,Mikki Moore,Paul Pierce,Stephon Marbury,2,8:25,OKC,rebound,,,,,,,,,,Kyle Weaver,,,,,,def,,
Chucky Atkins,Kevin Durant,Kyle Weaver,Malik Rose,Nick Collison,Eddie House,Kendrick Perkins,Mikki Moore,Paul Pierce,Stephon Marbury,2,8:04,OKC,shot,,,,,,,,,,Kevin Durant,,,,missed,,running jump,30,12
Chucky Atkins,Kevin Durant,Kyle Weaver,Malik Rose,Nick Collison,Eddie House,Kendrick Perkins,Mikki Moore,Paul Pierce,Stephon Marbury,2,8:03,BOS,rebound,,,,,,,,,,Mikki Moore,,,,,,def,,
Chucky Atkins,Kevin Durant,Kyle Weaver,Malik Rose,Nick Collison,Eddie House,Kendrick Perkins,Mikki Moore,Paul Pierce,Stephon Marbury,2,8:00,BOS,turnover,,,,,,,,,,Stephon Marbury,,,out of bounds lost ball turnover,,,,,
Chucky Atkins,Kevin Durant,Kyle Weaver,Malik Rose,Nick Collison,Eddie House,Kendrick Perkins,Mikki Moore,Paul Pierce,Stephon Marbury,2,7:48,OKC,shot,,,,,,,,,,Malik Rose,,,,missed,,jump,17,22
Chucky Atkins,Kevin Durant,Kyle Weaver,Malik Rose,Nick Collison,Eddie House,Kendrick Perkins,Mikki Moore,Paul Pierce,Stephon Marbury,2,7:47,BOS,rebound,,,,,,,,,,Paul Pierce,,,,,,def,,
Chucky Atkins,Kevin Durant,Kyle Weaver,Malik Rose,Nick Collison,Eddie House,Kendrick Perkins,Mikki Moore,Paul Pierce,Stephon Marbury,2,7:40,BOS,shot,,,,,,,,,,Eddie House,,,,missed,,jump,43,19
Chucky Atkins,Kevin Durant,Kyle Weaver,Malik Rose,Nick Collison,Eddie House,Kendrick Perkins,Mikki Moore,Paul Pierce,Stephon Marbury,2,7:39,OKC,rebound,,,,,,,,,,Malik Rose,,,,,,def,,
Chucky Atkins,Kevin Durant,Kyle Weaver,Malik Rose,Nick Collison,Eddie House,Kendrick Perkins,Mikki Moore,Paul Pierce,Stephon Marbury,2,7:29,OKC,shot,,,,,,,,,,Kevin Durant,2,,,made,,driving layup,23,8
Chucky Atkins,Kevin Durant,Kyle Weaver,Malik Rose,Nick Collison,Eddie House,Kendrick Perkins,Mikki Moore,Paul Pierce,Stephon Marbury,2,7:15,BOS,shot,Eddie House,,,,,,,,,Mikki Moore,2,,,made,,slam dunk,23,6
Chucky Atkins,Kevin Durant,Kyle Weaver,Malik Rose,Nick Collison,Eddie House,Kendrick Perkins,Mikki Moore,Paul Pierce,Stephon Marbury,2,6:58,BOS,foul,,,,,,,,Kyle Weaver,,Stephon Marbury,,,,,,personal,,
Chucky Atkins,Kevin Durant,Kyle Weaver,Malik Rose,Nick Collison,Eddie House,Kendrick Perkins,Mikki Moore,Ray Allen,Stephon Marbury,2,6:58,BOS,sub,,,,Ray Allen,,Paul Pierce,,,,,,,,,,,,
Chucky Atkins,Jeff Green,Kevin Durant,Malik Rose,Nick Collison,Eddie House,Kendrick Perkins,Mikki Moore,Ray Allen,Stephon Marbury,2,6:58,OKC,sub,,,,Jeff Green,,Kyle Weaver,,,,,,,,,,,,
Chucky Atkins,Jeff Green,Kevin Durant,Malik Rose,Nick Collison,Eddie House,Kendrick Perkins,Mikki Moore,Ray Allen,Stephon Marbury,2,6:51,BOS,foul,,,,,,,,Kevin Durant,,Stephon Marbury,,,,,,personal,,
Chucky Atkins,Jeff Green,Kevin Durant,Malik Rose,Nick Collison,Eddie House,Kendrick Perkins,Mikki Moore,Ray Allen,Stephon Marbury,2,6:47,OKC,shot,Chucky Atkins,,,,,,,,,Kevin Durant,2,,,made,,floating jump,6,8
Chucky Atkins,Jeff Green,Kevin Durant,Malik Rose,Nick Collison,Eddie House,Kendrick Perkins,Mikki Moore,Ray Allen,Stephon Marbury,2,6:30,BOS,shot,Eddie House,,,,,,,,,Mikki Moore,2,,,made,,slam dunk,25,6
Chucky Atkins,Jeff Green,Kevin Durant,Malik Rose,Nick Collison,Eddie House,Kendrick Perkins,Mikki Moore,Ray Allen,Stephon Marbury,2,6:14,OKC,turnover,,,,,,,,,,Jeff Green,,,bad pass,,Eddie House,,,
Chucky Atkins,Jeff Green,Kevin Durant,Malik Rose,Nick Collison,Eddie House,Kendrick Perkins,Mikki Moore,Ray Allen,Stephon Marbury,2,6:05,BOS,shot,,,,,,,,,,Eddie House,,,,missed,,jump,41,21
Chucky Atkins,Jeff Green,Kevin Durant,Malik Rose,Nick Collison,Eddie House,Kendrick Perkins,Mikki Moore,Ray Allen,Stephon Marbury,2,6:04,OKC,rebound,,,,,,,,,,Kevin Durant,,,,,,def,,
Chucky Atkins,Jeff Green,Kevin Durant,Malik Rose,Nick Collison,Eddie House,Kendrick Perkins,Mikki Moore,Ray Allen,Stephon Marbury,2,6:01,OKC,shot,,,Kendrick Perkins,,,,,,,Kevin Durant,,,,missed,,layup,26,7
Chucky Atkins,Jeff Green,Kevin Durant,Malik Rose,Nick Collison,Eddie House,Kendrick Perkins,Mikki Moore,Ray Allen,Stephon Marbury,2,6:00,OKC,rebound,,,,,,,,,,,,,,,,,,
Chucky Atkins,Jeff Green,Kevin Durant,Malik Rose,Nick Collison,Bill Walker,Eddie House,Kendrick Perkins,Mikki Moore,Ray Allen,2,6:00,BOS,sub,,,,Bill Walker,,Stephon Marbury,,,,,,,,,,,,
Jeff Green,Kevin Durant,Malik Rose,Nick Collison,Russell Westbrook,Bill Walker,Eddie House,Kendrick Perkins,Mikki Moore,Ray Allen,2,6:00,OKC,sub,,,,Russell Westbrook,,Chucky Atkins,,,,,,,,,,,,
Jeff Green,Kevin Durant,Malik Rose,Nick Collison,Russell Westbrook,Bill Walker,Eddie House,Kendrick Perkins,Mikki Moore,Ray Allen,2,5:57,OKC,shot,Kevin Durant,,,,,,,,,Jeff Green,2,,,made,,jump,7,9
Jeff Green,Kevin Durant,Malik Rose,Nick Collison,Russell Westbrook,Bill Walker,Eddie House,Kendrick Perkins,Mikki Moore,Ray Allen,2,5:40,BOS,shot,,,,,,,,,,Eddie House,,,,missed,,jump,18,28
Jeff Green,Kevin Durant,Malik Rose,Nick Collison,Russell Westbrook,Bill Walker,Eddie House,Kendrick Perkins,Mikki Moore,Ray Allen,2,5:39,OKC,rebound,,,,,,,,,,Nick Collison,,,,,,def,,
Jeff Green,Kevin Durant,Malik Rose,Nick Collison,Russell Westbrook,Bill Walker,Eddie House,Kendrick Perkins,Mikki Moore,Ray Allen,2,5:24,BOS,foul,,,,,,,,Nick Collison,,Bill Walker,,,,,,personal,,
Jeff Green,Kevin Durant,Malik Rose,Nick Collison,Russell Westbrook,Bill Walker,Eddie House,Kendrick Perkins,Mikki Moore,Ray Allen,2,5:24,BOS,timeout,,,,,,,,,,,,,,,,regular,,
Jeff Green,Kevin Durant,Malik Rose,Nick Collison,Russell Westbrook,Bill Walker,Kendrick Perkins,Mikki Moore,Rajon Rondo,Ray Allen,2,5:24,BOS,sub,,,,Rajon Rondo,,Eddie House,,,,,,,,,,,,
Jeff Green,Kevin Durant,Malik Rose,Nenad Krstic,Russell Westbrook,Bill Walker,Kendrick Perkins,Mikki Moore,Rajon Rondo,Ray Allen,2,5:24,OKC,sub,,,,Nenad Krstic,,Nick Collison,,,,,,,,,,,,
Jeff Green,Kevin Durant,Malik Rose,Nenad Krstic,Russell Westbrook,Bill Walker,Kendrick Perkins,Mikki Moore,Rajon Rondo,Ray Allen,2,5:13,OKC,shot,,,,,,,,,,Nenad Krstic,,,,missed,,jump,20,26
Jeff Green,Kevin Durant,Malik Rose,Nenad Krstic,Russell Westbrook,Bill Walker,Kendrick Perkins,Mikki Moore,Rajon Rondo,Ray Allen,2,5:12,BOS,rebound,,,,,,,,,,Rajon Rondo,,,,,,def,,
Jeff Green,Kevin Durant,Malik Rose,Nenad Krstic,Russell Westbrook,Bill Walker,Kendrick Perkins,Mikki Moore,Rajon Rondo,Ray Allen,2,5:06,BOS,shot,,,,,,,,,,Rajon Rondo,,,,missed,,layup,24,7
Jeff Green,Kevin Durant,Malik Rose,Nenad Krstic,Russell Westbrook,Bill Walker,Kendrick Perkins,Mikki Moore,Rajon Rondo,Ray Allen,2,5:05,BOS,rebound,,,,,,,,,,Bill Walker,,,,,,off,,
Jeff Green,Kevin Durant,Malik Rose,Nenad Krstic,Russell Westbrook,Bill Walker,Kendrick Perkins,Mikki Moore,Rajon Rondo,Ray Allen,2,4:57,BOS,shot,Rajon Rondo,,,,,,,,,Kendrick Perkins,2,,,made,,layup,24,8
Jeff Green,Kevin Durant,Malik Rose,Nenad Krstic,Russell Westbrook,Bill Walker,Kendrick Perkins,Mikki Moore,Rajon Rondo,Ray Allen,2,4:38,OKC,shot,,,,,,,,,,Malik Rose,,,,missed,,jump,42,15
Jeff Green,Kevin Durant,Malik Rose,Nenad Krstic,Russell Westbrook,Bill Walker,Kendrick Perkins,Mikki Moore,Rajon Rondo,Ray Allen,2,4:37,BOS,rebound,,,,,,,,,,Bill Walker,,,,,,def,,
Jeff Green,Kevin Durant,Malik Rose,Nenad Krstic,Russell Westbrook,Bill Walker,Kendrick Perkins,Mikki Moore,Rajon Rondo,Ray Allen,2,4:30,BOS,shot,,,,,,,,,,Ray Allen,,,,missed,,3pt,44,20
Jeff Green,Kevin Durant,Malik Rose,Nenad Krstic,Russell Westbrook,Bill Walker,Kendrick Perkins,Mikki Moore,Rajon Rondo,Ray Allen,2,4:28,OKC,rebound,,,,,,,,,,,,,,,,,,
Jeff Green,Kevin Durant,Nenad Krstic,Russell Westbrook,Thabo Sefolosha,Bill Walker,Kendrick Perkins,Mikki Moore,Rajon Rondo,Ray Allen,2,4:28,OKC,sub,,,,Thabo Sefolosha,,Malik Rose,,,,,,,,,,,,
Jeff Green,Kevin Durant,Nenad Krstic,Russell Westbrook,Thabo Sefolosha,Bill Walker,Kendrick Perkins,Mikki Moore,Rajon Rondo,Ray Allen,2,4:17,OKC,turnover,,,,,,,,,,Jeff Green,,,bad pass,,Rajon Rondo,,,
Jeff Green,Kevin Durant,Nenad Krstic,Russell Westbrook,Thabo Sefolosha,Bill Walker,Kendrick Perkins,Mikki Moore,Rajon Rondo,Ray Allen,2,4:12,BOS,shot,Rajon Rondo,,,,,,,,,Mikki Moore,2,,,made,,driving dunk,25,7
Jeff Green,Kevin Durant,Nenad Krstic,Russell Westbrook,Thabo Sefolosha,Bill Walker,Kendrick Perkins,Mikki Moore,Rajon Rondo,Ray Allen,2,3:53,OKC,shot,,,,,,,,,,Russell Westbrook,,,,missed,,jump,21,22
Jeff Green,Kevin Durant,Nenad Krstic,Russell Westbrook,Thabo Sefolosha,Bill Walker,Kendrick Perkins,Mikki Moore,Rajon Rondo,Ray Allen,2,3:52,BOS,rebound,,,,,,,,,,Bill Walker,,,,,,def,,
Jeff Green,Kevin Durant,Nenad Krstic,Russell Westbrook,Thabo Sefolosha,Bill Walker,Kendrick Perkins,Mikki Moore,Rajon Rondo,Ray Allen,2,3:46,OKC,foul,,,,,,,,Bill Walker,,Nenad Krstic,,,,,,shooting,,
Jeff Green,Kevin Durant,Nenad Krstic,Russell Westbrook,Thabo Sefolosha,Bill Walker,Kendrick Perkins,Mikki Moore,Rajon Rondo,Ray Allen,2,3:46,BOS,free throw,,,,,,,1,,2,Bill Walker,,,foul,made,,,,
Jeff Green,Kevin Durant,Nenad Krstic,Russell Westbrook,Thabo Sefolosha,Bill Walker,Kendrick Perkins,Mikki Moore,Rajon Rondo,Ray Allen,2,3:46,BOS,free throw,,,,,,,2,,2,Bill Walker,,,foul,made,,,,
Jeff Green,Kevin Durant,Nenad Krstic,Russell Westbrook,Thabo Sefolosha,Bill Walker,Kendrick Perkins,Mikki Moore,Rajon Rondo,Ray Allen,2,3:40,BOS,foul,,,,,,,,Kevin Durant,,Bill Walker,,,,,,personal,,
Jeff Green,Kevin Durant,Nenad Krstic,Russell Westbrook,Thabo Sefolosha,Bill Walker,Kendrick Perkins,Mikki Moore,Rajon Rondo,Ray Allen,2,3:40,OKC,free throw,,,,,,,1,,2,Kevin Durant,,,foul,made,,,,
Jeff Green,Kevin Durant,Nenad Krstic,Russell Westbrook,Thabo Sefolosha,Bill Walker,Kendrick Perkins,Mikki Moore,Rajon Rondo,Ray Allen,2,3:40,OKC,free throw,,,,,,,2,,2,Kevin Durant,,,foul,made,,,,
Jeff Green,Kevin Durant,Nenad Krstic,Russell Westbrook,Thabo Sefolosha,Bill Walker,Kendrick Perkins,Mikki Moore,Rajon Rondo,Ray Allen,2,3:33,BOS,shot,,,,,,,,,,Rajon Rondo,2,,,made,,driving dunk,23,8
Jeff Green,Kevin Durant,Nenad Krstic,Russell Westbrook,Thabo Sefolosha,Bill Walker,Kendrick Perkins,Mikki Moore,Rajon Rondo,Ray Allen,2,3:26,OKC,timeout,,,,,,,,,,,,,,,,regular,,
Jeff Green,Kevin Durant,Nenad Krstic,Russell Westbrook,Thabo Sefolosha,Bill Walker,Kendrick Perkins,Mikki Moore,Rajon Rondo,Ray Allen,2,3:16,OKC,shot,Kevin Durant,,,,,,,,,Nenad Krstic,2,,,made,,jump,33,24
Jeff Green,Kevin Durant,Nenad Krstic,Russell Westbrook,Thabo Sefolosha,Bill Walker,Kendrick Perkins,Mikki Moore,Rajon Rondo,Ray Allen,2,3:00,BOS,shot,Rajon Rondo,,,,,,,,,Ray Allen,3,,,made,,3pt,48,14
Jeff Green,Kevin Durant,Nenad Krstic,Russell Westbrook,Thabo Sefolosha,Bill Walker,Kendrick Perkins,Mikki Moore,Rajon Rondo,Ray Allen,2,2:46,OKC,shot,,,,,,,,,,Kevin Durant,,,,missed,,jump,41,16
Jeff Green,Kevin Durant,Nenad Krstic,Russell Westbrook,Thabo Sefolosha,Bill Walker,Kendrick Perkins,Mikki Moore,Rajon Rondo,Ray Allen,2,2:45,BOS,rebound,,,,,,,,,,Mikki Moore,,,,,,def,,
Jeff Green,Kevin Durant,Nenad Krstic,Russell Westbrook,Thabo Sefolosha,Bill Walker,Kendrick Perkins,Mikki Moore,Rajon Rondo,Ray Allen,2,2:31,BOS,shot,,,Thabo Sefolosha,,,,,,,Kendrick Perkins,,,,missed,,jump,25,15
Jeff Green,Kevin Durant,Nenad Krstic,Russell Westbrook,Thabo Sefolosha,Bill Walker,Kendrick Perkins,Mikki Moore,Rajon Rondo,Ray Allen,2,2:29,OKC,rebound,,,,,,,,,,Jeff Green,,,,,,def,,
Jeff Green,Kevin Durant,Nenad Krstic,Russell Westbrook,Thabo Sefolosha,Bill Walker,Kendrick Perkins,Mikki Moore,Rajon Rondo,Ray Allen,2,2:20,OKC,shot,,,,,,,,,,Russell Westbrook,,,,missed,,fade away jumper,22,17
Jeff Green,Kevin Durant,Nenad Krstic,Russell Westbrook,Thabo Sefolosha,Bill Walker,Kendrick Perkins,Mikki Moore,Rajon Rondo,Ray Allen,2,2:19,BOS,rebound,,,,,,,,,,Bill Walker,,,,,,def,,
Jeff Green,Kevin Durant,Nenad Krstic,Russell Westbrook,Thabo Sefolosha,Bill Walker,Kendrick Perkins,Mikki Moore,Rajon Rondo,Ray Allen,2,2:01,BOS,shot,,,,,,,,,,Bill Walker,,,,missed,,jump,39,9
Jeff Green,Kevin Durant,Nenad Krstic,Russell Westbrook,Thabo Sefolosha,Bill Walker,Kendrick Perkins,Mikki Moore,Rajon Rondo,Ray Allen,2,1:59,BOS,rebound,,,,,,,,,,Kendrick Perkins,,,,,,off,,
Jeff Green,Kevin Durant,Nenad Krstic,Russell Westbrook,Thabo Sefolosha,Bill Walker,Kendrick Perkins,Mikki Moore,Rajon Rondo,Ray Allen,2,1:56,BOS,shot,,,,,,,,,,Kendrick Perkins,,,,missed,,jump,23,14
Jeff Green,Kevin Durant,Nenad Krstic,Russell Westbrook,Thabo Sefolosha,Bill Walker,Kendrick Perkins,Mikki Moore,Rajon Rondo,Ray Allen,2,1:55,OKC,rebound,,,,,,,,,,Nenad Krstic,,,,,,def,,
Jeff Green,Kevin Durant,Nenad Krstic,Russell Westbrook,Thabo Sefolosha,Bill Walker,Kendrick Perkins,Mikki Moore,Rajon Rondo,Ray Allen,2,1:38,OKC,shot,,,,,,,,,,Jeff Green,,,,missed,,jump,14,22
Jeff Green,Kevin Durant,Nenad Krstic,Russell Westbrook,Thabo Sefolosha,Bill Walker,Kendrick Perkins,Mikki Moore,Rajon Rondo,Ray Allen,2,1:37,BOS,rebound,,,,,,,,,,Kendrick Perkins,,,,,,def,,
Jeff Green,Kevin Durant,Nenad Krstic,Russell Westbrook,Thabo Sefolosha,Bill Walker,Kendrick Perkins,Mikki Moore,Rajon Rondo,Ray Allen,2,1:35,BOS,turnover,,,,,,,,,,Ray Allen,,,bad pass,,,,,
Jeff Green,Kevin Durant,Nenad Krstic,Russell Westbrook,Thabo Sefolosha,Bill Walker,Kendrick Perkins,Mikki Moore,Paul Pierce,Rajon Rondo,2,1:35,BOS,sub,,,,Paul Pierce,,Ray Allen,,,,,,,,,,,,
Jeff Green,Kevin Durant,Nenad Krstic,Russell Westbrook,Thabo Sefolosha,Bill Walker,Kendrick Perkins,Mikki Moore,Paul Pierce,Rajon Rondo,2,1:22,OKC,shot,,,,,,,,,,Kevin Durant,,,,missed,,running jump,23,15
Jeff Green,Kevin Durant,Nenad Krstic,Russell Westbrook,Thabo Sefolosha,Bill Walker,Kendrick Perkins,Mikki Moore,Paul Pierce,Rajon Rondo,2,1:20,BOS,rebound,,,,,,,,,,Kendrick Perkins,,,,,,def,,
Jeff Green,Kevin Durant,Nenad Krstic,Russell Westbrook,Thabo Sefolosha,Bill Walker,Kendrick Perkins,Mikki Moore,Paul Pierce,Rajon Rondo,2,1:07,BOS,turnover,,,,,,,,,,Rajon Rondo,,,bad pass,,Kevin Durant,,,
Jeff Green,Kevin Durant,Nenad Krstic,Russell Westbrook,Thabo Sefolosha,Bill Walker,Kendrick Perkins,Mikki Moore,Paul Pierce,Rajon Rondo,2,1:04,BOS,foul,,,,,,,,Kevin Durant,,Mikki Moore,,,,,,personal,,
Jeff Green,Kevin Durant,Nenad Krstic,Russell Westbrook,Thabo Sefolosha,Bill Walker,Kendrick Perkins,Mikki Moore,Paul Pierce,Rajon Rondo,2,1:04,OKC,free throw,,,,,,,1,,2,Kevin Durant,,,foul,made,,,,
Jeff Green,Kevin Durant,Nenad Krstic,Russell Westbrook,Thabo Sefolosha,Bill Walker,Glen Davis,Kendrick Perkins,Paul Pierce,Rajon Rondo,2,1:04,BOS,sub,,,,Glen Davis,,Mikki Moore,,,,,,,,,,,,
Jeff Green,Kevin Durant,Nenad Krstic,Russell Westbrook,Thabo Sefolosha,Bill Walker,Glen Davis,Kendrick Perkins,Paul Pierce,Rajon Rondo,2,1:04,OKC,free throw,,,,,,,2,,2,Kevin Durant,,,foul,made,,,,
Jeff Green,Kevin Durant,Nenad Krstic,Russell Westbrook,Thabo Sefolosha,Bill Walker,Glen Davis,Kendrick Perkins,Paul Pierce,Rajon Rondo,2,0:54,BOS,shot,,,,,,,,,,Bill Walker,,,,missed,,alley oop layup,25,7
Jeff Green,Kevin Durant,Nenad Krstic,Russell Westbrook,Thabo Sefolosha,Bill Walker,Glen Davis,Kendrick Perkins,Paul Pierce,Rajon Rondo,2,0:54,OKC,rebound,,,,,,,,,,,,,,,,,,
Jeff Green,Kyle Weaver,Nenad Krstic,Russell Westbrook,Thabo Sefolosha,Bill Walker,Glen Davis,Kendrick Perkins,Paul Pierce,Rajon Rondo,2,0:45,OKC,sub,,,,Kyle Weaver,,Kevin Durant,,,,,,,,,,,,
Jeff Green,Kyle Weaver,Nenad Krstic,Russell Westbrook,Thabo Sefolosha,Eddie House,Glen Davis,Kendrick Perkins,Paul Pierce,Rajon Rondo,2,0:45,BOS,sub,,,,Eddie House,,Bill Walker,,,,,,,,,,,,
Jeff Green,Kyle Weaver,Nenad Krstic,Russell Westbrook,Thabo Sefolosha,Eddie House,Glen Davis,Kendrick Perkins,Paul Pierce,Rajon Rondo,2,0:36,OKC,shot,,,,,,,,,,Nenad Krstic,,,,missed,,jump,15,18
Jeff Green,Kyle Weaver,Nenad Krstic,Russell Westbrook,Thabo Sefolosha,Eddie House,Glen Davis,Kendrick Perkins,Paul Pierce,Rajon Rondo,2,0:35,BOS,rebound,,,,,,,,,,Eddie House,,,,,,def,,
Jeff Green,Kyle Weaver,Nenad Krstic,Russell Westbrook,Thabo Sefolosha,Eddie House,Glen Davis,Kendrick Perkins,Paul Pierce,Rajon Rondo,2,0:25,OKC,foul,,,,,,,,Paul Pierce,,Russell Westbrook,,,,,,shooting,,
Jeff Green,Kyle Weaver,Nenad Krstic,Russell Westbrook,Thabo Sefolosha,Eddie House,Glen Davis,Kendrick Perkins,Paul Pierce,Rajon Rondo,2,0:25,BOS,free throw,,,,,,,1,,2,Paul Pierce,,,foul,made,,,,
Jeff Green,Kyle Weaver,Nenad Krstic,Russell Westbrook,Thabo Sefolosha,Bill Walker,Eddie House,Glen Davis,Paul Pierce,Rajon Rondo,2,0:25,BOS,sub,,,,Bill Walker,,Kendrick Perkins,,,,,,,,,,,,
Jeff Green,Kyle Weaver,Nenad Krstic,Russell Westbrook,Thabo Sefolosha,Bill Walker,Eddie House,Glen Davis,Paul Pierce,Rajon Rondo,2,0:25,BOS,free throw,,,,,,,2,,2,Paul Pierce,,,foul,made,,,,
Jeff Green,Kyle Weaver,Nenad Krstic,Russell Westbrook,Thabo Sefolosha,Bill Walker,Eddie House,Glen Davis,Paul Pierce,Rajon Rondo,2,0:02,OKC,shot,,,,,,,,,,Jeff Green,,,,missed,,3pt,2,7
Jeff Green,Kyle Weaver,Nenad Krstic,Russell Westbrook,Thabo Sefolosha,Bill Walker,Eddie House,Glen Davis,Paul Pierce,Rajon Rondo,2,0:00,OKC,rebound,,,,,,,,,,Russell Westbrook,,,,,,off,,
Jeff Green,Kyle Weaver,Nenad Krstic,Russell Westbrook,Thabo Sefolosha,Bill Walker,Eddie House,Glen Davis,Paul Pierce,Rajon Rondo,2,0:00,OKC,shot,,,,,,,,,,Russell Westbrook,2,,,made,,fade away jumper,21,17
Jeff Green,Kyle Weaver,Nenad Krstic,Russell Westbrook,Thabo Sefolosha,Bill Walker,Eddie House,Glen Davis,Paul Pierce,Rajon Rondo,2,0:00,BOS,shot,,,,,,,,,,Eddie House,,,,missed,,3pt,41,57
Jeff Green,Kyle Weaver,Nenad Krstic,Russell Westbrook,Thabo Sefolosha,Bill Walker,Eddie House,Glen Davis,Paul Pierce,Rajon Rondo,2,0:00,BOS,rebound,,,,,,,,,,,,,,,,,,
Jeff Green,Kevin Durant,Nenad Krstic,Russell Westbrook,Thabo Sefolosha,Glen Davis,Kendrick Perkins,Paul Pierce,Rajon Rondo,Ray Allen,3,12:00,OKC,foul,,,,,,,,,,Brooks,,,,,,technical,,
Jeff Green,Kevin Durant,Nenad Krstic,Russell Westbrook,Thabo Sefolosha,Glen Davis,Kendrick Perkins,Paul Pierce,Rajon Rondo,Ray Allen,3,12:00,BOS,free throw,,,,,,,1,,1,Paul Pierce,,,technical,missed,,,,
Jeff Green,Kevin Durant,Nenad Krstic,Russell Westbrook,Thabo Sefolosha,Glen Davis,Kendrick Perkins,Paul Pierce,Rajon Rondo,Ray Allen,3,12:00,BOS,rebound,,,,,,,,,,,,,,,,,,
Jeff Green,Kevin Durant,Nenad Krstic,Russell Westbrook,Thabo Sefolosha,Glen Davis,Kendrick Perkins,Paul Pierce,Rajon Rondo,Ray Allen,3,11:52,BOS,shot,,,,,,,,,,Paul Pierce,,,,missed,,layup,27,7
Jeff Green,Kevin Durant,Nenad Krstic,Russell Westbrook,Thabo Sefolosha,Glen Davis,Kendrick Perkins,Paul Pierce,Rajon Rondo,Ray Allen,3,11:51,BOS,rebound,,,,,,,,,,Paul Pierce,,,,,,off,,
Jeff Green,Kevin Durant,Nenad Krstic,Russell Westbrook,Thabo Sefolosha,Glen Davis,Kendrick Perkins,Paul Pierce,Rajon Rondo,Ray Allen,3,11:50,OKC,foul,,,,,,,,Paul Pierce,,Thabo Sefolosha,,,,,,shooting,,
Jeff Green,Kevin Durant,Nenad Krstic,Russell Westbrook,Thabo Sefolosha,Glen Davis,Kendrick Perkins,Paul Pierce,Rajon Rondo,Ray Allen,3,11:50,BOS,free throw,,,,,,,1,,2,Paul Pierce,,,foul,missed,,,,
Jeff Green,Kevin Durant,Nenad Krstic,Russell Westbrook,Thabo Sefolosha,Glen Davis,Kendrick Perkins,Paul Pierce,Rajon Rondo,Ray Allen,3,11:50,BOS,rebound,,,,,,,,,,,,,,,,,,
Jeff Green,Kevin Durant,Nenad Krstic,Russell Westbrook,Thabo Sefolosha,Glen Davis,Kendrick Perkins,Paul Pierce,Rajon Rondo,Ray Allen,3,11:50,BOS,free throw,,,,,,,2,,2,Paul Pierce,,,foul,made,,,,
Jeff Green,Kevin Durant,Nenad Krstic,Russell Westbrook,Thabo Sefolosha,Glen Davis,Kendrick Perkins,Paul Pierce,Rajon Rondo,Ray Allen,3,11:30,OKC,shot,Jeff Green,,,,,,,,,Thabo Sefolosha,2,,,made,,layup,26,7
Jeff Green,Kevin Durant,Nenad Krstic,Russell Westbrook,Thabo Sefolosha,Glen Davis,Kendrick Perkins,Paul Pierce,Rajon Rondo,Ray Allen,3,11:05,BOS,turnover,,,,,,,,,,Glen Davis,,,lost ball,,Jeff Green,,,
Jeff Green,Kevin Durant,Nenad Krstic,Russell Westbrook,Thabo Sefolosha,Glen Davis,Kendrick Perkins,Paul Pierce,Rajon Rondo,Ray Allen,3,11:00,OKC,shot,Jeff Green,,,,,,,,,Kevin Durant,2,,,made,,alley oop dunk,27,6
Jeff Green,Kevin Durant,Nenad Krstic,Russell Westbrook,Thabo Sefolosha,Glen Davis,Kendrick Perkins,Paul Pierce,Rajon Rondo,Ray Allen,3,10:35,BOS,shot,Rajon Rondo,,,,,,,,,Glen Davis,2,,,made,,layup,24,9
Jeff Green,Kevin Durant,Nenad Krstic,Russell Westbrook,Thabo Sefolosha,Glen Davis,Kendrick Perkins,Paul Pierce,Rajon Rondo,Ray Allen,3,10:22,OKC,shot,,,,,,,,,,Thabo Sefolosha,,,,missed,,jump,30,25
Jeff Green,Kevin Durant,Nenad Krstic,Russell Westbrook,Thabo Sefolosha,Glen Davis,Kendrick Perkins,Paul Pierce,Rajon Rondo,Ray Allen,3,10:21,BOS,rebound,,,,,,,,,,Rajon Rondo,,,,,,def,,
Jeff Green,Kevin Durant,Nenad Krstic,Russell Westbrook,Thabo Sefolosha,Glen Davis,Kendrick Perkins,Paul Pierce,Rajon Rondo,Ray Allen,3,10:05,BOS,shot,,,,,,,,,,Glen Davis,,,,missed,,jump,20,24
Jeff Green,Kevin Durant,Nenad Krstic,Russell Westbrook,Thabo Sefolosha,Glen Davis,Kendrick Perkins,Paul Pierce,Rajon Rondo,Ray Allen,3,10:04,BOS,rebound,,,,,,,,,,Ray Allen,,,,,,off,,
Jeff Green,Kevin Durant,Nenad Krstic,Russell Westbrook,Thabo Sefolosha,Glen Davis,Kendrick Perkins,Paul Pierce,Rajon Rondo,Ray Allen,3,9:49,BOS,shot,Rajon Rondo,,,,,,,,,Paul Pierce,2,,,made,,driving layup,24,9
Jeff Green,Kevin Durant,Nenad Krstic,Russell Westbrook,Thabo Sefolosha,Glen Davis,Kendrick Perkins,Paul Pierce,Rajon Rondo,Ray Allen,3,9:23,OKC,shot,Russell Westbrook,,,,,,,,,Jeff Green,2,,,made,,jump,35,24
Jeff Green,Kevin Durant,Nenad Krstic,Russell Westbrook,Thabo Sefolosha,Glen Davis,Kendrick Perkins,Paul Pierce,Rajon Rondo,Ray Allen,3,9:01,BOS,shot,,,,,,,,,,Ray Allen,2,,,made,,pullup jump,42,14
Jeff Green,Kevin Durant,Nenad Krstic,Russell Westbrook,Thabo Sefolosha,Glen Davis,Kendrick Perkins,Paul Pierce,Rajon Rondo,Ray Allen,3,8:53,BOS,foul,,,,,,,,Nenad Krstic,,Paul Pierce,,,,,,personal,,
Jeff Green,Kevin Durant,Nenad Krstic,Russell Westbrook,Thabo Sefolosha,Glen Davis,Kendrick Perkins,Paul Pierce,Rajon Rondo,Ray Allen,3,8:43,OKC,shot,,,Kendrick Perkins,,,,,,,Nenad Krstic,,,,missed,,layup,22,7
Jeff Green,Kevin Durant,Nenad Krstic,Russell Westbrook,Thabo Sefolosha,Glen Davis,Kendrick Perkins,Paul Pierce,Rajon Rondo,Ray Allen,3,8:41,BOS,rebound,,,,,,,,,,Ray Allen,,,,,,def,,
Jeff Green,Kevin Durant,Nenad Krstic,Russell Westbrook,Thabo Sefolosha,Glen Davis,Kendrick Perkins,Paul Pierce,Rajon Rondo,Ray Allen,3,8:36,BOS,turnover,,,,,,,,,,Paul Pierce,,,out of bounds lost ball turnover,,,,,
Jeff Green,Kevin Durant,Nenad Krstic,Russell Westbrook,Thabo Sefolosha,Glen Davis,Kendrick Perkins,Paul Pierce,Rajon Rondo,Ray Allen,3,8:26,OKC,shot,,,,,,,,,,Russell Westbrook,2,,,made,,jump,38,25
Jeff Green,Kevin Durant,Nenad Krstic,Russell Westbrook,Thabo Sefolosha,Glen Davis,Kendrick Perkins,Paul Pierce,Rajon Rondo,Ray Allen,3,8:09,BOS,shot,,,,,,,,,,Ray Allen,,,,missed,,3pt,2,8
Jeff Green,Kevin Durant,Nenad Krstic,Russell Westbrook,Thabo Sefolosha,Glen Davis,Kendrick Perkins,Paul Pierce,Rajon Rondo,Ray Allen,3,8:08,BOS,rebound,,,,,,,,,,Kendrick Perkins,,,,,,off,,
Jeff Green,Kevin Durant,Nenad Krstic,Russell Westbrook,Thabo Sefolosha,Glen Davis,Kendrick Perkins,Paul Pierce,Rajon Rondo,Ray Allen,3,7:59,BOS,shot,,,,,,,,,,Ray Allen,,,,missed,,3pt,2,7
Jeff Green,Kevin Durant,Nenad Krstic,Russell Westbrook,Thabo Sefolosha,Glen Davis,Kendrick Perkins,Paul Pierce,Rajon Rondo,Ray Allen,3,7:58,OKC,rebound,,,,,,,,,,Nenad Krstic,,,,,,def,,
Jeff Green,Kevin Durant,Nenad Krstic,Russell Westbrook,Thabo Sefolosha,Glen Davis,Kendrick Perkins,Paul Pierce,Rajon Rondo,Ray Allen,3,7:50,OKC,shot,,,,,,,,,,Nenad Krstic,,,,missed,,jump,23,27
Jeff Green,Kevin Durant,Nenad Krstic,Russell Westbrook,Thabo Sefolosha,Glen Davis,Kendrick Perkins,Paul Pierce,Rajon Rondo,Ray Allen,3,7:49,BOS,rebound,,,,,,,,,,Ray Allen,,,,,,def,,
Jeff Green,Kevin Durant,Nenad Krstic,Russell Westbrook,Thabo Sefolosha,Glen Davis,Kendrick Perkins,Paul Pierce,Rajon Rondo,Ray Allen,3,7:39,BOS,shot,,,,,,,,,,Rajon Rondo,,,,missed,,layup,25,7
Jeff Green,Kevin Durant,Nenad Krstic,Russell Westbrook,Thabo Sefolosha,Glen Davis,Kendrick Perkins,Paul Pierce,Rajon Rondo,Ray Allen,3,7:38,OKC,rebound,,,,,,,,,,Jeff Green,,,,,,def,,
Jeff Green,Kevin Durant,Nenad Krstic,Russell Westbrook,Thabo Sefolosha,Glen Davis,Kendrick Perkins,Paul Pierce,Rajon Rondo,Ray Allen,3,7:34,OKC,shot,Russell Westbrook,,,,,,,,,Nenad Krstic,2,,,made,,layup,23,6
Jeff Green,Kevin Durant,Nenad Krstic,Russell Westbrook,Thabo Sefolosha,Glen Davis,Kendrick Perkins,Paul Pierce,Rajon Rondo,Ray Allen,3,7:34,BOS,foul,,,,,,,,Nenad Krstic,,Ray Allen,,,,,,shooting,,
Jeff Green,Kevin Durant,Nenad Krstic,Russell Westbrook,Thabo Sefolosha,Glen Davis,Kendrick Perkins,Paul Pierce,Rajon Rondo,Ray Allen,3,7:34,OKC,free throw,,,,,,,1,,1,Nenad Krstic,,,foul,made,,,,
Jeff Green,Kevin Durant,Nenad Krstic,Russell Westbrook,Thabo Sefolosha,Glen Davis,Kendrick Perkins,Paul Pierce,Rajon Rondo,Ray Allen,3,7:23,BOS,turnover,,,,,,,,,,Rajon Rondo,,,bad pass,,Thabo Sefolosha,,,
Jeff Green,Kevin Durant,Nenad Krstic,Russell Westbrook,Thabo Sefolosha,Glen Davis,Kendrick Perkins,Paul Pierce,Rajon Rondo,Ray Allen,3,7:09,OKC,shot,,,,,,,,,,Nenad Krstic,,,,missed,,jump,20,27
Jeff Green,Kevin Durant,Nenad Krstic,Russell Westbrook,Thabo Sefolosha,Glen Davis,Kendrick Perkins,Paul Pierce,Rajon Rondo,Ray Allen,3,7:08,OKC,rebound,,,,,,,,,,Thabo Sefolosha,,,,,,off,,
Jeff Green,Kevin Durant,Nenad Krstic,Russell Westbrook,Thabo Sefolosha,Glen Davis,Kendrick Perkins,Paul Pierce,Rajon Rondo,Ray Allen,3,7:02,OKC,shot,,,,,,,,,,Jeff Green,2,,,made,,floating jump,27,12
Jeff Green,Kevin Durant,Nenad Krstic,Russell Westbrook,Thabo Sefolosha,Glen Davis,Kendrick Perkins,Paul Pierce,Rajon Rondo,Ray Allen,3,6:39,BOS,shot,,,Thabo Sefolosha,,,,,,,Kendrick Perkins,,,,missed,,layup,26,7
Jeff Green,Kevin Durant,Nenad Krstic,Russell Westbrook,Thabo Sefolosha,Glen Davis,Kendrick Perkins,Paul Pierce,Rajon Rondo,Ray Allen,3,6:38,OKC,rebound,,,,,,,,,,Jeff Green,,,,,,def,,
Jeff Green,Kevin Durant,Nenad Krstic,Russell Westbrook,Thabo Sefolosha,Glen Davis,Kendrick Perkins,Paul Pierce,Rajon Rondo,Ray Allen,3,6:35,BOS,foul,,,,,,,,Kevin Durant,,Paul Pierce,,,,,,shooting,,
Jeff Green,Kevin Durant,Nenad Krstic,Russell Westbrook,Thabo Sefolosha,Glen Davis,Kendrick Perkins,Paul Pierce,Rajon Rondo,Ray Allen,3,6:35,BOS,timeout,,,,,,,,,,,,,,,,regular,,
Jeff Green,Kevin Durant,Nenad Krstic,Russell Westbrook,Thabo Sefolosha,Glen Davis,Kendrick Perkins,Paul Pierce,Rajon Rondo,Ray Allen,3,6:35,OKC,free throw,,,,,,,1,,2,Kevin Durant,,,foul,made,,,,
Jeff Green,Kevin Durant,Nenad Krstic,Russell Westbrook,Thabo Sefolosha,Glen Davis,Kendrick Perkins,Paul Pierce,Rajon Rondo,Ray Allen,3,6:35,OKC,free throw,,,,,,,2,,2,Kevin Durant,,,foul,made,,,,
Jeff Green,Kevin Durant,Nenad Krstic,Russell Westbrook,Thabo Sefolosha,Glen Davis,Kendrick Perkins,Paul Pierce,Rajon Rondo,Ray Allen,3,6:25,BOS,shot,,,,,,,,,,Paul Pierce,,,,missed,,jump,26,23
Jeff Green,Kevin Durant,Nenad Krstic,Russell Westbrook,Thabo Sefolosha,Glen Davis,Kendrick Perkins,Paul Pierce,Rajon Rondo,Ray Allen,3,6:24,BOS,rebound,,,,,,,,,,Glen Davis,,,,,,off,,
Jeff Green,Kevin Durant,Nenad Krstic,Russell Westbrook,Thabo Sefolosha,Glen Davis,Kendrick Perkins,Paul Pierce,Rajon Rondo,Ray Allen,3,6:12,BOS,shot,,,,,,,,,,Paul Pierce,2,,,made,,pullup jump,29,24
Jeff Green,Kevin Durant,Nenad Krstic,Russell Westbrook,Thabo Sefolosha,Glen Davis,Kendrick Perkins,Paul Pierce,Rajon Rondo,Ray Allen,3,5:56,OKC,turnover,,,,,,,,,,Jeff Green,,,bad pass,,Paul Pierce,,,
Jeff Green,Kevin Durant,Nenad Krstic,Russell Westbrook,Thabo Sefolosha,Glen Davis,Kendrick Perkins,Paul Pierce,Rajon Rondo,Ray Allen,3,5:53,BOS,shot,,,Thabo Sefolosha,,,,,,,Ray Allen,,,,missed,,layup,23,8
Jeff Green,Kevin Durant,Nenad Krstic,Russell Westbrook,Thabo Sefolosha,Glen Davis,Kendrick Perkins,Paul Pierce,Rajon Rondo,Ray Allen,3,5:52,BOS,rebound,,,,,,,,,,,,,,,,,,
Jeff Green,Kevin Durant,Nenad Krstic,Russell Westbrook,Thabo Sefolosha,Glen Davis,Kendrick Perkins,Paul Pierce,Rajon Rondo,Ray Allen,3,5:49,BOS,shot,,,,,,,,,,Paul Pierce,,,,missed,,3pt,49,7
Jeff Green,Kevin Durant,Nenad Krstic,Russell Westbrook,Thabo Sefolosha,Glen Davis,Kendrick Perkins,Paul Pierce,Rajon Rondo,Ray Allen,3,5:48,BOS,rebound,,,,,,,,,,Glen Davis,,,,,,off,,
Jeff Green,Kevin Durant,Nenad Krstic,Russell Westbrook,Thabo Sefolosha,Glen Davis,Kendrick Perkins,Paul Pierce,Rajon Rondo,Ray Allen,3,5:47,OKC,foul,,,,,,,,Glen Davis,,Kevin Durant,,,,,,personal,,
Jeff Green,Kevin Durant,Nenad Krstic,Russell Westbrook,Thabo Sefolosha,Kendrick Perkins,Mikki Moore,Paul Pierce,Rajon Rondo,Ray Allen,3,5:47,BOS,sub,,,,Mikki Moore,,Glen Davis,,,,,,,,,,,,
Jeff Green,Kevin Durant,Nenad Krstic,Russell Westbrook,Thabo Sefolosha,Kendrick Perkins,Mikki Moore,Paul Pierce,Rajon Rondo,Ray Allen,3,5:33,OKC,foul,,,,,,,,Paul Pierce,,Kevin Durant,,,,,,shooting,,
Jeff Green,Kyle Weaver,Nenad Krstic,Russell Westbrook,Thabo Sefolosha,Kendrick Perkins,Mikki Moore,Paul Pierce,Rajon Rondo,Ray Allen,3,5:33,OKC,sub,,,,Kyle Weaver,,Kevin Durant,,,,,,,,,,,,
Jeff Green,Kyle Weaver,Nenad Krstic,Russell Westbrook,Thabo Sefolosha,Kendrick Perkins,Mikki Moore,Paul Pierce,Rajon Rondo,Ray Allen,3,5:33,OKC,violation,,,,,,,,,,,,,,,,delay of game,,
Jeff Green,Kyle Weaver,Nenad Krstic,Russell Westbrook,Thabo Sefolosha,Kendrick Perkins,Mikki Moore,Paul Pierce,Rajon Rondo,Ray Allen,3,5:33,BOS,free throw,,,,,,,1,,2,Paul Pierce,,,foul,made,,,,
Jeff Green,Kyle Weaver,Nenad Krstic,Russell Westbrook,Thabo Sefolosha,Kendrick Perkins,Mikki Moore,Paul Pierce,Rajon Rondo,Ray Allen,3,5:33,BOS,free throw,,,,,,,2,,2,Paul Pierce,,,foul,made,,,,
Jeff Green,Kyle Weaver,Nenad Krstic,Russell Westbrook,Thabo Sefolosha,Kendrick Perkins,Mikki Moore,Paul Pierce,Rajon Rondo,Ray Allen,3,5:21,OKC,shot,Kyle Weaver,,,,,,,,,Jeff Green,2,,,made,,jump,13,23
Jeff Green,Kyle Weaver,Nenad Krstic,Russell Westbrook,Thabo Sefolosha,Kendrick Perkins,Mikki Moore,Paul Pierce,Rajon Rondo,Ray Allen,3,4:51,BOS,turnover,,,,,,,,,,Ray Allen,,,bad pass,,Kyle Weaver,,,
Jeff Green,Kyle Weaver,Nenad Krstic,Russell Westbrook,Thabo Sefolosha,Kendrick Perkins,Mikki Moore,Paul Pierce,Rajon Rondo,Ray Allen,3,4:46,BOS,foul,,,,,,,,Russell Westbrook,,Ray Allen,,,,,,personal,,
Jeff Green,Kyle Weaver,Nenad Krstic,Russell Westbrook,Thabo Sefolosha,Eddie House,Kendrick Perkins,Mikki Moore,Paul Pierce,Rajon Rondo,3,4:46,BOS,sub,,,,Eddie House,,Ray Allen,,,,,,,,,,,,
Jeff Green,Kyle Weaver,Nenad Krstic,Russell Westbrook,Thabo Sefolosha,Eddie House,Kendrick Perkins,Mikki Moore,Paul Pierce,Rajon Rondo,3,4:33,OKC,shot,,,,,,,,,,Russell Westbrook,2,,,made,,driving finger roll layup,27,7
Jeff Green,Kyle Weaver,Nenad Krstic,Russell Westbrook,Thabo Sefolosha,Eddie House,Kendrick Perkins,Mikki Moore,Paul Pierce,Rajon Rondo,3,4:11,OKC,foul,,,,,,,,Paul Pierce,,Thabo Sefolosha,,,,,,shooting,,
Jeff Green,Kyle Weaver,Nenad Krstic,Russell Westbrook,Thabo Sefolosha,Eddie House,Kendrick Perkins,Mikki Moore,Paul Pierce,Rajon Rondo,3,4:11,BOS,free throw,,,,,,,1,,2,Paul Pierce,,,foul,made,,,,
Jeff Green,Kyle Weaver,Nenad Krstic,Russell Westbrook,Thabo Sefolosha,Eddie House,Kendrick Perkins,Mikki Moore,Paul Pierce,Rajon Rondo,3,4:11,BOS,free throw,,,,,,,2,,2,Paul Pierce,,,foul,made,,,,
Jeff Green,Kyle Weaver,Nenad Krstic,Russell Westbrook,Thabo Sefolosha,Eddie House,Kendrick Perkins,Mikki Moore,Paul Pierce,Rajon Rondo,3,3:57,OKC,shot,,,,,,,,,,Russell Westbrook,,,,missed,,jump,23,24
Jeff Green,Kyle Weaver,Nenad Krstic,Russell Westbrook,Thabo Sefolosha,Eddie House,Kendrick Perkins,Mikki Moore,Paul Pierce,Rajon Rondo,3,3:56,BOS,rebound,,,,,,,,,,Mikki Moore,,,,,,def,,
Jeff Green,Kyle Weaver,Nenad Krstic,Russell Westbrook,Thabo Sefolosha,Eddie House,Kendrick Perkins,Mikki Moore,Paul Pierce,Rajon Rondo,3,3:43,BOS,shot,,,Nenad Krstic,,,,,,,Paul Pierce,,,,missed,,layup,25,8
Jeff Green,Kyle Weaver,Nenad Krstic,Russell Westbrook,Thabo Sefolosha,Eddie House,Kendrick Perkins,Mikki Moore,Paul Pierce,Rajon Rondo,3,3:41,BOS,rebound,,,,,,,,,,Rajon Rondo,,,,,,off,,
Jeff Green,Kyle Weaver,Nenad Krstic,Russell Westbrook,Thabo Sefolosha,Eddie House,Kendrick Perkins,Mikki Moore,Paul Pierce,Rajon Rondo,3,3:36,BOS,shot,Rajon Rondo,,,,,,,,,Eddie House,3,,,made,,3pt,4,21
Jeff Green,Kyle Weaver,Nenad Krstic,Russell Westbrook,Thabo Sefolosha,Eddie House,Kendrick Perkins,Mikki Moore,Paul Pierce,Rajon Rondo,3,3:27,OKC,timeout,,,,,,,,,,,,,,,,regular,,
Jeff Green,Kyle Weaver,Nick Collison,Russell Westbrook,Thabo Sefolosha,Eddie House,Kendrick Perkins,Mikki Moore,Paul Pierce,Rajon Rondo,3,3:27,OKC,sub,,,,Nick Collison,,Nenad Krstic,,,,,,,,,,,,
Jeff Green,Kyle Weaver,Nick Collison,Russell Westbrook,Thabo Sefolosha,Eddie House,Kendrick Perkins,Mikki Moore,Paul Pierce,Rajon Rondo,3,3:21,OKC,shot,,,,,,,,,,Jeff Green,,,,missed,,step back jump,12,19
Jeff Green,Kyle Weaver,Nick Collison,Russell Westbrook,Thabo Sefolosha,Eddie House,Kendrick Perkins,Mikki Moore,Paul Pierce,Rajon Rondo,3,3:20,OKC,rebound,,,,,,,,,,,,,,,,,,
Jeff Green,Kyle Weaver,Nick Collison,Russell Westbrook,Thabo Sefolosha,Eddie House,Kendrick Perkins,Mikki Moore,Paul Pierce,Rajon Rondo,3,3:20,BOS,foul,,,,,,,,Nick Collison,,Mikki Moore,,,,,,loose ball,,
Jeff Green,Kyle Weaver,Nick Collison,Russell Westbrook,Thabo Sefolosha,Eddie House,Kendrick Perkins,Mikki Moore,Paul Pierce,Rajon Rondo,3,3:20,OKC,free throw,,,,,,,1,,2,Nick Collison,,,foul,made,,,,
Jeff Green,Kyle Weaver,Nick Collison,Russell Westbrook,Thabo Sefolosha,Eddie House,Kendrick Perkins,Mikki Moore,Paul Pierce,Rajon Rondo,3,3:20,OKC,free throw,,,,,,,2,,2,Nick Collison,,,foul,missed,,,,
Jeff Green,Kyle Weaver,Nick Collison,Russell Westbrook,Thabo Sefolosha,Eddie House,Kendrick Perkins,Mikki Moore,Paul Pierce,Rajon Rondo,3,3:20,BOS,rebound,,,,,,,,,,Mikki Moore,,,,,,def,,
Jeff Green,Kyle Weaver,Nick Collison,Russell Westbrook,Thabo Sefolosha,Eddie House,Kendrick Perkins,Mikki Moore,Paul Pierce,Rajon Rondo,3,3:02,BOS,shot,Rajon Rondo,,,,,,,,,Eddie House,2,,,made,,jump,43,17
Jeff Green,Kyle Weaver,Nick Collison,Russell Westbrook,Thabo Sefolosha,Eddie House,Kendrick Perkins,Mikki Moore,Paul Pierce,Rajon Rondo,3,2:45,OKC,turnover,,,,,,,,,,Nick Collison,,,3 second violation,,,,,
Jeff Green,Kyle Weaver,Nick Collison,Russell Westbrook,Thabo Sefolosha,Eddie House,Kendrick Perkins,Mikki Moore,Paul Pierce,Rajon Rondo,3,2:32,BOS,shot,Mikki Moore,,,,,,,,,Eddie House,3,,,made,,3pt,15,30
Jeff Green,Kyle Weaver,Nick Collison,Russell Westbrook,Thabo Sefolosha,Eddie House,Kendrick Perkins,Mikki Moore,Paul Pierce,Rajon Rondo,3,2:07,OKC,shot,,,,,,,,,,Russell Westbrook,,,,missed,,jump,22,7
Jeff Green,Kyle Weaver,Nick Collison,Russell Westbrook,Thabo Sefolosha,Eddie House,Kendrick Perkins,Mikki Moore,Paul Pierce,Rajon Rondo,3,2:06,OKC,rebound,,,,,,,,,,Nick Collison,,,,,,off,,
Jeff Green,Kyle Weaver,Nick Collison,Russell Westbrook,Thabo Sefolosha,Eddie House,Kendrick Perkins,Mikki Moore,Paul Pierce,Rajon Rondo,3,2:04,OKC,shot,,,,,,,,,,Nick Collison,,,,missed,,hook,28,10
Jeff Green,Kyle Weaver,Nick Collison,Russell Westbrook,Thabo Sefolosha,Eddie House,Kendrick Perkins,Mikki Moore,Paul Pierce,Rajon Rondo,3,2:03,OKC,rebound,,,,,,,,,,,,,,,,,,
Jeff Green,Kyle Weaver,Nick Collison,Russell Westbrook,Thabo Sefolosha,Eddie House,Kendrick Perkins,Mikki Moore,Paul Pierce,Rajon Rondo,3,1:55,OKC,shot,,,,,,,,,,Jeff Green,,,,missed,,3pt,17,30
Jeff Green,Kyle Weaver,Nick Collison,Russell Westbrook,Thabo Sefolosha,Eddie House,Kendrick Perkins,Mikki Moore,Paul Pierce,Rajon Rondo,3,1:54,BOS,rebound,,,,,,,,,,Mikki Moore,,,,,,def,,
Jeff Green,Kyle Weaver,Nick Collison,Russell Westbrook,Thabo Sefolosha,Eddie House,Kendrick Perkins,Mikki Moore,Paul Pierce,Rajon Rondo,3,1:48,BOS,foul,,,,,,,,Nick Collison,,Paul Pierce,,,,,,offensive,,
Jeff Green,Kyle Weaver,Nick Collison,Russell Westbrook,Thabo Sefolosha,Eddie House,Kendrick Perkins,Mikki Moore,Paul Pierce,Rajon Rondo,3,1:48,BOS,turnover,,,,,,,,,,Paul Pierce,,,foul,,,,,
Jeff Green,Kyle Weaver,Nick Collison,Russell Westbrook,Thabo Sefolosha,Eddie House,Kendrick Perkins,Mikki Moore,Paul Pierce,Rajon Rondo,3,1:33,OKC,shot,,,,,,,,,,Jeff Green,,,,missed,,layup,27,6
Jeff Green,Kyle Weaver,Nick Collison,Russell Westbrook,Thabo Sefolosha,Eddie House,Kendrick Perkins,Mikki Moore,Paul Pierce,Rajon Rondo,3,1:32,BOS,rebound,,,,,,,,,,Mikki Moore,,,,,,def,,
Jeff Green,Kyle Weaver,Nick Collison,Russell Westbrook,Thabo Sefolosha,Eddie House,Kendrick Perkins,Mikki Moore,Paul Pierce,Rajon Rondo,3,1:26,BOS,shot,,,,,,,,,,Eddie House,,,,missed,,3pt,45,20
Jeff Green,Kyle Weaver,Nick Collison,Russell Westbrook,Thabo Sefolosha,Eddie House,Kendrick Perkins,Mikki Moore,Paul Pierce,Rajon Rondo,3,1:25,BOS,rebound,,,,,,,,,,,,,,,,,,
Jeff Green,Kyle Weaver,Nick Collison,Russell Westbrook,Thabo Sefolosha,Bill Walker,Eddie House,Mikki Moore,Paul Pierce,Rajon Rondo,3,1:24,BOS,sub,,,,Bill Walker,,Kendrick Perkins,,,,,,,,,,,,
Jeff Green,Kyle Weaver,Nick Collison,Russell Westbrook,Thabo Sefolosha,Bill Walker,Eddie House,Mikki Moore,Paul Pierce,Rajon Rondo,3,1:23,OKC,foul,,,,,,,,Eddie House,,Kyle Weaver,,,,,,shooting,,
Jeff Green,Kyle Weaver,Nick Collison,Russell Westbrook,Thabo Sefolosha,Bill Walker,Eddie House,Mikki Moore,Paul Pierce,Rajon Rondo,3,1:23,BOS,free throw,,,,,,,1,,2,Eddie House,,,foul,missed,,,,
Jeff Green,Kyle Weaver,Nick Collison,Russell Westbrook,Thabo Sefolosha,Bill Walker,Eddie House,Mikki Moore,Paul Pierce,Rajon Rondo,3,1:23,BOS,rebound,,,,,,,,,,,,,,,,,,
Jeff Green,Kyle Weaver,Nick Collison,Russell Westbrook,Thabo Sefolosha,Bill Walker,Eddie House,Mikki Moore,Paul Pierce,Rajon Rondo,3,1:23,BOS,free throw,,,,,,,2,,2,Eddie House,,,foul,made,,,,
Jeff Green,Kyle Weaver,Nick Collison,Russell Westbrook,Thabo Sefolosha,Bill Walker,Eddie House,Mikki Moore,Paul Pierce,Rajon Rondo,3,1:09,OKC,shot,,,,,,,,,,Russell Westbrook,2,,,made,,driving layup,23,7
Jeff Green,Kyle Weaver,Nick Collison,Russell Westbrook,Thabo Sefolosha,Bill Walker,Eddie House,Mikki Moore,Paul Pierce,Rajon Rondo,3,0:45,BOS,shot,,,,,,,,,,Paul Pierce,2,,,made,,fade away jumper,35,19
Jeff Green,Kyle Weaver,Nick Collison,Russell Westbrook,Thabo Sefolosha,Bill Walker,Eddie House,Mikki Moore,Paul Pierce,Rajon Rondo,3,0:32,OKC,shot,,,,,,,,,,Nick Collison,,,,missed,,layup,23,8
Jeff Green,Kyle Weaver,Nick Collison,Russell Westbrook,Thabo Sefolosha,Bill Walker,Eddie House,Mikki Moore,Paul Pierce,Rajon Rondo,3,0:31,OKC,rebound,,,,,,,,,,,,,,,,,,
Jeff Green,Kyle Weaver,Nick Collison,Russell Westbrook,Thabo Sefolosha,Bill Walker,Eddie House,Mikki Moore,Paul Pierce,Rajon Rondo,3,0:30,BOS,foul,,,,,,,,Russell Westbrook,,Bill Walker,,,,,,loose ball,,
Jeff Green,Kyle Weaver,Nick Collison,Russell Westbrook,Thabo Sefolosha,Bill Walker,Eddie House,Mikki Moore,Paul Pierce,Rajon Rondo,3,0:30,OKC,free throw,,,,,,,1,,2,Russell Westbrook,,,foul,missed,,,,
Jeff Green,Kyle Weaver,Nick Collison,Russell Westbrook,Thabo Sefolosha,Bill Walker,Eddie House,Mikki Moore,Paul Pierce,Rajon Rondo,3,0:30,OKC,rebound,,,,,,,,,,,,,,,,,,
Chucky Atkins,Jeff Green,Nick Collison,Russell Westbrook,Thabo Sefolosha,Bill Walker,Eddie House,Mikki Moore,Paul Pierce,Rajon Rondo,3,0:30,OKC,sub,,,,Chucky Atkins,,Kyle Weaver,,,,,,,,,,,,
Chucky Atkins,Jeff Green,Nick Collison,Russell Westbrook,Thabo Sefolosha,Bill Walker,Eddie House,Mikki Moore,Paul Pierce,Rajon Rondo,3,0:30,OKC,free throw,,,,,,,2,,2,Russell Westbrook,,,foul,made,,,,
Chucky Atkins,Jeff Green,Nick Collison,Russell Westbrook,Thabo Sefolosha,Bill Walker,Eddie House,Mikki Moore,Paul Pierce,Rajon Rondo,3,0:13,BOS,shot,,,,,,,,,,Paul Pierce,2,,,made,,jump,23,22
Chucky Atkins,Jeff Green,Nick Collison,Russell Westbrook,Thabo Sefolosha,Bill Walker,Eddie House,Mikki Moore,Paul Pierce,Rajon Rondo,3,0:00,OKC,shot,,,,,,,,,,Thabo Sefolosha,,,,missed,,jump,30,22
Chucky Atkins,Jeff Green,Nick Collison,Russell Westbrook,Thabo Sefolosha,Bill Walker,Eddie House,Mikki Moore,Paul Pierce,Rajon Rondo,3,0:00,OKC,rebound,,,,,,,,,,,,,,,,,,
Chucky Atkins,Kevin Durant,Malik Rose,Nick Collison,Russell Westbrook,Bill Walker,Eddie House,Mikki Moore,Paul Pierce,Stephon Marbury,4,11:42,OKC,foul,,,,,,,,Mikki Moore,,Russell Westbrook,,,,,,offensive,,
Chucky Atkins,Kevin Durant,Malik Rose,Nick Collison,Russell Westbrook,Bill Walker,Eddie House,Mikki Moore,Paul Pierce,Stephon Marbury,4,11:42,OKC,turnover,,,,,,,,,,Russell Westbrook,,,foul,,,,,
Chucky Atkins,Kevin Durant,Malik Rose,Nick Collison,Russell Westbrook,Bill Walker,Eddie House,Mikki Moore,Paul Pierce,Stephon Marbury,4,11:29,BOS,shot,,,,,,,,,,Eddie House,,,,missed,,3pt,45,21
Chucky Atkins,Kevin Durant,Malik Rose,Nick Collison,Russell Westbrook,Bill Walker,Eddie House,Mikki Moore,Paul Pierce,Stephon Marbury,4,11:28,OKC,rebound,,,,,,,,,,Malik Rose,,,,,,def,,
Chucky Atkins,Kevin Durant,Malik Rose,Nick Collison,Russell Westbrook,Bill Walker,Eddie House,Mikki Moore,Paul Pierce,Stephon Marbury,4,11:15,OKC,shot,,,,,,,,,,Russell Westbrook,,,,missed,,jump,10,7
Chucky Atkins,Kevin Durant,Malik Rose,Nick Collison,Russell Westbrook,Bill Walker,Eddie House,Mikki Moore,Paul Pierce,Stephon Marbury,4,11:14,BOS,rebound,,,,,,,,,,Mikki Moore,,,,,,def,,
Chucky Atkins,Kevin Durant,Malik Rose,Nick Collison,Russell Westbrook,Bill Walker,Eddie House,Mikki Moore,Paul Pierce,Stephon Marbury,4,11:10,OKC,foul,,,,,,,,Paul Pierce,,Nick Collison,,,,,,shooting,,
Chucky Atkins,Kevin Durant,Malik Rose,Nick Collison,Russell Westbrook,Bill Walker,Eddie House,Mikki Moore,Paul Pierce,Stephon Marbury,4,11:10,BOS,free throw,,,,,,,1,,2,Paul Pierce,,,foul,made,,,,
Chucky Atkins,Jeff Green,Kevin Durant,Malik Rose,Nick Collison,Bill Walker,Eddie House,Mikki Moore,Paul Pierce,Stephon Marbury,4,11:10,OKC,sub,,,,Jeff Green,,Russell Westbrook,,,,,,,,,,,,
Chucky Atkins,Jeff Green,Kevin Durant,Malik Rose,Nick Collison,Bill Walker,Eddie House,Mikki Moore,Paul Pierce,Stephon Marbury,4,11:10,BOS,free throw,,,,,,,2,,2,Paul Pierce,,,foul,made,,,,
Chucky Atkins,Jeff Green,Kevin Durant,Malik Rose,Nick Collison,Bill Walker,Eddie House,Mikki Moore,Paul Pierce,Stephon Marbury,4,10:57,OKC,shot,,,,,,,,,,Nick Collison,,,,missed,,jump,21,7
Chucky Atkins,Jeff Green,Kevin Durant,Malik Rose,Nick Collison,Bill Walker,Eddie House,Mikki Moore,Paul Pierce,Stephon Marbury,4,10:56,OKC,rebound,,,,,,,,,,Malik Rose,,,,,,off,,
Chucky Atkins,Jeff Green,Kevin Durant,Malik Rose,Nick Collison,Bill Walker,Eddie House,Mikki Moore,Paul Pierce,Stephon Marbury,4,10:53,OKC,shot,,,Bill Walker,,,,,,,Malik Rose,,,,missed,,jump,31,9
Chucky Atkins,Jeff Green,Kevin Durant,Malik Rose,Nick Collison,Bill Walker,Eddie House,Mikki Moore,Paul Pierce,Stephon Marbury,4,10:52,OKC,rebound,,,,,,,,,,,,,,,,,,
Chucky Atkins,Jeff Green,Kevin Durant,Malik Rose,Nick Collison,Bill Walker,Eddie House,Mikki Moore,Paul Pierce,Stephon Marbury,4,10:45,OKC,turnover,,,,,,,,,,,,,shot clock turnover,,,,,
Chucky Atkins,Jeff Green,Kevin Durant,Malik Rose,Nick Collison,Bill Walker,Eddie House,Mikki Moore,Paul Pierce,Stephon Marbury,4,10:32,BOS,shot,Bill Walker,,,,,,,,,Eddie House,2,,,made,,jump,17,28
Chucky Atkins,Jeff Green,Kevin Durant,Malik Rose,Nick Collison,Bill Walker,Eddie House,Mikki Moore,Paul Pierce,Stephon Marbury,4,10:30,OKC,timeout,,,,,,,,,,,,,,,,regular,,
Chucky Atkins,Jeff Green,Kevin Durant,Malik Rose,Nick Collison,Bill Walker,Eddie House,Mikki Moore,Paul Pierce,Stephon Marbury,4,10:11,OKC,shot,,,,,,,,,,Kevin Durant,3,,,made,,3pt,37,32
Chucky Atkins,Jeff Green,Kevin Durant,Malik Rose,Nick Collison,Bill Walker,Eddie House,Mikki Moore,Paul Pierce,Stephon Marbury,4,9:52,BOS,shot,Stephon Marbury,,,,,,,,,Paul Pierce,2,,,made,,fade away jumper,14,21
Chucky Atkins,Jeff Green,Kevin Durant,Malik Rose,Nick Collison,Bill Walker,Eddie House,Mikki Moore,Paul Pierce,Stephon Marbury,4,9:42,BOS,foul,,,,,,,,Nick Collison,,Mikki Moore,,,,,,shooting,,
Chucky Atkins,Jeff Green,Kevin Durant,Malik Rose,Nick Collison,Eddie House,Glen Davis,Mikki Moore,Paul Pierce,Stephon Marbury,4,9:42,BOS,sub,,,,Glen Davis,,Bill Walker,,,,,,,,,,,,
Chucky Atkins,Jeff Green,Kevin Durant,Malik Rose,Nick Collison,Eddie House,Glen Davis,Mikki Moore,Paul Pierce,Stephon Marbury,4,9:42,OKC,free throw,,,,,,,1,,2,Nick Collison,,,foul,missed,,,,
Chucky Atkins,Jeff Green,Kevin Durant,Malik Rose,Nick Collison,Eddie House,Glen Davis,Mikki Moore,Paul Pierce,Stephon Marbury,4,9:42,OKC,rebound,,,,,,,,,,,,,,,,,,
Chucky Atkins,Jeff Green,Kevin Durant,Malik Rose,Nick Collison,Eddie House,Glen Davis,Mikki Moore,Paul Pierce,Stephon Marbury,4,9:42,OKC,free throw,,,,,,,2,,2,Nick Collison,,,foul,made,,,,
Chucky Atkins,Jeff Green,Kevin Durant,Malik Rose,Nick Collison,Eddie House,Glen Davis,Mikki Moore,Paul Pierce,Stephon Marbury,4,9:28,BOS,shot,,,,,,,,,,Paul Pierce,3,,,made,,3pt,25,31
Chucky Atkins,Jeff Green,Kevin Durant,Malik Rose,Nick Collison,Eddie House,Glen Davis,Mikki Moore,Paul Pierce,Stephon Marbury,4,9:01,OKC,shot,,,,,,,,,,Malik Rose,,,,missed,,jump,16,25
Chucky Atkins,Jeff Green,Kevin Durant,Malik Rose,Nick Collison,Eddie House,Glen Davis,Mikki Moore,Paul Pierce,Stephon Marbury,4,8:59,OKC,rebound,,,,,,,,,,Jeff Green,,,,,,off,,
Chucky Atkins,Jeff Green,Kevin Durant,Malik Rose,Nick Collison,Eddie House,Glen Davis,Mikki Moore,Paul Pierce,Stephon Marbury,4,8:52,OKC,shot,Jeff Green,,,,,,,,,Kevin Durant,2,,,made,,running jump,21,7
Chucky Atkins,Jeff Green,Kevin Durant,Malik Rose,Nick Collison,Eddie House,Glen Davis,Mikki Moore,Paul Pierce,Stephon Marbury,4,8:40,OKC,foul,,,,,,,,Paul Pierce,,Jeff Green,,,,,,personal,,
Chucky Atkins,Jeff Green,Kevin Durant,Malik Rose,Nick Collison,Eddie House,Glen Davis,Mikki Moore,Paul Pierce,Stephon Marbury,4,8:24,BOS,shot,,,,,,,,,,Paul Pierce,,,,missed,,3pt,33,32
Chucky Atkins,Jeff Green,Kevin Durant,Malik Rose,Nick Collison,Eddie House,Glen Davis,Mikki Moore,Paul Pierce,Stephon Marbury,4,8:23,OKC,rebound,,,,,,,,,,Kevin Durant,,,,,,def,,
Chucky Atkins,Jeff Green,Kevin Durant,Malik Rose,Nick Collison,Eddie House,Glen Davis,Mikki Moore,Paul Pierce,Stephon Marbury,4,8:08,OKC,shot,,,,,,,,,,Kevin Durant,,,,missed,,jump,24,11
Chucky Atkins,Jeff Green,Kevin Durant,Malik Rose,Nick Collison,Eddie House,Glen Davis,Mikki Moore,Paul Pierce,Stephon Marbury,4,8:07,OKC,rebound,,,,,,,,,,Jeff Green,,,,,,off,,
Chucky Atkins,Jeff Green,Kevin Durant,Malik Rose,Nick Collison,Eddie House,Glen Davis,Mikki Moore,Paul Pierce,Stephon Marbury,4,8:00,OKC,shot,,,,,,,,,,Chucky Atkins,,,,missed,,layup,25,9
Chucky Atkins,Jeff Green,Kevin Durant,Malik Rose,Nick Collison,Eddie House,Glen Davis,Mikki Moore,Paul Pierce,Stephon Marbury,4,7:59,BOS,rebound,,,,,,,,,,Eddie House,,,,,,def,,
Chucky Atkins,Jeff Green,Kevin Durant,Malik Rose,Nick Collison,Eddie House,Glen Davis,Mikki Moore,Paul Pierce,Stephon Marbury,4,7:53,BOS,shot,Paul Pierce,,,,,,,,,Glen Davis,2,,,made,,layup,25,9
Chucky Atkins,Jeff Green,Kevin Durant,Malik Rose,Nick Collison,Eddie House,Glen Davis,Mikki Moore,Paul Pierce,Stephon Marbury,4,7:50,OKC,timeout,,,,,,,,,,,,,,,,regular,,
Jeff Green,Kevin Durant,Malik Rose,Nick Collison,Russell Westbrook,Eddie House,Glen Davis,Mikki Moore,Paul Pierce,Stephon Marbury,4,7:50,OKC,sub,,,,Russell Westbrook,,Chucky Atkins,,,,,,,,,,,,
Jeff Green,Kevin Durant,Malik Rose,Nick Collison,Russell Westbrook,Eddie House,Glen Davis,Mikki Moore,Paul Pierce,Stephon Marbury,4,7:37,OKC,shot,,,,,,,,,,Malik Rose,,,,missed,,jump,43,6
Jeff Green,Kevin Durant,Malik Rose,Nick Collison,Russell Westbrook,Eddie House,Glen Davis,Mikki Moore,Paul Pierce,Stephon Marbury,4,7:36,BOS,rebound,,,,,,,,,,Mikki Moore,,,,,,def,,
Jeff Green,Kevin Durant,Malik Rose,Nick Collison,Russell Westbrook,Eddie House,Glen Davis,Mikki Moore,Paul Pierce,Stephon Marbury,4,7:16,BOS,shot,Stephon Marbury,,,,,,,,,Eddie House,3,,,made,,3pt,1,7
Jeff Green,Kevin Durant,Malik Rose,Nick Collison,Russell Westbrook,Eddie House,Glen Davis,Mikki Moore,Paul Pierce,Stephon Marbury,4,6:49,OKC,shot,,,,,,,,,,Jeff Green,,,,missed,,turnaround jump,39,19
Jeff Green,Kevin Durant,Malik Rose,Nick Collison,Russell Westbrook,Eddie House,Glen Davis,Mikki Moore,Paul Pierce,Stephon Marbury,4,6:48,OKC,rebound,,,,,,,,,,Malik Rose,,,,,,off,,
Jeff Green,Kevin Durant,Malik Rose,Nick Collison,Russell Westbrook,Eddie House,Glen Davis,Mikki Moore,Paul Pierce,Stephon Marbury,4,6:45,BOS,foul,,,,,,,,Malik Rose,,Mikki Moore,,,,,,shooting,,
Jeff Green,Kevin Durant,Malik Rose,Nick Collison,Russell Westbrook,Eddie House,Glen Davis,Kendrick Perkins,Paul Pierce,Stephon Marbury,4,6:45,BOS,sub,,,,Kendrick Perkins,,Mikki Moore,,,,,,,,,,,,
Jeff Green,Kevin Durant,Malik Rose,Nick Collison,Russell Westbrook,Eddie House,Glen Davis,Kendrick Perkins,Paul Pierce,Stephon Marbury,4,6:45,OKC,free throw,,,,,,,1,,2,Malik Rose,,,foul,made,,,,
Jeff Green,Kevin Durant,Malik Rose,Nick Collison,Russell Westbrook,Eddie House,Glen Davis,Kendrick Perkins,Paul Pierce,Stephon Marbury,4,6:45,OKC,free throw,,,,,,,2,,2,Malik Rose,,,foul,made,,,,
Jeff Green,Kevin Durant,Malik Rose,Nick Collison,Russell Westbrook,Eddie House,Glen Davis,Kendrick Perkins,Paul Pierce,Stephon Marbury,4,6:20,BOS,shot,,,,,,,,,,Glen Davis,2,,,made,,turnaround jump,21,13
Jeff Green,Kevin Durant,Malik Rose,Nick Collison,Russell Westbrook,Eddie House,Glen Davis,Kendrick Perkins,Paul Pierce,Stephon Marbury,4,6:07,OKC,turnover,,,,,,,,,,Kevin Durant,,,bad pass,,Eddie House,,,
Jeff Green,Kevin Durant,Malik Rose,Nick Collison,Russell Westbrook,Eddie House,Glen Davis,Kendrick Perkins,Paul Pierce,Stephon Marbury,4,6:01,BOS,shot,,,,,,,,,,Eddie House,,,,missed,,3pt,48,6
Jeff Green,Kevin Durant,Malik Rose,Nick Collison,Russell Westbrook,Eddie House,Glen Davis,Kendrick Perkins,Paul Pierce,Stephon Marbury,4,6:00,OKC,rebound,,,,,,,,,,Nick Collison,,,,,,def,,
Jeff Green,Kevin Durant,Malik Rose,Nick Collison,Russell Westbrook,Eddie House,Glen Davis,Kendrick Perkins,Paul Pierce,Stephon Marbury,4,5:49,OKC,shot,,,,,,,,,,Nick Collison,,,,missed,,jump,18,24
Jeff Green,Kevin Durant,Malik Rose,Nick Collison,Russell Westbrook,Eddie House,Glen Davis,Kendrick Perkins,Paul Pierce,Stephon Marbury,4,5:48,OKC,rebound,,,,,,,,,,Jeff Green,,,,,,off,,
Jeff Green,Kevin Durant,Malik Rose,Nick Collison,Russell Westbrook,Eddie House,Glen Davis,Kendrick Perkins,Paul Pierce,Stephon Marbury,4,5:44,OKC,shot,,,,,,,,,,Jeff Green,,,,missed,,jump,20,7
Jeff Green,Kevin Durant,Malik Rose,Nick Collison,Russell Westbrook,Eddie House,Glen Davis,Kendrick Perkins,Paul Pierce,Stephon Marbury,4,5:43,OKC,rebound,,,,,,,,,,Russell Westbrook,,,,,,off,,
Jeff Green,Kevin Durant,Malik Rose,Nick Collison,Russell Westbrook,Eddie House,Glen Davis,Kendrick Perkins,Paul Pierce,Stephon Marbury,4,5:34,OKC,shot,,,,,,,,,,Malik Rose,,,,missed,,jump,22,7
Jeff Green,Kevin Durant,Malik Rose,Nick Collison,Russell Westbrook,Eddie House,Glen Davis,Kendrick Perkins,Paul Pierce,Stephon Marbury,4,5:33,BOS,rebound,,,,,,,,,,Glen Davis,,,,,,def,,
Jeff Green,Kevin Durant,Malik Rose,Nick Collison,Russell Westbrook,Eddie House,Glen Davis,Kendrick Perkins,Paul Pierce,Stephon Marbury,4,5:13,BOS,shot,,,,,,,,,,Stephon Marbury,2,,,made,,fade away bank,14,13
Jeff Green,Kevin Durant,Malik Rose,Nick Collison,Russell Westbrook,Eddie House,Glen Davis,Kendrick Perkins,Paul Pierce,Stephon Marbury,4,5:07,OKC,timeout,,,,,,,,,,,,,,,,regular,,
Jeff Green,Kevin Durant,Nick Collison,Russell Westbrook,Thabo Sefolosha,Eddie House,Glen Davis,Kendrick Perkins,Paul Pierce,Stephon Marbury,4,5:07,OKC,sub,,,,Thabo Sefolosha,,Malik Rose,,,,,,,,,,,,
Jeff Green,Kevin Durant,Nick Collison,Russell Westbrook,Thabo Sefolosha,Eddie House,Glen Davis,Kendrick Perkins,Paul Pierce,Stephon Marbury,4,5:03,OKC,shot,,,,,,,,,,Jeff Green,,,,missed,,layup,26,6
Jeff Green,Kevin Durant,Nick Collison,Russell Westbrook,Thabo Sefolosha,Eddie House,Glen Davis,Kendrick Perkins,Paul Pierce,Stephon Marbury,4,5:02,BOS,rebound,,,,,,,,,,Glen Davis,,,,,,def,,
Jeff Green,Kevin Durant,Nick Collison,Russell Westbrook,Thabo Sefolosha,Eddie House,Glen Davis,Kendrick Perkins,Paul Pierce,Stephon Marbury,4,4:51,BOS,shot,,,,,,,,,,Stephon Marbury,,,,missed,,3pt,49,6
Jeff Green,Kevin Durant,Nick Collison,Russell Westbrook,Thabo Sefolosha,Eddie House,Glen Davis,Kendrick Perkins,Paul Pierce,Stephon Marbury,4,4:50,BOS,rebound,,,,,,,,,,Glen Davis,,,,,,off,,
Jeff Green,Kevin Durant,Nick Collison,Russell Westbrook,Thabo Sefolosha,Eddie House,Glen Davis,Kendrick Perkins,Paul Pierce,Stephon Marbury,4,4:50,OKC,foul,,,,,,,,Glen Davis,,Nick Collison,,,,,,shooting,,
Jeff Green,Kevin Durant,Nick Collison,Russell Westbrook,Thabo Sefolosha,Eddie House,Glen Davis,Kendrick Perkins,Paul Pierce,Stephon Marbury,4,4:50,BOS,free throw,,,,,,,1,,2,Glen Davis,,,foul,made,,,,
Jeff Green,Kevin Durant,Nick Collison,Russell Westbrook,Thabo Sefolosha,Eddie House,Glen Davis,Kendrick Perkins,Paul Pierce,Stephon Marbury,4,4:50,BOS,free throw,,,,,,,2,,2,Glen Davis,,,foul,missed,,,,
Jeff Green,Kevin Durant,Nick Collison,Russell Westbrook,Thabo Sefolosha,Eddie House,Glen Davis,Kendrick Perkins,Paul Pierce,Stephon Marbury,4,4:50,OKC,rebound,,,,,,,,,,Jeff Green,,,,,,def,,
Jeff Green,Kevin Durant,Nick Collison,Russell Westbrook,Thabo Sefolosha,Eddie House,Glen Davis,Kendrick Perkins,Paul Pierce,Stephon Marbury,4,4:29,OKC,shot,Nick Collison,,,,,,,,,Thabo Sefolosha,2,,,made,,jump,37,19
Jeff Green,Kevin Durant,Nick Collison,Russell Westbrook,Thabo Sefolosha,Eddie House,Glen Davis,Kendrick Perkins,Paul Pierce,Stephon Marbury,4,4:06,BOS,shot,Paul Pierce,,,,,,,,,Glen Davis,2,,,made,,driving layup,23,6
Jeff Green,Kevin Durant,Nick Collison,Russell Westbrook,Thabo Sefolosha,Eddie House,Glen Davis,Kendrick Perkins,Paul Pierce,Stephon Marbury,4,3:43,OKC,shot,,,,,,,,,,Nick Collison,,,,missed,,jump,27,10
Jeff Green,Kevin Durant,Nick Collison,Russell Westbrook,Thabo Sefolosha,Eddie House,Glen Davis,Kendrick Perkins,Paul Pierce,Stephon Marbury,4,3:42,BOS,rebound,,,,,,,,,,Kendrick Perkins,,,,,,def,,
Jeff Green,Kevin Durant,Nick Collison,Russell Westbrook,Thabo Sefolosha,Eddie House,Glen Davis,Kendrick Perkins,Paul Pierce,Stephon Marbury,4,3:23,BOS,shot,Stephon Marbury,,,,,,,,,Glen Davis,2,,,made,,jump,38,16
Jeff Green,Kevin Durant,Nick Collison,Russell Westbrook,Thabo Sefolosha,Eddie House,Glen Davis,Kendrick Perkins,Paul Pierce,Stephon Marbury,4,3:07,BOS,foul,,,,,,,,Russell Westbrook,,Eddie House,,,,,,shooting,,
Jeff Green,Kevin Durant,Nick Collison,Russell Westbrook,Thabo Sefolosha,Eddie House,Glen Davis,Kendrick Perkins,Paul Pierce,Stephon Marbury,4,3:07,OKC,free throw,,,,,,,1,,2,Russell Westbrook,,,foul,made,,,,
Jeff Green,Kevin Durant,Nick Collison,Russell Westbrook,Thabo Sefolosha,Eddie House,Glen Davis,Kendrick Perkins,Paul Pierce,Stephon Marbury,4,3:07,OKC,free throw,,,,,,,2,,2,Russell Westbrook,,,foul,made,,,,
Jeff Green,Kevin Durant,Nick Collison,Russell Westbrook,Thabo Sefolosha,Eddie House,Glen Davis,Kendrick Perkins,Paul Pierce,Stephon Marbury,4,2:46,BOS,shot,Stephon Marbury,,,,,,,,,Glen Davis,2,,,made,,jump,37,20
Jeff Green,Kevin Durant,Nick Collison,Russell Westbrook,Thabo Sefolosha,Bill Walker,Eddie House,Glen Davis,Kendrick Perkins,Stephon Marbury,4,2:31,BOS,sub,,,,Bill Walker,,Paul Pierce,,,,,,,,,,,,
Jeff Green,Kevin Durant,Nick Collison,Russell Westbrook,Thabo Sefolosha,Bill Walker,Eddie House,Glen Davis,Kendrick Perkins,Stephon Marbury,4,2:29,OKC,shot,,,,,,,,,,Kevin Durant,,,,missed,,3pt,15,30
Jeff Green,Kevin Durant,Nick Collison,Russell Westbrook,Thabo Sefolosha,Bill Walker,Eddie House,Glen Davis,Kendrick Perkins,Stephon Marbury,4,2:28,BOS,rebound,,,,,,,,,,Bill Walker,,,,,,def,,
Jeff Green,Kevin Durant,Nick Collison,Russell Westbrook,Thabo Sefolosha,Bill Walker,Eddie House,Glen Davis,Kendrick Perkins,Stephon Marbury,4,2:16,BOS,shot,,,,,,,,,,Eddie House,,,,missed,,3pt,40,26
Jeff Green,Kevin Durant,Nick Collison,Russell Westbrook,Thabo Sefolosha,Bill Walker,Eddie House,Glen Davis,Kendrick Perkins,Stephon Marbury,4,2:15,OKC,rebound,,,,,,,,,,Nick Collison,,,,,,def,,
Jeff Green,Kevin Durant,Nick Collison,Russell Westbrook,Thabo Sefolosha,Bill Walker,Eddie House,Glen Davis,Kendrick Perkins,Stephon Marbury,4,2:07,OKC,shot,,,,,,,,,,Russell Westbrook,2,,,made,,pullup jump,27,16
Jeff Green,Kevin Durant,Nick Collison,Russell Westbrook,Thabo Sefolosha,Bill Walker,Eddie House,Glen Davis,Kendrick Perkins,Stephon Marbury,4,1:41,OKC,foul,,,,,,,,Glen Davis,,Nick Collison,,,,,,shooting,,
Jeff Green,Kevin Durant,Nick Collison,Russell Westbrook,Thabo Sefolosha,Bill Walker,Eddie House,Glen Davis,Kendrick Perkins,Stephon Marbury,4,1:41,BOS,free throw,,,,,,,1,,2,Glen Davis,,,foul,made,,,,
Jeff Green,Kevin Durant,Nick Collison,Russell Westbrook,Thabo Sefolosha,Bill Walker,Gabe Pruitt,Glen Davis,Kendrick Perkins,Stephon Marbury,4,1:41,BOS,sub,,,,Gabe Pruitt,,Eddie House,,,,,,,,,,,,
Jeff Green,Kevin Durant,Nick Collison,Russell Westbrook,Thabo Sefolosha,Bill Walker,Gabe Pruitt,Glen Davis,Kendrick Perkins,Stephon Marbury,4,1:41,BOS,free throw,,,,,,,2,,2,Glen Davis,,,foul,made,,,,
Jeff Green,Kevin Durant,Nick Collison,Russell Westbrook,Thabo Sefolosha,Bill Walker,Gabe Pruitt,Glen Davis,Kendrick Perkins,Stephon Marbury,4,1:34,OKC,shot,,,,,,,,,,Russell Westbrook,2,,,made,,jump,25,24
Jeff Green,Kevin Durant,Nick Collison,Russell Westbrook,Thabo Sefolosha,Bill Walker,Gabe Pruitt,Glen Davis,Kendrick Perkins,Stephon Marbury,4,1:16,BOS,shot,,,Nick Collison,,,,,,,Glen Davis,,,,missed,,layup,23,7
Jeff Green,Kevin Durant,Nick Collison,Russell Westbrook,Thabo Sefolosha,Bill Walker,Gabe Pruitt,Glen Davis,Kendrick Perkins,Stephon Marbury,4,1:15,BOS,rebound,,,,,,,,,,Glen Davis,,,,,,off,,
Jeff Green,Kevin Durant,Nick Collison,Russell Westbrook,Thabo Sefolosha,Bill Walker,Gabe Pruitt,Glen Davis,Kendrick Perkins,Stephon Marbury,4,1:14,BOS,shot,,,,,,,,,,Glen Davis,2,,,made,,jump,22,8
Jeff Green,Kevin Durant,Nick Collison,Russell Westbrook,Thabo Sefolosha,Bill Walker,Gabe Pruitt,Glen Davis,Kendrick Perkins,Stephon Marbury,4,1:05,OKC,turnover,,,,,,,,,,Russell Westbrook,,,lost ball,,Glen Davis,,,
Jeff Green,Kevin Durant,Nick Collison,Russell Westbrook,Thabo Sefolosha,Bill Walker,Gabe Pruitt,Glen Davis,Kendrick Perkins,Stephon Marbury,4,0:51,OKC,foul,,,,,,,,Kendrick Perkins,,Russell Westbrook,,,,,,shooting,,
Jeff Green,Kevin Durant,Nick Collison,Russell Westbrook,Thabo Sefolosha,Bill Walker,Gabe Pruitt,Glen Davis,Kendrick Perkins,Stephon Marbury,4,0:51,BOS,free throw,,,,,,,1,,2,Kendrick Perkins,,,foul,made,,,,
Jeff Green,Kevin Durant,Nick Collison,Russell Westbrook,Thabo Sefolosha,Bill Walker,Gabe Pruitt,Glen Davis,Kendrick Perkins,Stephon Marbury,4,0:51,BOS,free throw,,,,,,,2,,2,Kendrick Perkins,,,foul,missed,,,,
Jeff Green,Kevin Durant,Nick Collison,Russell Westbrook,Thabo Sefolosha,Bill Walker,Gabe Pruitt,Glen Davis,Kendrick Perkins,Stephon Marbury,4,0:51,OKC,rebound,,,,,,,,,,Thabo Sefolosha,,,,,,def,,
Jeff Green,Kevin Durant,Nick Collison,Russell Westbrook,Thabo Sefolosha,Bill Walker,Gabe Pruitt,Glen Davis,Kendrick Perkins,Stephon Marbury,4,0:38,OKC,shot,,,,,,,,,,Russell Westbrook,,,,missed,,jump,23,18
Jeff Green,Kevin Durant,Nick Collison,Russell Westbrook,Thabo Sefolosha,Bill Walker,Gabe Pruitt,Glen Davis,Kendrick Perkins,Stephon Marbury,4,0:36,BOS,rebound,,,,,,,,,,,,,,,,,,
Jeff Green,Kevin Durant,Nick Collison,Russell Westbrook,Thabo Sefolosha,Bill Walker,Gabe Pruitt,Glen Davis,Kendrick Perkins,Stephon Marbury,4,0:21,BOS,shot,Gabe Pruitt,,,,,,,,,Bill Walker,2,,,made,,slam dunk,23,7
Jeff Green,Kevin Durant,Nick Collison,Russell Westbrook,Thabo Sefolosha,Bill Walker,Gabe Pruitt,Glen Davis,Kendrick Perkins,Stephon Marbury,4,0:12,OKC,shot,,,,,,,,,,Kevin Durant,,,,missed,,jump,24,9
Jeff Green,Kevin Durant,Nick Collison,Russell Westbrook,Thabo Sefolosha,Bill Walker,Gabe Pruitt,Glen Davis,Kendrick Perkins,Stephon Marbury,4,0:11,BOS,rebound,,,,,,,,,,Kendrick Perkins,,,,,,def,,
