a1,a2,a3,a4,a5,h1,h2,h3,h4,h5,period,time,team,etype,assist,away,block,entered,home,left,num,opponent,outof,player,points,possession,reason,result,steal,type,x,y
Charlie Villanueva,Francisco Elson,Luc Richard Mbah a Moute,Ramon Sessions,Richard Jefferson,Andrea Bargnani,Anthony Parker,Chris Bosh,Jose Calderon,Shawn Marion,1,12:00,OFF,jump ball,,Francisco Elson,,,Chris Bosh,,,,,,,Ramon Sessions,,,,,,
Charlie Villanueva,Francisco Elson,Luc Richard Mbah a Moute,Ramon Sessions,Richard Jefferson,Andrea Bargnani,Anthony Parker,Chris Bosh,Jose Calderon,Shawn Marion,1,11:52,TOR,violation,,,,,,,,,,Jose Calderon,,,,,,kicked ball,,
Charlie Villanueva,Francisco Elson,Luc Richard Mbah a Moute,Ramon Sessions,Richard Jefferson,Andrea Bargnani,Anthony Parker,Chris Bosh,Jose Calderon,Shawn Marion,1,11:46,MIL,shot,,,,,,,,,,Ramon Sessions,,,,missed,,running jump,16,8
Charlie Villanueva,Francisco Elson,Luc Richard Mbah a Moute,Ramon Sessions,Richard Jefferson,Andrea Bargnani,Anthony Parker,Chris Bosh,Jose Calderon,Shawn Marion,1,11:45,MIL,rebound,,,,,,,,,,Luc Richard Mbah a Moute,,,,,,off,,
Charlie Villanueva,Francisco Elson,Luc Richard Mbah a Moute,Ramon Sessions,Richard Jefferson,Andrea Bargnani,Anthony Parker,Chris Bosh,Jose Calderon,Shawn Marion,1,11:36,MIL,shot,,,,,,,,,,Ramon Sessions,2,,,made,,jump hook,24,13
Charlie Villanueva,Francisco Elson,Luc Richard Mbah a Moute,Ramon Sessions,Richard Jefferson,Andrea Bargnani,Anthony Parker,Chris Bosh,Jose Calderon,Shawn Marion,1,11:13,TOR,shot,,,,,,,,,,Andrea Bargnani,,,,missed,,pullup jump,25,18
Charlie Villanueva,Francisco Elson,Luc Richard Mbah a Moute,Ramon Sessions,Richard Jefferson,Andrea Bargnani,Anthony Parker,Chris Bosh,Jose Calderon,Shawn Marion,1,11:12,MIL,rebound,,,,,,,,,,Francisco Elson,,,,,,def,,
Charlie Villanueva,Francisco Elson,Luc Richard Mbah a Moute,Ramon Sessions,Richard Jefferson,Andrea Bargnani,Anthony Parker,Chris Bosh,Jose Calderon,Shawn Marion,1,11:02,MIL,shot,,,,,,,,,,Richard Jefferson,,,,missed,,jump,46,7
Charlie Villanueva,Francisco Elson,Luc Richard Mbah a Moute,Ramon Sessions,Richard Jefferson,Andrea Bargnani,Anthony Parker,Chris Bosh,Jose Calderon,Shawn Marion,1,11:01,TOR,rebound,,,,,,,,,,Chris Bosh,,,,,,def,,
Charlie Villanueva,Francisco Elson,Luc Richard Mbah a Moute,Ramon Sessions,Richard Jefferson,Andrea Bargnani,Anthony Parker,Chris Bosh,Jose Calderon,Shawn Marion,1,10:57,MIL,foul,,,,,,,,Shawn Marion,,Richard Jefferson,,,,,,shooting,,
Charlie Villanueva,Francisco Elson,Luc Richard Mbah a Moute,Ramon Sessions,Richard Jefferson,Andrea Bargnani,Anthony Parker,Chris Bosh,Jose Calderon,Shawn Marion,1,10:57,TOR,free throw,,,,,,,1,,2,Shawn Marion,,,foul,made,,,,
Charlie Villanueva,Francisco Elson,Luc Richard Mbah a Moute,Ramon Sessions,Richard Jefferson,Andrea Bargnani,Anthony Parker,Chris Bosh,Jose Calderon,Shawn Marion,1,10:57,TOR,free throw,,,,,,,2,,2,Shawn Marion,,,foul,made,,,,
Charlie Villanueva,Francisco Elson,Luc Richard Mbah a Moute,Ramon Sessions,Richard Jefferson,Andrea Bargnani,Anthony Parker,Chris Bosh,Jose Calderon,Shawn Marion,1,10:44,TOR,foul,,,,,,,,,,Andrea Bargnani,,,,,,defense 3 second,,
Charlie Villanueva,Francisco Elson,Luc Richard Mbah a Moute,Ramon Sessions,Richard Jefferson,Andrea Bargnani,Anthony Parker,Chris Bosh,Jose Calderon,Shawn Marion,1,10:44,MIL,free throw,,,,,,,1,,1,Richard Jefferson,,,technical,missed,,,,
Charlie Villanueva,Francisco Elson,Luc Richard Mbah a Moute,Ramon Sessions,Richard Jefferson,Andrea Bargnani,Anthony Parker,Chris Bosh,Jose Calderon,Shawn Marion,1,10:44,MIL,rebound,,,,,,,,,,,,,,,,,,
Charlie Villanueva,Francisco Elson,Luc Richard Mbah a Moute,Ramon Sessions,Richard Jefferson,Andrea Bargnani,Anthony Parker,Chris Bosh,Jose Calderon,Shawn Marion,1,10:36,MIL,turnover,,,,,,,,,,Charlie Villanueva,,,3 second violation,,,,,
Charlie Villanueva,Francisco Elson,Luc Richard Mbah a Moute,Ramon Sessions,Richard Jefferson,Andrea Bargnani,Anthony Parker,Chris Bosh,Jose Calderon,Shawn Marion,1,10:26,TOR,shot,,,,,,,,,,Andrea Bargnani,,,,missed,,3pt,38,28
Charlie Villanueva,Francisco Elson,Luc Richard Mbah a Moute,Ramon Sessions,Richard Jefferson,Andrea Bargnani,Anthony Parker,Chris Bosh,Jose Calderon,Shawn Marion,1,10:25,MIL,rebound,,,,,,,,,,,,,,,,,,
Charlie Villanueva,Francisco Elson,Luc Richard Mbah a Moute,Ramon Sessions,Richard Jefferson,Andrea Bargnani,Anthony Parker,Chris Bosh,Jose Calderon,Shawn Marion,1,10:12,MIL,shot,Francisco Elson,,,,,,,,,Ramon Sessions,2,,,made,,running layup,25,6
Charlie Villanueva,Francisco Elson,Luc Richard Mbah a Moute,Ramon Sessions,Richard Jefferson,Andrea Bargnani,Anthony Parker,Chris Bosh,Jose Calderon,Shawn Marion,1,9:57,MIL,foul,,,,,,,,Andrea Bargnani,,Charlie Villanueva,,,,,,personal,,
Charlie Villanueva,Francisco Elson,Luc Richard Mbah a Moute,Ramon Sessions,Richard Jefferson,Andrea Bargnani,Anthony Parker,Chris Bosh,Jose Calderon,Shawn Marion,1,9:45,TOR,shot,Chris Bosh,,,,,,,,,Jose Calderon,3,,,made,,3pt,19,30
Charlie Villanueva,Francisco Elson,Luc Richard Mbah a Moute,Ramon Sessions,Richard Jefferson,Andrea Bargnani,Anthony Parker,Chris Bosh,Jose Calderon,Shawn Marion,1,9:23,MIL,shot,,,,,,,,,,Charlie Villanueva,,,,missed,,3pt,48,8
Charlie Villanueva,Francisco Elson,Luc Richard Mbah a Moute,Ramon Sessions,Richard Jefferson,Andrea Bargnani,Anthony Parker,Chris Bosh,Jose Calderon,Shawn Marion,1,9:22,TOR,rebound,,,,,,,,,,Jose Calderon,,,,,,def,,
Charlie Villanueva,Francisco Elson,Luc Richard Mbah a Moute,Ramon Sessions,Richard Jefferson,Andrea Bargnani,Anthony Parker,Chris Bosh,Jose Calderon,Shawn Marion,1,9:17,TOR,shot,,,,,,,,,,Jose Calderon,2,,,made,,driving layup,25,6
Charlie Villanueva,Francisco Elson,Luc Richard Mbah a Moute,Ramon Sessions,Richard Jefferson,Andrea Bargnani,Anthony Parker,Chris Bosh,Jose Calderon,Shawn Marion,1,8:59,MIL,turnover,,,,,,,,,,Charlie Villanueva,,,lost ball,,Chris Bosh,,,
Charlie Villanueva,Francisco Elson,Luc Richard Mbah a Moute,Ramon Sessions,Richard Jefferson,Andrea Bargnani,Anthony Parker,Chris Bosh,Jose Calderon,Shawn Marion,1,8:55,TOR,shot,,,,,,,,,,Shawn Marion,,,,missed,,running layup,25,6
Charlie Villanueva,Francisco Elson,Luc Richard Mbah a Moute,Ramon Sessions,Richard Jefferson,Andrea Bargnani,Anthony Parker,Chris Bosh,Jose Calderon,Shawn Marion,1,8:53,TOR,rebound,,,,,,,,,,Chris Bosh,,,,,,off,,
Charlie Villanueva,Francisco Elson,Luc Richard Mbah a Moute,Ramon Sessions,Richard Jefferson,Andrea Bargnani,Anthony Parker,Chris Bosh,Jose Calderon,Shawn Marion,1,8:51,TOR,shot,,,,,,,,,,Chris Bosh,2,,,made,,layup,25,6
Charlie Villanueva,Francisco Elson,Luc Richard Mbah a Moute,Ramon Sessions,Richard Jefferson,Andrea Bargnani,Anthony Parker,Chris Bosh,Jose Calderon,Shawn Marion,1,8:33,MIL,shot,Charlie Villanueva,,,,,,,,,Richard Jefferson,2,,,made,,turnaround fade away,31,18
Charlie Villanueva,Francisco Elson,Luc Richard Mbah a Moute,Ramon Sessions,Richard Jefferson,Andrea Bargnani,Anthony Parker,Chris Bosh,Jose Calderon,Shawn Marion,1,8:26,TOR,shot,,,,,,,,,,Jose Calderon,2,,,made,,driving layup,25,6
Charlie Villanueva,Francisco Elson,Luc Richard Mbah a Moute,Ramon Sessions,Richard Jefferson,Andrea Bargnani,Anthony Parker,Chris Bosh,Jose Calderon,Shawn Marion,1,8:13,TOR,foul,,,,,,,,Richard Jefferson,,Jose Calderon,,,,,,shooting,,
Charlie Villanueva,Francisco Elson,Luc Richard Mbah a Moute,Ramon Sessions,Richard Jefferson,Andrea Bargnani,Anthony Parker,Chris Bosh,Jose Calderon,Shawn Marion,1,8:13,MIL,free throw,,,,,,,1,,2,Richard Jefferson,,,foul,made,,,,
Charlie Villanueva,Francisco Elson,Luc Richard Mbah a Moute,Ramon Sessions,Richard Jefferson,Andrea Bargnani,Anthony Parker,Chris Bosh,Jose Calderon,Shawn Marion,1,8:13,MIL,free throw,,,,,,,2,,2,Richard Jefferson,,,foul,made,,,,
Charlie Villanueva,Francisco Elson,Luc Richard Mbah a Moute,Ramon Sessions,Richard Jefferson,Andrea Bargnani,Anthony Parker,Chris Bosh,Jose Calderon,Shawn Marion,1,8:01,TOR,shot,,,,,,,,,,Chris Bosh,,,,missed,,jump,36,22
Charlie Villanueva,Francisco Elson,Luc Richard Mbah a Moute,Ramon Sessions,Richard Jefferson,Andrea Bargnani,Anthony Parker,Chris Bosh,Jose Calderon,Shawn Marion,1,8:00,MIL,rebound,,,,,,,,,,Francisco Elson,,,,,,def,,
Charlie Villanueva,Francisco Elson,Luc Richard Mbah a Moute,Ramon Sessions,Richard Jefferson,Andrea Bargnani,Anthony Parker,Chris Bosh,Jose Calderon,Shawn Marion,1,7:49,MIL,turnover,,,,,,,,,,Ramon Sessions,,,bad pass,,,,,
Charlie Villanueva,Francisco Elson,Luc Richard Mbah a Moute,Ramon Sessions,Richard Jefferson,Andrea Bargnani,Anthony Parker,Chris Bosh,Jose Calderon,Shawn Marion,1,7:25,TOR,shot,,,,,,,,,,Chris Bosh,,,,missed,,3pt,5,22
Charlie Villanueva,Francisco Elson,Luc Richard Mbah a Moute,Ramon Sessions,Richard Jefferson,Andrea Bargnani,Anthony Parker,Chris Bosh,Jose Calderon,Shawn Marion,1,7:24,TOR,rebound,,,,,,,,,,,,,,,,,,
Charlie Villanueva,Francisco Elson,Luc Richard Mbah a Moute,Ramon Sessions,Richard Jefferson,Andrea Bargnani,Anthony Parker,Chris Bosh,Jose Calderon,Shawn Marion,1,7:21,TOR,turnover,,,,,,,,,,Jose Calderon,,,bad pass,,,,,
Charlie Villanueva,Francisco Elson,Luc Richard Mbah a Moute,Ramon Sessions,Richard Jefferson,Andrea Bargnani,Anthony Parker,Chris Bosh,Jose Calderon,Shawn Marion,1,7:11,MIL,shot,,,Andrea Bargnani,,,,,,,Ramon Sessions,,,,missed,,running jump,23,14
Charlie Villanueva,Francisco Elson,Luc Richard Mbah a Moute,Ramon Sessions,Richard Jefferson,Andrea Bargnani,Anthony Parker,Chris Bosh,Jose Calderon,Shawn Marion,1,7:09,TOR,rebound,,,,,,,,,,Shawn Marion,,,,,,def,,
Charlie Villanueva,Francisco Elson,Luc Richard Mbah a Moute,Ramon Sessions,Richard Jefferson,Andrea Bargnani,Anthony Parker,Chris Bosh,Jose Calderon,Shawn Marion,1,6:57,TOR,shot,Anthony Parker,,,,,,,,,Andrea Bargnani,2,,,made,,turnaround hook,25,12
Charlie Villanueva,Francisco Elson,Luc Richard Mbah a Moute,Ramon Sessions,Richard Jefferson,Andrea Bargnani,Anthony Parker,Chris Bosh,Jose Calderon,Shawn Marion,1,6:38,TOR,foul,,,,,,,,Richard Jefferson,,Chris Bosh,,,,,,personal,,
Charlie Villanueva,Francisco Elson,Luc Richard Mbah a Moute,Ramon Sessions,Richard Jefferson,Andrea Bargnani,Anthony Parker,Chris Bosh,Jose Calderon,Shawn Marion,1,6:29,MIL,shot,Ramon Sessions,,,,,,,,,Richard Jefferson,2,,,made,,jump,42,13
Charlie Villanueva,Francisco Elson,Luc Richard Mbah a Moute,Ramon Sessions,Richard Jefferson,Andrea Bargnani,Anthony Parker,Chris Bosh,Jose Calderon,Shawn Marion,1,6:10,TOR,shot,,,,,,,,,,Jose Calderon,,,,missed,,jump,20,28
Charlie Villanueva,Francisco Elson,Luc Richard Mbah a Moute,Ramon Sessions,Richard Jefferson,Andrea Bargnani,Anthony Parker,Chris Bosh,Jose Calderon,Shawn Marion,1,6:09,TOR,rebound,,,,,,,,,,Anthony Parker,,,,,,off,,
Charlie Villanueva,Francisco Elson,Luc Richard Mbah a Moute,Ramon Sessions,Richard Jefferson,Andrea Bargnani,Anthony Parker,Chris Bosh,Jose Calderon,Shawn Marion,1,6:05,TOR,shot,,,,,,,,,,Anthony Parker,,,,missed,,3pt,2,7
Charlie Villanueva,Francisco Elson,Luc Richard Mbah a Moute,Ramon Sessions,Richard Jefferson,Andrea Bargnani,Anthony Parker,Chris Bosh,Jose Calderon,Shawn Marion,1,6:04,MIL,rebound,,,,,,,,,,Richard Jefferson,,,,,,def,,
Charlie Villanueva,Francisco Elson,Luc Richard Mbah a Moute,Ramon Sessions,Richard Jefferson,Andrea Bargnani,Anthony Parker,Chris Bosh,Jose Calderon,Shawn Marion,1,5:50,MIL,shot,Ramon Sessions,,,,,,,,,Richard Jefferson,2,,,made,,pullup jump,21,25
Charlie Villanueva,Francisco Elson,Luc Richard Mbah a Moute,Ramon Sessions,Richard Jefferson,Andrea Bargnani,Anthony Parker,Chris Bosh,Jose Calderon,Shawn Marion,1,5:36,TOR,shot,Jose Calderon,,,,,,,,,Andrea Bargnani,2,,,made,,slam dunk,25,6
Charlie Villanueva,Francisco Elson,Luc Richard Mbah a Moute,Ramon Sessions,Richard Jefferson,Andrea Bargnani,Anthony Parker,Chris Bosh,Jose Calderon,Shawn Marion,1,5:21,MIL,turnover,,,,,,,,,,Richard Jefferson,,,out of bounds lost ball turnover,,,,,
Charlie Villanueva,Francisco Elson,Luc Richard Mbah a Moute,Ramon Sessions,Richard Jefferson,Andrea Bargnani,Anthony Parker,Chris Bosh,Jose Calderon,Shawn Marion,1,5:21,TOR,timeout,,,,,,,,,,,,,,,,regular,,
Charlie Villanueva,Francisco Elson,Luc Richard Mbah a Moute,Ramon Sessions,Richard Jefferson,Andrea Bargnani,Anthony Parker,Chris Bosh,Jose Calderon,Shawn Marion,1,5:09,TOR,shot,Andrea Bargnani,,,,,,,,,Chris Bosh,2,,,made,,running slam dunk,25,6
Charlie Villanueva,Francisco Elson,Luc Richard Mbah a Moute,Ramon Sessions,Richard Jefferson,Andrea Bargnani,Anthony Parker,Chris Bosh,Jose Calderon,Shawn Marion,1,4:52,MIL,shot,,,,,,,,,,Luc Richard Mbah a Moute,,,,missed,,jump,45,7
Charlie Villanueva,Francisco Elson,Luc Richard Mbah a Moute,Ramon Sessions,Richard Jefferson,Andrea Bargnani,Anthony Parker,Chris Bosh,Jose Calderon,Shawn Marion,1,4:51,TOR,rebound,,,,,,,,,,Chris Bosh,,,,,,def,,
Charlie Villanueva,Francisco Elson,Luc Richard Mbah a Moute,Ramon Sessions,Richard Jefferson,Andrea Bargnani,Anthony Parker,Chris Bosh,Jose Calderon,Shawn Marion,1,4:42,MIL,foul,,,,,,,,Chris Bosh,,Francisco Elson,,,,,,personal,,
Charlie Villanueva,Francisco Elson,Luc Richard Mbah a Moute,Ramon Sessions,Richard Jefferson,Andrea Bargnani,Anthony Parker,Chris Bosh,Jose Calderon,Shawn Marion,1,4:34,TOR,shot,,,,,,,,,,Andrea Bargnani,,,,missed,,pullup jump,16,13
Charlie Villanueva,Francisco Elson,Luc Richard Mbah a Moute,Ramon Sessions,Richard Jefferson,Andrea Bargnani,Anthony Parker,Chris Bosh,Jose Calderon,Shawn Marion,1,4:33,MIL,rebound,,,,,,,,,,Luc Richard Mbah a Moute,,,,,,def,,
Charlie Villanueva,Francisco Elson,Luc Richard Mbah a Moute,Ramon Sessions,Richard Jefferson,Andrea Bargnani,Anthony Parker,Chris Bosh,Jose Calderon,Shawn Marion,1,4:26,MIL,shot,,,,,,,,,,Ramon Sessions,2,,,made,,pullup jump,25,28
Charlie Villanueva,Francisco Elson,Luc Richard Mbah a Moute,Ramon Sessions,Richard Jefferson,Andrea Bargnani,Anthony Parker,Chris Bosh,Jose Calderon,Shawn Marion,1,4:01,MIL,foul,,,,,,,,Chris Bosh,,Francisco Elson,,,,,,shooting,,
Charlie Villanueva,Francisco Elson,Luc Richard Mbah a Moute,Ramon Sessions,Richard Jefferson,Andrea Bargnani,Anthony Parker,Chris Bosh,Jose Calderon,Shawn Marion,1,4:01,TOR,free throw,,,,,,,1,,2,Chris Bosh,,,foul,made,,,,
Charlie Villanueva,Keith Bogans,Luc Richard Mbah a Moute,Ramon Sessions,Richard Jefferson,Andrea Bargnani,Anthony Parker,Chris Bosh,Jose Calderon,Shawn Marion,1,4:01,MIL,sub,,,,Keith Bogans,,Francisco Elson,,,,,,,,,,,,
Charlie Villanueva,Keith Bogans,Luc Richard Mbah a Moute,Ramon Sessions,Richard Jefferson,Andrea Bargnani,Anthony Parker,Chris Bosh,Jose Calderon,Shawn Marion,1,4:01,TOR,free throw,,,,,,,2,,2,Chris Bosh,,,foul,made,,,,
Charlie Villanueva,Keith Bogans,Luc Richard Mbah a Moute,Ramon Sessions,Richard Jefferson,Andrea Bargnani,Anthony Parker,Chris Bosh,Jose Calderon,Shawn Marion,1,3:41,MIL,shot,Ramon Sessions,,,,,,,,,Richard Jefferson,2,,,made,,running dunk,25,6
Charlie Villanueva,Keith Bogans,Luc Richard Mbah a Moute,Ramon Sessions,Richard Jefferson,Andrea Bargnani,Anthony Parker,Chris Bosh,Jose Calderon,Shawn Marion,1,3:30,TOR,shot,,,,,,,,,,Jose Calderon,2,,,made,,driving layup,25,6
Charlie Villanueva,Keith Bogans,Luc Richard Mbah a Moute,Ramon Sessions,Richard Jefferson,Andrea Bargnani,Anthony Parker,Chris Bosh,Jose Calderon,Shawn Marion,1,3:15,MIL,shot,,,Andrea Bargnani,,,,,,,Luc Richard Mbah a Moute,,,,missed,,turnaround fade away,21,18
Charlie Villanueva,Keith Bogans,Luc Richard Mbah a Moute,Ramon Sessions,Richard Jefferson,Andrea Bargnani,Anthony Parker,Chris Bosh,Jose Calderon,Shawn Marion,1,3:13,TOR,rebound,,,,,,,,,,Shawn Marion,,,,,,def,,
Charlie Villanueva,Keith Bogans,Luc Richard Mbah a Moute,Ramon Sessions,Richard Jefferson,Andrea Bargnani,Anthony Parker,Chris Bosh,Jose Calderon,Shawn Marion,1,3:09,TOR,timeout,,,,,,,,,,,,,,,,short,,
Charlie Bell,Charlie Villanueva,Keith Bogans,Ramon Sessions,Richard Jefferson,Andrea Bargnani,Anthony Parker,Chris Bosh,Jose Calderon,Shawn Marion,1,3:09,MIL,sub,,,,Charlie Bell,,Luc Richard Mbah a Moute,,,,,,,,,,,,
Charlie Bell,Charlie Villanueva,Keith Bogans,Ramon Sessions,Richard Jefferson,Andrea Bargnani,Anthony Parker,Joey Graham,Jose Calderon,Shawn Marion,1,3:09,TOR,sub,,,,Joey Graham,,Chris Bosh,,,,,,,,,,,,
Charlie Bell,Charlie Villanueva,Keith Bogans,Ramon Sessions,Richard Jefferson,Andrea Bargnani,Anthony Parker,Joey Graham,Roko Ukic,Shawn Marion,1,3:09,TOR,sub,,,,Roko Ukic,,Jose Calderon,,,,,,,,,,,,
Charlie Bell,Charlie Villanueva,Keith Bogans,Ramon Sessions,Richard Jefferson,Andrea Bargnani,Anthony Parker,Joey Graham,Roko Ukic,Shawn Marion,1,2:57,TOR,shot,,,,,,,,,,Shawn Marion,2,,,made,,turnaround hook,35,12
Charlie Bell,Charlie Villanueva,Keith Bogans,Ramon Sessions,Richard Jefferson,Andrea Bargnani,Anthony Parker,Joey Graham,Roko Ukic,Shawn Marion,1,2:38,MIL,shot,,,,,,,,,,Richard Jefferson,,,,missed,,jump,40,12
Charlie Bell,Charlie Villanueva,Keith Bogans,Ramon Sessions,Richard Jefferson,Andrea Bargnani,Anthony Parker,Joey Graham,Roko Ukic,Shawn Marion,1,2:37,TOR,rebound,,,,,,,,,,Shawn Marion,,,,,,def,,
Charlie Bell,Charlie Villanueva,Keith Bogans,Ramon Sessions,Richard Jefferson,Andrea Bargnani,Anthony Parker,Joey Graham,Roko Ukic,Shawn Marion,1,2:28,TOR,shot,,,Charlie Villanueva,,,,,,,Joey Graham,,,,missed,,driving dunk,25,6
Charlie Bell,Charlie Villanueva,Keith Bogans,Ramon Sessions,Richard Jefferson,Andrea Bargnani,Anthony Parker,Joey Graham,Roko Ukic,Shawn Marion,1,2:26,MIL,rebound,,,,,,,,,,Keith Bogans,,,,,,def,,
Charlie Bell,Charlie Villanueva,Keith Bogans,Ramon Sessions,Richard Jefferson,Andrea Bargnani,Anthony Parker,Joey Graham,Roko Ukic,Shawn Marion,1,2:26,TOR,foul,,,,,,,,Richard Jefferson,,Joey Graham,,,,,,personal,,
Charlie Bell,Charlie Villanueva,Keith Bogans,Ramon Sessions,Richard Jefferson,Andrea Bargnani,Anthony Parker,Joey Graham,Roko Ukic,Shawn Marion,1,2:26,MIL,timeout,,,,,,,,,,,,,,,,regular,,
Charlie Bell,Charlie Villanueva,Keith Bogans,Ramon Sessions,Richard Jefferson,Andrea Bargnani,Anthony Parker,Joey Graham,Roko Ukic,Shawn Marion,1,2:18,MIL,shot,,,,,,,,,,Charlie Villanueva,2,,,made,,jump hook,32,15
Charlie Bell,Charlie Villanueva,Keith Bogans,Ramon Sessions,Richard Jefferson,Andrea Bargnani,Anthony Parker,Joey Graham,Roko Ukic,Shawn Marion,1,2:02,TOR,shot,,,,,,,,,,Andrea Bargnani,,,,missed,,3pt,28,31
Charlie Bell,Charlie Villanueva,Keith Bogans,Ramon Sessions,Richard Jefferson,Andrea Bargnani,Anthony Parker,Joey Graham,Roko Ukic,Shawn Marion,1,2:02,TOR,rebound,,,,,,,,,,Joey Graham,,,,,,off,,
Charlie Bell,Charlie Villanueva,Keith Bogans,Ramon Sessions,Richard Jefferson,Andrea Bargnani,Anthony Parker,Joey Graham,Roko Ukic,Shawn Marion,1,1:54,TOR,shot,,,,,,,,,,Roko Ukic,2,,,made,,driving layup,25,6
Charlie Bell,Charlie Villanueva,Keith Bogans,Ramon Sessions,Richard Jefferson,Andrea Bargnani,Anthony Parker,Joey Graham,Roko Ukic,Shawn Marion,1,1:44,MIL,shot,,,,,,,,,,Keith Bogans,,,,missed,,jump,44,11
Charlie Bell,Charlie Villanueva,Keith Bogans,Ramon Sessions,Richard Jefferson,Andrea Bargnani,Anthony Parker,Joey Graham,Roko Ukic,Shawn Marion,1,1:43,TOR,rebound,,,,,,,,,,Joey Graham,,,,,,def,,
Charlie Bell,Charlie Villanueva,Keith Bogans,Ramon Sessions,Richard Jefferson,Andrea Bargnani,Anthony Parker,Joey Graham,Roko Ukic,Shawn Marion,1,1:35,TOR,turnover,,,,,,,,,,Andrea Bargnani,,,poss lost ball turnover,,,,,
Charlie Bell,Charlie Villanueva,Keith Bogans,Ramon Sessions,Richard Jefferson,Andrea Bargnani,Anthony Parker,Joey Graham,Roko Ukic,Shawn Marion,1,1:35,TOR,violation,,,,,,,,,,Andrea Bargnani,,,,,,kicked ball,,
Charlie Bell,Charlie Villanueva,Keith Bogans,Ramon Sessions,Richard Jefferson,Andrea Bargnani,Anthony Parker,Joey Graham,Roko Ukic,Shawn Marion,1,1:24,TOR,foul,,,,,,,,Richard Jefferson,,Joey Graham,,,,,,personal,,
Charlie Bell,Charlie Villanueva,Keith Bogans,Ramon Sessions,Richard Jefferson,Anthony Parker,Chris Bosh,Joey Graham,Roko Ukic,Shawn Marion,1,1:24,TOR,sub,,,,Chris Bosh,,Andrea Bargnani,,,,,,,,,,,,
Charlie Bell,Charlie Villanueva,Keith Bogans,Ramon Sessions,Richard Jefferson,Anthony Parker,Chris Bosh,Joey Graham,Roko Ukic,Shawn Marion,1,1:19,MIL,turnover,,,,,,,,,,,,,5 second inbound turnover,,,,,
Charlie Bell,Charlie Villanueva,Keith Bogans,Ramon Sessions,Richard Jefferson,Anthony Parker,Chris Bosh,Joey Graham,Roko Ukic,Shawn Marion,1,1:04,TOR,turnover,,,,,,,,,,Chris Bosh,,,lost ball,,Richard Jefferson,,,
Charlie Bell,Charlie Villanueva,Keith Bogans,Ramon Sessions,Richard Jefferson,Anthony Parker,Chris Bosh,Joey Graham,Roko Ukic,Shawn Marion,1,1:00,MIL,shot,,,,,,,,,,Richard Jefferson,2,,,made,,driving finger roll layup,25,6
Charlie Bell,Charlie Villanueva,Keith Bogans,Ramon Sessions,Richard Jefferson,Anthony Parker,Chris Bosh,Joey Graham,Roko Ukic,Shawn Marion,1,0:39,TOR,shot,,,Richard Jefferson,,,,,,,Joey Graham,,,,missed,,layup,25,6
Charlie Bell,Charlie Villanueva,Keith Bogans,Ramon Sessions,Richard Jefferson,Anthony Parker,Chris Bosh,Joey Graham,Roko Ukic,Shawn Marion,1,0:39,MIL,rebound,,,,,,,,,,Richard Jefferson,,,,,,def,,
Charlie Bell,Charlie Villanueva,Keith Bogans,Ramon Sessions,Richard Jefferson,Anthony Parker,Chris Bosh,Joey Graham,Roko Ukic,Shawn Marion,1,0:39,OFF,jump ball,,Richard Jefferson,,,Joey Graham,,,,,,,Ramon Sessions,,,,,,
Charlie Bell,Charlie Villanueva,Keith Bogans,Ramon Sessions,Richard Jefferson,Anthony Parker,Chris Bosh,Joey Graham,Roko Ukic,Shawn Marion,1,0:30,MIL,shot,,,,,,,,,,Charlie Bell,,,,missed,,3pt,2,8
Charlie Bell,Charlie Villanueva,Keith Bogans,Ramon Sessions,Richard Jefferson,Anthony Parker,Chris Bosh,Joey Graham,Roko Ukic,Shawn Marion,1,0:28,TOR,rebound,,,,,,,,,,Shawn Marion,,,,,,def,,
Charlie Bell,Charlie Villanueva,Keith Bogans,Ramon Sessions,Richard Jefferson,Anthony Parker,Chris Bosh,Joey Graham,Roko Ukic,Shawn Marion,1,0:06,TOR,shot,,,,,,,,,,Roko Ukic,,,,missed,,running jump,34,13
Charlie Bell,Charlie Villanueva,Keith Bogans,Ramon Sessions,Richard Jefferson,Anthony Parker,Chris Bosh,Joey Graham,Roko Ukic,Shawn Marion,1,0:05,MIL,rebound,,,,,,,,,,Keith Bogans,,,,,,def,,
Charlie Bell,Charlie Villanueva,Keith Bogans,Ramon Sessions,Richard Jefferson,Anthony Parker,Chris Bosh,Joey Graham,Roko Ukic,Shawn Marion,1,0:00,MIL,shot,,,,,,,,,,Charlie Bell,,,,missed,,3pt,4,20
Charlie Bell,Charlie Villanueva,Keith Bogans,Ramon Sessions,Richard Jefferson,Anthony Parker,Chris Bosh,Joey Graham,Roko Ukic,Shawn Marion,1,0:00,MIL,rebound,,,,,,,,,,,,,,,,,,
Charlie Bell,Charlie Villanueva,Keith Bogans,Luc Richard Mbah a Moute,Richard Jefferson,Chris Bosh,Jason Kapono,Joey Graham,Jose Calderon,Shawn Marion,2,11:42,TOR,shot,Chris Bosh,,,,,,,,,Joey Graham,2,,,made,,driving finger roll layup,25,6
Charlie Bell,Charlie Villanueva,Keith Bogans,Luc Richard Mbah a Moute,Richard Jefferson,Chris Bosh,Jason Kapono,Joey Graham,Jose Calderon,Shawn Marion,2,11:26,MIL,shot,,,,,,,,,,Luc Richard Mbah a Moute,,,,missed,,driving layup,25,6
Charlie Bell,Charlie Villanueva,Keith Bogans,Luc Richard Mbah a Moute,Richard Jefferson,Chris Bosh,Jason Kapono,Joey Graham,Jose Calderon,Shawn Marion,2,11:25,MIL,rebound,,,,,,,,,,,,,,,,,,
Charlie Bell,Charlie Villanueva,Keith Bogans,Luc Richard Mbah a Moute,Richard Jefferson,Chris Bosh,Jason Kapono,Joey Graham,Jose Calderon,Shawn Marion,2,11:25,TOR,foul,,,,,,,,Charlie Villanueva,,Joey Graham,,,,,,loose ball,,
Charlie Bell,Charlie Villanueva,Keith Bogans,Luc Richard Mbah a Moute,Richard Jefferson,Andrea Bargnani,Chris Bosh,Jason Kapono,Jose Calderon,Shawn Marion,2,11:25,TOR,sub,,,,Andrea Bargnani,,Joey Graham,,,,,,,,,,,,
Charlie Bell,Charlie Villanueva,Keith Bogans,Luc Richard Mbah a Moute,Richard Jefferson,Andrea Bargnani,Chris Bosh,Jason Kapono,Jose Calderon,Shawn Marion,2,11:14,MIL,shot,,,,,,,,,,Charlie Villanueva,,,,missed,,jump,4,8
Charlie Bell,Charlie Villanueva,Keith Bogans,Luc Richard Mbah a Moute,Richard Jefferson,Andrea Bargnani,Chris Bosh,Jason Kapono,Jose Calderon,Shawn Marion,2,11:13,TOR,rebound,,,,,,,,,,Chris Bosh,,,,,,def,,
Charlie Bell,Charlie Villanueva,Keith Bogans,Luc Richard Mbah a Moute,Richard Jefferson,Andrea Bargnani,Chris Bosh,Jason Kapono,Jose Calderon,Shawn Marion,2,11:07,TOR,turnover,,,,,,,,,,Jason Kapono,,,bad pass,,,,,
Charlie Bell,Charlie Villanueva,Keith Bogans,Luc Richard Mbah a Moute,Richard Jefferson,Andrea Bargnani,Chris Bosh,Jason Kapono,Jose Calderon,Shawn Marion,2,10:53,MIL,shot,,,,,,,,,,Charlie Villanueva,,,,missed,,turnaround jump,22,18
Charlie Bell,Charlie Villanueva,Keith Bogans,Luc Richard Mbah a Moute,Richard Jefferson,Andrea Bargnani,Chris Bosh,Jason Kapono,Jose Calderon,Shawn Marion,2,10:51,TOR,rebound,,,,,,,,,,Chris Bosh,,,,,,def,,
Charlie Bell,Charlie Villanueva,Keith Bogans,Luc Richard Mbah a Moute,Richard Jefferson,Andrea Bargnani,Chris Bosh,Jason Kapono,Jose Calderon,Shawn Marion,2,10:43,MIL,foul,,,,,,,,Chris Bosh,,Luc Richard Mbah a Moute,,,,,,shooting,,
Charlie Bell,Charlie Villanueva,Keith Bogans,Luc Richard Mbah a Moute,Richard Jefferson,Andrea Bargnani,Chris Bosh,Jason Kapono,Jose Calderon,Shawn Marion,2,10:43,TOR,free throw,,,,,,,1,,2,Chris Bosh,,,foul,made,,,,
Charlie Bell,Charlie Villanueva,Keith Bogans,Luc Richard Mbah a Moute,Richard Jefferson,Andrea Bargnani,Chris Bosh,Jason Kapono,Jose Calderon,Shawn Marion,2,10:43,TOR,free throw,,,,,,,2,,2,Chris Bosh,,,foul,made,,,,
Charlie Bell,Charlie Villanueva,Keith Bogans,Luc Richard Mbah a Moute,Richard Jefferson,Andrea Bargnani,Chris Bosh,Jason Kapono,Jose Calderon,Shawn Marion,2,10:30,MIL,shot,Charlie Villanueva,,,,,,,,,Keith Bogans,3,,,made,,3pt,24,31
Charlie Bell,Charlie Villanueva,Keith Bogans,Luc Richard Mbah a Moute,Richard Jefferson,Andrea Bargnani,Chris Bosh,Jason Kapono,Jose Calderon,Shawn Marion,2,10:17,MIL,foul,,,,,,,,Chris Bosh,,Luc Richard Mbah a Moute,,,,,,personal,,
Charlie Bell,Charlie Villanueva,Joe Alexander,Keith Bogans,Luc Richard Mbah a Moute,Andrea Bargnani,Chris Bosh,Jason Kapono,Jose Calderon,Shawn Marion,2,10:17,MIL,sub,,,,Joe Alexander,,Richard Jefferson,,,,,,,,,,,,
Charlie Bell,Charlie Villanueva,Joe Alexander,Keith Bogans,Luc Richard Mbah a Moute,Andrea Bargnani,Chris Bosh,Jason Kapono,Jose Calderon,Shawn Marion,2,10:06,TOR,shot,Chris Bosh,,,,,,,,,Jose Calderon,3,,,made,,3pt,39,26
Charlie Bell,Charlie Villanueva,Joe Alexander,Keith Bogans,Luc Richard Mbah a Moute,Andrea Bargnani,Chris Bosh,Jason Kapono,Jose Calderon,Shawn Marion,2,9:53,MIL,turnover,,,,,,,,,,Luc Richard Mbah a Moute,,,bad pass,,,,,
Charlie Bell,Charlie Villanueva,Joe Alexander,Keith Bogans,Luc Richard Mbah a Moute,Andrea Bargnani,Anthony Parker,Chris Bosh,Jason Kapono,Jose Calderon,2,9:53,TOR,sub,,,,Anthony Parker,,Shawn Marion,,,,,,,,,,,,
Charlie Bell,Charlie Villanueva,Joe Alexander,Keith Bogans,Luc Richard Mbah a Moute,Andrea Bargnani,Anthony Parker,Chris Bosh,Jason Kapono,Jose Calderon,2,9:44,TOR,shot,,,,,,,,,,Jason Kapono,,,,missed,,jump,31,25
Charlie Bell,Charlie Villanueva,Joe Alexander,Keith Bogans,Luc Richard Mbah a Moute,Andrea Bargnani,Anthony Parker,Chris Bosh,Jason Kapono,Jose Calderon,2,9:41,TOR,rebound,,,,,,,,,,,,,,,,,,
Charlie Bell,Charlie Villanueva,Joe Alexander,Keith Bogans,Luc Richard Mbah a Moute,Andrea Bargnani,Anthony Parker,Chris Bosh,Jason Kapono,Jose Calderon,2,9:38,TOR,shot,,,,,,,,,,Anthony Parker,,,,missed,,jump,45,11
Charlie Bell,Charlie Villanueva,Joe Alexander,Keith Bogans,Luc Richard Mbah a Moute,Andrea Bargnani,Anthony Parker,Chris Bosh,Jason Kapono,Jose Calderon,2,9:37,MIL,rebound,,,,,,,,,,,,,,,,,,
Charlie Bell,Charlie Villanueva,Joe Alexander,Keith Bogans,Luc Richard Mbah a Moute,Andrea Bargnani,Anthony Parker,Chris Bosh,Jason Kapono,Jose Calderon,2,9:22,MIL,shot,,,,,,,,,,Luc Richard Mbah a Moute,,,,missed,,driving layup,25,6
Charlie Bell,Charlie Villanueva,Joe Alexander,Keith Bogans,Luc Richard Mbah a Moute,Andrea Bargnani,Anthony Parker,Chris Bosh,Jason Kapono,Jose Calderon,2,9:20,MIL,rebound,,,,,,,,,,Charlie Villanueva,,,,,,off,,
Charlie Bell,Charlie Villanueva,Joe Alexander,Keith Bogans,Luc Richard Mbah a Moute,Andrea Bargnani,Anthony Parker,Chris Bosh,Jason Kapono,Jose Calderon,2,9:18,MIL,shot,,,,,,,,,,Charlie Villanueva,2,,,made,,putback slam dunk,25,6
Charlie Bell,Charlie Villanueva,Joe Alexander,Keith Bogans,Luc Richard Mbah a Moute,Andrea Bargnani,Anthony Parker,Chris Bosh,Jason Kapono,Jose Calderon,2,8:58,TOR,shot,Jose Calderon,,,,,,,,,Andrea Bargnani,3,,,made,,3pt,24,31
Charlie Bell,Charlie Villanueva,Joe Alexander,Keith Bogans,Luc Richard Mbah a Moute,Andrea Bargnani,Anthony Parker,Chris Bosh,Jason Kapono,Jose Calderon,2,8:41,MIL,shot,,,,,,,,,,Keith Bogans,,,,missed,,3pt,36,28
Charlie Bell,Charlie Villanueva,Joe Alexander,Keith Bogans,Luc Richard Mbah a Moute,Andrea Bargnani,Anthony Parker,Chris Bosh,Jason Kapono,Jose Calderon,2,8:40,MIL,rebound,,,,,,,,,,,,,,,,,,
Charlie Bell,Charlie Villanueva,Joe Alexander,Keith Bogans,Luc Richard Mbah a Moute,Andrea Bargnani,Anthony Parker,Chris Bosh,Jason Kapono,Jose Calderon,2,8:40,OFF,timeout,,,,,,,,,,,,,,,,official,,
Charlie Bell,Joe Alexander,Keith Bogans,Luc Richard Mbah a Moute,Malik Allen,Andrea Bargnani,Anthony Parker,Chris Bosh,Jason Kapono,Jose Calderon,2,8:40,MIL,sub,,,,Malik Allen,,Charlie Villanueva,,,,,,,,,,,,
Charlie Bell,Joe Alexander,Keith Bogans,Luc Richard Mbah a Moute,Malik Allen,Andrea Bargnani,Anthony Parker,Chris Bosh,Jason Kapono,Jose Calderon,2,8:34,MIL,foul,,,,,,,,Anthony Parker,,Joe Alexander,,,,,,offensive,,
Charlie Bell,Joe Alexander,Keith Bogans,Luc Richard Mbah a Moute,Malik Allen,Andrea Bargnani,Anthony Parker,Chris Bosh,Jason Kapono,Jose Calderon,2,8:34,MIL,turnover,,,,,,,,,,Joe Alexander,,,foul,,,,,
Charlie Bell,Joe Alexander,Keith Bogans,Luc Richard Mbah a Moute,Malik Allen,Andrea Bargnani,Anthony Parker,Chris Bosh,Jason Kapono,Jose Calderon,2,8:28,TOR,foul,,,,,,,,Keith Bogans,,Jason Kapono,,,,,,offensive,,
Charlie Bell,Joe Alexander,Keith Bogans,Luc Richard Mbah a Moute,Malik Allen,Andrea Bargnani,Anthony Parker,Chris Bosh,Jason Kapono,Jose Calderon,2,8:28,TOR,turnover,,,,,,,,,,Jason Kapono,,,foul,,,,,
Charlie Bell,Joe Alexander,Keith Bogans,Luc Richard Mbah a Moute,Malik Allen,Andrea Bargnani,Anthony Parker,Chris Bosh,Jason Kapono,Jose Calderon,2,8:13,MIL,shot,,,,,,,,,,Charlie Bell,,,,missed,,jump,13,21
Charlie Bell,Joe Alexander,Keith Bogans,Luc Richard Mbah a Moute,Malik Allen,Andrea Bargnani,Anthony Parker,Chris Bosh,Jason Kapono,Jose Calderon,2,8:12,MIL,rebound,,,,,,,,,,Malik Allen,,,,,,off,,
Charlie Bell,Joe Alexander,Keith Bogans,Luc Richard Mbah a Moute,Malik Allen,Andrea Bargnani,Anthony Parker,Chris Bosh,Jason Kapono,Jose Calderon,2,8:07,MIL,shot,Malik Allen,,,,,,,,,Charlie Bell,3,,,made,,3pt,36,29
Charlie Bell,Joe Alexander,Keith Bogans,Luc Richard Mbah a Moute,Malik Allen,Andrea Bargnani,Anthony Parker,Chris Bosh,Jason Kapono,Jose Calderon,2,7:49,TOR,shot,Jose Calderon,,,,,,,,,Chris Bosh,2,,,made,,jump,40,14
Charlie Bell,Joe Alexander,Keith Bogans,Luc Richard Mbah a Moute,Malik Allen,Andrea Bargnani,Anthony Parker,Chris Bosh,Jason Kapono,Jose Calderon,2,7:25,MIL,shot,,,,,,,,,,Malik Allen,,,,missed,,jump,22,20
Charlie Bell,Joe Alexander,Keith Bogans,Luc Richard Mbah a Moute,Malik Allen,Andrea Bargnani,Anthony Parker,Chris Bosh,Jason Kapono,Jose Calderon,2,7:24,TOR,rebound,,,,,,,,,,Chris Bosh,,,,,,def,,
Charlie Bell,Joe Alexander,Keith Bogans,Luc Richard Mbah a Moute,Malik Allen,Andrea Bargnani,Anthony Parker,Chris Bosh,Jason Kapono,Jose Calderon,2,7:19,MIL,foul,,,,,,,,Anthony Parker,,Malik Allen,,,,,,shooting,,
Charlie Bell,Joe Alexander,Keith Bogans,Luc Richard Mbah a Moute,Malik Allen,Andrea Bargnani,Anthony Parker,Chris Bosh,Jason Kapono,Jose Calderon,2,7:19,TOR,free throw,,,,,,,1,,2,Anthony Parker,,,foul,made,,,,
Charlie Bell,Joe Alexander,Keith Bogans,Malik Allen,Ramon Sessions,Andrea Bargnani,Anthony Parker,Chris Bosh,Jason Kapono,Jose Calderon,2,7:19,MIL,sub,,,,Ramon Sessions,,Luc Richard Mbah a Moute,,,,,,,,,,,,
Charlie Bell,Joe Alexander,Keith Bogans,Malik Allen,Ramon Sessions,Anthony Parker,Chris Bosh,Jake Voskuhl,Jason Kapono,Jose Calderon,2,7:19,TOR,sub,,,,Jake Voskuhl,,Andrea Bargnani,,,,,,,,,,,,
Charlie Bell,Joe Alexander,Keith Bogans,Malik Allen,Ramon Sessions,Anthony Parker,Chris Bosh,Jake Voskuhl,Jason Kapono,Jose Calderon,2,7:19,TOR,free throw,,,,,,,2,,2,Anthony Parker,,,foul,made,,,,
Charlie Bell,Joe Alexander,Keith Bogans,Malik Allen,Ramon Sessions,Anthony Parker,Chris Bosh,Jake Voskuhl,Jason Kapono,Jose Calderon,2,7:08,MIL,shot,,,,,,,,,,Charlie Bell,,,,missed,,jump,43,7
Charlie Bell,Joe Alexander,Keith Bogans,Malik Allen,Ramon Sessions,Anthony Parker,Chris Bosh,Jake Voskuhl,Jason Kapono,Jose Calderon,2,7:07,TOR,rebound,,,,,,,,,,Anthony Parker,,,,,,def,,
Charlie Bell,Joe Alexander,Keith Bogans,Malik Allen,Ramon Sessions,Anthony Parker,Chris Bosh,Jake Voskuhl,Jason Kapono,Jose Calderon,2,6:57,MIL,foul,,,,,,,,Chris Bosh,,Joe Alexander,,,,,,shooting,,
Charlie Bell,Joe Alexander,Keith Bogans,Malik Allen,Ramon Sessions,Anthony Parker,Chris Bosh,Jake Voskuhl,Jason Kapono,Jose Calderon,2,6:57,TOR,free throw,,,,,,,1,,2,Chris Bosh,,,foul,made,,,,
Charlie Bell,Joe Alexander,Keith Bogans,Malik Allen,Ramon Sessions,Anthony Parker,Chris Bosh,Jake Voskuhl,Jason Kapono,Jose Calderon,2,6:57,TOR,free throw,,,,,,,2,,2,Chris Bosh,,,foul,made,,,,
Charlie Bell,Joe Alexander,Keith Bogans,Malik Allen,Ramon Sessions,Anthony Parker,Chris Bosh,Jake Voskuhl,Jason Kapono,Jose Calderon,2,6:49,TOR,foul,,,,,,,,Ramon Sessions,,Jake Voskuhl,,,,,,shooting,,
Charlie Bell,Joe Alexander,Keith Bogans,Malik Allen,Ramon Sessions,Anthony Parker,Chris Bosh,Jake Voskuhl,Jason Kapono,Jose Calderon,2,6:49,MIL,free throw,,,,,,,1,,2,Ramon Sessions,,,foul,made,,,,
Charlie Bell,Joe Alexander,Keith Bogans,Malik Allen,Ramon Sessions,Anthony Parker,Chris Bosh,Jake Voskuhl,Jason Kapono,Jose Calderon,2,6:49,MIL,free throw,,,,,,,2,,2,Ramon Sessions,,,foul,made,,,,
Charlie Bell,Joe Alexander,Keith Bogans,Malik Allen,Ramon Sessions,Anthony Parker,Chris Bosh,Jake Voskuhl,Jason Kapono,Jose Calderon,2,6:35,TOR,shot,Jose Calderon,,,,,,,,,Jason Kapono,3,,,made,,3pt,4,20
Charlie Bell,Joe Alexander,Keith Bogans,Malik Allen,Ramon Sessions,Anthony Parker,Chris Bosh,Jake Voskuhl,Jason Kapono,Jose Calderon,2,6:10,MIL,shot,Charlie Bell,,,,,,,,,Ramon Sessions,2,,,made,,jump,41,14
Charlie Bell,Joe Alexander,Keith Bogans,Malik Allen,Ramon Sessions,Anthony Parker,Chris Bosh,Jake Voskuhl,Jason Kapono,Jose Calderon,2,5:53,TOR,shot,,,,,,,,,,Jose Calderon,,,,missed,,3pt,12,28
Charlie Bell,Joe Alexander,Keith Bogans,Malik Allen,Ramon Sessions,Anthony Parker,Chris Bosh,Jake Voskuhl,Jason Kapono,Jose Calderon,2,5:52,MIL,rebound,,,,,,,,,,Charlie Bell,,,,,,def,,
Charlie Bell,Joe Alexander,Keith Bogans,Malik Allen,Ramon Sessions,Anthony Parker,Chris Bosh,Jake Voskuhl,Jason Kapono,Jose Calderon,2,5:30,MIL,shot,,,,,,,,,,Charlie Bell,,,,missed,,3pt,5,22
Charlie Bell,Joe Alexander,Keith Bogans,Malik Allen,Ramon Sessions,Anthony Parker,Chris Bosh,Jake Voskuhl,Jason Kapono,Jose Calderon,2,5:29,TOR,rebound,,,,,,,,,,Chris Bosh,,,,,,def,,
Charlie Bell,Joe Alexander,Keith Bogans,Malik Allen,Ramon Sessions,Anthony Parker,Chris Bosh,Jake Voskuhl,Jason Kapono,Jose Calderon,2,5:20,MIL,foul,,,,,,,,Jason Kapono,,Joe Alexander,,,,,,shooting,,
Charlie Bell,Joe Alexander,Keith Bogans,Malik Allen,Ramon Sessions,Anthony Parker,Chris Bosh,Jake Voskuhl,Jason Kapono,Jose Calderon,2,5:20,TOR,timeout,,,,,,,,,,,,,,,,regular,,
Joe Alexander,Keith Bogans,Malik Allen,Ramon Sessions,Richard Jefferson,Anthony Parker,Chris Bosh,Jake Voskuhl,Jason Kapono,Jose Calderon,2,5:20,MIL,sub,,,,Richard Jefferson,,Charlie Bell,,,,,,,,,,,,
Damon Jones,Keith Bogans,Malik Allen,Ramon Sessions,Richard Jefferson,Anthony Parker,Chris Bosh,Jake Voskuhl,Jason Kapono,Jose Calderon,2,5:20,MIL,sub,,,,Damon Jones,,Joe Alexander,,,,,,,,,,,,
Damon Jones,Keith Bogans,Malik Allen,Ramon Sessions,Richard Jefferson,Andrea Bargnani,Anthony Parker,Jake Voskuhl,Jason Kapono,Jose Calderon,2,5:20,TOR,sub,,,,Andrea Bargnani,,Chris Bosh,,,,,,,,,,,,
Damon Jones,Keith Bogans,Malik Allen,Ramon Sessions,Richard Jefferson,Andrea Bargnani,Jake Voskuhl,Jason Kapono,Jose Calderon,Shawn Marion,2,5:20,TOR,sub,,,,Shawn Marion,,Anthony Parker,,,,,,,,,,,,
Damon Jones,Keith Bogans,Malik Allen,Ramon Sessions,Richard Jefferson,Andrea Bargnani,Jake Voskuhl,Jason Kapono,Jose Calderon,Shawn Marion,2,5:20,TOR,free throw,,,,,,,1,,3,Jason Kapono,,,foul,made,,,,
Damon Jones,Keith Bogans,Malik Allen,Ramon Sessions,Richard Jefferson,Andrea Bargnani,Jake Voskuhl,Jason Kapono,Jose Calderon,Shawn Marion,2,5:20,TOR,free throw,,,,,,,2,,3,Jason Kapono,,,foul,made,,,,
Damon Jones,Keith Bogans,Malik Allen,Ramon Sessions,Richard Jefferson,Andrea Bargnani,Jake Voskuhl,Jason Kapono,Jose Calderon,Shawn Marion,2,5:20,TOR,free throw,,,,,,,3,,3,Jason Kapono,,,foul,made,,,,
Damon Jones,Keith Bogans,Malik Allen,Ramon Sessions,Richard Jefferson,Andrea Bargnani,Jake Voskuhl,Jason Kapono,Jose Calderon,Shawn Marion,2,5:05,MIL,shot,Ramon Sessions,,,,,,,,,Keith Bogans,3,,,made,,3pt,8,25
Damon Jones,Keith Bogans,Malik Allen,Ramon Sessions,Richard Jefferson,Andrea Bargnani,Jake Voskuhl,Jason Kapono,Jose Calderon,Shawn Marion,2,4:51,TOR,turnover,,,,,,,,,,Jose Calderon,,,bad pass,,Richard Jefferson,,,
Damon Jones,Keith Bogans,Malik Allen,Ramon Sessions,Richard Jefferson,Andrea Bargnani,Jake Voskuhl,Jason Kapono,Jose Calderon,Shawn Marion,2,4:48,MIL,turnover,,,,,,,,,,Damon Jones,,,bad pass,,Jose Calderon,,,
Damon Jones,Keith Bogans,Malik Allen,Ramon Sessions,Richard Jefferson,Andrea Bargnani,Jake Voskuhl,Jason Kapono,Jose Calderon,Shawn Marion,2,4:44,TOR,shot,Jose Calderon,,,,,,,,,Shawn Marion,2,,,made,,running layup,25,6
Damon Jones,Keith Bogans,Malik Allen,Ramon Sessions,Richard Jefferson,Andrea Bargnani,Jake Voskuhl,Jason Kapono,Jose Calderon,Shawn Marion,2,4:23,MIL,shot,Richard Jefferson,,,,,,,,,Damon Jones,3,,,made,,3pt,1,6
Damon Jones,Keith Bogans,Malik Allen,Ramon Sessions,Richard Jefferson,Andrea Bargnani,Jake Voskuhl,Jason Kapono,Jose Calderon,Shawn Marion,2,4:09,MIL,foul,,,,,,,,Jake Voskuhl,,Malik Allen,,,,,,shooting,,
Charlie Villanueva,Damon Jones,Keith Bogans,Ramon Sessions,Richard Jefferson,Andrea Bargnani,Jake Voskuhl,Jason Kapono,Jose Calderon,Shawn Marion,2,4:09,MIL,sub,,,,Charlie Villanueva,,Malik Allen,,,,,,,,,,,,
Charlie Villanueva,Damon Jones,Keith Bogans,Ramon Sessions,Richard Jefferson,Andrea Bargnani,Jake Voskuhl,Jason Kapono,Jose Calderon,Shawn Marion,2,4:09,TOR,free throw,,,,,,,1,,2,Jake Voskuhl,,,foul,made,,,,
Charlie Villanueva,Damon Jones,Keith Bogans,Ramon Sessions,Richard Jefferson,Chris Bosh,Jake Voskuhl,Jason Kapono,Jose Calderon,Shawn Marion,2,4:09,TOR,sub,,,,Chris Bosh,,Andrea Bargnani,,,,,,,,,,,,
Charlie Villanueva,Damon Jones,Keith Bogans,Ramon Sessions,Richard Jefferson,Chris Bosh,Jake Voskuhl,Jason Kapono,Jose Calderon,Shawn Marion,2,4:09,TOR,free throw,,,,,,,2,,2,Jake Voskuhl,,,foul,made,,,,
Charlie Villanueva,Damon Jones,Keith Bogans,Ramon Sessions,Richard Jefferson,Chris Bosh,Jake Voskuhl,Jason Kapono,Jose Calderon,Shawn Marion,2,3:54,MIL,shot,,,,,,,,,,Charlie Villanueva,,,,missed,,running jump,27,13
Charlie Villanueva,Damon Jones,Keith Bogans,Ramon Sessions,Richard Jefferson,Chris Bosh,Jake Voskuhl,Jason Kapono,Jose Calderon,Shawn Marion,2,3:53,TOR,rebound,,,,,,,,,,Jose Calderon,,,,,,def,,
Charlie Villanueva,Damon Jones,Keith Bogans,Ramon Sessions,Richard Jefferson,Chris Bosh,Jake Voskuhl,Jason Kapono,Jose Calderon,Shawn Marion,2,3:40,TOR,turnover,,,,,,,,,,Shawn Marion,,,lost ball,,Charlie Villanueva,,,
Charlie Villanueva,Damon Jones,Keith Bogans,Ramon Sessions,Richard Jefferson,Chris Bosh,Jake Voskuhl,Jason Kapono,Jose Calderon,Shawn Marion,2,3:33,MIL,shot,,,,,,,,,,Damon Jones,,,,missed,,3pt,2,6
Charlie Villanueva,Damon Jones,Keith Bogans,Ramon Sessions,Richard Jefferson,Chris Bosh,Jake Voskuhl,Jason Kapono,Jose Calderon,Shawn Marion,2,3:31,TOR,rebound,,,,,,,,,,Jake Voskuhl,,,,,,def,,
Charlie Villanueva,Damon Jones,Keith Bogans,Ramon Sessions,Richard Jefferson,Chris Bosh,Jake Voskuhl,Jason Kapono,Jose Calderon,Shawn Marion,2,3:12,TOR,shot,,,,,,,,,,Jason Kapono,3,,,made,,3pt,23,31
Charlie Villanueva,Damon Jones,Keith Bogans,Ramon Sessions,Richard Jefferson,Chris Bosh,Jake Voskuhl,Jason Kapono,Jose Calderon,Shawn Marion,2,2:55,MIL,shot,,,,,,,,,,Ramon Sessions,,,,missed,,driving reverse layup,25,6
Charlie Villanueva,Damon Jones,Keith Bogans,Ramon Sessions,Richard Jefferson,Chris Bosh,Jake Voskuhl,Jason Kapono,Jose Calderon,Shawn Marion,2,2:53,TOR,rebound,,,,,,,,,,Shawn Marion,,,,,,def,,
Charlie Villanueva,Damon Jones,Keith Bogans,Ramon Sessions,Richard Jefferson,Chris Bosh,Jake Voskuhl,Jason Kapono,Jose Calderon,Shawn Marion,2,2:47,TOR,shot,,,,,,,,,,Jason Kapono,,,,missed,,3pt,13,28
Charlie Villanueva,Damon Jones,Keith Bogans,Ramon Sessions,Richard Jefferson,Chris Bosh,Jake Voskuhl,Jason Kapono,Jose Calderon,Shawn Marion,2,2:46,MIL,rebound,,,,,,,,,,,,,,,,,,
Charlie Villanueva,Damon Jones,Keith Bogans,Ramon Sessions,Richard Jefferson,Chris Bosh,Jake Voskuhl,Jason Kapono,Jose Calderon,Shawn Marion,2,2:46,MIL,timeout,,,,,,,,,,,,,,,,regular,,
Charlie Villanueva,Damon Jones,Francisco Elson,Ramon Sessions,Richard Jefferson,Chris Bosh,Jake Voskuhl,Jason Kapono,Jose Calderon,Shawn Marion,2,2:46,MIL,sub,,,,Francisco Elson,,Keith Bogans,,,,,,,,,,,,
Charlie Villanueva,Damon Jones,Francisco Elson,Ramon Sessions,Richard Jefferson,Anthony Parker,Chris Bosh,Jason Kapono,Jose Calderon,Shawn Marion,2,2:46,TOR,sub,,,,Anthony Parker,,Jake Voskuhl,,,,,,,,,,,,
Charlie Villanueva,Damon Jones,Francisco Elson,Ramon Sessions,Richard Jefferson,Anthony Parker,Chris Bosh,Jason Kapono,Jose Calderon,Shawn Marion,2,2:33,MIL,shot,,,Chris Bosh,,,,,,,Richard Jefferson,,,,missed,,driving layup,25,6
Charlie Villanueva,Damon Jones,Francisco Elson,Ramon Sessions,Richard Jefferson,Anthony Parker,Chris Bosh,Jason Kapono,Jose Calderon,Shawn Marion,2,2:31,TOR,rebound,,,,,,,,,,Anthony Parker,,,,,,def,,
Charlie Villanueva,Damon Jones,Francisco Elson,Ramon Sessions,Richard Jefferson,Anthony Parker,Chris Bosh,Jason Kapono,Jose Calderon,Shawn Marion,2,2:22,TOR,shot,Jose Calderon,,,,,,,,,Anthony Parker,3,,,made,,3pt,3,17
Charlie Villanueva,Damon Jones,Francisco Elson,Ramon Sessions,Richard Jefferson,Anthony Parker,Chris Bosh,Jason Kapono,Jose Calderon,Shawn Marion,2,1:56,MIL,shot,,,,,,,,,,Richard Jefferson,2,,,made,,jump,4,9
Charlie Villanueva,Damon Jones,Francisco Elson,Ramon Sessions,Richard Jefferson,Anthony Parker,Chris Bosh,Jason Kapono,Jose Calderon,Shawn Marion,2,1:39,TOR,shot,Jason Kapono,,,,,,,,,Jose Calderon,3,,,made,,3pt,38,27
Charlie Villanueva,Damon Jones,Francisco Elson,Ramon Sessions,Richard Jefferson,Anthony Parker,Chris Bosh,Jason Kapono,Jose Calderon,Shawn Marion,2,1:16,MIL,shot,,,,,,,,,,Charlie Villanueva,,,,missed,,turnaround fade away,37,6
Charlie Villanueva,Damon Jones,Francisco Elson,Ramon Sessions,Richard Jefferson,Anthony Parker,Chris Bosh,Jason Kapono,Jose Calderon,Shawn Marion,2,1:15,TOR,rebound,,,,,,,,,,Chris Bosh,,,,,,def,,
Charlie Villanueva,Damon Jones,Francisco Elson,Ramon Sessions,Richard Jefferson,Anthony Parker,Chris Bosh,Jason Kapono,Jose Calderon,Shawn Marion,2,1:11,MIL,foul,,,,,,,,Shawn Marion,,Charlie Villanueva,,,,,,shooting,,
Charlie Villanueva,Damon Jones,Francisco Elson,Ramon Sessions,Richard Jefferson,Anthony Parker,Chris Bosh,Jason Kapono,Jose Calderon,Shawn Marion,2,1:11,TOR,free throw,,,,,,,1,,2,Shawn Marion,,,foul,missed,,,,
Charlie Villanueva,Damon Jones,Francisco Elson,Ramon Sessions,Richard Jefferson,Anthony Parker,Chris Bosh,Jason Kapono,Jose Calderon,Shawn Marion,2,1:11,TOR,rebound,,,,,,,,,,,,,,,,,,
Damon Jones,Francisco Elson,Keith Bogans,Ramon Sessions,Richard Jefferson,Anthony Parker,Chris Bosh,Jason Kapono,Jose Calderon,Shawn Marion,2,1:11,MIL,sub,,,,Keith Bogans,,Charlie Villanueva,,,,,,,,,,,,
Damon Jones,Francisco Elson,Keith Bogans,Ramon Sessions,Richard Jefferson,Anthony Parker,Chris Bosh,Jason Kapono,Jose Calderon,Shawn Marion,2,1:11,TOR,free throw,,,,,,,2,,2,Shawn Marion,,,foul,made,,,,
Damon Jones,Francisco Elson,Keith Bogans,Ramon Sessions,Richard Jefferson,Anthony Parker,Chris Bosh,Jason Kapono,Jose Calderon,Shawn Marion,2,1:00,MIL,shot,,,,,,,,,,Richard Jefferson,2,,,made,,driving layup,25,6
Damon Jones,Francisco Elson,Keith Bogans,Ramon Sessions,Richard Jefferson,Anthony Parker,Chris Bosh,Jason Kapono,Jose Calderon,Shawn Marion,2,0:38,TOR,shot,Jose Calderon,,,,,,,,,Chris Bosh,2,,,made,,jump,8,13
Damon Jones,Francisco Elson,Keith Bogans,Ramon Sessions,Richard Jefferson,Anthony Parker,Chris Bosh,Jason Kapono,Jose Calderon,Shawn Marion,2,0:27,MIL,shot,,,,,,,,,,Richard Jefferson,,,,missed,,3pt,40,26
Damon Jones,Francisco Elson,Keith Bogans,Ramon Sessions,Richard Jefferson,Anthony Parker,Chris Bosh,Jason Kapono,Jose Calderon,Shawn Marion,2,0:26,TOR,rebound,,,,,,,,,,Anthony Parker,,,,,,def,,
Damon Jones,Francisco Elson,Keith Bogans,Ramon Sessions,Richard Jefferson,Anthony Parker,Chris Bosh,Jason Kapono,Jose Calderon,Shawn Marion,2,0:04,TOR,shot,,,,,,,,,,Jose Calderon,2,,,made,,jump,8,8
Damon Jones,Francisco Elson,Keith Bogans,Ramon Sessions,Richard Jefferson,Anthony Parker,Chris Bosh,Jason Kapono,Jose Calderon,Shawn Marion,2,0:00,MIL,shot,Keith Bogans,,,,,,,,,Ramon Sessions,2,,,made,,jump,27,24
Charlie Bell,Charlie Villanueva,Dan Gadzuric,Ramon Sessions,Richard Jefferson,Andrea Bargnani,Anthony Parker,Chris Bosh,Jose Calderon,Shawn Marion,3,11:40,TOR,turnover,,,,,,,,,,Anthony Parker,,,lost ball,,Ramon Sessions,,,
Charlie Bell,Charlie Villanueva,Dan Gadzuric,Ramon Sessions,Richard Jefferson,Andrea Bargnani,Anthony Parker,Chris Bosh,Jose Calderon,Shawn Marion,3,11:40,TOR,foul,,,,,,,,Charlie Villanueva,,Anthony Parker,,,,,,personal,,
Charlie Bell,Charlie Villanueva,Dan Gadzuric,Ramon Sessions,Richard Jefferson,Andrea Bargnani,Anthony Parker,Chris Bosh,Jose Calderon,Shawn Marion,3,11:26,MIL,shot,Ramon Sessions,,,,,,,,,Charlie Bell,2,,,made,,reverse layup,25,6
Charlie Bell,Charlie Villanueva,Dan Gadzuric,Ramon Sessions,Richard Jefferson,Andrea Bargnani,Anthony Parker,Chris Bosh,Jose Calderon,Shawn Marion,3,11:02,MIL,foul,,,,,,,,Chris Bosh,,Dan Gadzuric,,,,,,shooting,,
Charlie Bell,Charlie Villanueva,Dan Gadzuric,Ramon Sessions,Richard Jefferson,Andrea Bargnani,Anthony Parker,Chris Bosh,Jose Calderon,Shawn Marion,3,11:02,TOR,free throw,,,,,,,1,,2,Chris Bosh,,,foul,made,,,,
Charlie Bell,Charlie Villanueva,Dan Gadzuric,Ramon Sessions,Richard Jefferson,Andrea Bargnani,Anthony Parker,Chris Bosh,Jose Calderon,Shawn Marion,3,11:02,TOR,free throw,,,,,,,2,,2,Chris Bosh,,,foul,missed,,,,
Charlie Bell,Charlie Villanueva,Dan Gadzuric,Ramon Sessions,Richard Jefferson,Andrea Bargnani,Anthony Parker,Chris Bosh,Jose Calderon,Shawn Marion,3,11:01,MIL,rebound,,,,,,,,,,Charlie Villanueva,,,,,,def,,
Charlie Bell,Charlie Villanueva,Dan Gadzuric,Ramon Sessions,Richard Jefferson,Andrea Bargnani,Anthony Parker,Chris Bosh,Jose Calderon,Shawn Marion,3,10:51,MIL,shot,Ramon Sessions,,,,,,,,,Charlie Villanueva,2,,,made,,alley oop dunk,25,6
Charlie Bell,Charlie Villanueva,Dan Gadzuric,Ramon Sessions,Richard Jefferson,Andrea Bargnani,Anthony Parker,Chris Bosh,Jose Calderon,Shawn Marion,3,10:31,TOR,shot,,,,,,,,,,Shawn Marion,,,,missed,,running layup,25,6
Charlie Bell,Charlie Villanueva,Dan Gadzuric,Ramon Sessions,Richard Jefferson,Andrea Bargnani,Anthony Parker,Chris Bosh,Jose Calderon,Shawn Marion,3,10:29,TOR,rebound,,,,,,,,,,Andrea Bargnani,,,,,,off,,
Charlie Bell,Charlie Villanueva,Dan Gadzuric,Ramon Sessions,Richard Jefferson,Andrea Bargnani,Anthony Parker,Chris Bosh,Jose Calderon,Shawn Marion,3,10:27,OFF,jump ball,,Charlie Bell,,,Andrea Bargnani,,,,,,,Anthony Parker,,,,,,
Charlie Bell,Charlie Villanueva,Dan Gadzuric,Ramon Sessions,Richard Jefferson,Andrea Bargnani,Anthony Parker,Chris Bosh,Jose Calderon,Shawn Marion,3,10:22,TOR,shot,,,,,,,,,,Shawn Marion,,,,missed,,jump hook,25,17
Charlie Bell,Charlie Villanueva,Dan Gadzuric,Ramon Sessions,Richard Jefferson,Andrea Bargnani,Anthony Parker,Chris Bosh,Jose Calderon,Shawn Marion,3,10:20,TOR,rebound,,,,,,,,,,Chris Bosh,,,,,,off,,
Charlie Bell,Charlie Villanueva,Dan Gadzuric,Ramon Sessions,Richard Jefferson,Andrea Bargnani,Anthony Parker,Chris Bosh,Jose Calderon,Shawn Marion,3,10:08,TOR,shot,Chris Bosh,,,,,,,,,Andrea Bargnani,2,,,made,,turnaround hook,19,12
Charlie Bell,Charlie Villanueva,Dan Gadzuric,Ramon Sessions,Richard Jefferson,Andrea Bargnani,Anthony Parker,Chris Bosh,Jose Calderon,Shawn Marion,3,10:08,MIL,foul,,,,,,,,Andrea Bargnani,,Charlie Villanueva,,,,,,shooting,,
Charlie Bell,Charlie Villanueva,Dan Gadzuric,Ramon Sessions,Richard Jefferson,Andrea Bargnani,Anthony Parker,Chris Bosh,Jose Calderon,Shawn Marion,3,10:08,TOR,free throw,,,,,,,1,,1,Andrea Bargnani,,,foul,made,,,,
Charlie Bell,Charlie Villanueva,Dan Gadzuric,Ramon Sessions,Richard Jefferson,Andrea Bargnani,Anthony Parker,Chris Bosh,Jose Calderon,Shawn Marion,3,10:04,TOR,foul,,,,,,,,Ramon Sessions,,Jose Calderon,,,,,,personal,,
Charlie Bell,Charlie Villanueva,Dan Gadzuric,Ramon Sessions,Richard Jefferson,Andrea Bargnani,Anthony Parker,Chris Bosh,Jose Calderon,Shawn Marion,3,9:56,MIL,shot,,,,,,,,,,Richard Jefferson,,,,missed,,3pt,10,26
Charlie Bell,Charlie Villanueva,Dan Gadzuric,Ramon Sessions,Richard Jefferson,Andrea Bargnani,Anthony Parker,Chris Bosh,Jose Calderon,Shawn Marion,3,9:55,TOR,rebound,,,,,,,,,,Anthony Parker,,,,,,def,,
Charlie Bell,Charlie Villanueva,Dan Gadzuric,Ramon Sessions,Richard Jefferson,Andrea Bargnani,Anthony Parker,Chris Bosh,Jose Calderon,Shawn Marion,3,9:34,TOR,shot,,,,,,,,,,Jose Calderon,,,,missed,,pullup jump,11,19
Charlie Bell,Charlie Villanueva,Dan Gadzuric,Ramon Sessions,Richard Jefferson,Andrea Bargnani,Anthony Parker,Chris Bosh,Jose Calderon,Shawn Marion,3,9:33,MIL,rebound,,,,,,,,,,Ramon Sessions,,,,,,def,,
Charlie Bell,Charlie Villanueva,Dan Gadzuric,Ramon Sessions,Richard Jefferson,Andrea Bargnani,Anthony Parker,Chris Bosh,Jose Calderon,Shawn Marion,3,9:21,MIL,shot,,,,,,,,,,Richard Jefferson,2,,,made,,pullup jump,36,20
Charlie Bell,Charlie Villanueva,Dan Gadzuric,Ramon Sessions,Richard Jefferson,Andrea Bargnani,Anthony Parker,Chris Bosh,Jose Calderon,Shawn Marion,3,8:59,TOR,foul,,,,,,,,Dan Gadzuric,,Andrea Bargnani,,,,,,offensive,,
Charlie Bell,Charlie Villanueva,Dan Gadzuric,Ramon Sessions,Richard Jefferson,Andrea Bargnani,Anthony Parker,Chris Bosh,Jose Calderon,Shawn Marion,3,8:59,TOR,turnover,,,,,,,,,,Andrea Bargnani,,,foul,,,,,
Charlie Bell,Charlie Villanueva,Dan Gadzuric,Ramon Sessions,Richard Jefferson,Andrea Bargnani,Anthony Parker,Chris Bosh,Jose Calderon,Shawn Marion,3,8:46,MIL,shot,,,,,,,,,,Charlie Villanueva,,,,missed,,running jump,39,7
Charlie Bell,Charlie Villanueva,Dan Gadzuric,Ramon Sessions,Richard Jefferson,Andrea Bargnani,Anthony Parker,Chris Bosh,Jose Calderon,Shawn Marion,3,8:44,TOR,rebound,,,,,,,,,,Chris Bosh,,,,,,def,,
Charlie Bell,Charlie Villanueva,Dan Gadzuric,Ramon Sessions,Richard Jefferson,Andrea Bargnani,Anthony Parker,Chris Bosh,Jose Calderon,Shawn Marion,3,8:39,TOR,turnover,,,,,,,,,,Anthony Parker,,,bad pass,,Charlie Bell,,,
Charlie Bell,Charlie Villanueva,Dan Gadzuric,Ramon Sessions,Richard Jefferson,Andrea Bargnani,Anthony Parker,Chris Bosh,Jose Calderon,Shawn Marion,3,8:25,MIL,shot,,,,,,,,,,Ramon Sessions,2,,,made,,driving layup,25,6
Charlie Bell,Charlie Villanueva,Dan Gadzuric,Ramon Sessions,Richard Jefferson,Andrea Bargnani,Anthony Parker,Chris Bosh,Jose Calderon,Shawn Marion,3,8:11,TOR,shot,Jose Calderon,,,,,,,,,Andrea Bargnani,3,,,made,,3pt,24,31
Charlie Bell,Charlie Villanueva,Dan Gadzuric,Ramon Sessions,Richard Jefferson,Andrea Bargnani,Anthony Parker,Chris Bosh,Jose Calderon,Shawn Marion,3,7:54,TOR,foul,,,,,,,,Dan Gadzuric,,Andrea Bargnani,,,,,,shooting,,
Charlie Bell,Charlie Villanueva,Dan Gadzuric,Ramon Sessions,Richard Jefferson,Andrea Bargnani,Anthony Parker,Chris Bosh,Jose Calderon,Shawn Marion,3,7:54,MIL,free throw,,,,,,,1,,2,Dan Gadzuric,,,foul,missed,,,,
Charlie Bell,Charlie Villanueva,Dan Gadzuric,Ramon Sessions,Richard Jefferson,Andrea Bargnani,Anthony Parker,Chris Bosh,Jose Calderon,Shawn Marion,3,7:54,MIL,rebound,,,,,,,,,,,,,,,,,,
Charlie Bell,Charlie Villanueva,Dan Gadzuric,Ramon Sessions,Richard Jefferson,Andrea Bargnani,Anthony Parker,Chris Bosh,Jose Calderon,Shawn Marion,3,7:54,MIL,free throw,,,,,,,2,,2,Dan Gadzuric,,,foul,made,,,,
Charlie Bell,Charlie Villanueva,Dan Gadzuric,Ramon Sessions,Richard Jefferson,Andrea Bargnani,Anthony Parker,Chris Bosh,Jose Calderon,Shawn Marion,3,7:48,MIL,foul,,,,,,,,Anthony Parker,,Charlie Bell,,,,,,personal,,
Charlie Bell,Charlie Villanueva,Dan Gadzuric,Ramon Sessions,Richard Jefferson,Andrea Bargnani,Anthony Parker,Chris Bosh,Jose Calderon,Shawn Marion,3,7:39,MIL,foul,,,,,,,,Andrea Bargnani,,Richard Jefferson,,,,,,shooting,,
Charlie Bell,Charlie Villanueva,Dan Gadzuric,Ramon Sessions,Richard Jefferson,Andrea Bargnani,Anthony Parker,Chris Bosh,Jose Calderon,Shawn Marion,3,7:39,TOR,free throw,,,,,,,1,,2,Andrea Bargnani,,,foul,made,,,,
Charlie Bell,Charlie Villanueva,Dan Gadzuric,Ramon Sessions,Richard Jefferson,Andrea Bargnani,Anthony Parker,Chris Bosh,Jose Calderon,Shawn Marion,3,7:39,TOR,free throw,,,,,,,2,,2,Andrea Bargnani,,,foul,made,,,,
Charlie Bell,Charlie Villanueva,Dan Gadzuric,Ramon Sessions,Richard Jefferson,Andrea Bargnani,Anthony Parker,Chris Bosh,Jose Calderon,Shawn Marion,3,7:25,MIL,shot,,,,,,,,,,Dan Gadzuric,,,,missed,,turnaround jump,18,17
Charlie Bell,Charlie Villanueva,Dan Gadzuric,Ramon Sessions,Richard Jefferson,Andrea Bargnani,Anthony Parker,Chris Bosh,Jose Calderon,Shawn Marion,3,7:24,TOR,rebound,,,,,,,,,,,,,,,,,,
Charlie Bell,Charlie Villanueva,Dan Gadzuric,Ramon Sessions,Richard Jefferson,Andrea Bargnani,Anthony Parker,Chris Bosh,Jose Calderon,Shawn Marion,3,7:24,MIL,foul,,,,,,,,Anthony Parker,,Charlie Villanueva,,,,,,loose ball,,
Charlie Bell,Charlie Villanueva,Dan Gadzuric,Ramon Sessions,Richard Jefferson,Andrea Bargnani,Anthony Parker,Chris Bosh,Jose Calderon,Shawn Marion,3,7:24,TOR,free throw,,,,,,,1,,2,Anthony Parker,,,foul,made,,,,
Charlie Bell,Charlie Villanueva,Dan Gadzuric,Ramon Sessions,Richard Jefferson,Andrea Bargnani,Anthony Parker,Chris Bosh,Jose Calderon,Shawn Marion,3,7:24,TOR,free throw,,,,,,,2,,2,Anthony Parker,,,foul,made,,,,
Charlie Bell,Charlie Villanueva,Dan Gadzuric,Ramon Sessions,Richard Jefferson,Andrea Bargnani,Anthony Parker,Chris Bosh,Jose Calderon,Shawn Marion,3,7:03,MIL,shot,Charlie Villanueva,,,,,,,,,Richard Jefferson,2,,,made,,reverse dunk,25,6
Charlie Bell,Charlie Villanueva,Dan Gadzuric,Ramon Sessions,Richard Jefferson,Andrea Bargnani,Anthony Parker,Chris Bosh,Jose Calderon,Shawn Marion,3,6:49,TOR,shot,Jose Calderon,,,,,,,,,Shawn Marion,2,,,made,,alley oop layup,25,6
Charlie Bell,Charlie Villanueva,Dan Gadzuric,Ramon Sessions,Richard Jefferson,Andrea Bargnani,Anthony Parker,Chris Bosh,Jose Calderon,Shawn Marion,3,6:49,MIL,foul,,,,,,,,Shawn Marion,,Richard Jefferson,,,,,,shooting,,
Charlie Bell,Charlie Villanueva,Dan Gadzuric,Ramon Sessions,Richard Jefferson,Andrea Bargnani,Anthony Parker,Chris Bosh,Jose Calderon,Shawn Marion,3,6:49,TOR,free throw,,,,,,,1,,1,Shawn Marion,,,foul,made,,,,
Charlie Bell,Charlie Villanueva,Dan Gadzuric,Ramon Sessions,Richard Jefferson,Andrea Bargnani,Anthony Parker,Chris Bosh,Jose Calderon,Shawn Marion,3,6:39,MIL,shot,Ramon Sessions,,,,,,,,,Dan Gadzuric,2,,,made,,slam dunk,25,6
Charlie Bell,Charlie Villanueva,Dan Gadzuric,Ramon Sessions,Richard Jefferson,Andrea Bargnani,Anthony Parker,Chris Bosh,Jose Calderon,Shawn Marion,3,6:19,TOR,shot,,,,,,,,,,Andrea Bargnani,,,,missed,,3pt,8,24
Charlie Bell,Charlie Villanueva,Dan Gadzuric,Ramon Sessions,Richard Jefferson,Andrea Bargnani,Anthony Parker,Chris Bosh,Jose Calderon,Shawn Marion,3,6:18,MIL,rebound,,,,,,,,,,Dan Gadzuric,,,,,,def,,
Charlie Bell,Charlie Villanueva,Dan Gadzuric,Ramon Sessions,Richard Jefferson,Andrea Bargnani,Anthony Parker,Chris Bosh,Jose Calderon,Shawn Marion,3,6:08,MIL,shot,,,,,,,,,,Charlie Villanueva,,,,missed,,3pt,44,22
Charlie Bell,Charlie Villanueva,Dan Gadzuric,Ramon Sessions,Richard Jefferson,Andrea Bargnani,Anthony Parker,Chris Bosh,Jose Calderon,Shawn Marion,3,6:07,TOR,rebound,,,,,,,,,,Anthony Parker,,,,,,def,,
Charlie Bell,Charlie Villanueva,Dan Gadzuric,Ramon Sessions,Richard Jefferson,Andrea Bargnani,Anthony Parker,Chris Bosh,Jose Calderon,Shawn Marion,3,5:54,TOR,shot,,,,,,,,,,Anthony Parker,,,,missed,,driving layup,25,6
Charlie Bell,Charlie Villanueva,Dan Gadzuric,Ramon Sessions,Richard Jefferson,Andrea Bargnani,Anthony Parker,Chris Bosh,Jose Calderon,Shawn Marion,3,5:53,MIL,rebound,,,,,,,,,,Charlie Bell,,,,,,def,,
Charlie Bell,Charlie Villanueva,Dan Gadzuric,Ramon Sessions,Richard Jefferson,Andrea Bargnani,Anthony Parker,Chris Bosh,Jose Calderon,Shawn Marion,3,5:33,MIL,shot,Richard Jefferson,,,,,,,,,Charlie Bell,3,,,made,,3pt,49,7
Charlie Bell,Charlie Villanueva,Dan Gadzuric,Ramon Sessions,Richard Jefferson,Andrea Bargnani,Anthony Parker,Chris Bosh,Jose Calderon,Shawn Marion,3,5:33,TOR,timeout,,,,,,,,,,,,,,,,regular,,
Charlie Bell,Charlie Villanueva,Dan Gadzuric,Ramon Sessions,Richard Jefferson,Andrea Bargnani,Anthony Parker,Joey Graham,Jose Calderon,Shawn Marion,3,5:33,TOR,sub,,,,Joey Graham,,Chris Bosh,,,,,,,,,,,,
Charlie Bell,Charlie Villanueva,Dan Gadzuric,Ramon Sessions,Richard Jefferson,Andrea Bargnani,Jason Kapono,Joey Graham,Jose Calderon,Shawn Marion,3,5:33,TOR,sub,,,,Jason Kapono,,Anthony Parker,,,,,,,,,,,,
Charlie Bell,Charlie Villanueva,Dan Gadzuric,Ramon Sessions,Richard Jefferson,Andrea Bargnani,Jason Kapono,Joey Graham,Jose Calderon,Shawn Marion,3,5:12,TOR,turnover,,,,,,,,,,Joey Graham,,,3 second violation,,,,,
Charlie Bell,Charlie Villanueva,Dan Gadzuric,Ramon Sessions,Richard Jefferson,Andrea Bargnani,Jason Kapono,Joey Graham,Jose Calderon,Shawn Marion,3,5:01,MIL,shot,,,Shawn Marion,,,,,,,Richard Jefferson,,,,missed,,running jump,24,11
Charlie Bell,Charlie Villanueva,Dan Gadzuric,Ramon Sessions,Richard Jefferson,Andrea Bargnani,Jason Kapono,Joey Graham,Jose Calderon,Shawn Marion,3,4:59,MIL,rebound,,,,,,,,,,Charlie Villanueva,,,,,,off,,
Charlie Bell,Charlie Villanueva,Dan Gadzuric,Ramon Sessions,Richard Jefferson,Andrea Bargnani,Jason Kapono,Joey Graham,Jose Calderon,Shawn Marion,3,4:59,MIL,shot,,,,,,,,,,Charlie Villanueva,2,,,made,,driving hook,25,12
Charlie Bell,Charlie Villanueva,Dan Gadzuric,Ramon Sessions,Richard Jefferson,Andrea Bargnani,Jason Kapono,Joey Graham,Jose Calderon,Shawn Marion,3,4:59,TOR,violation,,,,,,,,,,Shawn Marion,,,,,,defensive goaltending,,
Charlie Bell,Charlie Villanueva,Dan Gadzuric,Ramon Sessions,Richard Jefferson,Andrea Bargnani,Jason Kapono,Joey Graham,Jose Calderon,Shawn Marion,3,4:44,TOR,shot,,,,,,,,,,Jose Calderon,,,,missed,,driving layup,25,6
Charlie Bell,Charlie Villanueva,Dan Gadzuric,Ramon Sessions,Richard Jefferson,Andrea Bargnani,Jason Kapono,Joey Graham,Jose Calderon,Shawn Marion,3,4:42,MIL,rebound,,,,,,,,,,Dan Gadzuric,,,,,,def,,
Charlie Bell,Charlie Villanueva,Dan Gadzuric,Ramon Sessions,Richard Jefferson,Andrea Bargnani,Jason Kapono,Joey Graham,Jose Calderon,Shawn Marion,3,4:33,MIL,shot,,,,,,,,,,Ramon Sessions,2,,,made,,pullup jump,29,13
Charlie Bell,Charlie Villanueva,Dan Gadzuric,Ramon Sessions,Richard Jefferson,Andrea Bargnani,Jason Kapono,Joey Graham,Jose Calderon,Shawn Marion,3,4:15,TOR,turnover,,,,,,,,,,Joey Graham,,,palming turnover,,,,,
Charlie Bell,Charlie Villanueva,Dan Gadzuric,Ramon Sessions,Richard Jefferson,Andrea Bargnani,Jason Kapono,Joey Graham,Jose Calderon,Shawn Marion,3,4:00,MIL,shot,,,,,,,,,,Richard Jefferson,,,,missed,,turnaround fade away,41,7
Charlie Bell,Charlie Villanueva,Dan Gadzuric,Ramon Sessions,Richard Jefferson,Andrea Bargnani,Jason Kapono,Joey Graham,Jose Calderon,Shawn Marion,3,3:59,MIL,rebound,,,,,,,,,,Charlie Villanueva,,,,,,off,,
Charlie Bell,Charlie Villanueva,Dan Gadzuric,Ramon Sessions,Richard Jefferson,Andrea Bargnani,Jason Kapono,Joey Graham,Jose Calderon,Shawn Marion,3,3:54,MIL,turnover,,,,,,,,,,Charlie Villanueva,,,out of bounds lost ball turnover,,,,,
Charlie Bell,Charlie Villanueva,Dan Gadzuric,Ramon Sessions,Richard Jefferson,Andrea Bargnani,Jason Kapono,Joey Graham,Jose Calderon,Shawn Marion,3,3:44,TOR,shot,Jose Calderon,,,,,,,,,Andrea Bargnani,2,,,made,,reverse slam dunk,25,6
Charlie Bell,Charlie Villanueva,Dan Gadzuric,Ramon Sessions,Richard Jefferson,Andrea Bargnani,Jason Kapono,Joey Graham,Jose Calderon,Shawn Marion,3,3:44,MIL,foul,,,,,,,,Andrea Bargnani,,Dan Gadzuric,,,,,,shooting,,
Charlie Bell,Dan Gadzuric,Luc Richard Mbah a Moute,Ramon Sessions,Richard Jefferson,Andrea Bargnani,Jason Kapono,Joey Graham,Jose Calderon,Shawn Marion,3,3:44,MIL,sub,,,,Luc Richard Mbah a Moute,,Charlie Villanueva,,,,,,,,,,,,
Charlie Bell,Dan Gadzuric,Luc Richard Mbah a Moute,Ramon Sessions,Richard Jefferson,Andrea Bargnani,Jason Kapono,Joey Graham,Jose Calderon,Shawn Marion,3,3:44,TOR,free throw,,,,,,,1,,1,Andrea Bargnani,,,foul,made,,,,
Charlie Bell,Dan Gadzuric,Luc Richard Mbah a Moute,Ramon Sessions,Richard Jefferson,Andrea Bargnani,Jason Kapono,Joey Graham,Jose Calderon,Shawn Marion,3,3:25,MIL,shot,,,,,,,,,,Dan Gadzuric,,,,missed,,jump,14,5
Charlie Bell,Dan Gadzuric,Luc Richard Mbah a Moute,Ramon Sessions,Richard Jefferson,Andrea Bargnani,Jason Kapono,Joey Graham,Jose Calderon,Shawn Marion,3,3:22,MIL,rebound,,,,,,,,,,Richard Jefferson,,,,,,off,,
Charlie Bell,Dan Gadzuric,Luc Richard Mbah a Moute,Ramon Sessions,Richard Jefferson,Andrea Bargnani,Jason Kapono,Joey Graham,Jose Calderon,Shawn Marion,3,3:20,MIL,shot,,,,,,,,,,Richard Jefferson,2,,,made,,tip,25,6
Charlie Bell,Dan Gadzuric,Luc Richard Mbah a Moute,Ramon Sessions,Richard Jefferson,Andrea Bargnani,Jason Kapono,Joey Graham,Jose Calderon,Shawn Marion,3,3:02,MIL,foul,,,,,,,,Shawn Marion,,Ramon Sessions,,,,,,personal,,
Charlie Bell,Dan Gadzuric,Luc Richard Mbah a Moute,Ramon Sessions,Richard Jefferson,Andrea Bargnani,Jason Kapono,Joey Graham,Jose Calderon,Shawn Marion,3,3:02,TOR,free throw,,,,,,,1,,2,Shawn Marion,,,foul,missed,,,,
Charlie Bell,Dan Gadzuric,Luc Richard Mbah a Moute,Ramon Sessions,Richard Jefferson,Andrea Bargnani,Jason Kapono,Joey Graham,Jose Calderon,Shawn Marion,3,3:02,TOR,rebound,,,,,,,,,,,,,,,,,,
Charlie Bell,Dan Gadzuric,Luc Richard Mbah a Moute,Ramon Sessions,Richard Jefferson,Andrea Bargnani,Jason Kapono,Joey Graham,Roko Ukic,Shawn Marion,3,3:02,TOR,sub,,,,Roko Ukic,,Jose Calderon,,,,,,,,,,,,
Charlie Bell,Francisco Elson,Luc Richard Mbah a Moute,Ramon Sessions,Richard Jefferson,Andrea Bargnani,Jason Kapono,Joey Graham,Roko Ukic,Shawn Marion,3,3:02,MIL,sub,,,,Francisco Elson,,Dan Gadzuric,,,,,,,,,,,,
Charlie Bell,Francisco Elson,Luc Richard Mbah a Moute,Ramon Sessions,Richard Jefferson,Andrea Bargnani,Jason Kapono,Joey Graham,Roko Ukic,Shawn Marion,3,3:02,TOR,free throw,,,,,,,2,,2,Shawn Marion,,,foul,made,,,,
Charlie Bell,Francisco Elson,Luc Richard Mbah a Moute,Ramon Sessions,Richard Jefferson,Andrea Bargnani,Jason Kapono,Joey Graham,Roko Ukic,Shawn Marion,3,2:48,MIL,shot,,,,,,,,,,Richard Jefferson,,,,missed,,jump,16,25
Charlie Bell,Francisco Elson,Luc Richard Mbah a Moute,Ramon Sessions,Richard Jefferson,Andrea Bargnani,Jason Kapono,Joey Graham,Roko Ukic,Shawn Marion,3,2:47,TOR,rebound,,,,,,,,,,Shawn Marion,,,,,,def,,
Charlie Bell,Francisco Elson,Luc Richard Mbah a Moute,Ramon Sessions,Richard Jefferson,Andrea Bargnani,Jason Kapono,Joey Graham,Roko Ukic,Shawn Marion,3,2:40,TOR,shot,Shawn Marion,,,,,,,,,Jason Kapono,3,,,made,,3pt,8,24
Charlie Bell,Francisco Elson,Luc Richard Mbah a Moute,Ramon Sessions,Richard Jefferson,Andrea Bargnani,Jason Kapono,Joey Graham,Roko Ukic,Shawn Marion,3,2:25,MIL,shot,,,,,,,,,,Ramon Sessions,,,,missed,,pullup jump,24,23
Charlie Bell,Francisco Elson,Luc Richard Mbah a Moute,Ramon Sessions,Richard Jefferson,Andrea Bargnani,Jason Kapono,Joey Graham,Roko Ukic,Shawn Marion,3,2:24,TOR,rebound,,,,,,,,,,Shawn Marion,,,,,,def,,
Charlie Bell,Francisco Elson,Luc Richard Mbah a Moute,Ramon Sessions,Richard Jefferson,Andrea Bargnani,Jason Kapono,Joey Graham,Roko Ukic,Shawn Marion,3,2:18,TOR,turnover,,,,,,,,,,Shawn Marion,,,bad pass,,,,,
Charlie Bell,Francisco Elson,Luc Richard Mbah a Moute,Ramon Sessions,Richard Jefferson,Andrea Bargnani,Jason Kapono,Joey Graham,Roko Ukic,Shawn Marion,3,2:18,MIL,timeout,,,,,,,,,,,,,,,,regular,,
Charlie Bell,Francisco Elson,Joe Alexander,Luc Richard Mbah a Moute,Ramon Sessions,Andrea Bargnani,Jason Kapono,Joey Graham,Roko Ukic,Shawn Marion,3,2:18,MIL,sub,,,,Joe Alexander,,Richard Jefferson,,,,,,,,,,,,
Charlie Bell,Francisco Elson,Joe Alexander,Luc Richard Mbah a Moute,Ramon Sessions,Chris Bosh,Jason Kapono,Joey Graham,Roko Ukic,Shawn Marion,3,2:18,TOR,sub,,,,Chris Bosh,,Andrea Bargnani,,,,,,,,,,,,
Charlie Bell,Francisco Elson,Joe Alexander,Luc Richard Mbah a Moute,Ramon Sessions,Chris Bosh,Jake Voskuhl,Jason Kapono,Roko Ukic,Shawn Marion,3,2:18,TOR,sub,,,,Jake Voskuhl,,Joey Graham,,,,,,,,,,,,
Charlie Bell,Francisco Elson,Joe Alexander,Luc Richard Mbah a Moute,Ramon Sessions,Chris Bosh,Jake Voskuhl,Jason Kapono,Roko Ukic,Shawn Marion,3,2:08,TOR,foul,,,,,,,,Francisco Elson,,Jake Voskuhl,,,,,,personal,,
Charlie Bell,Francisco Elson,Joe Alexander,Luc Richard Mbah a Moute,Ramon Sessions,Chris Bosh,Jake Voskuhl,Jason Kapono,Roko Ukic,Shawn Marion,3,1:58,MIL,shot,Charlie Bell,,,,,,,,,Ramon Sessions,2,,,made,,running layup,25,6
Charlie Bell,Francisco Elson,Joe Alexander,Luc Richard Mbah a Moute,Ramon Sessions,Chris Bosh,Jake Voskuhl,Jason Kapono,Roko Ukic,Shawn Marion,3,1:42,TOR,shot,Jason Kapono,,,,,,,,,Chris Bosh,2,,,made,,layup,25,6
Charlie Bell,Francisco Elson,Joe Alexander,Luc Richard Mbah a Moute,Ramon Sessions,Chris Bosh,Jake Voskuhl,Jason Kapono,Roko Ukic,Shawn Marion,3,1:28,MIL,shot,,,,,,,,,,Ramon Sessions,,,,missed,,running jump,32,11
Charlie Bell,Francisco Elson,Joe Alexander,Luc Richard Mbah a Moute,Ramon Sessions,Chris Bosh,Jake Voskuhl,Jason Kapono,Roko Ukic,Shawn Marion,3,1:27,MIL,rebound,,,,,,,,,,Francisco Elson,,,,,,off,,
Charlie Bell,Francisco Elson,Joe Alexander,Luc Richard Mbah a Moute,Ramon Sessions,Chris Bosh,Jake Voskuhl,Jason Kapono,Roko Ukic,Shawn Marion,3,1:25,MIL,turnover,,,,,,,,,,Francisco Elson,,,bad pass,,Shawn Marion,,,
Charlie Bell,Francisco Elson,Joe Alexander,Luc Richard Mbah a Moute,Ramon Sessions,Chris Bosh,Jake Voskuhl,Jason Kapono,Roko Ukic,Shawn Marion,3,1:12,TOR,shot,,,,,,,,,,Shawn Marion,2,,,made,,running jump,38,6
Charlie Bell,Francisco Elson,Joe Alexander,Luc Richard Mbah a Moute,Ramon Sessions,Chris Bosh,Jake Voskuhl,Jason Kapono,Roko Ukic,Shawn Marion,3,0:57,MIL,turnover,,,,,,,,,,Charlie Bell,,,lost ball,,Shawn Marion,,,
Charlie Bell,Francisco Elson,Joe Alexander,Luc Richard Mbah a Moute,Ramon Sessions,Chris Bosh,Jake Voskuhl,Jason Kapono,Roko Ukic,Shawn Marion,3,0:57,MIL,foul,,,,,,,,Shawn Marion,,Charlie Bell,,,,,,personal,,
Charlie Bell,Francisco Elson,Joe Alexander,Luc Richard Mbah a Moute,Ramon Sessions,Chris Bosh,Jake Voskuhl,Jason Kapono,Roko Ukic,Shawn Marion,3,0:57,TOR,free throw,,,,,,,1,,2,Shawn Marion,,,foul,made,,,,
Charlie Bell,Francisco Elson,Joe Alexander,Luc Richard Mbah a Moute,Ramon Sessions,Chris Bosh,Jake Voskuhl,Jason Kapono,Roko Ukic,Shawn Marion,3,0:57,TOR,free throw,,,,,,,2,,2,Shawn Marion,,,foul,made,,,,
Charlie Bell,Francisco Elson,Joe Alexander,Luc Richard Mbah a Moute,Ramon Sessions,Chris Bosh,Jake Voskuhl,Jason Kapono,Roko Ukic,Shawn Marion,3,0:39,MIL,shot,,,,,,,,,,Charlie Bell,3,,,made,,3pt,12,28
Charlie Bell,Francisco Elson,Joe Alexander,Luc Richard Mbah a Moute,Ramon Sessions,Chris Bosh,Jake Voskuhl,Jason Kapono,Roko Ukic,Shawn Marion,3,0:30,TOR,shot,,,,,,,,,,Shawn Marion,2,,,made,,running jump,16,11
Charlie Bell,Francisco Elson,Joe Alexander,Luc Richard Mbah a Moute,Ramon Sessions,Chris Bosh,Jake Voskuhl,Jason Kapono,Roko Ukic,Shawn Marion,3,0:07,MIL,shot,,,,,,,,,,Luc Richard Mbah a Moute,,,,missed,,jump,23,23
Charlie Bell,Francisco Elson,Joe Alexander,Luc Richard Mbah a Moute,Ramon Sessions,Chris Bosh,Jake Voskuhl,Jason Kapono,Roko Ukic,Shawn Marion,3,0:06,TOR,rebound,,,,,,,,,,Jason Kapono,,,,,,def,,
Charlie Bell,Francisco Elson,Joe Alexander,Luc Richard Mbah a Moute,Ramon Sessions,Chris Bosh,Jake Voskuhl,Jason Kapono,Roko Ukic,Shawn Marion,3,0:01,TOR,shot,,,,,,,,,,Shawn Marion,,,,missed,,running jump,37,7
Charlie Bell,Francisco Elson,Joe Alexander,Luc Richard Mbah a Moute,Ramon Sessions,Chris Bosh,Jake Voskuhl,Jason Kapono,Roko Ukic,Shawn Marion,3,0:00,MIL,rebound,,,,,,,,,,Charlie Bell,,,,,,def,,
Charlie Bell,Francisco Elson,Joe Alexander,Keith Bogans,Luc Richard Mbah a Moute,Anthony Parker,Chris Bosh,Jake Voskuhl,Jason Kapono,Roko Ukic,4,11:44,MIL,shot,,,Chris Bosh,,,,,,,Joe Alexander,,,,missed,,jump,31,21
Charlie Bell,Francisco Elson,Joe Alexander,Keith Bogans,Luc Richard Mbah a Moute,Anthony Parker,Chris Bosh,Jake Voskuhl,Jason Kapono,Roko Ukic,4,11:43,MIL,rebound,,,,,,,,,,,,,,,,,,
Charlie Bell,Francisco Elson,Joe Alexander,Keith Bogans,Luc Richard Mbah a Moute,Anthony Parker,Chris Bosh,Jake Voskuhl,Jason Kapono,Roko Ukic,4,11:43,TOR,foul,,,,,,,,Francisco Elson,,Jake Voskuhl,,,,,,loose ball,,
Charlie Bell,Francisco Elson,Joe Alexander,Keith Bogans,Luc Richard Mbah a Moute,Anthony Parker,Chris Bosh,Jake Voskuhl,Jason Kapono,Roko Ukic,4,11:29,MIL,shot,,,,,,,,,,Charlie Bell,,,,missed,,pullup jump,20,27
Charlie Bell,Francisco Elson,Joe Alexander,Keith Bogans,Luc Richard Mbah a Moute,Anthony Parker,Chris Bosh,Jake Voskuhl,Jason Kapono,Roko Ukic,4,11:27,MIL,rebound,,,,,,,,,,Luc Richard Mbah a Moute,,,,,,off,,
Charlie Bell,Francisco Elson,Joe Alexander,Keith Bogans,Luc Richard Mbah a Moute,Anthony Parker,Chris Bosh,Jake Voskuhl,Jason Kapono,Roko Ukic,4,11:25,MIL,shot,,,,,,,,,,Luc Richard Mbah a Moute,2,,,made,,layup,25,6
Charlie Bell,Francisco Elson,Joe Alexander,Keith Bogans,Luc Richard Mbah a Moute,Anthony Parker,Chris Bosh,Jake Voskuhl,Jason Kapono,Roko Ukic,4,11:03,TOR,shot,,,,,,,,,,Jason Kapono,,,,missed,,jump,8,7
Charlie Bell,Francisco Elson,Joe Alexander,Keith Bogans,Luc Richard Mbah a Moute,Anthony Parker,Chris Bosh,Jake Voskuhl,Jason Kapono,Roko Ukic,4,11:02,MIL,rebound,,,,,,,,,,Charlie Bell,,,,,,def,,
Charlie Bell,Francisco Elson,Joe Alexander,Keith Bogans,Luc Richard Mbah a Moute,Anthony Parker,Chris Bosh,Jake Voskuhl,Jason Kapono,Roko Ukic,4,10:52,MIL,shot,Charlie Bell,,,,,,,,,Keith Bogans,3,,,made,,3pt,48,14
Charlie Bell,Francisco Elson,Joe Alexander,Keith Bogans,Luc Richard Mbah a Moute,Anthony Parker,Chris Bosh,Jake Voskuhl,Jason Kapono,Roko Ukic,4,10:39,TOR,shot,,,,,,,,,,Anthony Parker,,,,missed,,3pt,48,6
Charlie Bell,Francisco Elson,Joe Alexander,Keith Bogans,Luc Richard Mbah a Moute,Anthony Parker,Chris Bosh,Jake Voskuhl,Jason Kapono,Roko Ukic,4,10:38,TOR,rebound,,,,,,,,,,Roko Ukic,,,,,,off,,
Charlie Bell,Francisco Elson,Joe Alexander,Keith Bogans,Luc Richard Mbah a Moute,Anthony Parker,Chris Bosh,Jake Voskuhl,Jason Kapono,Roko Ukic,4,10:18,TOR,shot,Roko Ukic,,,,,,,,,Anthony Parker,3,,,made,,3pt,48,6
Charlie Bell,Francisco Elson,Joe Alexander,Keith Bogans,Luc Richard Mbah a Moute,Anthony Parker,Chris Bosh,Jake Voskuhl,Jason Kapono,Roko Ukic,4,10:02,MIL,shot,,,,,,,,,,Charlie Bell,2,,,made,,pullup jump,32,21
Charlie Bell,Francisco Elson,Joe Alexander,Keith Bogans,Luc Richard Mbah a Moute,Anthony Parker,Chris Bosh,Jake Voskuhl,Jason Kapono,Roko Ukic,4,9:34,TOR,shot,,,,,,,,,,Roko Ukic,,,,missed,,3pt,47,17
Charlie Bell,Francisco Elson,Joe Alexander,Keith Bogans,Luc Richard Mbah a Moute,Anthony Parker,Chris Bosh,Jake Voskuhl,Jason Kapono,Roko Ukic,4,9:33,MIL,rebound,,,,,,,,,,Keith Bogans,,,,,,def,,
Charlie Bell,Francisco Elson,Joe Alexander,Keith Bogans,Luc Richard Mbah a Moute,Anthony Parker,Chris Bosh,Jake Voskuhl,Jason Kapono,Roko Ukic,4,9:26,MIL,shot,,,,,,,,,,Keith Bogans,,,,missed,,3pt,15,29
Charlie Bell,Francisco Elson,Joe Alexander,Keith Bogans,Luc Richard Mbah a Moute,Anthony Parker,Chris Bosh,Jake Voskuhl,Jason Kapono,Roko Ukic,4,9:25,MIL,rebound,,,,,,,,,,Luc Richard Mbah a Moute,,,,,,off,,
Charlie Bell,Francisco Elson,Joe Alexander,Keith Bogans,Luc Richard Mbah a Moute,Anthony Parker,Chris Bosh,Jake Voskuhl,Jason Kapono,Roko Ukic,4,9:19,MIL,turnover,,,,,,,,,,Charlie Bell,,,double dribble,,,,,
Charlie Bell,Francisco Elson,Joe Alexander,Keith Bogans,Luc Richard Mbah a Moute,Anthony Parker,Chris Bosh,Jake Voskuhl,Jason Kapono,Roko Ukic,4,9:05,TOR,shot,,,,,,,,,,Chris Bosh,,,,missed,,jump,30,25
Charlie Bell,Francisco Elson,Joe Alexander,Keith Bogans,Luc Richard Mbah a Moute,Anthony Parker,Chris Bosh,Jake Voskuhl,Jason Kapono,Roko Ukic,4,9:04,MIL,rebound,,,,,,,,,,Joe Alexander,,,,,,def,,
Charlie Bell,Francisco Elson,Joe Alexander,Keith Bogans,Luc Richard Mbah a Moute,Anthony Parker,Chris Bosh,Jake Voskuhl,Jason Kapono,Roko Ukic,4,8:46,MIL,shot,,,,,,,,,,Charlie Bell,2,,,made,,pullup jump,14,20
Charlie Bell,Francisco Elson,Joe Alexander,Keith Bogans,Luc Richard Mbah a Moute,Anthony Parker,Chris Bosh,Jake Voskuhl,Jason Kapono,Roko Ukic,4,8:33,TOR,shot,,,Luc Richard Mbah a Moute,,,,,,,Roko Ukic,,,,missed,,driving layup,25,6
Charlie Bell,Francisco Elson,Joe Alexander,Keith Bogans,Luc Richard Mbah a Moute,Anthony Parker,Chris Bosh,Jake Voskuhl,Jason Kapono,Roko Ukic,4,8:31,MIL,rebound,,,,,,,,,,Luc Richard Mbah a Moute,,,,,,def,,
Charlie Bell,Francisco Elson,Joe Alexander,Keith Bogans,Luc Richard Mbah a Moute,Anthony Parker,Chris Bosh,Jake Voskuhl,Jason Kapono,Roko Ukic,4,8:13,MIL,turnover,,,,,,,,,,Keith Bogans,,,lost ball,,Chris Bosh,,,
Charlie Bell,Francisco Elson,Joe Alexander,Keith Bogans,Luc Richard Mbah a Moute,Anthony Parker,Chris Bosh,Jake Voskuhl,Jason Kapono,Roko Ukic,4,8:09,TOR,shot,Chris Bosh,,,,,,,,,Jason Kapono,2,,,made,,driving layup,25,6
Charlie Bell,Francisco Elson,Joe Alexander,Keith Bogans,Luc Richard Mbah a Moute,Anthony Parker,Chris Bosh,Jake Voskuhl,Jason Kapono,Roko Ukic,4,7:42,TOR,foul,,,,,,,,Luc Richard Mbah a Moute,,Chris Bosh,,,,,,personal,,
Charlie Bell,Francisco Elson,Joe Alexander,Keith Bogans,Luc Richard Mbah a Moute,Anthony Parker,Chris Bosh,Jake Voskuhl,Jason Kapono,Roko Ukic,4,7:42,OFF,timeout,,,,,,,,,,,,,,,,official,,
Charlie Bell,Francisco Elson,Joe Alexander,Keith Bogans,Luc Richard Mbah a Moute,Andrea Bargnani,Anthony Parker,Chris Bosh,Jake Voskuhl,Jason Kapono,4,7:42,TOR,sub,,,,Andrea Bargnani,,Roko Ukic,,,,,,,,,,,,
Charlie Bell,Francisco Elson,Joe Alexander,Keith Bogans,Luc Richard Mbah a Moute,Andrea Bargnani,Anthony Parker,Chris Bosh,Jake Voskuhl,Shawn Marion,4,7:42,TOR,sub,,,,Shawn Marion,,Jason Kapono,,,,,,,,,,,,
Charlie Bell,Francisco Elson,Joe Alexander,Keith Bogans,Luc Richard Mbah a Moute,Andrea Bargnani,Anthony Parker,Chris Bosh,Jose Calderon,Shawn Marion,4,7:42,TOR,sub,,,,Jose Calderon,,Jake Voskuhl,,,,,,,,,,,,
Charlie Bell,Damon Jones,Francisco Elson,Joe Alexander,Luc Richard Mbah a Moute,Andrea Bargnani,Anthony Parker,Chris Bosh,Jose Calderon,Shawn Marion,4,7:42,MIL,sub,,,,Damon Jones,,Keith Bogans,,,,,,,,,,,,
Charlie Bell,Damon Jones,Francisco Elson,Joe Alexander,Luc Richard Mbah a Moute,Andrea Bargnani,Anthony Parker,Chris Bosh,Jose Calderon,Shawn Marion,4,7:39,MIL,foul,,,,,,,,Anthony Parker,,Damon Jones,,,,,,offensive,,
Charlie Bell,Damon Jones,Francisco Elson,Joe Alexander,Luc Richard Mbah a Moute,Andrea Bargnani,Anthony Parker,Chris Bosh,Jose Calderon,Shawn Marion,4,7:39,MIL,turnover,,,,,,,,,,Damon Jones,,,foul,,,,,
Charlie Bell,Damon Jones,Francisco Elson,Joe Alexander,Luc Richard Mbah a Moute,Andrea Bargnani,Anthony Parker,Chris Bosh,Jose Calderon,Shawn Marion,4,7:22,TOR,shot,,,,,,,,,,Andrea Bargnani,,,,missed,,jump,9,7
Charlie Bell,Damon Jones,Francisco Elson,Joe Alexander,Luc Richard Mbah a Moute,Andrea Bargnani,Anthony Parker,Chris Bosh,Jose Calderon,Shawn Marion,4,7:21,TOR,rebound,,,,,,,,,,Shawn Marion,,,,,,off,,
Charlie Bell,Damon Jones,Francisco Elson,Joe Alexander,Luc Richard Mbah a Moute,Andrea Bargnani,Anthony Parker,Chris Bosh,Jose Calderon,Shawn Marion,4,7:19,TOR,shot,,,Joe Alexander,,,,,,,Shawn Marion,,,,missed,,layup,25,6
Charlie Bell,Damon Jones,Francisco Elson,Joe Alexander,Luc Richard Mbah a Moute,Andrea Bargnani,Anthony Parker,Chris Bosh,Jose Calderon,Shawn Marion,4,7:19,TOR,rebound,,,,,,,,,,,,,,,,,,
Charlie Bell,Damon Jones,Francisco Elson,Joe Alexander,Luc Richard Mbah a Moute,Andrea Bargnani,Anthony Parker,Chris Bosh,Jose Calderon,Shawn Marion,4,7:10,TOR,shot,,,,,,,,,,Anthony Parker,2,,,made,,pullup jump,41,8
Charlie Bell,Damon Jones,Francisco Elson,Joe Alexander,Luc Richard Mbah a Moute,Andrea Bargnani,Anthony Parker,Chris Bosh,Jose Calderon,Shawn Marion,4,6:57,MIL,shot,Charlie Bell,,,,,,,,,Damon Jones,3,,,made,,3pt,2,6
Charlie Bell,Damon Jones,Francisco Elson,Joe Alexander,Luc Richard Mbah a Moute,Andrea Bargnani,Anthony Parker,Chris Bosh,Jose Calderon,Shawn Marion,4,6:43,TOR,turnover,,,,,,,,,,Jose Calderon,,,bad pass,,Charlie Bell,,,
Charlie Bell,Damon Jones,Francisco Elson,Joe Alexander,Luc Richard Mbah a Moute,Andrea Bargnani,Anthony Parker,Chris Bosh,Jose Calderon,Shawn Marion,4,6:37,MIL,shot,Charlie Bell,,,,,,,,,Luc Richard Mbah a Moute,2,,,made,,jump,13,7
Charlie Bell,Damon Jones,Francisco Elson,Joe Alexander,Luc Richard Mbah a Moute,Andrea Bargnani,Anthony Parker,Chris Bosh,Jose Calderon,Shawn Marion,4,6:16,TOR,shot,,,,,,,,,,Andrea Bargnani,,,,missed,,3pt,27,31
Charlie Bell,Damon Jones,Francisco Elson,Joe Alexander,Luc Richard Mbah a Moute,Andrea Bargnani,Anthony Parker,Chris Bosh,Jose Calderon,Shawn Marion,4,6:14,MIL,rebound,,,,,,,,,,Charlie Bell,,,,,,def,,
Charlie Bell,Damon Jones,Francisco Elson,Joe Alexander,Luc Richard Mbah a Moute,Andrea Bargnani,Anthony Parker,Chris Bosh,Jose Calderon,Shawn Marion,4,6:07,MIL,shot,,,,,,,,,,Charlie Bell,2,,,made,,pullup jump,33,23
Charlie Bell,Damon Jones,Francisco Elson,Joe Alexander,Luc Richard Mbah a Moute,Andrea Bargnani,Anthony Parker,Chris Bosh,Jose Calderon,Shawn Marion,4,6:07,TOR,timeout,,,,,,,,,,,,,,,,regular,,
Charlie Bell,Damon Jones,Francisco Elson,Joe Alexander,Luc Richard Mbah a Moute,Andrea Bargnani,Anthony Parker,Chris Bosh,Jose Calderon,Shawn Marion,4,6:05,TOR,turnover,,,,,,,,,,Andrea Bargnani,,,step out of bounds turnover,,,,,
Charlie Bell,Damon Jones,Francisco Elson,Joe Alexander,Luc Richard Mbah a Moute,Andrea Bargnani,Anthony Parker,Chris Bosh,Jose Calderon,Shawn Marion,4,5:55,MIL,shot,,,,,,,,,,Charlie Bell,,,,missed,,3pt,5,22
Charlie Bell,Damon Jones,Francisco Elson,Joe Alexander,Luc Richard Mbah a Moute,Andrea Bargnani,Anthony Parker,Chris Bosh,Jose Calderon,Shawn Marion,4,5:54,TOR,rebound,,,,,,,,,,Chris Bosh,,,,,,def,,
Charlie Bell,Damon Jones,Francisco Elson,Joe Alexander,Luc Richard Mbah a Moute,Andrea Bargnani,Anthony Parker,Chris Bosh,Jose Calderon,Shawn Marion,4,5:43,TOR,shot,Andrea Bargnani,,,,,,,,,Anthony Parker,3,,,made,,3pt,2,6
Charlie Bell,Damon Jones,Francisco Elson,Joe Alexander,Luc Richard Mbah a Moute,Andrea Bargnani,Anthony Parker,Chris Bosh,Jose Calderon,Shawn Marion,4,5:22,MIL,shot,Charlie Bell,,,,,,,,,Joe Alexander,3,,,made,,3pt,32,29
Charlie Bell,Damon Jones,Francisco Elson,Joe Alexander,Luc Richard Mbah a Moute,Andrea Bargnani,Anthony Parker,Chris Bosh,Jose Calderon,Shawn Marion,4,4:59,MIL,foul,,,,,,,,Chris Bosh,,Luc Richard Mbah a Moute,,,,,,shooting,,
Charlie Bell,Damon Jones,Francisco Elson,Joe Alexander,Luc Richard Mbah a Moute,Andrea Bargnani,Anthony Parker,Chris Bosh,Jose Calderon,Shawn Marion,4,4:59,TOR,free throw,,,,,,,1,,2,Chris Bosh,,,foul,missed,,,,
Charlie Bell,Damon Jones,Francisco Elson,Joe Alexander,Luc Richard Mbah a Moute,Andrea Bargnani,Anthony Parker,Chris Bosh,Jose Calderon,Shawn Marion,4,4:59,TOR,rebound,,,,,,,,,,,,,,,,,,
Charlie Bell,Damon Jones,Francisco Elson,Joe Alexander,Luc Richard Mbah a Moute,Andrea Bargnani,Anthony Parker,Chris Bosh,Jose Calderon,Shawn Marion,4,4:59,TOR,free throw,,,,,,,2,,2,Chris Bosh,,,foul,made,,,,
Charlie Bell,Damon Jones,Francisco Elson,Joe Alexander,Luc Richard Mbah a Moute,Andrea Bargnani,Anthony Parker,Chris Bosh,Jose Calderon,Shawn Marion,4,4:49,MIL,shot,,,,,,,,,,Joe Alexander,,,,missed,,pullup jump,31,12
Charlie Bell,Damon Jones,Francisco Elson,Joe Alexander,Luc Richard Mbah a Moute,Andrea Bargnani,Anthony Parker,Chris Bosh,Jose Calderon,Shawn Marion,4,4:48,MIL,rebound,,,,,,,,,,Luc Richard Mbah a Moute,,,,,,off,,
Charlie Bell,Damon Jones,Francisco Elson,Joe Alexander,Luc Richard Mbah a Moute,Andrea Bargnani,Anthony Parker,Chris Bosh,Jose Calderon,Shawn Marion,4,4:43,MIL,shot,Luc Richard Mbah a Moute,,,,,,,,,Damon Jones,3,,,made,,3pt,46,18
Charlie Bell,Damon Jones,Francisco Elson,Joe Alexander,Luc Richard Mbah a Moute,Andrea Bargnani,Anthony Parker,Chris Bosh,Jose Calderon,Shawn Marion,4,4:20,TOR,shot,Jose Calderon,,,,,,,,,Andrea Bargnani,3,,,made,,3pt,18,30
Charlie Bell,Damon Jones,Francisco Elson,Joe Alexander,Luc Richard Mbah a Moute,Andrea Bargnani,Anthony Parker,Chris Bosh,Jose Calderon,Shawn Marion,4,4:08,MIL,shot,,,,,,,,,,Joe Alexander,3,,,made,,3pt,33,30
Charlie Bell,Damon Jones,Francisco Elson,Joe Alexander,Luc Richard Mbah a Moute,Andrea Bargnani,Anthony Parker,Chris Bosh,Jose Calderon,Shawn Marion,4,3:44,TOR,shot,,,,,,,,,,Jose Calderon,,,,missed,,3pt,14,29
Charlie Bell,Damon Jones,Francisco Elson,Joe Alexander,Luc Richard Mbah a Moute,Andrea Bargnani,Anthony Parker,Chris Bosh,Jose Calderon,Shawn Marion,4,3:43,TOR,rebound,,,,,,,,,,Chris Bosh,,,,,,off,,
Charlie Bell,Damon Jones,Francisco Elson,Joe Alexander,Luc Richard Mbah a Moute,Andrea Bargnani,Anthony Parker,Chris Bosh,Jose Calderon,Shawn Marion,4,3:24,TOR,shot,,,,,,,,,,Anthony Parker,,,,missed,,turnaround fade away,38,8
Charlie Bell,Damon Jones,Francisco Elson,Joe Alexander,Luc Richard Mbah a Moute,Andrea Bargnani,Anthony Parker,Chris Bosh,Jose Calderon,Shawn Marion,4,3:23,MIL,rebound,,,,,,,,,,Joe Alexander,,,,,,def,,
Charlie Bell,Damon Jones,Francisco Elson,Joe Alexander,Luc Richard Mbah a Moute,Andrea Bargnani,Anthony Parker,Chris Bosh,Jose Calderon,Shawn Marion,4,3:13,MIL,shot,,,,,,,,,,Damon Jones,,,,missed,,pullup jump,30,24
Charlie Bell,Damon Jones,Francisco Elson,Joe Alexander,Luc Richard Mbah a Moute,Andrea Bargnani,Anthony Parker,Chris Bosh,Jose Calderon,Shawn Marion,4,3:12,TOR,rebound,,,,,,,,,,Chris Bosh,,,,,,def,,
Charlie Bell,Damon Jones,Francisco Elson,Joe Alexander,Luc Richard Mbah a Moute,Andrea Bargnani,Anthony Parker,Chris Bosh,Jose Calderon,Shawn Marion,4,2:55,MIL,foul,,,,,,,,Andrea Bargnani,,Luc Richard Mbah a Moute,,,,,,shooting,,
Charlie Bell,Damon Jones,Francisco Elson,Joe Alexander,Luc Richard Mbah a Moute,Andrea Bargnani,Anthony Parker,Chris Bosh,Jose Calderon,Shawn Marion,4,2:55,MIL,timeout,,,,,,,,,,,,,,,,regular,,
Charlie Bell,Damon Jones,Francisco Elson,Joe Alexander,Luc Richard Mbah a Moute,Andrea Bargnani,Anthony Parker,Chris Bosh,Jose Calderon,Shawn Marion,4,2:55,TOR,free throw,,,,,,,1,,2,Andrea Bargnani,,,foul,made,,,,
Charlie Bell,Damon Jones,Francisco Elson,Joe Alexander,Luc Richard Mbah a Moute,Andrea Bargnani,Anthony Parker,Chris Bosh,Jose Calderon,Shawn Marion,4,2:55,TOR,free throw,,,,,,,2,,2,Andrea Bargnani,,,foul,made,,,,
Charlie Bell,Damon Jones,Francisco Elson,Joe Alexander,Luc Richard Mbah a Moute,Andrea Bargnani,Anthony Parker,Chris Bosh,Jose Calderon,Shawn Marion,4,2:37,MIL,shot,,,,,,,,,,Damon Jones,,,,missed,,3pt,24,31
Charlie Bell,Damon Jones,Francisco Elson,Joe Alexander,Luc Richard Mbah a Moute,Andrea Bargnani,Anthony Parker,Chris Bosh,Jose Calderon,Shawn Marion,4,2:35,TOR,rebound,,,,,,,,,,Andrea Bargnani,,,,,,def,,
Charlie Bell,Damon Jones,Francisco Elson,Joe Alexander,Luc Richard Mbah a Moute,Andrea Bargnani,Anthony Parker,Chris Bosh,Jose Calderon,Shawn Marion,4,2:17,TOR,shot,,,,,,,,,,Andrea Bargnani,,,,missed,,jump,25,27
Charlie Bell,Damon Jones,Francisco Elson,Joe Alexander,Luc Richard Mbah a Moute,Andrea Bargnani,Anthony Parker,Chris Bosh,Jose Calderon,Shawn Marion,4,2:16,TOR,rebound,,,,,,,,,,Chris Bosh,,,,,,off,,
Charlie Bell,Damon Jones,Francisco Elson,Joe Alexander,Luc Richard Mbah a Moute,Andrea Bargnani,Anthony Parker,Chris Bosh,Jose Calderon,Shawn Marion,4,1:53,TOR,shot,,,,,,,,,,Andrea Bargnani,,,,missed,,jump,9,21
Charlie Bell,Damon Jones,Francisco Elson,Joe Alexander,Luc Richard Mbah a Moute,Andrea Bargnani,Anthony Parker,Chris Bosh,Jose Calderon,Shawn Marion,4,1:51,MIL,rebound,,,,,,,,,,Luc Richard Mbah a Moute,,,,,,def,,
Charlie Bell,Damon Jones,Francisco Elson,Joe Alexander,Luc Richard Mbah a Moute,Andrea Bargnani,Anthony Parker,Chris Bosh,Jose Calderon,Shawn Marion,4,1:42,MIL,shot,,,,,,,,,,Charlie Bell,3,,,made,,3pt,21,30
Charlie Bell,Damon Jones,Francisco Elson,Joe Alexander,Luc Richard Mbah a Moute,Andrea Bargnani,Anthony Parker,Chris Bosh,Jose Calderon,Shawn Marion,4,1:24,TOR,shot,,,,,,,,,,Shawn Marion,,,,missed,,jump hook,31,10
Charlie Bell,Damon Jones,Francisco Elson,Joe Alexander,Luc Richard Mbah a Moute,Andrea Bargnani,Anthony Parker,Chris Bosh,Jose Calderon,Shawn Marion,4,1:23,MIL,rebound,,,,,,,,,,Charlie Bell,,,,,,def,,
Charlie Bell,Damon Jones,Francisco Elson,Joe Alexander,Luc Richard Mbah a Moute,Andrea Bargnani,Anthony Parker,Chris Bosh,Jose Calderon,Shawn Marion,4,1:23,MIL,timeout,,,,,,,,,,,,,,,,short,,
Charlie Bell,Damon Jones,Francisco Elson,Joe Alexander,Luc Richard Mbah a Moute,Andrea Bargnani,Anthony Parker,Jose Calderon,Nathan Jawai,Shawn Marion,4,1:23,TOR,sub,,,,Nathan Jawai,,Chris Bosh,,,,,,,,,,,,
Charlie Bell,Damon Jones,Francisco Elson,Joe Alexander,Luc Richard Mbah a Moute,Andrea Bargnani,Anthony Parker,Jose Calderon,Nathan Jawai,Shawn Marion,4,1:18,TOR,foul,,,,,,,,Joe Alexander,,Shawn Marion,,,,,,shooting,,
Charlie Bell,Damon Jones,Francisco Elson,Joe Alexander,Luc Richard Mbah a Moute,Andrea Bargnani,Anthony Parker,Jose Calderon,Nathan Jawai,Shawn Marion,4,1:18,MIL,free throw,,,,,,,1,,2,Joe Alexander,,,foul,made,,,,
Charlie Bell,Damon Jones,Francisco Elson,Joe Alexander,Luc Richard Mbah a Moute,Andrea Bargnani,Anthony Parker,Jose Calderon,Nathan Jawai,Shawn Marion,4,1:18,MIL,free throw,,,,,,,2,,2,Joe Alexander,,,foul,made,,,,
Charlie Bell,Damon Jones,Francisco Elson,Joe Alexander,Luc Richard Mbah a Moute,Andrea Bargnani,Anthony Parker,Jose Calderon,Nathan Jawai,Shawn Marion,4,1:15,MIL,foul,,,,,,,,Jose Calderon,,Joe Alexander,,,,,,personal,,
Charlie Bell,Damon Jones,Francisco Elson,Joe Alexander,Luc Richard Mbah a Moute,Andrea Bargnani,Anthony Parker,Jose Calderon,Nathan Jawai,Shawn Marion,4,1:11,MIL,foul,,,,,,,,Anthony Parker,,Charlie Bell,,,,,,personal,,
Charlie Bell,Damon Jones,Francisco Elson,Joe Alexander,Luc Richard Mbah a Moute,Andrea Bargnani,Anthony Parker,Jose Calderon,Nathan Jawai,Shawn Marion,4,1:11,TOR,free throw,,,,,,,1,,2,Anthony Parker,,,foul,made,,,,
Charlie Bell,Damon Jones,Francisco Elson,Joe Alexander,Luc Richard Mbah a Moute,Andrea Bargnani,Anthony Parker,Jose Calderon,Nathan Jawai,Shawn Marion,4,1:11,TOR,free throw,,,,,,,2,,2,Anthony Parker,,,foul,made,,,,
Charlie Bell,Damon Jones,Francisco Elson,Joe Alexander,Luc Richard Mbah a Moute,Andrea Bargnani,Anthony Parker,Jose Calderon,Nathan Jawai,Shawn Marion,4,1:11,MIL,timeout,,,,,,,,,,,,,,,,short,,
Charlie Bell,Damon Jones,Francisco Elson,Joe Alexander,Luc Richard Mbah a Moute,Andrea Bargnani,Anthony Parker,Jose Calderon,Nathan Jawai,Shawn Marion,4,1:02,MIL,shot,,,,,,,,,,Joe Alexander,,,,missed,,jump,25,21
Charlie Bell,Damon Jones,Francisco Elson,Joe Alexander,Luc Richard Mbah a Moute,Andrea Bargnani,Anthony Parker,Jose Calderon,Nathan Jawai,Shawn Marion,4,1:01,MIL,rebound,,,,,,,,,,Joe Alexander,,,,,,off,,
Charlie Bell,Damon Jones,Francisco Elson,Joe Alexander,Luc Richard Mbah a Moute,Andrea Bargnani,Anthony Parker,Jose Calderon,Nathan Jawai,Shawn Marion,4,0:56,MIL,shot,,,,,,,,,,Charlie Bell,,,,missed,,3pt,45,19
Charlie Bell,Damon Jones,Francisco Elson,Joe Alexander,Luc Richard Mbah a Moute,Andrea Bargnani,Anthony Parker,Jose Calderon,Nathan Jawai,Shawn Marion,4,0:55,MIL,rebound,,,,,,,,,,Luc Richard Mbah a Moute,,,,,,off,,
Charlie Bell,Damon Jones,Francisco Elson,Joe Alexander,Luc Richard Mbah a Moute,Andrea Bargnani,Anthony Parker,Jose Calderon,Nathan Jawai,Shawn Marion,4,0:55,MIL,shot,,,,,,,,,,Luc Richard Mbah a Moute,2,,,made,,tip,25,6
Charlie Bell,Damon Jones,Francisco Elson,Joe Alexander,Luc Richard Mbah a Moute,Andrea Bargnani,Anthony Parker,Jose Calderon,Nathan Jawai,Shawn Marion,4,0:54,MIL,foul,,,,,,,,Anthony Parker,,Joe Alexander,,,,,,personal,,
Charlie Bell,Damon Jones,Francisco Elson,Joe Alexander,Luc Richard Mbah a Moute,Andrea Bargnani,Anthony Parker,Jose Calderon,Nathan Jawai,Shawn Marion,4,0:54,TOR,free throw,,,,,,,1,,2,Anthony Parker,,,foul,missed,,,,
Charlie Bell,Damon Jones,Francisco Elson,Joe Alexander,Luc Richard Mbah a Moute,Andrea Bargnani,Anthony Parker,Jose Calderon,Nathan Jawai,Shawn Marion,4,0:54,TOR,rebound,,,,,,,,,,,,,,,,,,
Charlie Bell,Damon Jones,Francisco Elson,Joe Alexander,Luc Richard Mbah a Moute,Andrea Bargnani,Anthony Parker,Jose Calderon,Nathan Jawai,Shawn Marion,4,0:54,TOR,free throw,,,,,,,2,,2,Anthony Parker,,,foul,made,,,,
Charlie Bell,Damon Jones,Francisco Elson,Joe Alexander,Luc Richard Mbah a Moute,Andrea Bargnani,Anthony Parker,Jose Calderon,Nathan Jawai,Shawn Marion,4,0:48,MIL,shot,Charlie Bell,,,,,,,,,Damon Jones,3,,,made,,3pt,22,31
Charlie Bell,Damon Jones,Francisco Elson,Joe Alexander,Luc Richard Mbah a Moute,Andrea Bargnani,Anthony Parker,Jose Calderon,Nathan Jawai,Shawn Marion,4,0:48,TOR,timeout,,,,,,,,,,,,,,,,short,,
Charlie Bell,Damon Jones,Francisco Elson,Joe Alexander,Luc Richard Mbah a Moute,Andrea Bargnani,Anthony Parker,Jason Kapono,Jose Calderon,Shawn Marion,4,0:48,TOR,sub,,,,Jason Kapono,,Nathan Jawai,,,,,,,,,,,,
Charlie Bell,Damon Jones,Francisco Elson,Joe Alexander,Luc Richard Mbah a Moute,Andrea Bargnani,Anthony Parker,Jason Kapono,Jose Calderon,Shawn Marion,4,0:47,MIL,foul,,,,,,,,Jose Calderon,,Joe Alexander,,,,,,personal,,
Charlie Bell,Damon Jones,Francisco Elson,Keith Bogans,Luc Richard Mbah a Moute,Andrea Bargnani,Anthony Parker,Jason Kapono,Jose Calderon,Shawn Marion,4,0:47,MIL,sub,,,,Keith Bogans,,Joe Alexander,,,,,,,,,,,,
Charlie Bell,Damon Jones,Francisco Elson,Keith Bogans,Luc Richard Mbah a Moute,Andrea Bargnani,Anthony Parker,Jason Kapono,Jose Calderon,Shawn Marion,4,0:47,TOR,free throw,,,,,,,1,,2,Jose Calderon,,,foul,made,,,,
Charlie Bell,Damon Jones,Francisco Elson,Keith Bogans,Luc Richard Mbah a Moute,Andrea Bargnani,Anthony Parker,Jason Kapono,Jose Calderon,Shawn Marion,4,0:47,TOR,free throw,,,,,,,2,,2,Jose Calderon,,,foul,made,,,,
Charlie Bell,Damon Jones,Francisco Elson,Keith Bogans,Luc Richard Mbah a Moute,Andrea Bargnani,Anthony Parker,Jason Kapono,Jose Calderon,Shawn Marion,4,0:41,MIL,shot,,,Jose Calderon,,,,,,,Damon Jones,,,,missed,,3pt,42,24
Charlie Bell,Damon Jones,Francisco Elson,Keith Bogans,Luc Richard Mbah a Moute,Andrea Bargnani,Anthony Parker,Jason Kapono,Jose Calderon,Shawn Marion,4,0:39,TOR,rebound,,,,,,,,,,Anthony Parker,,,,,,def,,
Charlie Bell,Damon Jones,Francisco Elson,Keith Bogans,Luc Richard Mbah a Moute,Andrea Bargnani,Anthony Parker,Jason Kapono,Jose Calderon,Shawn Marion,4,0:17,TOR,shot,,,,,,,,,,Andrea Bargnani,,,,missed,,3pt,35,29
Charlie Bell,Damon Jones,Francisco Elson,Keith Bogans,Luc Richard Mbah a Moute,Andrea Bargnani,Anthony Parker,Jason Kapono,Jose Calderon,Shawn Marion,4,0:16,TOR,rebound,,,,,,,,,,,,,,,,,,
Charlie Bell,Damon Jones,Francisco Elson,Keith Bogans,Luc Richard Mbah a Moute,Andrea Bargnani,Anthony Parker,Jason Kapono,Jose Calderon,Shawn Marion,4,0:16,TOR,turnover,,,,,,,,,,,,,shot clock turnover,,,,,
Charlie Bell,Damon Jones,Francisco Elson,Keith Bogans,Luc Richard Mbah a Moute,Andrea Bargnani,Anthony Parker,Jason Kapono,Jose Calderon,Shawn Marion,4,0:08,MIL,shot,,,,,,,,,,Luc Richard Mbah a Moute,,,,missed,,jump,45,6
Charlie Bell,Damon Jones,Francisco Elson,Keith Bogans,Luc Richard Mbah a Moute,Andrea Bargnani,Anthony Parker,Jason Kapono,Jose Calderon,Shawn Marion,4,0:07,TOR,rebound,,,,,,,,,,Shawn Marion,,,,,,def,,
