a1,a2,a3,a4,a5,h1,h2,h3,h4,h5,period,time,team,etype,assist,away,block,entered,home,left,num,opponent,outof,player,points,possession,reason,result,steal,type,x,y
Brook Lopez,Devin Harris,Keyon Dooling,Ryan Anderson,Vince Carter,Antonio McDyess,Rasheed Wallace,Richard Hamilton,Rodney Stuckey,Tayshaun Prince,1,12:00,OFF,jump ball,,Brook Lopez,,,Rasheed Wallace,,,,,,,Devin Harris,,,,,,
Brook Lopez,Devin Harris,Keyon Dooling,Ryan Anderson,Vince Carter,Antonio McDyess,Rasheed Wallace,Richard Hamilton,Rodney Stuckey,Tayshaun Prince,1,11:43,NJN,shot,,,,,,,,,,Devin Harris,,,,missed,,jump,18,24
Brook Lopez,Devin Harris,Keyon Dooling,Ryan Anderson,Vince Carter,Antonio McDyess,Rasheed Wallace,Richard Hamilton,Rodney Stuckey,Tayshaun Prince,1,11:42,DET,rebound,,,,,,,,,,Antonio McDyess,,,,,,def,,
Brook Lopez,Devin Harris,Keyon Dooling,Ryan Anderson,Vince Carter,Antonio McDyess,Rasheed Wallace,Richard Hamilton,Rodney Stuckey,Tayshaun Prince,1,11:28,DET,shot,Rodney Stuckey,,,,,,,,,Richard Hamilton,2,,,made,,jump,5,13
Brook Lopez,Devin Harris,Keyon Dooling,Ryan Anderson,Vince Carter,Antonio McDyess,Rasheed Wallace,Richard Hamilton,Rodney Stuckey,Tayshaun Prince,1,11:03,NJN,shot,,,,,,,,,,Keyon Dooling,,,,missed,,3pt,44,24
Brook Lopez,Devin Harris,Keyon Dooling,Ryan Anderson,Vince Carter,Antonio McDyess,Rasheed Wallace,Richard Hamilton,Rodney Stuckey,Tayshaun Prince,1,11:02,DET,rebound,,,,,,,,,,Rasheed Wallace,,,,,,def,,
Brook Lopez,Devin Harris,Keyon Dooling,Ryan Anderson,Vince Carter,Antonio McDyess,Rasheed Wallace,Richard Hamilton,Rodney Stuckey,Tayshaun Prince,1,10:42,DET,shot,,,,,,,,,,Rasheed Wallace,2,,,made,,turnaround jump,8,11
Brook Lopez,Devin Harris,Keyon Dooling,Ryan Anderson,Vince Carter,Antonio McDyess,Rasheed Wallace,Richard Hamilton,Rodney Stuckey,Tayshaun Prince,1,10:23,NJN,shot,,,,,,,,,,Devin Harris,,,,missed,,jump,11,18
Brook Lopez,Devin Harris,Keyon Dooling,Ryan Anderson,Vince Carter,Antonio McDyess,Rasheed Wallace,Richard Hamilton,Rodney Stuckey,Tayshaun Prince,1,10:22,DET,rebound,,,,,,,,,,Antonio McDyess,,,,,,def,,
Brook Lopez,Devin Harris,Keyon Dooling,Ryan Anderson,Vince Carter,Antonio McDyess,Rasheed Wallace,Richard Hamilton,Rodney Stuckey,Tayshaun Prince,1,10:13,DET,shot,Richard Hamilton,,,,,,,,,Antonio McDyess,2,,,made,,jump,7,14
Brook Lopez,Devin Harris,Keyon Dooling,Ryan Anderson,Vince Carter,Antonio McDyess,Rasheed Wallace,Richard Hamilton,Rodney Stuckey,Tayshaun Prince,1,9:51,NJN,shot,,,,,,,,,,Brook Lopez,2,,,made,,turnaround jump,29,16
Brook Lopez,Devin Harris,Keyon Dooling,Ryan Anderson,Vince Carter,Antonio McDyess,Rasheed Wallace,Richard Hamilton,Rodney Stuckey,Tayshaun Prince,1,9:51,DET,foul,,,,,,,,Brook Lopez,,Rodney Stuckey,,,,,,shooting,,
Brook Lopez,Devin Harris,Keyon Dooling,Ryan Anderson,Vince Carter,Antonio McDyess,Rasheed Wallace,Richard Hamilton,Rodney Stuckey,Tayshaun Prince,1,9:51,NJN,free throw,,,,,,,1,,1,Brook Lopez,,,foul,made,,,,
Brook Lopez,Devin Harris,Keyon Dooling,Ryan Anderson,Vince Carter,Antonio McDyess,Rasheed Wallace,Richard Hamilton,Rodney Stuckey,Tayshaun Prince,1,9:30,DET,shot,Richard Hamilton,,,,,,,,,Antonio McDyess,2,,,made,,jump,39,19
Brook Lopez,Devin Harris,Keyon Dooling,Ryan Anderson,Vince Carter,Antonio McDyess,Rasheed Wallace,Richard Hamilton,Rodney Stuckey,Tayshaun Prince,1,9:12,NJN,shot,,,,,,,,,,Brook Lopez,,,,missed,,jump,42,13
Brook Lopez,Devin Harris,Keyon Dooling,Ryan Anderson,Vince Carter,Antonio McDyess,Rasheed Wallace,Richard Hamilton,Rodney Stuckey,Tayshaun Prince,1,9:11,DET,rebound,,,,,,,,,,Tayshaun Prince,,,,,,def,,
Brook Lopez,Devin Harris,Keyon Dooling,Ryan Anderson,Vince Carter,Antonio McDyess,Rasheed Wallace,Richard Hamilton,Rodney Stuckey,Tayshaun Prince,1,8:59,DET,shot,Rasheed Wallace,,,,,,,,,Rodney Stuckey,2,,,made,,driving layup,25,6
Brook Lopez,Devin Harris,Keyon Dooling,Ryan Anderson,Vince Carter,Antonio McDyess,Rasheed Wallace,Richard Hamilton,Rodney Stuckey,Tayshaun Prince,1,8:43,NJN,shot,,,,,,,,,,Ryan Anderson,,,,missed,,hook,36,7
Brook Lopez,Devin Harris,Keyon Dooling,Ryan Anderson,Vince Carter,Antonio McDyess,Rasheed Wallace,Richard Hamilton,Rodney Stuckey,Tayshaun Prince,1,8:43,DET,rebound,,,,,,,,,,,,,,,,,,
Brook Lopez,Devin Harris,Keyon Dooling,Ryan Anderson,Vince Carter,Antonio McDyess,Rasheed Wallace,Richard Hamilton,Rodney Stuckey,Tayshaun Prince,1,8:43,NJN,foul,,,,,,,,Rasheed Wallace,,Ryan Anderson,,,,,,loose ball,,
Brook Lopez,Devin Harris,Keyon Dooling,Ryan Anderson,Vince Carter,Antonio McDyess,Rasheed Wallace,Richard Hamilton,Rodney Stuckey,Tayshaun Prince,1,8:28,DET,turnover,,,,,,,,,,Rasheed Wallace,,,bad pass,,,,,
Brook Lopez,Devin Harris,Keyon Dooling,Ryan Anderson,Vince Carter,Antonio McDyess,Rasheed Wallace,Richard Hamilton,Rodney Stuckey,Tayshaun Prince,1,8:16,NJN,shot,Vince Carter,,,,,,,,,Brook Lopez,2,,,made,,slam dunk,25,6
Brook Lopez,Devin Harris,Keyon Dooling,Ryan Anderson,Vince Carter,Antonio McDyess,Rasheed Wallace,Richard Hamilton,Rodney Stuckey,Tayshaun Prince,1,7:50,DET,shot,Rodney Stuckey,,,,,,,,,Rasheed Wallace,3,,,made,,3pt,2,8
Brook Lopez,Devin Harris,Keyon Dooling,Ryan Anderson,Vince Carter,Antonio McDyess,Rasheed Wallace,Richard Hamilton,Rodney Stuckey,Tayshaun Prince,1,7:32,NJN,shot,Vince Carter,,,,,,,,,Ryan Anderson,3,,,made,,3pt,17,32
Brook Lopez,Devin Harris,Keyon Dooling,Ryan Anderson,Vince Carter,Antonio McDyess,Rasheed Wallace,Richard Hamilton,Rodney Stuckey,Tayshaun Prince,1,7:11,DET,shot,Rodney Stuckey,,,,,,,,,Antonio McDyess,2,,,made,,fade away jumper,9,12
Brook Lopez,Devin Harris,Keyon Dooling,Ryan Anderson,Vince Carter,Antonio McDyess,Rasheed Wallace,Richard Hamilton,Rodney Stuckey,Tayshaun Prince,1,6:45,DET,foul,,,,,,,,Brook Lopez,,Antonio McDyess,,,,,,shooting,,
Brook Lopez,Devin Harris,Keyon Dooling,Ryan Anderson,Vince Carter,Antonio McDyess,Rasheed Wallace,Richard Hamilton,Rodney Stuckey,Tayshaun Prince,1,6:45,NJN,free throw,,,,,,,1,,2,Brook Lopez,,,foul,made,,,,
Brook Lopez,Chris Douglas-Roberts,Devin Harris,Ryan Anderson,Vince Carter,Antonio McDyess,Rasheed Wallace,Richard Hamilton,Rodney Stuckey,Tayshaun Prince,1,6:45,NJN,sub,,,,Chris Douglas-Roberts,,Keyon Dooling,,,,,,,,,,,,
Brook Lopez,Chris Douglas-Roberts,Devin Harris,Ryan Anderson,Vince Carter,Antonio McDyess,Rasheed Wallace,Richard Hamilton,Rodney Stuckey,Tayshaun Prince,1,6:45,NJN,free throw,,,,,,,2,,2,Brook Lopez,,,foul,made,,,,
Brook Lopez,Chris Douglas-Roberts,Devin Harris,Ryan Anderson,Vince Carter,Antonio McDyess,Rasheed Wallace,Richard Hamilton,Rodney Stuckey,Tayshaun Prince,1,6:20,DET,turnover,,,,,,,,,,,,,shot clock turnover,,,,,
Brook Lopez,Chris Douglas-Roberts,Devin Harris,Ryan Anderson,Vince Carter,Antonio McDyess,Rasheed Wallace,Richard Hamilton,Rodney Stuckey,Tayshaun Prince,1,6:05,DET,foul,,,,,,,,Ryan Anderson,,Antonio McDyess,,,,,,shooting,,
Brook Lopez,Chris Douglas-Roberts,Devin Harris,Ryan Anderson,Vince Carter,Kwame Brown,Rasheed Wallace,Richard Hamilton,Rodney Stuckey,Tayshaun Prince,1,6:05,DET,sub,,,,Kwame Brown,,Antonio McDyess,,,,,,,,,,,,
Brook Lopez,Chris Douglas-Roberts,Devin Harris,Ryan Anderson,Vince Carter,Kwame Brown,Rasheed Wallace,Richard Hamilton,Rodney Stuckey,Tayshaun Prince,1,6:05,NJN,free throw,,,,,,,1,,2,Ryan Anderson,,,foul,made,,,,
Brook Lopez,Chris Douglas-Roberts,Devin Harris,Ryan Anderson,Vince Carter,Kwame Brown,Rasheed Wallace,Richard Hamilton,Rodney Stuckey,Tayshaun Prince,1,6:05,NJN,free throw,,,,,,,2,,2,Ryan Anderson,,,foul,missed,,,,
Brook Lopez,Chris Douglas-Roberts,Devin Harris,Ryan Anderson,Vince Carter,Kwame Brown,Rasheed Wallace,Richard Hamilton,Rodney Stuckey,Tayshaun Prince,1,6:05,DET,rebound,,,,,,,,,,Kwame Brown,,,,,,def,,
Brook Lopez,Chris Douglas-Roberts,Devin Harris,Ryan Anderson,Vince Carter,Kwame Brown,Rasheed Wallace,Richard Hamilton,Rodney Stuckey,Tayshaun Prince,1,5:48,NJN,foul,,,,,,,,Kwame Brown,,Brook Lopez,,,,,,shooting,,
Brook Lopez,Chris Douglas-Roberts,Devin Harris,Ryan Anderson,Vince Carter,Kwame Brown,Rasheed Wallace,Richard Hamilton,Rodney Stuckey,Tayshaun Prince,1,5:48,DET,timeout,,,,,,,,,,,,,,,,regular,,
Brook Lopez,Chris Douglas-Roberts,Devin Harris,Ryan Anderson,Vince Carter,Kwame Brown,Rasheed Wallace,Richard Hamilton,Rodney Stuckey,Tayshaun Prince,1,5:48,DET,free throw,,,,,,,1,,2,Kwame Brown,,,foul,missed,,,,
Brook Lopez,Chris Douglas-Roberts,Devin Harris,Ryan Anderson,Vince Carter,Kwame Brown,Rasheed Wallace,Richard Hamilton,Rodney Stuckey,Tayshaun Prince,1,5:48,DET,rebound,,,,,,,,,,,,,,,,,,
Brook Lopez,Chris Douglas-Roberts,Devin Harris,Ryan Anderson,Vince Carter,Kwame Brown,Rasheed Wallace,Richard Hamilton,Rodney Stuckey,Tayshaun Prince,1,5:48,DET,free throw,,,,,,,2,,2,Kwame Brown,,,foul,missed,,,,
Brook Lopez,Chris Douglas-Roberts,Devin Harris,Ryan Anderson,Vince Carter,Kwame Brown,Rasheed Wallace,Richard Hamilton,Rodney Stuckey,Tayshaun Prince,1,5:47,DET,rebound,,,,,,,,,,Tayshaun Prince,,,,,,off,,
Brook Lopez,Chris Douglas-Roberts,Devin Harris,Ryan Anderson,Vince Carter,Kwame Brown,Rasheed Wallace,Richard Hamilton,Rodney Stuckey,Tayshaun Prince,1,5:23,DET,shot,,,,,,,,,,Rodney Stuckey,,,,missed,,3pt,9,28
Brook Lopez,Chris Douglas-Roberts,Devin Harris,Ryan Anderson,Vince Carter,Kwame Brown,Rasheed Wallace,Richard Hamilton,Rodney Stuckey,Tayshaun Prince,1,5:22,NJN,rebound,,,,,,,,,,Brook Lopez,,,,,,def,,
Brook Lopez,Chris Douglas-Roberts,Devin Harris,Ryan Anderson,Vince Carter,Kwame Brown,Rasheed Wallace,Richard Hamilton,Rodney Stuckey,Tayshaun Prince,1,5:14,DET,foul,,,,,,,,Devin Harris,,Kwame Brown,,,,,,personal,,
Brook Lopez,Chris Douglas-Roberts,Devin Harris,Ryan Anderson,Vince Carter,Kwame Brown,Rasheed Wallace,Richard Hamilton,Rodney Stuckey,Tayshaun Prince,1,4:57,NJN,turnover,,,,,,,,,,,,,shot clock turnover,,,,,
Brook Lopez,Chris Douglas-Roberts,Devin Harris,Ryan Anderson,Vince Carter,Kwame Brown,Rasheed Wallace,Richard Hamilton,Rodney Stuckey,Tayshaun Prince,1,4:39,DET,shot,,,,,,,,,,Tayshaun Prince,,,,missed,,fade away jumper,10,9
Brook Lopez,Chris Douglas-Roberts,Devin Harris,Ryan Anderson,Vince Carter,Kwame Brown,Rasheed Wallace,Richard Hamilton,Rodney Stuckey,Tayshaun Prince,1,4:38,NJN,rebound,,,,,,,,,,Ryan Anderson,,,,,,def,,
Brook Lopez,Chris Douglas-Roberts,Devin Harris,Ryan Anderson,Vince Carter,Kwame Brown,Rasheed Wallace,Richard Hamilton,Rodney Stuckey,Tayshaun Prince,1,4:27,NJN,shot,Vince Carter,,,,,,,,,Chris Douglas-Roberts,2,,,made,,floating jump,15,12
Brook Lopez,Chris Douglas-Roberts,Devin Harris,Ryan Anderson,Vince Carter,Kwame Brown,Rasheed Wallace,Richard Hamilton,Rodney Stuckey,Tayshaun Prince,1,4:03,DET,shot,Richard Hamilton,,,,,,,,,Rasheed Wallace,3,,,made,,3pt,37,28
Brook Lopez,Chris Douglas-Roberts,Devin Harris,Ryan Anderson,Vince Carter,Kwame Brown,Rasheed Wallace,Richard Hamilton,Rodney Stuckey,Tayshaun Prince,1,3:51,DET,foul,,,,,,,,Devin Harris,,Rodney Stuckey,,,,,,shooting,,
Brook Lopez,Chris Douglas-Roberts,Devin Harris,Ryan Anderson,Vince Carter,Kwame Brown,Rasheed Wallace,Richard Hamilton,Rodney Stuckey,Tayshaun Prince,1,3:51,NJN,free throw,,,,,,,1,,2,Devin Harris,,,foul,missed,,,,
Brook Lopez,Chris Douglas-Roberts,Devin Harris,Ryan Anderson,Vince Carter,Kwame Brown,Rasheed Wallace,Richard Hamilton,Rodney Stuckey,Tayshaun Prince,1,3:51,NJN,rebound,,,,,,,,,,,,,,,,,,
Brook Lopez,Chris Douglas-Roberts,Devin Harris,Ryan Anderson,Vince Carter,Kwame Brown,Rasheed Wallace,Richard Hamilton,Tayshaun Prince,Will Bynum,1,3:51,DET,sub,,,,Will Bynum,,Rodney Stuckey,,,,,,,,,,,,
Brook Lopez,Chris Douglas-Roberts,Devin Harris,Jarvis Hayes,Ryan Anderson,Kwame Brown,Rasheed Wallace,Richard Hamilton,Tayshaun Prince,Will Bynum,1,3:51,NJN,sub,,,,Jarvis Hayes,,Vince Carter,,,,,,,,,,,,
Brook Lopez,Chris Douglas-Roberts,Devin Harris,Jarvis Hayes,Ryan Anderson,Kwame Brown,Rasheed Wallace,Richard Hamilton,Tayshaun Prince,Will Bynum,1,3:51,NJN,free throw,,,,,,,2,,2,Devin Harris,,,foul,made,,,,
Brook Lopez,Chris Douglas-Roberts,Devin Harris,Jarvis Hayes,Ryan Anderson,Kwame Brown,Rasheed Wallace,Richard Hamilton,Tayshaun Prince,Will Bynum,1,3:36,DET,shot,Richard Hamilton,,,,,,,,,Kwame Brown,2,,,made,,hook,18,7
Brook Lopez,Chris Douglas-Roberts,Devin Harris,Jarvis Hayes,Ryan Anderson,Kwame Brown,Rasheed Wallace,Richard Hamilton,Tayshaun Prince,Will Bynum,1,3:36,NJN,foul,,,,,,,,Kwame Brown,,Brook Lopez,,,,,,shooting,,
Chris Douglas-Roberts,Devin Harris,Jarvis Hayes,Ryan Anderson,Yi Jianlian,Kwame Brown,Rasheed Wallace,Richard Hamilton,Tayshaun Prince,Will Bynum,1,3:36,NJN,sub,,,,Yi Jianlian,,Brook Lopez,,,,,,,,,,,,
Chris Douglas-Roberts,Devin Harris,Jarvis Hayes,Ryan Anderson,Yi Jianlian,Kwame Brown,Rasheed Wallace,Richard Hamilton,Tayshaun Prince,Will Bynum,1,3:36,DET,free throw,,,,,,,1,,1,Kwame Brown,,,foul,missed,,,,
Chris Douglas-Roberts,Devin Harris,Jarvis Hayes,Ryan Anderson,Yi Jianlian,Kwame Brown,Rasheed Wallace,Richard Hamilton,Tayshaun Prince,Will Bynum,1,3:34,NJN,rebound,,,,,,,,,,Yi Jianlian,,,,,,def,,
Chris Douglas-Roberts,Devin Harris,Jarvis Hayes,Ryan Anderson,Yi Jianlian,Kwame Brown,Rasheed Wallace,Richard Hamilton,Tayshaun Prince,Will Bynum,1,3:11,NJN,shot,,,,,,,,,,Yi Jianlian,,,,missed,,3pt,42,25
Chris Douglas-Roberts,Devin Harris,Jarvis Hayes,Ryan Anderson,Yi Jianlian,Kwame Brown,Rasheed Wallace,Richard Hamilton,Tayshaun Prince,Will Bynum,1,3:11,DET,rebound,,,,,,,,,,Rasheed Wallace,,,,,,def,,
Chris Douglas-Roberts,Devin Harris,Jarvis Hayes,Ryan Anderson,Yi Jianlian,Kwame Brown,Rasheed Wallace,Richard Hamilton,Tayshaun Prince,Will Bynum,1,2:52,DET,shot,,,,,,,,,,Tayshaun Prince,2,,,made,,hook,17,9
Chris Douglas-Roberts,Devin Harris,Jarvis Hayes,Ryan Anderson,Yi Jianlian,Kwame Brown,Rasheed Wallace,Richard Hamilton,Tayshaun Prince,Will Bynum,1,2:46,NJN,timeout,,,,,,,,,,,,,,,,regular,,
Chris Douglas-Roberts,Devin Harris,Jarvis Hayes,Ryan Anderson,Yi Jianlian,Kwame Brown,Rasheed Wallace,Richard Hamilton,Tayshaun Prince,Will Bynum,1,2:28,NJN,shot,,,,,,,,,,Chris Douglas-Roberts,,,,missed,,fade away jumper,38,10
Chris Douglas-Roberts,Devin Harris,Jarvis Hayes,Ryan Anderson,Yi Jianlian,Kwame Brown,Rasheed Wallace,Richard Hamilton,Tayshaun Prince,Will Bynum,1,2:27,DET,rebound,,,,,,,,,,Kwame Brown,,,,,,def,,
Chris Douglas-Roberts,Devin Harris,Jarvis Hayes,Ryan Anderson,Yi Jianlian,Kwame Brown,Rasheed Wallace,Richard Hamilton,Tayshaun Prince,Will Bynum,1,2:10,DET,shot,,,,,,,,,,Rasheed Wallace,,,,missed,,3pt,8,26
Chris Douglas-Roberts,Devin Harris,Jarvis Hayes,Ryan Anderson,Yi Jianlian,Kwame Brown,Rasheed Wallace,Richard Hamilton,Tayshaun Prince,Will Bynum,1,2:09,NJN,rebound,,,,,,,,,,Devin Harris,,,,,,def,,
Chris Douglas-Roberts,Devin Harris,Jarvis Hayes,Ryan Anderson,Yi Jianlian,Kwame Brown,Rasheed Wallace,Richard Hamilton,Tayshaun Prince,Will Bynum,1,1:51,NJN,shot,,,Kwame Brown,,,,,,,Jarvis Hayes,,,,missed,,jump,36,9
Chris Douglas-Roberts,Devin Harris,Jarvis Hayes,Ryan Anderson,Yi Jianlian,Kwame Brown,Rasheed Wallace,Richard Hamilton,Tayshaun Prince,Will Bynum,1,1:51,NJN,rebound,,,,,,,,,,,,,,,,,,
Chris Douglas-Roberts,Devin Harris,Jarvis Hayes,Ryan Anderson,Yi Jianlian,Kwame Brown,Rasheed Wallace,Richard Hamilton,Tayshaun Prince,Will Bynum,1,1:51,DET,foul,,,,,,,,Yi Jianlian,,Richard Hamilton,,,,,,loose ball,,
Chris Douglas-Roberts,Jarvis Hayes,Keyon Dooling,Ryan Anderson,Yi Jianlian,Kwame Brown,Rasheed Wallace,Richard Hamilton,Tayshaun Prince,Will Bynum,1,1:51,NJN,sub,,,,Keyon Dooling,,Devin Harris,,,,,,,,,,,,
Chris Douglas-Roberts,Jarvis Hayes,Keyon Dooling,Ryan Anderson,Yi Jianlian,Kwame Brown,Rasheed Wallace,Richard Hamilton,Tayshaun Prince,Will Bynum,1,1:51,NJN,free throw,,,,,,,1,,2,Yi Jianlian,,,foul,made,,,,
Chris Douglas-Roberts,Jarvis Hayes,Josh Boone,Keyon Dooling,Yi Jianlian,Kwame Brown,Rasheed Wallace,Richard Hamilton,Tayshaun Prince,Will Bynum,1,1:51,NJN,sub,,,,Josh Boone,,Ryan Anderson,,,,,,,,,,,,
Chris Douglas-Roberts,Jarvis Hayes,Josh Boone,Keyon Dooling,Yi Jianlian,Kwame Brown,Rasheed Wallace,Richard Hamilton,Tayshaun Prince,Will Bynum,1,1:51,NJN,free throw,,,,,,,2,,2,Yi Jianlian,,,foul,missed,,,,
Chris Douglas-Roberts,Jarvis Hayes,Josh Boone,Keyon Dooling,Yi Jianlian,Kwame Brown,Rasheed Wallace,Richard Hamilton,Tayshaun Prince,Will Bynum,1,1:50,DET,rebound,,,,,,,,,,Kwame Brown,,,,,,def,,
Chris Douglas-Roberts,Jarvis Hayes,Josh Boone,Keyon Dooling,Yi Jianlian,Kwame Brown,Rasheed Wallace,Richard Hamilton,Tayshaun Prince,Will Bynum,1,1:27,DET,shot,,,,,,,,,,Will Bynum,2,,,made,,jump,21,25
Chris Douglas-Roberts,Jarvis Hayes,Josh Boone,Keyon Dooling,Yi Jianlian,Kwame Brown,Rasheed Wallace,Richard Hamilton,Tayshaun Prince,Will Bynum,1,1:01,NJN,shot,,,,,,,,,,Jarvis Hayes,,,,missed,,jump,45,7
Chris Douglas-Roberts,Jarvis Hayes,Josh Boone,Keyon Dooling,Yi Jianlian,Kwame Brown,Rasheed Wallace,Richard Hamilton,Tayshaun Prince,Will Bynum,1,0:59,DET,rebound,,,,,,,,,,Kwame Brown,,,,,,def,,
Chris Douglas-Roberts,Jarvis Hayes,Josh Boone,Keyon Dooling,Yi Jianlian,Kwame Brown,Rasheed Wallace,Richard Hamilton,Tayshaun Prince,Will Bynum,1,0:52,DET,shot,,,,,,,,,,Will Bynum,,,,missed,,jump,10,14
Chris Douglas-Roberts,Jarvis Hayes,Josh Boone,Keyon Dooling,Yi Jianlian,Kwame Brown,Rasheed Wallace,Richard Hamilton,Tayshaun Prince,Will Bynum,1,0:51,NJN,rebound,,,,,,,,,,Yi Jianlian,,,,,,def,,
Chris Douglas-Roberts,Jarvis Hayes,Josh Boone,Keyon Dooling,Yi Jianlian,Kwame Brown,Rasheed Wallace,Richard Hamilton,Tayshaun Prince,Will Bynum,1,0:35,NJN,shot,Chris Douglas-Roberts,,,,,,,,,Yi Jianlian,3,,,made,,3pt,18,31
Chris Douglas-Roberts,Jarvis Hayes,Josh Boone,Keyon Dooling,Yi Jianlian,Kwame Brown,Rasheed Wallace,Richard Hamilton,Tayshaun Prince,Will Bynum,1,0:16,DET,shot,Will Bynum,,,,,,,,,Rasheed Wallace,3,,,made,,3pt,47,10
Chris Douglas-Roberts,Jarvis Hayes,Josh Boone,Keyon Dooling,Yi Jianlian,Kwame Brown,Rasheed Wallace,Richard Hamilton,Tayshaun Prince,Will Bynum,1,0:00,NJN,shot,,,,,,,,,,Keyon Dooling,2,,,made,,jump,18,25
Chris Douglas-Roberts,Jarvis Hayes,Josh Boone,Keyon Dooling,Yi Jianlian,Kwame Brown,Rasheed Wallace,Richard Hamilton,Tayshaun Prince,Will Bynum,1,0:00,DET,shot,,,,,,,,,,Will Bynum,,,,missed,,3pt,31,68
Chris Douglas-Roberts,Jarvis Hayes,Josh Boone,Keyon Dooling,Yi Jianlian,Kwame Brown,Rasheed Wallace,Richard Hamilton,Tayshaun Prince,Will Bynum,1,0:00,DET,rebound,,,,,,,,,,,,,,,,,,
Chris Douglas-Roberts,Jarvis Hayes,Josh Boone,Keyon Dooling,Yi Jianlian,Jason Maxiell,Kwame Brown,Richard Hamilton,Walter Herrmann,Will Bynum,2,11:41,NJN,foul,,,,,,,,Richard Hamilton,,Keyon Dooling,,,,,,personal,,
Chris Douglas-Roberts,Jarvis Hayes,Josh Boone,Keyon Dooling,Yi Jianlian,Jason Maxiell,Kwame Brown,Richard Hamilton,Walter Herrmann,Will Bynum,2,11:35,DET,shot,Richard Hamilton,,,,,,,,,Kwame Brown,2,,,made,,layup,25,6
Chris Douglas-Roberts,Jarvis Hayes,Josh Boone,Keyon Dooling,Yi Jianlian,Jason Maxiell,Kwame Brown,Richard Hamilton,Walter Herrmann,Will Bynum,2,11:35,NJN,foul,,,,,,,,Kwame Brown,,Josh Boone,,,,,,shooting,,
Chris Douglas-Roberts,Jarvis Hayes,Josh Boone,Keyon Dooling,Yi Jianlian,Jason Maxiell,Kwame Brown,Richard Hamilton,Walter Herrmann,Will Bynum,2,11:35,DET,free throw,,,,,,,1,,1,Kwame Brown,,,foul,made,,,,
Chris Douglas-Roberts,Jarvis Hayes,Josh Boone,Keyon Dooling,Yi Jianlian,Jason Maxiell,Kwame Brown,Richard Hamilton,Walter Herrmann,Will Bynum,2,11:19,NJN,shot,,,,,,,,,,Yi Jianlian,,,,missed,,3pt,46,19
Chris Douglas-Roberts,Jarvis Hayes,Josh Boone,Keyon Dooling,Yi Jianlian,Jason Maxiell,Kwame Brown,Richard Hamilton,Walter Herrmann,Will Bynum,2,11:18,DET,rebound,,,,,,,,,,Kwame Brown,,,,,,def,,
Chris Douglas-Roberts,Jarvis Hayes,Josh Boone,Keyon Dooling,Yi Jianlian,Jason Maxiell,Kwame Brown,Richard Hamilton,Walter Herrmann,Will Bynum,2,11:04,DET,shot,,,,,,,,,,Richard Hamilton,,,,missed,,jump,9,12
Chris Douglas-Roberts,Jarvis Hayes,Josh Boone,Keyon Dooling,Yi Jianlian,Jason Maxiell,Kwame Brown,Richard Hamilton,Walter Herrmann,Will Bynum,2,11:03,DET,rebound,,,,,,,,,,Jason Maxiell,,,,,,off,,
Chris Douglas-Roberts,Jarvis Hayes,Josh Boone,Keyon Dooling,Yi Jianlian,Jason Maxiell,Kwame Brown,Richard Hamilton,Walter Herrmann,Will Bynum,2,10:50,DET,shot,,,,,,,,,,Will Bynum,,,,missed,,jump,21,26
Chris Douglas-Roberts,Jarvis Hayes,Josh Boone,Keyon Dooling,Yi Jianlian,Jason Maxiell,Kwame Brown,Richard Hamilton,Walter Herrmann,Will Bynum,2,10:49,NJN,rebound,,,,,,,,,,Yi Jianlian,,,,,,def,,
Chris Douglas-Roberts,Jarvis Hayes,Josh Boone,Keyon Dooling,Yi Jianlian,Jason Maxiell,Kwame Brown,Richard Hamilton,Walter Herrmann,Will Bynum,2,10:35,NJN,shot,,,,,,,,,,Keyon Dooling,2,,,made,,pullup jump,12,18
Chris Douglas-Roberts,Jarvis Hayes,Josh Boone,Keyon Dooling,Yi Jianlian,Jason Maxiell,Kwame Brown,Richard Hamilton,Walter Herrmann,Will Bynum,2,10:11,DET,shot,,,,,,,,,,Walter Herrmann,,,,missed,,3pt,41,28
Chris Douglas-Roberts,Jarvis Hayes,Josh Boone,Keyon Dooling,Yi Jianlian,Jason Maxiell,Kwame Brown,Richard Hamilton,Walter Herrmann,Will Bynum,2,10:10,DET,rebound,,,,,,,,,,Jason Maxiell,,,,,,off,,
Chris Douglas-Roberts,Jarvis Hayes,Josh Boone,Keyon Dooling,Yi Jianlian,Jason Maxiell,Kwame Brown,Richard Hamilton,Walter Herrmann,Will Bynum,2,10:08,DET,shot,,,,,,,,,,Jason Maxiell,2,,,made,,layup,25,6
Chris Douglas-Roberts,Jarvis Hayes,Josh Boone,Keyon Dooling,Yi Jianlian,Jason Maxiell,Kwame Brown,Richard Hamilton,Walter Herrmann,Will Bynum,2,9:56,NJN,shot,,,,,,,,,,Jarvis Hayes,,,,missed,,jump,15,22
Chris Douglas-Roberts,Jarvis Hayes,Josh Boone,Keyon Dooling,Yi Jianlian,Jason Maxiell,Kwame Brown,Richard Hamilton,Walter Herrmann,Will Bynum,2,9:55,DET,rebound,,,,,,,,,,Richard Hamilton,,,,,,def,,
Chris Douglas-Roberts,Jarvis Hayes,Josh Boone,Keyon Dooling,Yi Jianlian,Jason Maxiell,Kwame Brown,Richard Hamilton,Walter Herrmann,Will Bynum,2,9:44,DET,shot,,,,,,,,,,Jason Maxiell,,,,missed,,layup,25,6
Chris Douglas-Roberts,Jarvis Hayes,Josh Boone,Keyon Dooling,Yi Jianlian,Jason Maxiell,Kwame Brown,Richard Hamilton,Walter Herrmann,Will Bynum,2,9:43,NJN,rebound,,,,,,,,,,Josh Boone,,,,,,def,,
Chris Douglas-Roberts,Jarvis Hayes,Josh Boone,Keyon Dooling,Yi Jianlian,Jason Maxiell,Kwame Brown,Richard Hamilton,Walter Herrmann,Will Bynum,2,9:38,NJN,shot,Keyon Dooling,,,,,,,,,Chris Douglas-Roberts,2,,,made,,driving layup,25,6
Chris Douglas-Roberts,Jarvis Hayes,Josh Boone,Keyon Dooling,Yi Jianlian,Jason Maxiell,Kwame Brown,Richard Hamilton,Walter Herrmann,Will Bynum,2,9:10,DET,shot,Richard Hamilton,,,,,,,,,Jason Maxiell,2,,,made,,jump,22,24
Chris Douglas-Roberts,Jarvis Hayes,Josh Boone,Keyon Dooling,Yi Jianlian,Jason Maxiell,Kwame Brown,Richard Hamilton,Walter Herrmann,Will Bynum,2,8:50,NJN,shot,,,,,,,,,,Keyon Dooling,2,,,made,,running jump,43,9
Chris Douglas-Roberts,Jarvis Hayes,Josh Boone,Keyon Dooling,Yi Jianlian,Jason Maxiell,Kwame Brown,Richard Hamilton,Walter Herrmann,Will Bynum,2,8:27,DET,shot,Richard Hamilton,,,,,,,,,Will Bynum,3,,,made,,3pt,45,24
Chris Douglas-Roberts,Jarvis Hayes,Josh Boone,Keyon Dooling,Yi Jianlian,Jason Maxiell,Kwame Brown,Richard Hamilton,Walter Herrmann,Will Bynum,2,8:16,DET,foul,,,,,,,,Keyon Dooling,,Will Bynum,,,,,,personal,,
Chris Douglas-Roberts,Jarvis Hayes,Josh Boone,Keyon Dooling,Yi Jianlian,Jason Maxiell,Kwame Brown,Richard Hamilton,Walter Herrmann,Will Bynum,2,8:16,OFF,timeout,,,,,,,,,,,,,,,,official,,
Bobby Simmons,Chris Douglas-Roberts,Jarvis Hayes,Josh Boone,Keyon Dooling,Jason Maxiell,Kwame Brown,Richard Hamilton,Walter Herrmann,Will Bynum,2,8:16,NJN,sub,,,,Bobby Simmons,,Yi Jianlian,,,,,,,,,,,,
Bobby Simmons,Chris Douglas-Roberts,Jarvis Hayes,Josh Boone,Keyon Dooling,Antonio McDyess,Jason Maxiell,Richard Hamilton,Walter Herrmann,Will Bynum,2,8:16,DET,sub,,,,Antonio McDyess,,Kwame Brown,,,,,,,,,,,,
Bobby Simmons,Chris Douglas-Roberts,Jarvis Hayes,Josh Boone,Keyon Dooling,Antonio McDyess,Arron Afflalo,Jason Maxiell,Walter Herrmann,Will Bynum,2,8:16,DET,sub,,,,Arron Afflalo,,Richard Hamilton,,,,,,,,,,,,
Bobby Simmons,Chris Douglas-Roberts,Jarvis Hayes,Josh Boone,Keyon Dooling,Antonio McDyess,Arron Afflalo,Jason Maxiell,Walter Herrmann,Will Bynum,2,8:10,NJN,shot,Josh Boone,,,,,,,,,Keyon Dooling,2,,,made,,layup,25,6
Bobby Simmons,Chris Douglas-Roberts,Jarvis Hayes,Josh Boone,Keyon Dooling,Antonio McDyess,Arron Afflalo,Jason Maxiell,Walter Herrmann,Will Bynum,2,7:55,DET,turnover,,,,,,,,,,Will Bynum,,,traveling,,,,,
Bobby Simmons,Chris Douglas-Roberts,Jarvis Hayes,Josh Boone,Keyon Dooling,Antonio McDyess,Arron Afflalo,Jason Maxiell,Walter Herrmann,Will Bynum,2,7:32,NJN,shot,,,,,,,,,,Josh Boone,,,,missed,,layup,25,6
Bobby Simmons,Chris Douglas-Roberts,Jarvis Hayes,Josh Boone,Keyon Dooling,Antonio McDyess,Arron Afflalo,Jason Maxiell,Walter Herrmann,Will Bynum,2,7:31,DET,rebound,,,,,,,,,,Walter Herrmann,,,,,,def,,
Bobby Simmons,Chris Douglas-Roberts,Jarvis Hayes,Josh Boone,Keyon Dooling,Antonio McDyess,Arron Afflalo,Jason Maxiell,Walter Herrmann,Will Bynum,2,7:17,DET,shot,,,,,,,,,,Will Bynum,2,,,made,,driving layup,25,6
Bobby Simmons,Chris Douglas-Roberts,Jarvis Hayes,Josh Boone,Keyon Dooling,Antonio McDyess,Arron Afflalo,Jason Maxiell,Walter Herrmann,Will Bynum,2,7:00,NJN,shot,,,,,,,,,,Chris Douglas-Roberts,,,,missed,,jump,8,16
Bobby Simmons,Chris Douglas-Roberts,Jarvis Hayes,Josh Boone,Keyon Dooling,Antonio McDyess,Arron Afflalo,Jason Maxiell,Walter Herrmann,Will Bynum,2,6:59,DET,rebound,,,,,,,,,,Walter Herrmann,,,,,,def,,
Bobby Simmons,Chris Douglas-Roberts,Jarvis Hayes,Josh Boone,Keyon Dooling,Antonio McDyess,Arron Afflalo,Jason Maxiell,Walter Herrmann,Will Bynum,2,6:49,NJN,foul,,,,,,,,Walter Herrmann,,Jarvis Hayes,,,,,,shooting,,
Bobby Simmons,Jarvis Hayes,Josh Boone,Keyon Dooling,Vince Carter,Antonio McDyess,Arron Afflalo,Jason Maxiell,Walter Herrmann,Will Bynum,2,6:49,NJN,sub,,,,Vince Carter,,Chris Douglas-Roberts,,,,,,,,,,,,
Bobby Simmons,Brook Lopez,Jarvis Hayes,Keyon Dooling,Vince Carter,Antonio McDyess,Arron Afflalo,Jason Maxiell,Walter Herrmann,Will Bynum,2,6:49,NJN,sub,,,,Brook Lopez,,Josh Boone,,,,,,,,,,,,
Bobby Simmons,Brook Lopez,Jarvis Hayes,Keyon Dooling,Vince Carter,Antonio McDyess,Arron Afflalo,Jason Maxiell,Walter Herrmann,Will Bynum,2,6:49,DET,free throw,,,,,,,1,,2,Walter Herrmann,,,foul,made,,,,
Bobby Simmons,Brook Lopez,Jarvis Hayes,Keyon Dooling,Vince Carter,Antonio McDyess,Arron Afflalo,Jason Maxiell,Walter Herrmann,Will Bynum,2,6:49,DET,free throw,,,,,,,2,,2,Walter Herrmann,,,foul,made,,,,
Bobby Simmons,Brook Lopez,Jarvis Hayes,Keyon Dooling,Vince Carter,Antonio McDyess,Arron Afflalo,Jason Maxiell,Walter Herrmann,Will Bynum,2,6:35,NJN,shot,,,,,,,,,,Jarvis Hayes,,,,missed,,3pt,49,6
Bobby Simmons,Brook Lopez,Jarvis Hayes,Keyon Dooling,Vince Carter,Antonio McDyess,Arron Afflalo,Jason Maxiell,Walter Herrmann,Will Bynum,2,6:34,DET,rebound,,,,,,,,,,Will Bynum,,,,,,def,,
Bobby Simmons,Brook Lopez,Jarvis Hayes,Keyon Dooling,Vince Carter,Antonio McDyess,Arron Afflalo,Jason Maxiell,Walter Herrmann,Will Bynum,2,6:29,NJN,foul,,,,,,,,Jason Maxiell,,Vince Carter,,,,,,shooting,,
Bobby Simmons,Brook Lopez,Jarvis Hayes,Keyon Dooling,Vince Carter,Antonio McDyess,Arron Afflalo,Jason Maxiell,Walter Herrmann,Will Bynum,2,6:29,DET,free throw,,,,,,,1,,2,Jason Maxiell,,,foul,missed,,,,
Bobby Simmons,Brook Lopez,Jarvis Hayes,Keyon Dooling,Vince Carter,Antonio McDyess,Arron Afflalo,Jason Maxiell,Walter Herrmann,Will Bynum,2,6:29,DET,rebound,,,,,,,,,,,,,,,,,,
Bobby Simmons,Brook Lopez,Jarvis Hayes,Keyon Dooling,Vince Carter,Antonio McDyess,Arron Afflalo,Jason Maxiell,Walter Herrmann,Will Bynum,2,6:29,DET,free throw,,,,,,,2,,2,Jason Maxiell,,,foul,made,,,,
Bobby Simmons,Brook Lopez,Jarvis Hayes,Keyon Dooling,Vince Carter,Antonio McDyess,Arron Afflalo,Jason Maxiell,Walter Herrmann,Will Bynum,2,6:18,NJN,shot,,,Jason Maxiell,,,,,,,Keyon Dooling,,,,missed,,jump,40,11
Bobby Simmons,Brook Lopez,Jarvis Hayes,Keyon Dooling,Vince Carter,Antonio McDyess,Arron Afflalo,Jason Maxiell,Walter Herrmann,Will Bynum,2,6:16,DET,rebound,,,,,,,,,,Walter Herrmann,,,,,,def,,
Bobby Simmons,Brook Lopez,Jarvis Hayes,Keyon Dooling,Vince Carter,Antonio McDyess,Arron Afflalo,Jason Maxiell,Walter Herrmann,Will Bynum,2,6:03,DET,shot,,,,,,,,,,Antonio McDyess,,,,missed,,jump,6,11
Bobby Simmons,Brook Lopez,Jarvis Hayes,Keyon Dooling,Vince Carter,Antonio McDyess,Arron Afflalo,Jason Maxiell,Walter Herrmann,Will Bynum,2,6:02,NJN,rebound,,,,,,,,,,Vince Carter,,,,,,def,,
Bobby Simmons,Brook Lopez,Jarvis Hayes,Keyon Dooling,Vince Carter,Antonio McDyess,Arron Afflalo,Jason Maxiell,Walter Herrmann,Will Bynum,2,5:46,NJN,shot,,,,,,,,,,Jarvis Hayes,,,,missed,,layup,25,6
Bobby Simmons,Brook Lopez,Jarvis Hayes,Keyon Dooling,Vince Carter,Antonio McDyess,Arron Afflalo,Jason Maxiell,Walter Herrmann,Will Bynum,2,5:44,DET,rebound,,,,,,,,,,Walter Herrmann,,,,,,def,,
Bobby Simmons,Brook Lopez,Jarvis Hayes,Keyon Dooling,Vince Carter,Antonio McDyess,Arron Afflalo,Jason Maxiell,Walter Herrmann,Will Bynum,2,5:24,DET,shot,Will Bynum,,,,,,,,,Arron Afflalo,2,,,made,,jump,43,8
Bobby Simmons,Brook Lopez,Jarvis Hayes,Keyon Dooling,Vince Carter,Antonio McDyess,Arron Afflalo,Jason Maxiell,Walter Herrmann,Will Bynum,2,5:18,NJN,timeout,,,,,,,,,,,,,,,,regular,,
Bobby Simmons,Brook Lopez,Devin Harris,Jarvis Hayes,Vince Carter,Antonio McDyess,Arron Afflalo,Jason Maxiell,Walter Herrmann,Will Bynum,2,5:18,NJN,sub,,,,Devin Harris,,Keyon Dooling,,,,,,,,,,,,
Bobby Simmons,Brook Lopez,Devin Harris,Ryan Anderson,Vince Carter,Antonio McDyess,Arron Afflalo,Jason Maxiell,Walter Herrmann,Will Bynum,2,5:18,NJN,sub,,,,Ryan Anderson,,Jarvis Hayes,,,,,,,,,,,,
Bobby Simmons,Brook Lopez,Devin Harris,Ryan Anderson,Vince Carter,Antonio McDyess,Arron Afflalo,Jason Maxiell,Walter Herrmann,Will Bynum,2,5:07,NJN,shot,,,,,,,,,,Vince Carter,,,,missed,,3pt,16,30
Bobby Simmons,Brook Lopez,Devin Harris,Ryan Anderson,Vince Carter,Antonio McDyess,Arron Afflalo,Jason Maxiell,Walter Herrmann,Will Bynum,2,5:06,NJN,rebound,,,,,,,,,,Bobby Simmons,,,,,,off,,
Bobby Simmons,Brook Lopez,Devin Harris,Ryan Anderson,Vince Carter,Antonio McDyess,Arron Afflalo,Jason Maxiell,Walter Herrmann,Will Bynum,2,4:52,NJN,shot,,,,,,,,,,Ryan Anderson,,,,missed,,3pt,2,13
Bobby Simmons,Brook Lopez,Devin Harris,Ryan Anderson,Vince Carter,Antonio McDyess,Arron Afflalo,Jason Maxiell,Walter Herrmann,Will Bynum,2,4:51,DET,rebound,,,,,,,,,,Arron Afflalo,,,,,,def,,
Bobby Simmons,Brook Lopez,Devin Harris,Ryan Anderson,Vince Carter,Antonio McDyess,Arron Afflalo,Jason Maxiell,Walter Herrmann,Will Bynum,2,4:26,DET,shot,,,,,,,,,,Walter Herrmann,,,,missed,,3pt,1,7
Bobby Simmons,Brook Lopez,Devin Harris,Ryan Anderson,Vince Carter,Antonio McDyess,Arron Afflalo,Jason Maxiell,Walter Herrmann,Will Bynum,2,4:25,NJN,rebound,,,,,,,,,,Devin Harris,,,,,,def,,
Bobby Simmons,Brook Lopez,Devin Harris,Ryan Anderson,Vince Carter,Antonio McDyess,Arron Afflalo,Jason Maxiell,Walter Herrmann,Will Bynum,2,4:17,DET,foul,,,,,,,,Vince Carter,,Antonio McDyess,,,,,,shooting,,
Bobby Simmons,Brook Lopez,Devin Harris,Ryan Anderson,Vince Carter,Antonio McDyess,Arron Afflalo,Jason Maxiell,Walter Herrmann,Will Bynum,2,4:17,NJN,free throw,,,,,,,1,,2,Vince Carter,,,foul,made,,,,
Bobby Simmons,Brook Lopez,Devin Harris,Ryan Anderson,Vince Carter,Arron Afflalo,Jason Maxiell,Rasheed Wallace,Walter Herrmann,Will Bynum,2,4:17,DET,sub,,,,Rasheed Wallace,,Antonio McDyess,,,,,,,,,,,,
Bobby Simmons,Brook Lopez,Devin Harris,Ryan Anderson,Vince Carter,Arron Afflalo,Jason Maxiell,Rasheed Wallace,Walter Herrmann,Will Bynum,2,4:17,NJN,free throw,,,,,,,2,,2,Vince Carter,,,foul,made,,,,
Bobby Simmons,Brook Lopez,Devin Harris,Ryan Anderson,Vince Carter,Arron Afflalo,Jason Maxiell,Rasheed Wallace,Walter Herrmann,Will Bynum,2,4:12,DET,shot,Will Bynum,,,,,,,,,Jason Maxiell,2,,,made,,alley oop layup,25,6
Bobby Simmons,Brook Lopez,Devin Harris,Ryan Anderson,Vince Carter,Arron Afflalo,Jason Maxiell,Rasheed Wallace,Walter Herrmann,Will Bynum,2,4:01,NJN,turnover,,,,,,,,,,Devin Harris,,,bad pass,,Jason Maxiell,,,
Bobby Simmons,Brook Lopez,Devin Harris,Ryan Anderson,Vince Carter,Arron Afflalo,Jason Maxiell,Rasheed Wallace,Walter Herrmann,Will Bynum,2,3:37,NJN,foul,,,,,,,,Will Bynum,,Vince Carter,,,,,,shooting,,
Bobby Simmons,Brook Lopez,Devin Harris,Ryan Anderson,Vince Carter,Arron Afflalo,Jason Maxiell,Rasheed Wallace,Walter Herrmann,Will Bynum,2,3:37,DET,free throw,,,,,,,1,,2,Will Bynum,,,foul,made,,,,
Bobby Simmons,Brook Lopez,Devin Harris,Ryan Anderson,Vince Carter,Arron Afflalo,Jason Maxiell,Rasheed Wallace,Walter Herrmann,Will Bynum,2,3:37,DET,free throw,,,,,,,2,,2,Will Bynum,,,foul,made,,,,
Bobby Simmons,Brook Lopez,Devin Harris,Ryan Anderson,Vince Carter,Arron Afflalo,Jason Maxiell,Rasheed Wallace,Walter Herrmann,Will Bynum,2,3:24,DET,foul,,,,,,,,Bobby Simmons,,Will Bynum,,,,,,personal,,
Bobby Simmons,Brook Lopez,Devin Harris,Ryan Anderson,Vince Carter,Arron Afflalo,Jason Maxiell,Rasheed Wallace,Walter Herrmann,Will Bynum,2,3:16,NJN,shot,,,,,,,,,,Vince Carter,,,,missed,,turnaround jump,13,11
Bobby Simmons,Brook Lopez,Devin Harris,Ryan Anderson,Vince Carter,Arron Afflalo,Jason Maxiell,Rasheed Wallace,Walter Herrmann,Will Bynum,2,3:14,DET,rebound,,,,,,,,,,Walter Herrmann,,,,,,def,,
Bobby Simmons,Brook Lopez,Devin Harris,Ryan Anderson,Vince Carter,Arron Afflalo,Jason Maxiell,Rasheed Wallace,Walter Herrmann,Will Bynum,2,3:07,DET,shot,,,,,,,,,,Rasheed Wallace,,,,missed,,3pt,8,25
Bobby Simmons,Brook Lopez,Devin Harris,Ryan Anderson,Vince Carter,Arron Afflalo,Jason Maxiell,Rasheed Wallace,Walter Herrmann,Will Bynum,2,3:06,NJN,rebound,,,,,,,,,,Vince Carter,,,,,,def,,
Bobby Simmons,Brook Lopez,Devin Harris,Ryan Anderson,Vince Carter,Arron Afflalo,Jason Maxiell,Rasheed Wallace,Walter Herrmann,Will Bynum,2,3:00,NJN,shot,,,,,,,,,,Vince Carter,,,,missed,,3pt,17,32
Bobby Simmons,Brook Lopez,Devin Harris,Ryan Anderson,Vince Carter,Arron Afflalo,Jason Maxiell,Rasheed Wallace,Walter Herrmann,Will Bynum,2,2:59,DET,rebound,,,,,,,,,,,,,,,,,,
Bobby Simmons,Brook Lopez,Devin Harris,Ryan Anderson,Vince Carter,Arron Afflalo,Jason Maxiell,Rasheed Wallace,Walter Herrmann,Will Bynum,2,2:59,DET,timeout,,,,,,,,,,,,,,,,regular,,
Bobby Simmons,Brook Lopez,Devin Harris,Ryan Anderson,Vince Carter,Arron Afflalo,Jason Maxiell,Rasheed Wallace,Walter Herrmann,Will Bynum,2,2:39,DET,shot,,,Brook Lopez,,,,,,,Walter Herrmann,,,,missed,,layup,25,6
Bobby Simmons,Brook Lopez,Devin Harris,Ryan Anderson,Vince Carter,Arron Afflalo,Jason Maxiell,Rasheed Wallace,Walter Herrmann,Will Bynum,2,2:39,NJN,rebound,,,,,,,,,,Ryan Anderson,,,,,,def,,
Bobby Simmons,Brook Lopez,Devin Harris,Ryan Anderson,Vince Carter,Arron Afflalo,Jason Maxiell,Rasheed Wallace,Walter Herrmann,Will Bynum,2,2:39,DET,foul,,,,,,,,Ryan Anderson,,Rasheed Wallace,,,,,,personal,,
Bobby Simmons,Brook Lopez,Devin Harris,Ryan Anderson,Vince Carter,Arron Afflalo,Jason Maxiell,Rasheed Wallace,Walter Herrmann,Will Bynum,2,2:27,NJN,shot,,,,,,,,,,Devin Harris,,,,missed,,pullup jump,16,17
Bobby Simmons,Brook Lopez,Devin Harris,Ryan Anderson,Vince Carter,Arron Afflalo,Jason Maxiell,Rasheed Wallace,Walter Herrmann,Will Bynum,2,2:26,DET,rebound,,,,,,,,,,Rasheed Wallace,,,,,,def,,
Bobby Simmons,Brook Lopez,Devin Harris,Ryan Anderson,Vince Carter,Arron Afflalo,Jason Maxiell,Rasheed Wallace,Walter Herrmann,Will Bynum,2,2:15,DET,foul,,,,,,,,Devin Harris,,Jason Maxiell,,,,,,offensive,,
Bobby Simmons,Brook Lopez,Devin Harris,Ryan Anderson,Vince Carter,Arron Afflalo,Jason Maxiell,Rasheed Wallace,Walter Herrmann,Will Bynum,2,2:15,DET,turnover,,,,,,,,,,Jason Maxiell,,,foul,,,,,
Bobby Simmons,Brook Lopez,Devin Harris,Ryan Anderson,Vince Carter,Arron Afflalo,Jason Maxiell,Rasheed Wallace,Walter Herrmann,Will Bynum,2,2:00,NJN,shot,Devin Harris,,,,,,,,,Ryan Anderson,3,,,made,,3pt,48,10
Bobby Simmons,Brook Lopez,Devin Harris,Ryan Anderson,Vince Carter,Arron Afflalo,Jason Maxiell,Rasheed Wallace,Walter Herrmann,Will Bynum,2,1:40,DET,shot,,,,,,,,,,Will Bynum,2,,,made,,driving layup,25,6
Bobby Simmons,Brook Lopez,Devin Harris,Ryan Anderson,Vince Carter,Arron Afflalo,Jason Maxiell,Rasheed Wallace,Walter Herrmann,Will Bynum,2,1:15,NJN,shot,,,,,,,,,,Brook Lopez,,,,missed,,hook,16,8
Bobby Simmons,Brook Lopez,Devin Harris,Ryan Anderson,Vince Carter,Arron Afflalo,Jason Maxiell,Rasheed Wallace,Walter Herrmann,Will Bynum,2,1:14,DET,rebound,,,,,,,,,,Walter Herrmann,,,,,,def,,
Bobby Simmons,Brook Lopez,Devin Harris,Ryan Anderson,Vince Carter,Arron Afflalo,Jason Maxiell,Rasheed Wallace,Walter Herrmann,Will Bynum,2,0:58,DET,shot,,,,,,,,,,Jason Maxiell,,,,missed,,turnaround jump,36,10
Bobby Simmons,Brook Lopez,Devin Harris,Ryan Anderson,Vince Carter,Arron Afflalo,Jason Maxiell,Rasheed Wallace,Walter Herrmann,Will Bynum,2,0:57,NJN,rebound,,,,,,,,,,Vince Carter,,,,,,def,,
Bobby Simmons,Brook Lopez,Devin Harris,Ryan Anderson,Vince Carter,Arron Afflalo,Jason Maxiell,Rasheed Wallace,Walter Herrmann,Will Bynum,2,0:52,NJN,shot,,,,,,,,,,Devin Harris,,,,missed,,layup,25,6
Bobby Simmons,Brook Lopez,Devin Harris,Ryan Anderson,Vince Carter,Arron Afflalo,Jason Maxiell,Rasheed Wallace,Walter Herrmann,Will Bynum,2,0:51,DET,rebound,,,,,,,,,,Jason Maxiell,,,,,,def,,
Bobby Simmons,Brook Lopez,Devin Harris,Ryan Anderson,Vince Carter,Arron Afflalo,Jason Maxiell,Rasheed Wallace,Walter Herrmann,Will Bynum,2,0:46,DET,shot,,,,,,,,,,Arron Afflalo,2,,,made,,jump,31,19
Bobby Simmons,Brook Lopez,Devin Harris,Ryan Anderson,Vince Carter,Arron Afflalo,Jason Maxiell,Rasheed Wallace,Walter Herrmann,Will Bynum,2,0:29,NJN,shot,Vince Carter,,,,,,,,,Bobby Simmons,3,,,made,,3pt,46,20
Bobby Simmons,Brook Lopez,Devin Harris,Ryan Anderson,Vince Carter,Arron Afflalo,Jason Maxiell,Rasheed Wallace,Walter Herrmann,Will Bynum,2,0:06,DET,turnover,,,,,,,,,,Will Bynum,,,lost ball,,Ryan Anderson,,,
Bobby Simmons,Brook Lopez,Devin Harris,Ryan Anderson,Vince Carter,Arron Afflalo,Jason Maxiell,Rasheed Wallace,Walter Herrmann,Will Bynum,2,0:04,NJN,shot,,,,,,,,,,Ryan Anderson,2,,,made,,dunk,25,6
Bobby Simmons,Brook Lopez,Devin Harris,Ryan Anderson,Vince Carter,Arron Afflalo,Jason Maxiell,Rasheed Wallace,Walter Herrmann,Will Bynum,2,0:00,DET,shot,,,,,,,,,,Arron Afflalo,2,,,made,,jump,38,16
Brook Lopez,Devin Harris,Keyon Dooling,Ryan Anderson,Vince Carter,Antonio McDyess,Rasheed Wallace,Richard Hamilton,Rodney Stuckey,Tayshaun Prince,3,11:43,DET,shot,Antonio McDyess,,,,,,,,,Tayshaun Prince,2,,,made,,jump,8,13
Brook Lopez,Devin Harris,Keyon Dooling,Ryan Anderson,Vince Carter,Antonio McDyess,Rasheed Wallace,Richard Hamilton,Rodney Stuckey,Tayshaun Prince,3,11:23,NJN,shot,,,,,,,,,,Vince Carter,2,,,made,,pullup jump,34,15
Brook Lopez,Devin Harris,Keyon Dooling,Ryan Anderson,Vince Carter,Antonio McDyess,Rasheed Wallace,Richard Hamilton,Rodney Stuckey,Tayshaun Prince,3,11:11,NJN,foul,,,,,,,,Richard Hamilton,,Keyon Dooling,,,,,,personal,,
Brook Lopez,Devin Harris,Keyon Dooling,Ryan Anderson,Vince Carter,Antonio McDyess,Rasheed Wallace,Richard Hamilton,Rodney Stuckey,Tayshaun Prince,3,11:02,DET,shot,,,,,,,,,,Tayshaun Prince,,,,missed,,jump,9,13
Brook Lopez,Devin Harris,Keyon Dooling,Ryan Anderson,Vince Carter,Antonio McDyess,Rasheed Wallace,Richard Hamilton,Rodney Stuckey,Tayshaun Prince,3,11:01,DET,rebound,,,,,,,,,,,,,,,,,,
Brook Lopez,Devin Harris,Keyon Dooling,Ryan Anderson,Vince Carter,Antonio McDyess,Rasheed Wallace,Richard Hamilton,Rodney Stuckey,Tayshaun Prince,3,11:01,NJN,foul,,,,,,,,Antonio McDyess,,Devin Harris,,,,,,shooting,,
Brook Lopez,Devin Harris,Keyon Dooling,Ryan Anderson,Vince Carter,Antonio McDyess,Rasheed Wallace,Richard Hamilton,Rodney Stuckey,Tayshaun Prince,3,11:01,DET,free throw,,,,,,,1,,2,Antonio McDyess,,,foul,made,,,,
Brook Lopez,Devin Harris,Keyon Dooling,Ryan Anderson,Vince Carter,Antonio McDyess,Rasheed Wallace,Richard Hamilton,Rodney Stuckey,Tayshaun Prince,3,11:01,DET,free throw,,,,,,,2,,2,Antonio McDyess,,,foul,missed,,,,
Brook Lopez,Devin Harris,Keyon Dooling,Ryan Anderson,Vince Carter,Antonio McDyess,Rasheed Wallace,Richard Hamilton,Rodney Stuckey,Tayshaun Prince,3,11:00,NJN,rebound,,,,,,,,,,Vince Carter,,,,,,def,,
Brook Lopez,Devin Harris,Keyon Dooling,Ryan Anderson,Vince Carter,Antonio McDyess,Rasheed Wallace,Richard Hamilton,Rodney Stuckey,Tayshaun Prince,3,10:41,NJN,shot,,,,,,,,,,Keyon Dooling,,,,missed,,3pt,2,12
Brook Lopez,Devin Harris,Keyon Dooling,Ryan Anderson,Vince Carter,Antonio McDyess,Rasheed Wallace,Richard Hamilton,Rodney Stuckey,Tayshaun Prince,3,10:40,DET,rebound,,,,,,,,,,Antonio McDyess,,,,,,def,,
Brook Lopez,Devin Harris,Keyon Dooling,Ryan Anderson,Vince Carter,Antonio McDyess,Rasheed Wallace,Richard Hamilton,Rodney Stuckey,Tayshaun Prince,3,10:30,DET,shot,Rodney Stuckey,,,,,,,,,Antonio McDyess,2,,,made,,jump,16,21
Brook Lopez,Devin Harris,Keyon Dooling,Ryan Anderson,Vince Carter,Antonio McDyess,Rasheed Wallace,Richard Hamilton,Rodney Stuckey,Tayshaun Prince,3,9:59,NJN,shot,Vince Carter,,,,,,,,,Keyon Dooling,3,,,made,,3pt,9,27
Brook Lopez,Devin Harris,Keyon Dooling,Ryan Anderson,Vince Carter,Antonio McDyess,Rasheed Wallace,Richard Hamilton,Rodney Stuckey,Tayshaun Prince,3,9:33,DET,shot,Richard Hamilton,,,,,,,,,Rasheed Wallace,2,,,made,,dunk,25,6
Brook Lopez,Devin Harris,Keyon Dooling,Ryan Anderson,Vince Carter,Antonio McDyess,Rasheed Wallace,Richard Hamilton,Rodney Stuckey,Tayshaun Prince,3,9:08,NJN,shot,,,Rasheed Wallace,,,,,,,Ryan Anderson,,,,missed,,layup,25,6
Brook Lopez,Devin Harris,Keyon Dooling,Ryan Anderson,Vince Carter,Antonio McDyess,Rasheed Wallace,Richard Hamilton,Rodney Stuckey,Tayshaun Prince,3,9:06,NJN,rebound,,,,,,,,,,Ryan Anderson,,,,,,off,,
Brook Lopez,Devin Harris,Keyon Dooling,Ryan Anderson,Vince Carter,Antonio McDyess,Rasheed Wallace,Richard Hamilton,Rodney Stuckey,Tayshaun Prince,3,9:03,NJN,turnover,,,,,,,,,,Ryan Anderson,,,bad pass,,Rasheed Wallace,,,
Brook Lopez,Devin Harris,Keyon Dooling,Ryan Anderson,Vince Carter,Antonio McDyess,Rasheed Wallace,Richard Hamilton,Rodney Stuckey,Tayshaun Prince,3,8:57,DET,shot,,,Brook Lopez,,,,,,,Rodney Stuckey,,,,missed,,layup,25,6
Brook Lopez,Devin Harris,Keyon Dooling,Ryan Anderson,Vince Carter,Antonio McDyess,Rasheed Wallace,Richard Hamilton,Rodney Stuckey,Tayshaun Prince,3,8:54,NJN,rebound,,,,,,,,,,Brook Lopez,,,,,,def,,
Brook Lopez,Devin Harris,Keyon Dooling,Ryan Anderson,Vince Carter,Antonio McDyess,Rasheed Wallace,Richard Hamilton,Rodney Stuckey,Tayshaun Prince,3,8:41,NJN,shot,Devin Harris,,,,,,,,,Ryan Anderson,3,,,made,,3pt,20,33
Brook Lopez,Devin Harris,Keyon Dooling,Ryan Anderson,Vince Carter,Antonio McDyess,Rasheed Wallace,Richard Hamilton,Rodney Stuckey,Tayshaun Prince,3,8:25,DET,shot,Antonio McDyess,,,,,,,,,Richard Hamilton,2,,,made,,layup,25,6
Brook Lopez,Devin Harris,Keyon Dooling,Ryan Anderson,Vince Carter,Antonio McDyess,Rasheed Wallace,Richard Hamilton,Rodney Stuckey,Tayshaun Prince,3,8:10,NJN,shot,,,,,,,,,,Brook Lopez,2,,,made,,driving layup,25,6
Brook Lopez,Devin Harris,Keyon Dooling,Ryan Anderson,Vince Carter,Antonio McDyess,Rasheed Wallace,Richard Hamilton,Rodney Stuckey,Tayshaun Prince,3,7:47,NJN,foul,,,,,,,,Rodney Stuckey,,Keyon Dooling,,,,,,shooting,,
Brook Lopez,Devin Harris,Keyon Dooling,Ryan Anderson,Vince Carter,Antonio McDyess,Rasheed Wallace,Richard Hamilton,Rodney Stuckey,Tayshaun Prince,3,7:47,DET,free throw,,,,,,,1,,2,Rodney Stuckey,,,foul,made,,,,
Brook Lopez,Devin Harris,Keyon Dooling,Ryan Anderson,Vince Carter,Antonio McDyess,Rasheed Wallace,Richard Hamilton,Rodney Stuckey,Tayshaun Prince,3,7:47,DET,free throw,,,,,,,2,,2,Rodney Stuckey,,,foul,made,,,,
Brook Lopez,Devin Harris,Keyon Dooling,Ryan Anderson,Vince Carter,Antonio McDyess,Rasheed Wallace,Richard Hamilton,Rodney Stuckey,Tayshaun Prince,3,7:28,NJN,shot,,,,,,,,,,Devin Harris,,,,missed,,3pt,4,22
Brook Lopez,Devin Harris,Keyon Dooling,Ryan Anderson,Vince Carter,Antonio McDyess,Rasheed Wallace,Richard Hamilton,Rodney Stuckey,Tayshaun Prince,3,7:27,NJN,rebound,,,,,,,,,,Brook Lopez,,,,,,off,,
Brook Lopez,Devin Harris,Keyon Dooling,Ryan Anderson,Vince Carter,Antonio McDyess,Rasheed Wallace,Richard Hamilton,Rodney Stuckey,Tayshaun Prince,3,7:25,NJN,shot,,,Rasheed Wallace,,,,,,,Brook Lopez,,,,missed,,layup,25,6
Brook Lopez,Devin Harris,Keyon Dooling,Ryan Anderson,Vince Carter,Antonio McDyess,Rasheed Wallace,Richard Hamilton,Rodney Stuckey,Tayshaun Prince,3,7:24,DET,rebound,,,,,,,,,,Rasheed Wallace,,,,,,def,,
Brook Lopez,Devin Harris,Keyon Dooling,Ryan Anderson,Vince Carter,Antonio McDyess,Rasheed Wallace,Richard Hamilton,Rodney Stuckey,Tayshaun Prince,3,7:05,DET,shot,,,,,,,,,,Rasheed Wallace,,,,missed,,3pt,30,32
Brook Lopez,Devin Harris,Keyon Dooling,Ryan Anderson,Vince Carter,Antonio McDyess,Rasheed Wallace,Richard Hamilton,Rodney Stuckey,Tayshaun Prince,3,7:04,DET,rebound,,,,,,,,,,Rodney Stuckey,,,,,,off,,
Brook Lopez,Devin Harris,Keyon Dooling,Ryan Anderson,Vince Carter,Antonio McDyess,Rasheed Wallace,Richard Hamilton,Rodney Stuckey,Tayshaun Prince,3,6:54,DET,shot,,,,,,,,,,Rodney Stuckey,2,,,made,,driving layup,25,6
Brook Lopez,Devin Harris,Keyon Dooling,Ryan Anderson,Vince Carter,Antonio McDyess,Rasheed Wallace,Richard Hamilton,Rodney Stuckey,Tayshaun Prince,3,6:54,NJN,foul,,,,,,,,Rodney Stuckey,,Brook Lopez,,,,,,shooting,,
Brook Lopez,Chris Douglas-Roberts,Keyon Dooling,Ryan Anderson,Vince Carter,Antonio McDyess,Rasheed Wallace,Richard Hamilton,Rodney Stuckey,Tayshaun Prince,3,6:54,NJN,sub,,,,Chris Douglas-Roberts,,Devin Harris,,,,,,,,,,,,
Brook Lopez,Chris Douglas-Roberts,Jarvis Hayes,Ryan Anderson,Vince Carter,Antonio McDyess,Rasheed Wallace,Richard Hamilton,Rodney Stuckey,Tayshaun Prince,3,6:54,NJN,sub,,,,Jarvis Hayes,,Keyon Dooling,,,,,,,,,,,,
Brook Lopez,Chris Douglas-Roberts,Jarvis Hayes,Ryan Anderson,Vince Carter,Antonio McDyess,Rasheed Wallace,Richard Hamilton,Rodney Stuckey,Tayshaun Prince,3,6:54,DET,free throw,,,,,,,1,,1,Rodney Stuckey,,,foul,made,,,,
Brook Lopez,Chris Douglas-Roberts,Jarvis Hayes,Ryan Anderson,Vince Carter,Antonio McDyess,Rasheed Wallace,Richard Hamilton,Rodney Stuckey,Tayshaun Prince,3,6:35,NJN,shot,,,,,,,,,,Vince Carter,2,,,made,,jump,39,15
Brook Lopez,Chris Douglas-Roberts,Jarvis Hayes,Ryan Anderson,Vince Carter,Antonio McDyess,Rasheed Wallace,Richard Hamilton,Rodney Stuckey,Tayshaun Prince,3,6:20,DET,turnover,,,,,,,,,,Rodney Stuckey,,,bad pass,,,,,
Brook Lopez,Chris Douglas-Roberts,Jarvis Hayes,Ryan Anderson,Vince Carter,Antonio McDyess,Rasheed Wallace,Richard Hamilton,Rodney Stuckey,Tayshaun Prince,3,5:55,NJN,shot,Vince Carter,,,,,,,,,Ryan Anderson,3,,,made,,3pt,19,31
Brook Lopez,Chris Douglas-Roberts,Jarvis Hayes,Ryan Anderson,Vince Carter,Antonio McDyess,Rasheed Wallace,Richard Hamilton,Rodney Stuckey,Tayshaun Prince,3,5:28,DET,shot,,,,,,,,,,Tayshaun Prince,,,,missed,,layup,25,6
Brook Lopez,Chris Douglas-Roberts,Jarvis Hayes,Ryan Anderson,Vince Carter,Antonio McDyess,Rasheed Wallace,Richard Hamilton,Rodney Stuckey,Tayshaun Prince,3,5:27,NJN,rebound,,,,,,,,,,Brook Lopez,,,,,,def,,
Brook Lopez,Chris Douglas-Roberts,Jarvis Hayes,Ryan Anderson,Vince Carter,Antonio McDyess,Rasheed Wallace,Richard Hamilton,Rodney Stuckey,Tayshaun Prince,3,5:06,NJN,shot,,,,,,,,,,Ryan Anderson,,,,missed,,turnaround jump,29,12
Brook Lopez,Chris Douglas-Roberts,Jarvis Hayes,Ryan Anderson,Vince Carter,Antonio McDyess,Rasheed Wallace,Richard Hamilton,Rodney Stuckey,Tayshaun Prince,3,5:05,DET,rebound,,,,,,,,,,Richard Hamilton,,,,,,def,,
Brook Lopez,Chris Douglas-Roberts,Jarvis Hayes,Ryan Anderson,Vince Carter,Antonio McDyess,Rasheed Wallace,Richard Hamilton,Rodney Stuckey,Tayshaun Prince,3,4:55,DET,foul,,,,,,,,Chris Douglas-Roberts,,Rodney Stuckey,,,,,,offensive,,
Brook Lopez,Chris Douglas-Roberts,Jarvis Hayes,Ryan Anderson,Vince Carter,Antonio McDyess,Rasheed Wallace,Richard Hamilton,Rodney Stuckey,Tayshaun Prince,3,4:55,DET,turnover,,,,,,,,,,Rodney Stuckey,,,foul,,,,,
Brook Lopez,Chris Douglas-Roberts,Jarvis Hayes,Ryan Anderson,Vince Carter,Antonio McDyess,Rasheed Wallace,Richard Hamilton,Rodney Stuckey,Tayshaun Prince,3,4:55,DET,timeout,,,,,,,,,,,,,,,,regular,,
Brook Lopez,Chris Douglas-Roberts,Jarvis Hayes,Ryan Anderson,Vince Carter,Antonio McDyess,Rasheed Wallace,Richard Hamilton,Rodney Stuckey,Tayshaun Prince,3,4:43,NJN,shot,,,,,,,,,,Chris Douglas-Roberts,,,,missed,,layup,25,6
Brook Lopez,Chris Douglas-Roberts,Jarvis Hayes,Ryan Anderson,Vince Carter,Antonio McDyess,Rasheed Wallace,Richard Hamilton,Rodney Stuckey,Tayshaun Prince,3,4:42,DET,rebound,,,,,,,,,,Tayshaun Prince,,,,,,def,,
Brook Lopez,Chris Douglas-Roberts,Jarvis Hayes,Ryan Anderson,Vince Carter,Antonio McDyess,Rasheed Wallace,Richard Hamilton,Rodney Stuckey,Tayshaun Prince,3,4:18,DET,shot,Richard Hamilton,,,,,,,,,Antonio McDyess,2,,,made,,fade away jumper,10,11
Brook Lopez,Chris Douglas-Roberts,Jarvis Hayes,Ryan Anderson,Vince Carter,Antonio McDyess,Rasheed Wallace,Richard Hamilton,Rodney Stuckey,Tayshaun Prince,3,3:57,NJN,shot,,,,,,,,,,Jarvis Hayes,,,,missed,,3pt,49,9
Brook Lopez,Chris Douglas-Roberts,Jarvis Hayes,Ryan Anderson,Vince Carter,Antonio McDyess,Rasheed Wallace,Richard Hamilton,Rodney Stuckey,Tayshaun Prince,3,3:55,DET,rebound,,,,,,,,,,Antonio McDyess,,,,,,def,,
Brook Lopez,Chris Douglas-Roberts,Jarvis Hayes,Ryan Anderson,Vince Carter,Antonio McDyess,Rasheed Wallace,Richard Hamilton,Rodney Stuckey,Tayshaun Prince,3,3:53,DET,turnover,,,,,,,,,,Antonio McDyess,,,bad pass,,Jarvis Hayes,,,
Brook Lopez,Chris Douglas-Roberts,Jarvis Hayes,Ryan Anderson,Vince Carter,Antonio McDyess,Rasheed Wallace,Richard Hamilton,Rodney Stuckey,Tayshaun Prince,3,3:47,NJN,shot,Vince Carter,,,,,,,,,Chris Douglas-Roberts,2,,,made,,driving layup,25,6
Brook Lopez,Chris Douglas-Roberts,Jarvis Hayes,Ryan Anderson,Vince Carter,Antonio McDyess,Rasheed Wallace,Richard Hamilton,Rodney Stuckey,Tayshaun Prince,3,3:23,DET,shot,,,Brook Lopez,,,,,,,Richard Hamilton,,,,missed,,running jump,39,11
Brook Lopez,Chris Douglas-Roberts,Jarvis Hayes,Ryan Anderson,Vince Carter,Antonio McDyess,Rasheed Wallace,Richard Hamilton,Rodney Stuckey,Tayshaun Prince,3,3:21,NJN,rebound,,,,,,,,,,Ryan Anderson,,,,,,def,,
Brook Lopez,Chris Douglas-Roberts,Jarvis Hayes,Ryan Anderson,Vince Carter,Antonio McDyess,Rasheed Wallace,Richard Hamilton,Rodney Stuckey,Tayshaun Prince,3,3:17,NJN,shot,Ryan Anderson,,,,,,,,,Chris Douglas-Roberts,2,,,made,,layup,25,6
Brook Lopez,Chris Douglas-Roberts,Jarvis Hayes,Ryan Anderson,Vince Carter,Antonio McDyess,Rasheed Wallace,Richard Hamilton,Rodney Stuckey,Tayshaun Prince,3,3:00,NJN,foul,,,,,,,,Richard Hamilton,,Brook Lopez,,,,,,personal,,
Brook Lopez,Chris Douglas-Roberts,Jarvis Hayes,Ryan Anderson,Vince Carter,Antonio McDyess,Rasheed Wallace,Richard Hamilton,Rodney Stuckey,Tayshaun Prince,3,3:00,DET,free throw,,,,,,,1,,2,Richard Hamilton,,,foul,made,,,,
Chris Douglas-Roberts,Jarvis Hayes,Josh Boone,Ryan Anderson,Vince Carter,Antonio McDyess,Rasheed Wallace,Richard Hamilton,Rodney Stuckey,Tayshaun Prince,3,3:00,NJN,sub,,,,Josh Boone,,Brook Lopez,,,,,,,,,,,,
Chris Douglas-Roberts,Jarvis Hayes,Josh Boone,Ryan Anderson,Vince Carter,Antonio McDyess,Rasheed Wallace,Richard Hamilton,Rodney Stuckey,Tayshaun Prince,3,3:00,DET,free throw,,,,,,,2,,2,Richard Hamilton,,,foul,made,,,,
Chris Douglas-Roberts,Jarvis Hayes,Josh Boone,Ryan Anderson,Vince Carter,Antonio McDyess,Rasheed Wallace,Richard Hamilton,Rodney Stuckey,Tayshaun Prince,3,2:42,NJN,shot,Chris Douglas-Roberts,,,,,,,,,Ryan Anderson,2,,,made,,driving dunk,25,6
Chris Douglas-Roberts,Jarvis Hayes,Josh Boone,Ryan Anderson,Vince Carter,Antonio McDyess,Rasheed Wallace,Richard Hamilton,Rodney Stuckey,Tayshaun Prince,3,2:18,DET,shot,,,,,,,,,,Rasheed Wallace,2,,,made,,turnaround jump,14,10
Chris Douglas-Roberts,Jarvis Hayes,Josh Boone,Ryan Anderson,Vince Carter,Antonio McDyess,Rasheed Wallace,Richard Hamilton,Rodney Stuckey,Tayshaun Prince,3,2:05,NJN,shot,,,,,,,,,,Chris Douglas-Roberts,,,,missed,,layup,25,6
Chris Douglas-Roberts,Jarvis Hayes,Josh Boone,Ryan Anderson,Vince Carter,Antonio McDyess,Rasheed Wallace,Richard Hamilton,Rodney Stuckey,Tayshaun Prince,3,2:05,NJN,rebound,,,,,,,,,,Josh Boone,,,,,,off,,
Chris Douglas-Roberts,Jarvis Hayes,Josh Boone,Ryan Anderson,Vince Carter,Antonio McDyess,Rasheed Wallace,Richard Hamilton,Rodney Stuckey,Tayshaun Prince,3,2:05,DET,foul,,,,,,,,Josh Boone,,Rasheed Wallace,,,,,,shooting,,
Chris Douglas-Roberts,Jarvis Hayes,Josh Boone,Ryan Anderson,Vince Carter,Antonio McDyess,Rasheed Wallace,Richard Hamilton,Rodney Stuckey,Tayshaun Prince,3,2:05,NJN,timeout,,,,,,,,,,,,,,,,regular,,
Chris Douglas-Roberts,Jarvis Hayes,Josh Boone,Ryan Anderson,Vince Carter,Antonio McDyess,Rasheed Wallace,Richard Hamilton,Rodney Stuckey,Tayshaun Prince,3,2:05,NJN,free throw,,,,,,,1,,2,Josh Boone,,,foul,made,,,,
Chris Douglas-Roberts,Jarvis Hayes,Josh Boone,Ryan Anderson,Vince Carter,Antonio McDyess,Rasheed Wallace,Richard Hamilton,Rodney Stuckey,Tayshaun Prince,3,2:05,NJN,free throw,,,,,,,2,,2,Josh Boone,,,foul,made,,,,
Chris Douglas-Roberts,Jarvis Hayes,Josh Boone,Ryan Anderson,Vince Carter,Antonio McDyess,Rasheed Wallace,Richard Hamilton,Rodney Stuckey,Tayshaun Prince,3,1:53,NJN,foul,,,,,,,,Tayshaun Prince,,Vince Carter,,,,,,personal,,
Chris Douglas-Roberts,Jarvis Hayes,Josh Boone,Ryan Anderson,Vince Carter,Antonio McDyess,Rasheed Wallace,Richard Hamilton,Rodney Stuckey,Tayshaun Prince,3,1:53,DET,free throw,,,,,,,1,,2,Tayshaun Prince,,,foul,made,,,,
Chris Douglas-Roberts,Jarvis Hayes,Josh Boone,Ryan Anderson,Vince Carter,Antonio McDyess,Rasheed Wallace,Richard Hamilton,Rodney Stuckey,Tayshaun Prince,3,1:53,DET,free throw,,,,,,,2,,2,Tayshaun Prince,,,foul,made,,,,
Chris Douglas-Roberts,Jarvis Hayes,Josh Boone,Ryan Anderson,Vince Carter,Antonio McDyess,Rasheed Wallace,Richard Hamilton,Rodney Stuckey,Tayshaun Prince,3,1:34,NJN,shot,,,,,,,,,,Jarvis Hayes,2,,,made,,driving finger roll layup,25,6
Chris Douglas-Roberts,Jarvis Hayes,Josh Boone,Ryan Anderson,Vince Carter,Antonio McDyess,Rasheed Wallace,Richard Hamilton,Rodney Stuckey,Tayshaun Prince,3,1:09,DET,shot,,,,,,,,,,Richard Hamilton,,,,missed,,3pt,48,8
Chris Douglas-Roberts,Jarvis Hayes,Josh Boone,Ryan Anderson,Vince Carter,Antonio McDyess,Rasheed Wallace,Richard Hamilton,Rodney Stuckey,Tayshaun Prince,3,1:07,NJN,rebound,,,,,,,,,,Josh Boone,,,,,,def,,
Chris Douglas-Roberts,Jarvis Hayes,Josh Boone,Ryan Anderson,Vince Carter,Antonio McDyess,Rasheed Wallace,Richard Hamilton,Rodney Stuckey,Tayshaun Prince,3,0:59,NJN,shot,Vince Carter,,,,,,,,,Jarvis Hayes,2,,,made,,jump,5,10
Chris Douglas-Roberts,Jarvis Hayes,Josh Boone,Ryan Anderson,Vince Carter,Antonio McDyess,Rasheed Wallace,Richard Hamilton,Rodney Stuckey,Tayshaun Prince,3,0:45,DET,shot,,,,,,,,,,Rasheed Wallace,,,,missed,,turnaround jump,11,10
Chris Douglas-Roberts,Jarvis Hayes,Josh Boone,Ryan Anderson,Vince Carter,Antonio McDyess,Rasheed Wallace,Richard Hamilton,Rodney Stuckey,Tayshaun Prince,3,0:43,NJN,rebound,,,,,,,,,,Josh Boone,,,,,,def,,
Chris Douglas-Roberts,Jarvis Hayes,Josh Boone,Ryan Anderson,Vince Carter,Antonio McDyess,Rasheed Wallace,Richard Hamilton,Rodney Stuckey,Tayshaun Prince,3,0:37,NJN,shot,Vince Carter,,,,,,,,,Ryan Anderson,3,,,made,,3pt,2,14
Chris Douglas-Roberts,Jarvis Hayes,Josh Boone,Ryan Anderson,Vince Carter,Antonio McDyess,Rasheed Wallace,Richard Hamilton,Rodney Stuckey,Tayshaun Prince,3,0:20,DET,shot,,,,,,,,,,Richard Hamilton,,,,missed,,fade away jumper,27,14
Chris Douglas-Roberts,Jarvis Hayes,Josh Boone,Ryan Anderson,Vince Carter,Antonio McDyess,Rasheed Wallace,Richard Hamilton,Rodney Stuckey,Tayshaun Prince,3,0:20,DET,rebound,,,,,,,,,,Tayshaun Prince,,,,,,off,,
Chris Douglas-Roberts,Jarvis Hayes,Josh Boone,Ryan Anderson,Vince Carter,Antonio McDyess,Rasheed Wallace,Richard Hamilton,Rodney Stuckey,Tayshaun Prince,3,0:20,DET,shot,,,,,,,,,,Tayshaun Prince,2,,,made,,putback dunk,25,6
Chris Douglas-Roberts,Jarvis Hayes,Josh Boone,Ryan Anderson,Vince Carter,Antonio McDyess,Rasheed Wallace,Richard Hamilton,Rodney Stuckey,Tayshaun Prince,3,0:06,DET,foul,,,,,,,,Vince Carter,,Tayshaun Prince,,,,,,personal,,
Chris Douglas-Roberts,Jarvis Hayes,Josh Boone,Ryan Anderson,Vince Carter,Antonio McDyess,Rasheed Wallace,Richard Hamilton,Rodney Stuckey,Tayshaun Prince,3,0:00,NJN,shot,,,,,,,,,,Jarvis Hayes,,,,missed,,3pt,11,30
Chris Douglas-Roberts,Jarvis Hayes,Josh Boone,Ryan Anderson,Vince Carter,Antonio McDyess,Rasheed Wallace,Richard Hamilton,Rodney Stuckey,Tayshaun Prince,3,0:00,DET,rebound,,,,,,,,,,Tayshaun Prince,,,,,,def,,
Chris Douglas-Roberts,Jarvis Hayes,Josh Boone,Keyon Dooling,Ryan Anderson,Antonio McDyess,Arron Afflalo,Jason Maxiell,Rodney Stuckey,Will Bynum,4,11:45,NJN,shot,,,,,,,,,,Ryan Anderson,,,,missed,,3pt,1,16
Chris Douglas-Roberts,Jarvis Hayes,Josh Boone,Keyon Dooling,Ryan Anderson,Antonio McDyess,Arron Afflalo,Jason Maxiell,Rodney Stuckey,Will Bynum,4,11:44,DET,rebound,,,,,,,,,,Antonio McDyess,,,,,,def,,
Chris Douglas-Roberts,Jarvis Hayes,Josh Boone,Keyon Dooling,Ryan Anderson,Antonio McDyess,Arron Afflalo,Jason Maxiell,Rodney Stuckey,Will Bynum,4,11:19,DET,shot,,,,,,,,,,Rodney Stuckey,,,,missed,,3pt,27,34
Chris Douglas-Roberts,Jarvis Hayes,Josh Boone,Keyon Dooling,Ryan Anderson,Antonio McDyess,Arron Afflalo,Jason Maxiell,Rodney Stuckey,Will Bynum,4,11:18,DET,rebound,,,,,,,,,,,,,,,,,,
Chris Douglas-Roberts,Jarvis Hayes,Josh Boone,Keyon Dooling,Ryan Anderson,Antonio McDyess,Arron Afflalo,Jason Maxiell,Rodney Stuckey,Will Bynum,4,11:00,DET,shot,,,,,,,,,,Antonio McDyess,,,,missed,,jump,41,16
Chris Douglas-Roberts,Jarvis Hayes,Josh Boone,Keyon Dooling,Ryan Anderson,Antonio McDyess,Arron Afflalo,Jason Maxiell,Rodney Stuckey,Will Bynum,4,10:59,NJN,rebound,,,,,,,,,,Jarvis Hayes,,,,,,def,,
Chris Douglas-Roberts,Jarvis Hayes,Josh Boone,Keyon Dooling,Ryan Anderson,Antonio McDyess,Arron Afflalo,Jason Maxiell,Rodney Stuckey,Will Bynum,4,10:49,NJN,shot,Keyon Dooling,,,,,,,,,Josh Boone,2,,,made,,layup,25,6
Chris Douglas-Roberts,Jarvis Hayes,Josh Boone,Keyon Dooling,Ryan Anderson,Antonio McDyess,Arron Afflalo,Jason Maxiell,Rodney Stuckey,Will Bynum,4,10:31,DET,shot,,,,,,,,,,Rodney Stuckey,,,,missed,,layup,25,6
Chris Douglas-Roberts,Jarvis Hayes,Josh Boone,Keyon Dooling,Ryan Anderson,Antonio McDyess,Arron Afflalo,Jason Maxiell,Rodney Stuckey,Will Bynum,4,10:29,NJN,rebound,,,,,,,,,,Chris Douglas-Roberts,,,,,,def,,
Chris Douglas-Roberts,Jarvis Hayes,Josh Boone,Keyon Dooling,Ryan Anderson,Antonio McDyess,Arron Afflalo,Jason Maxiell,Rodney Stuckey,Will Bynum,4,10:25,NJN,shot,,,Arron Afflalo,,,,,,,Jarvis Hayes,,,,missed,,layup,25,6
Chris Douglas-Roberts,Jarvis Hayes,Josh Boone,Keyon Dooling,Ryan Anderson,Antonio McDyess,Arron Afflalo,Jason Maxiell,Rodney Stuckey,Will Bynum,4,10:21,DET,rebound,,,,,,,,,,Jason Maxiell,,,,,,def,,
Chris Douglas-Roberts,Jarvis Hayes,Josh Boone,Keyon Dooling,Ryan Anderson,Antonio McDyess,Arron Afflalo,Jason Maxiell,Rodney Stuckey,Will Bynum,4,10:16,DET,shot,,,,,,,,,,Will Bynum,2,,,made,,driving layup,25,6
Chris Douglas-Roberts,Jarvis Hayes,Josh Boone,Keyon Dooling,Ryan Anderson,Antonio McDyess,Arron Afflalo,Jason Maxiell,Rodney Stuckey,Will Bynum,4,9:57,NJN,shot,,,,,,,,,,Keyon Dooling,2,,,made,,driving layup,25,6
Chris Douglas-Roberts,Jarvis Hayes,Josh Boone,Keyon Dooling,Ryan Anderson,Antonio McDyess,Arron Afflalo,Jason Maxiell,Rodney Stuckey,Will Bynum,4,9:56,DET,timeout,,,,,,,,,,,,,,,,regular,,
Bobby Simmons,Chris Douglas-Roberts,Jarvis Hayes,Josh Boone,Keyon Dooling,Antonio McDyess,Arron Afflalo,Jason Maxiell,Rodney Stuckey,Will Bynum,4,9:56,NJN,sub,,,,Bobby Simmons,,Ryan Anderson,,,,,,,,,,,,
Bobby Simmons,Chris Douglas-Roberts,Jarvis Hayes,Josh Boone,Keyon Dooling,Antonio McDyess,Arron Afflalo,Jason Maxiell,Rodney Stuckey,Will Bynum,4,9:36,DET,shot,,,Keyon Dooling,,,,,,,Will Bynum,,,,missed,,jump,37,15
Bobby Simmons,Chris Douglas-Roberts,Jarvis Hayes,Josh Boone,Keyon Dooling,Antonio McDyess,Arron Afflalo,Jason Maxiell,Rodney Stuckey,Will Bynum,4,9:35,NJN,rebound,,,,,,,,,,Bobby Simmons,,,,,,def,,
Bobby Simmons,Chris Douglas-Roberts,Jarvis Hayes,Josh Boone,Keyon Dooling,Antonio McDyess,Arron Afflalo,Jason Maxiell,Rodney Stuckey,Will Bynum,4,9:25,NJN,shot,,,,,,,,,,Chris Douglas-Roberts,2,,,made,,driving layup,25,6
Bobby Simmons,Chris Douglas-Roberts,Jarvis Hayes,Josh Boone,Keyon Dooling,Antonio McDyess,Arron Afflalo,Jason Maxiell,Rodney Stuckey,Will Bynum,4,9:08,DET,shot,Rodney Stuckey,,,,,,,,,Will Bynum,2,,,made,,jump,44,9
Bobby Simmons,Chris Douglas-Roberts,Jarvis Hayes,Josh Boone,Keyon Dooling,Antonio McDyess,Arron Afflalo,Jason Maxiell,Rodney Stuckey,Will Bynum,4,8:54,NJN,turnover,,,,,,,,,,Chris Douglas-Roberts,,,bad pass,,,,,
Bobby Simmons,Chris Douglas-Roberts,Jarvis Hayes,Josh Boone,Keyon Dooling,Antonio McDyess,Arron Afflalo,Jason Maxiell,Rodney Stuckey,Will Bynum,4,8:43,DET,shot,Rodney Stuckey,,,,,,,,,Will Bynum,2,,,made,,jump,15,23
Bobby Simmons,Chris Douglas-Roberts,Jarvis Hayes,Josh Boone,Keyon Dooling,Antonio McDyess,Arron Afflalo,Jason Maxiell,Rodney Stuckey,Will Bynum,4,8:42,NJN,timeout,,,,,,,,,,,,,,,,regular,,
Bobby Simmons,Chris Douglas-Roberts,Jarvis Hayes,Josh Boone,Keyon Dooling,Arron Afflalo,Jason Maxiell,Kwame Brown,Rodney Stuckey,Will Bynum,4,8:42,DET,sub,,,,Kwame Brown,,Antonio McDyess,,,,,,,,,,,,
Bobby Simmons,Chris Douglas-Roberts,Jarvis Hayes,Josh Boone,Keyon Dooling,Arron Afflalo,Jason Maxiell,Kwame Brown,Rodney Stuckey,Will Bynum,4,8:35,DET,foul,,,,,,,,Keyon Dooling,,Will Bynum,,,,,,personal,,
Bobby Simmons,Chris Douglas-Roberts,Jarvis Hayes,Josh Boone,Keyon Dooling,Arron Afflalo,Jason Maxiell,Kwame Brown,Rodney Stuckey,Will Bynum,4,8:22,NJN,shot,,,,,,,,,,Bobby Simmons,,,,missed,,3pt,10,29
Bobby Simmons,Chris Douglas-Roberts,Jarvis Hayes,Josh Boone,Keyon Dooling,Arron Afflalo,Jason Maxiell,Kwame Brown,Rodney Stuckey,Will Bynum,4,8:21,DET,rebound,,,,,,,,,,Kwame Brown,,,,,,def,,
Bobby Simmons,Chris Douglas-Roberts,Jarvis Hayes,Josh Boone,Keyon Dooling,Arron Afflalo,Jason Maxiell,Kwame Brown,Rodney Stuckey,Will Bynum,4,8:16,NJN,foul,,,,,,,,Jason Maxiell,,Bobby Simmons,,,,,,shooting,,
Bobby Simmons,Chris Douglas-Roberts,Jarvis Hayes,Josh Boone,Keyon Dooling,Arron Afflalo,Jason Maxiell,Kwame Brown,Rodney Stuckey,Will Bynum,4,8:16,DET,free throw,,,,,,,1,,2,Jason Maxiell,,,foul,missed,,,,
Bobby Simmons,Chris Douglas-Roberts,Jarvis Hayes,Josh Boone,Keyon Dooling,Arron Afflalo,Jason Maxiell,Kwame Brown,Rodney Stuckey,Will Bynum,4,8:16,DET,rebound,,,,,,,,,,,,,,,,,,
Bobby Simmons,Chris Douglas-Roberts,Jarvis Hayes,Josh Boone,Keyon Dooling,Arron Afflalo,Jason Maxiell,Kwame Brown,Rodney Stuckey,Will Bynum,4,8:16,DET,free throw,,,,,,,2,,2,Jason Maxiell,,,foul,missed,,,,
Bobby Simmons,Chris Douglas-Roberts,Jarvis Hayes,Josh Boone,Keyon Dooling,Arron Afflalo,Jason Maxiell,Kwame Brown,Rodney Stuckey,Will Bynum,4,8:15,NJN,rebound,,,,,,,,,,Josh Boone,,,,,,def,,
Bobby Simmons,Chris Douglas-Roberts,Jarvis Hayes,Josh Boone,Keyon Dooling,Arron Afflalo,Jason Maxiell,Kwame Brown,Rodney Stuckey,Will Bynum,4,7:56,NJN,shot,Josh Boone,,,,,,,,,Keyon Dooling,3,,,made,,3pt,22,32
Bobby Simmons,Chris Douglas-Roberts,Jarvis Hayes,Josh Boone,Keyon Dooling,Arron Afflalo,Jason Maxiell,Kwame Brown,Rodney Stuckey,Will Bynum,4,7:28,DET,shot,Rodney Stuckey,,,,,,,,,Will Bynum,3,,,made,,3pt,45,21
Bobby Simmons,Chris Douglas-Roberts,Jarvis Hayes,Josh Boone,Keyon Dooling,Arron Afflalo,Jason Maxiell,Kwame Brown,Rodney Stuckey,Will Bynum,4,7:16,DET,foul,,,,,,,,Keyon Dooling,,Will Bynum,,,,,,personal,,
Bobby Simmons,Chris Douglas-Roberts,Josh Boone,Keyon Dooling,Ryan Anderson,Arron Afflalo,Jason Maxiell,Kwame Brown,Rodney Stuckey,Will Bynum,4,7:16,NJN,sub,,,,Ryan Anderson,,Jarvis Hayes,,,,,,,,,,,,
Bobby Simmons,Chris Douglas-Roberts,Josh Boone,Keyon Dooling,Ryan Anderson,Arron Afflalo,Jason Maxiell,Kwame Brown,Rodney Stuckey,Will Bynum,4,7:03,NJN,shot,,,,,,,,,,Chris Douglas-Roberts,,,,missed,,jump,37,16
Bobby Simmons,Chris Douglas-Roberts,Josh Boone,Keyon Dooling,Ryan Anderson,Arron Afflalo,Jason Maxiell,Kwame Brown,Rodney Stuckey,Will Bynum,4,7:02,DET,rebound,,,,,,,,,,Rodney Stuckey,,,,,,def,,
Bobby Simmons,Chris Douglas-Roberts,Josh Boone,Keyon Dooling,Ryan Anderson,Arron Afflalo,Jason Maxiell,Kwame Brown,Rodney Stuckey,Will Bynum,4,6:54,DET,shot,,,,,,,,,,Rodney Stuckey,2,,,made,,driving layup,25,6
Bobby Simmons,Chris Douglas-Roberts,Josh Boone,Keyon Dooling,Ryan Anderson,Arron Afflalo,Jason Maxiell,Kwame Brown,Rodney Stuckey,Will Bynum,4,6:54,NJN,foul,,,,,,,,Rodney Stuckey,,Ryan Anderson,,,,,,shooting,,
Bobby Simmons,Brook Lopez,Chris Douglas-Roberts,Keyon Dooling,Ryan Anderson,Arron Afflalo,Jason Maxiell,Kwame Brown,Rodney Stuckey,Will Bynum,4,6:54,NJN,sub,,,,Brook Lopez,,Josh Boone,,,,,,,,,,,,
Bobby Simmons,Brook Lopez,Chris Douglas-Roberts,Keyon Dooling,Ryan Anderson,Arron Afflalo,Jason Maxiell,Kwame Brown,Rodney Stuckey,Will Bynum,4,6:54,DET,free throw,,,,,,,1,,1,Rodney Stuckey,,,foul,made,,,,
Bobby Simmons,Brook Lopez,Chris Douglas-Roberts,Keyon Dooling,Ryan Anderson,Arron Afflalo,Jason Maxiell,Kwame Brown,Rodney Stuckey,Will Bynum,4,6:32,NJN,shot,,,,,,,,,,Keyon Dooling,,,,missed,,fade away jumper,41,9
Bobby Simmons,Brook Lopez,Chris Douglas-Roberts,Keyon Dooling,Ryan Anderson,Arron Afflalo,Jason Maxiell,Kwame Brown,Rodney Stuckey,Will Bynum,4,6:30,NJN,rebound,,,,,,,,,,Brook Lopez,,,,,,off,,
Bobby Simmons,Brook Lopez,Chris Douglas-Roberts,Keyon Dooling,Ryan Anderson,Arron Afflalo,Jason Maxiell,Kwame Brown,Rodney Stuckey,Will Bynum,4,6:28,NJN,shot,,,,,,,,,,Brook Lopez,2,,,made,,putback dunk,25,6
Bobby Simmons,Brook Lopez,Chris Douglas-Roberts,Keyon Dooling,Ryan Anderson,Arron Afflalo,Jason Maxiell,Kwame Brown,Rodney Stuckey,Will Bynum,4,6:09,DET,shot,Rodney Stuckey,,,,,,,,,Jason Maxiell,2,,,made,,alley oop dunk,25,6
Bobby Simmons,Brook Lopez,Chris Douglas-Roberts,Keyon Dooling,Ryan Anderson,Arron Afflalo,Jason Maxiell,Kwame Brown,Rodney Stuckey,Will Bynum,4,5:48,NJN,shot,,,,,,,,,,Chris Douglas-Roberts,2,,,made,,driving layup,25,6
Bobby Simmons,Brook Lopez,Chris Douglas-Roberts,Keyon Dooling,Ryan Anderson,Arron Afflalo,Jason Maxiell,Kwame Brown,Rodney Stuckey,Will Bynum,4,5:25,DET,turnover,,,,,,,,,,Kwame Brown,,,traveling,,,,,
Bobby Simmons,Brook Lopez,Chris Douglas-Roberts,Ryan Anderson,Vince Carter,Arron Afflalo,Jason Maxiell,Kwame Brown,Rodney Stuckey,Will Bynum,4,5:25,NJN,sub,,,,Vince Carter,,Keyon Dooling,,,,,,,,,,,,
Bobby Simmons,Brook Lopez,Chris Douglas-Roberts,Ryan Anderson,Vince Carter,Arron Afflalo,Jason Maxiell,Kwame Brown,Rodney Stuckey,Will Bynum,4,5:19,DET,foul,,,,,,,,Chris Douglas-Roberts,,Will Bynum,,,,,,personal,,
Bobby Simmons,Brook Lopez,Chris Douglas-Roberts,Ryan Anderson,Vince Carter,Arron Afflalo,Jason Maxiell,Kwame Brown,Rodney Stuckey,Will Bynum,4,5:13,NJN,shot,Chris Douglas-Roberts,,,,,,,,,Bobby Simmons,3,,,made,,3pt,47,8
Bobby Simmons,Brook Lopez,Chris Douglas-Roberts,Ryan Anderson,Vince Carter,Arron Afflalo,Jason Maxiell,Kwame Brown,Rodney Stuckey,Will Bynum,4,4:55,DET,shot,,,,,,,,,,Rodney Stuckey,,,,missed,,driving layup,25,6
Bobby Simmons,Brook Lopez,Chris Douglas-Roberts,Ryan Anderson,Vince Carter,Arron Afflalo,Jason Maxiell,Kwame Brown,Rodney Stuckey,Will Bynum,4,4:54,NJN,rebound,,,,,,,,,,,,,,,,,,
Bobby Simmons,Brook Lopez,Chris Douglas-Roberts,Ryan Anderson,Vince Carter,Arron Afflalo,Jason Maxiell,Kwame Brown,Rodney Stuckey,Will Bynum,4,4:36,NJN,shot,,,,,,,,,,Chris Douglas-Roberts,,,,missed,,jump,26,10
Bobby Simmons,Brook Lopez,Chris Douglas-Roberts,Ryan Anderson,Vince Carter,Arron Afflalo,Jason Maxiell,Kwame Brown,Rodney Stuckey,Will Bynum,4,4:35,DET,rebound,,,,,,,,,,Arron Afflalo,,,,,,def,,
Bobby Simmons,Brook Lopez,Chris Douglas-Roberts,Ryan Anderson,Vince Carter,Arron Afflalo,Jason Maxiell,Kwame Brown,Rodney Stuckey,Will Bynum,4,4:20,DET,shot,,,,,,,,,,Will Bynum,,,,missed,,layup,25,6
Bobby Simmons,Brook Lopez,Chris Douglas-Roberts,Ryan Anderson,Vince Carter,Arron Afflalo,Jason Maxiell,Kwame Brown,Rodney Stuckey,Will Bynum,4,4:20,DET,rebound,,,,,,,,,,,,,,,,,,
Bobby Simmons,Brook Lopez,Chris Douglas-Roberts,Ryan Anderson,Vince Carter,Arron Afflalo,Jason Maxiell,Kwame Brown,Richard Hamilton,Will Bynum,4,4:20,DET,sub,,,,Richard Hamilton,,Rodney Stuckey,,,,,,,,,,,,
Bobby Simmons,Brook Lopez,Chris Douglas-Roberts,Ryan Anderson,Vince Carter,Jason Maxiell,Kwame Brown,Richard Hamilton,Tayshaun Prince,Will Bynum,4,4:20,DET,sub,,,,Tayshaun Prince,,Arron Afflalo,,,,,,,,,,,,
Bobby Simmons,Brook Lopez,Chris Douglas-Roberts,Ryan Anderson,Vince Carter,Jason Maxiell,Kwame Brown,Richard Hamilton,Tayshaun Prince,Will Bynum,4,4:14,DET,shot,,,Chris Douglas-Roberts,,,,,,,Richard Hamilton,,,,missed,,jump,44,8
Bobby Simmons,Brook Lopez,Chris Douglas-Roberts,Ryan Anderson,Vince Carter,Jason Maxiell,Kwame Brown,Richard Hamilton,Tayshaun Prince,Will Bynum,4,4:13,NJN,rebound,,,,,,,,,,Brook Lopez,,,,,,def,,
Bobby Simmons,Brook Lopez,Chris Douglas-Roberts,Ryan Anderson,Vince Carter,Jason Maxiell,Kwame Brown,Richard Hamilton,Tayshaun Prince,Will Bynum,4,4:10,NJN,turnover,,,,,,,,,,Chris Douglas-Roberts,,,out of bounds lost ball turnover,,,,,
Bobby Simmons,Brook Lopez,Chris Douglas-Roberts,Ryan Anderson,Vince Carter,Jason Maxiell,Kwame Brown,Richard Hamilton,Tayshaun Prince,Will Bynum,4,3:46,DET,shot,,,,,,,,,,Will Bynum,,,,missed,,jump,44,10
Bobby Simmons,Brook Lopez,Chris Douglas-Roberts,Ryan Anderson,Vince Carter,Jason Maxiell,Kwame Brown,Richard Hamilton,Tayshaun Prince,Will Bynum,4,3:46,DET,rebound,,,,,,,,,,,,,,,,,,
Bobby Simmons,Brook Lopez,Chris Douglas-Roberts,Ryan Anderson,Vince Carter,Jason Maxiell,Kwame Brown,Richard Hamilton,Tayshaun Prince,Will Bynum,4,3:46,DET,turnover,,,,,,,,,,,,,shot clock turnover,,,,,
Bobby Simmons,Brook Lopez,Chris Douglas-Roberts,Ryan Anderson,Vince Carter,Jason Maxiell,Kwame Brown,Richard Hamilton,Tayshaun Prince,Will Bynum,4,3:31,NJN,shot,,,,,,,,,,Brook Lopez,,,,missed,,jump,39,17
Bobby Simmons,Brook Lopez,Chris Douglas-Roberts,Ryan Anderson,Vince Carter,Jason Maxiell,Kwame Brown,Richard Hamilton,Tayshaun Prince,Will Bynum,4,3:30,DET,rebound,,,,,,,,,,Jason Maxiell,,,,,,def,,
Bobby Simmons,Brook Lopez,Chris Douglas-Roberts,Ryan Anderson,Vince Carter,Jason Maxiell,Kwame Brown,Richard Hamilton,Tayshaun Prince,Will Bynum,4,3:10,NJN,foul,,,,,,,,Kwame Brown,,Brook Lopez,,,,,,shooting,,
Bobby Simmons,Brook Lopez,Chris Douglas-Roberts,Ryan Anderson,Vince Carter,Jason Maxiell,Kwame Brown,Richard Hamilton,Tayshaun Prince,Will Bynum,4,3:10,DET,free throw,,,,,,,1,,2,Kwame Brown,,,foul,made,,,,
Bobby Simmons,Brook Lopez,Chris Douglas-Roberts,Ryan Anderson,Vince Carter,Jason Maxiell,Kwame Brown,Richard Hamilton,Tayshaun Prince,Will Bynum,4,3:10,DET,free throw,,,,,,,2,,2,Kwame Brown,,,foul,missed,,,,
Bobby Simmons,Brook Lopez,Chris Douglas-Roberts,Ryan Anderson,Vince Carter,Jason Maxiell,Kwame Brown,Richard Hamilton,Tayshaun Prince,Will Bynum,4,3:09,NJN,rebound,,,,,,,,,,Brook Lopez,,,,,,def,,
Bobby Simmons,Brook Lopez,Chris Douglas-Roberts,Ryan Anderson,Vince Carter,Jason Maxiell,Kwame Brown,Richard Hamilton,Tayshaun Prince,Will Bynum,4,2:50,DET,foul,,,,,,,,Brook Lopez,,Kwame Brown,,,,,,shooting,,
Bobby Simmons,Brook Lopez,Chris Douglas-Roberts,Ryan Anderson,Vince Carter,Jason Maxiell,Kwame Brown,Richard Hamilton,Tayshaun Prince,Will Bynum,4,2:50,DET,foul,,,,,,,,Brook Lopez,,Kwame Brown,,,,,,technical,,
Bobby Simmons,Brook Lopez,Chris Douglas-Roberts,Ryan Anderson,Vince Carter,Jason Maxiell,Kwame Brown,Richard Hamilton,Tayshaun Prince,Will Bynum,4,2:50,OFF,timeout,,,,,,,,,,,,,,,,official,,
Bobby Simmons,Brook Lopez,Chris Douglas-Roberts,Ryan Anderson,Vince Carter,Jason Maxiell,Kwame Brown,Richard Hamilton,Tayshaun Prince,Will Bynum,4,2:50,NJN,free throw,,,,,,,1,,1,Chris Douglas-Roberts,,,technical,missed,,,,
Bobby Simmons,Brook Lopez,Chris Douglas-Roberts,Ryan Anderson,Vince Carter,Jason Maxiell,Kwame Brown,Richard Hamilton,Tayshaun Prince,Will Bynum,4,2:50,NJN,rebound,,,,,,,,,,,,,,,,,,
Bobby Simmons,Brook Lopez,Chris Douglas-Roberts,Ryan Anderson,Vince Carter,Jason Maxiell,Kwame Brown,Richard Hamilton,Tayshaun Prince,Will Bynum,4,2:50,NJN,free throw,,,,,,,1,,2,Brook Lopez,,,foul,missed,,,,
Bobby Simmons,Brook Lopez,Chris Douglas-Roberts,Ryan Anderson,Vince Carter,Jason Maxiell,Kwame Brown,Richard Hamilton,Tayshaun Prince,Will Bynum,4,2:50,NJN,rebound,,,,,,,,,,,,,,,,,,
Bobby Simmons,Brook Lopez,Chris Douglas-Roberts,Ryan Anderson,Vince Carter,Jason Maxiell,Kwame Brown,Richard Hamilton,Tayshaun Prince,Will Bynum,4,2:50,NJN,free throw,,,,,,,2,,2,Brook Lopez,,,foul,made,,,,
Bobby Simmons,Brook Lopez,Chris Douglas-Roberts,Ryan Anderson,Vince Carter,Jason Maxiell,Kwame Brown,Richard Hamilton,Tayshaun Prince,Will Bynum,4,2:34,DET,shot,,,,,,,,,,Richard Hamilton,,,,missed,,jump,15,14
Bobby Simmons,Brook Lopez,Chris Douglas-Roberts,Ryan Anderson,Vince Carter,Jason Maxiell,Kwame Brown,Richard Hamilton,Tayshaun Prince,Will Bynum,4,2:33,DET,rebound,,,,,,,,,,Jason Maxiell,,,,,,off,,
Bobby Simmons,Brook Lopez,Chris Douglas-Roberts,Ryan Anderson,Vince Carter,Jason Maxiell,Kwame Brown,Richard Hamilton,Tayshaun Prince,Will Bynum,4,2:32,DET,shot,,,,,,,,,,Jason Maxiell,2,,,made,,putback dunk,25,6
Bobby Simmons,Brook Lopez,Chris Douglas-Roberts,Ryan Anderson,Vince Carter,Jason Maxiell,Kwame Brown,Richard Hamilton,Tayshaun Prince,Will Bynum,4,2:04,NJN,shot,,,,,,,,,,Brook Lopez,2,,,made,,jump bank,18,8
Bobby Simmons,Brook Lopez,Chris Douglas-Roberts,Ryan Anderson,Vince Carter,Jason Maxiell,Kwame Brown,Richard Hamilton,Tayshaun Prince,Will Bynum,4,1:43,DET,shot,,,,,,,,,,Will Bynum,,,,missed,,layup,25,6
Bobby Simmons,Brook Lopez,Chris Douglas-Roberts,Ryan Anderson,Vince Carter,Jason Maxiell,Kwame Brown,Richard Hamilton,Tayshaun Prince,Will Bynum,4,1:42,NJN,rebound,,,,,,,,,,Bobby Simmons,,,,,,def,,
Bobby Simmons,Brook Lopez,Chris Douglas-Roberts,Ryan Anderson,Vince Carter,Jason Maxiell,Kwame Brown,Richard Hamilton,Tayshaun Prince,Will Bynum,4,1:24,NJN,shot,Chris Douglas-Roberts,,,,,,,,,Brook Lopez,2,,,made,,dunk,25,6
Bobby Simmons,Brook Lopez,Chris Douglas-Roberts,Ryan Anderson,Vince Carter,Jason Maxiell,Kwame Brown,Richard Hamilton,Tayshaun Prince,Will Bynum,4,1:04,NJN,foul,,,,,,,,Tayshaun Prince,,Chris Douglas-Roberts,,,,,,personal,,
Bobby Simmons,Brook Lopez,Chris Douglas-Roberts,Ryan Anderson,Vince Carter,Jason Maxiell,Kwame Brown,Richard Hamilton,Tayshaun Prince,Will Bynum,4,0:51,DET,shot,,,Chris Douglas-Roberts,,,,,,,Will Bynum,,,,missed,,jump,22,15
Bobby Simmons,Brook Lopez,Chris Douglas-Roberts,Ryan Anderson,Vince Carter,Jason Maxiell,Kwame Brown,Richard Hamilton,Tayshaun Prince,Will Bynum,4,0:51,DET,rebound,,,,,,,,,,,,,,,,,,
Bobby Simmons,Brook Lopez,Chris Douglas-Roberts,Ryan Anderson,Vince Carter,Jason Maxiell,Kwame Brown,Richard Hamilton,Tayshaun Prince,Will Bynum,4,0:50,NJN,foul,,,,,,,,Richard Hamilton,,Chris Douglas-Roberts,,,,,,shooting,,
Bobby Simmons,Brook Lopez,Chris Douglas-Roberts,Ryan Anderson,Vince Carter,Jason Maxiell,Kwame Brown,Richard Hamilton,Tayshaun Prince,Will Bynum,4,0:50,DET,free throw,,,,,,,1,,2,Richard Hamilton,,,foul,missed,,,,
Bobby Simmons,Brook Lopez,Chris Douglas-Roberts,Ryan Anderson,Vince Carter,Jason Maxiell,Kwame Brown,Richard Hamilton,Tayshaun Prince,Will Bynum,4,0:50,DET,rebound,,,,,,,,,,,,,,,,,,
Bobby Simmons,Brook Lopez,Chris Douglas-Roberts,Ryan Anderson,Vince Carter,Jason Maxiell,Kwame Brown,Richard Hamilton,Tayshaun Prince,Will Bynum,4,0:50,DET,free throw,,,,,,,2,,2,Richard Hamilton,,,foul,made,,,,
Bobby Simmons,Brook Lopez,Chris Douglas-Roberts,Ryan Anderson,Vince Carter,Jason Maxiell,Kwame Brown,Richard Hamilton,Tayshaun Prince,Will Bynum,4,0:50,NJN,timeout,,,,,,,,,,,,,,,,regular,,
Bobby Simmons,Brook Lopez,Chris Douglas-Roberts,Ryan Anderson,Vince Carter,Jason Maxiell,Kwame Brown,Richard Hamilton,Tayshaun Prince,Will Bynum,4,0:48,NJN,shot,Vince Carter,,,,,,,,,Chris Douglas-Roberts,2,,,made,,reverse layup,25,6
Bobby Simmons,Brook Lopez,Chris Douglas-Roberts,Ryan Anderson,Vince Carter,Jason Maxiell,Kwame Brown,Richard Hamilton,Tayshaun Prince,Will Bynum,4,0:24,DET,shot,Will Bynum,,,,,,,,,Richard Hamilton,3,,,made,,3pt,48,7
Bobby Simmons,Brook Lopez,Chris Douglas-Roberts,Ryan Anderson,Vince Carter,Jason Maxiell,Kwame Brown,Richard Hamilton,Tayshaun Prince,Will Bynum,4,0:24,NJN,timeout,,,,,,,,,,,,,,,,short,,
Bobby Simmons,Brook Lopez,Chris Douglas-Roberts,Ryan Anderson,Vince Carter,Jason Maxiell,Kwame Brown,Richard Hamilton,Tayshaun Prince,Will Bynum,4,0:19,NJN,shot,,,,,,,,,,Chris Douglas-Roberts,2,,,made,,driving layup,25,6
Bobby Simmons,Brook Lopez,Chris Douglas-Roberts,Ryan Anderson,Vince Carter,Jason Maxiell,Kwame Brown,Richard Hamilton,Tayshaun Prince,Will Bynum,4,0:19,DET,foul,,,,,,,,Chris Douglas-Roberts,,Kwame Brown,,,,,,shooting,,
Bobby Simmons,Brook Lopez,Chris Douglas-Roberts,Ryan Anderson,Vince Carter,Kwame Brown,Richard Hamilton,Rodney Stuckey,Tayshaun Prince,Will Bynum,4,0:19,DET,sub,,,,Rodney Stuckey,,Jason Maxiell,,,,,,,,,,,,
Bobby Simmons,Brook Lopez,Chris Douglas-Roberts,Ryan Anderson,Vince Carter,Kwame Brown,Richard Hamilton,Rodney Stuckey,Tayshaun Prince,Will Bynum,4,0:19,NJN,free throw,,,,,,,1,,1,Chris Douglas-Roberts,,,foul,missed,,,,
Bobby Simmons,Brook Lopez,Chris Douglas-Roberts,Ryan Anderson,Vince Carter,Kwame Brown,Richard Hamilton,Rodney Stuckey,Tayshaun Prince,Will Bynum,4,0:19,DET,rebound,,,,,,,,,,Kwame Brown,,,,,,def,,
Bobby Simmons,Brook Lopez,Chris Douglas-Roberts,Ryan Anderson,Vince Carter,Kwame Brown,Richard Hamilton,Rodney Stuckey,Tayshaun Prince,Will Bynum,4,0:19,NJN,foul,,,,,,,,Kwame Brown,,Brook Lopez,,,,,,personal,,
Bobby Simmons,Chris Douglas-Roberts,Keyon Dooling,Ryan Anderson,Vince Carter,Kwame Brown,Richard Hamilton,Rodney Stuckey,Tayshaun Prince,Will Bynum,4,0:19,NJN,sub,,,,Keyon Dooling,,Brook Lopez,,,,,,,,,,,,
Bobby Simmons,Chris Douglas-Roberts,Keyon Dooling,Ryan Anderson,Vince Carter,Kwame Brown,Richard Hamilton,Rodney Stuckey,Tayshaun Prince,Will Bynum,4,0:19,DET,free throw,,,,,,,1,,2,Kwame Brown,,,foul,made,,,,
Bobby Simmons,Chris Douglas-Roberts,Keyon Dooling,Ryan Anderson,Vince Carter,Kwame Brown,Richard Hamilton,Rodney Stuckey,Tayshaun Prince,Will Bynum,4,0:19,DET,free throw,,,,,,,2,,2,Kwame Brown,,,foul,missed,,,,
Bobby Simmons,Chris Douglas-Roberts,Keyon Dooling,Ryan Anderson,Vince Carter,Kwame Brown,Richard Hamilton,Rodney Stuckey,Tayshaun Prince,Will Bynum,4,0:18,NJN,rebound,,,,,,,,,,Vince Carter,,,,,,def,,
Bobby Simmons,Chris Douglas-Roberts,Keyon Dooling,Ryan Anderson,Vince Carter,Kwame Brown,Richard Hamilton,Rodney Stuckey,Tayshaun Prince,Will Bynum,4,0:18,NJN,timeout,,,,,,,,,,,,,,,,short,,
Bobby Simmons,Chris Douglas-Roberts,Keyon Dooling,Ryan Anderson,Vince Carter,Jason Maxiell,Richard Hamilton,Rodney Stuckey,Tayshaun Prince,Will Bynum,4,0:18,DET,sub,,,,Jason Maxiell,,Kwame Brown,,,,,,,,,,,,
Bobby Simmons,Chris Douglas-Roberts,Keyon Dooling,Ryan Anderson,Vince Carter,Jason Maxiell,Richard Hamilton,Rodney Stuckey,Tayshaun Prince,Will Bynum,4,0:12,NJN,shot,,,,,,,,,,Ryan Anderson,,,,missed,,3pt,41,26
Bobby Simmons,Chris Douglas-Roberts,Keyon Dooling,Ryan Anderson,Vince Carter,Jason Maxiell,Richard Hamilton,Rodney Stuckey,Tayshaun Prince,Will Bynum,4,0:11,DET,rebound,,,,,,,,,,Richard Hamilton,,,,,,def,,
