a1,a2,a3,a4,a5,h1,h2,h3,h4,h5,period,time,team,etype,assist,away,block,entered,home,left,num,opponent,outof,player,points,possession,reason,result,steal,type,x,y
Anderson Varejao,Delonte West,LeBron James,Mo Williams,Zydrunas Ilgauskas,Al Horford,Joe Johnson,Josh Smith,Marvin Williams,Mike Bibby,1,12:00,OFF,jump ball,,Zydrunas Ilgauskas,,,Josh Smith,,,,,,,Mo Williams,,,,,,
Anderson Varejao,Delonte West,LeBron James,Mo Williams,Zydrunas Ilgauskas,Al Horford,Joe Johnson,Josh Smith,Marvin Williams,Mike Bibby,1,11:37,CLE,shot,,,Al Horford,,,,,,,Delonte West,,,,missed,,driving layup,27,7
Anderson Varejao,Delonte West,LeBron James,Mo Williams,Zydrunas Ilgauskas,Al Horford,Joe Johnson,Josh Smith,Marvin Williams,Mike Bibby,1,11:36,ATL,rebound,,,,,,,,,,,,,,,,,,
Anderson Varejao,Delonte West,LeBron James,Mo Williams,Zydrunas Ilgauskas,Al Horford,Joe Johnson,Josh Smith,Marvin Williams,Mike Bibby,1,11:12,ATL,shot,,,,,,,,,,Joe Johnson,2,,,made,,fade away jumper,42,7
Anderson Varejao,Delonte West,LeBron James,Mo Williams,Zydrunas Ilgauskas,Al Horford,Joe Johnson,Josh Smith,Marvin Williams,Mike Bibby,1,10:57,CLE,shot,,,,,,,,,,Zydrunas Ilgauskas,2,,,made,,turnaround jump,28,14
Anderson Varejao,Delonte West,LeBron James,Mo Williams,Zydrunas Ilgauskas,Al Horford,Joe Johnson,Josh Smith,Marvin Williams,Mike Bibby,1,10:35,ATL,shot,,,,,,,,,,Marvin Williams,,,,missed,,turnaround jump,41,9
Anderson Varejao,Delonte West,LeBron James,Mo Williams,Zydrunas Ilgauskas,Al Horford,Joe Johnson,Josh Smith,Marvin Williams,Mike Bibby,1,10:33,CLE,rebound,,,,,,,,,,Anderson Varejao,,,,,,def,,
Anderson Varejao,Delonte West,LeBron James,Mo Williams,Zydrunas Ilgauskas,Al Horford,Joe Johnson,Josh Smith,Marvin Williams,Mike Bibby,1,10:31,CLE,shot,,,,,,,,,,LeBron James,2,,,made,,running jump,18,7
Anderson Varejao,Delonte West,LeBron James,Mo Williams,Zydrunas Ilgauskas,Al Horford,Joe Johnson,Josh Smith,Marvin Williams,Mike Bibby,1,10:31,ATL,violation,,,,,,,,,,Al Horford,,,,,,defensive goaltending,,
Anderson Varejao,Delonte West,LeBron James,Mo Williams,Zydrunas Ilgauskas,Al Horford,Joe Johnson,Josh Smith,Marvin Williams,Mike Bibby,1,10:15,ATL,shot,,,,,,,,,,Josh Smith,,,,missed,,jump,40,15
Anderson Varejao,Delonte West,LeBron James,Mo Williams,Zydrunas Ilgauskas,Al Horford,Joe Johnson,Josh Smith,Marvin Williams,Mike Bibby,1,10:14,CLE,rebound,,,,,,,,,,Mo Williams,,,,,,def,,
Anderson Varejao,Delonte West,LeBron James,Mo Williams,Zydrunas Ilgauskas,Al Horford,Joe Johnson,Josh Smith,Marvin Williams,Mike Bibby,1,10:08,CLE,turnover,,,,,,,,,,Mo Williams,,,lost ball,,Josh Smith,,,
Anderson Varejao,Delonte West,LeBron James,Mo Williams,Zydrunas Ilgauskas,Al Horford,Joe Johnson,Josh Smith,Marvin Williams,Mike Bibby,1,10:04,CLE,foul,,,,,,,,Josh Smith,,Anderson Varejao,,,,,,shooting,,
Anderson Varejao,Delonte West,LeBron James,Mo Williams,Zydrunas Ilgauskas,Al Horford,Joe Johnson,Josh Smith,Marvin Williams,Mike Bibby,1,10:04,ATL,free throw,,,,,,,1,,2,Josh Smith,,,foul,missed,,,,
Anderson Varejao,Delonte West,LeBron James,Mo Williams,Zydrunas Ilgauskas,Al Horford,Joe Johnson,Josh Smith,Marvin Williams,Mike Bibby,1,10:04,ATL,rebound,,,,,,,,,,,,,,,,,,
Anderson Varejao,Delonte West,LeBron James,Mo Williams,Zydrunas Ilgauskas,Al Horford,Joe Johnson,Josh Smith,Marvin Williams,Mike Bibby,1,10:04,ATL,free throw,,,,,,,2,,2,Josh Smith,,,foul,missed,,,,
Anderson Varejao,Delonte West,LeBron James,Mo Williams,Zydrunas Ilgauskas,Al Horford,Joe Johnson,Josh Smith,Marvin Williams,Mike Bibby,1,10:03,CLE,rebound,,,,,,,,,,Zydrunas Ilgauskas,,,,,,def,,
Anderson Varejao,Delonte West,LeBron James,Mo Williams,Zydrunas Ilgauskas,Al Horford,Joe Johnson,Josh Smith,Marvin Williams,Mike Bibby,1,9:50,CLE,shot,LeBron James,,,,,,,,,Mo Williams,2,,,made,,turnaround jump,25,21
Anderson Varejao,Delonte West,LeBron James,Mo Williams,Zydrunas Ilgauskas,Al Horford,Joe Johnson,Josh Smith,Marvin Williams,Mike Bibby,1,9:33,ATL,shot,,,,,,,,,,Mike Bibby,,,,missed,,3pt,48,7
Anderson Varejao,Delonte West,LeBron James,Mo Williams,Zydrunas Ilgauskas,Al Horford,Joe Johnson,Josh Smith,Marvin Williams,Mike Bibby,1,9:31,CLE,rebound,,,,,,,,,,Zydrunas Ilgauskas,,,,,,def,,
Anderson Varejao,Delonte West,LeBron James,Mo Williams,Zydrunas Ilgauskas,Al Horford,Joe Johnson,Josh Smith,Marvin Williams,Mike Bibby,1,9:19,CLE,shot,LeBron James,,,,,,,,,Mo Williams,2,,,made,,jump,16,22
Anderson Varejao,Delonte West,LeBron James,Mo Williams,Zydrunas Ilgauskas,Al Horford,Joe Johnson,Josh Smith,Marvin Williams,Mike Bibby,1,9:06,ATL,shot,,,,,,,,,,Joe Johnson,3,,,made,,3pt,2,18
Anderson Varejao,Delonte West,LeBron James,Mo Williams,Zydrunas Ilgauskas,Al Horford,Joe Johnson,Josh Smith,Marvin Williams,Mike Bibby,1,8:47,CLE,shot,,,,,,,,,,LeBron James,,,,missed,,fade away jumper,19,18
Anderson Varejao,Delonte West,LeBron James,Mo Williams,Zydrunas Ilgauskas,Al Horford,Joe Johnson,Josh Smith,Marvin Williams,Mike Bibby,1,8:45,ATL,rebound,,,,,,,,,,Al Horford,,,,,,def,,
Anderson Varejao,Delonte West,LeBron James,Mo Williams,Zydrunas Ilgauskas,Al Horford,Joe Johnson,Josh Smith,Marvin Williams,Mike Bibby,1,8:42,ATL,turnover,,,,,,,,,,Al Horford,,,bad pass,,Delonte West,,,
Anderson Varejao,Delonte West,LeBron James,Mo Williams,Zydrunas Ilgauskas,Al Horford,Joe Johnson,Josh Smith,Marvin Williams,Mike Bibby,1,8:36,CLE,shot,Delonte West,,,,,,,,,Mo Williams,3,,,made,,3pt,41,29
Anderson Varejao,Delonte West,LeBron James,Mo Williams,Zydrunas Ilgauskas,Al Horford,Joe Johnson,Josh Smith,Marvin Williams,Mike Bibby,1,8:12,ATL,shot,Joe Johnson,,,,,,,,,Josh Smith,2,,,made,,layup,22,6
Anderson Varejao,Delonte West,LeBron James,Mo Williams,Zydrunas Ilgauskas,Al Horford,Joe Johnson,Josh Smith,Marvin Williams,Mike Bibby,1,7:49,CLE,shot,LeBron James,,,,,,,,,Zydrunas Ilgauskas,2,,,made,,jump,6,12
Anderson Varejao,Delonte West,LeBron James,Mo Williams,Zydrunas Ilgauskas,Al Horford,Joe Johnson,Josh Smith,Marvin Williams,Mike Bibby,1,7:35,ATL,turnover,,,,,,,,,,Josh Smith,,,bad pass,,Anderson Varejao,,,
Anderson Varejao,Delonte West,LeBron James,Mo Williams,Zydrunas Ilgauskas,Al Horford,Joe Johnson,Josh Smith,Marvin Williams,Mike Bibby,1,7:30,CLE,shot,,,,,,,,,,Mo Williams,,,,missed,,jump,31,24
Anderson Varejao,Delonte West,LeBron James,Mo Williams,Zydrunas Ilgauskas,Al Horford,Joe Johnson,Josh Smith,Marvin Williams,Mike Bibby,1,7:28,ATL,rebound,,,,,,,,,,Marvin Williams,,,,,,def,,
Anderson Varejao,Delonte West,LeBron James,Mo Williams,Zydrunas Ilgauskas,Al Horford,Joe Johnson,Josh Smith,Marvin Williams,Mike Bibby,1,7:25,CLE,foul,,,,,,,,Marvin Williams,,Mo Williams,,,,,,shooting,,
Anderson Varejao,Delonte West,LeBron James,Mo Williams,Zydrunas Ilgauskas,Al Horford,Joe Johnson,Josh Smith,Marvin Williams,Mike Bibby,1,7:25,ATL,free throw,,,,,,,1,,2,Marvin Williams,,,foul,made,,,,
Anderson Varejao,Delonte West,LeBron James,Mo Williams,Zydrunas Ilgauskas,Al Horford,Joe Johnson,Josh Smith,Marvin Williams,Mike Bibby,1,7:25,ATL,free throw,,,,,,,2,,2,Marvin Williams,,,foul,made,,,,
Anderson Varejao,Delonte West,LeBron James,Mo Williams,Zydrunas Ilgauskas,Al Horford,Joe Johnson,Josh Smith,Marvin Williams,Mike Bibby,1,7:00,CLE,shot,,,,,,,,,,Anderson Varejao,,,,missed,,running layup,28,7
Anderson Varejao,Delonte West,LeBron James,Mo Williams,Zydrunas Ilgauskas,Al Horford,Joe Johnson,Josh Smith,Marvin Williams,Mike Bibby,1,6:59,CLE,rebound,,,,,,,,,,Zydrunas Ilgauskas,,,,,,off,,
Anderson Varejao,Delonte West,LeBron James,Mo Williams,Zydrunas Ilgauskas,Al Horford,Joe Johnson,Josh Smith,Marvin Williams,Mike Bibby,1,6:58,CLE,shot,,,,,,,,,,Zydrunas Ilgauskas,2,,,made,,putback layup,25,6
Anderson Varejao,Delonte West,LeBron James,Mo Williams,Zydrunas Ilgauskas,Al Horford,Joe Johnson,Josh Smith,Marvin Williams,Mike Bibby,1,6:36,ATL,turnover,,,,,,,,,,Joe Johnson,,,lost ball,,Zydrunas Ilgauskas,,,
Anderson Varejao,Delonte West,LeBron James,Mo Williams,Zydrunas Ilgauskas,Al Horford,Joe Johnson,Josh Smith,Marvin Williams,Mike Bibby,1,6:29,CLE,shot,,,Josh Smith,,,,,,,Mo Williams,,,,missed,,running layup,25,6
Anderson Varejao,Delonte West,LeBron James,Mo Williams,Zydrunas Ilgauskas,Al Horford,Joe Johnson,Josh Smith,Marvin Williams,Mike Bibby,1,6:27,ATL,rebound,,,,,,,,,,Marvin Williams,,,,,,def,,
Anderson Varejao,Delonte West,LeBron James,Mo Williams,Zydrunas Ilgauskas,Al Horford,Joe Johnson,Josh Smith,Marvin Williams,Mike Bibby,1,6:23,ATL,shot,,,,,,,,,,Joe Johnson,,,,missed,,3pt,44,25
Anderson Varejao,Delonte West,LeBron James,Mo Williams,Zydrunas Ilgauskas,Al Horford,Joe Johnson,Josh Smith,Marvin Williams,Mike Bibby,1,6:21,ATL,shot,,,,,,,,,,Josh Smith,2,,,made,,putback dunk,25,6
Anderson Varejao,Delonte West,LeBron James,Mo Williams,Zydrunas Ilgauskas,Al Horford,Joe Johnson,Josh Smith,Marvin Williams,Mike Bibby,1,6:21,ATL,rebound,,,,,,,,,,Josh Smith,,,,,,off,,
Anderson Varejao,Delonte West,LeBron James,Mo Williams,Zydrunas Ilgauskas,Al Horford,Joe Johnson,Josh Smith,Marvin Williams,Mike Bibby,1,5:54,CLE,shot,,,,,,,,,,Delonte West,,,,missed,,jump,41,20
Anderson Varejao,Delonte West,LeBron James,Mo Williams,Zydrunas Ilgauskas,Al Horford,Joe Johnson,Josh Smith,Marvin Williams,Mike Bibby,1,5:53,ATL,rebound,,,,,,,,,,Al Horford,,,,,,def,,
Anderson Varejao,Delonte West,LeBron James,Mo Williams,Zydrunas Ilgauskas,Al Horford,Joe Johnson,Josh Smith,Marvin Williams,Mike Bibby,1,5:44,ATL,shot,,,,,,,,,,Josh Smith,,,,missed,,layup,28,6
Anderson Varejao,Delonte West,LeBron James,Mo Williams,Zydrunas Ilgauskas,Al Horford,Joe Johnson,Josh Smith,Marvin Williams,Mike Bibby,1,5:43,ATL,timeout,,,,,,,,,,,,,,,,regular,,
Anderson Varejao,Delonte West,LeBron James,Mo Williams,Zydrunas Ilgauskas,Al Horford,Joe Johnson,Josh Smith,Marvin Williams,Mike Bibby,1,5:43,OFF,jump ball,,Anderson Varejao,,,Al Horford,,,,,,,Zydrunas Ilgauskas,,,,,,
Anderson Varejao,Delonte West,LeBron James,Mo Williams,Zydrunas Ilgauskas,Al Horford,Joe Johnson,Josh Smith,Marvin Williams,Mike Bibby,1,5:43,CLE,rebound,,,,,,,,,,,,,,,,,,
Anderson Varejao,Delonte West,LeBron James,Mo Williams,Zydrunas Ilgauskas,Al Horford,Joe Johnson,Josh Smith,Marvin Williams,Mike Bibby,1,5:24,CLE,turnover,,,,,,,,,,Delonte West,,,bad pass,,Marvin Williams,,,
Anderson Varejao,Delonte West,LeBron James,Mo Williams,Zydrunas Ilgauskas,Al Horford,Joe Johnson,Josh Smith,Marvin Williams,Mike Bibby,1,5:20,ATL,shot,,,,,,,,,,Marvin Williams,2,,,made,,running dunk,25,7
Anderson Varejao,Delonte West,LeBron James,Mo Williams,Zydrunas Ilgauskas,Al Horford,Joe Johnson,Josh Smith,Marvin Williams,Mike Bibby,1,5:02,CLE,shot,,,,,,,,,,LeBron James,,,,missed,,driving jump,22,7
Anderson Varejao,Delonte West,LeBron James,Mo Williams,Zydrunas Ilgauskas,Al Horford,Joe Johnson,Josh Smith,Marvin Williams,Mike Bibby,1,5:00,ATL,rebound,,,,,,,,,,Marvin Williams,,,,,,def,,
Anderson Varejao,Delonte West,LeBron James,Mo Williams,Zydrunas Ilgauskas,Al Horford,Joe Johnson,Josh Smith,Marvin Williams,Mike Bibby,1,4:55,ATL,turnover,,,,,,,,,,Joe Johnson,,,bad pass,,,,,
Anderson Varejao,Delonte West,LeBron James,Mo Williams,Zydrunas Ilgauskas,Al Horford,Joe Johnson,Josh Smith,Marvin Williams,Mike Bibby,1,4:38,CLE,shot,LeBron James,,,,,,,,,Zydrunas Ilgauskas,2,,,made,,jump,5,11
Anderson Varejao,Delonte West,LeBron James,Mo Williams,Zydrunas Ilgauskas,Al Horford,Joe Johnson,Josh Smith,Marvin Williams,Mike Bibby,1,4:13,ATL,shot,,,LeBron James,,,,,,,Josh Smith,,,,missed,,running jump,29,7
Anderson Varejao,Delonte West,LeBron James,Mo Williams,Zydrunas Ilgauskas,Al Horford,Joe Johnson,Josh Smith,Marvin Williams,Mike Bibby,1,4:13,ATL,rebound,,,,,,,,,,,,,,,,,,
Anderson Varejao,Delonte West,LeBron James,Mo Williams,Wally Szczerbiak,Al Horford,Joe Johnson,Josh Smith,Marvin Williams,Mike Bibby,1,4:13,CLE,sub,,,,Wally Szczerbiak,,Zydrunas Ilgauskas,,,,,,,,,,,,
Anderson Varejao,Delonte West,LeBron James,Mo Williams,Wally Szczerbiak,Al Horford,Joe Johnson,Josh Smith,Marvin Williams,Mike Bibby,1,4:12,ATL,turnover,,,,,,,,,,Marvin Williams,,,bad pass,,Mo Williams,,,
Anderson Varejao,Delonte West,LeBron James,Mo Williams,Wally Szczerbiak,Al Horford,Joe Johnson,Josh Smith,Marvin Williams,Mike Bibby,1,4:07,CLE,shot,Mo Williams,,,,,,,,,Delonte West,2,,,made,,running dunk,25,6
Anderson Varejao,Delonte West,LeBron James,Mo Williams,Wally Szczerbiak,Al Horford,Joe Johnson,Josh Smith,Marvin Williams,Mike Bibby,1,3:45,ATL,shot,,,,,,,,,,Josh Smith,2,,,made,,jump,21,14
Anderson Varejao,Delonte West,LeBron James,Mo Williams,Wally Szczerbiak,Al Horford,Joe Johnson,Josh Smith,Marvin Williams,Mike Bibby,1,3:20,CLE,shot,,,,,,,,,,Wally Szczerbiak,,,,missed,,3pt,6,27
Anderson Varejao,Delonte West,LeBron James,Mo Williams,Wally Szczerbiak,Al Horford,Joe Johnson,Josh Smith,Marvin Williams,Mike Bibby,1,3:20,ATL,rebound,,,,,,,,,,,,,,,,,,
Anderson Varejao,Delonte West,LeBron James,Mo Williams,Wally Szczerbiak,Al Horford,Joe Johnson,Josh Smith,Maurice Evans,Mike Bibby,1,3:20,ATL,sub,,,,Maurice Evans,,Marvin Williams,,,,,,,,,,,,
Anderson Varejao,Delonte West,LeBron James,Mo Williams,Wally Szczerbiak,Al Horford,Joe Johnson,Josh Smith,Maurice Evans,Mike Bibby,1,3:09,ATL,shot,Josh Smith,,,,,,,,,Mike Bibby,2,,,made,,running layup,24,7
Anderson Varejao,Delonte West,LeBron James,Mo Williams,Wally Szczerbiak,Al Horford,Joe Johnson,Josh Smith,Maurice Evans,Mike Bibby,1,3:09,CLE,foul,,,,,,,,Mike Bibby,,Delonte West,,,,,,shooting,,
Anderson Varejao,Delonte West,LeBron James,Mo Williams,Wally Szczerbiak,Al Horford,Joe Johnson,Josh Smith,Maurice Evans,Mike Bibby,1,3:09,ATL,free throw,,,,,,,1,,1,Mike Bibby,,,foul,made,,,,
Anderson Varejao,Delonte West,LeBron James,Mo Williams,Wally Szczerbiak,Al Horford,Joe Johnson,Josh Smith,Maurice Evans,Mike Bibby,1,2:44,CLE,shot,Delonte West,,,,,,,,,Mo Williams,3,,,made,,3pt,48,6
Anderson Varejao,Delonte West,LeBron James,Mo Williams,Wally Szczerbiak,Al Horford,Joe Johnson,Josh Smith,Maurice Evans,Mike Bibby,1,2:31,ATL,shot,,,,,,,,,,Al Horford,,,,missed,,jump,19,18
Anderson Varejao,Delonte West,LeBron James,Mo Williams,Wally Szczerbiak,Al Horford,Joe Johnson,Josh Smith,Maurice Evans,Mike Bibby,1,2:29,CLE,rebound,,,,,,,,,,Wally Szczerbiak,,,,,,def,,
Anderson Varejao,Delonte West,LeBron James,Mo Williams,Wally Szczerbiak,Al Horford,Joe Johnson,Josh Smith,Maurice Evans,Mike Bibby,1,2:13,CLE,shot,Wally Szczerbiak,,,,,,,,,Delonte West,2,,,made,,running jump,14,19
Anderson Varejao,Delonte West,LeBron James,Mo Williams,Wally Szczerbiak,Al Horford,Joe Johnson,Josh Smith,Maurice Evans,Mike Bibby,1,2:01,CLE,foul,,,,,,,,Al Horford,,Wally Szczerbiak,,,,,,shooting,,
Anderson Varejao,Delonte West,LeBron James,Mo Williams,Wally Szczerbiak,Al Horford,Joe Johnson,Josh Smith,Maurice Evans,Mike Bibby,1,2:01,CLE,timeout,,,,,,,,,,,,,,,,regular,,
Daniel Gibson,Delonte West,LeBron James,Mo Williams,Wally Szczerbiak,Al Horford,Joe Johnson,Josh Smith,Maurice Evans,Mike Bibby,1,2:01,CLE,sub,,,,Daniel Gibson,,Anderson Varejao,,,,,,,,,,,,
Daniel Gibson,Delonte West,J.J. Hickson,LeBron James,Wally Szczerbiak,Al Horford,Joe Johnson,Josh Smith,Maurice Evans,Mike Bibby,1,2:01,CLE,sub,,,,J.J. Hickson,,Mo Williams,,,,,,,,,,,,
Daniel Gibson,Delonte West,J.J. Hickson,LeBron James,Wally Szczerbiak,Al Horford,Joe Johnson,Maurice Evans,Mike Bibby,Ronald Murray,1,2:01,ATL,sub,,,,Ronald Murray,,Josh Smith,,,,,,,,,,,,
Daniel Gibson,Delonte West,J.J. Hickson,LeBron James,Wally Szczerbiak,Al Horford,Joe Johnson,Maurice Evans,Mike Bibby,Ronald Murray,1,2:01,ATL,free throw,,,,,,,1,,2,Al Horford,,,foul,made,,,,
Daniel Gibson,Delonte West,J.J. Hickson,LeBron James,Wally Szczerbiak,Al Horford,Joe Johnson,Maurice Evans,Mike Bibby,Ronald Murray,1,2:01,ATL,free throw,,,,,,,2,,2,Al Horford,,,foul,made,,,,
Daniel Gibson,Delonte West,J.J. Hickson,LeBron James,Wally Szczerbiak,Al Horford,Joe Johnson,Maurice Evans,Mike Bibby,Ronald Murray,1,1:45,CLE,shot,,,,,,,,,,Delonte West,,,,missed,,3pt,1,15
Daniel Gibson,Delonte West,J.J. Hickson,LeBron James,Wally Szczerbiak,Al Horford,Joe Johnson,Maurice Evans,Mike Bibby,Ronald Murray,1,1:43,ATL,rebound,,,,,,,,,,Maurice Evans,,,,,,def,,
Daniel Gibson,Delonte West,J.J. Hickson,LeBron James,Wally Szczerbiak,Al Horford,Joe Johnson,Maurice Evans,Mike Bibby,Ronald Murray,1,1:34,CLE,foul,,,,,,,,Joe Johnson,,Wally Szczerbiak,,,,,,personal,,
Daniel Gibson,Delonte West,J.J. Hickson,LeBron James,Wally Szczerbiak,Al Horford,Joe Johnson,Maurice Evans,Mike Bibby,Ronald Murray,1,1:34,CLE,foul,,,,,,,,,,Delonte West,,,,,,technical,,
Daniel Gibson,Delonte West,J.J. Hickson,LeBron James,Wally Szczerbiak,Al Horford,Joe Johnson,Maurice Evans,Mike Bibby,Ronald Murray,1,1:34,ATL,free throw,,,,,,,1,,1,Joe Johnson,,,technical,missed,,,,
Daniel Gibson,Delonte West,J.J. Hickson,LeBron James,Wally Szczerbiak,Al Horford,Joe Johnson,Maurice Evans,Mike Bibby,Ronald Murray,1,1:34,ATL,rebound,,,,,,,,,,,,,,,,,,
Daniel Gibson,Delonte West,J.J. Hickson,LeBron James,Wally Szczerbiak,Al Horford,Joe Johnson,Maurice Evans,Mike Bibby,Ronald Murray,1,1:34,ATL,free throw,,,,,,,1,,2,Joe Johnson,,,foul,missed,,,,
Daniel Gibson,Delonte West,J.J. Hickson,LeBron James,Wally Szczerbiak,Al Horford,Joe Johnson,Maurice Evans,Mike Bibby,Ronald Murray,1,1:34,ATL,rebound,,,,,,,,,,,,,,,,,,
Daniel Gibson,Delonte West,J.J. Hickson,LeBron James,Wally Szczerbiak,Al Horford,Joe Johnson,Maurice Evans,Mike Bibby,Ronald Murray,1,1:34,ATL,free throw,,,,,,,2,,2,Joe Johnson,,,foul,made,,,,
Daniel Gibson,Delonte West,J.J. Hickson,LeBron James,Wally Szczerbiak,Al Horford,Joe Johnson,Maurice Evans,Mike Bibby,Ronald Murray,1,1:30,ATL,foul,,,,,,,,LeBron James,,Joe Johnson,,,,,,personal,,
Daniel Gibson,Delonte West,J.J. Hickson,LeBron James,Wally Szczerbiak,Al Horford,Marvin Williams,Maurice Evans,Mike Bibby,Ronald Murray,1,1:30,ATL,sub,,,,Marvin Williams,,Joe Johnson,,,,,,,,,,,,
Daniel Gibson,Delonte West,J.J. Hickson,LeBron James,Wally Szczerbiak,Marvin Williams,Maurice Evans,Mike Bibby,Ronald Murray,Zaza Pachulia,1,1:30,ATL,sub,,,,Zaza Pachulia,,Al Horford,,,,,,,,,,,,
Daniel Gibson,Delonte West,J.J. Hickson,LeBron James,Wally Szczerbiak,Marvin Williams,Maurice Evans,Mike Bibby,Ronald Murray,Zaza Pachulia,1,1:20,CLE,shot,,,,,,,,,,Daniel Gibson,,,,missed,,running layup,23,7
Daniel Gibson,Delonte West,J.J. Hickson,LeBron James,Wally Szczerbiak,Marvin Williams,Maurice Evans,Mike Bibby,Ronald Murray,Zaza Pachulia,1,1:19,CLE,shot,,,,,,,,,,J.J. Hickson,2,,,made,,putback dunk,25,6
Daniel Gibson,Delonte West,J.J. Hickson,LeBron James,Wally Szczerbiak,Marvin Williams,Maurice Evans,Mike Bibby,Ronald Murray,Zaza Pachulia,1,1:19,CLE,rebound,,,,,,,,,,J.J. Hickson,,,,,,off,,
Daniel Gibson,Delonte West,J.J. Hickson,LeBron James,Wally Szczerbiak,Marvin Williams,Maurice Evans,Mike Bibby,Ronald Murray,Zaza Pachulia,1,1:02,ATL,shot,,,,,,,,,,Ronald Murray,,,,missed,,jump,24,10
Daniel Gibson,Delonte West,J.J. Hickson,LeBron James,Wally Szczerbiak,Marvin Williams,Maurice Evans,Mike Bibby,Ronald Murray,Zaza Pachulia,1,1:01,CLE,rebound,,,,,,,,,,J.J. Hickson,,,,,,def,,
Daniel Gibson,Delonte West,J.J. Hickson,LeBron James,Wally Szczerbiak,Marvin Williams,Maurice Evans,Mike Bibby,Ronald Murray,Zaza Pachulia,1,0:41,CLE,shot,,,,,,,,,,Delonte West,,,,missed,,jump,14,9
Daniel Gibson,Delonte West,J.J. Hickson,LeBron James,Wally Szczerbiak,Marvin Williams,Maurice Evans,Mike Bibby,Ronald Murray,Zaza Pachulia,1,0:41,CLE,rebound,,,,,,,,,,J.J. Hickson,,,,,,off,,
Daniel Gibson,Delonte West,J.J. Hickson,LeBron James,Wally Szczerbiak,Marvin Williams,Maurice Evans,Mike Bibby,Ronald Murray,Zaza Pachulia,1,0:41,ATL,foul,,,,,,,,J.J. Hickson,,Zaza Pachulia,,,,,,personal,,
Daniel Gibson,Delonte West,J.J. Hickson,LeBron James,Wally Szczerbiak,Marvin Williams,Maurice Evans,Mike Bibby,Ronald Murray,Zaza Pachulia,1,0:41,CLE,free throw,,,,,,,1,,2,J.J. Hickson,,,foul,made,,,,
Daniel Gibson,Delonte West,J.J. Hickson,LeBron James,Wally Szczerbiak,Josh Smith,Marvin Williams,Maurice Evans,Ronald Murray,Zaza Pachulia,1,0:41,ATL,sub,,,,Josh Smith,,Mike Bibby,,,,,,,,,,,,
Daniel Gibson,Delonte West,J.J. Hickson,LeBron James,Wally Szczerbiak,Josh Smith,Marvin Williams,Maurice Evans,Ronald Murray,Zaza Pachulia,1,0:41,CLE,free throw,,,,,,,2,,2,J.J. Hickson,,,foul,made,,,,
Daniel Gibson,Delonte West,J.J. Hickson,LeBron James,Wally Szczerbiak,Josh Smith,Marvin Williams,Maurice Evans,Ronald Murray,Zaza Pachulia,1,0:24,ATL,shot,,,,,,,,,,Marvin Williams,,,,missed,,running hook,22,8
Daniel Gibson,Delonte West,J.J. Hickson,LeBron James,Wally Szczerbiak,Josh Smith,Marvin Williams,Maurice Evans,Ronald Murray,Zaza Pachulia,1,0:23,ATL,rebound,,,,,,,,,,Zaza Pachulia,,,,,,off,,
Daniel Gibson,Delonte West,J.J. Hickson,LeBron James,Wally Szczerbiak,Josh Smith,Marvin Williams,Maurice Evans,Ronald Murray,Zaza Pachulia,1,0:22,ATL,shot,,,,,,,,,,Zaza Pachulia,2,,,made,,putback layup,25,6
Daniel Gibson,Delonte West,J.J. Hickson,LeBron James,Wally Szczerbiak,Josh Smith,Marvin Williams,Maurice Evans,Ronald Murray,Zaza Pachulia,1,0:02,CLE,shot,,,,,,,,,,LeBron James,2,,,made,,running jump,18,9
Daniel Gibson,Delonte West,J.J. Hickson,LeBron James,Wally Szczerbiak,Josh Smith,Marvin Williams,Maurice Evans,Ronald Murray,Zaza Pachulia,1,0:00,ATL,shot,,,,,,,,,,Ronald Murray,,,,missed,,3pt,4,43
Daniel Gibson,Delonte West,J.J. Hickson,LeBron James,Wally Szczerbiak,Josh Smith,Marvin Williams,Maurice Evans,Ronald Murray,Zaza Pachulia,1,0:00,ATL,rebound,,,,,,,,,,,,,,,,,,
Daniel Gibson,J.J. Hickson,Mo Williams,Wally Szczerbiak,Zydrunas Ilgauskas,Josh Smith,Marvin Williams,Maurice Evans,Ronald Murray,Zaza Pachulia,2,11:47,ATL,shot,,,,,,,,,,Ronald Murray,,,,missed,,driving layup,27,7
Daniel Gibson,J.J. Hickson,Mo Williams,Wally Szczerbiak,Zydrunas Ilgauskas,Josh Smith,Marvin Williams,Maurice Evans,Ronald Murray,Zaza Pachulia,2,11:44,CLE,rebound,,,,,,,,,,Mo Williams,,,,,,def,,
Daniel Gibson,J.J. Hickson,Mo Williams,Wally Szczerbiak,Zydrunas Ilgauskas,Josh Smith,Marvin Williams,Maurice Evans,Ronald Murray,Zaza Pachulia,2,11:22,CLE,shot,,,,,,,,,,Mo Williams,,,,missed,,jump,42,11
Daniel Gibson,J.J. Hickson,Mo Williams,Wally Szczerbiak,Zydrunas Ilgauskas,Josh Smith,Marvin Williams,Maurice Evans,Ronald Murray,Zaza Pachulia,2,11:20,ATL,rebound,,,,,,,,,,Zaza Pachulia,,,,,,def,,
Daniel Gibson,J.J. Hickson,Mo Williams,Wally Szczerbiak,Zydrunas Ilgauskas,Josh Smith,Marvin Williams,Maurice Evans,Ronald Murray,Zaza Pachulia,2,11:04,ATL,shot,,,,,,,,,,Josh Smith,,,,missed,,turnaround jump,19,11
Daniel Gibson,J.J. Hickson,Mo Williams,Wally Szczerbiak,Zydrunas Ilgauskas,Josh Smith,Marvin Williams,Maurice Evans,Ronald Murray,Zaza Pachulia,2,11:02,ATL,rebound,,,,,,,,,,Zaza Pachulia,,,,,,off,,
Daniel Gibson,J.J. Hickson,Mo Williams,Wally Szczerbiak,Zydrunas Ilgauskas,Josh Smith,Marvin Williams,Maurice Evans,Ronald Murray,Zaza Pachulia,2,11:00,ATL,shot,,,,,,,,,,Zaza Pachulia,2,,,made,,putback layup,25,6
Daniel Gibson,J.J. Hickson,Mo Williams,Wally Szczerbiak,Zydrunas Ilgauskas,Josh Smith,Marvin Williams,Maurice Evans,Ronald Murray,Zaza Pachulia,2,10:34,CLE,turnover,,,,,,,,,,Wally Szczerbiak,,,out of bounds lost ball turnover,,,,,
Daniel Gibson,J.J. Hickson,Mo Williams,Wally Szczerbiak,Zydrunas Ilgauskas,Josh Smith,Marvin Williams,Maurice Evans,Ronald Murray,Zaza Pachulia,2,10:18,ATL,shot,Ronald Murray,,,,,,,,,Marvin Williams,2,,,made,,jump,41,12
Daniel Gibson,J.J. Hickson,Mo Williams,Wally Szczerbiak,Zydrunas Ilgauskas,Josh Smith,Marvin Williams,Maurice Evans,Ronald Murray,Zaza Pachulia,2,9:57,CLE,shot,Daniel Gibson,,,,,,,,,Zydrunas Ilgauskas,2,,,made,,turnaround jump,30,12
Daniel Gibson,J.J. Hickson,Mo Williams,Wally Szczerbiak,Zydrunas Ilgauskas,Josh Smith,Marvin Williams,Maurice Evans,Ronald Murray,Zaza Pachulia,2,9:57,ATL,foul,,,,,,,,Zydrunas Ilgauskas,,Marvin Williams,,,,,,shooting,,
Daniel Gibson,Delonte West,J.J. Hickson,Mo Williams,Zydrunas Ilgauskas,Josh Smith,Marvin Williams,Maurice Evans,Ronald Murray,Zaza Pachulia,2,9:57,CLE,sub,,,,Delonte West,,Wally Szczerbiak,,,,,,,,,,,,
Daniel Gibson,Delonte West,J.J. Hickson,Mo Williams,Zydrunas Ilgauskas,Josh Smith,Marvin Williams,Maurice Evans,Ronald Murray,Zaza Pachulia,2,9:57,CLE,free throw,,,,,,,1,,1,Zydrunas Ilgauskas,,,foul,made,,,,
Daniel Gibson,Delonte West,J.J. Hickson,Mo Williams,Zydrunas Ilgauskas,Josh Smith,Marvin Williams,Maurice Evans,Ronald Murray,Zaza Pachulia,2,9:36,ATL,shot,,,,,,,,,,Ronald Murray,,,,missed,,driving layup,28,6
Daniel Gibson,Delonte West,J.J. Hickson,Mo Williams,Zydrunas Ilgauskas,Josh Smith,Marvin Williams,Maurice Evans,Ronald Murray,Zaza Pachulia,2,9:34,ATL,shot,,,,,,,,,,Zaza Pachulia,,,,missed,,tip,25,6
Daniel Gibson,Delonte West,J.J. Hickson,Mo Williams,Zydrunas Ilgauskas,Josh Smith,Marvin Williams,Maurice Evans,Ronald Murray,Zaza Pachulia,2,9:34,ATL,rebound,,,,,,,,,,Zaza Pachulia,,,,,,off,,
Daniel Gibson,Delonte West,J.J. Hickson,Mo Williams,Zydrunas Ilgauskas,Josh Smith,Marvin Williams,Maurice Evans,Ronald Murray,Zaza Pachulia,2,9:32,CLE,rebound,,,,,,,,,,Zydrunas Ilgauskas,,,,,,def,,
Daniel Gibson,Delonte West,J.J. Hickson,Mo Williams,Zydrunas Ilgauskas,Josh Smith,Marvin Williams,Maurice Evans,Ronald Murray,Zaza Pachulia,2,9:24,CLE,shot,,,,,,,,,,Daniel Gibson,,,,missed,,3pt,44,26
Daniel Gibson,Delonte West,J.J. Hickson,Mo Williams,Zydrunas Ilgauskas,Josh Smith,Marvin Williams,Maurice Evans,Ronald Murray,Zaza Pachulia,2,9:23,CLE,rebound,,,,,,,,,,Zydrunas Ilgauskas,,,,,,off,,
Daniel Gibson,Delonte West,J.J. Hickson,Mo Williams,Zydrunas Ilgauskas,Josh Smith,Marvin Williams,Maurice Evans,Ronald Murray,Zaza Pachulia,2,9:17,ATL,foul,,,,,,,,Mo Williams,,Ronald Murray,,,,,,personal,,
Daniel Gibson,Delonte West,J.J. Hickson,Mo Williams,Zydrunas Ilgauskas,Josh Smith,Marvin Williams,Maurice Evans,Ronald Murray,Zaza Pachulia,2,9:09,CLE,turnover,,,,,,,,,,Delonte West,,,out of bounds lost ball turnover,,,,,
Daniel Gibson,Delonte West,J.J. Hickson,Mo Williams,Zydrunas Ilgauskas,Josh Smith,Marvin Williams,Maurice Evans,Ronald Murray,Zaza Pachulia,2,8:53,ATL,shot,,,,,,,,,,Ronald Murray,2,,,made,,turnaround jump,26,14
Daniel Gibson,Delonte West,J.J. Hickson,Mo Williams,Zydrunas Ilgauskas,Josh Smith,Marvin Williams,Maurice Evans,Ronald Murray,Zaza Pachulia,2,8:27,ATL,foul,,,,,,,,J.J. Hickson,,Marvin Williams,,,,,,personal,,
Daniel Gibson,Delonte West,J.J. Hickson,Mo Williams,Zydrunas Ilgauskas,Josh Smith,Marvin Williams,Maurice Evans,Ronald Murray,Zaza Pachulia,2,8:27,OFF,timeout,,,,,,,,,,,,,,,,official,,
Daniel Gibson,Delonte West,J.J. Hickson,Mo Williams,Zydrunas Ilgauskas,Joe Johnson,Josh Smith,Maurice Evans,Ronald Murray,Zaza Pachulia,2,8:27,ATL,sub,,,,Joe Johnson,,Marvin Williams,,,,,,,,,,,,
Daniel Gibson,Delonte West,J.J. Hickson,Mo Williams,Zydrunas Ilgauskas,Joe Johnson,Josh Smith,Maurice Evans,Ronald Murray,Zaza Pachulia,2,8:15,CLE,shot,,,,,,,,,,Delonte West,2,,,made,,jump,23,24
Daniel Gibson,Delonte West,J.J. Hickson,Mo Williams,Zydrunas Ilgauskas,Joe Johnson,Josh Smith,Maurice Evans,Ronald Murray,Zaza Pachulia,2,7:55,ATL,turnover,,,,,,,,,,Joe Johnson,,,lost ball,,Delonte West,,,
Daniel Gibson,Delonte West,J.J. Hickson,Mo Williams,Zydrunas Ilgauskas,Joe Johnson,Josh Smith,Maurice Evans,Ronald Murray,Zaza Pachulia,2,7:45,CLE,turnover,,,,,,,,,,Delonte West,,,bad pass,,Ronald Murray,,,
Daniel Gibson,Delonte West,J.J. Hickson,Mo Williams,Zydrunas Ilgauskas,Joe Johnson,Josh Smith,Maurice Evans,Ronald Murray,Zaza Pachulia,2,7:43,CLE,foul,,,,,,,,Ronald Murray,,Mo Williams,,,,,,shooting,,
Daniel Gibson,Delonte West,J.J. Hickson,Mo Williams,Zydrunas Ilgauskas,Joe Johnson,Josh Smith,Maurice Evans,Ronald Murray,Zaza Pachulia,2,7:43,ATL,free throw,,,,,,,1,,2,Ronald Murray,,,foul,made,,,,
Daniel Gibson,Delonte West,J.J. Hickson,Mo Williams,Zydrunas Ilgauskas,Joe Johnson,Josh Smith,Mike Bibby,Ronald Murray,Zaza Pachulia,2,7:43,ATL,sub,,,,Mike Bibby,,Maurice Evans,,,,,,,,,,,,
Daniel Gibson,Delonte West,J.J. Hickson,LeBron James,Zydrunas Ilgauskas,Joe Johnson,Josh Smith,Mike Bibby,Ronald Murray,Zaza Pachulia,2,7:43,CLE,sub,,,,LeBron James,,Mo Williams,,,,,,,,,,,,
Anderson Varejao,Daniel Gibson,Delonte West,J.J. Hickson,LeBron James,Joe Johnson,Josh Smith,Mike Bibby,Ronald Murray,Zaza Pachulia,2,7:43,CLE,sub,,,,Anderson Varejao,,Zydrunas Ilgauskas,,,,,,,,,,,,
Anderson Varejao,Daniel Gibson,Delonte West,J.J. Hickson,LeBron James,Joe Johnson,Josh Smith,Mike Bibby,Ronald Murray,Zaza Pachulia,2,7:43,ATL,free throw,,,,,,,2,,2,Ronald Murray,,,foul,made,,,,
Anderson Varejao,Daniel Gibson,Delonte West,J.J. Hickson,LeBron James,Joe Johnson,Josh Smith,Mike Bibby,Ronald Murray,Zaza Pachulia,2,7:20,CLE,shot,,,,,,,,,,Delonte West,,,,missed,,driving layup,25,8
Anderson Varejao,Daniel Gibson,Delonte West,J.J. Hickson,LeBron James,Joe Johnson,Josh Smith,Mike Bibby,Ronald Murray,Zaza Pachulia,2,7:18,CLE,shot,,,,,,,,,,Delonte West,2,,,made,,tip,25,6
Anderson Varejao,Daniel Gibson,Delonte West,J.J. Hickson,LeBron James,Joe Johnson,Josh Smith,Mike Bibby,Ronald Murray,Zaza Pachulia,2,7:18,CLE,rebound,,,,,,,,,,Delonte West,,,,,,off,,
Anderson Varejao,Daniel Gibson,Delonte West,J.J. Hickson,LeBron James,Joe Johnson,Josh Smith,Mike Bibby,Ronald Murray,Zaza Pachulia,2,6:54,ATL,shot,Mike Bibby,,,,,,,,,Ronald Murray,2,,,made,,jump,35,18
Anderson Varejao,Daniel Gibson,Delonte West,J.J. Hickson,LeBron James,Joe Johnson,Josh Smith,Mike Bibby,Ronald Murray,Zaza Pachulia,2,6:36,CLE,shot,,,,,,,,,,LeBron James,2,,,made,,driving layup,26,7
Anderson Varejao,Daniel Gibson,Delonte West,J.J. Hickson,LeBron James,Joe Johnson,Josh Smith,Mike Bibby,Ronald Murray,Zaza Pachulia,2,6:36,ATL,foul,,,,,,,,LeBron James,,Josh Smith,,,,,,shooting,,
Anderson Varejao,Daniel Gibson,Delonte West,J.J. Hickson,LeBron James,Al Horford,Joe Johnson,Josh Smith,Mike Bibby,Ronald Murray,2,6:36,ATL,sub,,,,Al Horford,,Zaza Pachulia,,,,,,,,,,,,
Anderson Varejao,Daniel Gibson,Delonte West,J.J. Hickson,LeBron James,Al Horford,Joe Johnson,Josh Smith,Mike Bibby,Ronald Murray,2,6:36,CLE,free throw,,,,,,,1,,1,LeBron James,,,foul,missed,,,,
Anderson Varejao,Daniel Gibson,Delonte West,J.J. Hickson,LeBron James,Al Horford,Joe Johnson,Josh Smith,Mike Bibby,Ronald Murray,2,6:34,CLE,rebound,,,,,,,,,,Anderson Varejao,,,,,,off,,
Anderson Varejao,Daniel Gibson,Delonte West,J.J. Hickson,LeBron James,Al Horford,Joe Johnson,Josh Smith,Mike Bibby,Ronald Murray,2,6:26,CLE,shot,,,,,,,,,,Delonte West,,,,missed,,3pt,44,23
Anderson Varejao,Daniel Gibson,Delonte West,J.J. Hickson,LeBron James,Al Horford,Joe Johnson,Josh Smith,Mike Bibby,Ronald Murray,2,6:24,ATL,rebound,,,,,,,,,,Joe Johnson,,,,,,def,,
Anderson Varejao,Daniel Gibson,Delonte West,J.J. Hickson,LeBron James,Al Horford,Joe Johnson,Josh Smith,Mike Bibby,Ronald Murray,2,6:13,ATL,shot,,,,,,,,,,Ronald Murray,,,,missed,,3pt,1,12
Anderson Varejao,Daniel Gibson,Delonte West,J.J. Hickson,LeBron James,Al Horford,Joe Johnson,Josh Smith,Mike Bibby,Ronald Murray,2,6:12,CLE,rebound,,,,,,,,,,Daniel Gibson,,,,,,def,,
Anderson Varejao,Daniel Gibson,Delonte West,J.J. Hickson,LeBron James,Al Horford,Joe Johnson,Josh Smith,Mike Bibby,Ronald Murray,2,6:02,CLE,shot,,,,,,,,,,LeBron James,,,,missed,,jump,34,25
Anderson Varejao,Daniel Gibson,Delonte West,J.J. Hickson,LeBron James,Al Horford,Joe Johnson,Josh Smith,Mike Bibby,Ronald Murray,2,6:01,ATL,rebound,,,,,,,,,,,,,,,,,,
Anderson Varejao,Daniel Gibson,Delonte West,J.J. Hickson,LeBron James,Al Horford,Joe Johnson,Josh Smith,Mike Bibby,Ronald Murray,2,6:01,CLE,foul,,,,,,,,Josh Smith,,Anderson Varejao,,,,,,loose ball,,
Anderson Varejao,Daniel Gibson,Delonte West,J.J. Hickson,LeBron James,Al Horford,Joe Johnson,Josh Smith,Mike Bibby,Ronald Murray,2,5:45,ATL,shot,Joe Johnson,,,,,,,,,Josh Smith,2,,,made,,driving slam dunk,25,6
Anderson Varejao,Daniel Gibson,Delonte West,J.J. Hickson,LeBron James,Al Horford,Joe Johnson,Josh Smith,Mike Bibby,Ronald Murray,2,5:26,CLE,shot,,,,,,,,,,Daniel Gibson,,,,missed,,3pt,48,8
Anderson Varejao,Daniel Gibson,Delonte West,J.J. Hickson,LeBron James,Al Horford,Joe Johnson,Josh Smith,Mike Bibby,Ronald Murray,2,5:26,CLE,rebound,,,,,,,,,,,,,,,,,,
Anderson Varejao,Daniel Gibson,Delonte West,J.J. Hickson,LeBron James,Al Horford,Joe Johnson,Josh Smith,Mike Bibby,Ronald Murray,2,5:26,ATL,foul,,,,,,,,Anderson Varejao,,Al Horford,,,,,,loose ball,,
Anderson Varejao,Daniel Gibson,Delonte West,J.J. Hickson,LeBron James,Al Horford,Joe Johnson,Josh Smith,Mike Bibby,Ronald Murray,2,5:26,ATL,timeout,,,,,,,,,,,,,,,,regular,,
Anderson Varejao,Daniel Gibson,Delonte West,J.J. Hickson,LeBron James,Al Horford,Joe Johnson,Josh Smith,Mike Bibby,Ronald Murray,2,5:26,CLE,free throw,,,,,,,1,,2,Anderson Varejao,,,foul,missed,,,,
Anderson Varejao,Daniel Gibson,Delonte West,J.J. Hickson,LeBron James,Al Horford,Joe Johnson,Josh Smith,Mike Bibby,Ronald Murray,2,5:26,CLE,rebound,,,,,,,,,,,,,,,,,,
Anderson Varejao,Daniel Gibson,Delonte West,J.J. Hickson,LeBron James,Al Horford,Joe Johnson,Josh Smith,Mike Bibby,Ronald Murray,2,5:26,CLE,free throw,,,,,,,2,,2,Anderson Varejao,,,foul,missed,,,,
Anderson Varejao,Daniel Gibson,Delonte West,J.J. Hickson,LeBron James,Al Horford,Joe Johnson,Josh Smith,Mike Bibby,Ronald Murray,2,5:25,ATL,rebound,,,,,,,,,,Mike Bibby,,,,,,def,,
Anderson Varejao,Daniel Gibson,Delonte West,J.J. Hickson,LeBron James,Al Horford,Joe Johnson,Josh Smith,Mike Bibby,Ronald Murray,2,5:10,ATL,shot,,,,,,,,,,Mike Bibby,,,,missed,,3pt,21,33
Anderson Varejao,Daniel Gibson,Delonte West,J.J. Hickson,LeBron James,Al Horford,Joe Johnson,Josh Smith,Mike Bibby,Ronald Murray,2,5:09,CLE,rebound,,,,,,,,,,LeBron James,,,,,,def,,
Anderson Varejao,Daniel Gibson,Delonte West,J.J. Hickson,LeBron James,Al Horford,Joe Johnson,Josh Smith,Mike Bibby,Ronald Murray,2,5:04,CLE,shot,LeBron James,,,,,,,,,J.J. Hickson,2,,,made,,dunk,25,6
Anderson Varejao,Daniel Gibson,Delonte West,J.J. Hickson,LeBron James,Al Horford,Joe Johnson,Josh Smith,Mike Bibby,Ronald Murray,2,4:44,ATL,shot,Mike Bibby,,,,,,,,,Al Horford,2,,,made,,running jump,24,12
Anderson Varejao,Daniel Gibson,Delonte West,J.J. Hickson,LeBron James,Al Horford,Joe Johnson,Josh Smith,Mike Bibby,Ronald Murray,2,4:22,ATL,foul,,,,,,,,LeBron James,,Joe Johnson,,,,,,shooting,,
Anderson Varejao,Delonte West,J.J. Hickson,LeBron James,Mo Williams,Al Horford,Joe Johnson,Josh Smith,Mike Bibby,Ronald Murray,2,4:22,CLE,sub,,,,Mo Williams,,Daniel Gibson,,,,,,,,,,,,
Anderson Varejao,Delonte West,J.J. Hickson,LeBron James,Mo Williams,Al Horford,Joe Johnson,Josh Smith,Mike Bibby,Ronald Murray,2,4:22,CLE,free throw,,,,,,,1,,2,LeBron James,,,foul,made,,,,
Anderson Varejao,Delonte West,LeBron James,Mo Williams,Zydrunas Ilgauskas,Al Horford,Joe Johnson,Josh Smith,Mike Bibby,Ronald Murray,2,4:22,CLE,sub,,,,Zydrunas Ilgauskas,,J.J. Hickson,,,,,,,,,,,,
Anderson Varejao,Delonte West,LeBron James,Mo Williams,Zydrunas Ilgauskas,Al Horford,Joe Johnson,Josh Smith,Mike Bibby,Ronald Murray,2,4:22,CLE,free throw,,,,,,,2,,2,LeBron James,,,foul,made,,,,
Anderson Varejao,Delonte West,LeBron James,Mo Williams,Zydrunas Ilgauskas,Al Horford,Joe Johnson,Josh Smith,Mike Bibby,Ronald Murray,2,4:15,CLE,foul,,,,,,,,Mike Bibby,,Mo Williams,,,,,,personal,,
Anderson Varejao,Daniel Gibson,Delonte West,LeBron James,Zydrunas Ilgauskas,Al Horford,Joe Johnson,Josh Smith,Mike Bibby,Ronald Murray,2,4:15,CLE,sub,,,,Daniel Gibson,,Mo Williams,,,,,,,,,,,,
Anderson Varejao,Daniel Gibson,Delonte West,LeBron James,Zydrunas Ilgauskas,Al Horford,Joe Johnson,Josh Smith,Mike Bibby,Ronald Murray,2,4:04,ATL,shot,,,,,,,,,,Mike Bibby,,,,missed,,3pt,42,28
Anderson Varejao,Daniel Gibson,Delonte West,LeBron James,Zydrunas Ilgauskas,Al Horford,Joe Johnson,Josh Smith,Mike Bibby,Ronald Murray,2,4:02,CLE,rebound,,,,,,,,,,LeBron James,,,,,,def,,
Anderson Varejao,Daniel Gibson,Delonte West,LeBron James,Zydrunas Ilgauskas,Al Horford,Joe Johnson,Josh Smith,Mike Bibby,Ronald Murray,2,3:45,CLE,shot,,,,,,,,,,LeBron James,,,,missed,,3pt,48,7
Anderson Varejao,Daniel Gibson,Delonte West,LeBron James,Zydrunas Ilgauskas,Al Horford,Joe Johnson,Josh Smith,Mike Bibby,Ronald Murray,2,3:43,CLE,rebound,,,,,,,,,,Zydrunas Ilgauskas,,,,,,off,,
Anderson Varejao,Daniel Gibson,Delonte West,LeBron James,Zydrunas Ilgauskas,Al Horford,Joe Johnson,Josh Smith,Mike Bibby,Ronald Murray,2,3:28,CLE,shot,Daniel Gibson,,,,,,,,,Anderson Varejao,2,,,made,,layup,23,8
Anderson Varejao,Daniel Gibson,Delonte West,LeBron James,Zydrunas Ilgauskas,Al Horford,Joe Johnson,Josh Smith,Mike Bibby,Ronald Murray,2,3:13,ATL,shot,,,,,,,,,,Joe Johnson,,,,missed,,jump,38,11
Anderson Varejao,Daniel Gibson,Delonte West,LeBron James,Zydrunas Ilgauskas,Al Horford,Joe Johnson,Josh Smith,Mike Bibby,Ronald Murray,2,3:11,CLE,rebound,,,,,,,,,,Anderson Varejao,,,,,,def,,
Anderson Varejao,Daniel Gibson,Delonte West,LeBron James,Zydrunas Ilgauskas,Al Horford,Joe Johnson,Josh Smith,Mike Bibby,Ronald Murray,2,2:57,CLE,shot,,,,,,,,,,Anderson Varejao,,,,missed,,jump,20,8
Anderson Varejao,Daniel Gibson,Delonte West,LeBron James,Zydrunas Ilgauskas,Al Horford,Joe Johnson,Josh Smith,Mike Bibby,Ronald Murray,2,2:55,ATL,rebound,,,,,,,,,,Al Horford,,,,,,def,,
Anderson Varejao,Daniel Gibson,Delonte West,LeBron James,Zydrunas Ilgauskas,Al Horford,Joe Johnson,Josh Smith,Mike Bibby,Ronald Murray,2,2:55,CLE,timeout,,,,,,,,,,,,,,,,regular,,
Anderson Varejao,Daniel Gibson,Delonte West,LeBron James,Zydrunas Ilgauskas,Al Horford,Joe Johnson,Josh Smith,Mike Bibby,Ronald Murray,2,2:55,OFF,jump ball,,LeBron James,,,Josh Smith,,,,,,,Anderson Varejao,,,,,,
Anderson Varejao,Daniel Gibson,Delonte West,LeBron James,Zydrunas Ilgauskas,Al Horford,Joe Johnson,Josh Smith,Mike Bibby,Ronald Murray,2,2:55,ATL,turnover,,,,,,,,,,Josh Smith,,,lost ball,,LeBron James,,,
Anderson Varejao,Daniel Gibson,Delonte West,LeBron James,Zydrunas Ilgauskas,Al Horford,Joe Johnson,Josh Smith,Mike Bibby,Ronald Murray,2,2:38,ATL,foul,,,,,,,,Delonte West,,Mike Bibby,,,,,,personal,,
Anderson Varejao,Daniel Gibson,Delonte West,LeBron James,Zydrunas Ilgauskas,Al Horford,Joe Johnson,Josh Smith,Mike Bibby,Ronald Murray,2,2:38,CLE,free throw,,,,,,,1,,2,Delonte West,,,foul,made,,,,
Anderson Varejao,Daniel Gibson,Delonte West,LeBron James,Zydrunas Ilgauskas,Al Horford,Joe Johnson,Josh Smith,Mike Bibby,Ronald Murray,2,2:38,CLE,free throw,,,,,,,2,,2,Delonte West,,,foul,made,,,,
Anderson Varejao,Daniel Gibson,Delonte West,LeBron James,Zydrunas Ilgauskas,Al Horford,Joe Johnson,Josh Smith,Mike Bibby,Ronald Murray,2,2:26,ATL,turnover,,,,,,,,,,Al Horford,,,lost ball,,Zydrunas Ilgauskas,,,
Anderson Varejao,Daniel Gibson,Delonte West,LeBron James,Zydrunas Ilgauskas,Al Horford,Joe Johnson,Josh Smith,Mike Bibby,Ronald Murray,2,1:59,CLE,shot,,,,,,,,,,LeBron James,,,,missed,,turnaround jump,27,26
Anderson Varejao,Daniel Gibson,Delonte West,LeBron James,Zydrunas Ilgauskas,Al Horford,Joe Johnson,Josh Smith,Mike Bibby,Ronald Murray,2,1:57,ATL,rebound,,,,,,,,,,Josh Smith,,,,,,def,,
Anderson Varejao,Daniel Gibson,Delonte West,LeBron James,Zydrunas Ilgauskas,Al Horford,Joe Johnson,Josh Smith,Mike Bibby,Ronald Murray,2,1:51,CLE,foul,,,,,,,,Al Horford,,Delonte West,,,,,,shooting,,
Anderson Varejao,Daniel Gibson,Delonte West,LeBron James,Zydrunas Ilgauskas,Al Horford,Joe Johnson,Josh Smith,Mike Bibby,Ronald Murray,2,1:51,ATL,free throw,,,,,,,1,,2,Al Horford,,,foul,made,,,,
Anderson Varejao,Daniel Gibson,Delonte West,LeBron James,Zydrunas Ilgauskas,Al Horford,Josh Smith,Maurice Evans,Mike Bibby,Ronald Murray,2,1:51,ATL,sub,,,,Maurice Evans,,Joe Johnson,,,,,,,,,,,,
Daniel Gibson,Delonte West,J.J. Hickson,LeBron James,Zydrunas Ilgauskas,Al Horford,Josh Smith,Maurice Evans,Mike Bibby,Ronald Murray,2,1:51,CLE,sub,,,,J.J. Hickson,,Anderson Varejao,,,,,,,,,,,,
Daniel Gibson,Delonte West,J.J. Hickson,LeBron James,Zydrunas Ilgauskas,Al Horford,Josh Smith,Maurice Evans,Mike Bibby,Ronald Murray,2,1:51,ATL,free throw,,,,,,,2,,2,Al Horford,,,foul,made,,,,
Daniel Gibson,Delonte West,J.J. Hickson,LeBron James,Zydrunas Ilgauskas,Al Horford,Josh Smith,Maurice Evans,Mike Bibby,Ronald Murray,2,1:38,CLE,shot,,,,,,,,,,LeBron James,2,,,made,,jump,29,9
Daniel Gibson,Delonte West,J.J. Hickson,LeBron James,Zydrunas Ilgauskas,Al Horford,Josh Smith,Maurice Evans,Mike Bibby,Ronald Murray,2,1:38,ATL,foul,,,,,,,,LeBron James,,Maurice Evans,,,,,,shooting,,
Daniel Gibson,J.J. Hickson,LeBron James,Wally Szczerbiak,Zydrunas Ilgauskas,Al Horford,Josh Smith,Maurice Evans,Mike Bibby,Ronald Murray,2,1:38,CLE,sub,,,,Wally Szczerbiak,,Delonte West,,,,,,,,,,,,
Daniel Gibson,J.J. Hickson,LeBron James,Wally Szczerbiak,Zydrunas Ilgauskas,Al Horford,Josh Smith,Maurice Evans,Mike Bibby,Ronald Murray,2,1:38,CLE,free throw,,,,,,,1,,1,LeBron James,,,foul,made,,,,
Daniel Gibson,J.J. Hickson,LeBron James,Wally Szczerbiak,Zydrunas Ilgauskas,Al Horford,Josh Smith,Maurice Evans,Mike Bibby,Ronald Murray,2,1:22,ATL,shot,Ronald Murray,,,,,,,,,Al Horford,2,,,made,,jump,43,8
Daniel Gibson,J.J. Hickson,LeBron James,Wally Szczerbiak,Zydrunas Ilgauskas,Al Horford,Josh Smith,Maurice Evans,Mike Bibby,Ronald Murray,2,0:57,CLE,shot,,,,,,,,,,Daniel Gibson,,,,missed,,3pt,46,24
Daniel Gibson,J.J. Hickson,LeBron James,Wally Szczerbiak,Zydrunas Ilgauskas,Al Horford,Josh Smith,Maurice Evans,Mike Bibby,Ronald Murray,2,0:55,ATL,rebound,,,,,,,,,,Josh Smith,,,,,,def,,
Daniel Gibson,J.J. Hickson,LeBron James,Wally Szczerbiak,Zydrunas Ilgauskas,Al Horford,Josh Smith,Maurice Evans,Mike Bibby,Ronald Murray,2,0:48,ATL,shot,,,Zydrunas Ilgauskas,,,,,,,Al Horford,,,,missed,,jump,19,6
Daniel Gibson,J.J. Hickson,LeBron James,Wally Szczerbiak,Zydrunas Ilgauskas,Al Horford,Josh Smith,Maurice Evans,Mike Bibby,Ronald Murray,2,0:46,CLE,rebound,,,,,,,,,,J.J. Hickson,,,,,,def,,
Daniel Gibson,J.J. Hickson,LeBron James,Wally Szczerbiak,Zydrunas Ilgauskas,Al Horford,Josh Smith,Maurice Evans,Mike Bibby,Ronald Murray,2,0:41,CLE,shot,,,,,,,,,,LeBron James,3,,,made,,3pt,32,32
Daniel Gibson,J.J. Hickson,LeBron James,Wally Szczerbiak,Zydrunas Ilgauskas,Al Horford,Josh Smith,Maurice Evans,Mike Bibby,Ronald Murray,2,0:33,ATL,turnover,,,,,,,,,,Ronald Murray,,,bad pass,,Wally Szczerbiak,,,
Daniel Gibson,J.J. Hickson,LeBron James,Wally Szczerbiak,Zydrunas Ilgauskas,Al Horford,Josh Smith,Maurice Evans,Mike Bibby,Ronald Murray,2,0:26,CLE,shot,,,,,,,,,,LeBron James,,,,missed,,3pt,6,27
Daniel Gibson,J.J. Hickson,LeBron James,Wally Szczerbiak,Zydrunas Ilgauskas,Al Horford,Josh Smith,Maurice Evans,Mike Bibby,Ronald Murray,2,0:25,ATL,rebound,,,,,,,,,,,,,,,,,,
Daniel Gibson,J.J. Hickson,LeBron James,Wally Szczerbiak,Zydrunas Ilgauskas,Al Horford,Josh Smith,Maurice Evans,Mike Bibby,Ronald Murray,2,0:04,CLE,foul,,,,,,,,Mike Bibby,,Daniel Gibson,,,,,,personal,,
Daniel Gibson,J.J. Hickson,LeBron James,Wally Szczerbiak,Zydrunas Ilgauskas,Al Horford,Josh Smith,Maurice Evans,Mike Bibby,Ronald Murray,2,0:04,ATL,free throw,,,,,,,1,,2,Mike Bibby,,,foul,made,,,,
Daniel Gibson,J.J. Hickson,LeBron James,Wally Szczerbiak,Zydrunas Ilgauskas,Al Horford,Josh Smith,Maurice Evans,Mike Bibby,Ronald Murray,2,0:04,CLE,timeout,,,,,,,,,,,,,,,,short,,
Daniel Gibson,LeBron James,Mo Williams,Wally Szczerbiak,Zydrunas Ilgauskas,Al Horford,Josh Smith,Maurice Evans,Mike Bibby,Ronald Murray,2,0:04,CLE,sub,,,,Mo Williams,,J.J. Hickson,,,,,,,,,,,,
Daniel Gibson,LeBron James,Mo Williams,Wally Szczerbiak,Zydrunas Ilgauskas,Al Horford,Josh Smith,Maurice Evans,Mike Bibby,Ronald Murray,2,0:04,ATL,free throw,,,,,,,2,,2,Mike Bibby,,,foul,made,,,,
Daniel Gibson,LeBron James,Mo Williams,Wally Szczerbiak,Zydrunas Ilgauskas,Al Horford,Josh Smith,Maurice Evans,Mike Bibby,Ronald Murray,2,0:00,ATL,foul,,,,,,,,LeBron James,,Josh Smith,,,,,,shooting,,
Daniel Gibson,LeBron James,Mo Williams,Wally Szczerbiak,Zydrunas Ilgauskas,Al Horford,Josh Smith,Maurice Evans,Mike Bibby,Ronald Murray,2,0:00,CLE,free throw,,,,,,,1,,2,LeBron James,,,foul,missed,,,,
Daniel Gibson,LeBron James,Mo Williams,Wally Szczerbiak,Zydrunas Ilgauskas,Al Horford,Josh Smith,Maurice Evans,Mike Bibby,Ronald Murray,2,0:00,CLE,rebound,,,,,,,,,,,,,,,,,,
Daniel Gibson,LeBron James,Mo Williams,Wally Szczerbiak,Zydrunas Ilgauskas,Al Horford,Josh Smith,Maurice Evans,Mike Bibby,Ronald Murray,2,0:00,CLE,free throw,,,,,,,2,,2,LeBron James,,,foul,missed,,,,
Daniel Gibson,LeBron James,Mo Williams,Wally Szczerbiak,Zydrunas Ilgauskas,Al Horford,Josh Smith,Maurice Evans,Mike Bibby,Ronald Murray,2,0:00,ATL,rebound,,,,,,,,,,Al Horford,,,,,,def,,
Anderson Varejao,Delonte West,LeBron James,Mo Williams,Zydrunas Ilgauskas,Al Horford,Joe Johnson,Josh Smith,Marvin Williams,Mike Bibby,3,11:42,ATL,shot,,,,,,,,,,Mike Bibby,2,,,made,,jump,15,23
Anderson Varejao,Delonte West,LeBron James,Mo Williams,Zydrunas Ilgauskas,Al Horford,Joe Johnson,Josh Smith,Marvin Williams,Mike Bibby,3,11:24,CLE,foul,,,,,,,,Mike Bibby,,Zydrunas Ilgauskas,,,,,,offensive,,
Anderson Varejao,Delonte West,LeBron James,Mo Williams,Zydrunas Ilgauskas,Al Horford,Joe Johnson,Josh Smith,Marvin Williams,Mike Bibby,3,11:24,CLE,turnover,,,,,,,,,,Zydrunas Ilgauskas,,,foul,,,,,
Anderson Varejao,Delonte West,LeBron James,Mo Williams,Zydrunas Ilgauskas,Al Horford,Joe Johnson,Josh Smith,Marvin Williams,Mike Bibby,3,11:02,ATL,shot,,,LeBron James,,,,,,,Al Horford,,,,missed,,layup,26,7
Anderson Varejao,Delonte West,LeBron James,Mo Williams,Zydrunas Ilgauskas,Al Horford,Joe Johnson,Josh Smith,Marvin Williams,Mike Bibby,3,10:58,ATL,rebound,,,,,,,,,,Marvin Williams,,,,,,off,,
Anderson Varejao,Delonte West,LeBron James,Mo Williams,Zydrunas Ilgauskas,Al Horford,Joe Johnson,Josh Smith,Marvin Williams,Mike Bibby,3,10:57,ATL,shot,,,,,,,,,,Josh Smith,,,,missed,,jump,27,9
Anderson Varejao,Delonte West,LeBron James,Mo Williams,Zydrunas Ilgauskas,Al Horford,Joe Johnson,Josh Smith,Marvin Williams,Mike Bibby,3,10:54,CLE,rebound,,,,,,,,,,Anderson Varejao,,,,,,def,,
Anderson Varejao,Delonte West,LeBron James,Mo Williams,Zydrunas Ilgauskas,Al Horford,Joe Johnson,Josh Smith,Marvin Williams,Mike Bibby,3,10:46,CLE,shot,Anderson Varejao,,,,,,,,,LeBron James,2,,,made,,running dunk,25,6
Anderson Varejao,Delonte West,LeBron James,Mo Williams,Zydrunas Ilgauskas,Al Horford,Joe Johnson,Josh Smith,Marvin Williams,Mike Bibby,3,10:28,CLE,foul,,,,,,,,Joe Johnson,,Zydrunas Ilgauskas,,,,,,shooting,,
Anderson Varejao,Delonte West,LeBron James,Mo Williams,Zydrunas Ilgauskas,Al Horford,Joe Johnson,Josh Smith,Marvin Williams,Mike Bibby,3,10:28,ATL,free throw,,,,,,,1,,2,Joe Johnson,,,foul,made,,,,
Anderson Varejao,Delonte West,LeBron James,Mo Williams,Zydrunas Ilgauskas,Al Horford,Joe Johnson,Josh Smith,Marvin Williams,Mike Bibby,3,10:28,ATL,free throw,,,,,,,2,,2,Joe Johnson,,,foul,made,,,,
Anderson Varejao,Delonte West,LeBron James,Mo Williams,Zydrunas Ilgauskas,Al Horford,Joe Johnson,Josh Smith,Marvin Williams,Mike Bibby,3,10:14,CLE,turnover,,,,,,,,,,Delonte West,,,out of bounds lost ball turnover,,,,,
Anderson Varejao,Delonte West,LeBron James,Mo Williams,Zydrunas Ilgauskas,Al Horford,Joe Johnson,Josh Smith,Marvin Williams,Mike Bibby,3,10:01,ATL,shot,,,,,,,,,,Al Horford,,,,missed,,turnaround jump,18,10
Anderson Varejao,Delonte West,LeBron James,Mo Williams,Zydrunas Ilgauskas,Al Horford,Joe Johnson,Josh Smith,Marvin Williams,Mike Bibby,3,9:58,CLE,rebound,,,,,,,,,,Zydrunas Ilgauskas,,,,,,def,,
Anderson Varejao,Delonte West,LeBron James,Mo Williams,Zydrunas Ilgauskas,Al Horford,Joe Johnson,Josh Smith,Marvin Williams,Mike Bibby,3,9:48,CLE,shot,,,Al Horford,,,,,,,Delonte West,,,,missed,,driving reverse layup,28,6
Anderson Varejao,Delonte West,LeBron James,Mo Williams,Zydrunas Ilgauskas,Al Horford,Joe Johnson,Josh Smith,Marvin Williams,Mike Bibby,3,9:48,CLE,rebound,,,,,,,,,,,,,,,,,,
Anderson Varejao,Delonte West,LeBron James,Mo Williams,Zydrunas Ilgauskas,Al Horford,Joe Johnson,Josh Smith,Marvin Williams,Mike Bibby,3,9:45,CLE,shot,,,,,,,,,,Delonte West,,,,missed,,jump,33,25
Anderson Varejao,Delonte West,LeBron James,Mo Williams,Zydrunas Ilgauskas,Al Horford,Joe Johnson,Josh Smith,Marvin Williams,Mike Bibby,3,9:43,CLE,rebound,,,,,,,,,,Anderson Varejao,,,,,,off,,
Anderson Varejao,Delonte West,LeBron James,Mo Williams,Zydrunas Ilgauskas,Al Horford,Joe Johnson,Josh Smith,Marvin Williams,Mike Bibby,3,9:39,CLE,shot,LeBron James,,,,,,,,,Mo Williams,3,,,made,,3pt,1,10
Anderson Varejao,Delonte West,LeBron James,Mo Williams,Zydrunas Ilgauskas,Al Horford,Joe Johnson,Josh Smith,Marvin Williams,Mike Bibby,3,9:24,ATL,shot,,,,,,,,,,Marvin Williams,,,,missed,,running jump,20,9
Anderson Varejao,Delonte West,LeBron James,Mo Williams,Zydrunas Ilgauskas,Al Horford,Joe Johnson,Josh Smith,Marvin Williams,Mike Bibby,3,9:23,CLE,rebound,,,,,,,,,,Zydrunas Ilgauskas,,,,,,def,,
Anderson Varejao,Delonte West,LeBron James,Mo Williams,Zydrunas Ilgauskas,Al Horford,Joe Johnson,Josh Smith,Marvin Williams,Mike Bibby,3,9:18,CLE,turnover,,,,,,,,,,Mo Williams,,,bad pass,,Joe Johnson,,,
Anderson Varejao,Delonte West,LeBron James,Mo Williams,Zydrunas Ilgauskas,Al Horford,Joe Johnson,Josh Smith,Marvin Williams,Mike Bibby,3,9:14,ATL,turnover,,,,,,,,,,Marvin Williams,,,bad pass,,Delonte West,,,
Anderson Varejao,Delonte West,LeBron James,Mo Williams,Zydrunas Ilgauskas,Al Horford,Joe Johnson,Josh Smith,Marvin Williams,Mike Bibby,3,9:09,CLE,shot,,,,,,,,,,LeBron James,,,,missed,,3pt,48,25
Anderson Varejao,Delonte West,LeBron James,Mo Williams,Zydrunas Ilgauskas,Al Horford,Joe Johnson,Josh Smith,Marvin Williams,Mike Bibby,3,9:08,ATL,rebound,,,,,,,,,,Marvin Williams,,,,,,def,,
Anderson Varejao,Delonte West,LeBron James,Mo Williams,Zydrunas Ilgauskas,Al Horford,Joe Johnson,Josh Smith,Marvin Williams,Mike Bibby,3,8:51,ATL,shot,,,,,,,,,,Al Horford,,,,missed,,jump,42,7
Anderson Varejao,Delonte West,LeBron James,Mo Williams,Zydrunas Ilgauskas,Al Horford,Joe Johnson,Josh Smith,Marvin Williams,Mike Bibby,3,8:50,CLE,rebound,,,,,,,,,,Anderson Varejao,,,,,,def,,
Anderson Varejao,Delonte West,LeBron James,Mo Williams,Zydrunas Ilgauskas,Al Horford,Joe Johnson,Josh Smith,Marvin Williams,Mike Bibby,3,8:36,CLE,shot,,,,,,,,,,Zydrunas Ilgauskas,,,,missed,,turnaround jump,32,16
Anderson Varejao,Delonte West,LeBron James,Mo Williams,Zydrunas Ilgauskas,Al Horford,Joe Johnson,Josh Smith,Marvin Williams,Mike Bibby,3,8:34,ATL,rebound,,,,,,,,,,Mike Bibby,,,,,,def,,
Anderson Varejao,Delonte West,LeBron James,Mo Williams,Zydrunas Ilgauskas,Al Horford,Joe Johnson,Josh Smith,Marvin Williams,Mike Bibby,3,8:30,ATL,shot,,,,,,,,,,Marvin Williams,,,,missed,,jump,43,12
Anderson Varejao,Delonte West,LeBron James,Mo Williams,Zydrunas Ilgauskas,Al Horford,Joe Johnson,Josh Smith,Marvin Williams,Mike Bibby,3,8:29,CLE,rebound,,,,,,,,,,Zydrunas Ilgauskas,,,,,,def,,
Anderson Varejao,Delonte West,LeBron James,Mo Williams,Zydrunas Ilgauskas,Al Horford,Joe Johnson,Josh Smith,Marvin Williams,Mike Bibby,3,8:07,CLE,shot,,,,,,,,,,LeBron James,,,,missed,,jump,34,24
Anderson Varejao,Delonte West,LeBron James,Mo Williams,Zydrunas Ilgauskas,Al Horford,Joe Johnson,Josh Smith,Marvin Williams,Mike Bibby,3,8:06,ATL,rebound,,,,,,,,,,Mike Bibby,,,,,,def,,
Anderson Varejao,Delonte West,LeBron James,Mo Williams,Zydrunas Ilgauskas,Al Horford,Joe Johnson,Josh Smith,Marvin Williams,Mike Bibby,3,8:01,ATL,shot,,,,,,,,,,Al Horford,,,,missed,,dunk,25,6
Anderson Varejao,Delonte West,LeBron James,Mo Williams,Zydrunas Ilgauskas,Al Horford,Joe Johnson,Josh Smith,Marvin Williams,Mike Bibby,3,7:59,CLE,rebound,,,,,,,,,,Zydrunas Ilgauskas,,,,,,def,,
Anderson Varejao,Delonte West,LeBron James,Mo Williams,Zydrunas Ilgauskas,Al Horford,Joe Johnson,Josh Smith,Marvin Williams,Mike Bibby,3,7:55,CLE,shot,,,,,,,,,,Mo Williams,2,,,made,,jump,16,24
Anderson Varejao,Delonte West,LeBron James,Mo Williams,Zydrunas Ilgauskas,Al Horford,Joe Johnson,Josh Smith,Marvin Williams,Mike Bibby,3,7:53,ATL,timeout,,,,,,,,,,,,,,,,regular,,
Anderson Varejao,Delonte West,LeBron James,Mo Williams,Zydrunas Ilgauskas,Al Horford,Joe Johnson,Josh Smith,Marvin Williams,Mike Bibby,3,7:41,ATL,shot,Al Horford,,,,,,,,,Joe Johnson,2,,,made,,jump,23,24
Anderson Varejao,Delonte West,LeBron James,Mo Williams,Zydrunas Ilgauskas,Al Horford,Joe Johnson,Josh Smith,Marvin Williams,Mike Bibby,3,7:19,CLE,shot,,,,,,,,,,LeBron James,2,,,made,,fade away jumper,32,18
Anderson Varejao,Delonte West,LeBron James,Mo Williams,Zydrunas Ilgauskas,Al Horford,Joe Johnson,Josh Smith,Marvin Williams,Mike Bibby,3,6:56,ATL,shot,Joe Johnson,,,,,,,,,Mike Bibby,2,,,made,,jump,40,12
Anderson Varejao,Delonte West,LeBron James,Mo Williams,Zydrunas Ilgauskas,Al Horford,Joe Johnson,Josh Smith,Marvin Williams,Mike Bibby,3,6:33,CLE,shot,,,,,,,,,,Zydrunas Ilgauskas,,,,missed,,jump,43,8
Anderson Varejao,Delonte West,LeBron James,Mo Williams,Zydrunas Ilgauskas,Al Horford,Joe Johnson,Josh Smith,Marvin Williams,Mike Bibby,3,6:32,ATL,rebound,,,,,,,,,,Al Horford,,,,,,def,,
Anderson Varejao,Delonte West,LeBron James,Mo Williams,Zydrunas Ilgauskas,Al Horford,Joe Johnson,Josh Smith,Marvin Williams,Mike Bibby,3,6:22,ATL,shot,,,,,,,,,,Josh Smith,,,,missed,,jump,38,20
Anderson Varejao,Delonte West,LeBron James,Mo Williams,Zydrunas Ilgauskas,Al Horford,Joe Johnson,Josh Smith,Marvin Williams,Mike Bibby,3,6:21,CLE,rebound,,,,,,,,,,LeBron James,,,,,,def,,
Anderson Varejao,Delonte West,LeBron James,Mo Williams,Zydrunas Ilgauskas,Al Horford,Joe Johnson,Josh Smith,Marvin Williams,Mike Bibby,3,6:11,CLE,shot,,,,,,,,,,Mo Williams,,,,missed,,jump,35,24
Anderson Varejao,Delonte West,LeBron James,Mo Williams,Zydrunas Ilgauskas,Al Horford,Joe Johnson,Josh Smith,Marvin Williams,Mike Bibby,3,6:10,ATL,rebound,,,,,,,,,,Joe Johnson,,,,,,def,,
Anderson Varejao,Delonte West,LeBron James,Mo Williams,Zydrunas Ilgauskas,Al Horford,Joe Johnson,Josh Smith,Marvin Williams,Mike Bibby,3,5:55,ATL,shot,,,,,,,,,,Joe Johnson,2,,,made,,running jump,24,13
Anderson Varejao,Delonte West,LeBron James,Mo Williams,Zydrunas Ilgauskas,Al Horford,Joe Johnson,Josh Smith,Marvin Williams,Mike Bibby,3,5:29,CLE,shot,,,,,,,,,,Mo Williams,,,,missed,,3pt,27,33
Anderson Varejao,Delonte West,LeBron James,Mo Williams,Zydrunas Ilgauskas,Al Horford,Joe Johnson,Josh Smith,Marvin Williams,Mike Bibby,3,5:26,ATL,rebound,,,,,,,,,,Al Horford,,,,,,def,,
Anderson Varejao,Delonte West,LeBron James,Mo Williams,Zydrunas Ilgauskas,Al Horford,Joe Johnson,Josh Smith,Marvin Williams,Mike Bibby,3,5:19,ATL,shot,,,,,,,,,,Mike Bibby,,,,missed,,jump,38,19
Anderson Varejao,Delonte West,LeBron James,Mo Williams,Zydrunas Ilgauskas,Al Horford,Joe Johnson,Josh Smith,Marvin Williams,Mike Bibby,3,5:17,ATL,rebound,,,,,,,,,,Marvin Williams,,,,,,off,,
Anderson Varejao,Delonte West,LeBron James,Mo Williams,Zydrunas Ilgauskas,Al Horford,Joe Johnson,Josh Smith,Marvin Williams,Mike Bibby,3,5:15,ATL,shot,,,,,,,,,,Marvin Williams,,,,missed,,layup,25,6
Anderson Varejao,Delonte West,LeBron James,Mo Williams,Zydrunas Ilgauskas,Al Horford,Joe Johnson,Josh Smith,Marvin Williams,Mike Bibby,3,5:14,CLE,rebound,,,,,,,,,,LeBron James,,,,,,def,,
Anderson Varejao,Delonte West,LeBron James,Mo Williams,Zydrunas Ilgauskas,Al Horford,Joe Johnson,Josh Smith,Marvin Williams,Mike Bibby,3,5:06,CLE,turnover,,,,,,,,,,Delonte West,,,bad pass,,Marvin Williams,,,
Anderson Varejao,Delonte West,LeBron James,Mo Williams,Zydrunas Ilgauskas,Al Horford,Joe Johnson,Josh Smith,Marvin Williams,Mike Bibby,3,5:06,CLE,foul,,,,,,,,Marvin Williams,,Zydrunas Ilgauskas,,,,,,clear path,,
Anderson Varejao,Delonte West,LeBron James,Mo Williams,Zydrunas Ilgauskas,Al Horford,Joe Johnson,Josh Smith,Marvin Williams,Mike Bibby,3,5:06,ATL,free throw,,,,,,,1,,2,Marvin Williams,,,clear path,made,,,,
Anderson Varejao,Delonte West,LeBron James,Mo Williams,Zydrunas Ilgauskas,Al Horford,Joe Johnson,Josh Smith,Marvin Williams,Mike Bibby,3,5:06,ATL,free throw,,,,,,,2,,2,Marvin Williams,,,clear path,made,,,,
Anderson Varejao,Delonte West,LeBron James,Mo Williams,Zydrunas Ilgauskas,Al Horford,Joe Johnson,Josh Smith,Marvin Williams,Ronald Murray,3,5:06,ATL,sub,,,,Ronald Murray,,Mike Bibby,,,,,,,,,,,,
Anderson Varejao,Delonte West,LeBron James,Mo Williams,Zydrunas Ilgauskas,Joe Johnson,Josh Smith,Marvin Williams,Ronald Murray,Zaza Pachulia,3,5:06,ATL,sub,,,,Zaza Pachulia,,Al Horford,,,,,,,,,,,,
Anderson Varejao,Delonte West,LeBron James,Mo Williams,Zydrunas Ilgauskas,Joe Johnson,Josh Smith,Marvin Williams,Ronald Murray,Zaza Pachulia,3,4:47,ATL,shot,Marvin Williams,,,,,,,,,Zaza Pachulia,2,,,made,,jump,42,9
Anderson Varejao,Delonte West,LeBron James,Mo Williams,Zydrunas Ilgauskas,Joe Johnson,Josh Smith,Marvin Williams,Ronald Murray,Zaza Pachulia,3,4:31,CLE,shot,,,Joe Johnson,,,,,,,Mo Williams,,,,missed,,jump,27,24
Anderson Varejao,Delonte West,LeBron James,Mo Williams,Zydrunas Ilgauskas,Joe Johnson,Josh Smith,Marvin Williams,Ronald Murray,Zaza Pachulia,3,4:29,ATL,rebound,,,,,,,,,,Marvin Williams,,,,,,def,,
Anderson Varejao,Delonte West,LeBron James,Mo Williams,Zydrunas Ilgauskas,Joe Johnson,Josh Smith,Marvin Williams,Ronald Murray,Zaza Pachulia,3,4:16,CLE,foul,,,,,,,,Josh Smith,,LeBron James,,,,,,personal,,
Anderson Varejao,Delonte West,LeBron James,Mo Williams,Wally Szczerbiak,Joe Johnson,Josh Smith,Marvin Williams,Ronald Murray,Zaza Pachulia,3,4:16,CLE,sub,,,,Wally Szczerbiak,,Zydrunas Ilgauskas,,,,,,,,,,,,
Anderson Varejao,Delonte West,LeBron James,Mo Williams,Wally Szczerbiak,Joe Johnson,Josh Smith,Marvin Williams,Ronald Murray,Zaza Pachulia,3,4:06,ATL,shot,,,,,,,,,,Joe Johnson,,,,missed,,driving reverse layup,26,5
Anderson Varejao,Delonte West,LeBron James,Mo Williams,Wally Szczerbiak,Joe Johnson,Josh Smith,Marvin Williams,Ronald Murray,Zaza Pachulia,3,4:04,ATL,shot,,,,,,,,,,Zaza Pachulia,2,,,made,,tip,25,6
Anderson Varejao,Delonte West,LeBron James,Mo Williams,Wally Szczerbiak,Joe Johnson,Josh Smith,Marvin Williams,Ronald Murray,Zaza Pachulia,3,4:04,ATL,rebound,,,,,,,,,,Zaza Pachulia,,,,,,off,,
Anderson Varejao,Delonte West,LeBron James,Mo Williams,Wally Szczerbiak,Joe Johnson,Josh Smith,Marvin Williams,Ronald Murray,Zaza Pachulia,3,3:44,ATL,foul,,,,,,,,LeBron James,,Josh Smith,,,,,,shooting,,
Anderson Varejao,Delonte West,LeBron James,Mo Williams,Wally Szczerbiak,Joe Johnson,Josh Smith,Marvin Williams,Ronald Murray,Zaza Pachulia,3,3:44,CLE,free throw,,,,,,,1,,2,LeBron James,,,foul,made,,,,
Anderson Varejao,Delonte West,LeBron James,Mo Williams,Wally Szczerbiak,Joe Johnson,Josh Smith,Marvin Williams,Ronald Murray,Zaza Pachulia,3,3:44,CLE,free throw,,,,,,,2,,2,LeBron James,,,foul,made,,,,
Anderson Varejao,Delonte West,LeBron James,Mo Williams,Wally Szczerbiak,Joe Johnson,Josh Smith,Marvin Williams,Ronald Murray,Zaza Pachulia,3,3:27,CLE,foul,,,,,,,,Josh Smith,,LeBron James,,,,,,personal,,
Anderson Varejao,Delonte West,LeBron James,Mo Williams,Wally Szczerbiak,Joe Johnson,Josh Smith,Marvin Williams,Ronald Murray,Zaza Pachulia,3,3:23,CLE,foul,,,,,,,,Zaza Pachulia,,Anderson Varejao,,,,,,shooting,,
Anderson Varejao,Delonte West,LeBron James,Mo Williams,Wally Szczerbiak,Joe Johnson,Josh Smith,Marvin Williams,Ronald Murray,Zaza Pachulia,3,3:23,ATL,free throw,,,,,,,1,,2,Zaza Pachulia,,,foul,made,,,,
Anderson Varejao,Delonte West,LeBron James,Mo Williams,Wally Szczerbiak,Joe Johnson,Josh Smith,Marvin Williams,Ronald Murray,Zaza Pachulia,3,3:23,ATL,free throw,,,,,,,2,,2,Zaza Pachulia,,,foul,missed,,,,
Anderson Varejao,Delonte West,LeBron James,Mo Williams,Wally Szczerbiak,Joe Johnson,Josh Smith,Marvin Williams,Ronald Murray,Zaza Pachulia,3,3:22,CLE,rebound,,,,,,,,,,Wally Szczerbiak,,,,,,def,,
Anderson Varejao,Delonte West,LeBron James,Mo Williams,Wally Szczerbiak,Joe Johnson,Josh Smith,Marvin Williams,Ronald Murray,Zaza Pachulia,3,3:01,CLE,shot,,,,,,,,,,LeBron James,3,,,made,,3pt,1,14
Anderson Varejao,Delonte West,LeBron James,Mo Williams,Wally Szczerbiak,Joe Johnson,Josh Smith,Marvin Williams,Ronald Murray,Zaza Pachulia,3,2:51,CLE,foul,,,,,,,,Joe Johnson,,Delonte West,,,,,,personal,,
Anderson Varejao,Delonte West,LeBron James,Mo Williams,Wally Szczerbiak,Joe Johnson,Josh Smith,Marvin Williams,Ronald Murray,Zaza Pachulia,3,2:51,CLE,timeout,,,,,,,,,,,,,,,,regular,,
Anderson Varejao,Delonte West,LeBron James,Mo Williams,Wally Szczerbiak,Joe Johnson,Josh Smith,Maurice Evans,Ronald Murray,Zaza Pachulia,3,2:51,ATL,sub,,,,Maurice Evans,,Marvin Williams,,,,,,,,,,,,
Anderson Varejao,Daniel Gibson,LeBron James,Mo Williams,Wally Szczerbiak,Joe Johnson,Josh Smith,Maurice Evans,Ronald Murray,Zaza Pachulia,3,2:51,CLE,sub,,,,Daniel Gibson,,Delonte West,,,,,,,,,,,,
Anderson Varejao,Daniel Gibson,J.J. Hickson,LeBron James,Wally Szczerbiak,Joe Johnson,Josh Smith,Maurice Evans,Ronald Murray,Zaza Pachulia,3,2:51,CLE,sub,,,,J.J. Hickson,,Mo Williams,,,,,,,,,,,,
Anderson Varejao,Daniel Gibson,J.J. Hickson,LeBron James,Wally Szczerbiak,Joe Johnson,Josh Smith,Maurice Evans,Ronald Murray,Zaza Pachulia,3,2:51,ATL,free throw,,,,,,,1,,2,Joe Johnson,,,foul,missed,,,,
Anderson Varejao,Daniel Gibson,J.J. Hickson,LeBron James,Wally Szczerbiak,Joe Johnson,Josh Smith,Maurice Evans,Ronald Murray,Zaza Pachulia,3,2:51,ATL,rebound,,,,,,,,,,,,,,,,,,
Anderson Varejao,Daniel Gibson,J.J. Hickson,LeBron James,Wally Szczerbiak,Joe Johnson,Josh Smith,Maurice Evans,Ronald Murray,Zaza Pachulia,3,2:51,ATL,free throw,,,,,,,2,,2,Joe Johnson,,,foul,made,,,,
Anderson Varejao,Daniel Gibson,J.J. Hickson,LeBron James,Wally Szczerbiak,Joe Johnson,Josh Smith,Maurice Evans,Ronald Murray,Zaza Pachulia,3,2:33,CLE,turnover,,,,,,,,,,J.J. Hickson,,,traveling,,,,,
Anderson Varejao,Daniel Gibson,J.J. Hickson,LeBron James,Wally Szczerbiak,Joe Johnson,Josh Smith,Maurice Evans,Ronald Murray,Zaza Pachulia,3,2:18,ATL,shot,,,,,,,,,,Maurice Evans,,,,missed,,3pt,34,31
Anderson Varejao,Daniel Gibson,J.J. Hickson,LeBron James,Wally Szczerbiak,Joe Johnson,Josh Smith,Maurice Evans,Ronald Murray,Zaza Pachulia,3,2:17,CLE,rebound,,,,,,,,,,Daniel Gibson,,,,,,def,,
Anderson Varejao,Daniel Gibson,J.J. Hickson,LeBron James,Wally Szczerbiak,Joe Johnson,Josh Smith,Maurice Evans,Ronald Murray,Zaza Pachulia,3,2:01,CLE,shot,,,,,,,,,,LeBron James,,,,missed,,3pt,27,34
Anderson Varejao,Daniel Gibson,J.J. Hickson,LeBron James,Wally Szczerbiak,Joe Johnson,Josh Smith,Maurice Evans,Ronald Murray,Zaza Pachulia,3,2:00,ATL,rebound,,,,,,,,,,Joe Johnson,,,,,,def,,
Anderson Varejao,Daniel Gibson,J.J. Hickson,LeBron James,Wally Szczerbiak,Joe Johnson,Josh Smith,Maurice Evans,Ronald Murray,Zaza Pachulia,3,1:50,ATL,shot,,,,,,,,,,Ronald Murray,3,,,made,,3pt,43,28
Anderson Varejao,Daniel Gibson,J.J. Hickson,LeBron James,Wally Szczerbiak,Joe Johnson,Josh Smith,Maurice Evans,Ronald Murray,Zaza Pachulia,3,1:30,CLE,turnover,,,,,,,,,,Anderson Varejao,,,lost ball,,Joe Johnson,,,
Anderson Varejao,Daniel Gibson,J.J. Hickson,LeBron James,Wally Szczerbiak,Joe Johnson,Josh Smith,Maurice Evans,Ronald Murray,Zaza Pachulia,3,1:22,ATL,shot,,,,,,,,,,Joe Johnson,2,,,made,,running jump,24,14
Anderson Varejao,Daniel Gibson,J.J. Hickson,LeBron James,Wally Szczerbiak,Joe Johnson,Josh Smith,Maurice Evans,Ronald Murray,Zaza Pachulia,3,1:01,CLE,shot,,,,,,,,,,J.J. Hickson,,,,missed,,jump,30,18
Anderson Varejao,Daniel Gibson,J.J. Hickson,LeBron James,Wally Szczerbiak,Joe Johnson,Josh Smith,Maurice Evans,Ronald Murray,Zaza Pachulia,3,0:59,ATL,rebound,,,,,,,,,,Ronald Murray,,,,,,def,,
Anderson Varejao,Daniel Gibson,J.J. Hickson,LeBron James,Wally Szczerbiak,Joe Johnson,Josh Smith,Maurice Evans,Ronald Murray,Zaza Pachulia,3,0:41,ATL,shot,,,,,,,,,,Ronald Murray,,,,missed,,driving reverse layup,23,6
Anderson Varejao,Daniel Gibson,J.J. Hickson,LeBron James,Wally Szczerbiak,Joe Johnson,Josh Smith,Maurice Evans,Ronald Murray,Zaza Pachulia,3,0:39,CLE,rebound,,,,,,,,,,Wally Szczerbiak,,,,,,def,,
Anderson Varejao,Daniel Gibson,J.J. Hickson,LeBron James,Wally Szczerbiak,Joe Johnson,Josh Smith,Maurice Evans,Ronald Murray,Zaza Pachulia,3,0:37,ATL,foul,,,,,,,,LeBron James,,Joe Johnson,,,,,,personal,,
Anderson Varejao,Daniel Gibson,J.J. Hickson,LeBron James,Wally Szczerbiak,Josh Smith,Marvin Williams,Maurice Evans,Ronald Murray,Zaza Pachulia,3,0:37,ATL,sub,,,,Marvin Williams,,Joe Johnson,,,,,,,,,,,,
Anderson Varejao,Daniel Gibson,J.J. Hickson,LeBron James,Wally Szczerbiak,Al Horford,Marvin Williams,Maurice Evans,Ronald Murray,Zaza Pachulia,3,0:37,ATL,sub,,,,Al Horford,,Josh Smith,,,,,,,,,,,,
Anderson Varejao,Daniel Gibson,J.J. Hickson,LeBron James,Wally Szczerbiak,Al Horford,Marvin Williams,Maurice Evans,Ronald Murray,Zaza Pachulia,3,0:23,CLE,shot,,,,,,,,,,Anderson Varejao,,,,missed,,jump,8,13
Anderson Varejao,Daniel Gibson,J.J. Hickson,LeBron James,Wally Szczerbiak,Al Horford,Marvin Williams,Maurice Evans,Ronald Murray,Zaza Pachulia,3,0:22,ATL,rebound,,,,,,,,,,Zaza Pachulia,,,,,,def,,
Anderson Varejao,Daniel Gibson,J.J. Hickson,LeBron James,Wally Szczerbiak,Al Horford,Marvin Williams,Maurice Evans,Ronald Murray,Zaza Pachulia,3,0:01,ATL,shot,,,,,,,,,,Ronald Murray,2,,,made,,running jump,30,16
Anderson Varejao,Daniel Gibson,J.J. Hickson,LeBron James,Wally Szczerbiak,Al Horford,Marvin Williams,Maurice Evans,Ronald Murray,Zaza Pachulia,3,0:01,CLE,foul,,,,,,,,Ronald Murray,,Daniel Gibson,,,,,,shooting,,
Anderson Varejao,Daniel Gibson,J.J. Hickson,LeBron James,Wally Szczerbiak,Al Horford,Marvin Williams,Maurice Evans,Ronald Murray,Zaza Pachulia,3,0:01,ATL,free throw,,,,,,,1,,1,Ronald Murray,,,foul,missed,,,,
Anderson Varejao,Daniel Gibson,J.J. Hickson,LeBron James,Wally Szczerbiak,Al Horford,Marvin Williams,Maurice Evans,Ronald Murray,Zaza Pachulia,3,0:00,CLE,rebound,,,,,,,,,,J.J. Hickson,,,,,,def,,
Daniel Gibson,J.J. Hickson,LeBron James,Mo Williams,Zydrunas Ilgauskas,Al Horford,Marvin Williams,Maurice Evans,Ronald Murray,Zaza Pachulia,4,11:40,CLE,turnover,,,,,,,,,,Mo Williams,,,traveling,,,,,
Daniel Gibson,J.J. Hickson,LeBron James,Mo Williams,Zydrunas Ilgauskas,Al Horford,Marvin Williams,Maurice Evans,Ronald Murray,Zaza Pachulia,4,11:24,CLE,foul,,,,,,,,Marvin Williams,,LeBron James,,,,,,shooting,,
Daniel Gibson,J.J. Hickson,LeBron James,Mo Williams,Zydrunas Ilgauskas,Al Horford,Marvin Williams,Maurice Evans,Ronald Murray,Zaza Pachulia,4,11:24,ATL,free throw,,,,,,,1,,2,Marvin Williams,,,foul,missed,,,,
Daniel Gibson,J.J. Hickson,LeBron James,Mo Williams,Zydrunas Ilgauskas,Al Horford,Marvin Williams,Maurice Evans,Ronald Murray,Zaza Pachulia,4,11:24,ATL,rebound,,,,,,,,,,,,,,,,,,
Delonte West,J.J. Hickson,LeBron James,Mo Williams,Zydrunas Ilgauskas,Al Horford,Marvin Williams,Maurice Evans,Ronald Murray,Zaza Pachulia,4,11:24,CLE,sub,,,,Delonte West,,Daniel Gibson,,,,,,,,,,,,
Delonte West,J.J. Hickson,LeBron James,Mo Williams,Zydrunas Ilgauskas,Al Horford,Marvin Williams,Maurice Evans,Ronald Murray,Zaza Pachulia,4,11:24,ATL,free throw,,,,,,,2,,2,Marvin Williams,,,foul,made,,,,
Delonte West,J.J. Hickson,LeBron James,Mo Williams,Zydrunas Ilgauskas,Al Horford,Marvin Williams,Maurice Evans,Ronald Murray,Zaza Pachulia,4,11:05,CLE,shot,,,,,,,,,,Delonte West,,,,missed,,3pt,1,11
Delonte West,J.J. Hickson,LeBron James,Mo Williams,Zydrunas Ilgauskas,Al Horford,Marvin Williams,Maurice Evans,Ronald Murray,Zaza Pachulia,4,11:04,ATL,rebound,,,,,,,,,,Marvin Williams,,,,,,def,,
Delonte West,J.J. Hickson,LeBron James,Mo Williams,Zydrunas Ilgauskas,Al Horford,Marvin Williams,Maurice Evans,Ronald Murray,Zaza Pachulia,4,10:44,ATL,shot,,,,,,,,,,Al Horford,2,,,made,,turnaround jump,25,15
Delonte West,J.J. Hickson,LeBron James,Mo Williams,Zydrunas Ilgauskas,Al Horford,Marvin Williams,Maurice Evans,Ronald Murray,Zaza Pachulia,4,10:19,CLE,shot,,,Ronald Murray,,,,,,,Mo Williams,,,,missed,,jump,21,23
Delonte West,J.J. Hickson,LeBron James,Mo Williams,Zydrunas Ilgauskas,Al Horford,Marvin Williams,Maurice Evans,Ronald Murray,Zaza Pachulia,4,10:16,CLE,rebound,,,,,,,,,,Mo Williams,,,,,,off,,
Delonte West,J.J. Hickson,LeBron James,Mo Williams,Zydrunas Ilgauskas,Al Horford,Marvin Williams,Maurice Evans,Ronald Murray,Zaza Pachulia,4,10:10,CLE,shot,,,,,,,,,,Mo Williams,2,,,made,,jump,42,10
Delonte West,J.J. Hickson,LeBron James,Mo Williams,Zydrunas Ilgauskas,Al Horford,Marvin Williams,Maurice Evans,Ronald Murray,Zaza Pachulia,4,10:03,CLE,foul,,,,,,,,Al Horford,,J.J. Hickson,,,,,,personal,,
Delonte West,J.J. Hickson,LeBron James,Mo Williams,Zydrunas Ilgauskas,Al Horford,Joe Johnson,Marvin Williams,Ronald Murray,Zaza Pachulia,4,10:03,ATL,sub,,,,Joe Johnson,,Maurice Evans,,,,,,,,,,,,
Delonte West,J.J. Hickson,LeBron James,Mo Williams,Zydrunas Ilgauskas,Al Horford,Joe Johnson,Marvin Williams,Ronald Murray,Zaza Pachulia,4,9:56,ATL,shot,,,,,,,,,,Ronald Murray,,,,missed,,jump,13,20
Delonte West,J.J. Hickson,LeBron James,Mo Williams,Zydrunas Ilgauskas,Al Horford,Joe Johnson,Marvin Williams,Ronald Murray,Zaza Pachulia,4,9:54,ATL,rebound,,,,,,,,,,Zaza Pachulia,,,,,,off,,
Delonte West,J.J. Hickson,LeBron James,Mo Williams,Zydrunas Ilgauskas,Al Horford,Joe Johnson,Marvin Williams,Ronald Murray,Zaza Pachulia,4,9:53,CLE,foul,,,,,,,,Zaza Pachulia,,Delonte West,,,,,,shooting,,
Delonte West,J.J. Hickson,LeBron James,Mo Williams,Zydrunas Ilgauskas,Al Horford,Joe Johnson,Marvin Williams,Ronald Murray,Zaza Pachulia,4,9:53,ATL,free throw,,,,,,,1,,2,Zaza Pachulia,,,foul,made,,,,
Delonte West,J.J. Hickson,LeBron James,Mo Williams,Zydrunas Ilgauskas,Al Horford,Joe Johnson,Marvin Williams,Ronald Murray,Zaza Pachulia,4,9:53,ATL,free throw,,,,,,,2,,2,Zaza Pachulia,,,foul,made,,,,
Delonte West,J.J. Hickson,LeBron James,Mo Williams,Zydrunas Ilgauskas,Al Horford,Joe Johnson,Marvin Williams,Ronald Murray,Zaza Pachulia,4,9:36,CLE,turnover,,,,,,,,,,J.J. Hickson,,,lost ball,,Al Horford,,,
Delonte West,J.J. Hickson,LeBron James,Mo Williams,Zydrunas Ilgauskas,Al Horford,Joe Johnson,Marvin Williams,Ronald Murray,Zaza Pachulia,4,9:23,ATL,shot,,,,,,,,,,Al Horford,,,,missed,,jump,37,20
Delonte West,J.J. Hickson,LeBron James,Mo Williams,Zydrunas Ilgauskas,Al Horford,Joe Johnson,Marvin Williams,Ronald Murray,Zaza Pachulia,4,9:21,CLE,rebound,,,,,,,,,,Zydrunas Ilgauskas,,,,,,def,,
Delonte West,J.J. Hickson,LeBron James,Mo Williams,Zydrunas Ilgauskas,Al Horford,Joe Johnson,Marvin Williams,Ronald Murray,Zaza Pachulia,4,9:09,CLE,shot,LeBron James,,,,,,,,,Zydrunas Ilgauskas,2,,,made,,jump,41,18
Delonte West,J.J. Hickson,LeBron James,Mo Williams,Zydrunas Ilgauskas,Al Horford,Joe Johnson,Marvin Williams,Ronald Murray,Zaza Pachulia,4,8:47,ATL,shot,,,,,,,,,,Joe Johnson,,,,missed,,jump,13,21
Delonte West,J.J. Hickson,LeBron James,Mo Williams,Zydrunas Ilgauskas,Al Horford,Joe Johnson,Marvin Williams,Ronald Murray,Zaza Pachulia,4,8:45,CLE,rebound,,,,,,,,,,J.J. Hickson,,,,,,def,,
Delonte West,J.J. Hickson,LeBron James,Mo Williams,Zydrunas Ilgauskas,Al Horford,Joe Johnson,Marvin Williams,Ronald Murray,Zaza Pachulia,4,8:40,ATL,foul,,,,,,,,LeBron James,,Marvin Williams,,,,,,shooting,,
Delonte West,J.J. Hickson,LeBron James,Mo Williams,Zydrunas Ilgauskas,Al Horford,Joe Johnson,Marvin Williams,Ronald Murray,Zaza Pachulia,4,8:40,OFF,timeout,,,,,,,,,,,,,,,,official,,
Delonte West,J.J. Hickson,LeBron James,Mo Williams,Zydrunas Ilgauskas,Al Horford,Joe Johnson,Marvin Williams,Ronald Murray,Zaza Pachulia,4,8:40,CLE,free throw,,,,,,,1,,2,LeBron James,,,foul,made,,,,
Delonte West,J.J. Hickson,LeBron James,Mo Williams,Zydrunas Ilgauskas,Al Horford,Joe Johnson,Marvin Williams,Ronald Murray,Zaza Pachulia,4,8:40,CLE,free throw,,,,,,,2,,2,LeBron James,,,foul,missed,,,,
Delonte West,J.J. Hickson,LeBron James,Mo Williams,Zydrunas Ilgauskas,Al Horford,Joe Johnson,Marvin Williams,Ronald Murray,Zaza Pachulia,4,8:39,ATL,rebound,,,,,,,,,,Al Horford,,,,,,def,,
Delonte West,J.J. Hickson,LeBron James,Mo Williams,Zydrunas Ilgauskas,Al Horford,Joe Johnson,Marvin Williams,Ronald Murray,Zaza Pachulia,4,8:24,ATL,shot,,,,,,,,,,Marvin Williams,2,,,made,,driving layup,22,6
Delonte West,J.J. Hickson,LeBron James,Mo Williams,Zydrunas Ilgauskas,Al Horford,Joe Johnson,Marvin Williams,Ronald Murray,Zaza Pachulia,4,8:02,CLE,shot,,,,,,,,,,LeBron James,,,,missed,,3pt,41,28
Delonte West,J.J. Hickson,LeBron James,Mo Williams,Zydrunas Ilgauskas,Al Horford,Joe Johnson,Marvin Williams,Ronald Murray,Zaza Pachulia,4,8:00,ATL,rebound,,,,,,,,,,Joe Johnson,,,,,,def,,
Delonte West,J.J. Hickson,LeBron James,Mo Williams,Zydrunas Ilgauskas,Al Horford,Joe Johnson,Marvin Williams,Ronald Murray,Zaza Pachulia,4,7:42,ATL,shot,,,,,,,,,,Joe Johnson,,,,missed,,driving layup,22,7
Delonte West,J.J. Hickson,LeBron James,Mo Williams,Zydrunas Ilgauskas,Al Horford,Joe Johnson,Marvin Williams,Ronald Murray,Zaza Pachulia,4,7:41,ATL,rebound,,,,,,,,,,Zaza Pachulia,,,,,,off,,
Delonte West,J.J. Hickson,LeBron James,Mo Williams,Zydrunas Ilgauskas,Al Horford,Joe Johnson,Marvin Williams,Ronald Murray,Zaza Pachulia,4,7:32,CLE,foul,,,,,,,,Joe Johnson,,J.J. Hickson,,,,,,personal,,
Anderson Varejao,Delonte West,LeBron James,Mo Williams,Zydrunas Ilgauskas,Al Horford,Joe Johnson,Marvin Williams,Ronald Murray,Zaza Pachulia,4,7:32,CLE,sub,,,,Anderson Varejao,,J.J. Hickson,,,,,,,,,,,,
Anderson Varejao,Delonte West,LeBron James,Mo Williams,Zydrunas Ilgauskas,Al Horford,Joe Johnson,Marvin Williams,Ronald Murray,Zaza Pachulia,4,7:22,ATL,shot,,,,,,,,,,Joe Johnson,2,,,made,,driving dunk,25,6
Anderson Varejao,Delonte West,LeBron James,Mo Williams,Zydrunas Ilgauskas,Al Horford,Joe Johnson,Marvin Williams,Ronald Murray,Zaza Pachulia,4,6:58,CLE,shot,,,,,,,,,,Delonte West,,,,missed,,3pt,1,9
Anderson Varejao,Delonte West,LeBron James,Mo Williams,Zydrunas Ilgauskas,Al Horford,Joe Johnson,Marvin Williams,Ronald Murray,Zaza Pachulia,4,6:57,ATL,rebound,,,,,,,,,,Al Horford,,,,,,def,,
Anderson Varejao,Delonte West,LeBron James,Mo Williams,Zydrunas Ilgauskas,Al Horford,Joe Johnson,Marvin Williams,Ronald Murray,Zaza Pachulia,4,6:42,ATL,foul,,,,,,,,Mo Williams,,Zaza Pachulia,,,,,,offensive,,
Anderson Varejao,Delonte West,LeBron James,Mo Williams,Zydrunas Ilgauskas,Al Horford,Joe Johnson,Marvin Williams,Ronald Murray,Zaza Pachulia,4,6:42,ATL,turnover,,,,,,,,,,Zaza Pachulia,,,foul,,,,,
Anderson Varejao,Delonte West,LeBron James,Mo Williams,Zydrunas Ilgauskas,Al Horford,Joe Johnson,Marvin Williams,Ronald Murray,Zaza Pachulia,4,6:24,CLE,shot,,,,,,,,,,LeBron James,,,,missed,,driving jump,28,7
Anderson Varejao,Delonte West,LeBron James,Mo Williams,Zydrunas Ilgauskas,Al Horford,Joe Johnson,Marvin Williams,Ronald Murray,Zaza Pachulia,4,6:23,ATL,rebound,,,,,,,,,,Al Horford,,,,,,def,,
Anderson Varejao,Delonte West,LeBron James,Mo Williams,Zydrunas Ilgauskas,Al Horford,Joe Johnson,Marvin Williams,Ronald Murray,Zaza Pachulia,4,6:20,ATL,shot,,,,,,,,,,Ronald Murray,,,,missed,,running layup,25,6
Anderson Varejao,Delonte West,LeBron James,Mo Williams,Zydrunas Ilgauskas,Al Horford,Joe Johnson,Marvin Williams,Ronald Murray,Zaza Pachulia,4,6:19,ATL,shot,,,,,,,,,,Joe Johnson,2,,,made,,tip,25,6
Anderson Varejao,Delonte West,LeBron James,Mo Williams,Zydrunas Ilgauskas,Al Horford,Joe Johnson,Marvin Williams,Ronald Murray,Zaza Pachulia,4,6:19,ATL,rebound,,,,,,,,,,Joe Johnson,,,,,,off,,
Anderson Varejao,Delonte West,LeBron James,Mo Williams,Zydrunas Ilgauskas,Al Horford,Joe Johnson,Marvin Williams,Ronald Murray,Zaza Pachulia,4,6:19,CLE,timeout,,,,,,,,,,,,,,,,regular,,
Anderson Varejao,Delonte West,LeBron James,Mo Williams,Zydrunas Ilgauskas,Al Horford,Joe Johnson,Marvin Williams,Ronald Murray,Zaza Pachulia,4,6:19,CLE,timeout,,,,,,,,,,,,,,,,short,,
Anderson Varejao,Delonte West,LeBron James,Mo Williams,Zydrunas Ilgauskas,Al Horford,Joe Johnson,Marvin Williams,Ronald Murray,Zaza Pachulia,4,5:53,CLE,shot,,,Marvin Williams,,,,,,,Delonte West,,,,missed,,jump,19,16
Anderson Varejao,Delonte West,LeBron James,Mo Williams,Zydrunas Ilgauskas,Al Horford,Joe Johnson,Marvin Williams,Ronald Murray,Zaza Pachulia,4,5:50,ATL,rebound,,,,,,,,,,Marvin Williams,,,,,,def,,
Anderson Varejao,Delonte West,LeBron James,Mo Williams,Zydrunas Ilgauskas,Al Horford,Joe Johnson,Marvin Williams,Ronald Murray,Zaza Pachulia,4,5:32,ATL,shot,,,,,,,,,,Joe Johnson,,,,missed,,running jump,32,13
Anderson Varejao,Delonte West,LeBron James,Mo Williams,Zydrunas Ilgauskas,Al Horford,Joe Johnson,Marvin Williams,Ronald Murray,Zaza Pachulia,4,5:30,CLE,rebound,,,,,,,,,,Anderson Varejao,,,,,,def,,
Anderson Varejao,Delonte West,LeBron James,Mo Williams,Zydrunas Ilgauskas,Al Horford,Joe Johnson,Marvin Williams,Ronald Murray,Zaza Pachulia,4,5:20,CLE,shot,LeBron James,,,,,,,,,Zydrunas Ilgauskas,2,,,made,,jump,39,18
Anderson Varejao,Delonte West,LeBron James,Mo Williams,Zydrunas Ilgauskas,Al Horford,Joe Johnson,Marvin Williams,Ronald Murray,Zaza Pachulia,4,4:57,ATL,shot,Joe Johnson,,,,,,,,,Ronald Murray,2,,,made,,turnaround jump,31,15
Anderson Varejao,Delonte West,LeBron James,Mo Williams,Zydrunas Ilgauskas,Al Horford,Joe Johnson,Marvin Williams,Ronald Murray,Zaza Pachulia,4,4:41,ATL,foul,,,,,,,,LeBron James,,Ronald Murray,,,,,,shooting,,
Anderson Varejao,Delonte West,LeBron James,Mo Williams,Zydrunas Ilgauskas,Al Horford,Joe Johnson,Marvin Williams,Ronald Murray,Zaza Pachulia,4,4:41,CLE,free throw,,,,,,,1,,2,LeBron James,,,foul,missed,,,,
Anderson Varejao,Delonte West,LeBron James,Mo Williams,Zydrunas Ilgauskas,Al Horford,Joe Johnson,Marvin Williams,Ronald Murray,Zaza Pachulia,4,4:41,CLE,rebound,,,,,,,,,,,,,,,,,,
Anderson Varejao,Delonte West,LeBron James,Mo Williams,Zydrunas Ilgauskas,Al Horford,Joe Johnson,Marvin Williams,Ronald Murray,Zaza Pachulia,4,4:41,CLE,free throw,,,,,,,2,,2,LeBron James,,,foul,made,,,,
Anderson Varejao,Delonte West,LeBron James,Mo Williams,Zydrunas Ilgauskas,Al Horford,Joe Johnson,Marvin Williams,Ronald Murray,Zaza Pachulia,4,4:25,CLE,foul,,,,,,,,Ronald Murray,,Mo Williams,,,,,,shooting,,
Anderson Varejao,Delonte West,LeBron James,Mo Williams,Zydrunas Ilgauskas,Al Horford,Joe Johnson,Marvin Williams,Ronald Murray,Zaza Pachulia,4,4:25,ATL,free throw,,,,,,,1,,2,Ronald Murray,,,foul,missed,,,,
Anderson Varejao,Delonte West,LeBron James,Mo Williams,Zydrunas Ilgauskas,Al Horford,Joe Johnson,Marvin Williams,Ronald Murray,Zaza Pachulia,4,4:25,ATL,rebound,,,,,,,,,,,,,,,,,,
Anderson Varejao,Delonte West,LeBron James,Mo Williams,Zydrunas Ilgauskas,Al Horford,Joe Johnson,Marvin Williams,Ronald Murray,Zaza Pachulia,4,4:25,ATL,free throw,,,,,,,2,,2,Ronald Murray,,,foul,made,,,,
Anderson Varejao,Delonte West,LeBron James,Mo Williams,Zydrunas Ilgauskas,Al Horford,Joe Johnson,Marvin Williams,Ronald Murray,Zaza Pachulia,4,4:06,CLE,shot,,,,,,,,,,Anderson Varejao,2,,,made,,fade away jumper,23,22
Anderson Varejao,Delonte West,LeBron James,Mo Williams,Zydrunas Ilgauskas,Al Horford,Joe Johnson,Marvin Williams,Ronald Murray,Zaza Pachulia,4,3:40,ATL,foul,,,,,,,,Anderson Varejao,,Zaza Pachulia,,,,,,offensive,,
Anderson Varejao,Delonte West,LeBron James,Mo Williams,Zydrunas Ilgauskas,Al Horford,Joe Johnson,Marvin Williams,Ronald Murray,Zaza Pachulia,4,3:40,ATL,turnover,,,,,,,,,,Zaza Pachulia,,,foul,,,,,
Anderson Varejao,Delonte West,LeBron James,Mo Williams,Zydrunas Ilgauskas,Al Horford,Joe Johnson,Marvin Williams,Ronald Murray,Zaza Pachulia,4,3:31,CLE,shot,LeBron James,,,,,,,,,Anderson Varejao,2,,,made,,running layup,23,6
Anderson Varejao,Delonte West,LeBron James,Mo Williams,Zydrunas Ilgauskas,Al Horford,Joe Johnson,Marvin Williams,Ronald Murray,Zaza Pachulia,4,3:31,ATL,foul,,,,,,,,Anderson Varejao,,Zaza Pachulia,,,,,,shooting,,
Anderson Varejao,Delonte West,LeBron James,Mo Williams,Zydrunas Ilgauskas,Al Horford,Joe Johnson,Marvin Williams,Ronald Murray,Zaza Pachulia,4,3:31,CLE,free throw,,,,,,,1,,1,Anderson Varejao,,,foul,made,,,,
Anderson Varejao,Delonte West,LeBron James,Mo Williams,Zydrunas Ilgauskas,Al Horford,Joe Johnson,Marvin Williams,Ronald Murray,Zaza Pachulia,4,3:31,ATL,timeout,,,,,,,,,,,,,,,,regular,,
Anderson Varejao,Delonte West,LeBron James,Mo Williams,Zydrunas Ilgauskas,Al Horford,Joe Johnson,Marvin Williams,Ronald Murray,Zaza Pachulia,4,3:15,ATL,shot,,,,,,,,,,Joe Johnson,2,,,made,,jump,33,20
Anderson Varejao,Delonte West,LeBron James,Mo Williams,Zydrunas Ilgauskas,Al Horford,Joe Johnson,Marvin Williams,Ronald Murray,Zaza Pachulia,4,2:47,CLE,turnover,,,,,,,,,,,,,shot clock turnover,,,,,
Anderson Varejao,Delonte West,LeBron James,Mo Williams,Zydrunas Ilgauskas,Al Horford,Joe Johnson,Marvin Williams,Ronald Murray,Zaza Pachulia,4,2:29,ATL,shot,,,,,,,,,,Ronald Murray,,,,missed,,jump,6,12
Anderson Varejao,Delonte West,LeBron James,Mo Williams,Zydrunas Ilgauskas,Al Horford,Joe Johnson,Marvin Williams,Ronald Murray,Zaza Pachulia,4,2:28,ATL,rebound,,,,,,,,,,Al Horford,,,,,,off,,
Anderson Varejao,Delonte West,LeBron James,Mo Williams,Zydrunas Ilgauskas,Al Horford,Joe Johnson,Marvin Williams,Ronald Murray,Zaza Pachulia,4,2:23,ATL,foul,,,,,,,,Anderson Varejao,,Marvin Williams,,,,,,loose ball,,
Anderson Varejao,Delonte West,LeBron James,Mo Williams,Zydrunas Ilgauskas,Al Horford,Joe Johnson,Marvin Williams,Ronald Murray,Zaza Pachulia,4,2:23,ATL,turnover,,,,,,,,,,Marvin Williams,,,foul,,,,,
Anderson Varejao,Delonte West,LeBron James,Mo Williams,Zydrunas Ilgauskas,Al Horford,Joe Johnson,Marvin Williams,Ronald Murray,Zaza Pachulia,4,2:06,ATL,foul,,,,,,,,Zydrunas Ilgauskas,,Al Horford,,,,,,personal,,
Anderson Varejao,Delonte West,LeBron James,Mo Williams,Zydrunas Ilgauskas,Al Horford,Joe Johnson,Marvin Williams,Ronald Murray,Zaza Pachulia,4,2:06,CLE,free throw,,,,,,,1,,2,Zydrunas Ilgauskas,,,foul,made,,,,
Anderson Varejao,Delonte West,LeBron James,Mo Williams,Zydrunas Ilgauskas,Al Horford,Joe Johnson,Marvin Williams,Ronald Murray,Zaza Pachulia,4,2:06,ATL,timeout,,,,,,,,,,,,,,,,regular,,
Anderson Varejao,Delonte West,LeBron James,Mo Williams,Zydrunas Ilgauskas,Al Horford,Joe Johnson,Marvin Williams,Ronald Murray,Zaza Pachulia,4,2:06,CLE,free throw,,,,,,,2,,2,Zydrunas Ilgauskas,,,foul,made,,,,
Anderson Varejao,Delonte West,LeBron James,Mo Williams,Zydrunas Ilgauskas,Al Horford,Joe Johnson,Marvin Williams,Ronald Murray,Zaza Pachulia,4,1:43,ATL,shot,,,,,,,,,,Joe Johnson,,,,missed,,driving dunk,26,7
Anderson Varejao,Delonte West,LeBron James,Mo Williams,Zydrunas Ilgauskas,Al Horford,Joe Johnson,Marvin Williams,Ronald Murray,Zaza Pachulia,4,1:42,ATL,rebound,,,,,,,,,,Marvin Williams,,,,,,off,,
Anderson Varejao,Delonte West,LeBron James,Mo Williams,Zydrunas Ilgauskas,Al Horford,Joe Johnson,Marvin Williams,Ronald Murray,Zaza Pachulia,4,1:42,ATL,shot,,,,,,,,,,Marvin Williams,3,,,made,,3pt,2,25
Anderson Varejao,Delonte West,LeBron James,Mo Williams,Zydrunas Ilgauskas,Al Horford,Joe Johnson,Marvin Williams,Ronald Murray,Zaza Pachulia,4,1:24,CLE,shot,LeBron James,,,,,,,,,Delonte West,2,,,made,,jump,19,25
Anderson Varejao,Delonte West,LeBron James,Mo Williams,Zydrunas Ilgauskas,Al Horford,Joe Johnson,Marvin Williams,Ronald Murray,Zaza Pachulia,4,1:02,ATL,shot,,,,,,,,,,Ronald Murray,,,,missed,,jump,23,24
Anderson Varejao,Delonte West,LeBron James,Mo Williams,Zydrunas Ilgauskas,Al Horford,Joe Johnson,Marvin Williams,Ronald Murray,Zaza Pachulia,4,1:00,CLE,rebound,,,,,,,,,,LeBron James,,,,,,def,,
Anderson Varejao,Delonte West,LeBron James,Mo Williams,Zydrunas Ilgauskas,Al Horford,Joe Johnson,Marvin Williams,Ronald Murray,Zaza Pachulia,4,0:49,CLE,shot,,,Ronald Murray,,,,,,,LeBron James,,,,missed,,driving layup,24,7
Anderson Varejao,Delonte West,LeBron James,Mo Williams,Zydrunas Ilgauskas,Al Horford,Joe Johnson,Marvin Williams,Ronald Murray,Zaza Pachulia,4,0:48,CLE,rebound,,,,,,,,,,LeBron James,,,,,,off,,
Anderson Varejao,Delonte West,LeBron James,Mo Williams,Zydrunas Ilgauskas,Al Horford,Joe Johnson,Marvin Williams,Ronald Murray,Zaza Pachulia,4,0:47,CLE,shot,LeBron James,,,,,,,,,Mo Williams,3,,,made,,3pt,48,12
Anderson Varejao,Delonte West,LeBron James,Mo Williams,Zydrunas Ilgauskas,Al Horford,Joe Johnson,Marvin Williams,Ronald Murray,Zaza Pachulia,4,0:40,ATL,timeout,,,,,,,,,,,,,,,,regular,,
Anderson Varejao,Delonte West,LeBron James,Mo Williams,Zydrunas Ilgauskas,Al Horford,Joe Johnson,Marvin Williams,Mike Bibby,Ronald Murray,4,0:40,ATL,sub,,,,Mike Bibby,,Zaza Pachulia,,,,,,,,,,,,
Anderson Varejao,Delonte West,LeBron James,Mo Williams,Zydrunas Ilgauskas,Al Horford,Joe Johnson,Marvin Williams,Mike Bibby,Ronald Murray,4,0:25,ATL,shot,,,,,,,,,,Joe Johnson,,,,missed,,running hook,26,12
Anderson Varejao,Delonte West,LeBron James,Mo Williams,Zydrunas Ilgauskas,Al Horford,Joe Johnson,Marvin Williams,Mike Bibby,Ronald Murray,4,0:23,CLE,rebound,,,,,,,,,,Delonte West,,,,,,def,,
Anderson Varejao,Delonte West,LeBron James,Mo Williams,Zydrunas Ilgauskas,Al Horford,Joe Johnson,Marvin Williams,Mike Bibby,Ronald Murray,4,0:01,ATL,foul,,,,,,,,LeBron James,,Al Horford,,,,,,shooting,,
Anderson Varejao,Delonte West,LeBron James,Mo Williams,Zydrunas Ilgauskas,Al Horford,Joe Johnson,Marvin Williams,Mike Bibby,Ronald Murray,4,0:01,CLE,free throw,,,,,,,1,,2,LeBron James,,,foul,missed,,,,
Anderson Varejao,Delonte West,LeBron James,Mo Williams,Zydrunas Ilgauskas,Al Horford,Joe Johnson,Marvin Williams,Mike Bibby,Ronald Murray,4,0:01,CLE,rebound,,,,,,,,,,,,,,,,,,
Anderson Varejao,Delonte West,LeBron James,Mo Williams,Zydrunas Ilgauskas,Al Horford,Joe Johnson,Marvin Williams,Mike Bibby,Ronald Murray,4,0:01,CLE,free throw,,,,,,,2,,2,LeBron James,,,foul,made,,,,
Anderson Varejao,Delonte West,LeBron James,Mo Williams,Zydrunas Ilgauskas,Al Horford,Joe Johnson,Marvin Williams,Mike Bibby,Ronald Murray,4,0:01,ATL,timeout,,,,,,,,,,,,,,,,short,,
Anderson Varejao,Delonte West,LeBron James,Mo Williams,Zydrunas Ilgauskas,Al Horford,Joe Johnson,Marvin Williams,Mike Bibby,Ronald Murray,4,0:00,ATL,shot,,,,,,,,,,Joe Johnson,,,,missed,,jump,43,9
Anderson Varejao,Delonte West,LeBron James,Mo Williams,Zydrunas Ilgauskas,Al Horford,Joe Johnson,Marvin Williams,Mike Bibby,Ronald Murray,4,0:00,ATL,rebound,,,,,,,,,,,,,,,,,,
